ISO-10303-21;
HEADER;
/* Generated by software containing ST-Developer
 * from STEP Tools, Inc. (www.steptools.com) 
 */

FILE_DESCRIPTION(
/* description */ (''),
/* implementation_level */ '2;1');

FILE_NAME(
/* name */ '',
/* time_stamp */ '',
/* author */ (''),
/* organization */ (''),
/* preprocessor_version */ '',
/* originating_system */ '',
/* authorisation */ '');

FILE_SCHEMA (('AUTOMOTIVE_DESIGN { 1 0 10303 214 3 1 1 }'));
ENDSEC;

DATA;
#10=MECHANICAL_DESIGN_GEOMETRIC_PRESENTATION_REPRESENTATION('',(#1383,#1385,
#1384,#1386,#1388,#1387,#1389),#2709);
#11=ITEM_DEFINED_TRANSFORMATION($,$,#1509,#1563);
#12=ITEM_DEFINED_TRANSFORMATION($,$,#1548,#1564);
#13=ITEM_DEFINED_TRANSFORMATION($,$,#1548,#1565);
#14=(
REPRESENTATION_RELATIONSHIP($,$,#2726,#2725)
REPRESENTATION_RELATIONSHIP_WITH_TRANSFORMATION(#11)
SHAPE_REPRESENTATION_RELATIONSHIP()
);
#15=(
REPRESENTATION_RELATIONSHIP($,$,#2727,#2725)
REPRESENTATION_RELATIONSHIP_WITH_TRANSFORMATION(#12)
SHAPE_REPRESENTATION_RELATIONSHIP()
);
#16=(
REPRESENTATION_RELATIONSHIP($,$,#2727,#2725)
REPRESENTATION_RELATIONSHIP_WITH_TRANSFORMATION(#13)
SHAPE_REPRESENTATION_RELATIONSHIP()
);
#17=CONTEXT_DEPENDENT_SHAPE_REPRESENTATION(#14,#2722);
#18=CONTEXT_DEPENDENT_SHAPE_REPRESENTATION(#15,#2723);
#19=CONTEXT_DEPENDENT_SHAPE_REPRESENTATION(#16,#2724);
#20=NEXT_ASSEMBLY_USAGE_OCCURRENCE('2512 Resistor_Body:1',
'2512 Resistor_Body:1','2512 Resistor_Body:1',#2729,#2730,
'2512 Resistor_Body:1');
#21=NEXT_ASSEMBLY_USAGE_OCCURRENCE('2512 Resistor_Electrode:1',
'2512 Resistor_Electrode:1','2512 Resistor_Electrode:1',#2729,#2731,
'2512 Resistor_Electrode:1');
#22=NEXT_ASSEMBLY_USAGE_OCCURRENCE('2512 Resistor_Electrode:2',
'2512 Resistor_Electrode:2','2512 Resistor_Electrode:2',#2729,#2731,
'2512 Resistor_Electrode:2');
#23=SHAPE_REPRESENTATION_RELATIONSHIP('SRR','None',#2726,#25);
#24=SHAPE_REPRESENTATION_RELATIONSHIP('SRR','None',#2727,#26);
#25=ADVANCED_BREP_SHAPE_REPRESENTATION('',(#27),#2707);
#26=ADVANCED_BREP_SHAPE_REPRESENTATION('',(#28),#2708);
#27=MANIFOLD_SOLID_BREP('Solid1',#1467);
#28=MANIFOLD_SOLID_BREP('Solid1',#1468);
#29=FACE_BOUND('',#195,.T.);
#30=FACE_BOUND('',#196,.T.);
#31=FACE_BOUND('',#197,.T.);
#32=FACE_BOUND('',#198,.T.);
#33=B_SPLINE_SURFACE_WITH_KNOTS('',2,1,((#1916,#1917),(#1918,#1919),(#1920,
#1921),(#1922,#1923)),.UNSPECIFIED.,.F.,.F.,.F.,(3,1,3),(2,2),(0.,1.,2.),
(0.,1.39520607796841),.UNSPECIFIED.);
#34=B_SPLINE_SURFACE_WITH_KNOTS('',2,1,((#1936,#1937),(#1938,#1939),(#1940,
#1941),(#1942,#1943)),.UNSPECIFIED.,.F.,.F.,.F.,(3,1,3),(2,2),(0.,1.,2.),
(0.,1.39520607796841),.UNSPECIFIED.);
#35=B_SPLINE_SURFACE_WITH_KNOTS('',2,1,((#1950,#1951),(#1952,#1953),(#1954,
#1955),(#1956,#1957)),.UNSPECIFIED.,.F.,.F.,.F.,(3,1,3),(2,2),(0.,1.,2.),
(0.,1.39520607796841),.UNSPECIFIED.);
#36=B_SPLINE_SURFACE_WITH_KNOTS('',2,1,((#1964,#1965),(#1966,#1967),(#1968,
#1969),(#1970,#1971),(#1972,#1973)),.UNSPECIFIED.,.F.,.F.,.F.,(3,1,1,3),
(2,2),(0.,1.,2.,3.),(0.,1.39520607796841),.UNSPECIFIED.);
#37=B_SPLINE_SURFACE_WITH_KNOTS('',2,1,((#1981,#1982),(#1983,#1984),(#1985,
#1986),(#1987,#1988)),.UNSPECIFIED.,.F.,.F.,.F.,(3,1,3),(2,2),(0.,1.,2.),
(0.,1.39520607796841),.UNSPECIFIED.);
#38=B_SPLINE_SURFACE_WITH_KNOTS('',2,1,((#1999,#2000),(#2001,#2002),(#2003,
#2004),(#2005,#2006)),.UNSPECIFIED.,.F.,.F.,.F.,(3,1,3),(2,2),(0.,1.,2.),
(0.,1.39520607796841),.UNSPECIFIED.);
#39=B_SPLINE_SURFACE_WITH_KNOTS('',2,1,((#2013,#2014),(#2015,#2016),(#2017,
#2018),(#2019,#2020)),.UNSPECIFIED.,.F.,.F.,.F.,(3,1,3),(2,2),(0.,1.,2.),
(0.,1.39520607796841),.UNSPECIFIED.);
#40=B_SPLINE_SURFACE_WITH_KNOTS('',2,1,((#2027,#2028),(#2029,#2030),(#2031,
#2032),(#2033,#2034)),.UNSPECIFIED.,.F.,.F.,.F.,(3,1,3),(2,2),(0.,1.,2.),
(0.,1.39520607796841),.UNSPECIFIED.);
#41=B_SPLINE_SURFACE_WITH_KNOTS('',2,1,((#2041,#2042),(#2043,#2044),(#2045,
#2046)),.UNSPECIFIED.,.F.,.F.,.F.,(3,3),(2,2),(0.,1.),(0.,1.39520607796841),
 .UNSPECIFIED.);
#42=B_SPLINE_SURFACE_WITH_KNOTS('',2,1,((#2071,#2072),(#2073,#2074),(#2075,
#2076)),.UNSPECIFIED.,.F.,.F.,.F.,(3,3),(2,2),(0.,1.),(0.,1.39520607796841),
 .UNSPECIFIED.);
#43=B_SPLINE_SURFACE_WITH_KNOTS('',2,1,((#2082,#2083),(#2084,#2085),(#2086,
#2087),(#2088,#2089)),.UNSPECIFIED.,.F.,.F.,.F.,(3,1,3),(2,2),(0.,1.,2.),
(0.,1.39520607796841),.UNSPECIFIED.);
#44=B_SPLINE_SURFACE_WITH_KNOTS('',2,1,((#2104,#2105),(#2106,#2107),(#2108,
#2109),(#2110,#2111)),.UNSPECIFIED.,.F.,.F.,.F.,(3,1,3),(2,2),(0.,1.,2.),
(0.,1.39520607796841),.UNSPECIFIED.);
#45=B_SPLINE_SURFACE_WITH_KNOTS('',2,1,((#2126,#2127),(#2128,#2129),(#2130,
#2131),(#2132,#2133)),.UNSPECIFIED.,.F.,.F.,.F.,(3,1,3),(2,2),(0.,1.,2.),
(0.,1.39520607796841),.UNSPECIFIED.);
#46=B_SPLINE_SURFACE_WITH_KNOTS('',2,1,((#2154,#2155),(#2156,#2157),(#2158,
#2159),(#2160,#2161)),.UNSPECIFIED.,.F.,.F.,.F.,(3,1,3),(2,2),(0.,1.,2.),
(0.,1.39520607796841),.UNSPECIFIED.);
#47=B_SPLINE_SURFACE_WITH_KNOTS('',2,1,((#2176,#2177),(#2178,#2179),(#2180,
#2181),(#2182,#2183),(#2184,#2185)),.UNSPECIFIED.,.F.,.F.,.F.,(3,1,1,3),
(2,2),(0.,1.,2.,3.),(0.,1.39520607796841),.UNSPECIFIED.);
#48=B_SPLINE_SURFACE_WITH_KNOTS('',2,1,((#2204,#2205),(#2206,#2207),(#2208,
#2209),(#2210,#2211)),.UNSPECIFIED.,.F.,.F.,.F.,(3,1,3),(2,2),(0.,1.,2.),
(0.,1.39520607796841),.UNSPECIFIED.);
#49=B_SPLINE_SURFACE_WITH_KNOTS('',2,1,((#2226,#2227),(#2228,#2229),(#2230,
#2231),(#2232,#2233)),.UNSPECIFIED.,.F.,.F.,.F.,(3,1,3),(2,2),(0.,1.,2.),
(0.,1.39520607796841),.UNSPECIFIED.);
#50=B_SPLINE_SURFACE_WITH_KNOTS('',2,1,((#2254,#2255),(#2256,#2257),(#2258,
#2259),(#2260,#2261)),.UNSPECIFIED.,.F.,.F.,.F.,(3,1,3),(2,2),(0.,1.,2.),
(0.,1.39520607796841),.UNSPECIFIED.);
#51=B_SPLINE_SURFACE_WITH_KNOTS('',2,1,((#2368,#2369),(#2370,#2371),(#2372,
#2373)),.UNSPECIFIED.,.F.,.F.,.F.,(3,3),(2,2),(0.,1.),(0.,1.39520607796841),
 .UNSPECIFIED.);
#52=B_SPLINE_SURFACE_WITH_KNOTS('',2,1,((#2379,#2380),(#2381,#2382),(#2383,
#2384),(#2385,#2386)),.UNSPECIFIED.,.F.,.F.,.F.,(3,1,3),(2,2),(0.,1.,2.),
(0.,1.39520607796841),.UNSPECIFIED.);
#53=B_SPLINE_SURFACE_WITH_KNOTS('',2,1,((#2393,#2394),(#2395,#2396),(#2397,
#2398)),.UNSPECIFIED.,.F.,.F.,.F.,(3,3),(2,2),(0.,1.),(0.,1.39520607796841),
 .UNSPECIFIED.);
#54=B_SPLINE_SURFACE_WITH_KNOTS('',2,1,((#2404,#2405),(#2406,#2407),(#2408,
#2409)),.UNSPECIFIED.,.F.,.F.,.F.,(3,3),(2,2),(0.,1.),(0.,1.39520607796841),
 .UNSPECIFIED.);
#55=B_SPLINE_SURFACE_WITH_KNOTS('',2,1,((#2415,#2416),(#2417,#2418),(#2419,
#2420),(#2421,#2422)),.UNSPECIFIED.,.F.,.F.,.F.,(3,1,3),(2,2),(0.,1.,2.),
(0.,1.39520607796841),.UNSPECIFIED.);
#56=B_SPLINE_SURFACE_WITH_KNOTS('',2,1,((#2441,#2442),(#2443,#2444),(#2445,
#2446),(#2447,#2448)),.UNSPECIFIED.,.F.,.F.,.F.,(3,1,3),(2,2),(0.,1.,2.),
(0.,1.39520607796841),.UNSPECIFIED.);
#57=B_SPLINE_SURFACE_WITH_KNOTS('',2,1,((#2455,#2456),(#2457,#2458),(#2459,
#2460),(#2461,#2462)),.UNSPECIFIED.,.F.,.F.,.F.,(3,1,3),(2,2),(0.,1.,2.),
(0.,1.39520607796841),.UNSPECIFIED.);
#58=B_SPLINE_SURFACE_WITH_KNOTS('',2,1,((#2469,#2470),(#2471,#2472),(#2473,
#2474),(#2475,#2476)),.UNSPECIFIED.,.F.,.F.,.F.,(3,1,3),(2,2),(0.,1.,2.),
(0.,1.39520607796841),.UNSPECIFIED.);
#59=B_SPLINE_SURFACE_WITH_KNOTS('',2,1,((#2483,#2484),(#2485,#2486),(#2487,
#2488),(#2489,#2490)),.UNSPECIFIED.,.F.,.F.,.F.,(3,1,3),(2,2),(0.,1.,2.),
(0.,1.39520607796841),.UNSPECIFIED.);
#60=B_SPLINE_SURFACE_WITH_KNOTS('',2,1,((#2514,#2515),(#2516,#2517),(#2518,
#2519),(#2520,#2521)),.UNSPECIFIED.,.F.,.F.,.F.,(3,1,3),(2,2),(0.,1.,2.),
(0.,1.39520607796841),.UNSPECIFIED.);
#61=B_SPLINE_SURFACE_WITH_KNOTS('',2,1,((#2548,#2549),(#2550,#2551),(#2552,
#2553),(#2554,#2555)),.UNSPECIFIED.,.F.,.F.,.F.,(3,1,3),(2,2),(0.,1.,2.),
(0.,1.39520607796841),.UNSPECIFIED.);
#62=FACE_OUTER_BOUND('',#139,.T.);
#63=FACE_OUTER_BOUND('',#140,.T.);
#64=FACE_OUTER_BOUND('',#141,.T.);
#65=FACE_OUTER_BOUND('',#142,.T.);
#66=FACE_OUTER_BOUND('',#143,.T.);
#67=FACE_OUTER_BOUND('',#144,.T.);
#68=FACE_OUTER_BOUND('',#145,.T.);
#69=FACE_OUTER_BOUND('',#146,.T.);
#70=FACE_OUTER_BOUND('',#147,.T.);
#71=FACE_OUTER_BOUND('',#148,.T.);
#72=FACE_OUTER_BOUND('',#149,.T.);
#73=FACE_OUTER_BOUND('',#150,.T.);
#74=FACE_OUTER_BOUND('',#151,.T.);
#75=FACE_OUTER_BOUND('',#152,.T.);
#76=FACE_OUTER_BOUND('',#153,.T.);
#77=FACE_OUTER_BOUND('',#154,.T.);
#78=FACE_OUTER_BOUND('',#155,.T.);
#79=FACE_OUTER_BOUND('',#156,.T.);
#80=FACE_OUTER_BOUND('',#157,.T.);
#81=FACE_OUTER_BOUND('',#158,.T.);
#82=FACE_OUTER_BOUND('',#159,.T.);
#83=FACE_OUTER_BOUND('',#160,.T.);
#84=FACE_OUTER_BOUND('',#161,.T.);
#85=FACE_OUTER_BOUND('',#162,.T.);
#86=FACE_OUTER_BOUND('',#163,.T.);
#87=FACE_OUTER_BOUND('',#164,.T.);
#88=FACE_OUTER_BOUND('',#165,.T.);
#89=FACE_OUTER_BOUND('',#166,.T.);
#90=FACE_OUTER_BOUND('',#167,.T.);
#91=FACE_OUTER_BOUND('',#168,.T.);
#92=FACE_OUTER_BOUND('',#169,.T.);
#93=FACE_OUTER_BOUND('',#170,.T.);
#94=FACE_OUTER_BOUND('',#171,.T.);
#95=FACE_OUTER_BOUND('',#172,.T.);
#96=FACE_OUTER_BOUND('',#173,.T.);
#97=FACE_OUTER_BOUND('',#174,.T.);
#98=FACE_OUTER_BOUND('',#175,.T.);
#99=FACE_OUTER_BOUND('',#176,.T.);
#100=FACE_OUTER_BOUND('',#177,.T.);
#101=FACE_OUTER_BOUND('',#178,.T.);
#102=FACE_OUTER_BOUND('',#179,.T.);
#103=FACE_OUTER_BOUND('',#180,.T.);
#104=FACE_OUTER_BOUND('',#181,.T.);
#105=FACE_OUTER_BOUND('',#182,.T.);
#106=FACE_OUTER_BOUND('',#183,.T.);
#107=FACE_OUTER_BOUND('',#184,.T.);
#108=FACE_OUTER_BOUND('',#185,.T.);
#109=FACE_OUTER_BOUND('',#186,.T.);
#110=FACE_OUTER_BOUND('',#187,.T.);
#111=FACE_OUTER_BOUND('',#188,.T.);
#112=FACE_OUTER_BOUND('',#189,.T.);
#113=FACE_OUTER_BOUND('',#190,.T.);
#114=FACE_OUTER_BOUND('',#191,.T.);
#115=FACE_OUTER_BOUND('',#192,.T.);
#116=FACE_OUTER_BOUND('',#193,.T.);
#117=FACE_OUTER_BOUND('',#194,.T.);
#118=FACE_OUTER_BOUND('',#199,.T.);
#119=FACE_OUTER_BOUND('',#200,.T.);
#120=FACE_OUTER_BOUND('',#201,.T.);
#121=FACE_OUTER_BOUND('',#202,.T.);
#122=FACE_OUTER_BOUND('',#203,.T.);
#123=FACE_OUTER_BOUND('',#204,.T.);
#124=FACE_OUTER_BOUND('',#205,.T.);
#125=FACE_OUTER_BOUND('',#206,.T.);
#126=FACE_OUTER_BOUND('',#207,.T.);
#127=FACE_OUTER_BOUND('',#208,.T.);
#128=FACE_OUTER_BOUND('',#209,.T.);
#129=FACE_OUTER_BOUND('',#210,.T.);
#130=FACE_OUTER_BOUND('',#211,.T.);
#131=FACE_OUTER_BOUND('',#212,.T.);
#132=FACE_OUTER_BOUND('',#213,.T.);
#133=FACE_OUTER_BOUND('',#214,.T.);
#134=FACE_OUTER_BOUND('',#215,.T.);
#135=FACE_OUTER_BOUND('',#216,.T.);
#136=FACE_OUTER_BOUND('',#217,.T.);
#137=FACE_OUTER_BOUND('',#218,.T.);
#138=FACE_OUTER_BOUND('',#219,.T.);
#139=EDGE_LOOP('',(#921,#922,#923,#924,#925,#926,#927,#928,#929,#930,#931,
#932,#933));
#140=EDGE_LOOP('',(#934,#935,#936,#937));
#141=EDGE_LOOP('',(#938,#939,#940,#941));
#142=EDGE_LOOP('',(#942,#943,#944,#945));
#143=EDGE_LOOP('',(#946,#947,#948,#949));
#144=EDGE_LOOP('',(#950,#951,#952,#953));
#145=EDGE_LOOP('',(#954,#955,#956,#957));
#146=EDGE_LOOP('',(#958,#959,#960,#961));
#147=EDGE_LOOP('',(#962,#963,#964,#965));
#148=EDGE_LOOP('',(#966,#967,#968,#969));
#149=EDGE_LOOP('',(#970,#971,#972,#973));
#150=EDGE_LOOP('',(#974,#975,#976,#977));
#151=EDGE_LOOP('',(#978,#979,#980,#981));
#152=EDGE_LOOP('',(#982,#983,#984,#985));
#153=EDGE_LOOP('',(#986,#987,#988,#989));
#154=EDGE_LOOP('',(#990,#991,#992,#993));
#155=EDGE_LOOP('',(#994,#995,#996,#997));
#156=EDGE_LOOP('',(#998,#999,#1000,#1001));
#157=EDGE_LOOP('',(#1002,#1003,#1004,#1005));
#158=EDGE_LOOP('',(#1006,#1007,#1008,#1009));
#159=EDGE_LOOP('',(#1010,#1011,#1012,#1013));
#160=EDGE_LOOP('',(#1014,#1015,#1016,#1017));
#161=EDGE_LOOP('',(#1018,#1019,#1020,#1021));
#162=EDGE_LOOP('',(#1022,#1023,#1024,#1025));
#163=EDGE_LOOP('',(#1026,#1027,#1028,#1029));
#164=EDGE_LOOP('',(#1030,#1031,#1032,#1033));
#165=EDGE_LOOP('',(#1034,#1035,#1036,#1037));
#166=EDGE_LOOP('',(#1038,#1039,#1040,#1041,#1042,#1043,#1044,#1045,#1046,
#1047,#1048,#1049,#1050));
#167=EDGE_LOOP('',(#1051,#1052,#1053,#1054,#1055,#1056,#1057,#1058,#1059,
#1060,#1061,#1062,#1063,#1064,#1065,#1066));
#168=EDGE_LOOP('',(#1067,#1068,#1069,#1070));
#169=EDGE_LOOP('',(#1071,#1072,#1073,#1074));
#170=EDGE_LOOP('',(#1075,#1076,#1077,#1078));
#171=EDGE_LOOP('',(#1079,#1080,#1081,#1082));
#172=EDGE_LOOP('',(#1083,#1084,#1085,#1086));
#173=EDGE_LOOP('',(#1087,#1088,#1089,#1090));
#174=EDGE_LOOP('',(#1091,#1092,#1093,#1094));
#175=EDGE_LOOP('',(#1095,#1096,#1097,#1098));
#176=EDGE_LOOP('',(#1099,#1100,#1101,#1102));
#177=EDGE_LOOP('',(#1103,#1104,#1105,#1106));
#178=EDGE_LOOP('',(#1107,#1108,#1109,#1110));
#179=EDGE_LOOP('',(#1111,#1112,#1113,#1114));
#180=EDGE_LOOP('',(#1115,#1116,#1117,#1118));
#181=EDGE_LOOP('',(#1119,#1120,#1121,#1122));
#182=EDGE_LOOP('',(#1123,#1124,#1125,#1126));
#183=EDGE_LOOP('',(#1127,#1128,#1129,#1130));
#184=EDGE_LOOP('',(#1131,#1132,#1133,#1134));
#185=EDGE_LOOP('',(#1135,#1136,#1137,#1138));
#186=EDGE_LOOP('',(#1139,#1140,#1141,#1142));
#187=EDGE_LOOP('',(#1143,#1144,#1145,#1146));
#188=EDGE_LOOP('',(#1147,#1148,#1149,#1150));
#189=EDGE_LOOP('',(#1151,#1152,#1153,#1154));
#190=EDGE_LOOP('',(#1155,#1156,#1157,#1158));
#191=EDGE_LOOP('',(#1159,#1160,#1161,#1162,#1163,#1164,#1165));
#192=EDGE_LOOP('',(#1166,#1167,#1168,#1169));
#193=EDGE_LOOP('',(#1170,#1171,#1172,#1173));
#194=EDGE_LOOP('',(#1174,#1175,#1176,#1177));
#195=EDGE_LOOP('',(#1178,#1179,#1180,#1181,#1182,#1183,#1184,#1185,#1186,
#1187,#1188,#1189,#1190));
#196=EDGE_LOOP('',(#1191,#1192,#1193,#1194,#1195,#1196,#1197,#1198,#1199,
#1200,#1201,#1202,#1203));
#197=EDGE_LOOP('',(#1204,#1205,#1206,#1207,#1208,#1209,#1210,#1211,#1212,
#1213,#1214,#1215,#1216,#1217,#1218,#1219));
#198=EDGE_LOOP('',(#1220,#1221,#1222,#1223,#1224,#1225,#1226));
#199=EDGE_LOOP('',(#1227,#1228,#1229,#1230));
#200=EDGE_LOOP('',(#1231,#1232,#1233,#1234));
#201=EDGE_LOOP('',(#1235,#1236,#1237,#1238,#1239,#1240,#1241,#1242));
#202=EDGE_LOOP('',(#1243,#1244,#1245,#1246));
#203=EDGE_LOOP('',(#1247,#1248,#1249,#1250,#1251,#1252,#1253,#1254));
#204=EDGE_LOOP('',(#1255,#1256,#1257,#1258));
#205=EDGE_LOOP('',(#1259,#1260,#1261,#1262));
#206=EDGE_LOOP('',(#1263,#1264,#1265,#1266));
#207=EDGE_LOOP('',(#1267,#1268,#1269,#1270));
#208=EDGE_LOOP('',(#1271,#1272,#1273,#1274));
#209=EDGE_LOOP('',(#1275,#1276,#1277,#1278));
#210=EDGE_LOOP('',(#1279,#1280,#1281,#1282,#1283,#1284,#1285,#1286));
#211=EDGE_LOOP('',(#1287,#1288,#1289,#1290,#1291,#1292,#1293,#1294));
#212=EDGE_LOOP('',(#1295,#1296,#1297,#1298,#1299,#1300,#1301,#1302));
#213=EDGE_LOOP('',(#1303,#1304,#1305,#1306));
#214=EDGE_LOOP('',(#1307,#1308,#1309,#1310));
#215=EDGE_LOOP('',(#1311,#1312,#1313,#1314));
#216=EDGE_LOOP('',(#1315,#1316,#1317,#1318));
#217=EDGE_LOOP('',(#1319,#1320,#1321,#1322));
#218=EDGE_LOOP('',(#1323,#1324,#1325,#1326,#1327,#1328,#1329,#1330));
#219=EDGE_LOOP('',(#1331,#1332,#1333,#1334));
#220=CIRCLE('',#1511,0.149024923784825);
#221=CIRCLE('',#1514,0.149024873471342);
#222=CIRCLE('',#1519,0.149024873471342);
#223=CIRCLE('',#1520,0.149024923784825);
#224=B_SPLINE_CURVE_WITH_KNOTS('',3,(#1838,#1839,#1840,#1841,#1842,#1843,
#1844),.UNSPECIFIED.,.F.,.F.,(4,3,4),(-0.0138740668060195,-0.00693703340300974,
0.),.UNSPECIFIED.);
#225=B_SPLINE_CURVE_WITH_KNOTS('',3,(#1846,#1847,#1848,#1849,#1850,#1851,
#1852,#1853,#1854,#1855),.UNSPECIFIED.,.F.,.F.,(4,3,3,4),(-0.0786334789729343,
-0.0524223193152895,-0.0262111596576448,0.),.UNSPECIFIED.);
#226=B_SPLINE_CURVE_WITH_KNOTS('',3,(#1857,#1858,#1859,#1860,#1861,#1862,
#1863,#1864,#1865,#1866,#1867,#1868),.UNSPECIFIED.,.F.,.F.,(4,2,2,2,2,4),
(-0.0293149066294486,-0.0251506014640049,-0.0213713722406661,-0.0147490524550556,
-0.00772695362968789,0.),.UNSPECIFIED.);
#227=B_SPLINE_CURVE_WITH_KNOTS('',3,(#1870,#1871,#1872,#1873,#1874,#1875,
#1876),.UNSPECIFIED.,.F.,.F.,(4,3,4),(-0.05352705140524,-0.02676352570262,
0.),.UNSPECIFIED.);
#228=B_SPLINE_CURVE_WITH_KNOTS('',3,(#1880,#1881,#1882,#1883,#1884,#1885,
#1886),.UNSPECIFIED.,.F.,.F.,(4,3,4),(-0.0331034249710158,-0.0165517124855079,
0.),.UNSPECIFIED.);
#229=B_SPLINE_CURVE_WITH_KNOTS('',3,(#1888,#1889,#1890,#1891,#1892,#1893,
#1894),.UNSPECIFIED.,.F.,.F.,(4,3,4),(-0.0278026044810871,-0.0139013022405435,
0.),.UNSPECIFIED.);
#230=B_SPLINE_CURVE_WITH_KNOTS('',3,(#1896,#1897,#1898,#1899,#1900,#1901,
#1902),.UNSPECIFIED.,.F.,.F.,(4,3,4),(-0.0161384409131473,-0.00806922045657366,
0.),.UNSPECIFIED.);
#231=B_SPLINE_CURVE_WITH_KNOTS('',3,(#1904,#1905,#1906,#1907,#1908,#1909,
#1910),.UNSPECIFIED.,.F.,.F.,(4,3,4),(-0.0189059633989212,-0.00945298169946058,
0.),.UNSPECIFIED.);
#232=B_SPLINE_CURVE_WITH_KNOTS('',2,(#1926,#1927,#1928,#1929),
 .UNSPECIFIED.,.F.,.F.,(3,1,3),(0.,1.,2.),.UNSPECIFIED.);
#233=B_SPLINE_CURVE_WITH_KNOTS('',2,(#1945,#1946,#1947,#1948),
 .UNSPECIFIED.,.F.,.F.,(3,1,3),(0.,1.,2.),.UNSPECIFIED.);
#234=B_SPLINE_CURVE_WITH_KNOTS('',2,(#1959,#1960,#1961,#1962),
 .UNSPECIFIED.,.F.,.F.,(3,1,3),(0.,1.,2.),.UNSPECIFIED.);
#235=B_SPLINE_CURVE_WITH_KNOTS('',2,(#1975,#1976,#1977,#1978,#1979),
 .UNSPECIFIED.,.F.,.F.,(3,1,1,3),(0.,1.,2.,3.),.UNSPECIFIED.);
#236=B_SPLINE_CURVE_WITH_KNOTS('',2,(#1990,#1991,#1992,#1993),
 .UNSPECIFIED.,.F.,.F.,(3,1,3),(0.,1.,2.),.UNSPECIFIED.);
#237=B_SPLINE_CURVE_WITH_KNOTS('',2,(#2008,#2009,#2010,#2011),
 .UNSPECIFIED.,.F.,.F.,(3,1,3),(0.,1.,2.),.UNSPECIFIED.);
#238=B_SPLINE_CURVE_WITH_KNOTS('',2,(#2022,#2023,#2024,#2025),
 .UNSPECIFIED.,.F.,.F.,(3,1,3),(0.,1.,2.),.UNSPECIFIED.);
#239=B_SPLINE_CURVE_WITH_KNOTS('',2,(#2036,#2037,#2038,#2039),
 .UNSPECIFIED.,.F.,.F.,(3,1,3),(0.,1.,2.),.UNSPECIFIED.);
#240=B_SPLINE_CURVE_WITH_KNOTS('',2,(#2091,#2092,#2093,#2094),
 .UNSPECIFIED.,.F.,.F.,(3,1,3),(0.,1.,2.),.UNSPECIFIED.);
#241=B_SPLINE_CURVE_WITH_KNOTS('',3,(#2096,#2097,#2098,#2099,#2100,#2101,
#2102),.UNSPECIFIED.,.F.,.F.,(4,3,4),(-0.0189059633989316,-0.0094529816994658,
0.),.UNSPECIFIED.);
#242=B_SPLINE_CURVE_WITH_KNOTS('',2,(#2113,#2114,#2115,#2116),
 .UNSPECIFIED.,.F.,.F.,(3,1,3),(0.,1.,2.),.UNSPECIFIED.);
#243=B_SPLINE_CURVE_WITH_KNOTS('',3,(#2118,#2119,#2120,#2121,#2122,#2123,
#2124),.UNSPECIFIED.,.F.,.F.,(4,3,4),(-0.0161384409131537,-0.00806922045657685,
0.),.UNSPECIFIED.);
#244=B_SPLINE_CURVE_WITH_KNOTS('',2,(#2135,#2136,#2137,#2138),
 .UNSPECIFIED.,.F.,.F.,(3,1,3),(0.,1.,2.),.UNSPECIFIED.);
#245=B_SPLINE_CURVE_WITH_KNOTS('',3,(#2140,#2141,#2142,#2143,#2144,#2145,
#2146),.UNSPECIFIED.,.F.,.F.,(4,3,4),(-0.0278026044810656,-0.0139013022405328,
0.),.UNSPECIFIED.);
#246=B_SPLINE_CURVE_WITH_KNOTS('',2,(#2163,#2164,#2165,#2166),
 .UNSPECIFIED.,.F.,.F.,(3,1,3),(0.,1.,2.),.UNSPECIFIED.);
#247=B_SPLINE_CURVE_WITH_KNOTS('',3,(#2169,#2170,#2171,#2172,#2173,#2174,
#2175),.UNSPECIFIED.,.F.,.F.,(4,3,4),(-0.0138740668060195,-0.00693703340300974,
0.),.UNSPECIFIED.);
#248=B_SPLINE_CURVE_WITH_KNOTS('',2,(#2187,#2188,#2189,#2190,#2191),
 .UNSPECIFIED.,.F.,.F.,(3,1,1,3),(0.,1.,2.,3.),.UNSPECIFIED.);
#249=B_SPLINE_CURVE_WITH_KNOTS('',3,(#2194,#2195,#2196,#2197,#2198,#2199,
#2200,#2201,#2202,#2203),.UNSPECIFIED.,.F.,.F.,(4,3,3,4),(-0.0786334789729511,
-0.0524223193153007,-0.0262111596576504,0.),.UNSPECIFIED.);
#250=B_SPLINE_CURVE_WITH_KNOTS('',2,(#2213,#2214,#2215,#2216),
 .UNSPECIFIED.,.F.,.F.,(3,1,3),(0.,1.,2.),.UNSPECIFIED.);
#251=B_SPLINE_CURVE_WITH_KNOTS('',3,(#2219,#2220,#2221,#2222,#2223,#2224,
#2225),.UNSPECIFIED.,.F.,.F.,(4,3,4),(-0.0293149066294405,-0.0146574533147202,
0.),.UNSPECIFIED.);
#252=B_SPLINE_CURVE_WITH_KNOTS('',2,(#2235,#2236,#2237,#2238),
 .UNSPECIFIED.,.F.,.F.,(3,1,3),(0.,1.,2.),.UNSPECIFIED.);
#253=B_SPLINE_CURVE_WITH_KNOTS('',3,(#2241,#2242,#2243,#2244,#2245,#2246,
#2247),.UNSPECIFIED.,.F.,.F.,(4,3,4),(-0.0535270514052376,-0.0267635257026188,
0.),.UNSPECIFIED.);
#254=B_SPLINE_CURVE_WITH_KNOTS('',2,(#2262,#2263,#2264,#2265),
 .UNSPECIFIED.,.F.,.F.,(3,1,3),(0.,1.,2.),.UNSPECIFIED.);
#255=B_SPLINE_CURVE_WITH_KNOTS('',3,(#2266,#2267,#2268,#2269,#2270,#2271,
#2272),.UNSPECIFIED.,.F.,.F.,(4,3,4),(-0.0331034249709879,-0.016551712485494,
0.),.UNSPECIFIED.);
#256=B_SPLINE_CURVE_WITH_KNOTS('',3,(#2277,#2278,#2279,#2280,#2281,#2282,
#2283),.UNSPECIFIED.,.F.,.F.,(4,3,4),(-0.0412939834256963,-0.0206469917128482,
0.),.UNSPECIFIED.);
#257=B_SPLINE_CURVE_WITH_KNOTS('',3,(#2285,#2286,#2287,#2288),
 .UNSPECIFIED.,.F.,.F.,(4,4),(-0.0210982504343789,0.),.UNSPECIFIED.);
#258=B_SPLINE_CURVE_WITH_KNOTS('',3,(#2290,#2291,#2292,#2293),
 .UNSPECIFIED.,.F.,.F.,(4,4),(-0.017887920777126,0.),.UNSPECIFIED.);
#259=B_SPLINE_CURVE_WITH_KNOTS('',3,(#2295,#2296,#2297,#2298,#2299,#2300,
#2301),.UNSPECIFIED.,.F.,.F.,(4,3,4),(-0.0309398400430345,-0.0154699200215172,
0.),.UNSPECIFIED.);
#260=B_SPLINE_CURVE_WITH_KNOTS('',3,(#2303,#2304,#2305,#2306,#2307,#2308),
 .UNSPECIFIED.,.F.,.F.,(4,2,4),(-0.0142487056378438,-0.00695200068031459,
0.),.UNSPECIFIED.);
#261=B_SPLINE_CURVE_WITH_KNOTS('',3,(#2322,#2323,#2324,#2325,#2326,#2327,
#2328),.UNSPECIFIED.,.F.,.F.,(4,3,4),(-0.0132967825876727,-0.00664839129383635,
0.),.UNSPECIFIED.);
#262=B_SPLINE_CURVE_WITH_KNOTS('',3,(#2330,#2331,#2332,#2333,#2334,#2335,
#2336),.UNSPECIFIED.,.F.,.F.,(4,3,4),(-0.0210123592744543,-0.0105061796372271,
0.),.UNSPECIFIED.);
#263=B_SPLINE_CURVE_WITH_KNOTS('',3,(#2338,#2339,#2340,#2341,#2342,#2343,
#2344),.UNSPECIFIED.,.F.,.F.,(4,3,4),(-0.0256200448249426,-0.0128100224124713,
0.),.UNSPECIFIED.);
#264=B_SPLINE_CURVE_WITH_KNOTS('',3,(#2346,#2347,#2348,#2349,#2350,#2351,
#2352),.UNSPECIFIED.,.F.,.F.,(4,3,4),(-0.0324709352931142,-0.0162354676465571,
0.),.UNSPECIFIED.);
#265=B_SPLINE_CURVE_WITH_KNOTS('',2,(#2375,#2376,#2377),.UNSPECIFIED.,.F.,
 .F.,(3,3),(0.,1.),.UNSPECIFIED.);
#266=B_SPLINE_CURVE_WITH_KNOTS('',2,(#2388,#2389,#2390,#2391),
 .UNSPECIFIED.,.F.,.F.,(3,1,3),(0.,1.,2.),.UNSPECIFIED.);
#267=B_SPLINE_CURVE_WITH_KNOTS('',2,(#2400,#2401,#2402),.UNSPECIFIED.,.F.,
 .F.,(3,3),(0.,1.),.UNSPECIFIED.);
#268=B_SPLINE_CURVE_WITH_KNOTS('',2,(#2411,#2412,#2413),.UNSPECIFIED.,.F.,
 .F.,(3,3),(0.,1.),.UNSPECIFIED.);
#269=B_SPLINE_CURVE_WITH_KNOTS('',2,(#2424,#2425,#2426,#2427),
 .UNSPECIFIED.,.F.,.F.,(3,1,3),(0.,1.,2.),.UNSPECIFIED.);
#270=B_SPLINE_CURVE_WITH_KNOTS('',2,(#2450,#2451,#2452,#2453),
 .UNSPECIFIED.,.F.,.F.,(3,1,3),(0.,1.,2.),.UNSPECIFIED.);
#271=B_SPLINE_CURVE_WITH_KNOTS('',2,(#2464,#2465,#2466,#2467),
 .UNSPECIFIED.,.F.,.F.,(3,1,3),(0.,1.,2.),.UNSPECIFIED.);
#272=B_SPLINE_CURVE_WITH_KNOTS('',2,(#2478,#2479,#2480,#2481),
 .UNSPECIFIED.,.F.,.F.,(3,1,3),(0.,1.,2.),.UNSPECIFIED.);
#273=B_SPLINE_CURVE_WITH_KNOTS('',2,(#2492,#2493,#2494,#2495),
 .UNSPECIFIED.,.F.,.F.,(3,1,3),(0.,1.,2.),.UNSPECIFIED.);
#274=B_SPLINE_CURVE_WITH_KNOTS('',2,(#2523,#2524,#2525,#2526),
 .UNSPECIFIED.,.F.,.F.,(3,1,3),(0.,1.,2.),.UNSPECIFIED.);
#275=B_SPLINE_CURVE_WITH_KNOTS('',3,(#2528,#2529,#2530,#2531,#2532,#2533,
#2534),.UNSPECIFIED.,.F.,.F.,(4,3,4),(-0.0243537282954326,-0.0121768641477163,
0.),.UNSPECIFIED.);
#276=B_SPLINE_CURVE_WITH_KNOTS('',2,(#2557,#2558,#2559,#2560),
 .UNSPECIFIED.,.F.,.F.,(3,1,3),(0.,1.,2.),.UNSPECIFIED.);
#277=B_SPLINE_CURVE_WITH_KNOTS('',3,(#2563,#2564,#2565,#2566,#2567,#2568,
#2569),.UNSPECIFIED.,.F.,.F.,(4,3,4),(-0.0215673501282003,-0.0107836750641001,
0.),.UNSPECIFIED.);
#278=LINE('',#1836,#427);
#279=LINE('',#1878,#428);
#280=LINE('',#1914,#429);
#281=LINE('',#1915,#430);
#282=LINE('',#1930,#431);
#283=LINE('',#1931,#432);
#284=LINE('',#1934,#433);
#285=LINE('',#1935,#434);
#286=LINE('',#1949,#435);
#287=LINE('',#1963,#436);
#288=LINE('',#1980,#437);
#289=LINE('',#1994,#438);
#290=LINE('',#1997,#439);
#291=LINE('',#1998,#440);
#292=LINE('',#2012,#441);
#293=LINE('',#2026,#442);
#294=LINE('',#2040,#443);
#295=LINE('',#2049,#444);
#296=LINE('',#2052,#445);
#297=LINE('',#2053,#446);
#298=LINE('',#2055,#447);
#299=LINE('',#2059,#448);
#300=LINE('',#2061,#449);
#301=LINE('',#2063,#450);
#302=LINE('',#2064,#451);
#303=LINE('',#2067,#452);
#304=LINE('',#2069,#453);
#305=LINE('',#2070,#454);
#306=LINE('',#2081,#455);
#307=LINE('',#2103,#456);
#308=LINE('',#2125,#457);
#309=LINE('',#2147,#458);
#310=LINE('',#2150,#459);
#311=LINE('',#2152,#460);
#312=LINE('',#2153,#461);
#313=LINE('',#2168,#462);
#314=LINE('',#2193,#463);
#315=LINE('',#2218,#464);
#316=LINE('',#2240,#465);
#317=LINE('',#2250,#466);
#318=LINE('',#2252,#467);
#319=LINE('',#2253,#468);
#320=LINE('',#2310,#469);
#321=LINE('',#2312,#470);
#322=LINE('',#2314,#471);
#323=LINE('',#2316,#472);
#324=LINE('',#2318,#473);
#325=LINE('',#2320,#474);
#326=LINE('',#2353,#475);
#327=LINE('',#2357,#476);
#328=LINE('',#2358,#477);
#329=LINE('',#2359,#478);
#330=LINE('',#2362,#479);
#331=LINE('',#2363,#480);
#332=LINE('',#2366,#481);
#333=LINE('',#2367,#482);
#334=LINE('',#2378,#483);
#335=LINE('',#2392,#484);
#336=LINE('',#2403,#485);
#337=LINE('',#2414,#486);
#338=LINE('',#2428,#487);
#339=LINE('',#2431,#488);
#340=LINE('',#2432,#489);
#341=LINE('',#2435,#490);
#342=LINE('',#2436,#491);
#343=LINE('',#2439,#492);
#344=LINE('',#2440,#493);
#345=LINE('',#2454,#494);
#346=LINE('',#2468,#495);
#347=LINE('',#2482,#496);
#348=LINE('',#2496,#497);
#349=LINE('',#2498,#498);
#350=LINE('',#2502,#499);
#351=LINE('',#2504,#500);
#352=LINE('',#2506,#501);
#353=LINE('',#2507,#502);
#354=LINE('',#2510,#503);
#355=LINE('',#2512,#504);
#356=LINE('',#2513,#505);
#357=LINE('',#2535,#506);
#358=LINE('',#2538,#507);
#359=LINE('',#2540,#508);
#360=LINE('',#2541,#509);
#361=LINE('',#2544,#510);
#362=LINE('',#2546,#511);
#363=LINE('',#2547,#512);
#364=LINE('',#2562,#513);
#365=LINE('',#2571,#514);
#366=LINE('',#2572,#515);
#367=LINE('',#2577,#516);
#368=LINE('',#2579,#517);
#369=LINE('',#2581,#518);
#370=LINE('',#2582,#519);
#371=LINE('',#2586,#520);
#372=LINE('',#2588,#521);
#373=LINE('',#2590,#522);
#374=LINE('',#2591,#523);
#375=LINE('',#2593,#524);
#376=LINE('',#2594,#525);
#377=LINE('',#2597,#526);
#378=LINE('',#2599,#527);
#379=LINE('',#2600,#528);
#380=LINE('',#2604,#529);
#381=LINE('',#2606,#530);
#382=LINE('',#2608,#531);
#383=LINE('',#2609,#532);
#384=LINE('',#2612,#533);
#385=LINE('',#2613,#534);
#386=LINE('',#2614,#535);
#387=LINE('',#2617,#536);
#388=LINE('',#2618,#537);
#389=LINE('',#2620,#538);
#390=LINE('',#2621,#539);
#391=LINE('',#2628,#540);
#392=LINE('',#2630,#541);
#393=LINE('',#2632,#542);
#394=LINE('',#2633,#543);
#395=LINE('',#2636,#544);
#396=LINE('',#2638,#545);
#397=LINE('',#2639,#546);
#398=LINE('',#2643,#547);
#399=LINE('',#2645,#548);
#400=LINE('',#2647,#549);
#401=LINE('',#2648,#550);
#402=LINE('',#2651,#551);
#403=LINE('',#2653,#552);
#404=LINE('',#2654,#553);
#405=LINE('',#2658,#554);
#406=LINE('',#2660,#555);
#407=LINE('',#2662,#556);
#408=LINE('',#2664,#557);
#409=LINE('',#2665,#558);
#410=LINE('',#2667,#559);
#411=LINE('',#2668,#560);
#412=LINE('',#2671,#561);
#413=LINE('',#2672,#562);
#414=LINE('',#2673,#563);
#415=LINE('',#2677,#564);
#416=LINE('',#2679,#565);
#417=LINE('',#2681,#566);
#418=LINE('',#2683,#567);
#419=LINE('',#2684,#568);
#420=LINE('',#2685,#569);
#421=LINE('',#2687,#570);
#422=LINE('',#2688,#571);
#423=LINE('',#2690,#572);
#424=LINE('',#2692,#573);
#425=LINE('',#2695,#574);
#426=LINE('',#2697,#575);
#427=VECTOR('',#1572,10.);
#428=VECTOR('',#1573,10.);
#429=VECTOR('',#1576,10.);
#430=VECTOR('',#1577,10.);
#431=VECTOR('',#1578,10.);
#432=VECTOR('',#1579,10.);
#433=VECTOR('',#1582,10.);
#434=VECTOR('',#1583,10.);
#435=VECTOR('',#1584,10.);
#436=VECTOR('',#1585,10.);
#437=VECTOR('',#1586,10.);
#438=VECTOR('',#1587,10.);
#439=VECTOR('',#1590,10.);
#440=VECTOR('',#1591,10.);
#441=VECTOR('',#1592,10.);
#442=VECTOR('',#1593,10.);
#443=VECTOR('',#1594,10.);
#444=VECTOR('',#1597,10.);
#445=VECTOR('',#1600,10.);
#446=VECTOR('',#1601,10.);
#447=VECTOR('',#1604,10.);
#448=VECTOR('',#1607,10.);
#449=VECTOR('',#1608,10.);
#450=VECTOR('',#1609,10.);
#451=VECTOR('',#1610,10.);
#452=VECTOR('',#1613,10.);
#453=VECTOR('',#1614,10.);
#454=VECTOR('',#1615,10.);
#455=VECTOR('',#1620,10.);
#456=VECTOR('',#1621,10.);
#457=VECTOR('',#1622,10.);
#458=VECTOR('',#1623,10.);
#459=VECTOR('',#1626,10.);
#460=VECTOR('',#1627,10.);
#461=VECTOR('',#1628,10.);
#462=VECTOR('',#1629,10.);
#463=VECTOR('',#1630,10.);
#464=VECTOR('',#1631,10.);
#465=VECTOR('',#1632,10.);
#466=VECTOR('',#1635,10.);
#467=VECTOR('',#1636,10.);
#468=VECTOR('',#1637,10.);
#469=VECTOR('',#1642,10.);
#470=VECTOR('',#1643,10.);
#471=VECTOR('',#1644,10.);
#472=VECTOR('',#1645,10.);
#473=VECTOR('',#1646,10.);
#474=VECTOR('',#1647,10.);
#475=VECTOR('',#1648,10.);
#476=VECTOR('',#1651,10.);
#477=VECTOR('',#1652,10.);
#478=VECTOR('',#1653,10.);
#479=VECTOR('',#1656,10.);
#480=VECTOR('',#1657,10.);
#481=VECTOR('',#1660,10.);
#482=VECTOR('',#1661,10.);
#483=VECTOR('',#1662,10.);
#484=VECTOR('',#1663,10.);
#485=VECTOR('',#1664,10.);
#486=VECTOR('',#1665,10.);
#487=VECTOR('',#1666,10.);
#488=VECTOR('',#1669,10.);
#489=VECTOR('',#1670,10.);
#490=VECTOR('',#1673,10.);
#491=VECTOR('',#1674,10.);
#492=VECTOR('',#1677,10.);
#493=VECTOR('',#1678,10.);
#494=VECTOR('',#1679,10.);
#495=VECTOR('',#1680,10.);
#496=VECTOR('',#1681,10.);
#497=VECTOR('',#1682,10.);
#498=VECTOR('',#1685,10.);
#499=VECTOR('',#1688,10.);
#500=VECTOR('',#1689,10.);
#501=VECTOR('',#1690,10.);
#502=VECTOR('',#1691,10.);
#503=VECTOR('',#1694,10.);
#504=VECTOR('',#1695,10.);
#505=VECTOR('',#1696,10.);
#506=VECTOR('',#1697,10.);
#507=VECTOR('',#1700,10.);
#508=VECTOR('',#1701,10.);
#509=VECTOR('',#1702,10.);
#510=VECTOR('',#1705,10.);
#511=VECTOR('',#1706,10.);
#512=VECTOR('',#1707,10.);
#513=VECTOR('',#1708,10.);
#514=VECTOR('',#1711,10.);
#515=VECTOR('',#1712,10.);
#516=VECTOR('',#1717,10.);
#517=VECTOR('',#1718,10.);
#518=VECTOR('',#1719,10.);
#519=VECTOR('',#1720,10.);
#520=VECTOR('',#1723,10.);
#521=VECTOR('',#1724,10.);
#522=VECTOR('',#1725,10.);
#523=VECTOR('',#1726,10.);
#524=VECTOR('',#1729,10.);
#525=VECTOR('',#1730,10.);
#526=VECTOR('',#1733,10.);
#527=VECTOR('',#1734,10.);
#528=VECTOR('',#1735,10.);
#529=VECTOR('',#1738,10.);
#530=VECTOR('',#1739,10.);
#531=VECTOR('',#1740,10.);
#532=VECTOR('',#1741,10.);
#533=VECTOR('',#1744,10.);
#534=VECTOR('',#1745,10.);
#535=VECTOR('',#1746,10.);
#536=VECTOR('',#1749,10.);
#537=VECTOR('',#1750,10.);
#538=VECTOR('',#1753,10.);
#539=VECTOR('',#1754,10.);
#540=VECTOR('',#1763,10.);
#541=VECTOR('',#1764,10.);
#542=VECTOR('',#1765,10.);
#543=VECTOR('',#1766,10.);
#544=VECTOR('',#1769,10.);
#545=VECTOR('',#1770,10.);
#546=VECTOR('',#1771,10.);
#547=VECTOR('',#1774,10.);
#548=VECTOR('',#1775,10.);
#549=VECTOR('',#1776,10.);
#550=VECTOR('',#1777,10.);
#551=VECTOR('',#1780,10.);
#552=VECTOR('',#1781,10.);
#553=VECTOR('',#1782,10.);
#554=VECTOR('',#1785,10.);
#555=VECTOR('',#1786,10.);
#556=VECTOR('',#1787,10.);
#557=VECTOR('',#1788,10.);
#558=VECTOR('',#1789,10.);
#559=VECTOR('',#1790,10.);
#560=VECTOR('',#1791,10.);
#561=VECTOR('',#1794,10.);
#562=VECTOR('',#1795,10.);
#563=VECTOR('',#1796,10.);
#564=VECTOR('',#1799,10.);
#565=VECTOR('',#1800,10.);
#566=VECTOR('',#1801,10.);
#567=VECTOR('',#1802,10.);
#568=VECTOR('',#1803,10.);
#569=VECTOR('',#1804,10.);
#570=VECTOR('',#1807,10.);
#571=VECTOR('',#1808,10.);
#572=VECTOR('',#1811,10.);
#573=VECTOR('',#1814,10.);
#574=VECTOR('',#1819,10.);
#575=VECTOR('',#1822,10.);
#576=VERTEX_POINT('',#1834);
#577=VERTEX_POINT('',#1835);
#578=VERTEX_POINT('',#1837);
#579=VERTEX_POINT('',#1845);
#580=VERTEX_POINT('',#1856);
#581=VERTEX_POINT('',#1869);
#582=VERTEX_POINT('',#1877);
#583=VERTEX_POINT('',#1879);
#584=VERTEX_POINT('',#1887);
#585=VERTEX_POINT('',#1895);
#586=VERTEX_POINT('',#1903);
#587=VERTEX_POINT('',#1911);
#588=VERTEX_POINT('',#1913);
#589=VERTEX_POINT('',#1924);
#590=VERTEX_POINT('',#1925);
#591=VERTEX_POINT('',#1933);
#592=VERTEX_POINT('',#1944);
#593=VERTEX_POINT('',#1958);
#594=VERTEX_POINT('',#1974);
#595=VERTEX_POINT('',#1989);
#596=VERTEX_POINT('',#1996);
#597=VERTEX_POINT('',#2007);
#598=VERTEX_POINT('',#2021);
#599=VERTEX_POINT('',#2035);
#600=VERTEX_POINT('',#2047);
#601=VERTEX_POINT('',#2051);
#602=VERTEX_POINT('',#2057);
#603=VERTEX_POINT('',#2058);
#604=VERTEX_POINT('',#2060);
#605=VERTEX_POINT('',#2062);
#606=VERTEX_POINT('',#2066);
#607=VERTEX_POINT('',#2068);
#608=VERTEX_POINT('',#2077);
#609=VERTEX_POINT('',#2079);
#610=VERTEX_POINT('',#2090);
#611=VERTEX_POINT('',#2095);
#612=VERTEX_POINT('',#2112);
#613=VERTEX_POINT('',#2117);
#614=VERTEX_POINT('',#2134);
#615=VERTEX_POINT('',#2139);
#616=VERTEX_POINT('',#2149);
#617=VERTEX_POINT('',#2151);
#618=VERTEX_POINT('',#2162);
#619=VERTEX_POINT('',#2167);
#620=VERTEX_POINT('',#2186);
#621=VERTEX_POINT('',#2192);
#622=VERTEX_POINT('',#2212);
#623=VERTEX_POINT('',#2217);
#624=VERTEX_POINT('',#2234);
#625=VERTEX_POINT('',#2239);
#626=VERTEX_POINT('',#2249);
#627=VERTEX_POINT('',#2251);
#628=VERTEX_POINT('',#2275);
#629=VERTEX_POINT('',#2276);
#630=VERTEX_POINT('',#2284);
#631=VERTEX_POINT('',#2289);
#632=VERTEX_POINT('',#2294);
#633=VERTEX_POINT('',#2302);
#634=VERTEX_POINT('',#2309);
#635=VERTEX_POINT('',#2311);
#636=VERTEX_POINT('',#2313);
#637=VERTEX_POINT('',#2315);
#638=VERTEX_POINT('',#2317);
#639=VERTEX_POINT('',#2319);
#640=VERTEX_POINT('',#2321);
#641=VERTEX_POINT('',#2329);
#642=VERTEX_POINT('',#2337);
#643=VERTEX_POINT('',#2345);
#644=VERTEX_POINT('',#2355);
#645=VERTEX_POINT('',#2356);
#646=VERTEX_POINT('',#2361);
#647=VERTEX_POINT('',#2365);
#648=VERTEX_POINT('',#2374);
#649=VERTEX_POINT('',#2387);
#650=VERTEX_POINT('',#2399);
#651=VERTEX_POINT('',#2410);
#652=VERTEX_POINT('',#2423);
#653=VERTEX_POINT('',#2430);
#654=VERTEX_POINT('',#2434);
#655=VERTEX_POINT('',#2438);
#656=VERTEX_POINT('',#2449);
#657=VERTEX_POINT('',#2463);
#658=VERTEX_POINT('',#2477);
#659=VERTEX_POINT('',#2491);
#660=VERTEX_POINT('',#2500);
#661=VERTEX_POINT('',#2501);
#662=VERTEX_POINT('',#2503);
#663=VERTEX_POINT('',#2505);
#664=VERTEX_POINT('',#2509);
#665=VERTEX_POINT('',#2511);
#666=VERTEX_POINT('',#2522);
#667=VERTEX_POINT('',#2527);
#668=VERTEX_POINT('',#2537);
#669=VERTEX_POINT('',#2539);
#670=VERTEX_POINT('',#2543);
#671=VERTEX_POINT('',#2545);
#672=VERTEX_POINT('',#2556);
#673=VERTEX_POINT('',#2561);
#674=VERTEX_POINT('',#2575);
#675=VERTEX_POINT('',#2576);
#676=VERTEX_POINT('',#2578);
#677=VERTEX_POINT('',#2580);
#678=VERTEX_POINT('',#2584);
#679=VERTEX_POINT('',#2585);
#680=VERTEX_POINT('',#2587);
#681=VERTEX_POINT('',#2589);
#682=VERTEX_POINT('',#2596);
#683=VERTEX_POINT('',#2598);
#684=VERTEX_POINT('',#2602);
#685=VERTEX_POINT('',#2603);
#686=VERTEX_POINT('',#2605);
#687=VERTEX_POINT('',#2607);
#688=VERTEX_POINT('',#2611);
#689=VERTEX_POINT('',#2616);
#690=VERTEX_POINT('',#2626);
#691=VERTEX_POINT('',#2627);
#692=VERTEX_POINT('',#2629);
#693=VERTEX_POINT('',#2631);
#694=VERTEX_POINT('',#2635);
#695=VERTEX_POINT('',#2637);
#696=VERTEX_POINT('',#2641);
#697=VERTEX_POINT('',#2642);
#698=VERTEX_POINT('',#2644);
#699=VERTEX_POINT('',#2646);
#700=VERTEX_POINT('',#2650);
#701=VERTEX_POINT('',#2652);
#702=VERTEX_POINT('',#2656);
#703=VERTEX_POINT('',#2657);
#704=VERTEX_POINT('',#2659);
#705=VERTEX_POINT('',#2661);
#706=VERTEX_POINT('',#2663);
#707=VERTEX_POINT('',#2666);
#708=VERTEX_POINT('',#2670);
#709=VERTEX_POINT('',#2675);
#710=VERTEX_POINT('',#2676);
#711=VERTEX_POINT('',#2678);
#712=VERTEX_POINT('',#2680);
#713=VERTEX_POINT('',#2682);
#714=EDGE_CURVE('',#576,#577,#278,.T.);
#715=EDGE_CURVE('',#578,#576,#224,.T.);
#716=EDGE_CURVE('',#579,#578,#225,.T.);
#717=EDGE_CURVE('',#580,#579,#226,.T.);
#718=EDGE_CURVE('',#581,#580,#227,.T.);
#719=EDGE_CURVE('',#582,#581,#279,.T.);
#720=EDGE_CURVE('',#583,#582,#228,.T.);
#721=EDGE_CURVE('',#584,#583,#229,.T.);
#722=EDGE_CURVE('',#585,#584,#230,.T.);
#723=EDGE_CURVE('',#586,#585,#231,.T.);
#724=EDGE_CURVE('',#587,#586,#220,.T.);
#725=EDGE_CURVE('',#588,#587,#280,.T.);
#726=EDGE_CURVE('',#577,#588,#281,.T.);
#727=EDGE_CURVE('',#589,#590,#232,.T.);
#728=EDGE_CURVE('',#589,#583,#282,.T.);
#729=EDGE_CURVE('',#590,#582,#283,.T.);
#730=EDGE_CURVE('',#590,#591,#284,.T.);
#731=EDGE_CURVE('',#591,#581,#285,.T.);
#732=EDGE_CURVE('',#591,#592,#233,.T.);
#733=EDGE_CURVE('',#592,#580,#286,.T.);
#734=EDGE_CURVE('',#592,#593,#234,.T.);
#735=EDGE_CURVE('',#593,#579,#287,.T.);
#736=EDGE_CURVE('',#593,#594,#235,.T.);
#737=EDGE_CURVE('',#594,#578,#288,.T.);
#738=EDGE_CURVE('',#594,#595,#236,.T.);
#739=EDGE_CURVE('',#595,#576,#289,.T.);
#740=EDGE_CURVE('',#595,#596,#290,.T.);
#741=EDGE_CURVE('',#596,#577,#291,.T.);
#742=EDGE_CURVE('',#597,#589,#237,.T.);
#743=EDGE_CURVE('',#597,#584,#292,.T.);
#744=EDGE_CURVE('',#598,#597,#238,.T.);
#745=EDGE_CURVE('',#598,#585,#293,.T.);
#746=EDGE_CURVE('',#599,#598,#239,.T.);
#747=EDGE_CURVE('',#599,#586,#294,.T.);
#748=EDGE_CURVE('',#600,#599,#221,.T.);
#749=EDGE_CURVE('',#600,#587,#295,.T.);
#750=EDGE_CURVE('',#601,#600,#296,.T.);
#751=EDGE_CURVE('',#601,#588,#297,.T.);
#752=EDGE_CURVE('',#596,#601,#298,.T.);
#753=EDGE_CURVE('',#602,#603,#299,.T.);
#754=EDGE_CURVE('',#602,#604,#300,.T.);
#755=EDGE_CURVE('',#604,#605,#301,.T.);
#756=EDGE_CURVE('',#603,#605,#302,.T.);
#757=EDGE_CURVE('',#603,#606,#303,.T.);
#758=EDGE_CURVE('',#605,#607,#304,.T.);
#759=EDGE_CURVE('',#606,#607,#305,.T.);
#760=EDGE_CURVE('',#606,#608,#222,.T.);
#761=EDGE_CURVE('',#607,#609,#223,.T.);
#762=EDGE_CURVE('',#608,#609,#306,.T.);
#763=EDGE_CURVE('',#608,#610,#240,.T.);
#764=EDGE_CURVE('',#609,#611,#241,.T.);
#765=EDGE_CURVE('',#610,#611,#307,.T.);
#766=EDGE_CURVE('',#610,#612,#242,.T.);
#767=EDGE_CURVE('',#611,#613,#243,.T.);
#768=EDGE_CURVE('',#612,#613,#308,.T.);
#769=EDGE_CURVE('',#612,#614,#244,.T.);
#770=EDGE_CURVE('',#613,#615,#245,.T.);
#771=EDGE_CURVE('',#614,#615,#309,.T.);
#772=EDGE_CURVE('',#616,#602,#310,.T.);
#773=EDGE_CURVE('',#616,#617,#311,.T.);
#774=EDGE_CURVE('',#617,#604,#312,.T.);
#775=EDGE_CURVE('',#618,#616,#246,.T.);
#776=EDGE_CURVE('',#618,#619,#313,.T.);
#777=EDGE_CURVE('',#619,#617,#247,.T.);
#778=EDGE_CURVE('',#620,#618,#248,.T.);
#779=EDGE_CURVE('',#620,#621,#314,.T.);
#780=EDGE_CURVE('',#621,#619,#249,.T.);
#781=EDGE_CURVE('',#622,#620,#250,.T.);
#782=EDGE_CURVE('',#622,#623,#315,.T.);
#783=EDGE_CURVE('',#623,#621,#251,.T.);
#784=EDGE_CURVE('',#624,#622,#252,.T.);
#785=EDGE_CURVE('',#624,#625,#316,.T.);
#786=EDGE_CURVE('',#625,#623,#253,.T.);
#787=EDGE_CURVE('',#626,#624,#317,.T.);
#788=EDGE_CURVE('',#626,#627,#318,.T.);
#789=EDGE_CURVE('',#627,#625,#319,.T.);
#790=EDGE_CURVE('',#614,#626,#254,.T.);
#791=EDGE_CURVE('',#615,#627,#255,.T.);
#792=EDGE_CURVE('',#628,#629,#256,.T.);
#793=EDGE_CURVE('',#630,#628,#257,.T.);
#794=EDGE_CURVE('',#631,#630,#258,.T.);
#795=EDGE_CURVE('',#632,#631,#259,.T.);
#796=EDGE_CURVE('',#633,#632,#260,.T.);
#797=EDGE_CURVE('',#634,#633,#320,.T.);
#798=EDGE_CURVE('',#635,#634,#321,.T.);
#799=EDGE_CURVE('',#636,#635,#322,.T.);
#800=EDGE_CURVE('',#637,#636,#323,.T.);
#801=EDGE_CURVE('',#638,#637,#324,.T.);
#802=EDGE_CURVE('',#639,#638,#325,.T.);
#803=EDGE_CURVE('',#640,#639,#261,.T.);
#804=EDGE_CURVE('',#641,#640,#262,.T.);
#805=EDGE_CURVE('',#642,#641,#263,.T.);
#806=EDGE_CURVE('',#643,#642,#264,.T.);
#807=EDGE_CURVE('',#629,#643,#326,.T.);
#808=EDGE_CURVE('',#644,#645,#327,.T.);
#809=EDGE_CURVE('',#644,#636,#328,.T.);
#810=EDGE_CURVE('',#645,#635,#329,.T.);
#811=EDGE_CURVE('',#645,#646,#330,.T.);
#812=EDGE_CURVE('',#646,#634,#331,.T.);
#813=EDGE_CURVE('',#646,#647,#332,.T.);
#814=EDGE_CURVE('',#647,#633,#333,.T.);
#815=EDGE_CURVE('',#647,#648,#265,.T.);
#816=EDGE_CURVE('',#648,#632,#334,.T.);
#817=EDGE_CURVE('',#648,#649,#266,.T.);
#818=EDGE_CURVE('',#649,#631,#335,.T.);
#819=EDGE_CURVE('',#649,#650,#267,.T.);
#820=EDGE_CURVE('',#650,#630,#336,.T.);
#821=EDGE_CURVE('',#650,#651,#268,.T.);
#822=EDGE_CURVE('',#651,#628,#337,.T.);
#823=EDGE_CURVE('',#651,#652,#269,.T.);
#824=EDGE_CURVE('',#652,#629,#338,.T.);
#825=EDGE_CURVE('',#653,#644,#339,.T.);
#826=EDGE_CURVE('',#653,#637,#340,.T.);
#827=EDGE_CURVE('',#654,#653,#341,.T.);
#828=EDGE_CURVE('',#654,#638,#342,.T.);
#829=EDGE_CURVE('',#655,#654,#343,.T.);
#830=EDGE_CURVE('',#655,#639,#344,.T.);
#831=EDGE_CURVE('',#656,#655,#270,.T.);
#832=EDGE_CURVE('',#656,#640,#345,.T.);
#833=EDGE_CURVE('',#657,#656,#271,.T.);
#834=EDGE_CURVE('',#657,#641,#346,.T.);
#835=EDGE_CURVE('',#658,#657,#272,.T.);
#836=EDGE_CURVE('',#658,#642,#347,.T.);
#837=EDGE_CURVE('',#659,#658,#273,.T.);
#838=EDGE_CURVE('',#659,#643,#348,.T.);
#839=EDGE_CURVE('',#652,#659,#349,.T.);
#840=EDGE_CURVE('',#660,#661,#350,.T.);
#841=EDGE_CURVE('',#660,#662,#351,.T.);
#842=EDGE_CURVE('',#662,#663,#352,.T.);
#843=EDGE_CURVE('',#661,#663,#353,.T.);
#844=EDGE_CURVE('',#661,#664,#354,.T.);
#845=EDGE_CURVE('',#663,#665,#355,.T.);
#846=EDGE_CURVE('',#664,#665,#356,.T.);
#847=EDGE_CURVE('',#664,#666,#274,.T.);
#848=EDGE_CURVE('',#665,#667,#275,.T.);
#849=EDGE_CURVE('',#666,#667,#357,.T.);
#850=EDGE_CURVE('',#668,#660,#358,.T.);
#851=EDGE_CURVE('',#668,#669,#359,.T.);
#852=EDGE_CURVE('',#669,#662,#360,.T.);
#853=EDGE_CURVE('',#670,#668,#361,.T.);
#854=EDGE_CURVE('',#670,#671,#362,.T.);
#855=EDGE_CURVE('',#671,#669,#363,.T.);
#856=EDGE_CURVE('',#672,#670,#276,.T.);
#857=EDGE_CURVE('',#672,#673,#364,.T.);
#858=EDGE_CURVE('',#673,#671,#277,.T.);
#859=EDGE_CURVE('',#666,#672,#365,.T.);
#860=EDGE_CURVE('',#667,#673,#366,.T.);
#861=EDGE_CURVE('',#674,#675,#367,.T.);
#862=EDGE_CURVE('',#674,#676,#368,.T.);
#863=EDGE_CURVE('',#677,#676,#369,.T.);
#864=EDGE_CURVE('',#675,#677,#370,.T.);
#865=EDGE_CURVE('',#678,#679,#371,.T.);
#866=EDGE_CURVE('',#678,#680,#372,.T.);
#867=EDGE_CURVE('',#681,#680,#373,.T.);
#868=EDGE_CURVE('',#679,#681,#374,.T.);
#869=EDGE_CURVE('',#680,#677,#375,.T.);
#870=EDGE_CURVE('',#676,#681,#376,.T.);
#871=EDGE_CURVE('',#679,#682,#377,.T.);
#872=EDGE_CURVE('',#682,#683,#378,.T.);
#873=EDGE_CURVE('',#683,#678,#379,.T.);
#874=EDGE_CURVE('',#684,#685,#380,.T.);
#875=EDGE_CURVE('',#685,#686,#381,.T.);
#876=EDGE_CURVE('',#687,#686,#382,.T.);
#877=EDGE_CURVE('',#684,#687,#383,.T.);
#878=EDGE_CURVE('',#688,#684,#384,.T.);
#879=EDGE_CURVE('',#675,#687,#385,.T.);
#880=EDGE_CURVE('',#688,#683,#386,.T.);
#881=EDGE_CURVE('',#689,#688,#387,.T.);
#882=EDGE_CURVE('',#689,#682,#388,.T.);
#883=EDGE_CURVE('',#685,#689,#389,.T.);
#884=EDGE_CURVE('',#686,#674,#390,.T.);
#885=EDGE_CURVE('',#690,#691,#391,.T.);
#886=EDGE_CURVE('',#692,#690,#392,.T.);
#887=EDGE_CURVE('',#693,#692,#393,.T.);
#888=EDGE_CURVE('',#693,#691,#394,.T.);
#889=EDGE_CURVE('',#691,#694,#395,.T.);
#890=EDGE_CURVE('',#695,#693,#396,.T.);
#891=EDGE_CURVE('',#694,#695,#397,.T.);
#892=EDGE_CURVE('',#696,#697,#398,.T.);
#893=EDGE_CURVE('',#698,#696,#399,.T.);
#894=EDGE_CURVE('',#699,#698,#400,.T.);
#895=EDGE_CURVE('',#697,#699,#401,.T.);
#896=EDGE_CURVE('',#700,#696,#402,.T.);
#897=EDGE_CURVE('',#701,#700,#403,.T.);
#898=EDGE_CURVE('',#698,#701,#404,.T.);
#899=EDGE_CURVE('',#702,#703,#405,.T.);
#900=EDGE_CURVE('',#704,#702,#406,.T.);
#901=EDGE_CURVE('',#705,#704,#407,.T.);
#902=EDGE_CURVE('',#706,#705,#408,.T.);
#903=EDGE_CURVE('',#692,#706,#409,.T.);
#904=EDGE_CURVE('',#707,#690,#410,.T.);
#905=EDGE_CURVE('',#703,#707,#411,.T.);
#906=EDGE_CURVE('',#706,#708,#412,.T.);
#907=EDGE_CURVE('',#699,#708,#413,.T.);
#908=EDGE_CURVE('',#695,#701,#414,.T.);
#909=EDGE_CURVE('',#709,#710,#415,.T.);
#910=EDGE_CURVE('',#710,#711,#416,.T.);
#911=EDGE_CURVE('',#711,#712,#417,.T.);
#912=EDGE_CURVE('',#712,#713,#418,.T.);
#913=EDGE_CURVE('',#713,#697,#419,.T.);
#914=EDGE_CURVE('',#708,#709,#420,.T.);
#915=EDGE_CURVE('',#704,#710,#421,.T.);
#916=EDGE_CURVE('',#705,#709,#422,.T.);
#917=EDGE_CURVE('',#702,#711,#423,.T.);
#918=EDGE_CURVE('',#703,#712,#424,.T.);
#919=EDGE_CURVE('',#694,#700,#425,.T.);
#920=EDGE_CURVE('',#707,#713,#426,.T.);
#921=ORIENTED_EDGE('',*,*,#714,.F.);
#922=ORIENTED_EDGE('',*,*,#715,.F.);
#923=ORIENTED_EDGE('',*,*,#716,.F.);
#924=ORIENTED_EDGE('',*,*,#717,.F.);
#925=ORIENTED_EDGE('',*,*,#718,.F.);
#926=ORIENTED_EDGE('',*,*,#719,.F.);
#927=ORIENTED_EDGE('',*,*,#720,.F.);
#928=ORIENTED_EDGE('',*,*,#721,.F.);
#929=ORIENTED_EDGE('',*,*,#722,.F.);
#930=ORIENTED_EDGE('',*,*,#723,.F.);
#931=ORIENTED_EDGE('',*,*,#724,.F.);
#932=ORIENTED_EDGE('',*,*,#725,.F.);
#933=ORIENTED_EDGE('',*,*,#726,.F.);
#934=ORIENTED_EDGE('',*,*,#727,.F.);
#935=ORIENTED_EDGE('',*,*,#728,.T.);
#936=ORIENTED_EDGE('',*,*,#720,.T.);
#937=ORIENTED_EDGE('',*,*,#729,.F.);
#938=ORIENTED_EDGE('',*,*,#730,.F.);
#939=ORIENTED_EDGE('',*,*,#729,.T.);
#940=ORIENTED_EDGE('',*,*,#719,.T.);
#941=ORIENTED_EDGE('',*,*,#731,.F.);
#942=ORIENTED_EDGE('',*,*,#732,.F.);
#943=ORIENTED_EDGE('',*,*,#731,.T.);
#944=ORIENTED_EDGE('',*,*,#718,.T.);
#945=ORIENTED_EDGE('',*,*,#733,.F.);
#946=ORIENTED_EDGE('',*,*,#734,.F.);
#947=ORIENTED_EDGE('',*,*,#733,.T.);
#948=ORIENTED_EDGE('',*,*,#717,.T.);
#949=ORIENTED_EDGE('',*,*,#735,.F.);
#950=ORIENTED_EDGE('',*,*,#736,.F.);
#951=ORIENTED_EDGE('',*,*,#735,.T.);
#952=ORIENTED_EDGE('',*,*,#716,.T.);
#953=ORIENTED_EDGE('',*,*,#737,.F.);
#954=ORIENTED_EDGE('',*,*,#738,.F.);
#955=ORIENTED_EDGE('',*,*,#737,.T.);
#956=ORIENTED_EDGE('',*,*,#715,.T.);
#957=ORIENTED_EDGE('',*,*,#739,.F.);
#958=ORIENTED_EDGE('',*,*,#740,.F.);
#959=ORIENTED_EDGE('',*,*,#739,.T.);
#960=ORIENTED_EDGE('',*,*,#714,.T.);
#961=ORIENTED_EDGE('',*,*,#741,.F.);
#962=ORIENTED_EDGE('',*,*,#742,.F.);
#963=ORIENTED_EDGE('',*,*,#743,.T.);
#964=ORIENTED_EDGE('',*,*,#721,.T.);
#965=ORIENTED_EDGE('',*,*,#728,.F.);
#966=ORIENTED_EDGE('',*,*,#744,.F.);
#967=ORIENTED_EDGE('',*,*,#745,.T.);
#968=ORIENTED_EDGE('',*,*,#722,.T.);
#969=ORIENTED_EDGE('',*,*,#743,.F.);
#970=ORIENTED_EDGE('',*,*,#746,.F.);
#971=ORIENTED_EDGE('',*,*,#747,.T.);
#972=ORIENTED_EDGE('',*,*,#723,.T.);
#973=ORIENTED_EDGE('',*,*,#745,.F.);
#974=ORIENTED_EDGE('',*,*,#748,.F.);
#975=ORIENTED_EDGE('',*,*,#749,.T.);
#976=ORIENTED_EDGE('',*,*,#724,.T.);
#977=ORIENTED_EDGE('',*,*,#747,.F.);
#978=ORIENTED_EDGE('',*,*,#750,.F.);
#979=ORIENTED_EDGE('',*,*,#751,.T.);
#980=ORIENTED_EDGE('',*,*,#725,.T.);
#981=ORIENTED_EDGE('',*,*,#749,.F.);
#982=ORIENTED_EDGE('',*,*,#752,.F.);
#983=ORIENTED_EDGE('',*,*,#741,.T.);
#984=ORIENTED_EDGE('',*,*,#726,.T.);
#985=ORIENTED_EDGE('',*,*,#751,.F.);
#986=ORIENTED_EDGE('',*,*,#753,.F.);
#987=ORIENTED_EDGE('',*,*,#754,.T.);
#988=ORIENTED_EDGE('',*,*,#755,.T.);
#989=ORIENTED_EDGE('',*,*,#756,.F.);
#990=ORIENTED_EDGE('',*,*,#757,.F.);
#991=ORIENTED_EDGE('',*,*,#756,.T.);
#992=ORIENTED_EDGE('',*,*,#758,.T.);
#993=ORIENTED_EDGE('',*,*,#759,.F.);
#994=ORIENTED_EDGE('',*,*,#760,.F.);
#995=ORIENTED_EDGE('',*,*,#759,.T.);
#996=ORIENTED_EDGE('',*,*,#761,.T.);
#997=ORIENTED_EDGE('',*,*,#762,.F.);
#998=ORIENTED_EDGE('',*,*,#763,.F.);
#999=ORIENTED_EDGE('',*,*,#762,.T.);
#1000=ORIENTED_EDGE('',*,*,#764,.T.);
#1001=ORIENTED_EDGE('',*,*,#765,.F.);
#1002=ORIENTED_EDGE('',*,*,#766,.F.);
#1003=ORIENTED_EDGE('',*,*,#765,.T.);
#1004=ORIENTED_EDGE('',*,*,#767,.T.);
#1005=ORIENTED_EDGE('',*,*,#768,.F.);
#1006=ORIENTED_EDGE('',*,*,#769,.F.);
#1007=ORIENTED_EDGE('',*,*,#768,.T.);
#1008=ORIENTED_EDGE('',*,*,#770,.T.);
#1009=ORIENTED_EDGE('',*,*,#771,.F.);
#1010=ORIENTED_EDGE('',*,*,#772,.F.);
#1011=ORIENTED_EDGE('',*,*,#773,.T.);
#1012=ORIENTED_EDGE('',*,*,#774,.T.);
#1013=ORIENTED_EDGE('',*,*,#754,.F.);
#1014=ORIENTED_EDGE('',*,*,#775,.F.);
#1015=ORIENTED_EDGE('',*,*,#776,.T.);
#1016=ORIENTED_EDGE('',*,*,#777,.T.);
#1017=ORIENTED_EDGE('',*,*,#773,.F.);
#1018=ORIENTED_EDGE('',*,*,#778,.F.);
#1019=ORIENTED_EDGE('',*,*,#779,.T.);
#1020=ORIENTED_EDGE('',*,*,#780,.T.);
#1021=ORIENTED_EDGE('',*,*,#776,.F.);
#1022=ORIENTED_EDGE('',*,*,#781,.F.);
#1023=ORIENTED_EDGE('',*,*,#782,.T.);
#1024=ORIENTED_EDGE('',*,*,#783,.T.);
#1025=ORIENTED_EDGE('',*,*,#779,.F.);
#1026=ORIENTED_EDGE('',*,*,#784,.F.);
#1027=ORIENTED_EDGE('',*,*,#785,.T.);
#1028=ORIENTED_EDGE('',*,*,#786,.T.);
#1029=ORIENTED_EDGE('',*,*,#782,.F.);
#1030=ORIENTED_EDGE('',*,*,#787,.F.);
#1031=ORIENTED_EDGE('',*,*,#788,.T.);
#1032=ORIENTED_EDGE('',*,*,#789,.T.);
#1033=ORIENTED_EDGE('',*,*,#785,.F.);
#1034=ORIENTED_EDGE('',*,*,#790,.F.);
#1035=ORIENTED_EDGE('',*,*,#771,.T.);
#1036=ORIENTED_EDGE('',*,*,#791,.T.);
#1037=ORIENTED_EDGE('',*,*,#788,.F.);
#1038=ORIENTED_EDGE('',*,*,#774,.F.);
#1039=ORIENTED_EDGE('',*,*,#777,.F.);
#1040=ORIENTED_EDGE('',*,*,#780,.F.);
#1041=ORIENTED_EDGE('',*,*,#783,.F.);
#1042=ORIENTED_EDGE('',*,*,#786,.F.);
#1043=ORIENTED_EDGE('',*,*,#789,.F.);
#1044=ORIENTED_EDGE('',*,*,#791,.F.);
#1045=ORIENTED_EDGE('',*,*,#770,.F.);
#1046=ORIENTED_EDGE('',*,*,#767,.F.);
#1047=ORIENTED_EDGE('',*,*,#764,.F.);
#1048=ORIENTED_EDGE('',*,*,#761,.F.);
#1049=ORIENTED_EDGE('',*,*,#758,.F.);
#1050=ORIENTED_EDGE('',*,*,#755,.F.);
#1051=ORIENTED_EDGE('',*,*,#792,.F.);
#1052=ORIENTED_EDGE('',*,*,#793,.F.);
#1053=ORIENTED_EDGE('',*,*,#794,.F.);
#1054=ORIENTED_EDGE('',*,*,#795,.F.);
#1055=ORIENTED_EDGE('',*,*,#796,.F.);
#1056=ORIENTED_EDGE('',*,*,#797,.F.);
#1057=ORIENTED_EDGE('',*,*,#798,.F.);
#1058=ORIENTED_EDGE('',*,*,#799,.F.);
#1059=ORIENTED_EDGE('',*,*,#800,.F.);
#1060=ORIENTED_EDGE('',*,*,#801,.F.);
#1061=ORIENTED_EDGE('',*,*,#802,.F.);
#1062=ORIENTED_EDGE('',*,*,#803,.F.);
#1063=ORIENTED_EDGE('',*,*,#804,.F.);
#1064=ORIENTED_EDGE('',*,*,#805,.F.);
#1065=ORIENTED_EDGE('',*,*,#806,.F.);
#1066=ORIENTED_EDGE('',*,*,#807,.F.);
#1067=ORIENTED_EDGE('',*,*,#808,.F.);
#1068=ORIENTED_EDGE('',*,*,#809,.T.);
#1069=ORIENTED_EDGE('',*,*,#799,.T.);
#1070=ORIENTED_EDGE('',*,*,#810,.F.);
#1071=ORIENTED_EDGE('',*,*,#811,.F.);
#1072=ORIENTED_EDGE('',*,*,#810,.T.);
#1073=ORIENTED_EDGE('',*,*,#798,.T.);
#1074=ORIENTED_EDGE('',*,*,#812,.F.);
#1075=ORIENTED_EDGE('',*,*,#813,.F.);
#1076=ORIENTED_EDGE('',*,*,#812,.T.);
#1077=ORIENTED_EDGE('',*,*,#797,.T.);
#1078=ORIENTED_EDGE('',*,*,#814,.F.);
#1079=ORIENTED_EDGE('',*,*,#815,.F.);
#1080=ORIENTED_EDGE('',*,*,#814,.T.);
#1081=ORIENTED_EDGE('',*,*,#796,.T.);
#1082=ORIENTED_EDGE('',*,*,#816,.F.);
#1083=ORIENTED_EDGE('',*,*,#817,.F.);
#1084=ORIENTED_EDGE('',*,*,#816,.T.);
#1085=ORIENTED_EDGE('',*,*,#795,.T.);
#1086=ORIENTED_EDGE('',*,*,#818,.F.);
#1087=ORIENTED_EDGE('',*,*,#819,.F.);
#1088=ORIENTED_EDGE('',*,*,#818,.T.);
#1089=ORIENTED_EDGE('',*,*,#794,.T.);
#1090=ORIENTED_EDGE('',*,*,#820,.F.);
#1091=ORIENTED_EDGE('',*,*,#821,.F.);
#1092=ORIENTED_EDGE('',*,*,#820,.T.);
#1093=ORIENTED_EDGE('',*,*,#793,.T.);
#1094=ORIENTED_EDGE('',*,*,#822,.F.);
#1095=ORIENTED_EDGE('',*,*,#823,.F.);
#1096=ORIENTED_EDGE('',*,*,#822,.T.);
#1097=ORIENTED_EDGE('',*,*,#792,.T.);
#1098=ORIENTED_EDGE('',*,*,#824,.F.);
#1099=ORIENTED_EDGE('',*,*,#825,.F.);
#1100=ORIENTED_EDGE('',*,*,#826,.T.);
#1101=ORIENTED_EDGE('',*,*,#800,.T.);
#1102=ORIENTED_EDGE('',*,*,#809,.F.);
#1103=ORIENTED_EDGE('',*,*,#827,.F.);
#1104=ORIENTED_EDGE('',*,*,#828,.T.);
#1105=ORIENTED_EDGE('',*,*,#801,.T.);
#1106=ORIENTED_EDGE('',*,*,#826,.F.);
#1107=ORIENTED_EDGE('',*,*,#829,.F.);
#1108=ORIENTED_EDGE('',*,*,#830,.T.);
#1109=ORIENTED_EDGE('',*,*,#802,.T.);
#1110=ORIENTED_EDGE('',*,*,#828,.F.);
#1111=ORIENTED_EDGE('',*,*,#831,.F.);
#1112=ORIENTED_EDGE('',*,*,#832,.T.);
#1113=ORIENTED_EDGE('',*,*,#803,.T.);
#1114=ORIENTED_EDGE('',*,*,#830,.F.);
#1115=ORIENTED_EDGE('',*,*,#833,.F.);
#1116=ORIENTED_EDGE('',*,*,#834,.T.);
#1117=ORIENTED_EDGE('',*,*,#804,.T.);
#1118=ORIENTED_EDGE('',*,*,#832,.F.);
#1119=ORIENTED_EDGE('',*,*,#835,.F.);
#1120=ORIENTED_EDGE('',*,*,#836,.T.);
#1121=ORIENTED_EDGE('',*,*,#805,.T.);
#1122=ORIENTED_EDGE('',*,*,#834,.F.);
#1123=ORIENTED_EDGE('',*,*,#837,.F.);
#1124=ORIENTED_EDGE('',*,*,#838,.T.);
#1125=ORIENTED_EDGE('',*,*,#806,.T.);
#1126=ORIENTED_EDGE('',*,*,#836,.F.);
#1127=ORIENTED_EDGE('',*,*,#839,.F.);
#1128=ORIENTED_EDGE('',*,*,#824,.T.);
#1129=ORIENTED_EDGE('',*,*,#807,.T.);
#1130=ORIENTED_EDGE('',*,*,#838,.F.);
#1131=ORIENTED_EDGE('',*,*,#840,.F.);
#1132=ORIENTED_EDGE('',*,*,#841,.T.);
#1133=ORIENTED_EDGE('',*,*,#842,.T.);
#1134=ORIENTED_EDGE('',*,*,#843,.F.);
#1135=ORIENTED_EDGE('',*,*,#844,.F.);
#1136=ORIENTED_EDGE('',*,*,#843,.T.);
#1137=ORIENTED_EDGE('',*,*,#845,.T.);
#1138=ORIENTED_EDGE('',*,*,#846,.F.);
#1139=ORIENTED_EDGE('',*,*,#847,.F.);
#1140=ORIENTED_EDGE('',*,*,#846,.T.);
#1141=ORIENTED_EDGE('',*,*,#848,.T.);
#1142=ORIENTED_EDGE('',*,*,#849,.F.);
#1143=ORIENTED_EDGE('',*,*,#850,.F.);
#1144=ORIENTED_EDGE('',*,*,#851,.T.);
#1145=ORIENTED_EDGE('',*,*,#852,.T.);
#1146=ORIENTED_EDGE('',*,*,#841,.F.);
#1147=ORIENTED_EDGE('',*,*,#853,.F.);
#1148=ORIENTED_EDGE('',*,*,#854,.T.);
#1149=ORIENTED_EDGE('',*,*,#855,.T.);
#1150=ORIENTED_EDGE('',*,*,#851,.F.);
#1151=ORIENTED_EDGE('',*,*,#856,.F.);
#1152=ORIENTED_EDGE('',*,*,#857,.T.);
#1153=ORIENTED_EDGE('',*,*,#858,.T.);
#1154=ORIENTED_EDGE('',*,*,#854,.F.);
#1155=ORIENTED_EDGE('',*,*,#859,.F.);
#1156=ORIENTED_EDGE('',*,*,#849,.T.);
#1157=ORIENTED_EDGE('',*,*,#860,.T.);
#1158=ORIENTED_EDGE('',*,*,#857,.F.);
#1159=ORIENTED_EDGE('',*,*,#852,.F.);
#1160=ORIENTED_EDGE('',*,*,#855,.F.);
#1161=ORIENTED_EDGE('',*,*,#858,.F.);
#1162=ORIENTED_EDGE('',*,*,#860,.F.);
#1163=ORIENTED_EDGE('',*,*,#848,.F.);
#1164=ORIENTED_EDGE('',*,*,#845,.F.);
#1165=ORIENTED_EDGE('',*,*,#842,.F.);
#1166=ORIENTED_EDGE('',*,*,#861,.F.);
#1167=ORIENTED_EDGE('',*,*,#862,.T.);
#1168=ORIENTED_EDGE('',*,*,#863,.F.);
#1169=ORIENTED_EDGE('',*,*,#864,.F.);
#1170=ORIENTED_EDGE('',*,*,#865,.F.);
#1171=ORIENTED_EDGE('',*,*,#866,.T.);
#1172=ORIENTED_EDGE('',*,*,#867,.F.);
#1173=ORIENTED_EDGE('',*,*,#868,.F.);
#1174=ORIENTED_EDGE('',*,*,#867,.T.);
#1175=ORIENTED_EDGE('',*,*,#869,.T.);
#1176=ORIENTED_EDGE('',*,*,#863,.T.);
#1177=ORIENTED_EDGE('',*,*,#870,.T.);
#1178=ORIENTED_EDGE('',*,*,#727,.T.);
#1179=ORIENTED_EDGE('',*,*,#730,.T.);
#1180=ORIENTED_EDGE('',*,*,#732,.T.);
#1181=ORIENTED_EDGE('',*,*,#734,.T.);
#1182=ORIENTED_EDGE('',*,*,#736,.T.);
#1183=ORIENTED_EDGE('',*,*,#738,.T.);
#1184=ORIENTED_EDGE('',*,*,#740,.T.);
#1185=ORIENTED_EDGE('',*,*,#752,.T.);
#1186=ORIENTED_EDGE('',*,*,#750,.T.);
#1187=ORIENTED_EDGE('',*,*,#748,.T.);
#1188=ORIENTED_EDGE('',*,*,#746,.T.);
#1189=ORIENTED_EDGE('',*,*,#744,.T.);
#1190=ORIENTED_EDGE('',*,*,#742,.T.);
#1191=ORIENTED_EDGE('',*,*,#753,.T.);
#1192=ORIENTED_EDGE('',*,*,#757,.T.);
#1193=ORIENTED_EDGE('',*,*,#760,.T.);
#1194=ORIENTED_EDGE('',*,*,#763,.T.);
#1195=ORIENTED_EDGE('',*,*,#766,.T.);
#1196=ORIENTED_EDGE('',*,*,#769,.T.);
#1197=ORIENTED_EDGE('',*,*,#790,.T.);
#1198=ORIENTED_EDGE('',*,*,#787,.T.);
#1199=ORIENTED_EDGE('',*,*,#784,.T.);
#1200=ORIENTED_EDGE('',*,*,#781,.T.);
#1201=ORIENTED_EDGE('',*,*,#778,.T.);
#1202=ORIENTED_EDGE('',*,*,#775,.T.);
#1203=ORIENTED_EDGE('',*,*,#772,.T.);
#1204=ORIENTED_EDGE('',*,*,#808,.T.);
#1205=ORIENTED_EDGE('',*,*,#811,.T.);
#1206=ORIENTED_EDGE('',*,*,#813,.T.);
#1207=ORIENTED_EDGE('',*,*,#815,.T.);
#1208=ORIENTED_EDGE('',*,*,#817,.T.);
#1209=ORIENTED_EDGE('',*,*,#819,.T.);
#1210=ORIENTED_EDGE('',*,*,#821,.T.);
#1211=ORIENTED_EDGE('',*,*,#823,.T.);
#1212=ORIENTED_EDGE('',*,*,#839,.T.);
#1213=ORIENTED_EDGE('',*,*,#837,.T.);
#1214=ORIENTED_EDGE('',*,*,#835,.T.);
#1215=ORIENTED_EDGE('',*,*,#833,.T.);
#1216=ORIENTED_EDGE('',*,*,#831,.T.);
#1217=ORIENTED_EDGE('',*,*,#829,.T.);
#1218=ORIENTED_EDGE('',*,*,#827,.T.);
#1219=ORIENTED_EDGE('',*,*,#825,.T.);
#1220=ORIENTED_EDGE('',*,*,#840,.T.);
#1221=ORIENTED_EDGE('',*,*,#844,.T.);
#1222=ORIENTED_EDGE('',*,*,#847,.T.);
#1223=ORIENTED_EDGE('',*,*,#859,.T.);
#1224=ORIENTED_EDGE('',*,*,#856,.T.);
#1225=ORIENTED_EDGE('',*,*,#853,.T.);
#1226=ORIENTED_EDGE('',*,*,#850,.T.);
#1227=ORIENTED_EDGE('',*,*,#865,.T.);
#1228=ORIENTED_EDGE('',*,*,#871,.T.);
#1229=ORIENTED_EDGE('',*,*,#872,.T.);
#1230=ORIENTED_EDGE('',*,*,#873,.T.);
#1231=ORIENTED_EDGE('',*,*,#874,.T.);
#1232=ORIENTED_EDGE('',*,*,#875,.T.);
#1233=ORIENTED_EDGE('',*,*,#876,.F.);
#1234=ORIENTED_EDGE('',*,*,#877,.F.);
#1235=ORIENTED_EDGE('',*,*,#878,.T.);
#1236=ORIENTED_EDGE('',*,*,#877,.T.);
#1237=ORIENTED_EDGE('',*,*,#879,.F.);
#1238=ORIENTED_EDGE('',*,*,#864,.T.);
#1239=ORIENTED_EDGE('',*,*,#869,.F.);
#1240=ORIENTED_EDGE('',*,*,#866,.F.);
#1241=ORIENTED_EDGE('',*,*,#873,.F.);
#1242=ORIENTED_EDGE('',*,*,#880,.F.);
#1243=ORIENTED_EDGE('',*,*,#881,.T.);
#1244=ORIENTED_EDGE('',*,*,#880,.T.);
#1245=ORIENTED_EDGE('',*,*,#872,.F.);
#1246=ORIENTED_EDGE('',*,*,#882,.F.);
#1247=ORIENTED_EDGE('',*,*,#883,.T.);
#1248=ORIENTED_EDGE('',*,*,#882,.T.);
#1249=ORIENTED_EDGE('',*,*,#871,.F.);
#1250=ORIENTED_EDGE('',*,*,#868,.T.);
#1251=ORIENTED_EDGE('',*,*,#870,.F.);
#1252=ORIENTED_EDGE('',*,*,#862,.F.);
#1253=ORIENTED_EDGE('',*,*,#884,.F.);
#1254=ORIENTED_EDGE('',*,*,#875,.F.);
#1255=ORIENTED_EDGE('',*,*,#861,.T.);
#1256=ORIENTED_EDGE('',*,*,#879,.T.);
#1257=ORIENTED_EDGE('',*,*,#876,.T.);
#1258=ORIENTED_EDGE('',*,*,#884,.T.);
#1259=ORIENTED_EDGE('',*,*,#883,.F.);
#1260=ORIENTED_EDGE('',*,*,#874,.F.);
#1261=ORIENTED_EDGE('',*,*,#878,.F.);
#1262=ORIENTED_EDGE('',*,*,#881,.F.);
#1263=ORIENTED_EDGE('',*,*,#885,.F.);
#1264=ORIENTED_EDGE('',*,*,#886,.F.);
#1265=ORIENTED_EDGE('',*,*,#887,.F.);
#1266=ORIENTED_EDGE('',*,*,#888,.T.);
#1267=ORIENTED_EDGE('',*,*,#889,.F.);
#1268=ORIENTED_EDGE('',*,*,#888,.F.);
#1269=ORIENTED_EDGE('',*,*,#890,.F.);
#1270=ORIENTED_EDGE('',*,*,#891,.F.);
#1271=ORIENTED_EDGE('',*,*,#892,.F.);
#1272=ORIENTED_EDGE('',*,*,#893,.F.);
#1273=ORIENTED_EDGE('',*,*,#894,.F.);
#1274=ORIENTED_EDGE('',*,*,#895,.F.);
#1275=ORIENTED_EDGE('',*,*,#896,.F.);
#1276=ORIENTED_EDGE('',*,*,#897,.F.);
#1277=ORIENTED_EDGE('',*,*,#898,.F.);
#1278=ORIENTED_EDGE('',*,*,#893,.T.);
#1279=ORIENTED_EDGE('',*,*,#899,.F.);
#1280=ORIENTED_EDGE('',*,*,#900,.F.);
#1281=ORIENTED_EDGE('',*,*,#901,.F.);
#1282=ORIENTED_EDGE('',*,*,#902,.F.);
#1283=ORIENTED_EDGE('',*,*,#903,.F.);
#1284=ORIENTED_EDGE('',*,*,#886,.T.);
#1285=ORIENTED_EDGE('',*,*,#904,.F.);
#1286=ORIENTED_EDGE('',*,*,#905,.F.);
#1287=ORIENTED_EDGE('',*,*,#890,.T.);
#1288=ORIENTED_EDGE('',*,*,#887,.T.);
#1289=ORIENTED_EDGE('',*,*,#903,.T.);
#1290=ORIENTED_EDGE('',*,*,#906,.T.);
#1291=ORIENTED_EDGE('',*,*,#907,.F.);
#1292=ORIENTED_EDGE('',*,*,#894,.T.);
#1293=ORIENTED_EDGE('',*,*,#898,.T.);
#1294=ORIENTED_EDGE('',*,*,#908,.F.);
#1295=ORIENTED_EDGE('',*,*,#909,.T.);
#1296=ORIENTED_EDGE('',*,*,#910,.T.);
#1297=ORIENTED_EDGE('',*,*,#911,.T.);
#1298=ORIENTED_EDGE('',*,*,#912,.T.);
#1299=ORIENTED_EDGE('',*,*,#913,.T.);
#1300=ORIENTED_EDGE('',*,*,#895,.T.);
#1301=ORIENTED_EDGE('',*,*,#907,.T.);
#1302=ORIENTED_EDGE('',*,*,#914,.T.);
#1303=ORIENTED_EDGE('',*,*,#901,.T.);
#1304=ORIENTED_EDGE('',*,*,#915,.T.);
#1305=ORIENTED_EDGE('',*,*,#909,.F.);
#1306=ORIENTED_EDGE('',*,*,#916,.F.);
#1307=ORIENTED_EDGE('',*,*,#915,.F.);
#1308=ORIENTED_EDGE('',*,*,#900,.T.);
#1309=ORIENTED_EDGE('',*,*,#917,.T.);
#1310=ORIENTED_EDGE('',*,*,#910,.F.);
#1311=ORIENTED_EDGE('',*,*,#899,.T.);
#1312=ORIENTED_EDGE('',*,*,#918,.T.);
#1313=ORIENTED_EDGE('',*,*,#911,.F.);
#1314=ORIENTED_EDGE('',*,*,#917,.F.);
#1315=ORIENTED_EDGE('',*,*,#902,.T.);
#1316=ORIENTED_EDGE('',*,*,#916,.T.);
#1317=ORIENTED_EDGE('',*,*,#914,.F.);
#1318=ORIENTED_EDGE('',*,*,#906,.F.);
#1319=ORIENTED_EDGE('',*,*,#891,.T.);
#1320=ORIENTED_EDGE('',*,*,#908,.T.);
#1321=ORIENTED_EDGE('',*,*,#897,.T.);
#1322=ORIENTED_EDGE('',*,*,#919,.F.);
#1323=ORIENTED_EDGE('',*,*,#889,.T.);
#1324=ORIENTED_EDGE('',*,*,#919,.T.);
#1325=ORIENTED_EDGE('',*,*,#896,.T.);
#1326=ORIENTED_EDGE('',*,*,#892,.T.);
#1327=ORIENTED_EDGE('',*,*,#913,.F.);
#1328=ORIENTED_EDGE('',*,*,#920,.F.);
#1329=ORIENTED_EDGE('',*,*,#904,.T.);
#1330=ORIENTED_EDGE('',*,*,#885,.T.);
#1331=ORIENTED_EDGE('',*,*,#905,.T.);
#1332=ORIENTED_EDGE('',*,*,#920,.T.);
#1333=ORIENTED_EDGE('',*,*,#912,.F.);
#1334=ORIENTED_EDGE('',*,*,#918,.F.);
#1335=PLANE('',#1510);
#1336=PLANE('',#1512);
#1337=PLANE('',#1513);
#1338=PLANE('',#1515);
#1339=PLANE('',#1516);
#1340=PLANE('',#1517);
#1341=PLANE('',#1518);
#1342=PLANE('',#1521);
#1343=PLANE('',#1522);
#1344=PLANE('',#1523);
#1345=PLANE('',#1524);
#1346=PLANE('',#1525);
#1347=PLANE('',#1526);
#1348=PLANE('',#1527);
#1349=PLANE('',#1528);
#1350=PLANE('',#1529);
#1351=PLANE('',#1530);
#1352=PLANE('',#1531);
#1353=PLANE('',#1532);
#1354=PLANE('',#1533);
#1355=PLANE('',#1534);
#1356=PLANE('',#1535);
#1357=PLANE('',#1536);
#1358=PLANE('',#1537);
#1359=PLANE('',#1538);
#1360=PLANE('',#1539);
#1361=PLANE('',#1540);
#1362=PLANE('',#1541);
#1363=PLANE('',#1542);
#1364=PLANE('',#1543);
#1365=PLANE('',#1544);
#1366=PLANE('',#1545);
#1367=PLANE('',#1546);
#1368=PLANE('',#1547);
#1369=PLANE('',#1549);
#1370=PLANE('',#1550);
#1371=PLANE('',#1551);
#1372=PLANE('',#1552);
#1373=PLANE('',#1553);
#1374=PLANE('',#1554);
#1375=PLANE('',#1555);
#1376=PLANE('',#1556);
#1377=PLANE('',#1557);
#1378=PLANE('',#1558);
#1379=PLANE('',#1559);
#1380=PLANE('',#1560);
#1381=PLANE('',#1561);
#1382=PLANE('',#1562);
#1383=STYLED_ITEM('',(#1469),#1390);
#1384=STYLED_ITEM('',(#1469),#1417);
#1385=STYLED_ITEM('',(#1469),#1418);
#1386=STYLED_ITEM('',(#1469),#1442);
#1387=STYLED_ITEM('',(#1470),#1445);
#1388=STYLED_ITEM('',(#1469),#27);
#1389=STYLED_ITEM('',(#1471),#28);
#1390=ADVANCED_FACE('',(#62),#1335,.T.);
#1391=ADVANCED_FACE('',(#63),#33,.F.);
#1392=ADVANCED_FACE('',(#64),#1336,.F.);
#1393=ADVANCED_FACE('',(#65),#34,.F.);
#1394=ADVANCED_FACE('',(#66),#35,.F.);
#1395=ADVANCED_FACE('',(#67),#36,.F.);
#1396=ADVANCED_FACE('',(#68),#37,.F.);
#1397=ADVANCED_FACE('',(#69),#1337,.F.);
#1398=ADVANCED_FACE('',(#70),#38,.F.);
#1399=ADVANCED_FACE('',(#71),#39,.F.);
#1400=ADVANCED_FACE('',(#72),#40,.F.);
#1401=ADVANCED_FACE('',(#73),#41,.F.);
#1402=ADVANCED_FACE('',(#74),#1338,.F.);
#1403=ADVANCED_FACE('',(#75),#1339,.F.);
#1404=ADVANCED_FACE('',(#76),#1340,.F.);
#1405=ADVANCED_FACE('',(#77),#1341,.F.);
#1406=ADVANCED_FACE('',(#78),#42,.F.);
#1407=ADVANCED_FACE('',(#79),#43,.F.);
#1408=ADVANCED_FACE('',(#80),#44,.F.);
#1409=ADVANCED_FACE('',(#81),#45,.F.);
#1410=ADVANCED_FACE('',(#82),#1342,.F.);
#1411=ADVANCED_FACE('',(#83),#46,.F.);
#1412=ADVANCED_FACE('',(#84),#47,.F.);
#1413=ADVANCED_FACE('',(#85),#48,.F.);
#1414=ADVANCED_FACE('',(#86),#49,.F.);
#1415=ADVANCED_FACE('',(#87),#1343,.F.);
#1416=ADVANCED_FACE('',(#88),#50,.F.);
#1417=ADVANCED_FACE('',(#89),#1344,.T.);
#1418=ADVANCED_FACE('',(#90),#1345,.T.);
#1419=ADVANCED_FACE('',(#91),#1346,.F.);
#1420=ADVANCED_FACE('',(#92),#1347,.F.);
#1421=ADVANCED_FACE('',(#93),#1348,.F.);
#1422=ADVANCED_FACE('',(#94),#51,.F.);
#1423=ADVANCED_FACE('',(#95),#52,.F.);
#1424=ADVANCED_FACE('',(#96),#53,.F.);
#1425=ADVANCED_FACE('',(#97),#54,.F.);
#1426=ADVANCED_FACE('',(#98),#55,.F.);
#1427=ADVANCED_FACE('',(#99),#1349,.F.);
#1428=ADVANCED_FACE('',(#100),#1350,.F.);
#1429=ADVANCED_FACE('',(#101),#1351,.F.);
#1430=ADVANCED_FACE('',(#102),#56,.F.);
#1431=ADVANCED_FACE('',(#103),#57,.F.);
#1432=ADVANCED_FACE('',(#104),#58,.F.);
#1433=ADVANCED_FACE('',(#105),#59,.F.);
#1434=ADVANCED_FACE('',(#106),#1352,.F.);
#1435=ADVANCED_FACE('',(#107),#1353,.F.);
#1436=ADVANCED_FACE('',(#108),#1354,.F.);
#1437=ADVANCED_FACE('',(#109),#60,.F.);
#1438=ADVANCED_FACE('',(#110),#1355,.F.);
#1439=ADVANCED_FACE('',(#111),#1356,.F.);
#1440=ADVANCED_FACE('',(#112),#61,.F.);
#1441=ADVANCED_FACE('',(#113),#1357,.F.);
#1442=ADVANCED_FACE('',(#114),#1358,.T.);
#1443=ADVANCED_FACE('',(#115),#1359,.T.);
#1444=ADVANCED_FACE('',(#116),#1360,.T.);
#1445=ADVANCED_FACE('',(#117,#29,#30,#31,#32),#1361,.T.);
#1446=ADVANCED_FACE('',(#118),#1362,.T.);
#1447=ADVANCED_FACE('',(#119),#1363,.T.);
#1448=ADVANCED_FACE('',(#120),#1364,.T.);
#1449=ADVANCED_FACE('',(#121),#1365,.T.);
#1450=ADVANCED_FACE('',(#122),#1366,.T.);
#1451=ADVANCED_FACE('',(#123),#1367,.T.);
#1452=ADVANCED_FACE('',(#124),#1368,.F.);
#1453=ADVANCED_FACE('',(#125),#1369,.F.);
#1454=ADVANCED_FACE('',(#126),#1370,.F.);
#1455=ADVANCED_FACE('',(#127),#1371,.F.);
#1456=ADVANCED_FACE('',(#128),#1372,.F.);
#1457=ADVANCED_FACE('',(#129),#1373,.F.);
#1458=ADVANCED_FACE('',(#130),#1374,.T.);
#1459=ADVANCED_FACE('',(#131),#1375,.T.);
#1460=ADVANCED_FACE('',(#132),#1376,.T.);
#1461=ADVANCED_FACE('',(#133),#1377,.T.);
#1462=ADVANCED_FACE('',(#134),#1378,.T.);
#1463=ADVANCED_FACE('',(#135),#1379,.T.);
#1464=ADVANCED_FACE('',(#136),#1380,.T.);
#1465=ADVANCED_FACE('',(#137),#1381,.T.);
#1466=ADVANCED_FACE('',(#138),#1382,.T.);
#1467=CLOSED_SHELL('',(#1390,#1391,#1392,#1393,#1394,#1395,#1396,#1397,
#1398,#1399,#1400,#1401,#1402,#1403,#1404,#1405,#1406,#1407,#1408,#1409,
#1410,#1411,#1412,#1413,#1414,#1415,#1416,#1417,#1418,#1419,#1420,#1421,
#1422,#1423,#1424,#1425,#1426,#1427,#1428,#1429,#1430,#1431,#1432,#1433,
#1434,#1435,#1436,#1437,#1438,#1439,#1440,#1441,#1442,#1443,#1444,#1445,
#1446,#1447,#1448,#1449,#1450,#1451,#1452));
#1468=CLOSED_SHELL('',(#1453,#1454,#1455,#1456,#1457,#1458,#1459,#1460,
#1461,#1462,#1463,#1464,#1465,#1466));
#1469=PRESENTATION_STYLE_ASSIGNMENT((#1472));
#1470=PRESENTATION_STYLE_ASSIGNMENT((#1473));
#1471=PRESENTATION_STYLE_ASSIGNMENT((#1474));
#1472=SURFACE_STYLE_USAGE(.BOTH.,#1475);
#1473=SURFACE_STYLE_USAGE(.BOTH.,#1476);
#1474=SURFACE_STYLE_USAGE(.BOTH.,#1477);
#1475=SURFACE_SIDE_STYLE('',(#1478));
#1476=SURFACE_SIDE_STYLE('',(#1479));
#1477=SURFACE_SIDE_STYLE('',(#1480));
#1478=SURFACE_STYLE_FILL_AREA(#1481);
#1479=SURFACE_STYLE_FILL_AREA(#1482);
#1480=SURFACE_STYLE_FILL_AREA(#1483);
#1481=FILL_AREA_STYLE('',(#1484));
#1482=FILL_AREA_STYLE('',(#1485));
#1483=FILL_AREA_STYLE('',(#1486));
#1484=FILL_AREA_STYLE_COLOUR('',#1487);
#1485=FILL_AREA_STYLE_COLOUR('',#1488);
#1486=FILL_AREA_STYLE_COLOUR('',#1489);
#1487=COLOUR_RGB('',0.96078431372549,0.96078431372549,0.96078431372549);
#1488=COLOUR_RGB('',0.270588235294118,0.270588235294118,0.270588235294118);
#1489=COLOUR_RGB('',0.745098039215686,0.737254901960784,0.729411764705882);
#1490=DATE_TIME_ROLE('creation_date');
#1491=DATE_TIME_ROLE('creation_date');
#1492=DATE_TIME_ROLE('creation_date');
#1493=APPLIED_DATE_AND_TIME_ASSIGNMENT(#1496,#1490,(#2729));
#1494=APPLIED_DATE_AND_TIME_ASSIGNMENT(#1497,#1491,(#2730));
#1495=APPLIED_DATE_AND_TIME_ASSIGNMENT(#1498,#1492,(#2731));
#1496=DATE_AND_TIME(#1499,#1502);
#1497=DATE_AND_TIME(#1500,#1503);
#1498=DATE_AND_TIME(#1501,#1504);
#1499=CALENDAR_DATE(2016,26,3);
#1500=CALENDAR_DATE(2016,26,3);
#1501=CALENDAR_DATE(2016,26,3);
#1502=LOCAL_TIME(18,54,5.,#1505);
#1503=LOCAL_TIME(18,21,49.,#1506);
#1504=LOCAL_TIME(18,44,37.,#1507);
#1505=COORDINATED_UNIVERSAL_TIME_OFFSET(0,0,.BEHIND.);
#1506=COORDINATED_UNIVERSAL_TIME_OFFSET(0,0,.BEHIND.);
#1507=COORDINATED_UNIVERSAL_TIME_OFFSET(0,0,.BEHIND.);
#1508=AXIS2_PLACEMENT_3D('placement',#1831,#1566,#1567);
#1509=AXIS2_PLACEMENT_3D('placement',#1832,#1568,#1569);
#1510=AXIS2_PLACEMENT_3D('',#1833,#1570,#1571);
#1511=AXIS2_PLACEMENT_3D('',#1912,#1574,#1575);
#1512=AXIS2_PLACEMENT_3D('',#1932,#1580,#1581);
#1513=AXIS2_PLACEMENT_3D('',#1995,#1588,#1589);
#1514=AXIS2_PLACEMENT_3D('',#2048,#1595,#1596);
#1515=AXIS2_PLACEMENT_3D('',#2050,#1598,#1599);
#1516=AXIS2_PLACEMENT_3D('',#2054,#1602,#1603);
#1517=AXIS2_PLACEMENT_3D('',#2056,#1605,#1606);
#1518=AXIS2_PLACEMENT_3D('',#2065,#1611,#1612);
#1519=AXIS2_PLACEMENT_3D('',#2078,#1616,#1617);
#1520=AXIS2_PLACEMENT_3D('',#2080,#1618,#1619);
#1521=AXIS2_PLACEMENT_3D('',#2148,#1624,#1625);
#1522=AXIS2_PLACEMENT_3D('',#2248,#1633,#1634);
#1523=AXIS2_PLACEMENT_3D('',#2273,#1638,#1639);
#1524=AXIS2_PLACEMENT_3D('',#2274,#1640,#1641);
#1525=AXIS2_PLACEMENT_3D('',#2354,#1649,#1650);
#1526=AXIS2_PLACEMENT_3D('',#2360,#1654,#1655);
#1527=AXIS2_PLACEMENT_3D('',#2364,#1658,#1659);
#1528=AXIS2_PLACEMENT_3D('',#2429,#1667,#1668);
#1529=AXIS2_PLACEMENT_3D('',#2433,#1671,#1672);
#1530=AXIS2_PLACEMENT_3D('',#2437,#1675,#1676);
#1531=AXIS2_PLACEMENT_3D('',#2497,#1683,#1684);
#1532=AXIS2_PLACEMENT_3D('',#2499,#1686,#1687);
#1533=AXIS2_PLACEMENT_3D('',#2508,#1692,#1693);
#1534=AXIS2_PLACEMENT_3D('',#2536,#1698,#1699);
#1535=AXIS2_PLACEMENT_3D('',#2542,#1703,#1704);
#1536=AXIS2_PLACEMENT_3D('',#2570,#1709,#1710);
#1537=AXIS2_PLACEMENT_3D('',#2573,#1713,#1714);
#1538=AXIS2_PLACEMENT_3D('',#2574,#1715,#1716);
#1539=AXIS2_PLACEMENT_3D('',#2583,#1721,#1722);
#1540=AXIS2_PLACEMENT_3D('',#2592,#1727,#1728);
#1541=AXIS2_PLACEMENT_3D('',#2595,#1731,#1732);
#1542=AXIS2_PLACEMENT_3D('',#2601,#1736,#1737);
#1543=AXIS2_PLACEMENT_3D('',#2610,#1742,#1743);
#1544=AXIS2_PLACEMENT_3D('',#2615,#1747,#1748);
#1545=AXIS2_PLACEMENT_3D('',#2619,#1751,#1752);
#1546=AXIS2_PLACEMENT_3D('',#2622,#1755,#1756);
#1547=AXIS2_PLACEMENT_3D('',#2623,#1757,#1758);
#1548=AXIS2_PLACEMENT_3D('placement',#2624,#1759,#1760);
#1549=AXIS2_PLACEMENT_3D('',#2625,#1761,#1762);
#1550=AXIS2_PLACEMENT_3D('',#2634,#1767,#1768);
#1551=AXIS2_PLACEMENT_3D('',#2640,#1772,#1773);
#1552=AXIS2_PLACEMENT_3D('',#2649,#1778,#1779);
#1553=AXIS2_PLACEMENT_3D('',#2655,#1783,#1784);
#1554=AXIS2_PLACEMENT_3D('',#2669,#1792,#1793);
#1555=AXIS2_PLACEMENT_3D('',#2674,#1797,#1798);
#1556=AXIS2_PLACEMENT_3D('',#2686,#1805,#1806);
#1557=AXIS2_PLACEMENT_3D('',#2689,#1809,#1810);
#1558=AXIS2_PLACEMENT_3D('',#2691,#1812,#1813);
#1559=AXIS2_PLACEMENT_3D('',#2693,#1815,#1816);
#1560=AXIS2_PLACEMENT_3D('',#2694,#1817,#1818);
#1561=AXIS2_PLACEMENT_3D('',#2696,#1820,#1821);
#1562=AXIS2_PLACEMENT_3D('',#2698,#1823,#1824);
#1563=AXIS2_PLACEMENT_3D('',#2699,#1825,#1826);
#1564=AXIS2_PLACEMENT_3D('',#2700,#1827,#1828);
#1565=AXIS2_PLACEMENT_3D('',#2701,#1829,#1830);
#1566=DIRECTION('axis',(0.,0.,1.));
#1567=DIRECTION('refdir',(1.,0.,0.));
#1568=DIRECTION('axis',(0.,0.,1.));
#1569=DIRECTION('refdir',(1.,0.,0.));
#1570=DIRECTION('center_axis',(0.,1.,0.));
#1571=DIRECTION('ref_axis',(0.,0.,1.));
#1572=DIRECTION('',(1.,0.,0.));
#1573=DIRECTION('',(-0.994797022963533,0.,-0.101876803556507));
#1574=DIRECTION('center_axis',(0.,-1.,0.));
#1575=DIRECTION('ref_axis',(-0.931301673035565,0.,-0.364248807549398));
#1576=DIRECTION('',(-1.,0.,0.));
#1577=DIRECTION('',(0.,0.,1.));
#1578=DIRECTION('',(0.,-1.,0.));
#1579=DIRECTION('',(0.,-1.,0.));
#1580=DIRECTION('center_axis',(-0.101876803556507,0.,0.994797022963534));
#1581=DIRECTION('ref_axis',(0.994797022963534,0.,0.101876803556507));
#1582=DIRECTION('',(-0.994797022963533,0.,-0.101876803556507));
#1583=DIRECTION('',(0.,-1.,0.));
#1584=DIRECTION('',(0.,-1.,0.));
#1585=DIRECTION('',(0.,-1.,0.));
#1586=DIRECTION('',(0.,-1.,0.));
#1587=DIRECTION('',(0.,-1.,0.));
#1588=DIRECTION('center_axis',(0.,0.,-1.));
#1589=DIRECTION('ref_axis',(-1.,0.,0.));
#1590=DIRECTION('',(1.,0.,0.));
#1591=DIRECTION('',(0.,-1.,0.));
#1592=DIRECTION('',(0.,-1.,0.));
#1593=DIRECTION('',(0.,-1.,0.));
#1594=DIRECTION('',(0.,-1.,0.));
#1595=DIRECTION('center_axis',(0.,-1.,0.));
#1596=DIRECTION('ref_axis',(-0.931301647493924,0.,-0.36424887285358));
#1597=DIRECTION('',(0.,-1.,0.));
#1598=DIRECTION('center_axis',(0.,0.,1.));
#1599=DIRECTION('ref_axis',(1.,0.,0.));
#1600=DIRECTION('',(-1.,0.,0.));
#1601=DIRECTION('',(0.,-1.,0.));
#1602=DIRECTION('center_axis',(1.,0.,0.));
#1603=DIRECTION('ref_axis',(0.,0.,-1.));
#1604=DIRECTION('',(0.,0.,1.));
#1605=DIRECTION('center_axis',(1.,0.,0.));
#1606=DIRECTION('ref_axis',(0.,0.,-1.));
#1607=DIRECTION('',(0.,0.,1.));
#1608=DIRECTION('',(0.,-1.,0.));
#1609=DIRECTION('',(0.,0.,1.));
#1610=DIRECTION('',(0.,-1.,0.));
#1611=DIRECTION('center_axis',(0.,0.,1.));
#1612=DIRECTION('ref_axis',(1.,0.,0.));
#1613=DIRECTION('',(-1.,0.,0.));
#1614=DIRECTION('',(-1.,0.,0.));
#1615=DIRECTION('',(0.,-1.,0.));
#1616=DIRECTION('center_axis',(0.,-1.,0.));
#1617=DIRECTION('ref_axis',(-0.931301647493924,0.,-0.36424887285358));
#1618=DIRECTION('center_axis',(0.,-1.,0.));
#1619=DIRECTION('ref_axis',(-0.931301673035565,0.,-0.364248807549398));
#1620=DIRECTION('',(0.,-1.,0.));
#1621=DIRECTION('',(0.,-1.,0.));
#1622=DIRECTION('',(0.,-1.,0.));
#1623=DIRECTION('',(0.,-1.,0.));
#1624=DIRECTION('center_axis',(0.,0.,-1.));
#1625=DIRECTION('ref_axis',(-1.,0.,0.));
#1626=DIRECTION('',(1.,0.,0.));
#1627=DIRECTION('',(0.,-1.,0.));
#1628=DIRECTION('',(1.,0.,0.));
#1629=DIRECTION('',(0.,-1.,0.));
#1630=DIRECTION('',(0.,-1.,0.));
#1631=DIRECTION('',(0.,-1.,0.));
#1632=DIRECTION('',(0.,-1.,0.));
#1633=DIRECTION('center_axis',(-0.101876803556507,0.,0.994797022963533));
#1634=DIRECTION('ref_axis',(0.994797022963533,0.,0.101876803556507));
#1635=DIRECTION('',(-0.994797022963533,0.,-0.101876803556507));
#1636=DIRECTION('',(0.,-1.,0.));
#1637=DIRECTION('',(-0.994797022963533,0.,-0.101876803556507));
#1638=DIRECTION('center_axis',(0.,1.,0.));
#1639=DIRECTION('ref_axis',(0.,0.,1.));
#1640=DIRECTION('center_axis',(0.,1.,0.));
#1641=DIRECTION('ref_axis',(0.,0.,1.));
#1642=DIRECTION('',(-0.197722501107636,0.,0.980258033660393));
#1643=DIRECTION('',(-1.,0.,0.));
#1644=DIRECTION('',(0.,0.,1.));
#1645=DIRECTION('',(1.,0.,0.));
#1646=DIRECTION('',(0.185168776217388,0.,-0.982706733626139));
#1647=DIRECTION('',(-0.991342203187439,0.,-0.131303603071184));
#1648=DIRECTION('',(0.996586307440647,0.,-0.0825574455867989));
#1649=DIRECTION('center_axis',(1.,0.,0.));
#1650=DIRECTION('ref_axis',(0.,0.,-1.));
#1651=DIRECTION('',(0.,0.,1.));
#1652=DIRECTION('',(0.,-1.,0.));
#1653=DIRECTION('',(0.,-1.,0.));
#1654=DIRECTION('center_axis',(0.,0.,1.));
#1655=DIRECTION('ref_axis',(1.,0.,0.));
#1656=DIRECTION('',(-1.,0.,0.));
#1657=DIRECTION('',(0.,-1.,0.));
#1658=DIRECTION('center_axis',(0.980258033660393,0.,0.197722501107636));
#1659=DIRECTION('ref_axis',(0.197722501107636,0.,-0.980258033660393));
#1660=DIRECTION('',(-0.197722501107636,0.,0.980258033660393));
#1661=DIRECTION('',(0.,-1.,0.));
#1662=DIRECTION('',(0.,-1.,0.));
#1663=DIRECTION('',(0.,-1.,0.));
#1664=DIRECTION('',(0.,-1.,0.));
#1665=DIRECTION('',(0.,-1.,0.));
#1666=DIRECTION('',(0.,-1.,0.));
#1667=DIRECTION('center_axis',(0.,0.,-1.));
#1668=DIRECTION('ref_axis',(-1.,0.,0.));
#1669=DIRECTION('',(1.,0.,0.));
#1670=DIRECTION('',(0.,-1.,0.));
#1671=DIRECTION('center_axis',(-0.982706733626139,0.,-0.185168776217388));
#1672=DIRECTION('ref_axis',(-0.185168776217388,0.,0.982706733626139));
#1673=DIRECTION('',(0.185168776217388,0.,-0.982706733626139));
#1674=DIRECTION('',(0.,-1.,0.));
#1675=DIRECTION('center_axis',(-0.131303603071184,0.,0.991342203187439));
#1676=DIRECTION('ref_axis',(0.991342203187439,0.,0.131303603071184));
#1677=DIRECTION('',(-0.991342203187439,0.,-0.131303603071184));
#1678=DIRECTION('',(0.,-1.,0.));
#1679=DIRECTION('',(0.,-1.,0.));
#1680=DIRECTION('',(0.,-1.,0.));
#1681=DIRECTION('',(0.,-1.,0.));
#1682=DIRECTION('',(0.,-1.,0.));
#1683=DIRECTION('center_axis',(-0.0825574455867989,0.,-0.996586307440646));
#1684=DIRECTION('ref_axis',(-0.996586307440647,0.,0.0825574455867989));
#1685=DIRECTION('',(0.996586307440647,0.,-0.0825574455867989));
#1686=DIRECTION('center_axis',(0.,0.,1.));
#1687=DIRECTION('ref_axis',(1.,0.,0.));
#1688=DIRECTION('',(-1.,0.,0.));
#1689=DIRECTION('',(0.,-1.,0.));
#1690=DIRECTION('',(-1.,0.,0.));
#1691=DIRECTION('',(0.,-1.,0.));
#1692=DIRECTION('center_axis',(-1.,0.,0.));
#1693=DIRECTION('ref_axis',(0.,0.,1.));
#1694=DIRECTION('',(0.,0.,-1.));
#1695=DIRECTION('',(0.,0.,-1.));
#1696=DIRECTION('',(0.,-1.,0.));
#1697=DIRECTION('',(0.,-1.,0.));
#1698=DIRECTION('center_axis',(1.,0.,0.));
#1699=DIRECTION('ref_axis',(0.,0.,-1.));
#1700=DIRECTION('',(0.,0.,1.));
#1701=DIRECTION('',(0.,-1.,0.));
#1702=DIRECTION('',(0.,0.,1.));
#1703=DIRECTION('center_axis',(0.,0.,-1.));
#1704=DIRECTION('ref_axis',(-1.,0.,0.));
#1705=DIRECTION('',(1.,0.,0.));
#1706=DIRECTION('',(0.,-1.,0.));
#1707=DIRECTION('',(1.,0.,0.));
#1708=DIRECTION('',(0.,-1.,0.));
#1709=DIRECTION('center_axis',(-1.,0.,0.));
#1710=DIRECTION('ref_axis',(0.,0.,1.));
#1711=DIRECTION('',(0.,0.,-1.));
#1712=DIRECTION('',(0.,0.,-1.));
#1713=DIRECTION('center_axis',(0.,1.,0.));
#1714=DIRECTION('ref_axis',(0.,0.,1.));
#1715=DIRECTION('center_axis',(-1.,0.,1.76225876924628E-16));
#1716=DIRECTION('ref_axis',(1.77635683940025E-16,0.,1.));
#1717=DIRECTION('',(-1.76225876924628E-16,0.,-1.));
#1718=DIRECTION('',(0.,1.,0.));
#1719=DIRECTION('',(1.76225876924628E-16,0.,1.));
#1720=DIRECTION('',(0.,1.,0.));
#1721=DIRECTION('center_axis',(1.,0.,0.));
#1722=DIRECTION('ref_axis',(0.,0.,-1.));
#1723=DIRECTION('',(0.,0.,1.));
#1724=DIRECTION('',(0.,1.,0.));
#1725=DIRECTION('',(0.,0.,-1.));
#1726=DIRECTION('',(0.,1.,0.));
#1727=DIRECTION('center_axis',(0.,1.,0.));
#1728=DIRECTION('ref_axis',(0.,0.,1.));
#1729=DIRECTION('',(-1.,0.,1.08845394571094E-16));
#1730=DIRECTION('',(1.,0.,-1.63268091856641E-16));
#1731=DIRECTION('center_axis',(0.,1.,0.));
#1732=DIRECTION('ref_axis',(0.,0.,1.));
#1733=DIRECTION('',(1.,0.,-1.34301172333688E-16));
#1734=DIRECTION('',(0.,0.,-1.));
#1735=DIRECTION('',(-1.,0.,2.68602344667377E-16));
#1736=DIRECTION('center_axis',(-1.,0.,0.));
#1737=DIRECTION('ref_axis',(0.,0.,1.));
#1738=DIRECTION('',(0.,0.,1.));
#1739=DIRECTION('',(0.,1.,0.));
#1740=DIRECTION('',(0.,0.,1.));
#1741=DIRECTION('',(0.,1.,0.));
#1742=DIRECTION('center_axis',(-2.68602344667377E-16,0.,-1.));
#1743=DIRECTION('ref_axis',(-1.,0.,2.66453525910038E-16));
#1744=DIRECTION('',(-1.,0.,2.68602344667377E-16));
#1745=DIRECTION('',(-1.,0.,2.68602344667377E-16));
#1746=DIRECTION('',(0.,1.,0.));
#1747=DIRECTION('center_axis',(1.,0.,0.));
#1748=DIRECTION('ref_axis',(0.,0.,-1.));
#1749=DIRECTION('',(0.,0.,-1.));
#1750=DIRECTION('',(0.,1.,0.));
#1751=DIRECTION('center_axis',(1.34301172333688E-16,0.,1.));
#1752=DIRECTION('ref_axis',(1.,0.,-1.33226762955019E-16));
#1753=DIRECTION('',(1.,0.,-1.34301172333688E-16));
#1754=DIRECTION('',(1.,0.,-1.34301172333688E-16));
#1755=DIRECTION('center_axis',(0.,1.,0.));
#1756=DIRECTION('ref_axis',(0.,0.,1.));
#1757=DIRECTION('center_axis',(0.,1.,0.));
#1758=DIRECTION('ref_axis',(0.,0.,1.));
#1759=DIRECTION('axis',(0.,0.,1.));
#1760=DIRECTION('refdir',(1.,0.,0.));
#1761=DIRECTION('center_axis',(-1.,-2.31296463463574E-16,3.46944695195361E-16));
#1762=DIRECTION('ref_axis',(-3.44169137633799E-16,0.,-1.));
#1763=DIRECTION('',(3.46944695195361E-16,4.37711350997099E-32,1.));
#1764=DIRECTION('',(2.31296463463574E-16,-1.,0.));
#1765=DIRECTION('',(-3.46944695195361E-16,-8.02470810161348E-32,-1.));
#1766=DIRECTION('',(2.31296463463574E-16,-1.,0.));
#1767=DIRECTION('center_axis',(1.15648231731787E-16,2.67490270053783E-32,
1.));
#1768=DIRECTION('ref_axis',(-1.,-2.33146835171283E-16,1.16573417585641E-16));
#1769=DIRECTION('',(1.,1.26161707343768E-16,-1.15648231731787E-16));
#1770=DIRECTION('',(-1.,-2.31296463463574E-16,1.15648231731787E-16));
#1771=DIRECTION('',(0.,1.,-2.67490270053783E-32));
#1772=DIRECTION('center_axis',(-1.,-2.31296463463574E-16,1.7347234759768E-16));
#1773=DIRECTION('ref_axis',(-1.72084568816899E-16,0.,-1.));
#1774=DIRECTION('',(1.7347234759768E-16,2.18855675498549E-32,1.));
#1775=DIRECTION('',(2.31296463463574E-16,-1.,0.));
#1776=DIRECTION('',(-1.7347234759768E-16,-4.01235405080673E-32,-1.));
#1777=DIRECTION('',(-2.31296463463574E-16,1.,0.));
#1778=DIRECTION('center_axis',(0.,0.,-1.));
#1779=DIRECTION('ref_axis',(1.,2.33146835171283E-16,0.));
#1780=DIRECTION('',(-1.,-1.26161707343768E-16,0.));
#1781=DIRECTION('',(0.,-1.,0.));
#1782=DIRECTION('',(1.,2.31296463463574E-16,0.));
#1783=DIRECTION('center_axis',(0.,0.,1.));
#1784=DIRECTION('ref_axis',(1.,0.,0.));
#1785=DIRECTION('',(-1.,-1.5770213417971E-16,0.));
#1786=DIRECTION('',(0.,1.,0.));
#1787=DIRECTION('',(1.,1.22464679914735E-16,0.));
#1788=DIRECTION('',(1.83697019872103E-16,-1.,0.));
#1789=DIRECTION('',(-1.,-2.31296463463574E-16,0.));
#1790=DIRECTION('',(1.,1.26161707343768E-16,0.));
#1791=DIRECTION('',(-3.81639164714898E-16,1.,0.));
#1792=DIRECTION('center_axis',(-2.31296463463574E-16,1.,0.));
#1793=DIRECTION('ref_axis',(-1.,-2.33146835171283E-16,0.));
#1794=DIRECTION('',(0.,0.,1.));
#1795=DIRECTION('',(-1.,-2.31296463463574E-16,0.));
#1796=DIRECTION('',(0.,0.,1.));
#1797=DIRECTION('center_axis',(0.,0.,1.));
#1798=DIRECTION('ref_axis',(1.,0.,0.));
#1799=DIRECTION('',(1.,1.22464679914735E-16,0.));
#1800=DIRECTION('',(0.,1.,0.));
#1801=DIRECTION('',(-1.,-1.5770213417971E-16,0.));
#1802=DIRECTION('',(-3.81639164714898E-16,1.,0.));
#1803=DIRECTION('',(1.,1.26161707343768E-16,0.));
#1804=DIRECTION('',(1.83697019872103E-16,-1.,0.));
#1805=DIRECTION('center_axis',(1.22464679914735E-16,-1.,0.));
#1806=DIRECTION('ref_axis',(1.,1.22464679914735E-16,0.));
#1807=DIRECTION('',(0.,0.,1.));
#1808=DIRECTION('',(0.,0.,1.));
#1809=DIRECTION('center_axis',(1.,0.,0.));
#1810=DIRECTION('ref_axis',(0.,1.,0.));
#1811=DIRECTION('',(0.,0.,1.));
#1812=DIRECTION('center_axis',(-1.5770213417971E-16,1.,0.));
#1813=DIRECTION('ref_axis',(-1.,-1.57512891618694E-16,0.));
#1814=DIRECTION('',(0.,0.,1.));
#1815=DIRECTION('center_axis',(-1.,-1.83697019872103E-16,0.));
#1816=DIRECTION('ref_axis',(1.83697019872103E-16,-1.,0.));
#1817=DIRECTION('center_axis',(1.,0.,0.));
#1818=DIRECTION('ref_axis',(0.,1.,0.));
#1819=DIRECTION('',(0.,0.,1.));
#1820=DIRECTION('center_axis',(1.26161707343768E-16,-1.,0.));
#1821=DIRECTION('ref_axis',(1.,1.22124532708767E-16,0.));
#1822=DIRECTION('',(0.,0.,1.));
#1823=DIRECTION('center_axis',(1.,3.81639164714898E-16,0.));
#1824=DIRECTION('ref_axis',(-3.81639164714898E-16,1.,0.));
#1825=DIRECTION('',(-9.71568962448125E-78,2.78091575468717E-93,1.));
#1826=DIRECTION('',(1.,2.17162132694991E-47,9.71568962448125E-78));
#1827=DIRECTION('',(-3.88455044144714E-63,5.25253621196516E-32,1.));
#1828=DIRECTION('',(1.,7.39557098644693E-32,0.));
#1829=DIRECTION('',(-2.35203294488097E-48,-1.3684555315672E-48,-1.));
#1830=DIRECTION('',(-1.,5.05364017407211E-31,2.35203294488097E-48));
#1831=CARTESIAN_POINT('',(0.,0.,0.));
#1832=CARTESIAN_POINT('',(0.,0.,0.));
#1833=CARTESIAN_POINT('Origin',(-5.55111512312578E-16,0.549,-2.77555756156289E-16));
#1834=CARTESIAN_POINT('',(0.692530489276822,0.548999999999999,0.26276676793492));
#1835=CARTESIAN_POINT('',(1.03559451512765,0.548999999999999,0.26276676793492));
#1836=CARTESIAN_POINT('',(0.517797257563826,0.548999999999999,0.26276676793492));
#1837=CARTESIAN_POINT('',(0.828048782536715,0.548999999999999,0.128315547850302));
#1838=CARTESIAN_POINT('Ctrl Pts',(0.828048782536715,0.548999999999999,0.128315547850302));
#1839=CARTESIAN_POINT('Ctrl Pts',(0.776473579065102,0.548999999999999,0.171354165919717));
#1840=CARTESIAN_POINT('Ctrl Pts',(0.743394310631585,0.548999999999999,0.200609755475166));
#1841=CARTESIAN_POINT('Ctrl Pts',(0.728810977236163,0.548999999999999,0.21608231651665));
#1842=CARTESIAN_POINT('Ctrl Pts',(0.714227643840742,0.548999999999999,0.231554877558134));
#1843=CARTESIAN_POINT('Ctrl Pts',(0.702134147854295,0.548999999999999,0.247116361364224));
#1844=CARTESIAN_POINT('Ctrl Pts',(0.692530489276822,0.548999999999999,0.26276676793492));
#1845=CARTESIAN_POINT('',(1.03452744195238,0.548999999999999,-0.162995428999703));
#1846=CARTESIAN_POINT('Ctrl Pts',(1.03452744195238,0.548999999999999,-0.162995428999703));
#1847=CARTESIAN_POINT('Ctrl Pts',(1.03452744195238,0.548999999999999,-0.134895835384135));
#1848=CARTESIAN_POINT('Ctrl Pts',(1.02883638501758,0.548999999999999,-0.107329778356204));
#1849=CARTESIAN_POINT('Ctrl Pts',(1.01745427114798,0.548999999999999,-0.0802972579159101));
#1850=CARTESIAN_POINT('Ctrl Pts',(1.00607215727838,0.548999999999999,-0.0532647374756166));
#1851=CARTESIAN_POINT('Ctrl Pts',(0.987042685652652,0.548999999999999,-0.0248094528016234));
#1852=CARTESIAN_POINT('Ctrl Pts',(0.960365856270783,0.548999999999999,0.0050685961060694));
#1853=CARTESIAN_POINT('Ctrl Pts',(0.933689026888914,0.548999999999999,0.0349466450137622));
#1854=CARTESIAN_POINT('Ctrl Pts',(0.889583335644225,0.548999999999999,0.0760289622618399));
#1855=CARTESIAN_POINT('Ctrl Pts',(0.828048782536715,0.548999999999999,0.128315547850302));
#1856=CARTESIAN_POINT('',(0.816310977608693,0.548999999999999,-0.357202746899706));
#1857=CARTESIAN_POINT('Ctrl Pts',(0.816310977608692,0.548999999999999,-0.357202746899706));
#1858=CARTESIAN_POINT('Ctrl Pts',(0.834833487932889,0.548999999999999,-0.357202746899706));
#1859=CARTESIAN_POINT('Ctrl Pts',(0.853454612295437,0.548999999999999,-0.355791869002988));
#1860=CARTESIAN_POINT('Ctrl Pts',(0.888207073269691,0.548999999999999,-0.349391728021136));
#1861=CARTESIAN_POINT('Ctrl Pts',(0.904372126036639,0.548999999999999,-0.34475257324829));
#1862=CARTESIAN_POINT('Ctrl Pts',(0.946914712455899,0.548999999999999,-0.32654853159369));
#1863=CARTESIAN_POINT('Ctrl Pts',(0.966806060890536,0.548999999999999,-0.311044508114953));
#1864=CARTESIAN_POINT('Ctrl Pts',(0.998447148632659,0.548999999999999,-0.278369676810203));
#1865=CARTESIAN_POINT('Ctrl Pts',(1.01142921647538,0.548999999999999,-0.259297800750159));
#1866=CARTESIAN_POINT('Ctrl Pts',(1.03025771160789,0.548999999999999,-0.213878520562744));
#1867=CARTESIAN_POINT('Ctrl Pts',(1.03452744195238,0.548999999999999,-0.188751941098662));
#1868=CARTESIAN_POINT('Ctrl Pts',(1.03452744195238,0.548999999999999,-0.162995428999703));
#1869=CARTESIAN_POINT('',(0.589024391275172,0.548999999999999,-0.154992380185142));
#1870=CARTESIAN_POINT('Ctrl Pts',(0.589024391275172,0.548999999999999,-0.154992380185142));
#1871=CARTESIAN_POINT('Ctrl Pts',(0.595071139268395,0.548999999999999,-0.220795225993751));
#1872=CARTESIAN_POINT('Ctrl Pts',(0.61783536700759,0.548999999999999,-0.270947665231664));
#1873=CARTESIAN_POINT('Ctrl Pts',(0.657317074492755,0.548999999999999,-0.305449697898881));
#1874=CARTESIAN_POINT('Ctrl Pts',(0.696798781977921,0.548999999999999,-0.339951730566098));
#1875=CARTESIAN_POINT('Ctrl Pts',(0.749796749683233,0.548999999999999,-0.357202746899706));
#1876=CARTESIAN_POINT('Ctrl Pts',(0.816310977608692,0.548999999999999,-0.357202746899706));
#1877=CARTESIAN_POINT('',(0.677591464822976,0.548999999999999,-0.145922258195307));
#1878=CARTESIAN_POINT('',(0.30542288958553,0.548999999999999,-0.184035907466612));
#1879=CARTESIAN_POINT('',(0.814176831258143,0.548999999999999,-0.286242380743936));
#1880=CARTESIAN_POINT('Ctrl Pts',(0.814176831258143,0.548999999999999,-0.286242380743936));
#1881=CARTESIAN_POINT('Ctrl Pts',(0.772916668480853,0.548999999999999,-0.286242380743936));
#1882=CARTESIAN_POINT('Ctrl Pts',(0.739926322811942,0.548999999999999,-0.273793193699064));
#1883=CARTESIAN_POINT('Ctrl Pts',(0.71520579425141,0.548999999999999,-0.24889481960932));
#1884=CARTESIAN_POINT('Ctrl Pts',(0.690485265690879,0.548999999999999,-0.223996445519576));
#1885=CARTESIAN_POINT('Ctrl Pts',(0.677947155881401,0.548999999999999,-0.189672258381571));
#1886=CARTESIAN_POINT('Ctrl Pts',(0.677591464822976,0.548999999999999,-0.145922258195307));
#1887=CARTESIAN_POINT('',(0.945960368404574,0.548999999999999,-0.165129575350252));
#1888=CARTESIAN_POINT('Ctrl Pts',(0.945960368404574,0.548999999999999,-0.165129575350252));
#1889=CARTESIAN_POINT('Ctrl Pts',(0.945960368404574,0.548999999999999,-0.199275916959044));
#1890=CARTESIAN_POINT('Ctrl Pts',(0.93377794965352,0.548999999999999,-0.227997969926856));
#1891=CARTESIAN_POINT('Ctrl Pts',(0.909413112151414,0.548999999999999,-0.251295734253688));
#1892=CARTESIAN_POINT('Ctrl Pts',(0.885048274649307,0.548999999999999,-0.27459349858052));
#1893=CARTESIAN_POINT('Ctrl Pts',(0.853302847684884,0.548999999999999,-0.286242380743936));
#1894=CARTESIAN_POINT('Ctrl Pts',(0.814176831258143,0.548999999999999,-0.286242380743936));
#1895=CARTESIAN_POINT('',(0.752286587092208,0.548999999999999,0.0866996940145873));
#1896=CARTESIAN_POINT('Ctrl Pts',(0.752286587092208,0.548999999999999,0.0866996940145873));
#1897=CARTESIAN_POINT('Ctrl Pts',(0.828048782536715,0.548999999999999,0.0240980677318023));
#1898=CARTESIAN_POINT('Ctrl Pts',(0.879268294949902,0.548999999999999,-0.0253429893892608));
#1899=CARTESIAN_POINT('Ctrl Pts',(0.905945124331771,0.548999999999999,-0.0616234773486021));
#1900=CARTESIAN_POINT('Ctrl Pts',(0.932621953713639,0.548999999999999,-0.0979039653079434));
#1901=CARTESIAN_POINT('Ctrl Pts',(0.945960368404574,0.548999999999999,-0.13240599797516));
#1902=CARTESIAN_POINT('Ctrl Pts',(0.945960368404574,0.548999999999999,-0.165129575350252));
#1903=CARTESIAN_POINT('',(0.583155488811161,0.548999999999999,0.285708841203327));
#1904=CARTESIAN_POINT('Ctrl Pts',(0.583155488811161,0.548999999999999,0.285708841203327));
#1905=CARTESIAN_POINT('Ctrl Pts',(0.594893293739183,0.548999999999999,0.25405233700351));
#1906=CARTESIAN_POINT('Ctrl Pts',(0.613744919835703,0.548999999999999,0.223018292155936));
#1907=CARTESIAN_POINT('Ctrl Pts',(0.639710367100722,0.548999999999999,0.192606706660606));
#1908=CARTESIAN_POINT('Ctrl Pts',(0.665675814365741,0.548999999999999,0.162195121165276));
#1909=CARTESIAN_POINT('Ctrl Pts',(0.70320122102957,0.548999999999999,0.126892783616603));
#1910=CARTESIAN_POINT('Ctrl Pts',(0.752286587092208,0.548999999999999,0.0866996940145873));
#1911=CARTESIAN_POINT('',(0.573018293646051,0.548999999999999,0.345464939018713));
#1912=CARTESIAN_POINT('Origin',(0.721942649655966,0.548999999999999,0.33999099198709));
#1913=CARTESIAN_POINT('',(1.03559451512765,0.548999999999999,0.345464939018713));
#1914=CARTESIAN_POINT('',(0.286509146823025,0.548999999999999,0.345464939018713));
#1915=CARTESIAN_POINT('',(1.03559451512765,0.548999999999999,0.172732469509356));
#1916=CARTESIAN_POINT('Ctrl Pts',(0.814176831258143,7.52603038984206,-0.286242380743936));
#1917=CARTESIAN_POINT('Ctrl Pts',(0.814176831258143,-6.42603038984206,-0.286242380743936));
#1918=CARTESIAN_POINT('Ctrl Pts',(0.752286587092208,7.52603038984206,-0.286242380743936));
#1919=CARTESIAN_POINT('Ctrl Pts',(0.752286587092208,-6.42603038984206,-0.286242380743936));
#1920=CARTESIAN_POINT('Ctrl Pts',(0.678125001410613,7.52603038984206,-0.211547258474704));
#1921=CARTESIAN_POINT('Ctrl Pts',(0.678125001410613,-6.42603038984206,-0.211547258474704));
#1922=CARTESIAN_POINT('Ctrl Pts',(0.677591464822976,7.52603038984206,-0.145922258195307));
#1923=CARTESIAN_POINT('Ctrl Pts',(0.677591464822976,-6.42603038984206,-0.145922258195307));
#1924=CARTESIAN_POINT('',(0.814176831258143,0.549999999999999,-0.286242380743936));
#1925=CARTESIAN_POINT('',(0.677591464822976,0.549999999999999,-0.145922258195307));
#1926=CARTESIAN_POINT('Ctrl Pts',(0.814176831258143,0.55,-0.286242380743936));
#1927=CARTESIAN_POINT('Ctrl Pts',(0.752286587092208,0.55,-0.286242380743936));
#1928=CARTESIAN_POINT('Ctrl Pts',(0.678125001410613,0.55,-0.211547258474704));
#1929=CARTESIAN_POINT('Ctrl Pts',(0.677591464822976,0.55,-0.145922258195307));
#1930=CARTESIAN_POINT('',(0.814176831258143,7.52603038984206,-0.286242380743936));
#1931=CARTESIAN_POINT('',(0.677591464822976,7.52603038984206,-0.145922258195307));
#1932=CARTESIAN_POINT('Origin',(0.589024391275172,7.52603038984206,-0.154992380185142));
#1933=CARTESIAN_POINT('',(0.589024391275172,0.549999999999999,-0.154992380185142));
#1934=CARTESIAN_POINT('',(0.30542288958553,0.549999999999999,-0.184035907466612));
#1935=CARTESIAN_POINT('',(0.589024391275172,7.52603038984206,-0.154992380185142));
#1936=CARTESIAN_POINT('Ctrl Pts',(0.589024391275172,7.52603038984206,-0.154992380185142));
#1937=CARTESIAN_POINT('Ctrl Pts',(0.589024391275172,-6.42603038984206,-0.154992380185142));
#1938=CARTESIAN_POINT('Ctrl Pts',(0.598094513265007,7.52603038984206,-0.253696648898056));
#1939=CARTESIAN_POINT('Ctrl Pts',(0.598094513265007,-6.42603038984206,-0.253696648898056));
#1940=CARTESIAN_POINT('Ctrl Pts',(0.716539635720504,7.52603038984206,-0.357202746899706));
#1941=CARTESIAN_POINT('Ctrl Pts',(0.716539635720504,-6.42603038984206,-0.357202746899706));
#1942=CARTESIAN_POINT('Ctrl Pts',(0.816310977608692,7.52603038984206,-0.357202746899706));
#1943=CARTESIAN_POINT('Ctrl Pts',(0.816310977608692,-6.42603038984206,-0.357202746899706));
#1944=CARTESIAN_POINT('',(0.816310977608693,0.549999999999999,-0.357202746899706));
#1945=CARTESIAN_POINT('Ctrl Pts',(0.589024391275172,0.55,-0.154992380185142));
#1946=CARTESIAN_POINT('Ctrl Pts',(0.598094513265007,0.55,-0.253696648898056));
#1947=CARTESIAN_POINT('Ctrl Pts',(0.716539635720504,0.55,-0.357202746899706));
#1948=CARTESIAN_POINT('Ctrl Pts',(0.816310977608692,0.55,-0.357202746899706));
#1949=CARTESIAN_POINT('',(0.816310977608693,7.52603038984206,-0.357202746899706));
#1950=CARTESIAN_POINT('Ctrl Pts',(0.816310977608692,7.52603038984206,-0.357202746899706));
#1951=CARTESIAN_POINT('Ctrl Pts',(0.816310977608692,-6.42603038984206,-0.357202746899706));
#1952=CARTESIAN_POINT('Ctrl Pts',(0.917149392672156,7.52603038984206,-0.357202746899706));
#1953=CARTESIAN_POINT('Ctrl Pts',(0.917149392672156,-6.42603038984206,-0.357202746899706));
#1954=CARTESIAN_POINT('Ctrl Pts',(1.03452744195238,7.52603038984206,-0.245693600083496));
#1955=CARTESIAN_POINT('Ctrl Pts',(1.03452744195238,-6.42603038984206,-0.245693600083496));
#1956=CARTESIAN_POINT('Ctrl Pts',(1.03452744195238,7.52603038984206,-0.162995428999703));
#1957=CARTESIAN_POINT('Ctrl Pts',(1.03452744195238,-6.42603038984206,-0.162995428999703));
#1958=CARTESIAN_POINT('',(1.03452744195238,0.549999999999999,-0.162995428999703));
#1959=CARTESIAN_POINT('Ctrl Pts',(0.816310977608692,0.55,-0.357202746899706));
#1960=CARTESIAN_POINT('Ctrl Pts',(0.917149392672156,0.55,-0.357202746899706));
#1961=CARTESIAN_POINT('Ctrl Pts',(1.03452744195238,0.55,-0.245693600083496));
#1962=CARTESIAN_POINT('Ctrl Pts',(1.03452744195238,0.55,-0.162995428999703));
#1963=CARTESIAN_POINT('',(1.03452744195238,7.52603038984206,-0.162995428999703));
#1964=CARTESIAN_POINT('Ctrl Pts',(1.03452744195238,7.52603038984206,-0.162995428999703));
#1965=CARTESIAN_POINT('Ctrl Pts',(1.03452744195238,-6.42603038984206,-0.162995428999703));
#1966=CARTESIAN_POINT('Ctrl Pts',(1.03452744195238,7.52603038984206,-0.12084603857635));
#1967=CARTESIAN_POINT('Ctrl Pts',(1.03452744195238,-6.42603038984206,-0.12084603857635));
#1968=CARTESIAN_POINT('Ctrl Pts',(1.00038110034359,7.52603038984206,-0.0397484772554699));
#1969=CARTESIAN_POINT('Ctrl Pts',(1.00038110034359,-6.42603038984206,-0.0397484772554699));
#1970=CARTESIAN_POINT('Ctrl Pts',(0.92035061219798,7.52603038984206,0.0498856694676087));
#1971=CARTESIAN_POINT('Ctrl Pts',(0.92035061219798,-6.42603038984206,0.0498856694676087));
#1972=CARTESIAN_POINT('Ctrl Pts',(0.828048782536715,7.52603038984206,0.128315547850302));
#1973=CARTESIAN_POINT('Ctrl Pts',(0.828048782536715,-6.42603038984206,0.128315547850302));
#1974=CARTESIAN_POINT('',(0.828048782536715,0.549999999999999,0.128315547850302));
#1975=CARTESIAN_POINT('Ctrl Pts',(1.03452744195238,0.55,-0.162995428999703));
#1976=CARTESIAN_POINT('Ctrl Pts',(1.03452744195238,0.55,-0.12084603857635));
#1977=CARTESIAN_POINT('Ctrl Pts',(1.00038110034359,0.55,-0.0397484772554699));
#1978=CARTESIAN_POINT('Ctrl Pts',(0.92035061219798,0.55,0.0498856694676087));
#1979=CARTESIAN_POINT('Ctrl Pts',(0.828048782536715,0.55,0.128315547850302));
#1980=CARTESIAN_POINT('',(0.828048782536715,7.52603038984206,0.128315547850302));
#1981=CARTESIAN_POINT('Ctrl Pts',(0.828048782536715,7.52603038984206,0.128315547850302));
#1982=CARTESIAN_POINT('Ctrl Pts',(0.828048782536715,-6.42603038984206,0.128315547850302));
#1983=CARTESIAN_POINT('Ctrl Pts',(0.750685977329296,7.52603038984206,0.192873474954424));
#1984=CARTESIAN_POINT('Ctrl Pts',(0.750685977329296,-6.42603038984206,0.192873474954424));
#1985=CARTESIAN_POINT('Ctrl Pts',(0.706935977143031,7.52603038984206,0.239291158078876));
#1986=CARTESIAN_POINT('Ctrl Pts',(0.706935977143031,-6.42603038984206,0.239291158078876));
#1987=CARTESIAN_POINT('Ctrl Pts',(0.692530489276822,7.52603038984206,0.26276676793492));
#1988=CARTESIAN_POINT('Ctrl Pts',(0.692530489276822,-6.42603038984206,0.26276676793492));
#1989=CARTESIAN_POINT('',(0.692530489276822,0.549999999999999,0.26276676793492));
#1990=CARTESIAN_POINT('Ctrl Pts',(0.828048782536715,0.55,0.128315547850302));
#1991=CARTESIAN_POINT('Ctrl Pts',(0.750685977329296,0.55,0.192873474954424));
#1992=CARTESIAN_POINT('Ctrl Pts',(0.706935977143031,0.55,0.239291158078876));
#1993=CARTESIAN_POINT('Ctrl Pts',(0.692530489276822,0.55,0.26276676793492));
#1994=CARTESIAN_POINT('',(0.692530489276822,7.52603038984206,0.26276676793492));
#1995=CARTESIAN_POINT('Origin',(1.03559451512765,7.52603038984206,0.26276676793492));
#1996=CARTESIAN_POINT('',(1.03559451512765,0.549999999999999,0.26276676793492));
#1997=CARTESIAN_POINT('',(0.517797257563826,0.55,0.26276676793492));
#1998=CARTESIAN_POINT('',(1.03559451512765,7.52603038984206,0.26276676793492));
#1999=CARTESIAN_POINT('Ctrl Pts',(0.945960368404574,7.52603038984206,-0.165129575350252));
#2000=CARTESIAN_POINT('Ctrl Pts',(0.945960368404574,-6.42603038984206,-0.165129575350252));
#2001=CARTESIAN_POINT('Ctrl Pts',(0.945960368404574,7.52603038984206,-0.21634908776344));
#2002=CARTESIAN_POINT('Ctrl Pts',(0.945960368404574,-6.42603038984206,-0.21634908776344));
#2003=CARTESIAN_POINT('Ctrl Pts',(0.872865855898254,7.52603038984206,-0.286242380743936));
#2004=CARTESIAN_POINT('Ctrl Pts',(0.872865855898254,-6.42603038984206,-0.286242380743936));
#2005=CARTESIAN_POINT('Ctrl Pts',(0.814176831258143,7.52603038984206,-0.286242380743936));
#2006=CARTESIAN_POINT('Ctrl Pts',(0.814176831258143,-6.42603038984206,-0.286242380743936));
#2007=CARTESIAN_POINT('',(0.945960368404574,0.549999999999999,-0.165129575350252));
#2008=CARTESIAN_POINT('Ctrl Pts',(0.945960368404574,0.55,-0.165129575350252));
#2009=CARTESIAN_POINT('Ctrl Pts',(0.945960368404574,0.55,-0.21634908776344));
#2010=CARTESIAN_POINT('Ctrl Pts',(0.872865855898254,0.55,-0.286242380743936));
#2011=CARTESIAN_POINT('Ctrl Pts',(0.814176831258143,0.55,-0.286242380743936));
#2012=CARTESIAN_POINT('',(0.945960368404574,7.52603038984206,-0.165129575350252));
#2013=CARTESIAN_POINT('Ctrl Pts',(0.752286587092208,7.52603038984206,0.0866996940145873));
#2014=CARTESIAN_POINT('Ctrl Pts',(0.752286587092208,-6.42603038984206,0.0866996940145873));
#2015=CARTESIAN_POINT('Ctrl Pts',(0.865929880258968,7.52603038984206,-0.00720274540959014));
#2016=CARTESIAN_POINT('Ctrl Pts',(0.865929880258968,-6.42603038984206,-0.00720274540959014));
#2017=CARTESIAN_POINT('Ctrl Pts',(0.945960368404574,7.52603038984206,-0.116044209287614));
#2018=CARTESIAN_POINT('Ctrl Pts',(0.945960368404574,-6.42603038984206,-0.116044209287614));
#2019=CARTESIAN_POINT('Ctrl Pts',(0.945960368404574,7.52603038984206,-0.165129575350252));
#2020=CARTESIAN_POINT('Ctrl Pts',(0.945960368404574,-6.42603038984206,-0.165129575350252));
#2021=CARTESIAN_POINT('',(0.752286587092208,0.549999999999999,0.0866996940145873));
#2022=CARTESIAN_POINT('Ctrl Pts',(0.752286587092208,0.55,0.0866996940145873));
#2023=CARTESIAN_POINT('Ctrl Pts',(0.865929880258968,0.55,-0.00720274540959014));
#2024=CARTESIAN_POINT('Ctrl Pts',(0.945960368404574,0.55,-0.116044209287614));
#2025=CARTESIAN_POINT('Ctrl Pts',(0.945960368404574,0.55,-0.165129575350252));
#2026=CARTESIAN_POINT('',(0.752286587092208,7.52603038984206,0.0866996940145873));
#2027=CARTESIAN_POINT('Ctrl Pts',(0.583155488811161,7.52603038984206,0.285708841203327));
#2028=CARTESIAN_POINT('Ctrl Pts',(0.583155488811161,-6.42603038984206,0.285708841203327));
#2029=CARTESIAN_POINT('Ctrl Pts',(0.600762196203194,7.52603038984206,0.238224084903601));
#2030=CARTESIAN_POINT('Ctrl Pts',(0.600762196203194,-6.42603038984206,0.238224084903601));
#2031=CARTESIAN_POINT('Ctrl Pts',(0.67865853799825,7.52603038984206,0.14698932841761));
#2032=CARTESIAN_POINT('Ctrl Pts',(0.67865853799825,-6.42603038984206,0.14698932841761));
#2033=CARTESIAN_POINT('Ctrl Pts',(0.752286587092208,7.52603038984206,0.0866996940145873));
#2034=CARTESIAN_POINT('Ctrl Pts',(0.752286587092208,-6.42603038984206,0.0866996940145873));
#2035=CARTESIAN_POINT('',(0.583155488811161,0.549999999999999,0.285708841203327));
#2036=CARTESIAN_POINT('Ctrl Pts',(0.583155488811161,0.55,0.285708841203327));
#2037=CARTESIAN_POINT('Ctrl Pts',(0.600762196203194,0.55,0.238224084903601));
#2038=CARTESIAN_POINT('Ctrl Pts',(0.67865853799825,0.55,0.14698932841761));
#2039=CARTESIAN_POINT('Ctrl Pts',(0.752286587092208,0.55,0.0866996940145873));
#2040=CARTESIAN_POINT('',(0.583155488811161,7.52603038984206,0.285708841203327));
#2041=CARTESIAN_POINT('Ctrl Pts',(0.573018293646051,7.52603038984206,0.345464939018713));
#2042=CARTESIAN_POINT('Ctrl Pts',(0.573018293646051,-6.42603038984206,0.345464939018713));
#2043=CARTESIAN_POINT('Ctrl Pts',(0.571951220470776,7.52603038984206,0.314519816935745));
#2044=CARTESIAN_POINT('Ctrl Pts',(0.571951220470776,-6.42603038984206,0.314519816935745));
#2045=CARTESIAN_POINT('Ctrl Pts',(0.583155488811161,7.52603038984206,0.285708841203327));
#2046=CARTESIAN_POINT('Ctrl Pts',(0.583155488811161,-6.42603038984206,0.285708841203327));
#2047=CARTESIAN_POINT('',(0.573018293646051,0.549999999999999,0.345464939018713));
#2048=CARTESIAN_POINT('Origin',(0.721942598992595,0.55,0.339990983392411));
#2049=CARTESIAN_POINT('',(0.573018293646051,7.52603038984206,0.345464939018713));
#2050=CARTESIAN_POINT('Origin',(0.573018293646051,7.52603038984206,0.345464939018713));
#2051=CARTESIAN_POINT('',(1.03559451512765,0.549999999999999,0.345464939018713));
#2052=CARTESIAN_POINT('',(0.286509146823025,0.55,0.345464939018713));
#2053=CARTESIAN_POINT('',(1.03559451512765,7.52603038984206,0.345464939018713));
#2054=CARTESIAN_POINT('Origin',(1.03559451512765,7.52603038984206,0.345464939018713));
#2055=CARTESIAN_POINT('',(1.03559451512765,0.55,0.172732469509356));
#2056=CARTESIAN_POINT('Origin',(-0.595426833279794,7.52603038984206,0.345464939018713));
#2057=CARTESIAN_POINT('',(-0.595426833279794,0.549999999999999,0.26276676793492));
#2058=CARTESIAN_POINT('',(-0.595426833279794,0.549999999999999,0.345464939018713));
#2059=CARTESIAN_POINT('',(-0.595426833279794,0.55,0.172732469509356));
#2060=CARTESIAN_POINT('',(-0.595426833279794,0.548999999999999,0.26276676793492));
#2061=CARTESIAN_POINT('',(-0.595426833279794,7.52603038984206,0.26276676793492));
#2062=CARTESIAN_POINT('',(-0.595426833279794,0.548999999999999,0.345464939018713));
#2063=CARTESIAN_POINT('',(-0.595426833279794,0.548999999999999,0.172732469509356));
#2064=CARTESIAN_POINT('',(-0.595426833279794,7.52603038984206,0.345464939018713));
#2065=CARTESIAN_POINT('Origin',(-1.0580030547614,7.52603038984206,0.345464939018713));
#2066=CARTESIAN_POINT('',(-1.0580030547614,0.549999999999999,0.345464939018713));
#2067=CARTESIAN_POINT('',(-0.529001527380698,0.55,0.345464939018713));
#2068=CARTESIAN_POINT('',(-1.0580030547614,0.548999999999999,0.345464939018713));
#2069=CARTESIAN_POINT('',(-0.529001527380698,0.548999999999999,0.345464939018713));
#2070=CARTESIAN_POINT('',(-1.0580030547614,7.52603038984206,0.345464939018713));
#2071=CARTESIAN_POINT('Ctrl Pts',(-1.0580030547614,7.52603038984206,0.345464939018713));
#2072=CARTESIAN_POINT('Ctrl Pts',(-1.0580030547614,-6.42603038984206,0.345464939018713));
#2073=CARTESIAN_POINT('Ctrl Pts',(-1.05907012793667,7.52603038984206,0.314519816935745));
#2074=CARTESIAN_POINT('Ctrl Pts',(-1.05907012793667,-6.42603038984206,0.314519816935745));
#2075=CARTESIAN_POINT('Ctrl Pts',(-1.04786585959629,7.52603038984206,0.285708841203327));
#2076=CARTESIAN_POINT('Ctrl Pts',(-1.04786585959629,-6.42603038984206,0.285708841203327));
#2077=CARTESIAN_POINT('',(-1.04786585959629,0.549999999999999,0.285708841203327));
#2078=CARTESIAN_POINT('Origin',(-0.909078749414852,0.55,0.339990983392411));
#2079=CARTESIAN_POINT('',(-1.04786585959629,0.548999999999999,0.285708841203327));
#2080=CARTESIAN_POINT('Origin',(-0.90907869875148,0.548999999999999,0.33999099198709));
#2081=CARTESIAN_POINT('',(-1.04786585959629,7.52603038984206,0.285708841203327));
#2082=CARTESIAN_POINT('Ctrl Pts',(-1.04786585959629,7.52603038984206,0.285708841203327));
#2083=CARTESIAN_POINT('Ctrl Pts',(-1.04786585959629,-6.42603038984206,0.285708841203327));
#2084=CARTESIAN_POINT('Ctrl Pts',(-1.03025915220425,7.52603038984206,0.238224084903601));
#2085=CARTESIAN_POINT('Ctrl Pts',(-1.03025915220425,-6.42603038984206,0.238224084903601));
#2086=CARTESIAN_POINT('Ctrl Pts',(-0.952362810409196,7.52603038984206,0.14698932841761));
#2087=CARTESIAN_POINT('Ctrl Pts',(-0.952362810409196,-6.42603038984206,
0.14698932841761));
#2088=CARTESIAN_POINT('Ctrl Pts',(-0.878734761315239,7.52603038984206,0.0866996940145873));
#2089=CARTESIAN_POINT('Ctrl Pts',(-0.878734761315239,-6.42603038984206,
0.0866996940145873));
#2090=CARTESIAN_POINT('',(-0.878734761315239,0.549999999999999,0.0866996940145873));
#2091=CARTESIAN_POINT('Ctrl Pts',(-1.04786585959629,0.55,0.285708841203327));
#2092=CARTESIAN_POINT('Ctrl Pts',(-1.03025915220425,0.55,0.238224084903601));
#2093=CARTESIAN_POINT('Ctrl Pts',(-0.952362810409196,0.55,0.14698932841761));
#2094=CARTESIAN_POINT('Ctrl Pts',(-0.878734761315239,0.55,0.0866996940145873));
#2095=CARTESIAN_POINT('',(-0.878734761315239,0.548999999999999,0.0866996940145873));
#2096=CARTESIAN_POINT('Ctrl Pts',(-1.04786585959629,0.548999999999999,0.285708841203327));
#2097=CARTESIAN_POINT('Ctrl Pts',(-1.03612805466826,0.548999999999999,0.25405233700351));
#2098=CARTESIAN_POINT('Ctrl Pts',(-1.01727642857174,0.548999999999999,0.223018292155936));
#2099=CARTESIAN_POINT('Ctrl Pts',(-0.991310981306724,0.548999999999999,
0.192606706660606));
#2100=CARTESIAN_POINT('Ctrl Pts',(-0.965345534041706,0.548999999999999,
0.162195121165276));
#2101=CARTESIAN_POINT('Ctrl Pts',(-0.927820127377877,0.548999999999999,
0.126892783616603));
#2102=CARTESIAN_POINT('Ctrl Pts',(-0.878734761315239,0.548999999999999,
0.0866996940145873));
#2103=CARTESIAN_POINT('',(-0.878734761315239,7.52603038984206,0.0866996940145873));
#2104=CARTESIAN_POINT('Ctrl Pts',(-0.878734761315239,7.52603038984206,0.0866996940145873));
#2105=CARTESIAN_POINT('Ctrl Pts',(-0.878734761315239,-6.42603038984206,
0.0866996940145873));
#2106=CARTESIAN_POINT('Ctrl Pts',(-0.765091468148479,7.52603038984206,-0.00720274540959014));
#2107=CARTESIAN_POINT('Ctrl Pts',(-0.765091468148479,-6.42603038984206,
-0.00720274540959014));
#2108=CARTESIAN_POINT('Ctrl Pts',(-0.685060980002873,7.52603038984206,-0.116044209287614));
#2109=CARTESIAN_POINT('Ctrl Pts',(-0.685060980002873,-6.42603038984206,
-0.116044209287614));
#2110=CARTESIAN_POINT('Ctrl Pts',(-0.685060980002873,7.52603038984206,-0.165129575350252));
#2111=CARTESIAN_POINT('Ctrl Pts',(-0.685060980002873,-6.42603038984206,
-0.165129575350252));
#2112=CARTESIAN_POINT('',(-0.685060980002873,0.549999999999999,-0.165129575350252));
#2113=CARTESIAN_POINT('Ctrl Pts',(-0.878734761315239,0.55,0.0866996940145873));
#2114=CARTESIAN_POINT('Ctrl Pts',(-0.765091468148479,0.55,-0.00720274540959014));
#2115=CARTESIAN_POINT('Ctrl Pts',(-0.685060980002873,0.55,-0.116044209287614));
#2116=CARTESIAN_POINT('Ctrl Pts',(-0.685060980002873,0.55,-0.165129575350252));
#2117=CARTESIAN_POINT('',(-0.685060980002873,0.548999999999999,-0.165129575350252));
#2118=CARTESIAN_POINT('Ctrl Pts',(-0.878734761315239,0.548999999999999,
0.0866996940145873));
#2119=CARTESIAN_POINT('Ctrl Pts',(-0.802972565870732,0.548999999999999,
0.0240980677318024));
#2120=CARTESIAN_POINT('Ctrl Pts',(-0.751753053457544,0.548999999999999,
-0.0253429893892608));
#2121=CARTESIAN_POINT('Ctrl Pts',(-0.725076224075676,0.548999999999999,
-0.0616234773486021));
#2122=CARTESIAN_POINT('Ctrl Pts',(-0.698399394693807,0.548999999999999,
-0.0979039653079434));
#2123=CARTESIAN_POINT('Ctrl Pts',(-0.685060980002873,0.548999999999999,
-0.13240599797516));
#2124=CARTESIAN_POINT('Ctrl Pts',(-0.685060980002873,0.548999999999999,
-0.165129575350252));
#2125=CARTESIAN_POINT('',(-0.685060980002873,7.52603038984206,-0.165129575350252));
#2126=CARTESIAN_POINT('Ctrl Pts',(-0.685060980002873,7.52603038984206,-0.165129575350252));
#2127=CARTESIAN_POINT('Ctrl Pts',(-0.685060980002873,-6.42603038984206,
-0.165129575350252));
#2128=CARTESIAN_POINT('Ctrl Pts',(-0.685060980002873,7.52603038984206,-0.21634908776344));
#2129=CARTESIAN_POINT('Ctrl Pts',(-0.685060980002873,-6.42603038984206,
-0.21634908776344));
#2130=CARTESIAN_POINT('Ctrl Pts',(-0.758155492509193,7.52603038984206,-0.286242380743936));
#2131=CARTESIAN_POINT('Ctrl Pts',(-0.758155492509193,-6.42603038984206,
-0.286242380743936));
#2132=CARTESIAN_POINT('Ctrl Pts',(-0.816844517149304,7.52603038984206,-0.286242380743936));
#2133=CARTESIAN_POINT('Ctrl Pts',(-0.816844517149304,-6.42603038984206,
-0.286242380743936));
#2134=CARTESIAN_POINT('',(-0.816844517149304,0.549999999999999,-0.286242380743936));
#2135=CARTESIAN_POINT('Ctrl Pts',(-0.685060980002873,0.55,-0.165129575350252));
#2136=CARTESIAN_POINT('Ctrl Pts',(-0.685060980002873,0.55,-0.21634908776344));
#2137=CARTESIAN_POINT('Ctrl Pts',(-0.758155492509193,0.55,-0.286242380743936));
#2138=CARTESIAN_POINT('Ctrl Pts',(-0.816844517149304,0.55,-0.286242380743936));
#2139=CARTESIAN_POINT('',(-0.816844517149304,0.548999999999999,-0.286242380743936));
#2140=CARTESIAN_POINT('Ctrl Pts',(-0.685060980002873,0.548999999999999,
-0.165129575350252));
#2141=CARTESIAN_POINT('Ctrl Pts',(-0.685060980002873,0.548999999999999,
-0.199275916959044));
#2142=CARTESIAN_POINT('Ctrl Pts',(-0.697243398753926,0.548999999999999,
-0.227997969926856));
#2143=CARTESIAN_POINT('Ctrl Pts',(-0.721608236256033,0.548999999999999,
-0.251295734253688));
#2144=CARTESIAN_POINT('Ctrl Pts',(-0.745973073758139,0.548999999999999,
-0.27459349858052));
#2145=CARTESIAN_POINT('Ctrl Pts',(-0.777718500722563,0.548999999999999,
-0.286242380743936));
#2146=CARTESIAN_POINT('Ctrl Pts',(-0.816844517149304,0.548999999999999,
-0.286242380743936));
#2147=CARTESIAN_POINT('',(-0.816844517149304,7.52603038984206,-0.286242380743936));
#2148=CARTESIAN_POINT('Origin',(-0.595426833279794,7.52603038984206,0.26276676793492));
#2149=CARTESIAN_POINT('',(-0.938490859130625,0.549999999999999,0.26276676793492));
#2150=CARTESIAN_POINT('',(-0.297713416639897,0.55,0.26276676793492));
#2151=CARTESIAN_POINT('',(-0.938490859130625,0.548999999999999,0.26276676793492));
#2152=CARTESIAN_POINT('',(-0.938490859130625,7.52603038984206,0.26276676793492));
#2153=CARTESIAN_POINT('',(-0.297713416639897,0.548999999999999,0.26276676793492));
#2154=CARTESIAN_POINT('Ctrl Pts',(-0.802972565870732,7.52603038984206,0.128315547850302));
#2155=CARTESIAN_POINT('Ctrl Pts',(-0.802972565870732,-6.42603038984206,
0.128315547850302));
#2156=CARTESIAN_POINT('Ctrl Pts',(-0.880335371078151,7.52603038984206,0.192873474954424));
#2157=CARTESIAN_POINT('Ctrl Pts',(-0.880335371078151,-6.42603038984206,
0.192873474954424));
#2158=CARTESIAN_POINT('Ctrl Pts',(-0.924085371264415,7.52603038984206,0.239291158078876));
#2159=CARTESIAN_POINT('Ctrl Pts',(-0.924085371264415,-6.42603038984206,
0.239291158078876));
#2160=CARTESIAN_POINT('Ctrl Pts',(-0.938490859130625,7.52603038984206,0.26276676793492));
#2161=CARTESIAN_POINT('Ctrl Pts',(-0.938490859130625,-6.42603038984206,
0.26276676793492));
#2162=CARTESIAN_POINT('',(-0.802972565870732,0.549999999999999,0.128315547850302));
#2163=CARTESIAN_POINT('Ctrl Pts',(-0.802972565870732,0.55,0.128315547850302));
#2164=CARTESIAN_POINT('Ctrl Pts',(-0.880335371078151,0.55,0.192873474954424));
#2165=CARTESIAN_POINT('Ctrl Pts',(-0.924085371264415,0.55,0.239291158078876));
#2166=CARTESIAN_POINT('Ctrl Pts',(-0.938490859130625,0.55,0.26276676793492));
#2167=CARTESIAN_POINT('',(-0.802972565870732,0.548999999999999,0.128315547850302));
#2168=CARTESIAN_POINT('',(-0.802972565870732,7.52603038984206,0.128315547850302));
#2169=CARTESIAN_POINT('Ctrl Pts',(-0.802972565870732,0.548999999999999,
0.128315547850302));
#2170=CARTESIAN_POINT('Ctrl Pts',(-0.854547769342345,0.548999999999999,
0.171354165919717));
#2171=CARTESIAN_POINT('Ctrl Pts',(-0.887627037775862,0.548999999999999,
0.200609755475166));
#2172=CARTESIAN_POINT('Ctrl Pts',(-0.902210371171283,0.548999999999999,
0.21608231651665));
#2173=CARTESIAN_POINT('Ctrl Pts',(-0.916793704566705,0.548999999999999,
0.231554877558134));
#2174=CARTESIAN_POINT('Ctrl Pts',(-0.928887200553152,0.548999999999999,
0.247116361364224));
#2175=CARTESIAN_POINT('Ctrl Pts',(-0.938490859130625,0.548999999999999,
0.26276676793492));
#2176=CARTESIAN_POINT('Ctrl Pts',(-0.596493906455069,7.52603038984206,-0.162995428999703));
#2177=CARTESIAN_POINT('Ctrl Pts',(-0.596493906455069,-6.42603038984206,
-0.162995428999703));
#2178=CARTESIAN_POINT('Ctrl Pts',(-0.596493906455069,7.52603038984206,-0.12084603857635));
#2179=CARTESIAN_POINT('Ctrl Pts',(-0.596493906455069,-6.42603038984206,
-0.12084603857635));
#2180=CARTESIAN_POINT('Ctrl Pts',(-0.630640248063861,7.52603038984206,-0.0397484772554699));
#2181=CARTESIAN_POINT('Ctrl Pts',(-0.630640248063861,-6.42603038984206,
-0.0397484772554699));
#2182=CARTESIAN_POINT('Ctrl Pts',(-0.710670736209467,7.52603038984206,0.0498856694676087));
#2183=CARTESIAN_POINT('Ctrl Pts',(-0.710670736209467,-6.42603038984206,
0.0498856694676087));
#2184=CARTESIAN_POINT('Ctrl Pts',(-0.802972565870732,7.52603038984206,0.128315547850302));
#2185=CARTESIAN_POINT('Ctrl Pts',(-0.802972565870732,-6.42603038984206,
0.128315547850302));
#2186=CARTESIAN_POINT('',(-0.596493906455069,0.549999999999999,-0.162995428999703));
#2187=CARTESIAN_POINT('Ctrl Pts',(-0.596493906455069,0.55,-0.162995428999703));
#2188=CARTESIAN_POINT('Ctrl Pts',(-0.596493906455069,0.55,-0.12084603857635));
#2189=CARTESIAN_POINT('Ctrl Pts',(-0.630640248063861,0.55,-0.0397484772554699));
#2190=CARTESIAN_POINT('Ctrl Pts',(-0.710670736209467,0.55,0.0498856694676087));
#2191=CARTESIAN_POINT('Ctrl Pts',(-0.802972565870732,0.55,0.128315547850302));
#2192=CARTESIAN_POINT('',(-0.596493906455069,0.548999999999999,-0.162995428999703));
#2193=CARTESIAN_POINT('',(-0.596493906455069,7.52603038984206,-0.162995428999703));
#2194=CARTESIAN_POINT('Ctrl Pts',(-0.596493906455069,0.548999999999999,
-0.162995428999703));
#2195=CARTESIAN_POINT('Ctrl Pts',(-0.596493906455069,0.548999999999999,
-0.134895835384135));
#2196=CARTESIAN_POINT('Ctrl Pts',(-0.602184963389868,0.548999999999999,
-0.107329778356204));
#2197=CARTESIAN_POINT('Ctrl Pts',(-0.613567077259465,0.548999999999999,
-0.0802972579159101));
#2198=CARTESIAN_POINT('Ctrl Pts',(-0.624949191129062,0.548999999999999,
-0.0532647374756166));
#2199=CARTESIAN_POINT('Ctrl Pts',(-0.643978662754795,0.548999999999999,
-0.0248094528016234));
#2200=CARTESIAN_POINT('Ctrl Pts',(-0.670655492136664,0.548999999999999,
0.0050685961060694));
#2201=CARTESIAN_POINT('Ctrl Pts',(-0.697332321518532,0.548999999999999,
0.0349466450137622));
#2202=CARTESIAN_POINT('Ctrl Pts',(-0.741438012763222,0.548999999999999,
0.0760289622618399));
#2203=CARTESIAN_POINT('Ctrl Pts',(-0.802972565870732,0.548999999999999,
0.128315547850302));
#2204=CARTESIAN_POINT('Ctrl Pts',(-0.814710370798754,7.52603038984206,-0.357202746899706));
#2205=CARTESIAN_POINT('Ctrl Pts',(-0.814710370798754,-6.42603038984206,
-0.357202746899706));
#2206=CARTESIAN_POINT('Ctrl Pts',(-0.713871955735291,7.52603038984206,-0.357202746899706));
#2207=CARTESIAN_POINT('Ctrl Pts',(-0.713871955735291,-6.42603038984206,
-0.357202746899706));
#2208=CARTESIAN_POINT('Ctrl Pts',(-0.596493906455069,7.52603038984206,-0.245693600083496));
#2209=CARTESIAN_POINT('Ctrl Pts',(-0.596493906455069,-6.42603038984206,
-0.245693600083496));
#2210=CARTESIAN_POINT('Ctrl Pts',(-0.596493906455069,7.52603038984206,-0.162995428999703));
#2211=CARTESIAN_POINT('Ctrl Pts',(-0.596493906455069,-6.42603038984206,
-0.162995428999703));
#2212=CARTESIAN_POINT('',(-0.814710370798754,0.549999999999999,-0.357202746899706));
#2213=CARTESIAN_POINT('Ctrl Pts',(-0.814710370798754,0.55,-0.357202746899706));
#2214=CARTESIAN_POINT('Ctrl Pts',(-0.713871955735291,0.55,-0.357202746899706));
#2215=CARTESIAN_POINT('Ctrl Pts',(-0.596493906455069,0.55,-0.245693600083496));
#2216=CARTESIAN_POINT('Ctrl Pts',(-0.596493906455069,0.55,-0.162995428999703));
#2217=CARTESIAN_POINT('',(-0.814710370798754,0.548999999999999,-0.357202746899706));
#2218=CARTESIAN_POINT('',(-0.814710370798754,7.52603038984206,-0.357202746899706));
#2219=CARTESIAN_POINT('Ctrl Pts',(-0.814710370798754,0.548999999999999,
-0.357202746899706));
#2220=CARTESIAN_POINT('Ctrl Pts',(-0.747484760756445,0.548999999999999,
-0.357202746899706));
#2221=CARTESIAN_POINT('Ctrl Pts',(-0.694308947521921,0.548999999999999,
-0.338617889097005));
#2222=CARTESIAN_POINT('Ctrl Pts',(-0.65518293109518,0.548999999999999,-0.301448173491601));
#2223=CARTESIAN_POINT('Ctrl Pts',(-0.616056914668439,0.548999999999999,
-0.264278457886197));
#2224=CARTESIAN_POINT('Ctrl Pts',(-0.596493906455069,0.548999999999999,
-0.218127543055565));
#2225=CARTESIAN_POINT('Ctrl Pts',(-0.596493906455069,0.548999999999999,
-0.162995428999703));
#2226=CARTESIAN_POINT('Ctrl Pts',(-1.04199695713227,7.52603038984206,-0.154992380185142));
#2227=CARTESIAN_POINT('Ctrl Pts',(-1.04199695713227,-6.42603038984206,-0.154992380185142));
#2228=CARTESIAN_POINT('Ctrl Pts',(-1.03292683514244,7.52603038984206,-0.253696648898056));
#2229=CARTESIAN_POINT('Ctrl Pts',(-1.03292683514244,-6.42603038984206,-0.253696648898056));
#2230=CARTESIAN_POINT('Ctrl Pts',(-0.914481712686943,7.52603038984206,-0.357202746899706));
#2231=CARTESIAN_POINT('Ctrl Pts',(-0.914481712686943,-6.42603038984206,
-0.357202746899706));
#2232=CARTESIAN_POINT('Ctrl Pts',(-0.814710370798754,7.52603038984206,-0.357202746899706));
#2233=CARTESIAN_POINT('Ctrl Pts',(-0.814710370798754,-6.42603038984206,
-0.357202746899706));
#2234=CARTESIAN_POINT('',(-1.04199695713227,0.549999999999999,-0.154992380185142));
#2235=CARTESIAN_POINT('Ctrl Pts',(-1.04199695713227,0.55,-0.154992380185142));
#2236=CARTESIAN_POINT('Ctrl Pts',(-1.03292683514244,0.55,-0.253696648898056));
#2237=CARTESIAN_POINT('Ctrl Pts',(-0.914481712686943,0.55,-0.357202746899706));
#2238=CARTESIAN_POINT('Ctrl Pts',(-0.814710370798754,0.55,-0.357202746899706));
#2239=CARTESIAN_POINT('',(-1.04199695713227,0.548999999999999,-0.154992380185142));
#2240=CARTESIAN_POINT('',(-1.04199695713227,7.52603038984206,-0.154992380185142));
#2241=CARTESIAN_POINT('Ctrl Pts',(-1.04199695713227,0.548999999999999,-0.154992380185142));
#2242=CARTESIAN_POINT('Ctrl Pts',(-1.03595020913905,0.548999999999999,-0.220795225993751));
#2243=CARTESIAN_POINT('Ctrl Pts',(-1.01318598139986,0.548999999999999,-0.270947665231664));
#2244=CARTESIAN_POINT('Ctrl Pts',(-0.973704273914691,0.548999999999999,
-0.305449697898881));
#2245=CARTESIAN_POINT('Ctrl Pts',(-0.934222566429526,0.548999999999999,
-0.339951730566098));
#2246=CARTESIAN_POINT('Ctrl Pts',(-0.881224598724213,0.548999999999999,
-0.357202746899706));
#2247=CARTESIAN_POINT('Ctrl Pts',(-0.814710370798754,0.548999999999999,
-0.357202746899706));
#2248=CARTESIAN_POINT('Origin',(-1.04199695713227,7.52603038984206,-0.154992380185142));
#2249=CARTESIAN_POINT('',(-0.953429883584471,0.549999999999999,-0.145922258195307));
#2250=CARTESIAN_POINT('',(-0.518551874574914,0.55,-0.10138655847746));
#2251=CARTESIAN_POINT('',(-0.953429883584471,0.548999999999999,-0.145922258195307));
#2252=CARTESIAN_POINT('',(-0.953429883584471,7.52603038984206,-0.145922258195307));
#2253=CARTESIAN_POINT('',(-0.518551874574914,0.548999999999999,-0.10138655847746));
#2254=CARTESIAN_POINT('Ctrl Pts',(-0.816844517149304,7.52603038984206,-0.286242380743936));
#2255=CARTESIAN_POINT('Ctrl Pts',(-0.816844517149304,-6.42603038984206,
-0.286242380743936));
#2256=CARTESIAN_POINT('Ctrl Pts',(-0.878734761315239,7.52603038984206,-0.286242380743936));
#2257=CARTESIAN_POINT('Ctrl Pts',(-0.878734761315239,-6.42603038984206,
-0.286242380743936));
#2258=CARTESIAN_POINT('Ctrl Pts',(-0.952896346996834,7.52603038984206,-0.211547258474704));
#2259=CARTESIAN_POINT('Ctrl Pts',(-0.952896346996834,-6.42603038984206,
-0.211547258474704));
#2260=CARTESIAN_POINT('Ctrl Pts',(-0.953429883584471,7.52603038984206,-0.145922258195307));
#2261=CARTESIAN_POINT('Ctrl Pts',(-0.953429883584471,-6.42603038984206,
-0.145922258195307));
#2262=CARTESIAN_POINT('Ctrl Pts',(-0.816844517149304,0.55,-0.286242380743936));
#2263=CARTESIAN_POINT('Ctrl Pts',(-0.878734761315239,0.55,-0.286242380743936));
#2264=CARTESIAN_POINT('Ctrl Pts',(-0.952896346996834,0.55,-0.211547258474704));
#2265=CARTESIAN_POINT('Ctrl Pts',(-0.953429883584471,0.55,-0.145922258195307));
#2266=CARTESIAN_POINT('Ctrl Pts',(-0.816844517149304,0.548999999999999,
-0.286242380743936));
#2267=CARTESIAN_POINT('Ctrl Pts',(-0.858104679926594,0.548999999999999,
-0.286242380743936));
#2268=CARTESIAN_POINT('Ctrl Pts',(-0.891095025595505,0.548999999999999,
-0.273793193699064));
#2269=CARTESIAN_POINT('Ctrl Pts',(-0.915815554156036,0.548999999999999,
-0.24889481960932));
#2270=CARTESIAN_POINT('Ctrl Pts',(-0.940536082716568,0.548999999999999,
-0.223996445519576));
#2271=CARTESIAN_POINT('Ctrl Pts',(-0.953074192526046,0.548999999999999,
-0.189672258381571));
#2272=CARTESIAN_POINT('Ctrl Pts',(-0.953429883584471,0.548999999999999,
-0.145922258195307));
#2273=CARTESIAN_POINT('Origin',(-5.55111512312578E-16,0.549,-2.77555756156289E-16));
#2274=CARTESIAN_POINT('Origin',(-5.55111512312578E-16,0.549,-2.77555756156289E-16));
#2275=CARTESIAN_POINT('',(-0.277972563635558,0.548999999999999,0.357202743946735));
#2276=CARTESIAN_POINT('',(-0.503125003618529,0.548999999999999,0.161928352871457));
#2277=CARTESIAN_POINT('Ctrl Pts',(-0.277972563635558,0.548999999999999,
0.357202743946735));
#2278=CARTESIAN_POINT('Ctrl Pts',(-0.341641263093618,0.548999999999999,
0.357202743946735));
#2279=CARTESIAN_POINT('Ctrl Pts',(-0.393661080388261,0.548999999999999,
0.339418191025489));
#2280=CARTESIAN_POINT('Ctrl Pts',(-0.434032015519489,0.548999999999999,
0.303849085182998));
#2281=CARTESIAN_POINT('Ctrl Pts',(-0.474402950650717,0.548999999999999,
0.268279979340506));
#2282=CARTESIAN_POINT('Ctrl Pts',(-0.49743394668373,0.548999999999999,0.220973068569993));
#2283=CARTESIAN_POINT('Ctrl Pts',(-0.503125003618529,0.548999999999999,
0.161928352871457));
#2284=CARTESIAN_POINT('',(-0.0944359774883018,0.548999999999999,0.272370426512393));
#2285=CARTESIAN_POINT('Ctrl Pts',(-0.0944359774883018,0.548999999999999,
0.272370426512393));
#2286=CARTESIAN_POINT('Ctrl Pts',(-0.139253050849841,0.548999999999999,
0.328925304801954));
#2287=CARTESIAN_POINT('Ctrl Pts',(-0.200431912898927,0.548999999999999,
0.357202743946735));
#2288=CARTESIAN_POINT('Ctrl Pts',(-0.277972563635558,0.548999999999999,
0.357202743946735));
#2289=CARTESIAN_POINT('',(-0.0389481723740152,0.548999999999999,0.107507620932445));
#2290=CARTESIAN_POINT('Ctrl Pts',(-0.0389481723740152,0.548999999999999,
0.107507620932445));
#2291=CARTESIAN_POINT('Ctrl Pts',(-0.0389481723740152,0.548999999999999,
0.171176320390505));
#2292=CARTESIAN_POINT('Ctrl Pts',(-0.0574441074121107,0.548999999999999,
0.226130588917154));
#2293=CARTESIAN_POINT('Ctrl Pts',(-0.0944359774883018,0.548999999999999,
0.272370426512393));
#2294=CARTESIAN_POINT('',(-0.256631100130063,0.548999999999999,-0.119245428813438));
#2295=CARTESIAN_POINT('Ctrl Pts',(-0.256631100130063,0.548999999999999,
-0.119245428813438));
#2296=CARTESIAN_POINT('Ctrl Pts',(-0.195452238080978,0.548999999999999,
-0.119245428813438));
#2297=CARTESIAN_POINT('Ctrl Pts',(-0.143877034609365,0.548999999999999,
-0.0980818108371559));
#2298=CARTESIAN_POINT('Ctrl Pts',(-0.101905489715225,0.548999999999999,
-0.055754574884591));
#2299=CARTESIAN_POINT('Ctrl Pts',(-0.0599339448210851,0.548999999999999,
-0.0134273389320261));
#2300=CARTESIAN_POINT('Ctrl Pts',(-0.0389481723740152,0.548999999999999,
0.0409933930069858));
#2301=CARTESIAN_POINT('Ctrl Pts',(-0.0389481723740152,0.548999999999999,
0.107507620932445));
#2302=CARTESIAN_POINT('',(-0.388948173864131,0.548999999999999,-0.0754954286271738));
#2303=CARTESIAN_POINT('Ctrl Pts',(-0.388948173864131,0.548999999999999,
-0.0754954286271738));
#2304=CARTESIAN_POINT('Ctrl Pts',(-0.368976501976775,0.548999999999999,
-0.08937404807432));
#2305=CARTESIAN_POINT('Ctrl Pts',(-0.347483009183606,0.548999999999999,
-0.100672418610683));
#2306=CARTESIAN_POINT('Ctrl Pts',(-0.302388411546221,0.548999999999999,
-0.115582729119818));
#2307=CARTESIAN_POINT('Ctrl Pts',(-0.279804435731112,0.548999999999999,
-0.119245428813438));
#2308=CARTESIAN_POINT('Ctrl Pts',(-0.256631100130063,0.548999999999999,
-0.119245428813438));
#2309=CARTESIAN_POINT('',(-0.351067076141878,0.548999999999999,-0.263300307475529));
#2310=CARTESIAN_POINT('',(-0.388661594344961,0.548999999999999,-0.0769162172292563));
#2311=CARTESIAN_POINT('',(-0.0720274408075322,0.548999999999999,-0.263300307475529));
#2312=CARTESIAN_POINT('',(-0.175533538070939,0.548999999999999,-0.263300307475529));
#2313=CARTESIAN_POINT('',(-0.0720274408075322,0.548999999999999,-0.345464941971684));
#2314=CARTESIAN_POINT('',(-0.0720274408075322,0.548999999999999,-0.131650153737765));
#2315=CARTESIAN_POINT('',(-0.419893295947099,0.548999999999999,-0.345464941971684));
#2316=CARTESIAN_POINT('',(-0.0360137204037664,0.548999999999999,-0.345464941971684));
#2317=CARTESIAN_POINT('',(-0.487652442577045,0.548999999999999,0.0141387180959048));
#2318=CARTESIAN_POINT('',(-0.444126296374987,0.548999999999999,-0.216858309779585));
#2319=CARTESIAN_POINT('',(-0.407088417843802,0.548999999999999,0.0248094498486522));
#2320=CARTESIAN_POINT('',(-0.248950136328401,0.548999999999999,0.0457549175990363));
#2321=CARTESIAN_POINT('',(-0.27957317339847,0.548999999999999,-0.0434832333689315));
#2322=CARTESIAN_POINT('Ctrl Pts',(-0.27957317339847,0.548999999999999,-0.0434832333689315));
#2323=CARTESIAN_POINT('Ctrl Pts',(-0.307317075955613,0.548999999999999,
-0.0434832333689315));
#2324=CARTESIAN_POINT('Ctrl Pts',(-0.332304372809964,0.548999999999999,
-0.0371697170818892));
#2325=CARTESIAN_POINT('Ctrl Pts',(-0.354535063961521,0.548999999999999,
-0.0245426845078047));
#2326=CARTESIAN_POINT('Ctrl Pts',(-0.376765755113078,0.548999999999999,
-0.0119156519337203));
#2327=CARTESIAN_POINT('Ctrl Pts',(-0.394283539740505,0.548999999999999,
0.00453505951843203));
#2328=CARTESIAN_POINT('Ctrl Pts',(-0.407088417843802,0.548999999999999,
0.0248094498486522));
#2329=CARTESIAN_POINT('',(-0.130182928860006,0.548999999999999,0.115510669747005));
#2330=CARTESIAN_POINT('Ctrl Pts',(-0.130182928860006,0.548999999999999,
0.115510669747005));
#2331=CARTESIAN_POINT('Ctrl Pts',(-0.130182928860006,0.548999999999999,
0.0664253036843672));
#2332=CARTESIAN_POINT('Ctrl Pts',(-0.143877034609365,0.548999999999999,
0.0276549783160515));
#2333=CARTESIAN_POINT('Ctrl Pts',(-0.171265246108083,0.548999999999999,
-0.000800306357941691));
#2334=CARTESIAN_POINT('Ctrl Pts',(-0.198653457606802,0.548999999999999,
-0.0292555910319349));
#2335=CARTESIAN_POINT('Ctrl Pts',(-0.234756100036931,0.548999999999999,
-0.0434832333689315));
#2336=CARTESIAN_POINT('Ctrl Pts',(-0.27957317339847,0.548999999999999,-0.0434832333689315));
#2337=CARTESIAN_POINT('',(-0.278506100223195,0.548999999999999,0.286775914378602));
#2338=CARTESIAN_POINT('Ctrl Pts',(-0.278506100223195,0.548999999999999,
0.286775914378602));
#2339=CARTESIAN_POINT('Ctrl Pts',(-0.236534555329055,0.548999999999999,
0.286775914378602));
#2340=CARTESIAN_POINT('Ctrl Pts',(-0.201321140544989,0.548999999999999,
0.271125507807906));
#2341=CARTESIAN_POINT('Ctrl Pts',(-0.172865855870996,0.548999999999999,
0.239824694666513));
#2342=CARTESIAN_POINT('Ctrl Pts',(-0.144410571197002,0.548999999999999,
0.208523881525121));
#2343=CARTESIAN_POINT('Ctrl Pts',(-0.130182928860006,0.548999999999999,
0.167085873218618));
#2344=CARTESIAN_POINT('Ctrl Pts',(-0.130182928860006,0.548999999999999,
0.115510669747005));
#2345=CARTESIAN_POINT('',(-0.412957320307813,0.548999999999999,0.154458840644534));
#2346=CARTESIAN_POINT('Ctrl Pts',(-0.412957320307813,0.548999999999999,
0.154458840644534));
#2347=CARTESIAN_POINT('Ctrl Pts',(-0.40619919019774,0.548999999999999,0.198564531889223));
#2348=CARTESIAN_POINT('Ctrl Pts',(-0.390726629156256,0.548999999999999,
0.23164380032274));
#2349=CARTESIAN_POINT('Ctrl Pts',(-0.366539637183362,0.548999999999999,
0.253696645945085));
#2350=CARTESIAN_POINT('Ctrl Pts',(-0.342352645210467,0.548999999999999,
0.27574949156743));
#2351=CARTESIAN_POINT('Ctrl Pts',(-0.313008132890412,0.548999999999999,
0.286775914378602));
#2352=CARTESIAN_POINT('Ctrl Pts',(-0.278506100223195,0.548999999999999,
0.286775914378602));
#2353=CARTESIAN_POINT('',(-0.201531864900844,0.548999999999999,0.136944305877092));
#2354=CARTESIAN_POINT('Origin',(-0.0720274408075322,7.52603038984206,-0.263300307475529));
#2355=CARTESIAN_POINT('',(-0.0720274408075322,0.549999999999999,-0.345464941971684));
#2356=CARTESIAN_POINT('',(-0.0720274408075322,0.549999999999999,-0.263300307475529));
#2357=CARTESIAN_POINT('',(-0.0720274408075322,0.55,-0.131650153737765));
#2358=CARTESIAN_POINT('',(-0.0720274408075322,7.52603038984206,-0.345464941971684));
#2359=CARTESIAN_POINT('',(-0.0720274408075322,7.52603038984206,-0.263300307475529));
#2360=CARTESIAN_POINT('Origin',(-0.351067076141878,7.52603038984206,-0.263300307475529));
#2361=CARTESIAN_POINT('',(-0.351067076141878,0.549999999999999,-0.263300307475529));
#2362=CARTESIAN_POINT('',(-0.175533538070939,0.55,-0.263300307475529));
#2363=CARTESIAN_POINT('',(-0.351067076141878,7.52603038984206,-0.263300307475529));
#2364=CARTESIAN_POINT('Origin',(-0.388948173864131,7.52603038984206,-0.0754954286271738));
#2365=CARTESIAN_POINT('',(-0.388948173864131,0.549999999999999,-0.0754954286271738));
#2366=CARTESIAN_POINT('',(-0.388661594344961,0.55,-0.0769162172292563));
#2367=CARTESIAN_POINT('',(-0.388948173864131,7.52603038984206,-0.0754954286271738));
#2368=CARTESIAN_POINT('Ctrl Pts',(-0.388948173864131,7.52603038984206,-0.0754954286271738));
#2369=CARTESIAN_POINT('Ctrl Pts',(-0.388948173864131,-6.42603038984206,
-0.0754954286271738));
#2370=CARTESIAN_POINT('Ctrl Pts',(-0.325990856522921,7.52603038984206,-0.119245428813438));
#2371=CARTESIAN_POINT('Ctrl Pts',(-0.325990856522921,-6.42603038984206,
-0.119245428813438));
#2372=CARTESIAN_POINT('Ctrl Pts',(-0.256631100130063,7.52603038984206,-0.119245428813438));
#2373=CARTESIAN_POINT('Ctrl Pts',(-0.256631100130063,-6.42603038984206,
-0.119245428813438));
#2374=CARTESIAN_POINT('',(-0.256631100130063,0.549999999999999,-0.119245428813438));
#2375=CARTESIAN_POINT('Ctrl Pts',(-0.388948173864131,0.549999999999999,
-0.0754954286271738));
#2376=CARTESIAN_POINT('Ctrl Pts',(-0.325990856522921,0.549999999999999,
-0.119245428813438));
#2377=CARTESIAN_POINT('Ctrl Pts',(-0.256631100130063,0.549999999999999,
-0.119245428813438));
#2378=CARTESIAN_POINT('',(-0.256631100130063,7.52603038984206,-0.119245428813438));
#2379=CARTESIAN_POINT('Ctrl Pts',(-0.256631100130063,7.52603038984206,-0.119245428813438));
#2380=CARTESIAN_POINT('Ctrl Pts',(-0.256631100130063,-6.42603038984206,
-0.119245428813438));
#2381=CARTESIAN_POINT('Ctrl Pts',(-0.164862807056435,7.52603038984206,-0.119245428813438));
#2382=CARTESIAN_POINT('Ctrl Pts',(-0.164862807056435,-6.42603038984206,
-0.119245428813438));
#2383=CARTESIAN_POINT('Ctrl Pts',(-0.0389481723740152,7.52603038984206,
0.00773627904425631));
#2384=CARTESIAN_POINT('Ctrl Pts',(-0.0389481723740152,-6.42603038984206,
0.00773627904425631));
#2385=CARTESIAN_POINT('Ctrl Pts',(-0.0389481723740152,7.52603038984206,
0.107507620932445));
#2386=CARTESIAN_POINT('Ctrl Pts',(-0.0389481723740152,-6.42603038984206,
0.107507620932445));
#2387=CARTESIAN_POINT('',(-0.0389481723740152,0.549999999999999,0.107507620932445));
#2388=CARTESIAN_POINT('Ctrl Pts',(-0.256631100130063,0.549999999999999,
-0.119245428813438));
#2389=CARTESIAN_POINT('Ctrl Pts',(-0.164862807056435,0.549999999999999,
-0.119245428813438));
#2390=CARTESIAN_POINT('Ctrl Pts',(-0.0389481723740152,0.549999999999999,
0.00773627904425631));
#2391=CARTESIAN_POINT('Ctrl Pts',(-0.0389481723740152,0.549999999999999,
0.107507620932445));
#2392=CARTESIAN_POINT('',(-0.0389481723740152,7.52603038984206,0.107507620932445));
#2393=CARTESIAN_POINT('Ctrl Pts',(-0.0389481723740152,7.52603038984206,
0.107507620932445));
#2394=CARTESIAN_POINT('Ctrl Pts',(-0.0389481723740152,-6.42603038984206,
0.107507620932445));
#2395=CARTESIAN_POINT('Ctrl Pts',(-0.0389481723740152,7.52603038984206,
0.203010670119534));
#2396=CARTESIAN_POINT('Ctrl Pts',(-0.0389481723740152,-6.42603038984206,
0.203010670119534));
#2397=CARTESIAN_POINT('Ctrl Pts',(-0.0944359774883018,7.52603038984206,
0.272370426512393));
#2398=CARTESIAN_POINT('Ctrl Pts',(-0.0944359774883018,-6.42603038984206,
0.272370426512393));
#2399=CARTESIAN_POINT('',(-0.0944359774883018,0.549999999999999,0.272370426512393));
#2400=CARTESIAN_POINT('Ctrl Pts',(-0.0389481723740152,0.549999999999999,
0.107507620932445));
#2401=CARTESIAN_POINT('Ctrl Pts',(-0.0389481723740152,0.549999999999999,
0.203010670119534));
#2402=CARTESIAN_POINT('Ctrl Pts',(-0.0944359774883018,0.549999999999999,
0.272370426512393));
#2403=CARTESIAN_POINT('',(-0.0944359774883018,7.52603038984206,0.272370426512393));
#2404=CARTESIAN_POINT('Ctrl Pts',(-0.0944359774883018,7.52603038984206,
0.272370426512393));
#2405=CARTESIAN_POINT('Ctrl Pts',(-0.0944359774883018,-6.42603038984206,
0.272370426512393));
#2406=CARTESIAN_POINT('Ctrl Pts',(-0.161661587530611,7.52603038984206,0.357202743946735));
#2407=CARTESIAN_POINT('Ctrl Pts',(-0.161661587530611,-6.42603038984206,
0.357202743946735));
#2408=CARTESIAN_POINT('Ctrl Pts',(-0.277972563635558,7.52603038984206,0.357202743946735));
#2409=CARTESIAN_POINT('Ctrl Pts',(-0.277972563635558,-6.42603038984206,
0.357202743946735));
#2410=CARTESIAN_POINT('',(-0.277972563635558,0.549999999999999,0.357202743946735));
#2411=CARTESIAN_POINT('Ctrl Pts',(-0.0944359774883018,0.549999999999999,
0.272370426512393));
#2412=CARTESIAN_POINT('Ctrl Pts',(-0.161661587530611,0.549999999999999,
0.357202743946735));
#2413=CARTESIAN_POINT('Ctrl Pts',(-0.277972563635558,0.549999999999999,
0.357202743946735));
#2414=CARTESIAN_POINT('',(-0.277972563635558,7.52603038984206,0.357202743946735));
#2415=CARTESIAN_POINT('Ctrl Pts',(-0.277972563635558,7.52603038984206,0.357202743946735));
#2416=CARTESIAN_POINT('Ctrl Pts',(-0.277972563635558,-6.42603038984206,
0.357202743946735));
#2417=CARTESIAN_POINT('Ctrl Pts',(-0.373475612822647,7.52603038984206,0.357202743946735));
#2418=CARTESIAN_POINT('Ctrl Pts',(-0.373475612822647,-6.42603038984206,
0.357202743946735));
#2419=CARTESIAN_POINT('Ctrl Pts',(-0.494588418216331,7.52603038984206,0.250495426419261));
#2420=CARTESIAN_POINT('Ctrl Pts',(-0.494588418216331,-6.42603038984206,
0.250495426419261));
#2421=CARTESIAN_POINT('Ctrl Pts',(-0.503125003618529,7.52603038984206,0.161928352871457));
#2422=CARTESIAN_POINT('Ctrl Pts',(-0.503125003618529,-6.42603038984206,
0.161928352871457));
#2423=CARTESIAN_POINT('',(-0.503125003618529,0.549999999999999,0.161928352871457));
#2424=CARTESIAN_POINT('Ctrl Pts',(-0.277972563635558,0.549999999999999,
0.357202743946735));
#2425=CARTESIAN_POINT('Ctrl Pts',(-0.373475612822647,0.549999999999999,
0.357202743946735));
#2426=CARTESIAN_POINT('Ctrl Pts',(-0.494588418216331,0.549999999999999,
0.250495426419261));
#2427=CARTESIAN_POINT('Ctrl Pts',(-0.503125003618529,0.549999999999999,
0.161928352871457));
#2428=CARTESIAN_POINT('',(-0.503125003618529,7.52603038984206,0.161928352871457));
#2429=CARTESIAN_POINT('Origin',(-0.0720274408075322,7.52603038984206,-0.345464941971684));
#2430=CARTESIAN_POINT('',(-0.419893295947099,0.549999999999999,-0.345464941971684));
#2431=CARTESIAN_POINT('',(-0.0360137204037664,0.55,-0.345464941971684));
#2432=CARTESIAN_POINT('',(-0.419893295947099,7.52603038984206,-0.345464941971684));
#2433=CARTESIAN_POINT('Origin',(-0.419893295947099,7.52603038984206,-0.345464941971684));
#2434=CARTESIAN_POINT('',(-0.487652442577045,0.549999999999999,0.0141387180959048));
#2435=CARTESIAN_POINT('',(-0.444126296374987,0.55,-0.216858309779585));
#2436=CARTESIAN_POINT('',(-0.487652442577045,7.52603038984206,0.0141387180959048));
#2437=CARTESIAN_POINT('Origin',(-0.487652442577045,7.52603038984206,0.0141387180959048));
#2438=CARTESIAN_POINT('',(-0.407088417843802,0.549999999999999,0.0248094498486522));
#2439=CARTESIAN_POINT('',(-0.248950136328401,0.549999999999999,0.0457549175990363));
#2440=CARTESIAN_POINT('',(-0.407088417843802,7.52603038984206,0.0248094498486522));
#2441=CARTESIAN_POINT('Ctrl Pts',(-0.27957317339847,7.52603038984206,-0.0434832333689315));
#2442=CARTESIAN_POINT('Ctrl Pts',(-0.27957317339847,-6.42603038984206,-0.0434832333689315));
#2443=CARTESIAN_POINT('Ctrl Pts',(-0.321189027234185,7.52603038984206,-0.0434832333689315));
#2444=CARTESIAN_POINT('Ctrl Pts',(-0.321189027234185,-6.42603038984206,
-0.0434832333689315));
#2445=CARTESIAN_POINT('Ctrl Pts',(-0.387881100688857,7.52603038984206,-0.00560213564667802));
#2446=CARTESIAN_POINT('Ctrl Pts',(-0.387881100688857,-6.42603038984206,
-0.00560213564667802));
#2447=CARTESIAN_POINT('Ctrl Pts',(-0.407088417843802,7.52603038984206,0.0248094498486522));
#2448=CARTESIAN_POINT('Ctrl Pts',(-0.407088417843802,-6.42603038984206,
0.0248094498486522));
#2449=CARTESIAN_POINT('',(-0.27957317339847,0.549999999999999,-0.0434832333689315));
#2450=CARTESIAN_POINT('Ctrl Pts',(-0.27957317339847,0.549999999999999,-0.0434832333689315));
#2451=CARTESIAN_POINT('Ctrl Pts',(-0.321189027234185,0.549999999999999,
-0.0434832333689315));
#2452=CARTESIAN_POINT('Ctrl Pts',(-0.387881100688857,0.549999999999999,
-0.00560213564667802));
#2453=CARTESIAN_POINT('Ctrl Pts',(-0.407088417843802,0.549999999999999,
0.0248094498486522));
#2454=CARTESIAN_POINT('',(-0.27957317339847,7.52603038984206,-0.0434832333689315));
#2455=CARTESIAN_POINT('Ctrl Pts',(-0.130182928860006,7.52603038984206,0.115510669747005));
#2456=CARTESIAN_POINT('Ctrl Pts',(-0.130182928860006,-6.42603038984206,
0.115510669747005));
#2457=CARTESIAN_POINT('Ctrl Pts',(-0.130182928860006,7.52603038984206,0.0418826206530481));
#2458=CARTESIAN_POINT('Ctrl Pts',(-0.130182928860006,-6.42603038984206,
0.0418826206530481));
#2459=CARTESIAN_POINT('Ctrl Pts',(-0.212347563356161,7.52603038984206,-0.0434832333689315));
#2460=CARTESIAN_POINT('Ctrl Pts',(-0.212347563356161,-6.42603038984206,
-0.0434832333689315));
#2461=CARTESIAN_POINT('Ctrl Pts',(-0.27957317339847,7.52603038984206,-0.0434832333689315));
#2462=CARTESIAN_POINT('Ctrl Pts',(-0.27957317339847,-6.42603038984206,-0.0434832333689315));
#2463=CARTESIAN_POINT('',(-0.130182928860006,0.549999999999999,0.115510669747005));
#2464=CARTESIAN_POINT('Ctrl Pts',(-0.130182928860006,0.549999999999999,
0.115510669747005));
#2465=CARTESIAN_POINT('Ctrl Pts',(-0.130182928860006,0.549999999999999,
0.0418826206530481));
#2466=CARTESIAN_POINT('Ctrl Pts',(-0.212347563356161,0.549999999999999,
-0.0434832333689315));
#2467=CARTESIAN_POINT('Ctrl Pts',(-0.27957317339847,0.549999999999999,-0.0434832333689315));
#2468=CARTESIAN_POINT('',(-0.130182928860006,7.52603038984206,0.115510669747005));
#2469=CARTESIAN_POINT('Ctrl Pts',(-0.278506100223195,7.52603038984206,0.286775914378602));
#2470=CARTESIAN_POINT('Ctrl Pts',(-0.278506100223195,-6.42603038984206,
0.286775914378602));
#2471=CARTESIAN_POINT('Ctrl Pts',(-0.215548782881985,7.52603038984206,0.286775914378602));
#2472=CARTESIAN_POINT('Ctrl Pts',(-0.215548782881985,-6.42603038984206,
0.286775914378602));
#2473=CARTESIAN_POINT('Ctrl Pts',(-0.130182928860006,7.52603038984206,0.192873474954424));
#2474=CARTESIAN_POINT('Ctrl Pts',(-0.130182928860006,-6.42603038984206,
0.192873474954424));
#2475=CARTESIAN_POINT('Ctrl Pts',(-0.130182928860006,7.52603038984206,0.115510669747005));
#2476=CARTESIAN_POINT('Ctrl Pts',(-0.130182928860006,-6.42603038984206,
0.115510669747005));
#2477=CARTESIAN_POINT('',(-0.278506100223195,0.549999999999999,0.286775914378602));
#2478=CARTESIAN_POINT('Ctrl Pts',(-0.278506100223195,0.549999999999999,
0.286775914378602));
#2479=CARTESIAN_POINT('Ctrl Pts',(-0.215548782881985,0.549999999999999,
0.286775914378602));
#2480=CARTESIAN_POINT('Ctrl Pts',(-0.130182928860006,0.549999999999999,
0.192873474954424));
#2481=CARTESIAN_POINT('Ctrl Pts',(-0.130182928860006,0.549999999999999,
0.115510669747005));
#2482=CARTESIAN_POINT('',(-0.278506100223195,7.52603038984206,0.286775914378602));
#2483=CARTESIAN_POINT('Ctrl Pts',(-0.412957320307813,7.52603038984206,0.154458840644534));
#2484=CARTESIAN_POINT('Ctrl Pts',(-0.412957320307813,-6.42603038984206,
0.154458840644534));
#2485=CARTESIAN_POINT('Ctrl Pts',(-0.402820125142703,7.52603038984206,0.220617377511568));
#2486=CARTESIAN_POINT('Ctrl Pts',(-0.402820125142703,-6.42603038984206,
0.220617377511568));
#2487=CARTESIAN_POINT('Ctrl Pts',(-0.33025914922402,7.52603038984206,0.286775914378602));
#2488=CARTESIAN_POINT('Ctrl Pts',(-0.33025914922402,-6.42603038984206,0.286775914378602));
#2489=CARTESIAN_POINT('Ctrl Pts',(-0.278506100223195,7.52603038984206,0.286775914378602));
#2490=CARTESIAN_POINT('Ctrl Pts',(-0.278506100223195,-6.42603038984206,
0.286775914378602));
#2491=CARTESIAN_POINT('',(-0.412957320307813,0.549999999999999,0.154458840644534));
#2492=CARTESIAN_POINT('Ctrl Pts',(-0.412957320307813,0.549999999999999,
0.154458840644534));
#2493=CARTESIAN_POINT('Ctrl Pts',(-0.402820125142703,0.549999999999999,
0.220617377511568));
#2494=CARTESIAN_POINT('Ctrl Pts',(-0.33025914922402,0.549999999999999,0.286775914378602));
#2495=CARTESIAN_POINT('Ctrl Pts',(-0.278506100223195,0.549999999999999,
0.286775914378602));
#2496=CARTESIAN_POINT('',(-0.412957320307813,7.52603038984206,0.154458840644534));
#2497=CARTESIAN_POINT('Origin',(-0.412957320307813,7.52603038984206,0.154458840644534));
#2498=CARTESIAN_POINT('',(-0.201531864900844,0.55,0.136944305877092));
#2499=CARTESIAN_POINT('Origin',(0.277972560682584,7.52603038984206,0.345464939018713));
#2500=CARTESIAN_POINT('',(0.363871951292201,0.549999999999999,0.345464939018713));
#2501=CARTESIAN_POINT('',(0.277972560682584,0.549999999999999,0.345464939018713));
#2502=CARTESIAN_POINT('',(0.138986280341292,0.55,0.345464939018713));
#2503=CARTESIAN_POINT('',(0.363871951292201,0.548999999999999,0.345464939018713));
#2504=CARTESIAN_POINT('',(0.363871951292201,7.52603038984206,0.345464939018713));
#2505=CARTESIAN_POINT('',(0.277972560682584,0.548999999999999,0.345464939018713));
#2506=CARTESIAN_POINT('',(0.138986280341292,0.548999999999999,0.345464939018713));
#2507=CARTESIAN_POINT('',(0.277972560682584,7.52603038984206,0.345464939018713));
#2508=CARTESIAN_POINT('Origin',(0.277972560682584,7.52603038984206,-0.201943599897231));
#2509=CARTESIAN_POINT('',(0.277972560682584,0.549999999999999,-0.201943599897231));
#2510=CARTESIAN_POINT('',(0.277972560682584,0.55,-0.100971799948616));
#2511=CARTESIAN_POINT('',(0.277972560682584,0.548999999999999,-0.201943599897231));
#2512=CARTESIAN_POINT('',(0.277972560682584,0.548999999999999,-0.100971799948616));
#2513=CARTESIAN_POINT('',(0.277972560682584,7.52603038984206,-0.201943599897231));
#2514=CARTESIAN_POINT('Ctrl Pts',(0.277972560682584,7.52603038984206,-0.201943599897231));
#2515=CARTESIAN_POINT('Ctrl Pts',(0.277972560682584,-6.42603038984206,-0.201943599897231));
#2516=CARTESIAN_POINT('Ctrl Pts',(0.247027438599616,7.52603038984206,-0.172599087577176));
#2517=CARTESIAN_POINT('Ctrl Pts',(0.247027438599616,-6.42603038984206,-0.172599087577176));
#2518=CARTESIAN_POINT('Ctrl Pts',(0.146189023536153,7.52603038984206,-0.113376526349427));
#2519=CARTESIAN_POINT('Ctrl Pts',(0.146189023536153,-6.42603038984206,-0.113376526349427));
#2520=CARTESIAN_POINT('Ctrl Pts',(0.10617377946335,7.52603038984206,-0.0984375018955808));
#2521=CARTESIAN_POINT('Ctrl Pts',(0.10617377946335,-6.42603038984206,-0.0984375018955808));
#2522=CARTESIAN_POINT('',(0.10617377946335,0.549999999999999,-0.0984375018955807));
#2523=CARTESIAN_POINT('Ctrl Pts',(0.277972560682584,0.55,-0.201943599897231));
#2524=CARTESIAN_POINT('Ctrl Pts',(0.247027438599616,0.55,-0.172599087577176));
#2525=CARTESIAN_POINT('Ctrl Pts',(0.146189023536153,0.55,-0.113376526349427));
#2526=CARTESIAN_POINT('Ctrl Pts',(0.10617377946335,0.55,-0.0984375018955808));
#2527=CARTESIAN_POINT('',(0.10617377946335,0.548999999999999,-0.0984375018955807));
#2528=CARTESIAN_POINT('Ctrl Pts',(0.277972560682584,0.548999999999999,-0.201943599897231));
#2529=CARTESIAN_POINT('Ctrl Pts',(0.257342479293939,0.548999999999999,-0.182380591683861));
#2530=CARTESIAN_POINT('Ctrl Pts',(0.230221036089039,0.548999999999999,-0.162728660705884));
#2531=CARTESIAN_POINT('Ctrl Pts',(0.196608231067885,0.548999999999999,-0.142987806963301));
#2532=CARTESIAN_POINT('Ctrl Pts',(0.16299542604673,0.548999999999999,-0.123246953220719));
#2533=CARTESIAN_POINT('Ctrl Pts',(0.132850608845219,0.548999999999999,-0.108396851531478));
#2534=CARTESIAN_POINT('Ctrl Pts',(0.10617377946335,0.548999999999999,-0.0984375018955808));
#2535=CARTESIAN_POINT('',(0.10617377946335,7.52603038984206,-0.0984375018955807));
#2536=CARTESIAN_POINT('Origin',(0.363871951292201,7.52603038984206,0.345464939018713));
#2537=CARTESIAN_POINT('',(0.363871951292201,0.549999999999999,-0.357202746899706));
#2538=CARTESIAN_POINT('',(0.363871951292201,0.55,0.172732469509356));
#2539=CARTESIAN_POINT('',(0.363871951292201,0.548999999999999,-0.357202746899706));
#2540=CARTESIAN_POINT('',(0.363871951292201,7.52603038984206,-0.357202746899706));
#2541=CARTESIAN_POINT('',(0.363871951292201,0.548999999999999,0.172732469509356));
#2542=CARTESIAN_POINT('Origin',(0.363871951292201,7.52603038984206,-0.357202746899706));
#2543=CARTESIAN_POINT('',(0.308384146177914,0.549999999999999,-0.357202746899706));
#2544=CARTESIAN_POINT('',(0.1819359756461,0.55,-0.357202746899706));
#2545=CARTESIAN_POINT('',(0.308384146177914,0.548999999999999,-0.357202746899706));
#2546=CARTESIAN_POINT('',(0.308384146177914,7.52603038984206,-0.357202746899706));
#2547=CARTESIAN_POINT('',(0.1819359756461,0.548999999999999,-0.357202746899706));
#2548=CARTESIAN_POINT('Ctrl Pts',(0.10617377946335,7.52603038984206,-0.181669209567011));
#2549=CARTESIAN_POINT('Ctrl Pts',(0.10617377946335,-6.42603038984206,-0.181669209567011));
#2550=CARTESIAN_POINT('Ctrl Pts',(0.178201218794395,7.52603038984206,-0.215282014588165));
#2551=CARTESIAN_POINT('Ctrl Pts',(0.178201218794395,-6.42603038984206,-0.215282014588165));
#2552=CARTESIAN_POINT('Ctrl Pts',(0.285975609497144,7.52603038984206,-0.31185213695053));
#2553=CARTESIAN_POINT('Ctrl Pts',(0.285975609497144,-6.42603038984206,-0.31185213695053));
#2554=CARTESIAN_POINT('Ctrl Pts',(0.308384146177914,7.52603038984206,-0.357202746899706));
#2555=CARTESIAN_POINT('Ctrl Pts',(0.308384146177914,-6.42603038984206,-0.357202746899706));
#2556=CARTESIAN_POINT('',(0.10617377946335,0.549999999999999,-0.181669209567011));
#2557=CARTESIAN_POINT('Ctrl Pts',(0.10617377946335,0.55,-0.181669209567011));
#2558=CARTESIAN_POINT('Ctrl Pts',(0.178201218794395,0.55,-0.215282014588165));
#2559=CARTESIAN_POINT('Ctrl Pts',(0.285975609497144,0.55,-0.31185213695053));
#2560=CARTESIAN_POINT('Ctrl Pts',(0.308384146177914,0.55,-0.357202746899706));
#2561=CARTESIAN_POINT('',(0.10617377946335,0.548999999999999,-0.181669209567011));
#2562=CARTESIAN_POINT('',(0.10617377946335,7.52603038984206,-0.181669209567011));
#2563=CARTESIAN_POINT('Ctrl Pts',(0.10617377946335,0.548999999999999,-0.181669209567011));
#2564=CARTESIAN_POINT('Ctrl Pts',(0.154192072350714,0.548999999999999,-0.20407774624778));
#2565=CARTESIAN_POINT('Ctrl Pts',(0.196163617244853,0.548999999999999,-0.231377034981893));
#2566=CARTESIAN_POINT('Ctrl Pts',(0.23208841414577,0.548999999999999,-0.263567075769347));
#2567=CARTESIAN_POINT('Ctrl Pts',(0.268013211046686,0.548999999999999,-0.295757116556802));
#2568=CARTESIAN_POINT('Ctrl Pts',(0.293445121724068,0.548999999999999,-0.326969006933588));
#2569=CARTESIAN_POINT('Ctrl Pts',(0.308384146177914,0.548999999999999,-0.357202746899706));
#2570=CARTESIAN_POINT('Origin',(0.10617377946335,7.52603038984206,-0.181669209567011));
#2571=CARTESIAN_POINT('',(0.10617377946335,0.55,-0.0908346047835056));
#2572=CARTESIAN_POINT('',(0.10617377946335,0.548999999999999,-0.0908346047835056));
#2573=CARTESIAN_POINT('Origin',(-5.55111512312578E-16,0.549,-2.77555756156289E-16));
#2574=CARTESIAN_POINT('Origin',(-2.55,0.5,-1.575));
#2575=CARTESIAN_POINT('',(-2.55,0.5,1.575));
#2576=CARTESIAN_POINT('',(-2.55,0.5,-1.575));
#2577=CARTESIAN_POINT('',(-2.55,0.5,-0.7875));
#2578=CARTESIAN_POINT('',(-2.55,0.55,1.575));
#2579=CARTESIAN_POINT('',(-2.55,0.5,1.575));
#2580=CARTESIAN_POINT('',(-2.55,0.55,-1.575));
#2581=CARTESIAN_POINT('',(-2.55,0.55,-1.575));
#2582=CARTESIAN_POINT('',(-2.55,0.5,-1.575));
#2583=CARTESIAN_POINT('Origin',(2.55,0.5,1.575));
#2584=CARTESIAN_POINT('',(2.55,0.5,-1.575));
#2585=CARTESIAN_POINT('',(2.55,0.5,1.575));
#2586=CARTESIAN_POINT('',(2.55,0.5,0.7875));
#2587=CARTESIAN_POINT('',(2.55,0.55,-1.575));
#2588=CARTESIAN_POINT('',(2.55,0.5,-1.575));
#2589=CARTESIAN_POINT('',(2.55,0.55,1.575));
#2590=CARTESIAN_POINT('',(2.55,0.55,1.575));
#2591=CARTESIAN_POINT('',(2.55,0.5,1.575));
#2592=CARTESIAN_POINT('Origin',(-5.55111512312578E-16,0.55,-2.77555756156289E-16));
#2593=CARTESIAN_POINT('',(2.55,0.55,-1.575));
#2594=CARTESIAN_POINT('',(-2.55,0.55,1.575));
#2595=CARTESIAN_POINT('Origin',(-5.55111512312578E-16,0.5,0.));
#2596=CARTESIAN_POINT('',(3.1,0.5,1.575));
#2597=CARTESIAN_POINT('',(-3.1,0.5,1.575));
#2598=CARTESIAN_POINT('',(3.1,0.5,-1.575));
#2599=CARTESIAN_POINT('',(3.1,0.5,1.575));
#2600=CARTESIAN_POINT('',(3.1,0.5,-1.575));
#2601=CARTESIAN_POINT('Origin',(-3.1,0.,-1.575));
#2602=CARTESIAN_POINT('',(-3.1,0.,-1.575));
#2603=CARTESIAN_POINT('',(-3.1,0.,1.575));
#2604=CARTESIAN_POINT('',(-3.1,0.,-1.575));
#2605=CARTESIAN_POINT('',(-3.1,0.5,1.575));
#2606=CARTESIAN_POINT('',(-3.1,0.,1.575));
#2607=CARTESIAN_POINT('',(-3.1,0.5,-1.575));
#2608=CARTESIAN_POINT('',(-3.1,0.5,-1.575));
#2609=CARTESIAN_POINT('',(-3.1,0.,-1.575));
#2610=CARTESIAN_POINT('Origin',(3.1,0.,-1.575));
#2611=CARTESIAN_POINT('',(3.1,0.,-1.575));
#2612=CARTESIAN_POINT('',(3.1,0.,-1.575));
#2613=CARTESIAN_POINT('',(3.1,0.5,-1.575));
#2614=CARTESIAN_POINT('',(3.1,0.,-1.575));
#2615=CARTESIAN_POINT('Origin',(3.1,0.,1.575));
#2616=CARTESIAN_POINT('',(3.1,0.,1.575));
#2617=CARTESIAN_POINT('',(3.1,0.,1.575));
#2618=CARTESIAN_POINT('',(3.1,0.,1.575));
#2619=CARTESIAN_POINT('Origin',(-3.1,0.,1.575));
#2620=CARTESIAN_POINT('',(-3.1,0.,1.575));
#2621=CARTESIAN_POINT('',(-3.1,0.5,1.575));
#2622=CARTESIAN_POINT('Origin',(-5.55111512312578E-16,0.5,0.));
#2623=CARTESIAN_POINT('Origin',(-5.56595767693093E-16,0.,2.89429799200408E-17));
#2624=CARTESIAN_POINT('',(0.,0.,0.));
#2625=CARTESIAN_POINT('Origin',(0.3,0.6,0.2));
#2626=CARTESIAN_POINT('',(0.3,0.55,0.));
#2627=CARTESIAN_POINT('',(0.3,0.55,0.2));
#2628=CARTESIAN_POINT('',(0.3,0.55,0.1));
#2629=CARTESIAN_POINT('',(0.3,0.6,0.));
#2630=CARTESIAN_POINT('',(0.3,0.45,0.));
#2631=CARTESIAN_POINT('',(0.3,0.6,0.2));
#2632=CARTESIAN_POINT('',(0.3,0.6,0.1));
#2633=CARTESIAN_POINT('',(0.3,0.6,0.2));
#2634=CARTESIAN_POINT('Origin',(0.6,0.6,0.2));
#2635=CARTESIAN_POINT('',(0.6,0.55,0.2));
#2636=CARTESIAN_POINT('',(0.325,0.55,0.2));
#2637=CARTESIAN_POINT('',(0.6,0.6,0.2));
#2638=CARTESIAN_POINT('',(0.6,0.6,0.2));
#2639=CARTESIAN_POINT('',(0.6,0.575,0.2));
#2640=CARTESIAN_POINT('Origin',(0.3,0.6,3.15));
#2641=CARTESIAN_POINT('',(0.3,0.55,2.95));
#2642=CARTESIAN_POINT('',(0.3,0.55,3.15));
#2643=CARTESIAN_POINT('',(0.3,0.55,1.575));
#2644=CARTESIAN_POINT('',(0.3,0.6,2.95));
#2645=CARTESIAN_POINT('',(0.3,0.6,2.95));
#2646=CARTESIAN_POINT('',(0.3,0.6,3.15));
#2647=CARTESIAN_POINT('',(0.3,0.6,1.575));
#2648=CARTESIAN_POINT('',(0.3,0.45,3.15));
#2649=CARTESIAN_POINT('Origin',(0.3,0.6,2.95));
#2650=CARTESIAN_POINT('',(0.6,0.55,2.95));
#2651=CARTESIAN_POINT('',(0.175,0.55,2.95));
#2652=CARTESIAN_POINT('',(0.6,0.6,2.95));
#2653=CARTESIAN_POINT('',(0.6,0.575,2.95));
#2654=CARTESIAN_POINT('',(0.45,0.6,2.95));
#2655=CARTESIAN_POINT('Origin',(0.229285714285714,0.3,0.));
#2656=CARTESIAN_POINT('',(0.6,0.0500000000000001,0.));
#2657=CARTESIAN_POINT('',(0.05,0.05,0.));
#2658=CARTESIAN_POINT('',(0.6,0.0500000000000001,0.));
#2659=CARTESIAN_POINT('',(0.6,7.34788079488412E-17,0.));
#2660=CARTESIAN_POINT('',(0.6,6.93889390390723E-17,0.));
#2661=CARTESIAN_POINT('',(0.,0.,0.));
#2662=CARTESIAN_POINT('',(0.,0.,0.));
#2663=CARTESIAN_POINT('',(-1.10218211923262E-16,0.6,0.));
#2664=CARTESIAN_POINT('',(-1.10218211923262E-16,0.6,0.));
#2665=CARTESIAN_POINT('',(0.6,0.6,0.));
#2666=CARTESIAN_POINT('',(0.0499999999999998,0.55,0.));
#2667=CARTESIAN_POINT('',(0.0499999999999998,0.55,0.));
#2668=CARTESIAN_POINT('',(0.05,0.05,0.));
#2669=CARTESIAN_POINT('Origin',(0.6,0.6,0.));
#2670=CARTESIAN_POINT('',(-1.10218211923262E-16,0.6,3.15));
#2671=CARTESIAN_POINT('',(-1.10218211923262E-16,0.6,0.));
#2672=CARTESIAN_POINT('',(0.6,0.6,3.15));
#2673=CARTESIAN_POINT('',(0.6,0.6,0.));
#2674=CARTESIAN_POINT('Origin',(0.229285714285714,0.3,3.15));
#2675=CARTESIAN_POINT('',(0.,0.,3.15));
#2676=CARTESIAN_POINT('',(0.6,7.34788079488412E-17,3.15));
#2677=CARTESIAN_POINT('',(0.,0.,3.15));
#2678=CARTESIAN_POINT('',(0.6,0.0500000000000001,3.15));
#2679=CARTESIAN_POINT('',(0.6,6.93889390390723E-17,3.15));
#2680=CARTESIAN_POINT('',(0.05,0.05,3.15));
#2681=CARTESIAN_POINT('',(0.6,0.0500000000000001,3.15));
#2682=CARTESIAN_POINT('',(0.0499999999999998,0.55,3.15));
#2683=CARTESIAN_POINT('',(0.05,0.05,3.15));
#2684=CARTESIAN_POINT('',(0.0499999999999998,0.55,3.15));
#2685=CARTESIAN_POINT('',(-1.10218211923262E-16,0.6,3.15));
#2686=CARTESIAN_POINT('Origin',(0.,0.,0.));
#2687=CARTESIAN_POINT('',(0.6,7.34788079488412E-17,0.));
#2688=CARTESIAN_POINT('',(0.,0.,0.));
#2689=CARTESIAN_POINT('Origin',(0.6,7.34788079488412E-17,0.));
#2690=CARTESIAN_POINT('',(0.6,0.0500000000000001,0.));
#2691=CARTESIAN_POINT('Origin',(0.6,0.0500000000000001,0.));
#2692=CARTESIAN_POINT('',(0.05,0.05,0.));
#2693=CARTESIAN_POINT('Origin',(-1.10218211923262E-16,0.6,0.));
#2694=CARTESIAN_POINT('Origin',(0.6,0.55,0.));
#2695=CARTESIAN_POINT('',(0.6,0.55,0.));
#2696=CARTESIAN_POINT('Origin',(0.0499999999999998,0.55,0.));
#2697=CARTESIAN_POINT('',(0.0499999999999998,0.55,0.));
#2698=CARTESIAN_POINT('Origin',(0.05,0.05,0.));
#2699=CARTESIAN_POINT('',(0.,0.0500000000000005,0.));
#2700=CARTESIAN_POINT('',(-3.15,0.,-1.575));
#2701=CARTESIAN_POINT('',(3.15,2.60208521396523E-17,1.575));
#2702=UNCERTAINTY_MEASURE_WITH_UNIT(LENGTH_MEASURE(0.01),#2710,
'DISTANCE_ACCURACY_VALUE',
'Maximum model space distance between geometric entities at asserted c
onnectivities');
#2703=UNCERTAINTY_MEASURE_WITH_UNIT(LENGTH_MEASURE(0.01),#2710,
'DISTANCE_ACCURACY_VALUE',
'Maximum model space distance between geometric entities at asserted c
onnectivities');
#2704=UNCERTAINTY_MEASURE_WITH_UNIT(LENGTH_MEASURE(0.01),#2710,
'DISTANCE_ACCURACY_VALUE',
'Maximum model space distance between geometric entities at asserted c
onnectivities');
#2705=UNCERTAINTY_MEASURE_WITH_UNIT(LENGTH_MEASURE(1.E-6),#2710,
'DISTANCE_ACCURACY_VALUE',
'Maximum model space distance between geometric entities at asserted c
onnectivities');
#2706=(
GEOMETRIC_REPRESENTATION_CONTEXT(3)
GLOBAL_UNCERTAINTY_ASSIGNED_CONTEXT((#2702))
GLOBAL_UNIT_ASSIGNED_CONTEXT((#2710,#2713,#2711))
REPRESENTATION_CONTEXT('','3D')
);
#2707=(
GEOMETRIC_REPRESENTATION_CONTEXT(3)
GLOBAL_UNCERTAINTY_ASSIGNED_CONTEXT((#2703))
GLOBAL_UNIT_ASSIGNED_CONTEXT((#2710,#2713,#2711))
REPRESENTATION_CONTEXT('','3D')
);
#2708=(
GEOMETRIC_REPRESENTATION_CONTEXT(3)
GLOBAL_UNCERTAINTY_ASSIGNED_CONTEXT((#2704))
GLOBAL_UNIT_ASSIGNED_CONTEXT((#2710,#2713,#2711))
REPRESENTATION_CONTEXT('','3D')
);
#2709=(
GEOMETRIC_REPRESENTATION_CONTEXT(3)
GLOBAL_UNCERTAINTY_ASSIGNED_CONTEXT((#2705))
GLOBAL_UNIT_ASSIGNED_CONTEXT((#2710,#2713,#2711))
REPRESENTATION_CONTEXT('','3D')
);
#2710=(
LENGTH_UNIT()
NAMED_UNIT(*)
SI_UNIT(.MILLI.,.METRE.)
);
#2711=(
NAMED_UNIT(*)
SI_UNIT($,.STERADIAN.)
SOLID_ANGLE_UNIT()
);
#2712=DIMENSIONAL_EXPONENTS(0.,0.,0.,0.,0.,0.,0.);
#2713=(
CONVERSION_BASED_UNIT('degree',#2715)
NAMED_UNIT(#2712)
PLANE_ANGLE_UNIT()
);
#2714=(
NAMED_UNIT(*)
PLANE_ANGLE_UNIT()
SI_UNIT($,.RADIAN.)
);
#2715=PLANE_ANGLE_MEASURE_WITH_UNIT(PLANE_ANGLE_MEASURE(0.01745329252),
#2714);
#2716=SHAPE_DEFINITION_REPRESENTATION(#2719,#2725);
#2717=SHAPE_DEFINITION_REPRESENTATION(#2720,#2726);
#2718=SHAPE_DEFINITION_REPRESENTATION(#2721,#2727);
#2719=PRODUCT_DEFINITION_SHAPE('',$,#2729);
#2720=PRODUCT_DEFINITION_SHAPE('',$,#2730);
#2721=PRODUCT_DEFINITION_SHAPE('',$,#2731);
#2722=PRODUCT_DEFINITION_SHAPE($,$,#20);
#2723=PRODUCT_DEFINITION_SHAPE($,$,#21);
#2724=PRODUCT_DEFINITION_SHAPE($,$,#22);
#2725=SHAPE_REPRESENTATION('',(#1508,#1563,#1564,#1565),#2706);
#2726=SHAPE_REPRESENTATION('',(#1509),#2707);
#2727=SHAPE_REPRESENTATION('',(#1548),#2708);
#2728=PRODUCT_DEFINITION_CONTEXT('part definition',#2739,'design');
#2729=PRODUCT_DEFINITION('0402 Resistor','2512 Resistor',#2732,#2728);
#2730=PRODUCT_DEFINITION('Body','2512 Resistor_Body',#2733,#2728);
#2731=PRODUCT_DEFINITION('Electrode','2512 Resistor_Electrode',#2734,#2728);
#2732=PRODUCT_DEFINITION_FORMATION('',$,#2741);
#2733=PRODUCT_DEFINITION_FORMATION('',$,#2742);
#2734=PRODUCT_DEFINITION_FORMATION('',$,#2743);
#2735=PRODUCT_RELATED_PRODUCT_CATEGORY('2512 Resistor','2512 Resistor',
(#2741));
#2736=PRODUCT_RELATED_PRODUCT_CATEGORY('2512 Resistor_Body',
'2512 Resistor_Body',(#2742));
#2737=PRODUCT_RELATED_PRODUCT_CATEGORY('2512 Resistor_Electrode',
'2512 Resistor_Electrode',(#2743));
#2738=APPLICATION_PROTOCOL_DEFINITION('international standard',
'automotive_design',2009,#2739);
#2739=APPLICATION_CONTEXT(
'Core Data for Automotive Mechanical Design Process');
#2740=PRODUCT_CONTEXT('part definition',#2739,'mechanical');
#2741=PRODUCT('0402 Resistor','2512 Resistor',$,(#2740));
#2742=PRODUCT('Body','2512 Resistor_Body',$,(#2740));
#2743=PRODUCT('Electrode','2512 Resistor_Electrode',$,(#2740));
ENDSEC;
END-ISO-10303-21;
