ISO-10303-21;
HEADER;
/* Generated by software containing ST-Developer
 * from STEP Tools, Inc. (www.steptools.com) 
 */

FILE_DESCRIPTION(
/* description */ (''),
/* implementation_level */ '2;1');

FILE_NAME(
/* name */ '',
/* time_stamp */ '',
/* author */ (''),
/* organization */ (''),
/* preprocessor_version */ '',
/* originating_system */ '',
/* authorisation */ '');

FILE_SCHEMA (('AUTOMOTIVE_DESIGN { 1 0 10303 214 3 1 1 }'));
ENDSEC;

DATA;
#10=MECHANICAL_DESIGN_GEOMETRIC_PRESENTATION_REPRESENTATION('',(#68,#71,
#70,#69,#72,#78,#83,#79,#80,#74,#75,#76,#73,#77,#84,#88,#81,#82,#89,#91,
#85,#87,#86,#90,#92,#96,#95,#93,#94,#97),#16542);
#11=ITEM_DEFINED_TRANSFORMATION($,$,#10117,#10848);
#12=ITEM_DEFINED_TRANSFORMATION($,$,#10555,#10849);
#13=ITEM_DEFINED_TRANSFORMATION($,$,#10602,#10850);
#14=ITEM_DEFINED_TRANSFORMATION($,$,#10649,#10851);
#15=ITEM_DEFINED_TRANSFORMATION($,$,#10649,#10852);
#16=ITEM_DEFINED_TRANSFORMATION($,$,#10649,#10853);
#17=ITEM_DEFINED_TRANSFORMATION($,$,#10649,#10854);
#18=ITEM_DEFINED_TRANSFORMATION($,$,#10649,#10855);
#19=ITEM_DEFINED_TRANSFORMATION($,$,#10649,#10856);
#20=(
REPRESENTATION_RELATIONSHIP($,$,#16569,#16568)
REPRESENTATION_RELATIONSHIP_WITH_TRANSFORMATION(#11)
SHAPE_REPRESENTATION_RELATIONSHIP()
);
#21=(
REPRESENTATION_RELATIONSHIP($,$,#16570,#16568)
REPRESENTATION_RELATIONSHIP_WITH_TRANSFORMATION(#12)
SHAPE_REPRESENTATION_RELATIONSHIP()
);
#22=(
REPRESENTATION_RELATIONSHIP($,$,#16571,#16568)
REPRESENTATION_RELATIONSHIP_WITH_TRANSFORMATION(#13)
SHAPE_REPRESENTATION_RELATIONSHIP()
);
#23=(
REPRESENTATION_RELATIONSHIP($,$,#16572,#16568)
REPRESENTATION_RELATIONSHIP_WITH_TRANSFORMATION(#14)
SHAPE_REPRESENTATION_RELATIONSHIP()
);
#24=(
REPRESENTATION_RELATIONSHIP($,$,#16572,#16568)
REPRESENTATION_RELATIONSHIP_WITH_TRANSFORMATION(#15)
SHAPE_REPRESENTATION_RELATIONSHIP()
);
#25=(
REPRESENTATION_RELATIONSHIP($,$,#16572,#16568)
REPRESENTATION_RELATIONSHIP_WITH_TRANSFORMATION(#16)
SHAPE_REPRESENTATION_RELATIONSHIP()
);
#26=(
REPRESENTATION_RELATIONSHIP($,$,#16572,#16568)
REPRESENTATION_RELATIONSHIP_WITH_TRANSFORMATION(#17)
SHAPE_REPRESENTATION_RELATIONSHIP()
);
#27=(
REPRESENTATION_RELATIONSHIP($,$,#16572,#16568)
REPRESENTATION_RELATIONSHIP_WITH_TRANSFORMATION(#18)
SHAPE_REPRESENTATION_RELATIONSHIP()
);
#28=(
REPRESENTATION_RELATIONSHIP($,$,#16572,#16568)
REPRESENTATION_RELATIONSHIP_WITH_TRANSFORMATION(#19)
SHAPE_REPRESENTATION_RELATIONSHIP()
);
#29=CONTEXT_DEPENDENT_SHAPE_REPRESENTATION(#20,#16559);
#30=CONTEXT_DEPENDENT_SHAPE_REPRESENTATION(#21,#16560);
#31=CONTEXT_DEPENDENT_SHAPE_REPRESENTATION(#22,#16561);
#32=CONTEXT_DEPENDENT_SHAPE_REPRESENTATION(#23,#16562);
#33=CONTEXT_DEPENDENT_SHAPE_REPRESENTATION(#24,#16563);
#34=CONTEXT_DEPENDENT_SHAPE_REPRESENTATION(#25,#16564);
#35=CONTEXT_DEPENDENT_SHAPE_REPRESENTATION(#26,#16565);
#36=CONTEXT_DEPENDENT_SHAPE_REPRESENTATION(#27,#16566);
#37=CONTEXT_DEPENDENT_SHAPE_REPRESENTATION(#28,#16567);
#38=NEXT_ASSEMBLY_USAGE_OCCURRENCE('Apple A1185 Blade_Body:1',
'Apple A1185 Blade_Body:1','Apple A1185 Blade_Body:1',#16574,#16575,
'Apple A1185 Blade_Body:1');
#39=NEXT_ASSEMBLY_USAGE_OCCURRENCE('Apple A1185 Blade_Contact1:1',
'Apple A1185 Blade_Contact1:1','Apple A1185 Blade_Contact1:1',#16574,#16576,
'Apple A1185 Blade_Contact1:1');
#40=NEXT_ASSEMBLY_USAGE_OCCURRENCE('Apple A1185 Blade_Contact1_MIR:1',
'Apple A1185 Blade_Contact1_MIR:1','Apple A1185 Blade_Contact1_MIR:1',#16574,
#16577,'Apple A1185 Blade_Contact1_MIR:1');
#41=NEXT_ASSEMBLY_USAGE_OCCURRENCE('Apple A1185 Blade_Contact2:1',
'Apple A1185 Blade_Contact2:1','Apple A1185 Blade_Contact2:1',#16574,#16578,
'Apple A1185 Blade_Contact2:1');
#42=NEXT_ASSEMBLY_USAGE_OCCURRENCE('Apple A1185 Blade_Contact2:2',
'Apple A1185 Blade_Contact2:2','Apple A1185 Blade_Contact2:2',#16574,#16578,
'Apple A1185 Blade_Contact2:2');
#43=NEXT_ASSEMBLY_USAGE_OCCURRENCE('Apple A1185 Blade_Contact2:3',
'Apple A1185 Blade_Contact2:3','Apple A1185 Blade_Contact2:3',#16574,#16578,
'Apple A1185 Blade_Contact2:3');
#44=NEXT_ASSEMBLY_USAGE_OCCURRENCE('Apple A1185 Blade_Contact2:4',
'Apple A1185 Blade_Contact2:4','Apple A1185 Blade_Contact2:4',#16574,#16578,
'Apple A1185 Blade_Contact2:4');
#45=NEXT_ASSEMBLY_USAGE_OCCURRENCE('Apple A1185 Blade_Contact2:5',
'Apple A1185 Blade_Contact2:5','Apple A1185 Blade_Contact2:5',#16574,#16578,
'Apple A1185 Blade_Contact2:5');
#46=NEXT_ASSEMBLY_USAGE_OCCURRENCE('Apple A1185 Blade_Contact2:6',
'Apple A1185 Blade_Contact2:6','Apple A1185 Blade_Contact2:6',#16574,#16578,
'Apple A1185 Blade_Contact2:6');
#47=B_SPLINE_CURVE_WITH_KNOTS('',3,(#16164,#16165,#16166,#16167,#16168,
#16169),.UNSPECIFIED.,.F.,.F.,(4,2,4),(0.0454634297187407,0.0494578316502128,
0.0534522335816848),.UNSPECIFIED.);
#48=B_SPLINE_CURVE_WITH_KNOTS('',3,(#16185,#16186,#16187,#16188,#16189,
#16190),.UNSPECIFIED.,.F.,.F.,(4,2,4),(0.0464741160734066,0.0502919537704229,
0.0541097914674392),.UNSPECIFIED.);
#49=B_SPLINE_CURVE_WITH_KNOTS('',3,(#16209,#16210,#16211,#16212,#16213,
#16214),.UNSPECIFIED.,.F.,.F.,(4,2,4),(0.04114382854995,0.0487312915022302,
0.0533299366349359),.UNSPECIFIED.);
#50=B_SPLINE_CURVE_WITH_KNOTS('',3,(#16239,#16240,#16241,#16242,#16243,
#16244),.UNSPECIFIED.,.F.,.F.,(4,2,4),(0.0289577204649641,0.0335563655976697,
0.04114382854995),.UNSPECIFIED.);
#51=B_SPLINE_CURVE_WITH_KNOTS('',3,(#16247,#16248,#16249,#16250,#16251,
#16252,#16253,#16254),.UNSPECIFIED.,.F.,.F.,(4,2,2,4),(0.0758184420309475,
0.0833649615937372,0.090911481156527,0.0934825172344104),.UNSPECIFIED.);
#52=B_SPLINE_CURVE_WITH_KNOTS('',3,(#16288,#16289,#16290,#16291,#16292,
#16293),.UNSPECIFIED.,.F.,.F.,(4,2,4),(0.00753689238132079,0.0113547300783371,
0.0151725677753533),.UNSPECIFIED.);
#53=B_SPLINE_CURVE_WITH_KNOTS('',3,(#16315,#16316,#16317,#16318,#16319,
#16320),.UNSPECIFIED.,.F.,.F.,(4,2,4),(0.0223738975897393,0.0263682995212114,
0.0303627014526835),.UNSPECIFIED.);
#54=B_SPLINE_CURVE_WITH_KNOTS('',3,(#16366,#16367,#16368,#16369,#16370,
#16371,#16372,#16373),.UNSPECIFIED.,.F.,.F.,(4,2,2,4),(0.0581697451084389,
0.0607407811863223,0.068287300749112,0.0758338203119018),.UNSPECIFIED.);
#55=B_SPLINE_CURVE_WITH_KNOTS('',3,(#16396,#16397,#16398,#16399,#16400,
#16401),.UNSPECIFIED.,.F.,.F.,(4,2,4),(0.0454557405782631,0.0494501425097352,
0.0534445444412072),.UNSPECIFIED.);
#56=B_SPLINE_CURVE_WITH_KNOTS('',3,(#16422,#16423,#16424,#16425,#16426,
#16427),.UNSPECIFIED.,.F.,.F.,(4,2,4),(0.0464741160734068,0.0502919537704231,
0.0541097914674394),.UNSPECIFIED.);
#57=B_SPLINE_CURVE_WITH_KNOTS('',3,(#16440,#16441,#16442,#16443,#16444,
#16445),.UNSPECIFIED.,.F.,.F.,(4,2,4),(0.00753689238132071,0.011354730078337,
0.0151725677753533),.UNSPECIFIED.);
#58=B_SPLINE_CURVE_WITH_KNOTS('',3,(#16448,#16449,#16450,#16451,#16452,
#16453),.UNSPECIFIED.,.F.,.F.,(4,2,4),(0.0223738975897401,0.0263682995212121,
0.0303627014526841),.UNSPECIFIED.);
#59=TOROIDAL_SURFACE('',#10662,0.3,0.1);
#60=SHAPE_REPRESENTATION_RELATIONSHIP('SRR','None',#16569,#64);
#61=SHAPE_REPRESENTATION_RELATIONSHIP('SRR','None',#16570,#65);
#62=SHAPE_REPRESENTATION_RELATIONSHIP('SRR','None',#16571,#66);
#63=SHAPE_REPRESENTATION_RELATIONSHIP('SRR','None',#16572,#67);
#64=ADVANCED_BREP_SHAPE_REPRESENTATION('',(#98),#16538);
#65=ADVANCED_BREP_SHAPE_REPRESENTATION('',(#99),#16539);
#66=ADVANCED_BREP_SHAPE_REPRESENTATION('',(#100),#16540);
#67=ADVANCED_BREP_SHAPE_REPRESENTATION('',(#101),#16541);
#68=STYLED_ITEM('',(#10102),#98);
#69=STYLED_ITEM('',(#10103),#99);
#70=STYLED_ITEM('',(#10103),#9965);
#71=STYLED_ITEM('',(#10103),#9966);
#72=STYLED_ITEM('',(#10103),#9967);
#73=STYLED_ITEM('',(#10103),#9968);
#74=STYLED_ITEM('',(#10103),#9969);
#75=STYLED_ITEM('',(#10103),#9970);
#76=STYLED_ITEM('',(#10103),#9971);
#77=STYLED_ITEM('',(#10103),#9972);
#78=STYLED_ITEM('',(#10103),#9973);
#79=STYLED_ITEM('',(#10103),#9974);
#80=STYLED_ITEM('',(#10103),#9975);
#81=STYLED_ITEM('',(#10103),#9976);
#82=STYLED_ITEM('',(#10103),#9977);
#83=STYLED_ITEM('',(#10103),#9978);
#84=STYLED_ITEM('',(#10103),#9979);
#85=STYLED_ITEM('',(#10103),#9980);
#86=STYLED_ITEM('',(#10103),#9981);
#87=STYLED_ITEM('',(#10103),#9982);
#88=STYLED_ITEM('',(#10103),#9983);
#89=STYLED_ITEM('',(#10103),#9984);
#90=STYLED_ITEM('',(#10103),#9985);
#91=STYLED_ITEM('',(#10103),#9986);
#92=STYLED_ITEM('',(#10103),#9987);
#93=STYLED_ITEM('',(#10103),#9988);
#94=STYLED_ITEM('',(#10103),#9989);
#95=STYLED_ITEM('',(#10103),#9990);
#96=STYLED_ITEM('',(#10103),#100);
#97=STYLED_ITEM('',(#10103),#101);
#98=MANIFOLD_SOLID_BREP('Solid1',#10098);
#99=MANIFOLD_SOLID_BREP('Solid1',#10099);
#100=MANIFOLD_SOLID_BREP('Solid1',#10100);
#101=MANIFOLD_SOLID_BREP('Solid1',#10101);
#102=FACE_BOUND('',#953,.T.);
#103=FACE_BOUND('',#956,.T.);
#104=FACE_BOUND('',#958,.T.);
#105=FACE_BOUND('',#960,.T.);
#106=FACE_BOUND('',#1237,.T.);
#107=FACE_BOUND('',#1257,.T.);
#108=CONICAL_SURFACE('',#10184,0.3,45.);
#109=CONICAL_SURFACE('',#10190,0.3,45.);
#110=CONICAL_SURFACE('',#10198,1.5,45.);
#111=CONICAL_SURFACE('',#10204,1.5,45.);
#112=CONICAL_SURFACE('',#10214,1.5,45.);
#113=CONICAL_SURFACE('',#10219,1.5,45.);
#114=CONICAL_SURFACE('',#10229,1.5,45.);
#115=CONICAL_SURFACE('',#10234,1.5,45.);
#116=CONICAL_SURFACE('',#10243,1.5,45.);
#117=CONICAL_SURFACE('',#10249,1.5,45.);
#118=CONICAL_SURFACE('',#10257,1.5,44.9999999999999);
#119=CONICAL_SURFACE('',#10263,1.5,45.0000000000001);
#120=CONICAL_SURFACE('',#10272,1.5,44.9999999999998);
#121=CONICAL_SURFACE('',#10277,1.5,45.);
#122=CONICAL_SURFACE('',#10403,1.45,45.0000000000001);
#123=CONICAL_SURFACE('',#10408,1.45,45.);
#124=CONICAL_SURFACE('',#10421,1.45,45.0000000000001);
#125=CONICAL_SURFACE('',#10427,1.45,45.);
#126=CYLINDRICAL_SURFACE('',#10164,1.);
#127=CYLINDRICAL_SURFACE('',#10175,1.);
#128=CYLINDRICAL_SURFACE('',#10188,0.4);
#129=CYLINDRICAL_SURFACE('',#10193,0.4);
#130=CYLINDRICAL_SURFACE('',#10208,1.7);
#131=CYLINDRICAL_SURFACE('',#10223,1.7);
#132=CYLINDRICAL_SURFACE('',#10238,1.7);
#133=CYLINDRICAL_SURFACE('',#10253,1.7);
#134=CYLINDRICAL_SURFACE('',#10267,1.7);
#135=CYLINDRICAL_SURFACE('',#10283,1.7);
#136=CYLINDRICAL_SURFACE('',#10361,1.7);
#137=CYLINDRICAL_SURFACE('',#10389,1.);
#138=CYLINDRICAL_SURFACE('',#10390,1.);
#139=CYLINDRICAL_SURFACE('',#10395,1.);
#140=CYLINDRICAL_SURFACE('',#10397,1.);
#141=CYLINDRICAL_SURFACE('',#10414,1.7);
#142=CYLINDRICAL_SURFACE('',#10433,1.7);
#143=CYLINDRICAL_SURFACE('',#10434,1.);
#144=CYLINDRICAL_SURFACE('',#10439,1.);
#145=CYLINDRICAL_SURFACE('',#10443,1.);
#146=CYLINDRICAL_SURFACE('',#10447,1.);
#147=CYLINDRICAL_SURFACE('',#10473,0.5);
#148=CYLINDRICAL_SURFACE('',#10476,0.5);
#149=CYLINDRICAL_SURFACE('',#10512,1.);
#150=CYLINDRICAL_SURFACE('',#10515,0.3);
#151=CYLINDRICAL_SURFACE('',#10518,0.5);
#152=CYLINDRICAL_SURFACE('',#10521,0.4);
#153=CYLINDRICAL_SURFACE('',#10538,1.);
#154=CYLINDRICAL_SURFACE('',#10540,0.3);
#155=CYLINDRICAL_SURFACE('',#10542,0.5);
#156=CYLINDRICAL_SURFACE('',#10544,0.4);
#157=CYLINDRICAL_SURFACE('',#10556,1.);
#158=CYLINDRICAL_SURFACE('',#10566,0.1);
#159=CYLINDRICAL_SURFACE('',#10569,0.1);
#160=CYLINDRICAL_SURFACE('',#10571,0.1);
#161=CYLINDRICAL_SURFACE('',#10578,0.1);
#162=CYLINDRICAL_SURFACE('',#10581,0.1);
#163=CYLINDRICAL_SURFACE('',#10590,0.3);
#164=CYLINDRICAL_SURFACE('',#10594,0.534889550463792);
#165=CYLINDRICAL_SURFACE('',#10596,0.1);
#166=CYLINDRICAL_SURFACE('',#10598,0.734889550463792);
#167=CYLINDRICAL_SURFACE('',#10603,1.);
#168=CYLINDRICAL_SURFACE('',#10613,0.1);
#169=CYLINDRICAL_SURFACE('',#10616,0.1);
#170=CYLINDRICAL_SURFACE('',#10618,0.1);
#171=CYLINDRICAL_SURFACE('',#10625,0.1);
#172=CYLINDRICAL_SURFACE('',#10628,0.1);
#173=CYLINDRICAL_SURFACE('',#10637,0.3);
#174=CYLINDRICAL_SURFACE('',#10641,0.534889550463792);
#175=CYLINDRICAL_SURFACE('',#10643,0.1);
#176=CYLINDRICAL_SURFACE('',#10645,0.734889550463792);
#177=CYLINDRICAL_SURFACE('',#10650,0.1);
#178=CYLINDRICAL_SURFACE('',#10659,0.1);
#179=CYLINDRICAL_SURFACE('',#10665,0.1);
#180=CYLINDRICAL_SURFACE('',#10669,0.1);
#181=CYLINDRICAL_SURFACE('',#10676,0.1);
#182=CYLINDRICAL_SURFACE('',#10678,0.2);
#183=CYLINDRICAL_SURFACE('',#10684,0.2);
#184=CYLINDRICAL_SURFACE('',#10687,1.);
#185=CYLINDRICAL_SURFACE('',#10696,0.8);
#186=CYLINDRICAL_SURFACE('',#10697,0.2);
#187=CYLINDRICAL_SURFACE('',#10709,0.2);
#188=CYLINDRICAL_SURFACE('',#10722,0.200000000000001);
#189=CYLINDRICAL_SURFACE('',#10728,0.400000000000001);
#190=CYLINDRICAL_SURFACE('',#10733,0.2);
#191=CYLINDRICAL_SURFACE('',#10736,0.399999999999999);
#192=CYLINDRICAL_SURFACE('',#10738,0.199999999999999);
#193=CYLINDRICAL_SURFACE('',#10742,0.2);
#194=CYLINDRICAL_SURFACE('',#10743,0.2);
#195=CYLINDRICAL_SURFACE('',#10747,0.1);
#196=CYLINDRICAL_SURFACE('',#10754,0.4);
#197=CYLINDRICAL_SURFACE('',#10760,0.1);
#198=CYLINDRICAL_SURFACE('',#10765,0.1);
#199=CYLINDRICAL_SURFACE('',#10766,0.1);
#200=CYLINDRICAL_SURFACE('',#10771,0.2);
#201=CYLINDRICAL_SURFACE('',#10775,0.4);
#202=CYLINDRICAL_SURFACE('',#10776,0.2);
#203=CYLINDRICAL_SURFACE('',#10777,0.399999999999999);
#204=CYLINDRICAL_SURFACE('',#10783,0.199999999999999);
#205=CYLINDRICAL_SURFACE('',#10784,0.2);
#206=CYLINDRICAL_SURFACE('',#10787,0.2);
#207=CYLINDRICAL_SURFACE('',#10789,0.1);
#208=CYLINDRICAL_SURFACE('',#10794,0.2);
#209=CYLINDRICAL_SURFACE('',#10801,0.4);
#210=CYLINDRICAL_SURFACE('',#10805,0.1);
#211=CYLINDRICAL_SURFACE('',#10810,0.1);
#212=CYLINDRICAL_SURFACE('',#10814,0.1);
#213=CYLINDRICAL_SURFACE('',#10819,0.400000000000001);
#214=CYLINDRICAL_SURFACE('',#10822,0.200000000000001);
#215=CYLINDRICAL_SURFACE('',#10823,0.4);
#216=CYLINDRICAL_SURFACE('',#10829,0.4);
#217=CYLINDRICAL_SURFACE('',#10838,0.2);
#218=CYLINDRICAL_SURFACE('',#10841,0.4);
#219=CYLINDRICAL_SURFACE('',#10846,0.2);
#220=CIRCLE('',#10123,1.);
#221=CIRCLE('',#10124,1.);
#222=CIRCLE('',#10165,1.);
#223=CIRCLE('',#10166,1.);
#224=CIRCLE('',#10168,1.7);
#225=CIRCLE('',#10169,1.);
#226=CIRCLE('',#10170,0.3);
#227=CIRCLE('',#10171,0.4);
#228=CIRCLE('',#10172,0.5);
#229=CIRCLE('',#10174,1.);
#230=CIRCLE('',#10176,1.);
#231=CIRCLE('',#10178,0.5);
#232=CIRCLE('',#10179,0.4);
#233=CIRCLE('',#10180,0.3);
#234=CIRCLE('',#10181,1.);
#235=CIRCLE('',#10182,1.7);
#236=CIRCLE('',#10185,0.2);
#237=CIRCLE('',#10186,0.4);
#238=CIRCLE('',#10189,0.4);
#239=CIRCLE('',#10191,0.2);
#240=CIRCLE('',#10192,0.4);
#241=CIRCLE('',#10194,0.4);
#242=CIRCLE('',#10199,1.7);
#243=CIRCLE('',#10200,1.3);
#244=CIRCLE('',#10205,1.7);
#245=CIRCLE('',#10206,1.3);
#246=CIRCLE('',#10209,1.7);
#247=CIRCLE('',#10215,1.7);
#248=CIRCLE('',#10216,1.3);
#249=CIRCLE('',#10220,1.7);
#250=CIRCLE('',#10221,1.3);
#251=CIRCLE('',#10230,1.7);
#252=CIRCLE('',#10231,1.3);
#253=CIRCLE('',#10235,1.7);
#254=CIRCLE('',#10236,1.3);
#255=CIRCLE('',#10244,1.7);
#256=CIRCLE('',#10245,1.3);
#257=CIRCLE('',#10250,1.7);
#258=CIRCLE('',#10251,1.3);
#259=CIRCLE('',#10258,1.7);
#260=CIRCLE('',#10259,1.3);
#261=CIRCLE('',#10264,1.7);
#262=CIRCLE('',#10265,1.3);
#263=CIRCLE('',#10273,1.7);
#264=CIRCLE('',#10274,1.3);
#265=CIRCLE('',#10278,1.7);
#266=CIRCLE('',#10279,1.3);
#267=CIRCLE('',#10362,1.7);
#268=CIRCLE('',#10383,1.);
#269=CIRCLE('',#10384,1.);
#270=CIRCLE('',#10386,1.);
#271=CIRCLE('',#10387,1.);
#272=CIRCLE('',#10391,1.);
#273=CIRCLE('',#10396,1.);
#274=CIRCLE('',#10404,1.2);
#275=CIRCLE('',#10409,1.7);
#276=CIRCLE('',#10410,1.2);
#277=CIRCLE('',#10417,1.);
#278=CIRCLE('',#10419,0.5);
#279=CIRCLE('',#10422,1.2);
#280=CIRCLE('',#10428,1.7);
#281=CIRCLE('',#10429,1.2);
#282=CIRCLE('',#10435,1.);
#283=CIRCLE('',#10437,1.);
#284=CIRCLE('',#10440,1.);
#285=CIRCLE('',#10441,1.);
#286=CIRCLE('',#10444,1.);
#287=CIRCLE('',#10448,1.);
#288=CIRCLE('',#10449,1.);
#289=CIRCLE('',#10474,0.5);
#290=CIRCLE('',#10477,0.5);
#291=CIRCLE('',#10478,0.5);
#292=CIRCLE('',#10557,1.);
#293=CIRCLE('',#10558,1.);
#294=CIRCLE('',#10561,0.1);
#295=CIRCLE('',#10562,0.1);
#296=CIRCLE('',#10563,0.1);
#297=CIRCLE('',#10564,0.1);
#298=CIRCLE('',#10565,0.1);
#299=CIRCLE('',#10567,0.1);
#300=CIRCLE('',#10570,0.1);
#301=CIRCLE('',#10572,0.1);
#302=CIRCLE('',#10574,0.734889550463792);
#303=CIRCLE('',#10575,0.1);
#304=CIRCLE('',#10576,0.3);
#305=CIRCLE('',#10577,0.534889550463792);
#306=CIRCLE('',#10579,0.1);
#307=CIRCLE('',#10582,0.1);
#308=CIRCLE('',#10586,0.534889550463792);
#309=CIRCLE('',#10587,0.3);
#310=CIRCLE('',#10588,0.1);
#311=CIRCLE('',#10589,0.734889550463792);
#312=CIRCLE('',#10604,1.);
#313=CIRCLE('',#10605,1.);
#314=CIRCLE('',#10608,0.1);
#315=CIRCLE('',#10609,0.1);
#316=CIRCLE('',#10610,0.1);
#317=CIRCLE('',#10611,0.1);
#318=CIRCLE('',#10612,0.1);
#319=CIRCLE('',#10614,0.1);
#320=CIRCLE('',#10617,0.1);
#321=CIRCLE('',#10619,0.1);
#322=CIRCLE('',#10621,0.534889550463792);
#323=CIRCLE('',#10622,0.3);
#324=CIRCLE('',#10623,0.1);
#325=CIRCLE('',#10624,0.734889550463792);
#326=CIRCLE('',#10626,0.1);
#327=CIRCLE('',#10629,0.1);
#328=CIRCLE('',#10633,0.734889550463792);
#329=CIRCLE('',#10634,0.1);
#330=CIRCLE('',#10635,0.3);
#331=CIRCLE('',#10636,0.534889550463792);
#332=CIRCLE('',#10651,0.1);
#333=CIRCLE('',#10652,0.1);
#334=CIRCLE('',#10655,0.1);
#335=CIRCLE('',#10656,0.1);
#336=CIRCLE('',#10658,0.1);
#337=CIRCLE('',#10660,0.1);
#338=CIRCLE('',#10663,0.2);
#339=CIRCLE('',#10664,0.3);
#340=CIRCLE('',#10667,0.4);
#341=CIRCLE('',#10670,0.1);
#342=CIRCLE('',#10671,0.1);
#343=CIRCLE('',#10674,0.1);
#344=CIRCLE('',#10675,0.1);
#345=CIRCLE('',#10677,0.1);
#346=CIRCLE('',#10679,0.2);
#347=CIRCLE('',#10680,0.2);
#348=CIRCLE('',#10683,0.2);
#349=CIRCLE('',#10685,0.2);
#350=CIRCLE('',#10688,1.);
#351=CIRCLE('',#10689,1.);
#352=CIRCLE('',#10692,0.8);
#353=CIRCLE('',#10694,0.8);
#354=CIRCLE('',#10701,0.2);
#355=CIRCLE('',#10713,0.2);
#356=CIRCLE('',#10723,0.200000000000003);
#357=CIRCLE('',#10726,0.2);
#358=CIRCLE('',#10730,0.400000000000003);
#359=CIRCLE('',#10737,0.4);
#360=CIRCLE('',#10739,0.2);
#361=CIRCLE('',#10750,0.1);
#362=CIRCLE('',#10751,0.1);
#363=CIRCLE('',#10753,0.1);
#364=CIRCLE('',#10755,0.4);
#365=CIRCLE('',#10756,0.400000000000001);
#366=CIRCLE('',#10759,0.2);
#367=CIRCLE('',#10761,0.1);
#368=CIRCLE('',#10767,0.1);
#369=CIRCLE('',#10770,0.2);
#370=CIRCLE('',#10778,0.4);
#371=CIRCLE('',#10781,0.2);
#372=CIRCLE('',#10785,0.2);
#373=CIRCLE('',#10790,0.1);
#374=CIRCLE('',#10791,0.1);
#375=CIRCLE('',#10795,0.2);
#376=CIRCLE('',#10797,0.2);
#377=CIRCLE('',#10800,0.4);
#378=CIRCLE('',#10803,0.400000000000001);
#379=CIRCLE('',#10806,0.1);
#380=CIRCLE('',#10807,0.1);
#381=CIRCLE('',#10812,0.400000000000003);
#382=CIRCLE('',#10813,0.200000000000003);
#383=CIRCLE('',#10815,0.1);
#384=CIRCLE('',#10830,0.4);
#385=CIRCLE('',#10831,0.4);
#386=CIRCLE('',#10833,0.2);
#387=CIRCLE('',#10835,0.2);
#388=CIRCLE('',#10842,0.4);
#389=CIRCLE('',#10845,0.2);
#390=FACE_OUTER_BOUND('',#904,.T.);
#391=FACE_OUTER_BOUND('',#905,.T.);
#392=FACE_OUTER_BOUND('',#906,.T.);
#393=FACE_OUTER_BOUND('',#907,.T.);
#394=FACE_OUTER_BOUND('',#908,.T.);
#395=FACE_OUTER_BOUND('',#909,.T.);
#396=FACE_OUTER_BOUND('',#910,.T.);
#397=FACE_OUTER_BOUND('',#911,.T.);
#398=FACE_OUTER_BOUND('',#912,.T.);
#399=FACE_OUTER_BOUND('',#913,.T.);
#400=FACE_OUTER_BOUND('',#914,.T.);
#401=FACE_OUTER_BOUND('',#915,.T.);
#402=FACE_OUTER_BOUND('',#916,.T.);
#403=FACE_OUTER_BOUND('',#917,.T.);
#404=FACE_OUTER_BOUND('',#918,.T.);
#405=FACE_OUTER_BOUND('',#919,.T.);
#406=FACE_OUTER_BOUND('',#920,.T.);
#407=FACE_OUTER_BOUND('',#921,.T.);
#408=FACE_OUTER_BOUND('',#922,.T.);
#409=FACE_OUTER_BOUND('',#923,.T.);
#410=FACE_OUTER_BOUND('',#924,.T.);
#411=FACE_OUTER_BOUND('',#925,.T.);
#412=FACE_OUTER_BOUND('',#926,.T.);
#413=FACE_OUTER_BOUND('',#927,.T.);
#414=FACE_OUTER_BOUND('',#928,.T.);
#415=FACE_OUTER_BOUND('',#929,.T.);
#416=FACE_OUTER_BOUND('',#930,.T.);
#417=FACE_OUTER_BOUND('',#931,.T.);
#418=FACE_OUTER_BOUND('',#932,.T.);
#419=FACE_OUTER_BOUND('',#933,.T.);
#420=FACE_OUTER_BOUND('',#934,.T.);
#421=FACE_OUTER_BOUND('',#935,.T.);
#422=FACE_OUTER_BOUND('',#936,.T.);
#423=FACE_OUTER_BOUND('',#937,.T.);
#424=FACE_OUTER_BOUND('',#938,.T.);
#425=FACE_OUTER_BOUND('',#939,.T.);
#426=FACE_OUTER_BOUND('',#940,.T.);
#427=FACE_OUTER_BOUND('',#941,.T.);
#428=FACE_OUTER_BOUND('',#942,.T.);
#429=FACE_OUTER_BOUND('',#943,.T.);
#430=FACE_OUTER_BOUND('',#944,.T.);
#431=FACE_OUTER_BOUND('',#945,.T.);
#432=FACE_OUTER_BOUND('',#946,.T.);
#433=FACE_OUTER_BOUND('',#947,.T.);
#434=FACE_OUTER_BOUND('',#948,.T.);
#435=FACE_OUTER_BOUND('',#949,.T.);
#436=FACE_OUTER_BOUND('',#950,.T.);
#437=FACE_OUTER_BOUND('',#951,.T.);
#438=FACE_OUTER_BOUND('',#952,.T.);
#439=FACE_OUTER_BOUND('',#954,.T.);
#440=FACE_OUTER_BOUND('',#955,.T.);
#441=FACE_OUTER_BOUND('',#957,.T.);
#442=FACE_OUTER_BOUND('',#959,.T.);
#443=FACE_OUTER_BOUND('',#961,.T.);
#444=FACE_OUTER_BOUND('',#962,.T.);
#445=FACE_OUTER_BOUND('',#963,.T.);
#446=FACE_OUTER_BOUND('',#964,.T.);
#447=FACE_OUTER_BOUND('',#965,.T.);
#448=FACE_OUTER_BOUND('',#966,.T.);
#449=FACE_OUTER_BOUND('',#967,.T.);
#450=FACE_OUTER_BOUND('',#968,.T.);
#451=FACE_OUTER_BOUND('',#969,.T.);
#452=FACE_OUTER_BOUND('',#970,.T.);
#453=FACE_OUTER_BOUND('',#971,.T.);
#454=FACE_OUTER_BOUND('',#972,.T.);
#455=FACE_OUTER_BOUND('',#973,.T.);
#456=FACE_OUTER_BOUND('',#974,.T.);
#457=FACE_OUTER_BOUND('',#975,.T.);
#458=FACE_OUTER_BOUND('',#976,.T.);
#459=FACE_OUTER_BOUND('',#977,.T.);
#460=FACE_OUTER_BOUND('',#978,.T.);
#461=FACE_OUTER_BOUND('',#979,.T.);
#462=FACE_OUTER_BOUND('',#980,.T.);
#463=FACE_OUTER_BOUND('',#981,.T.);
#464=FACE_OUTER_BOUND('',#982,.T.);
#465=FACE_OUTER_BOUND('',#983,.T.);
#466=FACE_OUTER_BOUND('',#984,.T.);
#467=FACE_OUTER_BOUND('',#985,.T.);
#468=FACE_OUTER_BOUND('',#986,.T.);
#469=FACE_OUTER_BOUND('',#987,.T.);
#470=FACE_OUTER_BOUND('',#988,.T.);
#471=FACE_OUTER_BOUND('',#989,.T.);
#472=FACE_OUTER_BOUND('',#990,.T.);
#473=FACE_OUTER_BOUND('',#991,.T.);
#474=FACE_OUTER_BOUND('',#992,.T.);
#475=FACE_OUTER_BOUND('',#993,.T.);
#476=FACE_OUTER_BOUND('',#994,.T.);
#477=FACE_OUTER_BOUND('',#995,.T.);
#478=FACE_OUTER_BOUND('',#996,.T.);
#479=FACE_OUTER_BOUND('',#997,.T.);
#480=FACE_OUTER_BOUND('',#998,.T.);
#481=FACE_OUTER_BOUND('',#999,.T.);
#482=FACE_OUTER_BOUND('',#1000,.T.);
#483=FACE_OUTER_BOUND('',#1001,.T.);
#484=FACE_OUTER_BOUND('',#1002,.T.);
#485=FACE_OUTER_BOUND('',#1003,.T.);
#486=FACE_OUTER_BOUND('',#1004,.T.);
#487=FACE_OUTER_BOUND('',#1005,.T.);
#488=FACE_OUTER_BOUND('',#1006,.T.);
#489=FACE_OUTER_BOUND('',#1007,.T.);
#490=FACE_OUTER_BOUND('',#1008,.T.);
#491=FACE_OUTER_BOUND('',#1009,.T.);
#492=FACE_OUTER_BOUND('',#1010,.T.);
#493=FACE_OUTER_BOUND('',#1011,.T.);
#494=FACE_OUTER_BOUND('',#1012,.T.);
#495=FACE_OUTER_BOUND('',#1013,.T.);
#496=FACE_OUTER_BOUND('',#1014,.T.);
#497=FACE_OUTER_BOUND('',#1015,.T.);
#498=FACE_OUTER_BOUND('',#1016,.T.);
#499=FACE_OUTER_BOUND('',#1017,.T.);
#500=FACE_OUTER_BOUND('',#1018,.T.);
#501=FACE_OUTER_BOUND('',#1019,.T.);
#502=FACE_OUTER_BOUND('',#1020,.T.);
#503=FACE_OUTER_BOUND('',#1021,.T.);
#504=FACE_OUTER_BOUND('',#1022,.T.);
#505=FACE_OUTER_BOUND('',#1023,.T.);
#506=FACE_OUTER_BOUND('',#1024,.T.);
#507=FACE_OUTER_BOUND('',#1025,.T.);
#508=FACE_OUTER_BOUND('',#1026,.T.);
#509=FACE_OUTER_BOUND('',#1027,.T.);
#510=FACE_OUTER_BOUND('',#1028,.T.);
#511=FACE_OUTER_BOUND('',#1029,.T.);
#512=FACE_OUTER_BOUND('',#1030,.T.);
#513=FACE_OUTER_BOUND('',#1031,.T.);
#514=FACE_OUTER_BOUND('',#1032,.T.);
#515=FACE_OUTER_BOUND('',#1033,.T.);
#516=FACE_OUTER_BOUND('',#1034,.T.);
#517=FACE_OUTER_BOUND('',#1035,.T.);
#518=FACE_OUTER_BOUND('',#1036,.T.);
#519=FACE_OUTER_BOUND('',#1037,.T.);
#520=FACE_OUTER_BOUND('',#1038,.T.);
#521=FACE_OUTER_BOUND('',#1039,.T.);
#522=FACE_OUTER_BOUND('',#1040,.T.);
#523=FACE_OUTER_BOUND('',#1041,.T.);
#524=FACE_OUTER_BOUND('',#1042,.T.);
#525=FACE_OUTER_BOUND('',#1043,.T.);
#526=FACE_OUTER_BOUND('',#1044,.T.);
#527=FACE_OUTER_BOUND('',#1045,.T.);
#528=FACE_OUTER_BOUND('',#1046,.T.);
#529=FACE_OUTER_BOUND('',#1047,.T.);
#530=FACE_OUTER_BOUND('',#1048,.T.);
#531=FACE_OUTER_BOUND('',#1049,.T.);
#532=FACE_OUTER_BOUND('',#1050,.T.);
#533=FACE_OUTER_BOUND('',#1051,.T.);
#534=FACE_OUTER_BOUND('',#1052,.T.);
#535=FACE_OUTER_BOUND('',#1053,.T.);
#536=FACE_OUTER_BOUND('',#1054,.T.);
#537=FACE_OUTER_BOUND('',#1055,.T.);
#538=FACE_OUTER_BOUND('',#1056,.T.);
#539=FACE_OUTER_BOUND('',#1057,.T.);
#540=FACE_OUTER_BOUND('',#1058,.T.);
#541=FACE_OUTER_BOUND('',#1059,.T.);
#542=FACE_OUTER_BOUND('',#1060,.T.);
#543=FACE_OUTER_BOUND('',#1061,.T.);
#544=FACE_OUTER_BOUND('',#1062,.T.);
#545=FACE_OUTER_BOUND('',#1063,.T.);
#546=FACE_OUTER_BOUND('',#1064,.T.);
#547=FACE_OUTER_BOUND('',#1065,.T.);
#548=FACE_OUTER_BOUND('',#1066,.T.);
#549=FACE_OUTER_BOUND('',#1067,.T.);
#550=FACE_OUTER_BOUND('',#1068,.T.);
#551=FACE_OUTER_BOUND('',#1069,.T.);
#552=FACE_OUTER_BOUND('',#1070,.T.);
#553=FACE_OUTER_BOUND('',#1071,.T.);
#554=FACE_OUTER_BOUND('',#1072,.T.);
#555=FACE_OUTER_BOUND('',#1073,.T.);
#556=FACE_OUTER_BOUND('',#1074,.T.);
#557=FACE_OUTER_BOUND('',#1075,.T.);
#558=FACE_OUTER_BOUND('',#1076,.T.);
#559=FACE_OUTER_BOUND('',#1077,.T.);
#560=FACE_OUTER_BOUND('',#1078,.T.);
#561=FACE_OUTER_BOUND('',#1079,.T.);
#562=FACE_OUTER_BOUND('',#1080,.T.);
#563=FACE_OUTER_BOUND('',#1081,.T.);
#564=FACE_OUTER_BOUND('',#1082,.T.);
#565=FACE_OUTER_BOUND('',#1083,.T.);
#566=FACE_OUTER_BOUND('',#1084,.T.);
#567=FACE_OUTER_BOUND('',#1085,.T.);
#568=FACE_OUTER_BOUND('',#1086,.T.);
#569=FACE_OUTER_BOUND('',#1087,.T.);
#570=FACE_OUTER_BOUND('',#1088,.T.);
#571=FACE_OUTER_BOUND('',#1089,.T.);
#572=FACE_OUTER_BOUND('',#1090,.T.);
#573=FACE_OUTER_BOUND('',#1091,.T.);
#574=FACE_OUTER_BOUND('',#1092,.T.);
#575=FACE_OUTER_BOUND('',#1093,.T.);
#576=FACE_OUTER_BOUND('',#1094,.T.);
#577=FACE_OUTER_BOUND('',#1095,.T.);
#578=FACE_OUTER_BOUND('',#1096,.T.);
#579=FACE_OUTER_BOUND('',#1097,.T.);
#580=FACE_OUTER_BOUND('',#1098,.T.);
#581=FACE_OUTER_BOUND('',#1099,.T.);
#582=FACE_OUTER_BOUND('',#1100,.T.);
#583=FACE_OUTER_BOUND('',#1101,.T.);
#584=FACE_OUTER_BOUND('',#1102,.T.);
#585=FACE_OUTER_BOUND('',#1103,.T.);
#586=FACE_OUTER_BOUND('',#1104,.T.);
#587=FACE_OUTER_BOUND('',#1105,.T.);
#588=FACE_OUTER_BOUND('',#1106,.T.);
#589=FACE_OUTER_BOUND('',#1107,.T.);
#590=FACE_OUTER_BOUND('',#1108,.T.);
#591=FACE_OUTER_BOUND('',#1109,.T.);
#592=FACE_OUTER_BOUND('',#1110,.T.);
#593=FACE_OUTER_BOUND('',#1111,.T.);
#594=FACE_OUTER_BOUND('',#1112,.T.);
#595=FACE_OUTER_BOUND('',#1113,.T.);
#596=FACE_OUTER_BOUND('',#1114,.T.);
#597=FACE_OUTER_BOUND('',#1115,.T.);
#598=FACE_OUTER_BOUND('',#1116,.T.);
#599=FACE_OUTER_BOUND('',#1117,.T.);
#600=FACE_OUTER_BOUND('',#1118,.T.);
#601=FACE_OUTER_BOUND('',#1119,.T.);
#602=FACE_OUTER_BOUND('',#1120,.T.);
#603=FACE_OUTER_BOUND('',#1121,.T.);
#604=FACE_OUTER_BOUND('',#1122,.T.);
#605=FACE_OUTER_BOUND('',#1123,.T.);
#606=FACE_OUTER_BOUND('',#1124,.T.);
#607=FACE_OUTER_BOUND('',#1125,.T.);
#608=FACE_OUTER_BOUND('',#1126,.T.);
#609=FACE_OUTER_BOUND('',#1127,.T.);
#610=FACE_OUTER_BOUND('',#1128,.T.);
#611=FACE_OUTER_BOUND('',#1129,.T.);
#612=FACE_OUTER_BOUND('',#1130,.T.);
#613=FACE_OUTER_BOUND('',#1131,.T.);
#614=FACE_OUTER_BOUND('',#1132,.T.);
#615=FACE_OUTER_BOUND('',#1133,.T.);
#616=FACE_OUTER_BOUND('',#1134,.T.);
#617=FACE_OUTER_BOUND('',#1135,.T.);
#618=FACE_OUTER_BOUND('',#1136,.T.);
#619=FACE_OUTER_BOUND('',#1137,.T.);
#620=FACE_OUTER_BOUND('',#1138,.T.);
#621=FACE_OUTER_BOUND('',#1139,.T.);
#622=FACE_OUTER_BOUND('',#1140,.T.);
#623=FACE_OUTER_BOUND('',#1141,.T.);
#624=FACE_OUTER_BOUND('',#1142,.T.);
#625=FACE_OUTER_BOUND('',#1143,.T.);
#626=FACE_OUTER_BOUND('',#1144,.T.);
#627=FACE_OUTER_BOUND('',#1145,.T.);
#628=FACE_OUTER_BOUND('',#1146,.T.);
#629=FACE_OUTER_BOUND('',#1147,.T.);
#630=FACE_OUTER_BOUND('',#1148,.T.);
#631=FACE_OUTER_BOUND('',#1149,.T.);
#632=FACE_OUTER_BOUND('',#1150,.T.);
#633=FACE_OUTER_BOUND('',#1151,.T.);
#634=FACE_OUTER_BOUND('',#1152,.T.);
#635=FACE_OUTER_BOUND('',#1153,.T.);
#636=FACE_OUTER_BOUND('',#1154,.T.);
#637=FACE_OUTER_BOUND('',#1155,.T.);
#638=FACE_OUTER_BOUND('',#1156,.T.);
#639=FACE_OUTER_BOUND('',#1157,.T.);
#640=FACE_OUTER_BOUND('',#1158,.T.);
#641=FACE_OUTER_BOUND('',#1159,.T.);
#642=FACE_OUTER_BOUND('',#1160,.T.);
#643=FACE_OUTER_BOUND('',#1161,.T.);
#644=FACE_OUTER_BOUND('',#1162,.T.);
#645=FACE_OUTER_BOUND('',#1163,.T.);
#646=FACE_OUTER_BOUND('',#1164,.T.);
#647=FACE_OUTER_BOUND('',#1165,.T.);
#648=FACE_OUTER_BOUND('',#1166,.T.);
#649=FACE_OUTER_BOUND('',#1167,.T.);
#650=FACE_OUTER_BOUND('',#1168,.T.);
#651=FACE_OUTER_BOUND('',#1169,.T.);
#652=FACE_OUTER_BOUND('',#1170,.T.);
#653=FACE_OUTER_BOUND('',#1171,.T.);
#654=FACE_OUTER_BOUND('',#1172,.T.);
#655=FACE_OUTER_BOUND('',#1173,.T.);
#656=FACE_OUTER_BOUND('',#1174,.T.);
#657=FACE_OUTER_BOUND('',#1175,.T.);
#658=FACE_OUTER_BOUND('',#1176,.T.);
#659=FACE_OUTER_BOUND('',#1177,.T.);
#660=FACE_OUTER_BOUND('',#1178,.T.);
#661=FACE_OUTER_BOUND('',#1179,.T.);
#662=FACE_OUTER_BOUND('',#1180,.T.);
#663=FACE_OUTER_BOUND('',#1181,.T.);
#664=FACE_OUTER_BOUND('',#1182,.T.);
#665=FACE_OUTER_BOUND('',#1183,.T.);
#666=FACE_OUTER_BOUND('',#1184,.T.);
#667=FACE_OUTER_BOUND('',#1185,.T.);
#668=FACE_OUTER_BOUND('',#1186,.T.);
#669=FACE_OUTER_BOUND('',#1187,.T.);
#670=FACE_OUTER_BOUND('',#1188,.T.);
#671=FACE_OUTER_BOUND('',#1189,.T.);
#672=FACE_OUTER_BOUND('',#1190,.T.);
#673=FACE_OUTER_BOUND('',#1191,.T.);
#674=FACE_OUTER_BOUND('',#1192,.T.);
#675=FACE_OUTER_BOUND('',#1193,.T.);
#676=FACE_OUTER_BOUND('',#1194,.T.);
#677=FACE_OUTER_BOUND('',#1195,.T.);
#678=FACE_OUTER_BOUND('',#1196,.T.);
#679=FACE_OUTER_BOUND('',#1197,.T.);
#680=FACE_OUTER_BOUND('',#1198,.T.);
#681=FACE_OUTER_BOUND('',#1199,.T.);
#682=FACE_OUTER_BOUND('',#1200,.T.);
#683=FACE_OUTER_BOUND('',#1201,.T.);
#684=FACE_OUTER_BOUND('',#1202,.T.);
#685=FACE_OUTER_BOUND('',#1203,.T.);
#686=FACE_OUTER_BOUND('',#1204,.T.);
#687=FACE_OUTER_BOUND('',#1205,.T.);
#688=FACE_OUTER_BOUND('',#1206,.T.);
#689=FACE_OUTER_BOUND('',#1207,.T.);
#690=FACE_OUTER_BOUND('',#1208,.T.);
#691=FACE_OUTER_BOUND('',#1209,.T.);
#692=FACE_OUTER_BOUND('',#1210,.T.);
#693=FACE_OUTER_BOUND('',#1211,.T.);
#694=FACE_OUTER_BOUND('',#1212,.T.);
#695=FACE_OUTER_BOUND('',#1213,.T.);
#696=FACE_OUTER_BOUND('',#1214,.T.);
#697=FACE_OUTER_BOUND('',#1215,.T.);
#698=FACE_OUTER_BOUND('',#1216,.T.);
#699=FACE_OUTER_BOUND('',#1217,.T.);
#700=FACE_OUTER_BOUND('',#1218,.T.);
#701=FACE_OUTER_BOUND('',#1219,.T.);
#702=FACE_OUTER_BOUND('',#1220,.T.);
#703=FACE_OUTER_BOUND('',#1221,.T.);
#704=FACE_OUTER_BOUND('',#1222,.T.);
#705=FACE_OUTER_BOUND('',#1223,.T.);
#706=FACE_OUTER_BOUND('',#1224,.T.);
#707=FACE_OUTER_BOUND('',#1225,.T.);
#708=FACE_OUTER_BOUND('',#1226,.T.);
#709=FACE_OUTER_BOUND('',#1227,.T.);
#710=FACE_OUTER_BOUND('',#1228,.T.);
#711=FACE_OUTER_BOUND('',#1229,.T.);
#712=FACE_OUTER_BOUND('',#1230,.T.);
#713=FACE_OUTER_BOUND('',#1231,.T.);
#714=FACE_OUTER_BOUND('',#1232,.T.);
#715=FACE_OUTER_BOUND('',#1233,.T.);
#716=FACE_OUTER_BOUND('',#1234,.T.);
#717=FACE_OUTER_BOUND('',#1235,.T.);
#718=FACE_OUTER_BOUND('',#1236,.T.);
#719=FACE_OUTER_BOUND('',#1238,.T.);
#720=FACE_OUTER_BOUND('',#1239,.T.);
#721=FACE_OUTER_BOUND('',#1240,.T.);
#722=FACE_OUTER_BOUND('',#1241,.T.);
#723=FACE_OUTER_BOUND('',#1242,.T.);
#724=FACE_OUTER_BOUND('',#1243,.T.);
#725=FACE_OUTER_BOUND('',#1244,.T.);
#726=FACE_OUTER_BOUND('',#1245,.T.);
#727=FACE_OUTER_BOUND('',#1246,.T.);
#728=FACE_OUTER_BOUND('',#1247,.T.);
#729=FACE_OUTER_BOUND('',#1248,.T.);
#730=FACE_OUTER_BOUND('',#1249,.T.);
#731=FACE_OUTER_BOUND('',#1250,.T.);
#732=FACE_OUTER_BOUND('',#1251,.T.);
#733=FACE_OUTER_BOUND('',#1252,.T.);
#734=FACE_OUTER_BOUND('',#1253,.T.);
#735=FACE_OUTER_BOUND('',#1254,.T.);
#736=FACE_OUTER_BOUND('',#1255,.T.);
#737=FACE_OUTER_BOUND('',#1256,.T.);
#738=FACE_OUTER_BOUND('',#1258,.T.);
#739=FACE_OUTER_BOUND('',#1259,.T.);
#740=FACE_OUTER_BOUND('',#1260,.T.);
#741=FACE_OUTER_BOUND('',#1261,.T.);
#742=FACE_OUTER_BOUND('',#1262,.T.);
#743=FACE_OUTER_BOUND('',#1263,.T.);
#744=FACE_OUTER_BOUND('',#1264,.T.);
#745=FACE_OUTER_BOUND('',#1265,.T.);
#746=FACE_OUTER_BOUND('',#1266,.T.);
#747=FACE_OUTER_BOUND('',#1267,.T.);
#748=FACE_OUTER_BOUND('',#1268,.T.);
#749=FACE_OUTER_BOUND('',#1269,.T.);
#750=FACE_OUTER_BOUND('',#1270,.T.);
#751=FACE_OUTER_BOUND('',#1271,.T.);
#752=FACE_OUTER_BOUND('',#1272,.T.);
#753=FACE_OUTER_BOUND('',#1273,.T.);
#754=FACE_OUTER_BOUND('',#1274,.T.);
#755=FACE_OUTER_BOUND('',#1275,.T.);
#756=FACE_OUTER_BOUND('',#1276,.T.);
#757=FACE_OUTER_BOUND('',#1277,.T.);
#758=FACE_OUTER_BOUND('',#1278,.T.);
#759=FACE_OUTER_BOUND('',#1279,.T.);
#760=FACE_OUTER_BOUND('',#1280,.T.);
#761=FACE_OUTER_BOUND('',#1281,.T.);
#762=FACE_OUTER_BOUND('',#1282,.T.);
#763=FACE_OUTER_BOUND('',#1283,.T.);
#764=FACE_OUTER_BOUND('',#1284,.T.);
#765=FACE_OUTER_BOUND('',#1285,.T.);
#766=FACE_OUTER_BOUND('',#1286,.T.);
#767=FACE_OUTER_BOUND('',#1287,.T.);
#768=FACE_OUTER_BOUND('',#1288,.T.);
#769=FACE_OUTER_BOUND('',#1289,.T.);
#770=FACE_OUTER_BOUND('',#1290,.T.);
#771=FACE_OUTER_BOUND('',#1291,.T.);
#772=FACE_OUTER_BOUND('',#1292,.T.);
#773=FACE_OUTER_BOUND('',#1293,.T.);
#774=FACE_OUTER_BOUND('',#1294,.T.);
#775=FACE_OUTER_BOUND('',#1295,.T.);
#776=FACE_OUTER_BOUND('',#1296,.T.);
#777=FACE_OUTER_BOUND('',#1297,.T.);
#778=FACE_OUTER_BOUND('',#1298,.T.);
#779=FACE_OUTER_BOUND('',#1299,.T.);
#780=FACE_OUTER_BOUND('',#1300,.T.);
#781=FACE_OUTER_BOUND('',#1301,.T.);
#782=FACE_OUTER_BOUND('',#1302,.T.);
#783=FACE_OUTER_BOUND('',#1303,.T.);
#784=FACE_OUTER_BOUND('',#1304,.T.);
#785=FACE_OUTER_BOUND('',#1305,.T.);
#786=FACE_OUTER_BOUND('',#1306,.T.);
#787=FACE_OUTER_BOUND('',#1307,.T.);
#788=FACE_OUTER_BOUND('',#1308,.T.);
#789=FACE_OUTER_BOUND('',#1309,.T.);
#790=FACE_OUTER_BOUND('',#1310,.T.);
#791=FACE_OUTER_BOUND('',#1311,.T.);
#792=FACE_OUTER_BOUND('',#1312,.T.);
#793=FACE_OUTER_BOUND('',#1313,.T.);
#794=FACE_OUTER_BOUND('',#1314,.T.);
#795=FACE_OUTER_BOUND('',#1315,.T.);
#796=FACE_OUTER_BOUND('',#1316,.T.);
#797=FACE_OUTER_BOUND('',#1317,.T.);
#798=FACE_OUTER_BOUND('',#1318,.T.);
#799=FACE_OUTER_BOUND('',#1319,.T.);
#800=FACE_OUTER_BOUND('',#1320,.T.);
#801=FACE_OUTER_BOUND('',#1321,.T.);
#802=FACE_OUTER_BOUND('',#1322,.T.);
#803=FACE_OUTER_BOUND('',#1323,.T.);
#804=FACE_OUTER_BOUND('',#1324,.T.);
#805=FACE_OUTER_BOUND('',#1325,.T.);
#806=FACE_OUTER_BOUND('',#1326,.T.);
#807=FACE_OUTER_BOUND('',#1327,.T.);
#808=FACE_OUTER_BOUND('',#1328,.T.);
#809=FACE_OUTER_BOUND('',#1329,.T.);
#810=FACE_OUTER_BOUND('',#1330,.T.);
#811=FACE_OUTER_BOUND('',#1331,.T.);
#812=FACE_OUTER_BOUND('',#1332,.T.);
#813=FACE_OUTER_BOUND('',#1333,.T.);
#814=FACE_OUTER_BOUND('',#1334,.T.);
#815=FACE_OUTER_BOUND('',#1335,.T.);
#816=FACE_OUTER_BOUND('',#1336,.T.);
#817=FACE_OUTER_BOUND('',#1337,.T.);
#818=FACE_OUTER_BOUND('',#1338,.T.);
#819=FACE_OUTER_BOUND('',#1339,.T.);
#820=FACE_OUTER_BOUND('',#1340,.T.);
#821=FACE_OUTER_BOUND('',#1341,.T.);
#822=FACE_OUTER_BOUND('',#1342,.T.);
#823=FACE_OUTER_BOUND('',#1343,.T.);
#824=FACE_OUTER_BOUND('',#1344,.T.);
#825=FACE_OUTER_BOUND('',#1345,.T.);
#826=FACE_OUTER_BOUND('',#1346,.T.);
#827=FACE_OUTER_BOUND('',#1347,.T.);
#828=FACE_OUTER_BOUND('',#1348,.T.);
#829=FACE_OUTER_BOUND('',#1349,.T.);
#830=FACE_OUTER_BOUND('',#1350,.T.);
#831=FACE_OUTER_BOUND('',#1351,.T.);
#832=FACE_OUTER_BOUND('',#1352,.T.);
#833=FACE_OUTER_BOUND('',#1353,.T.);
#834=FACE_OUTER_BOUND('',#1354,.T.);
#835=FACE_OUTER_BOUND('',#1355,.T.);
#836=FACE_OUTER_BOUND('',#1356,.T.);
#837=FACE_OUTER_BOUND('',#1357,.T.);
#838=FACE_OUTER_BOUND('',#1358,.T.);
#839=FACE_OUTER_BOUND('',#1359,.T.);
#840=FACE_OUTER_BOUND('',#1360,.T.);
#841=FACE_OUTER_BOUND('',#1361,.T.);
#842=FACE_OUTER_BOUND('',#1362,.T.);
#843=FACE_OUTER_BOUND('',#1363,.T.);
#844=FACE_OUTER_BOUND('',#1364,.T.);
#845=FACE_OUTER_BOUND('',#1365,.T.);
#846=FACE_OUTER_BOUND('',#1366,.T.);
#847=FACE_OUTER_BOUND('',#1367,.T.);
#848=FACE_OUTER_BOUND('',#1368,.T.);
#849=FACE_OUTER_BOUND('',#1369,.T.);
#850=FACE_OUTER_BOUND('',#1370,.T.);
#851=FACE_OUTER_BOUND('',#1371,.T.);
#852=FACE_OUTER_BOUND('',#1372,.T.);
#853=FACE_OUTER_BOUND('',#1373,.T.);
#854=FACE_OUTER_BOUND('',#1374,.T.);
#855=FACE_OUTER_BOUND('',#1375,.T.);
#856=FACE_OUTER_BOUND('',#1376,.T.);
#857=FACE_OUTER_BOUND('',#1377,.T.);
#858=FACE_OUTER_BOUND('',#1378,.T.);
#859=FACE_OUTER_BOUND('',#1379,.T.);
#860=FACE_OUTER_BOUND('',#1380,.T.);
#861=FACE_OUTER_BOUND('',#1381,.T.);
#862=FACE_OUTER_BOUND('',#1382,.T.);
#863=FACE_OUTER_BOUND('',#1383,.T.);
#864=FACE_OUTER_BOUND('',#1384,.T.);
#865=FACE_OUTER_BOUND('',#1385,.T.);
#866=FACE_OUTER_BOUND('',#1386,.T.);
#867=FACE_OUTER_BOUND('',#1387,.T.);
#868=FACE_OUTER_BOUND('',#1388,.T.);
#869=FACE_OUTER_BOUND('',#1389,.T.);
#870=FACE_OUTER_BOUND('',#1390,.T.);
#871=FACE_OUTER_BOUND('',#1391,.T.);
#872=FACE_OUTER_BOUND('',#1392,.T.);
#873=FACE_OUTER_BOUND('',#1393,.T.);
#874=FACE_OUTER_BOUND('',#1394,.T.);
#875=FACE_OUTER_BOUND('',#1395,.T.);
#876=FACE_OUTER_BOUND('',#1396,.T.);
#877=FACE_OUTER_BOUND('',#1397,.T.);
#878=FACE_OUTER_BOUND('',#1398,.T.);
#879=FACE_OUTER_BOUND('',#1399,.T.);
#880=FACE_OUTER_BOUND('',#1400,.T.);
#881=FACE_OUTER_BOUND('',#1401,.T.);
#882=FACE_OUTER_BOUND('',#1402,.T.);
#883=FACE_OUTER_BOUND('',#1403,.T.);
#884=FACE_OUTER_BOUND('',#1404,.T.);
#885=FACE_OUTER_BOUND('',#1405,.T.);
#886=FACE_OUTER_BOUND('',#1406,.T.);
#887=FACE_OUTER_BOUND('',#1407,.T.);
#888=FACE_OUTER_BOUND('',#1408,.T.);
#889=FACE_OUTER_BOUND('',#1409,.T.);
#890=FACE_OUTER_BOUND('',#1410,.T.);
#891=FACE_OUTER_BOUND('',#1411,.T.);
#892=FACE_OUTER_BOUND('',#1412,.T.);
#893=FACE_OUTER_BOUND('',#1413,.T.);
#894=FACE_OUTER_BOUND('',#1414,.T.);
#895=FACE_OUTER_BOUND('',#1415,.T.);
#896=FACE_OUTER_BOUND('',#1416,.T.);
#897=FACE_OUTER_BOUND('',#1417,.T.);
#898=FACE_OUTER_BOUND('',#1418,.T.);
#899=FACE_OUTER_BOUND('',#1419,.T.);
#900=FACE_OUTER_BOUND('',#1420,.T.);
#901=FACE_OUTER_BOUND('',#1421,.T.);
#902=FACE_OUTER_BOUND('',#1422,.T.);
#903=FACE_OUTER_BOUND('',#1423,.T.);
#904=EDGE_LOOP('',(#6289,#6290,#6291,#6292,#6293,#6294));
#905=EDGE_LOOP('',(#6295,#6296,#6297,#6298,#6299,#6300,#6301,#6302,#6303,
#6304,#6305,#6306));
#906=EDGE_LOOP('',(#6307,#6308,#6309,#6310));
#907=EDGE_LOOP('',(#6311,#6312,#6313,#6314,#6315,#6316,#6317,#6318,#6319,
#6320,#6321,#6322,#6323,#6324,#6325,#6326,#6327,#6328,#6329,#6330,#6331,
#6332,#6333,#6334,#6335,#6336,#6337,#6338,#6339,#6340,#6341,#6342,#6343,
#6344,#6345,#6346,#6347,#6348,#6349,#6350,#6351,#6352,#6353,#6354,#6355,
#6356,#6357,#6358,#6359,#6360,#6361,#6362,#6363,#6364));
#908=EDGE_LOOP('',(#6365,#6366,#6367,#6368,#6369,#6370,#6371,#6372,#6373,
#6374,#6375,#6376,#6377,#6378,#6379,#6380));
#909=EDGE_LOOP('',(#6381,#6382,#6383,#6384));
#910=EDGE_LOOP('',(#6385,#6386,#6387,#6388));
#911=EDGE_LOOP('',(#6389,#6390,#6391,#6392,#6393,#6394,#6395,#6396,#6397,
#6398));
#912=EDGE_LOOP('',(#6399,#6400,#6401,#6402));
#913=EDGE_LOOP('',(#6403,#6404,#6405,#6406,#6407,#6408,#6409,#6410,#6411,
#6412));
#914=EDGE_LOOP('',(#6413,#6414,#6415,#6416));
#915=EDGE_LOOP('',(#6417,#6418,#6419,#6420,#6421,#6422,#6423,#6424,#6425,
#6426,#6427,#6428,#6429,#6430,#6431,#6432));
#916=EDGE_LOOP('',(#6433,#6434,#6435,#6436));
#917=EDGE_LOOP('',(#6437,#6438,#6439,#6440));
#918=EDGE_LOOP('',(#6441,#6442,#6443,#6444,#6445,#6446,#6447,#6448,#6449,
#6450));
#919=EDGE_LOOP('',(#6451,#6452,#6453,#6454));
#920=EDGE_LOOP('',(#6455,#6456,#6457,#6458,#6459,#6460,#6461,#6462,#6463,
#6464));
#921=EDGE_LOOP('',(#6465,#6466,#6467,#6468));
#922=EDGE_LOOP('',(#6469,#6470,#6471,#6472,#6473,#6474,#6475,#6476,#6477,
#6478,#6479,#6480,#6481,#6482,#6483,#6484));
#923=EDGE_LOOP('',(#6485,#6486,#6487,#6488));
#924=EDGE_LOOP('',(#6489,#6490,#6491,#6492));
#925=EDGE_LOOP('',(#6493,#6494,#6495,#6496,#6497,#6498,#6499,#6500,#6501,
#6502));
#926=EDGE_LOOP('',(#6503,#6504,#6505,#6506));
#927=EDGE_LOOP('',(#6507,#6508,#6509,#6510,#6511,#6512,#6513,#6514,#6515,
#6516));
#928=EDGE_LOOP('',(#6517,#6518,#6519,#6520));
#929=EDGE_LOOP('',(#6521,#6522,#6523,#6524,#6525,#6526,#6527,#6528,#6529,
#6530,#6531,#6532,#6533,#6534,#6535,#6536));
#930=EDGE_LOOP('',(#6537,#6538,#6539,#6540));
#931=EDGE_LOOP('',(#6541,#6542,#6543,#6544));
#932=EDGE_LOOP('',(#6545,#6546,#6547,#6548,#6549,#6550,#6551,#6552,#6553,
#6554));
#933=EDGE_LOOP('',(#6555,#6556,#6557,#6558));
#934=EDGE_LOOP('',(#6559,#6560,#6561,#6562,#6563,#6564,#6565,#6566,#6567,
#6568));
#935=EDGE_LOOP('',(#6569,#6570,#6571,#6572));
#936=EDGE_LOOP('',(#6573,#6574,#6575,#6576,#6577,#6578,#6579,#6580,#6581,
#6582,#6583,#6584,#6585,#6586,#6587,#6588));
#937=EDGE_LOOP('',(#6589,#6590,#6591,#6592));
#938=EDGE_LOOP('',(#6593,#6594,#6595,#6596));
#939=EDGE_LOOP('',(#6597,#6598,#6599,#6600,#6601,#6602,#6603,#6604,#6605,
#6606));
#940=EDGE_LOOP('',(#6607,#6608,#6609,#6610));
#941=EDGE_LOOP('',(#6611,#6612,#6613,#6614,#6615,#6616,#6617,#6618,#6619,
#6620));
#942=EDGE_LOOP('',(#6621,#6622,#6623,#6624));
#943=EDGE_LOOP('',(#6625,#6626,#6627,#6628,#6629,#6630,#6631,#6632,#6633,
#6634,#6635,#6636,#6637,#6638,#6639,#6640));
#944=EDGE_LOOP('',(#6641,#6642,#6643,#6644));
#945=EDGE_LOOP('',(#6645,#6646,#6647,#6648,#6649,#6650));
#946=EDGE_LOOP('',(#6651,#6652,#6653,#6654));
#947=EDGE_LOOP('',(#6655,#6656,#6657,#6658,#6659,#6660,#6661,#6662,#6663,
#6664,#6665,#6666,#6667,#6668,#6669,#6670,#6671,#6672,#6673,#6674,#6675));
#948=EDGE_LOOP('',(#6676,#6677,#6678,#6679,#6680,#6681,#6682,#6683,#6684,
#6685,#6686,#6687,#6688,#6689,#6690,#6691,#6692,#6693,#6694,#6695,#6696,
#6697,#6698,#6699,#6700,#6701,#6702,#6703,#6704,#6705,#6706,#6707,#6708,
#6709,#6710,#6711,#6712,#6713));
#949=EDGE_LOOP('',(#6714,#6715,#6716,#6717));
#950=EDGE_LOOP('',(#6718,#6719,#6720,#6721,#6722,#6723,#6724,#6725,#6726,
#6727,#6728,#6729,#6730,#6731,#6732,#6733,#6734,#6735,#6736,#6737,#6738));
#951=EDGE_LOOP('',(#6739,#6740,#6741,#6742,#6743,#6744,#6745));
#952=EDGE_LOOP('',(#6746));
#953=EDGE_LOOP('',(#6747));
#954=EDGE_LOOP('',(#6748));
#955=EDGE_LOOP('',(#6749));
#956=EDGE_LOOP('',(#6750));
#957=EDGE_LOOP('',(#6751));
#958=EDGE_LOOP('',(#6752));
#959=EDGE_LOOP('',(#6753));
#960=EDGE_LOOP('',(#6754));
#961=EDGE_LOOP('',(#6755));
#962=EDGE_LOOP('',(#6756,#6757,#6758,#6759,#6760));
#963=EDGE_LOOP('',(#6761,#6762,#6763,#6764));
#964=EDGE_LOOP('',(#6765,#6766,#6767,#6768));
#965=EDGE_LOOP('',(#6769,#6770,#6771,#6772,#6773));
#966=EDGE_LOOP('',(#6774,#6775,#6776,#6777));
#967=EDGE_LOOP('',(#6778,#6779,#6780,#6781));
#968=EDGE_LOOP('',(#6782,#6783,#6784,#6785));
#969=EDGE_LOOP('',(#6786,#6787,#6788,#6789));
#970=EDGE_LOOP('',(#6790,#6791,#6792,#6793));
#971=EDGE_LOOP('',(#6794,#6795,#6796,#6797,#6798,#6799,#6800));
#972=EDGE_LOOP('',(#6801,#6802,#6803,#6804));
#973=EDGE_LOOP('',(#6805,#6806,#6807,#6808));
#974=EDGE_LOOP('',(#6809,#6810,#6811,#6812));
#975=EDGE_LOOP('',(#6813,#6814,#6815,#6816));
#976=EDGE_LOOP('',(#6817,#6818,#6819,#6820,#6821));
#977=EDGE_LOOP('',(#6822,#6823,#6824,#6825,#6826));
#978=EDGE_LOOP('',(#6827,#6828,#6829,#6830));
#979=EDGE_LOOP('',(#6831,#6832,#6833,#6834));
#980=EDGE_LOOP('',(#6835,#6836,#6837,#6838));
#981=EDGE_LOOP('',(#6839,#6840,#6841,#6842,#6843,#6844,#6845));
#982=EDGE_LOOP('',(#6846,#6847,#6848,#6849));
#983=EDGE_LOOP('',(#6850,#6851,#6852,#6853));
#984=EDGE_LOOP('',(#6854,#6855,#6856,#6857));
#985=EDGE_LOOP('',(#6858,#6859,#6860,#6861));
#986=EDGE_LOOP('',(#6862,#6863,#6864,#6865));
#987=EDGE_LOOP('',(#6866,#6867,#6868,#6869,#6870));
#988=EDGE_LOOP('',(#6871,#6872,#6873,#6874,#6875));
#989=EDGE_LOOP('',(#6876,#6877,#6878,#6879));
#990=EDGE_LOOP('',(#6880,#6881,#6882,#6883));
#991=EDGE_LOOP('',(#6884,#6885,#6886,#6887));
#992=EDGE_LOOP('',(#6888,#6889,#6890,#6891,#6892,#6893,#6894));
#993=EDGE_LOOP('',(#6895,#6896,#6897,#6898));
#994=EDGE_LOOP('',(#6899,#6900,#6901,#6902,#6903));
#995=EDGE_LOOP('',(#6904,#6905,#6906,#6907));
#996=EDGE_LOOP('',(#6908,#6909,#6910,#6911));
#997=EDGE_LOOP('',(#6912,#6913,#6914,#6915,#6916));
#998=EDGE_LOOP('',(#6917,#6918,#6919,#6920));
#999=EDGE_LOOP('',(#6921,#6922,#6923,#6924));
#1000=EDGE_LOOP('',(#6925,#6926,#6927,#6928));
#1001=EDGE_LOOP('',(#6929,#6930,#6931,#6932));
#1002=EDGE_LOOP('',(#6933,#6934,#6935,#6936));
#1003=EDGE_LOOP('',(#6937,#6938,#6939,#6940,#6941,#6942,#6943));
#1004=EDGE_LOOP('',(#6944,#6945,#6946,#6947,#6948));
#1005=EDGE_LOOP('',(#6949,#6950,#6951,#6952));
#1006=EDGE_LOOP('',(#6953,#6954,#6955,#6956));
#1007=EDGE_LOOP('',(#6957,#6958,#6959,#6960,#6961));
#1008=EDGE_LOOP('',(#6962,#6963,#6964,#6965));
#1009=EDGE_LOOP('',(#6966,#6967,#6968,#6969));
#1010=EDGE_LOOP('',(#6970,#6971,#6972,#6973));
#1011=EDGE_LOOP('',(#6974,#6975,#6976,#6977));
#1012=EDGE_LOOP('',(#6978,#6979,#6980,#6981));
#1013=EDGE_LOOP('',(#6982,#6983,#6984,#6985,#6986,#6987,#6988));
#1014=EDGE_LOOP('',(#6989,#6990,#6991,#6992));
#1015=EDGE_LOOP('',(#6993,#6994,#6995,#6996));
#1016=EDGE_LOOP('',(#6997,#6998,#6999,#7000));
#1017=EDGE_LOOP('',(#7001,#7002,#7003,#7004));
#1018=EDGE_LOOP('',(#7005,#7006,#7007,#7008,#7009));
#1019=EDGE_LOOP('',(#7010,#7011,#7012,#7013,#7014));
#1020=EDGE_LOOP('',(#7015,#7016,#7017,#7018));
#1021=EDGE_LOOP('',(#7019,#7020,#7021,#7022));
#1022=EDGE_LOOP('',(#7023,#7024,#7025,#7026,#7027,#7028,#7029));
#1023=EDGE_LOOP('',(#7030,#7031,#7032,#7033));
#1024=EDGE_LOOP('',(#7034,#7035,#7036,#7037));
#1025=EDGE_LOOP('',(#7038,#7039,#7040,#7041));
#1026=EDGE_LOOP('',(#7042,#7043,#7044,#7045));
#1027=EDGE_LOOP('',(#7046,#7047,#7048,#7049));
#1028=EDGE_LOOP('',(#7050,#7051,#7052,#7053));
#1029=EDGE_LOOP('',(#7054,#7055,#7056,#7057));
#1030=EDGE_LOOP('',(#7058,#7059,#7060,#7061));
#1031=EDGE_LOOP('',(#7062,#7063,#7064,#7065));
#1032=EDGE_LOOP('',(#7066,#7067,#7068,#7069));
#1033=EDGE_LOOP('',(#7070,#7071,#7072,#7073));
#1034=EDGE_LOOP('',(#7074,#7075,#7076,#7077));
#1035=EDGE_LOOP('',(#7078,#7079,#7080,#7081));
#1036=EDGE_LOOP('',(#7082,#7083,#7084,#7085));
#1037=EDGE_LOOP('',(#7086,#7087,#7088,#7089));
#1038=EDGE_LOOP('',(#7090,#7091,#7092,#7093));
#1039=EDGE_LOOP('',(#7094,#7095,#7096,#7097));
#1040=EDGE_LOOP('',(#7098,#7099,#7100,#7101));
#1041=EDGE_LOOP('',(#7102,#7103,#7104,#7105));
#1042=EDGE_LOOP('',(#7106,#7107,#7108,#7109));
#1043=EDGE_LOOP('',(#7110,#7111,#7112,#7113));
#1044=EDGE_LOOP('',(#7114,#7115,#7116,#7117));
#1045=EDGE_LOOP('',(#7118,#7119,#7120,#7121));
#1046=EDGE_LOOP('',(#7122,#7123,#7124,#7125));
#1047=EDGE_LOOP('',(#7126,#7127,#7128,#7129));
#1048=EDGE_LOOP('',(#7130,#7131,#7132,#7133));
#1049=EDGE_LOOP('',(#7134,#7135,#7136,#7137));
#1050=EDGE_LOOP('',(#7138,#7139,#7140,#7141));
#1051=EDGE_LOOP('',(#7142,#7143,#7144,#7145));
#1052=EDGE_LOOP('',(#7146,#7147,#7148,#7149));
#1053=EDGE_LOOP('',(#7150,#7151,#7152,#7153));
#1054=EDGE_LOOP('',(#7154,#7155,#7156,#7157));
#1055=EDGE_LOOP('',(#7158,#7159,#7160,#7161));
#1056=EDGE_LOOP('',(#7162,#7163,#7164,#7165));
#1057=EDGE_LOOP('',(#7166,#7167,#7168,#7169));
#1058=EDGE_LOOP('',(#7170,#7171,#7172,#7173));
#1059=EDGE_LOOP('',(#7174,#7175,#7176,#7177));
#1060=EDGE_LOOP('',(#7178,#7179,#7180,#7181));
#1061=EDGE_LOOP('',(#7182,#7183,#7184,#7185,#7186,#7187));
#1062=EDGE_LOOP('',(#7188,#7189,#7190,#7191,#7192,#7193));
#1063=EDGE_LOOP('',(#7194,#7195,#7196,#7197,#7198,#7199));
#1064=EDGE_LOOP('',(#7200,#7201,#7202,#7203,#7204,#7205));
#1065=EDGE_LOOP('',(#7206,#7207,#7208,#7209,#7210,#7211));
#1066=EDGE_LOOP('',(#7212,#7213,#7214,#7215,#7216,#7217));
#1067=EDGE_LOOP('',(#7218,#7219,#7220,#7221,#7222,#7223));
#1068=EDGE_LOOP('',(#7224,#7225,#7226,#7227,#7228,#7229));
#1069=EDGE_LOOP('',(#7230,#7231,#7232,#7233,#7234,#7235));
#1070=EDGE_LOOP('',(#7236,#7237,#7238,#7239,#7240,#7241));
#1071=EDGE_LOOP('',(#7242,#7243,#7244,#7245,#7246,#7247));
#1072=EDGE_LOOP('',(#7248,#7249,#7250,#7251,#7252,#7253));
#1073=EDGE_LOOP('',(#7254,#7255,#7256,#7257,#7258,#7259));
#1074=EDGE_LOOP('',(#7260,#7261,#7262,#7263,#7264,#7265));
#1075=EDGE_LOOP('',(#7266,#7267,#7268,#7269,#7270,#7271));
#1076=EDGE_LOOP('',(#7272,#7273,#7274,#7275,#7276,#7277));
#1077=EDGE_LOOP('',(#7278,#7279,#7280,#7281,#7282,#7283));
#1078=EDGE_LOOP('',(#7284,#7285,#7286,#7287,#7288,#7289));
#1079=EDGE_LOOP('',(#7290,#7291,#7292,#7293,#7294,#7295));
#1080=EDGE_LOOP('',(#7296,#7297,#7298,#7299,#7300,#7301));
#1081=EDGE_LOOP('',(#7302,#7303,#7304,#7305,#7306,#7307));
#1082=EDGE_LOOP('',(#7308,#7309,#7310,#7311,#7312,#7313));
#1083=EDGE_LOOP('',(#7314,#7315,#7316,#7317,#7318,#7319));
#1084=EDGE_LOOP('',(#7320,#7321,#7322,#7323,#7324,#7325));
#1085=EDGE_LOOP('',(#7326,#7327,#7328,#7329));
#1086=EDGE_LOOP('',(#7330,#7331,#7332,#7333,#7334,#7335,#7336));
#1087=EDGE_LOOP('',(#7337,#7338,#7339,#7340,#7341,#7342,#7343));
#1088=EDGE_LOOP('',(#7344,#7345,#7346,#7347));
#1089=EDGE_LOOP('',(#7348,#7349,#7350,#7351,#7352,#7353,#7354));
#1090=EDGE_LOOP('',(#7355,#7356,#7357,#7358,#7359,#7360,#7361));
#1091=EDGE_LOOP('',(#7362,#7363,#7364,#7365));
#1092=EDGE_LOOP('',(#7366,#7367,#7368,#7369,#7370,#7371,#7372));
#1093=EDGE_LOOP('',(#7373,#7374,#7375,#7376,#7377,#7378,#7379));
#1094=EDGE_LOOP('',(#7380,#7381,#7382,#7383));
#1095=EDGE_LOOP('',(#7384,#7385,#7386,#7387));
#1096=EDGE_LOOP('',(#7388,#7389,#7390,#7391));
#1097=EDGE_LOOP('',(#7392,#7393,#7394,#7395));
#1098=EDGE_LOOP('',(#7396,#7397,#7398,#7399));
#1099=EDGE_LOOP('',(#7400,#7401,#7402,#7403,#7404,#7405,#7406,#7407,#7408,
#7409,#7410,#7411,#7412,#7413,#7414,#7415,#7416,#7417,#7418,#7419,#7420,
#7421,#7422,#7423,#7424,#7425,#7426,#7427,#7428,#7429,#7430,#7431,#7432,
#7433,#7434,#7435,#7436,#7437,#7438,#7439,#7440,#7441,#7442,#7443,#7444,
#7445,#7446,#7447));
#1100=EDGE_LOOP('',(#7448,#7449,#7450,#7451));
#1101=EDGE_LOOP('',(#7452,#7453,#7454,#7455,#7456,#7457,#7458,#7459,#7460,
#7461,#7462,#7463,#7464,#7465,#7466,#7467,#7468,#7469,#7470,#7471,#7472,
#7473,#7474,#7475,#7476,#7477,#7478,#7479,#7480,#7481,#7482,#7483,#7484,
#7485,#7486,#7487));
#1102=EDGE_LOOP('',(#7488,#7489,#7490,#7491));
#1103=EDGE_LOOP('',(#7492,#7493,#7494,#7495));
#1104=EDGE_LOOP('',(#7496,#7497,#7498,#7499));
#1105=EDGE_LOOP('',(#7500,#7501,#7502,#7503));
#1106=EDGE_LOOP('',(#7504,#7505,#7506,#7507));
#1107=EDGE_LOOP('',(#7508,#7509,#7510,#7511));
#1108=EDGE_LOOP('',(#7512,#7513,#7514,#7515));
#1109=EDGE_LOOP('',(#7516,#7517,#7518,#7519));
#1110=EDGE_LOOP('',(#7520,#7521,#7522,#7523,#7524,#7525));
#1111=EDGE_LOOP('',(#7526,#7527,#7528,#7529,#7530,#7531));
#1112=EDGE_LOOP('',(#7532,#7533,#7534,#7535,#7536,#7537));
#1113=EDGE_LOOP('',(#7538,#7539,#7540,#7541,#7542,#7543));
#1114=EDGE_LOOP('',(#7544,#7545,#7546,#7547,#7548,#7549));
#1115=EDGE_LOOP('',(#7550,#7551,#7552,#7553));
#1116=EDGE_LOOP('',(#7554,#7555,#7556,#7557));
#1117=EDGE_LOOP('',(#7558,#7559,#7560,#7561));
#1118=EDGE_LOOP('',(#7562,#7563,#7564,#7565));
#1119=EDGE_LOOP('',(#7566,#7567,#7568,#7569));
#1120=EDGE_LOOP('',(#7570,#7571,#7572,#7573));
#1121=EDGE_LOOP('',(#7574,#7575,#7576,#7577,#7578,#7579,#7580,#7581,#7582,
#7583,#7584,#7585));
#1122=EDGE_LOOP('',(#7586,#7587,#7588,#7589,#7590,#7591,#7592,#7593));
#1123=EDGE_LOOP('',(#7594,#7595,#7596,#7597,#7598,#7599,#7600,#7601));
#1124=EDGE_LOOP('',(#7602,#7603,#7604,#7605,#7606,#7607,#7608));
#1125=EDGE_LOOP('',(#7609,#7610,#7611,#7612,#7613));
#1126=EDGE_LOOP('',(#7614,#7615,#7616,#7617));
#1127=EDGE_LOOP('',(#7618,#7619,#7620,#7621));
#1128=EDGE_LOOP('',(#7622,#7623,#7624,#7625,#7626,#7627,#7628,#7629,#7630,
#7631,#7632,#7633,#7634,#7635));
#1129=EDGE_LOOP('',(#7636,#7637,#7638,#7639));
#1130=EDGE_LOOP('',(#7640,#7641,#7642,#7643));
#1131=EDGE_LOOP('',(#7644,#7645,#7646,#7647,#7648));
#1132=EDGE_LOOP('',(#7649,#7650,#7651,#7652));
#1133=EDGE_LOOP('',(#7653,#7654,#7655,#7656));
#1134=EDGE_LOOP('',(#7657,#7658,#7659,#7660,#7661,#7662,#7663,#7664,#7665,
#7666,#7667,#7668,#7669,#7670));
#1135=EDGE_LOOP('',(#7671,#7672,#7673,#7674));
#1136=EDGE_LOOP('',(#7675,#7676,#7677,#7678,#7679));
#1137=EDGE_LOOP('',(#7680,#7681,#7682,#7683));
#1138=EDGE_LOOP('',(#7684,#7685,#7686,#7687));
#1139=EDGE_LOOP('',(#7688,#7689,#7690,#7691));
#1140=EDGE_LOOP('',(#7692,#7693,#7694,#7695));
#1141=EDGE_LOOP('',(#7696,#7697,#7698,#7699));
#1142=EDGE_LOOP('',(#7700,#7701,#7702,#7703,#7704));
#1143=EDGE_LOOP('',(#7705,#7706,#7707,#7708));
#1144=EDGE_LOOP('',(#7709,#7710,#7711,#7712,#7713));
#1145=EDGE_LOOP('',(#7714,#7715,#7716,#7717));
#1146=EDGE_LOOP('',(#7718,#7719,#7720,#7721,#7722,#7723,#7724,#7725));
#1147=EDGE_LOOP('',(#7726,#7727,#7728,#7729,#7730,#7731,#7732,#7733,#7734,
#7735));
#1148=EDGE_LOOP('',(#7736,#7737,#7738,#7739,#7740,#7741,#7742,#7743,#7744,
#7745,#7746));
#1149=EDGE_LOOP('',(#7747,#7748,#7749,#7750));
#1150=EDGE_LOOP('',(#7751,#7752,#7753,#7754));
#1151=EDGE_LOOP('',(#7755,#7756,#7757,#7758,#7759));
#1152=EDGE_LOOP('',(#7760,#7761,#7762,#7763));
#1153=EDGE_LOOP('',(#7764,#7765,#7766,#7767));
#1154=EDGE_LOOP('',(#7768,#7769,#7770,#7771,#7772));
#1155=EDGE_LOOP('',(#7773,#7774,#7775,#7776));
#1156=EDGE_LOOP('',(#7777,#7778,#7779,#7780));
#1157=EDGE_LOOP('',(#7781,#7782,#7783,#7784,#7785,#7786,#7787,#7788));
#1158=EDGE_LOOP('',(#7789,#7790,#7791,#7792,#7793));
#1159=EDGE_LOOP('',(#7794,#7795,#7796,#7797));
#1160=EDGE_LOOP('',(#7798,#7799,#7800,#7801));
#1161=EDGE_LOOP('',(#7802,#7803,#7804,#7805,#7806,#7807,#7808,#7809,#7810,
#7811));
#1162=EDGE_LOOP('',(#7812,#7813,#7814,#7815));
#1163=EDGE_LOOP('',(#7816,#7817,#7818,#7819));
#1164=EDGE_LOOP('',(#7820,#7821,#7822,#7823,#7824));
#1165=EDGE_LOOP('',(#7825,#7826,#7827,#7828));
#1166=EDGE_LOOP('',(#7829,#7830,#7831,#7832,#7833,#7834,#7835,#7836,#7837));
#1167=EDGE_LOOP('',(#7838,#7839,#7840,#7841));
#1168=EDGE_LOOP('',(#7842,#7843,#7844,#7845));
#1169=EDGE_LOOP('',(#7846,#7847,#7848,#7849,#7850));
#1170=EDGE_LOOP('',(#7851,#7852,#7853,#7854));
#1171=EDGE_LOOP('',(#7855,#7856,#7857,#7858,#7859,#7860,#7861,#7862,#7863,
#7864));
#1172=EDGE_LOOP('',(#7865,#7866,#7867,#7868,#7869));
#1173=EDGE_LOOP('',(#7870,#7871,#7872,#7873));
#1174=EDGE_LOOP('',(#7874,#7875,#7876,#7877));
#1175=EDGE_LOOP('',(#7878,#7879,#7880,#7881,#7882));
#1176=EDGE_LOOP('',(#7883,#7884,#7885,#7886));
#1177=EDGE_LOOP('',(#7887,#7888,#7889,#7890));
#1178=EDGE_LOOP('',(#7891,#7892,#7893,#7894));
#1179=EDGE_LOOP('',(#7895,#7896,#7897,#7898));
#1180=EDGE_LOOP('',(#7899,#7900,#7901,#7902));
#1181=EDGE_LOOP('',(#7903,#7904,#7905,#7906,#7907,#7908,#7909,#7910,#7911,
#7912,#7913,#7914,#7915,#7916,#7917,#7918));
#1182=EDGE_LOOP('',(#7919,#7920,#7921,#7922));
#1183=EDGE_LOOP('',(#7923,#7924,#7925,#7926));
#1184=EDGE_LOOP('',(#7927,#7928,#7929,#7930));
#1185=EDGE_LOOP('',(#7931,#7932,#7933,#7934));
#1186=EDGE_LOOP('',(#7935,#7936,#7937,#7938));
#1187=EDGE_LOOP('',(#7939,#7940,#7941,#7942));
#1188=EDGE_LOOP('',(#7943,#7944,#7945,#7946));
#1189=EDGE_LOOP('',(#7947,#7948,#7949,#7950));
#1190=EDGE_LOOP('',(#7951,#7952,#7953,#7954));
#1191=EDGE_LOOP('',(#7955,#7956,#7957,#7958));
#1192=EDGE_LOOP('',(#7959,#7960,#7961,#7962));
#1193=EDGE_LOOP('',(#7963,#7964,#7965,#7966,#7967,#7968,#7969,#7970));
#1194=EDGE_LOOP('',(#7971,#7972,#7973,#7974));
#1195=EDGE_LOOP('',(#7975,#7976,#7977,#7978,#7979,#7980,#7981,#7982,#7983,
#7984,#7985));
#1196=EDGE_LOOP('',(#7986,#7987,#7988,#7989,#7990,#7991,#7992,#7993));
#1197=EDGE_LOOP('',(#7994,#7995,#7996,#7997,#7998,#7999,#8000,#8001,#8002));
#1198=EDGE_LOOP('',(#8003,#8004,#8005,#8006,#8007,#8008,#8009,#8010,#8011));
#1199=EDGE_LOOP('',(#8012,#8013,#8014,#8015,#8016,#8017));
#1200=EDGE_LOOP('',(#8018,#8019,#8020,#8021,#8022,#8023));
#1201=EDGE_LOOP('',(#8024,#8025,#8026,#8027));
#1202=EDGE_LOOP('',(#8028,#8029,#8030,#8031,#8032,#8033));
#1203=EDGE_LOOP('',(#8034,#8035,#8036,#8037,#8038,#8039));
#1204=EDGE_LOOP('',(#8040,#8041,#8042,#8043));
#1205=EDGE_LOOP('',(#8044,#8045,#8046,#8047));
#1206=EDGE_LOOP('',(#8048,#8049,#8050,#8051,#8052,#8053,#8054,#8055));
#1207=EDGE_LOOP('',(#8056,#8057,#8058,#8059,#8060,#8061,#8062,#8063,#8064,
#8065));
#1208=EDGE_LOOP('',(#8066,#8067,#8068,#8069));
#1209=EDGE_LOOP('',(#8070,#8071,#8072,#8073));
#1210=EDGE_LOOP('',(#8074,#8075,#8076,#8077));
#1211=EDGE_LOOP('',(#8078,#8079,#8080,#8081));
#1212=EDGE_LOOP('',(#8082,#8083,#8084,#8085,#8086));
#1213=EDGE_LOOP('',(#8087,#8088,#8089,#8090,#8091));
#1214=EDGE_LOOP('',(#8092,#8093,#8094,#8095,#8096,#8097,#8098,#8099));
#1215=EDGE_LOOP('',(#8100,#8101,#8102,#8103,#8104,#8105,#8106,#8107,#8108));
#1216=EDGE_LOOP('',(#8109,#8110,#8111,#8112));
#1217=EDGE_LOOP('',(#8113,#8114,#8115,#8116));
#1218=EDGE_LOOP('',(#8117,#8118,#8119,#8120));
#1219=EDGE_LOOP('',(#8121,#8122,#8123,#8124));
#1220=EDGE_LOOP('',(#8125,#8126,#8127,#8128));
#1221=EDGE_LOOP('',(#8129,#8130,#8131,#8132));
#1222=EDGE_LOOP('',(#8133,#8134,#8135,#8136));
#1223=EDGE_LOOP('',(#8137,#8138,#8139,#8140,#8141,#8142,#8143,#8144,#8145,
#8146,#8147,#8148,#8149,#8150,#8151,#8152,#8153,#8154,#8155,#8156,#8157,
#8158,#8159,#8160,#8161,#8162,#8163,#8164));
#1224=EDGE_LOOP('',(#8165,#8166,#8167,#8168));
#1225=EDGE_LOOP('',(#8169,#8170,#8171,#8172,#8173,#8174,#8175,#8176));
#1226=EDGE_LOOP('',(#8177,#8178,#8179,#8180));
#1227=EDGE_LOOP('',(#8181,#8182,#8183,#8184));
#1228=EDGE_LOOP('',(#8185,#8186,#8187,#8188));
#1229=EDGE_LOOP('',(#8189,#8190,#8191,#8192,#8193));
#1230=EDGE_LOOP('',(#8194,#8195,#8196,#8197));
#1231=EDGE_LOOP('',(#8198,#8199,#8200,#8201));
#1232=EDGE_LOOP('',(#8202,#8203,#8204,#8205));
#1233=EDGE_LOOP('',(#8206,#8207,#8208,#8209));
#1234=EDGE_LOOP('',(#8210,#8211,#8212,#8213));
#1235=EDGE_LOOP('',(#8214,#8215,#8216,#8217));
#1236=EDGE_LOOP('',(#8218,#8219,#8220,#8221,#8222,#8223,#8224));
#1237=EDGE_LOOP('',(#8225));
#1238=EDGE_LOOP('',(#8226,#8227,#8228,#8229));
#1239=EDGE_LOOP('',(#8230,#8231,#8232,#8233));
#1240=EDGE_LOOP('',(#8234,#8235,#8236,#8237));
#1241=EDGE_LOOP('',(#8238,#8239,#8240,#8241,#8242));
#1242=EDGE_LOOP('',(#8243,#8244,#8245,#8246));
#1243=EDGE_LOOP('',(#8247,#8248,#8249,#8250,#8251,#8252,#8253,#8254,#8255,
#8256,#8257,#8258,#8259,#8260,#8261,#8262,#8263));
#1244=EDGE_LOOP('',(#8264,#8265,#8266,#8267));
#1245=EDGE_LOOP('',(#8268,#8269,#8270,#8271));
#1246=EDGE_LOOP('',(#8272,#8273,#8274,#8275,#8276,#8277,#8278,#8279,#8280,
#8281,#8282,#8283,#8284,#8285,#8286,#8287,#8288));
#1247=EDGE_LOOP('',(#8289,#8290,#8291,#8292));
#1248=EDGE_LOOP('',(#8293,#8294,#8295,#8296,#8297));
#1249=EDGE_LOOP('',(#8298,#8299,#8300,#8301));
#1250=EDGE_LOOP('',(#8302,#8303,#8304,#8305));
#1251=EDGE_LOOP('',(#8306,#8307,#8308,#8309));
#1252=EDGE_LOOP('',(#8310,#8311,#8312,#8313));
#1253=EDGE_LOOP('',(#8314,#8315,#8316,#8317));
#1254=EDGE_LOOP('',(#8318,#8319,#8320,#8321));
#1255=EDGE_LOOP('',(#8322,#8323,#8324,#8325));
#1256=EDGE_LOOP('',(#8326,#8327,#8328,#8329,#8330,#8331,#8332));
#1257=EDGE_LOOP('',(#8333));
#1258=EDGE_LOOP('',(#8334,#8335,#8336,#8337,#8338));
#1259=EDGE_LOOP('',(#8339,#8340,#8341,#8342));
#1260=EDGE_LOOP('',(#8343,#8344,#8345,#8346));
#1261=EDGE_LOOP('',(#8347,#8348,#8349,#8350));
#1262=EDGE_LOOP('',(#8351,#8352,#8353,#8354));
#1263=EDGE_LOOP('',(#8355,#8356,#8357,#8358,#8359,#8360));
#1264=EDGE_LOOP('',(#8361,#8362,#8363,#8364,#8365,#8366));
#1265=EDGE_LOOP('',(#8367,#8368,#8369,#8370));
#1266=EDGE_LOOP('',(#8371,#8372,#8373,#8374));
#1267=EDGE_LOOP('',(#8375,#8376,#8377,#8378,#8379,#8380,#8381,#8382,#8383,
#8384,#8385,#8386,#8387,#8388,#8389,#8390));
#1268=EDGE_LOOP('',(#8391,#8392,#8393,#8394));
#1269=EDGE_LOOP('',(#8395,#8396,#8397,#8398));
#1270=EDGE_LOOP('',(#8399,#8400,#8401,#8402));
#1271=EDGE_LOOP('',(#8403,#8404,#8405,#8406));
#1272=EDGE_LOOP('',(#8407,#8408,#8409,#8410,#8411,#8412,#8413,#8414,#8415,
#8416,#8417,#8418));
#1273=EDGE_LOOP('',(#8419,#8420,#8421,#8422));
#1274=EDGE_LOOP('',(#8423,#8424,#8425,#8426));
#1275=EDGE_LOOP('',(#8427,#8428,#8429,#8430));
#1276=EDGE_LOOP('',(#8431,#8432,#8433,#8434));
#1277=EDGE_LOOP('',(#8435,#8436,#8437,#8438));
#1278=EDGE_LOOP('',(#8439,#8440,#8441,#8442,#8443,#8444,#8445,#8446,#8447,
#8448,#8449,#8450));
#1279=EDGE_LOOP('',(#8451,#8452,#8453,#8454));
#1280=EDGE_LOOP('',(#8455,#8456,#8457,#8458));
#1281=EDGE_LOOP('',(#8459,#8460,#8461,#8462));
#1282=EDGE_LOOP('',(#8463,#8464,#8465,#8466));
#1283=EDGE_LOOP('',(#8467,#8468,#8469,#8470));
#1284=EDGE_LOOP('',(#8471,#8472,#8473,#8474));
#1285=EDGE_LOOP('',(#8475,#8476,#8477,#8478));
#1286=EDGE_LOOP('',(#8479,#8480,#8481,#8482));
#1287=EDGE_LOOP('',(#8483,#8484,#8485,#8486));
#1288=EDGE_LOOP('',(#8487,#8488,#8489,#8490));
#1289=EDGE_LOOP('',(#8491,#8492,#8493,#8494,#8495,#8496,#8497,#8498,#8499,
#8500,#8501,#8502,#8503,#8504,#8505,#8506));
#1290=EDGE_LOOP('',(#8507,#8508,#8509,#8510));
#1291=EDGE_LOOP('',(#8511,#8512,#8513,#8514));
#1292=EDGE_LOOP('',(#8515,#8516,#8517,#8518));
#1293=EDGE_LOOP('',(#8519,#8520,#8521,#8522,#8523,#8524,#8525,#8526,#8527,
#8528,#8529,#8530,#8531,#8532,#8533,#8534));
#1294=EDGE_LOOP('',(#8535,#8536,#8537,#8538));
#1295=EDGE_LOOP('',(#8539,#8540,#8541,#8542));
#1296=EDGE_LOOP('',(#8543,#8544,#8545,#8546));
#1297=EDGE_LOOP('',(#8547,#8548,#8549,#8550));
#1298=EDGE_LOOP('',(#8551,#8552,#8553,#8554,#8555,#8556,#8557,#8558,#8559,
#8560,#8561,#8562));
#1299=EDGE_LOOP('',(#8563,#8564,#8565,#8566));
#1300=EDGE_LOOP('',(#8567,#8568,#8569,#8570));
#1301=EDGE_LOOP('',(#8571,#8572,#8573,#8574));
#1302=EDGE_LOOP('',(#8575,#8576,#8577,#8578));
#1303=EDGE_LOOP('',(#8579,#8580,#8581,#8582));
#1304=EDGE_LOOP('',(#8583,#8584,#8585,#8586,#8587,#8588,#8589,#8590,#8591,
#8592,#8593,#8594));
#1305=EDGE_LOOP('',(#8595,#8596,#8597,#8598));
#1306=EDGE_LOOP('',(#8599,#8600,#8601,#8602));
#1307=EDGE_LOOP('',(#8603,#8604,#8605,#8606));
#1308=EDGE_LOOP('',(#8607,#8608,#8609,#8610));
#1309=EDGE_LOOP('',(#8611,#8612,#8613,#8614));
#1310=EDGE_LOOP('',(#8615,#8616,#8617,#8618));
#1311=EDGE_LOOP('',(#8619,#8620,#8621,#8622));
#1312=EDGE_LOOP('',(#8623,#8624,#8625,#8626));
#1313=EDGE_LOOP('',(#8627,#8628,#8629,#8630));
#1314=EDGE_LOOP('',(#8631,#8632,#8633,#8634));
#1315=EDGE_LOOP('',(#8635,#8636,#8637,#8638,#8639,#8640,#8641,#8642,#8643,
#8644,#8645,#8646,#8647,#8648,#8649,#8650));
#1316=EDGE_LOOP('',(#8651,#8652,#8653,#8654));
#1317=EDGE_LOOP('',(#8655,#8656,#8657,#8658));
#1318=EDGE_LOOP('',(#8659,#8660,#8661,#8662));
#1319=EDGE_LOOP('',(#8663,#8664,#8665,#8666,#8667,#8668,#8669,#8670,#8671));
#1320=EDGE_LOOP('',(#8672,#8673,#8674));
#1321=EDGE_LOOP('',(#8675,#8676,#8677,#8678));
#1322=EDGE_LOOP('',(#8679,#8680,#8681,#8682));
#1323=EDGE_LOOP('',(#8683,#8684,#8685,#8686));
#1324=EDGE_LOOP('',(#8687,#8688,#8689,#8690));
#1325=EDGE_LOOP('',(#8691,#8692,#8693,#8694));
#1326=EDGE_LOOP('',(#8695,#8696,#8697,#8698));
#1327=EDGE_LOOP('',(#8699,#8700,#8701,#8702));
#1328=EDGE_LOOP('',(#8703,#8704,#8705,#8706,#8707,#8708,#8709,#8710,#8711));
#1329=EDGE_LOOP('',(#8712,#8713,#8714,#8715));
#1330=EDGE_LOOP('',(#8716,#8717,#8718,#8719));
#1331=EDGE_LOOP('',(#8720,#8721,#8722,#8723));
#1332=EDGE_LOOP('',(#8724,#8725,#8726,#8727,#8728,#8729));
#1333=EDGE_LOOP('',(#8730,#8731,#8732,#8733));
#1334=EDGE_LOOP('',(#8734,#8735,#8736,#8737));
#1335=EDGE_LOOP('',(#8738,#8739,#8740,#8741));
#1336=EDGE_LOOP('',(#8742,#8743,#8744,#8745));
#1337=EDGE_LOOP('',(#8746,#8747,#8748,#8749));
#1338=EDGE_LOOP('',(#8750,#8751,#8752,#8753,#8754));
#1339=EDGE_LOOP('',(#8755,#8756,#8757,#8758,#8759,#8760));
#1340=EDGE_LOOP('',(#8761,#8762,#8763,#8764));
#1341=EDGE_LOOP('',(#8765,#8766,#8767,#8768));
#1342=EDGE_LOOP('',(#8769,#8770,#8771,#8772,#8773,#8774));
#1343=EDGE_LOOP('',(#8775,#8776,#8777,#8778,#8779,#8780,#8781,#8782,#8783,
#8784,#8785,#8786,#8787,#8788));
#1344=EDGE_LOOP('',(#8789,#8790,#8791,#8792));
#1345=EDGE_LOOP('',(#8793,#8794,#8795,#8796,#8797,#8798));
#1346=EDGE_LOOP('',(#8799,#8800,#8801,#8802,#8803,#8804,#8805,#8806,#8807,
#8808,#8809,#8810,#8811,#8812));
#1347=EDGE_LOOP('',(#8813,#8814,#8815,#8816,#8817));
#1348=EDGE_LOOP('',(#8818,#8819,#8820,#8821,#8822,#8823));
#1349=EDGE_LOOP('',(#8824,#8825,#8826,#8827,#8828,#8829));
#1350=EDGE_LOOP('',(#8830,#8831,#8832,#8833));
#1351=EDGE_LOOP('',(#8834,#8835,#8836,#8837,#8838,#8839));
#1352=EDGE_LOOP('',(#8840,#8841,#8842,#8843,#8844));
#1353=EDGE_LOOP('',(#8845,#8846,#8847,#8848,#8849));
#1354=EDGE_LOOP('',(#8850,#8851,#8852,#8853));
#1355=EDGE_LOOP('',(#8854,#8855,#8856,#8857,#8858));
#1356=EDGE_LOOP('',(#8859,#8860,#8861,#8862));
#1357=EDGE_LOOP('',(#8863,#8864,#8865,#8866));
#1358=EDGE_LOOP('',(#8867,#8868,#8869,#8870,#8871));
#1359=EDGE_LOOP('',(#8872,#8873,#8874,#8875));
#1360=EDGE_LOOP('',(#8876,#8877,#8878,#8879,#8880,#8881));
#1361=EDGE_LOOP('',(#8882,#8883,#8884,#8885));
#1362=EDGE_LOOP('',(#8886,#8887,#8888,#8889,#8890,#8891));
#1363=EDGE_LOOP('',(#8892,#8893,#8894,#8895));
#1364=EDGE_LOOP('',(#8896,#8897,#8898,#8899,#8900,#8901,#8902,#8903));
#1365=EDGE_LOOP('',(#8904,#8905,#8906,#8907));
#1366=EDGE_LOOP('',(#8908,#8909,#8910,#8911,#8912,#8913));
#1367=EDGE_LOOP('',(#8914,#8915,#8916,#8917));
#1368=EDGE_LOOP('',(#8918,#8919,#8920,#8921));
#1369=EDGE_LOOP('',(#8922,#8923,#8924,#8925,#8926,#8927));
#1370=EDGE_LOOP('',(#8928,#8929,#8930,#8931));
#1371=EDGE_LOOP('',(#8932,#8933,#8934,#8935));
#1372=EDGE_LOOP('',(#8936,#8937,#8938,#8939));
#1373=EDGE_LOOP('',(#8940,#8941,#8942,#8943,#8944,#8945,#8946,#8947));
#1374=EDGE_LOOP('',(#8948,#8949,#8950,#8951));
#1375=EDGE_LOOP('',(#8952,#8953,#8954,#8955));
#1376=EDGE_LOOP('',(#8956,#8957,#8958,#8959));
#1377=EDGE_LOOP('',(#8960,#8961,#8962,#8963));
#1378=EDGE_LOOP('',(#8964,#8965,#8966,#8967));
#1379=EDGE_LOOP('',(#8968,#8969,#8970,#8971));
#1380=EDGE_LOOP('',(#8972,#8973,#8974,#8975,#8976));
#1381=EDGE_LOOP('',(#8977,#8978,#8979,#8980));
#1382=EDGE_LOOP('',(#8981,#8982,#8983,#8984,#8985));
#1383=EDGE_LOOP('',(#8986,#8987,#8988,#8989));
#1384=EDGE_LOOP('',(#8990,#8991,#8992,#8993));
#1385=EDGE_LOOP('',(#8994,#8995,#8996,#8997));
#1386=EDGE_LOOP('',(#8998,#8999,#9000,#9001,#9002,#9003));
#1387=EDGE_LOOP('',(#9004,#9005,#9006,#9007));
#1388=EDGE_LOOP('',(#9008,#9009,#9010,#9011,#9012,#9013));
#1389=EDGE_LOOP('',(#9014,#9015,#9016,#9017,#9018,#9019,#9020,#9021));
#1390=EDGE_LOOP('',(#9022,#9023,#9024,#9025));
#1391=EDGE_LOOP('',(#9026,#9027,#9028,#9029,#9030,#9031,#9032,#9033));
#1392=EDGE_LOOP('',(#9034,#9035,#9036,#9037,#9038,#9039));
#1393=EDGE_LOOP('',(#9040,#9041,#9042,#9043));
#1394=EDGE_LOOP('',(#9044,#9045,#9046,#9047));
#1395=EDGE_LOOP('',(#9048,#9049,#9050,#9051,#9052,#9053));
#1396=EDGE_LOOP('',(#9054,#9055,#9056,#9057));
#1397=EDGE_LOOP('',(#9058,#9059,#9060,#9061));
#1398=EDGE_LOOP('',(#9062,#9063,#9064,#9065));
#1399=EDGE_LOOP('',(#9066,#9067,#9068,#9069));
#1400=EDGE_LOOP('',(#9070,#9071,#9072,#9073));
#1401=EDGE_LOOP('',(#9074,#9075,#9076,#9077,#9078,#9079));
#1402=EDGE_LOOP('',(#9080,#9081,#9082,#9083));
#1403=EDGE_LOOP('',(#9084,#9085,#9086,#9087,#9088,#9089));
#1404=EDGE_LOOP('',(#9090,#9091,#9092,#9093,#9094,#9095));
#1405=EDGE_LOOP('',(#9096,#9097,#9098,#9099));
#1406=EDGE_LOOP('',(#9100,#9101,#9102,#9103,#9104));
#1407=EDGE_LOOP('',(#9105,#9106,#9107,#9108));
#1408=EDGE_LOOP('',(#9109,#9110,#9111,#9112));
#1409=EDGE_LOOP('',(#9113,#9114,#9115,#9116));
#1410=EDGE_LOOP('',(#9117,#9118,#9119,#9120));
#1411=EDGE_LOOP('',(#9121,#9122,#9123,#9124));
#1412=EDGE_LOOP('',(#9125,#9126,#9127,#9128));
#1413=EDGE_LOOP('',(#9129,#9130,#9131,#9132));
#1414=EDGE_LOOP('',(#9133,#9134,#9135,#9136));
#1415=EDGE_LOOP('',(#9137,#9138,#9139,#9140,#9141,#9142,#9143,#9144,#9145));
#1416=EDGE_LOOP('',(#9146,#9147,#9148,#9149));
#1417=EDGE_LOOP('',(#9150,#9151,#9152,#9153));
#1418=EDGE_LOOP('',(#9154,#9155,#9156,#9157));
#1419=EDGE_LOOP('',(#9158,#9159,#9160,#9161));
#1420=EDGE_LOOP('',(#9162,#9163,#9164,#9165,#9166,#9167,#9168,#9169));
#1421=EDGE_LOOP('',(#9170,#9171,#9172,#9173));
#1422=EDGE_LOOP('',(#9174,#9175,#9176,#9177));
#1423=EDGE_LOOP('',(#9178,#9179,#9180,#9181,#9182));
#1424=ELLIPSE('',#10119,1.4142135623731,1.);
#1425=ELLIPSE('',#10163,1.41421356237309,1.);
#1426=ELLIPSE('',#10513,1.0009260656532,1.);
#1427=ELLIPSE('',#10516,0.30027781969596,0.3);
#1428=ELLIPSE('',#10519,0.5004630328266,0.5);
#1429=ELLIPSE('',#10522,0.40037042626128,0.4);
#1430=ELLIPSE('',#10534,0.5004630328266,0.5);
#1431=ELLIPSE('',#10535,1.0009260656532,1.);
#1432=ELLIPSE('',#10536,0.30027781969596,0.3);
#1433=ELLIPSE('',#10537,0.40037042626128,0.4);
#1434=ELLIPSE('',#10661,0.14142135623731,0.1);
#1435=ELLIPSE('',#10698,0.204942781014552,0.2);
#1436=ELLIPSE('',#10699,0.204942781014552,0.2);
#1437=ELLIPSE('',#10703,0.209769127804732,0.200000000000001);
#1438=ELLIPSE('',#10704,0.209769127804731,0.2);
#1439=ELLIPSE('',#10705,0.419538255609461,0.399999999999999);
#1440=ELLIPSE('',#10706,0.20976912780473,0.199999999999999);
#1441=ELLIPSE('',#10707,0.419538255609462,0.4);
#1442=ELLIPSE('',#10708,0.419538255609463,0.400000000000001);
#1443=ELLIPSE('',#10710,0.204942781014552,0.2);
#1444=ELLIPSE('',#10711,0.204942781014552,0.2);
#1445=ELLIPSE('',#10715,0.419538255609463,0.400000000000001);
#1446=ELLIPSE('',#10716,0.419538255609462,0.4);
#1447=ELLIPSE('',#10717,0.20976912780473,0.199999999999999);
#1448=ELLIPSE('',#10718,0.419538255609461,0.399999999999999);
#1449=ELLIPSE('',#10719,0.209769127804731,0.2);
#1450=ELLIPSE('',#10720,0.209769127804732,0.200000000000001);
#1451=ELLIPSE('',#10724,0.28284271247462,0.2);
#1452=ELLIPSE('',#10729,0.565685424949238,0.400000000000001);
#1453=ELLIPSE('',#10735,0.203918231641664,0.2);
#1454=ELLIPSE('',#10741,0.203918231641664,0.2);
#1455=ELLIPSE('',#10744,0.203918231641664,0.2);
#1456=ELLIPSE('',#10745,0.203918231641664,0.2);
#1457=ELLIPSE('',#10748,0.131656615426225,0.108529032142622);
#1458=ELLIPSE('',#10749,0.109108254015207,0.102887328375874);
#1459=ELLIPSE('',#10757,0.10910824108032,0.102887322279416);
#1460=ELLIPSE('',#10762,0.131656633038656,0.108529039399512);
#1461=ELLIPSE('',#10792,0.10910822266803,0.102887313600651);
#1462=ELLIPSE('',#10793,0.131656591650971,0.108529022346343);
#1463=ELLIPSE('',#10796,0.28284271247462,0.200000000000001);
#1464=ELLIPSE('',#10798,0.131656618737423,0.108529033506746);
#1465=ELLIPSE('',#10802,0.109108226878928,0.102887315585925);
#1466=ELLIPSE('',#10804,0.565685424949239,0.4);
#1467=LINE('',#13566,#2689);
#1468=LINE('',#13568,#2690);
#1469=LINE('',#13570,#2691);
#1470=LINE('',#13572,#2692);
#1471=LINE('',#13575,#2693);
#1472=LINE('',#13578,#2694);
#1473=LINE('',#13580,#2695);
#1474=LINE('',#13582,#2696);
#1475=LINE('',#13584,#2697);
#1476=LINE('',#13586,#2698);
#1477=LINE('',#13588,#2699);
#1478=LINE('',#13590,#2700);
#1479=LINE('',#13592,#2701);
#1480=LINE('',#13594,#2702);
#1481=LINE('',#13596,#2703);
#1482=LINE('',#13597,#2704);
#1483=LINE('',#13601,#2705);
#1484=LINE('',#13603,#2706);
#1485=LINE('',#13605,#2707);
#1486=LINE('',#13606,#2708);
#1487=LINE('',#13608,#2709);
#1488=LINE('',#13610,#2710);
#1489=LINE('',#13612,#2711);
#1490=LINE('',#13614,#2712);
#1491=LINE('',#13616,#2713);
#1492=LINE('',#13618,#2714);
#1493=LINE('',#13620,#2715);
#1494=LINE('',#13622,#2716);
#1495=LINE('',#13624,#2717);
#1496=LINE('',#13626,#2718);
#1497=LINE('',#13628,#2719);
#1498=LINE('',#13630,#2720);
#1499=LINE('',#13632,#2721);
#1500=LINE('',#13634,#2722);
#1501=LINE('',#13636,#2723);
#1502=LINE('',#13638,#2724);
#1503=LINE('',#13640,#2725);
#1504=LINE('',#13642,#2726);
#1505=LINE('',#13644,#2727);
#1506=LINE('',#13646,#2728);
#1507=LINE('',#13648,#2729);
#1508=LINE('',#13650,#2730);
#1509=LINE('',#13652,#2731);
#1510=LINE('',#13654,#2732);
#1511=LINE('',#13656,#2733);
#1512=LINE('',#13658,#2734);
#1513=LINE('',#13660,#2735);
#1514=LINE('',#13662,#2736);
#1515=LINE('',#13664,#2737);
#1516=LINE('',#13666,#2738);
#1517=LINE('',#13668,#2739);
#1518=LINE('',#13670,#2740);
#1519=LINE('',#13672,#2741);
#1520=LINE('',#13674,#2742);
#1521=LINE('',#13676,#2743);
#1522=LINE('',#13678,#2744);
#1523=LINE('',#13680,#2745);
#1524=LINE('',#13682,#2746);
#1525=LINE('',#13684,#2747);
#1526=LINE('',#13686,#2748);
#1527=LINE('',#13688,#2749);
#1528=LINE('',#13690,#2750);
#1529=LINE('',#13692,#2751);
#1530=LINE('',#13694,#2752);
#1531=LINE('',#13696,#2753);
#1532=LINE('',#13700,#2754);
#1533=LINE('',#13702,#2755);
#1534=LINE('',#13704,#2756);
#1535=LINE('',#13706,#2757);
#1536=LINE('',#13708,#2758);
#1537=LINE('',#13712,#2759);
#1538=LINE('',#13713,#2760);
#1539=LINE('',#13715,#2761);
#1540=LINE('',#13717,#2762);
#1541=LINE('',#13719,#2763);
#1542=LINE('',#13721,#2764);
#1543=LINE('',#13723,#2765);
#1544=LINE('',#13725,#2766);
#1545=LINE('',#13727,#2767);
#1546=LINE('',#13729,#2768);
#1547=LINE('',#13731,#2769);
#1548=LINE('',#13733,#2770);
#1549=LINE('',#13734,#2771);
#1550=LINE('',#13737,#2772);
#1551=LINE('',#13738,#2773);
#1552=LINE('',#13741,#2774);
#1553=LINE('',#13743,#2775);
#1554=LINE('',#13744,#2776);
#1555=LINE('',#13747,#2777);
#1556=LINE('',#13749,#2778);
#1557=LINE('',#13751,#2779);
#1558=LINE('',#13753,#2780);
#1559=LINE('',#13754,#2781);
#1560=LINE('',#13756,#2782);
#1561=LINE('',#13758,#2783);
#1562=LINE('',#13759,#2784);
#1563=LINE('',#13762,#2785);
#1564=LINE('',#13764,#2786);
#1565=LINE('',#13765,#2787);
#1566=LINE('',#13768,#2788);
#1567=LINE('',#13770,#2789);
#1568=LINE('',#13772,#2790);
#1569=LINE('',#13774,#2791);
#1570=LINE('',#13776,#2792);
#1571=LINE('',#13778,#2793);
#1572=LINE('',#13780,#2794);
#1573=LINE('',#13782,#2795);
#1574=LINE('',#13783,#2796);
#1575=LINE('',#13786,#2797);
#1576=LINE('',#13788,#2798);
#1577=LINE('',#13789,#2799);
#1578=LINE('',#13792,#2800);
#1579=LINE('',#13793,#2801);
#1580=LINE('',#13795,#2802);
#1581=LINE('',#13797,#2803);
#1582=LINE('',#13799,#2804);
#1583=LINE('',#13801,#2805);
#1584=LINE('',#13803,#2806);
#1585=LINE('',#13805,#2807);
#1586=LINE('',#13807,#2808);
#1587=LINE('',#13809,#2809);
#1588=LINE('',#13811,#2810);
#1589=LINE('',#13813,#2811);
#1590=LINE('',#13814,#2812);
#1591=LINE('',#13817,#2813);
#1592=LINE('',#13818,#2814);
#1593=LINE('',#13821,#2815);
#1594=LINE('',#13823,#2816);
#1595=LINE('',#13824,#2817);
#1596=LINE('',#13827,#2818);
#1597=LINE('',#13829,#2819);
#1598=LINE('',#13831,#2820);
#1599=LINE('',#13833,#2821);
#1600=LINE('',#13834,#2822);
#1601=LINE('',#13836,#2823);
#1602=LINE('',#13838,#2824);
#1603=LINE('',#13839,#2825);
#1604=LINE('',#13842,#2826);
#1605=LINE('',#13844,#2827);
#1606=LINE('',#13845,#2828);
#1607=LINE('',#13848,#2829);
#1608=LINE('',#13850,#2830);
#1609=LINE('',#13852,#2831);
#1610=LINE('',#13854,#2832);
#1611=LINE('',#13856,#2833);
#1612=LINE('',#13858,#2834);
#1613=LINE('',#13860,#2835);
#1614=LINE('',#13862,#2836);
#1615=LINE('',#13863,#2837);
#1616=LINE('',#13866,#2838);
#1617=LINE('',#13868,#2839);
#1618=LINE('',#13869,#2840);
#1619=LINE('',#13872,#2841);
#1620=LINE('',#13873,#2842);
#1621=LINE('',#13875,#2843);
#1622=LINE('',#13877,#2844);
#1623=LINE('',#13879,#2845);
#1624=LINE('',#13881,#2846);
#1625=LINE('',#13883,#2847);
#1626=LINE('',#13885,#2848);
#1627=LINE('',#13887,#2849);
#1628=LINE('',#13889,#2850);
#1629=LINE('',#13891,#2851);
#1630=LINE('',#13893,#2852);
#1631=LINE('',#13894,#2853);
#1632=LINE('',#13897,#2854);
#1633=LINE('',#13898,#2855);
#1634=LINE('',#13901,#2856);
#1635=LINE('',#13903,#2857);
#1636=LINE('',#13904,#2858);
#1637=LINE('',#13907,#2859);
#1638=LINE('',#13909,#2860);
#1639=LINE('',#13911,#2861);
#1640=LINE('',#13913,#2862);
#1641=LINE('',#13914,#2863);
#1642=LINE('',#13916,#2864);
#1643=LINE('',#13918,#2865);
#1644=LINE('',#13919,#2866);
#1645=LINE('',#13922,#2867);
#1646=LINE('',#13924,#2868);
#1647=LINE('',#13925,#2869);
#1648=LINE('',#13928,#2870);
#1649=LINE('',#13930,#2871);
#1650=LINE('',#13932,#2872);
#1651=LINE('',#13934,#2873);
#1652=LINE('',#13936,#2874);
#1653=LINE('',#13938,#2875);
#1654=LINE('',#13940,#2876);
#1655=LINE('',#13942,#2877);
#1656=LINE('',#13943,#2878);
#1657=LINE('',#13946,#2879);
#1658=LINE('',#13948,#2880);
#1659=LINE('',#13949,#2881);
#1660=LINE('',#13952,#2882);
#1661=LINE('',#13953,#2883);
#1662=LINE('',#13955,#2884);
#1663=LINE('',#13957,#2885);
#1664=LINE('',#13959,#2886);
#1665=LINE('',#13961,#2887);
#1666=LINE('',#13963,#2888);
#1667=LINE('',#13965,#2889);
#1668=LINE('',#13967,#2890);
#1669=LINE('',#13969,#2891);
#1670=LINE('',#13971,#2892);
#1671=LINE('',#13973,#2893);
#1672=LINE('',#13974,#2894);
#1673=LINE('',#13977,#2895);
#1674=LINE('',#13978,#2896);
#1675=LINE('',#13981,#2897);
#1676=LINE('',#13983,#2898);
#1677=LINE('',#13984,#2899);
#1678=LINE('',#13987,#2900);
#1679=LINE('',#13989,#2901);
#1680=LINE('',#13991,#2902);
#1681=LINE('',#13993,#2903);
#1682=LINE('',#13994,#2904);
#1683=LINE('',#13996,#2905);
#1684=LINE('',#13998,#2906);
#1685=LINE('',#13999,#2907);
#1686=LINE('',#14002,#2908);
#1687=LINE('',#14004,#2909);
#1688=LINE('',#14005,#2910);
#1689=LINE('',#14008,#2911);
#1690=LINE('',#14010,#2912);
#1691=LINE('',#14012,#2913);
#1692=LINE('',#14014,#2914);
#1693=LINE('',#14016,#2915);
#1694=LINE('',#14018,#2916);
#1695=LINE('',#14020,#2917);
#1696=LINE('',#14022,#2918);
#1697=LINE('',#14023,#2919);
#1698=LINE('',#14026,#2920);
#1699=LINE('',#14028,#2921);
#1700=LINE('',#14029,#2922);
#1701=LINE('',#14032,#2923);
#1702=LINE('',#14033,#2924);
#1703=LINE('',#14035,#2925);
#1704=LINE('',#14037,#2926);
#1705=LINE('',#14039,#2927);
#1706=LINE('',#14041,#2928);
#1707=LINE('',#14043,#2929);
#1708=LINE('',#14045,#2930);
#1709=LINE('',#14047,#2931);
#1710=LINE('',#14049,#2932);
#1711=LINE('',#14051,#2933);
#1712=LINE('',#14053,#2934);
#1713=LINE('',#14054,#2935);
#1714=LINE('',#14057,#2936);
#1715=LINE('',#14058,#2937);
#1716=LINE('',#14061,#2938);
#1717=LINE('',#14063,#2939);
#1718=LINE('',#14064,#2940);
#1719=LINE('',#14067,#2941);
#1720=LINE('',#14069,#2942);
#1721=LINE('',#14071,#2943);
#1722=LINE('',#14073,#2944);
#1723=LINE('',#14074,#2945);
#1724=LINE('',#14076,#2946);
#1725=LINE('',#14078,#2947);
#1726=LINE('',#14079,#2948);
#1727=LINE('',#14082,#2949);
#1728=LINE('',#14084,#2950);
#1729=LINE('',#14085,#2951);
#1730=LINE('',#14088,#2952);
#1731=LINE('',#14090,#2953);
#1732=LINE('',#14092,#2954);
#1733=LINE('',#14094,#2955);
#1734=LINE('',#14096,#2956);
#1735=LINE('',#14098,#2957);
#1736=LINE('',#14100,#2958);
#1737=LINE('',#14102,#2959);
#1738=LINE('',#14103,#2960);
#1739=LINE('',#14106,#2961);
#1740=LINE('',#14108,#2962);
#1741=LINE('',#14109,#2963);
#1742=LINE('',#14112,#2964);
#1743=LINE('',#14113,#2965);
#1744=LINE('',#14115,#2966);
#1745=LINE('',#14117,#2967);
#1746=LINE('',#14119,#2968);
#1747=LINE('',#14121,#2969);
#1748=LINE('',#14123,#2970);
#1749=LINE('',#14125,#2971);
#1750=LINE('',#14127,#2972);
#1751=LINE('',#14129,#2973);
#1752=LINE('',#14131,#2974);
#1753=LINE('',#14133,#2975);
#1754=LINE('',#14134,#2976);
#1755=LINE('',#14137,#2977);
#1756=LINE('',#14138,#2978);
#1757=LINE('',#14143,#2979);
#1758=LINE('',#14145,#2980);
#1759=LINE('',#14147,#2981);
#1760=LINE('',#14148,#2982);
#1761=LINE('',#14154,#2983);
#1762=LINE('',#14157,#2984);
#1763=LINE('',#14160,#2985);
#1764=LINE('',#14164,#2986);
#1765=LINE('',#14166,#2987);
#1766=LINE('',#14168,#2988);
#1767=LINE('',#14170,#2989);
#1768=LINE('',#14174,#2990);
#1769=LINE('',#14178,#2991);
#1770=LINE('',#14182,#2992);
#1771=LINE('',#14184,#2993);
#1772=LINE('',#14186,#2994);
#1773=LINE('',#14188,#2995);
#1774=LINE('',#14190,#2996);
#1775=LINE('',#14194,#2997);
#1776=LINE('',#14196,#2998);
#1777=LINE('',#14197,#2999);
#1778=LINE('',#14200,#3000);
#1779=LINE('',#14204,#3001);
#1780=LINE('',#14206,#3002);
#1781=LINE('',#14208,#3003);
#1782=LINE('',#14210,#3004);
#1783=LINE('',#14212,#3005);
#1784=LINE('',#14214,#3006);
#1785=LINE('',#14216,#3007);
#1786=LINE('',#14218,#3008);
#1787=LINE('',#14220,#3009);
#1788=LINE('',#14222,#3010);
#1789=LINE('',#14224,#3011);
#1790=LINE('',#14226,#3012);
#1791=LINE('',#14228,#3013);
#1792=LINE('',#14230,#3014);
#1793=LINE('',#14232,#3015);
#1794=LINE('',#14234,#3016);
#1795=LINE('',#14236,#3017);
#1796=LINE('',#14238,#3018);
#1797=LINE('',#14240,#3019);
#1798=LINE('',#14242,#3020);
#1799=LINE('',#14244,#3021);
#1800=LINE('',#14246,#3022);
#1801=LINE('',#14248,#3023);
#1802=LINE('',#14250,#3024);
#1803=LINE('',#14252,#3025);
#1804=LINE('',#14254,#3026);
#1805=LINE('',#14256,#3027);
#1806=LINE('',#14258,#3028);
#1807=LINE('',#14260,#3029);
#1808=LINE('',#14262,#3030);
#1809=LINE('',#14264,#3031);
#1810=LINE('',#14266,#3032);
#1811=LINE('',#14268,#3033);
#1812=LINE('',#14269,#3034);
#1813=LINE('',#14272,#3035);
#1814=LINE('',#14275,#3036);
#1815=LINE('',#14278,#3037);
#1816=LINE('',#14280,#3038);
#1817=LINE('',#14282,#3039);
#1818=LINE('',#14286,#3040);
#1819=LINE('',#14288,#3041);
#1820=LINE('',#14290,#3042);
#1821=LINE('',#14292,#3043);
#1822=LINE('',#14294,#3044);
#1823=LINE('',#14298,#3045);
#1824=LINE('',#14302,#3046);
#1825=LINE('',#14306,#3047);
#1826=LINE('',#14308,#3048);
#1827=LINE('',#14310,#3049);
#1828=LINE('',#14312,#3050);
#1829=LINE('',#14315,#3051);
#1830=LINE('',#14317,#3052);
#1831=LINE('',#14319,#3053);
#1832=LINE('',#14320,#3054);
#1833=LINE('',#14341,#3055);
#1834=LINE('',#14343,#3056);
#1835=LINE('',#14345,#3057);
#1836=LINE('',#14346,#3058);
#1837=LINE('',#14350,#3059);
#1838=LINE('',#14351,#3060);
#1839=LINE('',#14352,#3061);
#1840=LINE('',#14356,#3062);
#1841=LINE('',#14361,#3063);
#1842=LINE('',#14362,#3064);
#1843=LINE('',#14363,#3065);
#1844=LINE('',#14366,#3066);
#1845=LINE('',#14367,#3067);
#1846=LINE('',#14369,#3068);
#1847=LINE('',#14372,#3069);
#1848=LINE('',#14376,#3070);
#1849=LINE('',#14380,#3071);
#1850=LINE('',#14383,#3072);
#1851=LINE('',#14385,#3073);
#1852=LINE('',#14386,#3074);
#1853=LINE('',#14390,#3075);
#1854=LINE('',#14391,#3076);
#1855=LINE('',#14392,#3077);
#1856=LINE('',#14396,#3078);
#1857=LINE('',#14397,#3079);
#1858=LINE('',#14398,#3080);
#1859=LINE('',#14401,#3081);
#1860=LINE('',#14402,#3082);
#1861=LINE('',#14406,#3083);
#1862=LINE('',#14410,#3084);
#1863=LINE('',#14411,#3085);
#1864=LINE('',#14414,#3086);
#1865=LINE('',#14416,#3087);
#1866=LINE('',#14417,#3088);
#1867=LINE('',#14420,#3089);
#1868=LINE('',#14424,#3090);
#1869=LINE('',#14426,#3091);
#1870=LINE('',#14429,#3092);
#1871=LINE('',#14431,#3093);
#1872=LINE('',#14432,#3094);
#1873=LINE('',#14435,#3095);
#1874=LINE('',#14436,#3096);
#1875=LINE('',#14440,#3097);
#1876=LINE('',#14441,#3098);
#1877=LINE('',#14442,#3099);
#1878=LINE('',#14446,#3100);
#1879=LINE('',#14447,#3101);
#1880=LINE('',#14448,#3102);
#1881=LINE('',#14451,#3103);
#1882=LINE('',#14452,#3104);
#1883=LINE('',#14456,#3105);
#1884=LINE('',#14460,#3106);
#1885=LINE('',#14461,#3107);
#1886=LINE('',#14464,#3108);
#1887=LINE('',#14466,#3109);
#1888=LINE('',#14467,#3110);
#1889=LINE('',#14470,#3111);
#1890=LINE('',#14474,#3112);
#1891=LINE('',#14476,#3113);
#1892=LINE('',#14479,#3114);
#1893=LINE('',#14481,#3115);
#1894=LINE('',#14482,#3116);
#1895=LINE('',#14485,#3117);
#1896=LINE('',#14486,#3118);
#1897=LINE('',#14489,#3119);
#1898=LINE('',#14491,#3120);
#1899=LINE('',#14493,#3121);
#1900=LINE('',#14494,#3122);
#1901=LINE('',#14498,#3123);
#1902=LINE('',#14499,#3124);
#1903=LINE('',#14500,#3125);
#1904=LINE('',#14504,#3126);
#1905=LINE('',#14509,#3127);
#1906=LINE('',#14510,#3128);
#1907=LINE('',#14511,#3129);
#1908=LINE('',#14514,#3130);
#1909=LINE('',#14515,#3131);
#1910=LINE('',#14517,#3132);
#1911=LINE('',#14520,#3133);
#1912=LINE('',#14524,#3134);
#1913=LINE('',#14526,#3135);
#1914=LINE('',#14529,#3136);
#1915=LINE('',#14531,#3137);
#1916=LINE('',#14532,#3138);
#1917=LINE('',#14535,#3139);
#1918=LINE('',#14537,#3140);
#1919=LINE('',#14539,#3141);
#1920=LINE('',#14540,#3142);
#1921=LINE('',#14544,#3143);
#1922=LINE('',#14545,#3144);
#1923=LINE('',#14546,#3145);
#1924=LINE('',#14550,#3146);
#1925=LINE('',#14555,#3147);
#1926=LINE('',#14556,#3148);
#1927=LINE('',#14557,#3149);
#1928=LINE('',#14560,#3150);
#1929=LINE('',#14561,#3151);
#1930=LINE('',#14563,#3152);
#1931=LINE('',#14566,#3153);
#1932=LINE('',#14570,#3154);
#1933=LINE('',#14572,#3155);
#1934=LINE('',#14575,#3156);
#1935=LINE('',#14577,#3157);
#1936=LINE('',#14578,#3158);
#1937=LINE('',#14582,#3159);
#1938=LINE('',#14583,#3160);
#1939=LINE('',#14584,#3161);
#1940=LINE('',#14588,#3162);
#1941=LINE('',#14589,#3163);
#1942=LINE('',#14590,#3164);
#1943=LINE('',#14593,#3165);
#1944=LINE('',#14594,#3166);
#1945=LINE('',#14598,#3167);
#1946=LINE('',#14602,#3168);
#1947=LINE('',#14603,#3169);
#1948=LINE('',#14606,#3170);
#1949=LINE('',#14608,#3171);
#1950=LINE('',#14609,#3172);
#1951=LINE('',#14612,#3173);
#1952=LINE('',#14616,#3174);
#1953=LINE('',#14619,#3175);
#1954=LINE('',#14621,#3176);
#1955=LINE('',#14622,#3177);
#1956=LINE('',#14625,#3178);
#1957=LINE('',#14626,#3179);
#1958=LINE('',#14628,#3180);
#1959=LINE('',#14631,#3181);
#1960=LINE('',#14633,#3182);
#1961=LINE('',#14634,#3183);
#1962=LINE('',#14637,#3184);
#1963=LINE('',#14638,#3185);
#1964=LINE('',#14641,#3186);
#1965=LINE('',#14643,#3187);
#1966=LINE('',#14644,#3188);
#1967=LINE('',#14647,#3189);
#1968=LINE('',#14648,#3190);
#1969=LINE('',#14651,#3191);
#1970=LINE('',#14653,#3192);
#1971=LINE('',#14654,#3193);
#1972=LINE('',#14657,#3194);
#1973=LINE('',#14658,#3195);
#1974=LINE('',#14661,#3196);
#1975=LINE('',#14663,#3197);
#1976=LINE('',#14664,#3198);
#1977=LINE('',#14667,#3199);
#1978=LINE('',#14668,#3200);
#1979=LINE('',#14671,#3201);
#1980=LINE('',#14673,#3202);
#1981=LINE('',#14674,#3203);
#1982=LINE('',#14677,#3204);
#1983=LINE('',#14678,#3205);
#1984=LINE('',#14681,#3206);
#1985=LINE('',#14683,#3207);
#1986=LINE('',#14684,#3208);
#1987=LINE('',#14687,#3209);
#1988=LINE('',#14688,#3210);
#1989=LINE('',#14691,#3211);
#1990=LINE('',#14693,#3212);
#1991=LINE('',#14694,#3213);
#1992=LINE('',#14697,#3214);
#1993=LINE('',#14698,#3215);
#1994=LINE('',#14701,#3216);
#1995=LINE('',#14703,#3217);
#1996=LINE('',#14704,#3218);
#1997=LINE('',#14707,#3219);
#1998=LINE('',#14708,#3220);
#1999=LINE('',#14711,#3221);
#2000=LINE('',#14713,#3222);
#2001=LINE('',#14714,#3223);
#2002=LINE('',#14717,#3224);
#2003=LINE('',#14718,#3225);
#2004=LINE('',#14721,#3226);
#2005=LINE('',#14723,#3227);
#2006=LINE('',#14724,#3228);
#2007=LINE('',#14727,#3229);
#2008=LINE('',#14728,#3230);
#2009=LINE('',#14731,#3231);
#2010=LINE('',#14733,#3232);
#2011=LINE('',#14734,#3233);
#2012=LINE('',#14737,#3234);
#2013=LINE('',#14738,#3235);
#2014=LINE('',#14742,#3236);
#2015=LINE('',#14744,#3237);
#2016=LINE('',#14746,#3238);
#2017=LINE('',#14747,#3239);
#2018=LINE('',#14750,#3240);
#2019=LINE('',#14752,#3241);
#2020=LINE('',#14753,#3242);
#2021=LINE('',#14755,#3243);
#2022=LINE('',#14757,#3244);
#2023=LINE('',#14759,#3245);
#2024=LINE('',#14761,#3246);
#2025=LINE('',#14763,#3247);
#2026=LINE('',#14765,#3248);
#2027=LINE('',#14767,#3249);
#2028=LINE('',#14769,#3250);
#2029=LINE('',#14771,#3251);
#2030=LINE('',#14773,#3252);
#2031=LINE('',#14775,#3253);
#2032=LINE('',#14777,#3254);
#2033=LINE('',#14778,#3255);
#2034=LINE('',#14780,#3256);
#2035=LINE('',#14781,#3257);
#2036=LINE('',#14784,#3258);
#2037=LINE('',#14787,#3259);
#2038=LINE('',#14790,#3260);
#2039=LINE('',#14793,#3261);
#2040=LINE('',#14796,#3262);
#2041=LINE('',#14799,#3263);
#2042=LINE('',#14802,#3264);
#2043=LINE('',#14805,#3265);
#2044=LINE('',#14808,#3266);
#2045=LINE('',#14811,#3267);
#2046=LINE('',#14814,#3268);
#2047=LINE('',#14818,#3269);
#2048=LINE('',#14819,#3270);
#2049=LINE('',#14822,#3271);
#2050=LINE('',#14823,#3272);
#2051=LINE('',#14826,#3273);
#2052=LINE('',#14827,#3274);
#2053=LINE('',#14830,#3275);
#2054=LINE('',#14831,#3276);
#2055=LINE('',#14834,#3277);
#2056=LINE('',#14835,#3278);
#2057=LINE('',#14838,#3279);
#2058=LINE('',#14839,#3280);
#2059=LINE('',#14842,#3281);
#2060=LINE('',#14843,#3282);
#2061=LINE('',#14846,#3283);
#2062=LINE('',#14847,#3284);
#2063=LINE('',#14850,#3285);
#2064=LINE('',#14851,#3286);
#2065=LINE('',#14853,#3287);
#2066=LINE('',#14855,#3288);
#2067=LINE('',#14857,#3289);
#2068=LINE('',#14859,#3290);
#2069=LINE('',#14861,#3291);
#2070=LINE('',#14864,#3292);
#2071=LINE('',#14866,#3293);
#2072=LINE('',#14867,#3294);
#2073=LINE('',#14868,#3295);
#2074=LINE('',#14869,#3296);
#2075=LINE('',#14870,#3297);
#2076=LINE('',#14871,#3298);
#2077=LINE('',#14872,#3299);
#2078=LINE('',#14873,#3300);
#2079=LINE('',#14874,#3301);
#2080=LINE('',#14875,#3302);
#2081=LINE('',#14876,#3303);
#2082=LINE('',#14877,#3304);
#2083=LINE('',#14878,#3305);
#2084=LINE('',#14882,#3306);
#2085=LINE('',#14884,#3307);
#2086=LINE('',#14886,#3308);
#2087=LINE('',#14887,#3309);
#2088=LINE('',#14888,#3310);
#2089=LINE('',#14890,#3311);
#2090=LINE('',#14892,#3312);
#2091=LINE('',#14894,#3313);
#2092=LINE('',#14896,#3314);
#2093=LINE('',#14897,#3315);
#2094=LINE('',#14901,#3316);
#2095=LINE('',#14909,#3317);
#2096=LINE('',#14910,#3318);
#2097=LINE('',#14912,#3319);
#2098=LINE('',#14914,#3320);
#2099=LINE('',#14916,#3321);
#2100=LINE('',#14918,#3322);
#2101=LINE('',#14920,#3323);
#2102=LINE('',#14923,#3324);
#2103=LINE('',#14925,#3325);
#2104=LINE('',#14926,#3326);
#2105=LINE('',#14934,#3327);
#2106=LINE('',#14936,#3328);
#2107=LINE('',#14937,#3329);
#2108=LINE('',#14940,#3330);
#2109=LINE('',#14942,#3331);
#2110=LINE('',#14946,#3332);
#2111=LINE('',#14949,#3333);
#2112=LINE('',#14952,#3334);
#2113=LINE('',#14956,#3335);
#2114=LINE('',#14959,#3336);
#2115=LINE('',#14962,#3337);
#2116=LINE('',#14963,#3338);
#2117=LINE('',#14964,#3339);
#2118=LINE('',#14966,#3340);
#2119=LINE('',#14967,#3341);
#2120=LINE('',#14972,#3342);
#2121=LINE('',#14973,#3343);
#2122=LINE('',#14975,#3344);
#2123=LINE('',#14978,#3345);
#2124=LINE('',#14980,#3346);
#2125=LINE('',#14982,#3347);
#2126=LINE('',#14984,#3348);
#2127=LINE('',#14986,#3349);
#2128=LINE('',#14988,#3350);
#2129=LINE('',#14990,#3351);
#2130=LINE('',#14992,#3352);
#2131=LINE('',#14994,#3353);
#2132=LINE('',#14995,#3354);
#2133=LINE('',#14997,#3355);
#2134=LINE('',#15002,#3356);
#2135=LINE('',#15003,#3357);
#2136=LINE('',#15005,#3358);
#2137=LINE('',#15007,#3359);
#2138=LINE('',#15011,#3360);
#2139=LINE('',#15013,#3361);
#2140=LINE('',#15015,#3362);
#2141=LINE('',#15017,#3363);
#2142=LINE('',#15019,#3364);
#2143=LINE('',#15021,#3365);
#2144=LINE('',#15023,#3366);
#2145=LINE('',#15025,#3367);
#2146=LINE('',#15027,#3368);
#2147=LINE('',#15028,#3369);
#2148=LINE('',#15032,#3370);
#2149=LINE('',#15033,#3371);
#2150=LINE('',#15034,#3372);
#2151=LINE('',#15038,#3373);
#2152=LINE('',#15039,#3374);
#2153=LINE('',#15041,#3375);
#2154=LINE('',#15042,#3376);
#2155=LINE('',#15045,#3377);
#2156=LINE('',#15049,#3378);
#2157=LINE('',#15050,#3379);
#2158=LINE('',#15053,#3380);
#2159=LINE('',#15054,#3381);
#2160=LINE('',#15056,#3382);
#2161=LINE('',#15059,#3383);
#2162=LINE('',#15064,#3384);
#2163=LINE('',#15065,#3385);
#2164=LINE('',#15068,#3386);
#2165=LINE('',#15070,#3387);
#2166=LINE('',#15071,#3388);
#2167=LINE('',#15073,#3389);
#2168=LINE('',#15077,#3390);
#2169=LINE('',#15079,#3391);
#2170=LINE('',#15080,#3392);
#2171=LINE('',#15083,#3393);
#2172=LINE('',#15085,#3394);
#2173=LINE('',#15088,#3395);
#2174=LINE('',#15091,#3396);
#2175=LINE('',#15093,#3397);
#2176=LINE('',#15095,#3398);
#2177=LINE('',#15097,#3399);
#2178=LINE('',#15099,#3400);
#2179=LINE('',#15103,#3401);
#2180=LINE('',#15104,#3402);
#2181=LINE('',#15105,#3403);
#2182=LINE('',#15109,#3404);
#2183=LINE('',#15110,#3405);
#2184=LINE('',#15111,#3406);
#2185=LINE('',#15114,#3407);
#2186=LINE('',#15118,#3408);
#2187=LINE('',#15120,#3409);
#2188=LINE('',#15121,#3410);
#2189=LINE('',#15124,#3411);
#2190=LINE('',#15125,#3412);
#2191=LINE('',#15128,#3413);
#2192=LINE('',#15129,#3414);
#2193=LINE('',#15133,#3415);
#2194=LINE('',#15134,#3416);
#2195=LINE('',#15135,#3417);
#2196=LINE('',#15138,#3418);
#2197=LINE('',#15142,#3419);
#2198=LINE('',#15145,#3420);
#2199=LINE('',#15147,#3421);
#2200=LINE('',#15149,#3422);
#2201=LINE('',#15151,#3423);
#2202=LINE('',#15152,#3424);
#2203=LINE('',#15154,#3425);
#2204=LINE('',#15160,#3426);
#2205=LINE('',#15161,#3427);
#2206=LINE('',#15164,#3428);
#2207=LINE('',#15165,#3429);
#2208=LINE('',#15167,#3430);
#2209=LINE('',#15169,#3431);
#2210=LINE('',#15173,#3432);
#2211=LINE('',#15175,#3433);
#2212=LINE('',#15176,#3434);
#2213=LINE('',#15178,#3435);
#2214=LINE('',#15184,#3436);
#2215=LINE('',#15187,#3437);
#2216=LINE('',#15189,#3438);
#2217=LINE('',#15191,#3439);
#2218=LINE('',#15193,#3440);
#2219=LINE('',#15194,#3441);
#2220=LINE('',#15199,#3442);
#2221=LINE('',#15200,#3443);
#2222=LINE('',#15203,#3444);
#2223=LINE('',#15204,#3445);
#2224=LINE('',#15206,#3446);
#2225=LINE('',#15208,#3447);
#2226=LINE('',#15210,#3448);
#2227=LINE('',#15212,#3449);
#2228=LINE('',#15213,#3450);
#2229=LINE('',#15215,#3451);
#2230=LINE('',#15221,#3452);
#2231=LINE('',#15224,#3453);
#2232=LINE('',#15227,#3454);
#2233=LINE('',#15229,#3455);
#2234=LINE('',#15231,#3456);
#2235=LINE('',#15232,#3457);
#2236=LINE('',#15235,#3458);
#2237=LINE('',#15237,#3459);
#2238=LINE('',#15238,#3460);
#2239=LINE('',#15240,#3461);
#2240=LINE('',#15241,#3462);
#2241=LINE('',#15246,#3463);
#2242=LINE('',#15248,#3464);
#2243=LINE('',#15249,#3465);
#2244=LINE('',#15251,#3466);
#2245=LINE('',#15252,#3467);
#2246=LINE('',#15254,#3468);
#2247=LINE('',#15255,#3469);
#2248=LINE('',#15259,#3470);
#2249=LINE('',#15261,#3471);
#2250=LINE('',#15263,#3472);
#2251=LINE('',#15264,#3473);
#2252=LINE('',#15268,#3474);
#2253=LINE('',#15270,#3475);
#2254=LINE('',#15272,#3476);
#2255=LINE('',#15273,#3477);
#2256=LINE('',#15276,#3478);
#2257=LINE('',#15277,#3479);
#2258=LINE('',#15280,#3480);
#2259=LINE('',#15281,#3481);
#2260=LINE('',#15284,#3482);
#2261=LINE('',#15286,#3483);
#2262=LINE('',#15288,#3484);
#2263=LINE('',#15290,#3485);
#2264=LINE('',#15292,#3486);
#2265=LINE('',#15294,#3487);
#2266=LINE('',#15296,#3488);
#2267=LINE('',#15298,#3489);
#2268=LINE('',#15300,#3490);
#2269=LINE('',#15302,#3491);
#2270=LINE('',#15304,#3492);
#2271=LINE('',#15306,#3493);
#2272=LINE('',#15307,#3494);
#2273=LINE('',#15311,#3495);
#2274=LINE('',#15312,#3496);
#2275=LINE('',#15313,#3497);
#2276=LINE('',#15317,#3498);
#2277=LINE('',#15318,#3499);
#2278=LINE('',#15319,#3500);
#2279=LINE('',#15323,#3501);
#2280=LINE('',#15324,#3502);
#2281=LINE('',#15325,#3503);
#2282=LINE('',#15329,#3504);
#2283=LINE('',#15330,#3505);
#2284=LINE('',#15331,#3506);
#2285=LINE('',#15335,#3507);
#2286=LINE('',#15336,#3508);
#2287=LINE('',#15337,#3509);
#2288=LINE('',#15340,#3510);
#2289=LINE('',#15342,#3511);
#2290=LINE('',#15343,#3512);
#2291=LINE('',#15347,#3513);
#2292=LINE('',#15349,#3514);
#2293=LINE('',#15351,#3515);
#2294=LINE('',#15352,#3516);
#2295=LINE('',#15356,#3517);
#2296=LINE('',#15357,#3518);
#2297=LINE('',#15358,#3519);
#2298=LINE('',#15361,#3520);
#2299=LINE('',#15363,#3521);
#2300=LINE('',#15364,#3522);
#2301=LINE('',#15366,#3523);
#2302=LINE('',#15367,#3524);
#2303=LINE('',#15372,#3525);
#2304=LINE('',#15373,#3526);
#2305=LINE('',#15375,#3527);
#2306=LINE('',#15381,#3528);
#2307=LINE('',#15384,#3529);
#2308=LINE('',#15386,#3530);
#2309=LINE('',#15388,#3531);
#2310=LINE('',#15389,#3532);
#2311=LINE('',#15391,#3533);
#2312=LINE('',#15392,#3534);
#2313=LINE('',#15394,#3535);
#2314=LINE('',#15397,#3536);
#2315=LINE('',#15398,#3537);
#2316=LINE('',#15399,#3538);
#2317=LINE('',#15402,#3539);
#2318=LINE('',#15403,#3540);
#2319=LINE('',#15405,#3541);
#2320=LINE('',#15407,#3542);
#2321=LINE('',#15408,#3543);
#2322=LINE('',#15411,#3544);
#2323=LINE('',#15412,#3545);
#2324=LINE('',#15414,#3546);
#2325=LINE('',#15416,#3547);
#2326=LINE('',#15419,#3548);
#2327=LINE('',#15420,#3549);
#2328=LINE('',#15422,#3550);
#2329=LINE('',#15424,#3551);
#2330=LINE('',#15425,#3552);
#2331=LINE('',#15428,#3553);
#2332=LINE('',#15430,#3554);
#2333=LINE('',#15431,#3555);
#2334=LINE('',#15433,#3556);
#2335=LINE('',#15434,#3557);
#2336=LINE('',#15437,#3558);
#2337=LINE('',#15439,#3559);
#2338=LINE('',#15440,#3560);
#2339=LINE('',#15442,#3561);
#2340=LINE('',#15444,#3562);
#2341=LINE('',#15446,#3563);
#2342=LINE('',#15449,#3564);
#2343=LINE('',#15450,#3565);
#2344=LINE('',#15452,#3566);
#2345=LINE('',#15455,#3567);
#2346=LINE('',#15456,#3568);
#2347=LINE('',#15459,#3569);
#2348=LINE('',#15460,#3570);
#2349=LINE('',#15462,#3571);
#2350=LINE('',#15464,#3572);
#2351=LINE('',#15467,#3573);
#2352=LINE('',#15468,#3574);
#2353=LINE('',#15471,#3575);
#2354=LINE('',#15472,#3576);
#2355=LINE('',#15475,#3577);
#2356=LINE('',#15476,#3578);
#2357=LINE('',#15479,#3579);
#2358=LINE('',#15480,#3580);
#2359=LINE('',#15483,#3581);
#2360=LINE('',#15484,#3582);
#2361=LINE('',#15487,#3583);
#2362=LINE('',#15488,#3584);
#2363=LINE('',#15491,#3585);
#2364=LINE('',#15492,#3586);
#2365=LINE('',#15495,#3587);
#2366=LINE('',#15496,#3588);
#2367=LINE('',#15498,#3589);
#2368=LINE('',#15505,#3590);
#2369=LINE('',#15506,#3591);
#2370=LINE('',#15507,#3592);
#2371=LINE('',#15510,#3593);
#2372=LINE('',#15511,#3594);
#2373=LINE('',#15516,#3595);
#2374=LINE('',#15517,#3596);
#2375=LINE('',#15520,#3597);
#2376=LINE('',#15521,#3598);
#2377=LINE('',#15526,#3599);
#2378=LINE('',#15527,#3600);
#2379=LINE('',#15529,#3601);
#2380=LINE('',#15534,#3602);
#2381=LINE('',#15535,#3603);
#2382=LINE('',#15538,#3604);
#2383=LINE('',#15539,#3605);
#2384=LINE('',#15542,#3606);
#2385=LINE('',#15545,#3607);
#2386=LINE('',#15547,#3608);
#2387=LINE('',#15550,#3609);
#2388=LINE('',#15551,#3610);
#2389=LINE('',#15553,#3611);
#2390=LINE('',#15555,#3612);
#2391=LINE('',#15557,#3613);
#2392=LINE('',#15560,#3614);
#2393=LINE('',#15561,#3615);
#2394=LINE('',#15563,#3616);
#2395=LINE('',#15565,#3617);
#2396=LINE('',#15569,#3618);
#2397=LINE('',#15570,#3619);
#2398=LINE('',#15571,#3620);
#2399=LINE('',#15574,#3621);
#2400=LINE('',#15575,#3622);
#2401=LINE('',#15578,#3623);
#2402=LINE('',#15580,#3624);
#2403=LINE('',#15584,#3625);
#2404=LINE('',#15585,#3626);
#2405=LINE('',#15587,#3627);
#2406=LINE('',#15589,#3628);
#2407=LINE('',#15591,#3629);
#2408=LINE('',#15595,#3630);
#2409=LINE('',#15599,#3631);
#2410=LINE('',#15602,#3632);
#2411=LINE('',#15604,#3633);
#2412=LINE('',#15605,#3634);
#2413=LINE('',#15607,#3635);
#2414=LINE('',#15609,#3636);
#2415=LINE('',#15610,#3637);
#2416=LINE('',#15612,#3638);
#2417=LINE('',#15614,#3639);
#2418=LINE('',#15615,#3640);
#2419=LINE('',#15617,#3641);
#2420=LINE('',#15619,#3642);
#2421=LINE('',#15621,#3643);
#2422=LINE('',#15625,#3644);
#2423=LINE('',#15627,#3645);
#2424=LINE('',#15639,#3646);
#2425=LINE('',#15642,#3647);
#2426=LINE('',#15645,#3648);
#2427=LINE('',#15647,#3649);
#2428=LINE('',#15648,#3650);
#2429=LINE('',#15651,#3651);
#2430=LINE('',#15653,#3652);
#2431=LINE('',#15655,#3653);
#2432=LINE('',#15659,#3654);
#2433=LINE('',#15663,#3655);
#2434=LINE('',#15667,#3656);
#2435=LINE('',#15669,#3657);
#2436=LINE('',#15671,#3658);
#2437=LINE('',#15675,#3659);
#2438=LINE('',#15681,#3660);
#2439=LINE('',#15682,#3661);
#2440=LINE('',#15685,#3662);
#2441=LINE('',#15686,#3663);
#2442=LINE('',#15690,#3664);
#2443=LINE('',#15695,#3665);
#2444=LINE('',#15696,#3666);
#2445=LINE('',#15699,#3667);
#2446=LINE('',#15703,#3668);
#2447=LINE('',#15707,#3669);
#2448=LINE('',#15709,#3670);
#2449=LINE('',#15711,#3671);
#2450=LINE('',#15715,#3672);
#2451=LINE('',#15721,#3673);
#2452=LINE('',#15722,#3674);
#2453=LINE('',#15725,#3675);
#2454=LINE('',#15726,#3676);
#2455=LINE('',#15731,#3677);
#2456=LINE('',#15732,#3678);
#2457=LINE('',#15734,#3679);
#2458=LINE('',#15739,#3680);
#2459=LINE('',#15743,#3681);
#2460=LINE('',#15745,#3682);
#2461=LINE('',#15747,#3683);
#2462=LINE('',#15751,#3684);
#2463=LINE('',#15754,#3685);
#2464=LINE('',#15756,#3686);
#2465=LINE('',#15757,#3687);
#2466=LINE('',#15759,#3688);
#2467=LINE('',#15761,#3689);
#2468=LINE('',#15763,#3690);
#2469=LINE('',#15766,#3691);
#2470=LINE('',#15768,#3692);
#2471=LINE('',#15770,#3693);
#2472=LINE('',#15772,#3694);
#2473=LINE('',#15775,#3695);
#2474=LINE('',#15776,#3696);
#2475=LINE('',#15778,#3697);
#2476=LINE('',#15786,#3698);
#2477=LINE('',#15789,#3699);
#2478=LINE('',#15792,#3700);
#2479=LINE('',#15794,#3701);
#2480=LINE('',#15795,#3702);
#2481=LINE('',#15800,#3703);
#2482=LINE('',#15804,#3704);
#2483=LINE('',#15806,#3705);
#2484=LINE('',#15808,#3706);
#2485=LINE('',#15812,#3707);
#2486=LINE('',#15816,#3708);
#2487=LINE('',#15820,#3709);
#2488=LINE('',#15822,#3710);
#2489=LINE('',#15823,#3711);
#2490=LINE('',#15828,#3712);
#2491=LINE('',#15829,#3713);
#2492=LINE('',#15832,#3714);
#2493=LINE('',#15833,#3715);
#2494=LINE('',#15836,#3716);
#2495=LINE('',#15842,#3717);
#2496=LINE('',#15843,#3718);
#2497=LINE('',#15848,#3719);
#2498=LINE('',#15852,#3720);
#2499=LINE('',#15854,#3721);
#2500=LINE('',#15856,#3722);
#2501=LINE('',#15860,#3723);
#2502=LINE('',#15863,#3724);
#2503=LINE('',#15868,#3725);
#2504=LINE('',#15869,#3726);
#2505=LINE('',#15872,#3727);
#2506=LINE('',#15873,#3728);
#2507=LINE('',#15878,#3729);
#2508=LINE('',#15879,#3730);
#2509=LINE('',#15881,#3731);
#2510=LINE('',#15884,#3732);
#2511=LINE('',#15888,#3733);
#2512=LINE('',#15892,#3734);
#2513=LINE('',#15894,#3735);
#2514=LINE('',#15896,#3736);
#2515=LINE('',#15900,#3737);
#2516=LINE('',#15903,#3738);
#2517=LINE('',#15904,#3739);
#2518=LINE('',#15906,#3740);
#2519=LINE('',#15908,#3741);
#2520=LINE('',#15910,#3742);
#2521=LINE('',#15913,#3743);
#2522=LINE('',#15915,#3744);
#2523=LINE('',#15917,#3745);
#2524=LINE('',#15919,#3746);
#2525=LINE('',#15922,#3747);
#2526=LINE('',#15923,#3748);
#2527=LINE('',#15925,#3749);
#2528=LINE('',#15933,#3750);
#2529=LINE('',#15936,#3751);
#2530=LINE('',#15939,#3752);
#2531=LINE('',#15941,#3753);
#2532=LINE('',#15942,#3754);
#2533=LINE('',#15945,#3755);
#2534=LINE('',#15949,#3756);
#2535=LINE('',#15951,#3757);
#2536=LINE('',#15953,#3758);
#2537=LINE('',#15955,#3759);
#2538=LINE('',#15960,#3760);
#2539=LINE('',#15963,#3761);
#2540=LINE('',#15967,#3762);
#2541=LINE('',#15970,#3763);
#2542=LINE('',#15976,#3764);
#2543=LINE('',#15978,#3765);
#2544=LINE('',#15981,#3766);
#2545=LINE('',#15988,#3767);
#2546=LINE('',#15991,#3768);
#2547=LINE('',#15994,#3769);
#2548=LINE('',#15996,#3770);
#2549=LINE('',#15997,#3771);
#2550=LINE('',#16000,#3772);
#2551=LINE('',#16004,#3773);
#2552=LINE('',#16006,#3774);
#2553=LINE('',#16008,#3775);
#2554=LINE('',#16010,#3776);
#2555=LINE('',#16015,#3777);
#2556=LINE('',#16021,#3778);
#2557=LINE('',#16024,#3779);
#2558=LINE('',#16027,#3780);
#2559=LINE('',#16029,#3781);
#2560=LINE('',#16030,#3782);
#2561=LINE('',#16033,#3783);
#2562=LINE('',#16035,#3784);
#2563=LINE('',#16037,#3785);
#2564=LINE('',#16042,#3786);
#2565=LINE('',#16045,#3787);
#2566=LINE('',#16046,#3788);
#2567=LINE('',#16049,#3789);
#2568=LINE('',#16052,#3790);
#2569=LINE('',#16055,#3791);
#2570=LINE('',#16056,#3792);
#2571=LINE('',#16060,#3793);
#2572=LINE('',#16065,#3794);
#2573=LINE('',#16071,#3795);
#2574=LINE('',#16074,#3796);
#2575=LINE('',#16077,#3797);
#2576=LINE('',#16079,#3798);
#2577=LINE('',#16081,#3799);
#2578=LINE('',#16084,#3800);
#2579=LINE('',#16087,#3801);
#2580=LINE('',#16091,#3802);
#2581=LINE('',#16095,#3803);
#2582=LINE('',#16098,#3804);
#2583=LINE('',#16102,#3805);
#2584=LINE('',#16106,#3806);
#2585=LINE('',#16113,#3807);
#2586=LINE('',#16116,#3808);
#2587=LINE('',#16119,#3809);
#2588=LINE('',#16121,#3810);
#2589=LINE('',#16123,#3811);
#2590=LINE('',#16126,#3812);
#2591=LINE('',#16129,#3813);
#2592=LINE('',#16133,#3814);
#2593=LINE('',#16137,#3815);
#2594=LINE('',#16140,#3816);
#2595=LINE('',#16144,#3817);
#2596=LINE('',#16148,#3818);
#2597=LINE('',#16152,#3819);
#2598=LINE('',#16154,#3820);
#2599=LINE('',#16156,#3821);
#2600=LINE('',#16157,#3822);
#2601=LINE('',#16160,#3823);
#2602=LINE('',#16173,#3824);
#2603=LINE('',#16176,#3825);
#2604=LINE('',#16178,#3826);
#2605=LINE('',#16181,#3827);
#2606=LINE('',#16194,#3828);
#2607=LINE('',#16196,#3829);
#2608=LINE('',#16197,#3830);
#2609=LINE('',#16200,#3831);
#2610=LINE('',#16202,#3832);
#2611=LINE('',#16204,#3833);
#2612=LINE('',#16205,#3834);
#2613=LINE('',#16208,#3835);
#2614=LINE('',#16217,#3836);
#2615=LINE('',#16219,#3837);
#2616=LINE('',#16225,#3838);
#2617=LINE('',#16228,#3839);
#2618=LINE('',#16231,#3840);
#2619=LINE('',#16234,#3841);
#2620=LINE('',#16236,#3842);
#2621=LINE('',#16245,#3843);
#2622=LINE('',#16258,#3844);
#2623=LINE('',#16262,#3845);
#2624=LINE('',#16264,#3846);
#2625=LINE('',#16265,#3847);
#2626=LINE('',#16271,#3848);
#2627=LINE('',#16277,#3849);
#2628=LINE('',#16281,#3850);
#2629=LINE('',#16284,#3851);
#2630=LINE('',#16300,#3852);
#2631=LINE('',#16305,#3853);
#2632=LINE('',#16307,#3854);
#2633=LINE('',#16310,#3855);
#2634=LINE('',#16312,#3856);
#2635=LINE('',#16314,#3857);
#2636=LINE('',#16323,#3858);
#2637=LINE('',#16326,#3859);
#2638=LINE('',#16328,#3860);
#2639=LINE('',#16330,#3861);
#2640=LINE('',#16334,#3862);
#2641=LINE('',#16338,#3863);
#2642=LINE('',#16340,#3864);
#2643=LINE('',#16342,#3865);
#2644=LINE('',#16345,#3866);
#2645=LINE('',#16347,#3867);
#2646=LINE('',#16350,#3868);
#2647=LINE('',#16357,#3869);
#2648=LINE('',#16358,#3870);
#2649=LINE('',#16361,#3871);
#2650=LINE('',#16362,#3872);
#2651=LINE('',#16364,#3873);
#2652=LINE('',#16374,#3874);
#2653=LINE('',#16377,#3875);
#2654=LINE('',#16378,#3876);
#2655=LINE('',#16384,#3877);
#2656=LINE('',#16390,#3878);
#2657=LINE('',#16407,#3879);
#2658=LINE('',#16411,#3880);
#2659=LINE('',#16414,#3881);
#2660=LINE('',#16419,#3882);
#2661=LINE('',#16429,#3883);
#2662=LINE('',#16433,#3884);
#2663=LINE('',#16437,#3885);
#2664=LINE('',#16447,#3886);
#2665=LINE('',#16459,#3887);
#2666=LINE('',#16462,#3888);
#2667=LINE('',#16464,#3889);
#2668=LINE('',#16466,#3890);
#2669=LINE('',#16469,#3891);
#2670=LINE('',#16470,#3892);
#2671=LINE('',#16472,#3893);
#2672=LINE('',#16476,#3894);
#2673=LINE('',#16479,#3895);
#2674=LINE('',#16481,#3896);
#2675=LINE('',#16483,#3897);
#2676=LINE('',#16485,#3898);
#2677=LINE('',#16488,#3899);
#2678=LINE('',#16491,#3900);
#2679=LINE('',#16494,#3901);
#2680=LINE('',#16498,#3902);
#2681=LINE('',#16501,#3903);
#2682=LINE('',#16504,#3904);
#2683=LINE('',#16507,#3905);
#2684=LINE('',#16509,#3906);
#2685=LINE('',#16510,#3907);
#2686=LINE('',#16512,#3908);
#2687=LINE('',#16516,#3909);
#2688=LINE('',#16520,#3910);
#2689=VECTOR('',#10863,10.);
#2690=VECTOR('',#10864,10.);
#2691=VECTOR('',#10865,10.);
#2692=VECTOR('',#10866,10.);
#2693=VECTOR('',#10869,10.);
#2694=VECTOR('',#10872,10.);
#2695=VECTOR('',#10873,10.);
#2696=VECTOR('',#10874,10.);
#2697=VECTOR('',#10875,10.);
#2698=VECTOR('',#10876,10.);
#2699=VECTOR('',#10877,10.);
#2700=VECTOR('',#10878,10.);
#2701=VECTOR('',#10879,10.);
#2702=VECTOR('',#10880,10.);
#2703=VECTOR('',#10881,10.);
#2704=VECTOR('',#10882,10.);
#2705=VECTOR('',#10885,10.);
#2706=VECTOR('',#10886,10.);
#2707=VECTOR('',#10887,10.);
#2708=VECTOR('',#10888,10.);
#2709=VECTOR('',#10891,10.);
#2710=VECTOR('',#10892,10.);
#2711=VECTOR('',#10893,10.);
#2712=VECTOR('',#10894,10.);
#2713=VECTOR('',#10895,10.);
#2714=VECTOR('',#10896,10.);
#2715=VECTOR('',#10897,10.);
#2716=VECTOR('',#10898,10.);
#2717=VECTOR('',#10899,10.);
#2718=VECTOR('',#10900,10.);
#2719=VECTOR('',#10901,10.);
#2720=VECTOR('',#10902,10.);
#2721=VECTOR('',#10903,10.);
#2722=VECTOR('',#10904,10.);
#2723=VECTOR('',#10905,10.);
#2724=VECTOR('',#10906,10.);
#2725=VECTOR('',#10907,10.);
#2726=VECTOR('',#10908,10.);
#2727=VECTOR('',#10909,10.);
#2728=VECTOR('',#10910,10.);
#2729=VECTOR('',#10911,10.);
#2730=VECTOR('',#10912,10.);
#2731=VECTOR('',#10913,10.);
#2732=VECTOR('',#10914,10.);
#2733=VECTOR('',#10915,10.);
#2734=VECTOR('',#10916,10.);
#2735=VECTOR('',#10917,10.);
#2736=VECTOR('',#10918,10.);
#2737=VECTOR('',#10919,10.);
#2738=VECTOR('',#10920,10.);
#2739=VECTOR('',#10921,10.);
#2740=VECTOR('',#10922,10.);
#2741=VECTOR('',#10923,10.);
#2742=VECTOR('',#10924,10.);
#2743=VECTOR('',#10925,10.);
#2744=VECTOR('',#10926,10.);
#2745=VECTOR('',#10927,10.);
#2746=VECTOR('',#10928,10.);
#2747=VECTOR('',#10929,10.);
#2748=VECTOR('',#10930,10.);
#2749=VECTOR('',#10931,10.);
#2750=VECTOR('',#10932,10.);
#2751=VECTOR('',#10933,10.);
#2752=VECTOR('',#10934,10.);
#2753=VECTOR('',#10935,10.);
#2754=VECTOR('',#10938,10.);
#2755=VECTOR('',#10939,10.);
#2756=VECTOR('',#10940,10.);
#2757=VECTOR('',#10941,10.);
#2758=VECTOR('',#10942,10.);
#2759=VECTOR('',#10947,10.);
#2760=VECTOR('',#10948,10.);
#2761=VECTOR('',#10949,10.);
#2762=VECTOR('',#10950,10.);
#2763=VECTOR('',#10951,10.);
#2764=VECTOR('',#10952,10.);
#2765=VECTOR('',#10953,10.);
#2766=VECTOR('',#10954,10.);
#2767=VECTOR('',#10955,10.);
#2768=VECTOR('',#10956,10.);
#2769=VECTOR('',#10957,10.);
#2770=VECTOR('',#10958,10.);
#2771=VECTOR('',#10959,10.);
#2772=VECTOR('',#10962,10.);
#2773=VECTOR('',#10963,10.);
#2774=VECTOR('',#10966,10.);
#2775=VECTOR('',#10967,10.);
#2776=VECTOR('',#10968,10.);
#2777=VECTOR('',#10971,10.);
#2778=VECTOR('',#10972,10.);
#2779=VECTOR('',#10973,10.);
#2780=VECTOR('',#10974,10.);
#2781=VECTOR('',#10975,10.);
#2782=VECTOR('',#10976,10.);
#2783=VECTOR('',#10977,10.);
#2784=VECTOR('',#10978,10.);
#2785=VECTOR('',#10981,10.);
#2786=VECTOR('',#10982,10.);
#2787=VECTOR('',#10983,10.);
#2788=VECTOR('',#10986,10.);
#2789=VECTOR('',#10987,10.);
#2790=VECTOR('',#10988,10.);
#2791=VECTOR('',#10989,10.);
#2792=VECTOR('',#10990,10.);
#2793=VECTOR('',#10991,10.);
#2794=VECTOR('',#10992,10.);
#2795=VECTOR('',#10993,10.);
#2796=VECTOR('',#10994,10.);
#2797=VECTOR('',#10997,10.);
#2798=VECTOR('',#10998,10.);
#2799=VECTOR('',#10999,10.);
#2800=VECTOR('',#11002,10.);
#2801=VECTOR('',#11003,10.);
#2802=VECTOR('',#11004,10.);
#2803=VECTOR('',#11005,10.);
#2804=VECTOR('',#11006,10.);
#2805=VECTOR('',#11007,10.);
#2806=VECTOR('',#11008,10.);
#2807=VECTOR('',#11009,10.);
#2808=VECTOR('',#11010,10.);
#2809=VECTOR('',#11011,10.);
#2810=VECTOR('',#11012,10.);
#2811=VECTOR('',#11013,10.);
#2812=VECTOR('',#11014,10.);
#2813=VECTOR('',#11017,10.);
#2814=VECTOR('',#11018,10.);
#2815=VECTOR('',#11021,10.);
#2816=VECTOR('',#11022,10.);
#2817=VECTOR('',#11023,10.);
#2818=VECTOR('',#11026,10.);
#2819=VECTOR('',#11027,10.);
#2820=VECTOR('',#11028,10.);
#2821=VECTOR('',#11029,10.);
#2822=VECTOR('',#11030,10.);
#2823=VECTOR('',#11031,10.);
#2824=VECTOR('',#11032,10.);
#2825=VECTOR('',#11033,10.);
#2826=VECTOR('',#11036,10.);
#2827=VECTOR('',#11037,10.);
#2828=VECTOR('',#11038,10.);
#2829=VECTOR('',#11041,10.);
#2830=VECTOR('',#11042,10.);
#2831=VECTOR('',#11043,10.);
#2832=VECTOR('',#11044,10.);
#2833=VECTOR('',#11045,10.);
#2834=VECTOR('',#11046,10.);
#2835=VECTOR('',#11047,10.);
#2836=VECTOR('',#11048,10.);
#2837=VECTOR('',#11049,10.);
#2838=VECTOR('',#11052,10.);
#2839=VECTOR('',#11053,10.);
#2840=VECTOR('',#11054,10.);
#2841=VECTOR('',#11057,10.);
#2842=VECTOR('',#11058,10.);
#2843=VECTOR('',#11059,10.);
#2844=VECTOR('',#11060,10.);
#2845=VECTOR('',#11061,10.);
#2846=VECTOR('',#11062,10.);
#2847=VECTOR('',#11063,10.);
#2848=VECTOR('',#11064,10.);
#2849=VECTOR('',#11065,10.);
#2850=VECTOR('',#11066,10.);
#2851=VECTOR('',#11067,10.);
#2852=VECTOR('',#11068,10.);
#2853=VECTOR('',#11069,10.);
#2854=VECTOR('',#11072,10.);
#2855=VECTOR('',#11073,10.);
#2856=VECTOR('',#11076,10.);
#2857=VECTOR('',#11077,10.);
#2858=VECTOR('',#11078,10.);
#2859=VECTOR('',#11081,10.);
#2860=VECTOR('',#11082,10.);
#2861=VECTOR('',#11083,10.);
#2862=VECTOR('',#11084,10.);
#2863=VECTOR('',#11085,10.);
#2864=VECTOR('',#11086,10.);
#2865=VECTOR('',#11087,10.);
#2866=VECTOR('',#11088,10.);
#2867=VECTOR('',#11091,10.);
#2868=VECTOR('',#11092,10.);
#2869=VECTOR('',#11093,10.);
#2870=VECTOR('',#11096,10.);
#2871=VECTOR('',#11097,10.);
#2872=VECTOR('',#11098,10.);
#2873=VECTOR('',#11099,10.);
#2874=VECTOR('',#11100,10.);
#2875=VECTOR('',#11101,10.);
#2876=VECTOR('',#11102,10.);
#2877=VECTOR('',#11103,10.);
#2878=VECTOR('',#11104,10.);
#2879=VECTOR('',#11107,10.);
#2880=VECTOR('',#11108,10.);
#2881=VECTOR('',#11109,10.);
#2882=VECTOR('',#11112,10.);
#2883=VECTOR('',#11113,10.);
#2884=VECTOR('',#11114,10.);
#2885=VECTOR('',#11115,10.);
#2886=VECTOR('',#11116,10.);
#2887=VECTOR('',#11117,10.);
#2888=VECTOR('',#11118,10.);
#2889=VECTOR('',#11119,10.);
#2890=VECTOR('',#11120,10.);
#2891=VECTOR('',#11121,10.);
#2892=VECTOR('',#11122,10.);
#2893=VECTOR('',#11123,10.);
#2894=VECTOR('',#11124,10.);
#2895=VECTOR('',#11127,10.);
#2896=VECTOR('',#11128,10.);
#2897=VECTOR('',#11131,10.);
#2898=VECTOR('',#11132,10.);
#2899=VECTOR('',#11133,10.);
#2900=VECTOR('',#11136,10.);
#2901=VECTOR('',#11137,10.);
#2902=VECTOR('',#11138,10.);
#2903=VECTOR('',#11139,10.);
#2904=VECTOR('',#11140,10.);
#2905=VECTOR('',#11141,10.);
#2906=VECTOR('',#11142,10.);
#2907=VECTOR('',#11143,10.);
#2908=VECTOR('',#11146,10.);
#2909=VECTOR('',#11147,10.);
#2910=VECTOR('',#11148,10.);
#2911=VECTOR('',#11151,10.);
#2912=VECTOR('',#11152,10.);
#2913=VECTOR('',#11153,10.);
#2914=VECTOR('',#11154,10.);
#2915=VECTOR('',#11155,10.);
#2916=VECTOR('',#11156,10.);
#2917=VECTOR('',#11157,10.);
#2918=VECTOR('',#11158,10.);
#2919=VECTOR('',#11159,10.);
#2920=VECTOR('',#11162,10.);
#2921=VECTOR('',#11163,10.);
#2922=VECTOR('',#11164,10.);
#2923=VECTOR('',#11167,10.);
#2924=VECTOR('',#11168,10.);
#2925=VECTOR('',#11169,10.);
#2926=VECTOR('',#11170,10.);
#2927=VECTOR('',#11171,10.);
#2928=VECTOR('',#11172,10.);
#2929=VECTOR('',#11173,10.);
#2930=VECTOR('',#11174,10.);
#2931=VECTOR('',#11175,10.);
#2932=VECTOR('',#11176,10.);
#2933=VECTOR('',#11177,10.);
#2934=VECTOR('',#11178,10.);
#2935=VECTOR('',#11179,10.);
#2936=VECTOR('',#11182,10.);
#2937=VECTOR('',#11183,10.);
#2938=VECTOR('',#11186,10.);
#2939=VECTOR('',#11187,10.);
#2940=VECTOR('',#11188,10.);
#2941=VECTOR('',#11191,10.);
#2942=VECTOR('',#11192,10.);
#2943=VECTOR('',#11193,10.);
#2944=VECTOR('',#11194,10.);
#2945=VECTOR('',#11195,10.);
#2946=VECTOR('',#11196,10.);
#2947=VECTOR('',#11197,10.);
#2948=VECTOR('',#11198,10.);
#2949=VECTOR('',#11201,10.);
#2950=VECTOR('',#11202,10.);
#2951=VECTOR('',#11203,10.);
#2952=VECTOR('',#11206,10.);
#2953=VECTOR('',#11207,10.);
#2954=VECTOR('',#11208,10.);
#2955=VECTOR('',#11209,10.);
#2956=VECTOR('',#11210,10.);
#2957=VECTOR('',#11211,10.);
#2958=VECTOR('',#11212,10.);
#2959=VECTOR('',#11213,10.);
#2960=VECTOR('',#11214,10.);
#2961=VECTOR('',#11217,10.);
#2962=VECTOR('',#11218,10.);
#2963=VECTOR('',#11219,10.);
#2964=VECTOR('',#11222,10.);
#2965=VECTOR('',#11223,10.);
#2966=VECTOR('',#11224,10.);
#2967=VECTOR('',#11225,10.);
#2968=VECTOR('',#11226,10.);
#2969=VECTOR('',#11227,10.);
#2970=VECTOR('',#11228,10.);
#2971=VECTOR('',#11229,10.);
#2972=VECTOR('',#11230,10.);
#2973=VECTOR('',#11231,10.);
#2974=VECTOR('',#11232,10.);
#2975=VECTOR('',#11233,10.);
#2976=VECTOR('',#11234,10.);
#2977=VECTOR('',#11237,10.);
#2978=VECTOR('',#11238,10.);
#2979=VECTOR('',#11243,10.);
#2980=VECTOR('',#11244,10.);
#2981=VECTOR('',#11245,10.);
#2982=VECTOR('',#11246,10.);
#2983=VECTOR('',#11251,10.);
#2984=VECTOR('',#11254,10.);
#2985=VECTOR('',#11257,10.);
#2986=VECTOR('',#11260,10.);
#2987=VECTOR('',#11261,10.);
#2988=VECTOR('',#11262,10.);
#2989=VECTOR('',#11263,10.);
#2990=VECTOR('',#11266,10.);
#2991=VECTOR('',#11269,10.);
#2992=VECTOR('',#11272,10.);
#2993=VECTOR('',#11273,10.);
#2994=VECTOR('',#11274,10.);
#2995=VECTOR('',#11275,10.);
#2996=VECTOR('',#11276,10.);
#2997=VECTOR('',#11279,10.);
#2998=VECTOR('',#11280,10.);
#2999=VECTOR('',#11281,10.);
#3000=VECTOR('',#11284,10.);
#3001=VECTOR('',#11287,10.);
#3002=VECTOR('',#11288,10.);
#3003=VECTOR('',#11289,10.);
#3004=VECTOR('',#11290,10.);
#3005=VECTOR('',#11291,10.);
#3006=VECTOR('',#11292,10.);
#3007=VECTOR('',#11293,10.);
#3008=VECTOR('',#11294,10.);
#3009=VECTOR('',#11295,10.);
#3010=VECTOR('',#11296,10.);
#3011=VECTOR('',#11297,10.);
#3012=VECTOR('',#11298,10.);
#3013=VECTOR('',#11299,10.);
#3014=VECTOR('',#11300,10.);
#3015=VECTOR('',#11301,10.);
#3016=VECTOR('',#11302,10.);
#3017=VECTOR('',#11303,10.);
#3018=VECTOR('',#11304,10.);
#3019=VECTOR('',#11305,10.);
#3020=VECTOR('',#11306,10.);
#3021=VECTOR('',#11307,10.);
#3022=VECTOR('',#11308,10.);
#3023=VECTOR('',#11309,10.);
#3024=VECTOR('',#11310,10.);
#3025=VECTOR('',#11311,10.);
#3026=VECTOR('',#11312,10.);
#3027=VECTOR('',#11313,10.);
#3028=VECTOR('',#11314,10.);
#3029=VECTOR('',#11315,10.);
#3030=VECTOR('',#11316,10.);
#3031=VECTOR('',#11317,10.);
#3032=VECTOR('',#11318,10.);
#3033=VECTOR('',#11319,10.);
#3034=VECTOR('',#11320,10.);
#3035=VECTOR('',#11323,10.);
#3036=VECTOR('',#11326,10.);
#3037=VECTOR('',#11329,10.);
#3038=VECTOR('',#11330,10.);
#3039=VECTOR('',#11331,10.);
#3040=VECTOR('',#11334,10.);
#3041=VECTOR('',#11335,10.);
#3042=VECTOR('',#11336,10.);
#3043=VECTOR('',#11337,10.);
#3044=VECTOR('',#11338,10.);
#3045=VECTOR('',#11341,10.);
#3046=VECTOR('',#11344,10.);
#3047=VECTOR('',#11347,10.);
#3048=VECTOR('',#11348,10.);
#3049=VECTOR('',#11349,10.);
#3050=VECTOR('',#11350,10.);
#3051=VECTOR('',#11355,10.);
#3052=VECTOR('',#11356,10.);
#3053=VECTOR('',#11357,10.);
#3054=VECTOR('',#11358,10.);
#3055=VECTOR('',#11385,10.);
#3056=VECTOR('',#11386,10.);
#3057=VECTOR('',#11387,10.);
#3058=VECTOR('',#11388,10.);
#3059=VECTOR('',#11391,10.);
#3060=VECTOR('',#11392,10.);
#3061=VECTOR('',#11393,10.);
#3062=VECTOR('',#11396,10.);
#3063=VECTOR('',#11403,10.);
#3064=VECTOR('',#11404,10.);
#3065=VECTOR('',#11405,10.);
#3066=VECTOR('',#11408,10.);
#3067=VECTOR('',#11409,10.);
#3068=VECTOR('',#11412,10.);
#3069=VECTOR('',#11415,10.);
#3070=VECTOR('',#11422,10.);
#3071=VECTOR('',#11427,10.);
#3072=VECTOR('',#11430,10.);
#3073=VECTOR('',#11431,10.);
#3074=VECTOR('',#11432,10.);
#3075=VECTOR('',#11435,10.);
#3076=VECTOR('',#11436,10.);
#3077=VECTOR('',#11437,10.);
#3078=VECTOR('',#11440,10.);
#3079=VECTOR('',#11441,10.);
#3080=VECTOR('',#11442,10.);
#3081=VECTOR('',#11445,10.);
#3082=VECTOR('',#11446,10.);
#3083=VECTOR('',#11449,10.);
#3084=VECTOR('',#11456,10.);
#3085=VECTOR('',#11457,10.);
#3086=VECTOR('',#11460,10.);
#3087=VECTOR('',#11461,10.);
#3088=VECTOR('',#11462,10.);
#3089=VECTOR('',#11465,10.);
#3090=VECTOR('',#11472,10.);
#3091=VECTOR('',#11475,10.);
#3092=VECTOR('',#11478,10.);
#3093=VECTOR('',#11479,10.);
#3094=VECTOR('',#11480,10.);
#3095=VECTOR('',#11483,10.);
#3096=VECTOR('',#11484,10.);
#3097=VECTOR('',#11487,10.);
#3098=VECTOR('',#11488,10.);
#3099=VECTOR('',#11489,10.);
#3100=VECTOR('',#11492,10.);
#3101=VECTOR('',#11493,10.);
#3102=VECTOR('',#11494,10.);
#3103=VECTOR('',#11497,10.);
#3104=VECTOR('',#11498,10.);
#3105=VECTOR('',#11501,10.);
#3106=VECTOR('',#11508,10.);
#3107=VECTOR('',#11509,10.);
#3108=VECTOR('',#11512,10.);
#3109=VECTOR('',#11513,10.);
#3110=VECTOR('',#11514,10.);
#3111=VECTOR('',#11517,10.);
#3112=VECTOR('',#11524,10.);
#3113=VECTOR('',#11527,10.);
#3114=VECTOR('',#11530,10.);
#3115=VECTOR('',#11531,10.);
#3116=VECTOR('',#11532,10.);
#3117=VECTOR('',#11535,10.);
#3118=VECTOR('',#11536,10.);
#3119=VECTOR('',#11539,10.);
#3120=VECTOR('',#11540,10.);
#3121=VECTOR('',#11541,10.);
#3122=VECTOR('',#11542,10.);
#3123=VECTOR('',#11545,10.);
#3124=VECTOR('',#11546,10.);
#3125=VECTOR('',#11547,10.);
#3126=VECTOR('',#11550,10.);
#3127=VECTOR('',#11557,10.);
#3128=VECTOR('',#11558,10.);
#3129=VECTOR('',#11559,10.);
#3130=VECTOR('',#11562,10.);
#3131=VECTOR('',#11563,10.);
#3132=VECTOR('',#11566,10.);
#3133=VECTOR('',#11569,10.);
#3134=VECTOR('',#11576,10.);
#3135=VECTOR('',#11579,10.);
#3136=VECTOR('',#11582,10.);
#3137=VECTOR('',#11583,10.);
#3138=VECTOR('',#11584,10.);
#3139=VECTOR('',#11587,10.);
#3140=VECTOR('',#11588,10.);
#3141=VECTOR('',#11589,10.);
#3142=VECTOR('',#11590,10.);
#3143=VECTOR('',#11593,10.);
#3144=VECTOR('',#11594,10.);
#3145=VECTOR('',#11595,10.);
#3146=VECTOR('',#11598,10.);
#3147=VECTOR('',#11605,10.);
#3148=VECTOR('',#11606,10.);
#3149=VECTOR('',#11607,10.);
#3150=VECTOR('',#11610,10.);
#3151=VECTOR('',#11611,10.);
#3152=VECTOR('',#11614,10.);
#3153=VECTOR('',#11617,10.);
#3154=VECTOR('',#11624,10.);
#3155=VECTOR('',#11627,10.);
#3156=VECTOR('',#11630,10.);
#3157=VECTOR('',#11631,10.);
#3158=VECTOR('',#11632,10.);
#3159=VECTOR('',#11635,10.);
#3160=VECTOR('',#11636,10.);
#3161=VECTOR('',#11637,10.);
#3162=VECTOR('',#11640,10.);
#3163=VECTOR('',#11641,10.);
#3164=VECTOR('',#11642,10.);
#3165=VECTOR('',#11645,10.);
#3166=VECTOR('',#11646,10.);
#3167=VECTOR('',#11649,10.);
#3168=VECTOR('',#11656,10.);
#3169=VECTOR('',#11657,10.);
#3170=VECTOR('',#11660,10.);
#3171=VECTOR('',#11661,10.);
#3172=VECTOR('',#11662,10.);
#3173=VECTOR('',#11665,10.);
#3174=VECTOR('',#11672,10.);
#3175=VECTOR('',#11675,10.);
#3176=VECTOR('',#11676,10.);
#3177=VECTOR('',#11677,10.);
#3178=VECTOR('',#11680,10.);
#3179=VECTOR('',#11681,10.);
#3180=VECTOR('',#11684,10.);
#3181=VECTOR('',#11687,10.);
#3182=VECTOR('',#11688,10.);
#3183=VECTOR('',#11689,10.);
#3184=VECTOR('',#11692,10.);
#3185=VECTOR('',#11693,10.);
#3186=VECTOR('',#11696,10.);
#3187=VECTOR('',#11697,10.);
#3188=VECTOR('',#11698,10.);
#3189=VECTOR('',#11701,10.);
#3190=VECTOR('',#11702,10.);
#3191=VECTOR('',#11705,10.);
#3192=VECTOR('',#11706,10.);
#3193=VECTOR('',#11707,10.);
#3194=VECTOR('',#11710,10.);
#3195=VECTOR('',#11711,10.);
#3196=VECTOR('',#11714,10.);
#3197=VECTOR('',#11715,10.);
#3198=VECTOR('',#11716,10.);
#3199=VECTOR('',#11719,10.);
#3200=VECTOR('',#11720,10.);
#3201=VECTOR('',#11723,10.);
#3202=VECTOR('',#11724,10.);
#3203=VECTOR('',#11725,10.);
#3204=VECTOR('',#11728,10.);
#3205=VECTOR('',#11729,10.);
#3206=VECTOR('',#11732,10.);
#3207=VECTOR('',#11733,10.);
#3208=VECTOR('',#11734,10.);
#3209=VECTOR('',#11737,10.);
#3210=VECTOR('',#11738,10.);
#3211=VECTOR('',#11741,10.);
#3212=VECTOR('',#11742,10.);
#3213=VECTOR('',#11743,10.);
#3214=VECTOR('',#11746,10.);
#3215=VECTOR('',#11747,10.);
#3216=VECTOR('',#11750,10.);
#3217=VECTOR('',#11751,10.);
#3218=VECTOR('',#11752,10.);
#3219=VECTOR('',#11755,10.);
#3220=VECTOR('',#11756,10.);
#3221=VECTOR('',#11759,10.);
#3222=VECTOR('',#11760,10.);
#3223=VECTOR('',#11761,10.);
#3224=VECTOR('',#11764,10.);
#3225=VECTOR('',#11765,10.);
#3226=VECTOR('',#11768,10.);
#3227=VECTOR('',#11769,10.);
#3228=VECTOR('',#11770,10.);
#3229=VECTOR('',#11773,10.);
#3230=VECTOR('',#11774,10.);
#3231=VECTOR('',#11777,10.);
#3232=VECTOR('',#11778,10.);
#3233=VECTOR('',#11779,10.);
#3234=VECTOR('',#11782,10.);
#3235=VECTOR('',#11783,10.);
#3236=VECTOR('',#11786,10.);
#3237=VECTOR('',#11787,10.);
#3238=VECTOR('',#11788,10.);
#3239=VECTOR('',#11789,10.);
#3240=VECTOR('',#11792,10.);
#3241=VECTOR('',#11793,10.);
#3242=VECTOR('',#11794,10.);
#3243=VECTOR('',#11797,10.);
#3244=VECTOR('',#11800,10.);
#3245=VECTOR('',#11803,10.);
#3246=VECTOR('',#11806,10.);
#3247=VECTOR('',#11809,10.);
#3248=VECTOR('',#11812,10.);
#3249=VECTOR('',#11815,10.);
#3250=VECTOR('',#11818,10.);
#3251=VECTOR('',#11821,10.);
#3252=VECTOR('',#11824,10.);
#3253=VECTOR('',#11827,10.);
#3254=VECTOR('',#11830,10.);
#3255=VECTOR('',#11831,10.);
#3256=VECTOR('',#11834,10.);
#3257=VECTOR('',#11835,10.);
#3258=VECTOR('',#11840,10.);
#3259=VECTOR('',#11845,10.);
#3260=VECTOR('',#11850,10.);
#3261=VECTOR('',#11855,10.);
#3262=VECTOR('',#11860,10.);
#3263=VECTOR('',#11865,10.);
#3264=VECTOR('',#11870,10.);
#3265=VECTOR('',#11875,10.);
#3266=VECTOR('',#11880,10.);
#3267=VECTOR('',#11885,10.);
#3268=VECTOR('',#11890,10.);
#3269=VECTOR('',#11895,10.);
#3270=VECTOR('',#11896,10.);
#3271=VECTOR('',#11899,10.);
#3272=VECTOR('',#11900,10.);
#3273=VECTOR('',#11903,10.);
#3274=VECTOR('',#11904,10.);
#3275=VECTOR('',#11907,10.);
#3276=VECTOR('',#11908,10.);
#3277=VECTOR('',#11911,10.);
#3278=VECTOR('',#11912,10.);
#3279=VECTOR('',#11915,10.);
#3280=VECTOR('',#11916,10.);
#3281=VECTOR('',#11919,10.);
#3282=VECTOR('',#11920,10.);
#3283=VECTOR('',#11923,10.);
#3284=VECTOR('',#11924,10.);
#3285=VECTOR('',#11927,10.);
#3286=VECTOR('',#11928,10.);
#3287=VECTOR('',#11931,10.);
#3288=VECTOR('',#11934,10.);
#3289=VECTOR('',#11937,10.);
#3290=VECTOR('',#11940,10.);
#3291=VECTOR('',#11943,10.);
#3292=VECTOR('',#11946,10.);
#3293=VECTOR('',#11947,10.);
#3294=VECTOR('',#11948,10.);
#3295=VECTOR('',#11949,10.);
#3296=VECTOR('',#11950,10.);
#3297=VECTOR('',#11951,10.);
#3298=VECTOR('',#11952,10.);
#3299=VECTOR('',#11953,10.);
#3300=VECTOR('',#11954,10.);
#3301=VECTOR('',#11955,10.);
#3302=VECTOR('',#11956,10.);
#3303=VECTOR('',#11957,10.);
#3304=VECTOR('',#11958,10.);
#3305=VECTOR('',#11959,10.);
#3306=VECTOR('',#11964,10.);
#3307=VECTOR('',#11965,10.);
#3308=VECTOR('',#11966,10.);
#3309=VECTOR('',#11967,10.);
#3310=VECTOR('',#11968,10.);
#3311=VECTOR('',#11969,10.);
#3312=VECTOR('',#11970,10.);
#3313=VECTOR('',#11971,10.);
#3314=VECTOR('',#11972,10.);
#3315=VECTOR('',#11973,10.);
#3316=VECTOR('',#11980,10.);
#3317=VECTOR('',#11993,10.);
#3318=VECTOR('',#11994,10.);
#3319=VECTOR('',#11997,10.);
#3320=VECTOR('',#12000,10.);
#3321=VECTOR('',#12003,10.);
#3322=VECTOR('',#12006,10.);
#3323=VECTOR('',#12009,10.);
#3324=VECTOR('',#12012,10.);
#3325=VECTOR('',#12013,10.);
#3326=VECTOR('',#12014,10.);
#3327=VECTOR('',#12027,10.);
#3328=VECTOR('',#12028,10.);
#3329=VECTOR('',#12029,10.);
#3330=VECTOR('',#12032,10.);
#3331=VECTOR('',#12033,10.);
#3332=VECTOR('',#12036,10.);
#3333=VECTOR('',#12039,10.);
#3334=VECTOR('',#12042,10.);
#3335=VECTOR('',#12045,10.);
#3336=VECTOR('',#12048,10.);
#3337=VECTOR('',#12051,10.);
#3338=VECTOR('',#12052,10.);
#3339=VECTOR('',#12053,10.);
#3340=VECTOR('',#12056,10.);
#3341=VECTOR('',#12057,10.);
#3342=VECTOR('',#12062,10.);
#3343=VECTOR('',#12063,10.);
#3344=VECTOR('',#12066,10.);
#3345=VECTOR('',#12069,10.);
#3346=VECTOR('',#12070,10.);
#3347=VECTOR('',#12071,10.);
#3348=VECTOR('',#12072,10.);
#3349=VECTOR('',#12073,10.);
#3350=VECTOR('',#12074,10.);
#3351=VECTOR('',#12075,10.);
#3352=VECTOR('',#12076,10.);
#3353=VECTOR('',#12077,10.);
#3354=VECTOR('',#12078,10.);
#3355=VECTOR('',#12081,10.);
#3356=VECTOR('',#12086,10.);
#3357=VECTOR('',#12087,10.);
#3358=VECTOR('',#12090,10.);
#3359=VECTOR('',#12093,10.);
#3360=VECTOR('',#12098,10.);
#3361=VECTOR('',#12099,10.);
#3362=VECTOR('',#12100,10.);
#3363=VECTOR('',#12101,10.);
#3364=VECTOR('',#12102,10.);
#3365=VECTOR('',#12103,10.);
#3366=VECTOR('',#12104,10.);
#3367=VECTOR('',#12105,10.);
#3368=VECTOR('',#12106,10.);
#3369=VECTOR('',#12107,10.);
#3370=VECTOR('',#12110,10.);
#3371=VECTOR('',#12111,10.);
#3372=VECTOR('',#12112,10.);
#3373=VECTOR('',#12115,10.);
#3374=VECTOR('',#12116,10.);
#3375=VECTOR('',#12117,10.);
#3376=VECTOR('',#12118,10.);
#3377=VECTOR('',#12121,10.);
#3378=VECTOR('',#12126,10.);
#3379=VECTOR('',#12127,10.);
#3380=VECTOR('',#12130,10.);
#3381=VECTOR('',#12131,10.);
#3382=VECTOR('',#12134,10.);
#3383=VECTOR('',#12137,10.);
#3384=VECTOR('',#12144,10.);
#3385=VECTOR('',#12145,10.);
#3386=VECTOR('',#12148,10.);
#3387=VECTOR('',#12149,10.);
#3388=VECTOR('',#12150,10.);
#3389=VECTOR('',#12153,10.);
#3390=VECTOR('',#12158,10.);
#3391=VECTOR('',#12159,10.);
#3392=VECTOR('',#12160,10.);
#3393=VECTOR('',#12163,10.);
#3394=VECTOR('',#12164,10.);
#3395=VECTOR('',#12167,10.);
#3396=VECTOR('',#12170,10.);
#3397=VECTOR('',#12171,10.);
#3398=VECTOR('',#12172,10.);
#3399=VECTOR('',#12173,10.);
#3400=VECTOR('',#12174,10.);
#3401=VECTOR('',#12177,10.);
#3402=VECTOR('',#12178,10.);
#3403=VECTOR('',#12179,10.);
#3404=VECTOR('',#12182,10.);
#3405=VECTOR('',#12183,10.);
#3406=VECTOR('',#12184,10.);
#3407=VECTOR('',#12187,10.);
#3408=VECTOR('',#12192,10.);
#3409=VECTOR('',#12193,10.);
#3410=VECTOR('',#12194,10.);
#3411=VECTOR('',#12197,10.);
#3412=VECTOR('',#12198,10.);
#3413=VECTOR('',#12201,10.);
#3414=VECTOR('',#12202,10.);
#3415=VECTOR('',#12205,10.);
#3416=VECTOR('',#12206,10.);
#3417=VECTOR('',#12207,10.);
#3418=VECTOR('',#12210,10.);
#3419=VECTOR('',#12217,10.);
#3420=VECTOR('',#12220,10.);
#3421=VECTOR('',#12221,10.);
#3422=VECTOR('',#12222,10.);
#3423=VECTOR('',#12223,10.);
#3424=VECTOR('',#12224,10.);
#3425=VECTOR('',#12227,10.);
#3426=VECTOR('',#12234,10.);
#3427=VECTOR('',#12235,10.);
#3428=VECTOR('',#12238,10.);
#3429=VECTOR('',#12239,10.);
#3430=VECTOR('',#12240,10.);
#3431=VECTOR('',#12241,10.);
#3432=VECTOR('',#12244,10.);
#3433=VECTOR('',#12245,10.);
#3434=VECTOR('',#12246,10.);
#3435=VECTOR('',#12249,10.);
#3436=VECTOR('',#12254,10.);
#3437=VECTOR('',#12257,10.);
#3438=VECTOR('',#12260,10.);
#3439=VECTOR('',#12261,10.);
#3440=VECTOR('',#12262,10.);
#3441=VECTOR('',#12263,10.);
#3442=VECTOR('',#12268,10.);
#3443=VECTOR('',#12269,10.);
#3444=VECTOR('',#12272,10.);
#3445=VECTOR('',#12273,10.);
#3446=VECTOR('',#12274,10.);
#3447=VECTOR('',#12275,10.);
#3448=VECTOR('',#12276,10.);
#3449=VECTOR('',#12277,10.);
#3450=VECTOR('',#12278,10.);
#3451=VECTOR('',#12281,10.);
#3452=VECTOR('',#12286,10.);
#3453=VECTOR('',#12289,10.);
#3454=VECTOR('',#12292,10.);
#3455=VECTOR('',#12293,10.);
#3456=VECTOR('',#12294,10.);
#3457=VECTOR('',#12295,10.);
#3458=VECTOR('',#12298,10.);
#3459=VECTOR('',#12299,10.);
#3460=VECTOR('',#12300,10.);
#3461=VECTOR('',#12303,10.);
#3462=VECTOR('',#12304,10.);
#3463=VECTOR('',#12311,10.);
#3464=VECTOR('',#12312,10.);
#3465=VECTOR('',#12313,10.);
#3466=VECTOR('',#12316,10.);
#3467=VECTOR('',#12317,10.);
#3468=VECTOR('',#12320,10.);
#3469=VECTOR('',#12321,10.);
#3470=VECTOR('',#12324,10.);
#3471=VECTOR('',#12325,10.);
#3472=VECTOR('',#12326,10.);
#3473=VECTOR('',#12327,10.);
#3474=VECTOR('',#12330,10.);
#3475=VECTOR('',#12331,10.);
#3476=VECTOR('',#12332,10.);
#3477=VECTOR('',#12333,10.);
#3478=VECTOR('',#12336,10.);
#3479=VECTOR('',#12337,10.);
#3480=VECTOR('',#12340,10.);
#3481=VECTOR('',#12341,10.);
#3482=VECTOR('',#12344,10.);
#3483=VECTOR('',#12345,10.);
#3484=VECTOR('',#12346,10.);
#3485=VECTOR('',#12347,10.);
#3486=VECTOR('',#12348,10.);
#3487=VECTOR('',#12349,10.);
#3488=VECTOR('',#12350,10.);
#3489=VECTOR('',#12351,10.);
#3490=VECTOR('',#12352,10.);
#3491=VECTOR('',#12353,10.);
#3492=VECTOR('',#12354,10.);
#3493=VECTOR('',#12355,10.);
#3494=VECTOR('',#12356,10.);
#3495=VECTOR('',#12359,10.);
#3496=VECTOR('',#12360,10.);
#3497=VECTOR('',#12361,10.);
#3498=VECTOR('',#12364,10.);
#3499=VECTOR('',#12365,10.);
#3500=VECTOR('',#12366,10.);
#3501=VECTOR('',#12369,10.);
#3502=VECTOR('',#12370,10.);
#3503=VECTOR('',#12371,10.);
#3504=VECTOR('',#12374,10.);
#3505=VECTOR('',#12375,10.);
#3506=VECTOR('',#12376,10.);
#3507=VECTOR('',#12379,10.);
#3508=VECTOR('',#12380,10.);
#3509=VECTOR('',#12381,10.);
#3510=VECTOR('',#12384,10.);
#3511=VECTOR('',#12385,10.);
#3512=VECTOR('',#12386,10.);
#3513=VECTOR('',#12389,10.);
#3514=VECTOR('',#12390,10.);
#3515=VECTOR('',#12391,10.);
#3516=VECTOR('',#12392,10.);
#3517=VECTOR('',#12395,10.);
#3518=VECTOR('',#12396,10.);
#3519=VECTOR('',#12397,10.);
#3520=VECTOR('',#12400,10.);
#3521=VECTOR('',#12401,10.);
#3522=VECTOR('',#12402,10.);
#3523=VECTOR('',#12405,10.);
#3524=VECTOR('',#12406,10.);
#3525=VECTOR('',#12411,10.);
#3526=VECTOR('',#12412,10.);
#3527=VECTOR('',#12415,10.);
#3528=VECTOR('',#12420,10.);
#3529=VECTOR('',#12423,10.);
#3530=VECTOR('',#12426,10.);
#3531=VECTOR('',#12427,10.);
#3532=VECTOR('',#12428,10.);
#3533=VECTOR('',#12429,10.);
#3534=VECTOR('',#12430,10.);
#3535=VECTOR('',#12433,10.);
#3536=VECTOR('',#12436,10.);
#3537=VECTOR('',#12437,10.);
#3538=VECTOR('',#12438,10.);
#3539=VECTOR('',#12441,10.);
#3540=VECTOR('',#12442,10.);
#3541=VECTOR('',#12443,10.);
#3542=VECTOR('',#12444,10.);
#3543=VECTOR('',#12445,10.);
#3544=VECTOR('',#12448,10.);
#3545=VECTOR('',#12449,10.);
#3546=VECTOR('',#12452,10.);
#3547=VECTOR('',#12455,10.);
#3548=VECTOR('',#12458,10.);
#3549=VECTOR('',#12459,10.);
#3550=VECTOR('',#12460,10.);
#3551=VECTOR('',#12461,10.);
#3552=VECTOR('',#12462,10.);
#3553=VECTOR('',#12465,10.);
#3554=VECTOR('',#12466,10.);
#3555=VECTOR('',#12467,10.);
#3556=VECTOR('',#12468,10.);
#3557=VECTOR('',#12469,10.);
#3558=VECTOR('',#12472,10.);
#3559=VECTOR('',#12473,10.);
#3560=VECTOR('',#12474,10.);
#3561=VECTOR('',#12477,10.);
#3562=VECTOR('',#12480,10.);
#3563=VECTOR('',#12483,10.);
#3564=VECTOR('',#12486,10.);
#3565=VECTOR('',#12487,10.);
#3566=VECTOR('',#12490,10.);
#3567=VECTOR('',#12493,10.);
#3568=VECTOR('',#12494,10.);
#3569=VECTOR('',#12497,10.);
#3570=VECTOR('',#12498,10.);
#3571=VECTOR('',#12501,10.);
#3572=VECTOR('',#12504,10.);
#3573=VECTOR('',#12507,10.);
#3574=VECTOR('',#12508,10.);
#3575=VECTOR('',#12511,10.);
#3576=VECTOR('',#12512,10.);
#3577=VECTOR('',#12515,10.);
#3578=VECTOR('',#12516,10.);
#3579=VECTOR('',#12519,10.);
#3580=VECTOR('',#12520,10.);
#3581=VECTOR('',#12523,10.);
#3582=VECTOR('',#12524,10.);
#3583=VECTOR('',#12527,10.);
#3584=VECTOR('',#12528,10.);
#3585=VECTOR('',#12531,10.);
#3586=VECTOR('',#12532,10.);
#3587=VECTOR('',#12535,10.);
#3588=VECTOR('',#12536,10.);
#3589=VECTOR('',#12539,10.);
#3590=VECTOR('',#12548,10.);
#3591=VECTOR('',#12549,10.);
#3592=VECTOR('',#12550,10.);
#3593=VECTOR('',#12553,10.);
#3594=VECTOR('',#12554,10.);
#3595=VECTOR('',#12559,10.);
#3596=VECTOR('',#12560,10.);
#3597=VECTOR('',#12563,10.);
#3598=VECTOR('',#12564,10.);
#3599=VECTOR('',#12569,10.);
#3600=VECTOR('',#12570,10.);
#3601=VECTOR('',#12573,10.);
#3602=VECTOR('',#12578,10.);
#3603=VECTOR('',#12579,10.);
#3604=VECTOR('',#12582,10.);
#3605=VECTOR('',#12583,10.);
#3606=VECTOR('',#12586,10.);
#3607=VECTOR('',#12589,10.);
#3608=VECTOR('',#12592,10.);
#3609=VECTOR('',#12595,10.);
#3610=VECTOR('',#12596,10.);
#3611=VECTOR('',#12599,10.);
#3612=VECTOR('',#12602,10.);
#3613=VECTOR('',#12605,10.);
#3614=VECTOR('',#12608,10.);
#3615=VECTOR('',#12609,10.);
#3616=VECTOR('',#12612,10.);
#3617=VECTOR('',#12615,10.);
#3618=VECTOR('',#12618,10.);
#3619=VECTOR('',#12619,10.);
#3620=VECTOR('',#12620,10.);
#3621=VECTOR('',#12623,10.);
#3622=VECTOR('',#12624,10.);
#3623=VECTOR('',#12627,10.);
#3624=VECTOR('',#12628,10.);
#3625=VECTOR('',#12631,10.);
#3626=VECTOR('',#12632,10.);
#3627=VECTOR('',#12633,10.);
#3628=VECTOR('',#12634,10.);
#3629=VECTOR('',#12635,10.);
#3630=VECTOR('',#12638,10.);
#3631=VECTOR('',#12641,10.);
#3632=VECTOR('',#12644,10.);
#3633=VECTOR('',#12647,10.);
#3634=VECTOR('',#12648,10.);
#3635=VECTOR('',#12651,10.);
#3636=VECTOR('',#12654,10.);
#3637=VECTOR('',#12655,10.);
#3638=VECTOR('',#12658,10.);
#3639=VECTOR('',#12661,10.);
#3640=VECTOR('',#12662,10.);
#3641=VECTOR('',#12665,10.);
#3642=VECTOR('',#12668,10.);
#3643=VECTOR('',#12671,10.);
#3644=VECTOR('',#12678,10.);
#3645=VECTOR('',#12681,10.);
#3646=VECTOR('',#12698,10.);
#3647=VECTOR('',#12701,10.);
#3648=VECTOR('',#12704,10.);
#3649=VECTOR('',#12705,10.);
#3650=VECTOR('',#12706,10.);
#3651=VECTOR('',#12709,10.);
#3652=VECTOR('',#12710,10.);
#3653=VECTOR('',#12711,10.);
#3654=VECTOR('',#12714,10.);
#3655=VECTOR('',#12717,10.);
#3656=VECTOR('',#12720,10.);
#3657=VECTOR('',#12721,10.);
#3658=VECTOR('',#12722,10.);
#3659=VECTOR('',#12725,10.);
#3660=VECTOR('',#12732,10.);
#3661=VECTOR('',#12733,10.);
#3662=VECTOR('',#12736,10.);
#3663=VECTOR('',#12737,10.);
#3664=VECTOR('',#12742,10.);
#3665=VECTOR('',#12747,10.);
#3666=VECTOR('',#12748,10.);
#3667=VECTOR('',#12751,10.);
#3668=VECTOR('',#12754,10.);
#3669=VECTOR('',#12757,10.);
#3670=VECTOR('',#12758,10.);
#3671=VECTOR('',#12759,10.);
#3672=VECTOR('',#12762,10.);
#3673=VECTOR('',#12769,10.);
#3674=VECTOR('',#12770,10.);
#3675=VECTOR('',#12773,10.);
#3676=VECTOR('',#12774,10.);
#3677=VECTOR('',#12781,10.);
#3678=VECTOR('',#12782,10.);
#3679=VECTOR('',#12785,10.);
#3680=VECTOR('',#12790,10.);
#3681=VECTOR('',#12793,10.);
#3682=VECTOR('',#12794,10.);
#3683=VECTOR('',#12795,10.);
#3684=VECTOR('',#12798,10.);
#3685=VECTOR('',#12801,10.);
#3686=VECTOR('',#12804,10.);
#3687=VECTOR('',#12805,10.);
#3688=VECTOR('',#12808,10.);
#3689=VECTOR('',#12811,10.);
#3690=VECTOR('',#12814,10.);
#3691=VECTOR('',#12819,10.);
#3692=VECTOR('',#12822,10.);
#3693=VECTOR('',#12825,10.);
#3694=VECTOR('',#12828,10.);
#3695=VECTOR('',#12831,10.);
#3696=VECTOR('',#12832,10.);
#3697=VECTOR('',#12835,10.);
#3698=VECTOR('',#12844,10.);
#3699=VECTOR('',#12847,10.);
#3700=VECTOR('',#12850,10.);
#3701=VECTOR('',#12851,10.);
#3702=VECTOR('',#12852,10.);
#3703=VECTOR('',#12857,10.);
#3704=VECTOR('',#12860,10.);
#3705=VECTOR('',#12861,10.);
#3706=VECTOR('',#12862,10.);
#3707=VECTOR('',#12865,10.);
#3708=VECTOR('',#12868,10.);
#3709=VECTOR('',#12871,10.);
#3710=VECTOR('',#12872,10.);
#3711=VECTOR('',#12873,10.);
#3712=VECTOR('',#12878,10.);
#3713=VECTOR('',#12879,10.);
#3714=VECTOR('',#12882,10.);
#3715=VECTOR('',#12883,10.);
#3716=VECTOR('',#12886,10.);
#3717=VECTOR('',#12893,10.);
#3718=VECTOR('',#12894,10.);
#3719=VECTOR('',#12899,10.);
#3720=VECTOR('',#12902,10.);
#3721=VECTOR('',#12903,10.);
#3722=VECTOR('',#12904,10.);
#3723=VECTOR('',#12907,10.);
#3724=VECTOR('',#12910,10.);
#3725=VECTOR('',#12915,10.);
#3726=VECTOR('',#12916,10.);
#3727=VECTOR('',#12919,10.);
#3728=VECTOR('',#12920,10.);
#3729=VECTOR('',#12927,10.);
#3730=VECTOR('',#12928,10.);
#3731=VECTOR('',#12931,10.);
#3732=VECTOR('',#12934,10.);
#3733=VECTOR('',#12937,10.);
#3734=VECTOR('',#12940,10.);
#3735=VECTOR('',#12941,10.);
#3736=VECTOR('',#12942,10.);
#3737=VECTOR('',#12945,10.);
#3738=VECTOR('',#12950,10.);
#3739=VECTOR('',#12951,10.);
#3740=VECTOR('',#12954,10.);
#3741=VECTOR('',#12957,10.);
#3742=VECTOR('',#12960,10.);
#3743=VECTOR('',#12965,10.);
#3744=VECTOR('',#12968,10.);
#3745=VECTOR('',#12971,10.);
#3746=VECTOR('',#12974,10.);
#3747=VECTOR('',#12977,10.);
#3748=VECTOR('',#12978,10.);
#3749=VECTOR('',#12981,10.);
#3750=VECTOR('',#12990,10.);
#3751=VECTOR('',#12993,10.);
#3752=VECTOR('',#12996,10.);
#3753=VECTOR('',#12997,10.);
#3754=VECTOR('',#12998,10.);
#3755=VECTOR('',#13001,10.);
#3756=VECTOR('',#13004,10.);
#3757=VECTOR('',#13005,10.);
#3758=VECTOR('',#13006,10.);
#3759=VECTOR('',#13007,0.288);
#3760=VECTOR('',#13012,10.);
#3761=VECTOR('',#13015,10.);
#3762=VECTOR('',#13018,10.);
#3763=VECTOR('',#13021,10.);
#3764=VECTOR('',#13032,10.);
#3765=VECTOR('',#13035,10.);
#3766=VECTOR('',#13038,10.);
#3767=VECTOR('',#13045,10.);
#3768=VECTOR('',#13048,10.);
#3769=VECTOR('',#13051,10.);
#3770=VECTOR('',#13052,10.);
#3771=VECTOR('',#13053,10.);
#3772=VECTOR('',#13056,10.);
#3773=VECTOR('',#13059,10.);
#3774=VECTOR('',#13060,0.288);
#3775=VECTOR('',#13061,10.);
#3776=VECTOR('',#13062,0.288);
#3777=VECTOR('',#13069,10.);
#3778=VECTOR('',#13074,10.);
#3779=VECTOR('',#13077,10.);
#3780=VECTOR('',#13080,10.);
#3781=VECTOR('',#13081,10.);
#3782=VECTOR('',#13082,10.);
#3783=VECTOR('',#13085,0.888);
#3784=VECTOR('',#13086,10.);
#3785=VECTOR('',#13087,0.888);
#3786=VECTOR('',#13094,10.);
#3787=VECTOR('',#13097,10.);
#3788=VECTOR('',#13098,10.);
#3789=VECTOR('',#13101,10.);
#3790=VECTOR('',#13104,10.);
#3791=VECTOR('',#13109,0.888);
#3792=VECTOR('',#13110,10.);
#3793=VECTOR('',#13115,10.);
#3794=VECTOR('',#13124,10.);
#3795=VECTOR('',#13129,10.);
#3796=VECTOR('',#13132,10.);
#3797=VECTOR('',#13135,10.);
#3798=VECTOR('',#13136,10.);
#3799=VECTOR('',#13137,10.);
#3800=VECTOR('',#13140,10.);
#3801=VECTOR('',#13143,10.);
#3802=VECTOR('',#13146,10.);
#3803=VECTOR('',#13149,10.);
#3804=VECTOR('',#13152,10.);
#3805=VECTOR('',#13155,10.);
#3806=VECTOR('',#13158,10.);
#3807=VECTOR('',#13165,10.);
#3808=VECTOR('',#13168,10.);
#3809=VECTOR('',#13171,10.);
#3810=VECTOR('',#13172,10.);
#3811=VECTOR('',#13173,0.288);
#3812=VECTOR('',#13176,10.);
#3813=VECTOR('',#13179,10.);
#3814=VECTOR('',#13182,10.);
#3815=VECTOR('',#13185,10.);
#3816=VECTOR('',#13188,10.);
#3817=VECTOR('',#13191,10.);
#3818=VECTOR('',#13194,10.);
#3819=VECTOR('',#13199,10.);
#3820=VECTOR('',#13200,10.);
#3821=VECTOR('',#13201,10.);
#3822=VECTOR('',#13202,10.);
#3823=VECTOR('',#13205,10.);
#3824=VECTOR('',#13212,10.);
#3825=VECTOR('',#13215,0.288);
#3826=VECTOR('',#13218,10.);
#3827=VECTOR('',#13221,10.);
#3828=VECTOR('',#13228,10.);
#3829=VECTOR('',#13229,10.);
#3830=VECTOR('',#13230,10.);
#3831=VECTOR('',#13233,10.);
#3832=VECTOR('',#13234,10.);
#3833=VECTOR('',#13235,10.);
#3834=VECTOR('',#13236,10.);
#3835=VECTOR('',#13239,10.);
#3836=VECTOR('',#13242,10.);
#3837=VECTOR('',#13243,0.288);
#3838=VECTOR('',#13252,10.);
#3839=VECTOR('',#13255,0.288);
#3840=VECTOR('',#13258,10.);
#3841=VECTOR('',#13261,0.288);
#3842=VECTOR('',#13264,10.);
#3843=VECTOR('',#13267,0.2);
#3844=VECTOR('',#13270,0.2);
#3845=VECTOR('',#13275,0.288);
#3846=VECTOR('',#13276,10.);
#3847=VECTOR('',#13277,0.288);
#3848=VECTOR('',#13282,0.1);
#3849=VECTOR('',#13287,0.1);
#3850=VECTOR('',#13292,10.);
#3851=VECTOR('',#13295,10.);
#3852=VECTOR('',#13308,10.);
#3853=VECTOR('',#13313,0.1);
#3854=VECTOR('',#13314,0.1);
#3855=VECTOR('',#13319,10.);
#3856=VECTOR('',#13322,10.);
#3857=VECTOR('',#13325,10.);
#3858=VECTOR('',#13328,10.);
#3859=VECTOR('',#13331,10.);
#3860=VECTOR('',#13334,10.);
#3861=VECTOR('',#13337,10.);
#3862=VECTOR('',#13344,10.);
#3863=VECTOR('',#13351,10.);
#3864=VECTOR('',#13354,10.);
#3865=VECTOR('',#13357,10.);
#3866=VECTOR('',#13360,0.288);
#3867=VECTOR('',#13363,10.);
#3868=VECTOR('',#13368,10.);
#3869=VECTOR('',#13377,10.);
#3870=VECTOR('',#13378,10.);
#3871=VECTOR('',#13381,10.);
#3872=VECTOR('',#13382,10.);
#3873=VECTOR('',#13385,0.2);
#3874=VECTOR('',#13386,0.2);
#3875=VECTOR('',#13389,10.);
#3876=VECTOR('',#13390,10.);
#3877=VECTOR('',#13395,0.1);
#3878=VECTOR('',#13400,0.1);
#3879=VECTOR('',#13413,10.);
#3880=VECTOR('',#13418,10.);
#3881=VECTOR('',#13421,10.);
#3882=VECTOR('',#13426,10.);
#3883=VECTOR('',#13431,0.1);
#3884=VECTOR('',#13434,0.1);
#3885=VECTOR('',#13441,10.);
#3886=VECTOR('',#13444,10.);
#3887=VECTOR('',#13453,10.);
#3888=VECTOR('',#13456,10.);
#3889=VECTOR('',#13459,10.);
#3890=VECTOR('',#13462,10.);
#3891=VECTOR('',#13467,10.);
#3892=VECTOR('',#13468,10.);
#3893=VECTOR('',#13471,10.);
#3894=VECTOR('',#13478,10.);
#3895=VECTOR('',#13483,10.);
#3896=VECTOR('',#13486,10.);
#3897=VECTOR('',#13489,10.);
#3898=VECTOR('',#13492,10.);
#3899=VECTOR('',#13495,10.);
#3900=VECTOR('',#13498,10.);
#3901=VECTOR('',#13503,10.);
#3902=VECTOR('',#13508,10.);
#3903=VECTOR('',#13513,10.);
#3904=VECTOR('',#13518,10.);
#3905=VECTOR('',#13521,10.);
#3906=VECTOR('',#13522,10.);
#3907=VECTOR('',#13523,10.);
#3908=VECTOR('',#13526,10.);
#3909=VECTOR('',#13533,10.);
#3910=VECTOR('',#13540,10.);
#3911=VERTEX_POINT('',#13564);
#3912=VERTEX_POINT('',#13565);
#3913=VERTEX_POINT('',#13567);
#3914=VERTEX_POINT('',#13569);
#3915=VERTEX_POINT('',#13571);
#3916=VERTEX_POINT('',#13573);
#3917=VERTEX_POINT('',#13577);
#3918=VERTEX_POINT('',#13579);
#3919=VERTEX_POINT('',#13581);
#3920=VERTEX_POINT('',#13583);
#3921=VERTEX_POINT('',#13585);
#3922=VERTEX_POINT('',#13587);
#3923=VERTEX_POINT('',#13589);
#3924=VERTEX_POINT('',#13591);
#3925=VERTEX_POINT('',#13593);
#3926=VERTEX_POINT('',#13595);
#3927=VERTEX_POINT('',#13599);
#3928=VERTEX_POINT('',#13600);
#3929=VERTEX_POINT('',#13602);
#3930=VERTEX_POINT('',#13604);
#3931=VERTEX_POINT('',#13609);
#3932=VERTEX_POINT('',#13611);
#3933=VERTEX_POINT('',#13613);
#3934=VERTEX_POINT('',#13615);
#3935=VERTEX_POINT('',#13617);
#3936=VERTEX_POINT('',#13619);
#3937=VERTEX_POINT('',#13621);
#3938=VERTEX_POINT('',#13623);
#3939=VERTEX_POINT('',#13625);
#3940=VERTEX_POINT('',#13627);
#3941=VERTEX_POINT('',#13629);
#3942=VERTEX_POINT('',#13631);
#3943=VERTEX_POINT('',#13633);
#3944=VERTEX_POINT('',#13635);
#3945=VERTEX_POINT('',#13637);
#3946=VERTEX_POINT('',#13639);
#3947=VERTEX_POINT('',#13641);
#3948=VERTEX_POINT('',#13643);
#3949=VERTEX_POINT('',#13645);
#3950=VERTEX_POINT('',#13647);
#3951=VERTEX_POINT('',#13649);
#3952=VERTEX_POINT('',#13651);
#3953=VERTEX_POINT('',#13653);
#3954=VERTEX_POINT('',#13655);
#3955=VERTEX_POINT('',#13657);
#3956=VERTEX_POINT('',#13659);
#3957=VERTEX_POINT('',#13661);
#3958=VERTEX_POINT('',#13663);
#3959=VERTEX_POINT('',#13665);
#3960=VERTEX_POINT('',#13667);
#3961=VERTEX_POINT('',#13669);
#3962=VERTEX_POINT('',#13671);
#3963=VERTEX_POINT('',#13673);
#3964=VERTEX_POINT('',#13675);
#3965=VERTEX_POINT('',#13677);
#3966=VERTEX_POINT('',#13679);
#3967=VERTEX_POINT('',#13681);
#3968=VERTEX_POINT('',#13683);
#3969=VERTEX_POINT('',#13685);
#3970=VERTEX_POINT('',#13687);
#3971=VERTEX_POINT('',#13689);
#3972=VERTEX_POINT('',#13691);
#3973=VERTEX_POINT('',#13693);
#3974=VERTEX_POINT('',#13695);
#3975=VERTEX_POINT('',#13697);
#3976=VERTEX_POINT('',#13699);
#3977=VERTEX_POINT('',#13701);
#3978=VERTEX_POINT('',#13703);
#3979=VERTEX_POINT('',#13705);
#3980=VERTEX_POINT('',#13707);
#3981=VERTEX_POINT('',#13711);
#3982=VERTEX_POINT('',#13714);
#3983=VERTEX_POINT('',#13716);
#3984=VERTEX_POINT('',#13718);
#3985=VERTEX_POINT('',#13720);
#3986=VERTEX_POINT('',#13722);
#3987=VERTEX_POINT('',#13724);
#3988=VERTEX_POINT('',#13726);
#3989=VERTEX_POINT('',#13728);
#3990=VERTEX_POINT('',#13730);
#3991=VERTEX_POINT('',#13732);
#3992=VERTEX_POINT('',#13736);
#3993=VERTEX_POINT('',#13740);
#3994=VERTEX_POINT('',#13742);
#3995=VERTEX_POINT('',#13746);
#3996=VERTEX_POINT('',#13748);
#3997=VERTEX_POINT('',#13750);
#3998=VERTEX_POINT('',#13752);
#3999=VERTEX_POINT('',#13755);
#4000=VERTEX_POINT('',#13757);
#4001=VERTEX_POINT('',#13761);
#4002=VERTEX_POINT('',#13763);
#4003=VERTEX_POINT('',#13767);
#4004=VERTEX_POINT('',#13769);
#4005=VERTEX_POINT('',#13771);
#4006=VERTEX_POINT('',#13773);
#4007=VERTEX_POINT('',#13775);
#4008=VERTEX_POINT('',#13777);
#4009=VERTEX_POINT('',#13779);
#4010=VERTEX_POINT('',#13781);
#4011=VERTEX_POINT('',#13785);
#4012=VERTEX_POINT('',#13787);
#4013=VERTEX_POINT('',#13791);
#4014=VERTEX_POINT('',#13794);
#4015=VERTEX_POINT('',#13796);
#4016=VERTEX_POINT('',#13798);
#4017=VERTEX_POINT('',#13800);
#4018=VERTEX_POINT('',#13802);
#4019=VERTEX_POINT('',#13804);
#4020=VERTEX_POINT('',#13806);
#4021=VERTEX_POINT('',#13808);
#4022=VERTEX_POINT('',#13810);
#4023=VERTEX_POINT('',#13812);
#4024=VERTEX_POINT('',#13816);
#4025=VERTEX_POINT('',#13820);
#4026=VERTEX_POINT('',#13822);
#4027=VERTEX_POINT('',#13826);
#4028=VERTEX_POINT('',#13828);
#4029=VERTEX_POINT('',#13830);
#4030=VERTEX_POINT('',#13832);
#4031=VERTEX_POINT('',#13835);
#4032=VERTEX_POINT('',#13837);
#4033=VERTEX_POINT('',#13841);
#4034=VERTEX_POINT('',#13843);
#4035=VERTEX_POINT('',#13847);
#4036=VERTEX_POINT('',#13849);
#4037=VERTEX_POINT('',#13851);
#4038=VERTEX_POINT('',#13853);
#4039=VERTEX_POINT('',#13855);
#4040=VERTEX_POINT('',#13857);
#4041=VERTEX_POINT('',#13859);
#4042=VERTEX_POINT('',#13861);
#4043=VERTEX_POINT('',#13865);
#4044=VERTEX_POINT('',#13867);
#4045=VERTEX_POINT('',#13871);
#4046=VERTEX_POINT('',#13874);
#4047=VERTEX_POINT('',#13876);
#4048=VERTEX_POINT('',#13878);
#4049=VERTEX_POINT('',#13880);
#4050=VERTEX_POINT('',#13882);
#4051=VERTEX_POINT('',#13884);
#4052=VERTEX_POINT('',#13886);
#4053=VERTEX_POINT('',#13888);
#4054=VERTEX_POINT('',#13890);
#4055=VERTEX_POINT('',#13892);
#4056=VERTEX_POINT('',#13896);
#4057=VERTEX_POINT('',#13900);
#4058=VERTEX_POINT('',#13902);
#4059=VERTEX_POINT('',#13906);
#4060=VERTEX_POINT('',#13908);
#4061=VERTEX_POINT('',#13910);
#4062=VERTEX_POINT('',#13912);
#4063=VERTEX_POINT('',#13915);
#4064=VERTEX_POINT('',#13917);
#4065=VERTEX_POINT('',#13921);
#4066=VERTEX_POINT('',#13923);
#4067=VERTEX_POINT('',#13927);
#4068=VERTEX_POINT('',#13929);
#4069=VERTEX_POINT('',#13931);
#4070=VERTEX_POINT('',#13933);
#4071=VERTEX_POINT('',#13935);
#4072=VERTEX_POINT('',#13937);
#4073=VERTEX_POINT('',#13939);
#4074=VERTEX_POINT('',#13941);
#4075=VERTEX_POINT('',#13945);
#4076=VERTEX_POINT('',#13947);
#4077=VERTEX_POINT('',#13951);
#4078=VERTEX_POINT('',#13954);
#4079=VERTEX_POINT('',#13956);
#4080=VERTEX_POINT('',#13958);
#4081=VERTEX_POINT('',#13960);
#4082=VERTEX_POINT('',#13962);
#4083=VERTEX_POINT('',#13964);
#4084=VERTEX_POINT('',#13966);
#4085=VERTEX_POINT('',#13968);
#4086=VERTEX_POINT('',#13970);
#4087=VERTEX_POINT('',#13972);
#4088=VERTEX_POINT('',#13976);
#4089=VERTEX_POINT('',#13980);
#4090=VERTEX_POINT('',#13982);
#4091=VERTEX_POINT('',#13986);
#4092=VERTEX_POINT('',#13988);
#4093=VERTEX_POINT('',#13990);
#4094=VERTEX_POINT('',#13992);
#4095=VERTEX_POINT('',#13995);
#4096=VERTEX_POINT('',#13997);
#4097=VERTEX_POINT('',#14001);
#4098=VERTEX_POINT('',#14003);
#4099=VERTEX_POINT('',#14007);
#4100=VERTEX_POINT('',#14009);
#4101=VERTEX_POINT('',#14011);
#4102=VERTEX_POINT('',#14013);
#4103=VERTEX_POINT('',#14015);
#4104=VERTEX_POINT('',#14017);
#4105=VERTEX_POINT('',#14019);
#4106=VERTEX_POINT('',#14021);
#4107=VERTEX_POINT('',#14025);
#4108=VERTEX_POINT('',#14027);
#4109=VERTEX_POINT('',#14031);
#4110=VERTEX_POINT('',#14034);
#4111=VERTEX_POINT('',#14036);
#4112=VERTEX_POINT('',#14038);
#4113=VERTEX_POINT('',#14040);
#4114=VERTEX_POINT('',#14042);
#4115=VERTEX_POINT('',#14044);
#4116=VERTEX_POINT('',#14046);
#4117=VERTEX_POINT('',#14048);
#4118=VERTEX_POINT('',#14050);
#4119=VERTEX_POINT('',#14052);
#4120=VERTEX_POINT('',#14056);
#4121=VERTEX_POINT('',#14060);
#4122=VERTEX_POINT('',#14062);
#4123=VERTEX_POINT('',#14066);
#4124=VERTEX_POINT('',#14068);
#4125=VERTEX_POINT('',#14070);
#4126=VERTEX_POINT('',#14072);
#4127=VERTEX_POINT('',#14075);
#4128=VERTEX_POINT('',#14077);
#4129=VERTEX_POINT('',#14081);
#4130=VERTEX_POINT('',#14083);
#4131=VERTEX_POINT('',#14087);
#4132=VERTEX_POINT('',#14089);
#4133=VERTEX_POINT('',#14091);
#4134=VERTEX_POINT('',#14093);
#4135=VERTEX_POINT('',#14095);
#4136=VERTEX_POINT('',#14097);
#4137=VERTEX_POINT('',#14099);
#4138=VERTEX_POINT('',#14101);
#4139=VERTEX_POINT('',#14105);
#4140=VERTEX_POINT('',#14107);
#4141=VERTEX_POINT('',#14111);
#4142=VERTEX_POINT('',#14114);
#4143=VERTEX_POINT('',#14116);
#4144=VERTEX_POINT('',#14118);
#4145=VERTEX_POINT('',#14120);
#4146=VERTEX_POINT('',#14122);
#4147=VERTEX_POINT('',#14124);
#4148=VERTEX_POINT('',#14126);
#4149=VERTEX_POINT('',#14128);
#4150=VERTEX_POINT('',#14130);
#4151=VERTEX_POINT('',#14132);
#4152=VERTEX_POINT('',#14136);
#4153=VERTEX_POINT('',#14140);
#4154=VERTEX_POINT('',#14142);
#4155=VERTEX_POINT('',#14144);
#4156=VERTEX_POINT('',#14146);
#4157=VERTEX_POINT('',#14150);
#4158=VERTEX_POINT('',#14151);
#4159=VERTEX_POINT('',#14153);
#4160=VERTEX_POINT('',#14155);
#4161=VERTEX_POINT('',#14159);
#4162=VERTEX_POINT('',#14161);
#4163=VERTEX_POINT('',#14163);
#4164=VERTEX_POINT('',#14165);
#4165=VERTEX_POINT('',#14167);
#4166=VERTEX_POINT('',#14169);
#4167=VERTEX_POINT('',#14171);
#4168=VERTEX_POINT('',#14173);
#4169=VERTEX_POINT('',#14175);
#4170=VERTEX_POINT('',#14177);
#4171=VERTEX_POINT('',#14179);
#4172=VERTEX_POINT('',#14181);
#4173=VERTEX_POINT('',#14183);
#4174=VERTEX_POINT('',#14185);
#4175=VERTEX_POINT('',#14187);
#4176=VERTEX_POINT('',#14189);
#4177=VERTEX_POINT('',#14191);
#4178=VERTEX_POINT('',#14193);
#4179=VERTEX_POINT('',#14195);
#4180=VERTEX_POINT('',#14199);
#4181=VERTEX_POINT('',#14201);
#4182=VERTEX_POINT('',#14203);
#4183=VERTEX_POINT('',#14205);
#4184=VERTEX_POINT('',#14207);
#4185=VERTEX_POINT('',#14209);
#4186=VERTEX_POINT('',#14211);
#4187=VERTEX_POINT('',#14213);
#4188=VERTEX_POINT('',#14215);
#4189=VERTEX_POINT('',#14217);
#4190=VERTEX_POINT('',#14219);
#4191=VERTEX_POINT('',#14221);
#4192=VERTEX_POINT('',#14223);
#4193=VERTEX_POINT('',#14225);
#4194=VERTEX_POINT('',#14227);
#4195=VERTEX_POINT('',#14229);
#4196=VERTEX_POINT('',#14231);
#4197=VERTEX_POINT('',#14233);
#4198=VERTEX_POINT('',#14235);
#4199=VERTEX_POINT('',#14237);
#4200=VERTEX_POINT('',#14239);
#4201=VERTEX_POINT('',#14241);
#4202=VERTEX_POINT('',#14243);
#4203=VERTEX_POINT('',#14245);
#4204=VERTEX_POINT('',#14247);
#4205=VERTEX_POINT('',#14249);
#4206=VERTEX_POINT('',#14251);
#4207=VERTEX_POINT('',#14253);
#4208=VERTEX_POINT('',#14255);
#4209=VERTEX_POINT('',#14257);
#4210=VERTEX_POINT('',#14259);
#4211=VERTEX_POINT('',#14261);
#4212=VERTEX_POINT('',#14263);
#4213=VERTEX_POINT('',#14265);
#4214=VERTEX_POINT('',#14267);
#4215=VERTEX_POINT('',#14271);
#4216=VERTEX_POINT('',#14273);
#4217=VERTEX_POINT('',#14277);
#4218=VERTEX_POINT('',#14279);
#4219=VERTEX_POINT('',#14281);
#4220=VERTEX_POINT('',#14283);
#4221=VERTEX_POINT('',#14285);
#4222=VERTEX_POINT('',#14287);
#4223=VERTEX_POINT('',#14289);
#4224=VERTEX_POINT('',#14291);
#4225=VERTEX_POINT('',#14293);
#4226=VERTEX_POINT('',#14295);
#4227=VERTEX_POINT('',#14297);
#4228=VERTEX_POINT('',#14299);
#4229=VERTEX_POINT('',#14301);
#4230=VERTEX_POINT('',#14303);
#4231=VERTEX_POINT('',#14305);
#4232=VERTEX_POINT('',#14307);
#4233=VERTEX_POINT('',#14309);
#4234=VERTEX_POINT('',#14311);
#4235=VERTEX_POINT('',#14316);
#4236=VERTEX_POINT('',#14318);
#4237=VERTEX_POINT('',#14322);
#4238=VERTEX_POINT('',#14324);
#4239=VERTEX_POINT('',#14328);
#4240=VERTEX_POINT('',#14331);
#4241=VERTEX_POINT('',#14333);
#4242=VERTEX_POINT('',#14336);
#4243=VERTEX_POINT('',#14340);
#4244=VERTEX_POINT('',#14342);
#4245=VERTEX_POINT('',#14344);
#4246=VERTEX_POINT('',#14348);
#4247=VERTEX_POINT('',#14349);
#4248=VERTEX_POINT('',#14354);
#4249=VERTEX_POINT('',#14355);
#4250=VERTEX_POINT('',#14360);
#4251=VERTEX_POINT('',#14365);
#4252=VERTEX_POINT('',#14371);
#4253=VERTEX_POINT('',#14378);
#4254=VERTEX_POINT('',#14382);
#4255=VERTEX_POINT('',#14384);
#4256=VERTEX_POINT('',#14388);
#4257=VERTEX_POINT('',#14389);
#4258=VERTEX_POINT('',#14394);
#4259=VERTEX_POINT('',#14395);
#4260=VERTEX_POINT('',#14400);
#4261=VERTEX_POINT('',#14404);
#4262=VERTEX_POINT('',#14405);
#4263=VERTEX_POINT('',#14413);
#4264=VERTEX_POINT('',#14415);
#4265=VERTEX_POINT('',#14419);
#4266=VERTEX_POINT('',#14428);
#4267=VERTEX_POINT('',#14430);
#4268=VERTEX_POINT('',#14434);
#4269=VERTEX_POINT('',#14438);
#4270=VERTEX_POINT('',#14439);
#4271=VERTEX_POINT('',#14444);
#4272=VERTEX_POINT('',#14445);
#4273=VERTEX_POINT('',#14450);
#4274=VERTEX_POINT('',#14454);
#4275=VERTEX_POINT('',#14455);
#4276=VERTEX_POINT('',#14463);
#4277=VERTEX_POINT('',#14465);
#4278=VERTEX_POINT('',#14469);
#4279=VERTEX_POINT('',#14478);
#4280=VERTEX_POINT('',#14480);
#4281=VERTEX_POINT('',#14484);
#4282=VERTEX_POINT('',#14488);
#4283=VERTEX_POINT('',#14490);
#4284=VERTEX_POINT('',#14492);
#4285=VERTEX_POINT('',#14496);
#4286=VERTEX_POINT('',#14497);
#4287=VERTEX_POINT('',#14502);
#4288=VERTEX_POINT('',#14503);
#4289=VERTEX_POINT('',#14508);
#4290=VERTEX_POINT('',#14513);
#4291=VERTEX_POINT('',#14519);
#4292=VERTEX_POINT('',#14528);
#4293=VERTEX_POINT('',#14530);
#4294=VERTEX_POINT('',#14534);
#4295=VERTEX_POINT('',#14536);
#4296=VERTEX_POINT('',#14538);
#4297=VERTEX_POINT('',#14542);
#4298=VERTEX_POINT('',#14543);
#4299=VERTEX_POINT('',#14548);
#4300=VERTEX_POINT('',#14549);
#4301=VERTEX_POINT('',#14554);
#4302=VERTEX_POINT('',#14559);
#4303=VERTEX_POINT('',#14565);
#4304=VERTEX_POINT('',#14574);
#4305=VERTEX_POINT('',#14576);
#4306=VERTEX_POINT('',#14580);
#4307=VERTEX_POINT('',#14581);
#4308=VERTEX_POINT('',#14586);
#4309=VERTEX_POINT('',#14587);
#4310=VERTEX_POINT('',#14592);
#4311=VERTEX_POINT('',#14596);
#4312=VERTEX_POINT('',#14597);
#4313=VERTEX_POINT('',#14605);
#4314=VERTEX_POINT('',#14607);
#4315=VERTEX_POINT('',#14611);
#4316=VERTEX_POINT('',#14618);
#4317=VERTEX_POINT('',#14620);
#4318=VERTEX_POINT('',#14624);
#4319=VERTEX_POINT('',#14630);
#4320=VERTEX_POINT('',#14632);
#4321=VERTEX_POINT('',#14636);
#4322=VERTEX_POINT('',#14640);
#4323=VERTEX_POINT('',#14642);
#4324=VERTEX_POINT('',#14646);
#4325=VERTEX_POINT('',#14650);
#4326=VERTEX_POINT('',#14652);
#4327=VERTEX_POINT('',#14656);
#4328=VERTEX_POINT('',#14660);
#4329=VERTEX_POINT('',#14662);
#4330=VERTEX_POINT('',#14666);
#4331=VERTEX_POINT('',#14670);
#4332=VERTEX_POINT('',#14672);
#4333=VERTEX_POINT('',#14676);
#4334=VERTEX_POINT('',#14680);
#4335=VERTEX_POINT('',#14682);
#4336=VERTEX_POINT('',#14686);
#4337=VERTEX_POINT('',#14690);
#4338=VERTEX_POINT('',#14692);
#4339=VERTEX_POINT('',#14696);
#4340=VERTEX_POINT('',#14700);
#4341=VERTEX_POINT('',#14702);
#4342=VERTEX_POINT('',#14706);
#4343=VERTEX_POINT('',#14710);
#4344=VERTEX_POINT('',#14712);
#4345=VERTEX_POINT('',#14716);
#4346=VERTEX_POINT('',#14720);
#4347=VERTEX_POINT('',#14722);
#4348=VERTEX_POINT('',#14726);
#4349=VERTEX_POINT('',#14730);
#4350=VERTEX_POINT('',#14732);
#4351=VERTEX_POINT('',#14736);
#4352=VERTEX_POINT('',#14740);
#4353=VERTEX_POINT('',#14741);
#4354=VERTEX_POINT('',#14743);
#4355=VERTEX_POINT('',#14745);
#4356=VERTEX_POINT('',#14749);
#4357=VERTEX_POINT('',#14751);
#4358=VERTEX_POINT('',#14817);
#4359=VERTEX_POINT('',#14821);
#4360=VERTEX_POINT('',#14825);
#4361=VERTEX_POINT('',#14829);
#4362=VERTEX_POINT('',#14833);
#4363=VERTEX_POINT('',#14837);
#4364=VERTEX_POINT('',#14841);
#4365=VERTEX_POINT('',#14845);
#4366=VERTEX_POINT('',#14849);
#4367=VERTEX_POINT('',#14863);
#4368=VERTEX_POINT('',#14865);
#4369=VERTEX_POINT('',#14881);
#4370=VERTEX_POINT('',#14883);
#4371=VERTEX_POINT('',#14885);
#4372=VERTEX_POINT('',#14889);
#4373=VERTEX_POINT('',#14891);
#4374=VERTEX_POINT('',#14893);
#4375=VERTEX_POINT('',#14895);
#4376=VERTEX_POINT('',#14908);
#4377=VERTEX_POINT('',#14922);
#4378=VERTEX_POINT('',#14924);
#4379=VERTEX_POINT('',#14933);
#4380=VERTEX_POINT('',#14935);
#4381=VERTEX_POINT('',#14939);
#4382=VERTEX_POINT('',#14941);
#4383=VERTEX_POINT('',#14943);
#4384=VERTEX_POINT('',#14945);
#4385=VERTEX_POINT('',#14947);
#4386=VERTEX_POINT('',#14951);
#4387=VERTEX_POINT('',#14953);
#4388=VERTEX_POINT('',#14955);
#4389=VERTEX_POINT('',#14957);
#4390=VERTEX_POINT('',#14961);
#4391=VERTEX_POINT('',#14969);
#4392=VERTEX_POINT('',#14970);
#4393=VERTEX_POINT('',#14977);
#4394=VERTEX_POINT('',#14979);
#4395=VERTEX_POINT('',#14981);
#4396=VERTEX_POINT('',#14983);
#4397=VERTEX_POINT('',#14985);
#4398=VERTEX_POINT('',#14987);
#4399=VERTEX_POINT('',#14989);
#4400=VERTEX_POINT('',#14991);
#4401=VERTEX_POINT('',#14993);
#4402=VERTEX_POINT('',#14999);
#4403=VERTEX_POINT('',#15000);
#4404=VERTEX_POINT('',#15010);
#4405=VERTEX_POINT('',#15012);
#4406=VERTEX_POINT('',#15014);
#4407=VERTEX_POINT('',#15016);
#4408=VERTEX_POINT('',#15018);
#4409=VERTEX_POINT('',#15020);
#4410=VERTEX_POINT('',#15022);
#4411=VERTEX_POINT('',#15024);
#4412=VERTEX_POINT('',#15026);
#4413=VERTEX_POINT('',#15030);
#4414=VERTEX_POINT('',#15031);
#4415=VERTEX_POINT('',#15036);
#4416=VERTEX_POINT('',#15037);
#4417=VERTEX_POINT('',#15040);
#4418=VERTEX_POINT('',#15044);
#4419=VERTEX_POINT('',#15048);
#4420=VERTEX_POINT('',#15052);
#4421=VERTEX_POINT('',#15058);
#4422=VERTEX_POINT('',#15063);
#4423=VERTEX_POINT('',#15067);
#4424=VERTEX_POINT('',#15069);
#4425=VERTEX_POINT('',#15076);
#4426=VERTEX_POINT('',#15078);
#4427=VERTEX_POINT('',#15082);
#4428=VERTEX_POINT('',#15084);
#4429=VERTEX_POINT('',#15086);
#4430=VERTEX_POINT('',#15090);
#4431=VERTEX_POINT('',#15092);
#4432=VERTEX_POINT('',#15094);
#4433=VERTEX_POINT('',#15096);
#4434=VERTEX_POINT('',#15098);
#4435=VERTEX_POINT('',#15100);
#4436=VERTEX_POINT('',#15102);
#4437=VERTEX_POINT('',#15107);
#4438=VERTEX_POINT('',#15108);
#4439=VERTEX_POINT('',#15113);
#4440=VERTEX_POINT('',#15117);
#4441=VERTEX_POINT('',#15119);
#4442=VERTEX_POINT('',#15123);
#4443=VERTEX_POINT('',#15127);
#4444=VERTEX_POINT('',#15131);
#4445=VERTEX_POINT('',#15132);
#4446=VERTEX_POINT('',#15137);
#4447=VERTEX_POINT('',#15144);
#4448=VERTEX_POINT('',#15146);
#4449=VERTEX_POINT('',#15148);
#4450=VERTEX_POINT('',#15150);
#4451=VERTEX_POINT('',#15157);
#4452=VERTEX_POINT('',#15158);
#4453=VERTEX_POINT('',#15163);
#4454=VERTEX_POINT('',#15166);
#4455=VERTEX_POINT('',#15168);
#4456=VERTEX_POINT('',#15170);
#4457=VERTEX_POINT('',#15172);
#4458=VERTEX_POINT('',#15174);
#4459=VERTEX_POINT('',#15180);
#4460=VERTEX_POINT('',#15181);
#4461=VERTEX_POINT('',#15183);
#4462=VERTEX_POINT('',#15185);
#4463=VERTEX_POINT('',#15190);
#4464=VERTEX_POINT('',#15192);
#4465=VERTEX_POINT('',#15196);
#4466=VERTEX_POINT('',#15197);
#4467=VERTEX_POINT('',#15202);
#4468=VERTEX_POINT('',#15205);
#4469=VERTEX_POINT('',#15207);
#4470=VERTEX_POINT('',#15209);
#4471=VERTEX_POINT('',#15211);
#4472=VERTEX_POINT('',#15217);
#4473=VERTEX_POINT('',#15218);
#4474=VERTEX_POINT('',#15220);
#4475=VERTEX_POINT('',#15222);
#4476=VERTEX_POINT('',#15226);
#4477=VERTEX_POINT('',#15228);
#4478=VERTEX_POINT('',#15230);
#4479=VERTEX_POINT('',#15234);
#4480=VERTEX_POINT('',#15236);
#4481=VERTEX_POINT('',#15245);
#4482=VERTEX_POINT('',#15247);
#4483=VERTEX_POINT('',#15257);
#4484=VERTEX_POINT('',#15258);
#4485=VERTEX_POINT('',#15260);
#4486=VERTEX_POINT('',#15262);
#4487=VERTEX_POINT('',#15266);
#4488=VERTEX_POINT('',#15267);
#4489=VERTEX_POINT('',#15269);
#4490=VERTEX_POINT('',#15271);
#4491=VERTEX_POINT('',#15275);
#4492=VERTEX_POINT('',#15279);
#4493=VERTEX_POINT('',#15283);
#4494=VERTEX_POINT('',#15285);
#4495=VERTEX_POINT('',#15287);
#4496=VERTEX_POINT('',#15289);
#4497=VERTEX_POINT('',#15291);
#4498=VERTEX_POINT('',#15293);
#4499=VERTEX_POINT('',#15295);
#4500=VERTEX_POINT('',#15297);
#4501=VERTEX_POINT('',#15299);
#4502=VERTEX_POINT('',#15301);
#4503=VERTEX_POINT('',#15303);
#4504=VERTEX_POINT('',#15305);
#4505=VERTEX_POINT('',#15309);
#4506=VERTEX_POINT('',#15310);
#4507=VERTEX_POINT('',#15315);
#4508=VERTEX_POINT('',#15316);
#4509=VERTEX_POINT('',#15321);
#4510=VERTEX_POINT('',#15322);
#4511=VERTEX_POINT('',#15327);
#4512=VERTEX_POINT('',#15328);
#4513=VERTEX_POINT('',#15333);
#4514=VERTEX_POINT('',#15334);
#4515=VERTEX_POINT('',#15339);
#4516=VERTEX_POINT('',#15341);
#4517=VERTEX_POINT('',#15345);
#4518=VERTEX_POINT('',#15346);
#4519=VERTEX_POINT('',#15348);
#4520=VERTEX_POINT('',#15350);
#4521=VERTEX_POINT('',#15354);
#4522=VERTEX_POINT('',#15355);
#4523=VERTEX_POINT('',#15360);
#4524=VERTEX_POINT('',#15362);
#4525=VERTEX_POINT('',#15369);
#4526=VERTEX_POINT('',#15370);
#4527=VERTEX_POINT('',#15377);
#4528=VERTEX_POINT('',#15378);
#4529=VERTEX_POINT('',#15380);
#4530=VERTEX_POINT('',#15382);
#4531=VERTEX_POINT('',#15387);
#4532=VERTEX_POINT('',#15390);
#4533=VERTEX_POINT('',#15396);
#4534=VERTEX_POINT('',#15401);
#4535=VERTEX_POINT('',#15404);
#4536=VERTEX_POINT('',#15406);
#4537=VERTEX_POINT('',#15410);
#4538=VERTEX_POINT('',#15418);
#4539=VERTEX_POINT('',#15421);
#4540=VERTEX_POINT('',#15423);
#4541=VERTEX_POINT('',#15427);
#4542=VERTEX_POINT('',#15429);
#4543=VERTEX_POINT('',#15432);
#4544=VERTEX_POINT('',#15436);
#4545=VERTEX_POINT('',#15438);
#4546=VERTEX_POINT('',#15448);
#4547=VERTEX_POINT('',#15454);
#4548=VERTEX_POINT('',#15458);
#4549=VERTEX_POINT('',#15466);
#4550=VERTEX_POINT('',#15470);
#4551=VERTEX_POINT('',#15474);
#4552=VERTEX_POINT('',#15478);
#4553=VERTEX_POINT('',#15482);
#4554=VERTEX_POINT('',#15486);
#4555=VERTEX_POINT('',#15490);
#4556=VERTEX_POINT('',#15494);
#4557=VERTEX_POINT('',#15503);
#4558=VERTEX_POINT('',#15504);
#4559=VERTEX_POINT('',#15509);
#4560=VERTEX_POINT('',#15513);
#4561=VERTEX_POINT('',#15514);
#4562=VERTEX_POINT('',#15519);
#4563=VERTEX_POINT('',#15523);
#4564=VERTEX_POINT('',#15524);
#4565=VERTEX_POINT('',#15531);
#4566=VERTEX_POINT('',#15532);
#4567=VERTEX_POINT('',#15537);
#4568=VERTEX_POINT('',#15541);
#4569=VERTEX_POINT('',#15543);
#4570=VERTEX_POINT('',#15549);
#4571=VERTEX_POINT('',#15559);
#4572=VERTEX_POINT('',#15567);
#4573=VERTEX_POINT('',#15568);
#4574=VERTEX_POINT('',#15573);
#4575=VERTEX_POINT('',#15577);
#4576=VERTEX_POINT('',#15579);
#4577=VERTEX_POINT('',#15581);
#4578=VERTEX_POINT('',#15583);
#4579=VERTEX_POINT('',#15586);
#4580=VERTEX_POINT('',#15588);
#4581=VERTEX_POINT('',#15590);
#4582=VERTEX_POINT('',#15592);
#4583=VERTEX_POINT('',#15594);
#4584=VERTEX_POINT('',#15596);
#4585=VERTEX_POINT('',#15598);
#4586=VERTEX_POINT('',#15600);
#4587=VERTEX_POINT('',#15635);
#4588=VERTEX_POINT('',#15636);
#4589=VERTEX_POINT('',#15638);
#4590=VERTEX_POINT('',#15640);
#4591=VERTEX_POINT('',#15644);
#4592=VERTEX_POINT('',#15646);
#4593=VERTEX_POINT('',#15650);
#4594=VERTEX_POINT('',#15652);
#4595=VERTEX_POINT('',#15654);
#4596=VERTEX_POINT('',#15656);
#4597=VERTEX_POINT('',#15658);
#4598=VERTEX_POINT('',#15660);
#4599=VERTEX_POINT('',#15662);
#4600=VERTEX_POINT('',#15664);
#4601=VERTEX_POINT('',#15666);
#4602=VERTEX_POINT('',#15668);
#4603=VERTEX_POINT('',#15670);
#4604=VERTEX_POINT('',#15672);
#4605=VERTEX_POINT('',#15674);
#4606=VERTEX_POINT('',#15678);
#4607=VERTEX_POINT('',#15679);
#4608=VERTEX_POINT('',#15684);
#4609=VERTEX_POINT('',#15688);
#4610=VERTEX_POINT('',#15692);
#4611=VERTEX_POINT('',#15693);
#4612=VERTEX_POINT('',#15698);
#4613=VERTEX_POINT('',#15700);
#4614=VERTEX_POINT('',#15702);
#4615=VERTEX_POINT('',#15704);
#4616=VERTEX_POINT('',#15706);
#4617=VERTEX_POINT('',#15708);
#4618=VERTEX_POINT('',#15710);
#4619=VERTEX_POINT('',#15712);
#4620=VERTEX_POINT('',#15714);
#4621=VERTEX_POINT('',#15718);
#4622=VERTEX_POINT('',#15719);
#4623=VERTEX_POINT('',#15724);
#4624=VERTEX_POINT('',#15730);
#4625=VERTEX_POINT('',#15736);
#4626=VERTEX_POINT('',#15738);
#4627=VERTEX_POINT('',#15740);
#4628=VERTEX_POINT('',#15742);
#4629=VERTEX_POINT('',#15744);
#4630=VERTEX_POINT('',#15746);
#4631=VERTEX_POINT('',#15748);
#4632=VERTEX_POINT('',#15750);
#4633=VERTEX_POINT('',#15752);
#4634=VERTEX_POINT('',#15774);
#4635=VERTEX_POINT('',#15782);
#4636=VERTEX_POINT('',#15783);
#4637=VERTEX_POINT('',#15785);
#4638=VERTEX_POINT('',#15787);
#4639=VERTEX_POINT('',#15791);
#4640=VERTEX_POINT('',#15793);
#4641=VERTEX_POINT('',#15797);
#4642=VERTEX_POINT('',#15799);
#4643=VERTEX_POINT('',#15801);
#4644=VERTEX_POINT('',#15803);
#4645=VERTEX_POINT('',#15805);
#4646=VERTEX_POINT('',#15807);
#4647=VERTEX_POINT('',#15809);
#4648=VERTEX_POINT('',#15811);
#4649=VERTEX_POINT('',#15813);
#4650=VERTEX_POINT('',#15815);
#4651=VERTEX_POINT('',#15817);
#4652=VERTEX_POINT('',#15819);
#4653=VERTEX_POINT('',#15821);
#4654=VERTEX_POINT('',#15825);
#4655=VERTEX_POINT('',#15826);
#4656=VERTEX_POINT('',#15831);
#4657=VERTEX_POINT('',#15835);
#4658=VERTEX_POINT('',#15839);
#4659=VERTEX_POINT('',#15840);
#4660=VERTEX_POINT('',#15845);
#4661=VERTEX_POINT('',#15847);
#4662=VERTEX_POINT('',#15849);
#4663=VERTEX_POINT('',#15851);
#4664=VERTEX_POINT('',#15853);
#4665=VERTEX_POINT('',#15855);
#4666=VERTEX_POINT('',#15857);
#4667=VERTEX_POINT('',#15859);
#4668=VERTEX_POINT('',#15861);
#4669=VERTEX_POINT('',#15865);
#4670=VERTEX_POINT('',#15866);
#4671=VERTEX_POINT('',#15871);
#4672=VERTEX_POINT('',#15877);
#4673=VERTEX_POINT('',#15883);
#4674=VERTEX_POINT('',#15885);
#4675=VERTEX_POINT('',#15887);
#4676=VERTEX_POINT('',#15889);
#4677=VERTEX_POINT('',#15891);
#4678=VERTEX_POINT('',#15893);
#4679=VERTEX_POINT('',#15895);
#4680=VERTEX_POINT('',#15897);
#4681=VERTEX_POINT('',#15899);
#4682=VERTEX_POINT('',#15921);
#4683=VERTEX_POINT('',#15929);
#4684=VERTEX_POINT('',#15930);
#4685=VERTEX_POINT('',#15932);
#4686=VERTEX_POINT('',#15934);
#4687=VERTEX_POINT('',#15938);
#4688=VERTEX_POINT('',#15940);
#4689=VERTEX_POINT('',#15944);
#4690=VERTEX_POINT('',#15946);
#4691=VERTEX_POINT('',#15948);
#4692=VERTEX_POINT('',#15950);
#4693=VERTEX_POINT('',#15952);
#4694=VERTEX_POINT('',#15954);
#4695=VERTEX_POINT('',#15958);
#4696=VERTEX_POINT('',#15959);
#4697=VERTEX_POINT('',#15961);
#4698=VERTEX_POINT('',#15965);
#4699=VERTEX_POINT('',#15966);
#4700=VERTEX_POINT('',#15968);
#4701=VERTEX_POINT('',#15979);
#4702=VERTEX_POINT('',#15984);
#4703=VERTEX_POINT('',#15985);
#4704=VERTEX_POINT('',#15987);
#4705=VERTEX_POINT('',#15989);
#4706=VERTEX_POINT('',#15993);
#4707=VERTEX_POINT('',#15995);
#4708=VERTEX_POINT('',#15999);
#4709=VERTEX_POINT('',#16001);
#4710=VERTEX_POINT('',#16003);
#4711=VERTEX_POINT('',#16005);
#4712=VERTEX_POINT('',#16007);
#4713=VERTEX_POINT('',#16009);
#4714=VERTEX_POINT('',#16013);
#4715=VERTEX_POINT('',#16017);
#4716=VERTEX_POINT('',#16018);
#4717=VERTEX_POINT('',#16020);
#4718=VERTEX_POINT('',#16022);
#4719=VERTEX_POINT('',#16026);
#4720=VERTEX_POINT('',#16028);
#4721=VERTEX_POINT('',#16032);
#4722=VERTEX_POINT('',#16034);
#4723=VERTEX_POINT('',#16036);
#4724=VERTEX_POINT('',#16040);
#4725=VERTEX_POINT('',#16044);
#4726=VERTEX_POINT('',#16048);
#4727=VERTEX_POINT('',#16050);
#4728=VERTEX_POINT('',#16058);
#4729=VERTEX_POINT('',#16067);
#4730=VERTEX_POINT('',#16068);
#4731=VERTEX_POINT('',#16070);
#4732=VERTEX_POINT('',#16072);
#4733=VERTEX_POINT('',#16076);
#4734=VERTEX_POINT('',#16078);
#4735=VERTEX_POINT('',#16080);
#4736=VERTEX_POINT('',#16082);
#4737=VERTEX_POINT('',#16086);
#4738=VERTEX_POINT('',#16088);
#4739=VERTEX_POINT('',#16090);
#4740=VERTEX_POINT('',#16092);
#4741=VERTEX_POINT('',#16094);
#4742=VERTEX_POINT('',#16096);
#4743=VERTEX_POINT('',#16099);
#4744=VERTEX_POINT('',#16101);
#4745=VERTEX_POINT('',#16103);
#4746=VERTEX_POINT('',#16105);
#4747=VERTEX_POINT('',#16109);
#4748=VERTEX_POINT('',#16110);
#4749=VERTEX_POINT('',#16112);
#4750=VERTEX_POINT('',#16114);
#4751=VERTEX_POINT('',#16118);
#4752=VERTEX_POINT('',#16120);
#4753=VERTEX_POINT('',#16122);
#4754=VERTEX_POINT('',#16124);
#4755=VERTEX_POINT('',#16128);
#4756=VERTEX_POINT('',#16130);
#4757=VERTEX_POINT('',#16132);
#4758=VERTEX_POINT('',#16134);
#4759=VERTEX_POINT('',#16136);
#4760=VERTEX_POINT('',#16138);
#4761=VERTEX_POINT('',#16141);
#4762=VERTEX_POINT('',#16143);
#4763=VERTEX_POINT('',#16145);
#4764=VERTEX_POINT('',#16147);
#4765=VERTEX_POINT('',#16151);
#4766=VERTEX_POINT('',#16153);
#4767=VERTEX_POINT('',#16155);
#4768=VERTEX_POINT('',#16159);
#4769=VERTEX_POINT('',#16161);
#4770=VERTEX_POINT('',#16163);
#4771=VERTEX_POINT('',#16172);
#4772=VERTEX_POINT('',#16174);
#4773=VERTEX_POINT('',#16180);
#4774=VERTEX_POINT('',#16182);
#4775=VERTEX_POINT('',#16184);
#4776=VERTEX_POINT('',#16193);
#4777=VERTEX_POINT('',#16195);
#4778=VERTEX_POINT('',#16199);
#4779=VERTEX_POINT('',#16201);
#4780=VERTEX_POINT('',#16203);
#4781=VERTEX_POINT('',#16207);
#4782=VERTEX_POINT('',#16216);
#4783=VERTEX_POINT('',#16218);
#4784=VERTEX_POINT('',#16224);
#4785=VERTEX_POINT('',#16226);
#4786=VERTEX_POINT('',#16230);
#4787=VERTEX_POINT('',#16232);
#4788=VERTEX_POINT('',#16238);
#4789=VERTEX_POINT('',#16246);
#4790=VERTEX_POINT('',#16255);
#4791=VERTEX_POINT('',#16257);
#4792=VERTEX_POINT('',#16261);
#4793=VERTEX_POINT('',#16263);
#4794=VERTEX_POINT('',#16267);
#4795=VERTEX_POINT('',#16268);
#4796=VERTEX_POINT('',#16270);
#4797=VERTEX_POINT('',#16272);
#4798=VERTEX_POINT('',#16274);
#4799=VERTEX_POINT('',#16276);
#4800=VERTEX_POINT('',#16280);
#4801=VERTEX_POINT('',#16282);
#4802=VERTEX_POINT('',#16286);
#4803=VERTEX_POINT('',#16294);
#4804=VERTEX_POINT('',#16298);
#4805=VERTEX_POINT('',#16302);
#4806=VERTEX_POINT('',#16303);
#4807=VERTEX_POINT('',#16306);
#4808=VERTEX_POINT('',#16322);
#4809=VERTEX_POINT('',#16324);
#4810=VERTEX_POINT('',#16343);
#4811=VERTEX_POINT('',#16354);
#4812=VERTEX_POINT('',#16355);
#4813=VERTEX_POINT('',#16360);
#4814=VERTEX_POINT('',#16365);
#4815=VERTEX_POINT('',#16376);
#4816=VERTEX_POINT('',#16380);
#4817=VERTEX_POINT('',#16381);
#4818=VERTEX_POINT('',#16383);
#4819=VERTEX_POINT('',#16385);
#4820=VERTEX_POINT('',#16387);
#4821=VERTEX_POINT('',#16389);
#4822=VERTEX_POINT('',#16393);
#4823=VERTEX_POINT('',#16395);
#4824=VERTEX_POINT('',#16403);
#4825=VERTEX_POINT('',#16405);
#4826=VERTEX_POINT('',#16409);
#4827=VERTEX_POINT('',#16413);
#4828=VERTEX_POINT('',#16415);
#4829=VERTEX_POINT('',#16418);
#4830=VERTEX_POINT('',#16420);
#4831=VERTEX_POINT('',#16430);
#4832=VERTEX_POINT('',#16432);
#4833=VERTEX_POINT('',#16439);
#4834=VERTEX_POINT('',#16446);
#4835=VERTEX_POINT('',#16458);
#4836=VERTEX_POINT('',#16460);
#4837=VERTEX_POINT('',#16487);
#4838=VERTEX_POINT('',#16490);
#4839=VERTEX_POINT('',#16497);
#4840=VERTEX_POINT('',#16506);
#4841=VERTEX_POINT('',#16508);
#4842=EDGE_CURVE('',#3911,#3912,#1467,.T.);
#4843=EDGE_CURVE('',#3911,#3913,#1468,.T.);
#4844=EDGE_CURVE('',#3913,#3914,#1469,.F.);
#4845=EDGE_CURVE('',#3914,#3915,#1470,.T.);
#4846=EDGE_CURVE('',#3915,#3916,#1424,.F.);
#4847=EDGE_CURVE('',#3912,#3916,#1471,.T.);
#4848=EDGE_CURVE('',#3917,#3911,#1472,.T.);
#4849=EDGE_CURVE('',#3918,#3917,#1473,.T.);
#4850=EDGE_CURVE('',#3919,#3918,#1474,.T.);
#4851=EDGE_CURVE('',#3920,#3919,#1475,.T.);
#4852=EDGE_CURVE('',#3920,#3921,#1476,.T.);
#4853=EDGE_CURVE('',#3921,#3922,#1477,.T.);
#4854=EDGE_CURVE('',#3923,#3922,#1478,.T.);
#4855=EDGE_CURVE('',#3923,#3924,#1479,.T.);
#4856=EDGE_CURVE('',#3924,#3925,#1480,.T.);
#4857=EDGE_CURVE('',#3925,#3926,#1481,.T.);
#4858=EDGE_CURVE('',#3913,#3926,#1482,.T.);
#4859=EDGE_CURVE('',#3927,#3928,#1483,.T.);
#4860=EDGE_CURVE('',#3928,#3929,#1484,.T.);
#4861=EDGE_CURVE('',#3929,#3930,#1485,.F.);
#4862=EDGE_CURVE('',#3930,#3927,#1486,.T.);
#4863=EDGE_CURVE('',#3914,#3929,#1487,.T.);
#4864=EDGE_CURVE('',#3928,#3931,#1488,.T.);
#4865=EDGE_CURVE('',#3932,#3931,#1489,.T.);
#4866=EDGE_CURVE('',#3932,#3933,#1490,.T.);
#4867=EDGE_CURVE('',#3934,#3933,#1491,.T.);
#4868=EDGE_CURVE('',#3934,#3935,#1492,.T.);
#4869=EDGE_CURVE('',#3936,#3935,#1493,.T.);
#4870=EDGE_CURVE('',#3936,#3937,#1494,.T.);
#4871=EDGE_CURVE('',#3938,#3937,#1495,.T.);
#4872=EDGE_CURVE('',#3938,#3939,#1496,.T.);
#4873=EDGE_CURVE('',#3940,#3939,#1497,.T.);
#4874=EDGE_CURVE('',#3940,#3941,#1498,.T.);
#4875=EDGE_CURVE('',#3942,#3941,#1499,.T.);
#4876=EDGE_CURVE('',#3942,#3943,#1500,.T.);
#4877=EDGE_CURVE('',#3944,#3943,#1501,.T.);
#4878=EDGE_CURVE('',#3944,#3945,#1502,.T.);
#4879=EDGE_CURVE('',#3946,#3945,#1503,.T.);
#4880=EDGE_CURVE('',#3946,#3947,#1504,.T.);
#4881=EDGE_CURVE('',#3948,#3947,#1505,.T.);
#4882=EDGE_CURVE('',#3948,#3949,#1506,.T.);
#4883=EDGE_CURVE('',#3950,#3949,#1507,.T.);
#4884=EDGE_CURVE('',#3950,#3951,#1508,.T.);
#4885=EDGE_CURVE('',#3952,#3951,#1509,.T.);
#4886=EDGE_CURVE('',#3952,#3953,#1510,.T.);
#4887=EDGE_CURVE('',#3954,#3953,#1511,.T.);
#4888=EDGE_CURVE('',#3954,#3955,#1512,.T.);
#4889=EDGE_CURVE('',#3956,#3955,#1513,.T.);
#4890=EDGE_CURVE('',#3956,#3957,#1514,.T.);
#4891=EDGE_CURVE('',#3958,#3957,#1515,.T.);
#4892=EDGE_CURVE('',#3958,#3959,#1516,.T.);
#4893=EDGE_CURVE('',#3960,#3959,#1517,.T.);
#4894=EDGE_CURVE('',#3960,#3961,#1518,.T.);
#4895=EDGE_CURVE('',#3962,#3961,#1519,.T.);
#4896=EDGE_CURVE('',#3962,#3963,#1520,.T.);
#4897=EDGE_CURVE('',#3964,#3963,#1521,.T.);
#4898=EDGE_CURVE('',#3964,#3965,#1522,.T.);
#4899=EDGE_CURVE('',#3966,#3965,#1523,.T.);
#4900=EDGE_CURVE('',#3966,#3967,#1524,.T.);
#4901=EDGE_CURVE('',#3968,#3967,#1525,.T.);
#4902=EDGE_CURVE('',#3968,#3969,#1526,.T.);
#4903=EDGE_CURVE('',#3970,#3969,#1527,.T.);
#4904=EDGE_CURVE('',#3970,#3971,#1528,.T.);
#4905=EDGE_CURVE('',#3972,#3971,#1529,.T.);
#4906=EDGE_CURVE('',#3972,#3973,#1530,.T.);
#4907=EDGE_CURVE('',#3974,#3973,#1531,.T.);
#4908=EDGE_CURVE('',#3975,#3974,#220,.T.);
#4909=EDGE_CURVE('',#3976,#3975,#1532,.T.);
#4910=EDGE_CURVE('',#3977,#3976,#1533,.T.);
#4911=EDGE_CURVE('',#3978,#3977,#1534,.T.);
#4912=EDGE_CURVE('',#3978,#3979,#1535,.T.);
#4913=EDGE_CURVE('',#3980,#3979,#1536,.T.);
#4914=EDGE_CURVE('',#3980,#3915,#221,.T.);
#4915=EDGE_CURVE('',#3927,#3981,#1537,.T.);
#4916=EDGE_CURVE('',#3981,#3923,#1538,.T.);
#4917=EDGE_CURVE('',#3922,#3982,#1539,.T.);
#4918=EDGE_CURVE('',#3982,#3983,#1540,.T.);
#4919=EDGE_CURVE('',#3984,#3983,#1541,.T.);
#4920=EDGE_CURVE('',#3984,#3985,#1542,.T.);
#4921=EDGE_CURVE('',#3986,#3985,#1543,.T.);
#4922=EDGE_CURVE('',#3986,#3987,#1544,.T.);
#4923=EDGE_CURVE('',#3987,#3988,#1545,.T.);
#4924=EDGE_CURVE('',#3989,#3988,#1546,.T.);
#4925=EDGE_CURVE('',#3989,#3990,#1547,.T.);
#4926=EDGE_CURVE('',#3990,#3991,#1548,.T.);
#4927=EDGE_CURVE('',#3931,#3991,#1549,.T.);
#4928=EDGE_CURVE('',#3991,#3992,#1550,.T.);
#4929=EDGE_CURVE('',#3992,#3932,#1551,.F.);
#4930=EDGE_CURVE('',#3933,#3993,#1552,.F.);
#4931=EDGE_CURVE('',#3993,#3994,#1553,.T.);
#4932=EDGE_CURVE('',#3994,#3934,#1554,.F.);
#4933=EDGE_CURVE('',#3994,#3995,#1555,.T.);
#4934=EDGE_CURVE('',#3993,#3996,#1556,.T.);
#4935=EDGE_CURVE('',#3996,#3997,#1557,.T.);
#4936=EDGE_CURVE('',#3998,#3997,#1558,.T.);
#4937=EDGE_CURVE('',#3998,#3989,#1559,.T.);
#4938=EDGE_CURVE('',#3988,#3999,#1560,.T.);
#4939=EDGE_CURVE('',#4000,#3999,#1561,.T.);
#4940=EDGE_CURVE('',#3995,#4000,#1562,.T.);
#4941=EDGE_CURVE('',#3935,#4001,#1563,.F.);
#4942=EDGE_CURVE('',#4001,#4002,#1564,.T.);
#4943=EDGE_CURVE('',#4002,#3936,#1565,.F.);
#4944=EDGE_CURVE('',#4003,#4001,#1566,.T.);
#4945=EDGE_CURVE('',#4004,#4003,#1567,.T.);
#4946=EDGE_CURVE('',#4004,#4005,#1568,.T.);
#4947=EDGE_CURVE('',#4005,#4006,#1569,.T.);
#4948=EDGE_CURVE('',#4007,#4006,#1570,.T.);
#4949=EDGE_CURVE('',#4007,#4008,#1571,.T.);
#4950=EDGE_CURVE('',#4008,#4009,#1572,.T.);
#4951=EDGE_CURVE('',#4009,#4010,#1573,.T.);
#4952=EDGE_CURVE('',#4002,#4010,#1574,.T.);
#4953=EDGE_CURVE('',#4011,#3938,#1575,.T.);
#4954=EDGE_CURVE('',#3937,#4012,#1576,.F.);
#4955=EDGE_CURVE('',#4012,#4011,#1577,.T.);
#4956=EDGE_CURVE('',#4011,#4013,#1578,.T.);
#4957=EDGE_CURVE('',#4013,#4007,#1579,.T.);
#4958=EDGE_CURVE('',#4006,#4014,#1580,.T.);
#4959=EDGE_CURVE('',#4014,#4015,#1581,.T.);
#4960=EDGE_CURVE('',#4016,#4015,#1582,.T.);
#4961=EDGE_CURVE('',#4017,#4016,#1583,.T.);
#4962=EDGE_CURVE('',#4018,#4017,#1584,.T.);
#4963=EDGE_CURVE('',#4018,#4019,#1585,.T.);
#4964=EDGE_CURVE('',#4019,#4020,#1586,.T.);
#4965=EDGE_CURVE('',#4021,#4020,#1587,.T.);
#4966=EDGE_CURVE('',#4021,#4022,#1588,.T.);
#4967=EDGE_CURVE('',#4022,#4023,#1589,.T.);
#4968=EDGE_CURVE('',#3939,#4023,#1590,.T.);
#4969=EDGE_CURVE('',#4023,#4024,#1591,.T.);
#4970=EDGE_CURVE('',#4024,#3940,#1592,.F.);
#4971=EDGE_CURVE('',#3941,#4025,#1593,.F.);
#4972=EDGE_CURVE('',#4025,#4026,#1594,.T.);
#4973=EDGE_CURVE('',#4026,#3942,#1595,.F.);
#4974=EDGE_CURVE('',#4026,#4027,#1596,.T.);
#4975=EDGE_CURVE('',#4025,#4028,#1597,.T.);
#4976=EDGE_CURVE('',#4028,#4029,#1598,.T.);
#4977=EDGE_CURVE('',#4030,#4029,#1599,.T.);
#4978=EDGE_CURVE('',#4030,#4021,#1600,.T.);
#4979=EDGE_CURVE('',#4020,#4031,#1601,.T.);
#4980=EDGE_CURVE('',#4032,#4031,#1602,.T.);
#4981=EDGE_CURVE('',#4027,#4032,#1603,.T.);
#4982=EDGE_CURVE('',#3943,#4033,#1604,.F.);
#4983=EDGE_CURVE('',#4033,#4034,#1605,.T.);
#4984=EDGE_CURVE('',#4034,#3944,#1606,.F.);
#4985=EDGE_CURVE('',#4035,#4033,#1607,.T.);
#4986=EDGE_CURVE('',#4036,#4035,#1608,.T.);
#4987=EDGE_CURVE('',#4036,#4037,#1609,.T.);
#4988=EDGE_CURVE('',#4037,#4038,#1610,.T.);
#4989=EDGE_CURVE('',#4039,#4038,#1611,.T.);
#4990=EDGE_CURVE('',#4039,#4040,#1612,.T.);
#4991=EDGE_CURVE('',#4040,#4041,#1613,.T.);
#4992=EDGE_CURVE('',#4041,#4042,#1614,.T.);
#4993=EDGE_CURVE('',#4034,#4042,#1615,.T.);
#4994=EDGE_CURVE('',#4043,#3946,#1616,.T.);
#4995=EDGE_CURVE('',#3945,#4044,#1617,.F.);
#4996=EDGE_CURVE('',#4044,#4043,#1618,.T.);
#4997=EDGE_CURVE('',#4043,#4045,#1619,.T.);
#4998=EDGE_CURVE('',#4045,#4039,#1620,.T.);
#4999=EDGE_CURVE('',#4038,#4046,#1621,.T.);
#5000=EDGE_CURVE('',#4046,#4047,#1622,.T.);
#5001=EDGE_CURVE('',#4048,#4047,#1623,.T.);
#5002=EDGE_CURVE('',#4049,#4048,#1624,.T.);
#5003=EDGE_CURVE('',#4050,#4049,#1625,.T.);
#5004=EDGE_CURVE('',#4050,#4051,#1626,.T.);
#5005=EDGE_CURVE('',#4051,#4052,#1627,.T.);
#5006=EDGE_CURVE('',#4053,#4052,#1628,.T.);
#5007=EDGE_CURVE('',#4053,#4054,#1629,.T.);
#5008=EDGE_CURVE('',#4054,#4055,#1630,.T.);
#5009=EDGE_CURVE('',#3947,#4055,#1631,.T.);
#5010=EDGE_CURVE('',#4055,#4056,#1632,.T.);
#5011=EDGE_CURVE('',#4056,#3948,#1633,.F.);
#5012=EDGE_CURVE('',#3949,#4057,#1634,.F.);
#5013=EDGE_CURVE('',#4057,#4058,#1635,.T.);
#5014=EDGE_CURVE('',#4058,#3950,#1636,.F.);
#5015=EDGE_CURVE('',#4058,#4059,#1637,.T.);
#5016=EDGE_CURVE('',#4057,#4060,#1638,.T.);
#5017=EDGE_CURVE('',#4060,#4061,#1639,.T.);
#5018=EDGE_CURVE('',#4062,#4061,#1640,.T.);
#5019=EDGE_CURVE('',#4062,#4053,#1641,.T.);
#5020=EDGE_CURVE('',#4052,#4063,#1642,.T.);
#5021=EDGE_CURVE('',#4064,#4063,#1643,.T.);
#5022=EDGE_CURVE('',#4059,#4064,#1644,.T.);
#5023=EDGE_CURVE('',#3951,#4065,#1645,.F.);
#5024=EDGE_CURVE('',#4065,#4066,#1646,.T.);
#5025=EDGE_CURVE('',#4066,#3952,#1647,.F.);
#5026=EDGE_CURVE('',#4067,#4065,#1648,.T.);
#5027=EDGE_CURVE('',#4068,#4067,#1649,.T.);
#5028=EDGE_CURVE('',#4068,#4069,#1650,.T.);
#5029=EDGE_CURVE('',#4069,#4070,#1651,.T.);
#5030=EDGE_CURVE('',#4071,#4070,#1652,.T.);
#5031=EDGE_CURVE('',#4071,#4072,#1653,.T.);
#5032=EDGE_CURVE('',#4072,#4073,#1654,.T.);
#5033=EDGE_CURVE('',#4073,#4074,#1655,.T.);
#5034=EDGE_CURVE('',#4066,#4074,#1656,.T.);
#5035=EDGE_CURVE('',#4075,#3954,#1657,.T.);
#5036=EDGE_CURVE('',#3953,#4076,#1658,.F.);
#5037=EDGE_CURVE('',#4076,#4075,#1659,.T.);
#5038=EDGE_CURVE('',#4075,#4077,#1660,.T.);
#5039=EDGE_CURVE('',#4077,#4071,#1661,.T.);
#5040=EDGE_CURVE('',#4070,#4078,#1662,.T.);
#5041=EDGE_CURVE('',#4078,#4079,#1663,.T.);
#5042=EDGE_CURVE('',#4080,#4079,#1664,.T.);
#5043=EDGE_CURVE('',#4080,#4081,#1665,.T.);
#5044=EDGE_CURVE('',#4082,#4081,#1666,.T.);
#5045=EDGE_CURVE('',#4082,#4083,#1667,.T.);
#5046=EDGE_CURVE('',#4083,#4084,#1668,.T.);
#5047=EDGE_CURVE('',#4085,#4084,#1669,.T.);
#5048=EDGE_CURVE('',#4085,#4086,#1670,.T.);
#5049=EDGE_CURVE('',#4086,#4087,#1671,.T.);
#5050=EDGE_CURVE('',#3955,#4087,#1672,.T.);
#5051=EDGE_CURVE('',#4087,#4088,#1673,.T.);
#5052=EDGE_CURVE('',#4088,#3956,#1674,.F.);
#5053=EDGE_CURVE('',#3957,#4089,#1675,.F.);
#5054=EDGE_CURVE('',#4089,#4090,#1676,.T.);
#5055=EDGE_CURVE('',#4090,#3958,#1677,.F.);
#5056=EDGE_CURVE('',#4090,#4091,#1678,.T.);
#5057=EDGE_CURVE('',#4089,#4092,#1679,.T.);
#5058=EDGE_CURVE('',#4092,#4093,#1680,.T.);
#5059=EDGE_CURVE('',#4094,#4093,#1681,.T.);
#5060=EDGE_CURVE('',#4094,#4085,#1682,.T.);
#5061=EDGE_CURVE('',#4084,#4095,#1683,.T.);
#5062=EDGE_CURVE('',#4096,#4095,#1684,.T.);
#5063=EDGE_CURVE('',#4091,#4096,#1685,.T.);
#5064=EDGE_CURVE('',#3959,#4097,#1686,.F.);
#5065=EDGE_CURVE('',#4097,#4098,#1687,.T.);
#5066=EDGE_CURVE('',#4098,#3960,#1688,.F.);
#5067=EDGE_CURVE('',#4099,#4097,#1689,.T.);
#5068=EDGE_CURVE('',#4100,#4099,#1690,.T.);
#5069=EDGE_CURVE('',#4100,#4101,#1691,.T.);
#5070=EDGE_CURVE('',#4101,#4102,#1692,.T.);
#5071=EDGE_CURVE('',#4103,#4102,#1693,.T.);
#5072=EDGE_CURVE('',#4103,#4104,#1694,.T.);
#5073=EDGE_CURVE('',#4104,#4105,#1695,.T.);
#5074=EDGE_CURVE('',#4105,#4106,#1696,.T.);
#5075=EDGE_CURVE('',#4098,#4106,#1697,.T.);
#5076=EDGE_CURVE('',#4107,#3962,#1698,.T.);
#5077=EDGE_CURVE('',#3961,#4108,#1699,.F.);
#5078=EDGE_CURVE('',#4108,#4107,#1700,.T.);
#5079=EDGE_CURVE('',#4107,#4109,#1701,.T.);
#5080=EDGE_CURVE('',#4109,#4103,#1702,.T.);
#5081=EDGE_CURVE('',#4102,#4110,#1703,.T.);
#5082=EDGE_CURVE('',#4110,#4111,#1704,.T.);
#5083=EDGE_CURVE('',#4112,#4111,#1705,.T.);
#5084=EDGE_CURVE('',#4112,#4113,#1706,.T.);
#5085=EDGE_CURVE('',#4114,#4113,#1707,.T.);
#5086=EDGE_CURVE('',#4114,#4115,#1708,.T.);
#5087=EDGE_CURVE('',#4115,#4116,#1709,.T.);
#5088=EDGE_CURVE('',#4117,#4116,#1710,.T.);
#5089=EDGE_CURVE('',#4117,#4118,#1711,.T.);
#5090=EDGE_CURVE('',#4118,#4119,#1712,.T.);
#5091=EDGE_CURVE('',#3963,#4119,#1713,.T.);
#5092=EDGE_CURVE('',#4119,#4120,#1714,.T.);
#5093=EDGE_CURVE('',#4120,#3964,#1715,.F.);
#5094=EDGE_CURVE('',#3965,#4121,#1716,.F.);
#5095=EDGE_CURVE('',#4121,#4122,#1717,.T.);
#5096=EDGE_CURVE('',#4122,#3966,#1718,.F.);
#5097=EDGE_CURVE('',#4122,#4123,#1719,.T.);
#5098=EDGE_CURVE('',#4121,#4124,#1720,.T.);
#5099=EDGE_CURVE('',#4124,#4125,#1721,.T.);
#5100=EDGE_CURVE('',#4126,#4125,#1722,.T.);
#5101=EDGE_CURVE('',#4126,#4117,#1723,.T.);
#5102=EDGE_CURVE('',#4116,#4127,#1724,.T.);
#5103=EDGE_CURVE('',#4128,#4127,#1725,.T.);
#5104=EDGE_CURVE('',#4123,#4128,#1726,.T.);
#5105=EDGE_CURVE('',#3967,#4129,#1727,.F.);
#5106=EDGE_CURVE('',#4129,#4130,#1728,.T.);
#5107=EDGE_CURVE('',#4130,#3968,#1729,.F.);
#5108=EDGE_CURVE('',#4131,#4129,#1730,.T.);
#5109=EDGE_CURVE('',#4132,#4131,#1731,.T.);
#5110=EDGE_CURVE('',#4132,#4133,#1732,.T.);
#5111=EDGE_CURVE('',#4133,#4134,#1733,.T.);
#5112=EDGE_CURVE('',#4135,#4134,#1734,.T.);
#5113=EDGE_CURVE('',#4135,#4136,#1735,.T.);
#5114=EDGE_CURVE('',#4136,#4137,#1736,.T.);
#5115=EDGE_CURVE('',#4137,#4138,#1737,.T.);
#5116=EDGE_CURVE('',#4130,#4138,#1738,.T.);
#5117=EDGE_CURVE('',#4139,#3970,#1739,.T.);
#5118=EDGE_CURVE('',#3969,#4140,#1740,.F.);
#5119=EDGE_CURVE('',#4140,#4139,#1741,.T.);
#5120=EDGE_CURVE('',#4139,#4141,#1742,.T.);
#5121=EDGE_CURVE('',#4141,#4135,#1743,.T.);
#5122=EDGE_CURVE('',#4134,#4142,#1744,.T.);
#5123=EDGE_CURVE('',#4142,#4143,#1745,.T.);
#5124=EDGE_CURVE('',#4144,#4143,#1746,.T.);
#5125=EDGE_CURVE('',#4145,#4144,#1747,.T.);
#5126=EDGE_CURVE('',#4146,#4145,#1748,.T.);
#5127=EDGE_CURVE('',#4146,#4147,#1749,.T.);
#5128=EDGE_CURVE('',#4147,#4148,#1750,.T.);
#5129=EDGE_CURVE('',#4149,#4148,#1751,.T.);
#5130=EDGE_CURVE('',#4149,#4150,#1752,.T.);
#5131=EDGE_CURVE('',#4150,#4151,#1753,.T.);
#5132=EDGE_CURVE('',#3971,#4151,#1754,.T.);
#5133=EDGE_CURVE('',#4151,#4152,#1755,.T.);
#5134=EDGE_CURVE('',#4152,#3972,#1756,.F.);
#5135=EDGE_CURVE('',#3974,#4153,#1425,.T.);
#5136=EDGE_CURVE('',#3973,#4154,#1757,.F.);
#5137=EDGE_CURVE('',#4154,#4155,#1758,.T.);
#5138=EDGE_CURVE('',#4155,#4156,#1759,.F.);
#5139=EDGE_CURVE('',#4153,#4156,#1760,.T.);
#5140=EDGE_CURVE('',#4157,#4158,#222,.T.);
#5141=EDGE_CURVE('',#4158,#4159,#1761,.T.);
#5142=EDGE_CURVE('',#4159,#4160,#223,.T.);
#5143=EDGE_CURVE('',#4160,#4157,#1762,.T.);
#5144=EDGE_CURVE('',#4161,#4160,#1763,.T.);
#5145=EDGE_CURVE('',#4162,#4161,#224,.T.);
#5146=EDGE_CURVE('',#4163,#4162,#1764,.T.);
#5147=EDGE_CURVE('',#4164,#4163,#1765,.T.);
#5148=EDGE_CURVE('',#4164,#4165,#1766,.T.);
#5149=EDGE_CURVE('',#4165,#4166,#1767,.T.);
#5150=EDGE_CURVE('',#4167,#4166,#225,.F.);
#5151=EDGE_CURVE('',#4167,#4168,#1768,.T.);
#5152=EDGE_CURVE('',#4169,#4168,#226,.F.);
#5153=EDGE_CURVE('',#4169,#4170,#1769,.T.);
#5154=EDGE_CURVE('',#4170,#4171,#227,.T.);
#5155=EDGE_CURVE('',#4171,#4172,#1770,.T.);
#5156=EDGE_CURVE('',#4172,#4173,#1771,.T.);
#5157=EDGE_CURVE('',#4174,#4173,#1772,.F.);
#5158=EDGE_CURVE('',#4174,#4175,#1773,.T.);
#5159=EDGE_CURVE('',#4175,#4176,#1774,.T.);
#5160=EDGE_CURVE('',#4177,#4176,#228,.F.);
#5161=EDGE_CURVE('',#4177,#4178,#1775,.T.);
#5162=EDGE_CURVE('',#4178,#4179,#1776,.T.);
#5163=EDGE_CURVE('',#4179,#4157,#1777,.T.);
#5164=EDGE_CURVE('',#4180,#4159,#1778,.T.);
#5165=EDGE_CURVE('',#4181,#4180,#229,.T.);
#5166=EDGE_CURVE('',#4182,#4181,#1779,.T.);
#5167=EDGE_CURVE('',#4183,#4182,#1780,.T.);
#5168=EDGE_CURVE('',#4184,#4183,#1781,.T.);
#5169=EDGE_CURVE('',#4185,#4184,#1782,.T.);
#5170=EDGE_CURVE('',#4186,#4185,#1783,.T.);
#5171=EDGE_CURVE('',#4187,#4186,#1784,.T.);
#5172=EDGE_CURVE('',#4188,#4187,#1785,.T.);
#5173=EDGE_CURVE('',#4189,#4188,#1786,.T.);
#5174=EDGE_CURVE('',#4190,#4189,#1787,.T.);
#5175=EDGE_CURVE('',#4191,#4190,#1788,.T.);
#5176=EDGE_CURVE('',#4192,#4191,#1789,.T.);
#5177=EDGE_CURVE('',#4193,#4192,#1790,.T.);
#5178=EDGE_CURVE('',#4194,#4193,#1791,.T.);
#5179=EDGE_CURVE('',#4195,#4194,#1792,.T.);
#5180=EDGE_CURVE('',#4196,#4195,#1793,.T.);
#5181=EDGE_CURVE('',#4197,#4196,#1794,.T.);
#5182=EDGE_CURVE('',#4198,#4197,#1795,.T.);
#5183=EDGE_CURVE('',#4199,#4198,#1796,.T.);
#5184=EDGE_CURVE('',#4200,#4199,#1797,.T.);
#5185=EDGE_CURVE('',#4201,#4200,#1798,.T.);
#5186=EDGE_CURVE('',#4202,#4201,#1799,.T.);
#5187=EDGE_CURVE('',#4203,#4202,#1800,.T.);
#5188=EDGE_CURVE('',#4204,#4203,#1801,.T.);
#5189=EDGE_CURVE('',#4205,#4204,#1802,.T.);
#5190=EDGE_CURVE('',#4206,#4205,#1803,.T.);
#5191=EDGE_CURVE('',#4207,#4206,#1804,.T.);
#5192=EDGE_CURVE('',#4208,#4207,#1805,.T.);
#5193=EDGE_CURVE('',#4209,#4208,#1806,.T.);
#5194=EDGE_CURVE('',#4210,#4209,#1807,.T.);
#5195=EDGE_CURVE('',#4211,#4210,#1808,.T.);
#5196=EDGE_CURVE('',#4212,#4211,#1809,.T.);
#5197=EDGE_CURVE('',#4213,#4212,#1810,.T.);
#5198=EDGE_CURVE('',#4214,#4213,#1811,.T.);
#5199=EDGE_CURVE('',#4161,#4214,#1812,.T.);
#5200=EDGE_CURVE('',#4180,#4215,#1813,.T.);
#5201=EDGE_CURVE('',#4215,#4216,#230,.T.);
#5202=EDGE_CURVE('',#4216,#4181,#1814,.T.);
#5203=EDGE_CURVE('',#4216,#4217,#1815,.T.);
#5204=EDGE_CURVE('',#4217,#4218,#1816,.T.);
#5205=EDGE_CURVE('',#4219,#4218,#1817,.T.);
#5206=EDGE_CURVE('',#4220,#4219,#231,.F.);
#5207=EDGE_CURVE('',#4221,#4220,#1818,.T.);
#5208=EDGE_CURVE('',#4222,#4221,#1819,.T.);
#5209=EDGE_CURVE('',#4223,#4222,#1820,.F.);
#5210=EDGE_CURVE('',#4224,#4223,#1821,.T.);
#5211=EDGE_CURVE('',#4225,#4224,#1822,.T.);
#5212=EDGE_CURVE('',#4225,#4226,#232,.T.);
#5213=EDGE_CURVE('',#4227,#4226,#1823,.T.);
#5214=EDGE_CURVE('',#4228,#4227,#233,.F.);
#5215=EDGE_CURVE('',#4229,#4228,#1824,.T.);
#5216=EDGE_CURVE('',#4230,#4229,#234,.F.);
#5217=EDGE_CURVE('',#4231,#4230,#1825,.T.);
#5218=EDGE_CURVE('',#4231,#4232,#1826,.T.);
#5219=EDGE_CURVE('',#4233,#4232,#1827,.T.);
#5220=EDGE_CURVE('',#4234,#4233,#1828,.T.);
#5221=EDGE_CURVE('',#4182,#4234,#235,.T.);
#5222=EDGE_CURVE('',#3919,#4215,#1829,.T.);
#5223=EDGE_CURVE('',#4235,#3918,#1830,.T.);
#5224=EDGE_CURVE('',#4235,#4236,#1831,.T.);
#5225=EDGE_CURVE('',#4236,#4217,#1832,.T.);
#5226=EDGE_CURVE('',#4237,#4237,#236,.T.);
#5227=EDGE_CURVE('',#4238,#4238,#237,.T.);
#5228=EDGE_CURVE('',#4239,#4239,#238,.T.);
#5229=EDGE_CURVE('',#4240,#4240,#239,.T.);
#5230=EDGE_CURVE('',#4241,#4241,#240,.T.);
#5231=EDGE_CURVE('',#4242,#4242,#241,.T.);
#5232=EDGE_CURVE('',#3983,#4243,#1833,.T.);
#5233=EDGE_CURVE('',#4243,#4244,#1834,.T.);
#5234=EDGE_CURVE('',#4244,#4245,#1835,.T.);
#5235=EDGE_CURVE('',#4245,#3984,#1836,.T.);
#5236=EDGE_CURVE('',#4246,#4247,#1837,.T.);
#5237=EDGE_CURVE('',#4247,#4190,#1838,.T.);
#5238=EDGE_CURVE('',#4189,#4246,#1839,.T.);
#5239=EDGE_CURVE('',#4248,#4249,#1840,.T.);
#5240=EDGE_CURVE('',#4249,#4190,#242,.T.);
#5241=EDGE_CURVE('',#4247,#4248,#243,.T.);
#5242=EDGE_CURVE('',#4250,#4249,#1841,.T.);
#5243=EDGE_CURVE('',#4248,#3986,#1842,.T.);
#5244=EDGE_CURVE('',#3985,#4250,#1843,.T.);
#5245=EDGE_CURVE('',#4251,#4246,#1844,.T.);
#5246=EDGE_CURVE('',#4188,#4251,#1845,.T.);
#5247=EDGE_CURVE('',#4245,#4250,#1846,.T.);
#5248=EDGE_CURVE('',#4252,#4187,#1847,.T.);
#5249=EDGE_CURVE('',#4187,#4244,#244,.T.);
#5250=EDGE_CURVE('',#4243,#4252,#245,.T.);
#5251=EDGE_CURVE('',#4252,#4251,#1848,.T.);
#5252=EDGE_CURVE('',#4253,#4186,#246,.T.);
#5253=EDGE_CURVE('',#4253,#4244,#1849,.T.);
#5254=EDGE_CURVE('',#4246,#4254,#1850,.T.);
#5255=EDGE_CURVE('',#4255,#4254,#1851,.T.);
#5256=EDGE_CURVE('',#3987,#4255,#1852,.T.);
#5257=EDGE_CURVE('',#4256,#4257,#1853,.T.);
#5258=EDGE_CURVE('',#4257,#4017,#1854,.T.);
#5259=EDGE_CURVE('',#4016,#4256,#1855,.T.);
#5260=EDGE_CURVE('',#4258,#4259,#1856,.T.);
#5261=EDGE_CURVE('',#4259,#4193,#1857,.T.);
#5262=EDGE_CURVE('',#4258,#4192,#1858,.T.);
#5263=EDGE_CURVE('',#4259,#4260,#1859,.T.);
#5264=EDGE_CURVE('',#4260,#4194,#1860,.T.);
#5265=EDGE_CURVE('',#4261,#4262,#1861,.T.);
#5266=EDGE_CURVE('',#4262,#4194,#247,.T.);
#5267=EDGE_CURVE('',#4260,#4261,#248,.T.);
#5268=EDGE_CURVE('',#4257,#4262,#1862,.T.);
#5269=EDGE_CURVE('',#4261,#4018,#1863,.T.);
#5270=EDGE_CURVE('',#4015,#4263,#1864,.T.);
#5271=EDGE_CURVE('',#4263,#4264,#1865,.T.);
#5272=EDGE_CURVE('',#4264,#4256,#1866,.T.);
#5273=EDGE_CURVE('',#4265,#4191,#1867,.T.);
#5274=EDGE_CURVE('',#4191,#4264,#249,.T.);
#5275=EDGE_CURVE('',#4263,#4265,#250,.T.);
#5276=EDGE_CURVE('',#4265,#4258,#1868,.T.);
#5277=EDGE_CURVE('',#4249,#4264,#1869,.T.);
#5278=EDGE_CURVE('',#4259,#4266,#1870,.T.);
#5279=EDGE_CURVE('',#4267,#4266,#1871,.T.);
#5280=EDGE_CURVE('',#4019,#4267,#1872,.T.);
#5281=EDGE_CURVE('',#4258,#4268,#1873,.T.);
#5282=EDGE_CURVE('',#4266,#4268,#1874,.T.);
#5283=EDGE_CURVE('',#4269,#4270,#1875,.T.);
#5284=EDGE_CURVE('',#4270,#4049,#1876,.T.);
#5285=EDGE_CURVE('',#4048,#4269,#1877,.T.);
#5286=EDGE_CURVE('',#4271,#4272,#1878,.T.);
#5287=EDGE_CURVE('',#4272,#4197,#1879,.T.);
#5288=EDGE_CURVE('',#4271,#4196,#1880,.T.);
#5289=EDGE_CURVE('',#4272,#4273,#1881,.T.);
#5290=EDGE_CURVE('',#4273,#4198,#1882,.T.);
#5291=EDGE_CURVE('',#4274,#4275,#1883,.T.);
#5292=EDGE_CURVE('',#4275,#4198,#251,.T.);
#5293=EDGE_CURVE('',#4273,#4274,#252,.T.);
#5294=EDGE_CURVE('',#4270,#4275,#1884,.T.);
#5295=EDGE_CURVE('',#4274,#4050,#1885,.T.);
#5296=EDGE_CURVE('',#4047,#4276,#1886,.T.);
#5297=EDGE_CURVE('',#4276,#4277,#1887,.T.);
#5298=EDGE_CURVE('',#4277,#4269,#1888,.T.);
#5299=EDGE_CURVE('',#4278,#4195,#1889,.T.);
#5300=EDGE_CURVE('',#4195,#4277,#253,.T.);
#5301=EDGE_CURVE('',#4276,#4278,#254,.T.);
#5302=EDGE_CURVE('',#4278,#4271,#1890,.T.);
#5303=EDGE_CURVE('',#4262,#4277,#1891,.T.);
#5304=EDGE_CURVE('',#4272,#4279,#1892,.T.);
#5305=EDGE_CURVE('',#4280,#4279,#1893,.T.);
#5306=EDGE_CURVE('',#4051,#4280,#1894,.T.);
#5307=EDGE_CURVE('',#4271,#4281,#1895,.T.);
#5308=EDGE_CURVE('',#4279,#4281,#1896,.T.);
#5309=EDGE_CURVE('',#4079,#4282,#1897,.T.);
#5310=EDGE_CURVE('',#4282,#4283,#1898,.T.);
#5311=EDGE_CURVE('',#4283,#4284,#1899,.T.);
#5312=EDGE_CURVE('',#4284,#4080,#1900,.T.);
#5313=EDGE_CURVE('',#4285,#4286,#1901,.T.);
#5314=EDGE_CURVE('',#4286,#4202,#1902,.T.);
#5315=EDGE_CURVE('',#4201,#4285,#1903,.T.);
#5316=EDGE_CURVE('',#4287,#4288,#1904,.T.);
#5317=EDGE_CURVE('',#4288,#4202,#255,.T.);
#5318=EDGE_CURVE('',#4286,#4287,#256,.T.);
#5319=EDGE_CURVE('',#4289,#4288,#1905,.T.);
#5320=EDGE_CURVE('',#4287,#4082,#1906,.T.);
#5321=EDGE_CURVE('',#4081,#4289,#1907,.T.);
#5322=EDGE_CURVE('',#4290,#4285,#1908,.T.);
#5323=EDGE_CURVE('',#4200,#4290,#1909,.T.);
#5324=EDGE_CURVE('',#4284,#4289,#1910,.T.);
#5325=EDGE_CURVE('',#4291,#4199,#1911,.T.);
#5326=EDGE_CURVE('',#4199,#4283,#257,.T.);
#5327=EDGE_CURVE('',#4282,#4291,#258,.T.);
#5328=EDGE_CURVE('',#4291,#4290,#1912,.T.);
#5329=EDGE_CURVE('',#4275,#4283,#1913,.T.);
#5330=EDGE_CURVE('',#4285,#4292,#1914,.T.);
#5331=EDGE_CURVE('',#4293,#4292,#1915,.T.);
#5332=EDGE_CURVE('',#4083,#4293,#1916,.T.);
#5333=EDGE_CURVE('',#4111,#4294,#1917,.T.);
#5334=EDGE_CURVE('',#4294,#4295,#1918,.T.);
#5335=EDGE_CURVE('',#4295,#4296,#1919,.T.);
#5336=EDGE_CURVE('',#4296,#4112,#1920,.T.);
#5337=EDGE_CURVE('',#4297,#4298,#1921,.T.);
#5338=EDGE_CURVE('',#4298,#4206,#1922,.T.);
#5339=EDGE_CURVE('',#4205,#4297,#1923,.T.);
#5340=EDGE_CURVE('',#4299,#4300,#1924,.T.);
#5341=EDGE_CURVE('',#4300,#4206,#259,.T.);
#5342=EDGE_CURVE('',#4298,#4299,#260,.T.);
#5343=EDGE_CURVE('',#4301,#4300,#1925,.T.);
#5344=EDGE_CURVE('',#4299,#4114,#1926,.T.);
#5345=EDGE_CURVE('',#4113,#4301,#1927,.T.);
#5346=EDGE_CURVE('',#4302,#4297,#1928,.T.);
#5347=EDGE_CURVE('',#4204,#4302,#1929,.T.);
#5348=EDGE_CURVE('',#4296,#4301,#1930,.T.);
#5349=EDGE_CURVE('',#4303,#4203,#1931,.T.);
#5350=EDGE_CURVE('',#4203,#4295,#261,.T.);
#5351=EDGE_CURVE('',#4294,#4303,#262,.T.);
#5352=EDGE_CURVE('',#4303,#4302,#1932,.T.);
#5353=EDGE_CURVE('',#4288,#4295,#1933,.T.);
#5354=EDGE_CURVE('',#4297,#4304,#1934,.T.);
#5355=EDGE_CURVE('',#4305,#4304,#1935,.T.);
#5356=EDGE_CURVE('',#4115,#4305,#1936,.T.);
#5357=EDGE_CURVE('',#4306,#4307,#1937,.T.);
#5358=EDGE_CURVE('',#4307,#4145,#1938,.T.);
#5359=EDGE_CURVE('',#4144,#4306,#1939,.T.);
#5360=EDGE_CURVE('',#4308,#4309,#1940,.T.);
#5361=EDGE_CURVE('',#4309,#4209,#1941,.T.);
#5362=EDGE_CURVE('',#4308,#4208,#1942,.T.);
#5363=EDGE_CURVE('',#4309,#4310,#1943,.T.);
#5364=EDGE_CURVE('',#4310,#4210,#1944,.T.);
#5365=EDGE_CURVE('',#4311,#4312,#1945,.T.);
#5366=EDGE_CURVE('',#4312,#4210,#263,.T.);
#5367=EDGE_CURVE('',#4310,#4311,#264,.T.);
#5368=EDGE_CURVE('',#4307,#4312,#1946,.T.);
#5369=EDGE_CURVE('',#4311,#4146,#1947,.T.);
#5370=EDGE_CURVE('',#4143,#4313,#1948,.T.);
#5371=EDGE_CURVE('',#4313,#4314,#1949,.T.);
#5372=EDGE_CURVE('',#4314,#4306,#1950,.T.);
#5373=EDGE_CURVE('',#4315,#4207,#1951,.T.);
#5374=EDGE_CURVE('',#4207,#4314,#265,.T.);
#5375=EDGE_CURVE('',#4313,#4315,#266,.T.);
#5376=EDGE_CURVE('',#4315,#4308,#1952,.T.);
#5377=EDGE_CURVE('',#4309,#4316,#1953,.T.);
#5378=EDGE_CURVE('',#4317,#4316,#1954,.T.);
#5379=EDGE_CURVE('',#4147,#4317,#1955,.T.);
#5380=EDGE_CURVE('',#4308,#4318,#1956,.T.);
#5381=EDGE_CURVE('',#4316,#4318,#1957,.T.);
#5382=EDGE_CURVE('',#4300,#4314,#1958,.T.);
#5383=EDGE_CURVE('',#4319,#4136,#1959,.T.);
#5384=EDGE_CURVE('',#4319,#4320,#1960,.T.);
#5385=EDGE_CURVE('',#4320,#4137,#1961,.T.);
#5386=EDGE_CURVE('',#4321,#4320,#1962,.T.);
#5387=EDGE_CURVE('',#4138,#4321,#1963,.T.);
#5388=EDGE_CURVE('',#4322,#4104,#1964,.T.);
#5389=EDGE_CURVE('',#4322,#4323,#1965,.T.);
#5390=EDGE_CURVE('',#4323,#4105,#1966,.T.);
#5391=EDGE_CURVE('',#4324,#4323,#1967,.T.);
#5392=EDGE_CURVE('',#4106,#4324,#1968,.T.);
#5393=EDGE_CURVE('',#4325,#4072,#1969,.T.);
#5394=EDGE_CURVE('',#4325,#4326,#1970,.T.);
#5395=EDGE_CURVE('',#4326,#4073,#1971,.T.);
#5396=EDGE_CURVE('',#4327,#4326,#1972,.T.);
#5397=EDGE_CURVE('',#4074,#4327,#1973,.T.);
#5398=EDGE_CURVE('',#4328,#4040,#1974,.T.);
#5399=EDGE_CURVE('',#4328,#4329,#1975,.T.);
#5400=EDGE_CURVE('',#4329,#4041,#1976,.T.);
#5401=EDGE_CURVE('',#4330,#4329,#1977,.T.);
#5402=EDGE_CURVE('',#4042,#4330,#1978,.T.);
#5403=EDGE_CURVE('',#4331,#4008,#1979,.T.);
#5404=EDGE_CURVE('',#4331,#4332,#1980,.T.);
#5405=EDGE_CURVE('',#4332,#4009,#1981,.T.);
#5406=EDGE_CURVE('',#4333,#4332,#1982,.T.);
#5407=EDGE_CURVE('',#4010,#4333,#1983,.T.);
#5408=EDGE_CURVE('',#4334,#3924,#1984,.T.);
#5409=EDGE_CURVE('',#4334,#4335,#1985,.T.);
#5410=EDGE_CURVE('',#4335,#3925,#1986,.T.);
#5411=EDGE_CURVE('',#4336,#4335,#1987,.T.);
#5412=EDGE_CURVE('',#3926,#4336,#1988,.T.);
#5413=EDGE_CURVE('',#3998,#4337,#1989,.T.);
#5414=EDGE_CURVE('',#3997,#4338,#1990,.T.);
#5415=EDGE_CURVE('',#4337,#4338,#1991,.T.);
#5416=EDGE_CURVE('',#4339,#3996,#1992,.T.);
#5417=EDGE_CURVE('',#4338,#4339,#1993,.T.);
#5418=EDGE_CURVE('',#4030,#4340,#1994,.T.);
#5419=EDGE_CURVE('',#4029,#4341,#1995,.T.);
#5420=EDGE_CURVE('',#4340,#4341,#1996,.T.);
#5421=EDGE_CURVE('',#4342,#4028,#1997,.T.);
#5422=EDGE_CURVE('',#4341,#4342,#1998,.T.);
#5423=EDGE_CURVE('',#4062,#4343,#1999,.T.);
#5424=EDGE_CURVE('',#4061,#4344,#2000,.T.);
#5425=EDGE_CURVE('',#4343,#4344,#2001,.T.);
#5426=EDGE_CURVE('',#4345,#4060,#2002,.T.);
#5427=EDGE_CURVE('',#4344,#4345,#2003,.T.);
#5428=EDGE_CURVE('',#4094,#4346,#2004,.T.);
#5429=EDGE_CURVE('',#4093,#4347,#2005,.T.);
#5430=EDGE_CURVE('',#4346,#4347,#2006,.T.);
#5431=EDGE_CURVE('',#4348,#4092,#2007,.T.);
#5432=EDGE_CURVE('',#4347,#4348,#2008,.T.);
#5433=EDGE_CURVE('',#4126,#4349,#2009,.T.);
#5434=EDGE_CURVE('',#4125,#4350,#2010,.T.);
#5435=EDGE_CURVE('',#4349,#4350,#2011,.T.);
#5436=EDGE_CURVE('',#4351,#4124,#2012,.T.);
#5437=EDGE_CURVE('',#4350,#4351,#2013,.T.);
#5438=EDGE_CURVE('',#4352,#4353,#2014,.T.);
#5439=EDGE_CURVE('',#4352,#4354,#2015,.T.);
#5440=EDGE_CURVE('',#4354,#4355,#2016,.T.);
#5441=EDGE_CURVE('',#4353,#4355,#2017,.T.);
#5442=EDGE_CURVE('',#4356,#4354,#2018,.T.);
#5443=EDGE_CURVE('',#4357,#4356,#2019,.T.);
#5444=EDGE_CURVE('',#4355,#4357,#2020,.T.);
#5445=EDGE_CURVE('',#4319,#4141,#2021,.T.);
#5446=EDGE_CURVE('',#4322,#4109,#2022,.T.);
#5447=EDGE_CURVE('',#4325,#4077,#2023,.T.);
#5448=EDGE_CURVE('',#4328,#4045,#2024,.T.);
#5449=EDGE_CURVE('',#4331,#4013,#2025,.T.);
#5450=EDGE_CURVE('',#4334,#3981,#2026,.T.);
#5451=EDGE_CURVE('',#3990,#4337,#2027,.T.);
#5452=EDGE_CURVE('',#4022,#4340,#2028,.T.);
#5453=EDGE_CURVE('',#4054,#4343,#2029,.T.);
#5454=EDGE_CURVE('',#4086,#4346,#2030,.T.);
#5455=EDGE_CURVE('',#4118,#4349,#2031,.T.);
#5456=EDGE_CURVE('',#4150,#4353,#2032,.T.);
#5457=EDGE_CURVE('',#4352,#4149,#2033,.T.);
#5458=EDGE_CURVE('',#4152,#4357,#2034,.T.);
#5459=EDGE_CURVE('',#4154,#4356,#2035,.T.);
#5460=EDGE_CURVE('',#4120,#4351,#2036,.T.);
#5461=EDGE_CURVE('',#4088,#4348,#2037,.T.);
#5462=EDGE_CURVE('',#4056,#4345,#2038,.T.);
#5463=EDGE_CURVE('',#4024,#4342,#2039,.T.);
#5464=EDGE_CURVE('',#3992,#4339,#2040,.T.);
#5465=EDGE_CURVE('',#3930,#4336,#2041,.T.);
#5466=EDGE_CURVE('',#4012,#4333,#2042,.T.);
#5467=EDGE_CURVE('',#4044,#4330,#2043,.T.);
#5468=EDGE_CURVE('',#4076,#4327,#2044,.T.);
#5469=EDGE_CURVE('',#4108,#4324,#2045,.T.);
#5470=EDGE_CURVE('',#4140,#4321,#2046,.T.);
#5471=EDGE_CURVE('',#4251,#4358,#2047,.T.);
#5472=EDGE_CURVE('',#4254,#4358,#2048,.T.);
#5473=EDGE_CURVE('',#4359,#3982,#2049,.T.);
#5474=EDGE_CURVE('',#4358,#4359,#2050,.T.);
#5475=EDGE_CURVE('',#4360,#4014,#2051,.T.);
#5476=EDGE_CURVE('',#4268,#4360,#2052,.T.);
#5477=EDGE_CURVE('',#4290,#4361,#2053,.T.);
#5478=EDGE_CURVE('',#4292,#4361,#2054,.T.);
#5479=EDGE_CURVE('',#4362,#4078,#2055,.T.);
#5480=EDGE_CURVE('',#4361,#4362,#2056,.T.);
#5481=EDGE_CURVE('',#4363,#4142,#2057,.T.);
#5482=EDGE_CURVE('',#4318,#4363,#2058,.T.);
#5483=EDGE_CURVE('',#4302,#4364,#2059,.T.);
#5484=EDGE_CURVE('',#4304,#4364,#2060,.T.);
#5485=EDGE_CURVE('',#4365,#4110,#2061,.T.);
#5486=EDGE_CURVE('',#4364,#4365,#2062,.T.);
#5487=EDGE_CURVE('',#4366,#4046,#2063,.T.);
#5488=EDGE_CURVE('',#4281,#4366,#2064,.T.);
#5489=EDGE_CURVE('',#4359,#3921,#2065,.T.);
#5490=EDGE_CURVE('',#4360,#4005,#2066,.T.);
#5491=EDGE_CURVE('',#4362,#4069,#2067,.T.);
#5492=EDGE_CURVE('',#4363,#4133,#2068,.T.);
#5493=EDGE_CURVE('',#4365,#4101,#2069,.T.);
#5494=EDGE_CURVE('',#4367,#3920,#2070,.T.);
#5495=EDGE_CURVE('',#4367,#4368,#2071,.T.);
#5496=EDGE_CURVE('',#4368,#4317,#2072,.T.);
#5497=EDGE_CURVE('',#4132,#4128,#2073,.T.);
#5498=EDGE_CURVE('',#4127,#4305,#2074,.T.);
#5499=EDGE_CURVE('',#4100,#4096,#2075,.T.);
#5500=EDGE_CURVE('',#4095,#4293,#2076,.T.);
#5501=EDGE_CURVE('',#4068,#4064,#2077,.T.);
#5502=EDGE_CURVE('',#4063,#4280,#2078,.T.);
#5503=EDGE_CURVE('',#4366,#4037,#2079,.T.);
#5504=EDGE_CURVE('',#4036,#4032,#2080,.T.);
#5505=EDGE_CURVE('',#4031,#4267,#2081,.T.);
#5506=EDGE_CURVE('',#4004,#4000,#2082,.T.);
#5507=EDGE_CURVE('',#3999,#4255,#2083,.T.);
#5508=EDGE_CURVE('',#4369,#4253,#2084,.T.);
#5509=EDGE_CURVE('',#4370,#4369,#2085,.T.);
#5510=EDGE_CURVE('',#4371,#4370,#2086,.T.);
#5511=EDGE_CURVE('',#4234,#4371,#2087,.T.);
#5512=EDGE_CURVE('',#4233,#4163,#2088,.T.);
#5513=EDGE_CURVE('',#4372,#4162,#2089,.T.);
#5514=EDGE_CURVE('',#4373,#4372,#2090,.T.);
#5515=EDGE_CURVE('',#4374,#4373,#2091,.T.);
#5516=EDGE_CURVE('',#4375,#4374,#2092,.T.);
#5517=EDGE_CURVE('',#4312,#4375,#2093,.T.);
#5518=EDGE_CURVE('',#4211,#4375,#267,.T.);
#5519=EDGE_CURVE('',#4148,#4368,#2094,.T.);
#5520=EDGE_CURVE('',#4376,#3912,#2095,.F.);
#5521=EDGE_CURVE('',#3917,#4376,#2096,.T.);
#5522=EDGE_CURVE('',#3995,#4003,#2097,.T.);
#5523=EDGE_CURVE('',#4027,#4035,#2098,.T.);
#5524=EDGE_CURVE('',#4059,#4067,#2099,.T.);
#5525=EDGE_CURVE('',#4091,#4099,#2100,.T.);
#5526=EDGE_CURVE('',#4123,#4131,#2101,.T.);
#5527=EDGE_CURVE('',#4155,#4377,#2102,.T.);
#5528=EDGE_CURVE('',#4378,#4377,#2103,.T.);
#5529=EDGE_CURVE('',#4156,#4378,#2104,.T.);
#5530=EDGE_CURVE('',#4379,#4367,#2105,.T.);
#5531=EDGE_CURVE('',#4380,#4379,#2106,.T.);
#5532=EDGE_CURVE('',#4377,#4380,#2107,.T.);
#5533=EDGE_CURVE('',#4380,#4381,#2108,.T.);
#5534=EDGE_CURVE('',#4381,#4382,#2109,.T.);
#5535=EDGE_CURVE('',#4382,#4383,#268,.T.);
#5536=EDGE_CURVE('',#4383,#4384,#2110,.T.);
#5537=EDGE_CURVE('',#4384,#4385,#269,.T.);
#5538=EDGE_CURVE('',#4385,#4378,#2111,.T.);
#5539=EDGE_CURVE('',#4376,#4386,#2112,.T.);
#5540=EDGE_CURVE('',#4386,#4387,#270,.T.);
#5541=EDGE_CURVE('',#4387,#4388,#2113,.T.);
#5542=EDGE_CURVE('',#4388,#4389,#271,.T.);
#5543=EDGE_CURVE('',#4389,#4235,#2114,.T.);
#5544=EDGE_CURVE('',#4179,#4390,#2115,.T.);
#5545=EDGE_CURVE('',#4381,#4390,#2116,.T.);
#5546=EDGE_CURVE('',#4158,#4379,#2117,.T.);
#5547=EDGE_CURVE('',#4385,#4153,#2118,.F.);
#5548=EDGE_CURVE('',#4384,#3975,#2119,.T.);
#5549=EDGE_CURVE('',#4391,#4392,#272,.T.);
#5550=EDGE_CURVE('',#4383,#4391,#2120,.T.);
#5551=EDGE_CURVE('',#4382,#4392,#2121,.T.);
#5552=EDGE_CURVE('',#4392,#4390,#2122,.T.);
#5553=EDGE_CURVE('',#4391,#4393,#2123,.T.);
#5554=EDGE_CURVE('',#4394,#4393,#2124,.T.);
#5555=EDGE_CURVE('',#4395,#4394,#2125,.T.);
#5556=EDGE_CURVE('',#4396,#4395,#2126,.T.);
#5557=EDGE_CURVE('',#4396,#4397,#2127,.T.);
#5558=EDGE_CURVE('',#4397,#4398,#2128,.T.);
#5559=EDGE_CURVE('',#4398,#4399,#2129,.T.);
#5560=EDGE_CURVE('',#4399,#4400,#2130,.T.);
#5561=EDGE_CURVE('',#4401,#4400,#2131,.T.);
#5562=EDGE_CURVE('',#3976,#4401,#2132,.T.);
#5563=EDGE_CURVE('',#3916,#4386,#2133,.T.);
#5564=EDGE_CURVE('',#4402,#4403,#273,.T.);
#5565=EDGE_CURVE('',#4403,#4389,#2134,.T.);
#5566=EDGE_CURVE('',#4402,#4388,#2135,.T.);
#5567=EDGE_CURVE('',#3980,#4387,#2136,.T.);
#5568=EDGE_CURVE('',#4403,#4236,#2137,.T.);
#5569=EDGE_CURVE('',#4404,#3979,#2138,.T.);
#5570=EDGE_CURVE('',#4405,#4404,#2139,.T.);
#5571=EDGE_CURVE('',#4405,#4406,#2140,.T.);
#5572=EDGE_CURVE('',#4406,#4407,#2141,.T.);
#5573=EDGE_CURVE('',#4407,#4408,#2142,.T.);
#5574=EDGE_CURVE('',#4408,#4409,#2143,.T.);
#5575=EDGE_CURVE('',#4410,#4409,#2144,.T.);
#5576=EDGE_CURVE('',#4411,#4410,#2145,.T.);
#5577=EDGE_CURVE('',#4412,#4411,#2146,.T.);
#5578=EDGE_CURVE('',#4412,#4402,#2147,.T.);
#5579=EDGE_CURVE('',#4413,#4414,#2148,.T.);
#5580=EDGE_CURVE('',#4414,#4214,#2149,.T.);
#5581=EDGE_CURVE('',#4213,#4413,#2150,.T.);
#5582=EDGE_CURVE('',#4415,#4416,#2151,.T.);
#5583=EDGE_CURVE('',#4416,#4375,#2152,.T.);
#5584=EDGE_CURVE('',#4374,#4417,#2153,.T.);
#5585=EDGE_CURVE('',#4417,#4415,#2154,.T.);
#5586=EDGE_CURVE('',#4418,#4211,#2155,.T.);
#5587=EDGE_CURVE('',#4416,#4418,#274,.T.);
#5588=EDGE_CURVE('',#4418,#4419,#2156,.T.);
#5589=EDGE_CURVE('',#4419,#4212,#2157,.T.);
#5590=EDGE_CURVE('',#4420,#4417,#2158,.T.);
#5591=EDGE_CURVE('',#4373,#4420,#2159,.T.);
#5592=EDGE_CURVE('',#4419,#4413,#2160,.T.);
#5593=EDGE_CURVE('',#4421,#4372,#2161,.T.);
#5594=EDGE_CURVE('',#4372,#4214,#275,.T.);
#5595=EDGE_CURVE('',#4414,#4421,#276,.T.);
#5596=EDGE_CURVE('',#4421,#4422,#2162,.T.);
#5597=EDGE_CURVE('',#4422,#4420,#2163,.T.);
#5598=EDGE_CURVE('',#4419,#4423,#2164,.T.);
#5599=EDGE_CURVE('',#4423,#4424,#2165,.T.);
#5600=EDGE_CURVE('',#4424,#4413,#2166,.T.);
#5601=EDGE_CURVE('',#4423,#4415,#2167,.T.);
#5602=EDGE_CURVE('',#4425,#4422,#2168,.T.);
#5603=EDGE_CURVE('',#4426,#4425,#2169,.T.);
#5604=EDGE_CURVE('',#4424,#4426,#2170,.T.);
#5605=EDGE_CURVE('',#4426,#4427,#2171,.T.);
#5606=EDGE_CURVE('',#4427,#4428,#2172,.T.);
#5607=EDGE_CURVE('',#4428,#4429,#277,.T.);
#5608=EDGE_CURVE('',#4425,#4429,#2173,.T.);
#5609=EDGE_CURVE('',#4430,#4425,#2174,.T.);
#5610=EDGE_CURVE('',#4431,#4430,#2175,.T.);
#5611=EDGE_CURVE('',#4431,#4432,#2176,.T.);
#5612=EDGE_CURVE('',#4433,#4432,#2177,.T.);
#5613=EDGE_CURVE('',#4434,#4433,#2178,.T.);
#5614=EDGE_CURVE('',#4435,#4434,#278,.T.);
#5615=EDGE_CURVE('',#4436,#4435,#2179,.T.);
#5616=EDGE_CURVE('',#4436,#4400,#2180,.T.);
#5617=EDGE_CURVE('',#4399,#4426,#2181,.T.);
#5618=EDGE_CURVE('',#4437,#4438,#2182,.T.);
#5619=EDGE_CURVE('',#4438,#4186,#2183,.T.);
#5620=EDGE_CURVE('',#4185,#4437,#2184,.T.);
#5621=EDGE_CURVE('',#4439,#4253,#2185,.T.);
#5622=EDGE_CURVE('',#4438,#4439,#279,.T.);
#5623=EDGE_CURVE('',#4439,#4440,#2186,.T.);
#5624=EDGE_CURVE('',#4440,#4441,#2187,.T.);
#5625=EDGE_CURVE('',#4441,#4369,#2188,.T.);
#5626=EDGE_CURVE('',#4442,#4437,#2189,.T.);
#5627=EDGE_CURVE('',#4442,#4184,#2190,.T.);
#5628=EDGE_CURVE('',#4441,#4443,#2191,.T.);
#5629=EDGE_CURVE('',#4443,#4370,#2192,.T.);
#5630=EDGE_CURVE('',#4444,#4445,#2193,.T.);
#5631=EDGE_CURVE('',#4445,#4371,#2194,.T.);
#5632=EDGE_CURVE('',#4443,#4444,#2195,.T.);
#5633=EDGE_CURVE('',#4446,#4183,#2196,.T.);
#5634=EDGE_CURVE('',#4183,#4371,#280,.T.);
#5635=EDGE_CURVE('',#4445,#4446,#281,.T.);
#5636=EDGE_CURVE('',#4446,#4442,#2197,.T.);
#5637=EDGE_CURVE('',#4447,#4440,#2198,.T.);
#5638=EDGE_CURVE('',#4447,#4448,#2199,.T.);
#5639=EDGE_CURVE('',#4448,#4449,#2200,.T.);
#5640=EDGE_CURVE('',#4449,#4450,#2201,.T.);
#5641=EDGE_CURVE('',#4450,#4444,#2202,.T.);
#5642=EDGE_CURVE('',#4437,#4447,#2203,.T.);
#5643=EDGE_CURVE('',#4451,#4452,#282,.T.);
#5644=EDGE_CURVE('',#4451,#4429,#2204,.T.);
#5645=EDGE_CURVE('',#4428,#4452,#2205,.T.);
#5646=EDGE_CURVE('',#4452,#4453,#2206,.T.);
#5647=EDGE_CURVE('',#4398,#4453,#2207,.T.);
#5648=EDGE_CURVE('',#4397,#4454,#2208,.T.);
#5649=EDGE_CURVE('',#4455,#4454,#2209,.T.);
#5650=EDGE_CURVE('',#4456,#4455,#283,.T.);
#5651=EDGE_CURVE('',#4457,#4456,#2210,.T.);
#5652=EDGE_CURVE('',#4458,#4457,#2211,.T.);
#5653=EDGE_CURVE('',#4458,#4451,#2212,.T.);
#5654=EDGE_CURVE('',#4453,#4427,#2213,.T.);
#5655=EDGE_CURVE('',#4459,#4460,#284,.T.);
#5656=EDGE_CURVE('',#4459,#4461,#2214,.T.);
#5657=EDGE_CURVE('',#4461,#4462,#285,.T.);
#5658=EDGE_CURVE('',#4462,#4460,#2215,.T.);
#5659=EDGE_CURVE('',#4450,#4462,#2216,.T.);
#5660=EDGE_CURVE('',#4463,#4450,#2217,.T.);
#5661=EDGE_CURVE('',#4464,#4463,#2218,.T.);
#5662=EDGE_CURVE('',#4464,#4460,#2219,.T.);
#5663=EDGE_CURVE('',#4465,#4466,#286,.T.);
#5664=EDGE_CURVE('',#4465,#4456,#2220,.T.);
#5665=EDGE_CURVE('',#4455,#4466,#2221,.T.);
#5666=EDGE_CURVE('',#4466,#4467,#2222,.T.);
#5667=EDGE_CURVE('',#4396,#4467,#2223,.T.);
#5668=EDGE_CURVE('',#4468,#4395,#2224,.T.);
#5669=EDGE_CURVE('',#4469,#4468,#2225,.T.);
#5670=EDGE_CURVE('',#4470,#4469,#2226,.T.);
#5671=EDGE_CURVE('',#4471,#4470,#2227,.T.);
#5672=EDGE_CURVE('',#4471,#4465,#2228,.T.);
#5673=EDGE_CURVE('',#4467,#4454,#2229,.T.);
#5674=EDGE_CURVE('',#4472,#4473,#287,.T.);
#5675=EDGE_CURVE('',#4472,#4474,#2230,.T.);
#5676=EDGE_CURVE('',#4474,#4475,#288,.T.);
#5677=EDGE_CURVE('',#4475,#4473,#2231,.T.);
#5678=EDGE_CURVE('',#4476,#4475,#2232,.T.);
#5679=EDGE_CURVE('',#4477,#4476,#2233,.T.);
#5680=EDGE_CURVE('',#4477,#4478,#2234,.T.);
#5681=EDGE_CURVE('',#4478,#4473,#2235,.T.);
#5682=EDGE_CURVE('',#4479,#4459,#2236,.T.);
#5683=EDGE_CURVE('',#4480,#4479,#2237,.T.);
#5684=EDGE_CURVE('',#4461,#4480,#2238,.T.);
#5685=EDGE_CURVE('',#4480,#4449,#2239,.T.);
#5686=EDGE_CURVE('',#4448,#4442,#2240,.T.);
#5687=EDGE_CURVE('',#4408,#4481,#2241,.T.);
#5688=EDGE_CURVE('',#4481,#4482,#2242,.T.);
#5689=EDGE_CURVE('',#4409,#4482,#2243,.T.);
#5690=EDGE_CURVE('',#4406,#4449,#2244,.T.);
#5691=EDGE_CURVE('',#4407,#4479,#2245,.T.);
#5692=EDGE_CURVE('',#4482,#4472,#2246,.T.);
#5693=EDGE_CURVE('',#4481,#4474,#2247,.T.);
#5694=EDGE_CURVE('',#4483,#4484,#2248,.T.);
#5695=EDGE_CURVE('',#4485,#4483,#2249,.T.);
#5696=EDGE_CURVE('',#4486,#4485,#2250,.T.);
#5697=EDGE_CURVE('',#4484,#4486,#2251,.T.);
#5698=EDGE_CURVE('',#4487,#4488,#2252,.T.);
#5699=EDGE_CURVE('',#4489,#4487,#2253,.T.);
#5700=EDGE_CURVE('',#4490,#4489,#2254,.T.);
#5701=EDGE_CURVE('',#4488,#4490,#2255,.T.);
#5702=EDGE_CURVE('',#4491,#4401,#2256,.T.);
#5703=EDGE_CURVE('',#3977,#4491,#2257,.T.);
#5704=EDGE_CURVE('',#4492,#3978,#2258,.T.);
#5705=EDGE_CURVE('',#4492,#4404,#2259,.T.);
#5706=EDGE_CURVE('',#4493,#4491,#2260,.T.);
#5707=EDGE_CURVE('',#4494,#4493,#2261,.T.);
#5708=EDGE_CURVE('',#4495,#4494,#2262,.T.);
#5709=EDGE_CURVE('',#4496,#4495,#2263,.T.);
#5710=EDGE_CURVE('',#4497,#4496,#2264,.T.);
#5711=EDGE_CURVE('',#4498,#4497,#2265,.T.);
#5712=EDGE_CURVE('',#4499,#4498,#2266,.T.);
#5713=EDGE_CURVE('',#4500,#4499,#2267,.T.);
#5714=EDGE_CURVE('',#4501,#4500,#2268,.T.);
#5715=EDGE_CURVE('',#4502,#4501,#2269,.T.);
#5716=EDGE_CURVE('',#4503,#4502,#2270,.T.);
#5717=EDGE_CURVE('',#4504,#4503,#2271,.T.);
#5718=EDGE_CURVE('',#4492,#4504,#2272,.T.);
#5719=EDGE_CURVE('',#4505,#4506,#2273,.T.);
#5720=EDGE_CURVE('',#4505,#4483,#2274,.T.);
#5721=EDGE_CURVE('',#4506,#4484,#2275,.T.);
#5722=EDGE_CURVE('',#4507,#4508,#2276,.T.);
#5723=EDGE_CURVE('',#4507,#4486,#2277,.T.);
#5724=EDGE_CURVE('',#4508,#4485,#2278,.T.);
#5725=EDGE_CURVE('',#4509,#4510,#2279,.T.);
#5726=EDGE_CURVE('',#4509,#4487,#2280,.T.);
#5727=EDGE_CURVE('',#4510,#4488,#2281,.T.);
#5728=EDGE_CURVE('',#4511,#4512,#2282,.T.);
#5729=EDGE_CURVE('',#4511,#4490,#2283,.T.);
#5730=EDGE_CURVE('',#4512,#4489,#2284,.T.);
#5731=EDGE_CURVE('',#4513,#4514,#2285,.T.);
#5732=EDGE_CURVE('',#4511,#4514,#2286,.T.);
#5733=EDGE_CURVE('',#4513,#4512,#2287,.T.);
#5734=EDGE_CURVE('',#4468,#4515,#2288,.T.);
#5735=EDGE_CURVE('',#4516,#4515,#2289,.T.);
#5736=EDGE_CURVE('',#4469,#4516,#2290,.T.);
#5737=EDGE_CURVE('',#4517,#4518,#2291,.T.);
#5738=EDGE_CURVE('',#4519,#4518,#2292,.T.);
#5739=EDGE_CURVE('',#4520,#4519,#2293,.T.);
#5740=EDGE_CURVE('',#4520,#4517,#2294,.T.);
#5741=EDGE_CURVE('',#4521,#4522,#2295,.T.);
#5742=EDGE_CURVE('',#4509,#4522,#2296,.T.);
#5743=EDGE_CURVE('',#4521,#4510,#2297,.T.);
#5744=EDGE_CURVE('',#4523,#4506,#2298,.T.);
#5745=EDGE_CURVE('',#4523,#4524,#2299,.T.);
#5746=EDGE_CURVE('',#4505,#4524,#2300,.T.);
#5747=EDGE_CURVE('',#4433,#4508,#2301,.T.);
#5748=EDGE_CURVE('',#4507,#4432,#2302,.T.);
#5749=EDGE_CURVE('',#4525,#4526,#289,.T.);
#5750=EDGE_CURVE('',#4526,#4435,#2303,.T.);
#5751=EDGE_CURVE('',#4434,#4525,#2304,.T.);
#5752=EDGE_CURVE('',#4525,#4524,#2305,.T.);
#5753=EDGE_CURVE('',#4527,#4528,#290,.T.);
#5754=EDGE_CURVE('',#4528,#4529,#2306,.T.);
#5755=EDGE_CURVE('',#4529,#4530,#291,.T.);
#5756=EDGE_CURVE('',#4530,#4527,#2307,.T.);
#5757=EDGE_CURVE('',#4527,#4522,#2308,.T.);
#5758=EDGE_CURVE('',#4531,#4521,#2309,.T.);
#5759=EDGE_CURVE('',#4463,#4531,#2310,.T.);
#5760=EDGE_CURVE('',#4532,#4405,#2311,.T.);
#5761=EDGE_CURVE('',#4528,#4532,#2312,.T.);
#5762=EDGE_CURVE('',#4530,#4513,#2313,.T.);
#5763=EDGE_CURVE('',#4533,#4478,#2314,.T.);
#5764=EDGE_CURVE('',#4533,#4518,#2315,.T.);
#5765=EDGE_CURVE('',#4517,#4410,#2316,.T.);
#5766=EDGE_CURVE('',#4534,#4529,#2317,.T.);
#5767=EDGE_CURVE('',#4534,#4504,#2318,.T.);
#5768=EDGE_CURVE('',#4535,#4503,#2319,.T.);
#5769=EDGE_CURVE('',#4536,#4535,#2320,.T.);
#5770=EDGE_CURVE('',#4536,#4514,#2321,.T.);
#5771=EDGE_CURVE('',#4537,#4436,#2322,.T.);
#5772=EDGE_CURVE('',#4537,#4493,#2323,.T.);
#5773=EDGE_CURVE('',#4532,#4534,#2324,.T.);
#5774=EDGE_CURVE('',#4526,#4537,#2325,.T.);
#5775=EDGE_CURVE('',#4538,#4478,#2326,.T.);
#5776=EDGE_CURVE('',#4231,#4538,#2327,.T.);
#5777=EDGE_CURVE('',#4539,#4231,#2328,.T.);
#5778=EDGE_CURVE('',#4540,#4539,#2329,.T.);
#5779=EDGE_CURVE('',#4540,#4533,#2330,.T.);
#5780=EDGE_CURVE('',#4470,#4541,#2331,.T.);
#5781=EDGE_CURVE('',#4542,#4541,#2332,.T.);
#5782=EDGE_CURVE('',#4542,#4165,#2333,.T.);
#5783=EDGE_CURVE('',#4543,#4165,#2334,.T.);
#5784=EDGE_CURVE('',#4471,#4543,#2335,.T.);
#5785=EDGE_CURVE('',#4544,#4501,#2336,.T.);
#5786=EDGE_CURVE('',#4545,#4544,#2337,.T.);
#5787=EDGE_CURVE('',#4545,#4502,#2338,.T.);
#5788=EDGE_CURVE('',#4535,#4545,#2339,.T.);
#5789=EDGE_CURVE('',#4531,#4536,#2340,.T.);
#5790=EDGE_CURVE('',#4476,#4464,#2341,.T.);
#5791=EDGE_CURVE('',#4546,#4477,#2342,.T.);
#5792=EDGE_CURVE('',#4546,#4538,#2343,.T.);
#5793=EDGE_CURVE('',#4232,#4546,#2344,.T.);
#5794=EDGE_CURVE('',#4547,#4164,#2345,.T.);
#5795=EDGE_CURVE('',#4547,#4543,#2346,.T.);
#5796=EDGE_CURVE('',#4548,#4547,#2347,.T.);
#5797=EDGE_CURVE('',#4548,#4471,#2348,.T.);
#5798=EDGE_CURVE('',#4457,#4548,#2349,.T.);
#5799=EDGE_CURVE('',#4430,#4458,#2350,.T.);
#5800=EDGE_CURVE('',#4549,#4431,#2351,.T.);
#5801=EDGE_CURVE('',#4549,#4523,#2352,.T.);
#5802=EDGE_CURVE('',#4550,#4549,#2353,.T.);
#5803=EDGE_CURVE('',#4550,#4494,#2354,.T.);
#5804=EDGE_CURVE('',#4551,#4550,#2355,.T.);
#5805=EDGE_CURVE('',#4551,#4495,#2356,.T.);
#5806=EDGE_CURVE('',#4552,#4551,#2357,.T.);
#5807=EDGE_CURVE('',#4552,#4496,#2358,.T.);
#5808=EDGE_CURVE('',#4553,#4552,#2359,.T.);
#5809=EDGE_CURVE('',#4553,#4497,#2360,.T.);
#5810=EDGE_CURVE('',#4554,#4553,#2361,.T.);
#5811=EDGE_CURVE('',#4554,#4498,#2362,.T.);
#5812=EDGE_CURVE('',#4555,#4554,#2363,.T.);
#5813=EDGE_CURVE('',#4555,#4499,#2364,.T.);
#5814=EDGE_CURVE('',#4556,#4555,#2365,.T.);
#5815=EDGE_CURVE('',#4556,#4500,#2366,.T.);
#5816=EDGE_CURVE('',#4544,#4556,#2367,.T.);
#5817=EDGE_CURVE('',#4557,#4558,#2368,.T.);
#5818=EDGE_CURVE('',#4558,#4174,#2369,.T.);
#5819=EDGE_CURVE('',#4173,#4557,#2370,.T.);
#5820=EDGE_CURVE('',#4559,#4172,#2371,.T.);
#5821=EDGE_CURVE('',#4557,#4559,#2372,.T.);
#5822=EDGE_CURVE('',#4560,#4561,#1426,.T.);
#5823=EDGE_CURVE('',#4561,#4167,#2373,.T.);
#5824=EDGE_CURVE('',#4166,#4560,#2374,.T.);
#5825=EDGE_CURVE('',#4562,#4542,#2375,.T.);
#5826=EDGE_CURVE('',#4560,#4562,#2376,.T.);
#5827=EDGE_CURVE('',#4563,#4564,#1427,.T.);
#5828=EDGE_CURVE('',#4564,#4169,#2377,.T.);
#5829=EDGE_CURVE('',#4168,#4563,#2378,.T.);
#5830=EDGE_CURVE('',#4563,#4561,#2379,.T.);
#5831=EDGE_CURVE('',#4565,#4566,#1428,.T.);
#5832=EDGE_CURVE('',#4566,#4177,#2380,.T.);
#5833=EDGE_CURVE('',#4176,#4565,#2381,.T.);
#5834=EDGE_CURVE('',#4567,#4175,#2382,.T.);
#5835=EDGE_CURVE('',#4565,#4567,#2383,.T.);
#5836=EDGE_CURVE('',#4170,#4568,#2384,.T.);
#5837=EDGE_CURVE('',#4568,#4569,#1429,.T.);
#5838=EDGE_CURVE('',#4569,#4171,#2385,.T.);
#5839=EDGE_CURVE('',#4559,#4569,#2386,.T.);
#5840=EDGE_CURVE('',#4393,#4570,#2387,.T.);
#5841=EDGE_CURVE('',#4570,#4178,#2388,.T.);
#5842=EDGE_CURVE('',#4570,#4566,#2389,.T.);
#5843=EDGE_CURVE('',#4567,#4558,#2390,.T.);
#5844=EDGE_CURVE('',#4568,#4564,#2391,.T.);
#5845=EDGE_CURVE('',#4571,#4394,#2392,.T.);
#5846=EDGE_CURVE('',#4515,#4571,#2393,.T.);
#5847=EDGE_CURVE('',#4541,#4516,#2394,.T.);
#5848=EDGE_CURVE('',#4571,#4562,#2395,.T.);
#5849=EDGE_CURVE('',#4572,#4573,#2396,.T.);
#5850=EDGE_CURVE('',#4573,#4223,#2397,.T.);
#5851=EDGE_CURVE('',#4222,#4572,#2398,.T.);
#5852=EDGE_CURVE('',#4574,#4573,#2399,.T.);
#5853=EDGE_CURVE('',#4574,#4224,#2400,.T.);
#5854=EDGE_CURVE('',#4572,#4575,#2401,.T.);
#5855=EDGE_CURVE('',#4575,#4576,#2402,.T.);
#5856=EDGE_CURVE('',#4577,#4576,#1430,.T.);
#5857=EDGE_CURVE('',#4577,#4578,#2403,.T.);
#5858=EDGE_CURVE('',#4578,#4412,#2404,.T.);
#5859=EDGE_CURVE('',#4411,#4579,#2405,.T.);
#5860=EDGE_CURVE('',#4580,#4579,#2406,.T.);
#5861=EDGE_CURVE('',#4580,#4581,#2407,.T.);
#5862=EDGE_CURVE('',#4582,#4581,#1431,.T.);
#5863=EDGE_CURVE('',#4582,#4583,#2408,.T.);
#5864=EDGE_CURVE('',#4584,#4583,#1432,.T.);
#5865=EDGE_CURVE('',#4584,#4585,#2409,.T.);
#5866=EDGE_CURVE('',#4586,#4585,#1433,.T.);
#5867=EDGE_CURVE('',#4586,#4574,#2410,.T.);
#5868=EDGE_CURVE('',#4581,#4230,#2411,.T.);
#5869=EDGE_CURVE('',#4229,#4582,#2412,.T.);
#5870=EDGE_CURVE('',#4539,#4580,#2413,.T.);
#5871=EDGE_CURVE('',#4583,#4228,#2414,.T.);
#5872=EDGE_CURVE('',#4227,#4584,#2415,.T.);
#5873=EDGE_CURVE('',#4585,#4226,#2416,.T.);
#5874=EDGE_CURVE('',#4576,#4220,#2417,.T.);
#5875=EDGE_CURVE('',#4219,#4577,#2418,.T.);
#5876=EDGE_CURVE('',#4578,#4218,#2419,.T.);
#5877=EDGE_CURVE('',#4225,#4586,#2420,.T.);
#5878=EDGE_CURVE('',#4575,#4221,#2421,.T.);
#5879=EDGE_CURVE('',#4579,#4520,#2422,.T.);
#5880=EDGE_CURVE('',#4519,#4540,#2423,.T.);
#5881=EDGE_CURVE('',#4587,#4588,#292,.T.);
#5882=EDGE_CURVE('',#4588,#4589,#2424,.T.);
#5883=EDGE_CURVE('',#4589,#4590,#293,.T.);
#5884=EDGE_CURVE('',#4590,#4587,#2425,.T.);
#5885=EDGE_CURVE('',#4588,#4591,#2426,.T.);
#5886=EDGE_CURVE('',#4592,#4591,#2427,.T.);
#5887=EDGE_CURVE('',#4592,#4589,#2428,.T.);
#5888=EDGE_CURVE('',#4593,#4587,#2429,.T.);
#5889=EDGE_CURVE('',#4594,#4593,#2430,.T.);
#5890=EDGE_CURVE('',#4594,#4595,#2431,.T.);
#5891=EDGE_CURVE('',#4596,#4595,#294,.T.);
#5892=EDGE_CURVE('',#4596,#4597,#2432,.T.);
#5893=EDGE_CURVE('',#4598,#4597,#295,.T.);
#5894=EDGE_CURVE('',#4598,#4599,#2433,.T.);
#5895=EDGE_CURVE('',#4600,#4599,#296,.T.);
#5896=EDGE_CURVE('',#4600,#4601,#2434,.T.);
#5897=EDGE_CURVE('',#4601,#4602,#2435,.T.);
#5898=EDGE_CURVE('',#4602,#4603,#2436,.T.);
#5899=EDGE_CURVE('',#4604,#4603,#297,.T.);
#5900=EDGE_CURVE('',#4604,#4605,#2437,.T.);
#5901=EDGE_CURVE('',#4591,#4605,#298,.T.);
#5902=EDGE_CURVE('',#4606,#4607,#299,.T.);
#5903=EDGE_CURVE('',#4607,#4596,#2438,.T.);
#5904=EDGE_CURVE('',#4595,#4606,#2439,.T.);
#5905=EDGE_CURVE('',#4608,#4607,#2440,.T.);
#5906=EDGE_CURVE('',#4597,#4608,#2441,.T.);
#5907=EDGE_CURVE('',#4608,#4609,#300,.T.);
#5908=EDGE_CURVE('',#4609,#4598,#2442,.T.);
#5909=EDGE_CURVE('',#4610,#4611,#301,.T.);
#5910=EDGE_CURVE('',#4611,#4600,#2443,.T.);
#5911=EDGE_CURVE('',#4599,#4610,#2444,.T.);
#5912=EDGE_CURVE('',#4612,#4611,#2445,.T.);
#5913=EDGE_CURVE('',#4613,#4612,#302,.T.);
#5914=EDGE_CURVE('',#4614,#4613,#2446,.T.);
#5915=EDGE_CURVE('',#4615,#4614,#303,.T.);
#5916=EDGE_CURVE('',#4616,#4615,#2447,.T.);
#5917=EDGE_CURVE('',#4617,#4616,#2448,.T.);
#5918=EDGE_CURVE('',#4618,#4617,#2449,.T.);
#5919=EDGE_CURVE('',#4619,#4618,#304,.T.);
#5920=EDGE_CURVE('',#4620,#4619,#2450,.T.);
#5921=EDGE_CURVE('',#4601,#4620,#305,.T.);
#5922=EDGE_CURVE('',#4621,#4622,#306,.T.);
#5923=EDGE_CURVE('',#4622,#4604,#2451,.T.);
#5924=EDGE_CURVE('',#4603,#4621,#2452,.T.);
#5925=EDGE_CURVE('',#4623,#4622,#2453,.T.);
#5926=EDGE_CURVE('',#4605,#4623,#2454,.T.);
#5927=EDGE_CURVE('',#4623,#4592,#307,.T.);
#5928=EDGE_CURVE('',#4624,#4594,#2455,.T.);
#5929=EDGE_CURVE('',#4606,#4624,#2456,.T.);
#5930=EDGE_CURVE('',#4610,#4609,#2457,.T.);
#5931=EDGE_CURVE('',#4625,#4602,#308,.T.);
#5932=EDGE_CURVE('',#4626,#4625,#2458,.T.);
#5933=EDGE_CURVE('',#4627,#4626,#309,.T.);
#5934=EDGE_CURVE('',#4628,#4627,#2459,.T.);
#5935=EDGE_CURVE('',#4629,#4628,#2460,.T.);
#5936=EDGE_CURVE('',#4630,#4629,#2461,.T.);
#5937=EDGE_CURVE('',#4631,#4630,#310,.T.);
#5938=EDGE_CURVE('',#4632,#4631,#2462,.T.);
#5939=EDGE_CURVE('',#4633,#4632,#311,.T.);
#5940=EDGE_CURVE('',#4621,#4633,#2463,.T.);
#5941=EDGE_CURVE('',#4618,#4627,#2464,.T.);
#5942=EDGE_CURVE('',#4619,#4626,#2465,.T.);
#5943=EDGE_CURVE('',#4617,#4628,#2466,.T.);
#5944=EDGE_CURVE('',#4620,#4625,#2467,.T.);
#5945=EDGE_CURVE('',#4616,#4629,#2468,.T.);
#5946=EDGE_CURVE('',#4615,#4630,#2469,.T.);
#5947=EDGE_CURVE('',#4614,#4631,#2470,.T.);
#5948=EDGE_CURVE('',#4613,#4632,#2471,.T.);
#5949=EDGE_CURVE('',#4612,#4633,#2472,.T.);
#5950=EDGE_CURVE('',#4634,#4590,#2473,.T.);
#5951=EDGE_CURVE('',#4593,#4634,#2474,.T.);
#5952=EDGE_CURVE('',#4634,#4624,#2475,.T.);
#5953=EDGE_CURVE('',#4635,#4636,#312,.T.);
#5954=EDGE_CURVE('',#4637,#4635,#2476,.T.);
#5955=EDGE_CURVE('',#4638,#4637,#313,.T.);
#5956=EDGE_CURVE('',#4636,#4638,#2477,.T.);
#5957=EDGE_CURVE('',#4639,#4638,#2478,.T.);
#5958=EDGE_CURVE('',#4639,#4640,#2479,.T.);
#5959=EDGE_CURVE('',#4636,#4640,#2480,.T.);
#5960=EDGE_CURVE('',#4640,#4641,#314,.T.);
#5961=EDGE_CURVE('',#4642,#4641,#2481,.T.);
#5962=EDGE_CURVE('',#4642,#4643,#315,.T.);
#5963=EDGE_CURVE('',#4644,#4643,#2482,.T.);
#5964=EDGE_CURVE('',#4645,#4644,#2483,.T.);
#5965=EDGE_CURVE('',#4646,#4645,#2484,.T.);
#5966=EDGE_CURVE('',#4646,#4647,#316,.T.);
#5967=EDGE_CURVE('',#4648,#4647,#2485,.T.);
#5968=EDGE_CURVE('',#4648,#4649,#317,.T.);
#5969=EDGE_CURVE('',#4650,#4649,#2486,.T.);
#5970=EDGE_CURVE('',#4650,#4651,#318,.T.);
#5971=EDGE_CURVE('',#4652,#4651,#2487,.T.);
#5972=EDGE_CURVE('',#4652,#4653,#2488,.T.);
#5973=EDGE_CURVE('',#4653,#4635,#2489,.T.);
#5974=EDGE_CURVE('',#4654,#4655,#319,.T.);
#5975=EDGE_CURVE('',#4651,#4654,#2490,.T.);
#5976=EDGE_CURVE('',#4655,#4650,#2491,.T.);
#5977=EDGE_CURVE('',#4649,#4656,#2492,.T.);
#5978=EDGE_CURVE('',#4656,#4655,#2493,.T.);
#5979=EDGE_CURVE('',#4657,#4648,#2494,.T.);
#5980=EDGE_CURVE('',#4656,#4657,#320,.T.);
#5981=EDGE_CURVE('',#4658,#4659,#321,.T.);
#5982=EDGE_CURVE('',#4647,#4658,#2495,.T.);
#5983=EDGE_CURVE('',#4659,#4646,#2496,.T.);
#5984=EDGE_CURVE('',#4645,#4660,#322,.T.);
#5985=EDGE_CURVE('',#4660,#4661,#2497,.T.);
#5986=EDGE_CURVE('',#4661,#4662,#323,.T.);
#5987=EDGE_CURVE('',#4662,#4663,#2498,.T.);
#5988=EDGE_CURVE('',#4663,#4664,#2499,.T.);
#5989=EDGE_CURVE('',#4664,#4665,#2500,.T.);
#5990=EDGE_CURVE('',#4665,#4666,#324,.T.);
#5991=EDGE_CURVE('',#4666,#4667,#2501,.T.);
#5992=EDGE_CURVE('',#4667,#4668,#325,.T.);
#5993=EDGE_CURVE('',#4668,#4659,#2502,.T.);
#5994=EDGE_CURVE('',#4669,#4670,#326,.T.);
#5995=EDGE_CURVE('',#4643,#4669,#2503,.T.);
#5996=EDGE_CURVE('',#4670,#4642,#2504,.T.);
#5997=EDGE_CURVE('',#4641,#4671,#2505,.T.);
#5998=EDGE_CURVE('',#4671,#4670,#2506,.T.);
#5999=EDGE_CURVE('',#4671,#4639,#327,.T.);
#6000=EDGE_CURVE('',#4654,#4672,#2507,.T.);
#6001=EDGE_CURVE('',#4672,#4652,#2508,.T.);
#6002=EDGE_CURVE('',#4658,#4657,#2509,.T.);
#6003=EDGE_CURVE('',#4669,#4673,#2510,.T.);
#6004=EDGE_CURVE('',#4673,#4674,#328,.T.);
#6005=EDGE_CURVE('',#4674,#4675,#2511,.T.);
#6006=EDGE_CURVE('',#4675,#4676,#329,.T.);
#6007=EDGE_CURVE('',#4676,#4677,#2512,.T.);
#6008=EDGE_CURVE('',#4677,#4678,#2513,.T.);
#6009=EDGE_CURVE('',#4678,#4679,#2514,.T.);
#6010=EDGE_CURVE('',#4679,#4680,#330,.T.);
#6011=EDGE_CURVE('',#4680,#4681,#2515,.T.);
#6012=EDGE_CURVE('',#4681,#4644,#331,.T.);
#6013=EDGE_CURVE('',#4661,#4680,#2516,.T.);
#6014=EDGE_CURVE('',#4662,#4679,#2517,.T.);
#6015=EDGE_CURVE('',#4663,#4678,#2518,.T.);
#6016=EDGE_CURVE('',#4660,#4681,#2519,.T.);
#6017=EDGE_CURVE('',#4664,#4677,#2520,.T.);
#6018=EDGE_CURVE('',#4665,#4676,#2521,.T.);
#6019=EDGE_CURVE('',#4666,#4675,#2522,.T.);
#6020=EDGE_CURVE('',#4667,#4674,#2523,.T.);
#6021=EDGE_CURVE('',#4668,#4673,#2524,.T.);
#6022=EDGE_CURVE('',#4653,#4682,#2525,.T.);
#6023=EDGE_CURVE('',#4682,#4637,#2526,.T.);
#6024=EDGE_CURVE('',#4682,#4672,#2527,.T.);
#6025=EDGE_CURVE('',#4683,#4684,#332,.T.);
#6026=EDGE_CURVE('',#4684,#4685,#2528,.T.);
#6027=EDGE_CURVE('',#4685,#4686,#333,.T.);
#6028=EDGE_CURVE('',#4686,#4683,#2529,.T.);
#6029=EDGE_CURVE('',#4684,#4687,#2530,.T.);
#6030=EDGE_CURVE('',#4688,#4687,#2531,.T.);
#6031=EDGE_CURVE('',#4685,#4688,#2532,.T.);
#6032=EDGE_CURVE('',#4683,#4689,#2533,.T.);
#6033=EDGE_CURVE('',#4690,#4689,#334,.T.);
#6034=EDGE_CURVE('',#4690,#4691,#2534,.T.);
#6035=EDGE_CURVE('',#4692,#4691,#2535,.T.);
#6036=EDGE_CURVE('',#4692,#4693,#2536,.T.);
#6037=EDGE_CURVE('',#4694,#4693,#2537,.T.);
#6038=EDGE_CURVE('',#4687,#4694,#335,.T.);
#6039=EDGE_CURVE('',#4695,#4696,#2538,.T.);
#6040=EDGE_CURVE('',#4697,#4695,#336,.F.);
#6041=EDGE_CURVE('',#4696,#4697,#2539,.T.);
#6042=EDGE_CURVE('',#4698,#4699,#2540,.T.);
#6043=EDGE_CURVE('',#4699,#4700,#337,.T.);
#6044=EDGE_CURVE('',#4700,#4688,#2541,.T.);
#6045=EDGE_CURVE('',#4688,#4698,#1434,.T.);
#6046=EDGE_CURVE('',#4695,#4700,#338,.T.);
#6047=EDGE_CURVE('',#4699,#4697,#339,.T.);
#6048=EDGE_CURVE('',#4694,#4698,#2542,.T.);
#6049=EDGE_CURVE('',#4693,#4699,#2543,.T.);
#6050=EDGE_CURVE('',#4693,#4701,#340,.T.);
#6051=EDGE_CURVE('',#4697,#4701,#2544,.T.);
#6052=EDGE_CURVE('',#4702,#4703,#341,.T.);
#6053=EDGE_CURVE('',#4703,#4704,#2545,.T.);
#6054=EDGE_CURVE('',#4704,#4705,#342,.T.);
#6055=EDGE_CURVE('',#4705,#4702,#2546,.T.);
#6056=EDGE_CURVE('',#4706,#4703,#2547,.T.);
#6057=EDGE_CURVE('',#4707,#4706,#2548,.T.);
#6058=EDGE_CURVE('',#4707,#4704,#2549,.T.);
#6059=EDGE_CURVE('',#4702,#4708,#2550,.T.);
#6060=EDGE_CURVE('',#4709,#4708,#343,.T.);
#6061=EDGE_CURVE('',#4709,#4710,#2551,.T.);
#6062=EDGE_CURVE('',#4710,#4711,#2552,.T.);
#6063=EDGE_CURVE('',#4711,#4712,#2553,.T.);
#6064=EDGE_CURVE('',#4713,#4712,#2554,.T.);
#6065=EDGE_CURVE('',#4706,#4713,#344,.T.);
#6066=EDGE_CURVE('',#4714,#4707,#345,.T.);
#6067=EDGE_CURVE('',#4713,#4714,#2555,.T.);
#6068=EDGE_CURVE('',#4715,#4716,#346,.T.);
#6069=EDGE_CURVE('',#4716,#4717,#2556,.T.);
#6070=EDGE_CURVE('',#4717,#4718,#347,.T.);
#6071=EDGE_CURVE('',#4718,#4715,#2557,.T.);
#6072=EDGE_CURVE('',#4719,#4718,#2558,.T.);
#6073=EDGE_CURVE('',#4720,#4719,#2559,.T.);
#6074=EDGE_CURVE('',#4720,#4715,#2560,.T.);
#6075=EDGE_CURVE('',#4717,#4721,#2561,.T.);
#6076=EDGE_CURVE('',#4721,#4722,#2562,.T.);
#6077=EDGE_CURVE('',#4723,#4722,#2563,.T.);
#6078=EDGE_CURVE('',#4719,#4723,#348,.T.);
#6079=EDGE_CURVE('',#4724,#4720,#349,.T.);
#6080=EDGE_CURVE('',#4723,#4724,#2564,.T.);
#6081=EDGE_CURVE('',#4722,#4725,#2565,.T.);
#6082=EDGE_CURVE('',#4725,#4724,#2566,.T.);
#6083=EDGE_CURVE('',#4725,#4726,#2567,.T.);
#6084=EDGE_CURVE('',#4727,#4725,#350,.T.);
#6085=EDGE_CURVE('',#4696,#4727,#2568,.T.);
#6086=EDGE_CURVE('',#4726,#4696,#351,.T.);
#6087=EDGE_CURVE('',#4716,#4726,#2569,.T.);
#6088=EDGE_CURVE('',#4726,#4721,#2570,.T.);
#6089=EDGE_CURVE('',#4722,#4728,#352,.T.);
#6090=EDGE_CURVE('',#4728,#4727,#2571,.T.);
#6091=EDGE_CURVE('',#4721,#4701,#353,.T.);
#6092=EDGE_CURVE('',#4701,#4728,#2572,.T.);
#6093=EDGE_CURVE('',#4729,#4730,#1435,.T.);
#6094=EDGE_CURVE('',#4730,#4731,#2573,.T.);
#6095=EDGE_CURVE('',#4731,#4732,#1436,.T.);
#6096=EDGE_CURVE('',#4732,#4729,#2574,.T.);
#6097=EDGE_CURVE('',#4729,#4733,#2575,.T.);
#6098=EDGE_CURVE('',#4734,#4733,#2576,.T.);
#6099=EDGE_CURVE('',#4734,#4735,#2577,.T.);
#6100=EDGE_CURVE('',#4736,#4735,#354,.T.);
#6101=EDGE_CURVE('',#4736,#4730,#2578,.T.);
#6102=EDGE_CURVE('',#4737,#4732,#2579,.T.);
#6103=EDGE_CURVE('',#4738,#4737,#1437,.T.);
#6104=EDGE_CURVE('',#4739,#4738,#2580,.T.);
#6105=EDGE_CURVE('',#4740,#4739,#1438,.T.);
#6106=EDGE_CURVE('',#4741,#4740,#2581,.T.);
#6107=EDGE_CURVE('',#4742,#4741,#1439,.T.);
#6108=EDGE_CURVE('',#4742,#4711,#2582,.T.);
#6109=EDGE_CURVE('',#4743,#4711,#1440,.T.);
#6110=EDGE_CURVE('',#4744,#4743,#2583,.T.);
#6111=EDGE_CURVE('',#4745,#4744,#1441,.T.);
#6112=EDGE_CURVE('',#4746,#4745,#2584,.T.);
#6113=EDGE_CURVE('',#4733,#4746,#1442,.T.);
#6114=EDGE_CURVE('',#4747,#4748,#1443,.T.);
#6115=EDGE_CURVE('',#4748,#4749,#2585,.T.);
#6116=EDGE_CURVE('',#4749,#4750,#1444,.T.);
#6117=EDGE_CURVE('',#4750,#4747,#2586,.T.);
#6118=EDGE_CURVE('',#4747,#4751,#2587,.T.);
#6119=EDGE_CURVE('',#4751,#4752,#2588,.T.);
#6120=EDGE_CURVE('',#4753,#4752,#2589,.T.);
#6121=EDGE_CURVE('',#4754,#4753,#355,.T.);
#6122=EDGE_CURVE('',#4754,#4748,#2590,.T.);
#6123=EDGE_CURVE('',#4755,#4750,#2591,.T.);
#6124=EDGE_CURVE('',#4756,#4755,#1445,.T.);
#6125=EDGE_CURVE('',#4757,#4756,#2592,.T.);
#6126=EDGE_CURVE('',#4758,#4757,#1446,.T.);
#6127=EDGE_CURVE('',#4759,#4758,#2593,.T.);
#6128=EDGE_CURVE('',#4760,#4759,#1447,.T.);
#6129=EDGE_CURVE('',#4760,#4692,#2594,.T.);
#6130=EDGE_CURVE('',#4761,#4692,#1448,.T.);
#6131=EDGE_CURVE('',#4762,#4761,#2595,.T.);
#6132=EDGE_CURVE('',#4763,#4762,#1449,.T.);
#6133=EDGE_CURVE('',#4764,#4763,#2596,.T.);
#6134=EDGE_CURVE('',#4751,#4764,#1450,.T.);
#6135=EDGE_CURVE('',#4738,#4765,#2597,.T.);
#6136=EDGE_CURVE('',#4765,#4766,#2598,.T.);
#6137=EDGE_CURVE('',#4766,#4767,#2599,.T.);
#6138=EDGE_CURVE('',#4739,#4767,#2600,.T.);
#6139=EDGE_CURVE('',#4737,#4768,#2601,.T.);
#6140=EDGE_CURVE('',#4768,#4769,#356,.T.);
#6141=EDGE_CURVE('',#4770,#4769,#47,.T.);
#6142=EDGE_CURVE('',#4770,#4765,#1451,.T.);
#6143=EDGE_CURVE('',#4771,#4731,#2602,.T.);
#6144=EDGE_CURVE('',#4772,#4771,#357,.T.);
#6145=EDGE_CURVE('',#4772,#4768,#2603,.T.);
#6146=EDGE_CURVE('',#4771,#4736,#2604,.T.);
#6147=EDGE_CURVE('',#4773,#4746,#2605,.T.);
#6148=EDGE_CURVE('',#4774,#4773,#1452,.F.);
#6149=EDGE_CURVE('',#4775,#4774,#48,.T.);
#6150=EDGE_CURVE('',#4775,#4734,#358,.T.);
#6151=EDGE_CURVE('',#4776,#4745,#2606,.T.);
#6152=EDGE_CURVE('',#4777,#4776,#2607,.T.);
#6153=EDGE_CURVE('',#4773,#4777,#2608,.T.);
#6154=EDGE_CURVE('',#4763,#4778,#2609,.T.);
#6155=EDGE_CURVE('',#4779,#4778,#2610,.T.);
#6156=EDGE_CURVE('',#4780,#4779,#2611,.T.);
#6157=EDGE_CURVE('',#4780,#4764,#2612,.T.);
#6158=EDGE_CURVE('',#4781,#4762,#2613,.T.);
#6159=EDGE_CURVE('',#4778,#4781,#49,.T.);
#6160=EDGE_CURVE('',#4761,#4782,#2614,.T.);
#6161=EDGE_CURVE('',#4783,#4782,#2615,.T.);
#6162=EDGE_CURVE('',#4783,#4781,#1453,.F.);
#6163=EDGE_CURVE('',#4782,#4691,#359,.T.);
#6164=EDGE_CURVE('',#4784,#4759,#2616,.T.);
#6165=EDGE_CURVE('',#4784,#4785,#360,.T.);
#6166=EDGE_CURVE('',#4785,#4760,#2617,.T.);
#6167=EDGE_CURVE('',#4786,#4758,#2618,.F.);
#6168=EDGE_CURVE('',#4787,#4786,#1454,.T.);
#6169=EDGE_CURVE('',#4787,#4784,#2619,.T.);
#6170=EDGE_CURVE('',#4735,#4772,#2620,.T.);
#6171=EDGE_CURVE('',#4767,#4788,#50,.F.);
#6172=EDGE_CURVE('',#4767,#4776,#2621,.T.);
#6173=EDGE_CURVE('',#4776,#4789,#51,.T.);
#6174=EDGE_CURVE('',#4790,#4789,#1455,.F.);
#6175=EDGE_CURVE('',#4790,#4791,#2622,.T.);
#6176=EDGE_CURVE('',#4791,#4788,#1456,.T.);
#6177=EDGE_CURVE('',#4790,#4792,#2623,.T.);
#6178=EDGE_CURVE('',#4793,#4792,#2624,.T.);
#6179=EDGE_CURVE('',#4791,#4793,#2625,.T.);
#6180=EDGE_CURVE('',#4794,#4795,#1457,.T.);
#6181=EDGE_CURVE('',#4795,#4796,#2626,.T.);
#6182=EDGE_CURVE('',#4796,#4797,#1458,.T.);
#6183=EDGE_CURVE('',#4797,#4798,#361,.T.);
#6184=EDGE_CURVE('',#4798,#4799,#2627,.T.);
#6185=EDGE_CURVE('',#4799,#4794,#362,.T.);
#6186=EDGE_CURVE('',#4800,#4797,#2628,.T.);
#6187=EDGE_CURVE('',#4801,#4800,#363,.T.);
#6188=EDGE_CURVE('',#4801,#4798,#2629,.T.);
#6189=EDGE_CURVE('',#4796,#4802,#364,.T.);
#6190=EDGE_CURVE('',#4802,#4774,#52,.F.);
#6191=EDGE_CURVE('',#4777,#4803,#365,.T.);
#6192=EDGE_CURVE('',#4800,#4803,#1459,.T.);
#6193=EDGE_CURVE('',#4795,#4804,#366,.T.);
#6194=EDGE_CURVE('',#4802,#4804,#2630,.T.);
#6195=EDGE_CURVE('',#4805,#4806,#367,.T.);
#6196=EDGE_CURVE('',#4806,#4801,#2631,.T.);
#6197=EDGE_CURVE('',#4803,#4807,#2632,.T.);
#6198=EDGE_CURVE('',#4807,#4805,#1460,.T.);
#6199=EDGE_CURVE('',#4806,#4799,#2633,.T.);
#6200=EDGE_CURVE('',#4794,#4805,#2634,.T.);
#6201=EDGE_CURVE('',#4769,#4775,#2635,.T.);
#6202=EDGE_CURVE('',#4804,#4770,#53,.T.);
#6203=EDGE_CURVE('',#4708,#4808,#2636,.T.);
#6204=EDGE_CURVE('',#4808,#4809,#368,.T.);
#6205=EDGE_CURVE('',#4809,#4709,#2637,.T.);
#6206=EDGE_CURVE('',#4808,#4705,#2638,.T.);
#6207=EDGE_CURVE('',#4777,#4766,#2639,.T.);
#6208=EDGE_CURVE('',#4807,#4766,#369,.T.);
#6209=EDGE_CURVE('',#4768,#4734,#2640,.T.);
#6210=EDGE_CURVE('',#4744,#4789,#2641,.T.);
#6211=EDGE_CURVE('',#4740,#4788,#2642,.T.);
#6212=EDGE_CURVE('',#4741,#4793,#2643,.T.);
#6213=EDGE_CURVE('',#4793,#4810,#370,.T.);
#6214=EDGE_CURVE('',#4810,#4742,#2644,.T.);
#6215=EDGE_CURVE('',#4792,#4743,#2645,.T.);
#6216=EDGE_CURVE('',#4792,#4710,#371,.T.);
#6217=EDGE_CURVE('',#4710,#4810,#2646,.T.);
#6218=EDGE_CURVE('',#4811,#4812,#372,.T.);
#6219=EDGE_CURVE('',#4812,#4754,#2647,.T.);
#6220=EDGE_CURVE('',#4753,#4811,#2648,.T.);
#6221=EDGE_CURVE('',#4752,#4813,#2649,.T.);
#6222=EDGE_CURVE('',#4813,#4811,#2650,.T.);
#6223=EDGE_CURVE('',#4783,#4787,#2651,.T.);
#6224=EDGE_CURVE('',#4814,#4786,#54,.F.);
#6225=EDGE_CURVE('',#4814,#4778,#2652,.T.);
#6226=EDGE_CURVE('',#4815,#4814,#2653,.T.);
#6227=EDGE_CURVE('',#4815,#4779,#2654,.T.);
#6228=EDGE_CURVE('',#4816,#4817,#373,.T.);
#6229=EDGE_CURVE('',#4817,#4818,#2655,.T.);
#6230=EDGE_CURVE('',#4818,#4819,#374,.T.);
#6231=EDGE_CURVE('',#4819,#4820,#1461,.T.);
#6232=EDGE_CURVE('',#4820,#4821,#2656,.T.);
#6233=EDGE_CURVE('',#4821,#4816,#1462,.T.);
#6234=EDGE_CURVE('',#4821,#4822,#375,.T.);
#6235=EDGE_CURVE('',#4823,#4822,#55,.T.);
#6236=EDGE_CURVE('',#4823,#4780,#1463,.T.);
#6237=EDGE_CURVE('',#4824,#4779,#376,.T.);
#6238=EDGE_CURVE('',#4825,#4824,#1464,.T.);
#6239=EDGE_CURVE('',#4816,#4825,#2657,.T.);
#6240=EDGE_CURVE('',#4820,#4826,#377,.T.);
#6241=EDGE_CURVE('',#4822,#4826,#2658,.T.);
#6242=EDGE_CURVE('',#4827,#4819,#2659,.T.);
#6243=EDGE_CURVE('',#4828,#4827,#1465,.T.);
#6244=EDGE_CURVE('',#4815,#4828,#378,.T.);
#6245=EDGE_CURVE('',#4829,#4815,#2660,.T.);
#6246=EDGE_CURVE('',#4830,#4829,#1466,.F.);
#6247=EDGE_CURVE('',#4826,#4830,#56,.T.);
#6248=EDGE_CURVE('',#4824,#4828,#2661,.T.);
#6249=EDGE_CURVE('',#4827,#4831,#379,.T.);
#6250=EDGE_CURVE('',#4831,#4832,#2662,.T.);
#6251=EDGE_CURVE('',#4832,#4825,#380,.T.);
#6252=EDGE_CURVE('',#4832,#4817,#2663,.T.);
#6253=EDGE_CURVE('',#4833,#4830,#57,.F.);
#6254=EDGE_CURVE('',#4833,#4834,#2664,.T.);
#6255=EDGE_CURVE('',#4834,#4823,#58,.T.);
#6256=EDGE_CURVE('',#4833,#4813,#381,.T.);
#6257=EDGE_CURVE('',#4752,#4834,#382,.T.);
#6258=EDGE_CURVE('',#4689,#4835,#2665,.T.);
#6259=EDGE_CURVE('',#4835,#4836,#383,.T.);
#6260=EDGE_CURVE('',#4836,#4690,#2666,.T.);
#6261=EDGE_CURVE('',#4835,#4686,#2667,.T.);
#6262=EDGE_CURVE('',#4831,#4818,#2668,.T.);
#6263=EDGE_CURVE('',#4813,#4755,#2669,.T.);
#6264=EDGE_CURVE('',#4756,#4829,#2670,.T.);
#6265=EDGE_CURVE('',#4812,#4749,#2671,.T.);
#6266=EDGE_CURVE('',#4814,#4757,#2672,.T.);
#6267=EDGE_CURVE('',#4782,#4784,#2673,.T.);
#6268=EDGE_CURVE('',#4691,#4785,#2674,.T.);
#6269=EDGE_CURVE('',#4810,#4809,#2675,.T.);
#6270=EDGE_CURVE('',#4785,#4836,#2676,.T.);
#6271=EDGE_CURVE('',#4837,#4742,#2677,.T.);
#6272=EDGE_CURVE('',#4728,#4837,#384,.T.);
#6273=EDGE_CURVE('',#4838,#4728,#2678,.T.);
#6274=EDGE_CURVE('',#4742,#4838,#385,.T.);
#6275=EDGE_CURVE('',#4712,#4837,#2679,.T.);
#6276=EDGE_CURVE('',#4712,#4727,#386,.T.);
#6277=EDGE_CURVE('',#4839,#4838,#2680,.T.);
#6278=EDGE_CURVE('',#4711,#4839,#387,.T.);
#6279=EDGE_CURVE('',#4837,#4714,#2681,.T.);
#6280=EDGE_CURVE('',#4727,#4839,#2682,.T.);
#6281=EDGE_CURVE('',#4838,#4840,#2683,.T.);
#6282=EDGE_CURVE('',#4840,#4841,#2684,.T.);
#6283=EDGE_CURVE('',#4839,#4841,#2685,.T.);
#6284=EDGE_CURVE('',#4701,#4840,#2686,.T.);
#6285=EDGE_CURVE('',#4840,#4692,#388,.T.);
#6286=EDGE_CURVE('',#4700,#4760,#2687,.T.);
#6287=EDGE_CURVE('',#4760,#4841,#389,.T.);
#6288=EDGE_CURVE('',#4841,#4695,#2688,.T.);
#6289=ORIENTED_EDGE('',*,*,#4842,.F.);
#6290=ORIENTED_EDGE('',*,*,#4843,.T.);
#6291=ORIENTED_EDGE('',*,*,#4844,.T.);
#6292=ORIENTED_EDGE('',*,*,#4845,.T.);
#6293=ORIENTED_EDGE('',*,*,#4846,.T.);
#6294=ORIENTED_EDGE('',*,*,#4847,.F.);
#6295=ORIENTED_EDGE('',*,*,#4843,.F.);
#6296=ORIENTED_EDGE('',*,*,#4848,.F.);
#6297=ORIENTED_EDGE('',*,*,#4849,.F.);
#6298=ORIENTED_EDGE('',*,*,#4850,.F.);
#6299=ORIENTED_EDGE('',*,*,#4851,.F.);
#6300=ORIENTED_EDGE('',*,*,#4852,.T.);
#6301=ORIENTED_EDGE('',*,*,#4853,.T.);
#6302=ORIENTED_EDGE('',*,*,#4854,.F.);
#6303=ORIENTED_EDGE('',*,*,#4855,.T.);
#6304=ORIENTED_EDGE('',*,*,#4856,.T.);
#6305=ORIENTED_EDGE('',*,*,#4857,.T.);
#6306=ORIENTED_EDGE('',*,*,#4858,.F.);
#6307=ORIENTED_EDGE('',*,*,#4859,.T.);
#6308=ORIENTED_EDGE('',*,*,#4860,.T.);
#6309=ORIENTED_EDGE('',*,*,#4861,.T.);
#6310=ORIENTED_EDGE('',*,*,#4862,.T.);
#6311=ORIENTED_EDGE('',*,*,#4863,.T.);
#6312=ORIENTED_EDGE('',*,*,#4860,.F.);
#6313=ORIENTED_EDGE('',*,*,#4864,.T.);
#6314=ORIENTED_EDGE('',*,*,#4865,.F.);
#6315=ORIENTED_EDGE('',*,*,#4866,.T.);
#6316=ORIENTED_EDGE('',*,*,#4867,.F.);
#6317=ORIENTED_EDGE('',*,*,#4868,.T.);
#6318=ORIENTED_EDGE('',*,*,#4869,.F.);
#6319=ORIENTED_EDGE('',*,*,#4870,.T.);
#6320=ORIENTED_EDGE('',*,*,#4871,.F.);
#6321=ORIENTED_EDGE('',*,*,#4872,.T.);
#6322=ORIENTED_EDGE('',*,*,#4873,.F.);
#6323=ORIENTED_EDGE('',*,*,#4874,.T.);
#6324=ORIENTED_EDGE('',*,*,#4875,.F.);
#6325=ORIENTED_EDGE('',*,*,#4876,.T.);
#6326=ORIENTED_EDGE('',*,*,#4877,.F.);
#6327=ORIENTED_EDGE('',*,*,#4878,.T.);
#6328=ORIENTED_EDGE('',*,*,#4879,.F.);
#6329=ORIENTED_EDGE('',*,*,#4880,.T.);
#6330=ORIENTED_EDGE('',*,*,#4881,.F.);
#6331=ORIENTED_EDGE('',*,*,#4882,.T.);
#6332=ORIENTED_EDGE('',*,*,#4883,.F.);
#6333=ORIENTED_EDGE('',*,*,#4884,.T.);
#6334=ORIENTED_EDGE('',*,*,#4885,.F.);
#6335=ORIENTED_EDGE('',*,*,#4886,.T.);
#6336=ORIENTED_EDGE('',*,*,#4887,.F.);
#6337=ORIENTED_EDGE('',*,*,#4888,.T.);
#6338=ORIENTED_EDGE('',*,*,#4889,.F.);
#6339=ORIENTED_EDGE('',*,*,#4890,.T.);
#6340=ORIENTED_EDGE('',*,*,#4891,.F.);
#6341=ORIENTED_EDGE('',*,*,#4892,.T.);
#6342=ORIENTED_EDGE('',*,*,#4893,.F.);
#6343=ORIENTED_EDGE('',*,*,#4894,.T.);
#6344=ORIENTED_EDGE('',*,*,#4895,.F.);
#6345=ORIENTED_EDGE('',*,*,#4896,.T.);
#6346=ORIENTED_EDGE('',*,*,#4897,.F.);
#6347=ORIENTED_EDGE('',*,*,#4898,.T.);
#6348=ORIENTED_EDGE('',*,*,#4899,.F.);
#6349=ORIENTED_EDGE('',*,*,#4900,.T.);
#6350=ORIENTED_EDGE('',*,*,#4901,.F.);
#6351=ORIENTED_EDGE('',*,*,#4902,.T.);
#6352=ORIENTED_EDGE('',*,*,#4903,.F.);
#6353=ORIENTED_EDGE('',*,*,#4904,.T.);
#6354=ORIENTED_EDGE('',*,*,#4905,.F.);
#6355=ORIENTED_EDGE('',*,*,#4906,.T.);
#6356=ORIENTED_EDGE('',*,*,#4907,.F.);
#6357=ORIENTED_EDGE('',*,*,#4908,.F.);
#6358=ORIENTED_EDGE('',*,*,#4909,.F.);
#6359=ORIENTED_EDGE('',*,*,#4910,.F.);
#6360=ORIENTED_EDGE('',*,*,#4911,.F.);
#6361=ORIENTED_EDGE('',*,*,#4912,.T.);
#6362=ORIENTED_EDGE('',*,*,#4913,.F.);
#6363=ORIENTED_EDGE('',*,*,#4914,.T.);
#6364=ORIENTED_EDGE('',*,*,#4845,.F.);
#6365=ORIENTED_EDGE('',*,*,#4859,.F.);
#6366=ORIENTED_EDGE('',*,*,#4915,.T.);
#6367=ORIENTED_EDGE('',*,*,#4916,.T.);
#6368=ORIENTED_EDGE('',*,*,#4854,.T.);
#6369=ORIENTED_EDGE('',*,*,#4917,.T.);
#6370=ORIENTED_EDGE('',*,*,#4918,.T.);
#6371=ORIENTED_EDGE('',*,*,#4919,.F.);
#6372=ORIENTED_EDGE('',*,*,#4920,.T.);
#6373=ORIENTED_EDGE('',*,*,#4921,.F.);
#6374=ORIENTED_EDGE('',*,*,#4922,.T.);
#6375=ORIENTED_EDGE('',*,*,#4923,.T.);
#6376=ORIENTED_EDGE('',*,*,#4924,.F.);
#6377=ORIENTED_EDGE('',*,*,#4925,.T.);
#6378=ORIENTED_EDGE('',*,*,#4926,.T.);
#6379=ORIENTED_EDGE('',*,*,#4927,.F.);
#6380=ORIENTED_EDGE('',*,*,#4864,.F.);
#6381=ORIENTED_EDGE('',*,*,#4927,.T.);
#6382=ORIENTED_EDGE('',*,*,#4928,.T.);
#6383=ORIENTED_EDGE('',*,*,#4929,.T.);
#6384=ORIENTED_EDGE('',*,*,#4865,.T.);
#6385=ORIENTED_EDGE('',*,*,#4930,.T.);
#6386=ORIENTED_EDGE('',*,*,#4931,.T.);
#6387=ORIENTED_EDGE('',*,*,#4932,.T.);
#6388=ORIENTED_EDGE('',*,*,#4867,.T.);
#6389=ORIENTED_EDGE('',*,*,#4933,.F.);
#6390=ORIENTED_EDGE('',*,*,#4931,.F.);
#6391=ORIENTED_EDGE('',*,*,#4934,.T.);
#6392=ORIENTED_EDGE('',*,*,#4935,.T.);
#6393=ORIENTED_EDGE('',*,*,#4936,.F.);
#6394=ORIENTED_EDGE('',*,*,#4937,.T.);
#6395=ORIENTED_EDGE('',*,*,#4924,.T.);
#6396=ORIENTED_EDGE('',*,*,#4938,.T.);
#6397=ORIENTED_EDGE('',*,*,#4939,.F.);
#6398=ORIENTED_EDGE('',*,*,#4940,.F.);
#6399=ORIENTED_EDGE('',*,*,#4941,.T.);
#6400=ORIENTED_EDGE('',*,*,#4942,.T.);
#6401=ORIENTED_EDGE('',*,*,#4943,.T.);
#6402=ORIENTED_EDGE('',*,*,#4869,.T.);
#6403=ORIENTED_EDGE('',*,*,#4942,.F.);
#6404=ORIENTED_EDGE('',*,*,#4944,.F.);
#6405=ORIENTED_EDGE('',*,*,#4945,.F.);
#6406=ORIENTED_EDGE('',*,*,#4946,.T.);
#6407=ORIENTED_EDGE('',*,*,#4947,.T.);
#6408=ORIENTED_EDGE('',*,*,#4948,.F.);
#6409=ORIENTED_EDGE('',*,*,#4949,.T.);
#6410=ORIENTED_EDGE('',*,*,#4950,.T.);
#6411=ORIENTED_EDGE('',*,*,#4951,.T.);
#6412=ORIENTED_EDGE('',*,*,#4952,.F.);
#6413=ORIENTED_EDGE('',*,*,#4953,.T.);
#6414=ORIENTED_EDGE('',*,*,#4871,.T.);
#6415=ORIENTED_EDGE('',*,*,#4954,.T.);
#6416=ORIENTED_EDGE('',*,*,#4955,.T.);
#6417=ORIENTED_EDGE('',*,*,#4953,.F.);
#6418=ORIENTED_EDGE('',*,*,#4956,.T.);
#6419=ORIENTED_EDGE('',*,*,#4957,.T.);
#6420=ORIENTED_EDGE('',*,*,#4948,.T.);
#6421=ORIENTED_EDGE('',*,*,#4958,.T.);
#6422=ORIENTED_EDGE('',*,*,#4959,.T.);
#6423=ORIENTED_EDGE('',*,*,#4960,.F.);
#6424=ORIENTED_EDGE('',*,*,#4961,.F.);
#6425=ORIENTED_EDGE('',*,*,#4962,.F.);
#6426=ORIENTED_EDGE('',*,*,#4963,.T.);
#6427=ORIENTED_EDGE('',*,*,#4964,.T.);
#6428=ORIENTED_EDGE('',*,*,#4965,.F.);
#6429=ORIENTED_EDGE('',*,*,#4966,.T.);
#6430=ORIENTED_EDGE('',*,*,#4967,.T.);
#6431=ORIENTED_EDGE('',*,*,#4968,.F.);
#6432=ORIENTED_EDGE('',*,*,#4872,.F.);
#6433=ORIENTED_EDGE('',*,*,#4968,.T.);
#6434=ORIENTED_EDGE('',*,*,#4969,.T.);
#6435=ORIENTED_EDGE('',*,*,#4970,.T.);
#6436=ORIENTED_EDGE('',*,*,#4873,.T.);
#6437=ORIENTED_EDGE('',*,*,#4971,.T.);
#6438=ORIENTED_EDGE('',*,*,#4972,.T.);
#6439=ORIENTED_EDGE('',*,*,#4973,.T.);
#6440=ORIENTED_EDGE('',*,*,#4875,.T.);
#6441=ORIENTED_EDGE('',*,*,#4974,.F.);
#6442=ORIENTED_EDGE('',*,*,#4972,.F.);
#6443=ORIENTED_EDGE('',*,*,#4975,.T.);
#6444=ORIENTED_EDGE('',*,*,#4976,.T.);
#6445=ORIENTED_EDGE('',*,*,#4977,.F.);
#6446=ORIENTED_EDGE('',*,*,#4978,.T.);
#6447=ORIENTED_EDGE('',*,*,#4965,.T.);
#6448=ORIENTED_EDGE('',*,*,#4979,.T.);
#6449=ORIENTED_EDGE('',*,*,#4980,.F.);
#6450=ORIENTED_EDGE('',*,*,#4981,.F.);
#6451=ORIENTED_EDGE('',*,*,#4982,.T.);
#6452=ORIENTED_EDGE('',*,*,#4983,.T.);
#6453=ORIENTED_EDGE('',*,*,#4984,.T.);
#6454=ORIENTED_EDGE('',*,*,#4877,.T.);
#6455=ORIENTED_EDGE('',*,*,#4983,.F.);
#6456=ORIENTED_EDGE('',*,*,#4985,.F.);
#6457=ORIENTED_EDGE('',*,*,#4986,.F.);
#6458=ORIENTED_EDGE('',*,*,#4987,.T.);
#6459=ORIENTED_EDGE('',*,*,#4988,.T.);
#6460=ORIENTED_EDGE('',*,*,#4989,.F.);
#6461=ORIENTED_EDGE('',*,*,#4990,.T.);
#6462=ORIENTED_EDGE('',*,*,#4991,.T.);
#6463=ORIENTED_EDGE('',*,*,#4992,.T.);
#6464=ORIENTED_EDGE('',*,*,#4993,.F.);
#6465=ORIENTED_EDGE('',*,*,#4994,.T.);
#6466=ORIENTED_EDGE('',*,*,#4879,.T.);
#6467=ORIENTED_EDGE('',*,*,#4995,.T.);
#6468=ORIENTED_EDGE('',*,*,#4996,.T.);
#6469=ORIENTED_EDGE('',*,*,#4994,.F.);
#6470=ORIENTED_EDGE('',*,*,#4997,.T.);
#6471=ORIENTED_EDGE('',*,*,#4998,.T.);
#6472=ORIENTED_EDGE('',*,*,#4989,.T.);
#6473=ORIENTED_EDGE('',*,*,#4999,.T.);
#6474=ORIENTED_EDGE('',*,*,#5000,.T.);
#6475=ORIENTED_EDGE('',*,*,#5001,.F.);
#6476=ORIENTED_EDGE('',*,*,#5002,.F.);
#6477=ORIENTED_EDGE('',*,*,#5003,.F.);
#6478=ORIENTED_EDGE('',*,*,#5004,.T.);
#6479=ORIENTED_EDGE('',*,*,#5005,.T.);
#6480=ORIENTED_EDGE('',*,*,#5006,.F.);
#6481=ORIENTED_EDGE('',*,*,#5007,.T.);
#6482=ORIENTED_EDGE('',*,*,#5008,.T.);
#6483=ORIENTED_EDGE('',*,*,#5009,.F.);
#6484=ORIENTED_EDGE('',*,*,#4880,.F.);
#6485=ORIENTED_EDGE('',*,*,#5009,.T.);
#6486=ORIENTED_EDGE('',*,*,#5010,.T.);
#6487=ORIENTED_EDGE('',*,*,#5011,.T.);
#6488=ORIENTED_EDGE('',*,*,#4881,.T.);
#6489=ORIENTED_EDGE('',*,*,#5012,.T.);
#6490=ORIENTED_EDGE('',*,*,#5013,.T.);
#6491=ORIENTED_EDGE('',*,*,#5014,.T.);
#6492=ORIENTED_EDGE('',*,*,#4883,.T.);
#6493=ORIENTED_EDGE('',*,*,#5015,.F.);
#6494=ORIENTED_EDGE('',*,*,#5013,.F.);
#6495=ORIENTED_EDGE('',*,*,#5016,.T.);
#6496=ORIENTED_EDGE('',*,*,#5017,.T.);
#6497=ORIENTED_EDGE('',*,*,#5018,.F.);
#6498=ORIENTED_EDGE('',*,*,#5019,.T.);
#6499=ORIENTED_EDGE('',*,*,#5006,.T.);
#6500=ORIENTED_EDGE('',*,*,#5020,.T.);
#6501=ORIENTED_EDGE('',*,*,#5021,.F.);
#6502=ORIENTED_EDGE('',*,*,#5022,.F.);
#6503=ORIENTED_EDGE('',*,*,#5023,.T.);
#6504=ORIENTED_EDGE('',*,*,#5024,.T.);
#6505=ORIENTED_EDGE('',*,*,#5025,.T.);
#6506=ORIENTED_EDGE('',*,*,#4885,.T.);
#6507=ORIENTED_EDGE('',*,*,#5024,.F.);
#6508=ORIENTED_EDGE('',*,*,#5026,.F.);
#6509=ORIENTED_EDGE('',*,*,#5027,.F.);
#6510=ORIENTED_EDGE('',*,*,#5028,.T.);
#6511=ORIENTED_EDGE('',*,*,#5029,.T.);
#6512=ORIENTED_EDGE('',*,*,#5030,.F.);
#6513=ORIENTED_EDGE('',*,*,#5031,.T.);
#6514=ORIENTED_EDGE('',*,*,#5032,.T.);
#6515=ORIENTED_EDGE('',*,*,#5033,.T.);
#6516=ORIENTED_EDGE('',*,*,#5034,.F.);
#6517=ORIENTED_EDGE('',*,*,#5035,.T.);
#6518=ORIENTED_EDGE('',*,*,#4887,.T.);
#6519=ORIENTED_EDGE('',*,*,#5036,.T.);
#6520=ORIENTED_EDGE('',*,*,#5037,.T.);
#6521=ORIENTED_EDGE('',*,*,#5035,.F.);
#6522=ORIENTED_EDGE('',*,*,#5038,.T.);
#6523=ORIENTED_EDGE('',*,*,#5039,.T.);
#6524=ORIENTED_EDGE('',*,*,#5030,.T.);
#6525=ORIENTED_EDGE('',*,*,#5040,.T.);
#6526=ORIENTED_EDGE('',*,*,#5041,.T.);
#6527=ORIENTED_EDGE('',*,*,#5042,.F.);
#6528=ORIENTED_EDGE('',*,*,#5043,.T.);
#6529=ORIENTED_EDGE('',*,*,#5044,.F.);
#6530=ORIENTED_EDGE('',*,*,#5045,.T.);
#6531=ORIENTED_EDGE('',*,*,#5046,.T.);
#6532=ORIENTED_EDGE('',*,*,#5047,.F.);
#6533=ORIENTED_EDGE('',*,*,#5048,.T.);
#6534=ORIENTED_EDGE('',*,*,#5049,.T.);
#6535=ORIENTED_EDGE('',*,*,#5050,.F.);
#6536=ORIENTED_EDGE('',*,*,#4888,.F.);
#6537=ORIENTED_EDGE('',*,*,#5050,.T.);
#6538=ORIENTED_EDGE('',*,*,#5051,.T.);
#6539=ORIENTED_EDGE('',*,*,#5052,.T.);
#6540=ORIENTED_EDGE('',*,*,#4889,.T.);
#6541=ORIENTED_EDGE('',*,*,#5053,.T.);
#6542=ORIENTED_EDGE('',*,*,#5054,.T.);
#6543=ORIENTED_EDGE('',*,*,#5055,.T.);
#6544=ORIENTED_EDGE('',*,*,#4891,.T.);
#6545=ORIENTED_EDGE('',*,*,#5056,.F.);
#6546=ORIENTED_EDGE('',*,*,#5054,.F.);
#6547=ORIENTED_EDGE('',*,*,#5057,.T.);
#6548=ORIENTED_EDGE('',*,*,#5058,.T.);
#6549=ORIENTED_EDGE('',*,*,#5059,.F.);
#6550=ORIENTED_EDGE('',*,*,#5060,.T.);
#6551=ORIENTED_EDGE('',*,*,#5047,.T.);
#6552=ORIENTED_EDGE('',*,*,#5061,.T.);
#6553=ORIENTED_EDGE('',*,*,#5062,.F.);
#6554=ORIENTED_EDGE('',*,*,#5063,.F.);
#6555=ORIENTED_EDGE('',*,*,#5064,.T.);
#6556=ORIENTED_EDGE('',*,*,#5065,.T.);
#6557=ORIENTED_EDGE('',*,*,#5066,.T.);
#6558=ORIENTED_EDGE('',*,*,#4893,.T.);
#6559=ORIENTED_EDGE('',*,*,#5065,.F.);
#6560=ORIENTED_EDGE('',*,*,#5067,.F.);
#6561=ORIENTED_EDGE('',*,*,#5068,.F.);
#6562=ORIENTED_EDGE('',*,*,#5069,.T.);
#6563=ORIENTED_EDGE('',*,*,#5070,.T.);
#6564=ORIENTED_EDGE('',*,*,#5071,.F.);
#6565=ORIENTED_EDGE('',*,*,#5072,.T.);
#6566=ORIENTED_EDGE('',*,*,#5073,.T.);
#6567=ORIENTED_EDGE('',*,*,#5074,.T.);
#6568=ORIENTED_EDGE('',*,*,#5075,.F.);
#6569=ORIENTED_EDGE('',*,*,#5076,.T.);
#6570=ORIENTED_EDGE('',*,*,#4895,.T.);
#6571=ORIENTED_EDGE('',*,*,#5077,.T.);
#6572=ORIENTED_EDGE('',*,*,#5078,.T.);
#6573=ORIENTED_EDGE('',*,*,#5076,.F.);
#6574=ORIENTED_EDGE('',*,*,#5079,.T.);
#6575=ORIENTED_EDGE('',*,*,#5080,.T.);
#6576=ORIENTED_EDGE('',*,*,#5071,.T.);
#6577=ORIENTED_EDGE('',*,*,#5081,.T.);
#6578=ORIENTED_EDGE('',*,*,#5082,.T.);
#6579=ORIENTED_EDGE('',*,*,#5083,.F.);
#6580=ORIENTED_EDGE('',*,*,#5084,.T.);
#6581=ORIENTED_EDGE('',*,*,#5085,.F.);
#6582=ORIENTED_EDGE('',*,*,#5086,.T.);
#6583=ORIENTED_EDGE('',*,*,#5087,.T.);
#6584=ORIENTED_EDGE('',*,*,#5088,.F.);
#6585=ORIENTED_EDGE('',*,*,#5089,.T.);
#6586=ORIENTED_EDGE('',*,*,#5090,.T.);
#6587=ORIENTED_EDGE('',*,*,#5091,.F.);
#6588=ORIENTED_EDGE('',*,*,#4896,.F.);
#6589=ORIENTED_EDGE('',*,*,#5091,.T.);
#6590=ORIENTED_EDGE('',*,*,#5092,.T.);
#6591=ORIENTED_EDGE('',*,*,#5093,.T.);
#6592=ORIENTED_EDGE('',*,*,#4897,.T.);
#6593=ORIENTED_EDGE('',*,*,#5094,.T.);
#6594=ORIENTED_EDGE('',*,*,#5095,.T.);
#6595=ORIENTED_EDGE('',*,*,#5096,.T.);
#6596=ORIENTED_EDGE('',*,*,#4899,.T.);
#6597=ORIENTED_EDGE('',*,*,#5097,.F.);
#6598=ORIENTED_EDGE('',*,*,#5095,.F.);
#6599=ORIENTED_EDGE('',*,*,#5098,.T.);
#6600=ORIENTED_EDGE('',*,*,#5099,.T.);
#6601=ORIENTED_EDGE('',*,*,#5100,.F.);
#6602=ORIENTED_EDGE('',*,*,#5101,.T.);
#6603=ORIENTED_EDGE('',*,*,#5088,.T.);
#6604=ORIENTED_EDGE('',*,*,#5102,.T.);
#6605=ORIENTED_EDGE('',*,*,#5103,.F.);
#6606=ORIENTED_EDGE('',*,*,#5104,.F.);
#6607=ORIENTED_EDGE('',*,*,#5105,.T.);
#6608=ORIENTED_EDGE('',*,*,#5106,.T.);
#6609=ORIENTED_EDGE('',*,*,#5107,.T.);
#6610=ORIENTED_EDGE('',*,*,#4901,.T.);
#6611=ORIENTED_EDGE('',*,*,#5106,.F.);
#6612=ORIENTED_EDGE('',*,*,#5108,.F.);
#6613=ORIENTED_EDGE('',*,*,#5109,.F.);
#6614=ORIENTED_EDGE('',*,*,#5110,.T.);
#6615=ORIENTED_EDGE('',*,*,#5111,.T.);
#6616=ORIENTED_EDGE('',*,*,#5112,.F.);
#6617=ORIENTED_EDGE('',*,*,#5113,.T.);
#6618=ORIENTED_EDGE('',*,*,#5114,.T.);
#6619=ORIENTED_EDGE('',*,*,#5115,.T.);
#6620=ORIENTED_EDGE('',*,*,#5116,.F.);
#6621=ORIENTED_EDGE('',*,*,#5117,.T.);
#6622=ORIENTED_EDGE('',*,*,#4903,.T.);
#6623=ORIENTED_EDGE('',*,*,#5118,.T.);
#6624=ORIENTED_EDGE('',*,*,#5119,.T.);
#6625=ORIENTED_EDGE('',*,*,#5117,.F.);
#6626=ORIENTED_EDGE('',*,*,#5120,.T.);
#6627=ORIENTED_EDGE('',*,*,#5121,.T.);
#6628=ORIENTED_EDGE('',*,*,#5112,.T.);
#6629=ORIENTED_EDGE('',*,*,#5122,.T.);
#6630=ORIENTED_EDGE('',*,*,#5123,.T.);
#6631=ORIENTED_EDGE('',*,*,#5124,.F.);
#6632=ORIENTED_EDGE('',*,*,#5125,.F.);
#6633=ORIENTED_EDGE('',*,*,#5126,.F.);
#6634=ORIENTED_EDGE('',*,*,#5127,.T.);
#6635=ORIENTED_EDGE('',*,*,#5128,.T.);
#6636=ORIENTED_EDGE('',*,*,#5129,.F.);
#6637=ORIENTED_EDGE('',*,*,#5130,.T.);
#6638=ORIENTED_EDGE('',*,*,#5131,.T.);
#6639=ORIENTED_EDGE('',*,*,#5132,.F.);
#6640=ORIENTED_EDGE('',*,*,#4904,.F.);
#6641=ORIENTED_EDGE('',*,*,#5132,.T.);
#6642=ORIENTED_EDGE('',*,*,#5133,.T.);
#6643=ORIENTED_EDGE('',*,*,#5134,.T.);
#6644=ORIENTED_EDGE('',*,*,#4905,.T.);
#6645=ORIENTED_EDGE('',*,*,#5135,.F.);
#6646=ORIENTED_EDGE('',*,*,#4907,.T.);
#6647=ORIENTED_EDGE('',*,*,#5136,.T.);
#6648=ORIENTED_EDGE('',*,*,#5137,.T.);
#6649=ORIENTED_EDGE('',*,*,#5138,.T.);
#6650=ORIENTED_EDGE('',*,*,#5139,.F.);
#6651=ORIENTED_EDGE('',*,*,#5140,.T.);
#6652=ORIENTED_EDGE('',*,*,#5141,.T.);
#6653=ORIENTED_EDGE('',*,*,#5142,.T.);
#6654=ORIENTED_EDGE('',*,*,#5143,.T.);
#6655=ORIENTED_EDGE('',*,*,#5143,.F.);
#6656=ORIENTED_EDGE('',*,*,#5144,.F.);
#6657=ORIENTED_EDGE('',*,*,#5145,.F.);
#6658=ORIENTED_EDGE('',*,*,#5146,.F.);
#6659=ORIENTED_EDGE('',*,*,#5147,.F.);
#6660=ORIENTED_EDGE('',*,*,#5148,.T.);
#6661=ORIENTED_EDGE('',*,*,#5149,.T.);
#6662=ORIENTED_EDGE('',*,*,#5150,.F.);
#6663=ORIENTED_EDGE('',*,*,#5151,.T.);
#6664=ORIENTED_EDGE('',*,*,#5152,.F.);
#6665=ORIENTED_EDGE('',*,*,#5153,.T.);
#6666=ORIENTED_EDGE('',*,*,#5154,.T.);
#6667=ORIENTED_EDGE('',*,*,#5155,.T.);
#6668=ORIENTED_EDGE('',*,*,#5156,.T.);
#6669=ORIENTED_EDGE('',*,*,#5157,.F.);
#6670=ORIENTED_EDGE('',*,*,#5158,.T.);
#6671=ORIENTED_EDGE('',*,*,#5159,.T.);
#6672=ORIENTED_EDGE('',*,*,#5160,.F.);
#6673=ORIENTED_EDGE('',*,*,#5161,.T.);
#6674=ORIENTED_EDGE('',*,*,#5162,.T.);
#6675=ORIENTED_EDGE('',*,*,#5163,.T.);
#6676=ORIENTED_EDGE('',*,*,#5142,.F.);
#6677=ORIENTED_EDGE('',*,*,#5164,.F.);
#6678=ORIENTED_EDGE('',*,*,#5165,.F.);
#6679=ORIENTED_EDGE('',*,*,#5166,.F.);
#6680=ORIENTED_EDGE('',*,*,#5167,.F.);
#6681=ORIENTED_EDGE('',*,*,#5168,.F.);
#6682=ORIENTED_EDGE('',*,*,#5169,.F.);
#6683=ORIENTED_EDGE('',*,*,#5170,.F.);
#6684=ORIENTED_EDGE('',*,*,#5171,.F.);
#6685=ORIENTED_EDGE('',*,*,#5172,.F.);
#6686=ORIENTED_EDGE('',*,*,#5173,.F.);
#6687=ORIENTED_EDGE('',*,*,#5174,.F.);
#6688=ORIENTED_EDGE('',*,*,#5175,.F.);
#6689=ORIENTED_EDGE('',*,*,#5176,.F.);
#6690=ORIENTED_EDGE('',*,*,#5177,.F.);
#6691=ORIENTED_EDGE('',*,*,#5178,.F.);
#6692=ORIENTED_EDGE('',*,*,#5179,.F.);
#6693=ORIENTED_EDGE('',*,*,#5180,.F.);
#6694=ORIENTED_EDGE('',*,*,#5181,.F.);
#6695=ORIENTED_EDGE('',*,*,#5182,.F.);
#6696=ORIENTED_EDGE('',*,*,#5183,.F.);
#6697=ORIENTED_EDGE('',*,*,#5184,.F.);
#6698=ORIENTED_EDGE('',*,*,#5185,.F.);
#6699=ORIENTED_EDGE('',*,*,#5186,.F.);
#6700=ORIENTED_EDGE('',*,*,#5187,.F.);
#6701=ORIENTED_EDGE('',*,*,#5188,.F.);
#6702=ORIENTED_EDGE('',*,*,#5189,.F.);
#6703=ORIENTED_EDGE('',*,*,#5190,.F.);
#6704=ORIENTED_EDGE('',*,*,#5191,.F.);
#6705=ORIENTED_EDGE('',*,*,#5192,.F.);
#6706=ORIENTED_EDGE('',*,*,#5193,.F.);
#6707=ORIENTED_EDGE('',*,*,#5194,.F.);
#6708=ORIENTED_EDGE('',*,*,#5195,.F.);
#6709=ORIENTED_EDGE('',*,*,#5196,.F.);
#6710=ORIENTED_EDGE('',*,*,#5197,.F.);
#6711=ORIENTED_EDGE('',*,*,#5198,.F.);
#6712=ORIENTED_EDGE('',*,*,#5199,.F.);
#6713=ORIENTED_EDGE('',*,*,#5144,.T.);
#6714=ORIENTED_EDGE('',*,*,#5165,.T.);
#6715=ORIENTED_EDGE('',*,*,#5200,.T.);
#6716=ORIENTED_EDGE('',*,*,#5201,.T.);
#6717=ORIENTED_EDGE('',*,*,#5202,.T.);
#6718=ORIENTED_EDGE('',*,*,#5202,.F.);
#6719=ORIENTED_EDGE('',*,*,#5203,.T.);
#6720=ORIENTED_EDGE('',*,*,#5204,.T.);
#6721=ORIENTED_EDGE('',*,*,#5205,.F.);
#6722=ORIENTED_EDGE('',*,*,#5206,.F.);
#6723=ORIENTED_EDGE('',*,*,#5207,.F.);
#6724=ORIENTED_EDGE('',*,*,#5208,.F.);
#6725=ORIENTED_EDGE('',*,*,#5209,.F.);
#6726=ORIENTED_EDGE('',*,*,#5210,.F.);
#6727=ORIENTED_EDGE('',*,*,#5211,.F.);
#6728=ORIENTED_EDGE('',*,*,#5212,.T.);
#6729=ORIENTED_EDGE('',*,*,#5213,.F.);
#6730=ORIENTED_EDGE('',*,*,#5214,.F.);
#6731=ORIENTED_EDGE('',*,*,#5215,.F.);
#6732=ORIENTED_EDGE('',*,*,#5216,.F.);
#6733=ORIENTED_EDGE('',*,*,#5217,.F.);
#6734=ORIENTED_EDGE('',*,*,#5218,.T.);
#6735=ORIENTED_EDGE('',*,*,#5219,.F.);
#6736=ORIENTED_EDGE('',*,*,#5220,.F.);
#6737=ORIENTED_EDGE('',*,*,#5221,.F.);
#6738=ORIENTED_EDGE('',*,*,#5166,.T.);
#6739=ORIENTED_EDGE('',*,*,#5201,.F.);
#6740=ORIENTED_EDGE('',*,*,#5222,.F.);
#6741=ORIENTED_EDGE('',*,*,#4850,.T.);
#6742=ORIENTED_EDGE('',*,*,#5223,.F.);
#6743=ORIENTED_EDGE('',*,*,#5224,.T.);
#6744=ORIENTED_EDGE('',*,*,#5225,.T.);
#6745=ORIENTED_EDGE('',*,*,#5203,.F.);
#6746=ORIENTED_EDGE('',*,*,#5226,.T.);
#6747=ORIENTED_EDGE('',*,*,#5227,.T.);
#6748=ORIENTED_EDGE('',*,*,#5226,.F.);
#6749=ORIENTED_EDGE('',*,*,#5228,.F.);
#6750=ORIENTED_EDGE('',*,*,#5227,.F.);
#6751=ORIENTED_EDGE('',*,*,#5229,.T.);
#6752=ORIENTED_EDGE('',*,*,#5230,.T.);
#6753=ORIENTED_EDGE('',*,*,#5231,.F.);
#6754=ORIENTED_EDGE('',*,*,#5230,.F.);
#6755=ORIENTED_EDGE('',*,*,#5229,.F.);
#6756=ORIENTED_EDGE('',*,*,#5232,.T.);
#6757=ORIENTED_EDGE('',*,*,#5233,.T.);
#6758=ORIENTED_EDGE('',*,*,#5234,.T.);
#6759=ORIENTED_EDGE('',*,*,#5235,.T.);
#6760=ORIENTED_EDGE('',*,*,#4919,.T.);
#6761=ORIENTED_EDGE('',*,*,#5236,.T.);
#6762=ORIENTED_EDGE('',*,*,#5237,.T.);
#6763=ORIENTED_EDGE('',*,*,#5174,.T.);
#6764=ORIENTED_EDGE('',*,*,#5238,.T.);
#6765=ORIENTED_EDGE('',*,*,#5239,.T.);
#6766=ORIENTED_EDGE('',*,*,#5240,.T.);
#6767=ORIENTED_EDGE('',*,*,#5237,.F.);
#6768=ORIENTED_EDGE('',*,*,#5241,.T.);
#6769=ORIENTED_EDGE('',*,*,#5242,.T.);
#6770=ORIENTED_EDGE('',*,*,#5239,.F.);
#6771=ORIENTED_EDGE('',*,*,#5243,.T.);
#6772=ORIENTED_EDGE('',*,*,#4921,.T.);
#6773=ORIENTED_EDGE('',*,*,#5244,.T.);
#6774=ORIENTED_EDGE('',*,*,#5245,.T.);
#6775=ORIENTED_EDGE('',*,*,#5238,.F.);
#6776=ORIENTED_EDGE('',*,*,#5173,.T.);
#6777=ORIENTED_EDGE('',*,*,#5246,.T.);
#6778=ORIENTED_EDGE('',*,*,#5247,.T.);
#6779=ORIENTED_EDGE('',*,*,#5244,.F.);
#6780=ORIENTED_EDGE('',*,*,#4920,.F.);
#6781=ORIENTED_EDGE('',*,*,#5235,.F.);
#6782=ORIENTED_EDGE('',*,*,#5248,.T.);
#6783=ORIENTED_EDGE('',*,*,#5249,.T.);
#6784=ORIENTED_EDGE('',*,*,#5233,.F.);
#6785=ORIENTED_EDGE('',*,*,#5250,.T.);
#6786=ORIENTED_EDGE('',*,*,#5172,.T.);
#6787=ORIENTED_EDGE('',*,*,#5248,.F.);
#6788=ORIENTED_EDGE('',*,*,#5251,.T.);
#6789=ORIENTED_EDGE('',*,*,#5246,.F.);
#6790=ORIENTED_EDGE('',*,*,#5249,.F.);
#6791=ORIENTED_EDGE('',*,*,#5171,.T.);
#6792=ORIENTED_EDGE('',*,*,#5252,.F.);
#6793=ORIENTED_EDGE('',*,*,#5253,.T.);
#6794=ORIENTED_EDGE('',*,*,#5243,.F.);
#6795=ORIENTED_EDGE('',*,*,#5241,.F.);
#6796=ORIENTED_EDGE('',*,*,#5236,.F.);
#6797=ORIENTED_EDGE('',*,*,#5254,.T.);
#6798=ORIENTED_EDGE('',*,*,#5255,.F.);
#6799=ORIENTED_EDGE('',*,*,#5256,.F.);
#6800=ORIENTED_EDGE('',*,*,#4922,.F.);
#6801=ORIENTED_EDGE('',*,*,#5257,.T.);
#6802=ORIENTED_EDGE('',*,*,#5258,.T.);
#6803=ORIENTED_EDGE('',*,*,#4961,.T.);
#6804=ORIENTED_EDGE('',*,*,#5259,.T.);
#6805=ORIENTED_EDGE('',*,*,#5260,.T.);
#6806=ORIENTED_EDGE('',*,*,#5261,.T.);
#6807=ORIENTED_EDGE('',*,*,#5177,.T.);
#6808=ORIENTED_EDGE('',*,*,#5262,.F.);
#6809=ORIENTED_EDGE('',*,*,#5263,.T.);
#6810=ORIENTED_EDGE('',*,*,#5264,.T.);
#6811=ORIENTED_EDGE('',*,*,#5178,.T.);
#6812=ORIENTED_EDGE('',*,*,#5261,.F.);
#6813=ORIENTED_EDGE('',*,*,#5265,.T.);
#6814=ORIENTED_EDGE('',*,*,#5266,.T.);
#6815=ORIENTED_EDGE('',*,*,#5264,.F.);
#6816=ORIENTED_EDGE('',*,*,#5267,.T.);
#6817=ORIENTED_EDGE('',*,*,#5268,.T.);
#6818=ORIENTED_EDGE('',*,*,#5265,.F.);
#6819=ORIENTED_EDGE('',*,*,#5269,.T.);
#6820=ORIENTED_EDGE('',*,*,#4962,.T.);
#6821=ORIENTED_EDGE('',*,*,#5258,.F.);
#6822=ORIENTED_EDGE('',*,*,#5270,.T.);
#6823=ORIENTED_EDGE('',*,*,#5271,.T.);
#6824=ORIENTED_EDGE('',*,*,#5272,.T.);
#6825=ORIENTED_EDGE('',*,*,#5259,.F.);
#6826=ORIENTED_EDGE('',*,*,#4960,.T.);
#6827=ORIENTED_EDGE('',*,*,#5273,.T.);
#6828=ORIENTED_EDGE('',*,*,#5274,.T.);
#6829=ORIENTED_EDGE('',*,*,#5271,.F.);
#6830=ORIENTED_EDGE('',*,*,#5275,.T.);
#6831=ORIENTED_EDGE('',*,*,#5176,.T.);
#6832=ORIENTED_EDGE('',*,*,#5273,.F.);
#6833=ORIENTED_EDGE('',*,*,#5276,.T.);
#6834=ORIENTED_EDGE('',*,*,#5262,.T.);
#6835=ORIENTED_EDGE('',*,*,#5240,.F.);
#6836=ORIENTED_EDGE('',*,*,#5277,.T.);
#6837=ORIENTED_EDGE('',*,*,#5274,.F.);
#6838=ORIENTED_EDGE('',*,*,#5175,.T.);
#6839=ORIENTED_EDGE('',*,*,#5269,.F.);
#6840=ORIENTED_EDGE('',*,*,#5267,.F.);
#6841=ORIENTED_EDGE('',*,*,#5263,.F.);
#6842=ORIENTED_EDGE('',*,*,#5278,.T.);
#6843=ORIENTED_EDGE('',*,*,#5279,.F.);
#6844=ORIENTED_EDGE('',*,*,#5280,.F.);
#6845=ORIENTED_EDGE('',*,*,#4963,.F.);
#6846=ORIENTED_EDGE('',*,*,#5260,.F.);
#6847=ORIENTED_EDGE('',*,*,#5281,.T.);
#6848=ORIENTED_EDGE('',*,*,#5282,.F.);
#6849=ORIENTED_EDGE('',*,*,#5278,.F.);
#6850=ORIENTED_EDGE('',*,*,#5283,.T.);
#6851=ORIENTED_EDGE('',*,*,#5284,.T.);
#6852=ORIENTED_EDGE('',*,*,#5002,.T.);
#6853=ORIENTED_EDGE('',*,*,#5285,.T.);
#6854=ORIENTED_EDGE('',*,*,#5286,.T.);
#6855=ORIENTED_EDGE('',*,*,#5287,.T.);
#6856=ORIENTED_EDGE('',*,*,#5181,.T.);
#6857=ORIENTED_EDGE('',*,*,#5288,.F.);
#6858=ORIENTED_EDGE('',*,*,#5289,.T.);
#6859=ORIENTED_EDGE('',*,*,#5290,.T.);
#6860=ORIENTED_EDGE('',*,*,#5182,.T.);
#6861=ORIENTED_EDGE('',*,*,#5287,.F.);
#6862=ORIENTED_EDGE('',*,*,#5291,.T.);
#6863=ORIENTED_EDGE('',*,*,#5292,.T.);
#6864=ORIENTED_EDGE('',*,*,#5290,.F.);
#6865=ORIENTED_EDGE('',*,*,#5293,.T.);
#6866=ORIENTED_EDGE('',*,*,#5294,.T.);
#6867=ORIENTED_EDGE('',*,*,#5291,.F.);
#6868=ORIENTED_EDGE('',*,*,#5295,.T.);
#6869=ORIENTED_EDGE('',*,*,#5003,.T.);
#6870=ORIENTED_EDGE('',*,*,#5284,.F.);
#6871=ORIENTED_EDGE('',*,*,#5296,.T.);
#6872=ORIENTED_EDGE('',*,*,#5297,.T.);
#6873=ORIENTED_EDGE('',*,*,#5298,.T.);
#6874=ORIENTED_EDGE('',*,*,#5285,.F.);
#6875=ORIENTED_EDGE('',*,*,#5001,.T.);
#6876=ORIENTED_EDGE('',*,*,#5299,.T.);
#6877=ORIENTED_EDGE('',*,*,#5300,.T.);
#6878=ORIENTED_EDGE('',*,*,#5297,.F.);
#6879=ORIENTED_EDGE('',*,*,#5301,.T.);
#6880=ORIENTED_EDGE('',*,*,#5180,.T.);
#6881=ORIENTED_EDGE('',*,*,#5299,.F.);
#6882=ORIENTED_EDGE('',*,*,#5302,.T.);
#6883=ORIENTED_EDGE('',*,*,#5288,.T.);
#6884=ORIENTED_EDGE('',*,*,#5266,.F.);
#6885=ORIENTED_EDGE('',*,*,#5303,.T.);
#6886=ORIENTED_EDGE('',*,*,#5300,.F.);
#6887=ORIENTED_EDGE('',*,*,#5179,.T.);
#6888=ORIENTED_EDGE('',*,*,#5295,.F.);
#6889=ORIENTED_EDGE('',*,*,#5293,.F.);
#6890=ORIENTED_EDGE('',*,*,#5289,.F.);
#6891=ORIENTED_EDGE('',*,*,#5304,.T.);
#6892=ORIENTED_EDGE('',*,*,#5305,.F.);
#6893=ORIENTED_EDGE('',*,*,#5306,.F.);
#6894=ORIENTED_EDGE('',*,*,#5004,.F.);
#6895=ORIENTED_EDGE('',*,*,#5286,.F.);
#6896=ORIENTED_EDGE('',*,*,#5307,.T.);
#6897=ORIENTED_EDGE('',*,*,#5308,.F.);
#6898=ORIENTED_EDGE('',*,*,#5304,.F.);
#6899=ORIENTED_EDGE('',*,*,#5309,.T.);
#6900=ORIENTED_EDGE('',*,*,#5310,.T.);
#6901=ORIENTED_EDGE('',*,*,#5311,.T.);
#6902=ORIENTED_EDGE('',*,*,#5312,.T.);
#6903=ORIENTED_EDGE('',*,*,#5042,.T.);
#6904=ORIENTED_EDGE('',*,*,#5313,.T.);
#6905=ORIENTED_EDGE('',*,*,#5314,.T.);
#6906=ORIENTED_EDGE('',*,*,#5186,.T.);
#6907=ORIENTED_EDGE('',*,*,#5315,.T.);
#6908=ORIENTED_EDGE('',*,*,#5316,.T.);
#6909=ORIENTED_EDGE('',*,*,#5317,.T.);
#6910=ORIENTED_EDGE('',*,*,#5314,.F.);
#6911=ORIENTED_EDGE('',*,*,#5318,.T.);
#6912=ORIENTED_EDGE('',*,*,#5319,.T.);
#6913=ORIENTED_EDGE('',*,*,#5316,.F.);
#6914=ORIENTED_EDGE('',*,*,#5320,.T.);
#6915=ORIENTED_EDGE('',*,*,#5044,.T.);
#6916=ORIENTED_EDGE('',*,*,#5321,.T.);
#6917=ORIENTED_EDGE('',*,*,#5322,.T.);
#6918=ORIENTED_EDGE('',*,*,#5315,.F.);
#6919=ORIENTED_EDGE('',*,*,#5185,.T.);
#6920=ORIENTED_EDGE('',*,*,#5323,.T.);
#6921=ORIENTED_EDGE('',*,*,#5324,.T.);
#6922=ORIENTED_EDGE('',*,*,#5321,.F.);
#6923=ORIENTED_EDGE('',*,*,#5043,.F.);
#6924=ORIENTED_EDGE('',*,*,#5312,.F.);
#6925=ORIENTED_EDGE('',*,*,#5325,.T.);
#6926=ORIENTED_EDGE('',*,*,#5326,.T.);
#6927=ORIENTED_EDGE('',*,*,#5310,.F.);
#6928=ORIENTED_EDGE('',*,*,#5327,.T.);
#6929=ORIENTED_EDGE('',*,*,#5184,.T.);
#6930=ORIENTED_EDGE('',*,*,#5325,.F.);
#6931=ORIENTED_EDGE('',*,*,#5328,.T.);
#6932=ORIENTED_EDGE('',*,*,#5323,.F.);
#6933=ORIENTED_EDGE('',*,*,#5292,.F.);
#6934=ORIENTED_EDGE('',*,*,#5329,.T.);
#6935=ORIENTED_EDGE('',*,*,#5326,.F.);
#6936=ORIENTED_EDGE('',*,*,#5183,.T.);
#6937=ORIENTED_EDGE('',*,*,#5320,.F.);
#6938=ORIENTED_EDGE('',*,*,#5318,.F.);
#6939=ORIENTED_EDGE('',*,*,#5313,.F.);
#6940=ORIENTED_EDGE('',*,*,#5330,.T.);
#6941=ORIENTED_EDGE('',*,*,#5331,.F.);
#6942=ORIENTED_EDGE('',*,*,#5332,.F.);
#6943=ORIENTED_EDGE('',*,*,#5045,.F.);
#6944=ORIENTED_EDGE('',*,*,#5333,.T.);
#6945=ORIENTED_EDGE('',*,*,#5334,.T.);
#6946=ORIENTED_EDGE('',*,*,#5335,.T.);
#6947=ORIENTED_EDGE('',*,*,#5336,.T.);
#6948=ORIENTED_EDGE('',*,*,#5083,.T.);
#6949=ORIENTED_EDGE('',*,*,#5337,.T.);
#6950=ORIENTED_EDGE('',*,*,#5338,.T.);
#6951=ORIENTED_EDGE('',*,*,#5190,.T.);
#6952=ORIENTED_EDGE('',*,*,#5339,.T.);
#6953=ORIENTED_EDGE('',*,*,#5340,.T.);
#6954=ORIENTED_EDGE('',*,*,#5341,.T.);
#6955=ORIENTED_EDGE('',*,*,#5338,.F.);
#6956=ORIENTED_EDGE('',*,*,#5342,.T.);
#6957=ORIENTED_EDGE('',*,*,#5343,.T.);
#6958=ORIENTED_EDGE('',*,*,#5340,.F.);
#6959=ORIENTED_EDGE('',*,*,#5344,.T.);
#6960=ORIENTED_EDGE('',*,*,#5085,.T.);
#6961=ORIENTED_EDGE('',*,*,#5345,.T.);
#6962=ORIENTED_EDGE('',*,*,#5346,.T.);
#6963=ORIENTED_EDGE('',*,*,#5339,.F.);
#6964=ORIENTED_EDGE('',*,*,#5189,.T.);
#6965=ORIENTED_EDGE('',*,*,#5347,.T.);
#6966=ORIENTED_EDGE('',*,*,#5348,.T.);
#6967=ORIENTED_EDGE('',*,*,#5345,.F.);
#6968=ORIENTED_EDGE('',*,*,#5084,.F.);
#6969=ORIENTED_EDGE('',*,*,#5336,.F.);
#6970=ORIENTED_EDGE('',*,*,#5349,.T.);
#6971=ORIENTED_EDGE('',*,*,#5350,.T.);
#6972=ORIENTED_EDGE('',*,*,#5334,.F.);
#6973=ORIENTED_EDGE('',*,*,#5351,.T.);
#6974=ORIENTED_EDGE('',*,*,#5188,.T.);
#6975=ORIENTED_EDGE('',*,*,#5349,.F.);
#6976=ORIENTED_EDGE('',*,*,#5352,.T.);
#6977=ORIENTED_EDGE('',*,*,#5347,.F.);
#6978=ORIENTED_EDGE('',*,*,#5317,.F.);
#6979=ORIENTED_EDGE('',*,*,#5353,.T.);
#6980=ORIENTED_EDGE('',*,*,#5350,.F.);
#6981=ORIENTED_EDGE('',*,*,#5187,.T.);
#6982=ORIENTED_EDGE('',*,*,#5344,.F.);
#6983=ORIENTED_EDGE('',*,*,#5342,.F.);
#6984=ORIENTED_EDGE('',*,*,#5337,.F.);
#6985=ORIENTED_EDGE('',*,*,#5354,.T.);
#6986=ORIENTED_EDGE('',*,*,#5355,.F.);
#6987=ORIENTED_EDGE('',*,*,#5356,.F.);
#6988=ORIENTED_EDGE('',*,*,#5086,.F.);
#6989=ORIENTED_EDGE('',*,*,#5357,.T.);
#6990=ORIENTED_EDGE('',*,*,#5358,.T.);
#6991=ORIENTED_EDGE('',*,*,#5125,.T.);
#6992=ORIENTED_EDGE('',*,*,#5359,.T.);
#6993=ORIENTED_EDGE('',*,*,#5360,.T.);
#6994=ORIENTED_EDGE('',*,*,#5361,.T.);
#6995=ORIENTED_EDGE('',*,*,#5193,.T.);
#6996=ORIENTED_EDGE('',*,*,#5362,.F.);
#6997=ORIENTED_EDGE('',*,*,#5363,.T.);
#6998=ORIENTED_EDGE('',*,*,#5364,.T.);
#6999=ORIENTED_EDGE('',*,*,#5194,.T.);
#7000=ORIENTED_EDGE('',*,*,#5361,.F.);
#7001=ORIENTED_EDGE('',*,*,#5365,.T.);
#7002=ORIENTED_EDGE('',*,*,#5366,.T.);
#7003=ORIENTED_EDGE('',*,*,#5364,.F.);
#7004=ORIENTED_EDGE('',*,*,#5367,.T.);
#7005=ORIENTED_EDGE('',*,*,#5368,.T.);
#7006=ORIENTED_EDGE('',*,*,#5365,.F.);
#7007=ORIENTED_EDGE('',*,*,#5369,.T.);
#7008=ORIENTED_EDGE('',*,*,#5126,.T.);
#7009=ORIENTED_EDGE('',*,*,#5358,.F.);
#7010=ORIENTED_EDGE('',*,*,#5370,.T.);
#7011=ORIENTED_EDGE('',*,*,#5371,.T.);
#7012=ORIENTED_EDGE('',*,*,#5372,.T.);
#7013=ORIENTED_EDGE('',*,*,#5359,.F.);
#7014=ORIENTED_EDGE('',*,*,#5124,.T.);
#7015=ORIENTED_EDGE('',*,*,#5373,.T.);
#7016=ORIENTED_EDGE('',*,*,#5374,.T.);
#7017=ORIENTED_EDGE('',*,*,#5371,.F.);
#7018=ORIENTED_EDGE('',*,*,#5375,.T.);
#7019=ORIENTED_EDGE('',*,*,#5192,.T.);
#7020=ORIENTED_EDGE('',*,*,#5373,.F.);
#7021=ORIENTED_EDGE('',*,*,#5376,.T.);
#7022=ORIENTED_EDGE('',*,*,#5362,.T.);
#7023=ORIENTED_EDGE('',*,*,#5369,.F.);
#7024=ORIENTED_EDGE('',*,*,#5367,.F.);
#7025=ORIENTED_EDGE('',*,*,#5363,.F.);
#7026=ORIENTED_EDGE('',*,*,#5377,.T.);
#7027=ORIENTED_EDGE('',*,*,#5378,.F.);
#7028=ORIENTED_EDGE('',*,*,#5379,.F.);
#7029=ORIENTED_EDGE('',*,*,#5127,.F.);
#7030=ORIENTED_EDGE('',*,*,#5360,.F.);
#7031=ORIENTED_EDGE('',*,*,#5380,.T.);
#7032=ORIENTED_EDGE('',*,*,#5381,.F.);
#7033=ORIENTED_EDGE('',*,*,#5377,.F.);
#7034=ORIENTED_EDGE('',*,*,#5341,.F.);
#7035=ORIENTED_EDGE('',*,*,#5382,.T.);
#7036=ORIENTED_EDGE('',*,*,#5374,.F.);
#7037=ORIENTED_EDGE('',*,*,#5191,.T.);
#7038=ORIENTED_EDGE('',*,*,#5383,.F.);
#7039=ORIENTED_EDGE('',*,*,#5384,.T.);
#7040=ORIENTED_EDGE('',*,*,#5385,.T.);
#7041=ORIENTED_EDGE('',*,*,#5114,.F.);
#7042=ORIENTED_EDGE('',*,*,#5386,.F.);
#7043=ORIENTED_EDGE('',*,*,#5387,.F.);
#7044=ORIENTED_EDGE('',*,*,#5115,.F.);
#7045=ORIENTED_EDGE('',*,*,#5385,.F.);
#7046=ORIENTED_EDGE('',*,*,#5388,.F.);
#7047=ORIENTED_EDGE('',*,*,#5389,.T.);
#7048=ORIENTED_EDGE('',*,*,#5390,.T.);
#7049=ORIENTED_EDGE('',*,*,#5073,.F.);
#7050=ORIENTED_EDGE('',*,*,#5391,.F.);
#7051=ORIENTED_EDGE('',*,*,#5392,.F.);
#7052=ORIENTED_EDGE('',*,*,#5074,.F.);
#7053=ORIENTED_EDGE('',*,*,#5390,.F.);
#7054=ORIENTED_EDGE('',*,*,#5393,.F.);
#7055=ORIENTED_EDGE('',*,*,#5394,.T.);
#7056=ORIENTED_EDGE('',*,*,#5395,.T.);
#7057=ORIENTED_EDGE('',*,*,#5032,.F.);
#7058=ORIENTED_EDGE('',*,*,#5396,.F.);
#7059=ORIENTED_EDGE('',*,*,#5397,.F.);
#7060=ORIENTED_EDGE('',*,*,#5033,.F.);
#7061=ORIENTED_EDGE('',*,*,#5395,.F.);
#7062=ORIENTED_EDGE('',*,*,#5398,.F.);
#7063=ORIENTED_EDGE('',*,*,#5399,.T.);
#7064=ORIENTED_EDGE('',*,*,#5400,.T.);
#7065=ORIENTED_EDGE('',*,*,#4991,.F.);
#7066=ORIENTED_EDGE('',*,*,#5401,.F.);
#7067=ORIENTED_EDGE('',*,*,#5402,.F.);
#7068=ORIENTED_EDGE('',*,*,#4992,.F.);
#7069=ORIENTED_EDGE('',*,*,#5400,.F.);
#7070=ORIENTED_EDGE('',*,*,#5403,.F.);
#7071=ORIENTED_EDGE('',*,*,#5404,.T.);
#7072=ORIENTED_EDGE('',*,*,#5405,.T.);
#7073=ORIENTED_EDGE('',*,*,#4950,.F.);
#7074=ORIENTED_EDGE('',*,*,#5406,.F.);
#7075=ORIENTED_EDGE('',*,*,#5407,.F.);
#7076=ORIENTED_EDGE('',*,*,#4951,.F.);
#7077=ORIENTED_EDGE('',*,*,#5405,.F.);
#7078=ORIENTED_EDGE('',*,*,#5408,.F.);
#7079=ORIENTED_EDGE('',*,*,#5409,.T.);
#7080=ORIENTED_EDGE('',*,*,#5410,.T.);
#7081=ORIENTED_EDGE('',*,*,#4856,.F.);
#7082=ORIENTED_EDGE('',*,*,#5411,.F.);
#7083=ORIENTED_EDGE('',*,*,#5412,.F.);
#7084=ORIENTED_EDGE('',*,*,#4857,.F.);
#7085=ORIENTED_EDGE('',*,*,#5410,.F.);
#7086=ORIENTED_EDGE('',*,*,#5413,.F.);
#7087=ORIENTED_EDGE('',*,*,#4936,.T.);
#7088=ORIENTED_EDGE('',*,*,#5414,.T.);
#7089=ORIENTED_EDGE('',*,*,#5415,.F.);
#7090=ORIENTED_EDGE('',*,*,#4935,.F.);
#7091=ORIENTED_EDGE('',*,*,#5416,.F.);
#7092=ORIENTED_EDGE('',*,*,#5417,.F.);
#7093=ORIENTED_EDGE('',*,*,#5414,.F.);
#7094=ORIENTED_EDGE('',*,*,#5418,.F.);
#7095=ORIENTED_EDGE('',*,*,#4977,.T.);
#7096=ORIENTED_EDGE('',*,*,#5419,.T.);
#7097=ORIENTED_EDGE('',*,*,#5420,.F.);
#7098=ORIENTED_EDGE('',*,*,#4976,.F.);
#7099=ORIENTED_EDGE('',*,*,#5421,.F.);
#7100=ORIENTED_EDGE('',*,*,#5422,.F.);
#7101=ORIENTED_EDGE('',*,*,#5419,.F.);
#7102=ORIENTED_EDGE('',*,*,#5423,.F.);
#7103=ORIENTED_EDGE('',*,*,#5018,.T.);
#7104=ORIENTED_EDGE('',*,*,#5424,.T.);
#7105=ORIENTED_EDGE('',*,*,#5425,.F.);
#7106=ORIENTED_EDGE('',*,*,#5017,.F.);
#7107=ORIENTED_EDGE('',*,*,#5426,.F.);
#7108=ORIENTED_EDGE('',*,*,#5427,.F.);
#7109=ORIENTED_EDGE('',*,*,#5424,.F.);
#7110=ORIENTED_EDGE('',*,*,#5428,.F.);
#7111=ORIENTED_EDGE('',*,*,#5059,.T.);
#7112=ORIENTED_EDGE('',*,*,#5429,.T.);
#7113=ORIENTED_EDGE('',*,*,#5430,.F.);
#7114=ORIENTED_EDGE('',*,*,#5058,.F.);
#7115=ORIENTED_EDGE('',*,*,#5431,.F.);
#7116=ORIENTED_EDGE('',*,*,#5432,.F.);
#7117=ORIENTED_EDGE('',*,*,#5429,.F.);
#7118=ORIENTED_EDGE('',*,*,#5433,.F.);
#7119=ORIENTED_EDGE('',*,*,#5100,.T.);
#7120=ORIENTED_EDGE('',*,*,#5434,.T.);
#7121=ORIENTED_EDGE('',*,*,#5435,.F.);
#7122=ORIENTED_EDGE('',*,*,#5099,.F.);
#7123=ORIENTED_EDGE('',*,*,#5436,.F.);
#7124=ORIENTED_EDGE('',*,*,#5437,.F.);
#7125=ORIENTED_EDGE('',*,*,#5434,.F.);
#7126=ORIENTED_EDGE('',*,*,#5438,.F.);
#7127=ORIENTED_EDGE('',*,*,#5439,.T.);
#7128=ORIENTED_EDGE('',*,*,#5440,.T.);
#7129=ORIENTED_EDGE('',*,*,#5441,.F.);
#7130=ORIENTED_EDGE('',*,*,#5442,.F.);
#7131=ORIENTED_EDGE('',*,*,#5443,.F.);
#7132=ORIENTED_EDGE('',*,*,#5444,.F.);
#7133=ORIENTED_EDGE('',*,*,#5440,.F.);
#7134=ORIENTED_EDGE('',*,*,#5383,.T.);
#7135=ORIENTED_EDGE('',*,*,#5113,.F.);
#7136=ORIENTED_EDGE('',*,*,#5121,.F.);
#7137=ORIENTED_EDGE('',*,*,#5445,.F.);
#7138=ORIENTED_EDGE('',*,*,#5388,.T.);
#7139=ORIENTED_EDGE('',*,*,#5072,.F.);
#7140=ORIENTED_EDGE('',*,*,#5080,.F.);
#7141=ORIENTED_EDGE('',*,*,#5446,.F.);
#7142=ORIENTED_EDGE('',*,*,#5393,.T.);
#7143=ORIENTED_EDGE('',*,*,#5031,.F.);
#7144=ORIENTED_EDGE('',*,*,#5039,.F.);
#7145=ORIENTED_EDGE('',*,*,#5447,.F.);
#7146=ORIENTED_EDGE('',*,*,#5398,.T.);
#7147=ORIENTED_EDGE('',*,*,#4990,.F.);
#7148=ORIENTED_EDGE('',*,*,#4998,.F.);
#7149=ORIENTED_EDGE('',*,*,#5448,.F.);
#7150=ORIENTED_EDGE('',*,*,#5403,.T.);
#7151=ORIENTED_EDGE('',*,*,#4949,.F.);
#7152=ORIENTED_EDGE('',*,*,#4957,.F.);
#7153=ORIENTED_EDGE('',*,*,#5449,.F.);
#7154=ORIENTED_EDGE('',*,*,#5408,.T.);
#7155=ORIENTED_EDGE('',*,*,#4855,.F.);
#7156=ORIENTED_EDGE('',*,*,#4916,.F.);
#7157=ORIENTED_EDGE('',*,*,#5450,.F.);
#7158=ORIENTED_EDGE('',*,*,#5413,.T.);
#7159=ORIENTED_EDGE('',*,*,#5451,.F.);
#7160=ORIENTED_EDGE('',*,*,#4925,.F.);
#7161=ORIENTED_EDGE('',*,*,#4937,.F.);
#7162=ORIENTED_EDGE('',*,*,#5418,.T.);
#7163=ORIENTED_EDGE('',*,*,#5452,.F.);
#7164=ORIENTED_EDGE('',*,*,#4966,.F.);
#7165=ORIENTED_EDGE('',*,*,#4978,.F.);
#7166=ORIENTED_EDGE('',*,*,#5423,.T.);
#7167=ORIENTED_EDGE('',*,*,#5453,.F.);
#7168=ORIENTED_EDGE('',*,*,#5007,.F.);
#7169=ORIENTED_EDGE('',*,*,#5019,.F.);
#7170=ORIENTED_EDGE('',*,*,#5428,.T.);
#7171=ORIENTED_EDGE('',*,*,#5454,.F.);
#7172=ORIENTED_EDGE('',*,*,#5048,.F.);
#7173=ORIENTED_EDGE('',*,*,#5060,.F.);
#7174=ORIENTED_EDGE('',*,*,#5433,.T.);
#7175=ORIENTED_EDGE('',*,*,#5455,.F.);
#7176=ORIENTED_EDGE('',*,*,#5089,.F.);
#7177=ORIENTED_EDGE('',*,*,#5101,.F.);
#7178=ORIENTED_EDGE('',*,*,#5438,.T.);
#7179=ORIENTED_EDGE('',*,*,#5456,.F.);
#7180=ORIENTED_EDGE('',*,*,#5130,.F.);
#7181=ORIENTED_EDGE('',*,*,#5457,.F.);
#7182=ORIENTED_EDGE('',*,*,#4906,.F.);
#7183=ORIENTED_EDGE('',*,*,#5134,.F.);
#7184=ORIENTED_EDGE('',*,*,#5458,.T.);
#7185=ORIENTED_EDGE('',*,*,#5443,.T.);
#7186=ORIENTED_EDGE('',*,*,#5459,.F.);
#7187=ORIENTED_EDGE('',*,*,#5136,.F.);
#7188=ORIENTED_EDGE('',*,*,#5133,.F.);
#7189=ORIENTED_EDGE('',*,*,#5131,.F.);
#7190=ORIENTED_EDGE('',*,*,#5456,.T.);
#7191=ORIENTED_EDGE('',*,*,#5441,.T.);
#7192=ORIENTED_EDGE('',*,*,#5444,.T.);
#7193=ORIENTED_EDGE('',*,*,#5458,.F.);
#7194=ORIENTED_EDGE('',*,*,#4898,.F.);
#7195=ORIENTED_EDGE('',*,*,#5093,.F.);
#7196=ORIENTED_EDGE('',*,*,#5460,.T.);
#7197=ORIENTED_EDGE('',*,*,#5436,.T.);
#7198=ORIENTED_EDGE('',*,*,#5098,.F.);
#7199=ORIENTED_EDGE('',*,*,#5094,.F.);
#7200=ORIENTED_EDGE('',*,*,#5092,.F.);
#7201=ORIENTED_EDGE('',*,*,#5090,.F.);
#7202=ORIENTED_EDGE('',*,*,#5455,.T.);
#7203=ORIENTED_EDGE('',*,*,#5435,.T.);
#7204=ORIENTED_EDGE('',*,*,#5437,.T.);
#7205=ORIENTED_EDGE('',*,*,#5460,.F.);
#7206=ORIENTED_EDGE('',*,*,#4890,.F.);
#7207=ORIENTED_EDGE('',*,*,#5052,.F.);
#7208=ORIENTED_EDGE('',*,*,#5461,.T.);
#7209=ORIENTED_EDGE('',*,*,#5431,.T.);
#7210=ORIENTED_EDGE('',*,*,#5057,.F.);
#7211=ORIENTED_EDGE('',*,*,#5053,.F.);
#7212=ORIENTED_EDGE('',*,*,#5051,.F.);
#7213=ORIENTED_EDGE('',*,*,#5049,.F.);
#7214=ORIENTED_EDGE('',*,*,#5454,.T.);
#7215=ORIENTED_EDGE('',*,*,#5430,.T.);
#7216=ORIENTED_EDGE('',*,*,#5432,.T.);
#7217=ORIENTED_EDGE('',*,*,#5461,.F.);
#7218=ORIENTED_EDGE('',*,*,#4882,.F.);
#7219=ORIENTED_EDGE('',*,*,#5011,.F.);
#7220=ORIENTED_EDGE('',*,*,#5462,.T.);
#7221=ORIENTED_EDGE('',*,*,#5426,.T.);
#7222=ORIENTED_EDGE('',*,*,#5016,.F.);
#7223=ORIENTED_EDGE('',*,*,#5012,.F.);
#7224=ORIENTED_EDGE('',*,*,#5010,.F.);
#7225=ORIENTED_EDGE('',*,*,#5008,.F.);
#7226=ORIENTED_EDGE('',*,*,#5453,.T.);
#7227=ORIENTED_EDGE('',*,*,#5425,.T.);
#7228=ORIENTED_EDGE('',*,*,#5427,.T.);
#7229=ORIENTED_EDGE('',*,*,#5462,.F.);
#7230=ORIENTED_EDGE('',*,*,#4874,.F.);
#7231=ORIENTED_EDGE('',*,*,#4970,.F.);
#7232=ORIENTED_EDGE('',*,*,#5463,.T.);
#7233=ORIENTED_EDGE('',*,*,#5421,.T.);
#7234=ORIENTED_EDGE('',*,*,#4975,.F.);
#7235=ORIENTED_EDGE('',*,*,#4971,.F.);
#7236=ORIENTED_EDGE('',*,*,#4969,.F.);
#7237=ORIENTED_EDGE('',*,*,#4967,.F.);
#7238=ORIENTED_EDGE('',*,*,#5452,.T.);
#7239=ORIENTED_EDGE('',*,*,#5420,.T.);
#7240=ORIENTED_EDGE('',*,*,#5422,.T.);
#7241=ORIENTED_EDGE('',*,*,#5463,.F.);
#7242=ORIENTED_EDGE('',*,*,#4866,.F.);
#7243=ORIENTED_EDGE('',*,*,#4929,.F.);
#7244=ORIENTED_EDGE('',*,*,#5464,.T.);
#7245=ORIENTED_EDGE('',*,*,#5416,.T.);
#7246=ORIENTED_EDGE('',*,*,#4934,.F.);
#7247=ORIENTED_EDGE('',*,*,#4930,.F.);
#7248=ORIENTED_EDGE('',*,*,#4928,.F.);
#7249=ORIENTED_EDGE('',*,*,#4926,.F.);
#7250=ORIENTED_EDGE('',*,*,#5451,.T.);
#7251=ORIENTED_EDGE('',*,*,#5415,.T.);
#7252=ORIENTED_EDGE('',*,*,#5417,.T.);
#7253=ORIENTED_EDGE('',*,*,#5464,.F.);
#7254=ORIENTED_EDGE('',*,*,#4862,.F.);
#7255=ORIENTED_EDGE('',*,*,#5465,.T.);
#7256=ORIENTED_EDGE('',*,*,#5411,.T.);
#7257=ORIENTED_EDGE('',*,*,#5409,.F.);
#7258=ORIENTED_EDGE('',*,*,#5450,.T.);
#7259=ORIENTED_EDGE('',*,*,#4915,.F.);
#7260=ORIENTED_EDGE('',*,*,#4863,.F.);
#7261=ORIENTED_EDGE('',*,*,#4844,.F.);
#7262=ORIENTED_EDGE('',*,*,#4858,.T.);
#7263=ORIENTED_EDGE('',*,*,#5412,.T.);
#7264=ORIENTED_EDGE('',*,*,#5465,.F.);
#7265=ORIENTED_EDGE('',*,*,#4861,.F.);
#7266=ORIENTED_EDGE('',*,*,#4955,.F.);
#7267=ORIENTED_EDGE('',*,*,#5466,.T.);
#7268=ORIENTED_EDGE('',*,*,#5406,.T.);
#7269=ORIENTED_EDGE('',*,*,#5404,.F.);
#7270=ORIENTED_EDGE('',*,*,#5449,.T.);
#7271=ORIENTED_EDGE('',*,*,#4956,.F.);
#7272=ORIENTED_EDGE('',*,*,#4870,.F.);
#7273=ORIENTED_EDGE('',*,*,#4943,.F.);
#7274=ORIENTED_EDGE('',*,*,#4952,.T.);
#7275=ORIENTED_EDGE('',*,*,#5407,.T.);
#7276=ORIENTED_EDGE('',*,*,#5466,.F.);
#7277=ORIENTED_EDGE('',*,*,#4954,.F.);
#7278=ORIENTED_EDGE('',*,*,#4996,.F.);
#7279=ORIENTED_EDGE('',*,*,#5467,.T.);
#7280=ORIENTED_EDGE('',*,*,#5401,.T.);
#7281=ORIENTED_EDGE('',*,*,#5399,.F.);
#7282=ORIENTED_EDGE('',*,*,#5448,.T.);
#7283=ORIENTED_EDGE('',*,*,#4997,.F.);
#7284=ORIENTED_EDGE('',*,*,#4878,.F.);
#7285=ORIENTED_EDGE('',*,*,#4984,.F.);
#7286=ORIENTED_EDGE('',*,*,#4993,.T.);
#7287=ORIENTED_EDGE('',*,*,#5402,.T.);
#7288=ORIENTED_EDGE('',*,*,#5467,.F.);
#7289=ORIENTED_EDGE('',*,*,#4995,.F.);
#7290=ORIENTED_EDGE('',*,*,#5037,.F.);
#7291=ORIENTED_EDGE('',*,*,#5468,.T.);
#7292=ORIENTED_EDGE('',*,*,#5396,.T.);
#7293=ORIENTED_EDGE('',*,*,#5394,.F.);
#7294=ORIENTED_EDGE('',*,*,#5447,.T.);
#7295=ORIENTED_EDGE('',*,*,#5038,.F.);
#7296=ORIENTED_EDGE('',*,*,#4886,.F.);
#7297=ORIENTED_EDGE('',*,*,#5025,.F.);
#7298=ORIENTED_EDGE('',*,*,#5034,.T.);
#7299=ORIENTED_EDGE('',*,*,#5397,.T.);
#7300=ORIENTED_EDGE('',*,*,#5468,.F.);
#7301=ORIENTED_EDGE('',*,*,#5036,.F.);
#7302=ORIENTED_EDGE('',*,*,#5078,.F.);
#7303=ORIENTED_EDGE('',*,*,#5469,.T.);
#7304=ORIENTED_EDGE('',*,*,#5391,.T.);
#7305=ORIENTED_EDGE('',*,*,#5389,.F.);
#7306=ORIENTED_EDGE('',*,*,#5446,.T.);
#7307=ORIENTED_EDGE('',*,*,#5079,.F.);
#7308=ORIENTED_EDGE('',*,*,#4894,.F.);
#7309=ORIENTED_EDGE('',*,*,#5066,.F.);
#7310=ORIENTED_EDGE('',*,*,#5075,.T.);
#7311=ORIENTED_EDGE('',*,*,#5392,.T.);
#7312=ORIENTED_EDGE('',*,*,#5469,.F.);
#7313=ORIENTED_EDGE('',*,*,#5077,.F.);
#7314=ORIENTED_EDGE('',*,*,#5119,.F.);
#7315=ORIENTED_EDGE('',*,*,#5470,.T.);
#7316=ORIENTED_EDGE('',*,*,#5386,.T.);
#7317=ORIENTED_EDGE('',*,*,#5384,.F.);
#7318=ORIENTED_EDGE('',*,*,#5445,.T.);
#7319=ORIENTED_EDGE('',*,*,#5120,.F.);
#7320=ORIENTED_EDGE('',*,*,#4902,.F.);
#7321=ORIENTED_EDGE('',*,*,#5107,.F.);
#7322=ORIENTED_EDGE('',*,*,#5116,.T.);
#7323=ORIENTED_EDGE('',*,*,#5387,.T.);
#7324=ORIENTED_EDGE('',*,*,#5470,.F.);
#7325=ORIENTED_EDGE('',*,*,#5118,.F.);
#7326=ORIENTED_EDGE('',*,*,#5245,.F.);
#7327=ORIENTED_EDGE('',*,*,#5471,.T.);
#7328=ORIENTED_EDGE('',*,*,#5472,.F.);
#7329=ORIENTED_EDGE('',*,*,#5254,.F.);
#7330=ORIENTED_EDGE('',*,*,#5232,.F.);
#7331=ORIENTED_EDGE('',*,*,#4918,.F.);
#7332=ORIENTED_EDGE('',*,*,#5473,.F.);
#7333=ORIENTED_EDGE('',*,*,#5474,.F.);
#7334=ORIENTED_EDGE('',*,*,#5471,.F.);
#7335=ORIENTED_EDGE('',*,*,#5251,.F.);
#7336=ORIENTED_EDGE('',*,*,#5250,.F.);
#7337=ORIENTED_EDGE('',*,*,#5270,.F.);
#7338=ORIENTED_EDGE('',*,*,#4959,.F.);
#7339=ORIENTED_EDGE('',*,*,#5475,.F.);
#7340=ORIENTED_EDGE('',*,*,#5476,.F.);
#7341=ORIENTED_EDGE('',*,*,#5281,.F.);
#7342=ORIENTED_EDGE('',*,*,#5276,.F.);
#7343=ORIENTED_EDGE('',*,*,#5275,.F.);
#7344=ORIENTED_EDGE('',*,*,#5322,.F.);
#7345=ORIENTED_EDGE('',*,*,#5477,.T.);
#7346=ORIENTED_EDGE('',*,*,#5478,.F.);
#7347=ORIENTED_EDGE('',*,*,#5330,.F.);
#7348=ORIENTED_EDGE('',*,*,#5309,.F.);
#7349=ORIENTED_EDGE('',*,*,#5041,.F.);
#7350=ORIENTED_EDGE('',*,*,#5479,.F.);
#7351=ORIENTED_EDGE('',*,*,#5480,.F.);
#7352=ORIENTED_EDGE('',*,*,#5477,.F.);
#7353=ORIENTED_EDGE('',*,*,#5328,.F.);
#7354=ORIENTED_EDGE('',*,*,#5327,.F.);
#7355=ORIENTED_EDGE('',*,*,#5370,.F.);
#7356=ORIENTED_EDGE('',*,*,#5123,.F.);
#7357=ORIENTED_EDGE('',*,*,#5481,.F.);
#7358=ORIENTED_EDGE('',*,*,#5482,.F.);
#7359=ORIENTED_EDGE('',*,*,#5380,.F.);
#7360=ORIENTED_EDGE('',*,*,#5376,.F.);
#7361=ORIENTED_EDGE('',*,*,#5375,.F.);
#7362=ORIENTED_EDGE('',*,*,#5346,.F.);
#7363=ORIENTED_EDGE('',*,*,#5483,.T.);
#7364=ORIENTED_EDGE('',*,*,#5484,.F.);
#7365=ORIENTED_EDGE('',*,*,#5354,.F.);
#7366=ORIENTED_EDGE('',*,*,#5333,.F.);
#7367=ORIENTED_EDGE('',*,*,#5082,.F.);
#7368=ORIENTED_EDGE('',*,*,#5485,.F.);
#7369=ORIENTED_EDGE('',*,*,#5486,.F.);
#7370=ORIENTED_EDGE('',*,*,#5483,.F.);
#7371=ORIENTED_EDGE('',*,*,#5352,.F.);
#7372=ORIENTED_EDGE('',*,*,#5351,.F.);
#7373=ORIENTED_EDGE('',*,*,#5296,.F.);
#7374=ORIENTED_EDGE('',*,*,#5000,.F.);
#7375=ORIENTED_EDGE('',*,*,#5487,.F.);
#7376=ORIENTED_EDGE('',*,*,#5488,.F.);
#7377=ORIENTED_EDGE('',*,*,#5307,.F.);
#7378=ORIENTED_EDGE('',*,*,#5302,.F.);
#7379=ORIENTED_EDGE('',*,*,#5301,.F.);
#7380=ORIENTED_EDGE('',*,*,#5473,.T.);
#7381=ORIENTED_EDGE('',*,*,#4917,.F.);
#7382=ORIENTED_EDGE('',*,*,#4853,.F.);
#7383=ORIENTED_EDGE('',*,*,#5489,.F.);
#7384=ORIENTED_EDGE('',*,*,#5475,.T.);
#7385=ORIENTED_EDGE('',*,*,#4958,.F.);
#7386=ORIENTED_EDGE('',*,*,#4947,.F.);
#7387=ORIENTED_EDGE('',*,*,#5490,.F.);
#7388=ORIENTED_EDGE('',*,*,#5479,.T.);
#7389=ORIENTED_EDGE('',*,*,#5040,.F.);
#7390=ORIENTED_EDGE('',*,*,#5029,.F.);
#7391=ORIENTED_EDGE('',*,*,#5491,.F.);
#7392=ORIENTED_EDGE('',*,*,#5481,.T.);
#7393=ORIENTED_EDGE('',*,*,#5122,.F.);
#7394=ORIENTED_EDGE('',*,*,#5111,.F.);
#7395=ORIENTED_EDGE('',*,*,#5492,.F.);
#7396=ORIENTED_EDGE('',*,*,#5485,.T.);
#7397=ORIENTED_EDGE('',*,*,#5081,.F.);
#7398=ORIENTED_EDGE('',*,*,#5070,.F.);
#7399=ORIENTED_EDGE('',*,*,#5493,.F.);
#7400=ORIENTED_EDGE('',*,*,#5255,.T.);
#7401=ORIENTED_EDGE('',*,*,#5472,.T.);
#7402=ORIENTED_EDGE('',*,*,#5474,.T.);
#7403=ORIENTED_EDGE('',*,*,#5489,.T.);
#7404=ORIENTED_EDGE('',*,*,#4852,.F.);
#7405=ORIENTED_EDGE('',*,*,#5494,.F.);
#7406=ORIENTED_EDGE('',*,*,#5495,.T.);
#7407=ORIENTED_EDGE('',*,*,#5496,.T.);
#7408=ORIENTED_EDGE('',*,*,#5378,.T.);
#7409=ORIENTED_EDGE('',*,*,#5381,.T.);
#7410=ORIENTED_EDGE('',*,*,#5482,.T.);
#7411=ORIENTED_EDGE('',*,*,#5492,.T.);
#7412=ORIENTED_EDGE('',*,*,#5110,.F.);
#7413=ORIENTED_EDGE('',*,*,#5497,.T.);
#7414=ORIENTED_EDGE('',*,*,#5103,.T.);
#7415=ORIENTED_EDGE('',*,*,#5498,.T.);
#7416=ORIENTED_EDGE('',*,*,#5355,.T.);
#7417=ORIENTED_EDGE('',*,*,#5484,.T.);
#7418=ORIENTED_EDGE('',*,*,#5486,.T.);
#7419=ORIENTED_EDGE('',*,*,#5493,.T.);
#7420=ORIENTED_EDGE('',*,*,#5069,.F.);
#7421=ORIENTED_EDGE('',*,*,#5499,.T.);
#7422=ORIENTED_EDGE('',*,*,#5062,.T.);
#7423=ORIENTED_EDGE('',*,*,#5500,.T.);
#7424=ORIENTED_EDGE('',*,*,#5331,.T.);
#7425=ORIENTED_EDGE('',*,*,#5478,.T.);
#7426=ORIENTED_EDGE('',*,*,#5480,.T.);
#7427=ORIENTED_EDGE('',*,*,#5491,.T.);
#7428=ORIENTED_EDGE('',*,*,#5028,.F.);
#7429=ORIENTED_EDGE('',*,*,#5501,.T.);
#7430=ORIENTED_EDGE('',*,*,#5021,.T.);
#7431=ORIENTED_EDGE('',*,*,#5502,.T.);
#7432=ORIENTED_EDGE('',*,*,#5305,.T.);
#7433=ORIENTED_EDGE('',*,*,#5308,.T.);
#7434=ORIENTED_EDGE('',*,*,#5488,.T.);
#7435=ORIENTED_EDGE('',*,*,#5503,.T.);
#7436=ORIENTED_EDGE('',*,*,#4987,.F.);
#7437=ORIENTED_EDGE('',*,*,#5504,.T.);
#7438=ORIENTED_EDGE('',*,*,#4980,.T.);
#7439=ORIENTED_EDGE('',*,*,#5505,.T.);
#7440=ORIENTED_EDGE('',*,*,#5279,.T.);
#7441=ORIENTED_EDGE('',*,*,#5282,.T.);
#7442=ORIENTED_EDGE('',*,*,#5476,.T.);
#7443=ORIENTED_EDGE('',*,*,#5490,.T.);
#7444=ORIENTED_EDGE('',*,*,#4946,.F.);
#7445=ORIENTED_EDGE('',*,*,#5506,.T.);
#7446=ORIENTED_EDGE('',*,*,#4939,.T.);
#7447=ORIENTED_EDGE('',*,*,#5507,.T.);
#7448=ORIENTED_EDGE('',*,*,#5487,.T.);
#7449=ORIENTED_EDGE('',*,*,#4999,.F.);
#7450=ORIENTED_EDGE('',*,*,#4988,.F.);
#7451=ORIENTED_EDGE('',*,*,#5503,.F.);
#7452=ORIENTED_EDGE('',*,*,#5234,.F.);
#7453=ORIENTED_EDGE('',*,*,#5253,.F.);
#7454=ORIENTED_EDGE('',*,*,#5508,.F.);
#7455=ORIENTED_EDGE('',*,*,#5509,.F.);
#7456=ORIENTED_EDGE('',*,*,#5510,.F.);
#7457=ORIENTED_EDGE('',*,*,#5511,.F.);
#7458=ORIENTED_EDGE('',*,*,#5220,.T.);
#7459=ORIENTED_EDGE('',*,*,#5512,.T.);
#7460=ORIENTED_EDGE('',*,*,#5146,.T.);
#7461=ORIENTED_EDGE('',*,*,#5513,.F.);
#7462=ORIENTED_EDGE('',*,*,#5514,.F.);
#7463=ORIENTED_EDGE('',*,*,#5515,.F.);
#7464=ORIENTED_EDGE('',*,*,#5516,.F.);
#7465=ORIENTED_EDGE('',*,*,#5517,.F.);
#7466=ORIENTED_EDGE('',*,*,#5368,.F.);
#7467=ORIENTED_EDGE('',*,*,#5357,.F.);
#7468=ORIENTED_EDGE('',*,*,#5372,.F.);
#7469=ORIENTED_EDGE('',*,*,#5382,.F.);
#7470=ORIENTED_EDGE('',*,*,#5343,.F.);
#7471=ORIENTED_EDGE('',*,*,#5348,.F.);
#7472=ORIENTED_EDGE('',*,*,#5335,.F.);
#7473=ORIENTED_EDGE('',*,*,#5353,.F.);
#7474=ORIENTED_EDGE('',*,*,#5319,.F.);
#7475=ORIENTED_EDGE('',*,*,#5324,.F.);
#7476=ORIENTED_EDGE('',*,*,#5311,.F.);
#7477=ORIENTED_EDGE('',*,*,#5329,.F.);
#7478=ORIENTED_EDGE('',*,*,#5294,.F.);
#7479=ORIENTED_EDGE('',*,*,#5283,.F.);
#7480=ORIENTED_EDGE('',*,*,#5298,.F.);
#7481=ORIENTED_EDGE('',*,*,#5303,.F.);
#7482=ORIENTED_EDGE('',*,*,#5268,.F.);
#7483=ORIENTED_EDGE('',*,*,#5257,.F.);
#7484=ORIENTED_EDGE('',*,*,#5272,.F.);
#7485=ORIENTED_EDGE('',*,*,#5277,.F.);
#7486=ORIENTED_EDGE('',*,*,#5242,.F.);
#7487=ORIENTED_EDGE('',*,*,#5247,.F.);
#7488=ORIENTED_EDGE('',*,*,#5366,.F.);
#7489=ORIENTED_EDGE('',*,*,#5517,.T.);
#7490=ORIENTED_EDGE('',*,*,#5518,.F.);
#7491=ORIENTED_EDGE('',*,*,#5195,.T.);
#7492=ORIENTED_EDGE('',*,*,#5379,.T.);
#7493=ORIENTED_EDGE('',*,*,#5496,.F.);
#7494=ORIENTED_EDGE('',*,*,#5519,.F.);
#7495=ORIENTED_EDGE('',*,*,#5128,.F.);
#7496=ORIENTED_EDGE('',*,*,#5332,.T.);
#7497=ORIENTED_EDGE('',*,*,#5500,.F.);
#7498=ORIENTED_EDGE('',*,*,#5061,.F.);
#7499=ORIENTED_EDGE('',*,*,#5046,.F.);
#7500=ORIENTED_EDGE('',*,*,#5280,.T.);
#7501=ORIENTED_EDGE('',*,*,#5505,.F.);
#7502=ORIENTED_EDGE('',*,*,#4979,.F.);
#7503=ORIENTED_EDGE('',*,*,#4964,.F.);
#7504=ORIENTED_EDGE('',*,*,#5306,.T.);
#7505=ORIENTED_EDGE('',*,*,#5502,.F.);
#7506=ORIENTED_EDGE('',*,*,#5020,.F.);
#7507=ORIENTED_EDGE('',*,*,#5005,.F.);
#7508=ORIENTED_EDGE('',*,*,#5356,.T.);
#7509=ORIENTED_EDGE('',*,*,#5498,.F.);
#7510=ORIENTED_EDGE('',*,*,#5102,.F.);
#7511=ORIENTED_EDGE('',*,*,#5087,.F.);
#7512=ORIENTED_EDGE('',*,*,#5256,.T.);
#7513=ORIENTED_EDGE('',*,*,#5507,.F.);
#7514=ORIENTED_EDGE('',*,*,#4938,.F.);
#7515=ORIENTED_EDGE('',*,*,#4923,.F.);
#7516=ORIENTED_EDGE('',*,*,#4848,.T.);
#7517=ORIENTED_EDGE('',*,*,#4842,.T.);
#7518=ORIENTED_EDGE('',*,*,#5520,.F.);
#7519=ORIENTED_EDGE('',*,*,#5521,.F.);
#7520=ORIENTED_EDGE('',*,*,#4944,.T.);
#7521=ORIENTED_EDGE('',*,*,#4941,.F.);
#7522=ORIENTED_EDGE('',*,*,#4868,.F.);
#7523=ORIENTED_EDGE('',*,*,#4932,.F.);
#7524=ORIENTED_EDGE('',*,*,#4933,.T.);
#7525=ORIENTED_EDGE('',*,*,#5522,.T.);
#7526=ORIENTED_EDGE('',*,*,#4974,.T.);
#7527=ORIENTED_EDGE('',*,*,#5523,.T.);
#7528=ORIENTED_EDGE('',*,*,#4985,.T.);
#7529=ORIENTED_EDGE('',*,*,#4982,.F.);
#7530=ORIENTED_EDGE('',*,*,#4876,.F.);
#7531=ORIENTED_EDGE('',*,*,#4973,.F.);
#7532=ORIENTED_EDGE('',*,*,#5026,.T.);
#7533=ORIENTED_EDGE('',*,*,#5023,.F.);
#7534=ORIENTED_EDGE('',*,*,#4884,.F.);
#7535=ORIENTED_EDGE('',*,*,#5014,.F.);
#7536=ORIENTED_EDGE('',*,*,#5015,.T.);
#7537=ORIENTED_EDGE('',*,*,#5524,.T.);
#7538=ORIENTED_EDGE('',*,*,#5056,.T.);
#7539=ORIENTED_EDGE('',*,*,#5525,.T.);
#7540=ORIENTED_EDGE('',*,*,#5067,.T.);
#7541=ORIENTED_EDGE('',*,*,#5064,.F.);
#7542=ORIENTED_EDGE('',*,*,#4892,.F.);
#7543=ORIENTED_EDGE('',*,*,#5055,.F.);
#7544=ORIENTED_EDGE('',*,*,#5108,.T.);
#7545=ORIENTED_EDGE('',*,*,#5105,.F.);
#7546=ORIENTED_EDGE('',*,*,#4900,.F.);
#7547=ORIENTED_EDGE('',*,*,#5096,.F.);
#7548=ORIENTED_EDGE('',*,*,#5097,.T.);
#7549=ORIENTED_EDGE('',*,*,#5526,.T.);
#7550=ORIENTED_EDGE('',*,*,#5527,.T.);
#7551=ORIENTED_EDGE('',*,*,#5528,.F.);
#7552=ORIENTED_EDGE('',*,*,#5529,.F.);
#7553=ORIENTED_EDGE('',*,*,#5138,.F.);
#7554=ORIENTED_EDGE('',*,*,#4945,.T.);
#7555=ORIENTED_EDGE('',*,*,#5522,.F.);
#7556=ORIENTED_EDGE('',*,*,#4940,.T.);
#7557=ORIENTED_EDGE('',*,*,#5506,.F.);
#7558=ORIENTED_EDGE('',*,*,#4981,.T.);
#7559=ORIENTED_EDGE('',*,*,#5504,.F.);
#7560=ORIENTED_EDGE('',*,*,#4986,.T.);
#7561=ORIENTED_EDGE('',*,*,#5523,.F.);
#7562=ORIENTED_EDGE('',*,*,#5027,.T.);
#7563=ORIENTED_EDGE('',*,*,#5524,.F.);
#7564=ORIENTED_EDGE('',*,*,#5022,.T.);
#7565=ORIENTED_EDGE('',*,*,#5501,.F.);
#7566=ORIENTED_EDGE('',*,*,#5063,.T.);
#7567=ORIENTED_EDGE('',*,*,#5499,.F.);
#7568=ORIENTED_EDGE('',*,*,#5068,.T.);
#7569=ORIENTED_EDGE('',*,*,#5525,.F.);
#7570=ORIENTED_EDGE('',*,*,#5109,.T.);
#7571=ORIENTED_EDGE('',*,*,#5526,.F.);
#7572=ORIENTED_EDGE('',*,*,#5104,.T.);
#7573=ORIENTED_EDGE('',*,*,#5497,.F.);
#7574=ORIENTED_EDGE('',*,*,#5137,.F.);
#7575=ORIENTED_EDGE('',*,*,#5459,.T.);
#7576=ORIENTED_EDGE('',*,*,#5442,.T.);
#7577=ORIENTED_EDGE('',*,*,#5439,.F.);
#7578=ORIENTED_EDGE('',*,*,#5457,.T.);
#7579=ORIENTED_EDGE('',*,*,#5129,.T.);
#7580=ORIENTED_EDGE('',*,*,#5519,.T.);
#7581=ORIENTED_EDGE('',*,*,#5495,.F.);
#7582=ORIENTED_EDGE('',*,*,#5530,.F.);
#7583=ORIENTED_EDGE('',*,*,#5531,.F.);
#7584=ORIENTED_EDGE('',*,*,#5532,.F.);
#7585=ORIENTED_EDGE('',*,*,#5527,.F.);
#7586=ORIENTED_EDGE('',*,*,#5532,.T.);
#7587=ORIENTED_EDGE('',*,*,#5533,.T.);
#7588=ORIENTED_EDGE('',*,*,#5534,.T.);
#7589=ORIENTED_EDGE('',*,*,#5535,.T.);
#7590=ORIENTED_EDGE('',*,*,#5536,.T.);
#7591=ORIENTED_EDGE('',*,*,#5537,.T.);
#7592=ORIENTED_EDGE('',*,*,#5538,.T.);
#7593=ORIENTED_EDGE('',*,*,#5528,.T.);
#7594=ORIENTED_EDGE('',*,*,#4849,.T.);
#7595=ORIENTED_EDGE('',*,*,#5521,.T.);
#7596=ORIENTED_EDGE('',*,*,#5539,.T.);
#7597=ORIENTED_EDGE('',*,*,#5540,.T.);
#7598=ORIENTED_EDGE('',*,*,#5541,.T.);
#7599=ORIENTED_EDGE('',*,*,#5542,.T.);
#7600=ORIENTED_EDGE('',*,*,#5543,.T.);
#7601=ORIENTED_EDGE('',*,*,#5223,.T.);
#7602=ORIENTED_EDGE('',*,*,#5140,.F.);
#7603=ORIENTED_EDGE('',*,*,#5163,.F.);
#7604=ORIENTED_EDGE('',*,*,#5544,.T.);
#7605=ORIENTED_EDGE('',*,*,#5545,.F.);
#7606=ORIENTED_EDGE('',*,*,#5533,.F.);
#7607=ORIENTED_EDGE('',*,*,#5531,.T.);
#7608=ORIENTED_EDGE('',*,*,#5546,.F.);
#7609=ORIENTED_EDGE('',*,*,#5547,.F.);
#7610=ORIENTED_EDGE('',*,*,#5537,.F.);
#7611=ORIENTED_EDGE('',*,*,#5548,.T.);
#7612=ORIENTED_EDGE('',*,*,#4908,.T.);
#7613=ORIENTED_EDGE('',*,*,#5135,.T.);
#7614=ORIENTED_EDGE('',*,*,#5549,.F.);
#7615=ORIENTED_EDGE('',*,*,#5550,.F.);
#7616=ORIENTED_EDGE('',*,*,#5535,.F.);
#7617=ORIENTED_EDGE('',*,*,#5551,.T.);
#7618=ORIENTED_EDGE('',*,*,#5551,.F.);
#7619=ORIENTED_EDGE('',*,*,#5534,.F.);
#7620=ORIENTED_EDGE('',*,*,#5545,.T.);
#7621=ORIENTED_EDGE('',*,*,#5552,.F.);
#7622=ORIENTED_EDGE('',*,*,#4909,.T.);
#7623=ORIENTED_EDGE('',*,*,#5548,.F.);
#7624=ORIENTED_EDGE('',*,*,#5536,.F.);
#7625=ORIENTED_EDGE('',*,*,#5550,.T.);
#7626=ORIENTED_EDGE('',*,*,#5553,.T.);
#7627=ORIENTED_EDGE('',*,*,#5554,.F.);
#7628=ORIENTED_EDGE('',*,*,#5555,.F.);
#7629=ORIENTED_EDGE('',*,*,#5556,.F.);
#7630=ORIENTED_EDGE('',*,*,#5557,.T.);
#7631=ORIENTED_EDGE('',*,*,#5558,.T.);
#7632=ORIENTED_EDGE('',*,*,#5559,.T.);
#7633=ORIENTED_EDGE('',*,*,#5560,.T.);
#7634=ORIENTED_EDGE('',*,*,#5561,.F.);
#7635=ORIENTED_EDGE('',*,*,#5562,.F.);
#7636=ORIENTED_EDGE('',*,*,#5563,.T.);
#7637=ORIENTED_EDGE('',*,*,#5539,.F.);
#7638=ORIENTED_EDGE('',*,*,#5520,.T.);
#7639=ORIENTED_EDGE('',*,*,#4847,.T.);
#7640=ORIENTED_EDGE('',*,*,#5564,.T.);
#7641=ORIENTED_EDGE('',*,*,#5565,.T.);
#7642=ORIENTED_EDGE('',*,*,#5542,.F.);
#7643=ORIENTED_EDGE('',*,*,#5566,.F.);
#7644=ORIENTED_EDGE('',*,*,#5567,.T.);
#7645=ORIENTED_EDGE('',*,*,#5540,.F.);
#7646=ORIENTED_EDGE('',*,*,#5563,.F.);
#7647=ORIENTED_EDGE('',*,*,#4846,.F.);
#7648=ORIENTED_EDGE('',*,*,#4914,.F.);
#7649=ORIENTED_EDGE('',*,*,#5565,.F.);
#7650=ORIENTED_EDGE('',*,*,#5568,.T.);
#7651=ORIENTED_EDGE('',*,*,#5224,.F.);
#7652=ORIENTED_EDGE('',*,*,#5543,.F.);
#7653=ORIENTED_EDGE('',*,*,#5547,.T.);
#7654=ORIENTED_EDGE('',*,*,#5139,.T.);
#7655=ORIENTED_EDGE('',*,*,#5529,.T.);
#7656=ORIENTED_EDGE('',*,*,#5538,.F.);
#7657=ORIENTED_EDGE('',*,*,#4913,.T.);
#7658=ORIENTED_EDGE('',*,*,#5569,.F.);
#7659=ORIENTED_EDGE('',*,*,#5570,.F.);
#7660=ORIENTED_EDGE('',*,*,#5571,.T.);
#7661=ORIENTED_EDGE('',*,*,#5572,.T.);
#7662=ORIENTED_EDGE('',*,*,#5573,.T.);
#7663=ORIENTED_EDGE('',*,*,#5574,.T.);
#7664=ORIENTED_EDGE('',*,*,#5575,.F.);
#7665=ORIENTED_EDGE('',*,*,#5576,.F.);
#7666=ORIENTED_EDGE('',*,*,#5577,.F.);
#7667=ORIENTED_EDGE('',*,*,#5578,.T.);
#7668=ORIENTED_EDGE('',*,*,#5566,.T.);
#7669=ORIENTED_EDGE('',*,*,#5541,.F.);
#7670=ORIENTED_EDGE('',*,*,#5567,.F.);
#7671=ORIENTED_EDGE('',*,*,#5579,.T.);
#7672=ORIENTED_EDGE('',*,*,#5580,.T.);
#7673=ORIENTED_EDGE('',*,*,#5198,.T.);
#7674=ORIENTED_EDGE('',*,*,#5581,.T.);
#7675=ORIENTED_EDGE('',*,*,#5582,.T.);
#7676=ORIENTED_EDGE('',*,*,#5583,.T.);
#7677=ORIENTED_EDGE('',*,*,#5516,.T.);
#7678=ORIENTED_EDGE('',*,*,#5584,.T.);
#7679=ORIENTED_EDGE('',*,*,#5585,.T.);
#7680=ORIENTED_EDGE('',*,*,#5586,.T.);
#7681=ORIENTED_EDGE('',*,*,#5518,.T.);
#7682=ORIENTED_EDGE('',*,*,#5583,.F.);
#7683=ORIENTED_EDGE('',*,*,#5587,.T.);
#7684=ORIENTED_EDGE('',*,*,#5196,.T.);
#7685=ORIENTED_EDGE('',*,*,#5586,.F.);
#7686=ORIENTED_EDGE('',*,*,#5588,.T.);
#7687=ORIENTED_EDGE('',*,*,#5589,.T.);
#7688=ORIENTED_EDGE('',*,*,#5590,.T.);
#7689=ORIENTED_EDGE('',*,*,#5584,.F.);
#7690=ORIENTED_EDGE('',*,*,#5515,.T.);
#7691=ORIENTED_EDGE('',*,*,#5591,.T.);
#7692=ORIENTED_EDGE('',*,*,#5197,.T.);
#7693=ORIENTED_EDGE('',*,*,#5589,.F.);
#7694=ORIENTED_EDGE('',*,*,#5592,.T.);
#7695=ORIENTED_EDGE('',*,*,#5581,.F.);
#7696=ORIENTED_EDGE('',*,*,#5593,.T.);
#7697=ORIENTED_EDGE('',*,*,#5594,.T.);
#7698=ORIENTED_EDGE('',*,*,#5580,.F.);
#7699=ORIENTED_EDGE('',*,*,#5595,.T.);
#7700=ORIENTED_EDGE('',*,*,#5514,.T.);
#7701=ORIENTED_EDGE('',*,*,#5593,.F.);
#7702=ORIENTED_EDGE('',*,*,#5596,.T.);
#7703=ORIENTED_EDGE('',*,*,#5597,.T.);
#7704=ORIENTED_EDGE('',*,*,#5591,.F.);
#7705=ORIENTED_EDGE('',*,*,#5592,.F.);
#7706=ORIENTED_EDGE('',*,*,#5598,.T.);
#7707=ORIENTED_EDGE('',*,*,#5599,.T.);
#7708=ORIENTED_EDGE('',*,*,#5600,.T.);
#7709=ORIENTED_EDGE('',*,*,#5588,.F.);
#7710=ORIENTED_EDGE('',*,*,#5587,.F.);
#7711=ORIENTED_EDGE('',*,*,#5582,.F.);
#7712=ORIENTED_EDGE('',*,*,#5601,.F.);
#7713=ORIENTED_EDGE('',*,*,#5598,.F.);
#7714=ORIENTED_EDGE('',*,*,#5594,.F.);
#7715=ORIENTED_EDGE('',*,*,#5513,.T.);
#7716=ORIENTED_EDGE('',*,*,#5145,.T.);
#7717=ORIENTED_EDGE('',*,*,#5199,.T.);
#7718=ORIENTED_EDGE('',*,*,#5590,.F.);
#7719=ORIENTED_EDGE('',*,*,#5597,.F.);
#7720=ORIENTED_EDGE('',*,*,#5602,.F.);
#7721=ORIENTED_EDGE('',*,*,#5603,.F.);
#7722=ORIENTED_EDGE('',*,*,#5604,.F.);
#7723=ORIENTED_EDGE('',*,*,#5599,.F.);
#7724=ORIENTED_EDGE('',*,*,#5601,.T.);
#7725=ORIENTED_EDGE('',*,*,#5585,.F.);
#7726=ORIENTED_EDGE('',*,*,#5579,.F.);
#7727=ORIENTED_EDGE('',*,*,#5600,.F.);
#7728=ORIENTED_EDGE('',*,*,#5604,.T.);
#7729=ORIENTED_EDGE('',*,*,#5605,.T.);
#7730=ORIENTED_EDGE('',*,*,#5606,.T.);
#7731=ORIENTED_EDGE('',*,*,#5607,.T.);
#7732=ORIENTED_EDGE('',*,*,#5608,.F.);
#7733=ORIENTED_EDGE('',*,*,#5602,.T.);
#7734=ORIENTED_EDGE('',*,*,#5596,.F.);
#7735=ORIENTED_EDGE('',*,*,#5595,.F.);
#7736=ORIENTED_EDGE('',*,*,#5603,.T.);
#7737=ORIENTED_EDGE('',*,*,#5609,.F.);
#7738=ORIENTED_EDGE('',*,*,#5610,.F.);
#7739=ORIENTED_EDGE('',*,*,#5611,.T.);
#7740=ORIENTED_EDGE('',*,*,#5612,.F.);
#7741=ORIENTED_EDGE('',*,*,#5613,.F.);
#7742=ORIENTED_EDGE('',*,*,#5614,.F.);
#7743=ORIENTED_EDGE('',*,*,#5615,.F.);
#7744=ORIENTED_EDGE('',*,*,#5616,.T.);
#7745=ORIENTED_EDGE('',*,*,#5560,.F.);
#7746=ORIENTED_EDGE('',*,*,#5617,.T.);
#7747=ORIENTED_EDGE('',*,*,#5618,.T.);
#7748=ORIENTED_EDGE('',*,*,#5619,.T.);
#7749=ORIENTED_EDGE('',*,*,#5170,.T.);
#7750=ORIENTED_EDGE('',*,*,#5620,.T.);
#7751=ORIENTED_EDGE('',*,*,#5621,.T.);
#7752=ORIENTED_EDGE('',*,*,#5252,.T.);
#7753=ORIENTED_EDGE('',*,*,#5619,.F.);
#7754=ORIENTED_EDGE('',*,*,#5622,.T.);
#7755=ORIENTED_EDGE('',*,*,#5508,.T.);
#7756=ORIENTED_EDGE('',*,*,#5621,.F.);
#7757=ORIENTED_EDGE('',*,*,#5623,.T.);
#7758=ORIENTED_EDGE('',*,*,#5624,.T.);
#7759=ORIENTED_EDGE('',*,*,#5625,.T.);
#7760=ORIENTED_EDGE('',*,*,#5626,.T.);
#7761=ORIENTED_EDGE('',*,*,#5620,.F.);
#7762=ORIENTED_EDGE('',*,*,#5169,.T.);
#7763=ORIENTED_EDGE('',*,*,#5627,.F.);
#7764=ORIENTED_EDGE('',*,*,#5509,.T.);
#7765=ORIENTED_EDGE('',*,*,#5625,.F.);
#7766=ORIENTED_EDGE('',*,*,#5628,.T.);
#7767=ORIENTED_EDGE('',*,*,#5629,.T.);
#7768=ORIENTED_EDGE('',*,*,#5630,.T.);
#7769=ORIENTED_EDGE('',*,*,#5631,.T.);
#7770=ORIENTED_EDGE('',*,*,#5510,.T.);
#7771=ORIENTED_EDGE('',*,*,#5629,.F.);
#7772=ORIENTED_EDGE('',*,*,#5632,.T.);
#7773=ORIENTED_EDGE('',*,*,#5633,.T.);
#7774=ORIENTED_EDGE('',*,*,#5634,.T.);
#7775=ORIENTED_EDGE('',*,*,#5631,.F.);
#7776=ORIENTED_EDGE('',*,*,#5635,.T.);
#7777=ORIENTED_EDGE('',*,*,#5168,.T.);
#7778=ORIENTED_EDGE('',*,*,#5633,.F.);
#7779=ORIENTED_EDGE('',*,*,#5636,.T.);
#7780=ORIENTED_EDGE('',*,*,#5627,.T.);
#7781=ORIENTED_EDGE('',*,*,#5628,.F.);
#7782=ORIENTED_EDGE('',*,*,#5624,.F.);
#7783=ORIENTED_EDGE('',*,*,#5637,.F.);
#7784=ORIENTED_EDGE('',*,*,#5638,.T.);
#7785=ORIENTED_EDGE('',*,*,#5639,.T.);
#7786=ORIENTED_EDGE('',*,*,#5640,.T.);
#7787=ORIENTED_EDGE('',*,*,#5641,.T.);
#7788=ORIENTED_EDGE('',*,*,#5632,.F.);
#7789=ORIENTED_EDGE('',*,*,#5623,.F.);
#7790=ORIENTED_EDGE('',*,*,#5622,.F.);
#7791=ORIENTED_EDGE('',*,*,#5618,.F.);
#7792=ORIENTED_EDGE('',*,*,#5642,.T.);
#7793=ORIENTED_EDGE('',*,*,#5637,.T.);
#7794=ORIENTED_EDGE('',*,*,#5634,.F.);
#7795=ORIENTED_EDGE('',*,*,#5167,.T.);
#7796=ORIENTED_EDGE('',*,*,#5221,.T.);
#7797=ORIENTED_EDGE('',*,*,#5511,.T.);
#7798=ORIENTED_EDGE('',*,*,#5643,.F.);
#7799=ORIENTED_EDGE('',*,*,#5644,.T.);
#7800=ORIENTED_EDGE('',*,*,#5607,.F.);
#7801=ORIENTED_EDGE('',*,*,#5645,.T.);
#7802=ORIENTED_EDGE('',*,*,#5643,.T.);
#7803=ORIENTED_EDGE('',*,*,#5646,.T.);
#7804=ORIENTED_EDGE('',*,*,#5647,.F.);
#7805=ORIENTED_EDGE('',*,*,#5558,.F.);
#7806=ORIENTED_EDGE('',*,*,#5648,.T.);
#7807=ORIENTED_EDGE('',*,*,#5649,.F.);
#7808=ORIENTED_EDGE('',*,*,#5650,.F.);
#7809=ORIENTED_EDGE('',*,*,#5651,.F.);
#7810=ORIENTED_EDGE('',*,*,#5652,.F.);
#7811=ORIENTED_EDGE('',*,*,#5653,.T.);
#7812=ORIENTED_EDGE('',*,*,#5645,.F.);
#7813=ORIENTED_EDGE('',*,*,#5606,.F.);
#7814=ORIENTED_EDGE('',*,*,#5654,.F.);
#7815=ORIENTED_EDGE('',*,*,#5646,.F.);
#7816=ORIENTED_EDGE('',*,*,#5655,.F.);
#7817=ORIENTED_EDGE('',*,*,#5656,.T.);
#7818=ORIENTED_EDGE('',*,*,#5657,.T.);
#7819=ORIENTED_EDGE('',*,*,#5658,.T.);
#7820=ORIENTED_EDGE('',*,*,#5658,.F.);
#7821=ORIENTED_EDGE('',*,*,#5659,.F.);
#7822=ORIENTED_EDGE('',*,*,#5660,.F.);
#7823=ORIENTED_EDGE('',*,*,#5661,.F.);
#7824=ORIENTED_EDGE('',*,*,#5662,.T.);
#7825=ORIENTED_EDGE('',*,*,#5663,.F.);
#7826=ORIENTED_EDGE('',*,*,#5664,.T.);
#7827=ORIENTED_EDGE('',*,*,#5650,.T.);
#7828=ORIENTED_EDGE('',*,*,#5665,.T.);
#7829=ORIENTED_EDGE('',*,*,#5663,.T.);
#7830=ORIENTED_EDGE('',*,*,#5666,.T.);
#7831=ORIENTED_EDGE('',*,*,#5667,.F.);
#7832=ORIENTED_EDGE('',*,*,#5556,.T.);
#7833=ORIENTED_EDGE('',*,*,#5668,.F.);
#7834=ORIENTED_EDGE('',*,*,#5669,.F.);
#7835=ORIENTED_EDGE('',*,*,#5670,.F.);
#7836=ORIENTED_EDGE('',*,*,#5671,.F.);
#7837=ORIENTED_EDGE('',*,*,#5672,.T.);
#7838=ORIENTED_EDGE('',*,*,#5665,.F.);
#7839=ORIENTED_EDGE('',*,*,#5649,.T.);
#7840=ORIENTED_EDGE('',*,*,#5673,.F.);
#7841=ORIENTED_EDGE('',*,*,#5666,.F.);
#7842=ORIENTED_EDGE('',*,*,#5674,.F.);
#7843=ORIENTED_EDGE('',*,*,#5675,.T.);
#7844=ORIENTED_EDGE('',*,*,#5676,.T.);
#7845=ORIENTED_EDGE('',*,*,#5677,.T.);
#7846=ORIENTED_EDGE('',*,*,#5677,.F.);
#7847=ORIENTED_EDGE('',*,*,#5678,.F.);
#7848=ORIENTED_EDGE('',*,*,#5679,.F.);
#7849=ORIENTED_EDGE('',*,*,#5680,.T.);
#7850=ORIENTED_EDGE('',*,*,#5681,.T.);
#7851=ORIENTED_EDGE('',*,*,#5656,.F.);
#7852=ORIENTED_EDGE('',*,*,#5682,.F.);
#7853=ORIENTED_EDGE('',*,*,#5683,.F.);
#7854=ORIENTED_EDGE('',*,*,#5684,.F.);
#7855=ORIENTED_EDGE('',*,*,#5630,.F.);
#7856=ORIENTED_EDGE('',*,*,#5641,.F.);
#7857=ORIENTED_EDGE('',*,*,#5659,.T.);
#7858=ORIENTED_EDGE('',*,*,#5657,.F.);
#7859=ORIENTED_EDGE('',*,*,#5684,.T.);
#7860=ORIENTED_EDGE('',*,*,#5685,.T.);
#7861=ORIENTED_EDGE('',*,*,#5639,.F.);
#7862=ORIENTED_EDGE('',*,*,#5686,.T.);
#7863=ORIENTED_EDGE('',*,*,#5636,.F.);
#7864=ORIENTED_EDGE('',*,*,#5635,.F.);
#7865=ORIENTED_EDGE('',*,*,#5559,.F.);
#7866=ORIENTED_EDGE('',*,*,#5647,.T.);
#7867=ORIENTED_EDGE('',*,*,#5654,.T.);
#7868=ORIENTED_EDGE('',*,*,#5605,.F.);
#7869=ORIENTED_EDGE('',*,*,#5617,.F.);
#7870=ORIENTED_EDGE('',*,*,#5557,.F.);
#7871=ORIENTED_EDGE('',*,*,#5667,.T.);
#7872=ORIENTED_EDGE('',*,*,#5673,.T.);
#7873=ORIENTED_EDGE('',*,*,#5648,.F.);
#7874=ORIENTED_EDGE('',*,*,#5574,.F.);
#7875=ORIENTED_EDGE('',*,*,#5687,.T.);
#7876=ORIENTED_EDGE('',*,*,#5688,.T.);
#7877=ORIENTED_EDGE('',*,*,#5689,.F.);
#7878=ORIENTED_EDGE('',*,*,#5572,.F.);
#7879=ORIENTED_EDGE('',*,*,#5690,.T.);
#7880=ORIENTED_EDGE('',*,*,#5685,.F.);
#7881=ORIENTED_EDGE('',*,*,#5683,.T.);
#7882=ORIENTED_EDGE('',*,*,#5691,.F.);
#7883=ORIENTED_EDGE('',*,*,#5675,.F.);
#7884=ORIENTED_EDGE('',*,*,#5692,.F.);
#7885=ORIENTED_EDGE('',*,*,#5688,.F.);
#7886=ORIENTED_EDGE('',*,*,#5693,.T.);
#7887=ORIENTED_EDGE('',*,*,#5694,.F.);
#7888=ORIENTED_EDGE('',*,*,#5695,.F.);
#7889=ORIENTED_EDGE('',*,*,#5696,.F.);
#7890=ORIENTED_EDGE('',*,*,#5697,.F.);
#7891=ORIENTED_EDGE('',*,*,#5698,.F.);
#7892=ORIENTED_EDGE('',*,*,#5699,.F.);
#7893=ORIENTED_EDGE('',*,*,#5700,.F.);
#7894=ORIENTED_EDGE('',*,*,#5701,.F.);
#7895=ORIENTED_EDGE('',*,*,#5562,.T.);
#7896=ORIENTED_EDGE('',*,*,#5702,.F.);
#7897=ORIENTED_EDGE('',*,*,#5703,.F.);
#7898=ORIENTED_EDGE('',*,*,#4910,.T.);
#7899=ORIENTED_EDGE('',*,*,#5569,.T.);
#7900=ORIENTED_EDGE('',*,*,#4912,.F.);
#7901=ORIENTED_EDGE('',*,*,#5704,.F.);
#7902=ORIENTED_EDGE('',*,*,#5705,.T.);
#7903=ORIENTED_EDGE('',*,*,#5704,.T.);
#7904=ORIENTED_EDGE('',*,*,#4911,.T.);
#7905=ORIENTED_EDGE('',*,*,#5703,.T.);
#7906=ORIENTED_EDGE('',*,*,#5706,.F.);
#7907=ORIENTED_EDGE('',*,*,#5707,.F.);
#7908=ORIENTED_EDGE('',*,*,#5708,.F.);
#7909=ORIENTED_EDGE('',*,*,#5709,.F.);
#7910=ORIENTED_EDGE('',*,*,#5710,.F.);
#7911=ORIENTED_EDGE('',*,*,#5711,.F.);
#7912=ORIENTED_EDGE('',*,*,#5712,.F.);
#7913=ORIENTED_EDGE('',*,*,#5713,.F.);
#7914=ORIENTED_EDGE('',*,*,#5714,.F.);
#7915=ORIENTED_EDGE('',*,*,#5715,.F.);
#7916=ORIENTED_EDGE('',*,*,#5716,.F.);
#7917=ORIENTED_EDGE('',*,*,#5717,.F.);
#7918=ORIENTED_EDGE('',*,*,#5718,.F.);
#7919=ORIENTED_EDGE('',*,*,#5719,.F.);
#7920=ORIENTED_EDGE('',*,*,#5720,.T.);
#7921=ORIENTED_EDGE('',*,*,#5694,.T.);
#7922=ORIENTED_EDGE('',*,*,#5721,.F.);
#7923=ORIENTED_EDGE('',*,*,#5722,.F.);
#7924=ORIENTED_EDGE('',*,*,#5723,.T.);
#7925=ORIENTED_EDGE('',*,*,#5696,.T.);
#7926=ORIENTED_EDGE('',*,*,#5724,.F.);
#7927=ORIENTED_EDGE('',*,*,#5725,.F.);
#7928=ORIENTED_EDGE('',*,*,#5726,.T.);
#7929=ORIENTED_EDGE('',*,*,#5698,.T.);
#7930=ORIENTED_EDGE('',*,*,#5727,.F.);
#7931=ORIENTED_EDGE('',*,*,#5728,.F.);
#7932=ORIENTED_EDGE('',*,*,#5729,.T.);
#7933=ORIENTED_EDGE('',*,*,#5700,.T.);
#7934=ORIENTED_EDGE('',*,*,#5730,.F.);
#7935=ORIENTED_EDGE('',*,*,#5731,.T.);
#7936=ORIENTED_EDGE('',*,*,#5732,.F.);
#7937=ORIENTED_EDGE('',*,*,#5728,.T.);
#7938=ORIENTED_EDGE('',*,*,#5733,.F.);
#7939=ORIENTED_EDGE('',*,*,#5734,.T.);
#7940=ORIENTED_EDGE('',*,*,#5735,.F.);
#7941=ORIENTED_EDGE('',*,*,#5736,.F.);
#7942=ORIENTED_EDGE('',*,*,#5669,.T.);
#7943=ORIENTED_EDGE('',*,*,#5737,.T.);
#7944=ORIENTED_EDGE('',*,*,#5738,.F.);
#7945=ORIENTED_EDGE('',*,*,#5739,.F.);
#7946=ORIENTED_EDGE('',*,*,#5740,.T.);
#7947=ORIENTED_EDGE('',*,*,#5741,.T.);
#7948=ORIENTED_EDGE('',*,*,#5742,.F.);
#7949=ORIENTED_EDGE('',*,*,#5725,.T.);
#7950=ORIENTED_EDGE('',*,*,#5743,.F.);
#7951=ORIENTED_EDGE('',*,*,#5719,.T.);
#7952=ORIENTED_EDGE('',*,*,#5744,.F.);
#7953=ORIENTED_EDGE('',*,*,#5745,.T.);
#7954=ORIENTED_EDGE('',*,*,#5746,.F.);
#7955=ORIENTED_EDGE('',*,*,#5722,.T.);
#7956=ORIENTED_EDGE('',*,*,#5747,.F.);
#7957=ORIENTED_EDGE('',*,*,#5612,.T.);
#7958=ORIENTED_EDGE('',*,*,#5748,.F.);
#7959=ORIENTED_EDGE('',*,*,#5749,.T.);
#7960=ORIENTED_EDGE('',*,*,#5750,.T.);
#7961=ORIENTED_EDGE('',*,*,#5614,.T.);
#7962=ORIENTED_EDGE('',*,*,#5751,.T.);
#7963=ORIENTED_EDGE('',*,*,#5751,.F.);
#7964=ORIENTED_EDGE('',*,*,#5613,.T.);
#7965=ORIENTED_EDGE('',*,*,#5747,.T.);
#7966=ORIENTED_EDGE('',*,*,#5724,.T.);
#7967=ORIENTED_EDGE('',*,*,#5695,.T.);
#7968=ORIENTED_EDGE('',*,*,#5720,.F.);
#7969=ORIENTED_EDGE('',*,*,#5746,.T.);
#7970=ORIENTED_EDGE('',*,*,#5752,.F.);
#7971=ORIENTED_EDGE('',*,*,#5753,.T.);
#7972=ORIENTED_EDGE('',*,*,#5754,.T.);
#7973=ORIENTED_EDGE('',*,*,#5755,.T.);
#7974=ORIENTED_EDGE('',*,*,#5756,.T.);
#7975=ORIENTED_EDGE('',*,*,#5753,.F.);
#7976=ORIENTED_EDGE('',*,*,#5757,.T.);
#7977=ORIENTED_EDGE('',*,*,#5741,.F.);
#7978=ORIENTED_EDGE('',*,*,#5758,.F.);
#7979=ORIENTED_EDGE('',*,*,#5759,.F.);
#7980=ORIENTED_EDGE('',*,*,#5660,.T.);
#7981=ORIENTED_EDGE('',*,*,#5640,.F.);
#7982=ORIENTED_EDGE('',*,*,#5690,.F.);
#7983=ORIENTED_EDGE('',*,*,#5571,.F.);
#7984=ORIENTED_EDGE('',*,*,#5760,.F.);
#7985=ORIENTED_EDGE('',*,*,#5761,.F.);
#7986=ORIENTED_EDGE('',*,*,#5756,.F.);
#7987=ORIENTED_EDGE('',*,*,#5762,.T.);
#7988=ORIENTED_EDGE('',*,*,#5733,.T.);
#7989=ORIENTED_EDGE('',*,*,#5730,.T.);
#7990=ORIENTED_EDGE('',*,*,#5699,.T.);
#7991=ORIENTED_EDGE('',*,*,#5726,.F.);
#7992=ORIENTED_EDGE('',*,*,#5742,.T.);
#7993=ORIENTED_EDGE('',*,*,#5757,.F.);
#7994=ORIENTED_EDGE('',*,*,#5674,.T.);
#7995=ORIENTED_EDGE('',*,*,#5681,.F.);
#7996=ORIENTED_EDGE('',*,*,#5763,.F.);
#7997=ORIENTED_EDGE('',*,*,#5764,.T.);
#7998=ORIENTED_EDGE('',*,*,#5737,.F.);
#7999=ORIENTED_EDGE('',*,*,#5765,.T.);
#8000=ORIENTED_EDGE('',*,*,#5575,.T.);
#8001=ORIENTED_EDGE('',*,*,#5689,.T.);
#8002=ORIENTED_EDGE('',*,*,#5692,.T.);
#8003=ORIENTED_EDGE('',*,*,#5755,.F.);
#8004=ORIENTED_EDGE('',*,*,#5766,.F.);
#8005=ORIENTED_EDGE('',*,*,#5767,.T.);
#8006=ORIENTED_EDGE('',*,*,#5717,.T.);
#8007=ORIENTED_EDGE('',*,*,#5768,.F.);
#8008=ORIENTED_EDGE('',*,*,#5769,.F.);
#8009=ORIENTED_EDGE('',*,*,#5770,.T.);
#8010=ORIENTED_EDGE('',*,*,#5731,.F.);
#8011=ORIENTED_EDGE('',*,*,#5762,.F.);
#8012=ORIENTED_EDGE('',*,*,#5616,.F.);
#8013=ORIENTED_EDGE('',*,*,#5771,.F.);
#8014=ORIENTED_EDGE('',*,*,#5772,.T.);
#8015=ORIENTED_EDGE('',*,*,#5706,.T.);
#8016=ORIENTED_EDGE('',*,*,#5702,.T.);
#8017=ORIENTED_EDGE('',*,*,#5561,.T.);
#8018=ORIENTED_EDGE('',*,*,#5767,.F.);
#8019=ORIENTED_EDGE('',*,*,#5773,.F.);
#8020=ORIENTED_EDGE('',*,*,#5760,.T.);
#8021=ORIENTED_EDGE('',*,*,#5570,.T.);
#8022=ORIENTED_EDGE('',*,*,#5705,.F.);
#8023=ORIENTED_EDGE('',*,*,#5718,.T.);
#8024=ORIENTED_EDGE('',*,*,#5750,.F.);
#8025=ORIENTED_EDGE('',*,*,#5774,.T.);
#8026=ORIENTED_EDGE('',*,*,#5771,.T.);
#8027=ORIENTED_EDGE('',*,*,#5615,.T.);
#8028=ORIENTED_EDGE('',*,*,#5763,.T.);
#8029=ORIENTED_EDGE('',*,*,#5775,.F.);
#8030=ORIENTED_EDGE('',*,*,#5776,.F.);
#8031=ORIENTED_EDGE('',*,*,#5777,.F.);
#8032=ORIENTED_EDGE('',*,*,#5778,.F.);
#8033=ORIENTED_EDGE('',*,*,#5779,.T.);
#8034=ORIENTED_EDGE('',*,*,#5671,.T.);
#8035=ORIENTED_EDGE('',*,*,#5780,.T.);
#8036=ORIENTED_EDGE('',*,*,#5781,.F.);
#8037=ORIENTED_EDGE('',*,*,#5782,.T.);
#8038=ORIENTED_EDGE('',*,*,#5783,.F.);
#8039=ORIENTED_EDGE('',*,*,#5784,.F.);
#8040=ORIENTED_EDGE('',*,*,#5785,.F.);
#8041=ORIENTED_EDGE('',*,*,#5786,.F.);
#8042=ORIENTED_EDGE('',*,*,#5787,.T.);
#8043=ORIENTED_EDGE('',*,*,#5715,.T.);
#8044=ORIENTED_EDGE('',*,*,#5787,.F.);
#8045=ORIENTED_EDGE('',*,*,#5788,.F.);
#8046=ORIENTED_EDGE('',*,*,#5768,.T.);
#8047=ORIENTED_EDGE('',*,*,#5716,.T.);
#8048=ORIENTED_EDGE('',*,*,#5770,.F.);
#8049=ORIENTED_EDGE('',*,*,#5789,.F.);
#8050=ORIENTED_EDGE('',*,*,#5758,.T.);
#8051=ORIENTED_EDGE('',*,*,#5743,.T.);
#8052=ORIENTED_EDGE('',*,*,#5727,.T.);
#8053=ORIENTED_EDGE('',*,*,#5701,.T.);
#8054=ORIENTED_EDGE('',*,*,#5729,.F.);
#8055=ORIENTED_EDGE('',*,*,#5732,.T.);
#8056=ORIENTED_EDGE('',*,*,#5655,.T.);
#8057=ORIENTED_EDGE('',*,*,#5662,.F.);
#8058=ORIENTED_EDGE('',*,*,#5790,.F.);
#8059=ORIENTED_EDGE('',*,*,#5678,.T.);
#8060=ORIENTED_EDGE('',*,*,#5676,.F.);
#8061=ORIENTED_EDGE('',*,*,#5693,.F.);
#8062=ORIENTED_EDGE('',*,*,#5687,.F.);
#8063=ORIENTED_EDGE('',*,*,#5573,.F.);
#8064=ORIENTED_EDGE('',*,*,#5691,.T.);
#8065=ORIENTED_EDGE('',*,*,#5682,.T.);
#8066=ORIENTED_EDGE('',*,*,#5775,.T.);
#8067=ORIENTED_EDGE('',*,*,#5680,.F.);
#8068=ORIENTED_EDGE('',*,*,#5791,.F.);
#8069=ORIENTED_EDGE('',*,*,#5792,.T.);
#8070=ORIENTED_EDGE('',*,*,#5776,.T.);
#8071=ORIENTED_EDGE('',*,*,#5792,.F.);
#8072=ORIENTED_EDGE('',*,*,#5793,.F.);
#8073=ORIENTED_EDGE('',*,*,#5218,.F.);
#8074=ORIENTED_EDGE('',*,*,#5783,.T.);
#8075=ORIENTED_EDGE('',*,*,#5148,.F.);
#8076=ORIENTED_EDGE('',*,*,#5794,.F.);
#8077=ORIENTED_EDGE('',*,*,#5795,.T.);
#8078=ORIENTED_EDGE('',*,*,#5784,.T.);
#8079=ORIENTED_EDGE('',*,*,#5795,.F.);
#8080=ORIENTED_EDGE('',*,*,#5796,.F.);
#8081=ORIENTED_EDGE('',*,*,#5797,.T.);
#8082=ORIENTED_EDGE('',*,*,#5664,.F.);
#8083=ORIENTED_EDGE('',*,*,#5672,.F.);
#8084=ORIENTED_EDGE('',*,*,#5797,.F.);
#8085=ORIENTED_EDGE('',*,*,#5798,.F.);
#8086=ORIENTED_EDGE('',*,*,#5651,.T.);
#8087=ORIENTED_EDGE('',*,*,#5644,.F.);
#8088=ORIENTED_EDGE('',*,*,#5653,.F.);
#8089=ORIENTED_EDGE('',*,*,#5799,.F.);
#8090=ORIENTED_EDGE('',*,*,#5609,.T.);
#8091=ORIENTED_EDGE('',*,*,#5608,.T.);
#8092=ORIENTED_EDGE('',*,*,#5611,.F.);
#8093=ORIENTED_EDGE('',*,*,#5800,.F.);
#8094=ORIENTED_EDGE('',*,*,#5801,.T.);
#8095=ORIENTED_EDGE('',*,*,#5744,.T.);
#8096=ORIENTED_EDGE('',*,*,#5721,.T.);
#8097=ORIENTED_EDGE('',*,*,#5697,.T.);
#8098=ORIENTED_EDGE('',*,*,#5723,.F.);
#8099=ORIENTED_EDGE('',*,*,#5748,.T.);
#8100=ORIENTED_EDGE('',*,*,#5801,.F.);
#8101=ORIENTED_EDGE('',*,*,#5802,.F.);
#8102=ORIENTED_EDGE('',*,*,#5803,.T.);
#8103=ORIENTED_EDGE('',*,*,#5707,.T.);
#8104=ORIENTED_EDGE('',*,*,#5772,.F.);
#8105=ORIENTED_EDGE('',*,*,#5774,.F.);
#8106=ORIENTED_EDGE('',*,*,#5749,.F.);
#8107=ORIENTED_EDGE('',*,*,#5752,.T.);
#8108=ORIENTED_EDGE('',*,*,#5745,.F.);
#8109=ORIENTED_EDGE('',*,*,#5803,.F.);
#8110=ORIENTED_EDGE('',*,*,#5804,.F.);
#8111=ORIENTED_EDGE('',*,*,#5805,.T.);
#8112=ORIENTED_EDGE('',*,*,#5708,.T.);
#8113=ORIENTED_EDGE('',*,*,#5805,.F.);
#8114=ORIENTED_EDGE('',*,*,#5806,.F.);
#8115=ORIENTED_EDGE('',*,*,#5807,.T.);
#8116=ORIENTED_EDGE('',*,*,#5709,.T.);
#8117=ORIENTED_EDGE('',*,*,#5807,.F.);
#8118=ORIENTED_EDGE('',*,*,#5808,.F.);
#8119=ORIENTED_EDGE('',*,*,#5809,.T.);
#8120=ORIENTED_EDGE('',*,*,#5710,.T.);
#8121=ORIENTED_EDGE('',*,*,#5809,.F.);
#8122=ORIENTED_EDGE('',*,*,#5810,.F.);
#8123=ORIENTED_EDGE('',*,*,#5811,.T.);
#8124=ORIENTED_EDGE('',*,*,#5711,.T.);
#8125=ORIENTED_EDGE('',*,*,#5811,.F.);
#8126=ORIENTED_EDGE('',*,*,#5812,.F.);
#8127=ORIENTED_EDGE('',*,*,#5813,.T.);
#8128=ORIENTED_EDGE('',*,*,#5712,.T.);
#8129=ORIENTED_EDGE('',*,*,#5813,.F.);
#8130=ORIENTED_EDGE('',*,*,#5814,.F.);
#8131=ORIENTED_EDGE('',*,*,#5815,.T.);
#8132=ORIENTED_EDGE('',*,*,#5713,.T.);
#8133=ORIENTED_EDGE('',*,*,#5815,.F.);
#8134=ORIENTED_EDGE('',*,*,#5816,.F.);
#8135=ORIENTED_EDGE('',*,*,#5785,.T.);
#8136=ORIENTED_EDGE('',*,*,#5714,.T.);
#8137=ORIENTED_EDGE('',*,*,#5793,.T.);
#8138=ORIENTED_EDGE('',*,*,#5791,.T.);
#8139=ORIENTED_EDGE('',*,*,#5679,.T.);
#8140=ORIENTED_EDGE('',*,*,#5790,.T.);
#8141=ORIENTED_EDGE('',*,*,#5661,.T.);
#8142=ORIENTED_EDGE('',*,*,#5759,.T.);
#8143=ORIENTED_EDGE('',*,*,#5789,.T.);
#8144=ORIENTED_EDGE('',*,*,#5769,.T.);
#8145=ORIENTED_EDGE('',*,*,#5788,.T.);
#8146=ORIENTED_EDGE('',*,*,#5786,.T.);
#8147=ORIENTED_EDGE('',*,*,#5816,.T.);
#8148=ORIENTED_EDGE('',*,*,#5814,.T.);
#8149=ORIENTED_EDGE('',*,*,#5812,.T.);
#8150=ORIENTED_EDGE('',*,*,#5810,.T.);
#8151=ORIENTED_EDGE('',*,*,#5808,.T.);
#8152=ORIENTED_EDGE('',*,*,#5806,.T.);
#8153=ORIENTED_EDGE('',*,*,#5804,.T.);
#8154=ORIENTED_EDGE('',*,*,#5802,.T.);
#8155=ORIENTED_EDGE('',*,*,#5800,.T.);
#8156=ORIENTED_EDGE('',*,*,#5610,.T.);
#8157=ORIENTED_EDGE('',*,*,#5799,.T.);
#8158=ORIENTED_EDGE('',*,*,#5652,.T.);
#8159=ORIENTED_EDGE('',*,*,#5798,.T.);
#8160=ORIENTED_EDGE('',*,*,#5796,.T.);
#8161=ORIENTED_EDGE('',*,*,#5794,.T.);
#8162=ORIENTED_EDGE('',*,*,#5147,.T.);
#8163=ORIENTED_EDGE('',*,*,#5512,.F.);
#8164=ORIENTED_EDGE('',*,*,#5219,.T.);
#8165=ORIENTED_EDGE('',*,*,#5626,.F.);
#8166=ORIENTED_EDGE('',*,*,#5686,.F.);
#8167=ORIENTED_EDGE('',*,*,#5638,.F.);
#8168=ORIENTED_EDGE('',*,*,#5642,.F.);
#8169=ORIENTED_EDGE('',*,*,#5141,.F.);
#8170=ORIENTED_EDGE('',*,*,#5546,.T.);
#8171=ORIENTED_EDGE('',*,*,#5530,.T.);
#8172=ORIENTED_EDGE('',*,*,#5494,.T.);
#8173=ORIENTED_EDGE('',*,*,#4851,.T.);
#8174=ORIENTED_EDGE('',*,*,#5222,.T.);
#8175=ORIENTED_EDGE('',*,*,#5200,.F.);
#8176=ORIENTED_EDGE('',*,*,#5164,.T.);
#8177=ORIENTED_EDGE('',*,*,#5817,.T.);
#8178=ORIENTED_EDGE('',*,*,#5818,.T.);
#8179=ORIENTED_EDGE('',*,*,#5157,.T.);
#8180=ORIENTED_EDGE('',*,*,#5819,.T.);
#8181=ORIENTED_EDGE('',*,*,#5819,.F.);
#8182=ORIENTED_EDGE('',*,*,#5156,.F.);
#8183=ORIENTED_EDGE('',*,*,#5820,.F.);
#8184=ORIENTED_EDGE('',*,*,#5821,.F.);
#8185=ORIENTED_EDGE('',*,*,#5822,.T.);
#8186=ORIENTED_EDGE('',*,*,#5823,.T.);
#8187=ORIENTED_EDGE('',*,*,#5150,.T.);
#8188=ORIENTED_EDGE('',*,*,#5824,.T.);
#8189=ORIENTED_EDGE('',*,*,#5824,.F.);
#8190=ORIENTED_EDGE('',*,*,#5149,.F.);
#8191=ORIENTED_EDGE('',*,*,#5782,.F.);
#8192=ORIENTED_EDGE('',*,*,#5825,.F.);
#8193=ORIENTED_EDGE('',*,*,#5826,.F.);
#8194=ORIENTED_EDGE('',*,*,#5827,.T.);
#8195=ORIENTED_EDGE('',*,*,#5828,.T.);
#8196=ORIENTED_EDGE('',*,*,#5152,.T.);
#8197=ORIENTED_EDGE('',*,*,#5829,.T.);
#8198=ORIENTED_EDGE('',*,*,#5823,.F.);
#8199=ORIENTED_EDGE('',*,*,#5830,.F.);
#8200=ORIENTED_EDGE('',*,*,#5829,.F.);
#8201=ORIENTED_EDGE('',*,*,#5151,.F.);
#8202=ORIENTED_EDGE('',*,*,#5831,.T.);
#8203=ORIENTED_EDGE('',*,*,#5832,.T.);
#8204=ORIENTED_EDGE('',*,*,#5160,.T.);
#8205=ORIENTED_EDGE('',*,*,#5833,.T.);
#8206=ORIENTED_EDGE('',*,*,#5833,.F.);
#8207=ORIENTED_EDGE('',*,*,#5159,.F.);
#8208=ORIENTED_EDGE('',*,*,#5834,.F.);
#8209=ORIENTED_EDGE('',*,*,#5835,.F.);
#8210=ORIENTED_EDGE('',*,*,#5154,.F.);
#8211=ORIENTED_EDGE('',*,*,#5836,.T.);
#8212=ORIENTED_EDGE('',*,*,#5837,.T.);
#8213=ORIENTED_EDGE('',*,*,#5838,.T.);
#8214=ORIENTED_EDGE('',*,*,#5838,.F.);
#8215=ORIENTED_EDGE('',*,*,#5839,.F.);
#8216=ORIENTED_EDGE('',*,*,#5820,.T.);
#8217=ORIENTED_EDGE('',*,*,#5155,.F.);
#8218=ORIENTED_EDGE('',*,*,#5840,.F.);
#8219=ORIENTED_EDGE('',*,*,#5553,.F.);
#8220=ORIENTED_EDGE('',*,*,#5549,.T.);
#8221=ORIENTED_EDGE('',*,*,#5552,.T.);
#8222=ORIENTED_EDGE('',*,*,#5544,.F.);
#8223=ORIENTED_EDGE('',*,*,#5162,.F.);
#8224=ORIENTED_EDGE('',*,*,#5841,.F.);
#8225=ORIENTED_EDGE('',*,*,#5231,.T.);
#8226=ORIENTED_EDGE('',*,*,#5832,.F.);
#8227=ORIENTED_EDGE('',*,*,#5842,.F.);
#8228=ORIENTED_EDGE('',*,*,#5841,.T.);
#8229=ORIENTED_EDGE('',*,*,#5161,.F.);
#8230=ORIENTED_EDGE('',*,*,#5818,.F.);
#8231=ORIENTED_EDGE('',*,*,#5843,.F.);
#8232=ORIENTED_EDGE('',*,*,#5834,.T.);
#8233=ORIENTED_EDGE('',*,*,#5158,.F.);
#8234=ORIENTED_EDGE('',*,*,#5828,.F.);
#8235=ORIENTED_EDGE('',*,*,#5844,.F.);
#8236=ORIENTED_EDGE('',*,*,#5836,.F.);
#8237=ORIENTED_EDGE('',*,*,#5153,.F.);
#8238=ORIENTED_EDGE('',*,*,#5845,.F.);
#8239=ORIENTED_EDGE('',*,*,#5846,.F.);
#8240=ORIENTED_EDGE('',*,*,#5734,.F.);
#8241=ORIENTED_EDGE('',*,*,#5668,.T.);
#8242=ORIENTED_EDGE('',*,*,#5555,.T.);
#8243=ORIENTED_EDGE('',*,*,#5847,.F.);
#8244=ORIENTED_EDGE('',*,*,#5780,.F.);
#8245=ORIENTED_EDGE('',*,*,#5670,.T.);
#8246=ORIENTED_EDGE('',*,*,#5736,.T.);
#8247=ORIENTED_EDGE('',*,*,#5817,.F.);
#8248=ORIENTED_EDGE('',*,*,#5821,.T.);
#8249=ORIENTED_EDGE('',*,*,#5839,.T.);
#8250=ORIENTED_EDGE('',*,*,#5837,.F.);
#8251=ORIENTED_EDGE('',*,*,#5844,.T.);
#8252=ORIENTED_EDGE('',*,*,#5827,.F.);
#8253=ORIENTED_EDGE('',*,*,#5830,.T.);
#8254=ORIENTED_EDGE('',*,*,#5822,.F.);
#8255=ORIENTED_EDGE('',*,*,#5826,.T.);
#8256=ORIENTED_EDGE('',*,*,#5848,.F.);
#8257=ORIENTED_EDGE('',*,*,#5845,.T.);
#8258=ORIENTED_EDGE('',*,*,#5554,.T.);
#8259=ORIENTED_EDGE('',*,*,#5840,.T.);
#8260=ORIENTED_EDGE('',*,*,#5842,.T.);
#8261=ORIENTED_EDGE('',*,*,#5831,.F.);
#8262=ORIENTED_EDGE('',*,*,#5835,.T.);
#8263=ORIENTED_EDGE('',*,*,#5843,.T.);
#8264=ORIENTED_EDGE('',*,*,#5849,.T.);
#8265=ORIENTED_EDGE('',*,*,#5850,.T.);
#8266=ORIENTED_EDGE('',*,*,#5209,.T.);
#8267=ORIENTED_EDGE('',*,*,#5851,.T.);
#8268=ORIENTED_EDGE('',*,*,#5850,.F.);
#8269=ORIENTED_EDGE('',*,*,#5852,.F.);
#8270=ORIENTED_EDGE('',*,*,#5853,.T.);
#8271=ORIENTED_EDGE('',*,*,#5210,.T.);
#8272=ORIENTED_EDGE('',*,*,#5849,.F.);
#8273=ORIENTED_EDGE('',*,*,#5854,.T.);
#8274=ORIENTED_EDGE('',*,*,#5855,.T.);
#8275=ORIENTED_EDGE('',*,*,#5856,.F.);
#8276=ORIENTED_EDGE('',*,*,#5857,.T.);
#8277=ORIENTED_EDGE('',*,*,#5858,.T.);
#8278=ORIENTED_EDGE('',*,*,#5577,.T.);
#8279=ORIENTED_EDGE('',*,*,#5859,.T.);
#8280=ORIENTED_EDGE('',*,*,#5860,.F.);
#8281=ORIENTED_EDGE('',*,*,#5861,.T.);
#8282=ORIENTED_EDGE('',*,*,#5862,.F.);
#8283=ORIENTED_EDGE('',*,*,#5863,.T.);
#8284=ORIENTED_EDGE('',*,*,#5864,.F.);
#8285=ORIENTED_EDGE('',*,*,#5865,.T.);
#8286=ORIENTED_EDGE('',*,*,#5866,.F.);
#8287=ORIENTED_EDGE('',*,*,#5867,.T.);
#8288=ORIENTED_EDGE('',*,*,#5852,.T.);
#8289=ORIENTED_EDGE('',*,*,#5862,.T.);
#8290=ORIENTED_EDGE('',*,*,#5868,.T.);
#8291=ORIENTED_EDGE('',*,*,#5216,.T.);
#8292=ORIENTED_EDGE('',*,*,#5869,.T.);
#8293=ORIENTED_EDGE('',*,*,#5868,.F.);
#8294=ORIENTED_EDGE('',*,*,#5861,.F.);
#8295=ORIENTED_EDGE('',*,*,#5870,.F.);
#8296=ORIENTED_EDGE('',*,*,#5777,.T.);
#8297=ORIENTED_EDGE('',*,*,#5217,.T.);
#8298=ORIENTED_EDGE('',*,*,#5864,.T.);
#8299=ORIENTED_EDGE('',*,*,#5871,.T.);
#8300=ORIENTED_EDGE('',*,*,#5214,.T.);
#8301=ORIENTED_EDGE('',*,*,#5872,.T.);
#8302=ORIENTED_EDGE('',*,*,#5872,.F.);
#8303=ORIENTED_EDGE('',*,*,#5213,.T.);
#8304=ORIENTED_EDGE('',*,*,#5873,.F.);
#8305=ORIENTED_EDGE('',*,*,#5865,.F.);
#8306=ORIENTED_EDGE('',*,*,#5856,.T.);
#8307=ORIENTED_EDGE('',*,*,#5874,.T.);
#8308=ORIENTED_EDGE('',*,*,#5206,.T.);
#8309=ORIENTED_EDGE('',*,*,#5875,.T.);
#8310=ORIENTED_EDGE('',*,*,#5875,.F.);
#8311=ORIENTED_EDGE('',*,*,#5205,.T.);
#8312=ORIENTED_EDGE('',*,*,#5876,.F.);
#8313=ORIENTED_EDGE('',*,*,#5857,.F.);
#8314=ORIENTED_EDGE('',*,*,#5212,.F.);
#8315=ORIENTED_EDGE('',*,*,#5877,.T.);
#8316=ORIENTED_EDGE('',*,*,#5866,.T.);
#8317=ORIENTED_EDGE('',*,*,#5873,.T.);
#8318=ORIENTED_EDGE('',*,*,#5851,.F.);
#8319=ORIENTED_EDGE('',*,*,#5208,.T.);
#8320=ORIENTED_EDGE('',*,*,#5878,.F.);
#8321=ORIENTED_EDGE('',*,*,#5854,.F.);
#8322=ORIENTED_EDGE('',*,*,#5874,.F.);
#8323=ORIENTED_EDGE('',*,*,#5855,.F.);
#8324=ORIENTED_EDGE('',*,*,#5878,.T.);
#8325=ORIENTED_EDGE('',*,*,#5207,.T.);
#8326=ORIENTED_EDGE('',*,*,#5858,.F.);
#8327=ORIENTED_EDGE('',*,*,#5876,.T.);
#8328=ORIENTED_EDGE('',*,*,#5204,.F.);
#8329=ORIENTED_EDGE('',*,*,#5225,.F.);
#8330=ORIENTED_EDGE('',*,*,#5568,.F.);
#8331=ORIENTED_EDGE('',*,*,#5564,.F.);
#8332=ORIENTED_EDGE('',*,*,#5578,.F.);
#8333=ORIENTED_EDGE('',*,*,#5228,.T.);
#8334=ORIENTED_EDGE('',*,*,#5859,.F.);
#8335=ORIENTED_EDGE('',*,*,#5576,.T.);
#8336=ORIENTED_EDGE('',*,*,#5765,.F.);
#8337=ORIENTED_EDGE('',*,*,#5740,.F.);
#8338=ORIENTED_EDGE('',*,*,#5879,.F.);
#8339=ORIENTED_EDGE('',*,*,#5880,.F.);
#8340=ORIENTED_EDGE('',*,*,#5738,.T.);
#8341=ORIENTED_EDGE('',*,*,#5764,.F.);
#8342=ORIENTED_EDGE('',*,*,#5779,.F.);
#8343=ORIENTED_EDGE('',*,*,#5754,.F.);
#8344=ORIENTED_EDGE('',*,*,#5761,.T.);
#8345=ORIENTED_EDGE('',*,*,#5773,.T.);
#8346=ORIENTED_EDGE('',*,*,#5766,.T.);
#8347=ORIENTED_EDGE('',*,*,#5869,.F.);
#8348=ORIENTED_EDGE('',*,*,#5215,.T.);
#8349=ORIENTED_EDGE('',*,*,#5871,.F.);
#8350=ORIENTED_EDGE('',*,*,#5863,.F.);
#8351=ORIENTED_EDGE('',*,*,#5877,.F.);
#8352=ORIENTED_EDGE('',*,*,#5211,.T.);
#8353=ORIENTED_EDGE('',*,*,#5853,.F.);
#8354=ORIENTED_EDGE('',*,*,#5867,.F.);
#8355=ORIENTED_EDGE('',*,*,#5870,.T.);
#8356=ORIENTED_EDGE('',*,*,#5860,.T.);
#8357=ORIENTED_EDGE('',*,*,#5879,.T.);
#8358=ORIENTED_EDGE('',*,*,#5739,.T.);
#8359=ORIENTED_EDGE('',*,*,#5880,.T.);
#8360=ORIENTED_EDGE('',*,*,#5778,.T.);
#8361=ORIENTED_EDGE('',*,*,#5846,.T.);
#8362=ORIENTED_EDGE('',*,*,#5848,.T.);
#8363=ORIENTED_EDGE('',*,*,#5825,.T.);
#8364=ORIENTED_EDGE('',*,*,#5781,.T.);
#8365=ORIENTED_EDGE('',*,*,#5847,.T.);
#8366=ORIENTED_EDGE('',*,*,#5735,.T.);
#8367=ORIENTED_EDGE('',*,*,#5881,.T.);
#8368=ORIENTED_EDGE('',*,*,#5882,.T.);
#8369=ORIENTED_EDGE('',*,*,#5883,.T.);
#8370=ORIENTED_EDGE('',*,*,#5884,.T.);
#8371=ORIENTED_EDGE('',*,*,#5882,.F.);
#8372=ORIENTED_EDGE('',*,*,#5885,.T.);
#8373=ORIENTED_EDGE('',*,*,#5886,.F.);
#8374=ORIENTED_EDGE('',*,*,#5887,.T.);
#8375=ORIENTED_EDGE('',*,*,#5881,.F.);
#8376=ORIENTED_EDGE('',*,*,#5888,.F.);
#8377=ORIENTED_EDGE('',*,*,#5889,.F.);
#8378=ORIENTED_EDGE('',*,*,#5890,.T.);
#8379=ORIENTED_EDGE('',*,*,#5891,.F.);
#8380=ORIENTED_EDGE('',*,*,#5892,.T.);
#8381=ORIENTED_EDGE('',*,*,#5893,.F.);
#8382=ORIENTED_EDGE('',*,*,#5894,.T.);
#8383=ORIENTED_EDGE('',*,*,#5895,.F.);
#8384=ORIENTED_EDGE('',*,*,#5896,.T.);
#8385=ORIENTED_EDGE('',*,*,#5897,.T.);
#8386=ORIENTED_EDGE('',*,*,#5898,.T.);
#8387=ORIENTED_EDGE('',*,*,#5899,.F.);
#8388=ORIENTED_EDGE('',*,*,#5900,.T.);
#8389=ORIENTED_EDGE('',*,*,#5901,.F.);
#8390=ORIENTED_EDGE('',*,*,#5885,.F.);
#8391=ORIENTED_EDGE('',*,*,#5902,.T.);
#8392=ORIENTED_EDGE('',*,*,#5903,.T.);
#8393=ORIENTED_EDGE('',*,*,#5891,.T.);
#8394=ORIENTED_EDGE('',*,*,#5904,.T.);
#8395=ORIENTED_EDGE('',*,*,#5903,.F.);
#8396=ORIENTED_EDGE('',*,*,#5905,.F.);
#8397=ORIENTED_EDGE('',*,*,#5906,.F.);
#8398=ORIENTED_EDGE('',*,*,#5892,.F.);
#8399=ORIENTED_EDGE('',*,*,#5893,.T.);
#8400=ORIENTED_EDGE('',*,*,#5906,.T.);
#8401=ORIENTED_EDGE('',*,*,#5907,.T.);
#8402=ORIENTED_EDGE('',*,*,#5908,.T.);
#8403=ORIENTED_EDGE('',*,*,#5909,.T.);
#8404=ORIENTED_EDGE('',*,*,#5910,.T.);
#8405=ORIENTED_EDGE('',*,*,#5895,.T.);
#8406=ORIENTED_EDGE('',*,*,#5911,.T.);
#8407=ORIENTED_EDGE('',*,*,#5910,.F.);
#8408=ORIENTED_EDGE('',*,*,#5912,.F.);
#8409=ORIENTED_EDGE('',*,*,#5913,.F.);
#8410=ORIENTED_EDGE('',*,*,#5914,.F.);
#8411=ORIENTED_EDGE('',*,*,#5915,.F.);
#8412=ORIENTED_EDGE('',*,*,#5916,.F.);
#8413=ORIENTED_EDGE('',*,*,#5917,.F.);
#8414=ORIENTED_EDGE('',*,*,#5918,.F.);
#8415=ORIENTED_EDGE('',*,*,#5919,.F.);
#8416=ORIENTED_EDGE('',*,*,#5920,.F.);
#8417=ORIENTED_EDGE('',*,*,#5921,.F.);
#8418=ORIENTED_EDGE('',*,*,#5896,.F.);
#8419=ORIENTED_EDGE('',*,*,#5922,.T.);
#8420=ORIENTED_EDGE('',*,*,#5923,.T.);
#8421=ORIENTED_EDGE('',*,*,#5899,.T.);
#8422=ORIENTED_EDGE('',*,*,#5924,.T.);
#8423=ORIENTED_EDGE('',*,*,#5923,.F.);
#8424=ORIENTED_EDGE('',*,*,#5925,.F.);
#8425=ORIENTED_EDGE('',*,*,#5926,.F.);
#8426=ORIENTED_EDGE('',*,*,#5900,.F.);
#8427=ORIENTED_EDGE('',*,*,#5927,.T.);
#8428=ORIENTED_EDGE('',*,*,#5886,.T.);
#8429=ORIENTED_EDGE('',*,*,#5901,.T.);
#8430=ORIENTED_EDGE('',*,*,#5926,.T.);
#8431=ORIENTED_EDGE('',*,*,#5904,.F.);
#8432=ORIENTED_EDGE('',*,*,#5890,.F.);
#8433=ORIENTED_EDGE('',*,*,#5928,.F.);
#8434=ORIENTED_EDGE('',*,*,#5929,.F.);
#8435=ORIENTED_EDGE('',*,*,#5908,.F.);
#8436=ORIENTED_EDGE('',*,*,#5930,.F.);
#8437=ORIENTED_EDGE('',*,*,#5911,.F.);
#8438=ORIENTED_EDGE('',*,*,#5894,.F.);
#8439=ORIENTED_EDGE('',*,*,#5924,.F.);
#8440=ORIENTED_EDGE('',*,*,#5898,.F.);
#8441=ORIENTED_EDGE('',*,*,#5931,.F.);
#8442=ORIENTED_EDGE('',*,*,#5932,.F.);
#8443=ORIENTED_EDGE('',*,*,#5933,.F.);
#8444=ORIENTED_EDGE('',*,*,#5934,.F.);
#8445=ORIENTED_EDGE('',*,*,#5935,.F.);
#8446=ORIENTED_EDGE('',*,*,#5936,.F.);
#8447=ORIENTED_EDGE('',*,*,#5937,.F.);
#8448=ORIENTED_EDGE('',*,*,#5938,.F.);
#8449=ORIENTED_EDGE('',*,*,#5939,.F.);
#8450=ORIENTED_EDGE('',*,*,#5940,.F.);
#8451=ORIENTED_EDGE('',*,*,#5919,.T.);
#8452=ORIENTED_EDGE('',*,*,#5941,.T.);
#8453=ORIENTED_EDGE('',*,*,#5933,.T.);
#8454=ORIENTED_EDGE('',*,*,#5942,.F.);
#8455=ORIENTED_EDGE('',*,*,#5918,.T.);
#8456=ORIENTED_EDGE('',*,*,#5943,.T.);
#8457=ORIENTED_EDGE('',*,*,#5934,.T.);
#8458=ORIENTED_EDGE('',*,*,#5941,.F.);
#8459=ORIENTED_EDGE('',*,*,#5920,.T.);
#8460=ORIENTED_EDGE('',*,*,#5942,.T.);
#8461=ORIENTED_EDGE('',*,*,#5932,.T.);
#8462=ORIENTED_EDGE('',*,*,#5944,.F.);
#8463=ORIENTED_EDGE('',*,*,#5917,.T.);
#8464=ORIENTED_EDGE('',*,*,#5945,.T.);
#8465=ORIENTED_EDGE('',*,*,#5935,.T.);
#8466=ORIENTED_EDGE('',*,*,#5943,.F.);
#8467=ORIENTED_EDGE('',*,*,#5921,.T.);
#8468=ORIENTED_EDGE('',*,*,#5944,.T.);
#8469=ORIENTED_EDGE('',*,*,#5931,.T.);
#8470=ORIENTED_EDGE('',*,*,#5897,.F.);
#8471=ORIENTED_EDGE('',*,*,#5916,.T.);
#8472=ORIENTED_EDGE('',*,*,#5946,.T.);
#8473=ORIENTED_EDGE('',*,*,#5936,.T.);
#8474=ORIENTED_EDGE('',*,*,#5945,.F.);
#8475=ORIENTED_EDGE('',*,*,#5915,.T.);
#8476=ORIENTED_EDGE('',*,*,#5947,.T.);
#8477=ORIENTED_EDGE('',*,*,#5937,.T.);
#8478=ORIENTED_EDGE('',*,*,#5946,.F.);
#8479=ORIENTED_EDGE('',*,*,#5914,.T.);
#8480=ORIENTED_EDGE('',*,*,#5948,.T.);
#8481=ORIENTED_EDGE('',*,*,#5938,.T.);
#8482=ORIENTED_EDGE('',*,*,#5947,.F.);
#8483=ORIENTED_EDGE('',*,*,#5913,.T.);
#8484=ORIENTED_EDGE('',*,*,#5949,.T.);
#8485=ORIENTED_EDGE('',*,*,#5939,.T.);
#8486=ORIENTED_EDGE('',*,*,#5948,.F.);
#8487=ORIENTED_EDGE('',*,*,#5884,.F.);
#8488=ORIENTED_EDGE('',*,*,#5950,.F.);
#8489=ORIENTED_EDGE('',*,*,#5951,.F.);
#8490=ORIENTED_EDGE('',*,*,#5888,.T.);
#8491=ORIENTED_EDGE('',*,*,#5883,.F.);
#8492=ORIENTED_EDGE('',*,*,#5887,.F.);
#8493=ORIENTED_EDGE('',*,*,#5927,.F.);
#8494=ORIENTED_EDGE('',*,*,#5925,.T.);
#8495=ORIENTED_EDGE('',*,*,#5922,.F.);
#8496=ORIENTED_EDGE('',*,*,#5940,.T.);
#8497=ORIENTED_EDGE('',*,*,#5949,.F.);
#8498=ORIENTED_EDGE('',*,*,#5912,.T.);
#8499=ORIENTED_EDGE('',*,*,#5909,.F.);
#8500=ORIENTED_EDGE('',*,*,#5930,.T.);
#8501=ORIENTED_EDGE('',*,*,#5907,.F.);
#8502=ORIENTED_EDGE('',*,*,#5905,.T.);
#8503=ORIENTED_EDGE('',*,*,#5902,.F.);
#8504=ORIENTED_EDGE('',*,*,#5929,.T.);
#8505=ORIENTED_EDGE('',*,*,#5952,.F.);
#8506=ORIENTED_EDGE('',*,*,#5950,.T.);
#8507=ORIENTED_EDGE('',*,*,#5928,.T.);
#8508=ORIENTED_EDGE('',*,*,#5889,.T.);
#8509=ORIENTED_EDGE('',*,*,#5951,.T.);
#8510=ORIENTED_EDGE('',*,*,#5952,.T.);
#8511=ORIENTED_EDGE('',*,*,#5953,.F.);
#8512=ORIENTED_EDGE('',*,*,#5954,.F.);
#8513=ORIENTED_EDGE('',*,*,#5955,.F.);
#8514=ORIENTED_EDGE('',*,*,#5956,.F.);
#8515=ORIENTED_EDGE('',*,*,#5956,.T.);
#8516=ORIENTED_EDGE('',*,*,#5957,.F.);
#8517=ORIENTED_EDGE('',*,*,#5958,.T.);
#8518=ORIENTED_EDGE('',*,*,#5959,.F.);
#8519=ORIENTED_EDGE('',*,*,#5953,.T.);
#8520=ORIENTED_EDGE('',*,*,#5959,.T.);
#8521=ORIENTED_EDGE('',*,*,#5960,.T.);
#8522=ORIENTED_EDGE('',*,*,#5961,.F.);
#8523=ORIENTED_EDGE('',*,*,#5962,.T.);
#8524=ORIENTED_EDGE('',*,*,#5963,.F.);
#8525=ORIENTED_EDGE('',*,*,#5964,.F.);
#8526=ORIENTED_EDGE('',*,*,#5965,.F.);
#8527=ORIENTED_EDGE('',*,*,#5966,.T.);
#8528=ORIENTED_EDGE('',*,*,#5967,.F.);
#8529=ORIENTED_EDGE('',*,*,#5968,.T.);
#8530=ORIENTED_EDGE('',*,*,#5969,.F.);
#8531=ORIENTED_EDGE('',*,*,#5970,.T.);
#8532=ORIENTED_EDGE('',*,*,#5971,.F.);
#8533=ORIENTED_EDGE('',*,*,#5972,.T.);
#8534=ORIENTED_EDGE('',*,*,#5973,.T.);
#8535=ORIENTED_EDGE('',*,*,#5974,.F.);
#8536=ORIENTED_EDGE('',*,*,#5975,.F.);
#8537=ORIENTED_EDGE('',*,*,#5970,.F.);
#8538=ORIENTED_EDGE('',*,*,#5976,.F.);
#8539=ORIENTED_EDGE('',*,*,#5976,.T.);
#8540=ORIENTED_EDGE('',*,*,#5969,.T.);
#8541=ORIENTED_EDGE('',*,*,#5977,.T.);
#8542=ORIENTED_EDGE('',*,*,#5978,.T.);
#8543=ORIENTED_EDGE('',*,*,#5968,.F.);
#8544=ORIENTED_EDGE('',*,*,#5979,.F.);
#8545=ORIENTED_EDGE('',*,*,#5980,.F.);
#8546=ORIENTED_EDGE('',*,*,#5977,.F.);
#8547=ORIENTED_EDGE('',*,*,#5981,.F.);
#8548=ORIENTED_EDGE('',*,*,#5982,.F.);
#8549=ORIENTED_EDGE('',*,*,#5966,.F.);
#8550=ORIENTED_EDGE('',*,*,#5983,.F.);
#8551=ORIENTED_EDGE('',*,*,#5983,.T.);
#8552=ORIENTED_EDGE('',*,*,#5965,.T.);
#8553=ORIENTED_EDGE('',*,*,#5984,.T.);
#8554=ORIENTED_EDGE('',*,*,#5985,.T.);
#8555=ORIENTED_EDGE('',*,*,#5986,.T.);
#8556=ORIENTED_EDGE('',*,*,#5987,.T.);
#8557=ORIENTED_EDGE('',*,*,#5988,.T.);
#8558=ORIENTED_EDGE('',*,*,#5989,.T.);
#8559=ORIENTED_EDGE('',*,*,#5990,.T.);
#8560=ORIENTED_EDGE('',*,*,#5991,.T.);
#8561=ORIENTED_EDGE('',*,*,#5992,.T.);
#8562=ORIENTED_EDGE('',*,*,#5993,.T.);
#8563=ORIENTED_EDGE('',*,*,#5994,.F.);
#8564=ORIENTED_EDGE('',*,*,#5995,.F.);
#8565=ORIENTED_EDGE('',*,*,#5962,.F.);
#8566=ORIENTED_EDGE('',*,*,#5996,.F.);
#8567=ORIENTED_EDGE('',*,*,#5996,.T.);
#8568=ORIENTED_EDGE('',*,*,#5961,.T.);
#8569=ORIENTED_EDGE('',*,*,#5997,.T.);
#8570=ORIENTED_EDGE('',*,*,#5998,.T.);
#8571=ORIENTED_EDGE('',*,*,#5999,.F.);
#8572=ORIENTED_EDGE('',*,*,#5997,.F.);
#8573=ORIENTED_EDGE('',*,*,#5960,.F.);
#8574=ORIENTED_EDGE('',*,*,#5958,.F.);
#8575=ORIENTED_EDGE('',*,*,#5975,.T.);
#8576=ORIENTED_EDGE('',*,*,#6000,.T.);
#8577=ORIENTED_EDGE('',*,*,#6001,.T.);
#8578=ORIENTED_EDGE('',*,*,#5971,.T.);
#8579=ORIENTED_EDGE('',*,*,#5979,.T.);
#8580=ORIENTED_EDGE('',*,*,#5967,.T.);
#8581=ORIENTED_EDGE('',*,*,#5982,.T.);
#8582=ORIENTED_EDGE('',*,*,#6002,.T.);
#8583=ORIENTED_EDGE('',*,*,#5995,.T.);
#8584=ORIENTED_EDGE('',*,*,#6003,.T.);
#8585=ORIENTED_EDGE('',*,*,#6004,.T.);
#8586=ORIENTED_EDGE('',*,*,#6005,.T.);
#8587=ORIENTED_EDGE('',*,*,#6006,.T.);
#8588=ORIENTED_EDGE('',*,*,#6007,.T.);
#8589=ORIENTED_EDGE('',*,*,#6008,.T.);
#8590=ORIENTED_EDGE('',*,*,#6009,.T.);
#8591=ORIENTED_EDGE('',*,*,#6010,.T.);
#8592=ORIENTED_EDGE('',*,*,#6011,.T.);
#8593=ORIENTED_EDGE('',*,*,#6012,.T.);
#8594=ORIENTED_EDGE('',*,*,#5963,.T.);
#8595=ORIENTED_EDGE('',*,*,#5986,.F.);
#8596=ORIENTED_EDGE('',*,*,#6013,.T.);
#8597=ORIENTED_EDGE('',*,*,#6010,.F.);
#8598=ORIENTED_EDGE('',*,*,#6014,.F.);
#8599=ORIENTED_EDGE('',*,*,#5987,.F.);
#8600=ORIENTED_EDGE('',*,*,#6014,.T.);
#8601=ORIENTED_EDGE('',*,*,#6009,.F.);
#8602=ORIENTED_EDGE('',*,*,#6015,.F.);
#8603=ORIENTED_EDGE('',*,*,#5985,.F.);
#8604=ORIENTED_EDGE('',*,*,#6016,.T.);
#8605=ORIENTED_EDGE('',*,*,#6011,.F.);
#8606=ORIENTED_EDGE('',*,*,#6013,.F.);
#8607=ORIENTED_EDGE('',*,*,#5988,.F.);
#8608=ORIENTED_EDGE('',*,*,#6015,.T.);
#8609=ORIENTED_EDGE('',*,*,#6008,.F.);
#8610=ORIENTED_EDGE('',*,*,#6017,.F.);
#8611=ORIENTED_EDGE('',*,*,#5984,.F.);
#8612=ORIENTED_EDGE('',*,*,#5964,.T.);
#8613=ORIENTED_EDGE('',*,*,#6012,.F.);
#8614=ORIENTED_EDGE('',*,*,#6016,.F.);
#8615=ORIENTED_EDGE('',*,*,#5989,.F.);
#8616=ORIENTED_EDGE('',*,*,#6017,.T.);
#8617=ORIENTED_EDGE('',*,*,#6007,.F.);
#8618=ORIENTED_EDGE('',*,*,#6018,.F.);
#8619=ORIENTED_EDGE('',*,*,#5990,.F.);
#8620=ORIENTED_EDGE('',*,*,#6018,.T.);
#8621=ORIENTED_EDGE('',*,*,#6006,.F.);
#8622=ORIENTED_EDGE('',*,*,#6019,.F.);
#8623=ORIENTED_EDGE('',*,*,#5991,.F.);
#8624=ORIENTED_EDGE('',*,*,#6019,.T.);
#8625=ORIENTED_EDGE('',*,*,#6005,.F.);
#8626=ORIENTED_EDGE('',*,*,#6020,.F.);
#8627=ORIENTED_EDGE('',*,*,#5992,.F.);
#8628=ORIENTED_EDGE('',*,*,#6020,.T.);
#8629=ORIENTED_EDGE('',*,*,#6004,.F.);
#8630=ORIENTED_EDGE('',*,*,#6021,.F.);
#8631=ORIENTED_EDGE('',*,*,#5954,.T.);
#8632=ORIENTED_EDGE('',*,*,#5973,.F.);
#8633=ORIENTED_EDGE('',*,*,#6022,.T.);
#8634=ORIENTED_EDGE('',*,*,#6023,.T.);
#8635=ORIENTED_EDGE('',*,*,#5955,.T.);
#8636=ORIENTED_EDGE('',*,*,#6023,.F.);
#8637=ORIENTED_EDGE('',*,*,#6024,.T.);
#8638=ORIENTED_EDGE('',*,*,#6000,.F.);
#8639=ORIENTED_EDGE('',*,*,#5974,.T.);
#8640=ORIENTED_EDGE('',*,*,#5978,.F.);
#8641=ORIENTED_EDGE('',*,*,#5980,.T.);
#8642=ORIENTED_EDGE('',*,*,#6002,.F.);
#8643=ORIENTED_EDGE('',*,*,#5981,.T.);
#8644=ORIENTED_EDGE('',*,*,#5993,.F.);
#8645=ORIENTED_EDGE('',*,*,#6021,.T.);
#8646=ORIENTED_EDGE('',*,*,#6003,.F.);
#8647=ORIENTED_EDGE('',*,*,#5994,.T.);
#8648=ORIENTED_EDGE('',*,*,#5998,.F.);
#8649=ORIENTED_EDGE('',*,*,#5999,.T.);
#8650=ORIENTED_EDGE('',*,*,#5957,.T.);
#8651=ORIENTED_EDGE('',*,*,#6001,.F.);
#8652=ORIENTED_EDGE('',*,*,#6024,.F.);
#8653=ORIENTED_EDGE('',*,*,#6022,.F.);
#8654=ORIENTED_EDGE('',*,*,#5972,.F.);
#8655=ORIENTED_EDGE('',*,*,#6025,.T.);
#8656=ORIENTED_EDGE('',*,*,#6026,.T.);
#8657=ORIENTED_EDGE('',*,*,#6027,.T.);
#8658=ORIENTED_EDGE('',*,*,#6028,.T.);
#8659=ORIENTED_EDGE('',*,*,#6026,.F.);
#8660=ORIENTED_EDGE('',*,*,#6029,.T.);
#8661=ORIENTED_EDGE('',*,*,#6030,.F.);
#8662=ORIENTED_EDGE('',*,*,#6031,.F.);
#8663=ORIENTED_EDGE('',*,*,#6025,.F.);
#8664=ORIENTED_EDGE('',*,*,#6032,.T.);
#8665=ORIENTED_EDGE('',*,*,#6033,.F.);
#8666=ORIENTED_EDGE('',*,*,#6034,.T.);
#8667=ORIENTED_EDGE('',*,*,#6035,.F.);
#8668=ORIENTED_EDGE('',*,*,#6036,.T.);
#8669=ORIENTED_EDGE('',*,*,#6037,.F.);
#8670=ORIENTED_EDGE('',*,*,#6038,.F.);
#8671=ORIENTED_EDGE('',*,*,#6029,.F.);
#8672=ORIENTED_EDGE('',*,*,#6039,.F.);
#8673=ORIENTED_EDGE('',*,*,#6040,.F.);
#8674=ORIENTED_EDGE('',*,*,#6041,.F.);
#8675=ORIENTED_EDGE('',*,*,#6042,.T.);
#8676=ORIENTED_EDGE('',*,*,#6043,.T.);
#8677=ORIENTED_EDGE('',*,*,#6044,.T.);
#8678=ORIENTED_EDGE('',*,*,#6045,.T.);
#8679=ORIENTED_EDGE('',*,*,#6040,.T.);
#8680=ORIENTED_EDGE('',*,*,#6046,.T.);
#8681=ORIENTED_EDGE('',*,*,#6043,.F.);
#8682=ORIENTED_EDGE('',*,*,#6047,.T.);
#8683=ORIENTED_EDGE('',*,*,#6030,.T.);
#8684=ORIENTED_EDGE('',*,*,#6038,.T.);
#8685=ORIENTED_EDGE('',*,*,#6048,.T.);
#8686=ORIENTED_EDGE('',*,*,#6045,.F.);
#8687=ORIENTED_EDGE('',*,*,#6047,.F.);
#8688=ORIENTED_EDGE('',*,*,#6049,.F.);
#8689=ORIENTED_EDGE('',*,*,#6050,.T.);
#8690=ORIENTED_EDGE('',*,*,#6051,.F.);
#8691=ORIENTED_EDGE('',*,*,#6042,.F.);
#8692=ORIENTED_EDGE('',*,*,#6048,.F.);
#8693=ORIENTED_EDGE('',*,*,#6037,.T.);
#8694=ORIENTED_EDGE('',*,*,#6049,.T.);
#8695=ORIENTED_EDGE('',*,*,#6052,.T.);
#8696=ORIENTED_EDGE('',*,*,#6053,.T.);
#8697=ORIENTED_EDGE('',*,*,#6054,.T.);
#8698=ORIENTED_EDGE('',*,*,#6055,.T.);
#8699=ORIENTED_EDGE('',*,*,#6053,.F.);
#8700=ORIENTED_EDGE('',*,*,#6056,.F.);
#8701=ORIENTED_EDGE('',*,*,#6057,.F.);
#8702=ORIENTED_EDGE('',*,*,#6058,.T.);
#8703=ORIENTED_EDGE('',*,*,#6052,.F.);
#8704=ORIENTED_EDGE('',*,*,#6059,.T.);
#8705=ORIENTED_EDGE('',*,*,#6060,.F.);
#8706=ORIENTED_EDGE('',*,*,#6061,.T.);
#8707=ORIENTED_EDGE('',*,*,#6062,.T.);
#8708=ORIENTED_EDGE('',*,*,#6063,.T.);
#8709=ORIENTED_EDGE('',*,*,#6064,.F.);
#8710=ORIENTED_EDGE('',*,*,#6065,.F.);
#8711=ORIENTED_EDGE('',*,*,#6056,.T.);
#8712=ORIENTED_EDGE('',*,*,#6066,.T.);
#8713=ORIENTED_EDGE('',*,*,#6057,.T.);
#8714=ORIENTED_EDGE('',*,*,#6065,.T.);
#8715=ORIENTED_EDGE('',*,*,#6067,.T.);
#8716=ORIENTED_EDGE('',*,*,#6068,.T.);
#8717=ORIENTED_EDGE('',*,*,#6069,.T.);
#8718=ORIENTED_EDGE('',*,*,#6070,.T.);
#8719=ORIENTED_EDGE('',*,*,#6071,.T.);
#8720=ORIENTED_EDGE('',*,*,#6071,.F.);
#8721=ORIENTED_EDGE('',*,*,#6072,.F.);
#8722=ORIENTED_EDGE('',*,*,#6073,.F.);
#8723=ORIENTED_EDGE('',*,*,#6074,.T.);
#8724=ORIENTED_EDGE('',*,*,#6070,.F.);
#8725=ORIENTED_EDGE('',*,*,#6075,.T.);
#8726=ORIENTED_EDGE('',*,*,#6076,.T.);
#8727=ORIENTED_EDGE('',*,*,#6077,.F.);
#8728=ORIENTED_EDGE('',*,*,#6078,.F.);
#8729=ORIENTED_EDGE('',*,*,#6072,.T.);
#8730=ORIENTED_EDGE('',*,*,#6079,.T.);
#8731=ORIENTED_EDGE('',*,*,#6073,.T.);
#8732=ORIENTED_EDGE('',*,*,#6078,.T.);
#8733=ORIENTED_EDGE('',*,*,#6080,.T.);
#8734=ORIENTED_EDGE('',*,*,#6080,.F.);
#8735=ORIENTED_EDGE('',*,*,#6077,.T.);
#8736=ORIENTED_EDGE('',*,*,#6081,.T.);
#8737=ORIENTED_EDGE('',*,*,#6082,.T.);
#8738=ORIENTED_EDGE('',*,*,#6083,.F.);
#8739=ORIENTED_EDGE('',*,*,#6084,.F.);
#8740=ORIENTED_EDGE('',*,*,#6085,.F.);
#8741=ORIENTED_EDGE('',*,*,#6086,.F.);
#8742=ORIENTED_EDGE('',*,*,#6069,.F.);
#8743=ORIENTED_EDGE('',*,*,#6087,.T.);
#8744=ORIENTED_EDGE('',*,*,#6088,.T.);
#8745=ORIENTED_EDGE('',*,*,#6075,.F.);
#8746=ORIENTED_EDGE('',*,*,#6081,.F.);
#8747=ORIENTED_EDGE('',*,*,#6089,.T.);
#8748=ORIENTED_EDGE('',*,*,#6090,.T.);
#8749=ORIENTED_EDGE('',*,*,#6084,.T.);
#8750=ORIENTED_EDGE('',*,*,#6088,.F.);
#8751=ORIENTED_EDGE('',*,*,#6086,.T.);
#8752=ORIENTED_EDGE('',*,*,#6041,.T.);
#8753=ORIENTED_EDGE('',*,*,#6051,.T.);
#8754=ORIENTED_EDGE('',*,*,#6091,.F.);
#8755=ORIENTED_EDGE('',*,*,#6068,.F.);
#8756=ORIENTED_EDGE('',*,*,#6074,.F.);
#8757=ORIENTED_EDGE('',*,*,#6079,.F.);
#8758=ORIENTED_EDGE('',*,*,#6082,.F.);
#8759=ORIENTED_EDGE('',*,*,#6083,.T.);
#8760=ORIENTED_EDGE('',*,*,#6087,.F.);
#8761=ORIENTED_EDGE('',*,*,#6076,.F.);
#8762=ORIENTED_EDGE('',*,*,#6091,.T.);
#8763=ORIENTED_EDGE('',*,*,#6092,.T.);
#8764=ORIENTED_EDGE('',*,*,#6089,.F.);
#8765=ORIENTED_EDGE('',*,*,#6093,.T.);
#8766=ORIENTED_EDGE('',*,*,#6094,.T.);
#8767=ORIENTED_EDGE('',*,*,#6095,.T.);
#8768=ORIENTED_EDGE('',*,*,#6096,.T.);
#8769=ORIENTED_EDGE('',*,*,#6093,.F.);
#8770=ORIENTED_EDGE('',*,*,#6097,.T.);
#8771=ORIENTED_EDGE('',*,*,#6098,.F.);
#8772=ORIENTED_EDGE('',*,*,#6099,.T.);
#8773=ORIENTED_EDGE('',*,*,#6100,.F.);
#8774=ORIENTED_EDGE('',*,*,#6101,.T.);
#8775=ORIENTED_EDGE('',*,*,#6096,.F.);
#8776=ORIENTED_EDGE('',*,*,#6102,.F.);
#8777=ORIENTED_EDGE('',*,*,#6103,.F.);
#8778=ORIENTED_EDGE('',*,*,#6104,.F.);
#8779=ORIENTED_EDGE('',*,*,#6105,.F.);
#8780=ORIENTED_EDGE('',*,*,#6106,.F.);
#8781=ORIENTED_EDGE('',*,*,#6107,.F.);
#8782=ORIENTED_EDGE('',*,*,#6108,.T.);
#8783=ORIENTED_EDGE('',*,*,#6109,.F.);
#8784=ORIENTED_EDGE('',*,*,#6110,.F.);
#8785=ORIENTED_EDGE('',*,*,#6111,.F.);
#8786=ORIENTED_EDGE('',*,*,#6112,.F.);
#8787=ORIENTED_EDGE('',*,*,#6113,.F.);
#8788=ORIENTED_EDGE('',*,*,#6097,.F.);
#8789=ORIENTED_EDGE('',*,*,#6114,.T.);
#8790=ORIENTED_EDGE('',*,*,#6115,.T.);
#8791=ORIENTED_EDGE('',*,*,#6116,.T.);
#8792=ORIENTED_EDGE('',*,*,#6117,.T.);
#8793=ORIENTED_EDGE('',*,*,#6114,.F.);
#8794=ORIENTED_EDGE('',*,*,#6118,.T.);
#8795=ORIENTED_EDGE('',*,*,#6119,.T.);
#8796=ORIENTED_EDGE('',*,*,#6120,.F.);
#8797=ORIENTED_EDGE('',*,*,#6121,.F.);
#8798=ORIENTED_EDGE('',*,*,#6122,.T.);
#8799=ORIENTED_EDGE('',*,*,#6117,.F.);
#8800=ORIENTED_EDGE('',*,*,#6123,.F.);
#8801=ORIENTED_EDGE('',*,*,#6124,.F.);
#8802=ORIENTED_EDGE('',*,*,#6125,.F.);
#8803=ORIENTED_EDGE('',*,*,#6126,.F.);
#8804=ORIENTED_EDGE('',*,*,#6127,.F.);
#8805=ORIENTED_EDGE('',*,*,#6128,.F.);
#8806=ORIENTED_EDGE('',*,*,#6129,.T.);
#8807=ORIENTED_EDGE('',*,*,#6130,.F.);
#8808=ORIENTED_EDGE('',*,*,#6131,.F.);
#8809=ORIENTED_EDGE('',*,*,#6132,.F.);
#8810=ORIENTED_EDGE('',*,*,#6133,.F.);
#8811=ORIENTED_EDGE('',*,*,#6134,.F.);
#8812=ORIENTED_EDGE('',*,*,#6118,.F.);
#8813=ORIENTED_EDGE('',*,*,#6104,.T.);
#8814=ORIENTED_EDGE('',*,*,#6135,.T.);
#8815=ORIENTED_EDGE('',*,*,#6136,.T.);
#8816=ORIENTED_EDGE('',*,*,#6137,.T.);
#8817=ORIENTED_EDGE('',*,*,#6138,.F.);
#8818=ORIENTED_EDGE('',*,*,#6103,.T.);
#8819=ORIENTED_EDGE('',*,*,#6139,.T.);
#8820=ORIENTED_EDGE('',*,*,#6140,.T.);
#8821=ORIENTED_EDGE('',*,*,#6141,.F.);
#8822=ORIENTED_EDGE('',*,*,#6142,.T.);
#8823=ORIENTED_EDGE('',*,*,#6135,.F.);
#8824=ORIENTED_EDGE('',*,*,#6095,.F.);
#8825=ORIENTED_EDGE('',*,*,#6143,.F.);
#8826=ORIENTED_EDGE('',*,*,#6144,.F.);
#8827=ORIENTED_EDGE('',*,*,#6145,.T.);
#8828=ORIENTED_EDGE('',*,*,#6139,.F.);
#8829=ORIENTED_EDGE('',*,*,#6102,.T.);
#8830=ORIENTED_EDGE('',*,*,#6094,.F.);
#8831=ORIENTED_EDGE('',*,*,#6101,.F.);
#8832=ORIENTED_EDGE('',*,*,#6146,.F.);
#8833=ORIENTED_EDGE('',*,*,#6143,.T.);
#8834=ORIENTED_EDGE('',*,*,#6113,.T.);
#8835=ORIENTED_EDGE('',*,*,#6147,.F.);
#8836=ORIENTED_EDGE('',*,*,#6148,.F.);
#8837=ORIENTED_EDGE('',*,*,#6149,.F.);
#8838=ORIENTED_EDGE('',*,*,#6150,.T.);
#8839=ORIENTED_EDGE('',*,*,#6098,.T.);
#8840=ORIENTED_EDGE('',*,*,#6112,.T.);
#8841=ORIENTED_EDGE('',*,*,#6151,.F.);
#8842=ORIENTED_EDGE('',*,*,#6152,.F.);
#8843=ORIENTED_EDGE('',*,*,#6153,.F.);
#8844=ORIENTED_EDGE('',*,*,#6147,.T.);
#8845=ORIENTED_EDGE('',*,*,#6133,.T.);
#8846=ORIENTED_EDGE('',*,*,#6154,.T.);
#8847=ORIENTED_EDGE('',*,*,#6155,.F.);
#8848=ORIENTED_EDGE('',*,*,#6156,.F.);
#8849=ORIENTED_EDGE('',*,*,#6157,.T.);
#8850=ORIENTED_EDGE('',*,*,#6132,.T.);
#8851=ORIENTED_EDGE('',*,*,#6158,.F.);
#8852=ORIENTED_EDGE('',*,*,#6159,.F.);
#8853=ORIENTED_EDGE('',*,*,#6154,.F.);
#8854=ORIENTED_EDGE('',*,*,#6131,.T.);
#8855=ORIENTED_EDGE('',*,*,#6160,.T.);
#8856=ORIENTED_EDGE('',*,*,#6161,.F.);
#8857=ORIENTED_EDGE('',*,*,#6162,.T.);
#8858=ORIENTED_EDGE('',*,*,#6158,.T.);
#8859=ORIENTED_EDGE('',*,*,#6130,.T.);
#8860=ORIENTED_EDGE('',*,*,#6035,.T.);
#8861=ORIENTED_EDGE('',*,*,#6163,.F.);
#8862=ORIENTED_EDGE('',*,*,#6160,.F.);
#8863=ORIENTED_EDGE('',*,*,#6128,.T.);
#8864=ORIENTED_EDGE('',*,*,#6164,.F.);
#8865=ORIENTED_EDGE('',*,*,#6165,.T.);
#8866=ORIENTED_EDGE('',*,*,#6166,.T.);
#8867=ORIENTED_EDGE('',*,*,#6127,.T.);
#8868=ORIENTED_EDGE('',*,*,#6167,.F.);
#8869=ORIENTED_EDGE('',*,*,#6168,.F.);
#8870=ORIENTED_EDGE('',*,*,#6169,.T.);
#8871=ORIENTED_EDGE('',*,*,#6164,.T.);
#8872=ORIENTED_EDGE('',*,*,#6100,.T.);
#8873=ORIENTED_EDGE('',*,*,#6170,.T.);
#8874=ORIENTED_EDGE('',*,*,#6144,.T.);
#8875=ORIENTED_EDGE('',*,*,#6146,.T.);
#8876=ORIENTED_EDGE('',*,*,#6171,.F.);
#8877=ORIENTED_EDGE('',*,*,#6172,.T.);
#8878=ORIENTED_EDGE('',*,*,#6173,.T.);
#8879=ORIENTED_EDGE('',*,*,#6174,.F.);
#8880=ORIENTED_EDGE('',*,*,#6175,.T.);
#8881=ORIENTED_EDGE('',*,*,#6176,.T.);
#8882=ORIENTED_EDGE('',*,*,#6175,.F.);
#8883=ORIENTED_EDGE('',*,*,#6177,.T.);
#8884=ORIENTED_EDGE('',*,*,#6178,.F.);
#8885=ORIENTED_EDGE('',*,*,#6179,.F.);
#8886=ORIENTED_EDGE('',*,*,#6180,.T.);
#8887=ORIENTED_EDGE('',*,*,#6181,.T.);
#8888=ORIENTED_EDGE('',*,*,#6182,.T.);
#8889=ORIENTED_EDGE('',*,*,#6183,.T.);
#8890=ORIENTED_EDGE('',*,*,#6184,.T.);
#8891=ORIENTED_EDGE('',*,*,#6185,.T.);
#8892=ORIENTED_EDGE('',*,*,#6183,.F.);
#8893=ORIENTED_EDGE('',*,*,#6186,.F.);
#8894=ORIENTED_EDGE('',*,*,#6187,.F.);
#8895=ORIENTED_EDGE('',*,*,#6188,.T.);
#8896=ORIENTED_EDGE('',*,*,#6182,.F.);
#8897=ORIENTED_EDGE('',*,*,#6189,.T.);
#8898=ORIENTED_EDGE('',*,*,#6190,.T.);
#8899=ORIENTED_EDGE('',*,*,#6148,.T.);
#8900=ORIENTED_EDGE('',*,*,#6153,.T.);
#8901=ORIENTED_EDGE('',*,*,#6191,.T.);
#8902=ORIENTED_EDGE('',*,*,#6192,.F.);
#8903=ORIENTED_EDGE('',*,*,#6186,.T.);
#8904=ORIENTED_EDGE('',*,*,#6181,.F.);
#8905=ORIENTED_EDGE('',*,*,#6193,.T.);
#8906=ORIENTED_EDGE('',*,*,#6194,.F.);
#8907=ORIENTED_EDGE('',*,*,#6189,.F.);
#8908=ORIENTED_EDGE('',*,*,#6195,.T.);
#8909=ORIENTED_EDGE('',*,*,#6196,.T.);
#8910=ORIENTED_EDGE('',*,*,#6187,.T.);
#8911=ORIENTED_EDGE('',*,*,#6192,.T.);
#8912=ORIENTED_EDGE('',*,*,#6197,.T.);
#8913=ORIENTED_EDGE('',*,*,#6198,.T.);
#8914=ORIENTED_EDGE('',*,*,#6184,.F.);
#8915=ORIENTED_EDGE('',*,*,#6188,.F.);
#8916=ORIENTED_EDGE('',*,*,#6196,.F.);
#8917=ORIENTED_EDGE('',*,*,#6199,.T.);
#8918=ORIENTED_EDGE('',*,*,#6185,.F.);
#8919=ORIENTED_EDGE('',*,*,#6199,.F.);
#8920=ORIENTED_EDGE('',*,*,#6195,.F.);
#8921=ORIENTED_EDGE('',*,*,#6200,.F.);
#8922=ORIENTED_EDGE('',*,*,#6141,.T.);
#8923=ORIENTED_EDGE('',*,*,#6201,.T.);
#8924=ORIENTED_EDGE('',*,*,#6149,.T.);
#8925=ORIENTED_EDGE('',*,*,#6190,.F.);
#8926=ORIENTED_EDGE('',*,*,#6194,.T.);
#8927=ORIENTED_EDGE('',*,*,#6202,.T.);
#8928=ORIENTED_EDGE('',*,*,#6060,.T.);
#8929=ORIENTED_EDGE('',*,*,#6203,.T.);
#8930=ORIENTED_EDGE('',*,*,#6204,.T.);
#8931=ORIENTED_EDGE('',*,*,#6205,.T.);
#8932=ORIENTED_EDGE('',*,*,#6055,.F.);
#8933=ORIENTED_EDGE('',*,*,#6206,.F.);
#8934=ORIENTED_EDGE('',*,*,#6203,.F.);
#8935=ORIENTED_EDGE('',*,*,#6059,.F.);
#8936=ORIENTED_EDGE('',*,*,#6197,.F.);
#8937=ORIENTED_EDGE('',*,*,#6191,.F.);
#8938=ORIENTED_EDGE('',*,*,#6207,.T.);
#8939=ORIENTED_EDGE('',*,*,#6208,.F.);
#8940=ORIENTED_EDGE('',*,*,#6180,.F.);
#8941=ORIENTED_EDGE('',*,*,#6200,.T.);
#8942=ORIENTED_EDGE('',*,*,#6198,.F.);
#8943=ORIENTED_EDGE('',*,*,#6208,.T.);
#8944=ORIENTED_EDGE('',*,*,#6136,.F.);
#8945=ORIENTED_EDGE('',*,*,#6142,.F.);
#8946=ORIENTED_EDGE('',*,*,#6202,.F.);
#8947=ORIENTED_EDGE('',*,*,#6193,.F.);
#8948=ORIENTED_EDGE('',*,*,#6201,.F.);
#8949=ORIENTED_EDGE('',*,*,#6140,.F.);
#8950=ORIENTED_EDGE('',*,*,#6209,.T.);
#8951=ORIENTED_EDGE('',*,*,#6150,.F.);
#8952=ORIENTED_EDGE('',*,*,#6170,.F.);
#8953=ORIENTED_EDGE('',*,*,#6099,.F.);
#8954=ORIENTED_EDGE('',*,*,#6209,.F.);
#8955=ORIENTED_EDGE('',*,*,#6145,.F.);
#8956=ORIENTED_EDGE('',*,*,#6172,.F.);
#8957=ORIENTED_EDGE('',*,*,#6137,.F.);
#8958=ORIENTED_EDGE('',*,*,#6207,.F.);
#8959=ORIENTED_EDGE('',*,*,#6152,.T.);
#8960=ORIENTED_EDGE('',*,*,#6111,.T.);
#8961=ORIENTED_EDGE('',*,*,#6210,.T.);
#8962=ORIENTED_EDGE('',*,*,#6173,.F.);
#8963=ORIENTED_EDGE('',*,*,#6151,.T.);
#8964=ORIENTED_EDGE('',*,*,#6105,.T.);
#8965=ORIENTED_EDGE('',*,*,#6138,.T.);
#8966=ORIENTED_EDGE('',*,*,#6171,.T.);
#8967=ORIENTED_EDGE('',*,*,#6211,.F.);
#8968=ORIENTED_EDGE('',*,*,#6107,.T.);
#8969=ORIENTED_EDGE('',*,*,#6212,.T.);
#8970=ORIENTED_EDGE('',*,*,#6213,.T.);
#8971=ORIENTED_EDGE('',*,*,#6214,.T.);
#8972=ORIENTED_EDGE('',*,*,#6110,.T.);
#8973=ORIENTED_EDGE('',*,*,#6215,.F.);
#8974=ORIENTED_EDGE('',*,*,#6177,.F.);
#8975=ORIENTED_EDGE('',*,*,#6174,.T.);
#8976=ORIENTED_EDGE('',*,*,#6210,.F.);
#8977=ORIENTED_EDGE('',*,*,#6178,.T.);
#8978=ORIENTED_EDGE('',*,*,#6216,.T.);
#8979=ORIENTED_EDGE('',*,*,#6217,.T.);
#8980=ORIENTED_EDGE('',*,*,#6213,.F.);
#8981=ORIENTED_EDGE('',*,*,#6106,.T.);
#8982=ORIENTED_EDGE('',*,*,#6211,.T.);
#8983=ORIENTED_EDGE('',*,*,#6176,.F.);
#8984=ORIENTED_EDGE('',*,*,#6179,.T.);
#8985=ORIENTED_EDGE('',*,*,#6212,.F.);
#8986=ORIENTED_EDGE('',*,*,#6109,.T.);
#8987=ORIENTED_EDGE('',*,*,#6062,.F.);
#8988=ORIENTED_EDGE('',*,*,#6216,.F.);
#8989=ORIENTED_EDGE('',*,*,#6215,.T.);
#8990=ORIENTED_EDGE('',*,*,#6218,.T.);
#8991=ORIENTED_EDGE('',*,*,#6219,.T.);
#8992=ORIENTED_EDGE('',*,*,#6121,.T.);
#8993=ORIENTED_EDGE('',*,*,#6220,.T.);
#8994=ORIENTED_EDGE('',*,*,#6220,.F.);
#8995=ORIENTED_EDGE('',*,*,#6120,.T.);
#8996=ORIENTED_EDGE('',*,*,#6221,.T.);
#8997=ORIENTED_EDGE('',*,*,#6222,.T.);
#8998=ORIENTED_EDGE('',*,*,#6162,.F.);
#8999=ORIENTED_EDGE('',*,*,#6223,.T.);
#9000=ORIENTED_EDGE('',*,*,#6168,.T.);
#9001=ORIENTED_EDGE('',*,*,#6224,.F.);
#9002=ORIENTED_EDGE('',*,*,#6225,.T.);
#9003=ORIENTED_EDGE('',*,*,#6159,.T.);
#9004=ORIENTED_EDGE('',*,*,#6225,.F.);
#9005=ORIENTED_EDGE('',*,*,#6226,.F.);
#9006=ORIENTED_EDGE('',*,*,#6227,.T.);
#9007=ORIENTED_EDGE('',*,*,#6155,.T.);
#9008=ORIENTED_EDGE('',*,*,#6228,.T.);
#9009=ORIENTED_EDGE('',*,*,#6229,.T.);
#9010=ORIENTED_EDGE('',*,*,#6230,.T.);
#9011=ORIENTED_EDGE('',*,*,#6231,.T.);
#9012=ORIENTED_EDGE('',*,*,#6232,.T.);
#9013=ORIENTED_EDGE('',*,*,#6233,.T.);
#9014=ORIENTED_EDGE('',*,*,#6233,.F.);
#9015=ORIENTED_EDGE('',*,*,#6234,.T.);
#9016=ORIENTED_EDGE('',*,*,#6235,.F.);
#9017=ORIENTED_EDGE('',*,*,#6236,.T.);
#9018=ORIENTED_EDGE('',*,*,#6156,.T.);
#9019=ORIENTED_EDGE('',*,*,#6237,.F.);
#9020=ORIENTED_EDGE('',*,*,#6238,.F.);
#9021=ORIENTED_EDGE('',*,*,#6239,.F.);
#9022=ORIENTED_EDGE('',*,*,#6232,.F.);
#9023=ORIENTED_EDGE('',*,*,#6240,.T.);
#9024=ORIENTED_EDGE('',*,*,#6241,.F.);
#9025=ORIENTED_EDGE('',*,*,#6234,.F.);
#9026=ORIENTED_EDGE('',*,*,#6231,.F.);
#9027=ORIENTED_EDGE('',*,*,#6242,.F.);
#9028=ORIENTED_EDGE('',*,*,#6243,.F.);
#9029=ORIENTED_EDGE('',*,*,#6244,.F.);
#9030=ORIENTED_EDGE('',*,*,#6245,.F.);
#9031=ORIENTED_EDGE('',*,*,#6246,.F.);
#9032=ORIENTED_EDGE('',*,*,#6247,.F.);
#9033=ORIENTED_EDGE('',*,*,#6240,.F.);
#9034=ORIENTED_EDGE('',*,*,#6238,.T.);
#9035=ORIENTED_EDGE('',*,*,#6248,.T.);
#9036=ORIENTED_EDGE('',*,*,#6243,.T.);
#9037=ORIENTED_EDGE('',*,*,#6249,.T.);
#9038=ORIENTED_EDGE('',*,*,#6250,.T.);
#9039=ORIENTED_EDGE('',*,*,#6251,.T.);
#9040=ORIENTED_EDGE('',*,*,#6248,.F.);
#9041=ORIENTED_EDGE('',*,*,#6237,.T.);
#9042=ORIENTED_EDGE('',*,*,#6227,.F.);
#9043=ORIENTED_EDGE('',*,*,#6244,.T.);
#9044=ORIENTED_EDGE('',*,*,#6228,.F.);
#9045=ORIENTED_EDGE('',*,*,#6239,.T.);
#9046=ORIENTED_EDGE('',*,*,#6251,.F.);
#9047=ORIENTED_EDGE('',*,*,#6252,.T.);
#9048=ORIENTED_EDGE('',*,*,#6235,.T.);
#9049=ORIENTED_EDGE('',*,*,#6241,.T.);
#9050=ORIENTED_EDGE('',*,*,#6247,.T.);
#9051=ORIENTED_EDGE('',*,*,#6253,.F.);
#9052=ORIENTED_EDGE('',*,*,#6254,.T.);
#9053=ORIENTED_EDGE('',*,*,#6255,.T.);
#9054=ORIENTED_EDGE('',*,*,#6254,.F.);
#9055=ORIENTED_EDGE('',*,*,#6256,.T.);
#9056=ORIENTED_EDGE('',*,*,#6221,.F.);
#9057=ORIENTED_EDGE('',*,*,#6257,.T.);
#9058=ORIENTED_EDGE('',*,*,#6033,.T.);
#9059=ORIENTED_EDGE('',*,*,#6258,.T.);
#9060=ORIENTED_EDGE('',*,*,#6259,.T.);
#9061=ORIENTED_EDGE('',*,*,#6260,.T.);
#9062=ORIENTED_EDGE('',*,*,#6028,.F.);
#9063=ORIENTED_EDGE('',*,*,#6261,.F.);
#9064=ORIENTED_EDGE('',*,*,#6258,.F.);
#9065=ORIENTED_EDGE('',*,*,#6032,.F.);
#9066=ORIENTED_EDGE('',*,*,#6229,.F.);
#9067=ORIENTED_EDGE('',*,*,#6252,.F.);
#9068=ORIENTED_EDGE('',*,*,#6250,.F.);
#9069=ORIENTED_EDGE('',*,*,#6262,.T.);
#9070=ORIENTED_EDGE('',*,*,#6230,.F.);
#9071=ORIENTED_EDGE('',*,*,#6262,.F.);
#9072=ORIENTED_EDGE('',*,*,#6249,.F.);
#9073=ORIENTED_EDGE('',*,*,#6242,.T.);
#9074=ORIENTED_EDGE('',*,*,#6124,.T.);
#9075=ORIENTED_EDGE('',*,*,#6263,.F.);
#9076=ORIENTED_EDGE('',*,*,#6256,.F.);
#9077=ORIENTED_EDGE('',*,*,#6253,.T.);
#9078=ORIENTED_EDGE('',*,*,#6246,.T.);
#9079=ORIENTED_EDGE('',*,*,#6264,.F.);
#9080=ORIENTED_EDGE('',*,*,#6115,.F.);
#9081=ORIENTED_EDGE('',*,*,#6122,.F.);
#9082=ORIENTED_EDGE('',*,*,#6219,.F.);
#9083=ORIENTED_EDGE('',*,*,#6265,.T.);
#9084=ORIENTED_EDGE('',*,*,#6116,.F.);
#9085=ORIENTED_EDGE('',*,*,#6265,.F.);
#9086=ORIENTED_EDGE('',*,*,#6218,.F.);
#9087=ORIENTED_EDGE('',*,*,#6222,.F.);
#9088=ORIENTED_EDGE('',*,*,#6263,.T.);
#9089=ORIENTED_EDGE('',*,*,#6123,.T.);
#9090=ORIENTED_EDGE('',*,*,#6134,.T.);
#9091=ORIENTED_EDGE('',*,*,#6157,.F.);
#9092=ORIENTED_EDGE('',*,*,#6236,.F.);
#9093=ORIENTED_EDGE('',*,*,#6255,.F.);
#9094=ORIENTED_EDGE('',*,*,#6257,.F.);
#9095=ORIENTED_EDGE('',*,*,#6119,.F.);
#9096=ORIENTED_EDGE('',*,*,#6126,.T.);
#9097=ORIENTED_EDGE('',*,*,#6266,.F.);
#9098=ORIENTED_EDGE('',*,*,#6224,.T.);
#9099=ORIENTED_EDGE('',*,*,#6167,.T.);
#9100=ORIENTED_EDGE('',*,*,#6125,.T.);
#9101=ORIENTED_EDGE('',*,*,#6264,.T.);
#9102=ORIENTED_EDGE('',*,*,#6245,.T.);
#9103=ORIENTED_EDGE('',*,*,#6226,.T.);
#9104=ORIENTED_EDGE('',*,*,#6266,.T.);
#9105=ORIENTED_EDGE('',*,*,#6223,.F.);
#9106=ORIENTED_EDGE('',*,*,#6161,.T.);
#9107=ORIENTED_EDGE('',*,*,#6267,.T.);
#9108=ORIENTED_EDGE('',*,*,#6169,.F.);
#9109=ORIENTED_EDGE('',*,*,#6267,.F.);
#9110=ORIENTED_EDGE('',*,*,#6163,.T.);
#9111=ORIENTED_EDGE('',*,*,#6268,.T.);
#9112=ORIENTED_EDGE('',*,*,#6165,.F.);
#9113=ORIENTED_EDGE('',*,*,#6205,.F.);
#9114=ORIENTED_EDGE('',*,*,#6269,.F.);
#9115=ORIENTED_EDGE('',*,*,#6217,.F.);
#9116=ORIENTED_EDGE('',*,*,#6061,.F.);
#9117=ORIENTED_EDGE('',*,*,#6260,.F.);
#9118=ORIENTED_EDGE('',*,*,#6270,.F.);
#9119=ORIENTED_EDGE('',*,*,#6268,.F.);
#9120=ORIENTED_EDGE('',*,*,#6034,.F.);
#9121=ORIENTED_EDGE('',*,*,#6271,.F.);
#9122=ORIENTED_EDGE('',*,*,#6272,.F.);
#9123=ORIENTED_EDGE('',*,*,#6273,.F.);
#9124=ORIENTED_EDGE('',*,*,#6274,.F.);
#9125=ORIENTED_EDGE('',*,*,#6275,.F.);
#9126=ORIENTED_EDGE('',*,*,#6276,.T.);
#9127=ORIENTED_EDGE('',*,*,#6090,.F.);
#9128=ORIENTED_EDGE('',*,*,#6272,.T.);
#9129=ORIENTED_EDGE('',*,*,#6108,.F.);
#9130=ORIENTED_EDGE('',*,*,#6274,.T.);
#9131=ORIENTED_EDGE('',*,*,#6277,.F.);
#9132=ORIENTED_EDGE('',*,*,#6278,.F.);
#9133=ORIENTED_EDGE('',*,*,#6067,.F.);
#9134=ORIENTED_EDGE('',*,*,#6064,.T.);
#9135=ORIENTED_EDGE('',*,*,#6275,.T.);
#9136=ORIENTED_EDGE('',*,*,#6279,.T.);
#9137=ORIENTED_EDGE('',*,*,#6054,.F.);
#9138=ORIENTED_EDGE('',*,*,#6058,.F.);
#9139=ORIENTED_EDGE('',*,*,#6066,.F.);
#9140=ORIENTED_EDGE('',*,*,#6279,.F.);
#9141=ORIENTED_EDGE('',*,*,#6271,.T.);
#9142=ORIENTED_EDGE('',*,*,#6214,.F.);
#9143=ORIENTED_EDGE('',*,*,#6269,.T.);
#9144=ORIENTED_EDGE('',*,*,#6204,.F.);
#9145=ORIENTED_EDGE('',*,*,#6206,.T.);
#9146=ORIENTED_EDGE('',*,*,#6063,.F.);
#9147=ORIENTED_EDGE('',*,*,#6278,.T.);
#9148=ORIENTED_EDGE('',*,*,#6280,.F.);
#9149=ORIENTED_EDGE('',*,*,#6276,.F.);
#9150=ORIENTED_EDGE('',*,*,#6277,.T.);
#9151=ORIENTED_EDGE('',*,*,#6281,.T.);
#9152=ORIENTED_EDGE('',*,*,#6282,.T.);
#9153=ORIENTED_EDGE('',*,*,#6283,.F.);
#9154=ORIENTED_EDGE('',*,*,#6273,.T.);
#9155=ORIENTED_EDGE('',*,*,#6092,.F.);
#9156=ORIENTED_EDGE('',*,*,#6284,.T.);
#9157=ORIENTED_EDGE('',*,*,#6281,.F.);
#9158=ORIENTED_EDGE('',*,*,#6036,.F.);
#9159=ORIENTED_EDGE('',*,*,#6285,.F.);
#9160=ORIENTED_EDGE('',*,*,#6284,.F.);
#9161=ORIENTED_EDGE('',*,*,#6050,.F.);
#9162=ORIENTED_EDGE('',*,*,#6027,.F.);
#9163=ORIENTED_EDGE('',*,*,#6031,.T.);
#9164=ORIENTED_EDGE('',*,*,#6044,.F.);
#9165=ORIENTED_EDGE('',*,*,#6286,.T.);
#9166=ORIENTED_EDGE('',*,*,#6166,.F.);
#9167=ORIENTED_EDGE('',*,*,#6270,.T.);
#9168=ORIENTED_EDGE('',*,*,#6259,.F.);
#9169=ORIENTED_EDGE('',*,*,#6261,.T.);
#9170=ORIENTED_EDGE('',*,*,#6129,.F.);
#9171=ORIENTED_EDGE('',*,*,#6287,.T.);
#9172=ORIENTED_EDGE('',*,*,#6282,.F.);
#9173=ORIENTED_EDGE('',*,*,#6285,.T.);
#9174=ORIENTED_EDGE('',*,*,#6046,.F.);
#9175=ORIENTED_EDGE('',*,*,#6288,.F.);
#9176=ORIENTED_EDGE('',*,*,#6287,.F.);
#9177=ORIENTED_EDGE('',*,*,#6286,.F.);
#9178=ORIENTED_EDGE('',*,*,#6280,.T.);
#9179=ORIENTED_EDGE('',*,*,#6283,.T.);
#9180=ORIENTED_EDGE('',*,*,#6288,.T.);
#9181=ORIENTED_EDGE('',*,*,#6039,.T.);
#9182=ORIENTED_EDGE('',*,*,#6085,.T.);
#9183=PLANE('',#10118);
#9184=PLANE('',#10120);
#9185=PLANE('',#10121);
#9186=PLANE('',#10122);
#9187=PLANE('',#10125);
#9188=PLANE('',#10126);
#9189=PLANE('',#10127);
#9190=PLANE('',#10128);
#9191=PLANE('',#10129);
#9192=PLANE('',#10130);
#9193=PLANE('',#10131);
#9194=PLANE('',#10132);
#9195=PLANE('',#10133);
#9196=PLANE('',#10134);
#9197=PLANE('',#10135);
#9198=PLANE('',#10136);
#9199=PLANE('',#10137);
#9200=PLANE('',#10138);
#9201=PLANE('',#10139);
#9202=PLANE('',#10140);
#9203=PLANE('',#10141);
#9204=PLANE('',#10142);
#9205=PLANE('',#10143);
#9206=PLANE('',#10144);
#9207=PLANE('',#10145);
#9208=PLANE('',#10146);
#9209=PLANE('',#10147);
#9210=PLANE('',#10148);
#9211=PLANE('',#10149);
#9212=PLANE('',#10150);
#9213=PLANE('',#10151);
#9214=PLANE('',#10152);
#9215=PLANE('',#10153);
#9216=PLANE('',#10154);
#9217=PLANE('',#10155);
#9218=PLANE('',#10156);
#9219=PLANE('',#10157);
#9220=PLANE('',#10158);
#9221=PLANE('',#10159);
#9222=PLANE('',#10160);
#9223=PLANE('',#10161);
#9224=PLANE('',#10162);
#9225=PLANE('',#10167);
#9226=PLANE('',#10173);
#9227=PLANE('',#10177);
#9228=PLANE('',#10183);
#9229=PLANE('',#10187);
#9230=PLANE('',#10195);
#9231=PLANE('',#10196);
#9232=PLANE('',#10197);
#9233=PLANE('',#10201);
#9234=PLANE('',#10202);
#9235=PLANE('',#10203);
#9236=PLANE('',#10207);
#9237=PLANE('',#10210);
#9238=PLANE('',#10211);
#9239=PLANE('',#10212);
#9240=PLANE('',#10213);
#9241=PLANE('',#10217);
#9242=PLANE('',#10218);
#9243=PLANE('',#10222);
#9244=PLANE('',#10224);
#9245=PLANE('',#10225);
#9246=PLANE('',#10226);
#9247=PLANE('',#10227);
#9248=PLANE('',#10228);
#9249=PLANE('',#10232);
#9250=PLANE('',#10233);
#9251=PLANE('',#10237);
#9252=PLANE('',#10239);
#9253=PLANE('',#10240);
#9254=PLANE('',#10241);
#9255=PLANE('',#10242);
#9256=PLANE('',#10246);
#9257=PLANE('',#10247);
#9258=PLANE('',#10248);
#9259=PLANE('',#10252);
#9260=PLANE('',#10254);
#9261=PLANE('',#10255);
#9262=PLANE('',#10256);
#9263=PLANE('',#10260);
#9264=PLANE('',#10261);
#9265=PLANE('',#10262);
#9266=PLANE('',#10266);
#9267=PLANE('',#10268);
#9268=PLANE('',#10269);
#9269=PLANE('',#10270);
#9270=PLANE('',#10271);
#9271=PLANE('',#10275);
#9272=PLANE('',#10276);
#9273=PLANE('',#10280);
#9274=PLANE('',#10281);
#9275=PLANE('',#10282);
#9276=PLANE('',#10284);
#9277=PLANE('',#10285);
#9278=PLANE('',#10286);
#9279=PLANE('',#10287);
#9280=PLANE('',#10288);
#9281=PLANE('',#10289);
#9282=PLANE('',#10290);
#9283=PLANE('',#10291);
#9284=PLANE('',#10292);
#9285=PLANE('',#10293);
#9286=PLANE('',#10294);
#9287=PLANE('',#10295);
#9288=PLANE('',#10296);
#9289=PLANE('',#10297);
#9290=PLANE('',#10298);
#9291=PLANE('',#10299);
#9292=PLANE('',#10300);
#9293=PLANE('',#10301);
#9294=PLANE('',#10302);
#9295=PLANE('',#10303);
#9296=PLANE('',#10304);
#9297=PLANE('',#10305);
#9298=PLANE('',#10306);
#9299=PLANE('',#10307);
#9300=PLANE('',#10308);
#9301=PLANE('',#10309);
#9302=PLANE('',#10310);
#9303=PLANE('',#10311);
#9304=PLANE('',#10312);
#9305=PLANE('',#10313);
#9306=PLANE('',#10314);
#9307=PLANE('',#10315);
#9308=PLANE('',#10316);
#9309=PLANE('',#10317);
#9310=PLANE('',#10318);
#9311=PLANE('',#10319);
#9312=PLANE('',#10320);
#9313=PLANE('',#10321);
#9314=PLANE('',#10322);
#9315=PLANE('',#10323);
#9316=PLANE('',#10324);
#9317=PLANE('',#10325);
#9318=PLANE('',#10326);
#9319=PLANE('',#10327);
#9320=PLANE('',#10328);
#9321=PLANE('',#10329);
#9322=PLANE('',#10330);
#9323=PLANE('',#10331);
#9324=PLANE('',#10332);
#9325=PLANE('',#10333);
#9326=PLANE('',#10334);
#9327=PLANE('',#10335);
#9328=PLANE('',#10336);
#9329=PLANE('',#10337);
#9330=PLANE('',#10338);
#9331=PLANE('',#10339);
#9332=PLANE('',#10340);
#9333=PLANE('',#10341);
#9334=PLANE('',#10342);
#9335=PLANE('',#10343);
#9336=PLANE('',#10344);
#9337=PLANE('',#10345);
#9338=PLANE('',#10346);
#9339=PLANE('',#10347);
#9340=PLANE('',#10348);
#9341=PLANE('',#10349);
#9342=PLANE('',#10350);
#9343=PLANE('',#10351);
#9344=PLANE('',#10352);
#9345=PLANE('',#10353);
#9346=PLANE('',#10354);
#9347=PLANE('',#10355);
#9348=PLANE('',#10356);
#9349=PLANE('',#10357);
#9350=PLANE('',#10358);
#9351=PLANE('',#10359);
#9352=PLANE('',#10360);
#9353=PLANE('',#10363);
#9354=PLANE('',#10364);
#9355=PLANE('',#10365);
#9356=PLANE('',#10366);
#9357=PLANE('',#10367);
#9358=PLANE('',#10368);
#9359=PLANE('',#10369);
#9360=PLANE('',#10370);
#9361=PLANE('',#10371);
#9362=PLANE('',#10372);
#9363=PLANE('',#10373);
#9364=PLANE('',#10374);
#9365=PLANE('',#10375);
#9366=PLANE('',#10376);
#9367=PLANE('',#10377);
#9368=PLANE('',#10378);
#9369=PLANE('',#10379);
#9370=PLANE('',#10380);
#9371=PLANE('',#10381);
#9372=PLANE('',#10382);
#9373=PLANE('',#10385);
#9374=PLANE('',#10388);
#9375=PLANE('',#10392);
#9376=PLANE('',#10393);
#9377=PLANE('',#10394);
#9378=PLANE('',#10398);
#9379=PLANE('',#10399);
#9380=PLANE('',#10400);
#9381=PLANE('',#10401);
#9382=PLANE('',#10402);
#9383=PLANE('',#10405);
#9384=PLANE('',#10406);
#9385=PLANE('',#10407);
#9386=PLANE('',#10411);
#9387=PLANE('',#10412);
#9388=PLANE('',#10413);
#9389=PLANE('',#10415);
#9390=PLANE('',#10416);
#9391=PLANE('',#10418);
#9392=PLANE('',#10420);
#9393=PLANE('',#10423);
#9394=PLANE('',#10424);
#9395=PLANE('',#10425);
#9396=PLANE('',#10426);
#9397=PLANE('',#10430);
#9398=PLANE('',#10431);
#9399=PLANE('',#10432);
#9400=PLANE('',#10436);
#9401=PLANE('',#10438);
#9402=PLANE('',#10442);
#9403=PLANE('',#10445);
#9404=PLANE('',#10446);
#9405=PLANE('',#10450);
#9406=PLANE('',#10451);
#9407=PLANE('',#10452);
#9408=PLANE('',#10453);
#9409=PLANE('',#10454);
#9410=PLANE('',#10455);
#9411=PLANE('',#10456);
#9412=PLANE('',#10457);
#9413=PLANE('',#10458);
#9414=PLANE('',#10459);
#9415=PLANE('',#10460);
#9416=PLANE('',#10461);
#9417=PLANE('',#10462);
#9418=PLANE('',#10463);
#9419=PLANE('',#10464);
#9420=PLANE('',#10465);
#9421=PLANE('',#10466);
#9422=PLANE('',#10467);
#9423=PLANE('',#10468);
#9424=PLANE('',#10469);
#9425=PLANE('',#10470);
#9426=PLANE('',#10471);
#9427=PLANE('',#10472);
#9428=PLANE('',#10475);
#9429=PLANE('',#10479);
#9430=PLANE('',#10480);
#9431=PLANE('',#10481);
#9432=PLANE('',#10482);
#9433=PLANE('',#10483);
#9434=PLANE('',#10484);
#9435=PLANE('',#10485);
#9436=PLANE('',#10486);
#9437=PLANE('',#10487);
#9438=PLANE('',#10488);
#9439=PLANE('',#10489);
#9440=PLANE('',#10490);
#9441=PLANE('',#10491);
#9442=PLANE('',#10492);
#9443=PLANE('',#10493);
#9444=PLANE('',#10494);
#9445=PLANE('',#10495);
#9446=PLANE('',#10496);
#9447=PLANE('',#10497);
#9448=PLANE('',#10498);
#9449=PLANE('',#10499);
#9450=PLANE('',#10500);
#9451=PLANE('',#10501);
#9452=PLANE('',#10502);
#9453=PLANE('',#10503);
#9454=PLANE('',#10504);
#9455=PLANE('',#10505);
#9456=PLANE('',#10506);
#9457=PLANE('',#10507);
#9458=PLANE('',#10508);
#9459=PLANE('',#10509);
#9460=PLANE('',#10510);
#9461=PLANE('',#10511);
#9462=PLANE('',#10514);
#9463=PLANE('',#10517);
#9464=PLANE('',#10520);
#9465=PLANE('',#10523);
#9466=PLANE('',#10524);
#9467=PLANE('',#10525);
#9468=PLANE('',#10526);
#9469=PLANE('',#10527);
#9470=PLANE('',#10528);
#9471=PLANE('',#10529);
#9472=PLANE('',#10530);
#9473=PLANE('',#10531);
#9474=PLANE('',#10532);
#9475=PLANE('',#10533);
#9476=PLANE('',#10539);
#9477=PLANE('',#10541);
#9478=PLANE('',#10543);
#9479=PLANE('',#10545);
#9480=PLANE('',#10546);
#9481=PLANE('',#10547);
#9482=PLANE('',#10548);
#9483=PLANE('',#10549);
#9484=PLANE('',#10550);
#9485=PLANE('',#10551);
#9486=PLANE('',#10552);
#9487=PLANE('',#10553);
#9488=PLANE('',#10554);
#9489=PLANE('',#10559);
#9490=PLANE('',#10560);
#9491=PLANE('',#10568);
#9492=PLANE('',#10573);
#9493=PLANE('',#10580);
#9494=PLANE('',#10583);
#9495=PLANE('',#10584);
#9496=PLANE('',#10585);
#9497=PLANE('',#10591);
#9498=PLANE('',#10592);
#9499=PLANE('',#10593);
#9500=PLANE('',#10595);
#9501=PLANE('',#10597);
#9502=PLANE('',#10599);
#9503=PLANE('',#10600);
#9504=PLANE('',#10601);
#9505=PLANE('',#10606);
#9506=PLANE('',#10607);
#9507=PLANE('',#10615);
#9508=PLANE('',#10620);
#9509=PLANE('',#10627);
#9510=PLANE('',#10630);
#9511=PLANE('',#10631);
#9512=PLANE('',#10632);
#9513=PLANE('',#10638);
#9514=PLANE('',#10639);
#9515=PLANE('',#10640);
#9516=PLANE('',#10642);
#9517=PLANE('',#10644);
#9518=PLANE('',#10646);
#9519=PLANE('',#10647);
#9520=PLANE('',#10648);
#9521=PLANE('',#10653);
#9522=PLANE('',#10654);
#9523=PLANE('',#10657);
#9524=PLANE('',#10666);
#9525=PLANE('',#10668);
#9526=PLANE('',#10672);
#9527=PLANE('',#10673);
#9528=PLANE('',#10681);
#9529=PLANE('',#10682);
#9530=PLANE('',#10686);
#9531=PLANE('',#10690);
#9532=PLANE('',#10691);
#9533=PLANE('',#10693);
#9534=PLANE('',#10695);
#9535=PLANE('',#10700);
#9536=PLANE('',#10702);
#9537=PLANE('',#10712);
#9538=PLANE('',#10714);
#9539=PLANE('',#10721);
#9540=PLANE('',#10725);
#9541=PLANE('',#10727);
#9542=PLANE('',#10731);
#9543=PLANE('',#10732);
#9544=PLANE('',#10734);
#9545=PLANE('',#10740);
#9546=PLANE('',#10746);
#9547=PLANE('',#10752);
#9548=PLANE('',#10758);
#9549=PLANE('',#10763);
#9550=PLANE('',#10764);
#9551=PLANE('',#10768);
#9552=PLANE('',#10769);
#9553=PLANE('',#10772);
#9554=PLANE('',#10773);
#9555=PLANE('',#10774);
#9556=PLANE('',#10779);
#9557=PLANE('',#10780);
#9558=PLANE('',#10782);
#9559=PLANE('',#10786);
#9560=PLANE('',#10788);
#9561=PLANE('',#10799);
#9562=PLANE('',#10808);
#9563=PLANE('',#10809);
#9564=PLANE('',#10811);
#9565=PLANE('',#10816);
#9566=PLANE('',#10817);
#9567=PLANE('',#10818);
#9568=PLANE('',#10820);
#9569=PLANE('',#10821);
#9570=PLANE('',#10824);
#9571=PLANE('',#10825);
#9572=PLANE('',#10826);
#9573=PLANE('',#10827);
#9574=PLANE('',#10828);
#9575=PLANE('',#10832);
#9576=PLANE('',#10834);
#9577=PLANE('',#10836);
#9578=PLANE('',#10837);
#9579=PLANE('',#10839);
#9580=PLANE('',#10840);
#9581=PLANE('',#10843);
#9582=PLANE('',#10844);
#9583=PLANE('',#10847);
#9584=ADVANCED_FACE('',(#390),#9183,.T.);
#9585=ADVANCED_FACE('',(#391),#9184,.F.);
#9586=ADVANCED_FACE('',(#392),#9185,.T.);
#9587=ADVANCED_FACE('',(#393),#9186,.F.);
#9588=ADVANCED_FACE('',(#394),#9187,.F.);
#9589=ADVANCED_FACE('',(#395),#9188,.T.);
#9590=ADVANCED_FACE('',(#396),#9189,.T.);
#9591=ADVANCED_FACE('',(#397),#9190,.F.);
#9592=ADVANCED_FACE('',(#398),#9191,.T.);
#9593=ADVANCED_FACE('',(#399),#9192,.F.);
#9594=ADVANCED_FACE('',(#400),#9193,.T.);
#9595=ADVANCED_FACE('',(#401),#9194,.F.);
#9596=ADVANCED_FACE('',(#402),#9195,.T.);
#9597=ADVANCED_FACE('',(#403),#9196,.T.);
#9598=ADVANCED_FACE('',(#404),#9197,.F.);
#9599=ADVANCED_FACE('',(#405),#9198,.T.);
#9600=ADVANCED_FACE('',(#406),#9199,.F.);
#9601=ADVANCED_FACE('',(#407),#9200,.T.);
#9602=ADVANCED_FACE('',(#408),#9201,.F.);
#9603=ADVANCED_FACE('',(#409),#9202,.T.);
#9604=ADVANCED_FACE('',(#410),#9203,.T.);
#9605=ADVANCED_FACE('',(#411),#9204,.F.);
#9606=ADVANCED_FACE('',(#412),#9205,.T.);
#9607=ADVANCED_FACE('',(#413),#9206,.F.);
#9608=ADVANCED_FACE('',(#414),#9207,.T.);
#9609=ADVANCED_FACE('',(#415),#9208,.F.);
#9610=ADVANCED_FACE('',(#416),#9209,.T.);
#9611=ADVANCED_FACE('',(#417),#9210,.T.);
#9612=ADVANCED_FACE('',(#418),#9211,.F.);
#9613=ADVANCED_FACE('',(#419),#9212,.T.);
#9614=ADVANCED_FACE('',(#420),#9213,.F.);
#9615=ADVANCED_FACE('',(#421),#9214,.T.);
#9616=ADVANCED_FACE('',(#422),#9215,.F.);
#9617=ADVANCED_FACE('',(#423),#9216,.T.);
#9618=ADVANCED_FACE('',(#424),#9217,.T.);
#9619=ADVANCED_FACE('',(#425),#9218,.F.);
#9620=ADVANCED_FACE('',(#426),#9219,.T.);
#9621=ADVANCED_FACE('',(#427),#9220,.F.);
#9622=ADVANCED_FACE('',(#428),#9221,.T.);
#9623=ADVANCED_FACE('',(#429),#9222,.F.);
#9624=ADVANCED_FACE('',(#430),#9223,.T.);
#9625=ADVANCED_FACE('',(#431),#9224,.T.);
#9626=ADVANCED_FACE('',(#432),#126,.T.);
#9627=ADVANCED_FACE('',(#433),#9225,.T.);
#9628=ADVANCED_FACE('',(#434),#9226,.T.);
#9629=ADVANCED_FACE('',(#435),#127,.T.);
#9630=ADVANCED_FACE('',(#436),#9227,.F.);
#9631=ADVANCED_FACE('',(#437),#9228,.T.);
#9632=ADVANCED_FACE('',(#438,#102),#108,.T.);
#9633=ADVANCED_FACE('',(#439),#9229,.T.);
#9634=ADVANCED_FACE('',(#440,#103),#128,.T.);
#9635=ADVANCED_FACE('',(#441,#104),#109,.T.);
#9636=ADVANCED_FACE('',(#442,#105),#129,.T.);
#9637=ADVANCED_FACE('',(#443),#9230,.T.);
#9638=ADVANCED_FACE('',(#444),#9231,.T.);
#9639=ADVANCED_FACE('',(#445),#9232,.T.);
#9640=ADVANCED_FACE('',(#446),#110,.T.);
#9641=ADVANCED_FACE('',(#447),#9233,.T.);
#9642=ADVANCED_FACE('',(#448),#9234,.T.);
#9643=ADVANCED_FACE('',(#449),#9235,.T.);
#9644=ADVANCED_FACE('',(#450),#111,.T.);
#9645=ADVANCED_FACE('',(#451),#9236,.T.);
#9646=ADVANCED_FACE('',(#452),#130,.T.);
#9647=ADVANCED_FACE('',(#453),#9237,.F.);
#9648=ADVANCED_FACE('',(#454),#9238,.T.);
#9649=ADVANCED_FACE('',(#455),#9239,.T.);
#9650=ADVANCED_FACE('',(#456),#9240,.T.);
#9651=ADVANCED_FACE('',(#457),#112,.T.);
#9652=ADVANCED_FACE('',(#458),#9241,.T.);
#9653=ADVANCED_FACE('',(#459),#9242,.T.);
#9654=ADVANCED_FACE('',(#460),#113,.T.);
#9655=ADVANCED_FACE('',(#461),#9243,.T.);
#9656=ADVANCED_FACE('',(#462),#131,.T.);
#9657=ADVANCED_FACE('',(#463),#9244,.F.);
#9658=ADVANCED_FACE('',(#464),#9245,.F.);
#9659=ADVANCED_FACE('',(#465),#9246,.T.);
#9660=ADVANCED_FACE('',(#466),#9247,.T.);
#9661=ADVANCED_FACE('',(#467),#9248,.T.);
#9662=ADVANCED_FACE('',(#468),#114,.T.);
#9663=ADVANCED_FACE('',(#469),#9249,.T.);
#9664=ADVANCED_FACE('',(#470),#9250,.T.);
#9665=ADVANCED_FACE('',(#471),#115,.T.);
#9666=ADVANCED_FACE('',(#472),#9251,.T.);
#9667=ADVANCED_FACE('',(#473),#132,.T.);
#9668=ADVANCED_FACE('',(#474),#9252,.F.);
#9669=ADVANCED_FACE('',(#475),#9253,.F.);
#9670=ADVANCED_FACE('',(#476),#9254,.T.);
#9671=ADVANCED_FACE('',(#477),#9255,.T.);
#9672=ADVANCED_FACE('',(#478),#116,.T.);
#9673=ADVANCED_FACE('',(#479),#9256,.T.);
#9674=ADVANCED_FACE('',(#480),#9257,.T.);
#9675=ADVANCED_FACE('',(#481),#9258,.T.);
#9676=ADVANCED_FACE('',(#482),#117,.T.);
#9677=ADVANCED_FACE('',(#483),#9259,.T.);
#9678=ADVANCED_FACE('',(#484),#133,.T.);
#9679=ADVANCED_FACE('',(#485),#9260,.F.);
#9680=ADVANCED_FACE('',(#486),#9261,.T.);
#9681=ADVANCED_FACE('',(#487),#9262,.T.);
#9682=ADVANCED_FACE('',(#488),#118,.T.);
#9683=ADVANCED_FACE('',(#489),#9263,.T.);
#9684=ADVANCED_FACE('',(#490),#9264,.T.);
#9685=ADVANCED_FACE('',(#491),#9265,.T.);
#9686=ADVANCED_FACE('',(#492),#119,.T.);
#9687=ADVANCED_FACE('',(#493),#9266,.T.);
#9688=ADVANCED_FACE('',(#494),#134,.T.);
#9689=ADVANCED_FACE('',(#495),#9267,.F.);
#9690=ADVANCED_FACE('',(#496),#9268,.T.);
#9691=ADVANCED_FACE('',(#497),#9269,.T.);
#9692=ADVANCED_FACE('',(#498),#9270,.T.);
#9693=ADVANCED_FACE('',(#499),#120,.T.);
#9694=ADVANCED_FACE('',(#500),#9271,.T.);
#9695=ADVANCED_FACE('',(#501),#9272,.T.);
#9696=ADVANCED_FACE('',(#502),#121,.T.);
#9697=ADVANCED_FACE('',(#503),#9273,.T.);
#9698=ADVANCED_FACE('',(#504),#9274,.F.);
#9699=ADVANCED_FACE('',(#505),#9275,.F.);
#9700=ADVANCED_FACE('',(#506),#135,.T.);
#9701=ADVANCED_FACE('',(#507),#9276,.F.);
#9702=ADVANCED_FACE('',(#508),#9277,.F.);
#9703=ADVANCED_FACE('',(#509),#9278,.F.);
#9704=ADVANCED_FACE('',(#510),#9279,.F.);
#9705=ADVANCED_FACE('',(#511),#9280,.F.);
#9706=ADVANCED_FACE('',(#512),#9281,.F.);
#9707=ADVANCED_FACE('',(#513),#9282,.F.);
#9708=ADVANCED_FACE('',(#514),#9283,.F.);
#9709=ADVANCED_FACE('',(#515),#9284,.F.);
#9710=ADVANCED_FACE('',(#516),#9285,.F.);
#9711=ADVANCED_FACE('',(#517),#9286,.F.);
#9712=ADVANCED_FACE('',(#518),#9287,.F.);
#9713=ADVANCED_FACE('',(#519),#9288,.F.);
#9714=ADVANCED_FACE('',(#520),#9289,.F.);
#9715=ADVANCED_FACE('',(#521),#9290,.F.);
#9716=ADVANCED_FACE('',(#522),#9291,.F.);
#9717=ADVANCED_FACE('',(#523),#9292,.F.);
#9718=ADVANCED_FACE('',(#524),#9293,.F.);
#9719=ADVANCED_FACE('',(#525),#9294,.F.);
#9720=ADVANCED_FACE('',(#526),#9295,.F.);
#9721=ADVANCED_FACE('',(#527),#9296,.F.);
#9722=ADVANCED_FACE('',(#528),#9297,.F.);
#9723=ADVANCED_FACE('',(#529),#9298,.F.);
#9724=ADVANCED_FACE('',(#530),#9299,.F.);
#9725=ADVANCED_FACE('',(#531),#9300,.F.);
#9726=ADVANCED_FACE('',(#532),#9301,.F.);
#9727=ADVANCED_FACE('',(#533),#9302,.F.);
#9728=ADVANCED_FACE('',(#534),#9303,.F.);
#9729=ADVANCED_FACE('',(#535),#9304,.F.);
#9730=ADVANCED_FACE('',(#536),#9305,.F.);
#9731=ADVANCED_FACE('',(#537),#9306,.F.);
#9732=ADVANCED_FACE('',(#538),#9307,.F.);
#9733=ADVANCED_FACE('',(#539),#9308,.F.);
#9734=ADVANCED_FACE('',(#540),#9309,.F.);
#9735=ADVANCED_FACE('',(#541),#9310,.F.);
#9736=ADVANCED_FACE('',(#542),#9311,.F.);
#9737=ADVANCED_FACE('',(#543),#9312,.F.);
#9738=ADVANCED_FACE('',(#544),#9313,.F.);
#9739=ADVANCED_FACE('',(#545),#9314,.F.);
#9740=ADVANCED_FACE('',(#546),#9315,.F.);
#9741=ADVANCED_FACE('',(#547),#9316,.F.);
#9742=ADVANCED_FACE('',(#548),#9317,.F.);
#9743=ADVANCED_FACE('',(#549),#9318,.F.);
#9744=ADVANCED_FACE('',(#550),#9319,.F.);
#9745=ADVANCED_FACE('',(#551),#9320,.F.);
#9746=ADVANCED_FACE('',(#552),#9321,.F.);
#9747=ADVANCED_FACE('',(#553),#9322,.F.);
#9748=ADVANCED_FACE('',(#554),#9323,.F.);
#9749=ADVANCED_FACE('',(#555),#9324,.F.);
#9750=ADVANCED_FACE('',(#556),#9325,.F.);
#9751=ADVANCED_FACE('',(#557),#9326,.F.);
#9752=ADVANCED_FACE('',(#558),#9327,.F.);
#9753=ADVANCED_FACE('',(#559),#9328,.F.);
#9754=ADVANCED_FACE('',(#560),#9329,.F.);
#9755=ADVANCED_FACE('',(#561),#9330,.F.);
#9756=ADVANCED_FACE('',(#562),#9331,.F.);
#9757=ADVANCED_FACE('',(#563),#9332,.F.);
#9758=ADVANCED_FACE('',(#564),#9333,.F.);
#9759=ADVANCED_FACE('',(#565),#9334,.F.);
#9760=ADVANCED_FACE('',(#566),#9335,.F.);
#9761=ADVANCED_FACE('',(#567),#9336,.F.);
#9762=ADVANCED_FACE('',(#568),#9337,.F.);
#9763=ADVANCED_FACE('',(#569),#9338,.F.);
#9764=ADVANCED_FACE('',(#570),#9339,.F.);
#9765=ADVANCED_FACE('',(#571),#9340,.F.);
#9766=ADVANCED_FACE('',(#572),#9341,.F.);
#9767=ADVANCED_FACE('',(#573),#9342,.F.);
#9768=ADVANCED_FACE('',(#574),#9343,.F.);
#9769=ADVANCED_FACE('',(#575),#9344,.F.);
#9770=ADVANCED_FACE('',(#576),#9345,.F.);
#9771=ADVANCED_FACE('',(#577),#9346,.F.);
#9772=ADVANCED_FACE('',(#578),#9347,.F.);
#9773=ADVANCED_FACE('',(#579),#9348,.F.);
#9774=ADVANCED_FACE('',(#580),#9349,.F.);
#9775=ADVANCED_FACE('',(#581),#9350,.F.);
#9776=ADVANCED_FACE('',(#582),#9351,.F.);
#9777=ADVANCED_FACE('',(#583),#9352,.F.);
#9778=ADVANCED_FACE('',(#584),#136,.T.);
#9779=ADVANCED_FACE('',(#585),#9353,.F.);
#9780=ADVANCED_FACE('',(#586),#9354,.F.);
#9781=ADVANCED_FACE('',(#587),#9355,.F.);
#9782=ADVANCED_FACE('',(#588),#9356,.F.);
#9783=ADVANCED_FACE('',(#589),#9357,.F.);
#9784=ADVANCED_FACE('',(#590),#9358,.F.);
#9785=ADVANCED_FACE('',(#591),#9359,.F.);
#9786=ADVANCED_FACE('',(#592),#9360,.F.);
#9787=ADVANCED_FACE('',(#593),#9361,.F.);
#9788=ADVANCED_FACE('',(#594),#9362,.F.);
#9789=ADVANCED_FACE('',(#595),#9363,.F.);
#9790=ADVANCED_FACE('',(#596),#9364,.F.);
#9791=ADVANCED_FACE('',(#597),#9365,.F.);
#9792=ADVANCED_FACE('',(#598),#9366,.F.);
#9793=ADVANCED_FACE('',(#599),#9367,.F.);
#9794=ADVANCED_FACE('',(#600),#9368,.F.);
#9795=ADVANCED_FACE('',(#601),#9369,.F.);
#9796=ADVANCED_FACE('',(#602),#9370,.F.);
#9797=ADVANCED_FACE('',(#603),#9371,.F.);
#9798=ADVANCED_FACE('',(#604),#9372,.T.);
#9799=ADVANCED_FACE('',(#605),#9373,.T.);
#9800=ADVANCED_FACE('',(#606),#9374,.T.);
#9801=ADVANCED_FACE('',(#607),#137,.T.);
#9802=ADVANCED_FACE('',(#608),#138,.T.);
#9803=ADVANCED_FACE('',(#609),#9375,.F.);
#9804=ADVANCED_FACE('',(#610),#9376,.T.);
#9805=ADVANCED_FACE('',(#611),#9377,.F.);
#9806=ADVANCED_FACE('',(#612),#139,.T.);
#9807=ADVANCED_FACE('',(#613),#140,.T.);
#9808=ADVANCED_FACE('',(#614),#9378,.F.);
#9809=ADVANCED_FACE('',(#615),#9379,.F.);
#9810=ADVANCED_FACE('',(#616),#9380,.T.);
#9811=ADVANCED_FACE('',(#617),#9381,.T.);
#9812=ADVANCED_FACE('',(#618),#9382,.T.);
#9813=ADVANCED_FACE('',(#619),#122,.T.);
#9814=ADVANCED_FACE('',(#620),#9383,.T.);
#9815=ADVANCED_FACE('',(#621),#9384,.T.);
#9816=ADVANCED_FACE('',(#622),#9385,.T.);
#9817=ADVANCED_FACE('',(#623),#123,.T.);
#9818=ADVANCED_FACE('',(#624),#9386,.T.);
#9819=ADVANCED_FACE('',(#625),#9387,.F.);
#9820=ADVANCED_FACE('',(#626),#9388,.T.);
#9821=ADVANCED_FACE('',(#627),#141,.T.);
#9822=ADVANCED_FACE('',(#628),#9389,.T.);
#9823=ADVANCED_FACE('',(#629),#9390,.T.);
#9824=ADVANCED_FACE('',(#630),#9391,.F.);
#9825=ADVANCED_FACE('',(#631),#9392,.T.);
#9826=ADVANCED_FACE('',(#632),#124,.T.);
#9827=ADVANCED_FACE('',(#633),#9393,.T.);
#9828=ADVANCED_FACE('',(#634),#9394,.T.);
#9829=ADVANCED_FACE('',(#635),#9395,.T.);
#9830=ADVANCED_FACE('',(#636),#9396,.T.);
#9831=ADVANCED_FACE('',(#637),#125,.T.);
#9832=ADVANCED_FACE('',(#638),#9397,.T.);
#9833=ADVANCED_FACE('',(#639),#9398,.F.);
#9834=ADVANCED_FACE('',(#640),#9399,.F.);
#9835=ADVANCED_FACE('',(#641),#142,.T.);
#9836=ADVANCED_FACE('',(#642),#143,.F.);
#9837=ADVANCED_FACE('',(#643),#9400,.F.);
#9838=ADVANCED_FACE('',(#644),#9401,.F.);
#9839=ADVANCED_FACE('',(#645),#144,.F.);
#9840=ADVANCED_FACE('',(#646),#9402,.F.);
#9841=ADVANCED_FACE('',(#647),#145,.F.);
#9842=ADVANCED_FACE('',(#648),#9403,.T.);
#9843=ADVANCED_FACE('',(#649),#9404,.F.);
#9844=ADVANCED_FACE('',(#650),#146,.F.);
#9845=ADVANCED_FACE('',(#651),#9405,.F.);
#9846=ADVANCED_FACE('',(#652),#9406,.F.);
#9847=ADVANCED_FACE('',(#653),#9407,.F.);
#9848=ADVANCED_FACE('',(#654),#9408,.F.);
#9849=ADVANCED_FACE('',(#655),#9409,.F.);
#9850=ADVANCED_FACE('',(#656),#9410,.F.);
#9851=ADVANCED_FACE('',(#657),#9411,.F.);
#9852=ADVANCED_FACE('',(#658),#9412,.F.);
#9853=ADVANCED_FACE('',(#659),#9413,.T.);
#9854=ADVANCED_FACE('',(#660),#9414,.T.);
#9855=ADVANCED_FACE('',(#661),#9415,.F.);
#9856=ADVANCED_FACE('',(#662),#9416,.F.);
#9857=ADVANCED_FACE('',(#663),#9417,.F.);
#9858=ADVANCED_FACE('',(#664),#9418,.F.);
#9859=ADVANCED_FACE('',(#665),#9419,.F.);
#9860=ADVANCED_FACE('',(#666),#9420,.F.);
#9861=ADVANCED_FACE('',(#667),#9421,.F.);
#9862=ADVANCED_FACE('',(#668),#9422,.F.);
#9863=ADVANCED_FACE('',(#669),#9423,.F.);
#9864=ADVANCED_FACE('',(#670),#9424,.F.);
#9865=ADVANCED_FACE('',(#671),#9425,.F.);
#9866=ADVANCED_FACE('',(#672),#9426,.F.);
#9867=ADVANCED_FACE('',(#673),#9427,.F.);
#9868=ADVANCED_FACE('',(#674),#147,.T.);
#9869=ADVANCED_FACE('',(#675),#9428,.T.);
#9870=ADVANCED_FACE('',(#676),#148,.T.);
#9871=ADVANCED_FACE('',(#677),#9429,.T.);
#9872=ADVANCED_FACE('',(#678),#9430,.T.);
#9873=ADVANCED_FACE('',(#679),#9431,.T.);
#9874=ADVANCED_FACE('',(#680),#9432,.T.);
#9875=ADVANCED_FACE('',(#681),#9433,.T.);
#9876=ADVANCED_FACE('',(#682),#9434,.T.);
#9877=ADVANCED_FACE('',(#683),#9435,.T.);
#9878=ADVANCED_FACE('',(#684),#9436,.T.);
#9879=ADVANCED_FACE('',(#685),#9437,.T.);
#9880=ADVANCED_FACE('',(#686),#9438,.F.);
#9881=ADVANCED_FACE('',(#687),#9439,.F.);
#9882=ADVANCED_FACE('',(#688),#9440,.F.);
#9883=ADVANCED_FACE('',(#689),#9441,.F.);
#9884=ADVANCED_FACE('',(#690),#9442,.F.);
#9885=ADVANCED_FACE('',(#691),#9443,.F.);
#9886=ADVANCED_FACE('',(#692),#9444,.F.);
#9887=ADVANCED_FACE('',(#693),#9445,.F.);
#9888=ADVANCED_FACE('',(#694),#9446,.F.);
#9889=ADVANCED_FACE('',(#695),#9447,.F.);
#9890=ADVANCED_FACE('',(#696),#9448,.F.);
#9891=ADVANCED_FACE('',(#697),#9449,.F.);
#9892=ADVANCED_FACE('',(#698),#9450,.F.);
#9893=ADVANCED_FACE('',(#699),#9451,.F.);
#9894=ADVANCED_FACE('',(#700),#9452,.F.);
#9895=ADVANCED_FACE('',(#701),#9453,.F.);
#9896=ADVANCED_FACE('',(#702),#9454,.F.);
#9897=ADVANCED_FACE('',(#703),#9455,.F.);
#9898=ADVANCED_FACE('',(#704),#9456,.F.);
#9899=ADVANCED_FACE('',(#705),#9457,.T.);
#9900=ADVANCED_FACE('',(#706),#9458,.T.);
#9901=ADVANCED_FACE('',(#707),#9459,.T.);
#9902=ADVANCED_FACE('',(#708),#9460,.T.);
#9903=ADVANCED_FACE('',(#709),#9461,.F.);
#9904=ADVANCED_FACE('',(#710),#149,.T.);
#9905=ADVANCED_FACE('',(#711),#9462,.F.);
#9906=ADVANCED_FACE('',(#712),#150,.T.);
#9907=ADVANCED_FACE('',(#713),#9463,.F.);
#9908=ADVANCED_FACE('',(#714),#151,.T.);
#9909=ADVANCED_FACE('',(#715),#9464,.F.);
#9910=ADVANCED_FACE('',(#716),#152,.F.);
#9911=ADVANCED_FACE('',(#717),#9465,.F.);
#9912=ADVANCED_FACE('',(#718,#106),#9466,.F.);
#9913=ADVANCED_FACE('',(#719),#9467,.F.);
#9914=ADVANCED_FACE('',(#720),#9468,.F.);
#9915=ADVANCED_FACE('',(#721),#9469,.F.);
#9916=ADVANCED_FACE('',(#722),#9470,.F.);
#9917=ADVANCED_FACE('',(#723),#9471,.F.);
#9918=ADVANCED_FACE('',(#724),#9472,.F.);
#9919=ADVANCED_FACE('',(#725),#9473,.T.);
#9920=ADVANCED_FACE('',(#726),#9474,.T.);
#9921=ADVANCED_FACE('',(#727),#9475,.F.);
#9922=ADVANCED_FACE('',(#728),#153,.T.);
#9923=ADVANCED_FACE('',(#729),#9476,.T.);
#9924=ADVANCED_FACE('',(#730),#154,.T.);
#9925=ADVANCED_FACE('',(#731),#9477,.T.);
#9926=ADVANCED_FACE('',(#732),#155,.T.);
#9927=ADVANCED_FACE('',(#733),#9478,.T.);
#9928=ADVANCED_FACE('',(#734),#156,.F.);
#9929=ADVANCED_FACE('',(#735),#9479,.T.);
#9930=ADVANCED_FACE('',(#736),#9480,.T.);
#9931=ADVANCED_FACE('',(#737,#107),#9481,.T.);
#9932=ADVANCED_FACE('',(#738),#9482,.T.);
#9933=ADVANCED_FACE('',(#739),#9483,.T.);
#9934=ADVANCED_FACE('',(#740),#9484,.T.);
#9935=ADVANCED_FACE('',(#741),#9485,.T.);
#9936=ADVANCED_FACE('',(#742),#9486,.T.);
#9937=ADVANCED_FACE('',(#743),#9487,.T.);
#9938=ADVANCED_FACE('',(#744),#9488,.T.);
#9939=ADVANCED_FACE('',(#745),#157,.T.);
#9940=ADVANCED_FACE('',(#746),#9489,.F.);
#9941=ADVANCED_FACE('',(#747),#9490,.T.);
#9942=ADVANCED_FACE('',(#748),#158,.F.);
#9943=ADVANCED_FACE('',(#749),#9491,.F.);
#9944=ADVANCED_FACE('',(#750),#159,.T.);
#9945=ADVANCED_FACE('',(#751),#160,.F.);
#9946=ADVANCED_FACE('',(#752),#9492,.F.);
#9947=ADVANCED_FACE('',(#753),#161,.F.);
#9948=ADVANCED_FACE('',(#754),#9493,.F.);
#9949=ADVANCED_FACE('',(#755),#162,.T.);
#9950=ADVANCED_FACE('',(#756),#9494,.F.);
#9951=ADVANCED_FACE('',(#757),#9495,.F.);
#9952=ADVANCED_FACE('',(#758),#9496,.F.);
#9953=ADVANCED_FACE('',(#759),#163,.T.);
#9954=ADVANCED_FACE('',(#760),#9497,.T.);
#9955=ADVANCED_FACE('',(#761),#9498,.T.);
#9956=ADVANCED_FACE('',(#762),#9499,.T.);
#9957=ADVANCED_FACE('',(#763),#164,.F.);
#9958=ADVANCED_FACE('',(#764),#9500,.T.);
#9959=ADVANCED_FACE('',(#765),#165,.F.);
#9960=ADVANCED_FACE('',(#766),#9501,.T.);
#9961=ADVANCED_FACE('',(#767),#166,.T.);
#9962=ADVANCED_FACE('',(#768),#9502,.T.);
#9963=ADVANCED_FACE('',(#769),#9503,.T.);
#9964=ADVANCED_FACE('',(#770),#9504,.T.);
#9965=ADVANCED_FACE('',(#771),#167,.T.);
#9966=ADVANCED_FACE('',(#772),#9505,.T.);
#9967=ADVANCED_FACE('',(#773),#9506,.F.);
#9968=ADVANCED_FACE('',(#774),#168,.F.);
#9969=ADVANCED_FACE('',(#775),#9507,.T.);
#9970=ADVANCED_FACE('',(#776),#169,.T.);
#9971=ADVANCED_FACE('',(#777),#170,.F.);
#9972=ADVANCED_FACE('',(#778),#9508,.T.);
#9973=ADVANCED_FACE('',(#779),#171,.F.);
#9974=ADVANCED_FACE('',(#780),#9509,.T.);
#9975=ADVANCED_FACE('',(#781),#172,.T.);
#9976=ADVANCED_FACE('',(#782),#9510,.T.);
#9977=ADVANCED_FACE('',(#783),#9511,.T.);
#9978=ADVANCED_FACE('',(#784),#9512,.T.);
#9979=ADVANCED_FACE('',(#785),#173,.T.);
#9980=ADVANCED_FACE('',(#786),#9513,.F.);
#9981=ADVANCED_FACE('',(#787),#9514,.F.);
#9982=ADVANCED_FACE('',(#788),#9515,.F.);
#9983=ADVANCED_FACE('',(#789),#174,.F.);
#9984=ADVANCED_FACE('',(#790),#9516,.F.);
#9985=ADVANCED_FACE('',(#791),#175,.F.);
#9986=ADVANCED_FACE('',(#792),#9517,.F.);
#9987=ADVANCED_FACE('',(#793),#176,.T.);
#9988=ADVANCED_FACE('',(#794),#9518,.F.);
#9989=ADVANCED_FACE('',(#795),#9519,.F.);
#9990=ADVANCED_FACE('',(#796),#9520,.F.);
#9991=ADVANCED_FACE('',(#797),#177,.T.);
#9992=ADVANCED_FACE('',(#798),#9521,.T.);
#9993=ADVANCED_FACE('',(#799),#9522,.T.);
#9994=ADVANCED_FACE('',(#800),#9523,.T.);
#9995=ADVANCED_FACE('',(#801),#178,.T.);
#9996=ADVANCED_FACE('',(#802),#59,.T.);
#9997=ADVANCED_FACE('',(#803),#179,.T.);
#9998=ADVANCED_FACE('',(#804),#9524,.T.);
#9999=ADVANCED_FACE('',(#805),#9525,.T.);
#10000=ADVANCED_FACE('',(#806),#180,.T.);
#10001=ADVANCED_FACE('',(#807),#9526,.T.);
#10002=ADVANCED_FACE('',(#808),#9527,.F.);
#10003=ADVANCED_FACE('',(#809),#181,.T.);
#10004=ADVANCED_FACE('',(#810),#182,.T.);
#10005=ADVANCED_FACE('',(#811),#9528,.T.);
#10006=ADVANCED_FACE('',(#812),#9529,.T.);
#10007=ADVANCED_FACE('',(#813),#183,.T.);
#10008=ADVANCED_FACE('',(#814),#9530,.T.);
#10009=ADVANCED_FACE('',(#815),#184,.T.);
#10010=ADVANCED_FACE('',(#816),#9531,.T.);
#10011=ADVANCED_FACE('',(#817),#9532,.T.);
#10012=ADVANCED_FACE('',(#818),#9533,.T.);
#10013=ADVANCED_FACE('',(#819),#9534,.F.);
#10014=ADVANCED_FACE('',(#820),#185,.F.);
#10015=ADVANCED_FACE('',(#821),#186,.T.);
#10016=ADVANCED_FACE('',(#822),#9535,.T.);
#10017=ADVANCED_FACE('',(#823),#9536,.F.);
#10018=ADVANCED_FACE('',(#824),#187,.T.);
#10019=ADVANCED_FACE('',(#825),#9537,.T.);
#10020=ADVANCED_FACE('',(#826),#9538,.F.);
#10021=ADVANCED_FACE('',(#827),#9539,.F.);
#10022=ADVANCED_FACE('',(#828),#188,.F.);
#10023=ADVANCED_FACE('',(#829),#9540,.F.);
#10024=ADVANCED_FACE('',(#830),#9541,.F.);
#10025=ADVANCED_FACE('',(#831),#189,.T.);
#10026=ADVANCED_FACE('',(#832),#9542,.T.);
#10027=ADVANCED_FACE('',(#833),#9543,.T.);
#10028=ADVANCED_FACE('',(#834),#190,.F.);
#10029=ADVANCED_FACE('',(#835),#9544,.T.);
#10030=ADVANCED_FACE('',(#836),#191,.T.);
#10031=ADVANCED_FACE('',(#837),#192,.F.);
#10032=ADVANCED_FACE('',(#838),#9545,.F.);
#10033=ADVANCED_FACE('',(#839),#193,.T.);
#10034=ADVANCED_FACE('',(#840),#194,.F.);
#10035=ADVANCED_FACE('',(#841),#9546,.F.);
#10036=ADVANCED_FACE('',(#842),#195,.T.);
#10037=ADVANCED_FACE('',(#843),#9547,.T.);
#10038=ADVANCED_FACE('',(#844),#196,.T.);
#10039=ADVANCED_FACE('',(#845),#9548,.F.);
#10040=ADVANCED_FACE('',(#846),#197,.T.);
#10041=ADVANCED_FACE('',(#847),#9549,.F.);
#10042=ADVANCED_FACE('',(#848),#9550,.F.);
#10043=ADVANCED_FACE('',(#849),#198,.F.);
#10044=ADVANCED_FACE('',(#850),#199,.F.);
#10045=ADVANCED_FACE('',(#851),#9551,.F.);
#10046=ADVANCED_FACE('',(#852),#9552,.F.);
#10047=ADVANCED_FACE('',(#853),#200,.F.);
#10048=ADVANCED_FACE('',(#854),#9553,.F.);
#10049=ADVANCED_FACE('',(#855),#9554,.F.);
#10050=ADVANCED_FACE('',(#856),#9555,.F.);
#10051=ADVANCED_FACE('',(#857),#201,.T.);
#10052=ADVANCED_FACE('',(#858),#202,.F.);
#10053=ADVANCED_FACE('',(#859),#203,.T.);
#10054=ADVANCED_FACE('',(#860),#9556,.T.);
#10055=ADVANCED_FACE('',(#861),#9557,.F.);
#10056=ADVANCED_FACE('',(#862),#9558,.F.);
#10057=ADVANCED_FACE('',(#863),#204,.F.);
#10058=ADVANCED_FACE('',(#864),#205,.T.);
#10059=ADVANCED_FACE('',(#865),#9559,.T.);
#10060=ADVANCED_FACE('',(#866),#206,.F.);
#10061=ADVANCED_FACE('',(#867),#9560,.T.);
#10062=ADVANCED_FACE('',(#868),#207,.T.);
#10063=ADVANCED_FACE('',(#869),#208,.F.);
#10064=ADVANCED_FACE('',(#870),#9561,.T.);
#10065=ADVANCED_FACE('',(#871),#209,.T.);
#10066=ADVANCED_FACE('',(#872),#210,.T.);
#10067=ADVANCED_FACE('',(#873),#9562,.T.);
#10068=ADVANCED_FACE('',(#874),#9563,.T.);
#10069=ADVANCED_FACE('',(#875),#211,.F.);
#10070=ADVANCED_FACE('',(#876),#9564,.T.);
#10071=ADVANCED_FACE('',(#877),#212,.F.);
#10072=ADVANCED_FACE('',(#878),#9565,.F.);
#10073=ADVANCED_FACE('',(#879),#9566,.T.);
#10074=ADVANCED_FACE('',(#880),#9567,.F.);
#10075=ADVANCED_FACE('',(#881),#213,.T.);
#10076=ADVANCED_FACE('',(#882),#9568,.T.);
#10077=ADVANCED_FACE('',(#883),#9569,.F.);
#10078=ADVANCED_FACE('',(#884),#214,.F.);
#10079=ADVANCED_FACE('',(#885),#215,.T.);
#10080=ADVANCED_FACE('',(#886),#9570,.F.);
#10081=ADVANCED_FACE('',(#887),#9571,.T.);
#10082=ADVANCED_FACE('',(#888),#9572,.T.);
#10083=ADVANCED_FACE('',(#889),#9573,.F.);
#10084=ADVANCED_FACE('',(#890),#9574,.F.);
#10085=ADVANCED_FACE('',(#891),#216,.T.);
#10086=ADVANCED_FACE('',(#892),#9575,.T.);
#10087=ADVANCED_FACE('',(#893),#9576,.T.);
#10088=ADVANCED_FACE('',(#894),#9577,.T.);
#10089=ADVANCED_FACE('',(#895),#9578,.T.);
#10090=ADVANCED_FACE('',(#896),#217,.F.);
#10091=ADVANCED_FACE('',(#897),#9579,.T.);
#10092=ADVANCED_FACE('',(#898),#9580,.T.);
#10093=ADVANCED_FACE('',(#899),#218,.T.);
#10094=ADVANCED_FACE('',(#900),#9581,.F.);
#10095=ADVANCED_FACE('',(#901),#9582,.T.);
#10096=ADVANCED_FACE('',(#902),#219,.F.);
#10097=ADVANCED_FACE('',(#903),#9583,.F.);
#10098=CLOSED_SHELL('',(#9584,#9585,#9586,#9587,#9588,#9589,#9590,#9591,
#9592,#9593,#9594,#9595,#9596,#9597,#9598,#9599,#9600,#9601,#9602,#9603,
#9604,#9605,#9606,#9607,#9608,#9609,#9610,#9611,#9612,#9613,#9614,#9615,
#9616,#9617,#9618,#9619,#9620,#9621,#9622,#9623,#9624,#9625,#9626,#9627,
#9628,#9629,#9630,#9631,#9632,#9633,#9634,#9635,#9636,#9637,#9638,#9639,
#9640,#9641,#9642,#9643,#9644,#9645,#9646,#9647,#9648,#9649,#9650,#9651,
#9652,#9653,#9654,#9655,#9656,#9657,#9658,#9659,#9660,#9661,#9662,#9663,
#9664,#9665,#9666,#9667,#9668,#9669,#9670,#9671,#9672,#9673,#9674,#9675,
#9676,#9677,#9678,#9679,#9680,#9681,#9682,#9683,#9684,#9685,#9686,#9687,
#9688,#9689,#9690,#9691,#9692,#9693,#9694,#9695,#9696,#9697,#9698,#9699,
#9700,#9701,#9702,#9703,#9704,#9705,#9706,#9707,#9708,#9709,#9710,#9711,
#9712,#9713,#9714,#9715,#9716,#9717,#9718,#9719,#9720,#9721,#9722,#9723,
#9724,#9725,#9726,#9727,#9728,#9729,#9730,#9731,#9732,#9733,#9734,#9735,
#9736,#9737,#9738,#9739,#9740,#9741,#9742,#9743,#9744,#9745,#9746,#9747,
#9748,#9749,#9750,#9751,#9752,#9753,#9754,#9755,#9756,#9757,#9758,#9759,
#9760,#9761,#9762,#9763,#9764,#9765,#9766,#9767,#9768,#9769,#9770,#9771,
#9772,#9773,#9774,#9775,#9776,#9777,#9778,#9779,#9780,#9781,#9782,#9783,
#9784,#9785,#9786,#9787,#9788,#9789,#9790,#9791,#9792,#9793,#9794,#9795,
#9796,#9797,#9798,#9799,#9800,#9801,#9802,#9803,#9804,#9805,#9806,#9807,
#9808,#9809,#9810,#9811,#9812,#9813,#9814,#9815,#9816,#9817,#9818,#9819,
#9820,#9821,#9822,#9823,#9824,#9825,#9826,#9827,#9828,#9829,#9830,#9831,
#9832,#9833,#9834,#9835,#9836,#9837,#9838,#9839,#9840,#9841,#9842,#9843,
#9844,#9845,#9846,#9847,#9848,#9849,#9850,#9851,#9852,#9853,#9854,#9855,
#9856,#9857,#9858,#9859,#9860,#9861,#9862,#9863,#9864,#9865,#9866,#9867,
#9868,#9869,#9870,#9871,#9872,#9873,#9874,#9875,#9876,#9877,#9878,#9879,
#9880,#9881,#9882,#9883,#9884,#9885,#9886,#9887,#9888,#9889,#9890,#9891,
#9892,#9893,#9894,#9895,#9896,#9897,#9898,#9899,#9900,#9901,#9902,#9903,
#9904,#9905,#9906,#9907,#9908,#9909,#9910,#9911,#9912,#9913,#9914,#9915,
#9916,#9917,#9918,#9919,#9920,#9921,#9922,#9923,#9924,#9925,#9926,#9927,
#9928,#9929,#9930,#9931,#9932,#9933,#9934,#9935,#9936,#9937,#9938));
#10099=CLOSED_SHELL('',(#9939,#9940,#9941,#9942,#9943,#9944,#9945,#9946,
#9947,#9948,#9949,#9950,#9951,#9952,#9953,#9954,#9955,#9956,#9957,#9958,
#9959,#9960,#9961,#9962,#9963,#9964));
#10100=CLOSED_SHELL('',(#9965,#9966,#9967,#9968,#9969,#9970,#9971,#9972,
#9973,#9974,#9975,#9976,#9977,#9978,#9979,#9980,#9981,#9982,#9983,#9984,
#9985,#9986,#9987,#9988,#9989,#9990));
#10101=CLOSED_SHELL('',(#9991,#9992,#9993,#9994,#9995,#9996,#9997,#9998,
#9999,#10000,#10001,#10002,#10003,#10004,#10005,#10006,#10007,#10008,#10009,
#10010,#10011,#10012,#10013,#10014,#10015,#10016,#10017,#10018,#10019,#10020,
#10021,#10022,#10023,#10024,#10025,#10026,#10027,#10028,#10029,#10030,#10031,
#10032,#10033,#10034,#10035,#10036,#10037,#10038,#10039,#10040,#10041,#10042,
#10043,#10044,#10045,#10046,#10047,#10048,#10049,#10050,#10051,#10052,#10053,
#10054,#10055,#10056,#10057,#10058,#10059,#10060,#10061,#10062,#10063,#10064,
#10065,#10066,#10067,#10068,#10069,#10070,#10071,#10072,#10073,#10074,#10075,
#10076,#10077,#10078,#10079,#10080,#10081,#10082,#10083,#10084,#10085,#10086,
#10087,#10088,#10089,#10090,#10091,#10092,#10093,#10094,#10095,#10096,#10097));
#10102=PRESENTATION_STYLE_ASSIGNMENT((#10104));
#10103=PRESENTATION_STYLE_ASSIGNMENT((#10105));
#10104=SURFACE_STYLE_USAGE(.BOTH.,#10106);
#10105=SURFACE_STYLE_USAGE(.BOTH.,#10107);
#10106=SURFACE_SIDE_STYLE('',(#10108));
#10107=SURFACE_SIDE_STYLE('',(#10109));
#10108=SURFACE_STYLE_FILL_AREA(#10110);
#10109=SURFACE_STYLE_FILL_AREA(#10111);
#10110=FILL_AREA_STYLE('',(#10112));
#10111=FILL_AREA_STYLE('',(#10113));
#10112=FILL_AREA_STYLE_COLOUR('',#10114);
#10113=FILL_AREA_STYLE_COLOUR('',#10115);
#10114=COLOUR_RGB('',0.92156862745098,0.92156862745098,0.92156862745098);
#10115=COLOUR_RGB('',1.,0.945098039215686,0.694117647058824);
#10116=AXIS2_PLACEMENT_3D('placement',#13561,#10857,#10858);
#10117=AXIS2_PLACEMENT_3D('placement',#13562,#10859,#10860);
#10118=AXIS2_PLACEMENT_3D('',#13563,#10861,#10862);
#10119=AXIS2_PLACEMENT_3D('',#13574,#10867,#10868);
#10120=AXIS2_PLACEMENT_3D('',#13576,#10870,#10871);
#10121=AXIS2_PLACEMENT_3D('',#13598,#10883,#10884);
#10122=AXIS2_PLACEMENT_3D('',#13607,#10889,#10890);
#10123=AXIS2_PLACEMENT_3D('',#13698,#10936,#10937);
#10124=AXIS2_PLACEMENT_3D('',#13709,#10943,#10944);
#10125=AXIS2_PLACEMENT_3D('',#13710,#10945,#10946);
#10126=AXIS2_PLACEMENT_3D('',#13735,#10960,#10961);
#10127=AXIS2_PLACEMENT_3D('',#13739,#10964,#10965);
#10128=AXIS2_PLACEMENT_3D('',#13745,#10969,#10970);
#10129=AXIS2_PLACEMENT_3D('',#13760,#10979,#10980);
#10130=AXIS2_PLACEMENT_3D('',#13766,#10984,#10985);
#10131=AXIS2_PLACEMENT_3D('',#13784,#10995,#10996);
#10132=AXIS2_PLACEMENT_3D('',#13790,#11000,#11001);
#10133=AXIS2_PLACEMENT_3D('',#13815,#11015,#11016);
#10134=AXIS2_PLACEMENT_3D('',#13819,#11019,#11020);
#10135=AXIS2_PLACEMENT_3D('',#13825,#11024,#11025);
#10136=AXIS2_PLACEMENT_3D('',#13840,#11034,#11035);
#10137=AXIS2_PLACEMENT_3D('',#13846,#11039,#11040);
#10138=AXIS2_PLACEMENT_3D('',#13864,#11050,#11051);
#10139=AXIS2_PLACEMENT_3D('',#13870,#11055,#11056);
#10140=AXIS2_PLACEMENT_3D('',#13895,#11070,#11071);
#10141=AXIS2_PLACEMENT_3D('',#13899,#11074,#11075);
#10142=AXIS2_PLACEMENT_3D('',#13905,#11079,#11080);
#10143=AXIS2_PLACEMENT_3D('',#13920,#11089,#11090);
#10144=AXIS2_PLACEMENT_3D('',#13926,#11094,#11095);
#10145=AXIS2_PLACEMENT_3D('',#13944,#11105,#11106);
#10146=AXIS2_PLACEMENT_3D('',#13950,#11110,#11111);
#10147=AXIS2_PLACEMENT_3D('',#13975,#11125,#11126);
#10148=AXIS2_PLACEMENT_3D('',#13979,#11129,#11130);
#10149=AXIS2_PLACEMENT_3D('',#13985,#11134,#11135);
#10150=AXIS2_PLACEMENT_3D('',#14000,#11144,#11145);
#10151=AXIS2_PLACEMENT_3D('',#14006,#11149,#11150);
#10152=AXIS2_PLACEMENT_3D('',#14024,#11160,#11161);
#10153=AXIS2_PLACEMENT_3D('',#14030,#11165,#11166);
#10154=AXIS2_PLACEMENT_3D('',#14055,#11180,#11181);
#10155=AXIS2_PLACEMENT_3D('',#14059,#11184,#11185);
#10156=AXIS2_PLACEMENT_3D('',#14065,#11189,#11190);
#10157=AXIS2_PLACEMENT_3D('',#14080,#11199,#11200);
#10158=AXIS2_PLACEMENT_3D('',#14086,#11204,#11205);
#10159=AXIS2_PLACEMENT_3D('',#14104,#11215,#11216);
#10160=AXIS2_PLACEMENT_3D('',#14110,#11220,#11221);
#10161=AXIS2_PLACEMENT_3D('',#14135,#11235,#11236);
#10162=AXIS2_PLACEMENT_3D('',#14139,#11239,#11240);
#10163=AXIS2_PLACEMENT_3D('',#14141,#11241,#11242);
#10164=AXIS2_PLACEMENT_3D('',#14149,#11247,#11248);
#10165=AXIS2_PLACEMENT_3D('',#14152,#11249,#11250);
#10166=AXIS2_PLACEMENT_3D('',#14156,#11252,#11253);
#10167=AXIS2_PLACEMENT_3D('',#14158,#11255,#11256);
#10168=AXIS2_PLACEMENT_3D('',#14162,#11258,#11259);
#10169=AXIS2_PLACEMENT_3D('',#14172,#11264,#11265);
#10170=AXIS2_PLACEMENT_3D('',#14176,#11267,#11268);
#10171=AXIS2_PLACEMENT_3D('',#14180,#11270,#11271);
#10172=AXIS2_PLACEMENT_3D('',#14192,#11277,#11278);
#10173=AXIS2_PLACEMENT_3D('',#14198,#11282,#11283);
#10174=AXIS2_PLACEMENT_3D('',#14202,#11285,#11286);
#10175=AXIS2_PLACEMENT_3D('',#14270,#11321,#11322);
#10176=AXIS2_PLACEMENT_3D('',#14274,#11324,#11325);
#10177=AXIS2_PLACEMENT_3D('',#14276,#11327,#11328);
#10178=AXIS2_PLACEMENT_3D('',#14284,#11332,#11333);
#10179=AXIS2_PLACEMENT_3D('',#14296,#11339,#11340);
#10180=AXIS2_PLACEMENT_3D('',#14300,#11342,#11343);
#10181=AXIS2_PLACEMENT_3D('',#14304,#11345,#11346);
#10182=AXIS2_PLACEMENT_3D('',#14313,#11351,#11352);
#10183=AXIS2_PLACEMENT_3D('',#14314,#11353,#11354);
#10184=AXIS2_PLACEMENT_3D('',#14321,#11359,#11360);
#10185=AXIS2_PLACEMENT_3D('',#14323,#11361,#11362);
#10186=AXIS2_PLACEMENT_3D('',#14325,#11363,#11364);
#10187=AXIS2_PLACEMENT_3D('',#14326,#11365,#11366);
#10188=AXIS2_PLACEMENT_3D('',#14327,#11367,#11368);
#10189=AXIS2_PLACEMENT_3D('',#14329,#11369,#11370);
#10190=AXIS2_PLACEMENT_3D('',#14330,#11371,#11372);
#10191=AXIS2_PLACEMENT_3D('',#14332,#11373,#11374);
#10192=AXIS2_PLACEMENT_3D('',#14334,#11375,#11376);
#10193=AXIS2_PLACEMENT_3D('',#14335,#11377,#11378);
#10194=AXIS2_PLACEMENT_3D('',#14337,#11379,#11380);
#10195=AXIS2_PLACEMENT_3D('',#14338,#11381,#11382);
#10196=AXIS2_PLACEMENT_3D('',#14339,#11383,#11384);
#10197=AXIS2_PLACEMENT_3D('',#14347,#11389,#11390);
#10198=AXIS2_PLACEMENT_3D('',#14353,#11394,#11395);
#10199=AXIS2_PLACEMENT_3D('',#14357,#11397,#11398);
#10200=AXIS2_PLACEMENT_3D('',#14358,#11399,#11400);
#10201=AXIS2_PLACEMENT_3D('',#14359,#11401,#11402);
#10202=AXIS2_PLACEMENT_3D('',#14364,#11406,#11407);
#10203=AXIS2_PLACEMENT_3D('',#14368,#11410,#11411);
#10204=AXIS2_PLACEMENT_3D('',#14370,#11413,#11414);
#10205=AXIS2_PLACEMENT_3D('',#14373,#11416,#11417);
#10206=AXIS2_PLACEMENT_3D('',#14374,#11418,#11419);
#10207=AXIS2_PLACEMENT_3D('',#14375,#11420,#11421);
#10208=AXIS2_PLACEMENT_3D('',#14377,#11423,#11424);
#10209=AXIS2_PLACEMENT_3D('',#14379,#11425,#11426);
#10210=AXIS2_PLACEMENT_3D('',#14381,#11428,#11429);
#10211=AXIS2_PLACEMENT_3D('',#14387,#11433,#11434);
#10212=AXIS2_PLACEMENT_3D('',#14393,#11438,#11439);
#10213=AXIS2_PLACEMENT_3D('',#14399,#11443,#11444);
#10214=AXIS2_PLACEMENT_3D('',#14403,#11447,#11448);
#10215=AXIS2_PLACEMENT_3D('',#14407,#11450,#11451);
#10216=AXIS2_PLACEMENT_3D('',#14408,#11452,#11453);
#10217=AXIS2_PLACEMENT_3D('',#14409,#11454,#11455);
#10218=AXIS2_PLACEMENT_3D('',#14412,#11458,#11459);
#10219=AXIS2_PLACEMENT_3D('',#14418,#11463,#11464);
#10220=AXIS2_PLACEMENT_3D('',#14421,#11466,#11467);
#10221=AXIS2_PLACEMENT_3D('',#14422,#11468,#11469);
#10222=AXIS2_PLACEMENT_3D('',#14423,#11470,#11471);
#10223=AXIS2_PLACEMENT_3D('',#14425,#11473,#11474);
#10224=AXIS2_PLACEMENT_3D('',#14427,#11476,#11477);
#10225=AXIS2_PLACEMENT_3D('',#14433,#11481,#11482);
#10226=AXIS2_PLACEMENT_3D('',#14437,#11485,#11486);
#10227=AXIS2_PLACEMENT_3D('',#14443,#11490,#11491);
#10228=AXIS2_PLACEMENT_3D('',#14449,#11495,#11496);
#10229=AXIS2_PLACEMENT_3D('',#14453,#11499,#11500);
#10230=AXIS2_PLACEMENT_3D('',#14457,#11502,#11503);
#10231=AXIS2_PLACEMENT_3D('',#14458,#11504,#11505);
#10232=AXIS2_PLACEMENT_3D('',#14459,#11506,#11507);
#10233=AXIS2_PLACEMENT_3D('',#14462,#11510,#11511);
#10234=AXIS2_PLACEMENT_3D('',#14468,#11515,#11516);
#10235=AXIS2_PLACEMENT_3D('',#14471,#11518,#11519);
#10236=AXIS2_PLACEMENT_3D('',#14472,#11520,#11521);
#10237=AXIS2_PLACEMENT_3D('',#14473,#11522,#11523);
#10238=AXIS2_PLACEMENT_3D('',#14475,#11525,#11526);
#10239=AXIS2_PLACEMENT_3D('',#14477,#11528,#11529);
#10240=AXIS2_PLACEMENT_3D('',#14483,#11533,#11534);
#10241=AXIS2_PLACEMENT_3D('',#14487,#11537,#11538);
#10242=AXIS2_PLACEMENT_3D('',#14495,#11543,#11544);
#10243=AXIS2_PLACEMENT_3D('',#14501,#11548,#11549);
#10244=AXIS2_PLACEMENT_3D('',#14505,#11551,#11552);
#10245=AXIS2_PLACEMENT_3D('',#14506,#11553,#11554);
#10246=AXIS2_PLACEMENT_3D('',#14507,#11555,#11556);
#10247=AXIS2_PLACEMENT_3D('',#14512,#11560,#11561);
#10248=AXIS2_PLACEMENT_3D('',#14516,#11564,#11565);
#10249=AXIS2_PLACEMENT_3D('',#14518,#11567,#11568);
#10250=AXIS2_PLACEMENT_3D('',#14521,#11570,#11571);
#10251=AXIS2_PLACEMENT_3D('',#14522,#11572,#11573);
#10252=AXIS2_PLACEMENT_3D('',#14523,#11574,#11575);
#10253=AXIS2_PLACEMENT_3D('',#14525,#11577,#11578);
#10254=AXIS2_PLACEMENT_3D('',#14527,#11580,#11581);
#10255=AXIS2_PLACEMENT_3D('',#14533,#11585,#11586);
#10256=AXIS2_PLACEMENT_3D('',#14541,#11591,#11592);
#10257=AXIS2_PLACEMENT_3D('',#14547,#11596,#11597);
#10258=AXIS2_PLACEMENT_3D('',#14551,#11599,#11600);
#10259=AXIS2_PLACEMENT_3D('',#14552,#11601,#11602);
#10260=AXIS2_PLACEMENT_3D('',#14553,#11603,#11604);
#10261=AXIS2_PLACEMENT_3D('',#14558,#11608,#11609);
#10262=AXIS2_PLACEMENT_3D('',#14562,#11612,#11613);
#10263=AXIS2_PLACEMENT_3D('',#14564,#11615,#11616);
#10264=AXIS2_PLACEMENT_3D('',#14567,#11618,#11619);
#10265=AXIS2_PLACEMENT_3D('',#14568,#11620,#11621);
#10266=AXIS2_PLACEMENT_3D('',#14569,#11622,#11623);
#10267=AXIS2_PLACEMENT_3D('',#14571,#11625,#11626);
#10268=AXIS2_PLACEMENT_3D('',#14573,#11628,#11629);
#10269=AXIS2_PLACEMENT_3D('',#14579,#11633,#11634);
#10270=AXIS2_PLACEMENT_3D('',#14585,#11638,#11639);
#10271=AXIS2_PLACEMENT_3D('',#14591,#11643,#11644);
#10272=AXIS2_PLACEMENT_3D('',#14595,#11647,#11648);
#10273=AXIS2_PLACEMENT_3D('',#14599,#11650,#11651);
#10274=AXIS2_PLACEMENT_3D('',#14600,#11652,#11653);
#10275=AXIS2_PLACEMENT_3D('',#14601,#11654,#11655);
#10276=AXIS2_PLACEMENT_3D('',#14604,#11658,#11659);
#10277=AXIS2_PLACEMENT_3D('',#14610,#11663,#11664);
#10278=AXIS2_PLACEMENT_3D('',#14613,#11666,#11667);
#10279=AXIS2_PLACEMENT_3D('',#14614,#11668,#11669);
#10280=AXIS2_PLACEMENT_3D('',#14615,#11670,#11671);
#10281=AXIS2_PLACEMENT_3D('',#14617,#11673,#11674);
#10282=AXIS2_PLACEMENT_3D('',#14623,#11678,#11679);
#10283=AXIS2_PLACEMENT_3D('',#14627,#11682,#11683);
#10284=AXIS2_PLACEMENT_3D('',#14629,#11685,#11686);
#10285=AXIS2_PLACEMENT_3D('',#14635,#11690,#11691);
#10286=AXIS2_PLACEMENT_3D('',#14639,#11694,#11695);
#10287=AXIS2_PLACEMENT_3D('',#14645,#11699,#11700);
#10288=AXIS2_PLACEMENT_3D('',#14649,#11703,#11704);
#10289=AXIS2_PLACEMENT_3D('',#14655,#11708,#11709);
#10290=AXIS2_PLACEMENT_3D('',#14659,#11712,#11713);
#10291=AXIS2_PLACEMENT_3D('',#14665,#11717,#11718);
#10292=AXIS2_PLACEMENT_3D('',#14669,#11721,#11722);
#10293=AXIS2_PLACEMENT_3D('',#14675,#11726,#11727);
#10294=AXIS2_PLACEMENT_3D('',#14679,#11730,#11731);
#10295=AXIS2_PLACEMENT_3D('',#14685,#11735,#11736);
#10296=AXIS2_PLACEMENT_3D('',#14689,#11739,#11740);
#10297=AXIS2_PLACEMENT_3D('',#14695,#11744,#11745);
#10298=AXIS2_PLACEMENT_3D('',#14699,#11748,#11749);
#10299=AXIS2_PLACEMENT_3D('',#14705,#11753,#11754);
#10300=AXIS2_PLACEMENT_3D('',#14709,#11757,#11758);
#10301=AXIS2_PLACEMENT_3D('',#14715,#11762,#11763);
#10302=AXIS2_PLACEMENT_3D('',#14719,#11766,#11767);
#10303=AXIS2_PLACEMENT_3D('',#14725,#11771,#11772);
#10304=AXIS2_PLACEMENT_3D('',#14729,#11775,#11776);
#10305=AXIS2_PLACEMENT_3D('',#14735,#11780,#11781);
#10306=AXIS2_PLACEMENT_3D('',#14739,#11784,#11785);
#10307=AXIS2_PLACEMENT_3D('',#14748,#11790,#11791);
#10308=AXIS2_PLACEMENT_3D('',#14754,#11795,#11796);
#10309=AXIS2_PLACEMENT_3D('',#14756,#11798,#11799);
#10310=AXIS2_PLACEMENT_3D('',#14758,#11801,#11802);
#10311=AXIS2_PLACEMENT_3D('',#14760,#11804,#11805);
#10312=AXIS2_PLACEMENT_3D('',#14762,#11807,#11808);
#10313=AXIS2_PLACEMENT_3D('',#14764,#11810,#11811);
#10314=AXIS2_PLACEMENT_3D('',#14766,#11813,#11814);
#10315=AXIS2_PLACEMENT_3D('',#14768,#11816,#11817);
#10316=AXIS2_PLACEMENT_3D('',#14770,#11819,#11820);
#10317=AXIS2_PLACEMENT_3D('',#14772,#11822,#11823);
#10318=AXIS2_PLACEMENT_3D('',#14774,#11825,#11826);
#10319=AXIS2_PLACEMENT_3D('',#14776,#11828,#11829);
#10320=AXIS2_PLACEMENT_3D('',#14779,#11832,#11833);
#10321=AXIS2_PLACEMENT_3D('',#14782,#11836,#11837);
#10322=AXIS2_PLACEMENT_3D('',#14783,#11838,#11839);
#10323=AXIS2_PLACEMENT_3D('',#14785,#11841,#11842);
#10324=AXIS2_PLACEMENT_3D('',#14786,#11843,#11844);
#10325=AXIS2_PLACEMENT_3D('',#14788,#11846,#11847);
#10326=AXIS2_PLACEMENT_3D('',#14789,#11848,#11849);
#10327=AXIS2_PLACEMENT_3D('',#14791,#11851,#11852);
#10328=AXIS2_PLACEMENT_3D('',#14792,#11853,#11854);
#10329=AXIS2_PLACEMENT_3D('',#14794,#11856,#11857);
#10330=AXIS2_PLACEMENT_3D('',#14795,#11858,#11859);
#10331=AXIS2_PLACEMENT_3D('',#14797,#11861,#11862);
#10332=AXIS2_PLACEMENT_3D('',#14798,#11863,#11864);
#10333=AXIS2_PLACEMENT_3D('',#14800,#11866,#11867);
#10334=AXIS2_PLACEMENT_3D('',#14801,#11868,#11869);
#10335=AXIS2_PLACEMENT_3D('',#14803,#11871,#11872);
#10336=AXIS2_PLACEMENT_3D('',#14804,#11873,#11874);
#10337=AXIS2_PLACEMENT_3D('',#14806,#11876,#11877);
#10338=AXIS2_PLACEMENT_3D('',#14807,#11878,#11879);
#10339=AXIS2_PLACEMENT_3D('',#14809,#11881,#11882);
#10340=AXIS2_PLACEMENT_3D('',#14810,#11883,#11884);
#10341=AXIS2_PLACEMENT_3D('',#14812,#11886,#11887);
#10342=AXIS2_PLACEMENT_3D('',#14813,#11888,#11889);
#10343=AXIS2_PLACEMENT_3D('',#14815,#11891,#11892);
#10344=AXIS2_PLACEMENT_3D('',#14816,#11893,#11894);
#10345=AXIS2_PLACEMENT_3D('',#14820,#11897,#11898);
#10346=AXIS2_PLACEMENT_3D('',#14824,#11901,#11902);
#10347=AXIS2_PLACEMENT_3D('',#14828,#11905,#11906);
#10348=AXIS2_PLACEMENT_3D('',#14832,#11909,#11910);
#10349=AXIS2_PLACEMENT_3D('',#14836,#11913,#11914);
#10350=AXIS2_PLACEMENT_3D('',#14840,#11917,#11918);
#10351=AXIS2_PLACEMENT_3D('',#14844,#11921,#11922);
#10352=AXIS2_PLACEMENT_3D('',#14848,#11925,#11926);
#10353=AXIS2_PLACEMENT_3D('',#14852,#11929,#11930);
#10354=AXIS2_PLACEMENT_3D('',#14854,#11932,#11933);
#10355=AXIS2_PLACEMENT_3D('',#14856,#11935,#11936);
#10356=AXIS2_PLACEMENT_3D('',#14858,#11938,#11939);
#10357=AXIS2_PLACEMENT_3D('',#14860,#11941,#11942);
#10358=AXIS2_PLACEMENT_3D('',#14862,#11944,#11945);
#10359=AXIS2_PLACEMENT_3D('',#14879,#11960,#11961);
#10360=AXIS2_PLACEMENT_3D('',#14880,#11962,#11963);
#10361=AXIS2_PLACEMENT_3D('',#14898,#11974,#11975);
#10362=AXIS2_PLACEMENT_3D('',#14899,#11976,#11977);
#10363=AXIS2_PLACEMENT_3D('',#14900,#11978,#11979);
#10364=AXIS2_PLACEMENT_3D('',#14902,#11981,#11982);
#10365=AXIS2_PLACEMENT_3D('',#14903,#11983,#11984);
#10366=AXIS2_PLACEMENT_3D('',#14904,#11985,#11986);
#10367=AXIS2_PLACEMENT_3D('',#14905,#11987,#11988);
#10368=AXIS2_PLACEMENT_3D('',#14906,#11989,#11990);
#10369=AXIS2_PLACEMENT_3D('',#14907,#11991,#11992);
#10370=AXIS2_PLACEMENT_3D('',#14911,#11995,#11996);
#10371=AXIS2_PLACEMENT_3D('',#14913,#11998,#11999);
#10372=AXIS2_PLACEMENT_3D('',#14915,#12001,#12002);
#10373=AXIS2_PLACEMENT_3D('',#14917,#12004,#12005);
#10374=AXIS2_PLACEMENT_3D('',#14919,#12007,#12008);
#10375=AXIS2_PLACEMENT_3D('',#14921,#12010,#12011);
#10376=AXIS2_PLACEMENT_3D('',#14927,#12015,#12016);
#10377=AXIS2_PLACEMENT_3D('',#14928,#12017,#12018);
#10378=AXIS2_PLACEMENT_3D('',#14929,#12019,#12020);
#10379=AXIS2_PLACEMENT_3D('',#14930,#12021,#12022);
#10380=AXIS2_PLACEMENT_3D('',#14931,#12023,#12024);
#10381=AXIS2_PLACEMENT_3D('',#14932,#12025,#12026);
#10382=AXIS2_PLACEMENT_3D('',#14938,#12030,#12031);
#10383=AXIS2_PLACEMENT_3D('',#14944,#12034,#12035);
#10384=AXIS2_PLACEMENT_3D('',#14948,#12037,#12038);
#10385=AXIS2_PLACEMENT_3D('',#14950,#12040,#12041);
#10386=AXIS2_PLACEMENT_3D('',#14954,#12043,#12044);
#10387=AXIS2_PLACEMENT_3D('',#14958,#12046,#12047);
#10388=AXIS2_PLACEMENT_3D('',#14960,#12049,#12050);
#10389=AXIS2_PLACEMENT_3D('',#14965,#12054,#12055);
#10390=AXIS2_PLACEMENT_3D('',#14968,#12058,#12059);
#10391=AXIS2_PLACEMENT_3D('',#14971,#12060,#12061);
#10392=AXIS2_PLACEMENT_3D('',#14974,#12064,#12065);
#10393=AXIS2_PLACEMENT_3D('',#14976,#12067,#12068);
#10394=AXIS2_PLACEMENT_3D('',#14996,#12079,#12080);
#10395=AXIS2_PLACEMENT_3D('',#14998,#12082,#12083);
#10396=AXIS2_PLACEMENT_3D('',#15001,#12084,#12085);
#10397=AXIS2_PLACEMENT_3D('',#15004,#12088,#12089);
#10398=AXIS2_PLACEMENT_3D('',#15006,#12091,#12092);
#10399=AXIS2_PLACEMENT_3D('',#15008,#12094,#12095);
#10400=AXIS2_PLACEMENT_3D('',#15009,#12096,#12097);
#10401=AXIS2_PLACEMENT_3D('',#15029,#12108,#12109);
#10402=AXIS2_PLACEMENT_3D('',#15035,#12113,#12114);
#10403=AXIS2_PLACEMENT_3D('',#15043,#12119,#12120);
#10404=AXIS2_PLACEMENT_3D('',#15046,#12122,#12123);
#10405=AXIS2_PLACEMENT_3D('',#15047,#12124,#12125);
#10406=AXIS2_PLACEMENT_3D('',#15051,#12128,#12129);
#10407=AXIS2_PLACEMENT_3D('',#15055,#12132,#12133);
#10408=AXIS2_PLACEMENT_3D('',#15057,#12135,#12136);
#10409=AXIS2_PLACEMENT_3D('',#15060,#12138,#12139);
#10410=AXIS2_PLACEMENT_3D('',#15061,#12140,#12141);
#10411=AXIS2_PLACEMENT_3D('',#15062,#12142,#12143);
#10412=AXIS2_PLACEMENT_3D('',#15066,#12146,#12147);
#10413=AXIS2_PLACEMENT_3D('',#15072,#12151,#12152);
#10414=AXIS2_PLACEMENT_3D('',#15074,#12154,#12155);
#10415=AXIS2_PLACEMENT_3D('',#15075,#12156,#12157);
#10416=AXIS2_PLACEMENT_3D('',#15081,#12161,#12162);
#10417=AXIS2_PLACEMENT_3D('',#15087,#12165,#12166);
#10418=AXIS2_PLACEMENT_3D('',#15089,#12168,#12169);
#10419=AXIS2_PLACEMENT_3D('',#15101,#12175,#12176);
#10420=AXIS2_PLACEMENT_3D('',#15106,#12180,#12181);
#10421=AXIS2_PLACEMENT_3D('',#15112,#12185,#12186);
#10422=AXIS2_PLACEMENT_3D('',#15115,#12188,#12189);
#10423=AXIS2_PLACEMENT_3D('',#15116,#12190,#12191);
#10424=AXIS2_PLACEMENT_3D('',#15122,#12195,#12196);
#10425=AXIS2_PLACEMENT_3D('',#15126,#12199,#12200);
#10426=AXIS2_PLACEMENT_3D('',#15130,#12203,#12204);
#10427=AXIS2_PLACEMENT_3D('',#15136,#12208,#12209);
#10428=AXIS2_PLACEMENT_3D('',#15139,#12211,#12212);
#10429=AXIS2_PLACEMENT_3D('',#15140,#12213,#12214);
#10430=AXIS2_PLACEMENT_3D('',#15141,#12215,#12216);
#10431=AXIS2_PLACEMENT_3D('',#15143,#12218,#12219);
#10432=AXIS2_PLACEMENT_3D('',#15153,#12225,#12226);
#10433=AXIS2_PLACEMENT_3D('',#15155,#12228,#12229);
#10434=AXIS2_PLACEMENT_3D('',#15156,#12230,#12231);
#10435=AXIS2_PLACEMENT_3D('',#15159,#12232,#12233);
#10436=AXIS2_PLACEMENT_3D('',#15162,#12236,#12237);
#10437=AXIS2_PLACEMENT_3D('',#15171,#12242,#12243);
#10438=AXIS2_PLACEMENT_3D('',#15177,#12247,#12248);
#10439=AXIS2_PLACEMENT_3D('',#15179,#12250,#12251);
#10440=AXIS2_PLACEMENT_3D('',#15182,#12252,#12253);
#10441=AXIS2_PLACEMENT_3D('',#15186,#12255,#12256);
#10442=AXIS2_PLACEMENT_3D('',#15188,#12258,#12259);
#10443=AXIS2_PLACEMENT_3D('',#15195,#12264,#12265);
#10444=AXIS2_PLACEMENT_3D('',#15198,#12266,#12267);
#10445=AXIS2_PLACEMENT_3D('',#15201,#12270,#12271);
#10446=AXIS2_PLACEMENT_3D('',#15214,#12279,#12280);
#10447=AXIS2_PLACEMENT_3D('',#15216,#12282,#12283);
#10448=AXIS2_PLACEMENT_3D('',#15219,#12284,#12285);
#10449=AXIS2_PLACEMENT_3D('',#15223,#12287,#12288);
#10450=AXIS2_PLACEMENT_3D('',#15225,#12290,#12291);
#10451=AXIS2_PLACEMENT_3D('',#15233,#12296,#12297);
#10452=AXIS2_PLACEMENT_3D('',#15239,#12301,#12302);
#10453=AXIS2_PLACEMENT_3D('',#15242,#12305,#12306);
#10454=AXIS2_PLACEMENT_3D('',#15243,#12307,#12308);
#10455=AXIS2_PLACEMENT_3D('',#15244,#12309,#12310);
#10456=AXIS2_PLACEMENT_3D('',#15250,#12314,#12315);
#10457=AXIS2_PLACEMENT_3D('',#15253,#12318,#12319);
#10458=AXIS2_PLACEMENT_3D('',#15256,#12322,#12323);
#10459=AXIS2_PLACEMENT_3D('',#15265,#12328,#12329);
#10460=AXIS2_PLACEMENT_3D('',#15274,#12334,#12335);
#10461=AXIS2_PLACEMENT_3D('',#15278,#12338,#12339);
#10462=AXIS2_PLACEMENT_3D('',#15282,#12342,#12343);
#10463=AXIS2_PLACEMENT_3D('',#15308,#12357,#12358);
#10464=AXIS2_PLACEMENT_3D('',#15314,#12362,#12363);
#10465=AXIS2_PLACEMENT_3D('',#15320,#12367,#12368);
#10466=AXIS2_PLACEMENT_3D('',#15326,#12372,#12373);
#10467=AXIS2_PLACEMENT_3D('',#15332,#12377,#12378);
#10468=AXIS2_PLACEMENT_3D('',#15338,#12382,#12383);
#10469=AXIS2_PLACEMENT_3D('',#15344,#12387,#12388);
#10470=AXIS2_PLACEMENT_3D('',#15353,#12393,#12394);
#10471=AXIS2_PLACEMENT_3D('',#15359,#12398,#12399);
#10472=AXIS2_PLACEMENT_3D('',#15365,#12403,#12404);
#10473=AXIS2_PLACEMENT_3D('',#15368,#12407,#12408);
#10474=AXIS2_PLACEMENT_3D('',#15371,#12409,#12410);
#10475=AXIS2_PLACEMENT_3D('',#15374,#12413,#12414);
#10476=AXIS2_PLACEMENT_3D('',#15376,#12416,#12417);
#10477=AXIS2_PLACEMENT_3D('',#15379,#12418,#12419);
#10478=AXIS2_PLACEMENT_3D('',#15383,#12421,#12422);
#10479=AXIS2_PLACEMENT_3D('',#15385,#12424,#12425);
#10480=AXIS2_PLACEMENT_3D('',#15393,#12431,#12432);
#10481=AXIS2_PLACEMENT_3D('',#15395,#12434,#12435);
#10482=AXIS2_PLACEMENT_3D('',#15400,#12439,#12440);
#10483=AXIS2_PLACEMENT_3D('',#15409,#12446,#12447);
#10484=AXIS2_PLACEMENT_3D('',#15413,#12450,#12451);
#10485=AXIS2_PLACEMENT_3D('',#15415,#12453,#12454);
#10486=AXIS2_PLACEMENT_3D('',#15417,#12456,#12457);
#10487=AXIS2_PLACEMENT_3D('',#15426,#12463,#12464);
#10488=AXIS2_PLACEMENT_3D('',#15435,#12470,#12471);
#10489=AXIS2_PLACEMENT_3D('',#15441,#12475,#12476);
#10490=AXIS2_PLACEMENT_3D('',#15443,#12478,#12479);
#10491=AXIS2_PLACEMENT_3D('',#15445,#12481,#12482);
#10492=AXIS2_PLACEMENT_3D('',#15447,#12484,#12485);
#10493=AXIS2_PLACEMENT_3D('',#15451,#12488,#12489);
#10494=AXIS2_PLACEMENT_3D('',#15453,#12491,#12492);
#10495=AXIS2_PLACEMENT_3D('',#15457,#12495,#12496);
#10496=AXIS2_PLACEMENT_3D('',#15461,#12499,#12500);
#10497=AXIS2_PLACEMENT_3D('',#15463,#12502,#12503);
#10498=AXIS2_PLACEMENT_3D('',#15465,#12505,#12506);
#10499=AXIS2_PLACEMENT_3D('',#15469,#12509,#12510);
#10500=AXIS2_PLACEMENT_3D('',#15473,#12513,#12514);
#10501=AXIS2_PLACEMENT_3D('',#15477,#12517,#12518);
#10502=AXIS2_PLACEMENT_3D('',#15481,#12521,#12522);
#10503=AXIS2_PLACEMENT_3D('',#15485,#12525,#12526);
#10504=AXIS2_PLACEMENT_3D('',#15489,#12529,#12530);
#10505=AXIS2_PLACEMENT_3D('',#15493,#12533,#12534);
#10506=AXIS2_PLACEMENT_3D('',#15497,#12537,#12538);
#10507=AXIS2_PLACEMENT_3D('',#15499,#12540,#12541);
#10508=AXIS2_PLACEMENT_3D('',#15500,#12542,#12543);
#10509=AXIS2_PLACEMENT_3D('',#15501,#12544,#12545);
#10510=AXIS2_PLACEMENT_3D('',#15502,#12546,#12547);
#10511=AXIS2_PLACEMENT_3D('',#15508,#12551,#12552);
#10512=AXIS2_PLACEMENT_3D('',#15512,#12555,#12556);
#10513=AXIS2_PLACEMENT_3D('',#15515,#12557,#12558);
#10514=AXIS2_PLACEMENT_3D('',#15518,#12561,#12562);
#10515=AXIS2_PLACEMENT_3D('',#15522,#12565,#12566);
#10516=AXIS2_PLACEMENT_3D('',#15525,#12567,#12568);
#10517=AXIS2_PLACEMENT_3D('',#15528,#12571,#12572);
#10518=AXIS2_PLACEMENT_3D('',#15530,#12574,#12575);
#10519=AXIS2_PLACEMENT_3D('',#15533,#12576,#12577);
#10520=AXIS2_PLACEMENT_3D('',#15536,#12580,#12581);
#10521=AXIS2_PLACEMENT_3D('',#15540,#12584,#12585);
#10522=AXIS2_PLACEMENT_3D('',#15544,#12587,#12588);
#10523=AXIS2_PLACEMENT_3D('',#15546,#12590,#12591);
#10524=AXIS2_PLACEMENT_3D('',#15548,#12593,#12594);
#10525=AXIS2_PLACEMENT_3D('',#15552,#12597,#12598);
#10526=AXIS2_PLACEMENT_3D('',#15554,#12600,#12601);
#10527=AXIS2_PLACEMENT_3D('',#15556,#12603,#12604);
#10528=AXIS2_PLACEMENT_3D('',#15558,#12606,#12607);
#10529=AXIS2_PLACEMENT_3D('',#15562,#12610,#12611);
#10530=AXIS2_PLACEMENT_3D('',#15564,#12613,#12614);
#10531=AXIS2_PLACEMENT_3D('',#15566,#12616,#12617);
#10532=AXIS2_PLACEMENT_3D('',#15572,#12621,#12622);
#10533=AXIS2_PLACEMENT_3D('',#15576,#12625,#12626);
#10534=AXIS2_PLACEMENT_3D('',#15582,#12629,#12630);
#10535=AXIS2_PLACEMENT_3D('',#15593,#12636,#12637);
#10536=AXIS2_PLACEMENT_3D('',#15597,#12639,#12640);
#10537=AXIS2_PLACEMENT_3D('',#15601,#12642,#12643);
#10538=AXIS2_PLACEMENT_3D('',#15603,#12645,#12646);
#10539=AXIS2_PLACEMENT_3D('',#15606,#12649,#12650);
#10540=AXIS2_PLACEMENT_3D('',#15608,#12652,#12653);
#10541=AXIS2_PLACEMENT_3D('',#15611,#12656,#12657);
#10542=AXIS2_PLACEMENT_3D('',#15613,#12659,#12660);
#10543=AXIS2_PLACEMENT_3D('',#15616,#12663,#12664);
#10544=AXIS2_PLACEMENT_3D('',#15618,#12666,#12667);
#10545=AXIS2_PLACEMENT_3D('',#15620,#12669,#12670);
#10546=AXIS2_PLACEMENT_3D('',#15622,#12672,#12673);
#10547=AXIS2_PLACEMENT_3D('',#15623,#12674,#12675);
#10548=AXIS2_PLACEMENT_3D('',#15624,#12676,#12677);
#10549=AXIS2_PLACEMENT_3D('',#15626,#12679,#12680);
#10550=AXIS2_PLACEMENT_3D('',#15628,#12682,#12683);
#10551=AXIS2_PLACEMENT_3D('',#15629,#12684,#12685);
#10552=AXIS2_PLACEMENT_3D('',#15630,#12686,#12687);
#10553=AXIS2_PLACEMENT_3D('',#15631,#12688,#12689);
#10554=AXIS2_PLACEMENT_3D('',#15632,#12690,#12691);
#10555=AXIS2_PLACEMENT_3D('placement',#15633,#12692,#12693);
#10556=AXIS2_PLACEMENT_3D('',#15634,#12694,#12695);
#10557=AXIS2_PLACEMENT_3D('',#15637,#12696,#12697);
#10558=AXIS2_PLACEMENT_3D('',#15641,#12699,#12700);
#10559=AXIS2_PLACEMENT_3D('',#15643,#12702,#12703);
#10560=AXIS2_PLACEMENT_3D('',#15649,#12707,#12708);
#10561=AXIS2_PLACEMENT_3D('',#15657,#12712,#12713);
#10562=AXIS2_PLACEMENT_3D('',#15661,#12715,#12716);
#10563=AXIS2_PLACEMENT_3D('',#15665,#12718,#12719);
#10564=AXIS2_PLACEMENT_3D('',#15673,#12723,#12724);
#10565=AXIS2_PLACEMENT_3D('',#15676,#12726,#12727);
#10566=AXIS2_PLACEMENT_3D('',#15677,#12728,#12729);
#10567=AXIS2_PLACEMENT_3D('',#15680,#12730,#12731);
#10568=AXIS2_PLACEMENT_3D('',#15683,#12734,#12735);
#10569=AXIS2_PLACEMENT_3D('',#15687,#12738,#12739);
#10570=AXIS2_PLACEMENT_3D('',#15689,#12740,#12741);
#10571=AXIS2_PLACEMENT_3D('',#15691,#12743,#12744);
#10572=AXIS2_PLACEMENT_3D('',#15694,#12745,#12746);
#10573=AXIS2_PLACEMENT_3D('',#15697,#12749,#12750);
#10574=AXIS2_PLACEMENT_3D('',#15701,#12752,#12753);
#10575=AXIS2_PLACEMENT_3D('',#15705,#12755,#12756);
#10576=AXIS2_PLACEMENT_3D('',#15713,#12760,#12761);
#10577=AXIS2_PLACEMENT_3D('',#15716,#12763,#12764);
#10578=AXIS2_PLACEMENT_3D('',#15717,#12765,#12766);
#10579=AXIS2_PLACEMENT_3D('',#15720,#12767,#12768);
#10580=AXIS2_PLACEMENT_3D('',#15723,#12771,#12772);
#10581=AXIS2_PLACEMENT_3D('',#15727,#12775,#12776);
#10582=AXIS2_PLACEMENT_3D('',#15728,#12777,#12778);
#10583=AXIS2_PLACEMENT_3D('',#15729,#12779,#12780);
#10584=AXIS2_PLACEMENT_3D('',#15733,#12783,#12784);
#10585=AXIS2_PLACEMENT_3D('',#15735,#12786,#12787);
#10586=AXIS2_PLACEMENT_3D('',#15737,#12788,#12789);
#10587=AXIS2_PLACEMENT_3D('',#15741,#12791,#12792);
#10588=AXIS2_PLACEMENT_3D('',#15749,#12796,#12797);
#10589=AXIS2_PLACEMENT_3D('',#15753,#12799,#12800);
#10590=AXIS2_PLACEMENT_3D('',#15755,#12802,#12803);
#10591=AXIS2_PLACEMENT_3D('',#15758,#12806,#12807);
#10592=AXIS2_PLACEMENT_3D('',#15760,#12809,#12810);
#10593=AXIS2_PLACEMENT_3D('',#15762,#12812,#12813);
#10594=AXIS2_PLACEMENT_3D('',#15764,#12815,#12816);
#10595=AXIS2_PLACEMENT_3D('',#15765,#12817,#12818);
#10596=AXIS2_PLACEMENT_3D('',#15767,#12820,#12821);
#10597=AXIS2_PLACEMENT_3D('',#15769,#12823,#12824);
#10598=AXIS2_PLACEMENT_3D('',#15771,#12826,#12827);
#10599=AXIS2_PLACEMENT_3D('',#15773,#12829,#12830);
#10600=AXIS2_PLACEMENT_3D('',#15777,#12833,#12834);
#10601=AXIS2_PLACEMENT_3D('',#15779,#12836,#12837);
#10602=AXIS2_PLACEMENT_3D('placement',#15780,#12838,#12839);
#10603=AXIS2_PLACEMENT_3D('',#15781,#12840,#12841);
#10604=AXIS2_PLACEMENT_3D('',#15784,#12842,#12843);
#10605=AXIS2_PLACEMENT_3D('',#15788,#12845,#12846);
#10606=AXIS2_PLACEMENT_3D('',#15790,#12848,#12849);
#10607=AXIS2_PLACEMENT_3D('',#15796,#12853,#12854);
#10608=AXIS2_PLACEMENT_3D('',#15798,#12855,#12856);
#10609=AXIS2_PLACEMENT_3D('',#15802,#12858,#12859);
#10610=AXIS2_PLACEMENT_3D('',#15810,#12863,#12864);
#10611=AXIS2_PLACEMENT_3D('',#15814,#12866,#12867);
#10612=AXIS2_PLACEMENT_3D('',#15818,#12869,#12870);
#10613=AXIS2_PLACEMENT_3D('',#15824,#12874,#12875);
#10614=AXIS2_PLACEMENT_3D('',#15827,#12876,#12877);
#10615=AXIS2_PLACEMENT_3D('',#15830,#12880,#12881);
#10616=AXIS2_PLACEMENT_3D('',#15834,#12884,#12885);
#10617=AXIS2_PLACEMENT_3D('',#15837,#12887,#12888);
#10618=AXIS2_PLACEMENT_3D('',#15838,#12889,#12890);
#10619=AXIS2_PLACEMENT_3D('',#15841,#12891,#12892);
#10620=AXIS2_PLACEMENT_3D('',#15844,#12895,#12896);
#10621=AXIS2_PLACEMENT_3D('',#15846,#12897,#12898);
#10622=AXIS2_PLACEMENT_3D('',#15850,#12900,#12901);
#10623=AXIS2_PLACEMENT_3D('',#15858,#12905,#12906);
#10624=AXIS2_PLACEMENT_3D('',#15862,#12908,#12909);
#10625=AXIS2_PLACEMENT_3D('',#15864,#12911,#12912);
#10626=AXIS2_PLACEMENT_3D('',#15867,#12913,#12914);
#10627=AXIS2_PLACEMENT_3D('',#15870,#12917,#12918);
#10628=AXIS2_PLACEMENT_3D('',#15874,#12921,#12922);
#10629=AXIS2_PLACEMENT_3D('',#15875,#12923,#12924);
#10630=AXIS2_PLACEMENT_3D('',#15876,#12925,#12926);
#10631=AXIS2_PLACEMENT_3D('',#15880,#12929,#12930);
#10632=AXIS2_PLACEMENT_3D('',#15882,#12932,#12933);
#10633=AXIS2_PLACEMENT_3D('',#15886,#12935,#12936);
#10634=AXIS2_PLACEMENT_3D('',#15890,#12938,#12939);
#10635=AXIS2_PLACEMENT_3D('',#15898,#12943,#12944);
#10636=AXIS2_PLACEMENT_3D('',#15901,#12946,#12947);
#10637=AXIS2_PLACEMENT_3D('',#15902,#12948,#12949);
#10638=AXIS2_PLACEMENT_3D('',#15905,#12952,#12953);
#10639=AXIS2_PLACEMENT_3D('',#15907,#12955,#12956);
#10640=AXIS2_PLACEMENT_3D('',#15909,#12958,#12959);
#10641=AXIS2_PLACEMENT_3D('',#15911,#12961,#12962);
#10642=AXIS2_PLACEMENT_3D('',#15912,#12963,#12964);
#10643=AXIS2_PLACEMENT_3D('',#15914,#12966,#12967);
#10644=AXIS2_PLACEMENT_3D('',#15916,#12969,#12970);
#10645=AXIS2_PLACEMENT_3D('',#15918,#12972,#12973);
#10646=AXIS2_PLACEMENT_3D('',#15920,#12975,#12976);
#10647=AXIS2_PLACEMENT_3D('',#15924,#12979,#12980);
#10648=AXIS2_PLACEMENT_3D('',#15926,#12982,#12983);
#10649=AXIS2_PLACEMENT_3D('placement',#15927,#12984,#12985);
#10650=AXIS2_PLACEMENT_3D('',#15928,#12986,#12987);
#10651=AXIS2_PLACEMENT_3D('',#15931,#12988,#12989);
#10652=AXIS2_PLACEMENT_3D('',#15935,#12991,#12992);
#10653=AXIS2_PLACEMENT_3D('',#15937,#12994,#12995);
#10654=AXIS2_PLACEMENT_3D('',#15943,#12999,#13000);
#10655=AXIS2_PLACEMENT_3D('',#15947,#13002,#13003);
#10656=AXIS2_PLACEMENT_3D('',#15956,#13008,#13009);
#10657=AXIS2_PLACEMENT_3D('',#15957,#13010,#13011);
#10658=AXIS2_PLACEMENT_3D('',#15962,#13013,#13014);
#10659=AXIS2_PLACEMENT_3D('',#15964,#13016,#13017);
#10660=AXIS2_PLACEMENT_3D('',#15969,#13019,#13020);
#10661=AXIS2_PLACEMENT_3D('',#15971,#13022,#13023);
#10662=AXIS2_PLACEMENT_3D('',#15972,#13024,#13025);
#10663=AXIS2_PLACEMENT_3D('',#15973,#13026,#13027);
#10664=AXIS2_PLACEMENT_3D('',#15974,#13028,#13029);
#10665=AXIS2_PLACEMENT_3D('',#15975,#13030,#13031);
#10666=AXIS2_PLACEMENT_3D('',#15977,#13033,#13034);
#10667=AXIS2_PLACEMENT_3D('',#15980,#13036,#13037);
#10668=AXIS2_PLACEMENT_3D('',#15982,#13039,#13040);
#10669=AXIS2_PLACEMENT_3D('',#15983,#13041,#13042);
#10670=AXIS2_PLACEMENT_3D('',#15986,#13043,#13044);
#10671=AXIS2_PLACEMENT_3D('',#15990,#13046,#13047);
#10672=AXIS2_PLACEMENT_3D('',#15992,#13049,#13050);
#10673=AXIS2_PLACEMENT_3D('',#15998,#13054,#13055);
#10674=AXIS2_PLACEMENT_3D('',#16002,#13057,#13058);
#10675=AXIS2_PLACEMENT_3D('',#16011,#13063,#13064);
#10676=AXIS2_PLACEMENT_3D('',#16012,#13065,#13066);
#10677=AXIS2_PLACEMENT_3D('',#16014,#13067,#13068);
#10678=AXIS2_PLACEMENT_3D('',#16016,#13070,#13071);
#10679=AXIS2_PLACEMENT_3D('',#16019,#13072,#13073);
#10680=AXIS2_PLACEMENT_3D('',#16023,#13075,#13076);
#10681=AXIS2_PLACEMENT_3D('',#16025,#13078,#13079);
#10682=AXIS2_PLACEMENT_3D('',#16031,#13083,#13084);
#10683=AXIS2_PLACEMENT_3D('',#16038,#13088,#13089);
#10684=AXIS2_PLACEMENT_3D('',#16039,#13090,#13091);
#10685=AXIS2_PLACEMENT_3D('',#16041,#13092,#13093);
#10686=AXIS2_PLACEMENT_3D('',#16043,#13095,#13096);
#10687=AXIS2_PLACEMENT_3D('',#16047,#13099,#13100);
#10688=AXIS2_PLACEMENT_3D('',#16051,#13102,#13103);
#10689=AXIS2_PLACEMENT_3D('',#16053,#13105,#13106);
#10690=AXIS2_PLACEMENT_3D('',#16054,#13107,#13108);
#10691=AXIS2_PLACEMENT_3D('',#16057,#13111,#13112);
#10692=AXIS2_PLACEMENT_3D('',#16059,#13113,#13114);
#10693=AXIS2_PLACEMENT_3D('',#16061,#13116,#13117);
#10694=AXIS2_PLACEMENT_3D('',#16062,#13118,#13119);
#10695=AXIS2_PLACEMENT_3D('',#16063,#13120,#13121);
#10696=AXIS2_PLACEMENT_3D('',#16064,#13122,#13123);
#10697=AXIS2_PLACEMENT_3D('',#16066,#13125,#13126);
#10698=AXIS2_PLACEMENT_3D('',#16069,#13127,#13128);
#10699=AXIS2_PLACEMENT_3D('',#16073,#13130,#13131);
#10700=AXIS2_PLACEMENT_3D('',#16075,#13133,#13134);
#10701=AXIS2_PLACEMENT_3D('',#16083,#13138,#13139);
#10702=AXIS2_PLACEMENT_3D('',#16085,#13141,#13142);
#10703=AXIS2_PLACEMENT_3D('',#16089,#13144,#13145);
#10704=AXIS2_PLACEMENT_3D('',#16093,#13147,#13148);
#10705=AXIS2_PLACEMENT_3D('',#16097,#13150,#13151);
#10706=AXIS2_PLACEMENT_3D('',#16100,#13153,#13154);
#10707=AXIS2_PLACEMENT_3D('',#16104,#13156,#13157);
#10708=AXIS2_PLACEMENT_3D('',#16107,#13159,#13160);
#10709=AXIS2_PLACEMENT_3D('',#16108,#13161,#13162);
#10710=AXIS2_PLACEMENT_3D('',#16111,#13163,#13164);
#10711=AXIS2_PLACEMENT_3D('',#16115,#13166,#13167);
#10712=AXIS2_PLACEMENT_3D('',#16117,#13169,#13170);
#10713=AXIS2_PLACEMENT_3D('',#16125,#13174,#13175);
#10714=AXIS2_PLACEMENT_3D('',#16127,#13177,#13178);
#10715=AXIS2_PLACEMENT_3D('',#16131,#13180,#13181);
#10716=AXIS2_PLACEMENT_3D('',#16135,#13183,#13184);
#10717=AXIS2_PLACEMENT_3D('',#16139,#13186,#13187);
#10718=AXIS2_PLACEMENT_3D('',#16142,#13189,#13190);
#10719=AXIS2_PLACEMENT_3D('',#16146,#13192,#13193);
#10720=AXIS2_PLACEMENT_3D('',#16149,#13195,#13196);
#10721=AXIS2_PLACEMENT_3D('',#16150,#13197,#13198);
#10722=AXIS2_PLACEMENT_3D('',#16158,#13203,#13204);
#10723=AXIS2_PLACEMENT_3D('',#16162,#13206,#13207);
#10724=AXIS2_PLACEMENT_3D('',#16170,#13208,#13209);
#10725=AXIS2_PLACEMENT_3D('',#16171,#13210,#13211);
#10726=AXIS2_PLACEMENT_3D('',#16175,#13213,#13214);
#10727=AXIS2_PLACEMENT_3D('',#16177,#13216,#13217);
#10728=AXIS2_PLACEMENT_3D('',#16179,#13219,#13220);
#10729=AXIS2_PLACEMENT_3D('',#16183,#13222,#13223);
#10730=AXIS2_PLACEMENT_3D('',#16191,#13224,#13225);
#10731=AXIS2_PLACEMENT_3D('',#16192,#13226,#13227);
#10732=AXIS2_PLACEMENT_3D('',#16198,#13231,#13232);
#10733=AXIS2_PLACEMENT_3D('',#16206,#13237,#13238);
#10734=AXIS2_PLACEMENT_3D('',#16215,#13240,#13241);
#10735=AXIS2_PLACEMENT_3D('',#16220,#13244,#13245);
#10736=AXIS2_PLACEMENT_3D('',#16221,#13246,#13247);
#10737=AXIS2_PLACEMENT_3D('',#16222,#13248,#13249);
#10738=AXIS2_PLACEMENT_3D('',#16223,#13250,#13251);
#10739=AXIS2_PLACEMENT_3D('',#16227,#13253,#13254);
#10740=AXIS2_PLACEMENT_3D('',#16229,#13256,#13257);
#10741=AXIS2_PLACEMENT_3D('',#16233,#13259,#13260);
#10742=AXIS2_PLACEMENT_3D('',#16235,#13262,#13263);
#10743=AXIS2_PLACEMENT_3D('',#16237,#13265,#13266);
#10744=AXIS2_PLACEMENT_3D('',#16256,#13268,#13269);
#10745=AXIS2_PLACEMENT_3D('',#16259,#13271,#13272);
#10746=AXIS2_PLACEMENT_3D('',#16260,#13273,#13274);
#10747=AXIS2_PLACEMENT_3D('',#16266,#13278,#13279);
#10748=AXIS2_PLACEMENT_3D('',#16269,#13280,#13281);
#10749=AXIS2_PLACEMENT_3D('',#16273,#13283,#13284);
#10750=AXIS2_PLACEMENT_3D('',#16275,#13285,#13286);
#10751=AXIS2_PLACEMENT_3D('',#16278,#13288,#13289);
#10752=AXIS2_PLACEMENT_3D('',#16279,#13290,#13291);
#10753=AXIS2_PLACEMENT_3D('',#16283,#13293,#13294);
#10754=AXIS2_PLACEMENT_3D('',#16285,#13296,#13297);
#10755=AXIS2_PLACEMENT_3D('',#16287,#13298,#13299);
#10756=AXIS2_PLACEMENT_3D('',#16295,#13300,#13301);
#10757=AXIS2_PLACEMENT_3D('',#16296,#13302,#13303);
#10758=AXIS2_PLACEMENT_3D('',#16297,#13304,#13305);
#10759=AXIS2_PLACEMENT_3D('',#16299,#13306,#13307);
#10760=AXIS2_PLACEMENT_3D('',#16301,#13309,#13310);
#10761=AXIS2_PLACEMENT_3D('',#16304,#13311,#13312);
#10762=AXIS2_PLACEMENT_3D('',#16308,#13315,#13316);
#10763=AXIS2_PLACEMENT_3D('',#16309,#13317,#13318);
#10764=AXIS2_PLACEMENT_3D('',#16311,#13320,#13321);
#10765=AXIS2_PLACEMENT_3D('',#16313,#13323,#13324);
#10766=AXIS2_PLACEMENT_3D('',#16321,#13326,#13327);
#10767=AXIS2_PLACEMENT_3D('',#16325,#13329,#13330);
#10768=AXIS2_PLACEMENT_3D('',#16327,#13332,#13333);
#10769=AXIS2_PLACEMENT_3D('',#16329,#13335,#13336);
#10770=AXIS2_PLACEMENT_3D('',#16331,#13338,#13339);
#10771=AXIS2_PLACEMENT_3D('',#16332,#13340,#13341);
#10772=AXIS2_PLACEMENT_3D('',#16333,#13342,#13343);
#10773=AXIS2_PLACEMENT_3D('',#16335,#13345,#13346);
#10774=AXIS2_PLACEMENT_3D('',#16336,#13347,#13348);
#10775=AXIS2_PLACEMENT_3D('',#16337,#13349,#13350);
#10776=AXIS2_PLACEMENT_3D('',#16339,#13352,#13353);
#10777=AXIS2_PLACEMENT_3D('',#16341,#13355,#13356);
#10778=AXIS2_PLACEMENT_3D('',#16344,#13358,#13359);
#10779=AXIS2_PLACEMENT_3D('',#16346,#13361,#13362);
#10780=AXIS2_PLACEMENT_3D('',#16348,#13364,#13365);
#10781=AXIS2_PLACEMENT_3D('',#16349,#13366,#13367);
#10782=AXIS2_PLACEMENT_3D('',#16351,#13369,#13370);
#10783=AXIS2_PLACEMENT_3D('',#16352,#13371,#13372);
#10784=AXIS2_PLACEMENT_3D('',#16353,#13373,#13374);
#10785=AXIS2_PLACEMENT_3D('',#16356,#13375,#13376);
#10786=AXIS2_PLACEMENT_3D('',#16359,#13379,#13380);
#10787=AXIS2_PLACEMENT_3D('',#16363,#13383,#13384);
#10788=AXIS2_PLACEMENT_3D('',#16375,#13387,#13388);
#10789=AXIS2_PLACEMENT_3D('',#16379,#13391,#13392);
#10790=AXIS2_PLACEMENT_3D('',#16382,#13393,#13394);
#10791=AXIS2_PLACEMENT_3D('',#16386,#13396,#13397);
#10792=AXIS2_PLACEMENT_3D('',#16388,#13398,#13399);
#10793=AXIS2_PLACEMENT_3D('',#16391,#13401,#13402);
#10794=AXIS2_PLACEMENT_3D('',#16392,#13403,#13404);
#10795=AXIS2_PLACEMENT_3D('',#16394,#13405,#13406);
#10796=AXIS2_PLACEMENT_3D('',#16402,#13407,#13408);
#10797=AXIS2_PLACEMENT_3D('',#16404,#13409,#13410);
#10798=AXIS2_PLACEMENT_3D('',#16406,#13411,#13412);
#10799=AXIS2_PLACEMENT_3D('',#16408,#13414,#13415);
#10800=AXIS2_PLACEMENT_3D('',#16410,#13416,#13417);
#10801=AXIS2_PLACEMENT_3D('',#16412,#13419,#13420);
#10802=AXIS2_PLACEMENT_3D('',#16416,#13422,#13423);
#10803=AXIS2_PLACEMENT_3D('',#16417,#13424,#13425);
#10804=AXIS2_PLACEMENT_3D('',#16421,#13427,#13428);
#10805=AXIS2_PLACEMENT_3D('',#16428,#13429,#13430);
#10806=AXIS2_PLACEMENT_3D('',#16431,#13432,#13433);
#10807=AXIS2_PLACEMENT_3D('',#16434,#13435,#13436);
#10808=AXIS2_PLACEMENT_3D('',#16435,#13437,#13438);
#10809=AXIS2_PLACEMENT_3D('',#16436,#13439,#13440);
#10810=AXIS2_PLACEMENT_3D('',#16438,#13442,#13443);
#10811=AXIS2_PLACEMENT_3D('',#16454,#13445,#13446);
#10812=AXIS2_PLACEMENT_3D('',#16455,#13447,#13448);
#10813=AXIS2_PLACEMENT_3D('',#16456,#13449,#13450);
#10814=AXIS2_PLACEMENT_3D('',#16457,#13451,#13452);
#10815=AXIS2_PLACEMENT_3D('',#16461,#13454,#13455);
#10816=AXIS2_PLACEMENT_3D('',#16463,#13457,#13458);
#10817=AXIS2_PLACEMENT_3D('',#16465,#13460,#13461);
#10818=AXIS2_PLACEMENT_3D('',#16467,#13463,#13464);
#10819=AXIS2_PLACEMENT_3D('',#16468,#13465,#13466);
#10820=AXIS2_PLACEMENT_3D('',#16471,#13469,#13470);
#10821=AXIS2_PLACEMENT_3D('',#16473,#13472,#13473);
#10822=AXIS2_PLACEMENT_3D('',#16474,#13474,#13475);
#10823=AXIS2_PLACEMENT_3D('',#16475,#13476,#13477);
#10824=AXIS2_PLACEMENT_3D('',#16477,#13479,#13480);
#10825=AXIS2_PLACEMENT_3D('',#16478,#13481,#13482);
#10826=AXIS2_PLACEMENT_3D('',#16480,#13484,#13485);
#10827=AXIS2_PLACEMENT_3D('',#16482,#13487,#13488);
#10828=AXIS2_PLACEMENT_3D('',#16484,#13490,#13491);
#10829=AXIS2_PLACEMENT_3D('',#16486,#13493,#13494);
#10830=AXIS2_PLACEMENT_3D('',#16489,#13496,#13497);
#10831=AXIS2_PLACEMENT_3D('',#16492,#13499,#13500);
#10832=AXIS2_PLACEMENT_3D('',#16493,#13501,#13502);
#10833=AXIS2_PLACEMENT_3D('',#16495,#13504,#13505);
#10834=AXIS2_PLACEMENT_3D('',#16496,#13506,#13507);
#10835=AXIS2_PLACEMENT_3D('',#16499,#13509,#13510);
#10836=AXIS2_PLACEMENT_3D('',#16500,#13511,#13512);
#10837=AXIS2_PLACEMENT_3D('',#16502,#13514,#13515);
#10838=AXIS2_PLACEMENT_3D('',#16503,#13516,#13517);
#10839=AXIS2_PLACEMENT_3D('',#16505,#13519,#13520);
#10840=AXIS2_PLACEMENT_3D('',#16511,#13524,#13525);
#10841=AXIS2_PLACEMENT_3D('',#16513,#13527,#13528);
#10842=AXIS2_PLACEMENT_3D('',#16514,#13529,#13530);
#10843=AXIS2_PLACEMENT_3D('',#16515,#13531,#13532);
#10844=AXIS2_PLACEMENT_3D('',#16517,#13534,#13535);
#10845=AXIS2_PLACEMENT_3D('',#16518,#13536,#13537);
#10846=AXIS2_PLACEMENT_3D('',#16519,#13538,#13539);
#10847=AXIS2_PLACEMENT_3D('',#16521,#13541,#13542);
#10848=AXIS2_PLACEMENT_3D('',#16522,#13543,#13544);
#10849=AXIS2_PLACEMENT_3D('',#16523,#13545,#13546);
#10850=AXIS2_PLACEMENT_3D('',#16524,#13547,#13548);
#10851=AXIS2_PLACEMENT_3D('',#16525,#13549,#13550);
#10852=AXIS2_PLACEMENT_3D('',#16526,#13551,#13552);
#10853=AXIS2_PLACEMENT_3D('',#16527,#13553,#13554);
#10854=AXIS2_PLACEMENT_3D('',#16528,#13555,#13556);
#10855=AXIS2_PLACEMENT_3D('',#16529,#13557,#13558);
#10856=AXIS2_PLACEMENT_3D('',#16530,#13559,#13560);
#10857=DIRECTION('axis',(0.,0.,1.));
#10858=DIRECTION('refdir',(1.,0.,0.));
#10859=DIRECTION('axis',(0.,0.,1.));
#10860=DIRECTION('refdir',(1.,0.,0.));
#10861=DIRECTION('center_axis',(-0.707106781186549,-0.707106781186546,-5.29594678524258E-16));
#10862=DIRECTION('ref_axis',(-7.105427357601E-16,0.,1.));
#10863=DIRECTION('',(0.707106781186546,-0.707106781186549,-5.88784672006417E-16));
#10864=DIRECTION('',(1.32169407693471E-16,6.16790569236155E-16,-1.));
#10865=DIRECTION('',(-0.707106781186546,0.707106781186549,3.41324447539952E-16));
#10866=DIRECTION('',(-1.32169407693471E-16,-6.16790569236155E-16,1.));
#10867=DIRECTION('center_axis',(-0.707106781186549,-0.707106781186546,-5.29594678524258E-16));
#10868=DIRECTION('ref_axis',(0.707106781186546,-0.707106781186549,6.65293414696513E-17));
#10869=DIRECTION('',(-5.13420913472357E-47,7.48959976929627E-16,-1.));
#10870=DIRECTION('center_axis',(1.,0.,1.32169407693471E-16));
#10871=DIRECTION('ref_axis',(8.88178419700125E-17,0.,-1.));
#10872=DIRECTION('',(-1.10053139679271E-31,1.,8.32667268468867E-16));
#10873=DIRECTION('',(1.32169407693471E-16,0.,-1.));
#10874=DIRECTION('',(0.,1.,0.));
#10875=DIRECTION('',(1.32169407693471E-16,0.,-1.));
#10876=DIRECTION('',(0.,1.,0.));
#10877=DIRECTION('',(0.,0.,-1.));
#10878=DIRECTION('',(0.,1.,0.));
#10879=DIRECTION('',(0.,6.16790569236155E-16,-1.));
#10880=DIRECTION('',(0.,1.,7.40148683083438E-16));
#10881=DIRECTION('',(0.,4.82705662880503E-16,-1.));
#10882=DIRECTION('',(0.,1.,4.82705662880503E-16));
#10883=DIRECTION('center_axis',(0.707106781186548,-0.707106781186548,-4.36136794078796E-16));
#10884=DIRECTION('ref_axis',(-6.21724893790088E-16,0.,-1.));
#10885=DIRECTION('',(-0.707106781186548,-0.707106781186548,0.));
#10886=DIRECTION('',(0.,6.16790569236155E-16,-1.));
#10887=DIRECTION('',(-0.707106781186548,-0.707106781186548,-3.41324447539951E-16));
#10888=DIRECTION('',(0.,-6.16790569236155E-16,1.));
#10889=DIRECTION('center_axis',(0.,1.,6.16790569236155E-16));
#10890=DIRECTION('ref_axis',(-1.,0.,0.));
#10891=DIRECTION('',(-1.,0.,0.));
#10892=DIRECTION('',(-1.,0.,0.));
#10893=DIRECTION('',(0.,-6.16790569236155E-16,1.));
#10894=DIRECTION('',(-1.,0.,0.));
#10895=DIRECTION('',(0.,6.16790569236155E-16,-1.));
#10896=DIRECTION('',(-1.,6.13352676966823E-31,0.));
#10897=DIRECTION('',(0.,-6.16790569236155E-16,1.));
#10898=DIRECTION('',(-1.,0.,0.));
#10899=DIRECTION('',(0.,6.16790569236155E-16,-1.));
#10900=DIRECTION('',(-1.,0.,0.));
#10901=DIRECTION('',(0.,-6.16790569236155E-16,1.));
#10902=DIRECTION('',(-1.,0.,0.));
#10903=DIRECTION('',(0.,6.16790569236155E-16,-1.));
#10904=DIRECTION('',(-1.,6.13352676966823E-31,0.));
#10905=DIRECTION('',(0.,-6.16790569236155E-16,1.));
#10906=DIRECTION('',(-1.,0.,0.));
#10907=DIRECTION('',(7.93016446160827E-16,6.16790569236155E-16,-1.));
#10908=DIRECTION('',(-1.,0.,0.));
#10909=DIRECTION('',(0.,-6.16790569236155E-16,1.));
#10910=DIRECTION('',(-1.,0.,0.));
#10911=DIRECTION('',(0.,6.16790569236155E-16,-1.));
#10912=DIRECTION('',(-1.,6.13352676966823E-31,0.));
#10913=DIRECTION('',(0.,-6.16790569236155E-16,1.));
#10914=DIRECTION('',(-1.,0.,0.));
#10915=DIRECTION('',(0.,6.16790569236155E-16,-1.));
#10916=DIRECTION('',(-1.,0.,0.));
#10917=DIRECTION('',(0.,-6.16790569236155E-16,1.));
#10918=DIRECTION('',(-1.,0.,0.));
#10919=DIRECTION('',(0.,6.16790569236155E-16,-1.));
#10920=DIRECTION('',(-1.,6.13352676966823E-31,0.));
#10921=DIRECTION('',(0.,-6.16790569236155E-16,1.));
#10922=DIRECTION('',(-1.,0.,0.));
#10923=DIRECTION('',(0.,6.16790569236155E-16,-1.));
#10924=DIRECTION('',(-1.,0.,0.));
#10925=DIRECTION('',(0.,-6.16790569236155E-16,1.));
#10926=DIRECTION('',(-1.,0.,0.));
#10927=DIRECTION('',(0.,6.16790569236155E-16,-1.));
#10928=DIRECTION('',(-1.,6.13352676966823E-31,0.));
#10929=DIRECTION('',(0.,-6.16790569236155E-16,1.));
#10930=DIRECTION('',(-1.,0.,0.));
#10931=DIRECTION('',(0.,6.16790569236155E-16,-1.));
#10932=DIRECTION('',(-1.,1.1054665151639E-30,-1.79228829087469E-15));
#10933=DIRECTION('',(0.,-6.16790569236155E-16,1.));
#10934=DIRECTION('',(-1.,0.,0.));
#10935=DIRECTION('',(0.,6.16790569236155E-16,-1.));
#10936=DIRECTION('center_axis',(0.,-1.,-6.16790569236155E-16));
#10937=DIRECTION('ref_axis',(-1.,0.,-1.02551917678732E-29));
#10938=DIRECTION('',(-1.,0.,0.));
#10939=DIRECTION('',(0.,-6.16790569236155E-16,1.));
#10940=DIRECTION('',(-1.,0.,0.));
#10941=DIRECTION('',(0.,-6.16790569236155E-16,1.));
#10942=DIRECTION('',(-1.,0.,0.));
#10943=DIRECTION('center_axis',(0.,1.,6.16790569236155E-16));
#10944=DIRECTION('ref_axis',(1.,0.,-1.02551917678732E-29));
#10945=DIRECTION('center_axis',(0.,0.,-1.));
#10946=DIRECTION('ref_axis',(-1.,0.,0.));
#10947=DIRECTION('',(0.,1.,0.));
#10948=DIRECTION('',(1.,0.,0.));
#10949=DIRECTION('',(-1.,0.,0.));
#10950=DIRECTION('',(0.,1.,0.));
#10951=DIRECTION('',(-0.706967858886761,-0.707245676198214,0.));
#10952=DIRECTION('',(-1.,0.,0.));
#10953=DIRECTION('',(-0.70696785888676,0.707245676198215,0.));
#10954=DIRECTION('',(0.,-1.,0.));
#10955=DIRECTION('',(-1.,0.,0.));
#10956=DIRECTION('',(0.,1.,0.));
#10957=DIRECTION('',(1.,0.,0.));
#10958=DIRECTION('',(0.,-1.,0.));
#10959=DIRECTION('',(-0.707106781186548,0.707106781186547,0.));
#10960=DIRECTION('center_axis',(-0.707106781186547,-0.707106781186548,-4.36136794078796E-16));
#10961=DIRECTION('ref_axis',(-6.21724893790088E-16,0.,1.));
#10962=DIRECTION('',(0.,6.16790569236155E-16,-1.));
#10963=DIRECTION('',(-0.707106781186548,0.707106781186547,3.41324447539951E-16));
#10964=DIRECTION('center_axis',(0.707106781186547,-0.707106781186548,-4.36136794078796E-16));
#10965=DIRECTION('ref_axis',(-6.21724893790088E-16,0.,-1.));
#10966=DIRECTION('',(-0.707106781186548,-0.707106781186547,-3.41324447539951E-16));
#10967=DIRECTION('',(0.,-6.16790569236155E-16,1.));
#10968=DIRECTION('',(0.707106781186548,0.707106781186547,5.88784672006415E-16));
#10969=DIRECTION('center_axis',(-1.,0.,0.));
#10970=DIRECTION('ref_axis',(0.,0.,1.));
#10971=DIRECTION('',(0.,-1.,-8.32667268468867E-16));
#10972=DIRECTION('',(0.,1.,4.82705662880503E-16));
#10973=DIRECTION('',(0.,-4.82705662880503E-16,1.));
#10974=DIRECTION('',(0.,1.,7.40148683083438E-16));
#10975=DIRECTION('',(0.,-6.16790569236155E-16,1.));
#10976=DIRECTION('',(0.,0.,1.));
#10977=DIRECTION('',(0.,1.,0.));
#10978=DIRECTION('',(0.,0.,1.));
#10979=DIRECTION('center_axis',(-0.707106781186547,-0.707106781186548,-4.36136794078796E-16));
#10980=DIRECTION('ref_axis',(-6.21724893790088E-16,0.,1.));
#10981=DIRECTION('',(0.707106781186548,-0.707106781186547,-5.88784672006415E-16));
#10982=DIRECTION('',(0.,6.16790569236155E-16,-1.));
#10983=DIRECTION('',(-0.707106781186548,0.707106781186547,3.41324447539951E-16));
#10984=DIRECTION('center_axis',(1.,0.,0.));
#10985=DIRECTION('ref_axis',(0.,0.,-1.));
#10986=DIRECTION('',(0.,1.,8.32667268468867E-16));
#10987=DIRECTION('',(0.,0.,-1.));
#10988=DIRECTION('',(0.,1.,0.));
#10989=DIRECTION('',(0.,0.,-1.));
#10990=DIRECTION('',(0.,1.,0.));
#10991=DIRECTION('',(0.,6.16790569236155E-16,-1.));
#10992=DIRECTION('',(0.,1.,7.40148683083438E-16));
#10993=DIRECTION('',(0.,4.82705662880503E-16,-1.));
#10994=DIRECTION('',(0.,1.,4.82705662880503E-16));
#10995=DIRECTION('center_axis',(0.707106781186548,-0.707106781186548,-4.36136794078796E-16));
#10996=DIRECTION('ref_axis',(-6.21724893790088E-16,0.,-1.));
#10997=DIRECTION('',(-0.707106781186548,-0.707106781186548,0.));
#10998=DIRECTION('',(-0.707106781186548,-0.707106781186548,-3.41324447539951E-16));
#10999=DIRECTION('',(0.,-6.16790569236155E-16,1.));
#11000=DIRECTION('center_axis',(0.,0.,-1.));
#11001=DIRECTION('ref_axis',(-1.,0.,0.));
#11002=DIRECTION('',(0.,1.,0.));
#11003=DIRECTION('',(1.,0.,0.));
#11004=DIRECTION('',(-1.,0.,0.));
#11005=DIRECTION('',(0.,1.,0.));
#11006=DIRECTION('',(-0.706967858886761,-0.707245676198214,0.));
#11007=DIRECTION('',(1.,0.,0.));
#11008=DIRECTION('',(-0.70696785888676,0.707245676198215,0.));
#11009=DIRECTION('',(0.,-1.,0.));
#11010=DIRECTION('',(-1.,0.,0.));
#11011=DIRECTION('',(0.,1.,0.));
#11012=DIRECTION('',(1.,0.,0.));
#11013=DIRECTION('',(0.,-1.,0.));
#11014=DIRECTION('',(-0.707106781186548,0.707106781186547,0.));
#11015=DIRECTION('center_axis',(-0.707106781186547,-0.707106781186548,-4.36136794078796E-16));
#11016=DIRECTION('ref_axis',(-6.21724893790088E-16,0.,1.));
#11017=DIRECTION('',(0.,6.16790569236155E-16,-1.));
#11018=DIRECTION('',(-0.707106781186548,0.707106781186547,3.41324447539951E-16));
#11019=DIRECTION('center_axis',(0.707106781186547,-0.707106781186548,-4.36136794078796E-16));
#11020=DIRECTION('ref_axis',(-6.21724893790088E-16,0.,-1.));
#11021=DIRECTION('',(-0.707106781186548,-0.707106781186547,-3.41324447539951E-16));
#11022=DIRECTION('',(0.,-6.16790569236155E-16,1.));
#11023=DIRECTION('',(0.707106781186548,0.707106781186547,5.88784672006415E-16));
#11024=DIRECTION('center_axis',(-1.,0.,0.));
#11025=DIRECTION('ref_axis',(0.,0.,1.));
#11026=DIRECTION('',(0.,-1.,-8.32667268468867E-16));
#11027=DIRECTION('',(0.,1.,4.82705662880503E-16));
#11028=DIRECTION('',(0.,-4.82705662880503E-16,1.));
#11029=DIRECTION('',(0.,1.,7.40148683083438E-16));
#11030=DIRECTION('',(0.,-6.16790569236155E-16,1.));
#11031=DIRECTION('',(0.,0.,1.));
#11032=DIRECTION('',(0.,1.,0.));
#11033=DIRECTION('',(0.,0.,1.));
#11034=DIRECTION('center_axis',(-0.707106781186547,-0.707106781186548,-4.36136794078796E-16));
#11035=DIRECTION('ref_axis',(-6.21724893790088E-16,0.,1.));
#11036=DIRECTION('',(0.707106781186548,-0.707106781186547,-5.88784672006415E-16));
#11037=DIRECTION('',(0.,6.16790569236155E-16,-1.));
#11038=DIRECTION('',(-0.707106781186548,0.707106781186547,3.41324447539951E-16));
#11039=DIRECTION('center_axis',(1.,0.,0.));
#11040=DIRECTION('ref_axis',(0.,0.,-1.));
#11041=DIRECTION('',(0.,1.,8.32667268468867E-16));
#11042=DIRECTION('',(0.,0.,-1.));
#11043=DIRECTION('',(0.,1.,0.));
#11044=DIRECTION('',(0.,0.,-1.));
#11045=DIRECTION('',(0.,1.,0.));
#11046=DIRECTION('',(0.,6.16790569236155E-16,-1.));
#11047=DIRECTION('',(0.,1.,7.40148683083438E-16));
#11048=DIRECTION('',(0.,4.82705662880503E-16,-1.));
#11049=DIRECTION('',(0.,1.,4.82705662880503E-16));
#11050=DIRECTION('center_axis',(0.707106781186549,-0.707106781186546,1.24610512593984E-16));
#11051=DIRECTION('ref_axis',(1.77635683940025E-16,0.,-1.));
#11052=DIRECTION('',(-0.707106781186546,-0.707106781186549,0.));
#11053=DIRECTION('',(-0.707106781186546,-0.707106781186549,-3.41324447539952E-16));
#11054=DIRECTION('',(-7.93016446160827E-16,-6.16790569236155E-16,1.));
#11055=DIRECTION('center_axis',(0.,0.,-1.));
#11056=DIRECTION('ref_axis',(-1.,0.,0.));
#11057=DIRECTION('',(3.82793529319203E-31,1.,0.));
#11058=DIRECTION('',(1.,0.,0.));
#11059=DIRECTION('',(-1.,0.,0.));
#11060=DIRECTION('',(0.,1.,0.));
#11061=DIRECTION('',(-0.706967858886762,-0.707245676198213,0.));
#11062=DIRECTION('',(1.,0.,0.));
#11063=DIRECTION('',(-0.70696785888676,0.707245676198215,0.));
#11064=DIRECTION('',(0.,-1.,0.));
#11065=DIRECTION('',(-1.,0.,0.));
#11066=DIRECTION('',(0.,1.,0.));
#11067=DIRECTION('',(1.,0.,0.));
#11068=DIRECTION('',(0.,-1.,0.));
#11069=DIRECTION('',(-0.707106781186548,0.707106781186547,0.));
#11070=DIRECTION('center_axis',(-0.707106781186547,-0.707106781186548,-4.36136794078796E-16));
#11071=DIRECTION('ref_axis',(-6.21724893790088E-16,0.,1.));
#11072=DIRECTION('',(0.,6.16790569236155E-16,-1.));
#11073=DIRECTION('',(-0.707106781186548,0.707106781186547,3.41324447539951E-16));
#11074=DIRECTION('center_axis',(0.707106781186547,-0.707106781186548,-4.36136794078796E-16));
#11075=DIRECTION('ref_axis',(-6.16173778666962E-16,0.,-1.));
#11076=DIRECTION('',(-0.707106781186548,-0.707106781186547,-3.41324447539951E-16));
#11077=DIRECTION('',(0.,-6.16790569236155E-16,1.));
#11078=DIRECTION('',(0.707106781186548,0.707106781186547,5.88784672006415E-16));
#11079=DIRECTION('center_axis',(-1.,0.,0.));
#11080=DIRECTION('ref_axis',(0.,0.,1.));
#11081=DIRECTION('',(0.,-1.,-8.32667268468867E-16));
#11082=DIRECTION('',(0.,1.,4.82705662880503E-16));
#11083=DIRECTION('',(0.,-4.82705662880503E-16,1.));
#11084=DIRECTION('',(0.,1.,7.40148683083438E-16));
#11085=DIRECTION('',(0.,-6.16790569236155E-16,1.));
#11086=DIRECTION('',(0.,0.,1.));
#11087=DIRECTION('',(0.,1.,0.));
#11088=DIRECTION('',(0.,0.,1.));
#11089=DIRECTION('center_axis',(-0.707106781186547,-0.707106781186548,-4.36136794078796E-16));
#11090=DIRECTION('ref_axis',(-6.16173778666962E-16,0.,1.));
#11091=DIRECTION('',(0.707106781186548,-0.707106781186547,-5.88784672006415E-16));
#11092=DIRECTION('',(0.,6.16790569236155E-16,-1.));
#11093=DIRECTION('',(-0.707106781186548,0.707106781186547,3.41324447539951E-16));
#11094=DIRECTION('center_axis',(1.,0.,0.));
#11095=DIRECTION('ref_axis',(0.,0.,-1.));
#11096=DIRECTION('',(0.,1.,8.32667268468867E-16));
#11097=DIRECTION('',(0.,0.,-1.));
#11098=DIRECTION('',(0.,1.,0.));
#11099=DIRECTION('',(0.,0.,-1.));
#11100=DIRECTION('',(0.,1.,0.));
#11101=DIRECTION('',(0.,6.16790569236155E-16,-1.));
#11102=DIRECTION('',(0.,1.,7.40148683083438E-16));
#11103=DIRECTION('',(0.,4.82705662880503E-16,-1.));
#11104=DIRECTION('',(0.,1.,4.82705662880503E-16));
#11105=DIRECTION('center_axis',(0.707106781186548,-0.707106781186548,-4.36136794078796E-16));
#11106=DIRECTION('ref_axis',(-6.21724893790088E-16,0.,-1.));
#11107=DIRECTION('',(-0.707106781186548,-0.707106781186548,0.));
#11108=DIRECTION('',(-0.707106781186548,-0.707106781186548,-3.41324447539951E-16));
#11109=DIRECTION('',(0.,-6.16790569236155E-16,1.));
#11110=DIRECTION('center_axis',(0.,0.,-1.));
#11111=DIRECTION('ref_axis',(-1.,0.,0.));
#11112=DIRECTION('',(0.,1.,0.));
#11113=DIRECTION('',(1.,0.,0.));
#11114=DIRECTION('',(-1.,0.,0.));
#11115=DIRECTION('',(0.,1.,0.));
#11116=DIRECTION('',(-0.706967858886761,-0.707245676198214,0.));
#11117=DIRECTION('',(-1.,0.,0.));
#11118=DIRECTION('',(-0.706967858886759,0.707245676198216,0.));
#11119=DIRECTION('',(0.,-1.,0.));
#11120=DIRECTION('',(-1.,0.,0.));
#11121=DIRECTION('',(0.,1.,0.));
#11122=DIRECTION('',(1.,0.,0.));
#11123=DIRECTION('',(0.,-1.,0.));
#11124=DIRECTION('',(-0.707106781186548,0.707106781186547,0.));
#11125=DIRECTION('center_axis',(-0.707106781186547,-0.707106781186548,-4.36136794078796E-16));
#11126=DIRECTION('ref_axis',(-6.21724893790088E-16,0.,1.));
#11127=DIRECTION('',(0.,6.16790569236155E-16,-1.));
#11128=DIRECTION('',(-0.707106781186548,0.707106781186547,3.41324447539951E-16));
#11129=DIRECTION('center_axis',(0.707106781186546,-0.707106781186549,-4.36136794078797E-16));
#11130=DIRECTION('ref_axis',(-6.21724893790088E-16,0.,-1.));
#11131=DIRECTION('',(-0.707106781186549,-0.707106781186546,-3.4132444753995E-16));
#11132=DIRECTION('',(0.,-6.16790569236155E-16,1.));
#11133=DIRECTION('',(0.707106781186549,0.707106781186546,5.88784672006414E-16));
#11134=DIRECTION('center_axis',(-1.,0.,0.));
#11135=DIRECTION('ref_axis',(0.,0.,1.));
#11136=DIRECTION('',(0.,-1.,-8.32667268468867E-16));
#11137=DIRECTION('',(0.,1.,4.82705662880503E-16));
#11138=DIRECTION('',(0.,-4.82705662880503E-16,1.));
#11139=DIRECTION('',(0.,1.,7.40148683083438E-16));
#11140=DIRECTION('',(0.,-6.16790569236155E-16,1.));
#11141=DIRECTION('',(0.,0.,1.));
#11142=DIRECTION('',(0.,1.,0.));
#11143=DIRECTION('',(0.,0.,1.));
#11144=DIRECTION('center_axis',(-0.707106781186544,-0.707106781186551,-4.36136794078798E-16));
#11145=DIRECTION('ref_axis',(-6.21724893790088E-16,0.,1.));
#11146=DIRECTION('',(0.707106781186551,-0.707106781186544,-5.88784672006413E-16));
#11147=DIRECTION('',(0.,6.16790569236155E-16,-1.));
#11148=DIRECTION('',(-0.707106781186551,0.707106781186544,3.4132444753995E-16));
#11149=DIRECTION('center_axis',(1.,0.,0.));
#11150=DIRECTION('ref_axis',(0.,0.,-1.));
#11151=DIRECTION('',(0.,1.,8.32667268468867E-16));
#11152=DIRECTION('',(0.,0.,-1.));
#11153=DIRECTION('',(0.,1.,0.));
#11154=DIRECTION('',(0.,0.,-1.));
#11155=DIRECTION('',(0.,1.,0.));
#11156=DIRECTION('',(0.,6.16790569236155E-16,-1.));
#11157=DIRECTION('',(0.,1.,7.40148683083438E-16));
#11158=DIRECTION('',(0.,4.82705662880503E-16,-1.));
#11159=DIRECTION('',(0.,1.,4.82705662880503E-16));
#11160=DIRECTION('center_axis',(0.707106781186548,-0.707106781186548,-4.36136794078796E-16));
#11161=DIRECTION('ref_axis',(-6.21724893790088E-16,0.,-1.));
#11162=DIRECTION('',(-0.707106781186548,-0.707106781186548,0.));
#11163=DIRECTION('',(-0.707106781186548,-0.707106781186548,-3.41324447539951E-16));
#11164=DIRECTION('',(0.,-6.16790569236155E-16,1.));
#11165=DIRECTION('center_axis',(0.,0.,-1.));
#11166=DIRECTION('ref_axis',(-1.,0.,0.));
#11167=DIRECTION('',(0.,1.,0.));
#11168=DIRECTION('',(1.,0.,0.));
#11169=DIRECTION('',(-1.,0.,0.));
#11170=DIRECTION('',(-2.17690789142187E-16,1.,0.));
#11171=DIRECTION('',(-0.70696785888676,-0.707245676198215,0.));
#11172=DIRECTION('',(-1.,0.,0.));
#11173=DIRECTION('',(-0.70696785888676,0.707245676198215,0.));
#11174=DIRECTION('',(0.,-1.,0.));
#11175=DIRECTION('',(-1.,0.,0.));
#11176=DIRECTION('',(0.,1.,0.));
#11177=DIRECTION('',(1.,0.,0.));
#11178=DIRECTION('',(0.,-1.,0.));
#11179=DIRECTION('',(-0.707106781186546,0.707106781186549,0.));
#11180=DIRECTION('center_axis',(-0.707106781186549,-0.707106781186546,-4.36136794078795E-16));
#11181=DIRECTION('ref_axis',(-6.21724893790088E-16,0.,1.));
#11182=DIRECTION('',(0.,6.16790569236155E-16,-1.));
#11183=DIRECTION('',(-0.707106781186546,0.707106781186549,3.41324447539952E-16));
#11184=DIRECTION('center_axis',(0.707106781186548,-0.707106781186547,-4.36136794078796E-16));
#11185=DIRECTION('ref_axis',(-6.21724893790088E-16,0.,-1.));
#11186=DIRECTION('',(-0.707106781186547,-0.707106781186548,-3.41324447539951E-16));
#11187=DIRECTION('',(0.,-6.16790569236155E-16,1.));
#11188=DIRECTION('',(0.707106781186547,0.707106781186548,5.88784672006416E-16));
#11189=DIRECTION('center_axis',(-1.,0.,0.));
#11190=DIRECTION('ref_axis',(0.,0.,1.));
#11191=DIRECTION('',(0.,-1.,-8.32667268468867E-16));
#11192=DIRECTION('',(0.,1.,4.82705662880503E-16));
#11193=DIRECTION('',(0.,-4.82705662880503E-16,1.));
#11194=DIRECTION('',(0.,1.,7.40148683083438E-16));
#11195=DIRECTION('',(0.,-6.16790569236155E-16,1.));
#11196=DIRECTION('',(0.,0.,1.));
#11197=DIRECTION('',(0.,1.,0.));
#11198=DIRECTION('',(0.,0.,1.));
#11199=DIRECTION('center_axis',(-0.707106781186549,-0.707106781186546,-4.36136794078795E-16));
#11200=DIRECTION('ref_axis',(-6.21724893790088E-16,0.,1.));
#11201=DIRECTION('',(0.707106781186546,-0.707106781186549,-5.88784672006417E-16));
#11202=DIRECTION('',(0.,6.16790569236155E-16,-1.));
#11203=DIRECTION('',(-0.707106781186546,0.707106781186549,3.41324447539952E-16));
#11204=DIRECTION('center_axis',(1.,0.,0.));
#11205=DIRECTION('ref_axis',(0.,0.,-1.));
#11206=DIRECTION('',(0.,1.,8.32667268468867E-16));
#11207=DIRECTION('',(0.,0.,-1.));
#11208=DIRECTION('',(0.,1.,0.));
#11209=DIRECTION('',(0.,0.,-1.));
#11210=DIRECTION('',(0.,1.,0.));
#11211=DIRECTION('',(0.,6.16790569236155E-16,-1.));
#11212=DIRECTION('',(0.,1.,7.40148683083438E-16));
#11213=DIRECTION('',(7.93016446160829E-16,4.82705662880503E-16,-1.));
#11214=DIRECTION('',(0.,1.,4.82705662880503E-16));
#11215=DIRECTION('center_axis',(0.70710678118655,-0.707106781186545,-4.36136794078794E-16));
#11216=DIRECTION('ref_axis',(-6.21724893790088E-16,0.,-1.));
#11217=DIRECTION('',(-0.707106781186545,-0.70710678118655,-1.26733920431874E-15));
#11218=DIRECTION('',(-0.707106781186545,-0.70710678118655,-3.41324447539952E-16));
#11219=DIRECTION('',(0.,-6.16790569236155E-16,1.));
#11220=DIRECTION('center_axis',(1.79228829087469E-15,0.,-1.));
#11221=DIRECTION('ref_axis',(-1.,0.,-1.77635683940025E-15));
#11222=DIRECTION('',(0.,1.,0.));
#11223=DIRECTION('',(1.,-8.65147707519633E-31,1.79228829087469E-15));
#11224=DIRECTION('',(-1.,0.,-1.79228829087469E-15));
#11225=DIRECTION('',(0.,1.,0.));
#11226=DIRECTION('',(-0.706967858886762,-0.707245676198213,-1.2670902155075E-15));
#11227=DIRECTION('',(1.,-5.0251073575926E-17,1.79228829087469E-15));
#11228=DIRECTION('',(-0.70696785888676,0.707245676198215,-1.26709021550749E-15));
#11229=DIRECTION('',(-2.17690789142187E-16,-1.,0.));
#11230=DIRECTION('',(-1.,0.,-1.79228829087469E-15));
#11231=DIRECTION('',(0.,1.,0.));
#11232=DIRECTION('',(1.,-8.65147707519633E-31,1.79228829087469E-15));
#11233=DIRECTION('',(0.,-1.,0.));
#11234=DIRECTION('',(-0.707106781186551,0.707106781186544,-1.26733920431875E-15));
#11235=DIRECTION('center_axis',(-0.707106781186544,-0.707106781186551,-4.36136794078798E-16));
#11236=DIRECTION('ref_axis',(-6.21724893790088E-16,0.,1.));
#11237=DIRECTION('',(0.,6.16790569236155E-16,-1.));
#11238=DIRECTION('',(-0.707106781186551,0.707106781186544,3.4132444753995E-16));
#11239=DIRECTION('center_axis',(0.707106781186544,-0.707106781186551,-4.36136794078798E-16));
#11240=DIRECTION('ref_axis',(-6.21724893790088E-16,0.,-1.));
#11241=DIRECTION('center_axis',(0.707106781186544,-0.707106781186551,-4.36136794078798E-16));
#11242=DIRECTION('ref_axis',(-0.707106781186551,-0.707106781186544,6.65293414696518E-17));
#11243=DIRECTION('',(-0.707106781186551,-0.707106781186544,-3.41324447539949E-16));
#11244=DIRECTION('',(0.,-6.16790569236155E-16,1.));
#11245=DIRECTION('',(0.707106781186551,0.707106781186544,5.88784672006412E-16));
#11246=DIRECTION('',(1.32408551369146E-46,-6.16790569236155E-16,1.));
#11247=DIRECTION('center_axis',(0.,0.,-1.));
#11248=DIRECTION('ref_axis',(-0.707106781186548,-0.707106781186547,0.));
#11249=DIRECTION('center_axis',(-9.40866970021319E-17,0.,1.));
#11250=DIRECTION('ref_axis',(-0.707106781186548,-0.707106781186547,0.));
#11251=DIRECTION('',(0.,0.,1.));
#11252=DIRECTION('center_axis',(0.,0.,-1.));
#11253=DIRECTION('ref_axis',(-0.707106781186548,-0.707106781186547,0.));
#11254=DIRECTION('',(0.,0.,-1.));
#11255=DIRECTION('center_axis',(-1.,0.,0.));
#11256=DIRECTION('ref_axis',(0.,0.,1.));
#11257=DIRECTION('',(0.,-1.,0.));
#11258=DIRECTION('center_axis',(1.,0.,0.));
#11259=DIRECTION('ref_axis',(0.,0.69712754584471,0.716947128332719));
#11260=DIRECTION('',(0.,-0.0280263696490655,0.999607184150001));
#11261=DIRECTION('',(0.,1.,0.));
#11262=DIRECTION('',(0.,0.,1.));
#11263=DIRECTION('',(0.,-6.55827947035957E-16,1.));
#11264=DIRECTION('center_axis',(1.,0.,0.));
#11265=DIRECTION('ref_axis',(0.,0.707106781186547,0.707106781186548));
#11266=DIRECTION('',(0.,-1.,-9.25185853854298E-16));
#11267=DIRECTION('center_axis',(1.,0.,0.));
#11268=DIRECTION('ref_axis',(0.,-0.707106781186548,0.707106781186547));
#11269=DIRECTION('',(0.,4.4114822170536E-16,-1.));
#11270=DIRECTION('center_axis',(-1.,0.,0.));
#11271=DIRECTION('ref_axis',(0.,0.707106781186548,-0.707106781186548));
#11272=DIRECTION('',(0.,-1.,0.));
#11273=DIRECTION('',(0.,0.,1.));
#11274=DIRECTION('',(0.,-0.707106781186547,0.707106781186548));
#11275=DIRECTION('',(0.,-1.,0.));
#11276=DIRECTION('',(0.,0.,1.));
#11277=DIRECTION('center_axis',(1.,0.,0.));
#11278=DIRECTION('ref_axis',(0.,0.707106781186548,0.707106781186548));
#11279=DIRECTION('',(0.,-1.,0.));
#11280=DIRECTION('',(0.,-5.55111512312578E-17,1.));
#11281=DIRECTION('',(0.,-1.,0.));
#11282=DIRECTION('center_axis',(0.,0.,1.));
#11283=DIRECTION('ref_axis',(0.,-1.,0.));
#11284=DIRECTION('',(-1.,0.,0.));
#11285=DIRECTION('center_axis',(0.,0.,-1.));
#11286=DIRECTION('ref_axis',(0.707106781186548,-0.707106781186547,0.));
#11287=DIRECTION('',(0.,-1.,0.));
#11288=DIRECTION('',(1.,0.,0.));
#11289=DIRECTION('',(0.,1.,0.));
#11290=DIRECTION('',(1.,0.,0.));
#11291=DIRECTION('',(0.,-1.,0.));
#11292=DIRECTION('',(1.,0.,0.));
#11293=DIRECTION('',(0.,1.,0.));
#11294=DIRECTION('',(1.,0.,0.));
#11295=DIRECTION('',(0.,-1.,0.));
#11296=DIRECTION('',(1.,0.,0.));
#11297=DIRECTION('',(0.,1.,0.));
#11298=DIRECTION('',(1.,0.,0.));
#11299=DIRECTION('',(0.,-1.,0.));
#11300=DIRECTION('',(1.,0.,0.));
#11301=DIRECTION('',(0.,1.,0.));
#11302=DIRECTION('',(1.,0.,0.));
#11303=DIRECTION('',(0.,-1.,0.));
#11304=DIRECTION('',(1.,0.,0.));
#11305=DIRECTION('',(0.,1.,0.));
#11306=DIRECTION('',(1.,0.,0.));
#11307=DIRECTION('',(0.,-1.,0.));
#11308=DIRECTION('',(1.,0.,0.));
#11309=DIRECTION('',(-2.17690789142187E-16,1.,0.));
#11310=DIRECTION('',(1.,0.,0.));
#11311=DIRECTION('',(0.,-1.,0.));
#11312=DIRECTION('',(1.,0.,0.));
#11313=DIRECTION('',(0.,1.,0.));
#11314=DIRECTION('',(1.,0.,0.));
#11315=DIRECTION('',(-2.17690789142187E-16,-1.,0.));
#11316=DIRECTION('',(1.,0.,0.));
#11317=DIRECTION('',(0.,1.,0.));
#11318=DIRECTION('',(1.,0.,0.));
#11319=DIRECTION('',(0.,-1.,0.));
#11320=DIRECTION('',(1.,0.,0.));
#11321=DIRECTION('center_axis',(0.,0.,1.));
#11322=DIRECTION('ref_axis',(0.707106781186548,-0.707106781186547,0.));
#11323=DIRECTION('',(0.,0.,-1.));
#11324=DIRECTION('center_axis',(-9.40866970021319E-17,0.,1.));
#11325=DIRECTION('ref_axis',(0.707106781186548,-0.707106781186547,0.));
#11326=DIRECTION('',(0.,0.,1.));
#11327=DIRECTION('center_axis',(-1.,0.,0.));
#11328=DIRECTION('ref_axis',(0.,0.,1.));
#11329=DIRECTION('',(0.,1.,0.));
#11330=DIRECTION('',(0.,5.55111512312578E-17,-1.));
#11331=DIRECTION('',(0.,-1.,0.));
#11332=DIRECTION('center_axis',(-1.,0.,0.));
#11333=DIRECTION('ref_axis',(0.,0.707106781186548,0.707106781186548));
#11334=DIRECTION('',(0.,0.,1.));
#11335=DIRECTION('',(0.,-1.,0.));
#11336=DIRECTION('',(0.,0.707106781186547,-0.707106781186548));
#11337=DIRECTION('',(0.,0.,1.));
#11338=DIRECTION('',(0.,-1.,0.));
#11339=DIRECTION('center_axis',(1.,0.,0.));
#11340=DIRECTION('ref_axis',(0.,0.707106781186548,-0.707106781186548));
#11341=DIRECTION('',(0.,4.4114822170536E-16,-1.));
#11342=DIRECTION('center_axis',(-1.,0.,0.));
#11343=DIRECTION('ref_axis',(0.,-0.707106781186548,0.707106781186547));
#11344=DIRECTION('',(0.,-1.,-9.25185853854298E-16));
#11345=DIRECTION('center_axis',(-1.,0.,0.));
#11346=DIRECTION('ref_axis',(0.,0.707106781186547,0.707106781186548));
#11347=DIRECTION('',(0.,-6.55827947035957E-16,1.));
#11348=DIRECTION('',(0.,0.,-1.));
#11349=DIRECTION('',(0.,-1.,0.));
#11350=DIRECTION('',(0.,0.0280263696490655,-0.999607184150001));
#11351=DIRECTION('center_axis',(-1.,0.,0.));
#11352=DIRECTION('ref_axis',(0.,0.69712754584471,0.716947128332719));
#11353=DIRECTION('center_axis',(9.40866970021319E-17,0.,-1.));
#11354=DIRECTION('ref_axis',(1.,0.,8.88178419700125E-17));
#11355=DIRECTION('',(1.,0.,9.40866970021319E-17));
#11356=DIRECTION('',(-1.,0.,-9.40866970021319E-17));
#11357=DIRECTION('',(0.,1.,0.));
#11358=DIRECTION('',(1.,0.,0.));
#11359=DIRECTION('center_axis',(0.,1.,0.));
#11360=DIRECTION('ref_axis',(-1.,0.,0.));
#11361=DIRECTION('center_axis',(0.,1.,0.));
#11362=DIRECTION('ref_axis',(-1.,0.,0.));
#11363=DIRECTION('center_axis',(0.,-1.,0.));
#11364=DIRECTION('ref_axis',(-1.,0.,0.));
#11365=DIRECTION('center_axis',(0.,-1.,0.));
#11366=DIRECTION('ref_axis',(0.,0.,-1.));
#11367=DIRECTION('center_axis',(0.,-1.,0.));
#11368=DIRECTION('ref_axis',(-1.,0.,0.));
#11369=DIRECTION('center_axis',(0.,1.,5.55111512312578E-17));
#11370=DIRECTION('ref_axis',(-1.,0.,0.));
#11371=DIRECTION('center_axis',(0.,1.,0.));
#11372=DIRECTION('ref_axis',(-1.,0.,0.));
#11373=DIRECTION('center_axis',(0.,1.,0.));
#11374=DIRECTION('ref_axis',(-1.,0.,0.));
#11375=DIRECTION('center_axis',(0.,-1.,0.));
#11376=DIRECTION('ref_axis',(-1.,0.,0.));
#11377=DIRECTION('center_axis',(0.,-1.,0.));
#11378=DIRECTION('ref_axis',(-1.,0.,0.));
#11379=DIRECTION('center_axis',(0.,1.,5.55111512312578E-17));
#11380=DIRECTION('ref_axis',(-1.,0.,0.));
#11381=DIRECTION('center_axis',(0.,-1.,0.));
#11382=DIRECTION('ref_axis',(0.,0.,-1.));
#11383=DIRECTION('center_axis',(-0.707106781186547,0.706829018435256,0.019817636030895));
#11384=DIRECTION('ref_axis',(0.0280153690892383,0.,0.999607492516335));
#11385=DIRECTION('',(0.,-0.0280263696490655,0.999607184150001));
#11386=DIRECTION('',(0.707106781186548,0.706829018435255,0.0198176360308919));
#11387=DIRECTION('',(0.,0.0280263696490655,-0.999607184150001));
#11388=DIRECTION('',(-0.571879811669298,-0.58813855681309,0.571879811669291));
#11389=DIRECTION('center_axis',(0.707106781186547,0.,0.707106781186548));
#11390=DIRECTION('ref_axis',(0.707106781186548,0.,-0.707106781186547));
#11391=DIRECTION('',(0.,1.,0.));
#11392=DIRECTION('',(-0.707106781186548,0.,0.707106781186547));
#11393=DIRECTION('',(0.577350269189626,0.577350269189626,-0.577350269189626));
#11394=DIRECTION('center_axis',(-1.,0.,0.));
#11395=DIRECTION('ref_axis',(0.,0.69712754584471,0.716947128332719));
#11396=DIRECTION('',(-0.707106781186548,0.706829018435255,0.0198176360308949));
#11397=DIRECTION('center_axis',(1.,0.,0.));
#11398=DIRECTION('ref_axis',(0.,0.69712754584471,0.716947128332719));
#11399=DIRECTION('center_axis',(-1.,0.,0.));
#11400=DIRECTION('ref_axis',(0.,0.69712754584471,0.716947128332719));
#11401=DIRECTION('center_axis',(0.707106781186548,0.706829018435255,0.019817636030895));
#11402=DIRECTION('ref_axis',(0.0280153690892382,0.,-0.999607492516335));
#11403=DIRECTION('',(0.,-0.0280263696490655,0.999607184150001));
#11404=DIRECTION('',(0.,0.0280263696490655,-0.999607184150001));
#11405=DIRECTION('',(-0.571879811669297,0.58813855681309,-0.571879811669292));
#11406=DIRECTION('center_axis',(0.,0.707106781186548,0.707106781186548));
#11407=DIRECTION('ref_axis',(1.,0.,0.));
#11408=DIRECTION('',(-1.,0.,0.));
#11409=DIRECTION('',(-0.577350269189626,0.577350269189625,-0.577350269189626));
#11410=DIRECTION('center_axis',(0.,0.697127545844706,0.716947128332722));
#11411=DIRECTION('ref_axis',(1.,0.,0.));
#11412=DIRECTION('',(-1.,0.,0.));
#11413=DIRECTION('center_axis',(1.,0.,0.));
#11414=DIRECTION('ref_axis',(0.,0.69712754584471,0.716947128332719));
#11415=DIRECTION('',(0.707106781186549,0.,0.707106781186546));
#11416=DIRECTION('center_axis',(-1.,0.,0.));
#11417=DIRECTION('ref_axis',(0.,0.69712754584471,0.716947128332719));
#11418=DIRECTION('center_axis',(1.,0.,0.));
#11419=DIRECTION('ref_axis',(0.,0.69712754584471,0.716947128332719));
#11420=DIRECTION('center_axis',(-0.707106781186547,0.,0.707106781186548));
#11421=DIRECTION('ref_axis',(0.707106781186548,0.,0.707106781186547));
#11422=DIRECTION('',(0.,-1.,0.));
#11423=DIRECTION('center_axis',(-1.,0.,0.));
#11424=DIRECTION('ref_axis',(0.,0.69712754584471,0.716947128332719));
#11425=DIRECTION('center_axis',(1.,0.,1.98254111540207E-16));
#11426=DIRECTION('ref_axis',(0.,0.69712754584471,0.716947128332719));
#11427=DIRECTION('',(-1.,0.,0.));
#11428=DIRECTION('center_axis',(-1.,0.,0.));
#11429=DIRECTION('ref_axis',(0.,1.,0.));
#11430=DIRECTION('',(0.,0.,-1.));
#11431=DIRECTION('',(0.,-1.,0.));
#11432=DIRECTION('',(0.,0.,1.));
#11433=DIRECTION('center_axis',(0.,0.697127545844706,0.716947128332722));
#11434=DIRECTION('ref_axis',(1.,0.,0.));
#11435=DIRECTION('',(-1.,0.,0.));
#11436=DIRECTION('',(0.571879811669297,-0.58813855681309,0.571879811669292));
#11437=DIRECTION('',(0.571879811669298,0.58813855681309,-0.571879811669291));
#11438=DIRECTION('center_axis',(0.,0.707106781186548,0.707106781186548));
#11439=DIRECTION('ref_axis',(1.,0.,0.));
#11440=DIRECTION('',(-1.,0.,0.));
#11441=DIRECTION('',(-0.577350269189626,-0.577350269189626,0.577350269189626));
#11442=DIRECTION('',(0.577350269189626,-0.577350269189626,0.577350269189626));
#11443=DIRECTION('center_axis',(0.707106781186547,0.,0.707106781186548));
#11444=DIRECTION('ref_axis',(0.707106781186548,0.,-0.707106781186547));
#11445=DIRECTION('',(0.,1.,0.));
#11446=DIRECTION('',(-0.707106781186548,0.,0.707106781186547));
#11447=DIRECTION('center_axis',(-1.,0.,0.));
#11448=DIRECTION('ref_axis',(0.,0.69712754584471,0.716947128332719));
#11449=DIRECTION('',(-0.707106781186548,0.706829018435255,0.0198176360308949));
#11450=DIRECTION('center_axis',(1.,0.,0.));
#11451=DIRECTION('ref_axis',(0.,0.69712754584471,0.716947128332719));
#11452=DIRECTION('center_axis',(-1.,0.,0.));
#11453=DIRECTION('ref_axis',(0.,0.69712754584471,0.716947128332719));
#11454=DIRECTION('center_axis',(0.707106781186548,0.706829018435255,0.019817636030895));
#11455=DIRECTION('ref_axis',(0.0280153690892382,0.,-0.999607492516335));
#11456=DIRECTION('',(0.,-0.0280263696490655,0.999607184150001));
#11457=DIRECTION('',(0.,0.0280263696490655,-0.999607184150001));
#11458=DIRECTION('center_axis',(-0.707106781186547,0.706829018435256,0.019817636030895));
#11459=DIRECTION('ref_axis',(0.0280153690892383,0.,0.999607492516335));
#11460=DIRECTION('',(0.,-0.0280263696490655,0.999607184150001));
#11461=DIRECTION('',(0.707106781186548,0.706829018435255,0.0198176360308919));
#11462=DIRECTION('',(0.,0.0280263696490655,-0.999607184150001));
#11463=DIRECTION('center_axis',(1.,0.,0.));
#11464=DIRECTION('ref_axis',(0.,0.69712754584471,0.716947128332719));
#11465=DIRECTION('',(0.707106781186549,0.,0.707106781186546));
#11466=DIRECTION('center_axis',(-1.,0.,0.));
#11467=DIRECTION('ref_axis',(0.,0.69712754584471,0.716947128332719));
#11468=DIRECTION('center_axis',(1.,0.,0.));
#11469=DIRECTION('ref_axis',(0.,0.69712754584471,0.716947128332719));
#11470=DIRECTION('center_axis',(-0.707106781186547,0.,0.707106781186548));
#11471=DIRECTION('ref_axis',(0.707106781186548,0.,0.707106781186547));
#11472=DIRECTION('',(0.,-1.,0.));
#11473=DIRECTION('center_axis',(-1.,0.,0.));
#11474=DIRECTION('ref_axis',(0.,0.69712754584471,0.716947128332719));
#11475=DIRECTION('',(-1.,0.,0.));
#11476=DIRECTION('center_axis',(-1.,0.,0.));
#11477=DIRECTION('ref_axis',(0.,1.,0.));
#11478=DIRECTION('',(0.,0.,-1.));
#11479=DIRECTION('',(0.,-1.,0.));
#11480=DIRECTION('',(0.,0.,1.));
#11481=DIRECTION('center_axis',(0.,-1.,0.));
#11482=DIRECTION('ref_axis',(-1.,0.,0.));
#11483=DIRECTION('',(0.,0.,-1.));
#11484=DIRECTION('',(1.,0.,0.));
#11485=DIRECTION('center_axis',(0.,0.697127545844706,0.716947128332722));
#11486=DIRECTION('ref_axis',(1.,0.,0.));
#11487=DIRECTION('',(-1.,0.,0.));
#11488=DIRECTION('',(0.571879811669298,-0.58813855681309,0.571879811669291));
#11489=DIRECTION('',(0.5718798116693,0.588138556813089,-0.57187981166929));
#11490=DIRECTION('center_axis',(0.,0.707106781186548,0.707106781186548));
#11491=DIRECTION('ref_axis',(1.,0.,0.));
#11492=DIRECTION('',(-1.,0.,0.));
#11493=DIRECTION('',(-0.577350269189626,-0.577350269189626,0.577350269189626));
#11494=DIRECTION('',(0.577350269189626,-0.577350269189626,0.577350269189626));
#11495=DIRECTION('center_axis',(0.707106781186548,0.,0.707106781186548));
#11496=DIRECTION('ref_axis',(0.707106781186548,0.,-0.707106781186548));
#11497=DIRECTION('',(0.,1.,0.));
#11498=DIRECTION('',(-0.707106781186548,0.,0.707106781186547));
#11499=DIRECTION('center_axis',(-1.,0.,0.));
#11500=DIRECTION('ref_axis',(0.,0.69712754584471,0.716947128332719));
#11501=DIRECTION('',(-0.707106781186548,0.706829018435255,0.0198176360308949));
#11502=DIRECTION('center_axis',(1.,0.,0.));
#11503=DIRECTION('ref_axis',(0.,0.69712754584471,0.716947128332719));
#11504=DIRECTION('center_axis',(-1.,0.,0.));
#11505=DIRECTION('ref_axis',(0.,0.69712754584471,0.716947128332719));
#11506=DIRECTION('center_axis',(0.707106781186548,0.706829018435255,0.019817636030895));
#11507=DIRECTION('ref_axis',(0.0280153690892382,0.,-0.999607492516335));
#11508=DIRECTION('',(0.,-0.0280263696490655,0.999607184150001));
#11509=DIRECTION('',(0.,0.0280263696490655,-0.999607184150001));
#11510=DIRECTION('center_axis',(-0.707106781186546,0.706829018435257,0.0198176360308951));
#11511=DIRECTION('ref_axis',(0.0280153690892384,0.,0.999607492516335));
#11512=DIRECTION('',(0.,-0.0280263696490655,0.999607184150001));
#11513=DIRECTION('',(0.707106781186549,0.706829018435254,0.0198176360308919));
#11514=DIRECTION('',(0.,0.0280263696490655,-0.999607184150001));
#11515=DIRECTION('center_axis',(1.,0.,0.));
#11516=DIRECTION('ref_axis',(0.,0.69712754584471,0.716947128332719));
#11517=DIRECTION('',(0.707106781186549,0.,0.707106781186546));
#11518=DIRECTION('center_axis',(-1.,0.,0.));
#11519=DIRECTION('ref_axis',(0.,0.69712754584471,0.716947128332719));
#11520=DIRECTION('center_axis',(1.,0.,0.));
#11521=DIRECTION('ref_axis',(0.,0.69712754584471,0.716947128332719));
#11522=DIRECTION('center_axis',(-0.707106781186548,0.,0.707106781186548));
#11523=DIRECTION('ref_axis',(0.707106781186548,0.,0.707106781186548));
#11524=DIRECTION('',(0.,-1.,0.));
#11525=DIRECTION('center_axis',(-1.,0.,0.));
#11526=DIRECTION('ref_axis',(0.,0.69712754584471,0.716947128332719));
#11527=DIRECTION('',(-1.,0.,0.));
#11528=DIRECTION('center_axis',(-1.,0.,0.));
#11529=DIRECTION('ref_axis',(0.,1.,0.));
#11530=DIRECTION('',(0.,0.,-1.));
#11531=DIRECTION('',(0.,-1.,0.));
#11532=DIRECTION('',(0.,0.,1.));
#11533=DIRECTION('center_axis',(0.,-1.,0.));
#11534=DIRECTION('ref_axis',(-1.,0.,0.));
#11535=DIRECTION('',(0.,0.,-1.));
#11536=DIRECTION('',(1.,0.,0.));
#11537=DIRECTION('center_axis',(-0.707106781186547,0.706829018435256,0.019817636030895));
#11538=DIRECTION('ref_axis',(0.0280153690892383,0.,0.999607492516335));
#11539=DIRECTION('',(0.,-0.0280263696490655,0.999607184150001));
#11540=DIRECTION('',(0.707106781186548,0.706829018435255,0.0198176360308919));
#11541=DIRECTION('',(0.,0.0280263696490655,-0.999607184150001));
#11542=DIRECTION('',(-0.571879811669298,-0.58813855681309,0.571879811669291));
#11543=DIRECTION('center_axis',(0.707106781186548,0.,0.707106781186548));
#11544=DIRECTION('ref_axis',(0.707106781186548,0.,-0.707106781186548));
#11545=DIRECTION('',(0.,1.,0.));
#11546=DIRECTION('',(-0.707106781186548,0.,0.707106781186547));
#11547=DIRECTION('',(0.577350269189626,0.577350269189626,-0.577350269189626));
#11548=DIRECTION('center_axis',(-1.,0.,0.));
#11549=DIRECTION('ref_axis',(0.,0.69712754584471,0.716947128332719));
#11550=DIRECTION('',(-0.707106781186548,0.706829018435255,0.0198176360308949));
#11551=DIRECTION('center_axis',(1.,0.,0.));
#11552=DIRECTION('ref_axis',(0.,0.69712754584471,0.716947128332719));
#11553=DIRECTION('center_axis',(-1.,0.,0.));
#11554=DIRECTION('ref_axis',(0.,0.69712754584471,0.716947128332719));
#11555=DIRECTION('center_axis',(0.707106781186549,0.706829018435254,0.019817636030895));
#11556=DIRECTION('ref_axis',(0.0280153690892381,0.,-0.999607492516335));
#11557=DIRECTION('',(0.,-0.0280263696490655,0.999607184150001));
#11558=DIRECTION('',(0.,0.0280263696490655,-0.999607184150001));
#11559=DIRECTION('',(-0.571879811669296,0.588138556813091,-0.571879811669292));
#11560=DIRECTION('center_axis',(0.,0.707106781186548,0.707106781186548));
#11561=DIRECTION('ref_axis',(1.,0.,0.));
#11562=DIRECTION('',(-1.,0.,0.));
#11563=DIRECTION('',(-0.577350269189626,0.577350269189625,-0.577350269189626));
#11564=DIRECTION('center_axis',(0.,0.697127545844706,0.716947128332722));
#11565=DIRECTION('ref_axis',(1.,0.,0.));
#11566=DIRECTION('',(-1.,0.,0.));
#11567=DIRECTION('center_axis',(1.,0.,0.));
#11568=DIRECTION('ref_axis',(0.,0.69712754584471,0.716947128332719));
#11569=DIRECTION('',(0.707106781186549,0.,0.707106781186546));
#11570=DIRECTION('center_axis',(-1.,0.,0.));
#11571=DIRECTION('ref_axis',(0.,0.69712754584471,0.716947128332719));
#11572=DIRECTION('center_axis',(1.,0.,0.));
#11573=DIRECTION('ref_axis',(0.,0.69712754584471,0.716947128332719));
#11574=DIRECTION('center_axis',(-0.707106781186548,0.,0.707106781186548));
#11575=DIRECTION('ref_axis',(0.707106781186548,0.,0.707106781186548));
#11576=DIRECTION('',(0.,-1.,0.));
#11577=DIRECTION('center_axis',(-1.,0.,0.));
#11578=DIRECTION('ref_axis',(0.,0.69712754584471,0.716947128332719));
#11579=DIRECTION('',(-1.,0.,0.));
#11580=DIRECTION('center_axis',(-1.,0.,0.));
#11581=DIRECTION('ref_axis',(0.,1.,0.));
#11582=DIRECTION('',(0.,0.,-1.));
#11583=DIRECTION('',(0.,-1.,0.));
#11584=DIRECTION('',(0.,0.,1.));
#11585=DIRECTION('center_axis',(-0.707106781186548,0.706829018435255,0.019817636030895));
#11586=DIRECTION('ref_axis',(0.0280153690892382,0.,0.999607492516335));
#11587=DIRECTION('',(6.10108252569571E-18,-0.0280263696490655,0.999607184150001));
#11588=DIRECTION('',(0.707106781186547,0.706829018435256,0.019817636030892));
#11589=DIRECTION('',(-6.10108252569571E-18,0.0280263696490655,-0.999607184150001));
#11590=DIRECTION('',(-0.571879811669298,-0.58813855681309,0.571879811669291));
#11591=DIRECTION('center_axis',(0.707106781186547,0.,0.707106781186548));
#11592=DIRECTION('ref_axis',(0.707106781186548,0.,-0.707106781186547));
#11593=DIRECTION('',(0.,1.,0.));
#11594=DIRECTION('',(-0.707106781186549,0.,0.707106781186546));
#11595=DIRECTION('',(0.577350269189626,0.577350269189626,-0.577350269189626));
#11596=DIRECTION('center_axis',(-1.,0.,0.));
#11597=DIRECTION('ref_axis',(0.,0.69712754584471,0.716947128332719));
#11598=DIRECTION('',(-0.707106781186549,0.706829018435254,0.0198176360308949));
#11599=DIRECTION('center_axis',(1.,0.,0.));
#11600=DIRECTION('ref_axis',(0.,0.69712754584471,0.716947128332719));
#11601=DIRECTION('center_axis',(-1.,0.,0.));
#11602=DIRECTION('ref_axis',(0.,0.69712754584471,0.716947128332719));
#11603=DIRECTION('center_axis',(0.707106781186548,0.706829018435255,0.019817636030895));
#11604=DIRECTION('ref_axis',(0.0280153690892381,0.,-0.999607492516335));
#11605=DIRECTION('',(0.,-0.0280263696490655,0.999607184150001));
#11606=DIRECTION('',(0.,0.0280263696490655,-0.999607184150001));
#11607=DIRECTION('',(-0.571879811669295,0.588138556813091,-0.571879811669293));
#11608=DIRECTION('center_axis',(0.,0.707106781186548,0.707106781186548));
#11609=DIRECTION('ref_axis',(1.,0.,0.));
#11610=DIRECTION('',(-1.,0.,0.));
#11611=DIRECTION('',(-0.577350269189626,0.577350269189625,-0.577350269189626));
#11612=DIRECTION('center_axis',(0.,0.697127545844706,0.716947128332722));
#11613=DIRECTION('ref_axis',(1.,0.,0.));
#11614=DIRECTION('',(-1.,0.,0.));
#11615=DIRECTION('center_axis',(1.,0.,0.));
#11616=DIRECTION('ref_axis',(-6.57619064213329E-17,0.69712754584471,0.716947128332719));
#11617=DIRECTION('',(0.707106781186548,0.,0.707106781186548));
#11618=DIRECTION('center_axis',(-1.,-2.17690789142187E-16,0.));
#11619=DIRECTION('ref_axis',(0.,0.69712754584471,0.716947128332719));
#11620=DIRECTION('center_axis',(1.,2.17690789142187E-16,0.));
#11621=DIRECTION('ref_axis',(-1.51758245587691E-16,0.69712754584471,0.716947128332719));
#11622=DIRECTION('center_axis',(-0.707106781186548,-1.53930633204292E-16,
0.707106781186547));
#11623=DIRECTION('ref_axis',(0.707106781186547,0.,0.707106781186548));
#11624=DIRECTION('',(2.17690789142187E-16,-1.,0.));
#11625=DIRECTION('center_axis',(-1.,0.,0.));
#11626=DIRECTION('ref_axis',(0.,0.69712754584471,0.716947128332719));
#11627=DIRECTION('',(-1.,0.,0.));
#11628=DIRECTION('center_axis',(-1.,0.,0.));
#11629=DIRECTION('ref_axis',(0.,1.,0.));
#11630=DIRECTION('',(0.,0.,-1.));
#11631=DIRECTION('',(0.,-1.,0.));
#11632=DIRECTION('',(0.,0.,1.));
#11633=DIRECTION('center_axis',(-1.24994453568893E-15,0.697127545844705,
0.716947128332723));
#11634=DIRECTION('ref_axis',(1.,0.,1.77635683940025E-15));
#11635=DIRECTION('',(-1.,5.0251073575926E-17,-1.79228829087469E-15));
#11636=DIRECTION('',(0.571879811669295,-0.588138556813092,0.571879811669292));
#11637=DIRECTION('',(0.571879811669301,0.58813855681309,-0.571879811669287));
#11638=DIRECTION('center_axis',(0.,0.707106781186548,0.707106781186548));
#11639=DIRECTION('ref_axis',(1.,0.,0.));
#11640=DIRECTION('',(-1.,0.,0.));
#11641=DIRECTION('',(-0.577350269189626,-0.577350269189626,0.577350269189626));
#11642=DIRECTION('',(0.577350269189626,-0.577350269189626,0.577350269189626));
#11643=DIRECTION('center_axis',(0.707106781186547,-1.53930633204292E-16,
0.707106781186548));
#11644=DIRECTION('ref_axis',(0.707106781186548,0.,-0.707106781186547));
#11645=DIRECTION('',(2.17690789142187E-16,1.,0.));
#11646=DIRECTION('',(-0.707106781186548,0.,0.707106781186547));
#11647=DIRECTION('center_axis',(-1.,0.,0.));
#11648=DIRECTION('ref_axis',(6.57619064213329E-17,0.69712754584471,0.716947128332719));
#11649=DIRECTION('',(-0.70710678118655,0.706829018435253,0.0198176360308948));
#11650=DIRECTION('center_axis',(1.,-2.17690789142187E-16,0.));
#11651=DIRECTION('ref_axis',(0.,0.69712754584471,0.716947128332719));
#11652=DIRECTION('center_axis',(-1.,2.17690789142187E-16,0.));
#11653=DIRECTION('ref_axis',(1.51758245587691E-16,0.69712754584471,0.716947128332719));
#11654=DIRECTION('center_axis',(0.707106781186548,0.706829018435255,0.019817636030895));
#11655=DIRECTION('ref_axis',(0.0280153690892382,0.,-0.999607492516335));
#11656=DIRECTION('',(-6.10108252569571E-18,-0.0280263696490655,0.999607184150001));
#11657=DIRECTION('',(6.10108252569571E-18,0.0280263696490655,-0.999607184150001));
#11658=DIRECTION('center_axis',(-0.707106781186546,0.706829018435257,0.0198176360308951));
#11659=DIRECTION('ref_axis',(0.0280153690892384,0.,0.999607492516335));
#11660=DIRECTION('',(0.,-0.0280263696490655,0.999607184150001));
#11661=DIRECTION('',(0.70710678118655,0.706829018435253,0.0198176360308919));
#11662=DIRECTION('',(0.,0.0280263696490655,-0.999607184150001));
#11663=DIRECTION('center_axis',(1.,0.,0.));
#11664=DIRECTION('ref_axis',(0.,0.69712754584471,0.716947128332719));
#11665=DIRECTION('',(0.707106781186549,0.,0.707106781186546));
#11666=DIRECTION('center_axis',(-1.,0.,0.));
#11667=DIRECTION('ref_axis',(0.,0.69712754584471,0.716947128332719));
#11668=DIRECTION('center_axis',(1.,0.,0.));
#11669=DIRECTION('ref_axis',(0.,0.69712754584471,0.716947128332719));
#11670=DIRECTION('center_axis',(-0.707106781186547,0.,0.707106781186548));
#11671=DIRECTION('ref_axis',(0.707106781186548,0.,0.707106781186547));
#11672=DIRECTION('',(0.,-1.,0.));
#11673=DIRECTION('center_axis',(-1.,2.17690789142187E-16,0.));
#11674=DIRECTION('ref_axis',(1.77635683940025E-16,1.,0.));
#11675=DIRECTION('',(0.,0.,-1.));
#11676=DIRECTION('',(-2.17690789142187E-16,-1.,0.));
#11677=DIRECTION('',(0.,0.,1.));
#11678=DIRECTION('center_axis',(0.,-1.,0.));
#11679=DIRECTION('ref_axis',(-1.,0.,0.));
#11680=DIRECTION('',(0.,0.,-1.));
#11681=DIRECTION('',(1.,0.,0.));
#11682=DIRECTION('center_axis',(-1.,0.,0.));
#11683=DIRECTION('ref_axis',(0.,0.69712754584471,0.716947128332719));
#11684=DIRECTION('',(-1.,0.,0.));
#11685=DIRECTION('center_axis',(0.,-7.40148683083438E-16,1.));
#11686=DIRECTION('ref_axis',(1.,0.,0.));
#11687=DIRECTION('',(1.,0.,0.));
#11688=DIRECTION('',(0.,1.,7.40148683083438E-16));
#11689=DIRECTION('',(1.,0.,0.));
#11690=DIRECTION('center_axis',(0.,1.,7.40148683083438E-16));
#11691=DIRECTION('ref_axis',(0.,-7.105427357601E-16,1.));
#11692=DIRECTION('',(0.,-4.82705662880503E-16,1.));
#11693=DIRECTION('',(-1.,0.,0.));
#11694=DIRECTION('center_axis',(0.,-7.40148683083438E-16,1.));
#11695=DIRECTION('ref_axis',(1.,0.,0.));
#11696=DIRECTION('',(1.,0.,0.));
#11697=DIRECTION('',(0.,1.,7.40148683083438E-16));
#11698=DIRECTION('',(1.,0.,0.));
#11699=DIRECTION('center_axis',(0.,1.,7.40148683083438E-16));
#11700=DIRECTION('ref_axis',(0.,-7.105427357601E-16,1.));
#11701=DIRECTION('',(0.,-4.82705662880503E-16,1.));
#11702=DIRECTION('',(-1.,0.,0.));
#11703=DIRECTION('center_axis',(0.,-7.40148683083438E-16,1.));
#11704=DIRECTION('ref_axis',(1.,0.,0.));
#11705=DIRECTION('',(1.,0.,0.));
#11706=DIRECTION('',(0.,1.,7.40148683083438E-16));
#11707=DIRECTION('',(1.,0.,0.));
#11708=DIRECTION('center_axis',(0.,1.,7.40148683083438E-16));
#11709=DIRECTION('ref_axis',(0.,-7.105427357601E-16,1.));
#11710=DIRECTION('',(0.,-4.82705662880503E-16,1.));
#11711=DIRECTION('',(-1.,0.,0.));
#11712=DIRECTION('center_axis',(0.,-7.40148683083438E-16,1.));
#11713=DIRECTION('ref_axis',(1.,0.,0.));
#11714=DIRECTION('',(1.,0.,0.));
#11715=DIRECTION('',(0.,1.,7.40148683083438E-16));
#11716=DIRECTION('',(1.,0.,0.));
#11717=DIRECTION('center_axis',(0.,1.,7.40148683083438E-16));
#11718=DIRECTION('ref_axis',(0.,-7.105427357601E-16,1.));
#11719=DIRECTION('',(1.58603289232166E-15,-4.82705662880503E-16,1.));
#11720=DIRECTION('',(-1.,0.,0.));
#11721=DIRECTION('center_axis',(0.,-7.40148683083438E-16,1.));
#11722=DIRECTION('ref_axis',(1.,0.,0.));
#11723=DIRECTION('',(1.,0.,0.));
#11724=DIRECTION('',(0.,1.,7.40148683083438E-16));
#11725=DIRECTION('',(1.,0.,0.));
#11726=DIRECTION('center_axis',(0.,1.,7.40148683083438E-16));
#11727=DIRECTION('ref_axis',(0.,-7.105427357601E-16,1.));
#11728=DIRECTION('',(0.,-4.82705662880503E-16,1.));
#11729=DIRECTION('',(-1.,-9.59840491427256E-31,1.98845914858238E-15));
#11730=DIRECTION('center_axis',(0.,-7.40148683083438E-16,1.));
#11731=DIRECTION('ref_axis',(1.,0.,0.));
#11732=DIRECTION('',(1.,0.,0.));
#11733=DIRECTION('',(0.,1.,7.40148683083438E-16));
#11734=DIRECTION('',(1.,0.,0.));
#11735=DIRECTION('center_axis',(0.,1.,7.40148683083438E-16));
#11736=DIRECTION('ref_axis',(0.,-7.105427357601E-16,1.));
#11737=DIRECTION('',(0.,-4.82705662880503E-16,1.));
#11738=DIRECTION('',(-1.,-9.59840491427256E-31,1.98845914858238E-15));
#11739=DIRECTION('center_axis',(0.,-7.40148683083438E-16,1.));
#11740=DIRECTION('ref_axis',(1.,0.,0.));
#11741=DIRECTION('',(1.,0.,0.));
#11742=DIRECTION('',(1.,0.,0.));
#11743=DIRECTION('',(0.,1.,7.40148683083438E-16));
#11744=DIRECTION('center_axis',(0.,1.,7.40148683083438E-16));
#11745=DIRECTION('ref_axis',(0.,-7.105427357601E-16,1.));
#11746=DIRECTION('',(-1.,0.,0.));
#11747=DIRECTION('',(0.,4.82705662880503E-16,-1.));
#11748=DIRECTION('center_axis',(0.,-7.40148683083438E-16,1.));
#11749=DIRECTION('ref_axis',(1.,0.,0.));
#11750=DIRECTION('',(1.,0.,0.));
#11751=DIRECTION('',(1.,0.,0.));
#11752=DIRECTION('',(0.,1.,7.40148683083438E-16));
#11753=DIRECTION('center_axis',(0.,1.,7.40148683083438E-16));
#11754=DIRECTION('ref_axis',(0.,-7.105427357601E-16,1.));
#11755=DIRECTION('',(-1.,0.,0.));
#11756=DIRECTION('',(0.,4.82705662880503E-16,-1.));
#11757=DIRECTION('center_axis',(0.,-7.40148683083438E-16,1.));
#11758=DIRECTION('ref_axis',(1.,0.,0.));
#11759=DIRECTION('',(1.,0.,0.));
#11760=DIRECTION('',(1.,0.,0.));
#11761=DIRECTION('',(0.,1.,7.40148683083438E-16));
#11762=DIRECTION('center_axis',(0.,1.,7.40148683083438E-16));
#11763=DIRECTION('ref_axis',(0.,-7.105427357601E-16,1.));
#11764=DIRECTION('',(-1.,0.,0.));
#11765=DIRECTION('',(0.,4.82705662880503E-16,-1.));
#11766=DIRECTION('center_axis',(0.,-7.40148683083438E-16,1.));
#11767=DIRECTION('ref_axis',(1.,0.,0.));
#11768=DIRECTION('',(1.,0.,0.));
#11769=DIRECTION('',(1.,0.,0.));
#11770=DIRECTION('',(0.,1.,7.40148683083438E-16));
#11771=DIRECTION('center_axis',(0.,1.,7.40148683083438E-16));
#11772=DIRECTION('ref_axis',(0.,-7.105427357601E-16,1.));
#11773=DIRECTION('',(-1.,0.,0.));
#11774=DIRECTION('',(0.,4.82705662880503E-16,-1.));
#11775=DIRECTION('center_axis',(0.,-7.40148683083438E-16,1.));
#11776=DIRECTION('ref_axis',(1.,0.,0.));
#11777=DIRECTION('',(1.,0.,0.));
#11778=DIRECTION('',(1.,0.,0.));
#11779=DIRECTION('',(0.,1.,7.40148683083438E-16));
#11780=DIRECTION('center_axis',(0.,1.,7.40148683083438E-16));
#11781=DIRECTION('ref_axis',(0.,-7.105427357601E-16,1.));
#11782=DIRECTION('',(-1.,0.,0.));
#11783=DIRECTION('',(7.93016446160829E-16,4.82705662880503E-16,-1.));
#11784=DIRECTION('center_axis',(0.,-7.40148683083438E-16,1.));
#11785=DIRECTION('ref_axis',(1.,0.,0.));
#11786=DIRECTION('',(1.,0.,0.));
#11787=DIRECTION('',(0.,1.,7.40148683083438E-16));
#11788=DIRECTION('',(1.,0.,0.));
#11789=DIRECTION('',(0.,1.,7.40148683083438E-16));
#11790=DIRECTION('center_axis',(0.,1.,7.40148683083438E-16));
#11791=DIRECTION('ref_axis',(0.,-7.105427357601E-16,1.));
#11792=DIRECTION('',(0.,-4.82705662880503E-16,1.));
#11793=DIRECTION('',(-1.,0.,0.));
#11794=DIRECTION('',(3.96508223080415E-16,4.82705662880503E-16,-1.));
#11795=DIRECTION('center_axis',(0.,1.,4.82705662880503E-16));
#11796=DIRECTION('ref_axis',(0.,-4.44089209850063E-16,1.));
#11797=DIRECTION('',(0.,-6.16790569236155E-16,1.));
#11798=DIRECTION('center_axis',(0.,1.,4.82705662880503E-16));
#11799=DIRECTION('ref_axis',(0.,-4.44089209850063E-16,1.));
#11800=DIRECTION('',(0.,-6.16790569236155E-16,1.));
#11801=DIRECTION('center_axis',(0.,1.,4.82705662880503E-16));
#11802=DIRECTION('ref_axis',(0.,-4.44089209850063E-16,1.));
#11803=DIRECTION('',(0.,-6.16790569236155E-16,1.));
#11804=DIRECTION('center_axis',(0.,1.,4.82705662880503E-16));
#11805=DIRECTION('ref_axis',(0.,-4.44089209850063E-16,1.));
#11806=DIRECTION('',(-7.93016446160827E-16,-6.16790569236155E-16,1.));
#11807=DIRECTION('center_axis',(0.,1.,4.82705662880503E-16));
#11808=DIRECTION('ref_axis',(0.,-4.44089209850063E-16,1.));
#11809=DIRECTION('',(0.,-6.16790569236155E-16,1.));
#11810=DIRECTION('center_axis',(0.,1.,4.82705662880503E-16));
#11811=DIRECTION('ref_axis',(0.,-4.44089209850063E-16,1.));
#11812=DIRECTION('',(0.,-6.16790569236155E-16,1.));
#11813=DIRECTION('center_axis',(0.,1.,4.82705662880503E-16));
#11814=DIRECTION('ref_axis',(0.,-4.44089209850063E-16,1.));
#11815=DIRECTION('',(0.,6.16790569236155E-16,-1.));
#11816=DIRECTION('center_axis',(0.,1.,4.82705662880503E-16));
#11817=DIRECTION('ref_axis',(0.,-4.44089209850063E-16,1.));
#11818=DIRECTION('',(0.,6.16790569236155E-16,-1.));
#11819=DIRECTION('center_axis',(0.,1.,4.82705662880503E-16));
#11820=DIRECTION('ref_axis',(0.,-4.44089209850063E-16,1.));
#11821=DIRECTION('',(0.,6.16790569236155E-16,-1.));
#11822=DIRECTION('center_axis',(0.,1.,4.82705662880503E-16));
#11823=DIRECTION('ref_axis',(0.,-4.44089209850063E-16,1.));
#11824=DIRECTION('',(0.,6.16790569236155E-16,-1.));
#11825=DIRECTION('center_axis',(0.,1.,4.82705662880503E-16));
#11826=DIRECTION('ref_axis',(0.,-4.44089209850063E-16,1.));
#11827=DIRECTION('',(0.,6.16790569236155E-16,-1.));
#11828=DIRECTION('center_axis',(0.,1.,4.82705662880503E-16));
#11829=DIRECTION('ref_axis',(0.,-4.44089209850063E-16,1.));
#11830=DIRECTION('',(0.,6.16790569236155E-16,-1.));
#11831=DIRECTION('',(0.,-6.16790569236155E-16,1.));
#11832=DIRECTION('center_axis',(0.,4.82705662880503E-16,-1.));
#11833=DIRECTION('ref_axis',(-1.,0.,0.));
#11834=DIRECTION('',(0.,1.,4.82705662880503E-16));
#11835=DIRECTION('',(0.,1.,4.82705662880503E-16));
#11836=DIRECTION('center_axis',(1.,0.,0.));
#11837=DIRECTION('ref_axis',(0.,6.21724893790088E-16,-1.));
#11838=DIRECTION('center_axis',(0.,4.82705662880503E-16,-1.));
#11839=DIRECTION('ref_axis',(-1.,0.,0.));
#11840=DIRECTION('',(0.,1.,4.82705662880503E-16));
#11841=DIRECTION('center_axis',(1.,0.,0.));
#11842=DIRECTION('ref_axis',(0.,6.21724893790088E-16,-1.));
#11843=DIRECTION('center_axis',(0.,4.82705662880503E-16,-1.));
#11844=DIRECTION('ref_axis',(-1.,0.,0.));
#11845=DIRECTION('',(0.,1.,4.82705662880503E-16));
#11846=DIRECTION('center_axis',(1.,0.,0.));
#11847=DIRECTION('ref_axis',(0.,6.21724893790088E-16,-1.));
#11848=DIRECTION('center_axis',(0.,4.82705662880503E-16,-1.));
#11849=DIRECTION('ref_axis',(-1.,0.,0.));
#11850=DIRECTION('',(0.,1.,4.82705662880503E-16));
#11851=DIRECTION('center_axis',(1.,0.,0.));
#11852=DIRECTION('ref_axis',(0.,6.21724893790088E-16,-1.));
#11853=DIRECTION('center_axis',(0.,4.82705662880503E-16,-1.));
#11854=DIRECTION('ref_axis',(-1.,0.,0.));
#11855=DIRECTION('',(0.,1.,4.82705662880503E-16));
#11856=DIRECTION('center_axis',(1.,0.,0.));
#11857=DIRECTION('ref_axis',(0.,6.21724893790088E-16,-1.));
#11858=DIRECTION('center_axis',(0.,4.82705662880503E-16,-1.));
#11859=DIRECTION('ref_axis',(-1.,0.,0.));
#11860=DIRECTION('',(0.,1.,4.82705662880503E-16));
#11861=DIRECTION('center_axis',(1.,0.,0.));
#11862=DIRECTION('ref_axis',(0.,6.21724893790088E-16,-1.));
#11863=DIRECTION('center_axis',(-1.,0.,0.));
#11864=DIRECTION('ref_axis',(0.,-6.21724893790088E-16,1.));
#11865=DIRECTION('',(0.,1.,4.82705662880503E-16));
#11866=DIRECTION('center_axis',(0.,4.82705662880503E-16,-1.));
#11867=DIRECTION('ref_axis',(-1.,0.,0.));
#11868=DIRECTION('center_axis',(-1.,0.,0.));
#11869=DIRECTION('ref_axis',(0.,-6.21724893790088E-16,1.));
#11870=DIRECTION('',(0.,1.,4.82705662880503E-16));
#11871=DIRECTION('center_axis',(0.,4.82705662880503E-16,-1.));
#11872=DIRECTION('ref_axis',(-1.,0.,0.));
#11873=DIRECTION('center_axis',(-1.,3.82793529319203E-31,-7.93016446160827E-16));
#11874=DIRECTION('ref_axis',(-7.99360577730113E-16,-6.21724893790088E-16,
1.));
#11875=DIRECTION('',(0.,1.,4.82705662880503E-16));
#11876=DIRECTION('center_axis',(0.,4.82705662880503E-16,-1.));
#11877=DIRECTION('ref_axis',(-1.,0.,0.));
#11878=DIRECTION('center_axis',(-1.,0.,0.));
#11879=DIRECTION('ref_axis',(0.,-6.21724893790088E-16,1.));
#11880=DIRECTION('',(0.,1.,4.82705662880503E-16));
#11881=DIRECTION('center_axis',(0.,4.82705662880503E-16,-1.));
#11882=DIRECTION('ref_axis',(-1.,0.,0.));
#11883=DIRECTION('center_axis',(-1.,0.,0.));
#11884=DIRECTION('ref_axis',(0.,-6.21724893790088E-16,1.));
#11885=DIRECTION('',(0.,1.,4.82705662880503E-16));
#11886=DIRECTION('center_axis',(0.,4.82705662880503E-16,-1.));
#11887=DIRECTION('ref_axis',(-1.,0.,0.));
#11888=DIRECTION('center_axis',(-1.,0.,0.));
#11889=DIRECTION('ref_axis',(0.,-6.21724893790088E-16,1.));
#11890=DIRECTION('',(0.,1.,4.82705662880503E-16));
#11891=DIRECTION('center_axis',(0.,4.82705662880503E-16,-1.));
#11892=DIRECTION('ref_axis',(-1.,0.,0.));
#11893=DIRECTION('center_axis',(0.,-1.,0.));
#11894=DIRECTION('ref_axis',(-1.,0.,0.));
#11895=DIRECTION('',(0.,0.,-1.));
#11896=DIRECTION('',(1.,0.,0.));
#11897=DIRECTION('center_axis',(1.,0.,0.));
#11898=DIRECTION('ref_axis',(0.,-1.,0.));
#11899=DIRECTION('',(0.,0.,-1.));
#11900=DIRECTION('',(0.,1.,0.));
#11901=DIRECTION('center_axis',(1.,0.,0.));
#11902=DIRECTION('ref_axis',(0.,-1.,0.));
#11903=DIRECTION('',(0.,0.,-1.));
#11904=DIRECTION('',(0.,1.,0.));
#11905=DIRECTION('center_axis',(0.,-1.,0.));
#11906=DIRECTION('ref_axis',(-1.,0.,0.));
#11907=DIRECTION('',(0.,0.,-1.));
#11908=DIRECTION('',(1.,0.,0.));
#11909=DIRECTION('center_axis',(1.,0.,0.));
#11910=DIRECTION('ref_axis',(0.,-1.,0.));
#11911=DIRECTION('',(0.,0.,-1.));
#11912=DIRECTION('',(0.,1.,0.));
#11913=DIRECTION('center_axis',(1.,0.,0.));
#11914=DIRECTION('ref_axis',(0.,-1.,0.));
#11915=DIRECTION('',(0.,0.,-1.));
#11916=DIRECTION('',(0.,1.,0.));
#11917=DIRECTION('center_axis',(0.,-1.,0.));
#11918=DIRECTION('ref_axis',(-1.,0.,0.));
#11919=DIRECTION('',(0.,0.,-1.));
#11920=DIRECTION('',(1.,0.,0.));
#11921=DIRECTION('center_axis',(1.,2.17690789142187E-16,0.));
#11922=DIRECTION('ref_axis',(2.22044604925031E-16,-1.,0.));
#11923=DIRECTION('',(0.,0.,-1.));
#11924=DIRECTION('',(-2.17690789142187E-16,1.,0.));
#11925=DIRECTION('center_axis',(1.,0.,0.));
#11926=DIRECTION('ref_axis',(0.,-1.,0.));
#11927=DIRECTION('',(0.,0.,-1.));
#11928=DIRECTION('',(0.,1.,0.));
#11929=DIRECTION('center_axis',(0.,1.,0.));
#11930=DIRECTION('ref_axis',(0.,0.,1.));
#11931=DIRECTION('',(1.,0.,0.));
#11932=DIRECTION('center_axis',(0.,1.,0.));
#11933=DIRECTION('ref_axis',(0.,0.,1.));
#11934=DIRECTION('',(1.,0.,0.));
#11935=DIRECTION('center_axis',(0.,1.,0.));
#11936=DIRECTION('ref_axis',(0.,0.,1.));
#11937=DIRECTION('',(1.,0.,0.));
#11938=DIRECTION('center_axis',(0.,1.,0.));
#11939=DIRECTION('ref_axis',(0.,0.,1.));
#11940=DIRECTION('',(1.,0.,2.56654871638223E-16));
#11941=DIRECTION('center_axis',(0.,1.,0.));
#11942=DIRECTION('ref_axis',(0.,0.,1.));
#11943=DIRECTION('',(1.,0.,0.));
#11944=DIRECTION('center_axis',(0.,0.,1.));
#11945=DIRECTION('ref_axis',(1.,0.,0.));
#11946=DIRECTION('',(1.,0.,0.));
#11947=DIRECTION('',(0.,1.,0.));
#11948=DIRECTION('',(1.,0.,2.56654871638223E-16));
#11949=DIRECTION('',(1.,0.,0.));
#11950=DIRECTION('',(1.,0.,0.));
#11951=DIRECTION('',(1.,0.,0.));
#11952=DIRECTION('',(1.,0.,0.));
#11953=DIRECTION('',(1.,0.,0.));
#11954=DIRECTION('',(1.,0.,0.));
#11955=DIRECTION('',(1.,0.,0.));
#11956=DIRECTION('',(1.,0.,0.));
#11957=DIRECTION('',(1.,0.,0.));
#11958=DIRECTION('',(1.,0.,0.));
#11959=DIRECTION('',(1.,0.,0.));
#11960=DIRECTION('center_axis',(0.,1.,0.));
#11961=DIRECTION('ref_axis',(0.,0.,1.));
#11962=DIRECTION('center_axis',(0.,-0.999607184150001,-0.0280263696490655));
#11963=DIRECTION('ref_axis',(0.,-0.0280263696490654,0.999607184150001));
#11964=DIRECTION('',(-1.98176234182866E-16,-0.0280263696490655,0.999607184150001));
#11965=DIRECTION('',(-1.,0.,0.));
#11966=DIRECTION('',(3.46808409820016E-16,0.0280263696490655,-0.999607184150001));
#11967=DIRECTION('',(-1.,0.,0.));
#11968=DIRECTION('',(-1.,0.,0.));
#11969=DIRECTION('',(-1.,0.,0.));
#11970=DIRECTION('',(3.46808409820016E-16,-0.0280263696490655,0.999607184150001));
#11971=DIRECTION('',(-1.,0.,0.));
#11972=DIRECTION('',(-1.98176234182866E-16,0.0280263696490655,-0.999607184150001));
#11973=DIRECTION('',(-1.,0.,0.));
#11974=DIRECTION('center_axis',(-1.,0.,0.));
#11975=DIRECTION('ref_axis',(0.,0.69712754584471,0.716947128332719));
#11976=DIRECTION('center_axis',(-1.,0.,1.98254111540207E-16));
#11977=DIRECTION('ref_axis',(0.,0.69712754584471,0.716947128332719));
#11978=DIRECTION('center_axis',(0.,1.,0.));
#11979=DIRECTION('ref_axis',(0.,0.,1.));
#11980=DIRECTION('',(-3.46944695195361E-16,0.,1.));
#11981=DIRECTION('center_axis',(0.,1.,0.));
#11982=DIRECTION('ref_axis',(0.,0.,1.));
#11983=DIRECTION('center_axis',(0.,1.,0.));
#11984=DIRECTION('ref_axis',(0.,0.,1.));
#11985=DIRECTION('center_axis',(0.,1.,0.));
#11986=DIRECTION('ref_axis',(0.,0.,1.));
#11987=DIRECTION('center_axis',(0.,1.,0.));
#11988=DIRECTION('ref_axis',(0.,0.,1.));
#11989=DIRECTION('center_axis',(0.,1.,0.));
#11990=DIRECTION('ref_axis',(0.,0.,1.));
#11991=DIRECTION('center_axis',(0.,-8.32667268468867E-16,1.));
#11992=DIRECTION('ref_axis',(1.,0.,0.));
#11993=DIRECTION('',(-6.13352676966824E-31,-1.,-8.32667268468867E-16));
#11994=DIRECTION('',(1.,0.,0.));
#11995=DIRECTION('center_axis',(0.,-8.32667268468867E-16,1.));
#11996=DIRECTION('ref_axis',(1.,0.,0.));
#11997=DIRECTION('',(-1.,0.,0.));
#11998=DIRECTION('center_axis',(0.,-8.32667268468867E-16,1.));
#11999=DIRECTION('ref_axis',(1.,0.,0.));
#12000=DIRECTION('',(-1.,0.,0.));
#12001=DIRECTION('center_axis',(0.,-8.32667268468867E-16,1.));
#12002=DIRECTION('ref_axis',(1.,0.,0.));
#12003=DIRECTION('',(-1.,0.,0.));
#12004=DIRECTION('center_axis',(0.,-8.32667268468867E-16,1.));
#12005=DIRECTION('ref_axis',(1.,0.,0.));
#12006=DIRECTION('',(-1.,0.,0.));
#12007=DIRECTION('center_axis',(0.,-8.32667268468867E-16,1.));
#12008=DIRECTION('ref_axis',(1.,0.,0.));
#12009=DIRECTION('',(-1.,0.,0.));
#12010=DIRECTION('center_axis',(0.,-8.32667268468867E-16,1.));
#12011=DIRECTION('ref_axis',(1.,0.,0.));
#12012=DIRECTION('',(0.,-1.,-8.32667268468867E-16));
#12013=DIRECTION('',(1.,0.,0.));
#12014=DIRECTION('',(-6.13352676966824E-31,-1.,-7.93016446160827E-16));
#12015=DIRECTION('center_axis',(0.,1.,0.));
#12016=DIRECTION('ref_axis',(0.,0.,1.));
#12017=DIRECTION('center_axis',(0.,1.,0.));
#12018=DIRECTION('ref_axis',(0.,0.,1.));
#12019=DIRECTION('center_axis',(0.,1.,0.));
#12020=DIRECTION('ref_axis',(0.,0.,1.));
#12021=DIRECTION('center_axis',(0.,1.,0.));
#12022=DIRECTION('ref_axis',(0.,0.,1.));
#12023=DIRECTION('center_axis',(0.,1.,0.));
#12024=DIRECTION('ref_axis',(0.,0.,1.));
#12025=DIRECTION('center_axis',(-1.,0.,0.));
#12026=DIRECTION('ref_axis',(0.,0.,1.));
#12027=DIRECTION('',(0.,0.,1.));
#12028=DIRECTION('',(0.,-1.,0.));
#12029=DIRECTION('',(0.,0.,1.));
#12030=DIRECTION('center_axis',(0.,-1.,0.));
#12031=DIRECTION('ref_axis',(0.,0.,-1.));
#12032=DIRECTION('',(-1.,0.,-9.40866970021319E-17));
#12033=DIRECTION('',(-4.6815880662653E-46,0.,-1.));
#12034=DIRECTION('center_axis',(0.,-1.,0.));
#12035=DIRECTION('ref_axis',(9.40866970021319E-17,0.,1.));
#12036=DIRECTION('',(1.,0.,0.));
#12037=DIRECTION('center_axis',(0.,-1.,0.));
#12038=DIRECTION('ref_axis',(-1.,0.,9.40866970021319E-17));
#12039=DIRECTION('',(5.10718698138033E-46,0.,1.));
#12040=DIRECTION('center_axis',(0.,-1.,0.));
#12041=DIRECTION('ref_axis',(0.,0.,-1.));
#12042=DIRECTION('',(-5.10718698138033E-46,0.,-1.));
#12043=DIRECTION('center_axis',(0.,-1.,0.));
#12044=DIRECTION('ref_axis',(1.,0.,9.40866970021319E-17));
#12045=DIRECTION('',(1.,0.,0.));
#12046=DIRECTION('center_axis',(0.,-1.,0.));
#12047=DIRECTION('ref_axis',(-9.40866970021319E-17,0.,1.));
#12048=DIRECTION('',(-9.41565750589309E-31,0.,1.));
#12049=DIRECTION('center_axis',(9.40866970021319E-17,0.,-1.));
#12050=DIRECTION('ref_axis',(1.,0.,8.88178419700125E-17));
#12051=DIRECTION('',(1.,0.,0.));
#12052=DIRECTION('',(0.,1.,0.));
#12053=DIRECTION('',(1.,0.,9.40866970021319E-17));
#12054=DIRECTION('center_axis',(0.,-1.,0.));
#12055=DIRECTION('ref_axis',(-1.,0.,9.40866970021319E-17));
#12056=DIRECTION('',(0.,-1.,0.));
#12057=DIRECTION('',(0.,1.,0.));
#12058=DIRECTION('center_axis',(0.,-1.,0.));
#12059=DIRECTION('ref_axis',(9.40866970021319E-17,0.,1.));
#12060=DIRECTION('center_axis',(0.,1.,5.55111512312578E-17));
#12061=DIRECTION('ref_axis',(9.40866970021319E-17,0.,1.));
#12062=DIRECTION('',(0.,1.,0.));
#12063=DIRECTION('',(0.,1.,0.));
#12064=DIRECTION('center_axis',(1.,-6.13352676966823E-31,-4.6815880662653E-46));
#12065=DIRECTION('ref_axis',(0.,1.,7.99360577730113E-16));
#12066=DIRECTION('',(0.,-7.63278329429795E-16,1.));
#12067=DIRECTION('center_axis',(0.,7.93016446160827E-16,-1.));
#12068=DIRECTION('ref_axis',(0.,-1.,-7.99360577730113E-16));
#12069=DIRECTION('',(-1.,0.,0.));
#12070=DIRECTION('',(-3.41364695367243E-17,-1.,-7.93016446160827E-16));
#12071=DIRECTION('',(-1.,4.27008855625061E-16,3.38625045166987E-31));
#12072=DIRECTION('',(0.,-1.,-7.93016446160827E-16));
#12073=DIRECTION('',(1.,-6.13352676966823E-31,-4.8639876013146E-46));
#12074=DIRECTION('',(-6.13352676966823E-31,-1.,-7.93016446160827E-16));
#12075=DIRECTION('',(1.,-6.13352676966823E-31,-4.8639876013146E-46));
#12076=DIRECTION('',(6.13352676966824E-31,1.,7.93016446160827E-16));
#12077=DIRECTION('',(-1.,3.52451753849256E-16,2.79500037280688E-31));
#12078=DIRECTION('',(0.,1.,7.93016446160827E-16));
#12079=DIRECTION('center_axis',(1.,-6.13352676966824E-31,-5.10718698138033E-46));
#12080=DIRECTION('ref_axis',(0.,1.,7.99360577730113E-16));
#12081=DIRECTION('',(0.,-1.,0.));
#12082=DIRECTION('center_axis',(0.,1.,0.));
#12083=DIRECTION('ref_axis',(-9.40866970021319E-17,0.,1.));
#12084=DIRECTION('center_axis',(0.,-1.,-5.55111512312578E-17));
#12085=DIRECTION('ref_axis',(-9.40866970021319E-17,0.,1.));
#12086=DIRECTION('',(0.,-1.,0.));
#12087=DIRECTION('',(0.,-1.,0.));
#12088=DIRECTION('center_axis',(0.,1.,0.));
#12089=DIRECTION('ref_axis',(1.,0.,9.40866970021319E-17));
#12090=DIRECTION('',(0.,-1.,0.));
#12091=DIRECTION('center_axis',(-1.,-1.23358113847239E-15,-9.41565750589309E-31));
#12092=DIRECTION('ref_axis',(1.24344978758018E-15,-1.,-7.99360577730113E-16));
#12093=DIRECTION('',(0.,-7.63278329429795E-16,1.));
#12094=DIRECTION('center_axis',(-1.,6.13352676966824E-31,5.10718698138033E-46));
#12095=DIRECTION('ref_axis',(0.,-1.,-7.99360577730113E-16));
#12096=DIRECTION('center_axis',(0.,7.93016446160827E-16,-1.));
#12097=DIRECTION('ref_axis',(0.,-1.,-7.99360577730113E-16));
#12098=DIRECTION('',(0.,-1.,-7.93016446160827E-16));
#12099=DIRECTION('',(-1.,0.,0.));
#12100=DIRECTION('',(-6.13352676966823E-31,-1.,-7.93016446160827E-16));
#12101=DIRECTION('',(1.,-1.11022302462515E-15,-8.80425117434161E-31));
#12102=DIRECTION('',(6.13352676966823E-31,1.,7.93016446160827E-16));
#12103=DIRECTION('',(1.,-6.13352676966824E-31,-4.8639876013146E-46));
#12104=DIRECTION('',(0.,1.,7.93016446160827E-16));
#12105=DIRECTION('',(-1.,0.,0.));
#12106=DIRECTION('',(-3.41364695367241E-17,1.,7.93016446160827E-16));
#12107=DIRECTION('',(-1.,0.,0.));
#12108=DIRECTION('center_axis',(0.707106781186547,0.,0.707106781186548));
#12109=DIRECTION('ref_axis',(0.707106781186548,0.,-0.707106781186547));
#12110=DIRECTION('',(0.,1.,0.));
#12111=DIRECTION('',(-0.707106781186548,0.,0.707106781186547));
#12112=DIRECTION('',(0.577350269189626,0.577350269189626,-0.577350269189625));
#12113=DIRECTION('center_axis',(-0.707106781186542,0.706829018435261,0.0198176360308953));
#12114=DIRECTION('ref_axis',(0.0280153690892389,0.,0.999607492516335));
#12115=DIRECTION('',(1.98176234182866E-16,-0.0280263696490655,0.999607184150001));
#12116=DIRECTION('',(0.707106781186554,0.706829018435249,0.0198176360308931));
#12117=DIRECTION('',(-0.571879811669299,-0.588138556813085,0.571879811669295));
#12118=DIRECTION('',(-0.706967858886766,-0.707245676198209,0.));
#12119=DIRECTION('center_axis',(1.,0.,0.));
#12120=DIRECTION('ref_axis',(5.88156065995472E-17,0.69712754584471,0.716947128332719));
#12121=DIRECTION('',(0.707106781186547,0.,0.707106781186548));
#12122=DIRECTION('center_axis',(1.,0.,-1.98254111540207E-16));
#12123=DIRECTION('ref_axis',(1.42137715948906E-16,0.69712754584471,0.716947128332719));
#12124=DIRECTION('center_axis',(-0.707106781186547,0.,0.707106781186548));
#12125=DIRECTION('ref_axis',(0.707106781186548,0.,0.707106781186547));
#12126=DIRECTION('',(0.,-1.,0.));
#12127=DIRECTION('',(0.577350269189626,-0.577350269189626,0.577350269189626));
#12128=DIRECTION('center_axis',(0.,0.697127545844712,0.716947128332717));
#12129=DIRECTION('ref_axis',(1.,0.,0.));
#12130=DIRECTION('',(1.,0.,0.));
#12131=DIRECTION('',(0.571879811669293,-0.588138556813089,0.571879811669298));
#12132=DIRECTION('center_axis',(0.,0.707106781186547,0.707106781186548));
#12133=DIRECTION('ref_axis',(1.,0.,0.));
#12134=DIRECTION('',(-1.,0.,0.));
#12135=DIRECTION('center_axis',(-1.,0.,5.55111512312578E-16));
#12136=DIRECTION('ref_axis',(1.02927311549208E-16,0.69712754584471,0.716947128332719));
#12137=DIRECTION('',(-0.707106781186548,0.706829018435255,0.0198176360308952));
#12138=DIRECTION('center_axis',(1.,0.,-3.46944695195361E-16));
#12139=DIRECTION('ref_axis',(0.,0.69712754584471,0.716947128332719));
#12140=DIRECTION('center_axis',(-1.,0.,3.46944695195361E-16));
#12141=DIRECTION('ref_axis',(2.48741002910585E-16,0.69712754584471,0.716947128332719));
#12142=DIRECTION('center_axis',(0.707106781186548,0.706829018435256,0.0198176360308948));
#12143=DIRECTION('ref_axis',(0.0280153690892378,0.,-0.999607492516335));
#12144=DIRECTION('',(-3.46808409820016E-16,0.0280263696490655,-0.999607184150001));
#12145=DIRECTION('',(-0.70696785888676,0.707245676198215,0.));
#12146=DIRECTION('center_axis',(0.,-1.,0.));
#12147=DIRECTION('ref_axis',(0.,0.,1.));
#12148=DIRECTION('',(-1.98254111540207E-16,0.,-1.));
#12149=DIRECTION('',(-1.,0.,0.));
#12150=DIRECTION('',(3.46944695195361E-16,0.,1.));
#12151=DIRECTION('center_axis',(-1.,0.,1.98254111540207E-16));
#12152=DIRECTION('ref_axis',(1.77635683940025E-16,0.,1.));
#12153=DIRECTION('',(0.,1.,0.));
#12154=DIRECTION('center_axis',(-1.,0.,0.));
#12155=DIRECTION('ref_axis',(0.,0.69712754584471,0.716947128332719));
#12156=DIRECTION('center_axis',(0.,0.,1.));
#12157=DIRECTION('ref_axis',(1.,0.,0.));
#12158=DIRECTION('',(0.,1.,0.));
#12159=DIRECTION('',(0.,1.,0.));
#12160=DIRECTION('',(0.,1.,0.));
#12161=DIRECTION('center_axis',(1.,0.,-3.46944695195361E-16));
#12162=DIRECTION('ref_axis',(-3.5527136788005E-16,0.,-1.));
#12163=DIRECTION('',(0.,-7.105427357601E-16,1.));
#12164=DIRECTION('',(6.13352676966823E-31,1.,7.99360577730113E-16));
#12165=DIRECTION('center_axis',(-1.,0.,0.));
#12166=DIRECTION('ref_axis',(0.,0.707106781186548,0.707106781186547));
#12167=DIRECTION('',(0.,-7.105427357601E-16,1.));
#12168=DIRECTION('center_axis',(1.,0.,0.));
#12169=DIRECTION('ref_axis',(0.,1.,0.));
#12170=DIRECTION('',(0.,-7.105427357601E-16,1.));
#12171=DIRECTION('',(0.,1.,0.));
#12172=DIRECTION('',(0.,-1.21115239050013E-15,1.));
#12173=DIRECTION('',(0.,1.,6.53072367426563E-16));
#12174=DIRECTION('',(0.,-1.21115239050013E-15,1.));
#12175=DIRECTION('center_axis',(1.,0.,0.));
#12176=DIRECTION('ref_axis',(0.,0.707106781186546,-0.707106781186549));
#12177=DIRECTION('',(0.,1.,1.20024110770287E-15));
#12178=DIRECTION('',(0.,-1.21115239050013E-15,1.));
#12179=DIRECTION('',(0.,-7.105427357601E-16,1.));
#12180=DIRECTION('center_axis',(0.707106781186547,0.,0.707106781186548));
#12181=DIRECTION('ref_axis',(0.707106781186548,0.,-0.707106781186547));
#12182=DIRECTION('',(0.,1.,0.));
#12183=DIRECTION('',(-0.707106781186548,0.,0.707106781186547));
#12184=DIRECTION('',(0.577350269189626,0.577350269189626,-0.577350269189626));
#12185=DIRECTION('center_axis',(-1.,0.,0.));
#12186=DIRECTION('ref_axis',(-5.88156065995472E-17,0.69712754584471,0.716947128332719));
#12187=DIRECTION('',(-0.707106781186546,0.706829018435257,0.0198176360308948));
#12188=DIRECTION('center_axis',(-1.,0.,-1.98254111540207E-16));
#12189=DIRECTION('ref_axis',(-1.42137715948906E-16,0.69712754584471,0.716947128332719));
#12190=DIRECTION('center_axis',(0.707106781186545,0.706829018435258,0.0198176360308952));
#12191=DIRECTION('ref_axis',(0.0280153690892385,0.,-0.999607492516335));
#12192=DIRECTION('',(1.98176234182866E-16,0.0280263696490655,-0.999607184150001));
#12193=DIRECTION('',(-0.706967858886763,0.707245676198212,0.));
#12194=DIRECTION('',(-0.571879811669297,0.588138556813086,-0.571879811669297));
#12195=DIRECTION('center_axis',(0.,0.707106781186547,0.707106781186548));
#12196=DIRECTION('ref_axis',(1.,0.,0.));
#12197=DIRECTION('',(-1.,0.,0.));
#12198=DIRECTION('',(0.577350269189626,-0.577350269189626,0.577350269189625));
#12199=DIRECTION('center_axis',(0.,0.697127545844712,0.716947128332717));
#12200=DIRECTION('ref_axis',(1.,0.,0.));
#12201=DIRECTION('',(1.,0.,0.));
#12202=DIRECTION('',(0.571879811669293,0.588138556813089,-0.571879811669298));
#12203=DIRECTION('center_axis',(-0.707106781186548,0.706829018435256,0.0198176360308948));
#12204=DIRECTION('ref_axis',(0.0280153690892378,0.,0.999607492516335));
#12205=DIRECTION('',(-3.46808409820016E-16,-0.0280263696490655,0.999607184150001));
#12206=DIRECTION('',(0.707106781186547,0.706829018435256,0.0198176360308932));
#12207=DIRECTION('',(-0.70696785888676,-0.707245676198215,0.));
#12208=DIRECTION('center_axis',(1.,0.,5.55111512312578E-16));
#12209=DIRECTION('ref_axis',(-1.02927311549208E-16,0.69712754584471,0.716947128332719));
#12210=DIRECTION('',(0.707106781186548,0.,0.707106781186546));
#12211=DIRECTION('center_axis',(-1.,0.,-3.46944695195361E-16));
#12212=DIRECTION('ref_axis',(0.,0.69712754584471,0.716947128332719));
#12213=DIRECTION('center_axis',(1.,0.,3.46944695195361E-16));
#12214=DIRECTION('ref_axis',(-2.48741002910585E-16,0.69712754584471,0.716947128332719));
#12215=DIRECTION('center_axis',(-0.707106781186547,0.,0.707106781186548));
#12216=DIRECTION('ref_axis',(0.707106781186548,0.,0.707106781186547));
#12217=DIRECTION('',(0.,-1.,0.));
#12218=DIRECTION('center_axis',(0.,0.,-1.));
#12219=DIRECTION('ref_axis',(-1.,0.,0.));
#12220=DIRECTION('',(0.,1.,0.));
#12221=DIRECTION('',(1.,0.,0.));
#12222=DIRECTION('',(0.,1.,0.));
#12223=DIRECTION('',(0.,1.,0.));
#12224=DIRECTION('',(0.,1.,0.));
#12225=DIRECTION('center_axis',(-1.,0.,-1.98254111540207E-16));
#12226=DIRECTION('ref_axis',(-1.77635683940025E-16,0.,1.));
#12227=DIRECTION('',(1.98254111540207E-16,0.,-1.));
#12228=DIRECTION('center_axis',(-1.,0.,0.));
#12229=DIRECTION('ref_axis',(0.,0.69712754584471,0.716947128332719));
#12230=DIRECTION('center_axis',(-1.,0.,0.));
#12231=DIRECTION('ref_axis',(0.,0.707106781186548,0.707106781186547));
#12232=DIRECTION('center_axis',(1.,-6.13352676966823E-31,-4.35813289077788E-46));
#12233=DIRECTION('ref_axis',(0.,0.707106781186548,0.707106781186547));
#12234=DIRECTION('',(1.,0.,0.));
#12235=DIRECTION('',(-1.,0.,0.));
#12236=DIRECTION('center_axis',(-1.,6.13352676966823E-31,4.35813289077788E-46));
#12237=DIRECTION('ref_axis',(0.,-1.,-7.99360577730113E-16));
#12238=DIRECTION('',(-6.13352676966823E-31,-1.,-7.99360577730113E-16));
#12239=DIRECTION('',(0.,-7.105427357601E-16,1.));
#12240=DIRECTION('',(0.,-7.105427357601E-16,1.));
#12241=DIRECTION('',(-6.13352676966823E-31,-1.,-7.105427357601E-16));
#12242=DIRECTION('center_axis',(1.,-6.13352676966823E-31,-4.35813289077788E-46));
#12243=DIRECTION('ref_axis',(0.,0.707106781186547,0.707106781186548));
#12244=DIRECTION('',(0.,-7.105427357601E-16,1.));
#12245=DIRECTION('',(0.,-1.,0.));
#12246=DIRECTION('',(0.,-7.105427357601E-16,1.));
#12247=DIRECTION('center_axis',(0.,0.,1.));
#12248=DIRECTION('ref_axis',(1.,0.,0.));
#12249=DIRECTION('',(1.,-6.13352676966823E-31,-4.90289950212511E-46));
#12250=DIRECTION('center_axis',(-1.,0.,0.));
#12251=DIRECTION('ref_axis',(0.,0.707106781186548,0.707106781186547));
#12252=DIRECTION('center_axis',(-1.,0.,0.));
#12253=DIRECTION('ref_axis',(0.,0.707106781186548,0.707106781186547));
#12254=DIRECTION('',(-1.,0.,0.));
#12255=DIRECTION('center_axis',(-1.,0.,-3.46944695195361E-16));
#12256=DIRECTION('ref_axis',(0.,0.707106781186548,0.707106781186547));
#12257=DIRECTION('',(1.,0.,0.));
#12258=DIRECTION('center_axis',(0.,1.,0.));
#12259=DIRECTION('ref_axis',(-1.,0.,0.));
#12260=DIRECTION('',(-3.46944695195361E-16,-7.99360577730113E-16,1.));
#12261=DIRECTION('',(0.,-7.99360577730113E-16,1.));
#12262=DIRECTION('',(-1.,0.,0.));
#12263=DIRECTION('',(0.,-7.99360577730113E-16,1.));
#12264=DIRECTION('center_axis',(-1.,0.,0.));
#12265=DIRECTION('ref_axis',(0.,0.707106781186547,0.707106781186548));
#12266=DIRECTION('center_axis',(1.,0.,0.));
#12267=DIRECTION('ref_axis',(0.,0.707106781186547,0.707106781186548));
#12268=DIRECTION('',(1.,0.,0.));
#12269=DIRECTION('',(-1.,0.,0.));
#12270=DIRECTION('center_axis',(1.,0.,0.));
#12271=DIRECTION('ref_axis',(0.,1.,1.24344978758018E-15));
#12272=DIRECTION('',(-6.13352676966824E-31,-1.,-7.93016446160827E-16));
#12273=DIRECTION('',(0.,-7.105427357601E-16,1.));
#12274=DIRECTION('',(0.,-6.16790569236155E-16,1.));
#12275=DIRECTION('',(0.,-1.,-6.53072367426563E-16));
#12276=DIRECTION('',(0.,-1.21115239050013E-15,1.));
#12277=DIRECTION('',(0.,-1.,-1.20024110770287E-15));
#12278=DIRECTION('',(0.,-5.28677630773884E-16,1.));
#12279=DIRECTION('center_axis',(0.,-7.105427357601E-16,1.));
#12280=DIRECTION('ref_axis',(1.,0.,0.));
#12281=DIRECTION('',(1.,-6.13352676966823E-31,0.));
#12282=DIRECTION('center_axis',(-1.,0.,0.));
#12283=DIRECTION('ref_axis',(0.,0.707106781186547,0.707106781186548));
#12284=DIRECTION('center_axis',(-1.,4.50090415388577E-16,5.45128082539069E-31));
#12285=DIRECTION('ref_axis',(0.,0.707106781186547,0.707106781186548));
#12286=DIRECTION('',(-1.,0.,0.));
#12287=DIRECTION('center_axis',(-1.,0.,0.));
#12288=DIRECTION('ref_axis',(0.,0.707106781186547,0.707106781186548));
#12289=DIRECTION('',(1.,0.,0.));
#12290=DIRECTION('center_axis',(0.,1.,0.));
#12291=DIRECTION('ref_axis',(-1.,0.,0.));
#12292=DIRECTION('',(0.,-7.99360577730113E-16,1.));
#12293=DIRECTION('',(-1.,0.,0.));
#12294=DIRECTION('',(0.,0.,1.));
#12295=DIRECTION('',(0.,-7.99360577730113E-16,1.));
#12296=DIRECTION('center_axis',(0.,0.,1.));
#12297=DIRECTION('ref_axis',(1.,0.,0.));
#12298=DIRECTION('',(3.26536183713281E-16,1.,7.99360577730113E-16));
#12299=DIRECTION('',(1.,-6.13352676966824E-31,-4.90289950212511E-46));
#12300=DIRECTION('',(0.,-1.,0.));
#12301=DIRECTION('center_axis',(1.,0.,3.46944695195361E-16));
#12302=DIRECTION('ref_axis',(3.5527136788005E-16,0.,-1.));
#12303=DIRECTION('',(3.46944695195361E-16,7.99360577730112E-16,-1.));
#12304=DIRECTION('',(-3.46944695195361E-16,0.,1.));
#12305=DIRECTION('center_axis',(-6.13352676966823E-31,-1.,-7.105427357601E-16));
#12306=DIRECTION('ref_axis',(1.,0.,0.));
#12307=DIRECTION('center_axis',(-6.13352676966823E-31,-1.,-7.105427357601E-16));
#12308=DIRECTION('ref_axis',(1.,0.,0.));
#12309=DIRECTION('center_axis',(-6.13352676966824E-31,-1.,-7.99360577730113E-16));
#12310=DIRECTION('ref_axis',(1.,0.,0.));
#12311=DIRECTION('',(0.,-7.99360577730113E-16,1.));
#12312=DIRECTION('',(1.,-6.13352676966824E-31,0.));
#12313=DIRECTION('',(0.,-7.99360577730113E-16,1.));
#12314=DIRECTION('center_axis',(-1.11022302462515E-15,-1.,-7.99360577730113E-16));
#12315=DIRECTION('ref_axis',(1.,-1.11022302462516E-15,0.));
#12316=DIRECTION('',(0.,-7.99360577730113E-16,1.));
#12317=DIRECTION('',(0.,-7.99360577730113E-16,1.));
#12318=DIRECTION('center_axis',(0.,-7.99360577730113E-16,1.));
#12319=DIRECTION('ref_axis',(1.,0.,0.));
#12320=DIRECTION('',(6.13352676966823E-31,1.,7.93016446160827E-16));
#12321=DIRECTION('',(3.26536183713281E-16,1.,7.99360577730113E-16));
#12322=DIRECTION('center_axis',(0.,7.93016446160827E-16,-1.));
#12323=DIRECTION('ref_axis',(-1.,0.,0.));
#12324=DIRECTION('',(0.,1.,7.93016446160827E-16));
#12325=DIRECTION('',(1.,0.,0.));
#12326=DIRECTION('',(0.,-1.,-7.93016446160827E-16));
#12327=DIRECTION('',(-1.,0.,0.));
#12328=DIRECTION('center_axis',(0.,7.93016446160827E-16,-1.));
#12329=DIRECTION('ref_axis',(-1.,0.,0.));
#12330=DIRECTION('',(0.,1.,7.93016446160827E-16));
#12331=DIRECTION('',(1.,0.,0.));
#12332=DIRECTION('',(0.,-1.,-7.93016446160827E-16));
#12333=DIRECTION('',(-1.,0.,0.));
#12334=DIRECTION('center_axis',(1.,0.,0.));
#12335=DIRECTION('ref_axis',(0.,1.,5.32907051820075E-16));
#12336=DIRECTION('',(0.,-6.16790569236155E-16,1.));
#12337=DIRECTION('',(0.,1.,5.28677630773884E-16));
#12338=DIRECTION('center_axis',(-1.,0.,0.));
#12339=DIRECTION('ref_axis',(0.,-1.,-5.32907051820075E-16));
#12340=DIRECTION('',(0.,-1.,-5.28677630773884E-16));
#12341=DIRECTION('',(0.,-6.16790569236155E-16,1.));
#12342=DIRECTION('center_axis',(0.,-5.28677630773884E-16,1.));
#12343=DIRECTION('ref_axis',(1.,0.,0.));
#12344=DIRECTION('',(-1.,3.52451753849256E-16,2.30176501289978E-31));
#12345=DIRECTION('',(0.,-1.,-6.53072367426563E-16));
#12346=DIRECTION('',(-1.,0.,0.));
#12347=DIRECTION('',(0.,1.,6.53072367426563E-16));
#12348=DIRECTION('',(-1.,0.,0.));
#12349=DIRECTION('',(0.,-1.,-6.53072367426563E-16));
#12350=DIRECTION('',(-1.,0.,0.));
#12351=DIRECTION('',(0.,1.,6.53072367426563E-16));
#12352=DIRECTION('',(-1.,0.,0.));
#12353=DIRECTION('',(0.,-1.,-6.53072367426563E-16));
#12354=DIRECTION('',(-1.,0.,0.));
#12355=DIRECTION('',(0.,1.,6.53072367426563E-16));
#12356=DIRECTION('',(-1.,0.,0.));
#12357=DIRECTION('center_axis',(1.,0.,0.));
#12358=DIRECTION('ref_axis',(0.,1.,7.105427357601E-16));
#12359=DIRECTION('',(0.,1.,6.53072367426563E-16));
#12360=DIRECTION('',(0.,-5.28677630773884E-16,1.));
#12361=DIRECTION('',(0.,-5.28677630773884E-16,1.));
#12362=DIRECTION('center_axis',(-1.,0.,0.));
#12363=DIRECTION('ref_axis',(0.,-1.,-7.105427357601E-16));
#12364=DIRECTION('',(0.,-1.,-6.53072367426563E-16));
#12365=DIRECTION('',(0.,-5.28677630773884E-16,1.));
#12366=DIRECTION('',(0.,-5.28677630773884E-16,1.));
#12367=DIRECTION('center_axis',(1.,0.,0.));
#12368=DIRECTION('ref_axis',(0.,1.,7.105427357601E-16));
#12369=DIRECTION('',(0.,1.,6.53072367426563E-16));
#12370=DIRECTION('',(0.,-5.28677630773884E-16,1.));
#12371=DIRECTION('',(0.,-5.28677630773884E-16,1.));
#12372=DIRECTION('center_axis',(-1.,0.,0.));
#12373=DIRECTION('ref_axis',(0.,-1.,-7.105427357601E-16));
#12374=DIRECTION('',(0.,-1.,-6.53072367426563E-16));
#12375=DIRECTION('',(0.,-5.28677630773884E-16,1.));
#12376=DIRECTION('',(0.,-5.28677630773884E-16,1.));
#12377=DIRECTION('center_axis',(0.,-6.53072367426563E-16,1.));
#12378=DIRECTION('ref_axis',(0.,-1.,-7.105427357601E-16));
#12379=DIRECTION('',(0.,1.,6.53072367426563E-16));
#12380=DIRECTION('',(-1.,0.,0.));
#12381=DIRECTION('',(1.,-2.64338815386942E-16,-1.72632375967483E-31));
#12382=DIRECTION('center_axis',(0.,-6.53072367426563E-16,1.));
#12383=DIRECTION('ref_axis',(0.,-1.,-7.105427357601E-16));
#12384=DIRECTION('',(-1.,1.29095700537809E-16,8.43088347748175E-32));
#12385=DIRECTION('',(0.,-1.,-6.53072367426563E-16));
#12386=DIRECTION('',(-1.,1.29095700537809E-16,8.43088347748175E-32));
#12387=DIRECTION('center_axis',(0.,-6.53072367426563E-16,1.));
#12388=DIRECTION('ref_axis',(0.,-1.,-7.105427357601E-16));
#12389=DIRECTION('',(0.,1.,6.53072367426563E-16));
#12390=DIRECTION('',(-1.,0.,0.));
#12391=DIRECTION('',(0.,1.,6.53072367426563E-16));
#12392=DIRECTION('',(-1.,0.,0.));
#12393=DIRECTION('center_axis',(0.,-6.53072367426563E-16,1.));
#12394=DIRECTION('ref_axis',(0.,-1.,-7.105427357601E-16));
#12395=DIRECTION('',(0.,-1.,-6.53072367426563E-16));
#12396=DIRECTION('',(1.,-2.64338815386942E-16,-1.72632375967483E-31));
#12397=DIRECTION('',(-1.,0.,0.));
#12398=DIRECTION('center_axis',(0.,-6.53072367426563E-16,1.));
#12399=DIRECTION('ref_axis',(0.,-1.,-7.105427357601E-16));
#12400=DIRECTION('',(-1.,0.,0.));
#12401=DIRECTION('',(0.,-1.,-6.53072367426563E-16));
#12402=DIRECTION('',(1.,-1.32169407693471E-16,-8.63161879837417E-32));
#12403=DIRECTION('center_axis',(0.,-6.53072367426563E-16,1.));
#12404=DIRECTION('ref_axis',(0.,-1.,-7.105427357601E-16));
#12405=DIRECTION('',(1.,-1.32169407693471E-16,-8.63161879837417E-32));
#12406=DIRECTION('',(-1.,0.,0.));
#12407=DIRECTION('center_axis',(1.,-1.32169407693471E-16,-1.58635156294444E-31));
#12408=DIRECTION('ref_axis',(0.,0.707106781186546,-0.707106781186549));
#12409=DIRECTION('center_axis',(-1.,0.,0.));
#12410=DIRECTION('ref_axis',(0.,0.707106781186546,-0.707106781186549));
#12411=DIRECTION('',(-1.,1.32169407693471E-16,1.58635156294444E-31));
#12412=DIRECTION('',(1.,-1.32169407693471E-16,-1.58635156294444E-31));
#12413=DIRECTION('center_axis',(1.32169407693471E-16,1.,1.21115239050013E-15));
#12414=DIRECTION('ref_axis',(-1.,8.88178419700125E-17,0.));
#12415=DIRECTION('',(0.,-1.21115239050013E-15,1.));
#12416=DIRECTION('center_axis',(1.,-2.64338815386942E-16,-3.17270312588888E-31));
#12417=DIRECTION('ref_axis',(0.,0.707106781186546,-0.707106781186549));
#12418=DIRECTION('center_axis',(-1.,0.,0.));
#12419=DIRECTION('ref_axis',(0.,0.707106781186546,-0.707106781186549));
#12420=DIRECTION('',(-1.,2.64338815386942E-16,3.17270312588888E-31));
#12421=DIRECTION('center_axis',(1.,0.,0.));
#12422=DIRECTION('ref_axis',(0.,0.707106781186546,-0.707106781186549));
#12423=DIRECTION('',(1.,-2.64338815386942E-16,-3.17270312588888E-31));
#12424=DIRECTION('center_axis',(1.,0.,0.));
#12425=DIRECTION('ref_axis',(0.,1.,1.24344978758018E-15));
#12426=DIRECTION('',(0.,-1.21115239050013E-15,1.));
#12427=DIRECTION('',(0.,-1.21115239050013E-15,1.));
#12428=DIRECTION('',(0.,-1.,0.));
#12429=DIRECTION('',(0.,-1.21115239050013E-15,1.));
#12430=DIRECTION('',(0.,-1.,-1.20024110770287E-15));
#12431=DIRECTION('center_axis',(2.64338815386942E-16,1.,1.21115239050013E-15));
#12432=DIRECTION('ref_axis',(-1.,2.66453525910038E-16,0.));
#12433=DIRECTION('',(0.,-1.21115239050013E-15,1.));
#12434=DIRECTION('center_axis',(-1.,4.50090415388577E-16,5.45128082539069E-31));
#12435=DIRECTION('ref_axis',(-5.32907051820075E-16,-1.,-1.24344978758018E-15));
#12436=DIRECTION('',(4.50090415388577E-16,1.,1.20024110770287E-15));
#12437=DIRECTION('',(0.,-1.21115239050013E-15,1.));
#12438=DIRECTION('',(0.,-5.28677630773884E-16,1.));
#12439=DIRECTION('center_axis',(-1.,0.,0.));
#12440=DIRECTION('ref_axis',(0.,-1.,-1.24344978758018E-15));
#12441=DIRECTION('',(0.,1.,1.20024110770287E-15));
#12442=DIRECTION('',(0.,-5.28677630773884E-16,1.));
#12443=DIRECTION('',(0.,-5.28677630773884E-16,1.));
#12444=DIRECTION('',(0.,1.,0.));
#12445=DIRECTION('',(0.,-1.21115239050013E-15,1.));
#12446=DIRECTION('center_axis',(-3.08395284618099E-16,-1.,-1.21115239050013E-15));
#12447=DIRECTION('ref_axis',(1.,-3.10862446895044E-16,0.));
#12448=DIRECTION('',(-1.,3.08395284618099E-16,3.70148698020369E-31));
#12449=DIRECTION('',(0.,-1.21115239050013E-15,1.));
#12450=DIRECTION('center_axis',(-8.8112938462314E-17,-1.,-1.21115239050013E-15));
#12451=DIRECTION('ref_axis',(1.,-8.88178419700125E-17,0.));
#12452=DIRECTION('',(-1.,8.8112938462314E-17,1.05756770862963E-31));
#12453=DIRECTION('center_axis',(0.,1.20024110770287E-15,-1.));
#12454=DIRECTION('ref_axis',(0.,-1.,-1.24344978758018E-15));
#12455=DIRECTION('',(0.,-1.,-1.20024110770287E-15));
#12456=DIRECTION('center_axis',(0.,1.20024110770287E-15,-1.));
#12457=DIRECTION('ref_axis',(0.,-1.,-1.24344978758018E-15));
#12458=DIRECTION('',(0.,-1.,-1.20024110770287E-15));
#12459=DIRECTION('',(-1.,0.,0.));
#12460=DIRECTION('',(-1.,0.,0.));
#12461=DIRECTION('',(0.,1.,1.20024110770287E-15));
#12462=DIRECTION('',(-1.,0.,0.));
#12463=DIRECTION('center_axis',(0.,1.20024110770287E-15,-1.));
#12464=DIRECTION('ref_axis',(0.,-1.,-1.24344978758018E-15));
#12465=DIRECTION('',(-1.,1.29095700537809E-16,1.54945966613178E-31));
#12466=DIRECTION('',(0.,-1.,-1.20024110770287E-15));
#12467=DIRECTION('',(1.,0.,0.));
#12468=DIRECTION('',(-1.,0.,0.));
#12469=DIRECTION('',(0.,1.,1.20024110770287E-15));
#12470=DIRECTION('center_axis',(-1.,0.,0.));
#12471=DIRECTION('ref_axis',(0.,-1.,0.));
#12472=DIRECTION('',(0.,-5.28677630773884E-16,1.));
#12473=DIRECTION('',(0.,-1.,0.));
#12474=DIRECTION('',(0.,-5.28677630773884E-16,1.));
#12475=DIRECTION('center_axis',(0.,1.,0.));
#12476=DIRECTION('ref_axis',(-1.,0.,0.));
#12477=DIRECTION('',(-1.,0.,0.));
#12478=DIRECTION('center_axis',(0.,1.,0.));
#12479=DIRECTION('ref_axis',(-1.,0.,0.));
#12480=DIRECTION('',(-1.,0.,0.));
#12481=DIRECTION('center_axis',(1.,0.,0.));
#12482=DIRECTION('ref_axis',(0.,1.,0.));
#12483=DIRECTION('',(0.,1.,0.));
#12484=DIRECTION('center_axis',(-1.,0.,0.));
#12485=DIRECTION('ref_axis',(0.,-1.,0.));
#12486=DIRECTION('',(0.,-1.,0.));
#12487=DIRECTION('',(0.,0.,1.));
#12488=DIRECTION('center_axis',(0.,1.,0.));
#12489=DIRECTION('ref_axis',(-1.,0.,0.));
#12490=DIRECTION('',(-1.,0.,0.));
#12491=DIRECTION('center_axis',(0.,1.,0.));
#12492=DIRECTION('ref_axis',(-1.,0.,0.));
#12493=DIRECTION('',(-1.,0.,0.));
#12494=DIRECTION('',(0.,0.,1.));
#12495=DIRECTION('center_axis',(1.,0.,0.));
#12496=DIRECTION('ref_axis',(0.,1.,0.));
#12497=DIRECTION('',(0.,1.,0.));
#12498=DIRECTION('',(0.,0.,1.));
#12499=DIRECTION('center_axis',(0.,1.,0.));
#12500=DIRECTION('ref_axis',(-1.,0.,0.));
#12501=DIRECTION('',(-1.,0.,0.));
#12502=DIRECTION('center_axis',(0.,1.,0.));
#12503=DIRECTION('ref_axis',(-1.,0.,0.));
#12504=DIRECTION('',(-1.,0.,0.));
#12505=DIRECTION('center_axis',(0.,1.,0.));
#12506=DIRECTION('ref_axis',(-1.,0.,0.));
#12507=DIRECTION('',(-1.,0.,0.));
#12508=DIRECTION('',(0.,-1.21115239050013E-15,1.));
#12509=DIRECTION('center_axis',(-1.,0.,0.));
#12510=DIRECTION('ref_axis',(0.,-1.,0.));
#12511=DIRECTION('',(0.,-1.,0.));
#12512=DIRECTION('',(0.,-5.28677630773884E-16,1.));
#12513=DIRECTION('center_axis',(0.,1.,0.));
#12514=DIRECTION('ref_axis',(-1.,0.,0.));
#12515=DIRECTION('',(-1.,0.,0.));
#12516=DIRECTION('',(0.,-5.28677630773884E-16,1.));
#12517=DIRECTION('center_axis',(1.,0.,0.));
#12518=DIRECTION('ref_axis',(0.,1.,0.));
#12519=DIRECTION('',(0.,1.,0.));
#12520=DIRECTION('',(0.,-5.28677630773884E-16,1.));
#12521=DIRECTION('center_axis',(0.,1.,0.));
#12522=DIRECTION('ref_axis',(-1.,0.,0.));
#12523=DIRECTION('',(-1.,0.,0.));
#12524=DIRECTION('',(0.,-5.28677630773884E-16,1.));
#12525=DIRECTION('center_axis',(-1.,0.,0.));
#12526=DIRECTION('ref_axis',(0.,-1.,0.));
#12527=DIRECTION('',(0.,-1.,0.));
#12528=DIRECTION('',(0.,-5.28677630773884E-16,1.));
#12529=DIRECTION('center_axis',(0.,1.,0.));
#12530=DIRECTION('ref_axis',(-1.,0.,0.));
#12531=DIRECTION('',(-1.,0.,0.));
#12532=DIRECTION('',(0.,-5.28677630773884E-16,1.));
#12533=DIRECTION('center_axis',(1.,0.,0.));
#12534=DIRECTION('ref_axis',(0.,1.,0.));
#12535=DIRECTION('',(0.,1.,0.));
#12536=DIRECTION('',(0.,-5.28677630773884E-16,1.));
#12537=DIRECTION('center_axis',(0.,1.,0.));
#12538=DIRECTION('ref_axis',(-1.,0.,0.));
#12539=DIRECTION('',(-1.,0.,0.));
#12540=DIRECTION('center_axis',(0.,0.,-1.));
#12541=DIRECTION('ref_axis',(0.,1.,0.));
#12542=DIRECTION('center_axis',(0.,1.,0.));
#12543=DIRECTION('ref_axis',(0.,0.,1.));
#12544=DIRECTION('center_axis',(0.,-1.,0.));
#12545=DIRECTION('ref_axis',(0.,0.,-1.));
#12546=DIRECTION('center_axis',(0.,0.707106781186548,0.707106781186547));
#12547=DIRECTION('ref_axis',(1.,0.,0.));
#12548=DIRECTION('',(0.0304242806749376,-0.706779443371626,0.706779443371627));
#12549=DIRECTION('',(1.,0.,0.));
#12550=DIRECTION('',(-1.,0.,0.));
#12551=DIRECTION('center_axis',(0.,-1.,0.));
#12552=DIRECTION('ref_axis',(0.,0.,-1.));
#12553=DIRECTION('',(1.,0.,0.));
#12554=DIRECTION('',(-0.0430065307449078,0.,-0.999074791150936));
#12555=DIRECTION('center_axis',(1.,0.,0.));
#12556=DIRECTION('ref_axis',(0.,0.707106781186547,0.707106781186548));
#12557=DIRECTION('center_axis',(0.999074791150936,0.,-0.0430065307449078));
#12558=DIRECTION('ref_axis',(0.0430065307449078,-2.77298959114585E-16,0.999074791150936));
#12559=DIRECTION('',(1.,0.,0.));
#12560=DIRECTION('',(-1.,0.,0.));
#12561=DIRECTION('center_axis',(0.,-1.,-6.55827947035957E-16));
#12562=DIRECTION('ref_axis',(0.,6.21724893790088E-16,-1.));
#12563=DIRECTION('',(0.,6.55827947035957E-16,-1.));
#12564=DIRECTION('',(-0.0430065307449078,6.55221169215897E-16,-0.999074791150936));
#12565=DIRECTION('center_axis',(1.,0.,0.));
#12566=DIRECTION('ref_axis',(0.,-0.707106781186548,0.707106781186547));
#12567=DIRECTION('center_axis',(0.999074791150936,0.,-0.0430065307449078));
#12568=DIRECTION('ref_axis',(0.0430065307449078,-4.62164931857641E-16,0.999074791150937));
#12569=DIRECTION('',(1.,0.,0.));
#12570=DIRECTION('',(-1.,0.,0.));
#12571=DIRECTION('center_axis',(0.,9.25185853854298E-16,-1.));
#12572=DIRECTION('ref_axis',(0.,1.,9.2148511043888E-16));
#12573=DIRECTION('',(3.98258811261783E-17,1.,9.25185853854298E-16));
#12574=DIRECTION('center_axis',(1.,0.,0.));
#12575=DIRECTION('ref_axis',(0.,0.707106781186548,0.707106781186548));
#12576=DIRECTION('center_axis',(0.999074791150936,0.,-0.0430065307449078));
#12577=DIRECTION('ref_axis',(0.0430065307449078,0.,0.999074791150936));
#12578=DIRECTION('',(1.,0.,0.));
#12579=DIRECTION('',(-1.,0.,0.));
#12580=DIRECTION('center_axis',(0.,-1.,0.));
#12581=DIRECTION('ref_axis',(0.,0.,-1.));
#12582=DIRECTION('',(1.,0.,0.));
#12583=DIRECTION('',(-0.0430065307449078,0.,-0.999074791150936));
#12584=DIRECTION('center_axis',(1.,0.,0.));
#12585=DIRECTION('ref_axis',(0.,0.707106781186548,-0.707106781186548));
#12586=DIRECTION('',(-1.,0.,0.));
#12587=DIRECTION('center_axis',(-0.999074791150936,0.,0.0430065307449078));
#12588=DIRECTION('ref_axis',(-0.0430065307449078,0.,-0.999074791150936));
#12589=DIRECTION('',(1.,0.,0.));
#12590=DIRECTION('center_axis',(0.,0.,-1.));
#12591=DIRECTION('ref_axis',(0.,1.,0.));
#12592=DIRECTION('',(0.,1.,0.));
#12593=DIRECTION('center_axis',(0.,1.,5.55111512312578E-17));
#12594=DIRECTION('ref_axis',(0.,-5.55111512312578E-17,1.));
#12595=DIRECTION('',(0.0430065307449078,-5.5459791822917E-17,0.999074791150936));
#12596=DIRECTION('',(1.,0.,0.));
#12597=DIRECTION('center_axis',(0.,0.,-1.));
#12598=DIRECTION('ref_axis',(0.,1.,0.));
#12599=DIRECTION('',(0.,1.,0.));
#12600=DIRECTION('center_axis',(0.,0.,-1.));
#12601=DIRECTION('ref_axis',(0.,1.,0.));
#12602=DIRECTION('',(0.,1.,0.));
#12603=DIRECTION('center_axis',(0.,1.,4.4114822170536E-16));
#12604=DIRECTION('ref_axis',(0.,-4.44089209850063E-16,1.));
#12605=DIRECTION('',(0.0430065307449078,-4.4074006746689E-16,0.999074791150936));
#12606=DIRECTION('center_axis',(0.,1.,8.32667268468867E-16));
#12607=DIRECTION('ref_axis',(0.,-8.43769498715119E-16,1.));
#12608=DIRECTION('',(0.0430065307449078,-8.31896877343754E-16,0.999074791150936));
#12609=DIRECTION('',(0.,-8.32667268468867E-16,1.));
#12610=DIRECTION('center_axis',(0.,1.,8.07434927000113E-16));
#12611=DIRECTION('ref_axis',(0.,-7.99360577730113E-16,1.));
#12612=DIRECTION('',(0.,-8.07434927000113E-16,1.));
#12613=DIRECTION('center_axis',(0.999074791150936,0.,-0.0430065307449078));
#12614=DIRECTION('ref_axis',(0.0430065307449079,0.,0.999074791150936));
#12615=DIRECTION('',(0.,1.,0.));
#12616=DIRECTION('center_axis',(0.,0.707106781186548,0.707106781186547));
#12617=DIRECTION('ref_axis',(1.,0.,0.));
#12618=DIRECTION('',(0.0304242806749373,0.706779443371626,-0.706779443371627));
#12619=DIRECTION('',(-1.,0.,0.));
#12620=DIRECTION('',(1.,0.,0.));
#12621=DIRECTION('center_axis',(0.,1.,0.));
#12622=DIRECTION('ref_axis',(0.,0.,-1.));
#12623=DIRECTION('',(-0.0430065307449075,0.,0.999074791150936));
#12624=DIRECTION('',(-1.,0.,0.));
#12625=DIRECTION('center_axis',(-0.999074791150936,0.,-0.0430065307449075));
#12626=DIRECTION('ref_axis',(0.0430065307449075,0.,-0.999074791150936));
#12627=DIRECTION('',(0.,-1.,0.));
#12628=DIRECTION('',(-0.0430065307449075,0.,0.999074791150936));
#12629=DIRECTION('center_axis',(-0.999074791150936,0.,-0.0430065307449075));
#12630=DIRECTION('ref_axis',(-0.0430065307449075,0.,0.999074791150937));
#12631=DIRECTION('',(0.,-1.,0.));
#12632=DIRECTION('',(0.0430065307449075,5.5459791822917E-17,-0.999074791150936));
#12633=DIRECTION('',(0.0430065307449075,8.31896877343754E-16,-0.999074791150936));
#12634=DIRECTION('',(0.,-1.,0.));
#12635=DIRECTION('',(-0.0430065307449075,-6.55221169215897E-16,0.999074791150936));
#12636=DIRECTION('center_axis',(-0.999074791150936,0.,-0.0430065307449075));
#12637=DIRECTION('ref_axis',(-0.0430065307449075,-2.77298959114585E-16,
0.999074791150936));
#12638=DIRECTION('',(3.98258811261781E-17,-1.,-9.25185853854298E-16));
#12639=DIRECTION('center_axis',(-0.999074791150936,0.,-0.0430065307449075));
#12640=DIRECTION('ref_axis',(-0.0430065307449075,-9.82100480197488E-16,
0.999074791150937));
#12641=DIRECTION('',(0.0430065307449075,4.4074006746689E-16,-0.999074791150936));
#12642=DIRECTION('center_axis',(0.999074791150936,0.,0.0430065307449075));
#12643=DIRECTION('ref_axis',(0.0430065307449075,0.,-0.999074791150936));
#12644=DIRECTION('',(0.,-1.,0.));
#12645=DIRECTION('center_axis',(-1.,0.,0.));
#12646=DIRECTION('ref_axis',(0.,0.707106781186547,0.707106781186548));
#12647=DIRECTION('',(-1.,0.,0.));
#12648=DIRECTION('',(1.,0.,0.));
#12649=DIRECTION('center_axis',(0.,1.,6.55827947035957E-16));
#12650=DIRECTION('ref_axis',(0.,6.21724893790088E-16,-1.));
#12651=DIRECTION('',(0.,-6.55827947035957E-16,1.));
#12652=DIRECTION('center_axis',(-1.,0.,0.));
#12653=DIRECTION('ref_axis',(0.,-0.707106781186548,0.707106781186547));
#12654=DIRECTION('',(-1.,0.,0.));
#12655=DIRECTION('',(1.,0.,0.));
#12656=DIRECTION('center_axis',(0.,-1.,-4.4114822170536E-16));
#12657=DIRECTION('ref_axis',(0.,-4.44089209850063E-16,1.));
#12658=DIRECTION('',(-1.,0.,0.));
#12659=DIRECTION('center_axis',(-1.,0.,0.));
#12660=DIRECTION('ref_axis',(0.,0.707106781186548,0.707106781186548));
#12661=DIRECTION('',(-1.,0.,0.));
#12662=DIRECTION('',(1.,0.,0.));
#12663=DIRECTION('center_axis',(0.,0.,1.));
#12664=DIRECTION('ref_axis',(0.,1.,0.));
#12665=DIRECTION('',(-1.,0.,0.));
#12666=DIRECTION('center_axis',(-1.,0.,0.));
#12667=DIRECTION('ref_axis',(0.,0.707106781186548,-0.707106781186548));
#12668=DIRECTION('',(1.,0.,0.));
#12669=DIRECTION('center_axis',(0.,0.,1.));
#12670=DIRECTION('ref_axis',(0.,1.,0.));
#12671=DIRECTION('',(-1.,0.,0.));
#12672=DIRECTION('center_axis',(0.,1.,0.));
#12673=DIRECTION('ref_axis',(0.,0.,-1.));
#12674=DIRECTION('center_axis',(0.,-1.,-5.55111512312578E-17));
#12675=DIRECTION('ref_axis',(0.,-5.55111512312578E-17,1.));
#12676=DIRECTION('center_axis',(0.,-1.,-8.32667268468867E-16));
#12677=DIRECTION('ref_axis',(0.,-8.43769498715119E-16,1.));
#12678=DIRECTION('',(0.,8.32667268468867E-16,-1.));
#12679=DIRECTION('center_axis',(0.,-1.,-8.07434927000113E-16));
#12680=DIRECTION('ref_axis',(0.,-7.99360577730113E-16,1.));
#12681=DIRECTION('',(0.,8.07434927000113E-16,-1.));
#12682=DIRECTION('center_axis',(0.,1.20024110770287E-15,-1.));
#12683=DIRECTION('ref_axis',(0.,-1.,-1.24344978758018E-15));
#12684=DIRECTION('center_axis',(0.,-9.25185853854298E-16,1.));
#12685=DIRECTION('ref_axis',(0.,1.,9.2148511043888E-16));
#12686=DIRECTION('center_axis',(0.,0.,1.));
#12687=DIRECTION('ref_axis',(0.,1.,0.));
#12688=DIRECTION('center_axis',(1.,0.,0.));
#12689=DIRECTION('ref_axis',(0.,0.,-1.));
#12690=DIRECTION('center_axis',(-1.,0.,0.));
#12691=DIRECTION('ref_axis',(0.,0.,1.));
#12692=DIRECTION('axis',(0.,0.,1.));
#12693=DIRECTION('refdir',(1.,0.,0.));
#12694=DIRECTION('center_axis',(1.45020724424598E-17,0.,1.));
#12695=DIRECTION('ref_axis',(-0.707106781186547,0.707106781186548,1.2266347333467E-17));
#12696=DIRECTION('center_axis',(-2.46330733588707E-16,0.,-1.));
#12697=DIRECTION('ref_axis',(-0.707106781186547,0.707106781186548,1.2266347333467E-17));
#12698=DIRECTION('',(-1.45020724424598E-17,0.,-1.));
#12699=DIRECTION('center_axis',(9.71445146547012E-17,0.,1.));
#12700=DIRECTION('ref_axis',(-0.707106781186547,0.707106781186548,1.2266347333467E-17));
#12701=DIRECTION('',(1.45020724424598E-17,0.,1.));
#12702=DIRECTION('center_axis',(0.,-1.,0.));
#12703=DIRECTION('ref_axis',(0.,0.,-1.));
#12704=DIRECTION('',(1.,0.,-2.46330733588707E-16));
#12705=DIRECTION('',(0.,0.,1.));
#12706=DIRECTION('',(-1.,0.,9.71445146547012E-17));
#12707=DIRECTION('center_axis',(2.46330733588707E-16,0.,1.));
#12708=DIRECTION('ref_axis',(1.,0.,-2.47024622979097E-16));
#12709=DIRECTION('',(0.,1.,0.));
#12710=DIRECTION('',(-1.,0.,2.46330733588707E-16));
#12711=DIRECTION('',(0.,1.,0.));
#12712=DIRECTION('center_axis',(2.46330733588707E-16,0.,1.));
#12713=DIRECTION('ref_axis',(-0.707106781186555,0.70710678118654,0.));
#12714=DIRECTION('',(1.,0.,-2.46330733588707E-16));
#12715=DIRECTION('center_axis',(-2.46330733588707E-16,0.,-1.));
#12716=DIRECTION('ref_axis',(0.707106781186548,-0.707106781186548,0.));
#12717=DIRECTION('',(0.,1.,0.));
#12718=DIRECTION('center_axis',(2.46330733588707E-16,0.,1.));
#12719=DIRECTION('ref_axis',(-0.707106781186548,0.707106781186548,0.));
#12720=DIRECTION('',(1.,8.67361737988404E-17,-2.46330733588707E-16));
#12721=DIRECTION('',(0.,1.,0.));
#12722=DIRECTION('',(-1.,-3.46944695195362E-16,2.46330733588707E-16));
#12723=DIRECTION('center_axis',(2.46330733588707E-16,0.,1.));
#12724=DIRECTION('ref_axis',(-0.707106781186548,-0.707106781186548,0.));
#12725=DIRECTION('',(0.,1.,0.));
#12726=DIRECTION('center_axis',(-2.46330733588707E-16,0.,-1.));
#12727=DIRECTION('ref_axis',(0.707106781186548,0.707106781186548,0.));
#12728=DIRECTION('center_axis',(0.,0.,1.));
#12729=DIRECTION('ref_axis',(-0.707106781186555,0.70710678118654,0.));
#12730=DIRECTION('center_axis',(-9.71445146547012E-17,0.,-1.));
#12731=DIRECTION('ref_axis',(-0.707106781186555,0.70710678118654,0.));
#12732=DIRECTION('',(0.,0.,1.));
#12733=DIRECTION('',(0.,0.,-1.));
#12734=DIRECTION('center_axis',(0.,1.,0.));
#12735=DIRECTION('ref_axis',(-1.,0.,0.));
#12736=DIRECTION('',(-1.,0.,9.71445146547012E-17));
#12737=DIRECTION('',(0.,0.,-1.));
#12738=DIRECTION('center_axis',(0.,0.,1.));
#12739=DIRECTION('ref_axis',(0.707106781186548,-0.707106781186548,0.));
#12740=DIRECTION('center_axis',(9.71445146547012E-17,0.,1.));
#12741=DIRECTION('ref_axis',(0.707106781186548,-0.707106781186548,0.));
#12742=DIRECTION('',(0.,0.,1.));
#12743=DIRECTION('center_axis',(0.,0.,1.));
#12744=DIRECTION('ref_axis',(-0.707106781186548,0.707106781186548,0.));
#12745=DIRECTION('center_axis',(-9.71445146547012E-17,0.,-1.));
#12746=DIRECTION('ref_axis',(-0.707106781186548,0.707106781186548,0.));
#12747=DIRECTION('',(0.,0.,1.));
#12748=DIRECTION('',(0.,0.,-1.));
#12749=DIRECTION('center_axis',(-8.67361737988404E-17,1.,0.));
#12750=DIRECTION('ref_axis',(-1.,-8.88178419700125E-17,0.));
#12751=DIRECTION('',(-1.,-8.67361737988404E-17,9.71445146547012E-17));
#12752=DIRECTION('center_axis',(-8.67361737988404E-17,1.,0.));
#12753=DIRECTION('ref_axis',(-0.701401994566147,0.,0.712765909691696));
#12754=DIRECTION('',(-0.712765909691698,-6.18225878209077E-17,-0.701401994566145));
#12755=DIRECTION('center_axis',(8.67361737988404E-17,-1.,0.));
#12756=DIRECTION('ref_axis',(-0.701401994566148,0.,0.712765909691695));
#12757=DIRECTION('',(-0.814516623548043,-7.06480554221077E-17,0.580140215778819));
#12758=DIRECTION('',(-0.580140215778822,-5.03191425834887E-17,-0.814516623548041));
#12759=DIRECTION('',(0.814516623548043,7.06480554221077E-17,-0.58014021577882));
#12760=DIRECTION('center_axis',(-8.67361737988404E-17,1.,0.));
#12761=DIRECTION('ref_axis',(0.701401994566146,0.,-0.712765909691697));
#12762=DIRECTION('',(0.712765909691698,6.18225878209077E-17,0.701401994566144));
#12763=DIRECTION('center_axis',(8.67361737988404E-17,-1.,0.));
#12764=DIRECTION('ref_axis',(0.701401994566148,0.,-0.712765909691695));
#12765=DIRECTION('center_axis',(0.,0.,1.));
#12766=DIRECTION('ref_axis',(-0.707106781186548,-0.707106781186548,0.));
#12767=DIRECTION('center_axis',(-9.71445146547012E-17,0.,-1.));
#12768=DIRECTION('ref_axis',(-0.707106781186548,-0.707106781186548,0.));
#12769=DIRECTION('',(0.,0.,1.));
#12770=DIRECTION('',(0.,0.,-1.));
#12771=DIRECTION('center_axis',(-1.,0.,0.));
#12772=DIRECTION('ref_axis',(0.,-1.,0.));
#12773=DIRECTION('',(0.,-1.,0.));
#12774=DIRECTION('',(0.,0.,-1.));
#12775=DIRECTION('center_axis',(0.,0.,-1.));
#12776=DIRECTION('ref_axis',(0.707106781186548,0.707106781186548,0.));
#12777=DIRECTION('center_axis',(9.71445146547012E-17,0.,1.));
#12778=DIRECTION('ref_axis',(0.707106781186548,0.707106781186548,0.));
#12779=DIRECTION('center_axis',(-1.,0.,0.));
#12780=DIRECTION('ref_axis',(0.,-1.,0.));
#12781=DIRECTION('',(0.,0.,1.));
#12782=DIRECTION('',(0.,-1.,0.));
#12783=DIRECTION('center_axis',(-1.,0.,0.));
#12784=DIRECTION('ref_axis',(0.,-1.,0.));
#12785=DIRECTION('',(0.,-1.,0.));
#12786=DIRECTION('center_axis',(3.46944695195362E-16,-1.,0.));
#12787=DIRECTION('ref_axis',(1.,3.5527136788005E-16,0.));
#12788=DIRECTION('center_axis',(-3.46944695195362E-16,1.,0.));
#12789=DIRECTION('ref_axis',(0.701401994566148,0.,-0.712765909691695));
#12790=DIRECTION('',(-0.712765909691698,-2.47290351283631E-16,-0.701401994566144));
#12791=DIRECTION('center_axis',(3.46944695195362E-16,-1.,0.));
#12792=DIRECTION('ref_axis',(0.701401994566146,0.,-0.712765909691697));
#12793=DIRECTION('',(-0.814516623548043,-2.82592221688431E-16,0.58014021577882));
#12794=DIRECTION('',(0.580140215778822,2.01276570333955E-16,0.814516623548041));
#12795=DIRECTION('',(0.814516623548043,2.82592221688431E-16,-0.580140215778819));
#12796=DIRECTION('center_axis',(-3.46944695195362E-16,1.,0.));
#12797=DIRECTION('ref_axis',(-0.701401994566148,0.,0.712765909691695));
#12798=DIRECTION('',(0.712765909691698,2.47290351283631E-16,0.701401994566145));
#12799=DIRECTION('center_axis',(3.46944695195362E-16,-1.,0.));
#12800=DIRECTION('ref_axis',(-0.701401994566147,0.,0.712765909691696));
#12801=DIRECTION('',(1.,3.46944695195362E-16,-9.71445146547012E-17));
#12802=DIRECTION('center_axis',(0.,1.,0.));
#12803=DIRECTION('ref_axis',(0.701401994566146,0.,-0.712765909691697));
#12804=DIRECTION('',(0.,1.,0.));
#12805=DIRECTION('',(0.,1.,0.));
#12806=DIRECTION('center_axis',(0.58014021577882,0.,0.814516623548043));
#12807=DIRECTION('ref_axis',(0.814516623548043,0.,-0.58014021577882));
#12808=DIRECTION('',(0.,1.,0.));
#12809=DIRECTION('center_axis',(-0.701401994566144,0.,0.712765909691698));
#12810=DIRECTION('ref_axis',(0.712765909691698,0.,0.701401994566144));
#12811=DIRECTION('',(0.,1.,0.));
#12812=DIRECTION('center_axis',(0.814516623548041,0.,-0.580140215778822));
#12813=DIRECTION('ref_axis',(-0.580140215778822,0.,-0.814516623548041));
#12814=DIRECTION('',(0.,1.,0.));
#12815=DIRECTION('center_axis',(0.,1.,0.));
#12816=DIRECTION('ref_axis',(0.701401994566148,0.,-0.712765909691695));
#12817=DIRECTION('center_axis',(-0.580140215778819,0.,-0.814516623548043));
#12818=DIRECTION('ref_axis',(-0.814516623548043,0.,0.580140215778819));
#12819=DIRECTION('',(0.,1.,0.));
#12820=DIRECTION('center_axis',(0.,1.,0.));
#12821=DIRECTION('ref_axis',(-0.701401994566148,0.,0.712765909691695));
#12822=DIRECTION('',(0.,1.,0.));
#12823=DIRECTION('center_axis',(0.701401994566145,0.,-0.712765909691698));
#12824=DIRECTION('ref_axis',(-0.712765909691698,0.,-0.701401994566145));
#12825=DIRECTION('',(0.,1.,0.));
#12826=DIRECTION('center_axis',(0.,1.,0.));
#12827=DIRECTION('ref_axis',(-0.701401994566147,0.,0.712765909691696));
#12828=DIRECTION('',(0.,1.,0.));
#12829=DIRECTION('center_axis',(-1.,0.,1.45020724424598E-17));
#12830=DIRECTION('ref_axis',(1.45020724424598E-17,0.,1.));
#12831=DIRECTION('',(0.,1.,0.));
#12832=DIRECTION('',(-1.45020724424598E-17,0.,-1.));
#12833=DIRECTION('center_axis',(-9.71445146547012E-17,0.,-1.));
#12834=DIRECTION('ref_axis',(-1.,0.,9.71445146547012E-17));
#12835=DIRECTION('',(1.,0.,-9.71445146547012E-17));
#12836=DIRECTION('center_axis',(0.,-1.,0.));
#12837=DIRECTION('ref_axis',(0.,0.,-1.));
#12838=DIRECTION('axis',(0.,0.,1.));
#12839=DIRECTION('refdir',(1.,0.,0.));
#12840=DIRECTION('center_axis',(-1.45020724424598E-17,0.,1.));
#12841=DIRECTION('ref_axis',(-0.707106781186547,0.707106781186548,-1.2266347333467E-17));
#12842=DIRECTION('center_axis',(2.46330733588707E-16,0.,-1.));
#12843=DIRECTION('ref_axis',(-0.707106781186547,0.707106781186548,-1.2266347333467E-17));
#12844=DIRECTION('',(1.45020724424598E-17,0.,-1.));
#12845=DIRECTION('center_axis',(-9.71445146547012E-17,0.,1.));
#12846=DIRECTION('ref_axis',(-0.707106781186547,0.707106781186548,-1.2266347333467E-17));
#12847=DIRECTION('',(-1.45020724424598E-17,0.,1.));
#12848=DIRECTION('center_axis',(0.,1.,0.));
#12849=DIRECTION('ref_axis',(0.,0.,1.));
#12850=DIRECTION('',(-1.,0.,-9.71445146547012E-17));
#12851=DIRECTION('',(0.,0.,-1.));
#12852=DIRECTION('',(1.,0.,2.46330733588707E-16));
#12853=DIRECTION('center_axis',(-2.46330733588707E-16,0.,1.));
#12854=DIRECTION('ref_axis',(1.,0.,2.47024622979097E-16));
#12855=DIRECTION('center_axis',(2.46330733588707E-16,0.,-1.));
#12856=DIRECTION('ref_axis',(0.707106781186548,0.707106781186548,0.));
#12857=DIRECTION('',(0.,1.,0.));
#12858=DIRECTION('center_axis',(-2.46330733588707E-16,0.,1.));
#12859=DIRECTION('ref_axis',(-0.707106781186548,-0.707106781186548,0.));
#12860=DIRECTION('',(-1.,-3.46944695195362E-16,-2.46330733588707E-16));
#12861=DIRECTION('',(0.,1.,0.));
#12862=DIRECTION('',(1.,8.67361737988404E-17,2.46330733588707E-16));
#12863=DIRECTION('center_axis',(-2.46330733588707E-16,0.,1.));
#12864=DIRECTION('ref_axis',(-0.707106781186548,0.707106781186548,0.));
#12865=DIRECTION('',(0.,1.,0.));
#12866=DIRECTION('center_axis',(2.46330733588707E-16,0.,-1.));
#12867=DIRECTION('ref_axis',(0.707106781186548,-0.707106781186548,0.));
#12868=DIRECTION('',(1.,0.,2.46330733588707E-16));
#12869=DIRECTION('center_axis',(-2.46330733588707E-16,0.,1.));
#12870=DIRECTION('ref_axis',(-0.707106781186555,0.70710678118654,0.));
#12871=DIRECTION('',(0.,1.,0.));
#12872=DIRECTION('',(-1.,0.,-2.46330733588707E-16));
#12873=DIRECTION('',(0.,1.,0.));
#12874=DIRECTION('center_axis',(0.,0.,1.));
#12875=DIRECTION('ref_axis',(-0.707106781186555,0.70710678118654,0.));
#12876=DIRECTION('center_axis',(9.71445146547012E-17,0.,-1.));
#12877=DIRECTION('ref_axis',(-0.707106781186555,0.70710678118654,0.));
#12878=DIRECTION('',(0.,0.,1.));
#12879=DIRECTION('',(0.,0.,-1.));
#12880=DIRECTION('center_axis',(0.,-1.,0.));
#12881=DIRECTION('ref_axis',(-1.,0.,0.));
#12882=DIRECTION('',(0.,0.,1.));
#12883=DIRECTION('',(-1.,0.,-9.71445146547012E-17));
#12884=DIRECTION('center_axis',(0.,0.,1.));
#12885=DIRECTION('ref_axis',(0.707106781186548,-0.707106781186548,0.));
#12886=DIRECTION('',(0.,0.,-1.));
#12887=DIRECTION('center_axis',(-9.71445146547012E-17,0.,1.));
#12888=DIRECTION('ref_axis',(0.707106781186548,-0.707106781186548,0.));
#12889=DIRECTION('center_axis',(0.,0.,1.));
#12890=DIRECTION('ref_axis',(-0.707106781186548,0.707106781186548,0.));
#12891=DIRECTION('center_axis',(9.71445146547012E-17,0.,-1.));
#12892=DIRECTION('ref_axis',(-0.707106781186548,0.707106781186548,0.));
#12893=DIRECTION('',(0.,0.,1.));
#12894=DIRECTION('',(0.,0.,-1.));
#12895=DIRECTION('center_axis',(8.67361737988404E-17,-1.,0.));
#12896=DIRECTION('ref_axis',(-1.,-8.88178419700125E-17,0.));
#12897=DIRECTION('center_axis',(-8.67361737988404E-17,1.,0.));
#12898=DIRECTION('ref_axis',(0.701401994566148,0.,0.712765909691695));
#12899=DIRECTION('',(0.712765909691698,6.18225878209077E-17,-0.701401994566144));
#12900=DIRECTION('center_axis',(8.67361737988404E-17,-1.,0.));
#12901=DIRECTION('ref_axis',(0.701401994566146,0.,0.712765909691697));
#12902=DIRECTION('',(0.814516623548043,7.06480554221077E-17,0.58014021577882));
#12903=DIRECTION('',(-0.580140215778822,-5.03191425834887E-17,0.814516623548041));
#12904=DIRECTION('',(-0.814516623548043,-7.06480554221077E-17,-0.580140215778819));
#12905=DIRECTION('center_axis',(-8.67361737988404E-17,1.,0.));
#12906=DIRECTION('ref_axis',(-0.701401994566148,0.,-0.712765909691695));
#12907=DIRECTION('',(-0.712765909691698,-6.18225878209077E-17,0.701401994566145));
#12908=DIRECTION('center_axis',(8.67361737988404E-17,-1.,0.));
#12909=DIRECTION('ref_axis',(-0.701401994566147,0.,-0.712765909691696));
#12910=DIRECTION('',(-1.,-8.67361737988404E-17,-9.71445146547012E-17));
#12911=DIRECTION('center_axis',(0.,0.,1.));
#12912=DIRECTION('ref_axis',(-0.707106781186548,-0.707106781186548,0.));
#12913=DIRECTION('center_axis',(9.71445146547012E-17,0.,-1.));
#12914=DIRECTION('ref_axis',(-0.707106781186548,-0.707106781186548,0.));
#12915=DIRECTION('',(0.,0.,1.));
#12916=DIRECTION('',(0.,0.,-1.));
#12917=DIRECTION('center_axis',(1.,0.,0.));
#12918=DIRECTION('ref_axis',(0.,-1.,0.));
#12919=DIRECTION('',(0.,0.,1.));
#12920=DIRECTION('',(0.,-1.,0.));
#12921=DIRECTION('center_axis',(0.,0.,-1.));
#12922=DIRECTION('ref_axis',(0.707106781186548,0.707106781186548,0.));
#12923=DIRECTION('center_axis',(-9.71445146547012E-17,0.,1.));
#12924=DIRECTION('ref_axis',(0.707106781186548,0.707106781186548,0.));
#12925=DIRECTION('center_axis',(1.,0.,0.));
#12926=DIRECTION('ref_axis',(0.,-1.,0.));
#12927=DIRECTION('',(0.,-1.,0.));
#12928=DIRECTION('',(0.,0.,-1.));
#12929=DIRECTION('center_axis',(1.,0.,0.));
#12930=DIRECTION('ref_axis',(0.,-1.,0.));
#12931=DIRECTION('',(0.,-1.,0.));
#12932=DIRECTION('center_axis',(-3.46944695195362E-16,1.,0.));
#12933=DIRECTION('ref_axis',(1.,3.5527136788005E-16,0.));
#12934=DIRECTION('',(1.,3.46944695195362E-16,9.71445146547012E-17));
#12935=DIRECTION('center_axis',(-3.46944695195362E-16,1.,0.));
#12936=DIRECTION('ref_axis',(-0.701401994566147,0.,-0.712765909691696));
#12937=DIRECTION('',(0.712765909691698,2.47290351283631E-16,-0.701401994566145));
#12938=DIRECTION('center_axis',(3.46944695195362E-16,-1.,0.));
#12939=DIRECTION('ref_axis',(-0.701401994566148,0.,-0.712765909691695));
#12940=DIRECTION('',(0.814516623548043,2.82592221688431E-16,0.580140215778819));
#12941=DIRECTION('',(0.580140215778822,2.01276570333955E-16,-0.814516623548041));
#12942=DIRECTION('',(-0.814516623548043,-2.82592221688431E-16,-0.58014021577882));
#12943=DIRECTION('center_axis',(-3.46944695195362E-16,1.,0.));
#12944=DIRECTION('ref_axis',(0.701401994566146,0.,0.712765909691697));
#12945=DIRECTION('',(-0.712765909691698,-2.47290351283631E-16,0.701401994566144));
#12946=DIRECTION('center_axis',(3.46944695195362E-16,-1.,0.));
#12947=DIRECTION('ref_axis',(0.701401994566148,0.,0.712765909691695));
#12948=DIRECTION('center_axis',(0.,-1.,0.));
#12949=DIRECTION('ref_axis',(0.701401994566146,0.,0.712765909691697));
#12950=DIRECTION('',(0.,1.,0.));
#12951=DIRECTION('',(0.,1.,0.));
#12952=DIRECTION('center_axis',(-0.58014021577882,0.,0.814516623548043));
#12953=DIRECTION('ref_axis',(0.814516623548043,0.,0.58014021577882));
#12954=DIRECTION('',(0.,1.,0.));
#12955=DIRECTION('center_axis',(0.701401994566144,0.,0.712765909691698));
#12956=DIRECTION('ref_axis',(0.712765909691698,0.,-0.701401994566144));
#12957=DIRECTION('',(0.,1.,0.));
#12958=DIRECTION('center_axis',(-0.814516623548041,0.,-0.580140215778822));
#12959=DIRECTION('ref_axis',(-0.580140215778822,0.,0.814516623548041));
#12960=DIRECTION('',(0.,1.,0.));
#12961=DIRECTION('center_axis',(0.,-1.,0.));
#12962=DIRECTION('ref_axis',(0.701401994566148,0.,0.712765909691695));
#12963=DIRECTION('center_axis',(0.580140215778819,0.,-0.814516623548043));
#12964=DIRECTION('ref_axis',(-0.814516623548043,0.,-0.580140215778819));
#12965=DIRECTION('',(0.,1.,0.));
#12966=DIRECTION('center_axis',(0.,-1.,0.));
#12967=DIRECTION('ref_axis',(-0.701401994566148,0.,-0.712765909691695));
#12968=DIRECTION('',(0.,1.,0.));
#12969=DIRECTION('center_axis',(-0.701401994566145,0.,-0.712765909691698));
#12970=DIRECTION('ref_axis',(-0.712765909691698,0.,0.701401994566145));
#12971=DIRECTION('',(0.,1.,0.));
#12972=DIRECTION('center_axis',(0.,-1.,0.));
#12973=DIRECTION('ref_axis',(-0.701401994566147,0.,-0.712765909691696));
#12974=DIRECTION('',(0.,1.,0.));
#12975=DIRECTION('center_axis',(1.,0.,1.45020724424598E-17));
#12976=DIRECTION('ref_axis',(1.45020724424598E-17,0.,-1.));
#12977=DIRECTION('',(-1.45020724424598E-17,0.,1.));
#12978=DIRECTION('',(0.,1.,0.));
#12979=DIRECTION('center_axis',(9.71445146547012E-17,0.,-1.));
#12980=DIRECTION('ref_axis',(-1.,0.,-9.71445146547012E-17));
#12981=DIRECTION('',(1.,0.,9.71445146547012E-17));
#12982=DIRECTION('center_axis',(0.,1.,0.));
#12983=DIRECTION('ref_axis',(0.,0.,1.));
#12984=DIRECTION('axis',(0.,0.,1.));
#12985=DIRECTION('refdir',(1.,0.,0.));
#12986=DIRECTION('center_axis',(1.,-3.82856869892695E-16,-1.02798428206033E-16));
#12987=DIRECTION('ref_axis',(0.,-0.707106781186548,-0.707106781186548));
#12988=DIRECTION('center_axis',(-1.,3.85136522400882E-16,9.88110111049682E-17));
#12989=DIRECTION('ref_axis',(0.,-0.707106781186548,-0.707106781186548));
#12990=DIRECTION('',(-1.,3.82856869892695E-16,1.02798428206033E-16));
#12991=DIRECTION('center_axis',(1.,-3.85136522400882E-16,-9.94431004352384E-17));
#12992=DIRECTION('ref_axis',(0.,-0.707106781186548,-0.707106781186548));
#12993=DIRECTION('',(1.,-3.82856869892695E-16,-1.02798428206033E-16));
#12994=DIRECTION('center_axis',(-3.82856869892695E-16,-1.,-2.9738116731031E-16));
#12995=DIRECTION('ref_axis',(-9.99200722162641E-17,3.10862446895044E-16,
-1.));
#12996=DIRECTION('',(9.91270557701032E-17,-2.9738116731031E-16,1.));
#12997=DIRECTION('',(1.,-3.82856869892695E-16,-9.91270557701033E-17));
#12998=DIRECTION('',(9.91270557701032E-17,-2.9738116731031E-16,1.));
#12999=DIRECTION('center_axis',(1.,-3.85136522400882E-16,-9.88110111049682E-17));
#13000=DIRECTION('ref_axis',(9.99200722162641E-17,8.88178419700125E-17,
1.));
#13001=DIRECTION('',(3.85136522400882E-16,1.,6.00593337901214E-16));
#13002=DIRECTION('center_axis',(1.,-3.85136522400882E-16,-9.88110111049682E-17));
#13003=DIRECTION('ref_axis',(0.,0.707106781186548,0.707106781186548));
#13004=DIRECTION('',(-9.88110111049679E-17,7.43452918275775E-16,-1.));
#13005=DIRECTION('',(-3.82856869892695E-16,-1.,3.69778549322349E-32));
#13006=DIRECTION('',(9.88110111049682E-17,0.,1.));
#13007=DIRECTION('',(4.44089209850063E-16,1.,9.91270557701032E-17));
#13008=DIRECTION('center_axis',(-1.,3.85136522400882E-16,9.88110111049682E-17));
#13009=DIRECTION('ref_axis',(0.,-0.707106781186548,0.707106781186547));
#13010=DIRECTION('center_axis',(1.,0.,-4.24043516349886E-16));
#13011=DIRECTION('ref_axis',(-4.21884749357559E-16,0.,-1.));
#13012=DIRECTION('',(9.91270557701033E-17,0.,1.));
#13013=DIRECTION('center_axis',(-1.,0.,4.24043516349886E-16));
#13014=DIRECTION('ref_axis',(0.,1.,0.));
#13015=DIRECTION('',(0.,1.,0.));
#13016=DIRECTION('center_axis',(3.85136522400882E-16,1.,9.91270557701032E-17));
#13017=DIRECTION('ref_axis',(-0.707106781186547,0.,0.707106781186548));
#13018=DIRECTION('',(3.85136522400882E-16,1.,9.91270557701032E-17));
#13019=DIRECTION('center_axis',(2.7755575615629E-15,-1.,-3.46944695195361E-16));
#13020=DIRECTION('ref_axis',(0.,-3.46944695195361E-16,1.));
#13021=DIRECTION('',(-3.85136522400882E-16,-1.,-9.91270557701032E-17));
#13022=DIRECTION('center_axis',(-0.707106781186548,0.707106781186547,0.));
#13023=DIRECTION('ref_axis',(-0.707106781186547,-0.707106781186548,-1.40186826668194E-16));
#13024=DIRECTION('center_axis',(9.91270557701033E-17,0.,1.));
#13025=DIRECTION('ref_axis',(1.,0.,-1.04083408558608E-16));
#13026=DIRECTION('center_axis',(-9.91270557701033E-17,0.,-1.));
#13027=DIRECTION('ref_axis',(0.707106781186548,0.707106781186548,-8.67361737988403E-17));
#13028=DIRECTION('center_axis',(9.91270557701033E-17,0.,1.));
#13029=DIRECTION('ref_axis',(0.707106781186548,0.707106781186547,-7.00934133340971E-17));
#13030=DIRECTION('center_axis',(1.,-3.82856869892695E-16,-9.91270557701033E-17));
#13031=DIRECTION('ref_axis',(0.,-0.707106781186548,0.707106781186547));
#13032=DIRECTION('',(-1.,3.82856869892695E-16,9.91270557701033E-17));
#13033=DIRECTION('center_axis',(9.91270557701033E-17,0.,1.));
#13034=DIRECTION('ref_axis',(1.,0.,-9.91270557701033E-17));
#13035=DIRECTION('',(-1.,3.82856869892695E-16,9.91270557701033E-17));
#13036=DIRECTION('center_axis',(9.91270557701033E-17,0.,1.));
#13037=DIRECTION('ref_axis',(1.,-3.46944695195361E-16,0.));
#13038=DIRECTION('',(0.,1.,0.));
#13039=DIRECTION('center_axis',(9.91270557701032E-17,-9.91270557701033E-17,
1.));
#13040=DIRECTION('ref_axis',(-3.77475828372553E-16,-1.,-9.91270557701032E-17));
#13041=DIRECTION('center_axis',(1.,3.82856869892695E-16,-1.02798428206032E-16));
#13042=DIRECTION('ref_axis',(0.,-0.707106781186548,-0.707106781186547));
#13043=DIRECTION('center_axis',(-1.,-3.85136522400882E-16,6.94205435055858E-16));
#13044=DIRECTION('ref_axis',(0.,-0.707106781186548,-0.707106781186547));
#13045=DIRECTION('',(-1.,-3.82856869892695E-16,1.02798428206032E-16));
#13046=DIRECTION('center_axis',(1.,3.85136522400882E-16,-6.93573345725588E-16));
#13047=DIRECTION('ref_axis',(0.,-0.707106781186548,-0.707106781186547));
#13048=DIRECTION('',(1.,3.82856869892695E-16,-1.02798428206032E-16));
#13049=DIRECTION('center_axis',(3.82856869892695E-16,-1.,9.91270557701029E-17));
#13050=DIRECTION('ref_axis',(6.88338275267597E-16,8.88178419700125E-17,
1.));
#13051=DIRECTION('',(-6.93889390390723E-16,-9.91270557701032E-17,-1.));
#13052=DIRECTION('',(1.,3.82856869892695E-16,-6.93889390390723E-16));
#13053=DIRECTION('',(-6.93889390390723E-16,-9.91270557701032E-17,-1.));
#13054=DIRECTION('center_axis',(-1.,-3.85136522400882E-16,6.94205435055858E-16));
#13055=DIRECTION('ref_axis',(6.99440505513849E-16,-6.88338275267597E-16,
1.));
#13056=DIRECTION('',(-3.85136522400881E-16,1.,6.00593337901214E-16));
#13057=DIRECTION('center_axis',(1.,3.85136522400882E-16,-6.94205435055858E-16));
#13058=DIRECTION('ref_axis',(0.,0.707106781186548,0.707106781186548));
#13059=DIRECTION('',(-6.94205435055858E-16,7.43452918275775E-16,-1.));
#13060=DIRECTION('',(-4.44089209850063E-16,1.,4.27984432086052E-31));
#13061=DIRECTION('',(6.94205435055858E-16,0.,1.));
#13062=DIRECTION('',(-4.44089209850063E-16,1.,4.27984432086052E-31));
#13063=DIRECTION('center_axis',(-1.,-3.85136522400882E-16,6.94205435055858E-16));
#13064=DIRECTION('ref_axis',(1.96261557335472E-15,-0.707106781186548,0.707106781186547));
#13065=DIRECTION('center_axis',(-1.,-3.82856869892695E-16,6.93889390390723E-16));
#13066=DIRECTION('ref_axis',(1.96261557335472E-15,-0.707106781186548,0.707106781186547));
#13067=DIRECTION('center_axis',(1.,3.85136522400882E-16,-6.93573345725588E-16));
#13068=DIRECTION('ref_axis',(1.96261557335472E-15,-0.707106781186548,0.707106781186547));
#13069=DIRECTION('',(-1.,-3.82856869892695E-16,6.93889390390723E-16));
#13070=DIRECTION('center_axis',(4.24043516349886E-16,-6.12323399573677E-17,
1.));
#13071=DIRECTION('ref_axis',(0.707106781186547,0.707106781186548,0.));
#13072=DIRECTION('center_axis',(-6.29244994191929E-16,-3.70724795402135E-17,
-1.));
#13073=DIRECTION('ref_axis',(0.707106781186547,0.707106781186548,0.));
#13074=DIRECTION('',(-4.24043516349886E-16,6.12323399573677E-17,-1.));
#13075=DIRECTION('center_axis',(6.35175672742277E-16,3.67552507585024E-17,
1.));
#13076=DIRECTION('ref_axis',(0.707106781186547,0.707106781186548,0.));
#13077=DIRECTION('',(4.24043516349886E-16,-6.12323399573677E-17,1.));
#13078=DIRECTION('center_axis',(-4.24043516349886E-16,1.,6.12323399573678E-17));
#13079=DIRECTION('ref_axis',(1.,4.44089209850063E-16,-4.21884749357559E-16));
#13080=DIRECTION('',(1.,4.24043516349886E-16,-7.01599272506175E-16));
#13081=DIRECTION('',(-4.24043516349886E-16,6.12323399573677E-17,-1.));
#13082=DIRECTION('',(1.,4.24043516349886E-16,-7.01599272506175E-16));
#13083=DIRECTION('center_axis',(-6.35175672742277E-16,-3.67552507585024E-17,
-1.));
#13084=DIRECTION('ref_axis',(-4.24043516349886E-16,1.,-3.33066907387547E-17));
#13085=DIRECTION('',(6.94028808788193E-32,-1.,1.22464679914735E-16));
#13086=DIRECTION('',(-1.,0.,6.35175672742277E-16));
#13087=DIRECTION('',(6.94028808788193E-32,-1.,1.22464679914735E-16));
#13088=DIRECTION('center_axis',(6.35175672742277E-16,3.67552507585024E-17,
1.));
#13089=DIRECTION('ref_axis',(-0.707106781186547,0.707106781186548,0.));
#13090=DIRECTION('center_axis',(4.24043516349886E-16,-6.12323399573677E-17,
1.));
#13091=DIRECTION('ref_axis',(-0.707106781186547,0.707106781186548,0.));
#13092=DIRECTION('center_axis',(-6.29244994191929E-16,-3.70724795402135E-17,
-1.));
#13093=DIRECTION('ref_axis',(-0.707106781186547,0.707106781186548,0.));
#13094=DIRECTION('',(4.24043516349886E-16,-6.12323399573677E-17,1.));
#13095=DIRECTION('center_axis',(-1.,-4.93038065763132E-32,4.24043516349886E-16));
#13096=DIRECTION('ref_axis',(0.,1.,6.66133814775094E-17));
#13097=DIRECTION('',(4.24043516349886E-16,-6.12323399573677E-17,1.));
#13098=DIRECTION('',(0.,1.,6.12323399573677E-17));
#13099=DIRECTION('center_axis',(-1.,0.,4.24043516349886E-16));
#13100=DIRECTION('ref_axis',(0.,-1.,0.));
#13101=DIRECTION('',(1.,0.,-6.29244994191929E-16));
#13102=DIRECTION('center_axis',(-1.,0.,4.24043516349886E-16));
#13103=DIRECTION('ref_axis',(0.,-1.,-9.16932634192976E-17));
#13104=DIRECTION('',(-1.,0.,4.24043516349886E-16));
#13105=DIRECTION('center_axis',(1.,0.,-4.24043516349886E-16));
#13106=DIRECTION('ref_axis',(4.16333634234434E-16,1.38777878078145E-16,
1.));
#13107=DIRECTION('center_axis',(1.,4.93038065763132E-32,-4.24043516349886E-16));
#13108=DIRECTION('ref_axis',(0.,-1.,-6.66133814775094E-17));
#13109=DIRECTION('',(6.94028808788193E-32,-1.,1.22464679914735E-16));
#13110=DIRECTION('',(-4.24043516349886E-16,6.12323399573677E-17,-1.));
#13111=DIRECTION('center_axis',(-1.,0.,4.24043516349886E-16));
#13112=DIRECTION('ref_axis',(4.21884749357559E-16,0.,1.));
#13113=DIRECTION('center_axis',(1.,0.,-4.24043516349886E-16));
#13114=DIRECTION('ref_axis',(4.33680868994202E-16,-3.46944695195362E-16,
1.));
#13115=DIRECTION('',(0.,-1.,0.));
#13116=DIRECTION('center_axis',(1.,0.,-4.24043516349886E-16));
#13117=DIRECTION('ref_axis',(-4.21884749357559E-16,0.,-1.));
#13118=DIRECTION('center_axis',(1.,0.,-4.24043516349886E-16));
#13119=DIRECTION('ref_axis',(4.33680868994202E-16,1.73472347597681E-16,
1.));
#13120=DIRECTION('center_axis',(-6.29244994191929E-16,-3.70724795402135E-17,
-1.));
#13121=DIRECTION('ref_axis',(-4.24043516349886E-16,1.,-3.33066907387547E-17));
#13122=DIRECTION('center_axis',(-1.,0.,4.24043516349886E-16));
#13123=DIRECTION('ref_axis',(0.,-1.,0.));
#13124=DIRECTION('',(-1.,0.,4.24043516349886E-16));
#13125=DIRECTION('center_axis',(0.690052879819504,-0.218298067113804,-0.690052879819501));
#13126=DIRECTION('ref_axis',(-0.453931470280458,0.612059599405085,-0.647556381379343));
#13127=DIRECTION('center_axis',(-0.707106781186551,-1.86980304132173E-15,
0.707106781186544));
#13128=DIRECTION('ref_axis',(8.08352902872054E-15,1.,1.06651796609297E-14));
#13129=DIRECTION('',(-0.690052879819504,0.218298067113804,0.690052879819501));
#13130=DIRECTION('center_axis',(0.707106781186551,1.8516479029023E-15,-0.707106781186544));
#13131=DIRECTION('ref_axis',(8.08352902872054E-15,1.,1.06651796609297E-14));
#13132=DIRECTION('',(0.690052879819504,-0.218298067113804,-0.690052879819501));
#13133=DIRECTION('center_axis',(0.707106781186551,1.86980304132173E-15,
-0.707106781186544));
#13134=DIRECTION('ref_axis',(-0.707106781186544,-5.55111512312578E-16,-0.707106781186551));
#13135=DIRECTION('',(0.690052879819499,0.218298067113805,0.690052879819506));
#13136=DIRECTION('',(-9.29896218876618E-16,1.,1.71440460112704E-15));
#13137=DIRECTION('',(-0.707106781186545,8.39343338679222E-16,-0.70710678118655));
#13138=DIRECTION('center_axis',(-0.707106781186551,-1.86980304132173E-15,
0.707106781186544));
#13139=DIRECTION('ref_axis',(-0.499999999999998,-0.707106781186548,-0.500000000000002));
#13140=DIRECTION('',(-8.8763354916669E-16,1.,2.01444671035138E-15));
#13141=DIRECTION('center_axis',(-3.36535552919701E-16,-0.953429144188344,
0.301617086737939));
#13142=DIRECTION('ref_axis',(2.1094237467878E-16,0.301617086737939,0.953429144188344));
#13143=DIRECTION('',(-0.690052879819499,-0.218298067113805,-0.690052879819506));
#13144=DIRECTION('center_axis',(3.36535552919701E-16,0.953429144188344,
-0.301617086737939));
#13145=DIRECTION('ref_axis',(8.6783530409691E-16,-0.301617086737939,-0.953429144188344));
#13146=DIRECTION('',(8.6783530409691E-16,-0.301617086737939,-0.953429144188344));
#13147=DIRECTION('center_axis',(3.36535552919701E-16,0.953429144188344,
-0.301617086737939));
#13148=DIRECTION('ref_axis',(-1.3851713322496E-15,0.301617086737939,0.953429144188344));
#13149=DIRECTION('',(0.186327653428301,-0.296335066304812,-0.936732370555233));
#13150=DIRECTION('center_axis',(-3.36535552919701E-16,-0.953429144188344,
0.301617086737939));
#13151=DIRECTION('ref_axis',(2.1097570602634E-16,-0.30161708673794,-0.953429144188344));
#13152=DIRECTION('',(1.,3.82856869892695E-16,-6.93889390390723E-16));
#13153=DIRECTION('center_axis',(3.36535552919701E-16,0.953429144188344,
-0.301617086737939));
#13154=DIRECTION('ref_axis',(2.1097570602634E-16,-0.301617086737939,-0.953429144188344));
#13155=DIRECTION('',(-0.186327653428301,0.296335066304812,0.936732370555233));
#13156=DIRECTION('center_axis',(-3.36535552919701E-16,-0.953429144188344,
0.301617086737939));
#13157=DIRECTION('ref_axis',(-1.3851713322496E-15,0.301617086737939,0.953429144188344));
#13158=DIRECTION('',(-9.46932888216771E-16,0.301617086737939,0.953429144188344));
#13159=DIRECTION('center_axis',(-3.36535552919701E-16,-0.953429144188344,
0.301617086737939));
#13160=DIRECTION('ref_axis',(8.6783530409691E-16,-0.301617086737939,-0.953429144188344));
#13161=DIRECTION('center_axis',(0.690052879819504,0.218298067113803,0.690052879819501));
#13162=DIRECTION('ref_axis',(0.453931470280459,0.612059599405084,-0.647556381379343));
#13163=DIRECTION('center_axis',(-0.707106781186551,1.8516479029023E-15,
-0.707106781186544));
#13164=DIRECTION('ref_axis',(-6.30599908523225E-15,1.,8.88764971744143E-15));
#13165=DIRECTION('',(-0.690052879819504,-0.218298067113803,-0.690052879819501));
#13166=DIRECTION('center_axis',(0.707106781186551,-1.86980304132173E-15,
0.707106781186544));
#13167=DIRECTION('ref_axis',(-6.30599908523225E-15,1.,8.88764971744143E-15));
#13168=DIRECTION('',(0.690052879819504,0.218298067113803,0.690052879819501));
#13169=DIRECTION('center_axis',(0.707106781186551,-1.8516479029023E-15,
0.707106781186544));
#13170=DIRECTION('ref_axis',(0.707106781186544,-5.55111512312578E-16,-0.707106781186551));
#13171=DIRECTION('',(-0.690052879819499,0.218298067113805,0.690052879819506));
#13172=DIRECTION('',(-9.17058597386856E-16,-1.,-1.70156697963728E-15));
#13173=DIRECTION('',(-0.707106781186541,-5.54731196986972E-16,0.707106781186554));
#13174=DIRECTION('center_axis',(-0.707106781186551,1.8516479029023E-15,
-0.707106781186544));
#13175=DIRECTION('ref_axis',(0.499999999999996,-0.707106781186549,-0.500000000000002));
#13176=DIRECTION('',(8.8763354916669E-16,1.,2.01444671035138E-15));
#13177=DIRECTION('center_axis',(-3.36535552919701E-16,-0.953429144188344,
0.301617086737939));
#13178=DIRECTION('ref_axis',(2.1094237467878E-16,0.301617086737939,0.953429144188344));
#13179=DIRECTION('',(0.690052879819499,-0.218298067113805,-0.690052879819506));
#13180=DIRECTION('center_axis',(-3.36535552919701E-16,-0.953429144188344,
0.301617086737939));
#13181=DIRECTION('ref_axis',(-8.6783530409691E-16,-0.301617086737939,-0.953429144188344));
#13182=DIRECTION('',(-9.46932888216771E-16,-0.301617086737939,-0.953429144188344));
#13183=DIRECTION('center_axis',(-3.36535552919701E-16,-0.953429144188344,
0.301617086737939));
#13184=DIRECTION('ref_axis',(-9.51013153484798E-16,0.301617086737939,0.953429144188344));
#13185=DIRECTION('',(-0.186327653428301,-0.296335066304812,-0.936732370555233));
#13186=DIRECTION('center_axis',(3.36535552919701E-16,0.953429144188344,
-0.301617086737939));
#13187=DIRECTION('ref_axis',(-2.1097570602634E-16,-0.301617086737939,-0.953429144188344));
#13188=DIRECTION('',(1.,-3.82856869892695E-16,-9.91270557701033E-17));
#13189=DIRECTION('center_axis',(-3.36535552919701E-16,-0.953429144188344,
0.301617086737939));
#13190=DIRECTION('ref_axis',(-2.1097570602634E-16,-0.30161708673794,-0.953429144188344));
#13191=DIRECTION('',(0.186327653428301,0.296335066304812,0.936732370555233));
#13192=DIRECTION('center_axis',(3.36535552919701E-16,0.953429144188344,
-0.301617086737939));
#13193=DIRECTION('ref_axis',(-9.51013153484798E-16,0.301617086737939,0.953429144188344));
#13194=DIRECTION('',(8.6783530409691E-16,0.301617086737939,0.953429144188344));
#13195=DIRECTION('center_axis',(3.36535552919701E-16,0.953429144188344,
-0.301617086737939));
#13196=DIRECTION('ref_axis',(-8.6783530409691E-16,-0.301617086737939,-0.953429144188344));
#13197=DIRECTION('center_axis',(1.,3.32902352179723E-16,8.04911692853238E-16));
#13198=DIRECTION('ref_axis',(8.04911692853238E-16,0.,-1.));
#13199=DIRECTION('',(3.31936425480131E-16,-1.,8.69368982927141E-15));
#13200=DIRECTION('',(-8.88178419700125E-16,-1.31416001611687E-15,1.));
#13201=DIRECTION('',(-3.31936425480139E-16,1.,2.64338815386943E-16));
#13202=DIRECTION('',(3.32902352179723E-16,-1.,-6.04926681192556E-16));
#13203=DIRECTION('center_axis',(-3.32902352179723E-16,1.,1.11741073443015E-15));
#13204=DIRECTION('ref_axis',(1.,3.32902352179723E-16,8.04911692853239E-16));
#13205=DIRECTION('',(9.17058597386856E-16,-1.,-1.70156697963728E-15));
#13206=DIRECTION('center_axis',(3.32902352179723E-16,-1.,-1.11741073443015E-15));
#13207=DIRECTION('ref_axis',(0.707106781186549,0.,-0.707106781186546));
#13208=DIRECTION('center_axis',(0.,-0.707106781186551,0.707106781186545));
#13209=DIRECTION('ref_axis',(8.04556026972104E-16,-0.707106781186544,-0.707106781186551));
#13210=DIRECTION('center_axis',(0.707106781186551,1.8516479029023E-15,-0.707106781186544));
#13211=DIRECTION('ref_axis',(-0.707106781186544,-5.55111512312578E-16,-0.707106781186551));
#13212=DIRECTION('',(-8.8763354916669E-16,1.,2.01444671035138E-15));
#13213=DIRECTION('center_axis',(0.707106781186551,1.8516479029023E-15,-0.707106781186544));
#13214=DIRECTION('ref_axis',(-0.499999999999998,-0.707106781186548,-0.500000000000002));
#13215=DIRECTION('',(0.707106781186541,-5.54731196986972E-16,0.707106781186554));
#13216=DIRECTION('center_axis',(0.707106781186546,-7.96777227403949E-16,
0.707106781186549));
#13217=DIRECTION('ref_axis',(0.707106781186549,7.105427357601E-16,-0.707106781186546));
#13218=DIRECTION('',(0.707106781186549,6.92623866205708E-16,-0.707106781186546));
#13219=DIRECTION('center_axis',(-3.32902352179723E-16,1.,1.11741073443015E-15));
#13220=DIRECTION('ref_axis',(1.,3.32902352179723E-16,8.04911692853239E-16));
#13221=DIRECTION('',(-3.01472623680801E-16,1.,1.11741073443015E-15));
#13222=DIRECTION('center_axis',(0.,0.70710678118655,-0.707106781186545));
#13223=DIRECTION('ref_axis',(8.04556026972104E-16,-0.707106781186545,-0.70710678118655));
#13224=DIRECTION('center_axis',(-3.32902352179723E-16,1.,1.11741073443015E-15));
#13225=DIRECTION('ref_axis',(1.,0.,-2.77555756156287E-15));
#13226=DIRECTION('center_axis',(1.,3.31936425480139E-16,8.88178419700125E-16));
#13227=DIRECTION('ref_axis',(8.88178419700125E-16,0.,-1.));
#13228=DIRECTION('',(-3.3193642548014E-16,1.,6.04926681192556E-16));
#13229=DIRECTION('',(-3.31936425480139E-16,1.,2.64338815386943E-16));
#13230=DIRECTION('',(-8.88178419700125E-16,-1.31416001611687E-15,1.));
#13231=DIRECTION('center_axis',(1.,-3.32902352179723E-16,-8.04911692853238E-16));
#13232=DIRECTION('ref_axis',(-8.04911692853238E-16,0.,-1.));
#13233=DIRECTION('',(-3.32902352179723E-16,-1.,-6.04926681192556E-16));
#13234=DIRECTION('',(3.31936425480139E-16,1.,2.64338815386943E-16));
#13235=DIRECTION('',(8.88178419700125E-16,-1.31416001611687E-15,1.));
#13236=DIRECTION('',(3.01472623680801E-16,1.,1.11741073443015E-15));
#13237=DIRECTION('center_axis',(-4.41136989389955E-17,-1.,-6.04926681192557E-16));
#13238=DIRECTION('ref_axis',(-0.98078528040323,-7.47492744464975E-17,0.195090322016129));
#13239=DIRECTION('',(4.41136989389955E-17,1.,6.04926681192557E-16));
#13240=DIRECTION('center_axis',(0.98078528040323,7.47492744464975E-17,-0.195090322016129));
#13241=DIRECTION('ref_axis',(-0.195090322016129,6.66133814775094E-17,-0.98078528040323));
#13242=DIRECTION('',(3.96874610607054E-17,-1.,-1.83629800040104E-16));
#13243=DIRECTION('',(0.195090322016126,-1.72358765364386E-16,0.980785280403231));
#13244=DIRECTION('center_axis',(0.98078528040323,7.47492744464975E-17,-0.195090322016129));
#13245=DIRECTION('ref_axis',(-0.195090322016129,6.78287184137084E-17,-0.98078528040323));
#13246=DIRECTION('center_axis',(3.85136522400882E-16,1.,9.91270557701032E-17));
#13247=DIRECTION('ref_axis',(1.,-3.85136522400882E-16,-9.94431004352384E-17));
#13248=DIRECTION('center_axis',(-3.85136522400882E-16,-1.,-9.91270557701032E-17));
#13249=DIRECTION('ref_axis',(0.98078528040323,0.,-0.195090322016129));
#13250=DIRECTION('center_axis',(3.85136522400882E-16,1.,9.91270557701032E-17));
#13251=DIRECTION('ref_axis',(1.,-3.85136522400882E-16,-9.94431004352384E-17));
#13252=DIRECTION('',(-3.13778578821556E-17,1.,1.81976917199873E-16));
#13253=DIRECTION('center_axis',(-3.85136522400882E-16,-1.,-9.91270557701032E-17));
#13254=DIRECTION('ref_axis',(0.98078528040323,0.,-0.195090322016129));
#13255=DIRECTION('',(4.44089209850063E-16,1.,9.91270557701032E-17));
#13256=DIRECTION('center_axis',(0.98078528040323,6.62768765174283E-17,-0.195090322016129));
#13257=DIRECTION('ref_axis',(-0.195090322016129,6.66133814775094E-17,-0.98078528040323));
#13258=DIRECTION('',(-4.41136989389955E-17,-1.,-6.04926681192557E-16));
#13259=DIRECTION('center_axis',(-0.98078528040323,-6.62768765174283E-17,
0.195090322016129));
#13260=DIRECTION('ref_axis',(-0.195090322016129,6.78287184137084E-17,-0.98078528040323));
#13261=DIRECTION('',(0.195090322016126,-1.72358765364386E-16,0.980785280403231));
#13262=DIRECTION('center_axis',(0.707106781186549,6.92623866205708E-16,
-0.707106781186546));
#13263=DIRECTION('ref_axis',(-0.499999999999998,-0.707106781186548,-0.500000000000002));
#13264=DIRECTION('',(-0.707106781186549,-6.92623866205708E-16,0.707106781186546));
#13265=DIRECTION('center_axis',(-1.,-3.47678540446004E-16,-9.19049335169578E-32));
#13266=DIRECTION('ref_axis',(-6.93889390390722E-16,1.,0.));
#13267=DIRECTION('',(1.,3.47678540446004E-16,9.19049335169578E-32));
#13268=DIRECTION('center_axis',(0.98078528040323,-6.62768765174283E-17,
0.195090322016129));
#13269=DIRECTION('ref_axis',(0.195090322016129,6.78287184137084E-17,-0.98078528040323));
#13270=DIRECTION('',(-1.,-3.47678540446004E-16,-9.19049335169578E-32));
#13271=DIRECTION('center_axis',(-0.98078528040323,7.47492744464975E-17,
-0.195090322016129));
#13272=DIRECTION('ref_axis',(0.195090322016129,6.78287184137084E-17,-0.98078528040323));
#13273=DIRECTION('center_axis',(-3.47678540446004E-16,1.,1.06577911638012E-16));
#13274=DIRECTION('ref_axis',(0.195090322016128,1.77635683940025E-16,-0.98078528040323));
#13275=DIRECTION('',(-0.195090322016126,-1.72358765364386E-16,0.980785280403231));
#13276=DIRECTION('',(0.98078528040323,3.20205675680253E-16,0.195090322016129));
#13277=DIRECTION('',(-0.195090322016126,-1.72358765364386E-16,0.980785280403231));
#13278=DIRECTION('center_axis',(0.258819045102524,-0.965925826289068,-1.06105462370761E-15));
#13279=DIRECTION('ref_axis',(-0.965925826289067,-0.258819045102526,-5.55111512312578E-15));
#13280=DIRECTION('center_axis',(0.261389629770203,-0.855786192112917,0.446436395063697));
#13281=DIRECTION('ref_axis',(0.0932655644233349,-0.43795946237033,-0.894143748964946));
#13282=DIRECTION('',(0.258819045102524,-0.965925826289067,-1.06105462370761E-15));
#13283=DIRECTION('center_axis',(-0.267315771645321,0.932712600566609,-0.24205264504636));
#13284=DIRECTION('ref_axis',(-0.0323003989599718,0.242379497141715,0.969643678673953));
#13285=DIRECTION('center_axis',(-0.258819045102525,0.965925826289067,1.41161944309243E-15));
#13286=DIRECTION('ref_axis',(-0.965925826289067,-0.258819045102526,-5.55111512312578E-15));
#13287=DIRECTION('',(-0.258819045102524,0.965925826289067,1.06105462370761E-15));
#13288=DIRECTION('center_axis',(0.258819045102525,-0.965925826289067,-1.33845569535195E-15));
#13289=DIRECTION('ref_axis',(-0.965925826289067,-0.258819045102526,-5.55111512312578E-15));
#13290=DIRECTION('center_axis',(0.258819045102525,-0.965925826289067,-1.41161944309243E-15));
#13291=DIRECTION('ref_axis',(-5.55111512312578E-16,1.33226762955019E-15,
-1.));
#13292=DIRECTION('',(7.1417884105352E-16,1.65277962894903E-15,-1.));
#13293=DIRECTION('center_axis',(-0.258819045102525,0.965925826289067,1.41161944309243E-15));
#13294=DIRECTION('ref_axis',(-6.93889390390722E-16,0.,1.));
#13295=DIRECTION('',(2.8118379446493E-15,1.97624993304177E-15,-1.));
#13296=DIRECTION('center_axis',(8.04911692853238E-16,1.31416001611687E-15,
-1.));
#13297=DIRECTION('ref_axis',(1.,3.32902352179723E-16,8.04911692853239E-16));
#13298=DIRECTION('center_axis',(-8.04911692853238E-16,-1.31416001611687E-15,
1.));
#13299=DIRECTION('ref_axis',(0.258819045102524,-0.965925826289067,0.));
#13300=DIRECTION('center_axis',(8.04911692853238E-16,1.31416001611687E-15,
-1.));
#13301=DIRECTION('ref_axis',(1.,-5.55111512312577E-15,1.38777878078144E-15));
#13302=DIRECTION('center_axis',(-0.267315771699086,0.932712600969846,0.242052643433173));
#13303=DIRECTION('ref_axis',(0.0323003994736617,-0.24237949532424,0.969643679111151));
#13304=DIRECTION('center_axis',(-8.04911692853238E-16,-1.31416001611687E-15,
1.));
#13305=DIRECTION('ref_axis',(1.,0.,7.99360577730113E-16));
#13306=DIRECTION('center_axis',(-8.04911692853238E-16,-1.31416001611687E-15,
1.));
#13307=DIRECTION('ref_axis',(0.258819045102524,-0.965925826289067,0.));
#13308=DIRECTION('',(-1.,-3.32902352179723E-16,-8.04911692853238E-16));
#13309=DIRECTION('center_axis',(0.258819045102524,-0.965925826289068,-1.06105462370761E-15));
#13310=DIRECTION('ref_axis',(-6.93889390390722E-16,0.,1.));
#13311=DIRECTION('center_axis',(0.258819045102525,-0.965925826289067,-1.33845569535195E-15));
#13312=DIRECTION('ref_axis',(-6.93889390390722E-16,0.,1.));
#13313=DIRECTION('',(0.258819045102524,-0.965925826289067,-1.06105462370761E-15));
#13314=DIRECTION('',(-0.258819045102524,0.965925826289067,1.06105462370761E-15));
#13315=DIRECTION('center_axis',(0.261389628377528,-0.855786185572405,-0.4464364084168));
#13316=DIRECTION('ref_axis',(-0.0932655714919551,0.437959474243457,-0.894143742412077));
#13317=DIRECTION('center_axis',(0.965925826289068,0.258819045102524,3.22751801063012E-15));
#13318=DIRECTION('ref_axis',(2.63122856836162E-15,2.62012633811537E-15,
-1.));
#13319=DIRECTION('',(2.8118379446493E-15,1.97624993304177E-15,-1.));
#13320=DIRECTION('center_axis',(0.258819045102525,-0.965925826289067,-1.33845569535195E-15));
#13321=DIRECTION('ref_axis',(-5.38458166943201E-16,1.24344978758018E-15,
-1.));
#13322=DIRECTION('',(-7.33115012379834E-16,-1.5821088754584E-15,1.));
#13323=DIRECTION('center_axis',(-1.,-3.32902352179723E-16,-8.04911692853238E-16));
#13324=DIRECTION('ref_axis',(0.,0.707106781186548,0.707106781186548));
#13325=DIRECTION('',(1.,3.32902352179723E-16,8.04911692853238E-16));
#13326=DIRECTION('center_axis',(-1.,4.11193712824132E-16,1.02798428206033E-16));
#13327=DIRECTION('ref_axis',(0.,0.707106781186548,0.707106781186548));
#13328=DIRECTION('',(-1.,4.11193712824132E-16,1.02798428206033E-16));
#13329=DIRECTION('center_axis',(-1.,-3.85136522400882E-16,6.93573345725588E-16));
#13330=DIRECTION('ref_axis',(0.,0.707106781186548,0.707106781186548));
#13331=DIRECTION('',(1.,-4.11193712824132E-16,-1.02798428206033E-16));
#13332=DIRECTION('center_axis',(1.02798428206033E-16,-6.00593337901214E-16,
1.));
#13333=DIRECTION('ref_axis',(3.88578058618805E-16,1.,5.99520433297585E-16));
#13334=DIRECTION('',(3.85136522400881E-16,-1.,-6.00593337901214E-16));
#13335=DIRECTION('center_axis',(8.04911692853238E-16,1.31416001611687E-15,
-1.));
#13336=DIRECTION('ref_axis',(-1.,0.,-7.99360577730113E-16));
#13337=DIRECTION('',(-1.,0.,0.));
#13338=DIRECTION('center_axis',(-8.04911692853238E-16,-1.31416001611687E-15,
1.));
#13339=DIRECTION('ref_axis',(0.258819045102524,-0.965925826289067,0.));
#13340=DIRECTION('center_axis',(8.04911692853238E-16,1.31416001611687E-15,
-1.));
#13341=DIRECTION('ref_axis',(1.,3.32902352179723E-16,8.04911692853238E-16));
#13342=DIRECTION('center_axis',(-3.32902352179723E-16,1.,1.11741073443015E-15));
#13343=DIRECTION('ref_axis',(0.,1.11022302462516E-15,-1.));
#13344=DIRECTION('',(0.70710678118655,6.92623866205707E-16,-0.707106781186545));
#13345=DIRECTION('center_axis',(1.03746333918131E-16,1.,1.08326439912953E-15));
#13346=DIRECTION('ref_axis',(-0.707106781186546,8.43769498715119E-16,-0.707106781186549));
#13347=DIRECTION('center_axis',(0.,2.64338815386943E-16,-1.));
#13348=DIRECTION('ref_axis',(-1.,0.,0.));
#13349=DIRECTION('center_axis',(-4.41136989389955E-17,1.,6.04926681192557E-16));
#13350=DIRECTION('ref_axis',(0.98078528040323,-7.47492744464975E-17,0.195090322016129));
#13351=DIRECTION('',(1.56016355076794E-16,-1.,-5.82667858944115E-16));
#13352=DIRECTION('center_axis',(-4.41136989389955E-17,1.,6.04926681192557E-16));
#13353=DIRECTION('ref_axis',(0.98078528040323,-7.47492744464975E-17,0.195090322016129));
#13354=DIRECTION('',(1.56016355076794E-16,-1.,-5.82667858944115E-16));
#13355=DIRECTION('center_axis',(3.85136522400882E-16,-1.,-9.91270557701032E-17));
#13356=DIRECTION('ref_axis',(-1.,-3.85136522400882E-16,-9.94431004352384E-17));
#13357=DIRECTION('',(-3.96874610607054E-17,-1.,-1.83629800040104E-16));
#13358=DIRECTION('center_axis',(-3.85136522400882E-16,1.,9.91270557701032E-17));
#13359=DIRECTION('ref_axis',(-0.98078528040323,0.,-0.195090322016129));
#13360=DIRECTION('',(-4.44089209850063E-16,1.,4.27984432086052E-31));
#13361=DIRECTION('center_axis',(0.98078528040323,-6.62768765174283E-17,
0.195090322016129));
#13362=DIRECTION('ref_axis',(0.195090322016129,6.66133814775094E-17,-0.98078528040323));
#13363=DIRECTION('',(3.13778578821556E-17,1.,1.81976917199873E-16));
#13364=DIRECTION('center_axis',(-3.85136522400882E-16,1.,9.91270557701032E-17));
#13365=DIRECTION('ref_axis',(0.,8.88178419700125E-17,-1.));
#13366=DIRECTION('center_axis',(-3.85136522400882E-16,1.,9.91270557701032E-17));
#13367=DIRECTION('ref_axis',(-0.98078528040323,0.,-0.195090322016129));
#13368=DIRECTION('',(-1.,4.11193712824131E-16,6.93889390390723E-16));
#13369=DIRECTION('center_axis',(0.98078528040323,-7.47492744464975E-17,
0.195090322016129));
#13370=DIRECTION('ref_axis',(0.195090322016129,6.66133814775094E-17,-0.98078528040323));
#13371=DIRECTION('center_axis',(3.85136522400882E-16,-1.,-9.91270557701032E-17));
#13372=DIRECTION('ref_axis',(-1.,-3.85136522400882E-16,-9.94431004352384E-17));
#13373=DIRECTION('center_axis',(-0.707106781186549,6.92623866205708E-16,
-0.707106781186546));
#13374=DIRECTION('ref_axis',(0.499999999999996,-0.707106781186549,-0.500000000000002));
#13375=DIRECTION('center_axis',(0.707106781186551,-1.86980304132173E-15,
0.707106781186544));
#13376=DIRECTION('ref_axis',(0.499999999999996,-0.707106781186549,-0.500000000000002));
#13377=DIRECTION('',(0.707106781186549,-6.92623866205708E-16,0.707106781186546));
#13378=DIRECTION('',(-0.707106781186549,6.92623866205708E-16,-0.707106781186546));
#13379=DIRECTION('center_axis',(1.03746333918131E-16,-1.,-1.08326439912953E-15));
#13380=DIRECTION('ref_axis',(0.707106781186546,8.43769498715119E-16,-0.707106781186549));
#13381=DIRECTION('',(-0.70710678118655,6.92623866205707E-16,-0.707106781186545));
#13382=DIRECTION('',(0.707106781186545,8.39343338679222E-16,-0.70710678118655));
#13383=DIRECTION('center_axis',(1.,-3.47678540446004E-16,-9.19049335169578E-32));
#13384=DIRECTION('ref_axis',(0.,0.,-1.));
#13385=DIRECTION('',(-1.,3.47678540446004E-16,9.19049335169578E-32));
#13386=DIRECTION('',(1.,-3.47678540446004E-16,-9.19049335169578E-32));
#13387=DIRECTION('center_axis',(0.,-2.64338815386943E-16,1.));
#13388=DIRECTION('ref_axis',(1.,0.,0.));
#13389=DIRECTION('',(3.31936425480139E-16,1.,2.64338815386943E-16));
#13390=DIRECTION('',(1.,0.,0.));
#13391=DIRECTION('center_axis',(-0.258819045102524,-0.965925826289068,-1.06105462370761E-15));
#13392=DIRECTION('ref_axis',(-6.93889390390722E-16,0.,-1.));
#13393=DIRECTION('center_axis',(-0.258819045102525,-0.965925826289067,-1.33845569535195E-15));
#13394=DIRECTION('ref_axis',(-6.93889390390722E-16,0.,-1.));
#13395=DIRECTION('',(-0.258819045102524,-0.965925826289067,-1.06105462370761E-15));
#13396=DIRECTION('center_axis',(0.258819045102525,0.965925826289067,1.41161944309243E-15));
#13397=DIRECTION('ref_axis',(-6.93889390390722E-16,0.,-1.));
#13398=DIRECTION('center_axis',(0.267315771699086,0.932712600970244,-0.24205264343164));
#13399=DIRECTION('ref_axis',(0.0323003965858362,0.242379496123323,0.969643679007604));
#13400=DIRECTION('',(0.258819045102524,0.965925826289067,1.06105462370761E-15));
#13401=DIRECTION('center_axis',(-0.26138962837715,-0.855786185570868,0.446436408419966));
#13402=DIRECTION('ref_axis',(-0.0932655697208244,-0.437959474754386,-0.894143742346561));
#13403=DIRECTION('center_axis',(8.04911692853238E-16,-1.31416001611687E-15,
1.));
#13404=DIRECTION('ref_axis',(-1.,3.32902352179723E-16,8.04911692853238E-16));
#13405=DIRECTION('center_axis',(-8.04911692853238E-16,1.31416001611687E-15,
-1.));
#13406=DIRECTION('ref_axis',(-0.258819045102524,-0.965925826289067,0.));
#13407=DIRECTION('center_axis',(0.,0.70710678118655,-0.707106781186545));
#13408=DIRECTION('ref_axis',(-8.04556026972104E-16,-0.707106781186545,-0.70710678118655));
#13409=DIRECTION('center_axis',(-8.04911692853238E-16,1.31416001611687E-15,
-1.));
#13410=DIRECTION('ref_axis',(-0.258819045102524,-0.965925826289067,0.));
#13411=DIRECTION('center_axis',(-0.261389628376989,-0.855786185569839,-0.446436408422033));
#13412=DIRECTION('ref_axis',(0.0932655718539088,0.437959474145163,-0.894143742422468));
#13413=DIRECTION('',(7.33115012379834E-16,-1.5821088754584E-15,1.));
#13414=DIRECTION('center_axis',(-8.04911692853238E-16,1.31416001611687E-15,
-1.));
#13415=DIRECTION('ref_axis',(-1.,0.,7.99360577730113E-16));
#13416=DIRECTION('center_axis',(-8.04911692853238E-16,1.31416001611687E-15,
-1.));
#13417=DIRECTION('ref_axis',(-0.258819045102524,-0.965925826289067,0.));
#13418=DIRECTION('',(-1.,3.32902352179723E-16,8.04911692853238E-16));
#13419=DIRECTION('center_axis',(8.04911692853238E-16,-1.31416001611687E-15,
1.));
#13420=DIRECTION('ref_axis',(-1.,3.32902352179723E-16,8.04911692853239E-16));
#13421=DIRECTION('',(-7.1417884105352E-16,1.65277962894903E-15,-1.));
#13422=DIRECTION('center_axis',(0.267315771699062,0.932712600969626,0.242052643434047));
#13423=DIRECTION('ref_axis',(-0.0323003994943711,-0.242379495319406,0.969643679111669));
#13424=DIRECTION('center_axis',(8.04911692853238E-16,-1.31416001611687E-15,
1.));
#13425=DIRECTION('ref_axis',(-1.,-5.55111512312577E-15,1.38777878078144E-15));
#13426=DIRECTION('',(8.88178419700125E-16,-1.31416001611687E-15,1.));
#13427=DIRECTION('center_axis',(0.,-0.70710678118655,0.707106781186545));
#13428=DIRECTION('ref_axis',(-8.04556026972104E-16,-0.707106781186544,-0.70710678118655));
#13429=DIRECTION('center_axis',(-0.258819045102524,-0.965925826289068,-1.06105462370761E-15));
#13430=DIRECTION('ref_axis',(0.965925826289067,-0.258819045102526,-5.55111512312578E-15));
#13431=DIRECTION('',(-0.258819045102524,-0.965925826289067,-1.06105462370761E-15));
#13432=DIRECTION('center_axis',(0.258819045102525,0.965925826289067,1.41161944309243E-15));
#13433=DIRECTION('ref_axis',(0.965925826289067,-0.258819045102526,-5.55111512312578E-15));
#13434=DIRECTION('',(0.258819045102524,0.965925826289067,1.06105462370761E-15));
#13435=DIRECTION('center_axis',(-0.258819045102525,-0.965925826289067,-1.33845569535195E-15));
#13436=DIRECTION('ref_axis',(0.965925826289067,-0.258819045102526,-5.55111512312578E-15));
#13437=DIRECTION('center_axis',(8.04911692853238E-16,-1.31416001611687E-15,
1.));
#13438=DIRECTION('ref_axis',(1.,0.,-7.99360577730113E-16));
#13439=DIRECTION('center_axis',(0.258819045102525,0.965925826289067,1.33845569535195E-15));
#13440=DIRECTION('ref_axis',(5.38458166943201E-16,1.24344978758018E-15,
-1.));
#13441=DIRECTION('',(-2.8118379446493E-15,1.97624993304177E-15,-1.));
#13442=DIRECTION('center_axis',(1.,-3.32902352179723E-16,-8.04911692853238E-16));
#13443=DIRECTION('ref_axis',(0.,0.707106781186548,0.707106781186548));
#13444=DIRECTION('',(1.,-3.32902352179723E-16,-8.04911692853238E-16));
#13445=DIRECTION('center_axis',(-3.32902352179723E-16,-1.,-1.11741073443015E-15));
#13446=DIRECTION('ref_axis',(0.,1.11022302462516E-15,-1.));
#13447=DIRECTION('center_axis',(-3.32902352179723E-16,-1.,-1.11741073443015E-15));
#13448=DIRECTION('ref_axis',(-1.,0.,-2.77555756156287E-15));
#13449=DIRECTION('center_axis',(3.32902352179723E-16,1.,1.11741073443015E-15));
#13450=DIRECTION('ref_axis',(-0.707106781186549,0.,-0.707106781186546));
#13451=DIRECTION('center_axis',(-1.,4.11193712824132E-16,1.02798428206033E-16));
#13452=DIRECTION('ref_axis',(0.,0.707106781186548,0.707106781186548));
#13453=DIRECTION('',(-1.,4.11193712824132E-16,1.02798428206033E-16));
#13454=DIRECTION('center_axis',(-1.,3.85136522400882E-16,9.94431004352384E-17));
#13455=DIRECTION('ref_axis',(0.,0.707106781186548,0.707106781186548));
#13456=DIRECTION('',(1.,-4.11193712824132E-16,-1.02798428206033E-16));
#13457=DIRECTION('center_axis',(1.02798428206033E-16,-6.00593337901214E-16,
1.));
#13458=DIRECTION('ref_axis',(3.88578058618805E-16,1.,5.99520433297585E-16));
#13459=DIRECTION('',(-3.85136522400882E-16,-1.,-6.00593337901214E-16));
#13460=DIRECTION('center_axis',(0.965925826289068,-0.258819045102524,-3.22751801063012E-15));
#13461=DIRECTION('ref_axis',(-2.63122856836162E-15,2.62012633811537E-15,
-1.));
#13462=DIRECTION('',(-2.8118379446493E-15,1.97624993304177E-15,-1.));
#13463=DIRECTION('center_axis',(0.258819045102525,0.965925826289067,1.41161944309243E-15));
#13464=DIRECTION('ref_axis',(5.55111512312578E-16,1.33226762955019E-15,
-1.));
#13465=DIRECTION('center_axis',(-3.32902352179723E-16,-1.,-1.11741073443015E-15));
#13466=DIRECTION('ref_axis',(-1.,3.32902352179723E-16,8.04911692853239E-16));
#13467=DIRECTION('',(9.29896218876618E-16,1.,1.71440460112704E-15));
#13468=DIRECTION('',(-3.31936425480131E-16,-1.,8.69368982927141E-15));
#13469=DIRECTION('center_axis',(0.707106781186546,7.96777227403949E-16,
-0.707106781186549));
#13470=DIRECTION('ref_axis',(-0.707106781186549,7.105427357601E-16,-0.707106781186546));
#13471=DIRECTION('',(8.8763354916669E-16,1.,2.01444671035138E-15));
#13472=DIRECTION('center_axis',(0.707106781186551,-1.86980304132173E-15,
0.707106781186544));
#13473=DIRECTION('ref_axis',(0.707106781186544,-5.55111512312578E-16,-0.707106781186551));
#13474=DIRECTION('center_axis',(-3.32902352179723E-16,-1.,-1.11741073443015E-15));
#13475=DIRECTION('ref_axis',(-1.,3.32902352179723E-16,8.04911692853239E-16));
#13476=DIRECTION('center_axis',(-4.41136989389955E-17,-1.,-6.04926681192557E-16));
#13477=DIRECTION('ref_axis',(-0.98078528040323,-7.47492744464975E-17,0.195090322016129));
#13478=DIRECTION('',(3.3193642548014E-16,1.,6.04926681192556E-16));
#13479=DIRECTION('center_axis',(1.,-3.31936425480139E-16,-8.88178419700125E-16));
#13480=DIRECTION('ref_axis',(-8.88178419700125E-16,0.,-1.));
#13481=DIRECTION('center_axis',(-3.47678540446004E-16,-1.,-1.06577911638012E-16));
#13482=DIRECTION('ref_axis',(-0.195090322016128,1.77635683940025E-16,-0.98078528040323));
#13483=DIRECTION('',(-0.98078528040323,3.20205675680253E-16,0.195090322016129));
#13484=DIRECTION('center_axis',(-3.85136522400882E-16,-1.,-9.91270557701032E-17));
#13485=DIRECTION('ref_axis',(0.,8.88178419700125E-17,-1.));
#13486=DIRECTION('',(-1.,4.11193712824132E-16,9.91270557701033E-17));
#13487=DIRECTION('center_axis',(4.11193712824132E-16,1.,7.43452918275775E-16));
#13488=DIRECTION('ref_axis',(-9.99200722162641E-17,7.54951656745106E-16,
-1.));
#13489=DIRECTION('',(6.93573345725588E-16,-7.43452918275775E-16,1.));
#13490=DIRECTION('center_axis',(4.11193712824132E-16,1.,7.43452918275775E-16));
#13491=DIRECTION('ref_axis',(-9.99200722162641E-17,7.54951656745106E-16,
-1.));
#13492=DIRECTION('',(9.94431004352381E-17,-7.43452918275775E-16,1.));
#13493=DIRECTION('center_axis',(6.93889390390723E-16,0.,1.));
#13494=DIRECTION('ref_axis',(0.,1.,0.));
#13495=DIRECTION('',(-6.93573345725588E-16,0.,-1.));
#13496=DIRECTION('center_axis',(6.93889390390723E-16,0.,1.));
#13497=DIRECTION('ref_axis',(0.,1.,0.));
#13498=DIRECTION('',(6.93889390390723E-16,0.,1.));
#13499=DIRECTION('center_axis',(-6.93889390390723E-16,0.,-1.));
#13500=DIRECTION('ref_axis',(-1.,-3.46944695195361E-16,6.93889390390723E-16));
#13501=DIRECTION('center_axis',(6.93889390390723E-16,0.,1.));
#13502=DIRECTION('ref_axis',(1.,0.,-6.93889390390723E-16));
#13503=DIRECTION('',(-1.,-3.82856869892695E-16,6.93889390390723E-16));
#13504=DIRECTION('center_axis',(-6.93889390390723E-16,0.,-1.));
#13505=DIRECTION('ref_axis',(-1.,-3.46944695195361E-16,6.93889390390723E-16));
#13506=DIRECTION('center_axis',(-6.93889390390723E-16,0.,-1.));
#13507=DIRECTION('ref_axis',(-1.,0.,6.88338275267597E-16));
#13508=DIRECTION('',(0.,1.,0.));
#13509=DIRECTION('center_axis',(-6.93889390390723E-16,0.,-1.));
#13510=DIRECTION('ref_axis',(-1.,-3.46944695195361E-16,0.));
#13511=DIRECTION('center_axis',(6.93889390390723E-16,0.,1.));
#13512=DIRECTION('ref_axis',(-3.77475828372553E-16,1.,2.95822839457879E-31));
#13513=DIRECTION('',(3.82856869892695E-16,-1.,-2.95822839457879E-31));
#13514=DIRECTION('center_axis',(-1.,-3.85136522400882E-16,6.93573345725588E-16));
#13515=DIRECTION('ref_axis',(6.88338275267597E-16,-6.88338275267597E-16,
1.));
#13516=DIRECTION('center_axis',(6.93889390390723E-16,0.,1.));
#13517=DIRECTION('ref_axis',(0.,1.,0.));
#13518=DIRECTION('',(-6.93889390390723E-16,0.,-1.));
#13519=DIRECTION('center_axis',(-4.62592926927148E-16,0.,-1.));
#13520=DIRECTION('ref_axis',(-1.,0.,4.66293670342566E-16));
#13521=DIRECTION('',(1.,0.,-4.62592926927148E-16));
#13522=DIRECTION('',(0.,-1.,0.));
#13523=DIRECTION('',(1.,0.,-4.62592926927148E-16));
#13524=DIRECTION('center_axis',(0.,1.,0.));
#13525=DIRECTION('ref_axis',(0.,0.,1.));
#13526=DIRECTION('',(-9.91270557701033E-17,0.,-1.));
#13527=DIRECTION('center_axis',(-9.91270557701033E-17,0.,-1.));
#13528=DIRECTION('ref_axis',(0.,1.,0.));
#13529=DIRECTION('center_axis',(-9.91270557701033E-17,0.,-1.));
#13530=DIRECTION('ref_axis',(-5.20417042793042E-16,1.,0.));
#13531=DIRECTION('center_axis',(1.,-3.85136522400882E-16,-9.94431004352384E-17));
#13532=DIRECTION('ref_axis',(9.99200722162641E-17,8.88178419700125E-17,
1.));
#13533=DIRECTION('',(-9.94431004352384E-17,0.,-1.));
#13534=DIRECTION('center_axis',(-9.91270557701033E-17,0.,-1.));
#13535=DIRECTION('ref_axis',(-1.,0.,8.88178419700125E-17));
#13536=DIRECTION('center_axis',(9.91270557701033E-17,0.,1.));
#13537=DIRECTION('ref_axis',(1.,-3.46944695195361E-16,0.));
#13538=DIRECTION('center_axis',(-9.91270557701033E-17,0.,-1.));
#13539=DIRECTION('ref_axis',(0.,1.,0.));
#13540=DIRECTION('',(9.91270557701033E-17,0.,1.));
#13541=DIRECTION('center_axis',(0.,1.,0.));
#13542=DIRECTION('ref_axis',(0.,0.,1.));
#13543=DIRECTION('',(4.84544764848678E-16,-4.00677378777791E-17,1.));
#13544=DIRECTION('',(1.,6.80011602582907E-16,-4.84544764848678E-16));
#13545=DIRECTION('',(1.,7.24562637380818E-18,2.46330733588707E-16));
#13546=DIRECTION('',(2.46330733588707E-16,-5.55111512312575E-17,-1.));
#13547=DIRECTION('',(1.,4.09592741633389E-16,-2.46330733588706E-16));
#13548=DIRECTION('',(-2.46330733588706E-16,-5.55111512312576E-17,-1.));
#13549=DIRECTION('',(9.05011681217151E-17,1.78785803566413E-16,-1.));
#13550=DIRECTION('',(1.,-3.92047505570755E-16,9.0501168121715E-17));
#13551=DIRECTION('',(9.05011681217151E-17,1.78785803566413E-16,-1.));
#13552=DIRECTION('',(1.,-3.92047505570755E-16,9.0501168121715E-17));
#13553=DIRECTION('',(9.05011681217151E-17,1.78785803566413E-16,-1.));
#13554=DIRECTION('',(1.,-3.92047505570755E-16,9.0501168121715E-17));
#13555=DIRECTION('',(9.05011681217151E-17,1.78785803566413E-16,-1.));
#13556=DIRECTION('',(1.,-3.92047505570755E-16,9.0501168121715E-17));
#13557=DIRECTION('',(9.05011681217151E-17,1.78785803566413E-16,-1.));
#13558=DIRECTION('',(1.,-3.92047505570755E-16,9.0501168121715E-17));
#13559=DIRECTION('',(9.05011681217151E-17,1.78785803566413E-16,-1.));
#13560=DIRECTION('',(1.,-3.92047505570755E-16,9.0501168121715E-17));
#13561=CARTESIAN_POINT('',(0.,0.,0.));
#13562=CARTESIAN_POINT('',(0.,0.,0.));
#13563=CARTESIAN_POINT('Origin',(7.275,2.375,-4.35));
#13564=CARTESIAN_POINT('',(7.2,2.45,-5.));
#13565=CARTESIAN_POINT('',(7.33543046357616,2.31456953642383,-5.));
#13566=CARTESIAN_POINT('',(5.76250000000001,3.88749999999999,-5.));
#13567=CARTESIAN_POINT('',(7.2,2.45,-7.));
#13568=CARTESIAN_POINT('',(7.2,2.45,-4.35));
#13569=CARTESIAN_POINT('',(7.35,2.3,-7.));
#13570=CARTESIAN_POINT('',(7.275,2.375,-7.));
#13571=CARTESIAN_POINT('',(7.35,2.3,-6.17007880954448));
#13572=CARTESIAN_POINT('',(7.35,2.3,-4.35));
#13573=CARTESIAN_POINT('',(7.33543046357616,2.31456953642383,-6.));
#13574=CARTESIAN_POINT('Origin',(8.33543046357616,1.31456953642383,-6.));
#13575=CARTESIAN_POINT('',(7.33543046357616,2.31456953642383,-5.675));
#13576=CARTESIAN_POINT('Origin',(7.2,-0.35,-0.800000000000003));
#13577=CARTESIAN_POINT('',(7.2,0.,-5.));
#13578=CARTESIAN_POINT('',(7.2,0.4,-5.));
#13579=CARTESIAN_POINT('',(7.2,0.,-1.));
#13580=CARTESIAN_POINT('',(7.2,0.,-0.400000000000001));
#13581=CARTESIAN_POINT('',(7.2,-0.35,-1.));
#13582=CARTESIAN_POINT('',(7.2,-0.175,-1.));
#13583=CARTESIAN_POINT('',(7.2,-0.35,-0.800000000000003));
#13584=CARTESIAN_POINT('',(7.2,-0.35,-0.650000000000002));
#13585=CARTESIAN_POINT('',(7.2,5.75,-0.800000000000003));
#13586=CARTESIAN_POINT('',(7.2,0.9,-0.800000000000003));
#13587=CARTESIAN_POINT('',(7.2,5.75,-5.6));
#13588=CARTESIAN_POINT('',(7.2,5.75,-5.6));
#13589=CARTESIAN_POINT('',(7.2,4.6,-5.6));
#13590=CARTESIAN_POINT('',(7.2,1.15,-5.6));
#13591=CARTESIAN_POINT('',(7.2,4.6,-6.3));
#13592=CARTESIAN_POINT('',(7.2,4.6,-7.));
#13593=CARTESIAN_POINT('',(7.2,6.1,-6.3));
#13594=CARTESIAN_POINT('',(7.2,4.6,-6.3));
#13595=CARTESIAN_POINT('',(7.2,6.1,-7.));
#13596=CARTESIAN_POINT('',(7.2,6.1,-7.));
#13597=CARTESIAN_POINT('',(7.2,2.3,-7.));
#13598=CARTESIAN_POINT('Origin',(6.84583333333333,2.375,-7.45));
#13599=CARTESIAN_POINT('',(6.92083333333333,2.45,-5.6));
#13600=CARTESIAN_POINT('',(6.77083333333333,2.3,-5.6));
#13601=CARTESIAN_POINT('',(6.628125,2.15729166666667,-5.6));
#13602=CARTESIAN_POINT('',(6.77083333333333,2.3,-7.));
#13603=CARTESIAN_POINT('',(6.77083333333333,2.3,-7.45));
#13604=CARTESIAN_POINT('',(6.92083333333333,2.45,-7.));
#13605=CARTESIAN_POINT('',(6.915625,2.44479166666667,-7.));
#13606=CARTESIAN_POINT('',(6.92083333333333,2.45,-7.45));
#13607=CARTESIAN_POINT('Origin',(7.875,2.3,-7.9));
#13608=CARTESIAN_POINT('',(7.5375,2.3,-7.));
#13609=CARTESIAN_POINT('',(5.77083333333333,2.3,-5.6));
#13610=CARTESIAN_POINT('',(7.5375,2.3,-5.6));
#13611=CARTESIAN_POINT('',(5.77083333333333,2.3,-7.));
#13612=CARTESIAN_POINT('',(5.77083333333333,2.3,-6.75));
#13613=CARTESIAN_POINT('',(5.19166666666666,2.3,-7.));
#13614=CARTESIAN_POINT('',(6.74791666666667,2.3,-7.));
#13615=CARTESIAN_POINT('',(5.19166666666666,2.3,-5.));
#13616=CARTESIAN_POINT('',(5.19166666666666,2.3,-6.75));
#13617=CARTESIAN_POINT('',(4.84166666666667,2.3,-5.));
#13618=CARTESIAN_POINT('',(-7.33543046357616,2.3,-5.));
#13619=CARTESIAN_POINT('',(4.84166666666667,2.3,-7.));
#13620=CARTESIAN_POINT('',(4.84166666666667,2.3,-4.35));
#13621=CARTESIAN_POINT('',(4.2625,2.3,-7.));
#13622=CARTESIAN_POINT('',(6.28333333333333,2.3,-7.));
#13623=CARTESIAN_POINT('',(4.2625,2.3,-5.6));
#13624=CARTESIAN_POINT('',(4.2625,2.3,-7.45));
#13625=CARTESIAN_POINT('',(3.2625,2.3,-5.6));
#13626=CARTESIAN_POINT('',(6.28333333333333,2.3,-5.6));
#13627=CARTESIAN_POINT('',(3.2625,2.3,-7.));
#13628=CARTESIAN_POINT('',(3.2625,2.3,-6.75));
#13629=CARTESIAN_POINT('',(2.68333333333333,2.3,-7.));
#13630=CARTESIAN_POINT('',(5.49375,2.3,-7.));
#13631=CARTESIAN_POINT('',(2.68333333333333,2.3,-5.));
#13632=CARTESIAN_POINT('',(2.68333333333333,2.3,-6.75));
#13633=CARTESIAN_POINT('',(2.33333333333333,2.3,-5.));
#13634=CARTESIAN_POINT('',(-7.33543046357616,2.3,-5.));
#13635=CARTESIAN_POINT('',(2.33333333333333,2.3,-7.));
#13636=CARTESIAN_POINT('',(2.33333333333333,2.3,-4.35));
#13637=CARTESIAN_POINT('',(1.75416666666667,2.3,-7.));
#13638=CARTESIAN_POINT('',(5.02916666666667,2.3,-7.));
#13639=CARTESIAN_POINT('',(1.75416666666667,2.3,-5.6));
#13640=CARTESIAN_POINT('',(1.75416666666667,2.3,-7.45));
#13641=CARTESIAN_POINT('',(0.754166666666667,2.3,-5.6));
#13642=CARTESIAN_POINT('',(5.02916666666667,2.3,-5.6));
#13643=CARTESIAN_POINT('',(0.754166666666667,2.3,-7.));
#13644=CARTESIAN_POINT('',(0.754166666666667,2.3,-6.75));
#13645=CARTESIAN_POINT('',(0.175,2.3,-7.));
#13646=CARTESIAN_POINT('',(4.23958333333333,2.3,-7.));
#13647=CARTESIAN_POINT('',(0.175,2.3,-5.));
#13648=CARTESIAN_POINT('',(0.175,2.3,-6.75));
#13649=CARTESIAN_POINT('',(-0.175,2.3,-5.));
#13650=CARTESIAN_POINT('',(-7.33543046357616,2.3,-5.));
#13651=CARTESIAN_POINT('',(-0.175,2.3,-7.));
#13652=CARTESIAN_POINT('',(-0.175,2.3,-4.35));
#13653=CARTESIAN_POINT('',(-0.754166666666666,2.3,-7.));
#13654=CARTESIAN_POINT('',(3.775,2.3,-7.));
#13655=CARTESIAN_POINT('',(-0.754166666666666,2.3,-5.6));
#13656=CARTESIAN_POINT('',(-0.754166666666666,2.3,-7.45));
#13657=CARTESIAN_POINT('',(-1.75416666666667,2.3,-5.6));
#13658=CARTESIAN_POINT('',(3.775,2.3,-5.6));
#13659=CARTESIAN_POINT('',(-1.75416666666667,2.3,-7.));
#13660=CARTESIAN_POINT('',(-1.75416666666667,2.3,-6.75));
#13661=CARTESIAN_POINT('',(-2.33333333333333,2.3,-7.));
#13662=CARTESIAN_POINT('',(2.98541666666667,2.3,-7.));
#13663=CARTESIAN_POINT('',(-2.33333333333333,2.3,-5.));
#13664=CARTESIAN_POINT('',(-2.33333333333333,2.3,-6.75));
#13665=CARTESIAN_POINT('',(-2.68333333333333,2.3,-5.));
#13666=CARTESIAN_POINT('',(-7.33543046357616,2.3,-5.));
#13667=CARTESIAN_POINT('',(-2.68333333333333,2.3,-7.));
#13668=CARTESIAN_POINT('',(-2.68333333333333,2.3,-4.35));
#13669=CARTESIAN_POINT('',(-3.2625,2.3,-7.));
#13670=CARTESIAN_POINT('',(2.52083333333333,2.3,-7.));
#13671=CARTESIAN_POINT('',(-3.2625,2.3,-5.6));
#13672=CARTESIAN_POINT('',(-3.2625,2.3,-7.45));
#13673=CARTESIAN_POINT('',(-4.2625,2.3,-5.6));
#13674=CARTESIAN_POINT('',(2.52083333333333,2.3,-5.6));
#13675=CARTESIAN_POINT('',(-4.2625,2.3,-7.));
#13676=CARTESIAN_POINT('',(-4.2625,2.3,-6.75));
#13677=CARTESIAN_POINT('',(-4.84166666666667,2.3,-7.));
#13678=CARTESIAN_POINT('',(1.73125,2.3,-7.));
#13679=CARTESIAN_POINT('',(-4.84166666666667,2.3,-5.));
#13680=CARTESIAN_POINT('',(-4.84166666666667,2.3,-6.75));
#13681=CARTESIAN_POINT('',(-5.19166666666667,2.3,-5.));
#13682=CARTESIAN_POINT('',(-7.33543046357616,2.3,-5.));
#13683=CARTESIAN_POINT('',(-5.19166666666667,2.3,-7.));
#13684=CARTESIAN_POINT('',(-5.19166666666667,2.3,-4.35));
#13685=CARTESIAN_POINT('',(-5.77083333333333,2.3,-7.));
#13686=CARTESIAN_POINT('',(1.26666666666667,2.3,-7.));
#13687=CARTESIAN_POINT('',(-5.77083333333333,2.3,-5.6));
#13688=CARTESIAN_POINT('',(-5.77083333333333,2.3,-7.45));
#13689=CARTESIAN_POINT('',(-6.77083333333333,2.3,-5.6));
#13690=CARTESIAN_POINT('',(1.26666666666667,2.3,-5.59999999999999));
#13691=CARTESIAN_POINT('',(-6.77083333333333,2.3,-7.));
#13692=CARTESIAN_POINT('',(-6.77083333333333,2.3,-6.75));
#13693=CARTESIAN_POINT('',(-7.35,2.3,-7.));
#13694=CARTESIAN_POINT('',(0.477083333333335,2.3,-7.));
#13695=CARTESIAN_POINT('',(-7.35,2.3,-6.17007880954449));
#13696=CARTESIAN_POINT('',(-7.35,2.3,-6.45));
#13697=CARTESIAN_POINT('',(-8.33543046357616,2.3,-7.));
#13698=CARTESIAN_POINT('Origin',(-8.33543046357616,2.3,-6.));
#13699=CARTESIAN_POINT('',(-7.875,2.3,-7.));
#13700=CARTESIAN_POINT('',(2.73228476821192,2.3,-7.));
#13701=CARTESIAN_POINT('',(-7.875,2.3,-7.9));
#13702=CARTESIAN_POINT('',(-7.875,2.3,-7.9));
#13703=CARTESIAN_POINT('',(7.875,2.3,-7.9));
#13704=CARTESIAN_POINT('',(3.9375,2.3,-7.9));
#13705=CARTESIAN_POINT('',(7.875,2.3,-7.));
#13706=CARTESIAN_POINT('',(7.875,2.3,-7.9));
#13707=CARTESIAN_POINT('',(8.33543046357616,2.3,-7.));
#13708=CARTESIAN_POINT('',(10.5677152317881,2.3,-7.));
#13709=CARTESIAN_POINT('Origin',(8.33543046357616,2.3,-6.));
#13710=CARTESIAN_POINT('Origin',(7.2,1.15,-5.6));
#13711=CARTESIAN_POINT('',(6.92083333333333,4.6,-5.6));
#13712=CARTESIAN_POINT('',(6.92083333333333,1.725,-5.6));
#13713=CARTESIAN_POINT('',(7.13020833333333,4.6,-5.6));
#13714=CARTESIAN_POINT('',(6.59583333333333,5.75,-5.6));
#13715=CARTESIAN_POINT('',(5.34166666666667,5.75,-5.6));
#13716=CARTESIAN_POINT('',(6.59583333333333,6.53115122312898,-5.6));
#13717=CARTESIAN_POINT('',(6.59583333333333,5.875,-5.6));
#13718=CARTESIAN_POINT('',(6.59599045967333,6.53130841121495,-5.6));
#13719=CARTESIAN_POINT('',(5.50931441198657,5.44420533220817,-5.6));
#13720=CARTESIAN_POINT('',(5.94567620699333,6.53130841121495,-5.6));
#13721=CARTESIAN_POINT('',(10.25,6.53130841121495,-5.6));
#13722=CARTESIAN_POINT('',(5.94583333333333,6.53115122312898,-5.6));
#13723=CARTESIAN_POINT('',(7.49725379827397,4.97912109615479,-5.6));
#13724=CARTESIAN_POINT('',(5.94583333333333,5.75,-5.6));
#13725=CARTESIAN_POINT('',(5.94583333333333,3.325,-5.6));
#13726=CARTESIAN_POINT('',(5.34166666666667,5.75,-5.6));
#13727=CARTESIAN_POINT('',(5.34166666666667,5.75,-5.6));
#13728=CARTESIAN_POINT('',(5.34166666666667,4.6,-5.6));
#13729=CARTESIAN_POINT('',(5.34166666666667,1.15,-5.6));
#13730=CARTESIAN_POINT('',(5.62083333333333,4.6,-5.6));
#13731=CARTESIAN_POINT('',(6.340625,4.6,-5.6));
#13732=CARTESIAN_POINT('',(5.62083333333333,2.45,-5.6));
#13733=CARTESIAN_POINT('',(5.62083333333333,1.725,-5.6));
#13734=CARTESIAN_POINT('',(6.378125,1.69270833333333,-5.6));
#13735=CARTESIAN_POINT('Origin',(5.69583333333333,2.375,-6.75));
#13736=CARTESIAN_POINT('',(5.62083333333333,2.45,-7.));
#13737=CARTESIAN_POINT('',(5.62083333333333,2.45,-6.75));
#13738=CARTESIAN_POINT('',(5.69583333333333,2.375,-7.));
#13739=CARTESIAN_POINT('Origin',(5.26666666666666,2.375,-6.75));
#13740=CARTESIAN_POINT('',(5.34166666666667,2.45,-7.));
#13741=CARTESIAN_POINT('',(5.33645833333333,2.44479166666667,-7.));
#13742=CARTESIAN_POINT('',(5.34166666666667,2.45,-5.));
#13743=CARTESIAN_POINT('',(5.34166666666667,2.45,-6.75));
#13744=CARTESIAN_POINT('',(3.64375,0.752083333333333,-5.));
#13745=CARTESIAN_POINT('Origin',(5.34166666666667,1.15,-5.6));
#13746=CARTESIAN_POINT('',(5.34166666666667,1.15,-5.));
#13747=CARTESIAN_POINT('',(5.34166666666667,1.15,-5.));
#13748=CARTESIAN_POINT('',(5.34166666666667,6.1,-7.));
#13749=CARTESIAN_POINT('',(5.34166666666667,2.3,-7.));
#13750=CARTESIAN_POINT('',(5.34166666666667,6.1,-6.3));
#13751=CARTESIAN_POINT('',(5.34166666666667,6.1,-6.3));
#13752=CARTESIAN_POINT('',(5.34166666666667,4.6,-6.3));
#13753=CARTESIAN_POINT('',(5.34166666666667,4.6,-6.3));
#13754=CARTESIAN_POINT('',(5.34166666666667,4.6,-5.6));
#13755=CARTESIAN_POINT('',(5.34166666666667,5.75,-0.800000000000003));
#13756=CARTESIAN_POINT('',(5.34166666666667,5.75,-0.800000000000003));
#13757=CARTESIAN_POINT('',(5.34166666666667,1.15,-0.800000000000003));
#13758=CARTESIAN_POINT('',(5.34166666666667,1.15,-0.800000000000003));
#13759=CARTESIAN_POINT('',(5.34166666666667,1.15,-4.25));
#13760=CARTESIAN_POINT('Origin',(4.76666666666666,2.375,-4.35));
#13761=CARTESIAN_POINT('',(4.69166666666666,2.45,-5.));
#13762=CARTESIAN_POINT('',(3.88125,3.26041666666666,-5.));
#13763=CARTESIAN_POINT('',(4.69166666666666,2.45,-7.));
#13764=CARTESIAN_POINT('',(4.69166666666666,2.45,-4.35));
#13765=CARTESIAN_POINT('',(4.76666666666666,2.375,-7.));
#13766=CARTESIAN_POINT('Origin',(4.69166666666666,1.15,-0.800000000000003));
#13767=CARTESIAN_POINT('',(4.69166666666666,1.15,-5.));
#13768=CARTESIAN_POINT('',(4.69166666666666,1.15,-5.));
#13769=CARTESIAN_POINT('',(4.69166666666666,1.15,-0.800000000000003));
#13770=CARTESIAN_POINT('',(4.69166666666666,1.15,-1.85));
#13771=CARTESIAN_POINT('',(4.69166666666666,5.75,-0.800000000000003));
#13772=CARTESIAN_POINT('',(4.69166666666666,1.15,-0.800000000000003));
#13773=CARTESIAN_POINT('',(4.69166666666666,5.75,-5.6));
#13774=CARTESIAN_POINT('',(4.69166666666666,5.75,-5.6));
#13775=CARTESIAN_POINT('',(4.69166666666666,4.6,-5.6));
#13776=CARTESIAN_POINT('',(4.69166666666666,1.15,-5.6));
#13777=CARTESIAN_POINT('',(4.69166666666666,4.6,-6.3));
#13778=CARTESIAN_POINT('',(4.69166666666666,4.6,-7.));
#13779=CARTESIAN_POINT('',(4.69166666666666,6.1,-6.3));
#13780=CARTESIAN_POINT('',(4.69166666666666,4.6,-6.3));
#13781=CARTESIAN_POINT('',(4.69166666666666,6.1,-7.));
#13782=CARTESIAN_POINT('',(4.69166666666666,6.1,-7.));
#13783=CARTESIAN_POINT('',(4.69166666666666,2.3,-7.));
#13784=CARTESIAN_POINT('Origin',(4.3375,2.375,-7.45));
#13785=CARTESIAN_POINT('',(4.4125,2.45,-5.6));
#13786=CARTESIAN_POINT('',(4.11979166666667,2.15729166666667,-5.6));
#13787=CARTESIAN_POINT('',(4.4125,2.45,-7.));
#13788=CARTESIAN_POINT('',(4.40729166666666,2.44479166666667,-7.));
#13789=CARTESIAN_POINT('',(4.4125,2.45,-7.45));
#13790=CARTESIAN_POINT('Origin',(4.69166666666666,1.15,-5.6));
#13791=CARTESIAN_POINT('',(4.4125,4.6,-5.6));
#13792=CARTESIAN_POINT('',(4.4125,1.725,-5.6));
#13793=CARTESIAN_POINT('',(4.621875,4.6,-5.6));
#13794=CARTESIAN_POINT('',(4.0875,5.75,-5.6));
#13795=CARTESIAN_POINT('',(2.83333333333333,5.75,-5.6));
#13796=CARTESIAN_POINT('',(4.0875,6.53115122312898,-5.6));
#13797=CARTESIAN_POINT('',(4.0875,5.875,-5.6));
#13798=CARTESIAN_POINT('',(4.08765712633999,6.53130841121495,-5.6));
#13799=CARTESIAN_POINT('',(3.00098107865323,5.44420533220817,-5.6));
#13800=CARTESIAN_POINT('',(3.43734287366,6.53130841121495,-5.6));
#13801=CARTESIAN_POINT('',(8.99583333333333,6.53130841121495,-5.6));
#13802=CARTESIAN_POINT('',(3.4375,6.53115122312898,-5.6));
#13803=CARTESIAN_POINT('',(4.98892046494063,4.97912109615479,-5.6));
#13804=CARTESIAN_POINT('',(3.4375,5.75,-5.6));
#13805=CARTESIAN_POINT('',(3.4375,3.325,-5.6));
#13806=CARTESIAN_POINT('',(2.83333333333333,5.75,-5.6));
#13807=CARTESIAN_POINT('',(2.83333333333333,5.75,-5.6));
#13808=CARTESIAN_POINT('',(2.83333333333333,4.6,-5.6));
#13809=CARTESIAN_POINT('',(2.83333333333333,1.15,-5.6));
#13810=CARTESIAN_POINT('',(3.1125,4.6,-5.6));
#13811=CARTESIAN_POINT('',(3.83229166666667,4.6,-5.6));
#13812=CARTESIAN_POINT('',(3.1125,2.45,-5.6));
#13813=CARTESIAN_POINT('',(3.1125,1.725,-5.6));
#13814=CARTESIAN_POINT('',(3.86979166666667,1.69270833333333,-5.6));
#13815=CARTESIAN_POINT('Origin',(3.1875,2.375,-6.75));
#13816=CARTESIAN_POINT('',(3.1125,2.45,-7.));
#13817=CARTESIAN_POINT('',(3.1125,2.45,-6.75));
#13818=CARTESIAN_POINT('',(3.1875,2.375,-7.));
#13819=CARTESIAN_POINT('Origin',(2.75833333333333,2.375,-6.75));
#13820=CARTESIAN_POINT('',(2.83333333333333,2.45,-7.));
#13821=CARTESIAN_POINT('',(2.828125,2.44479166666667,-7.));
#13822=CARTESIAN_POINT('',(2.83333333333333,2.45,-5.));
#13823=CARTESIAN_POINT('',(2.83333333333333,2.45,-6.75));
#13824=CARTESIAN_POINT('',(1.7625,1.37916666666667,-5.));
#13825=CARTESIAN_POINT('Origin',(2.83333333333333,1.15,-5.6));
#13826=CARTESIAN_POINT('',(2.83333333333333,1.15,-5.));
#13827=CARTESIAN_POINT('',(2.83333333333333,1.15,-5.));
#13828=CARTESIAN_POINT('',(2.83333333333333,6.1,-7.));
#13829=CARTESIAN_POINT('',(2.83333333333333,2.3,-7.));
#13830=CARTESIAN_POINT('',(2.83333333333333,6.1,-6.3));
#13831=CARTESIAN_POINT('',(2.83333333333333,6.1,-6.3));
#13832=CARTESIAN_POINT('',(2.83333333333333,4.6,-6.3));
#13833=CARTESIAN_POINT('',(2.83333333333333,4.6,-6.3));
#13834=CARTESIAN_POINT('',(2.83333333333333,4.6,-5.6));
#13835=CARTESIAN_POINT('',(2.83333333333333,5.75,-0.800000000000003));
#13836=CARTESIAN_POINT('',(2.83333333333333,5.75,-0.800000000000003));
#13837=CARTESIAN_POINT('',(2.83333333333333,1.15,-0.800000000000003));
#13838=CARTESIAN_POINT('',(2.83333333333333,1.15,-0.800000000000003));
#13839=CARTESIAN_POINT('',(2.83333333333333,1.15,-4.25));
#13840=CARTESIAN_POINT('Origin',(2.25833333333333,2.375,-4.35));
#13841=CARTESIAN_POINT('',(2.18333333333333,2.45,-5.));
#13842=CARTESIAN_POINT('',(2.,2.63333333333333,-5.));
#13843=CARTESIAN_POINT('',(2.18333333333333,2.45,-7.));
#13844=CARTESIAN_POINT('',(2.18333333333333,2.45,-4.35));
#13845=CARTESIAN_POINT('',(2.25833333333333,2.375,-7.));
#13846=CARTESIAN_POINT('Origin',(2.18333333333333,1.15,-0.800000000000003));
#13847=CARTESIAN_POINT('',(2.18333333333333,1.15,-5.));
#13848=CARTESIAN_POINT('',(2.18333333333333,1.15,-5.));
#13849=CARTESIAN_POINT('',(2.18333333333333,1.15,-0.800000000000003));
#13850=CARTESIAN_POINT('',(2.18333333333333,1.15,-1.85));
#13851=CARTESIAN_POINT('',(2.18333333333333,5.75,-0.800000000000003));
#13852=CARTESIAN_POINT('',(2.18333333333333,1.15,-0.800000000000003));
#13853=CARTESIAN_POINT('',(2.18333333333333,5.75,-5.6));
#13854=CARTESIAN_POINT('',(2.18333333333333,5.75,-5.6));
#13855=CARTESIAN_POINT('',(2.18333333333333,4.6,-5.6));
#13856=CARTESIAN_POINT('',(2.18333333333333,1.15,-5.6));
#13857=CARTESIAN_POINT('',(2.18333333333333,4.6,-6.3));
#13858=CARTESIAN_POINT('',(2.18333333333333,4.6,-7.));
#13859=CARTESIAN_POINT('',(2.18333333333333,6.1,-6.3));
#13860=CARTESIAN_POINT('',(2.18333333333333,4.6,-6.3));
#13861=CARTESIAN_POINT('',(2.18333333333333,6.1,-7.));
#13862=CARTESIAN_POINT('',(2.18333333333333,6.1,-7.));
#13863=CARTESIAN_POINT('',(2.18333333333333,2.3,-7.));
#13864=CARTESIAN_POINT('Origin',(1.82916666666667,2.375,-7.45));
#13865=CARTESIAN_POINT('',(1.90416666666667,2.45,-5.6));
#13866=CARTESIAN_POINT('',(1.61145833333333,2.15729166666666,-5.6));
#13867=CARTESIAN_POINT('',(1.90416666666667,2.45,-7.));
#13868=CARTESIAN_POINT('',(1.89895833333333,2.44479166666667,-7.));
#13869=CARTESIAN_POINT('',(1.90416666666667,2.45,-7.45));
#13870=CARTESIAN_POINT('Origin',(2.18333333333333,1.15,-5.6));
#13871=CARTESIAN_POINT('',(1.90416666666667,4.6,-5.6));
#13872=CARTESIAN_POINT('',(1.90416666666667,1.725,-5.6));
#13873=CARTESIAN_POINT('',(2.11354166666667,4.6,-5.6));
#13874=CARTESIAN_POINT('',(1.57916666666667,5.75,-5.6));
#13875=CARTESIAN_POINT('',(0.325,5.75,-5.6));
#13876=CARTESIAN_POINT('',(1.57916666666667,6.53115122312898,-5.6));
#13877=CARTESIAN_POINT('',(1.57916666666667,5.875,-5.6));
#13878=CARTESIAN_POINT('',(1.57932379300666,6.53130841121495,-5.6));
#13879=CARTESIAN_POINT('',(0.492647745319901,5.44420533220818,-5.6));
#13880=CARTESIAN_POINT('',(0.92900954032667,6.53130841121495,-5.6));
#13881=CARTESIAN_POINT('',(7.74166666666667,6.53130841121495,-5.6));
#13882=CARTESIAN_POINT('',(0.929166666666668,6.53115122312898,-5.6));
#13883=CARTESIAN_POINT('',(2.4805871316073,4.97912109615479,-5.6));
#13884=CARTESIAN_POINT('',(0.929166666666668,5.75,-5.6));
#13885=CARTESIAN_POINT('',(0.929166666666668,3.325,-5.6));
#13886=CARTESIAN_POINT('',(0.325,5.75,-5.6));
#13887=CARTESIAN_POINT('',(0.325,5.75,-5.6));
#13888=CARTESIAN_POINT('',(0.325,4.6,-5.6));
#13889=CARTESIAN_POINT('',(0.325,1.15,-5.6));
#13890=CARTESIAN_POINT('',(0.604166666666667,4.6,-5.6));
#13891=CARTESIAN_POINT('',(1.32395833333333,4.6,-5.6));
#13892=CARTESIAN_POINT('',(0.604166666666667,2.45,-5.6));
#13893=CARTESIAN_POINT('',(0.604166666666667,1.725,-5.6));
#13894=CARTESIAN_POINT('',(1.36145833333333,1.69270833333333,-5.6));
#13895=CARTESIAN_POINT('Origin',(0.679166666666667,2.375,-6.75));
#13896=CARTESIAN_POINT('',(0.604166666666667,2.45,-7.));
#13897=CARTESIAN_POINT('',(0.604166666666667,2.45,-6.75));
#13898=CARTESIAN_POINT('',(0.679166666666667,2.375,-7.));
#13899=CARTESIAN_POINT('Origin',(0.25,2.375,-6.75));
#13900=CARTESIAN_POINT('',(0.325,2.45,-7.));
#13901=CARTESIAN_POINT('',(0.319791666666667,2.44479166666667,-7.));
#13902=CARTESIAN_POINT('',(0.325,2.45,-5.));
#13903=CARTESIAN_POINT('',(0.325,2.45,-6.75));
#13904=CARTESIAN_POINT('',(-0.11875,2.00625,-5.));
#13905=CARTESIAN_POINT('Origin',(0.325,1.15,-5.6));
#13906=CARTESIAN_POINT('',(0.325,1.15,-5.));
#13907=CARTESIAN_POINT('',(0.325,1.15,-5.));
#13908=CARTESIAN_POINT('',(0.325,6.1,-7.));
#13909=CARTESIAN_POINT('',(0.325,2.3,-7.));
#13910=CARTESIAN_POINT('',(0.325,6.1,-6.3));
#13911=CARTESIAN_POINT('',(0.325,6.1,-6.3));
#13912=CARTESIAN_POINT('',(0.325,4.6,-6.3));
#13913=CARTESIAN_POINT('',(0.325,4.6,-6.3));
#13914=CARTESIAN_POINT('',(0.325,4.6,-7.));
#13915=CARTESIAN_POINT('',(0.325,5.75,-0.800000000000003));
#13916=CARTESIAN_POINT('',(0.325,5.75,-0.800000000000003));
#13917=CARTESIAN_POINT('',(0.325,1.15,-0.800000000000003));
#13918=CARTESIAN_POINT('',(0.325,1.15,-0.800000000000003));
#13919=CARTESIAN_POINT('',(0.325,1.15,-4.25));
#13920=CARTESIAN_POINT('Origin',(-0.25,2.375,-4.35));
#13921=CARTESIAN_POINT('',(-0.325,2.45,-5.));
#13922=CARTESIAN_POINT('',(0.118750000000001,2.00625,-5.));
#13923=CARTESIAN_POINT('',(-0.325,2.45,-7.));
#13924=CARTESIAN_POINT('',(-0.325,2.45,-4.35));
#13925=CARTESIAN_POINT('',(-0.25,2.375,-7.));
#13926=CARTESIAN_POINT('Origin',(-0.325,1.15,-0.800000000000003));
#13927=CARTESIAN_POINT('',(-0.325,1.15,-5.));
#13928=CARTESIAN_POINT('',(-0.325,1.15,-5.));
#13929=CARTESIAN_POINT('',(-0.325,1.15,-0.800000000000003));
#13930=CARTESIAN_POINT('',(-0.325,1.15,-1.85));
#13931=CARTESIAN_POINT('',(-0.325,5.75,-0.800000000000003));
#13932=CARTESIAN_POINT('',(-0.325,1.15,-0.800000000000003));
#13933=CARTESIAN_POINT('',(-0.325,5.75,-5.6));
#13934=CARTESIAN_POINT('',(-0.325,5.75,-5.6));
#13935=CARTESIAN_POINT('',(-0.325,4.6,-5.6));
#13936=CARTESIAN_POINT('',(-0.325,1.15,-5.6));
#13937=CARTESIAN_POINT('',(-0.325,4.6,-6.3));
#13938=CARTESIAN_POINT('',(-0.325,4.6,-7.));
#13939=CARTESIAN_POINT('',(-0.325,6.1,-6.3));
#13940=CARTESIAN_POINT('',(-0.325,4.6,-6.3));
#13941=CARTESIAN_POINT('',(-0.325,6.1,-7.));
#13942=CARTESIAN_POINT('',(-0.325,6.1,-7.));
#13943=CARTESIAN_POINT('',(-0.325,2.3,-7.));
#13944=CARTESIAN_POINT('Origin',(-0.679166666666666,2.375,-7.45));
#13945=CARTESIAN_POINT('',(-0.604166666666666,2.45,-5.6));
#13946=CARTESIAN_POINT('',(-0.896874999999999,2.15729166666667,-5.6));
#13947=CARTESIAN_POINT('',(-0.604166666666666,2.45,-7.));
#13948=CARTESIAN_POINT('',(-0.609374999999999,2.44479166666667,-7.));
#13949=CARTESIAN_POINT('',(-0.604166666666666,2.45,-7.45));
#13950=CARTESIAN_POINT('Origin',(-0.325,1.15,-5.6));
#13951=CARTESIAN_POINT('',(-0.604166666666666,4.6,-5.6));
#13952=CARTESIAN_POINT('',(-0.604166666666666,1.725,-5.6));
#13953=CARTESIAN_POINT('',(-0.394791666666666,4.6,-5.6));
#13954=CARTESIAN_POINT('',(-0.929166666666668,5.75,-5.6));
#13955=CARTESIAN_POINT('',(-2.18333333333333,5.75,-5.6));
#13956=CARTESIAN_POINT('',(-0.929166666666668,6.53115122312898,-5.6));
#13957=CARTESIAN_POINT('',(-0.929166666666668,5.875,-5.6));
#13958=CARTESIAN_POINT('',(-0.92900954032667,6.53130841121495,-5.6));
#13959=CARTESIAN_POINT('',(-2.01568558801343,5.44420533220817,-5.6));
#13960=CARTESIAN_POINT('',(-1.57932379300667,6.53130841121495,-5.6));
#13961=CARTESIAN_POINT('',(6.4875,6.53130841121495,-5.6));
#13962=CARTESIAN_POINT('',(-1.57916666666667,6.53115122312898,-5.6));
#13963=CARTESIAN_POINT('',(-0.0277462017260318,4.97912109615479,-5.6));
#13964=CARTESIAN_POINT('',(-1.57916666666667,5.75,-5.6));
#13965=CARTESIAN_POINT('',(-1.57916666666667,3.325,-5.6));
#13966=CARTESIAN_POINT('',(-2.18333333333333,5.75,-5.6));
#13967=CARTESIAN_POINT('',(-2.18333333333333,5.75,-5.6));
#13968=CARTESIAN_POINT('',(-2.18333333333333,4.6,-5.6));
#13969=CARTESIAN_POINT('',(-2.18333333333333,1.15,-5.6));
#13970=CARTESIAN_POINT('',(-1.90416666666667,4.6,-5.6));
#13971=CARTESIAN_POINT('',(-1.184375,4.6,-5.6));
#13972=CARTESIAN_POINT('',(-1.90416666666667,2.45,-5.6));
#13973=CARTESIAN_POINT('',(-1.90416666666667,1.725,-5.6));
#13974=CARTESIAN_POINT('',(-1.146875,1.69270833333333,-5.6));
#13975=CARTESIAN_POINT('Origin',(-1.82916666666667,2.375,-6.75));
#13976=CARTESIAN_POINT('',(-1.90416666666667,2.45,-7.));
#13977=CARTESIAN_POINT('',(-1.90416666666667,2.45,-6.75));
#13978=CARTESIAN_POINT('',(-1.82916666666667,2.375,-7.));
#13979=CARTESIAN_POINT('Origin',(-2.25833333333333,2.375,-6.75));
#13980=CARTESIAN_POINT('',(-2.18333333333333,2.45,-7.));
#13981=CARTESIAN_POINT('',(-2.18854166666667,2.44479166666667,-7.));
#13982=CARTESIAN_POINT('',(-2.18333333333333,2.45,-5.));
#13983=CARTESIAN_POINT('',(-2.18333333333333,2.45,-6.75));
#13984=CARTESIAN_POINT('',(-2.,2.63333333333333,-5.));
#13985=CARTESIAN_POINT('Origin',(-2.18333333333333,1.15,-5.6));
#13986=CARTESIAN_POINT('',(-2.18333333333333,1.15,-5.));
#13987=CARTESIAN_POINT('',(-2.18333333333333,1.15,-5.));
#13988=CARTESIAN_POINT('',(-2.18333333333333,6.1,-7.));
#13989=CARTESIAN_POINT('',(-2.18333333333333,2.3,-7.));
#13990=CARTESIAN_POINT('',(-2.18333333333333,6.1,-6.3));
#13991=CARTESIAN_POINT('',(-2.18333333333333,6.1,-6.3));
#13992=CARTESIAN_POINT('',(-2.18333333333333,4.6,-6.3));
#13993=CARTESIAN_POINT('',(-2.18333333333333,4.6,-6.3));
#13994=CARTESIAN_POINT('',(-2.18333333333333,4.6,-5.6));
#13995=CARTESIAN_POINT('',(-2.18333333333333,5.75,-0.800000000000003));
#13996=CARTESIAN_POINT('',(-2.18333333333333,5.75,-0.800000000000003));
#13997=CARTESIAN_POINT('',(-2.18333333333333,1.15,-0.800000000000003));
#13998=CARTESIAN_POINT('',(-2.18333333333333,1.15,-0.800000000000003));
#13999=CARTESIAN_POINT('',(-2.18333333333333,1.15,-4.25));
#14000=CARTESIAN_POINT('Origin',(-2.75833333333333,2.375,-4.35));
#14001=CARTESIAN_POINT('',(-2.83333333333333,2.45,-5.));
#14002=CARTESIAN_POINT('',(-1.76249999999999,1.37916666666667,-5.));
#14003=CARTESIAN_POINT('',(-2.83333333333333,2.45,-7.));
#14004=CARTESIAN_POINT('',(-2.83333333333333,2.45,-4.35));
#14005=CARTESIAN_POINT('',(-2.75833333333333,2.375,-7.));
#14006=CARTESIAN_POINT('Origin',(-2.83333333333333,1.15,-0.800000000000003));
#14007=CARTESIAN_POINT('',(-2.83333333333333,1.15,-5.));
#14008=CARTESIAN_POINT('',(-2.83333333333333,1.15,-5.));
#14009=CARTESIAN_POINT('',(-2.83333333333333,1.15,-0.800000000000003));
#14010=CARTESIAN_POINT('',(-2.83333333333333,1.15,-1.85));
#14011=CARTESIAN_POINT('',(-2.83333333333333,5.75,-0.800000000000003));
#14012=CARTESIAN_POINT('',(-2.83333333333333,1.15,-0.800000000000003));
#14013=CARTESIAN_POINT('',(-2.83333333333333,5.75,-5.6));
#14014=CARTESIAN_POINT('',(-2.83333333333333,5.75,-5.6));
#14015=CARTESIAN_POINT('',(-2.83333333333333,4.6,-5.6));
#14016=CARTESIAN_POINT('',(-2.83333333333333,1.15,-5.6));
#14017=CARTESIAN_POINT('',(-2.83333333333333,4.6,-6.3));
#14018=CARTESIAN_POINT('',(-2.83333333333333,4.6,-7.));
#14019=CARTESIAN_POINT('',(-2.83333333333333,6.1,-6.3));
#14020=CARTESIAN_POINT('',(-2.83333333333333,4.6,-6.3));
#14021=CARTESIAN_POINT('',(-2.83333333333333,6.1,-7.));
#14022=CARTESIAN_POINT('',(-2.83333333333333,6.1,-7.));
#14023=CARTESIAN_POINT('',(-2.83333333333333,2.3,-7.));
#14024=CARTESIAN_POINT('Origin',(-3.1875,2.375,-7.45));
#14025=CARTESIAN_POINT('',(-3.1125,2.45,-5.6));
#14026=CARTESIAN_POINT('',(-3.40520833333333,2.15729166666667,-5.6));
#14027=CARTESIAN_POINT('',(-3.1125,2.45,-7.));
#14028=CARTESIAN_POINT('',(-3.11770833333333,2.44479166666667,-7.));
#14029=CARTESIAN_POINT('',(-3.1125,2.45,-7.45));
#14030=CARTESIAN_POINT('Origin',(-2.83333333333333,1.15,-5.6));
#14031=CARTESIAN_POINT('',(-3.1125,4.6,-5.6));
#14032=CARTESIAN_POINT('',(-3.1125,1.725,-5.6));
#14033=CARTESIAN_POINT('',(-2.903125,4.6,-5.6));
#14034=CARTESIAN_POINT('',(-3.4375,5.75,-5.6));
#14035=CARTESIAN_POINT('',(-4.69166666666666,5.75,-5.6));
#14036=CARTESIAN_POINT('',(-3.4375,6.53115122312898,-5.6));
#14037=CARTESIAN_POINT('',(-3.4375,5.875,-5.6));
#14038=CARTESIAN_POINT('',(-3.43734287366,6.53130841121495,-5.6));
#14039=CARTESIAN_POINT('',(-4.52401892134677,5.44420533220817,-5.6));
#14040=CARTESIAN_POINT('',(-4.08765712634,6.53130841121495,-5.6));
#14041=CARTESIAN_POINT('',(5.23333333333333,6.53130841121495,-5.6));
#14042=CARTESIAN_POINT('',(-4.0875,6.53115122312898,-5.6));
#14043=CARTESIAN_POINT('',(-2.53607953505936,4.97912109615479,-5.6));
#14044=CARTESIAN_POINT('',(-4.0875,5.75,-5.6));
#14045=CARTESIAN_POINT('',(-4.0875,3.325,-5.6));
#14046=CARTESIAN_POINT('',(-4.69166666666666,5.75,-5.6));
#14047=CARTESIAN_POINT('',(-4.69166666666666,5.75,-5.6));
#14048=CARTESIAN_POINT('',(-4.69166666666666,4.6,-5.6));
#14049=CARTESIAN_POINT('',(-4.69166666666666,1.15,-5.6));
#14050=CARTESIAN_POINT('',(-4.4125,4.6,-5.6));
#14051=CARTESIAN_POINT('',(-3.69270833333333,4.6,-5.6));
#14052=CARTESIAN_POINT('',(-4.4125,2.45,-5.6));
#14053=CARTESIAN_POINT('',(-4.4125,1.725,-5.6));
#14054=CARTESIAN_POINT('',(-3.65520833333334,1.69270833333333,-5.6));
#14055=CARTESIAN_POINT('Origin',(-4.3375,2.375,-6.75));
#14056=CARTESIAN_POINT('',(-4.4125,2.45,-7.));
#14057=CARTESIAN_POINT('',(-4.4125,2.45,-6.75));
#14058=CARTESIAN_POINT('',(-4.3375,2.375,-7.));
#14059=CARTESIAN_POINT('Origin',(-4.76666666666666,2.375,-6.75));
#14060=CARTESIAN_POINT('',(-4.69166666666666,2.45,-7.));
#14061=CARTESIAN_POINT('',(-4.696875,2.44479166666667,-7.));
#14062=CARTESIAN_POINT('',(-4.69166666666666,2.45,-5.));
#14063=CARTESIAN_POINT('',(-4.69166666666666,2.45,-6.75));
#14064=CARTESIAN_POINT('',(-3.88125,3.26041666666666,-5.));
#14065=CARTESIAN_POINT('Origin',(-4.69166666666666,1.15,-5.6));
#14066=CARTESIAN_POINT('',(-4.69166666666666,1.15,-5.));
#14067=CARTESIAN_POINT('',(-4.69166666666666,1.15,-5.));
#14068=CARTESIAN_POINT('',(-4.69166666666666,6.1,-7.));
#14069=CARTESIAN_POINT('',(-4.69166666666666,2.3,-7.));
#14070=CARTESIAN_POINT('',(-4.69166666666666,6.1,-6.3));
#14071=CARTESIAN_POINT('',(-4.69166666666666,6.1,-6.3));
#14072=CARTESIAN_POINT('',(-4.69166666666666,4.6,-6.3));
#14073=CARTESIAN_POINT('',(-4.69166666666666,4.6,-6.3));
#14074=CARTESIAN_POINT('',(-4.69166666666666,4.6,-7.));
#14075=CARTESIAN_POINT('',(-4.69166666666666,5.75,-0.800000000000003));
#14076=CARTESIAN_POINT('',(-4.69166666666666,5.75,-0.800000000000003));
#14077=CARTESIAN_POINT('',(-4.69166666666666,1.15,-0.800000000000003));
#14078=CARTESIAN_POINT('',(-4.69166666666666,1.15,-0.800000000000003));
#14079=CARTESIAN_POINT('',(-4.69166666666666,1.15,-4.25));
#14080=CARTESIAN_POINT('Origin',(-5.26666666666666,2.375,-4.35));
#14081=CARTESIAN_POINT('',(-5.34166666666667,2.45,-5.));
#14082=CARTESIAN_POINT('',(-3.64375000000001,0.752083333333329,-5.));
#14083=CARTESIAN_POINT('',(-5.34166666666667,2.45,-7.));
#14084=CARTESIAN_POINT('',(-5.34166666666667,2.45,-4.35));
#14085=CARTESIAN_POINT('',(-5.26666666666666,2.375,-7.));
#14086=CARTESIAN_POINT('Origin',(-5.34166666666667,1.15,-0.800000000000003));
#14087=CARTESIAN_POINT('',(-5.34166666666667,1.15,-5.));
#14088=CARTESIAN_POINT('',(-5.34166666666667,1.15,-5.));
#14089=CARTESIAN_POINT('',(-5.34166666666667,1.15,-0.800000000000003));
#14090=CARTESIAN_POINT('',(-5.34166666666667,1.15,-1.85));
#14091=CARTESIAN_POINT('',(-5.34166666666667,5.75,-0.800000000000003));
#14092=CARTESIAN_POINT('',(-5.34166666666667,1.15,-0.800000000000003));
#14093=CARTESIAN_POINT('',(-5.34166666666667,5.75,-5.6));
#14094=CARTESIAN_POINT('',(-5.34166666666667,5.75,-5.6));
#14095=CARTESIAN_POINT('',(-5.34166666666667,4.6,-5.6));
#14096=CARTESIAN_POINT('',(-5.34166666666667,1.15,-5.6));
#14097=CARTESIAN_POINT('',(-5.34166666666667,4.6,-6.3));
#14098=CARTESIAN_POINT('',(-5.34166666666667,4.6,-7.));
#14099=CARTESIAN_POINT('',(-5.34166666666667,6.1,-6.3));
#14100=CARTESIAN_POINT('',(-5.34166666666667,4.6,-6.3));
#14101=CARTESIAN_POINT('',(-5.34166666666667,6.1,-7.));
#14102=CARTESIAN_POINT('',(-5.34166666666667,6.1,-7.));
#14103=CARTESIAN_POINT('',(-5.34166666666667,2.3,-7.));
#14104=CARTESIAN_POINT('Origin',(-5.69583333333333,2.375,-7.45));
#14105=CARTESIAN_POINT('',(-5.62083333333333,2.45,-5.6));
#14106=CARTESIAN_POINT('',(-5.91354166666666,2.15729166666666,-5.6));
#14107=CARTESIAN_POINT('',(-5.62083333333333,2.45,-7.));
#14108=CARTESIAN_POINT('',(-5.62604166666666,2.44479166666667,-7.));
#14109=CARTESIAN_POINT('',(-5.62083333333333,2.45,-7.45));
#14110=CARTESIAN_POINT('Origin',(-5.34166666666667,1.15,-5.6));
#14111=CARTESIAN_POINT('',(-5.62083333333333,4.6,-5.6));
#14112=CARTESIAN_POINT('',(-5.62083333333333,1.725,-5.6));
#14113=CARTESIAN_POINT('',(-5.41145833333333,4.6,-5.6));
#14114=CARTESIAN_POINT('',(-5.94583333333333,5.75,-5.6));
#14115=CARTESIAN_POINT('',(-7.2,5.75,-5.60000000000001));
#14116=CARTESIAN_POINT('',(-5.94583333333333,6.53115122312898,-5.6));
#14117=CARTESIAN_POINT('',(-5.94583333333333,5.875,-5.6));
#14118=CARTESIAN_POINT('',(-5.94567620699334,6.53130841121495,-5.6));
#14119=CARTESIAN_POINT('',(-7.0323522546801,5.44420533220818,-5.60000000000001));
#14120=CARTESIAN_POINT('',(-6.59599045967333,6.53130841121495,-5.6));
#14121=CARTESIAN_POINT('',(3.97916666666666,6.53130841121495,-5.59999999999999));
#14122=CARTESIAN_POINT('',(-6.59583333333333,6.53115122312898,-5.6));
#14123=CARTESIAN_POINT('',(-5.0444128683927,4.97912109615479,-5.6));
#14124=CARTESIAN_POINT('',(-6.59583333333333,5.75,-5.6));
#14125=CARTESIAN_POINT('',(-6.59583333333333,3.325,-5.6));
#14126=CARTESIAN_POINT('',(-7.2,5.75,-5.60000000000001));
#14127=CARTESIAN_POINT('',(-7.2,5.75,-5.60000000000001));
#14128=CARTESIAN_POINT('',(-7.2,4.6,-5.60000000000001));
#14129=CARTESIAN_POINT('',(-7.2,1.15,-5.60000000000001));
#14130=CARTESIAN_POINT('',(-6.92083333333333,4.6,-5.6));
#14131=CARTESIAN_POINT('',(-6.20104166666667,4.6,-5.6));
#14132=CARTESIAN_POINT('',(-6.92083333333333,2.45,-5.60000000000001));
#14133=CARTESIAN_POINT('',(-6.92083333333333,1.725,-5.60000000000001));
#14134=CARTESIAN_POINT('',(-6.16354166666666,1.69270833333334,-5.6));
#14135=CARTESIAN_POINT('Origin',(-6.84583333333333,2.375,-6.75));
#14136=CARTESIAN_POINT('',(-6.92083333333333,2.45,-7.));
#14137=CARTESIAN_POINT('',(-6.92083333333333,2.45,-6.75));
#14138=CARTESIAN_POINT('',(-6.84583333333333,2.375,-7.));
#14139=CARTESIAN_POINT('Origin',(-7.275,2.375,-6.45));
#14140=CARTESIAN_POINT('',(-7.33543046357616,2.31456953642384,-6.));
#14141=CARTESIAN_POINT('Origin',(-8.33543046357616,1.31456953642385,-6.));
#14142=CARTESIAN_POINT('',(-7.2,2.45,-7.));
#14143=CARTESIAN_POINT('',(-7.20520833333333,2.44479166666667,-7.));
#14144=CARTESIAN_POINT('',(-7.2,2.45,-5.));
#14145=CARTESIAN_POINT('',(-7.2,2.45,-6.45));
#14146=CARTESIAN_POINT('',(-7.33543046357616,2.31456953642384,-5.));
#14147=CARTESIAN_POINT('',(-5.76249999999998,3.8875,-5.));
#14148=CARTESIAN_POINT('',(-7.33543046357616,2.31456953642384,-6.725));
#14149=CARTESIAN_POINT('Origin',(-10.8,0.65,-3.6625));
#14150=CARTESIAN_POINT('',(-11.8,0.65,-1.));
#14151=CARTESIAN_POINT('',(-10.8,-0.35,-1.));
#14152=CARTESIAN_POINT('Origin',(-10.8,0.65,-1.));
#14153=CARTESIAN_POINT('',(-10.8,-0.35,0.));
#14154=CARTESIAN_POINT('',(-10.8,-0.35,-3.6625));
#14155=CARTESIAN_POINT('',(-11.8,0.65,0.));
#14156=CARTESIAN_POINT('Origin',(-10.8,0.65,0.));
#14157=CARTESIAN_POINT('',(-11.8,0.65,-3.6625));
#14158=CARTESIAN_POINT('Origin',(-11.8,3.375,-6.825));
#14159=CARTESIAN_POINT('',(-11.8,5.12129456745705,-3.46944695195361E-17));
#14160=CARTESIAN_POINT('',(-11.8,0.,0.));
#14161=CARTESIAN_POINT('',(-11.8,6.82062678051205,-1.65235517159659));
#14162=CARTESIAN_POINT('Origin',(-11.8,5.12129456745705,-1.7));
#14163=CARTESIAN_POINT('',(-11.8,7.15,-13.4));
#14164=CARTESIAN_POINT('',(-11.8,7.05641691394659,-10.062203264095));
#14165=CARTESIAN_POINT('',(-11.8,5.85,-13.4));
#14166=CARTESIAN_POINT('',(-11.8,1.6875,-13.4));
#14167=CARTESIAN_POINT('',(-11.8,5.85,-12.75));
#14168=CARTESIAN_POINT('',(-11.8,5.85,-10.1125));
#14169=CARTESIAN_POINT('',(-11.8,5.85,-1.9));
#14170=CARTESIAN_POINT('',(-11.8,5.85,-3.8625));
#14171=CARTESIAN_POINT('',(-11.8,4.85,-0.899999999999999));
#14172=CARTESIAN_POINT('Origin',(-11.8,4.85,-1.9));
#14173=CARTESIAN_POINT('',(-11.8,4.65,-0.9));
#14174=CARTESIAN_POINT('',(-11.8,3.8625,-0.9));
#14175=CARTESIAN_POINT('',(-11.8,4.35,-1.2));
#14176=CARTESIAN_POINT('Origin',(-11.8,4.65,-1.2));
#14177=CARTESIAN_POINT('',(-11.8,4.35,-8.05));
#14178=CARTESIAN_POINT('',(-11.8,4.35,-7.6375));
#14179=CARTESIAN_POINT('',(-11.8,3.95,-8.45));
#14180=CARTESIAN_POINT('Origin',(-11.8,3.95,-8.05));
#14181=CARTESIAN_POINT('',(-11.8,3.2,-8.45));
#14182=CARTESIAN_POINT('',(-11.8,3.2875,-8.45));
#14183=CARTESIAN_POINT('',(-11.8,3.2,-6.7));
#14184=CARTESIAN_POINT('',(-11.8,3.2,-6.5125));
#14185=CARTESIAN_POINT('',(-11.8,2.7,-6.2));
#14186=CARTESIAN_POINT('',(-11.8,3.15,-6.65));
#14187=CARTESIAN_POINT('',(-11.8,1.9,-6.2));
#14188=CARTESIAN_POINT('',(-11.8,2.6375,-6.2));
#14189=CARTESIAN_POINT('',(-11.8,1.9,-2.5));
#14190=CARTESIAN_POINT('',(-11.8,1.9,-4.4125));
#14191=CARTESIAN_POINT('',(-11.8,1.4,-2.));
#14192=CARTESIAN_POINT('Origin',(-11.8,1.4,-2.5));
#14193=CARTESIAN_POINT('',(-11.8,0.9,-2.));
#14194=CARTESIAN_POINT('',(-11.8,2.1375,-2.));
#14195=CARTESIAN_POINT('',(-11.8,0.9,-1.));
#14196=CARTESIAN_POINT('',(-11.8,0.9,-4.8625));
#14197=CARTESIAN_POINT('',(-11.8,1.5125,-1.));
#14198=CARTESIAN_POINT('Origin',(0.,7.15,0.));
#14199=CARTESIAN_POINT('',(10.8,-0.35,0.));
#14200=CARTESIAN_POINT('',(-11.8,-0.35,0.));
#14201=CARTESIAN_POINT('',(11.8,0.65,0.));
#14202=CARTESIAN_POINT('Origin',(10.8,0.65,0.));
#14203=CARTESIAN_POINT('',(11.8,5.12129456745705,-3.46944695195361E-17));
#14204=CARTESIAN_POINT('',(11.8,0.,0.));
#14205=CARTESIAN_POINT('',(10.9,5.12129456745705,0.));
#14206=CARTESIAN_POINT('',(6.65,5.12129456745705,0.));
#14207=CARTESIAN_POINT('',(10.9,0.55,0.));
#14208=CARTESIAN_POINT('',(10.9,4.1,0.));
#14209=CARTESIAN_POINT('',(8.,0.55,0.));
#14210=CARTESIAN_POINT('',(4.725,0.55,0.));
#14211=CARTESIAN_POINT('',(8.,5.12129456745705,0.));
#14212=CARTESIAN_POINT('',(8.,4.1,0.));
#14213=CARTESIAN_POINT('',(6.99583333333333,5.12129456745705,0.));
#14214=CARTESIAN_POINT('',(6.65,5.12129456745705,0.));
#14215=CARTESIAN_POINT('',(6.99583333333333,1.65,0.));
#14216=CARTESIAN_POINT('',(6.99583333333333,7.15,0.));
#14217=CARTESIAN_POINT('',(5.54583333333333,1.65,0.));
#14218=CARTESIAN_POINT('',(3.29791666666667,1.65,0.));
#14219=CARTESIAN_POINT('',(5.54583333333333,5.12129456745705,0.));
#14220=CARTESIAN_POINT('',(5.54583333333333,4.6,0.));
#14221=CARTESIAN_POINT('',(4.4875,5.12129456745705,0.));
#14222=CARTESIAN_POINT('',(6.65,5.12129456745705,0.));
#14223=CARTESIAN_POINT('',(4.4875,1.65,0.));
#14224=CARTESIAN_POINT('',(4.4875,7.15,0.));
#14225=CARTESIAN_POINT('',(3.0375,1.65,0.));
#14226=CARTESIAN_POINT('',(2.04375,1.65,0.));
#14227=CARTESIAN_POINT('',(3.0375,5.12129456745705,0.));
#14228=CARTESIAN_POINT('',(3.0375,4.6,0.));
#14229=CARTESIAN_POINT('',(1.97916666666667,5.12129456745705,0.));
#14230=CARTESIAN_POINT('',(6.65,5.12129456745705,0.));
#14231=CARTESIAN_POINT('',(1.97916666666667,1.65,0.));
#14232=CARTESIAN_POINT('',(1.97916666666667,7.15,0.));
#14233=CARTESIAN_POINT('',(0.529166666666667,1.65,0.));
#14234=CARTESIAN_POINT('',(0.789583333333334,1.65,0.));
#14235=CARTESIAN_POINT('',(0.529166666666667,5.12129456745705,0.));
#14236=CARTESIAN_POINT('',(0.529166666666667,4.6,0.));
#14237=CARTESIAN_POINT('',(-0.529166666666667,5.12129456745705,0.));
#14238=CARTESIAN_POINT('',(6.65,5.12129456745705,0.));
#14239=CARTESIAN_POINT('',(-0.529166666666667,1.65,0.));
#14240=CARTESIAN_POINT('',(-0.529166666666667,7.15,0.));
#14241=CARTESIAN_POINT('',(-1.97916666666667,1.65,0.));
#14242=CARTESIAN_POINT('',(-0.464583333333334,1.65,0.));
#14243=CARTESIAN_POINT('',(-1.97916666666667,5.12129456745705,0.));
#14244=CARTESIAN_POINT('',(-1.97916666666667,4.6,0.));
#14245=CARTESIAN_POINT('',(-3.0375,5.12129456745705,0.));
#14246=CARTESIAN_POINT('',(6.65,5.12129456745705,0.));
#14247=CARTESIAN_POINT('',(-3.0375,1.65,0.));
#14248=CARTESIAN_POINT('',(-3.0375,7.15,0.));
#14249=CARTESIAN_POINT('',(-4.4875,1.65,0.));
#14250=CARTESIAN_POINT('',(-1.71875,1.65,0.));
#14251=CARTESIAN_POINT('',(-4.4875,5.12129456745705,0.));
#14252=CARTESIAN_POINT('',(-4.4875,4.6,0.));
#14253=CARTESIAN_POINT('',(-5.54583333333333,5.12129456745705,0.));
#14254=CARTESIAN_POINT('',(6.65,5.12129456745705,0.));
#14255=CARTESIAN_POINT('',(-5.54583333333333,1.65,0.));
#14256=CARTESIAN_POINT('',(-5.54583333333333,7.15,0.));
#14257=CARTESIAN_POINT('',(-6.99583333333333,1.65,0.));
#14258=CARTESIAN_POINT('',(-2.97291666666667,1.65,0.));
#14259=CARTESIAN_POINT('',(-6.99583333333333,5.12129456745705,0.));
#14260=CARTESIAN_POINT('',(-6.99583333333333,4.6,0.));
#14261=CARTESIAN_POINT('',(-8.,5.12129456745705,0.));
#14262=CARTESIAN_POINT('',(6.65,5.12129456745705,0.));
#14263=CARTESIAN_POINT('',(-8.,0.55,0.));
#14264=CARTESIAN_POINT('',(-8.,4.1,0.));
#14265=CARTESIAN_POINT('',(-10.9,0.55,0.));
#14266=CARTESIAN_POINT('',(-4.725,0.55,0.));
#14267=CARTESIAN_POINT('',(-10.9,5.12129456745705,0.));
#14268=CARTESIAN_POINT('',(-10.9,4.1,0.));
#14269=CARTESIAN_POINT('',(6.65,5.12129456745705,0.));
#14270=CARTESIAN_POINT('Origin',(10.8,0.65,-3.6625));
#14271=CARTESIAN_POINT('',(10.8,-0.35,-1.));
#14272=CARTESIAN_POINT('',(10.8,-0.35,-3.6625));
#14273=CARTESIAN_POINT('',(11.8,0.65,-1.));
#14274=CARTESIAN_POINT('Origin',(10.8,0.65,-1.));
#14275=CARTESIAN_POINT('',(11.8,0.65,-3.6625));
#14276=CARTESIAN_POINT('Origin',(11.8,3.375,-6.825));
#14277=CARTESIAN_POINT('',(11.8,0.9,-1.));
#14278=CARTESIAN_POINT('',(11.8,1.5125,-1.));
#14279=CARTESIAN_POINT('',(11.8,0.9,-2.));
#14280=CARTESIAN_POINT('',(11.8,0.9,-4.8625));
#14281=CARTESIAN_POINT('',(11.8,1.4,-2.));
#14282=CARTESIAN_POINT('',(11.8,2.1375,-2.));
#14283=CARTESIAN_POINT('',(11.8,1.9,-2.5));
#14284=CARTESIAN_POINT('Origin',(11.8,1.4,-2.5));
#14285=CARTESIAN_POINT('',(11.8,1.9,-6.2));
#14286=CARTESIAN_POINT('',(11.8,1.9,-4.4125));
#14287=CARTESIAN_POINT('',(11.8,2.7,-6.2));
#14288=CARTESIAN_POINT('',(11.8,2.6375,-6.2));
#14289=CARTESIAN_POINT('',(11.8,3.2,-6.7));
#14290=CARTESIAN_POINT('',(11.8,3.15,-6.65));
#14291=CARTESIAN_POINT('',(11.8,3.2,-8.45));
#14292=CARTESIAN_POINT('',(11.8,3.2,-6.5125));
#14293=CARTESIAN_POINT('',(11.8,3.95,-8.45));
#14294=CARTESIAN_POINT('',(11.8,3.2875,-8.45));
#14295=CARTESIAN_POINT('',(11.8,4.35,-8.05));
#14296=CARTESIAN_POINT('Origin',(11.8,3.95,-8.05));
#14297=CARTESIAN_POINT('',(11.8,4.35,-1.2));
#14298=CARTESIAN_POINT('',(11.8,4.35,-7.6375));
#14299=CARTESIAN_POINT('',(11.8,4.65,-0.9));
#14300=CARTESIAN_POINT('Origin',(11.8,4.65,-1.2));
#14301=CARTESIAN_POINT('',(11.8,4.85,-0.899999999999999));
#14302=CARTESIAN_POINT('',(11.8,3.8625,-0.9));
#14303=CARTESIAN_POINT('',(11.8,5.85,-1.9));
#14304=CARTESIAN_POINT('Origin',(11.8,4.85,-1.9));
#14305=CARTESIAN_POINT('',(11.8,5.85,-12.75));
#14306=CARTESIAN_POINT('',(11.8,5.85,-3.8625));
#14307=CARTESIAN_POINT('',(11.8,5.85,-13.4));
#14308=CARTESIAN_POINT('',(11.8,5.85,-10.1125));
#14309=CARTESIAN_POINT('',(11.8,7.15,-13.4));
#14310=CARTESIAN_POINT('',(11.8,1.7875,-13.4));
#14311=CARTESIAN_POINT('',(11.8,6.82062678051205,-1.65235517159659));
#14312=CARTESIAN_POINT('',(11.8,7.05474450165823,-10.0025538924769));
#14313=CARTESIAN_POINT('Origin',(11.8,5.12129456745705,-1.7));
#14314=CARTESIAN_POINT('Origin',(-11.8,0.,-1.));
#14315=CARTESIAN_POINT('',(11.8,-0.35,-1.));
#14316=CARTESIAN_POINT('',(10.8,0.,-1.));
#14317=CARTESIAN_POINT('',(-5.9,0.,-1.));
#14318=CARTESIAN_POINT('',(10.8,0.9,-1.));
#14319=CARTESIAN_POINT('',(10.8,-0.35,-1.));
#14320=CARTESIAN_POINT('',(5.4,0.9,-1.));
#14321=CARTESIAN_POINT('Origin',(12.125,0.1,-6.2));
#14322=CARTESIAN_POINT('',(12.325,0.,-6.2));
#14323=CARTESIAN_POINT('Origin',(12.125,0.,-6.2));
#14324=CARTESIAN_POINT('',(12.525,0.2,-6.2));
#14325=CARTESIAN_POINT('Origin',(12.125,0.2,-6.2));
#14326=CARTESIAN_POINT('Origin',(0.,0.,-6.2));
#14327=CARTESIAN_POINT('Origin',(12.125,0.9,-6.2));
#14328=CARTESIAN_POINT('',(12.525,0.9,-6.2));
#14329=CARTESIAN_POINT('Origin',(12.125,0.9,-6.2));
#14330=CARTESIAN_POINT('Origin',(-12.125,0.1,-6.2));
#14331=CARTESIAN_POINT('',(-11.925,0.,-6.2));
#14332=CARTESIAN_POINT('Origin',(-12.125,0.,-6.2));
#14333=CARTESIAN_POINT('',(-11.725,0.2,-6.2));
#14334=CARTESIAN_POINT('Origin',(-12.125,0.2,-6.2));
#14335=CARTESIAN_POINT('Origin',(-12.125,0.9,-6.2));
#14336=CARTESIAN_POINT('',(-11.725,0.9,-6.2));
#14337=CARTESIAN_POINT('Origin',(-12.125,0.9,-6.2));
#14338=CARTESIAN_POINT('Origin',(0.,0.,-6.2));
#14339=CARTESIAN_POINT('Origin',(6.79583333333333,6.76237564817611,-6.71086797248105));
#14340=CARTESIAN_POINT('',(6.59583333333333,6.42078390685205,-1.66356571945621));
#14341=CARTESIAN_POINT('',(6.59583333333333,6.56245421134611,-6.71647324641086));
#14342=CARTESIAN_POINT('',(6.99583333333333,6.82062678051205,-1.65235517159659));
#14343=CARTESIAN_POINT('',(6.59583333333333,6.42078390685205,-1.66356571945621));
#14344=CARTESIAN_POINT('',(6.99583333333333,6.94251895907458,-5.99984287366));
#14345=CARTESIAN_POINT('',(6.99583333333333,6.96229708500611,-6.70526269855123));
#14346=CARTESIAN_POINT('',(6.99583333333333,6.94251895907458,-5.99984287366));
#14347=CARTESIAN_POINT('Origin',(5.74583333333333,4.6,-0.2));
#14348=CARTESIAN_POINT('',(5.94583333333333,2.05,-0.4));
#14349=CARTESIAN_POINT('',(5.94583333333333,5.12129456745705,-0.4));
#14350=CARTESIAN_POINT('',(5.94583333333333,4.6,-0.4));
#14351=CARTESIAN_POINT('',(5.94583333333333,5.12129456745705,-0.4));
#14352=CARTESIAN_POINT('',(5.54583333333333,1.65,0.));
#14353=CARTESIAN_POINT('Origin',(5.74583333333333,5.12129456745705,-1.7));
#14354=CARTESIAN_POINT('',(5.94583333333333,6.42078390685205,-1.66356571945621));
#14355=CARTESIAN_POINT('',(5.54583333333333,6.82062678051205,-1.65235517159659));
#14356=CARTESIAN_POINT('',(5.94583333333333,6.42078390685205,-1.66356571945621));
#14357=CARTESIAN_POINT('Origin',(5.54583333333333,5.12129456745705,-1.7));
#14358=CARTESIAN_POINT('Origin',(5.94583333333333,5.12129456745705,-1.7));
#14359=CARTESIAN_POINT('Origin',(5.74583333333333,6.76037268081706,-6.63942880334158));
#14360=CARTESIAN_POINT('',(5.54583333333333,6.94251895907458,-5.99984287366));
#14361=CARTESIAN_POINT('',(5.54583333333333,6.96029411764706,-6.63382352941177));
#14362=CARTESIAN_POINT('',(5.94583333333333,6.56045124398706,-6.64503407727139));
#14363=CARTESIAN_POINT('',(5.94567620699333,6.53130841121495,-5.6));
#14364=CARTESIAN_POINT('Origin',(3.29791666666667,1.85,-0.2));
#14365=CARTESIAN_POINT('',(6.59583333333333,2.05,-0.4));
#14366=CARTESIAN_POINT('',(3.29791666666667,2.05,-0.4));
#14367=CARTESIAN_POINT('',(6.99583333333333,1.65,0.));
#14368=CARTESIAN_POINT('Origin',(10.25,6.73691368514477,-5.79992143683));
#14369=CARTESIAN_POINT('',(10.25,6.94251895907458,-5.99984287366));
#14370=CARTESIAN_POINT('Origin',(6.79583333333333,5.12129456745705,-1.7));
#14371=CARTESIAN_POINT('',(6.59583333333333,5.12129456745705,-0.399999999999999));
#14372=CARTESIAN_POINT('',(6.59583333333333,5.12129456745705,-0.399999999999999));
#14373=CARTESIAN_POINT('Origin',(6.99583333333333,5.12129456745705,-1.7));
#14374=CARTESIAN_POINT('Origin',(6.59583333333333,5.12129456745705,-1.7));
#14375=CARTESIAN_POINT('Origin',(6.79583333333333,7.15,-0.2));
#14376=CARTESIAN_POINT('',(6.59583333333333,7.15,-0.4));
#14377=CARTESIAN_POINT('Origin',(6.65,5.12129456745705,-1.7));
#14378=CARTESIAN_POINT('',(8.,6.82062678051205,-1.65235517159659));
#14379=CARTESIAN_POINT('Origin',(8.,5.12129456745705,-1.7));
#14380=CARTESIAN_POINT('',(6.65,6.82062678051205,-1.65235517159659));
#14381=CARTESIAN_POINT('Origin',(5.94583333333333,2.05,0.));
#14382=CARTESIAN_POINT('',(5.94583333333333,2.05,-0.800000000000003));
#14383=CARTESIAN_POINT('',(5.94583333333333,2.05,0.));
#14384=CARTESIAN_POINT('',(5.94583333333333,5.75,-0.800000000000003));
#14385=CARTESIAN_POINT('',(5.94583333333333,0.85,-0.800000000000003));
#14386=CARTESIAN_POINT('',(5.94583333333333,5.75,-1.6));
#14387=CARTESIAN_POINT('Origin',(8.99583333333333,6.73691368514477,-5.79992143683));
#14388=CARTESIAN_POINT('',(4.4875,6.94251895907458,-5.99984287366));
#14389=CARTESIAN_POINT('',(3.0375,6.94251895907458,-5.99984287366));
#14390=CARTESIAN_POINT('',(8.99583333333333,6.94251895907458,-5.99984287366));
#14391=CARTESIAN_POINT('',(3.0375,6.94251895907458,-5.99984287366));
#14392=CARTESIAN_POINT('',(4.08765712633999,6.53130841121495,-5.6));
#14393=CARTESIAN_POINT('Origin',(2.04375,1.85,-0.2));
#14394=CARTESIAN_POINT('',(4.0875,2.05,-0.4));
#14395=CARTESIAN_POINT('',(3.4375,2.05,-0.4));
#14396=CARTESIAN_POINT('',(2.04375,2.05,-0.4));
#14397=CARTESIAN_POINT('',(3.4375,2.05,-0.4));
#14398=CARTESIAN_POINT('',(4.0875,2.05,-0.4));
#14399=CARTESIAN_POINT('Origin',(3.2375,4.6,-0.2));
#14400=CARTESIAN_POINT('',(3.4375,5.12129456745705,-0.4));
#14401=CARTESIAN_POINT('',(3.4375,4.6,-0.4));
#14402=CARTESIAN_POINT('',(3.4375,5.12129456745705,-0.4));
#14403=CARTESIAN_POINT('Origin',(3.2375,5.12129456745705,-1.7));
#14404=CARTESIAN_POINT('',(3.4375,6.42078390685205,-1.66356571945621));
#14405=CARTESIAN_POINT('',(3.0375,6.82062678051205,-1.65235517159659));
#14406=CARTESIAN_POINT('',(3.4375,6.42078390685205,-1.66356571945621));
#14407=CARTESIAN_POINT('Origin',(3.0375,5.12129456745705,-1.7));
#14408=CARTESIAN_POINT('Origin',(3.4375,5.12129456745705,-1.7));
#14409=CARTESIAN_POINT('Origin',(3.2375,6.76037268081706,-6.63942880334158));
#14410=CARTESIAN_POINT('',(3.0375,6.96029411764706,-6.63382352941177));
#14411=CARTESIAN_POINT('',(3.4375,6.56045124398706,-6.64503407727139));
#14412=CARTESIAN_POINT('Origin',(4.2875,6.76237564817611,-6.71086797248105));
#14413=CARTESIAN_POINT('',(4.0875,6.42078390685205,-1.66356571945621));
#14414=CARTESIAN_POINT('',(4.0875,6.56245421134611,-6.71647324641086));
#14415=CARTESIAN_POINT('',(4.4875,6.82062678051205,-1.65235517159659));
#14416=CARTESIAN_POINT('',(4.0875,6.42078390685205,-1.66356571945621));
#14417=CARTESIAN_POINT('',(4.4875,6.96229708500611,-6.70526269855123));
#14418=CARTESIAN_POINT('Origin',(4.2875,5.12129456745705,-1.7));
#14419=CARTESIAN_POINT('',(4.0875,5.12129456745705,-0.399999999999999));
#14420=CARTESIAN_POINT('',(4.0875,5.12129456745705,-0.399999999999999));
#14421=CARTESIAN_POINT('Origin',(4.4875,5.12129456745705,-1.7));
#14422=CARTESIAN_POINT('Origin',(4.0875,5.12129456745705,-1.7));
#14423=CARTESIAN_POINT('Origin',(4.2875,7.15,-0.2));
#14424=CARTESIAN_POINT('',(4.0875,7.15,-0.4));
#14425=CARTESIAN_POINT('Origin',(6.65,5.12129456745705,-1.7));
#14426=CARTESIAN_POINT('',(6.65,6.82062678051205,-1.65235517159659));
#14427=CARTESIAN_POINT('Origin',(3.4375,2.05,0.));
#14428=CARTESIAN_POINT('',(3.4375,2.05,-0.800000000000003));
#14429=CARTESIAN_POINT('',(3.4375,2.05,0.));
#14430=CARTESIAN_POINT('',(3.4375,5.75,-0.800000000000003));
#14431=CARTESIAN_POINT('',(3.4375,0.85,-0.800000000000003));
#14432=CARTESIAN_POINT('',(3.4375,5.75,-1.6));
#14433=CARTESIAN_POINT('Origin',(4.0875,2.05,0.));
#14434=CARTESIAN_POINT('',(4.0875,2.05,-0.800000000000003));
#14435=CARTESIAN_POINT('',(4.0875,2.05,0.));
#14436=CARTESIAN_POINT('',(-1.55625,2.05,-0.800000000000003));
#14437=CARTESIAN_POINT('Origin',(7.74166666666667,6.73691368514477,-5.79992143683));
#14438=CARTESIAN_POINT('',(1.97916666666667,6.94251895907458,-5.99984287366));
#14439=CARTESIAN_POINT('',(0.529166666666667,6.94251895907458,-5.99984287366));
#14440=CARTESIAN_POINT('',(7.74166666666667,6.94251895907458,-5.99984287366));
#14441=CARTESIAN_POINT('',(0.529166666666667,6.94251895907458,-5.99984287366));
#14442=CARTESIAN_POINT('',(1.57932379300666,6.53130841121495,-5.6));
#14443=CARTESIAN_POINT('Origin',(0.789583333333334,1.85,-0.2));
#14444=CARTESIAN_POINT('',(1.57916666666667,2.05,-0.4));
#14445=CARTESIAN_POINT('',(0.929166666666668,2.05,-0.4));
#14446=CARTESIAN_POINT('',(0.789583333333334,2.05,-0.4));
#14447=CARTESIAN_POINT('',(0.929166666666668,2.05,-0.4));
#14448=CARTESIAN_POINT('',(1.57916666666667,2.05,-0.4));
#14449=CARTESIAN_POINT('Origin',(0.729166666666668,4.6,-0.2));
#14450=CARTESIAN_POINT('',(0.929166666666668,5.12129456745705,-0.4));
#14451=CARTESIAN_POINT('',(0.929166666666668,4.6,-0.4));
#14452=CARTESIAN_POINT('',(0.929166666666668,5.12129456745705,-0.4));
#14453=CARTESIAN_POINT('Origin',(0.729166666666667,5.12129456745705,-1.7));
#14454=CARTESIAN_POINT('',(0.929166666666668,6.42078390685205,-1.66356571945621));
#14455=CARTESIAN_POINT('',(0.529166666666667,6.82062678051205,-1.65235517159659));
#14456=CARTESIAN_POINT('',(0.929166666666668,6.42078390685205,-1.66356571945621));
#14457=CARTESIAN_POINT('Origin',(0.529166666666667,5.12129456745705,-1.7));
#14458=CARTESIAN_POINT('Origin',(0.929166666666668,5.12129456745705,-1.7));
#14459=CARTESIAN_POINT('Origin',(0.729166666666667,6.76037268081706,-6.63942880334158));
#14460=CARTESIAN_POINT('',(0.529166666666667,6.96029411764706,-6.63382352941177));
#14461=CARTESIAN_POINT('',(0.929166666666668,6.56045124398706,-6.64503407727139));
#14462=CARTESIAN_POINT('Origin',(1.77916666666667,6.76237564817611,-6.71086797248105));
#14463=CARTESIAN_POINT('',(1.57916666666667,6.42078390685205,-1.66356571945621));
#14464=CARTESIAN_POINT('',(1.57916666666667,6.56245421134611,-6.71647324641086));
#14465=CARTESIAN_POINT('',(1.97916666666667,6.82062678051205,-1.65235517159659));
#14466=CARTESIAN_POINT('',(1.57916666666667,6.42078390685205,-1.66356571945621));
#14467=CARTESIAN_POINT('',(1.97916666666667,6.96229708500611,-6.70526269855123));
#14468=CARTESIAN_POINT('Origin',(1.77916666666667,5.12129456745705,-1.7));
#14469=CARTESIAN_POINT('',(1.57916666666667,5.12129456745705,-0.399999999999999));
#14470=CARTESIAN_POINT('',(1.57916666666667,5.12129456745705,-0.399999999999999));
#14471=CARTESIAN_POINT('Origin',(1.97916666666667,5.12129456745705,-1.7));
#14472=CARTESIAN_POINT('Origin',(1.57916666666667,5.12129456745705,-1.7));
#14473=CARTESIAN_POINT('Origin',(1.77916666666667,7.15,-0.2));
#14474=CARTESIAN_POINT('',(1.57916666666667,7.15,-0.4));
#14475=CARTESIAN_POINT('Origin',(6.65,5.12129456745705,-1.7));
#14476=CARTESIAN_POINT('',(6.65,6.82062678051205,-1.65235517159659));
#14477=CARTESIAN_POINT('Origin',(0.929166666666668,2.05,0.));
#14478=CARTESIAN_POINT('',(0.929166666666668,2.05,-0.800000000000003));
#14479=CARTESIAN_POINT('',(0.929166666666668,2.05,0.));
#14480=CARTESIAN_POINT('',(0.929166666666668,5.75,-0.800000000000003));
#14481=CARTESIAN_POINT('',(0.929166666666668,0.85,-0.800000000000003));
#14482=CARTESIAN_POINT('',(0.929166666666668,5.75,-1.6));
#14483=CARTESIAN_POINT('Origin',(1.57916666666667,2.05,0.));
#14484=CARTESIAN_POINT('',(1.57916666666667,2.05,-0.800000000000003));
#14485=CARTESIAN_POINT('',(1.57916666666667,2.05,0.));
#14486=CARTESIAN_POINT('',(-2.81041666666667,2.05,-0.800000000000003));
#14487=CARTESIAN_POINT('Origin',(-0.729166666666667,6.76237564817611,-6.71086797248105));
#14488=CARTESIAN_POINT('',(-0.929166666666668,6.42078390685205,-1.66356571945621));
#14489=CARTESIAN_POINT('',(-0.929166666666668,6.56245421134611,-6.71647324641086));
#14490=CARTESIAN_POINT('',(-0.529166666666667,6.82062678051205,-1.65235517159659));
#14491=CARTESIAN_POINT('',(-0.929166666666668,6.42078390685205,-1.66356571945621));
#14492=CARTESIAN_POINT('',(-0.529166666666667,6.94251895907458,-5.99984287366));
#14493=CARTESIAN_POINT('',(-0.529166666666667,6.96229708500611,-6.70526269855123));
#14494=CARTESIAN_POINT('',(-0.529166666666667,6.94251895907458,-5.99984287366));
#14495=CARTESIAN_POINT('Origin',(-1.77916666666667,4.6,-0.2));
#14496=CARTESIAN_POINT('',(-1.57916666666667,2.05,-0.4));
#14497=CARTESIAN_POINT('',(-1.57916666666667,5.12129456745705,-0.4));
#14498=CARTESIAN_POINT('',(-1.57916666666667,4.6,-0.4));
#14499=CARTESIAN_POINT('',(-1.57916666666667,5.12129456745705,-0.4));
#14500=CARTESIAN_POINT('',(-1.97916666666667,1.65,0.));
#14501=CARTESIAN_POINT('Origin',(-1.77916666666667,5.12129456745705,-1.7));
#14502=CARTESIAN_POINT('',(-1.57916666666667,6.42078390685205,-1.66356571945621));
#14503=CARTESIAN_POINT('',(-1.97916666666667,6.82062678051205,-1.65235517159659));
#14504=CARTESIAN_POINT('',(-1.57916666666667,6.42078390685205,-1.66356571945621));
#14505=CARTESIAN_POINT('Origin',(-1.97916666666667,5.12129456745705,-1.7));
#14506=CARTESIAN_POINT('Origin',(-1.57916666666667,5.12129456745705,-1.7));
#14507=CARTESIAN_POINT('Origin',(-1.77916666666667,6.76037268081706,-6.63942880334158));
#14508=CARTESIAN_POINT('',(-1.97916666666667,6.94251895907458,-5.99984287366));
#14509=CARTESIAN_POINT('',(-1.97916666666667,6.96029411764706,-6.63382352941177));
#14510=CARTESIAN_POINT('',(-1.57916666666667,6.56045124398706,-6.64503407727139));
#14511=CARTESIAN_POINT('',(-1.57932379300667,6.53130841121495,-5.6));
#14512=CARTESIAN_POINT('Origin',(-0.464583333333334,1.85,-0.2));
#14513=CARTESIAN_POINT('',(-0.929166666666668,2.05,-0.4));
#14514=CARTESIAN_POINT('',(-0.464583333333334,2.05,-0.4));
#14515=CARTESIAN_POINT('',(-0.529166666666667,1.65,0.));
#14516=CARTESIAN_POINT('Origin',(6.4875,6.73691368514477,-5.79992143683));
#14517=CARTESIAN_POINT('',(6.4875,6.94251895907458,-5.99984287366));
#14518=CARTESIAN_POINT('Origin',(-0.729166666666667,5.12129456745705,-1.7));
#14519=CARTESIAN_POINT('',(-0.929166666666668,5.12129456745705,-0.399999999999999));
#14520=CARTESIAN_POINT('',(-0.929166666666668,5.12129456745705,-0.399999999999999));
#14521=CARTESIAN_POINT('Origin',(-0.529166666666667,5.12129456745705,-1.7));
#14522=CARTESIAN_POINT('Origin',(-0.929166666666668,5.12129456745705,-1.7));
#14523=CARTESIAN_POINT('Origin',(-0.729166666666668,7.15,-0.2));
#14524=CARTESIAN_POINT('',(-0.929166666666668,7.15,-0.4));
#14525=CARTESIAN_POINT('Origin',(6.65,5.12129456745705,-1.7));
#14526=CARTESIAN_POINT('',(6.65,6.82062678051205,-1.65235517159659));
#14527=CARTESIAN_POINT('Origin',(-1.57916666666667,2.05,0.));
#14528=CARTESIAN_POINT('',(-1.57916666666667,2.05,-0.800000000000003));
#14529=CARTESIAN_POINT('',(-1.57916666666667,2.05,0.));
#14530=CARTESIAN_POINT('',(-1.57916666666667,5.75,-0.800000000000003));
#14531=CARTESIAN_POINT('',(-1.57916666666667,0.85,-0.800000000000003));
#14532=CARTESIAN_POINT('',(-1.57916666666667,5.75,-1.6));
#14533=CARTESIAN_POINT('Origin',(-3.2375,6.76237564817611,-6.71086797248105));
#14534=CARTESIAN_POINT('',(-3.4375,6.42078390685205,-1.66356571945621));
#14535=CARTESIAN_POINT('',(-3.4375,6.56245421134611,-6.71647324641086));
#14536=CARTESIAN_POINT('',(-3.0375,6.82062678051205,-1.65235517159659));
#14537=CARTESIAN_POINT('',(-3.4375,6.42078390685205,-1.66356571945621));
#14538=CARTESIAN_POINT('',(-3.0375,6.94251895907458,-5.99984287366));
#14539=CARTESIAN_POINT('',(-3.0375,6.96229708500611,-6.70526269855123));
#14540=CARTESIAN_POINT('',(-3.0375,6.94251895907458,-5.99984287366));
#14541=CARTESIAN_POINT('Origin',(-4.2875,4.6,-0.2));
#14542=CARTESIAN_POINT('',(-4.0875,2.05,-0.4));
#14543=CARTESIAN_POINT('',(-4.0875,5.12129456745705,-0.4));
#14544=CARTESIAN_POINT('',(-4.0875,4.6,-0.4));
#14545=CARTESIAN_POINT('',(-4.0875,5.12129456745705,-0.4));
#14546=CARTESIAN_POINT('',(-4.4875,1.65,0.));
#14547=CARTESIAN_POINT('Origin',(-4.2875,5.12129456745705,-1.7));
#14548=CARTESIAN_POINT('',(-4.0875,6.42078390685205,-1.66356571945621));
#14549=CARTESIAN_POINT('',(-4.4875,6.82062678051205,-1.65235517159659));
#14550=CARTESIAN_POINT('',(-4.0875,6.42078390685205,-1.66356571945621));
#14551=CARTESIAN_POINT('Origin',(-4.4875,5.12129456745705,-1.7));
#14552=CARTESIAN_POINT('Origin',(-4.0875,5.12129456745705,-1.7));
#14553=CARTESIAN_POINT('Origin',(-4.2875,6.76037268081706,-6.63942880334158));
#14554=CARTESIAN_POINT('',(-4.4875,6.94251895907458,-5.99984287366));
#14555=CARTESIAN_POINT('',(-4.4875,6.96029411764706,-6.63382352941177));
#14556=CARTESIAN_POINT('',(-4.0875,6.56045124398706,-6.64503407727139));
#14557=CARTESIAN_POINT('',(-4.08765712634,6.53130841121495,-5.6));
#14558=CARTESIAN_POINT('Origin',(-1.71875,1.85,-0.2));
#14559=CARTESIAN_POINT('',(-3.4375,2.05,-0.4));
#14560=CARTESIAN_POINT('',(-1.71875,2.05,-0.4));
#14561=CARTESIAN_POINT('',(-3.0375,1.65,0.));
#14562=CARTESIAN_POINT('Origin',(5.23333333333333,6.73691368514477,-5.79992143683));
#14563=CARTESIAN_POINT('',(5.23333333333333,6.94251895907458,-5.99984287366));
#14564=CARTESIAN_POINT('Origin',(-3.2375,5.12129456745705,-1.7));
#14565=CARTESIAN_POINT('',(-3.4375,5.12129456745705,-0.399999999999999));
#14566=CARTESIAN_POINT('',(-3.4375,5.12129456745705,-0.399999999999999));
#14567=CARTESIAN_POINT('Origin',(-3.0375,5.12129456745705,-1.7));
#14568=CARTESIAN_POINT('Origin',(-3.4375,5.12129456745705,-1.7));
#14569=CARTESIAN_POINT('Origin',(-3.2375,7.15,-0.2));
#14570=CARTESIAN_POINT('',(-3.4375,7.15,-0.4));
#14571=CARTESIAN_POINT('Origin',(6.65,5.12129456745705,-1.7));
#14572=CARTESIAN_POINT('',(6.65,6.82062678051205,-1.65235517159659));
#14573=CARTESIAN_POINT('Origin',(-4.0875,2.05,0.));
#14574=CARTESIAN_POINT('',(-4.0875,2.05,-0.800000000000003));
#14575=CARTESIAN_POINT('',(-4.0875,2.05,0.));
#14576=CARTESIAN_POINT('',(-4.0875,5.75,-0.800000000000003));
#14577=CARTESIAN_POINT('',(-4.0875,0.85,-0.800000000000003));
#14578=CARTESIAN_POINT('',(-4.0875,5.75,-1.6));
#14579=CARTESIAN_POINT('Origin',(3.97916666666666,6.73691368514477,-5.79992143682998));
#14580=CARTESIAN_POINT('',(-5.54583333333333,6.94251895907458,-5.99984287366));
#14581=CARTESIAN_POINT('',(-6.99583333333333,6.94251895907458,-5.99984287366));
#14582=CARTESIAN_POINT('',(3.97916666666666,6.94251895907458,-5.99984287365998));
#14583=CARTESIAN_POINT('',(-6.99583333333333,6.94251895907458,-5.99984287366));
#14584=CARTESIAN_POINT('',(-5.94567620699334,6.53130841121495,-5.6));
#14585=CARTESIAN_POINT('Origin',(-2.97291666666667,1.85,-0.2));
#14586=CARTESIAN_POINT('',(-5.94583333333333,2.05,-0.4));
#14587=CARTESIAN_POINT('',(-6.59583333333333,2.05,-0.4));
#14588=CARTESIAN_POINT('',(-2.97291666666667,2.05,-0.4));
#14589=CARTESIAN_POINT('',(-6.59583333333333,2.05,-0.4));
#14590=CARTESIAN_POINT('',(-5.94583333333333,2.05,-0.4));
#14591=CARTESIAN_POINT('Origin',(-6.79583333333333,4.6,-0.2));
#14592=CARTESIAN_POINT('',(-6.59583333333333,5.12129456745705,-0.4));
#14593=CARTESIAN_POINT('',(-6.59583333333333,4.6,-0.4));
#14594=CARTESIAN_POINT('',(-6.59583333333333,5.12129456745705,-0.4));
#14595=CARTESIAN_POINT('Origin',(-6.79583333333333,5.12129456745705,-1.7));
#14596=CARTESIAN_POINT('',(-6.59583333333333,6.42078390685205,-1.66356571945621));
#14597=CARTESIAN_POINT('',(-6.99583333333333,6.82062678051205,-1.65235517159659));
#14598=CARTESIAN_POINT('',(-6.59583333333333,6.42078390685205,-1.66356571945621));
#14599=CARTESIAN_POINT('Origin',(-6.99583333333333,5.12129456745705,-1.7));
#14600=CARTESIAN_POINT('Origin',(-6.59583333333333,5.12129456745705,-1.7));
#14601=CARTESIAN_POINT('Origin',(-6.79583333333333,6.76037268081706,-6.63942880334158));
#14602=CARTESIAN_POINT('',(-6.99583333333333,6.96029411764706,-6.63382352941177));
#14603=CARTESIAN_POINT('',(-6.59583333333333,6.56045124398706,-6.64503407727139));
#14604=CARTESIAN_POINT('Origin',(-5.74583333333333,6.76237564817611,-6.71086797248105));
#14605=CARTESIAN_POINT('',(-5.94583333333333,6.42078390685205,-1.66356571945621));
#14606=CARTESIAN_POINT('',(-5.94583333333333,6.56245421134611,-6.71647324641086));
#14607=CARTESIAN_POINT('',(-5.54583333333333,6.82062678051205,-1.65235517159659));
#14608=CARTESIAN_POINT('',(-5.94583333333333,6.42078390685205,-1.66356571945621));
#14609=CARTESIAN_POINT('',(-5.54583333333333,6.96229708500611,-6.70526269855123));
#14610=CARTESIAN_POINT('Origin',(-5.74583333333333,5.12129456745705,-1.7));
#14611=CARTESIAN_POINT('',(-5.94583333333333,5.12129456745705,-0.399999999999999));
#14612=CARTESIAN_POINT('',(-5.94583333333333,5.12129456745705,-0.399999999999999));
#14613=CARTESIAN_POINT('Origin',(-5.54583333333333,5.12129456745705,-1.7));
#14614=CARTESIAN_POINT('Origin',(-5.94583333333333,5.12129456745705,-1.7));
#14615=CARTESIAN_POINT('Origin',(-5.74583333333333,7.15,-0.2));
#14616=CARTESIAN_POINT('',(-5.94583333333333,7.15,-0.4));
#14617=CARTESIAN_POINT('Origin',(-6.59583333333333,2.05,0.));
#14618=CARTESIAN_POINT('',(-6.59583333333333,2.05,-0.800000000000003));
#14619=CARTESIAN_POINT('',(-6.59583333333333,2.05,0.));
#14620=CARTESIAN_POINT('',(-6.59583333333333,5.75,-0.800000000000003));
#14621=CARTESIAN_POINT('',(-6.59583333333333,0.85,-0.800000000000003));
#14622=CARTESIAN_POINT('',(-6.59583333333333,5.75,-1.6));
#14623=CARTESIAN_POINT('Origin',(-5.94583333333333,2.05,0.));
#14624=CARTESIAN_POINT('',(-5.94583333333333,2.05,-0.800000000000003));
#14625=CARTESIAN_POINT('',(-5.94583333333333,2.05,0.));
#14626=CARTESIAN_POINT('',(-6.57291666666667,2.05,-0.800000000000003));
#14627=CARTESIAN_POINT('Origin',(6.65,5.12129456745705,-1.7));
#14628=CARTESIAN_POINT('',(6.65,6.82062678051205,-1.65235517159659));
#14629=CARTESIAN_POINT('Origin',(-5.62083333333333,4.6,-6.3));
#14630=CARTESIAN_POINT('',(-5.62083333333333,4.6,-6.3));
#14631=CARTESIAN_POINT('',(-5.55104166666666,4.6,-6.3));
#14632=CARTESIAN_POINT('',(-5.62083333333333,6.1,-6.3));
#14633=CARTESIAN_POINT('',(-5.62083333333333,4.6,-6.3));
#14634=CARTESIAN_POINT('',(-5.34166666666667,6.1,-6.3));
#14635=CARTESIAN_POINT('Origin',(-5.48125,6.1,-6.65));
#14636=CARTESIAN_POINT('',(-5.62083333333333,6.1,-7.));
#14637=CARTESIAN_POINT('',(-5.62083333333333,6.1,-6.3));
#14638=CARTESIAN_POINT('',(-5.62083333333333,6.1,-7.));
#14639=CARTESIAN_POINT('Origin',(-3.1125,4.6,-6.3));
#14640=CARTESIAN_POINT('',(-3.1125,4.6,-6.3));
#14641=CARTESIAN_POINT('',(-3.04270833333333,4.6,-6.3));
#14642=CARTESIAN_POINT('',(-3.1125,6.1,-6.3));
#14643=CARTESIAN_POINT('',(-3.1125,4.6,-6.3));
#14644=CARTESIAN_POINT('',(-2.83333333333333,6.1,-6.3));
#14645=CARTESIAN_POINT('Origin',(-2.97291666666667,6.1,-6.65));
#14646=CARTESIAN_POINT('',(-3.1125,6.1,-7.));
#14647=CARTESIAN_POINT('',(-3.1125,6.1,-6.3));
#14648=CARTESIAN_POINT('',(-3.1125,6.1,-7.));
#14649=CARTESIAN_POINT('Origin',(-0.604166666666666,4.6,-6.3));
#14650=CARTESIAN_POINT('',(-0.604166666666666,4.6,-6.3));
#14651=CARTESIAN_POINT('',(-0.534374999999999,4.6,-6.3));
#14652=CARTESIAN_POINT('',(-0.604166666666666,6.1,-6.3));
#14653=CARTESIAN_POINT('',(-0.604166666666666,4.6,-6.3));
#14654=CARTESIAN_POINT('',(-0.325,6.1,-6.3));
#14655=CARTESIAN_POINT('Origin',(-0.464583333333333,6.1,-6.65));
#14656=CARTESIAN_POINT('',(-0.604166666666666,6.1,-7.));
#14657=CARTESIAN_POINT('',(-0.604166666666666,6.1,-6.3));
#14658=CARTESIAN_POINT('',(-0.604166666666666,6.1,-7.));
#14659=CARTESIAN_POINT('Origin',(1.90416666666667,4.6,-6.3));
#14660=CARTESIAN_POINT('',(1.90416666666667,4.6,-6.3));
#14661=CARTESIAN_POINT('',(1.97395833333333,4.6,-6.3));
#14662=CARTESIAN_POINT('',(1.90416666666667,6.1,-6.3));
#14663=CARTESIAN_POINT('',(1.90416666666667,4.6,-6.3));
#14664=CARTESIAN_POINT('',(2.18333333333333,6.1,-6.3));
#14665=CARTESIAN_POINT('Origin',(2.04375,6.1,-6.65));
#14666=CARTESIAN_POINT('',(1.90416666666667,6.1,-7.));
#14667=CARTESIAN_POINT('',(1.90416666666667,6.1,-6.3));
#14668=CARTESIAN_POINT('',(1.90416666666667,6.1,-7.));
#14669=CARTESIAN_POINT('Origin',(4.4125,4.6,-6.3));
#14670=CARTESIAN_POINT('',(4.4125,4.6,-6.3));
#14671=CARTESIAN_POINT('',(4.48229166666667,4.6,-6.3));
#14672=CARTESIAN_POINT('',(4.4125,6.1,-6.3));
#14673=CARTESIAN_POINT('',(4.4125,4.6,-6.3));
#14674=CARTESIAN_POINT('',(4.69166666666666,6.1,-6.3));
#14675=CARTESIAN_POINT('Origin',(4.55208333333333,6.1,-6.65));
#14676=CARTESIAN_POINT('',(4.4125,6.1,-7.));
#14677=CARTESIAN_POINT('',(4.4125,6.1,-6.3));
#14678=CARTESIAN_POINT('',(4.4125,6.1,-7.));
#14679=CARTESIAN_POINT('Origin',(6.92083333333333,4.6,-6.3));
#14680=CARTESIAN_POINT('',(6.92083333333333,4.6,-6.3));
#14681=CARTESIAN_POINT('',(6.990625,4.6,-6.3));
#14682=CARTESIAN_POINT('',(6.92083333333333,6.1,-6.3));
#14683=CARTESIAN_POINT('',(6.92083333333333,4.6,-6.3));
#14684=CARTESIAN_POINT('',(7.2,6.1,-6.3));
#14685=CARTESIAN_POINT('Origin',(7.06041666666667,6.1,-6.65));
#14686=CARTESIAN_POINT('',(6.92083333333333,6.1,-7.));
#14687=CARTESIAN_POINT('',(6.92083333333333,6.1,-6.3));
#14688=CARTESIAN_POINT('',(6.92083333333333,6.1,-7.));
#14689=CARTESIAN_POINT('Origin',(5.34166666666667,4.6,-6.3));
#14690=CARTESIAN_POINT('',(5.62083333333333,4.6,-6.3));
#14691=CARTESIAN_POINT('',(5.41145833333333,4.6,-6.3));
#14692=CARTESIAN_POINT('',(5.62083333333333,6.1,-6.3));
#14693=CARTESIAN_POINT('',(5.62083333333333,6.1,-6.3));
#14694=CARTESIAN_POINT('',(5.62083333333333,4.6,-6.3));
#14695=CARTESIAN_POINT('Origin',(5.48125,6.1,-6.65));
#14696=CARTESIAN_POINT('',(5.62083333333333,6.1,-7.));
#14697=CARTESIAN_POINT('',(5.34166666666667,6.1,-7.));
#14698=CARTESIAN_POINT('',(5.62083333333333,6.1,-7.));
#14699=CARTESIAN_POINT('Origin',(2.83333333333333,4.6,-6.3));
#14700=CARTESIAN_POINT('',(3.1125,4.6,-6.3));
#14701=CARTESIAN_POINT('',(2.903125,4.6,-6.3));
#14702=CARTESIAN_POINT('',(3.1125,6.1,-6.3));
#14703=CARTESIAN_POINT('',(3.1125,6.1,-6.3));
#14704=CARTESIAN_POINT('',(3.1125,4.6,-6.3));
#14705=CARTESIAN_POINT('Origin',(2.97291666666667,6.1,-6.65));
#14706=CARTESIAN_POINT('',(3.1125,6.1,-7.));
#14707=CARTESIAN_POINT('',(2.83333333333333,6.1,-7.));
#14708=CARTESIAN_POINT('',(3.1125,6.1,-7.));
#14709=CARTESIAN_POINT('Origin',(0.325,4.6,-6.3));
#14710=CARTESIAN_POINT('',(0.604166666666667,4.6,-6.3));
#14711=CARTESIAN_POINT('',(0.394791666666666,4.6,-6.3));
#14712=CARTESIAN_POINT('',(0.604166666666667,6.1,-6.3));
#14713=CARTESIAN_POINT('',(0.604166666666667,6.1,-6.3));
#14714=CARTESIAN_POINT('',(0.604166666666667,4.6,-6.3));
#14715=CARTESIAN_POINT('Origin',(0.464583333333333,6.1,-6.65));
#14716=CARTESIAN_POINT('',(0.604166666666667,6.1,-7.));
#14717=CARTESIAN_POINT('',(0.325,6.1,-7.));
#14718=CARTESIAN_POINT('',(0.604166666666667,6.1,-7.));
#14719=CARTESIAN_POINT('Origin',(-2.18333333333333,4.6,-6.3));
#14720=CARTESIAN_POINT('',(-1.90416666666667,4.6,-6.3));
#14721=CARTESIAN_POINT('',(-2.11354166666667,4.6,-6.3));
#14722=CARTESIAN_POINT('',(-1.90416666666667,6.1,-6.3));
#14723=CARTESIAN_POINT('',(-1.90416666666667,6.1,-6.3));
#14724=CARTESIAN_POINT('',(-1.90416666666667,4.6,-6.3));
#14725=CARTESIAN_POINT('Origin',(-2.04375,6.1,-6.65));
#14726=CARTESIAN_POINT('',(-1.90416666666667,6.1,-7.));
#14727=CARTESIAN_POINT('',(-2.18333333333333,6.1,-7.));
#14728=CARTESIAN_POINT('',(-1.90416666666667,6.1,-7.));
#14729=CARTESIAN_POINT('Origin',(-4.69166666666666,4.6,-6.3));
#14730=CARTESIAN_POINT('',(-4.4125,4.6,-6.3));
#14731=CARTESIAN_POINT('',(-4.621875,4.6,-6.3));
#14732=CARTESIAN_POINT('',(-4.4125,6.1,-6.3));
#14733=CARTESIAN_POINT('',(-4.4125,6.1,-6.3));
#14734=CARTESIAN_POINT('',(-4.4125,4.6,-6.3));
#14735=CARTESIAN_POINT('Origin',(-4.55208333333333,6.1,-6.65));
#14736=CARTESIAN_POINT('',(-4.4125,6.1,-7.));
#14737=CARTESIAN_POINT('',(-4.69166666666666,6.1,-7.));
#14738=CARTESIAN_POINT('',(-4.4125,6.1,-7.));
#14739=CARTESIAN_POINT('Origin',(-7.2,4.6,-6.3));
#14740=CARTESIAN_POINT('',(-7.2,4.6,-6.3));
#14741=CARTESIAN_POINT('',(-6.92083333333333,4.6,-6.3));
#14742=CARTESIAN_POINT('',(-7.13020833333333,4.6,-6.3));
#14743=CARTESIAN_POINT('',(-7.2,6.1,-6.3));
#14744=CARTESIAN_POINT('',(-7.2,4.6,-6.3));
#14745=CARTESIAN_POINT('',(-6.92083333333333,6.1,-6.3));
#14746=CARTESIAN_POINT('',(-6.92083333333333,6.1,-6.3));
#14747=CARTESIAN_POINT('',(-6.92083333333333,4.6,-6.3));
#14748=CARTESIAN_POINT('Origin',(-7.06041666666666,6.1,-6.65));
#14749=CARTESIAN_POINT('',(-7.2,6.1,-7.));
#14750=CARTESIAN_POINT('',(-7.2,6.1,-6.3));
#14751=CARTESIAN_POINT('',(-6.92083333333333,6.1,-7.));
#14752=CARTESIAN_POINT('',(-7.2,6.1,-7.));
#14753=CARTESIAN_POINT('',(-6.92083333333333,6.1,-7.));
#14754=CARTESIAN_POINT('Origin',(-5.48125,4.6,-6.3));
#14755=CARTESIAN_POINT('',(-5.62083333333333,4.6,-5.6));
#14756=CARTESIAN_POINT('Origin',(-2.97291666666667,4.6,-6.3));
#14757=CARTESIAN_POINT('',(-3.1125,4.6,-5.6));
#14758=CARTESIAN_POINT('Origin',(-0.464583333333333,4.6,-6.3));
#14759=CARTESIAN_POINT('',(-0.604166666666666,4.6,-5.6));
#14760=CARTESIAN_POINT('Origin',(2.04375,4.6,-6.3));
#14761=CARTESIAN_POINT('',(1.90416666666667,4.6,-5.6));
#14762=CARTESIAN_POINT('Origin',(4.55208333333333,4.6,-6.3));
#14763=CARTESIAN_POINT('',(4.4125,4.6,-5.6));
#14764=CARTESIAN_POINT('Origin',(7.06041666666667,4.6,-6.3));
#14765=CARTESIAN_POINT('',(6.92083333333333,4.6,-5.6));
#14766=CARTESIAN_POINT('Origin',(5.48125,4.6,-6.3));
#14767=CARTESIAN_POINT('',(5.62083333333333,4.6,-7.));
#14768=CARTESIAN_POINT('Origin',(2.97291666666667,4.6,-6.3));
#14769=CARTESIAN_POINT('',(3.1125,4.6,-7.));
#14770=CARTESIAN_POINT('Origin',(0.464583333333333,4.6,-6.3));
#14771=CARTESIAN_POINT('',(0.604166666666667,4.6,-5.6));
#14772=CARTESIAN_POINT('Origin',(-2.04375,4.6,-6.3));
#14773=CARTESIAN_POINT('',(-1.90416666666667,4.6,-7.));
#14774=CARTESIAN_POINT('Origin',(-4.55208333333333,4.6,-6.3));
#14775=CARTESIAN_POINT('',(-4.4125,4.6,-5.6));
#14776=CARTESIAN_POINT('Origin',(-7.06041666666667,4.6,-6.3));
#14777=CARTESIAN_POINT('',(-6.92083333333333,4.6,-7.));
#14778=CARTESIAN_POINT('',(-7.2,4.6,-5.60000000000001));
#14779=CARTESIAN_POINT('Origin',(-6.92083333333333,2.3,-7.));
#14780=CARTESIAN_POINT('',(-6.92083333333333,2.3,-7.));
#14781=CARTESIAN_POINT('',(-7.2,2.3,-7.));
#14782=CARTESIAN_POINT('Origin',(-6.92083333333333,2.3,-5.6));
#14783=CARTESIAN_POINT('Origin',(-4.4125,2.3,-7.));
#14784=CARTESIAN_POINT('',(-4.4125,2.3,-7.));
#14785=CARTESIAN_POINT('Origin',(-4.4125,2.3,-5.6));
#14786=CARTESIAN_POINT('Origin',(-1.90416666666667,2.3,-7.));
#14787=CARTESIAN_POINT('',(-1.90416666666667,2.3,-7.));
#14788=CARTESIAN_POINT('Origin',(-1.90416666666667,2.3,-5.6));
#14789=CARTESIAN_POINT('Origin',(0.604166666666667,2.3,-7.));
#14790=CARTESIAN_POINT('',(0.604166666666667,2.3,-7.));
#14791=CARTESIAN_POINT('Origin',(0.604166666666667,2.3,-5.6));
#14792=CARTESIAN_POINT('Origin',(3.1125,2.3,-7.));
#14793=CARTESIAN_POINT('',(3.1125,2.3,-7.));
#14794=CARTESIAN_POINT('Origin',(3.1125,2.3,-5.6));
#14795=CARTESIAN_POINT('Origin',(5.62083333333333,2.3,-7.));
#14796=CARTESIAN_POINT('',(5.62083333333333,2.3,-7.));
#14797=CARTESIAN_POINT('Origin',(5.62083333333333,2.3,-5.6));
#14798=CARTESIAN_POINT('Origin',(6.92083333333333,2.3,-7.));
#14799=CARTESIAN_POINT('',(6.92083333333333,2.3,-7.));
#14800=CARTESIAN_POINT('Origin',(7.2,2.3,-7.));
#14801=CARTESIAN_POINT('Origin',(4.4125,2.3,-7.));
#14802=CARTESIAN_POINT('',(4.4125,2.3,-7.));
#14803=CARTESIAN_POINT('Origin',(4.69166666666666,2.3,-7.));
#14804=CARTESIAN_POINT('Origin',(1.90416666666667,2.3,-7.));
#14805=CARTESIAN_POINT('',(1.90416666666667,2.3,-7.));
#14806=CARTESIAN_POINT('Origin',(2.18333333333333,2.3,-7.));
#14807=CARTESIAN_POINT('Origin',(-0.604166666666666,2.3,-7.));
#14808=CARTESIAN_POINT('',(-0.604166666666666,2.3,-7.));
#14809=CARTESIAN_POINT('Origin',(-0.325,2.3,-7.));
#14810=CARTESIAN_POINT('Origin',(-3.1125,2.3,-7.));
#14811=CARTESIAN_POINT('',(-3.1125,2.3,-7.));
#14812=CARTESIAN_POINT('Origin',(-2.83333333333333,2.3,-7.));
#14813=CARTESIAN_POINT('Origin',(-5.62083333333333,2.3,-7.));
#14814=CARTESIAN_POINT('',(-5.62083333333333,2.3,-7.));
#14815=CARTESIAN_POINT('Origin',(-5.34166666666667,2.3,-7.));
#14816=CARTESIAN_POINT('Origin',(6.59583333333333,2.05,0.));
#14817=CARTESIAN_POINT('',(6.59583333333333,2.05,-0.800000000000003));
#14818=CARTESIAN_POINT('',(6.59583333333333,2.05,0.));
#14819=CARTESIAN_POINT('',(-0.302083333333333,2.05,-0.800000000000003));
#14820=CARTESIAN_POINT('Origin',(6.59583333333333,7.15,0.));
#14821=CARTESIAN_POINT('',(6.59583333333333,5.75,-0.800000000000003));
#14822=CARTESIAN_POINT('',(6.59583333333333,5.75,-1.6));
#14823=CARTESIAN_POINT('',(6.59583333333333,3.4,-0.800000000000003));
#14824=CARTESIAN_POINT('Origin',(4.0875,7.15,0.));
#14825=CARTESIAN_POINT('',(4.0875,5.75,-0.800000000000003));
#14826=CARTESIAN_POINT('',(4.0875,5.75,-1.6));
#14827=CARTESIAN_POINT('',(4.0875,3.4,-0.800000000000003));
#14828=CARTESIAN_POINT('Origin',(-0.929166666666668,2.05,0.));
#14829=CARTESIAN_POINT('',(-0.929166666666668,2.05,-0.800000000000003));
#14830=CARTESIAN_POINT('',(-0.929166666666668,2.05,0.));
#14831=CARTESIAN_POINT('',(-4.06458333333333,2.05,-0.800000000000003));
#14832=CARTESIAN_POINT('Origin',(-0.929166666666668,7.15,0.));
#14833=CARTESIAN_POINT('',(-0.929166666666668,5.75,-0.800000000000003));
#14834=CARTESIAN_POINT('',(-0.929166666666668,5.75,-1.6));
#14835=CARTESIAN_POINT('',(-0.929166666666668,3.4,-0.800000000000003));
#14836=CARTESIAN_POINT('Origin',(-5.94583333333333,7.15,0.));
#14837=CARTESIAN_POINT('',(-5.94583333333333,5.75,-0.800000000000003));
#14838=CARTESIAN_POINT('',(-5.94583333333333,5.75,-1.6));
#14839=CARTESIAN_POINT('',(-5.94583333333333,3.4,-0.800000000000003));
#14840=CARTESIAN_POINT('Origin',(-3.4375,2.05,0.));
#14841=CARTESIAN_POINT('',(-3.4375,2.05,-0.800000000000003));
#14842=CARTESIAN_POINT('',(-3.4375,2.05,0.));
#14843=CARTESIAN_POINT('',(-5.31875,2.05,-0.800000000000003));
#14844=CARTESIAN_POINT('Origin',(-3.4375,7.15,0.));
#14845=CARTESIAN_POINT('',(-3.4375,5.75,-0.800000000000003));
#14846=CARTESIAN_POINT('',(-3.4375,5.75,-1.6));
#14847=CARTESIAN_POINT('',(-3.4375,3.4,-0.800000000000003));
#14848=CARTESIAN_POINT('Origin',(1.57916666666667,7.15,0.));
#14849=CARTESIAN_POINT('',(1.57916666666667,5.75,-0.800000000000003));
#14850=CARTESIAN_POINT('',(1.57916666666667,5.75,-1.6));
#14851=CARTESIAN_POINT('',(1.57916666666667,3.4,-0.800000000000003));
#14852=CARTESIAN_POINT('Origin',(6.27083333333333,5.75,-3.2));
#14853=CARTESIAN_POINT('',(7.2,5.75,-0.800000000000003));
#14854=CARTESIAN_POINT('Origin',(3.7625,5.75,-3.2));
#14855=CARTESIAN_POINT('',(4.69166666666666,5.75,-0.800000000000003));
#14856=CARTESIAN_POINT('Origin',(-1.25416666666667,5.75,-3.2));
#14857=CARTESIAN_POINT('',(-0.325,5.75,-0.800000000000003));
#14858=CARTESIAN_POINT('Origin',(-6.27083333333333,5.75,-3.2));
#14859=CARTESIAN_POINT('',(-5.34166666666667,5.75,-0.800000000000003));
#14860=CARTESIAN_POINT('Origin',(-3.7625,5.75,-3.2));
#14861=CARTESIAN_POINT('',(-2.83333333333333,5.75,-0.800000000000003));
#14862=CARTESIAN_POINT('Origin',(-7.2,-0.35,-0.800000000000003));
#14863=CARTESIAN_POINT('',(-7.2,-0.35,-0.800000000000003));
#14864=CARTESIAN_POINT('',(-3.6,-0.35,-0.800000000000003));
#14865=CARTESIAN_POINT('',(-7.2,5.75,-0.800000000000003));
#14866=CARTESIAN_POINT('',(-7.2,0.9,-0.800000000000003));
#14867=CARTESIAN_POINT('',(-5.34166666666667,5.75,-0.800000000000003));
#14868=CARTESIAN_POINT('',(7.2,1.15,-0.800000000000003));
#14869=CARTESIAN_POINT('',(-2.83333333333333,5.75,-0.800000000000003));
#14870=CARTESIAN_POINT('',(7.2,1.15,-0.800000000000003));
#14871=CARTESIAN_POINT('',(-0.325,5.75,-0.800000000000003));
#14872=CARTESIAN_POINT('',(7.2,1.15,-0.800000000000003));
#14873=CARTESIAN_POINT('',(2.18333333333333,5.75,-0.800000000000003));
#14874=CARTESIAN_POINT('',(2.18333333333333,5.75,-0.800000000000003));
#14875=CARTESIAN_POINT('',(7.2,1.15,-0.800000000000003));
#14876=CARTESIAN_POINT('',(4.69166666666666,5.75,-0.800000000000003));
#14877=CARTESIAN_POINT('',(7.2,1.15,-0.800000000000003));
#14878=CARTESIAN_POINT('',(7.2,5.75,-0.800000000000003));
#14879=CARTESIAN_POINT('Origin',(1.25416666666667,5.75,-3.2));
#14880=CARTESIAN_POINT('Origin',(13.3,7.15,-13.4));
#14881=CARTESIAN_POINT('',(8.,6.94532159603949,-6.099803592075));
#14882=CARTESIAN_POINT('',(8.,7.03834438820039,-9.41761651248036));
#14883=CARTESIAN_POINT('',(10.9,6.94532159603949,-6.099803592075));
#14884=CARTESIAN_POINT('',(11.85,6.94532159603949,-6.099803592075));
#14885=CARTESIAN_POINT('',(10.9,6.82062678051205,-1.65235517159659));
#14886=CARTESIAN_POINT('',(10.9,6.95990137894921,-6.61981584918834));
#14887=CARTESIAN_POINT('',(6.65,6.82062678051205,-1.65235517159659));
#14888=CARTESIAN_POINT('',(0.,7.15,-13.4));
#14889=CARTESIAN_POINT('',(-10.9,6.82062678051205,-1.65235517159659));
#14890=CARTESIAN_POINT('',(6.65,6.82062678051205,-1.65235517159659));
#14891=CARTESIAN_POINT('',(-10.9,6.94532159603949,-6.099803592075));
#14892=CARTESIAN_POINT('',(-10.9,6.95990137894921,-6.61981584918834));
#14893=CARTESIAN_POINT('',(-7.99999999999999,6.94532159603949,-6.099803592075));
#14894=CARTESIAN_POINT('',(1.45,6.94532159603949,-6.099803592075));
#14895=CARTESIAN_POINT('',(-7.99999999999999,6.82062678051205,-1.65235517159659));
#14896=CARTESIAN_POINT('',(-8.,7.03834438820039,-9.41761651248036));
#14897=CARTESIAN_POINT('',(6.65,6.82062678051205,-1.65235517159659));
#14898=CARTESIAN_POINT('Origin',(6.65,5.12129456745705,-1.7));
#14899=CARTESIAN_POINT('Origin',(-8.,5.12129456745705,-1.7));
#14900=CARTESIAN_POINT('Origin',(-6.27083333333333,5.75,-3.2));
#14901=CARTESIAN_POINT('',(-7.2,5.75,-0.800000000000003));
#14902=CARTESIAN_POINT('Origin',(-1.25416666666667,5.75,-3.2));
#14903=CARTESIAN_POINT('Origin',(3.7625,5.75,-3.2));
#14904=CARTESIAN_POINT('Origin',(1.25416666666667,5.75,-3.2));
#14905=CARTESIAN_POINT('Origin',(-3.7625,5.75,-3.2));
#14906=CARTESIAN_POINT('Origin',(6.27083333333333,5.75,-3.2));
#14907=CARTESIAN_POINT('Origin',(2.22044604925031E-15,1.15,-5.));
#14908=CARTESIAN_POINT('',(7.33543046357616,-5.82867087928207E-15,-5.));
#14909=CARTESIAN_POINT('',(7.33543046357616,0.574999999999995,-5.));
#14910=CARTESIAN_POINT('',(1.11022302462516E-15,0.,-5.));
#14911=CARTESIAN_POINT('Origin',(2.22044604925031E-15,1.15,-5.));
#14912=CARTESIAN_POINT('',(1.11022302462516E-15,1.15,-5.));
#14913=CARTESIAN_POINT('Origin',(2.22044604925031E-15,1.15,-5.));
#14914=CARTESIAN_POINT('',(1.11022302462516E-15,1.15,-5.));
#14915=CARTESIAN_POINT('Origin',(2.22044604925031E-15,1.15,-5.));
#14916=CARTESIAN_POINT('',(1.11022302462516E-15,1.15,-5.));
#14917=CARTESIAN_POINT('Origin',(2.22044604925031E-15,1.15,-5.));
#14918=CARTESIAN_POINT('',(1.11022302462516E-15,1.15,-5.));
#14919=CARTESIAN_POINT('Origin',(2.22044604925031E-15,1.15,-5.));
#14920=CARTESIAN_POINT('',(1.11022302462516E-15,1.15,-5.));
#14921=CARTESIAN_POINT('Origin',(2.22044604925031E-15,1.15,-5.));
#14922=CARTESIAN_POINT('',(-7.2,0.,-5.));
#14923=CARTESIAN_POINT('',(-7.2,0.399999999999998,-5.));
#14924=CARTESIAN_POINT('',(-7.33543046357616,-5.82867087928207E-15,-5.));
#14925=CARTESIAN_POINT('',(1.11022302462516E-15,0.,-5.));
#14926=CARTESIAN_POINT('',(-7.33543046357616,-5.82867087928207E-15,-5.));
#14927=CARTESIAN_POINT('Origin',(0.,1.15,-2.9));
#14928=CARTESIAN_POINT('Origin',(0.,1.15,-2.9));
#14929=CARTESIAN_POINT('Origin',(0.,1.15,-2.9));
#14930=CARTESIAN_POINT('Origin',(0.,1.15,-2.9));
#14931=CARTESIAN_POINT('Origin',(0.,1.15,-2.9));
#14932=CARTESIAN_POINT('Origin',(-7.2,-0.35,-5.));
#14933=CARTESIAN_POINT('',(-7.2,-0.35,-1.));
#14934=CARTESIAN_POINT('',(-7.2,-0.35,-2.75));
#14935=CARTESIAN_POINT('',(-7.2,0.,-1.));
#14936=CARTESIAN_POINT('',(-7.2,-0.175,-1.));
#14937=CARTESIAN_POINT('',(-7.2,0.,-2.5));
#14938=CARTESIAN_POINT('Origin',(0.,0.,0.));
#14939=CARTESIAN_POINT('',(-10.8,0.,-1.));
#14940=CARTESIAN_POINT('',(-5.9,0.,-1.));
#14941=CARTESIAN_POINT('',(-10.8,0.,-6.));
#14942=CARTESIAN_POINT('',(-10.8,0.,-3.5));
#14943=CARTESIAN_POINT('',(-9.8,0.,-7.));
#14944=CARTESIAN_POINT('Origin',(-9.8,0.,-6.));
#14945=CARTESIAN_POINT('',(-8.33543046357616,0.,-7.));
#14946=CARTESIAN_POINT('',(0.,0.,-7.));
#14947=CARTESIAN_POINT('',(-7.33543046357616,0.,-6.));
#14948=CARTESIAN_POINT('Origin',(-8.33543046357616,0.,-6.));
#14949=CARTESIAN_POINT('',(-7.33543046357616,0.,-3.5));
#14950=CARTESIAN_POINT('Origin',(0.,0.,0.));
#14951=CARTESIAN_POINT('',(7.33543046357616,0.,-6.));
#14952=CARTESIAN_POINT('',(7.33543046357616,0.,-3.5));
#14953=CARTESIAN_POINT('',(8.33543046357616,0.,-7.));
#14954=CARTESIAN_POINT('Origin',(8.33543046357616,0.,-6.));
#14955=CARTESIAN_POINT('',(9.8,0.,-7.));
#14956=CARTESIAN_POINT('',(0.,0.,-7.));
#14957=CARTESIAN_POINT('',(10.8,0.,-6.));
#14958=CARTESIAN_POINT('Origin',(9.8,0.,-6.));
#14959=CARTESIAN_POINT('',(10.8,0.,-3.5));
#14960=CARTESIAN_POINT('Origin',(-11.8,0.,-1.));
#14961=CARTESIAN_POINT('',(-10.8,0.9,-1.));
#14962=CARTESIAN_POINT('',(-5.9,0.9,-1.));
#14963=CARTESIAN_POINT('',(-10.8,-0.35,-1.));
#14964=CARTESIAN_POINT('',(11.8,-0.35,-1.));
#14965=CARTESIAN_POINT('Origin',(-8.33543046357616,0.,-6.));
#14966=CARTESIAN_POINT('',(-7.33543046357616,0.,-6.));
#14967=CARTESIAN_POINT('',(-8.33543046357616,0.,-7.));
#14968=CARTESIAN_POINT('Origin',(-9.8,0.,-6.));
#14969=CARTESIAN_POINT('',(-9.8,0.9,-7.));
#14970=CARTESIAN_POINT('',(-10.8,0.9,-6.));
#14971=CARTESIAN_POINT('Origin',(-9.8,0.9,-6.));
#14972=CARTESIAN_POINT('',(-9.8,0.,-7.));
#14973=CARTESIAN_POINT('',(-10.8,0.,-6.));
#14974=CARTESIAN_POINT('Origin',(-10.8,-4.9960036108132E-15,-7.));
#14975=CARTESIAN_POINT('',(-10.8,0.9,-7.));
#14976=CARTESIAN_POINT('Origin',(13.3,2.3,-7.));
#14977=CARTESIAN_POINT('',(-13.2354304635762,0.9,-7.));
#14978=CARTESIAN_POINT('',(2.11614238410596,0.9,-7.));
#14979=CARTESIAN_POINT('',(-13.2354304635762,2.3,-7.));
#14980=CARTESIAN_POINT('',(-13.2354304635762,4.725,-7.));
#14981=CARTESIAN_POINT('',(-11.15,2.3,-7.));
#14982=CARTESIAN_POINT('',(-5.575,2.3,-7.));
#14983=CARTESIAN_POINT('',(-11.15,2.95,-7.));
#14984=CARTESIAN_POINT('',(-11.15,4.26249999999999,-7.));
#14985=CARTESIAN_POINT('',(-10.65,2.95,-7.));
#14986=CARTESIAN_POINT('',(1.075,2.95,-7.));
#14987=CARTESIAN_POINT('',(-10.65,2.55,-7.));
#14988=CARTESIAN_POINT('',(-10.65,2.625,-7.));
#14989=CARTESIAN_POINT('',(-10.4,2.55,-7.));
#14990=CARTESIAN_POINT('',(1.325,2.55,-7.));
#14991=CARTESIAN_POINT('',(-10.4,3.65,-7.));
#14992=CARTESIAN_POINT('',(-10.4,2.425,-7.));
#14993=CARTESIAN_POINT('',(-7.875,3.64999999999999,-7.));
#14994=CARTESIAN_POINT('',(-3.9375,3.65,-7.));
#14995=CARTESIAN_POINT('',(-7.875,2.6375,-7.));
#14996=CARTESIAN_POINT('Origin',(7.33543046357616,-3.88578058618805E-15,
-7.));
#14997=CARTESIAN_POINT('',(7.33543046357616,0.9,-6.));
#14998=CARTESIAN_POINT('Origin',(9.8,0.,-6.));
#14999=CARTESIAN_POINT('',(9.8,0.9,-7.));
#15000=CARTESIAN_POINT('',(10.8,0.9,-6.));
#15001=CARTESIAN_POINT('Origin',(9.8,0.9,-6.));
#15002=CARTESIAN_POINT('',(10.8,0.,-6.));
#15003=CARTESIAN_POINT('',(9.8,0.,-7.));
#15004=CARTESIAN_POINT('Origin',(8.33543046357616,0.,-6.));
#15005=CARTESIAN_POINT('',(8.33543046357616,0.9,-7.));
#15006=CARTESIAN_POINT('Origin',(10.8,0.9,-7.));
#15007=CARTESIAN_POINT('',(10.8,0.9,-7.));
#15008=CARTESIAN_POINT('Origin',(-7.33543046357616,2.3,-7.));
#15009=CARTESIAN_POINT('Origin',(13.3,2.3,-7.));
#15010=CARTESIAN_POINT('',(7.875,3.64999999999999,-7.));
#15011=CARTESIAN_POINT('',(7.875,3.31249999999999,-7.));
#15012=CARTESIAN_POINT('',(10.4,3.64999999999999,-7.));
#15013=CARTESIAN_POINT('',(5.2,3.64999999999999,-7.));
#15014=CARTESIAN_POINT('',(10.4,2.54999999999999,-7.));
#15015=CARTESIAN_POINT('',(10.4,4.125,-7.));
#15016=CARTESIAN_POINT('',(10.65,2.54999999999999,-7.));
#15017=CARTESIAN_POINT('',(11.85,2.54999999999999,-7.));
#15018=CARTESIAN_POINT('',(10.65,2.94999999999999,-7.));
#15019=CARTESIAN_POINT('',(10.65,2.42499999999999,-7.));
#15020=CARTESIAN_POINT('',(11.15,2.94999999999999,-7.));
#15021=CARTESIAN_POINT('',(11.975,2.94999999999999,-7.));
#15022=CARTESIAN_POINT('',(11.15,2.3,-7.));
#15023=CARTESIAN_POINT('',(11.15,2.6375,-7.));
#15024=CARTESIAN_POINT('',(13.2354304635762,2.3,-7.));
#15025=CARTESIAN_POINT('',(13.3,2.3,-7.));
#15026=CARTESIAN_POINT('',(13.2354304635762,0.9,-7.));
#15027=CARTESIAN_POINT('',(13.2354304635762,4.725,-7.));
#15028=CARTESIAN_POINT('',(11.183857615894,0.9,-7.));
#15029=CARTESIAN_POINT('Origin',(-10.65,4.1,-0.25));
#15030=CARTESIAN_POINT('',(-10.4,1.05,-0.5));
#15031=CARTESIAN_POINT('',(-10.4,5.12129456745705,-0.5));
#15032=CARTESIAN_POINT('',(-10.4,4.1,-0.5));
#15033=CARTESIAN_POINT('',(-10.4,5.12129456745705,-0.5));
#15034=CARTESIAN_POINT('',(-10.9,0.55,0.));
#15035=CARTESIAN_POINT('Origin',(-8.25,6.78844259216288,-9.42462310489263));
#15036=CARTESIAN_POINT('',(-8.5,6.43111192610749,-5.6));
#15037=CARTESIAN_POINT('',(-8.5,6.32082318843706,-1.66636835642112));
#15038=CARTESIAN_POINT('',(-8.5,6.53854079612539,-9.4316296973049));
#15039=CARTESIAN_POINT('',(-8.5,6.32082318843706,-1.66636835642112));
#15040=CARTESIAN_POINT('',(-8.499803592075,6.43130841121495,-5.6));
#15041=CARTESIAN_POINT('',(-7.99999999999999,6.94532159603949,-6.099803592075));
#15042=CARTESIAN_POINT('',(-10.1682831497127,4.76217319080691,-5.6));
#15043=CARTESIAN_POINT('Origin',(-8.25,5.12129456745705,-1.7));
#15044=CARTESIAN_POINT('',(-8.5,5.12129456745705,-0.499999999999999));
#15045=CARTESIAN_POINT('',(-8.5,5.12129456745705,-0.499999999999999));
#15046=CARTESIAN_POINT('Origin',(-8.5,5.12129456745705,-1.7));
#15047=CARTESIAN_POINT('Origin',(-8.25,4.1,-0.25));
#15048=CARTESIAN_POINT('',(-8.5,1.05,-0.5));
#15049=CARTESIAN_POINT('',(-8.5,4.1,-0.5));
#15050=CARTESIAN_POINT('',(-8.5,1.05,-0.5));
#15051=CARTESIAN_POINT('Origin',(1.45,6.68831500362722,-5.8499017960375));
#15052=CARTESIAN_POINT('',(-10.400196407925,6.43130841121495,-5.6));
#15053=CARTESIAN_POINT('',(1.45,6.43130841121495,-5.6));
#15054=CARTESIAN_POINT('',(-10.9,6.94532159603949,-6.099803592075));
#15055=CARTESIAN_POINT('Origin',(-4.725,0.8,-0.25));
#15056=CARTESIAN_POINT('',(-4.725,1.05,-0.5));
#15057=CARTESIAN_POINT('Origin',(-10.65,5.12129456745705,-1.7));
#15058=CARTESIAN_POINT('',(-10.4,6.32082318843706,-1.66636835642112));
#15059=CARTESIAN_POINT('',(-10.4,6.32082318843706,-1.66636835642112));
#15060=CARTESIAN_POINT('Origin',(-10.9,5.12129456745705,-1.7));
#15061=CARTESIAN_POINT('Origin',(-10.4,5.12129456745705,-1.7));
#15062=CARTESIAN_POINT('Origin',(-10.65,6.70999958291171,-6.6268224416006));
#15063=CARTESIAN_POINT('',(-10.4,6.43111192610749,-5.6));
#15064=CARTESIAN_POINT('',(-10.4,6.46009778687421,-6.63382903401287));
#15065=CARTESIAN_POINT('',(-9.1869194753121,5.21755469690508,-5.6));
#15066=CARTESIAN_POINT('Origin',(-9.45,1.05,-2.8));
#15067=CARTESIAN_POINT('',(-8.5,1.05,-5.6));
#15068=CARTESIAN_POINT('',(-8.5,1.05,0.));
#15069=CARTESIAN_POINT('',(-10.4,1.05,-5.6));
#15070=CARTESIAN_POINT('',(-8.5,1.05,-5.6));
#15071=CARTESIAN_POINT('',(-10.4,1.05,-5.6));
#15072=CARTESIAN_POINT('Origin',(-8.5,1.05,-5.6));
#15073=CARTESIAN_POINT('',(-8.5,1.05,-5.6));
#15074=CARTESIAN_POINT('Origin',(6.65,5.12129456745705,-1.7));
#15075=CARTESIAN_POINT('Origin',(-10.4,1.05,-5.6));
#15076=CARTESIAN_POINT('',(-10.4,5.95,-5.6));
#15077=CARTESIAN_POINT('',(-10.4,1.05,-5.6));
#15078=CARTESIAN_POINT('',(-10.4,2.55,-5.6));
#15079=CARTESIAN_POINT('',(-10.4,3.3,-5.6));
#15080=CARTESIAN_POINT('',(-10.4,1.05,-5.6));
#15081=CARTESIAN_POINT('Origin',(-10.4,1.05,0.));
#15082=CARTESIAN_POINT('',(-10.4,2.54999999999999,-0.699999999999999));
#15083=CARTESIAN_POINT('',(-10.4,2.55,-7.));
#15084=CARTESIAN_POINT('',(-10.4,4.95,-0.699999999999997));
#15085=CARTESIAN_POINT('',(-10.4,5.94999999999999,-0.699999999999997));
#15086=CARTESIAN_POINT('',(-10.4,5.94999999999999,-1.7));
#15087=CARTESIAN_POINT('Origin',(-10.4,4.95,-1.7));
#15088=CARTESIAN_POINT('',(-10.4,5.95,-7.));
#15089=CARTESIAN_POINT('Origin',(-10.4,5.55,-13.4));
#15090=CARTESIAN_POINT('',(-10.4,5.95,-13.4));
#15091=CARTESIAN_POINT('',(-10.4,5.95,-7.));
#15092=CARTESIAN_POINT('',(-10.4,5.55,-13.4));
#15093=CARTESIAN_POINT('',(-10.4,2.775,-13.4));
#15094=CARTESIAN_POINT('',(-10.4,5.55,-10.));
#15095=CARTESIAN_POINT('',(-10.4,5.55,-12.75));
#15096=CARTESIAN_POINT('',(-10.4,4.6,-10.));
#15097=CARTESIAN_POINT('',(-10.4,3.825,-10.));
#15098=CARTESIAN_POINT('',(-10.4,4.6,-12.25));
#15099=CARTESIAN_POINT('',(-10.4,4.6,-12.75));
#15100=CARTESIAN_POINT('',(-10.4,4.1,-12.75));
#15101=CARTESIAN_POINT('Origin',(-10.4,4.1,-12.25));
#15102=CARTESIAN_POINT('',(-10.4,3.65,-12.75));
#15103=CARTESIAN_POINT('',(-10.4,5.225,-12.75));
#15104=CARTESIAN_POINT('',(-10.4,3.65,-12.75));
#15105=CARTESIAN_POINT('',(-10.4,2.55,-7.));
#15106=CARTESIAN_POINT('Origin',(8.25,4.1,-0.25));
#15107=CARTESIAN_POINT('',(8.5,1.05,-0.5));
#15108=CARTESIAN_POINT('',(8.5,5.12129456745705,-0.5));
#15109=CARTESIAN_POINT('',(8.5,4.1,-0.5));
#15110=CARTESIAN_POINT('',(8.5,5.12129456745705,-0.5));
#15111=CARTESIAN_POINT('',(8.,0.55,0.));
#15112=CARTESIAN_POINT('Origin',(8.25,5.12129456745705,-1.7));
#15113=CARTESIAN_POINT('',(8.5,6.32082318843705,-1.66636835642112));
#15114=CARTESIAN_POINT('',(8.5,6.32082318843705,-1.66636835642112));
#15115=CARTESIAN_POINT('Origin',(8.5,5.12129456745705,-1.7));
#15116=CARTESIAN_POINT('Origin',(8.25,6.78844259216288,-9.42462310489263));
#15117=CARTESIAN_POINT('',(8.5,6.43111192610749,-5.6));
#15118=CARTESIAN_POINT('',(8.5,6.53854079612539,-9.4316296973049));
#15119=CARTESIAN_POINT('',(8.499803592075,6.43130841121495,-5.6));
#15120=CARTESIAN_POINT('',(10.1682831497127,4.7621731908069,-5.6));
#15121=CARTESIAN_POINT('',(8.499803592075,6.43130841121495,-5.6));
#15122=CARTESIAN_POINT('Origin',(4.725,0.8,-0.25));
#15123=CARTESIAN_POINT('',(10.4,1.05,-0.499999999999999));
#15124=CARTESIAN_POINT('',(4.725,1.05,-0.5));
#15125=CARTESIAN_POINT('',(10.4,1.05,-0.499999999999999));
#15126=CARTESIAN_POINT('Origin',(11.85,6.68831500362722,-5.8499017960375));
#15127=CARTESIAN_POINT('',(10.400196407925,6.43130841121495,-5.6));
#15128=CARTESIAN_POINT('',(11.85,6.43130841121495,-5.6));
#15129=CARTESIAN_POINT('',(10.400196407925,6.43130841121495,-5.6));
#15130=CARTESIAN_POINT('Origin',(10.65,6.70999958291171,-6.62682244160061));
#15131=CARTESIAN_POINT('',(10.4,6.43111192610749,-5.6));
#15132=CARTESIAN_POINT('',(10.4,6.32082318843705,-1.66636835642112));
#15133=CARTESIAN_POINT('',(10.4,6.46009778687421,-6.63382903401287));
#15134=CARTESIAN_POINT('',(10.4,6.32082318843705,-1.66636835642112));
#15135=CARTESIAN_POINT('',(9.1869194753121,5.21755469690508,-5.6));
#15136=CARTESIAN_POINT('Origin',(10.65,5.12129456745705,-1.7));
#15137=CARTESIAN_POINT('',(10.4,5.12129456745705,-0.499999999999999));
#15138=CARTESIAN_POINT('',(10.4,5.12129456745705,-0.499999999999999));
#15139=CARTESIAN_POINT('Origin',(10.9,5.12129456745705,-1.7));
#15140=CARTESIAN_POINT('Origin',(10.4,5.12129456745705,-1.7));
#15141=CARTESIAN_POINT('Origin',(10.65,4.1,-0.25));
#15142=CARTESIAN_POINT('',(10.4,4.1,-0.5));
#15143=CARTESIAN_POINT('Origin',(10.4,1.05,-5.6));
#15144=CARTESIAN_POINT('',(8.5,1.05,-5.6));
#15145=CARTESIAN_POINT('',(8.5,1.05,-5.6));
#15146=CARTESIAN_POINT('',(10.4,1.05,-5.6));
#15147=CARTESIAN_POINT('',(8.5,1.05,-5.6));
#15148=CARTESIAN_POINT('',(10.4,2.54999999999999,-5.6));
#15149=CARTESIAN_POINT('',(10.4,1.05,-5.6));
#15150=CARTESIAN_POINT('',(10.4,5.95,-5.6));
#15151=CARTESIAN_POINT('',(10.4,1.05,-5.6));
#15152=CARTESIAN_POINT('',(10.4,1.05,-5.6));
#15153=CARTESIAN_POINT('Origin',(8.5,1.05,-5.6));
#15154=CARTESIAN_POINT('',(8.5,1.05,0.));
#15155=CARTESIAN_POINT('Origin',(6.65,5.12129456745705,-1.7));
#15156=CARTESIAN_POINT('Origin',(-10.4625,4.95,-1.7));
#15157=CARTESIAN_POINT('',(-10.65,5.94999999999999,-1.7));
#15158=CARTESIAN_POINT('',(-10.65,4.95,-0.699999999999997));
#15159=CARTESIAN_POINT('Origin',(-10.65,4.95,-1.7));
#15160=CARTESIAN_POINT('',(-10.4625,5.95,-1.7));
#15161=CARTESIAN_POINT('',(-10.4625,4.95,-0.699999999999997));
#15162=CARTESIAN_POINT('Origin',(-10.65,2.95,-7.));
#15163=CARTESIAN_POINT('',(-10.65,2.54999999999999,-0.699999999999999));
#15164=CARTESIAN_POINT('',(-10.65,2.54999999999999,-0.699999999999999));
#15165=CARTESIAN_POINT('',(-10.65,2.55,-7.));
#15166=CARTESIAN_POINT('',(-10.65,2.94999999999999,-0.75));
#15167=CARTESIAN_POINT('',(-10.65,2.95,-7.));
#15168=CARTESIAN_POINT('',(-10.65,4.55,-0.749999999999998));
#15169=CARTESIAN_POINT('',(-10.65,5.09999999999999,-0.749999999999998));
#15170=CARTESIAN_POINT('',(-10.65,5.54999999999999,-1.75));
#15171=CARTESIAN_POINT('Origin',(-10.65,4.55,-1.75));
#15172=CARTESIAN_POINT('',(-10.65,5.55,-13.4));
#15173=CARTESIAN_POINT('',(-10.65,5.55,-7.));
#15174=CARTESIAN_POINT('',(-10.65,5.95,-13.4));
#15175=CARTESIAN_POINT('',(-10.65,2.975,-13.4));
#15176=CARTESIAN_POINT('',(-10.65,5.95,-7.));
#15177=CARTESIAN_POINT('Origin',(-10.525,4.24999999999999,-0.699999999999997));
#15178=CARTESIAN_POINT('',(-10.4,2.54999999999999,-0.699999999999999));
#15179=CARTESIAN_POINT('Origin',(10.5875,4.95,-1.7));
#15180=CARTESIAN_POINT('',(10.65,4.95,-0.699999999999997));
#15181=CARTESIAN_POINT('',(10.65,5.94999999999999,-1.7));
#15182=CARTESIAN_POINT('Origin',(10.65,4.95,-1.7));
#15183=CARTESIAN_POINT('',(10.4,4.95,-0.699999999999999));
#15184=CARTESIAN_POINT('',(10.5875,4.95,-0.699999999999999));
#15185=CARTESIAN_POINT('',(10.4,5.94999999999999,-1.7));
#15186=CARTESIAN_POINT('Origin',(10.4,4.95,-1.7));
#15187=CARTESIAN_POINT('',(10.5875,5.95,-1.7));
#15188=CARTESIAN_POINT('Origin',(10.65,5.95,-13.4));
#15189=CARTESIAN_POINT('',(10.4,5.95,-3.5));
#15190=CARTESIAN_POINT('',(10.4,5.95,-13.4));
#15191=CARTESIAN_POINT('',(10.4,5.95,-7.));
#15192=CARTESIAN_POINT('',(10.65,5.95,-13.4));
#15193=CARTESIAN_POINT('',(5.325,5.95,-13.4));
#15194=CARTESIAN_POINT('',(10.65,5.95,-7.));
#15195=CARTESIAN_POINT('Origin',(-10.6884036144578,4.55,-1.75));
#15196=CARTESIAN_POINT('',(-11.15,5.54999999999999,-1.75));
#15197=CARTESIAN_POINT('',(-11.15,4.55,-0.749999999999998));
#15198=CARTESIAN_POINT('Origin',(-11.15,4.55,-1.75));
#15199=CARTESIAN_POINT('',(-10.6884036144578,5.55,-1.75));
#15200=CARTESIAN_POINT('',(-10.6884036144578,4.55,-0.749999999999998));
#15201=CARTESIAN_POINT('Origin',(-11.15,4.,-12.75));
#15202=CARTESIAN_POINT('',(-11.15,2.94999999999999,-0.75));
#15203=CARTESIAN_POINT('',(-11.15,2.29999999999999,-0.75));
#15204=CARTESIAN_POINT('',(-11.15,2.95,-7.));
#15205=CARTESIAN_POINT('',(-11.15,2.3,-10.));
#15206=CARTESIAN_POINT('',(-11.15,2.3,-7.9));
#15207=CARTESIAN_POINT('',(-11.15,4.,-10.));
#15208=CARTESIAN_POINT('',(-11.15,4.775,-10.));
#15209=CARTESIAN_POINT('',(-11.15,4.,-12.75));
#15210=CARTESIAN_POINT('',(-11.15,4.,-12.75));
#15211=CARTESIAN_POINT('',(-11.15,5.55,-12.75));
#15212=CARTESIAN_POINT('',(-11.15,4.925,-12.75));
#15213=CARTESIAN_POINT('',(-11.15,5.55,-10.));
#15214=CARTESIAN_POINT('Origin',(-10.7268072289157,4.24999999999999,-0.749999999999998));
#15215=CARTESIAN_POINT('',(-10.65,2.94999999999999,-0.75));
#15216=CARTESIAN_POINT('Origin',(10.9384036144578,4.55,-1.75));
#15217=CARTESIAN_POINT('',(11.15,4.55,-0.749999999999998));
#15218=CARTESIAN_POINT('',(11.15,5.54999999999999,-1.75));
#15219=CARTESIAN_POINT('Origin',(11.15,4.55,-1.75));
#15220=CARTESIAN_POINT('',(10.65,4.55,-0.749999999999998));
#15221=CARTESIAN_POINT('',(10.9384036144578,4.55,-0.749999999999998));
#15222=CARTESIAN_POINT('',(10.65,5.54999999999999,-1.75));
#15223=CARTESIAN_POINT('Origin',(10.65,4.55,-1.75));
#15224=CARTESIAN_POINT('',(10.9384036144578,5.55,-1.75));
#15225=CARTESIAN_POINT('Origin',(11.15,5.55,-13.4));
#15226=CARTESIAN_POINT('',(10.65,5.55,-13.4));
#15227=CARTESIAN_POINT('',(10.65,5.55,-7.));
#15228=CARTESIAN_POINT('',(11.15,5.55,-13.4));
#15229=CARTESIAN_POINT('',(5.575,5.55,-13.4));
#15230=CARTESIAN_POINT('',(11.15,5.55,-12.75));
#15231=CARTESIAN_POINT('',(11.15,5.55,-13.4));
#15232=CARTESIAN_POINT('',(11.15,5.55,-7.));
#15233=CARTESIAN_POINT('Origin',(10.525,4.24999999999999,-0.699999999999999));
#15234=CARTESIAN_POINT('',(10.65,2.54999999999999,-0.699999999999999));
#15235=CARTESIAN_POINT('',(10.65,5.94999999999999,-0.699999999999996));
#15236=CARTESIAN_POINT('',(10.4,2.54999999999999,-0.699999999999999));
#15237=CARTESIAN_POINT('',(10.65,2.54999999999999,-0.699999999999999));
#15238=CARTESIAN_POINT('',(10.4,2.64999999999999,-0.699999999999999));
#15239=CARTESIAN_POINT('Origin',(10.4,1.05,0.));
#15240=CARTESIAN_POINT('',(10.4,2.54999999999999,-3.5));
#15241=CARTESIAN_POINT('',(10.4,1.05,-5.6));
#15242=CARTESIAN_POINT('Origin',(-10.65,2.55,-7.));
#15243=CARTESIAN_POINT('Origin',(-11.15,2.95,-7.));
#15244=CARTESIAN_POINT('Origin',(10.65,2.94999999999999,-7.));
#15245=CARTESIAN_POINT('',(10.65,2.94999999999999,-0.75));
#15246=CARTESIAN_POINT('',(10.65,2.94999999999999,-7.));
#15247=CARTESIAN_POINT('',(11.15,2.94999999999999,-0.75));
#15248=CARTESIAN_POINT('',(11.15,2.94999999999999,-0.75));
#15249=CARTESIAN_POINT('',(11.15,2.94999999999999,-7.));
#15250=CARTESIAN_POINT('Origin',(10.4,2.54999999999999,-7.));
#15251=CARTESIAN_POINT('',(10.4,2.54999999999999,-7.));
#15252=CARTESIAN_POINT('',(10.65,2.54999999999999,-7.));
#15253=CARTESIAN_POINT('Origin',(10.7268072289157,4.24999999999999,-0.749999999999998));
#15254=CARTESIAN_POINT('',(11.15,5.54999999999999,-0.749999999999997));
#15255=CARTESIAN_POINT('',(10.65,3.39999999999999,-0.749999999999999));
#15256=CARTESIAN_POINT('Origin',(0.,2.975,-7.));
#15257=CARTESIAN_POINT('',(-7.95,4.6,-7.));
#15258=CARTESIAN_POINT('',(-7.95,5.55,-7.));
#15259=CARTESIAN_POINT('',(-7.95,3.7875,-7.));
#15260=CARTESIAN_POINT('',(-9.7,4.6,-7.));
#15261=CARTESIAN_POINT('',(-4.85,4.6,-7.));
#15262=CARTESIAN_POINT('',(-9.7,5.55,-7.));
#15263=CARTESIAN_POINT('',(-9.7,4.2625,-7.));
#15264=CARTESIAN_POINT('',(-3.975,5.55,-7.));
#15265=CARTESIAN_POINT('Origin',(0.,2.975,-7.));
#15266=CARTESIAN_POINT('',(9.7,4.6,-7.));
#15267=CARTESIAN_POINT('',(9.7,5.55,-7.));
#15268=CARTESIAN_POINT('',(9.7,3.7875,-7.));
#15269=CARTESIAN_POINT('',(7.95,4.6,-7.));
#15270=CARTESIAN_POINT('',(3.975,4.6,-7.));
#15271=CARTESIAN_POINT('',(7.95,5.55,-7.));
#15272=CARTESIAN_POINT('',(7.95,4.2625,-7.));
#15273=CARTESIAN_POINT('',(4.85,5.55,-7.));
#15274=CARTESIAN_POINT('Origin',(-7.875,2.3,-7.9));
#15275=CARTESIAN_POINT('',(-7.875,3.64999999999999,-7.9));
#15276=CARTESIAN_POINT('',(-7.875,3.64999999999999,-7.9));
#15277=CARTESIAN_POINT('',(-7.875,2.65762516469038,-7.9));
#15278=CARTESIAN_POINT('Origin',(7.875,3.64999999999999,-7.9));
#15279=CARTESIAN_POINT('',(7.875,3.64999999999999,-7.9));
#15280=CARTESIAN_POINT('',(7.875,3.33262516469038,-7.9));
#15281=CARTESIAN_POINT('',(7.875,3.64999999999999,-7.9));
#15282=CARTESIAN_POINT('Origin',(1.11022302462516E-15,3.01525032938076,
-7.9));
#15283=CARTESIAN_POINT('',(-7.25,3.65,-7.9));
#15284=CARTESIAN_POINT('',(-10.4,3.65,-7.9));
#15285=CARTESIAN_POINT('',(-7.25,5.95,-7.9));
#15286=CARTESIAN_POINT('',(-7.25,5.55,-7.9));
#15287=CARTESIAN_POINT('',(-4.75,5.95,-7.9));
#15288=CARTESIAN_POINT('',(-7.25,5.95,-7.9));
#15289=CARTESIAN_POINT('',(-4.75,5.55,-7.9));
#15290=CARTESIAN_POINT('',(-4.75,5.95,-7.9));
#15291=CARTESIAN_POINT('',(-2.5,5.55,-7.9));
#15292=CARTESIAN_POINT('',(-4.75,5.55,-7.9));
#15293=CARTESIAN_POINT('',(-2.5,5.95,-7.9));
#15294=CARTESIAN_POINT('',(-2.5,5.55,-7.9));
#15295=CARTESIAN_POINT('',(2.5,5.95,-7.9));
#15296=CARTESIAN_POINT('',(-2.5,5.95,-7.9));
#15297=CARTESIAN_POINT('',(2.5,5.55,-7.9));
#15298=CARTESIAN_POINT('',(2.5,5.95,-7.9));
#15299=CARTESIAN_POINT('',(4.75,5.55,-7.9));
#15300=CARTESIAN_POINT('',(2.5,5.55,-7.9));
#15301=CARTESIAN_POINT('',(4.75,5.95,-7.9));
#15302=CARTESIAN_POINT('',(4.75,5.55,-7.9));
#15303=CARTESIAN_POINT('',(7.25,5.95,-7.9));
#15304=CARTESIAN_POINT('',(4.75,5.95,-7.9));
#15305=CARTESIAN_POINT('',(7.25,3.65,-7.9));
#15306=CARTESIAN_POINT('',(7.25,4.6,-7.9));
#15307=CARTESIAN_POINT('',(7.25,3.65,-7.9));
#15308=CARTESIAN_POINT('Origin',(-7.95,4.6,-10.));
#15309=CARTESIAN_POINT('',(-7.95,4.6,-10.));
#15310=CARTESIAN_POINT('',(-7.95,5.55,-10.));
#15311=CARTESIAN_POINT('',(-7.95,4.3,-10.));
#15312=CARTESIAN_POINT('',(-7.95,4.6,-10.));
#15313=CARTESIAN_POINT('',(-7.95,5.55,-10.));
#15314=CARTESIAN_POINT('Origin',(-9.7,5.55,-10.));
#15315=CARTESIAN_POINT('',(-9.7,5.55,-10.));
#15316=CARTESIAN_POINT('',(-9.7,4.6,-10.));
#15317=CARTESIAN_POINT('',(-9.7,4.775,-10.));
#15318=CARTESIAN_POINT('',(-9.7,5.55,-10.));
#15319=CARTESIAN_POINT('',(-9.7,4.6,-10.));
#15320=CARTESIAN_POINT('Origin',(9.7,4.6,-10.));
#15321=CARTESIAN_POINT('',(9.7,4.6,-10.));
#15322=CARTESIAN_POINT('',(9.7,5.55,-10.));
#15323=CARTESIAN_POINT('',(9.7,4.3,-10.));
#15324=CARTESIAN_POINT('',(9.7,4.6,-10.));
#15325=CARTESIAN_POINT('',(9.7,5.55,-10.));
#15326=CARTESIAN_POINT('Origin',(7.95,5.55,-10.));
#15327=CARTESIAN_POINT('',(7.95,5.55,-10.));
#15328=CARTESIAN_POINT('',(7.95,4.6,-10.));
#15329=CARTESIAN_POINT('',(7.95,4.775,-10.));
#15330=CARTESIAN_POINT('',(7.95,5.55,-10.));
#15331=CARTESIAN_POINT('',(7.95,4.6,-10.));
#15332=CARTESIAN_POINT('Origin',(-13.3,4.,-10.));
#15333=CARTESIAN_POINT('',(7.25,4.6,-10.));
#15334=CARTESIAN_POINT('',(7.25,5.55,-10.));
#15335=CARTESIAN_POINT('',(7.25,3.825,-10.));
#15336=CARTESIAN_POINT('',(5.2,5.55,-10.));
#15337=CARTESIAN_POINT('',(5.2,4.6,-10.));
#15338=CARTESIAN_POINT('Origin',(-13.3,4.,-10.));
#15339=CARTESIAN_POINT('',(-13.3,2.3,-10.));
#15340=CARTESIAN_POINT('',(-13.3,2.3,-10.));
#15341=CARTESIAN_POINT('',(-13.3,4.,-10.));
#15342=CARTESIAN_POINT('',(-13.3,3.7875,-10.));
#15343=CARTESIAN_POINT('',(-6.65,4.,-10.));
#15344=CARTESIAN_POINT('Origin',(-13.3,4.,-10.));
#15345=CARTESIAN_POINT('',(11.15,2.3,-10.));
#15346=CARTESIAN_POINT('',(11.15,4.,-10.));
#15347=CARTESIAN_POINT('',(11.15,4.,-10.));
#15348=CARTESIAN_POINT('',(13.3,4.,-10.));
#15349=CARTESIAN_POINT('',(13.3,4.,-10.));
#15350=CARTESIAN_POINT('',(13.3,2.3,-10.));
#15351=CARTESIAN_POINT('',(13.3,3.7875,-10.));
#15352=CARTESIAN_POINT('',(13.3,2.3,-10.));
#15353=CARTESIAN_POINT('Origin',(-13.3,4.,-10.));
#15354=CARTESIAN_POINT('',(10.4,5.55,-10.));
#15355=CARTESIAN_POINT('',(10.4,4.6,-10.));
#15356=CARTESIAN_POINT('',(10.4,4.975,-10.));
#15357=CARTESIAN_POINT('',(5.2,4.6,-10.));
#15358=CARTESIAN_POINT('',(5.2,5.55,-10.));
#15359=CARTESIAN_POINT('Origin',(-13.3,4.,-10.));
#15360=CARTESIAN_POINT('',(-7.25,5.55,-10.));
#15361=CARTESIAN_POINT('',(-3.625,5.55,-10.));
#15362=CARTESIAN_POINT('',(-7.25,4.6,-10.));
#15363=CARTESIAN_POINT('',(-7.25,4.975,-10.));
#15364=CARTESIAN_POINT('',(-3.625,4.6,-10.));
#15365=CARTESIAN_POINT('Origin',(-13.3,4.,-10.));
#15366=CARTESIAN_POINT('',(-3.625,4.6,-10.));
#15367=CARTESIAN_POINT('',(-3.625,5.55,-10.));
#15368=CARTESIAN_POINT('Origin',(3.025,4.1,-12.25));
#15369=CARTESIAN_POINT('',(-7.25,4.6,-12.25));
#15370=CARTESIAN_POINT('',(-7.25,4.1,-12.75));
#15371=CARTESIAN_POINT('Origin',(-7.25,4.1,-12.25));
#15372=CARTESIAN_POINT('',(3.025,4.1,-12.75));
#15373=CARTESIAN_POINT('',(3.025,4.6,-12.25));
#15374=CARTESIAN_POINT('Origin',(-7.25,4.6,-12.75));
#15375=CARTESIAN_POINT('',(-7.25,4.6,-12.75));
#15376=CARTESIAN_POINT('Origin',(11.85,4.1,-12.25));
#15377=CARTESIAN_POINT('',(10.4,4.6,-12.25));
#15378=CARTESIAN_POINT('',(10.4,4.1,-12.75));
#15379=CARTESIAN_POINT('Origin',(10.4,4.1,-12.25));
#15380=CARTESIAN_POINT('',(7.25,4.1,-12.75));
#15381=CARTESIAN_POINT('',(11.85,4.1,-12.75));
#15382=CARTESIAN_POINT('',(7.25,4.6,-12.25));
#15383=CARTESIAN_POINT('Origin',(7.25,4.1,-12.25));
#15384=CARTESIAN_POINT('',(11.85,4.6,-12.25));
#15385=CARTESIAN_POINT('Origin',(10.4,3.65,-12.75));
#15386=CARTESIAN_POINT('',(10.4,4.6,-12.75));
#15387=CARTESIAN_POINT('',(10.4,5.55,-13.4));
#15388=CARTESIAN_POINT('',(10.4,5.55,-12.75));
#15389=CARTESIAN_POINT('',(10.4,2.975,-13.4));
#15390=CARTESIAN_POINT('',(10.4,3.65,-12.75));
#15391=CARTESIAN_POINT('',(10.4,3.65,-12.75));
#15392=CARTESIAN_POINT('',(10.4,4.75,-12.75));
#15393=CARTESIAN_POINT('Origin',(10.4,4.6,-12.75));
#15394=CARTESIAN_POINT('',(7.25,4.6,-12.75));
#15395=CARTESIAN_POINT('Origin',(11.15,5.85,-12.75));
#15396=CARTESIAN_POINT('',(11.15,4.,-12.75));
#15397=CARTESIAN_POINT('',(11.15,5.85,-12.75));
#15398=CARTESIAN_POINT('',(11.15,4.,-12.75));
#15399=CARTESIAN_POINT('',(11.15,2.3,-10.));
#15400=CARTESIAN_POINT('Origin',(7.25,4.6,-12.75));
#15401=CARTESIAN_POINT('',(7.25,3.65,-12.75));
#15402=CARTESIAN_POINT('',(7.25,5.225,-12.75));
#15403=CARTESIAN_POINT('',(7.25,3.65,-10.));
#15404=CARTESIAN_POINT('',(7.25,5.95,-13.4));
#15405=CARTESIAN_POINT('',(7.25,5.95,-10.));
#15406=CARTESIAN_POINT('',(7.25,5.55,-13.4));
#15407=CARTESIAN_POINT('',(7.25,2.775,-13.4));
#15408=CARTESIAN_POINT('',(7.25,5.55,-12.75));
#15409=CARTESIAN_POINT('Origin',(-10.4,3.65,-12.75));
#15410=CARTESIAN_POINT('',(-7.25,3.65,-12.75));
#15411=CARTESIAN_POINT('',(1.45,3.65,-12.75));
#15412=CARTESIAN_POINT('',(-7.25,3.65,-12.75));
#15413=CARTESIAN_POINT('Origin',(7.25,3.65,-12.75));
#15414=CARTESIAN_POINT('',(10.275,3.65,-12.75));
#15415=CARTESIAN_POINT('Origin',(13.3,5.85,-12.75));
#15416=CARTESIAN_POINT('',(-7.25,4.75,-12.75));
#15417=CARTESIAN_POINT('Origin',(13.3,5.85,-12.75));
#15418=CARTESIAN_POINT('',(11.15,5.85,-12.75));
#15419=CARTESIAN_POINT('',(11.15,4.4125,-12.75));
#15420=CARTESIAN_POINT('',(5.9,5.85,-12.75));
#15421=CARTESIAN_POINT('',(13.3,5.85,-12.75));
#15422=CARTESIAN_POINT('',(13.3,5.85,-12.75));
#15423=CARTESIAN_POINT('',(13.3,4.,-12.75));
#15424=CARTESIAN_POINT('',(13.3,4.71250000000001,-12.75));
#15425=CARTESIAN_POINT('',(13.3,4.,-12.75));
#15426=CARTESIAN_POINT('Origin',(13.3,5.85,-12.75));
#15427=CARTESIAN_POINT('',(-13.3,4.,-12.75));
#15428=CARTESIAN_POINT('',(-1.19413522997474E-16,4.,-12.75));
#15429=CARTESIAN_POINT('',(-13.3,5.85,-12.75));
#15430=CARTESIAN_POINT('',(-13.3,4.71250000000001,-12.75));
#15431=CARTESIAN_POINT('',(-13.3,5.85,-12.75));
#15432=CARTESIAN_POINT('',(-11.15,5.85,-12.75));
#15433=CARTESIAN_POINT('',(-5.575,5.85,-12.75));
#15434=CARTESIAN_POINT('',(-11.15,4.2625,-12.75));
#15435=CARTESIAN_POINT('Origin',(4.75,5.95,-13.4));
#15436=CARTESIAN_POINT('',(4.75,5.55,-13.4));
#15437=CARTESIAN_POINT('',(4.75,5.55,-10.));
#15438=CARTESIAN_POINT('',(4.75,5.95,-13.4));
#15439=CARTESIAN_POINT('',(4.75,2.975,-13.4));
#15440=CARTESIAN_POINT('',(4.75,5.95,-10.));
#15441=CARTESIAN_POINT('Origin',(7.25,5.95,-13.4));
#15442=CARTESIAN_POINT('',(3.625,5.95,-13.4));
#15443=CARTESIAN_POINT('Origin',(10.4,5.55,-13.4));
#15444=CARTESIAN_POINT('',(5.2,5.55,-13.4));
#15445=CARTESIAN_POINT('Origin',(10.65,5.55,-13.4));
#15446=CARTESIAN_POINT('',(10.65,2.775,-13.4));
#15447=CARTESIAN_POINT('Origin',(11.15,5.85,-13.4));
#15448=CARTESIAN_POINT('',(11.15,5.85,-13.4));
#15449=CARTESIAN_POINT('',(11.15,2.925,-13.4));
#15450=CARTESIAN_POINT('',(11.15,5.85,-13.4));
#15451=CARTESIAN_POINT('Origin',(11.8,5.85,-13.4));
#15452=CARTESIAN_POINT('',(5.9,5.85,-13.4));
#15453=CARTESIAN_POINT('Origin',(-11.15,5.85,-13.4));
#15454=CARTESIAN_POINT('',(-11.15,5.85,-13.4));
#15455=CARTESIAN_POINT('',(-5.575,5.85,-13.4));
#15456=CARTESIAN_POINT('',(-11.15,5.85,-13.4));
#15457=CARTESIAN_POINT('Origin',(-11.15,5.55,-13.4));
#15458=CARTESIAN_POINT('',(-11.15,5.55,-13.4));
#15459=CARTESIAN_POINT('',(-11.15,2.775,-13.4));
#15460=CARTESIAN_POINT('',(-11.15,5.55,-13.4));
#15461=CARTESIAN_POINT('Origin',(-10.65,5.55,-13.4));
#15462=CARTESIAN_POINT('',(-5.325,5.55,-13.4));
#15463=CARTESIAN_POINT('Origin',(-10.4,5.95,-13.4));
#15464=CARTESIAN_POINT('',(-5.2,5.95,-13.4));
#15465=CARTESIAN_POINT('Origin',(-7.25,5.55,-13.4));
#15466=CARTESIAN_POINT('',(-7.25,5.55,-13.4));
#15467=CARTESIAN_POINT('',(-3.625,5.55,-13.4));
#15468=CARTESIAN_POINT('',(-7.25,5.55,-12.75));
#15469=CARTESIAN_POINT('Origin',(-7.25,5.95,-13.4));
#15470=CARTESIAN_POINT('',(-7.25,5.95,-13.4));
#15471=CARTESIAN_POINT('',(-7.25,2.975,-13.4));
#15472=CARTESIAN_POINT('',(-7.25,5.95,-10.));
#15473=CARTESIAN_POINT('Origin',(-4.75,5.95,-13.4));
#15474=CARTESIAN_POINT('',(-4.75,5.95,-13.4));
#15475=CARTESIAN_POINT('',(-2.375,5.95,-13.4));
#15476=CARTESIAN_POINT('',(-4.75,5.95,-10.));
#15477=CARTESIAN_POINT('Origin',(-4.75,5.55,-13.4));
#15478=CARTESIAN_POINT('',(-4.75,5.55,-13.4));
#15479=CARTESIAN_POINT('',(-4.75,2.775,-13.4));
#15480=CARTESIAN_POINT('',(-4.75,5.55,-10.));
#15481=CARTESIAN_POINT('Origin',(-2.5,5.55,-13.4));
#15482=CARTESIAN_POINT('',(-2.5,5.55,-13.4));
#15483=CARTESIAN_POINT('',(-1.25,5.55,-13.4));
#15484=CARTESIAN_POINT('',(-2.5,5.55,-10.));
#15485=CARTESIAN_POINT('Origin',(-2.5,5.95,-13.4));
#15486=CARTESIAN_POINT('',(-2.5,5.95,-13.4));
#15487=CARTESIAN_POINT('',(-2.5,2.975,-13.4));
#15488=CARTESIAN_POINT('',(-2.5,5.95,-10.));
#15489=CARTESIAN_POINT('Origin',(2.5,5.95,-13.4));
#15490=CARTESIAN_POINT('',(2.5,5.95,-13.4));
#15491=CARTESIAN_POINT('',(1.25,5.95,-13.4));
#15492=CARTESIAN_POINT('',(2.5,5.95,-10.));
#15493=CARTESIAN_POINT('Origin',(2.5,5.55,-13.4));
#15494=CARTESIAN_POINT('',(2.5,5.55,-13.4));
#15495=CARTESIAN_POINT('',(2.5,2.775,-13.4));
#15496=CARTESIAN_POINT('',(2.5,5.55,-10.));
#15497=CARTESIAN_POINT('Origin',(4.75,5.55,-13.4));
#15498=CARTESIAN_POINT('',(2.375,5.55,-13.4));
#15499=CARTESIAN_POINT('Origin',(0.,0.,-13.4));
#15500=CARTESIAN_POINT('Origin',(9.45,1.05,-2.8));
#15501=CARTESIAN_POINT('Origin',(0.,-0.35,-0.500000000000001));
#15502=CARTESIAN_POINT('Origin',(-13.3,2.95,-6.45));
#15503=CARTESIAN_POINT('',(-13.2225165562914,3.2,-6.7));
#15504=CARTESIAN_POINT('',(-13.2009933774834,2.7,-6.2));
#15505=CARTESIAN_POINT('',(-13.2790343252436,4.51295124796661,-8.01295124796661));
#15506=CARTESIAN_POINT('',(-13.3,2.7,-6.2));
#15507=CARTESIAN_POINT('',(-13.3,3.2,-6.7));
#15508=CARTESIAN_POINT('Origin',(-13.3,3.2,-6.2));
#15509=CARTESIAN_POINT('',(-13.2978476821192,3.2,-8.45));
#15510=CARTESIAN_POINT('',(-13.3,3.2,-8.45));
#15511=CARTESIAN_POINT('',(-13.2505882481696,3.2,-7.35212699593972));
#15512=CARTESIAN_POINT('Origin',(-13.3,4.85,-1.9));
#15513=CARTESIAN_POINT('',(-13.0158940397351,5.85,-1.9));
#15514=CARTESIAN_POINT('',(-12.9728476821192,4.85,-0.899999999999999));
#15515=CARTESIAN_POINT('Origin',(-13.0158940397351,4.85,-1.9));
#15516=CARTESIAN_POINT('',(-13.3,4.85,-0.9));
#15517=CARTESIAN_POINT('',(-13.3,5.85,-1.9));
#15518=CARTESIAN_POINT('Origin',(-13.3,5.85,-0.899999999999999));
#15519=CARTESIAN_POINT('',(-13.3,5.85,-8.50000000000005));
#15520=CARTESIAN_POINT('',(-13.3,5.85,-3.8));
#15521=CARTESIAN_POINT('',(-13.136726385256,5.85,-4.70702833440951));
#15522=CARTESIAN_POINT('Origin',(-13.3,4.65,-1.2));
#15523=CARTESIAN_POINT('',(-12.9728476821192,4.65,-0.9));
#15524=CARTESIAN_POINT('',(-12.985761589404,4.35,-1.2));
#15525=CARTESIAN_POINT('Origin',(-12.985761589404,4.65,-1.2));
#15526=CARTESIAN_POINT('',(-13.3,4.35,-1.2));
#15527=CARTESIAN_POINT('',(-13.3,4.65,-0.9));
#15528=CARTESIAN_POINT('Origin',(-13.3,4.35,-0.9));
#15529=CARTESIAN_POINT('',(-12.9728476821192,5.75,-0.899999999999999));
#15530=CARTESIAN_POINT('Origin',(-13.3,1.4,-2.5));
#15531=CARTESIAN_POINT('',(-13.0417218543046,1.9,-2.5));
#15532=CARTESIAN_POINT('',(-13.0201986754967,1.4,-2.));
#15533=CARTESIAN_POINT('Origin',(-13.0417218543046,1.4,-2.5));
#15534=CARTESIAN_POINT('',(-13.3,1.4,-2.));
#15535=CARTESIAN_POINT('',(-13.3,1.9,-2.5));
#15536=CARTESIAN_POINT('Origin',(-13.3,1.9,-2.));
#15537=CARTESIAN_POINT('',(-13.2009933774834,1.9,-6.2));
#15538=CARTESIAN_POINT('',(-13.3,1.9,-6.2));
#15539=CARTESIAN_POINT('',(-13.1603580926532,1.9,-5.25601107548182));
#15540=CARTESIAN_POINT('Origin',(-13.3,3.95,-8.05));
#15541=CARTESIAN_POINT('',(-13.2806291390728,4.35,-8.05));
#15542=CARTESIAN_POINT('',(-13.3,4.35,-8.05));
#15543=CARTESIAN_POINT('',(-13.2978476821192,3.95,-8.45));
#15544=CARTESIAN_POINT('Origin',(-13.2806291390728,3.95,-8.05));
#15545=CARTESIAN_POINT('',(-13.3,3.95,-8.45));
#15546=CARTESIAN_POINT('Origin',(-13.3,3.2,-8.45));
#15547=CARTESIAN_POINT('',(-13.2978476821192,5.175,-8.45));
#15548=CARTESIAN_POINT('Origin',(-13.3,0.9,-7.));
#15549=CARTESIAN_POINT('',(-13.0201986754967,0.9,-2.));
#15550=CARTESIAN_POINT('',(-13.2677749444584,0.900000000000001,-7.75138717126503));
#15551=CARTESIAN_POINT('',(-13.3,0.9,-2.));
#15552=CARTESIAN_POINT('Origin',(-13.3,0.9,-2.));
#15553=CARTESIAN_POINT('',(-13.0201986754967,4.025,-2.));
#15554=CARTESIAN_POINT('Origin',(-13.3,1.9,-6.2));
#15555=CARTESIAN_POINT('',(-13.2009933774834,4.525,-6.2));
#15556=CARTESIAN_POINT('Origin',(-13.3,4.35,-8.45));
#15557=CARTESIAN_POINT('',(-13.2989258314819,4.35,-8.47504623904217));
#15558=CARTESIAN_POINT('Origin',(-13.3,2.3,-10.));
#15559=CARTESIAN_POINT('',(-13.3,2.3,-8.50000000000005));
#15560=CARTESIAN_POINT('',(-13.3322250555416,2.3,-9.24861282873497));
#15561=CARTESIAN_POINT('',(-13.3,2.3,-8.35));
#15562=CARTESIAN_POINT('Origin',(-13.3,4.,-12.75));
#15563=CARTESIAN_POINT('',(-13.3,4.,-9.725));
#15564=CARTESIAN_POINT('Origin',(-13.3,7.15,-8.5));
#15565=CARTESIAN_POINT('',(-13.3,5.3625,-8.50000000000002));
#15566=CARTESIAN_POINT('Origin',(13.3,2.95,-6.45));
#15567=CARTESIAN_POINT('',(13.2009933774834,2.7,-6.2));
#15568=CARTESIAN_POINT('',(13.2225165562914,3.2,-6.7));
#15569=CARTESIAN_POINT('',(13.1977091172492,2.62370410840358,-6.12370410840358));
#15570=CARTESIAN_POINT('',(13.3,3.2,-6.7));
#15571=CARTESIAN_POINT('',(13.3,2.7,-6.2));
#15572=CARTESIAN_POINT('Origin',(13.3,3.2,-6.2));
#15573=CARTESIAN_POINT('',(13.2978476821192,3.2,-8.45));
#15574=CARTESIAN_POINT('',(13.0880882481696,3.2,-3.57712699593972));
#15575=CARTESIAN_POINT('',(13.3,3.2,-8.45));
#15576=CARTESIAN_POINT('Origin',(12.975,7.15,-0.950000000000001));
#15577=CARTESIAN_POINT('',(13.2009933774834,1.9,-6.2));
#15578=CARTESIAN_POINT('',(13.2009933774834,4.525,-6.2));
#15579=CARTESIAN_POINT('',(13.0417218543046,1.9,-2.5));
#15580=CARTESIAN_POINT('',(12.9978580926532,1.9,-1.48101107548182));
#15581=CARTESIAN_POINT('',(13.0201986754967,1.4,-2.));
#15582=CARTESIAN_POINT('Origin',(13.0417218543046,1.4,-2.5));
#15583=CARTESIAN_POINT('',(13.0201986754967,0.9,-2.));
#15584=CARTESIAN_POINT('',(13.0201986754967,4.025,-2.));
#15585=CARTESIAN_POINT('',(13.1052749444584,0.900000000000001,-3.97638717126503));
#15586=CARTESIAN_POINT('',(13.3,2.3,-8.50000000000002));
#15587=CARTESIAN_POINT('',(13.1697250555416,2.3,-5.47361282873497));
#15588=CARTESIAN_POINT('',(13.3,5.85,-8.50000000000002));
#15589=CARTESIAN_POINT('',(13.3,5.3625,-8.50000000000002));
#15590=CARTESIAN_POINT('',(13.0158940397351,5.85,-1.9));
#15591=CARTESIAN_POINT('',(12.974226385256,5.85,-0.932028334409508));
#15592=CARTESIAN_POINT('',(12.9728476821192,4.85,-0.9));
#15593=CARTESIAN_POINT('Origin',(13.0158940397351,4.85,-1.9));
#15594=CARTESIAN_POINT('',(12.9728476821192,4.65,-0.9));
#15595=CARTESIAN_POINT('',(12.9728476821192,5.75,-0.899999999999999));
#15596=CARTESIAN_POINT('',(12.985761589404,4.35,-1.2));
#15597=CARTESIAN_POINT('Origin',(12.985761589404,4.65,-1.2));
#15598=CARTESIAN_POINT('',(13.2806291390729,4.35,-8.05));
#15599=CARTESIAN_POINT('',(13.136425831482,4.35,-4.70004623904217));
#15600=CARTESIAN_POINT('',(13.2978476821192,3.95,-8.45));
#15601=CARTESIAN_POINT('Origin',(13.2806291390728,3.95,-8.05));
#15602=CARTESIAN_POINT('',(13.2978476821192,5.175,-8.45));
#15603=CARTESIAN_POINT('Origin',(13.3,4.85,-1.9));
#15604=CARTESIAN_POINT('',(13.3,5.85,-1.9));
#15605=CARTESIAN_POINT('',(13.3,4.85,-0.9));
#15606=CARTESIAN_POINT('Origin',(13.3,5.85,-0.899999999999999));
#15607=CARTESIAN_POINT('',(13.3,5.85,-3.8));
#15608=CARTESIAN_POINT('Origin',(13.3,4.65,-1.2));
#15609=CARTESIAN_POINT('',(13.3,4.65,-0.9));
#15610=CARTESIAN_POINT('',(13.3,4.35,-1.2));
#15611=CARTESIAN_POINT('Origin',(13.3,4.35,-8.45));
#15612=CARTESIAN_POINT('',(13.3,4.35,-8.05));
#15613=CARTESIAN_POINT('Origin',(13.3,1.4,-2.5));
#15614=CARTESIAN_POINT('',(13.3,1.9,-2.5));
#15615=CARTESIAN_POINT('',(13.3,1.4,-2.));
#15616=CARTESIAN_POINT('Origin',(13.3,0.9,-2.));
#15617=CARTESIAN_POINT('',(13.3,0.9,-2.));
#15618=CARTESIAN_POINT('Origin',(13.3,3.95,-8.05));
#15619=CARTESIAN_POINT('',(13.3,3.95,-8.45));
#15620=CARTESIAN_POINT('Origin',(13.3,1.9,-6.2));
#15621=CARTESIAN_POINT('',(13.3,1.9,-6.2));
#15622=CARTESIAN_POINT('Origin',(13.3,1.9,-2.));
#15623=CARTESIAN_POINT('Origin',(13.3,0.9,-7.));
#15624=CARTESIAN_POINT('Origin',(13.3,2.3,-10.));
#15625=CARTESIAN_POINT('',(13.3,2.3,-8.35));
#15626=CARTESIAN_POINT('Origin',(13.3,4.,-12.75));
#15627=CARTESIAN_POINT('',(13.3,4.,-9.725));
#15628=CARTESIAN_POINT('Origin',(13.3,5.85,-12.75));
#15629=CARTESIAN_POINT('Origin',(13.3,4.35,-0.9));
#15630=CARTESIAN_POINT('Origin',(13.3,3.2,-8.45));
#15631=CARTESIAN_POINT('Origin',(13.3,3.575,-6.7));
#15632=CARTESIAN_POINT('Origin',(-13.3,3.575,-6.7));
#15633=CARTESIAN_POINT('',(0.,0.,0.));
#15634=CARTESIAN_POINT('Origin',(1.,2.4,0.0678219505802452));
#15635=CARTESIAN_POINT('',(2.90041448849197E-18,2.4,0.2));
#15636=CARTESIAN_POINT('',(1.,3.4,0.2));
#15637=CARTESIAN_POINT('Origin',(1.,2.4,0.2));
#15638=CARTESIAN_POINT('',(1.,3.4,-9.71445146547012E-17));
#15639=CARTESIAN_POINT('',(1.,3.4,0.0678219505802452));
#15640=CARTESIAN_POINT('',(0.,2.4,0.));
#15641=CARTESIAN_POINT('Origin',(1.,2.4,-8.41340885848751E-16));
#15642=CARTESIAN_POINT('',(0.,2.4,0.0678219505802452));
#15643=CARTESIAN_POINT('Origin',(5.88694705966941,3.4,0.13564390116049));
#15644=CARTESIAN_POINT('',(8.4,3.4,0.199999999999998));
#15645=CARTESIAN_POINT('',(10.,3.4,0.199999999999998));
#15646=CARTESIAN_POINT('',(8.4,3.4,-8.1601392309949E-16));
#15647=CARTESIAN_POINT('',(8.4,3.4,0.0678219505802451));
#15648=CARTESIAN_POINT('',(0.,3.4,0.));
#15649=CARTESIAN_POINT('Origin',(0.,0.,0.2));
#15650=CARTESIAN_POINT('',(2.90041448849197E-18,0.,0.2));
#15651=CARTESIAN_POINT('',(2.90041448849197E-18,0.,0.2));
#15652=CARTESIAN_POINT('',(6.3,0.,0.199999999999999));
#15653=CARTESIAN_POINT('',(10.,0.,0.199999999999998));
#15654=CARTESIAN_POINT('',(6.3,1.4,0.199999999999999));
#15655=CARTESIAN_POINT('',(6.3,0.75,0.199999999999999));
#15656=CARTESIAN_POINT('',(6.4,1.5,0.199999999999999));
#15657=CARTESIAN_POINT('Origin',(6.4,1.4,0.2));
#15658=CARTESIAN_POINT('',(8.4,1.5,0.199999999999998));
#15659=CARTESIAN_POINT('',(4.25,1.5,0.199999999999999));
#15660=CARTESIAN_POINT('',(8.5,1.6,0.199999999999998));
#15661=CARTESIAN_POINT('Origin',(8.4,1.6,0.2));
#15662=CARTESIAN_POINT('',(8.5,2.3,0.199999999999998));
#15663=CARTESIAN_POINT('',(8.5,1.2,0.199999999999998));
#15664=CARTESIAN_POINT('',(8.6,2.4,0.199999999999998));
#15665=CARTESIAN_POINT('Origin',(8.6,2.3,0.2));
#15666=CARTESIAN_POINT('',(10.,2.4,0.199999999999998));
#15667=CARTESIAN_POINT('',(5.85,2.4,0.199999999999999));
#15668=CARTESIAN_POINT('',(10.,3.,0.199999999999998));
#15669=CARTESIAN_POINT('',(10.,0.,0.199999999999998));
#15670=CARTESIAN_POINT('',(8.6,3.,0.199999999999998));
#15671=CARTESIAN_POINT('',(4.25,3.,0.199999999999999));
#15672=CARTESIAN_POINT('',(8.5,3.1,0.199999999999998));
#15673=CARTESIAN_POINT('Origin',(8.6,3.1,0.2));
#15674=CARTESIAN_POINT('',(8.5,3.3,0.199999999999998));
#15675=CARTESIAN_POINT('',(8.5,1.7,0.199999999999998));
#15676=CARTESIAN_POINT('Origin',(8.4,3.3,0.2));
#15677=CARTESIAN_POINT('Origin',(6.4,1.4,0.));
#15678=CARTESIAN_POINT('',(6.3,1.4,-6.12010442324618E-16));
#15679=CARTESIAN_POINT('',(6.4,1.5,-6.21724893790088E-16));
#15680=CARTESIAN_POINT('Origin',(6.4,1.4,-9.71445146547012E-16));
#15681=CARTESIAN_POINT('',(6.4,1.5,0.));
#15682=CARTESIAN_POINT('',(6.3,1.4,0.));
#15683=CARTESIAN_POINT('Origin',(8.5,1.5,0.));
#15684=CARTESIAN_POINT('',(8.4,1.5,-8.1601392309949E-16));
#15685=CARTESIAN_POINT('',(9.25,1.5,-8.98586760555986E-16));
#15686=CARTESIAN_POINT('',(8.4,1.5,0.));
#15687=CARTESIAN_POINT('Origin',(8.4,1.6,0.));
#15688=CARTESIAN_POINT('',(8.5,1.6,-8.2572837456496E-16));
#15689=CARTESIAN_POINT('Origin',(8.4,1.6,-9.71445146547012E-16));
#15690=CARTESIAN_POINT('',(8.5,1.6,0.));
#15691=CARTESIAN_POINT('Origin',(8.6,2.3,0.));
#15692=CARTESIAN_POINT('',(8.5,2.3,-8.2572837456496E-16));
#15693=CARTESIAN_POINT('',(8.6,2.4,-8.35442826030431E-16));
#15694=CARTESIAN_POINT('Origin',(8.6,2.3,-9.71445146547012E-16));
#15695=CARTESIAN_POINT('',(8.6,2.4,0.));
#15696=CARTESIAN_POINT('',(8.5,2.3,0.));
#15697=CARTESIAN_POINT('Origin',(11.7,2.4,0.));
#15698=CARTESIAN_POINT('',(10.,2.4,0.));
#15699=CARTESIAN_POINT('',(10.85,2.4,-1.05401798400351E-15));
#15700=CARTESIAN_POINT('',(10.5154529964811,2.4,0.211085331504546));
#15701=CARTESIAN_POINT('Origin',(10.,2.4,0.734889550463788));
#15702=CARTESIAN_POINT('',(10.7798598005434,2.4,0.471276590969171));
#15703=CARTESIAN_POINT('',(10.895787692258,2.4,0.585356197427414));
#15704=CARTESIAN_POINT('',(10.9080140215779,2.4,0.481451662354804));
#15705=CARTESIAN_POINT('Origin',(10.85,2.4,0.4));
#15706=CARTESIAN_POINT('',(11.5839719568442,2.4,0.));
#15707=CARTESIAN_POINT('',(11.6224606244245,2.4,-0.0274135889551304));
#15708=CARTESIAN_POINT('',(11.7,2.4,0.162903324709609));
#15709=CARTESIAN_POINT('',(11.6615113324197,2.4,0.108865251309935));
#15710=CARTESIAN_POINT('',(11.0240420647336,2.4,0.644354987064414));
#15711=CARTESIAN_POINT('',(11.4005096999471,2.4,0.37621556693188));
#15712=CARTESIAN_POINT('',(10.6395794016302,2.4,0.613829772907508));
#15713=CARTESIAN_POINT('Origin',(10.85,2.4,0.4));
#15714=CARTESIAN_POINT('',(10.3751725975679,2.4,0.353638513442883));
#15715=CARTESIAN_POINT('',(10.6233038913136,2.4,0.597813749633439));
#15716=CARTESIAN_POINT('Origin',(10.,2.4,0.734889550463788));
#15717=CARTESIAN_POINT('Origin',(8.6,3.1,0.));
#15718=CARTESIAN_POINT('',(8.6,3.,-8.35442826030431E-16));
#15719=CARTESIAN_POINT('',(8.5,3.1,-8.2572837456496E-16));
#15720=CARTESIAN_POINT('Origin',(8.6,3.1,-9.71445146547012E-16));
#15721=CARTESIAN_POINT('',(8.5,3.1,0.));
#15722=CARTESIAN_POINT('',(8.6,3.,0.));
#15723=CARTESIAN_POINT('Origin',(8.5,3.4,0.));
#15724=CARTESIAN_POINT('',(8.5,3.3,-8.2572837456496E-16));
#15725=CARTESIAN_POINT('',(8.5,1.7,-8.2572837456496E-16));
#15726=CARTESIAN_POINT('',(8.5,3.3,0.0678219505802451));
#15727=CARTESIAN_POINT('Origin',(8.4,3.3,0.0678219505802451));
#15728=CARTESIAN_POINT('Origin',(8.4,3.3,-9.71445146547012E-16));
#15729=CARTESIAN_POINT('Origin',(6.3,1.5,0.));
#15730=CARTESIAN_POINT('',(6.3,0.,0.));
#15731=CARTESIAN_POINT('',(6.3,0.,0.0678219505802451));
#15732=CARTESIAN_POINT('',(6.3,0.75,-6.12010442324618E-16));
#15733=CARTESIAN_POINT('Origin',(8.5,2.4,0.));
#15734=CARTESIAN_POINT('',(8.5,1.2,-8.2572837456496E-16));
#15735=CARTESIAN_POINT('Origin',(8.5,3.,0.));
#15736=CARTESIAN_POINT('',(10.3751725975679,3.,0.353638513442883));
#15737=CARTESIAN_POINT('Origin',(10.,3.,0.734889550463788));
#15738=CARTESIAN_POINT('',(10.6395794016302,3.,0.613829772907508));
#15739=CARTESIAN_POINT('',(9.81044750408383,3.,-0.202082939512976));
#15740=CARTESIAN_POINT('',(11.0240420647336,3.,0.644354987064414));
#15741=CARTESIAN_POINT('Origin',(10.85,3.,0.4));
#15742=CARTESIAN_POINT('',(11.7,3.,0.162903324709609));
#15743=CARTESIAN_POINT('',(10.3390099718893,3.,1.13226972651684));
#15744=CARTESIAN_POINT('',(11.5839719568442,3.,0.));
#15745=CARTESIAN_POINT('',(11.1230110604775,3.,-0.647188908275022));
#15746=CARTESIAN_POINT('',(10.9080140215779,3.,0.481451662354804));
#15747=CARTESIAN_POINT('',(10.5609608963668,3.,0.728640570629824));
#15748=CARTESIAN_POINT('',(10.7798598005434,3.,0.471276590969171));
#15749=CARTESIAN_POINT('Origin',(10.85,3.,0.4));
#15750=CARTESIAN_POINT('',(10.5154529964811,3.,0.211085331504546));
#15751=CARTESIAN_POINT('',(10.0829313050282,3.,-0.214540491719));
#15752=CARTESIAN_POINT('',(10.,3.,0.));
#15753=CARTESIAN_POINT('Origin',(10.,3.,0.734889550463788));
#15754=CARTESIAN_POINT('',(9.25,3.,-8.98586760555986E-16));
#15755=CARTESIAN_POINT('Origin',(10.85,0.,0.4));
#15756=CARTESIAN_POINT('',(11.0240420647336,0.,0.644354987064414));
#15757=CARTESIAN_POINT('',(10.6395794016302,0.,0.613829772907508));
#15758=CARTESIAN_POINT('Origin',(11.0240420647336,0.,0.644354987064414));
#15759=CARTESIAN_POINT('',(11.7,0.,0.162903324709609));
#15760=CARTESIAN_POINT('Origin',(10.3751725975679,0.,0.353638513442883));
#15761=CARTESIAN_POINT('',(10.3751725975679,0.,0.353638513442883));
#15762=CARTESIAN_POINT('Origin',(11.7,0.,0.162903324709609));
#15763=CARTESIAN_POINT('',(11.5839719568442,0.,1.41463061631433E-30));
#15764=CARTESIAN_POINT('Origin',(10.,0.,0.734889550463788));
#15765=CARTESIAN_POINT('Origin',(11.5839719568442,0.,-6.93889390390723E-17));
#15766=CARTESIAN_POINT('',(10.9080140215779,0.,0.481451662354804));
#15767=CARTESIAN_POINT('Origin',(10.85,0.,0.4));
#15768=CARTESIAN_POINT('',(10.7798598005434,0.,0.471276590969171));
#15769=CARTESIAN_POINT('Origin',(10.7798598005434,0.,0.471276590969171));
#15770=CARTESIAN_POINT('',(10.5154529964811,0.,0.211085331504546));
#15771=CARTESIAN_POINT('Origin',(10.,0.,0.734889550463788));
#15772=CARTESIAN_POINT('',(10.,0.,-9.71445146547012E-16));
#15773=CARTESIAN_POINT('Origin',(0.,0.,0.));
#15774=CARTESIAN_POINT('',(0.,0.,0.));
#15775=CARTESIAN_POINT('',(0.,0.,0.));
#15776=CARTESIAN_POINT('',(2.90041448849197E-18,0.,0.2));
#15777=CARTESIAN_POINT('Origin',(10.,0.,-9.71445146547012E-16));
#15778=CARTESIAN_POINT('',(0.,0.,0.));
#15779=CARTESIAN_POINT('Origin',(5.88694705966941,0.,0.13564390116049));
#15780=CARTESIAN_POINT('',(0.,0.,0.));
#15781=CARTESIAN_POINT('Origin',(1.,2.4,-0.0678219505802452));
#15782=CARTESIAN_POINT('',(2.90041448849197E-18,2.4,-0.2));
#15783=CARTESIAN_POINT('',(1.,3.4,-0.2));
#15784=CARTESIAN_POINT('Origin',(1.,2.4,-0.2));
#15785=CARTESIAN_POINT('',(0.,2.4,0.));
#15786=CARTESIAN_POINT('',(0.,2.4,-0.0678219505802452));
#15787=CARTESIAN_POINT('',(1.,3.4,9.71445146547012E-17));
#15788=CARTESIAN_POINT('Origin',(1.,2.4,8.41340885848751E-16));
#15789=CARTESIAN_POINT('',(1.,3.4,-0.0678219505802452));
#15790=CARTESIAN_POINT('Origin',(5.88694705966941,3.4,-0.13564390116049));
#15791=CARTESIAN_POINT('',(8.4,3.4,8.1601392309949E-16));
#15792=CARTESIAN_POINT('',(0.,3.4,0.));
#15793=CARTESIAN_POINT('',(8.4,3.4,-0.199999999999998));
#15794=CARTESIAN_POINT('',(8.4,3.4,-0.0678219505802451));
#15795=CARTESIAN_POINT('',(10.,3.4,-0.199999999999998));
#15796=CARTESIAN_POINT('Origin',(0.,0.,-0.2));
#15797=CARTESIAN_POINT('',(8.5,3.3,-0.199999999999998));
#15798=CARTESIAN_POINT('Origin',(8.4,3.3,-0.2));
#15799=CARTESIAN_POINT('',(8.5,3.1,-0.199999999999998));
#15800=CARTESIAN_POINT('',(8.5,1.7,-0.199999999999998));
#15801=CARTESIAN_POINT('',(8.6,3.,-0.199999999999998));
#15802=CARTESIAN_POINT('Origin',(8.6,3.1,-0.2));
#15803=CARTESIAN_POINT('',(10.,3.,-0.199999999999998));
#15804=CARTESIAN_POINT('',(4.25,3.,-0.199999999999999));
#15805=CARTESIAN_POINT('',(10.,2.4,-0.199999999999998));
#15806=CARTESIAN_POINT('',(10.,0.,-0.199999999999998));
#15807=CARTESIAN_POINT('',(8.6,2.4,-0.199999999999998));
#15808=CARTESIAN_POINT('',(5.85,2.4,-0.199999999999999));
#15809=CARTESIAN_POINT('',(8.5,2.3,-0.199999999999998));
#15810=CARTESIAN_POINT('Origin',(8.6,2.3,-0.2));
#15811=CARTESIAN_POINT('',(8.5,1.6,-0.199999999999998));
#15812=CARTESIAN_POINT('',(8.5,1.2,-0.199999999999998));
#15813=CARTESIAN_POINT('',(8.4,1.5,-0.199999999999998));
#15814=CARTESIAN_POINT('Origin',(8.4,1.6,-0.2));
#15815=CARTESIAN_POINT('',(6.4,1.5,-0.199999999999999));
#15816=CARTESIAN_POINT('',(4.25,1.5,-0.199999999999999));
#15817=CARTESIAN_POINT('',(6.3,1.4,-0.199999999999999));
#15818=CARTESIAN_POINT('Origin',(6.4,1.4,-0.2));
#15819=CARTESIAN_POINT('',(6.3,0.,-0.199999999999999));
#15820=CARTESIAN_POINT('',(6.3,0.75,-0.199999999999999));
#15821=CARTESIAN_POINT('',(2.90041448849197E-18,0.,-0.2));
#15822=CARTESIAN_POINT('',(10.,0.,-0.199999999999998));
#15823=CARTESIAN_POINT('',(2.90041448849197E-18,0.,-0.2));
#15824=CARTESIAN_POINT('Origin',(6.4,1.4,0.));
#15825=CARTESIAN_POINT('',(6.3,1.4,6.12010442324618E-16));
#15826=CARTESIAN_POINT('',(6.4,1.5,6.21724893790088E-16));
#15827=CARTESIAN_POINT('Origin',(6.4,1.4,9.71445146547012E-16));
#15828=CARTESIAN_POINT('',(6.3,1.4,0.));
#15829=CARTESIAN_POINT('',(6.4,1.5,0.));
#15830=CARTESIAN_POINT('Origin',(8.5,1.5,0.));
#15831=CARTESIAN_POINT('',(8.4,1.5,8.1601392309949E-16));
#15832=CARTESIAN_POINT('',(8.4,1.5,0.));
#15833=CARTESIAN_POINT('',(9.25,1.5,8.98586760555986E-16));
#15834=CARTESIAN_POINT('Origin',(8.4,1.6,0.));
#15835=CARTESIAN_POINT('',(8.5,1.6,8.2572837456496E-16));
#15836=CARTESIAN_POINT('',(8.5,1.6,0.));
#15837=CARTESIAN_POINT('Origin',(8.4,1.6,9.71445146547012E-16));
#15838=CARTESIAN_POINT('Origin',(8.6,2.3,0.));
#15839=CARTESIAN_POINT('',(8.5,2.3,8.2572837456496E-16));
#15840=CARTESIAN_POINT('',(8.6,2.4,8.35442826030431E-16));
#15841=CARTESIAN_POINT('Origin',(8.6,2.3,9.71445146547012E-16));
#15842=CARTESIAN_POINT('',(8.5,2.3,0.));
#15843=CARTESIAN_POINT('',(8.6,2.4,0.));
#15844=CARTESIAN_POINT('Origin',(11.7,2.4,0.));
#15845=CARTESIAN_POINT('',(10.3751725975679,2.4,-0.353638513442883));
#15846=CARTESIAN_POINT('Origin',(10.,2.4,-0.734889550463788));
#15847=CARTESIAN_POINT('',(10.6395794016302,2.4,-0.613829772907508));
#15848=CARTESIAN_POINT('',(10.6233038913136,2.4,-0.597813749633439));
#15849=CARTESIAN_POINT('',(11.0240420647336,2.4,-0.644354987064414));
#15850=CARTESIAN_POINT('Origin',(10.85,2.4,-0.4));
#15851=CARTESIAN_POINT('',(11.7,2.4,-0.162903324709609));
#15852=CARTESIAN_POINT('',(11.4005096999471,2.4,-0.37621556693188));
#15853=CARTESIAN_POINT('',(11.5839719568442,2.4,0.));
#15854=CARTESIAN_POINT('',(11.6615113324197,2.4,-0.108865251309935));
#15855=CARTESIAN_POINT('',(10.9080140215779,2.4,-0.481451662354804));
#15856=CARTESIAN_POINT('',(11.6224606244245,2.4,0.0274135889551304));
#15857=CARTESIAN_POINT('',(10.7798598005434,2.4,-0.471276590969171));
#15858=CARTESIAN_POINT('Origin',(10.85,2.4,-0.4));
#15859=CARTESIAN_POINT('',(10.5154529964811,2.4,-0.211085331504546));
#15860=CARTESIAN_POINT('',(10.895787692258,2.4,-0.585356197427414));
#15861=CARTESIAN_POINT('',(10.,2.4,0.));
#15862=CARTESIAN_POINT('Origin',(10.,2.4,-0.734889550463788));
#15863=CARTESIAN_POINT('',(10.85,2.4,1.05401798400351E-15));
#15864=CARTESIAN_POINT('Origin',(8.6,3.1,0.));
#15865=CARTESIAN_POINT('',(8.6,3.,8.35442826030431E-16));
#15866=CARTESIAN_POINT('',(8.5,3.1,8.2572837456496E-16));
#15867=CARTESIAN_POINT('Origin',(8.6,3.1,9.71445146547012E-16));
#15868=CARTESIAN_POINT('',(8.6,3.,0.));
#15869=CARTESIAN_POINT('',(8.5,3.1,0.));
#15870=CARTESIAN_POINT('Origin',(8.5,3.4,0.));
#15871=CARTESIAN_POINT('',(8.5,3.3,8.2572837456496E-16));
#15872=CARTESIAN_POINT('',(8.5,3.3,-0.0678219505802451));
#15873=CARTESIAN_POINT('',(8.5,1.7,8.2572837456496E-16));
#15874=CARTESIAN_POINT('Origin',(8.4,3.3,-0.0678219505802451));
#15875=CARTESIAN_POINT('Origin',(8.4,3.3,9.71445146547012E-16));
#15876=CARTESIAN_POINT('Origin',(6.3,1.5,0.));
#15877=CARTESIAN_POINT('',(6.3,0.,0.));
#15878=CARTESIAN_POINT('',(6.3,0.75,6.12010442324618E-16));
#15879=CARTESIAN_POINT('',(6.3,0.,-0.0678219505802451));
#15880=CARTESIAN_POINT('Origin',(8.5,2.4,0.));
#15881=CARTESIAN_POINT('',(8.5,1.2,8.2572837456496E-16));
#15882=CARTESIAN_POINT('Origin',(8.5,3.,0.));
#15883=CARTESIAN_POINT('',(10.,3.,0.));
#15884=CARTESIAN_POINT('',(9.25,3.,8.98586760555986E-16));
#15885=CARTESIAN_POINT('',(10.5154529964811,3.,-0.211085331504546));
#15886=CARTESIAN_POINT('Origin',(10.,3.,-0.734889550463788));
#15887=CARTESIAN_POINT('',(10.7798598005434,3.,-0.471276590969171));
#15888=CARTESIAN_POINT('',(10.0829313050282,3.,0.214540491719));
#15889=CARTESIAN_POINT('',(10.9080140215779,3.,-0.481451662354804));
#15890=CARTESIAN_POINT('Origin',(10.85,3.,-0.4));
#15891=CARTESIAN_POINT('',(11.5839719568442,3.,0.));
#15892=CARTESIAN_POINT('',(10.5609608963668,3.,-0.728640570629824));
#15893=CARTESIAN_POINT('',(11.7,3.,-0.162903324709609));
#15894=CARTESIAN_POINT('',(11.1230110604775,3.,0.647188908275022));
#15895=CARTESIAN_POINT('',(11.0240420647336,3.,-0.644354987064414));
#15896=CARTESIAN_POINT('',(10.3390099718893,3.,-1.13226972651684));
#15897=CARTESIAN_POINT('',(10.6395794016302,3.,-0.613829772907508));
#15898=CARTESIAN_POINT('Origin',(10.85,3.,-0.4));
#15899=CARTESIAN_POINT('',(10.3751725975679,3.,-0.353638513442883));
#15900=CARTESIAN_POINT('',(9.81044750408383,3.,0.202082939512976));
#15901=CARTESIAN_POINT('Origin',(10.,3.,-0.734889550463788));
#15902=CARTESIAN_POINT('Origin',(10.85,0.,-0.4));
#15903=CARTESIAN_POINT('',(10.6395794016302,0.,-0.613829772907508));
#15904=CARTESIAN_POINT('',(11.0240420647336,0.,-0.644354987064414));
#15905=CARTESIAN_POINT('Origin',(11.0240420647336,0.,-0.644354987064414));
#15906=CARTESIAN_POINT('',(11.7,0.,-0.162903324709609));
#15907=CARTESIAN_POINT('Origin',(10.3751725975679,0.,-0.353638513442883));
#15908=CARTESIAN_POINT('',(10.3751725975679,0.,-0.353638513442883));
#15909=CARTESIAN_POINT('Origin',(11.7,0.,-0.162903324709609));
#15910=CARTESIAN_POINT('',(11.5839719568442,0.,-1.41463061631433E-30));
#15911=CARTESIAN_POINT('Origin',(10.,0.,-0.734889550463788));
#15912=CARTESIAN_POINT('Origin',(11.5839719568442,0.,6.93889390390723E-17));
#15913=CARTESIAN_POINT('',(10.9080140215779,0.,-0.481451662354804));
#15914=CARTESIAN_POINT('Origin',(10.85,0.,-0.4));
#15915=CARTESIAN_POINT('',(10.7798598005434,0.,-0.471276590969171));
#15916=CARTESIAN_POINT('Origin',(10.7798598005434,0.,-0.471276590969171));
#15917=CARTESIAN_POINT('',(10.5154529964811,0.,-0.211085331504546));
#15918=CARTESIAN_POINT('Origin',(10.,0.,-0.734889550463788));
#15919=CARTESIAN_POINT('',(10.,0.,9.71445146547012E-16));
#15920=CARTESIAN_POINT('Origin',(0.,0.,0.));
#15921=CARTESIAN_POINT('',(0.,0.,0.));
#15922=CARTESIAN_POINT('',(2.90041448849197E-18,0.,-0.2));
#15923=CARTESIAN_POINT('',(0.,0.,0.));
#15924=CARTESIAN_POINT('Origin',(10.,0.,9.71445146547012E-16));
#15925=CARTESIAN_POINT('',(0.,0.,0.));
#15926=CARTESIAN_POINT('Origin',(5.88694705966941,0.,-0.13564390116049));
#15927=CARTESIAN_POINT('',(0.,0.,0.));
#15928=CARTESIAN_POINT('Origin',(0.799999999999998,-3.9,-0.5));
#15929=CARTESIAN_POINT('',(0.899999999999998,-3.9,-0.6));
#15930=CARTESIAN_POINT('',(0.899999999999998,-4.,-0.5));
#15931=CARTESIAN_POINT('Origin',(0.899999999999998,-3.9,-0.5));
#15932=CARTESIAN_POINT('',(0.699999999999998,-4.,-0.5));
#15933=CARTESIAN_POINT('',(0.799999999999998,-4.,-0.5));
#15934=CARTESIAN_POINT('',(0.699999999999998,-3.9,-0.6));
#15935=CARTESIAN_POINT('Origin',(0.699999999999998,-3.9,-0.5));
#15936=CARTESIAN_POINT('',(0.799999999999998,-3.9,-0.6));
#15937=CARTESIAN_POINT('Origin',(0.699999999999998,-4.,-1.4));
#15938=CARTESIAN_POINT('',(0.899999999999998,-4.,-0.1));
#15939=CARTESIAN_POINT('',(0.899999999999998,-4.,-1.4));
#15940=CARTESIAN_POINT('',(0.699999999999998,-4.,-0.1));
#15941=CARTESIAN_POINT('',(0.699999999999998,-4.,-0.1));
#15942=CARTESIAN_POINT('',(0.699999999999998,-4.,-1.4));
#15943=CARTESIAN_POINT('Origin',(0.899999999999999,-1.87380532894153,-0.7));
#15944=CARTESIAN_POINT('',(0.899999999999999,-2.4,-0.6));
#15945=CARTESIAN_POINT('',(0.899999999999999,-2.93690266447077,-0.6));
#15946=CARTESIAN_POINT('',(0.899999999999999,-2.3,-0.699999999999999));
#15947=CARTESIAN_POINT('Origin',(0.899999999999999,-2.4,-0.699999999999999));
#15948=CARTESIAN_POINT('',(0.899999999999999,-2.3,-1.4));
#15949=CARTESIAN_POINT('',(0.899999999999999,-2.3,-0.65));
#15950=CARTESIAN_POINT('',(0.9,-0.2,-1.4));
#15951=CARTESIAN_POINT('',(0.9,-0.2,-1.4));
#15952=CARTESIAN_POINT('',(0.9,-0.2,-2.0344731277799E-16));
#15953=CARTESIAN_POINT('',(0.9,-0.2,-0.7));
#15954=CARTESIAN_POINT('',(0.899999999999998,-3.9,-5.70217419127372E-16));
#15955=CARTESIAN_POINT('',(0.9,0.70477868423386,-1.1375926568634E-16));
#15956=CARTESIAN_POINT('Origin',(0.899999999999998,-3.9,-0.1));
#15957=CARTESIAN_POINT('Origin',(0.5,1.,1.));
#15958=CARTESIAN_POINT('',(0.5,0.,-0.1));
#15959=CARTESIAN_POINT('',(0.5,0.,-1.68515994809176E-16));
#15960=CARTESIAN_POINT('',(0.5,0.,-0.35));
#15961=CARTESIAN_POINT('',(0.5,0.1,-3.85494105772623E-17));
#15962=CARTESIAN_POINT('Origin',(0.5,0.1,-0.1));
#15963=CARTESIAN_POINT('',(0.5,0.,-3.85494105772623E-17));
#15964=CARTESIAN_POINT('Origin',(0.799999999999999,-1.03690266447077,-0.1));
#15965=CARTESIAN_POINT('',(0.799999999999998,-3.9,-5.61366165410529E-16));
#15966=CARTESIAN_POINT('',(0.8,-0.2,-1.93060910302423E-16));
#15967=CARTESIAN_POINT('',(0.799999999999999,-1.03690266447077,-2.77555756156289E-16));
#15968=CARTESIAN_POINT('',(0.7,-0.2,-0.1));
#15969=CARTESIAN_POINT('Origin',(0.8,-0.2,-0.1));
#15970=CARTESIAN_POINT('',(0.7,-1.03690266447077,-0.1));
#15971=CARTESIAN_POINT('Origin',(0.799999999999998,-3.9,-0.100000000000001));
#15972=CARTESIAN_POINT('Origin',(0.5,-0.2,-0.1));
#15973=CARTESIAN_POINT('Origin',(0.5,-0.2,-0.1));
#15974=CARTESIAN_POINT('Origin',(0.5,-0.2,-1.04083408558608E-16));
#15975=CARTESIAN_POINT('Origin',(0.699999999999998,-3.9,-0.1));
#15976=CARTESIAN_POINT('',(0.699999999999998,-3.9,-5.55111512312578E-16));
#15977=CARTESIAN_POINT('Origin',(0.9,-0.2,-1.38777878078145E-16));
#15978=CARTESIAN_POINT('',(0.744,-0.2,-1.87509795179297E-16));
#15979=CARTESIAN_POINT('',(0.5,0.2,-1.68515994809176E-16));
#15980=CARTESIAN_POINT('Origin',(0.5,-0.2,-1.38777878078145E-16));
#15981=CARTESIAN_POINT('',(0.5,0.,-3.85494105772623E-17));
#15982=CARTESIAN_POINT('Origin',(0.7,-0.2,-1.8362190162397E-16));
#15983=CARTESIAN_POINT('Origin',(0.0999999999999999,-3.9,-0.5));
#15984=CARTESIAN_POINT('',(-0.699999999999999,-3.9,-0.6));
#15985=CARTESIAN_POINT('',(-0.699999999999999,-4.,-0.5));
#15986=CARTESIAN_POINT('Origin',(-0.699999999999999,-3.9,-0.5));
#15987=CARTESIAN_POINT('',(-0.899999999999999,-4.,-0.5));
#15988=CARTESIAN_POINT('',(0.1,-4.,-0.5));
#15989=CARTESIAN_POINT('',(-0.899999999999999,-3.9,-0.6));
#15990=CARTESIAN_POINT('Origin',(-0.899999999999999,-3.9,-0.5));
#15991=CARTESIAN_POINT('',(0.0999999999999999,-3.9,-0.6));
#15992=CARTESIAN_POINT('Origin',(-0.699999999999998,-4.,5.18759103648089E-16));
#15993=CARTESIAN_POINT('',(-0.699999999999998,-4.,-0.0999999999999994));
#15994=CARTESIAN_POINT('',(-0.699999999999998,-4.,5.18759103648089E-16));
#15995=CARTESIAN_POINT('',(-0.899999999999998,-4.,-0.0999999999999992));
#15996=CARTESIAN_POINT('',(-0.699999999999999,-4.,-0.0999999999999994));
#15997=CARTESIAN_POINT('',(-0.899999999999998,-4.,6.57536981726234E-16));
#15998=CARTESIAN_POINT('Origin',(-0.7,-1.87380532894153,-0.699999999999999));
#15999=CARTESIAN_POINT('',(-0.699999999999999,-2.4,-0.599999999999999));
#16000=CARTESIAN_POINT('',(-0.699999999999999,-2.93690266447077,-0.6));
#16001=CARTESIAN_POINT('',(-0.7,-2.3,-0.699999999999999));
#16002=CARTESIAN_POINT('Origin',(-0.7,-2.4,-0.699999999999999));
#16003=CARTESIAN_POINT('',(-0.7,-2.3,-1.4));
#16004=CARTESIAN_POINT('',(-0.7,-2.3,-0.649999999999999));
#16005=CARTESIAN_POINT('',(-0.700000000000001,-0.2,-1.4));
#16006=CARTESIAN_POINT('',(-0.700000000000001,0.704778684233861,-1.4));
#16007=CARTESIAN_POINT('',(-0.7,-0.2,6.2450045135165E-16));
#16008=CARTESIAN_POINT('',(-0.7,-0.2,-0.699999999999999));
#16009=CARTESIAN_POINT('',(-0.699999999999998,-3.9,6.24500451351649E-16));
#16010=CARTESIAN_POINT('',(-0.7,0.704778684233861,6.24500451351651E-16));
#16011=CARTESIAN_POINT('Origin',(-0.699999999999998,-3.9,-0.0999999999999994));
#16012=CARTESIAN_POINT('Origin',(-0.699999999999999,-3.9,-0.0999999999999994));
#16013=CARTESIAN_POINT('',(-0.899999999999998,-3.9,6.57536981726234E-16));
#16014=CARTESIAN_POINT('Origin',(-0.899999999999999,-3.9,-0.0999999999999993));
#16015=CARTESIAN_POINT('',(-0.699999999999998,-3.9,6.24500451351651E-16));
#16016=CARTESIAN_POINT('Origin',(0.3,2.9,0.8));
#16017=CARTESIAN_POINT('',(0.3,3.1,1.));
#16018=CARTESIAN_POINT('',(0.5,2.9,1.));
#16019=CARTESIAN_POINT('Origin',(0.3,2.9,1.));
#16020=CARTESIAN_POINT('',(0.5,2.9,0.799999999999999));
#16021=CARTESIAN_POINT('',(0.5,2.9,0.8));
#16022=CARTESIAN_POINT('',(0.3,3.1,0.8));
#16023=CARTESIAN_POINT('Origin',(0.3,2.9,0.8));
#16024=CARTESIAN_POINT('',(0.3,3.1,0.8));
#16025=CARTESIAN_POINT('Origin',(-0.499999999999999,3.1,0.8));
#16026=CARTESIAN_POINT('',(-0.3,3.1,0.8));
#16027=CARTESIAN_POINT('',(-0.499999999999999,3.1,0.8));
#16028=CARTESIAN_POINT('',(-0.299999999999999,3.1,1.));
#16029=CARTESIAN_POINT('',(-0.3,3.1,0.8));
#16030=CARTESIAN_POINT('',(-0.499999999999999,3.1,1.));
#16031=CARTESIAN_POINT('Origin',(3.26830797762472E-16,1.35256643090307,
0.8));
#16032=CARTESIAN_POINT('',(0.5,1.,0.8));
#16033=CARTESIAN_POINT('',(0.5,-1.78973427638774,0.8));
#16034=CARTESIAN_POINT('',(-0.5,1.,0.8));
#16035=CARTESIAN_POINT('',(3.23742990539925E-16,1.,0.8));
#16036=CARTESIAN_POINT('',(-0.5,2.9,0.8));
#16037=CARTESIAN_POINT('',(-0.5,-1.78973427638774,0.800000000000001));
#16038=CARTESIAN_POINT('Origin',(-0.299999999999999,2.9,0.8));
#16039=CARTESIAN_POINT('Origin',(-0.299999999999999,2.9,0.8));
#16040=CARTESIAN_POINT('',(-0.499999999999999,2.9,1.));
#16041=CARTESIAN_POINT('Origin',(-0.299999999999999,2.9,1.));
#16042=CARTESIAN_POINT('',(-0.5,2.9,0.8));
#16043=CARTESIAN_POINT('Origin',(-0.5,1.,0.8));
#16044=CARTESIAN_POINT('',(-0.499999999999999,1.,1.));
#16045=CARTESIAN_POINT('',(-0.5,1.,0.844));
#16046=CARTESIAN_POINT('',(-0.499999999999999,1.,1.));
#16047=CARTESIAN_POINT('Origin',(0.,1.,1.46957615897682E-16));
#16048=CARTESIAN_POINT('',(0.5,1.,1.));
#16049=CARTESIAN_POINT('',(4.29332791450322E-16,1.,1.));
#16050=CARTESIAN_POINT('',(-0.5,0.,2.77555756156289E-16));
#16051=CARTESIAN_POINT('Origin',(-0.5,1.,3.58979374072625E-16));
#16052=CARTESIAN_POINT('',(0.9,0.,-2.08166817117217E-16));
#16053=CARTESIAN_POINT('Origin',(0.5,1.,-6.50641422772606E-17));
#16054=CARTESIAN_POINT('Origin',(0.5,1.,0.8));
#16055=CARTESIAN_POINT('',(0.5,-1.78973427638774,1.));
#16056=CARTESIAN_POINT('',(0.5,1.,0.844));
#16057=CARTESIAN_POINT('Origin',(-0.5,1.,0.8));
#16058=CARTESIAN_POINT('',(-0.5,0.2,2.77555756156289E-16));
#16059=CARTESIAN_POINT('Origin',(-0.5,1.,3.58979374072626E-16));
#16060=CARTESIAN_POINT('',(-0.5,0.,2.77555756156289E-16));
#16061=CARTESIAN_POINT('Origin',(0.5,1.,1.));
#16062=CARTESIAN_POINT('Origin',(0.5,1.,-6.50641422772606E-17));
#16063=CARTESIAN_POINT('Origin',(4.11639501032449E-16,1.35256643090307,
1.));
#16064=CARTESIAN_POINT('Origin',(0.,1.,1.46957615897682E-16));
#16065=CARTESIAN_POINT('',(0.9,0.2,-2.08166817117217E-16));
#16066=CARTESIAN_POINT('Origin',(-0.28166655703844,-1.77182442632853,-5.70553597494645));
#16067=CARTESIAN_POINT('',(-0.498263914643224,-1.51261807407901,-5.54926203468925));
#16068=CARTESIAN_POINT('',(-0.609523562206739,-1.71284555240021,-5.66052168225277));
#16069=CARTESIAN_POINT('Origin',(-0.46810220596943,-1.71284555240021,-5.51910032601546));
#16070=CARTESIAN_POINT('',(-0.750944918444049,-1.66810693943581,-5.51910032601546));
#16071=CARTESIAN_POINT('',(-0.423087913275749,-1.77182442632853,-5.84695733118376));
#16072=CARTESIAN_POINT('',(-0.639685270880534,-1.46787946111461,-5.40784067845194));
#16073=CARTESIAN_POINT('Origin',(-0.60952356220674,-1.66810693943581,-5.37767896977815));
#16074=CARTESIAN_POINT('',(-0.28166655703844,-1.58113859749086,-5.76585939229404));
#16075=CARTESIAN_POINT('Origin',(-0.358320609196953,-1.425,-5.40931872924298));
#16076=CARTESIAN_POINT('',(-0.267061441960865,-1.43947722592881,-5.31805956200689));
#16077=CARTESIAN_POINT('',(0.0425157017461681,-1.34154256893334,-5.00848241829985));
#16078=CARTESIAN_POINT('',(-0.267061441960864,-2.65,-5.31805956200689));
#16079=CARTESIAN_POINT('',(-0.267061441960865,-1.425,-5.31805956200689));
#16080=CARTESIAN_POINT('',(-0.468102205969429,-2.65,-5.51910032601546));
#16081=CARTESIAN_POINT('',(-0.267061441960864,-2.65,-5.31805956200689));
#16082=CARTESIAN_POINT('',(-0.609523562206738,-2.45,-5.66052168225277));
#16083=CARTESIAN_POINT('Origin',(-0.46810220596943,-2.45,-5.51910032601546));
#16084=CARTESIAN_POINT('',(-0.609523562206738,-2.64999999999999,-5.66052168225277));
#16085=CARTESIAN_POINT('Origin',(0.899999999999999,-1.35,-5.03521684953227));
#16086=CARTESIAN_POINT('',(-0.408482798198175,-1.3947386129644,-5.17663820576958));
#16087=CARTESIAN_POINT('',(-0.105644954321594,-1.29893593189384,-4.873800361893));
#16088=CARTESIAN_POINT('',(-0.349904154435486,-1.35,-5.03521684953228));
#16089=CARTESIAN_POINT('Origin',(-0.549904154435486,-1.35,-5.03521684953227));
#16090=CARTESIAN_POINT('',(-0.349904154435486,-1.09356579179708,-4.22461341087514));
#16091=CARTESIAN_POINT('',(-0.349904154435486,-1.28310951091767,-4.82377212519701));
#16092=CARTESIAN_POINT('',(-0.35374709835484,-1.08122243625022,-4.18559534647191));
#16093=CARTESIAN_POINT('Origin',(-0.549904154435486,-1.09356579179708,-4.22461341087514));
#16094=CARTESIAN_POINT('',(-0.892314112161292,-0.224686711093717,-1.47803612880645));
#16095=CARTESIAN_POINT('',(-0.371091395309642,-1.05363810674494,-4.09839967742788));
#16096=CARTESIAN_POINT('',(-0.900000000000001,-0.2,-1.4));
#16097=CARTESIAN_POINT('Origin',(-0.5,-0.199999999999999,-1.4));
#16098=CARTESIAN_POINT('',(-0.744000000000001,-0.2,-1.4));
#16099=CARTESIAN_POINT('',(-0.696157056080646,-0.212343355546858,-1.43901806440323));
#16100=CARTESIAN_POINT('Origin',(-0.5,-0.199999999999999,-1.4));
#16101=CARTESIAN_POINT('',(-0.157590042274194,-1.06887908070336,-4.14657728206868));
#16102=CARTESIAN_POINT('',(-0.174252795698716,-1.04237867644224,-4.06280796373002));
#16103=CARTESIAN_POINT('',(-0.149904154435486,-1.09356579179708,-4.22461341087514));
#16104=CARTESIAN_POINT('Origin',(-0.549904154435486,-1.09356579179708,-4.22461341087514));
#16105=CARTESIAN_POINT('',(-0.149904154435485,-1.35,-5.03521684953227));
#16106=CARTESIAN_POINT('',(-0.149904154435486,-1.28310951091766,-4.82377212519701));
#16107=CARTESIAN_POINT('Origin',(-0.549904154435486,-1.35,-5.03521684953227));
#16108=CARTESIAN_POINT('Origin',(0.710222236290911,-1.63625093744471,-5.27698029569398));
#16109=CARTESIAN_POINT('',(0.639685270880534,-1.46787946111461,-5.40784067845194));
#16110=CARTESIAN_POINT('',(0.750944918444049,-1.66810693943581,-5.51910032601546));
#16111=CARTESIAN_POINT('Origin',(0.60952356220674,-1.66810693943581,-5.37767896977815));
#16112=CARTESIAN_POINT('',(0.609523562206739,-1.71284555240021,-5.66052168225277));
#16113=CARTESIAN_POINT('',(0.85164359252822,-1.63625093744471,-5.41840165193129));
#16114=CARTESIAN_POINT('',(0.498263914643224,-1.51261807407901,-5.54926203468925));
#16115=CARTESIAN_POINT('Origin',(0.46810220596943,-1.71284555240021,-5.51910032601546));
#16116=CARTESIAN_POINT('',(0.710222236290911,-1.44556510860704,-5.33730371304157));
#16117=CARTESIAN_POINT('Origin',(0.499741965434262,-1.425,-5.26789737300567));
#16118=CARTESIAN_POINT('',(0.408482798198175,-1.3947386129644,-5.17663820576958));
#16119=CARTESIAN_POINT('',(0.534200633574058,-1.43450942077766,-5.30235604114547));
#16120=CARTESIAN_POINT('',(0.408482798198174,-2.65,-5.17663820576958));
#16121=CARTESIAN_POINT('',(0.408482798198175,-1.425,-5.17663820576958));
#16122=CARTESIAN_POINT('',(0.609523562206738,-2.65,-5.37767896977815));
#16123=CARTESIAN_POINT('',(-0.231292344896624,-2.65,-4.53686306267478));
#16124=CARTESIAN_POINT('',(0.750944918444048,-2.45,-5.51910032601546));
#16125=CARTESIAN_POINT('Origin',(0.609523562206741,-2.45,-5.37767896977815));
#16126=CARTESIAN_POINT('',(0.750944918444048,-2.64999999999999,-5.51910032601546));
#16127=CARTESIAN_POINT('Origin',(0.899999999999999,-1.35,-5.03521684953227));
#16128=CARTESIAN_POINT('',(0.267061441960865,-1.43947722592881,-5.31805956200689));
#16129=CARTESIAN_POINT('',(0.386039977506296,-1.47711605781716,-5.43703809755232));
#16130=CARTESIAN_POINT('',(0.149904154435486,-1.35,-5.03521684953228));
#16131=CARTESIAN_POINT('Origin',(0.549904154435486,-1.35,-5.03521684953227));
#16132=CARTESIAN_POINT('',(0.149904154435486,-1.09356579179708,-4.22461341087514));
#16133=CARTESIAN_POINT('',(0.149904154435486,-1.28310951091766,-4.82377212519701));
#16134=CARTESIAN_POINT('',(0.157590042274193,-1.06887908070336,-4.14657728206868));
#16135=CARTESIAN_POINT('Origin',(0.549904154435486,-1.09356579179708,-4.22461341087514));
#16136=CARTESIAN_POINT('',(0.696157056080646,-0.212343355546859,-1.43901806440323));
#16137=CARTESIAN_POINT('',(0.205498990687603,-0.992684800662454,-3.90572273368373));
#16138=CARTESIAN_POINT('',(0.7,-0.2,-1.4));
#16139=CARTESIAN_POINT('Origin',(0.5,-0.2,-1.4));
#16140=CARTESIAN_POINT('',(0.744,-0.2,-1.4));
#16141=CARTESIAN_POINT('',(0.892314112161292,-0.224686711093718,-1.47803612880645));
#16142=CARTESIAN_POINT('Origin',(0.5,-0.2,-1.4));
#16143=CARTESIAN_POINT('',(0.35374709835484,-1.08122243625022,-4.18559534647191));
#16144=CARTESIAN_POINT('',(0.402337590298529,-1.00394423096516,-3.94131444738158));
#16145=CARTESIAN_POINT('',(0.349904154435486,-1.09356579179708,-4.22461341087514));
#16146=CARTESIAN_POINT('Origin',(0.549904154435486,-1.09356579179708,-4.22461341087514));
#16147=CARTESIAN_POINT('',(0.349904154435485,-1.35,-5.03521684953227));
#16148=CARTESIAN_POINT('',(0.349904154435486,-1.28310951091766,-4.82377212519701));
#16149=CARTESIAN_POINT('Origin',(0.549904154435486,-1.35,-5.03521684953227));
#16150=CARTESIAN_POINT('Origin',(-0.349904154435486,-1.25,-4.6016407963214));
#16151=CARTESIAN_POINT('',(-0.349904154435485,-2.65,-5.03521684953227));
#16152=CARTESIAN_POINT('',(-0.349904154435485,-2.3,-5.03521684953228));
#16153=CARTESIAN_POINT('',(-0.349904154435486,-2.65,-4.22461341087514));
#16154=CARTESIAN_POINT('',(-0.349904154435485,-2.65,-5.03521684953227));
#16155=CARTESIAN_POINT('',(-0.349904154435486,-2.5,-4.22461341087514));
#16156=CARTESIAN_POINT('',(-0.349904154435486,-2.65,-4.22461341087514));
#16157=CARTESIAN_POINT('',(-0.349904154435486,-1.25,-4.22461341087514));
#16158=CARTESIAN_POINT('Origin',(-0.549904154435486,-1.425,-5.03521684953227));
#16159=CARTESIAN_POINT('',(-0.408482798198174,-2.65,-5.17663820576958));
#16160=CARTESIAN_POINT('',(-0.408482798198175,-1.425,-5.17663820576958));
#16161=CARTESIAN_POINT('',(-0.376699073678594,-2.65,-5.13521684953227));
#16162=CARTESIAN_POINT('Origin',(-0.549904154435485,-2.65,-5.03521684953227));
#16163=CARTESIAN_POINT('',(-0.352060439287061,-2.67928932188135,-5.06450617141362));
#16164=CARTESIAN_POINT('Ctrl Pts',(-0.35206043928706,-2.67928932188135,
-5.06450617141362));
#16165=CARTESIAN_POINT('Ctrl Pts',(-0.353446671358941,-2.66992559184109,
-5.07386990145387));
#16166=CARTESIAN_POINT('Ctrl Pts',(-0.355923178409808,-2.6621068519258,
-5.08570132340653));
#16167=CARTESIAN_POINT('Ctrl Pts',(-0.364207747518043,-2.65213536357298,
-5.11061021171822));
#16168=CARTESIAN_POINT('Ctrl Pts',(-0.370041737126143,-2.65,-5.12368600438034));
#16169=CARTESIAN_POINT('Ctrl Pts',(-0.376699073678596,-2.65,-5.13521684953227));
#16170=CARTESIAN_POINT('Origin',(-0.549904154435485,-2.64999999999999,-5.03521684953227));
#16171=CARTESIAN_POINT('Origin',(-0.499741965434262,-1.425,-5.26789737300567));
#16172=CARTESIAN_POINT('',(-0.750944918444048,-2.45,-5.51910032601546));
#16173=CARTESIAN_POINT('',(-0.750944918444048,-2.64999999999999,-5.51910032601546));
#16174=CARTESIAN_POINT('',(-0.609523562206738,-2.65,-5.37767896977815));
#16175=CARTESIAN_POINT('Origin',(-0.60952356220674,-2.45,-5.37767896977815));
#16176=CARTESIAN_POINT('',(0.231292344896624,-2.65,-4.53686306267478));
#16177=CARTESIAN_POINT('Origin',(-0.750944918444048,-2.64999999999999,-5.51910032601546));
#16178=CARTESIAN_POINT('',(-0.750944918444048,-2.45,-5.51910032601546));
#16179=CARTESIAN_POINT('Origin',(-0.549904154435486,-1.425,-5.03521684953227));
#16180=CARTESIAN_POINT('',(-0.149904154435485,-2.65,-5.03521684953227));
#16181=CARTESIAN_POINT('',(-0.149904154435485,-2.3,-5.03521684953227));
#16182=CARTESIAN_POINT('',(-0.150977926137907,-2.67928932188135,-5.06450617141362));
#16183=CARTESIAN_POINT('Origin',(-0.549904154435485,-2.64999999999999,-5.03521684953227));
#16184=CARTESIAN_POINT('',(-0.16260581981474,-2.65,-5.13521684953227));
#16185=CARTESIAN_POINT('Ctrl Pts',(-0.162605819814742,-2.65,-5.13521684953227));
#16186=CARTESIAN_POINT('Ctrl Pts',(-0.159424288400562,-2.65,-5.12289483134972));
#16187=CARTESIAN_POINT('Ctrl Pts',(-0.156681737025182,-2.65242351148888,
-5.10956982174354));
#16188=CARTESIAN_POINT('Ctrl Pts',(-0.152795675272823,-2.66257722776258,
-5.08486864232853));
#16189=CARTESIAN_POINT('Ctrl Pts',(-0.151637727868748,-2.67030269470797,
-5.073492798587));
#16190=CARTESIAN_POINT('Ctrl Pts',(-0.150977926137907,-2.67928932188135,
-5.06450617141362));
#16191=CARTESIAN_POINT('Origin',(-0.549904154435485,-2.65,-5.03521684953227));
#16192=CARTESIAN_POINT('Origin',(-0.149904154435486,-1.25,-4.6016407963214));
#16193=CARTESIAN_POINT('',(-0.149904154435486,-2.5,-4.22461341087514));
#16194=CARTESIAN_POINT('',(-0.149904154435486,-1.25,-4.22461341087514));
#16195=CARTESIAN_POINT('',(-0.149904154435486,-2.65,-4.22461341087514));
#16196=CARTESIAN_POINT('',(-0.149904154435486,-2.65,-4.22461341087514));
#16197=CARTESIAN_POINT('',(-0.149904154435485,-2.65,-5.03521684953227));
#16198=CARTESIAN_POINT('Origin',(0.349904154435486,-1.25,-4.6016407963214));
#16199=CARTESIAN_POINT('',(0.349904154435486,-2.5,-4.22461341087514));
#16200=CARTESIAN_POINT('',(0.349904154435486,-1.25,-4.22461341087514));
#16201=CARTESIAN_POINT('',(0.349904154435486,-2.65,-4.22461341087514));
#16202=CARTESIAN_POINT('',(0.349904154435486,-2.65,-4.22461341087514));
#16203=CARTESIAN_POINT('',(0.349904154435485,-2.65,-5.03521684953227));
#16204=CARTESIAN_POINT('',(0.349904154435485,-2.65,-5.03521684953227));
#16205=CARTESIAN_POINT('',(0.349904154435485,-2.3,-5.03521684953227));
#16206=CARTESIAN_POINT('Origin',(0.549904154435486,-1.25,-4.22461341087514));
#16207=CARTESIAN_POINT('',(0.353747098355712,-2.38132053078595,-4.18559534646752));
#16208=CARTESIAN_POINT('',(0.35374709835484,-1.25,-4.18559534647191));
#16209=CARTESIAN_POINT('Ctrl Pts',(0.349904154435486,-2.5,-4.22461341087514));
#16210=CARTESIAN_POINT('Ctrl Pts',(0.349904154435486,-2.47470845682573,
-4.22461341087514));
#16211=CARTESIAN_POINT('Ctrl Pts',(0.349661700312379,-2.44776529762613,
-4.21951279722214));
#16212=CARTESIAN_POINT('Ctrl Pts',(0.350999118041152,-2.40815274127873,
-4.2030120933565));
#16213=CARTESIAN_POINT('Ctrl Pts',(0.351888395326959,-2.39399558337604,
-4.19493967760702));
#16214=CARTESIAN_POINT('Ctrl Pts',(0.353747098355713,-2.38132053078595,
-4.18559534646752));
#16215=CARTESIAN_POINT('Origin',(0.628546654159957,-1.25,-2.80408468715421));
#16216=CARTESIAN_POINT('',(0.892314112161292,-2.3,-1.47803612880645));
#16217=CARTESIAN_POINT('',(0.892314112161292,-1.25,-1.47803612880645));
#16218=CARTESIAN_POINT('',(0.385768396269761,-2.3,-4.02461341087514));
#16219=CARTESIAN_POINT('',(1.0688276770218,-2.3,-0.590642513287278));
#16220=CARTESIAN_POINT('Origin',(0.385768396269754,-2.5,-4.02461341087514));
#16221=CARTESIAN_POINT('Origin',(0.5,-1.25,-1.4));
#16222=CARTESIAN_POINT('Origin',(0.5,-2.3,-1.4));
#16223=CARTESIAN_POINT('Origin',(0.5,-1.25,-1.4));
#16224=CARTESIAN_POINT('',(0.696157056080646,-2.3,-1.43901806440323));
#16225=CARTESIAN_POINT('',(0.696157056080646,-1.25,-1.43901806440323));
#16226=CARTESIAN_POINT('',(0.699999999999999,-2.3,-1.4));
#16227=CARTESIAN_POINT('Origin',(0.5,-2.3,-1.4));
#16228=CARTESIAN_POINT('',(0.7,0.704778684233861,-1.4));
#16229=CARTESIAN_POINT('Origin',(0.432389598079311,-1.25,-2.76506662275098));
#16230=CARTESIAN_POINT('',(0.157590042274193,-2.34149191148877,-4.14657728206868));
#16231=CARTESIAN_POINT('',(0.157590042274193,-1.25,-4.14657728206868));
#16232=CARTESIAN_POINT('',(0.181850164628097,-2.3,-4.02461341087514));
#16233=CARTESIAN_POINT('Origin',(0.18185016462809,-2.5,-4.02461341087514));
#16234=CARTESIAN_POINT('',(0.872670620941157,-2.3,-0.551624448884052));
#16235=CARTESIAN_POINT('Origin',(-0.609523562206738,-2.45,-5.37767896977815));
#16236=CARTESIAN_POINT('',(-0.609523562206738,-2.65,-5.37767896977815));
#16237=CARTESIAN_POINT('Origin',(-0.696157056080646,-2.5,-4.02461341087514));
#16238=CARTESIAN_POINT('',(-0.353747098355712,-2.38132053078595,-4.18559534646752));
#16239=CARTESIAN_POINT('Ctrl Pts',(-0.353747098355713,-2.38132053078595,
-4.18559534646752));
#16240=CARTESIAN_POINT('Ctrl Pts',(-0.351888395326959,-2.39399558337604,
-4.19493967760702));
#16241=CARTESIAN_POINT('Ctrl Pts',(-0.350999118041152,-2.40815274127873,
-4.2030120933565));
#16242=CARTESIAN_POINT('Ctrl Pts',(-0.349661700312379,-2.44776529762613,
-4.21951279722214));
#16243=CARTESIAN_POINT('Ctrl Pts',(-0.349904154435486,-2.47470845682573,
-4.22461341087514));
#16244=CARTESIAN_POINT('Ctrl Pts',(-0.349904154435486,-2.5,-4.22461341087514));
#16245=CARTESIAN_POINT('',(-0.696157056080646,-2.5,-4.22461341087514));
#16246=CARTESIAN_POINT('',(-0.157590042274193,-2.34149191148877,-4.14657728206868));
#16247=CARTESIAN_POINT('Ctrl Pts',(-0.149904154435486,-2.5,-4.22461341087514));
#16248=CARTESIAN_POINT('Ctrl Pts',(-0.149904154435486,-2.4748449347907,
-4.22461341087514));
#16249=CARTESIAN_POINT('Ctrl Pts',(-0.149785015274279,-2.44802109974132,
-4.21957519580214));
#16250=CARTESIAN_POINT('Ctrl Pts',(-0.150604236536165,-2.39873258314954,
-4.19913175572728));
#16251=CARTESIAN_POINT('Ctrl Pts',(-0.151597751979978,-2.37626929511469,
-4.18372541846445));
#16252=CARTESIAN_POINT('Ctrl Pts',(-0.155108986041738,-2.35255158685403,
-4.16000771020379));
#16253=CARTESIAN_POINT('Ctrl Pts',(-0.15621475504117,-2.34681190860721,
-4.15349131788828));
#16254=CARTESIAN_POINT('Ctrl Pts',(-0.157590042274194,-2.34149191148877,
-4.14657728206868));
#16255=CARTESIAN_POINT('',(-0.181850164628097,-2.3,-4.02461341087514));
#16256=CARTESIAN_POINT('Origin',(-0.18185016462809,-2.5,-4.02461341087514));
#16257=CARTESIAN_POINT('',(-0.385768396269761,-2.3,-4.02461341087514));
#16258=CARTESIAN_POINT('',(-0.696157056080646,-2.3,-4.02461341087514));
#16259=CARTESIAN_POINT('Origin',(-0.385768396269754,-2.5,-4.02461341087514));
#16260=CARTESIAN_POINT('Origin',(-0.696157056080646,-2.3,-1.43901806440323));
#16261=CARTESIAN_POINT('',(-0.696157056080646,-2.3,-1.43901806440323));
#16262=CARTESIAN_POINT('',(-0.872670620941157,-2.3,-0.551624448884052));
#16263=CARTESIAN_POINT('',(-0.892314112161292,-2.3,-1.47803612880645));
#16264=CARTESIAN_POINT('',(-0.739311608418388,-2.3,-1.44760203857194));
#16265=CARTESIAN_POINT('',(-1.0688276770218,-2.3,-0.590642513287278));
#16266=CARTESIAN_POINT('Origin',(-0.491445711342703,-2.84139134346452,-4.93521684953227));
#16267=CARTESIAN_POINT('',(-0.498140345414981,-2.8431851652578,-5.03497638079627));
#16268=CARTESIAN_POINT('',(-0.491476802208396,-2.8412753107741,-5.03521684953227));
#16269=CARTESIAN_POINT('Origin',(-0.507080664233108,-2.78459923207742,-4.91743681665246));
#16270=CARTESIAN_POINT('',(-0.439697444253128,-3.03451850544645,-5.03521684953227));
#16271=CARTESIAN_POINT('',(-0.491445711342703,-2.84139134346452,-5.03521684953227));
#16272=CARTESIAN_POINT('',(-0.446376536394475,-3.03637033051562,-5.03497638079627));
#16273=CARTESIAN_POINT('Origin',(-0.446558394787343,-3.00901360709298,-4.92936061998427));
#16274=CARTESIAN_POINT('',(-0.536274484951106,-3.06045841323258,-4.93521684953227));
#16275=CARTESIAN_POINT('Origin',(-0.439681902322199,-3.03457650872233,-4.93521684953227));
#16276=CARTESIAN_POINT('',(-0.58803829397161,-2.86727324797477,-4.93521684953227));
#16277=CARTESIAN_POINT('',(-0.58803829397161,-2.86727324797477,-4.93521684953227));
#16278=CARTESIAN_POINT('Origin',(-0.491445711342703,-2.84139134346452,-4.93521684953227));
#16279=CARTESIAN_POINT('Origin',(-0.309252781885849,-2.99962813123191,-4.62991513020371));
#16280=CARTESIAN_POINT('',(-0.446376536394476,-3.03637033051562,-4.22485387961114));
#16281=CARTESIAN_POINT('',(-0.446376536394475,-3.03637033051562,-4.62991513020371));
#16282=CARTESIAN_POINT('',(-0.536274484951107,-3.06045841323258,-4.32461341087514));
#16283=CARTESIAN_POINT('Origin',(-0.4396819023222,-3.03457650872233,-4.32461341087514));
#16284=CARTESIAN_POINT('',(-0.536274484951108,-3.06045841323258,-4.22461341087514));
#16285=CARTESIAN_POINT('Origin',(-0.549904154435485,-2.64999999999999,-4.6299151302037));
#16286=CARTESIAN_POINT('',(-0.162605819814746,-2.75,-5.03521684953227));
#16287=CARTESIAN_POINT('Origin',(-0.549904154435485,-2.64999999999999,-5.03521684953227));
#16288=CARTESIAN_POINT('Ctrl Pts',(-0.150977926137908,-2.67928932188135,
-5.06450617141362));
#16289=CARTESIAN_POINT('Ctrl Pts',(-0.15163772786875,-2.68827594905473,
-5.05551954424024));
#16290=CARTESIAN_POINT('Ctrl Pts',(-0.152795675272825,-2.69965179279626,
-5.04779407729485));
#16291=CARTESIAN_POINT('Ctrl Pts',(-0.156681737025185,-2.72435297221127,
-5.03764036102115));
#16292=CARTESIAN_POINT('Ctrl Pts',(-0.159424288400565,-2.73767798181744,
-5.03521684953227));
#16293=CARTESIAN_POINT('Ctrl Pts',(-0.162605819814746,-2.75,-5.03521684953227));
#16294=CARTESIAN_POINT('',(-0.439697444253129,-3.03451850544646,-4.22461341087514));
#16295=CARTESIAN_POINT('Origin',(-0.549904154435486,-2.64999999999999,-4.22461341087514));
#16296=CARTESIAN_POINT('Origin',(-0.446558394332621,-3.00901361040056,-4.33046962792524));
#16297=CARTESIAN_POINT('Origin',(-0.446376536394475,-3.03637033051562,-5.03521684953227));
#16298=CARTESIAN_POINT('',(-0.376699073678603,-2.75,-5.03521684953227));
#16299=CARTESIAN_POINT('Origin',(-0.549904154435485,-2.64999999999999,-5.03521684953227));
#16300=CARTESIAN_POINT('',(-0.427429667296325,-2.75,-5.03521684953227));
#16301=CARTESIAN_POINT('Origin',(-0.491445711342705,-2.84139134346452,-4.32461341087514));
#16302=CARTESIAN_POINT('',(-0.498140345414982,-2.84318516525781,-4.22485387961114));
#16303=CARTESIAN_POINT('',(-0.588038293971612,-2.86727324797477,-4.32461341087514));
#16304=CARTESIAN_POINT('Origin',(-0.491445711342705,-2.84139134346452,-4.32461341087514));
#16305=CARTESIAN_POINT('',(-0.588038293971612,-2.86727324797477,-4.32461341087514));
#16306=CARTESIAN_POINT('',(-0.491476802208398,-2.8412753107741,-4.22461341087514));
#16307=CARTESIAN_POINT('',(-0.491445711342705,-2.84139134346452,-4.22461341087514));
#16308=CARTESIAN_POINT('Origin',(-0.507080666522889,-2.78459922272039,-4.3423934586305));
#16309=CARTESIAN_POINT('Origin',(-0.588038293971612,-2.86727324797477,-4.22461341087514));
#16310=CARTESIAN_POINT('',(-0.588038293971612,-2.86727324797477,-4.22461341087514));
#16311=CARTESIAN_POINT('Origin',(-0.361016590906353,-2.80644296597409,-4.62991513020371));
#16312=CARTESIAN_POINT('',(-0.498140345414981,-2.8431851652578,-4.62991513020371));
#16313=CARTESIAN_POINT('Origin',(-0.427429667296324,-2.75,-5.13521684953227));
#16314=CARTESIAN_POINT('',(-0.427429667296324,-2.65,-5.13521684953227));
#16315=CARTESIAN_POINT('Ctrl Pts',(-0.376699073678603,-2.75,-5.03521684953227));
#16316=CARTESIAN_POINT('Ctrl Pts',(-0.370041737126149,-2.73846915484807,
-5.03521684953227));
#16317=CARTESIAN_POINT('Ctrl Pts',(-0.364207747518048,-2.72539336218595,
-5.03735221310525));
#16318=CARTESIAN_POINT('Ctrl Pts',(-0.355923178409811,-2.70048447387426,
-5.04732370145807));
#16319=CARTESIAN_POINT('Ctrl Pts',(-0.353446671358944,-2.6886530519216,
-5.05514244137337));
#16320=CARTESIAN_POINT('Ctrl Pts',(-0.352060439287062,-2.67928932188135,
-5.06450617141362));
#16321=CARTESIAN_POINT('Origin',(0.899999999999999,-2.4,-0.699999999999999));
#16322=CARTESIAN_POINT('',(-0.899999999999999,-2.4,-0.599999999999999));
#16323=CARTESIAN_POINT('',(0.899999999999999,-2.4,-0.599999999999999));
#16324=CARTESIAN_POINT('',(-0.9,-2.3,-0.699999999999999));
#16325=CARTESIAN_POINT('Origin',(-0.9,-2.4,-0.699999999999999));
#16326=CARTESIAN_POINT('',(0.899999999999999,-2.3,-0.699999999999999));
#16327=CARTESIAN_POINT('Origin',(0.899999999999998,-4.,-0.6));
#16328=CARTESIAN_POINT('',(-0.899999999999999,-2.93690266447077,-0.6));
#16329=CARTESIAN_POINT('Origin',(-0.498140345414981,-2.8431851652578,-4.22461341087514));
#16330=CARTESIAN_POINT('',(-0.149904154435486,-2.65,-4.22461341087514));
#16331=CARTESIAN_POINT('Origin',(-0.549904154435486,-2.64999999999999,-4.22461341087514));
#16332=CARTESIAN_POINT('Origin',(-0.549904154435485,-2.64999999999999,-4.6299151302037));
#16333=CARTESIAN_POINT('Origin',(-0.408482798198174,-2.65,-5.17663820576958));
#16334=CARTESIAN_POINT('',(-0.377370099825967,-2.65,-5.20775090414179));
#16335=CARTESIAN_POINT('Origin',(-0.408482798198174,-2.65,-5.17663820576959));
#16336=CARTESIAN_POINT('Origin',(-0.149904154435486,-2.65,-4.22461341087514));
#16337=CARTESIAN_POINT('Origin',(-0.549904154435486,-1.25,-4.22461341087514));
#16338=CARTESIAN_POINT('',(-0.157590042274194,-0.2,-4.14657728206868));
#16339=CARTESIAN_POINT('Origin',(-0.549904154435486,-1.25,-4.22461341087514));
#16340=CARTESIAN_POINT('',(-0.35374709835484,-0.2,-4.18559534647191));
#16341=CARTESIAN_POINT('Origin',(-0.5,-1.25,-1.4));
#16342=CARTESIAN_POINT('',(-0.892314112161292,-1.25,-1.47803612880645));
#16343=CARTESIAN_POINT('',(-0.9,-2.3,-1.4));
#16344=CARTESIAN_POINT('Origin',(-0.5,-2.3,-1.4));
#16345=CARTESIAN_POINT('',(-0.900000000000001,0.70477868423386,-1.4));
#16346=CARTESIAN_POINT('Origin',(-0.432389598079311,-1.25,-2.76506662275098));
#16347=CARTESIAN_POINT('',(-0.696157056080646,-1.25,-1.43901806440323));
#16348=CARTESIAN_POINT('Origin',(-0.892314112161292,-2.3,-1.47803612880645));
#16349=CARTESIAN_POINT('Origin',(-0.5,-2.3,-1.4));
#16350=CARTESIAN_POINT('',(0.0999999999999983,-2.3,-1.4));
#16351=CARTESIAN_POINT('Origin',(-0.628546654159957,-1.25,-2.80408468715421));
#16352=CARTESIAN_POINT('Origin',(-0.5,-1.25,-1.4));
#16353=CARTESIAN_POINT('Origin',(0.609523562206739,-2.45,-5.37767896977815));
#16354=CARTESIAN_POINT('',(0.468102205969429,-2.65,-5.51910032601546));
#16355=CARTESIAN_POINT('',(0.609523562206738,-2.45,-5.66052168225277));
#16356=CARTESIAN_POINT('Origin',(0.468102205969431,-2.45,-5.51910032601546));
#16357=CARTESIAN_POINT('',(0.750944918444048,-2.45,-5.51910032601546));
#16358=CARTESIAN_POINT('',(0.609523562206739,-2.65,-5.37767896977815));
#16359=CARTESIAN_POINT('Origin',(0.408482798198174,-2.65,-5.17663820576959));
#16360=CARTESIAN_POINT('',(0.267061441960864,-2.65,-5.31805956200689));
#16361=CARTESIAN_POINT('',(0.377370099825967,-2.65,-5.20775090414179));
#16362=CARTESIAN_POINT('',(0.267061441960864,-2.65,-5.31805956200689));
#16363=CARTESIAN_POINT('Origin',(0.149904154435486,-2.5,-4.02461341087514));
#16364=CARTESIAN_POINT('',(0.149904154435486,-2.3,-4.02461341087514));
#16365=CARTESIAN_POINT('',(0.149904154435486,-2.5,-4.22461341087514));
#16366=CARTESIAN_POINT('Ctrl Pts',(0.157590042274194,-2.34149191148877,
-4.14657728206868));
#16367=CARTESIAN_POINT('Ctrl Pts',(0.15621475504117,-2.34681190860721,-4.15349131788828));
#16368=CARTESIAN_POINT('Ctrl Pts',(0.155108986041738,-2.35255158685403,
-4.16000771020378));
#16369=CARTESIAN_POINT('Ctrl Pts',(0.151597751979978,-2.37626929511469,
-4.18372541846445));
#16370=CARTESIAN_POINT('Ctrl Pts',(0.150604236536165,-2.39873258314954,
-4.19913175572728));
#16371=CARTESIAN_POINT('Ctrl Pts',(0.149785015274279,-2.44802109974132,
-4.21957519580214));
#16372=CARTESIAN_POINT('Ctrl Pts',(0.149904154435486,-2.4748449347907,-4.22461341087514));
#16373=CARTESIAN_POINT('Ctrl Pts',(0.149904154435486,-2.5,-4.22461341087514));
#16374=CARTESIAN_POINT('',(0.149904154435486,-2.5,-4.22461341087514));
#16375=CARTESIAN_POINT('Origin',(0.149904154435486,-2.65,-4.22461341087514));
#16376=CARTESIAN_POINT('',(0.149904154435486,-2.65,-4.22461341087514));
#16377=CARTESIAN_POINT('',(0.149904154435486,-2.65,-4.22461341087514));
#16378=CARTESIAN_POINT('',(0.149904154435486,-2.65,-4.22461341087514));
#16379=CARTESIAN_POINT('Origin',(0.439681902322199,-3.03457650872233,-4.93521684953227));
#16380=CARTESIAN_POINT('',(0.498140345414981,-2.8431851652578,-5.03497638079627));
#16381=CARTESIAN_POINT('',(0.58803829397161,-2.86727324797477,-4.93521684953227));
#16382=CARTESIAN_POINT('Origin',(0.491445711342703,-2.84139134346452,-4.93521684953227));
#16383=CARTESIAN_POINT('',(0.536274484951106,-3.06045841323258,-4.93521684953227));
#16384=CARTESIAN_POINT('',(0.536274484951106,-3.06045841323258,-4.93521684953227));
#16385=CARTESIAN_POINT('',(0.446376536394475,-3.03637033051562,-5.03497638079627));
#16386=CARTESIAN_POINT('Origin',(0.439681902322199,-3.03457650872233,-4.93521684953227));
#16387=CARTESIAN_POINT('',(0.439697444253128,-3.03451850544645,-5.03521684953227));
#16388=CARTESIAN_POINT('Origin',(0.446558393702964,-3.00901361485381,-4.92936065033675));
#16389=CARTESIAN_POINT('',(0.491476802208396,-2.8412753107741,-5.03521684953227));
#16390=CARTESIAN_POINT('',(0.439681902322199,-3.03457650872233,-5.03521684953227));
#16391=CARTESIAN_POINT('Origin',(0.507080662588234,-2.78459924082471,-4.91743683878635));
#16392=CARTESIAN_POINT('Origin',(0.549904154435485,-2.64999999999999,-4.6299151302037));
#16393=CARTESIAN_POINT('',(0.376699073678603,-2.75,-5.03521684953227));
#16394=CARTESIAN_POINT('Origin',(0.549904154435485,-2.64999999999999,-5.03521684953227));
#16395=CARTESIAN_POINT('',(0.352060439287061,-2.67928932188135,-5.06450617141362));
#16396=CARTESIAN_POINT('Ctrl Pts',(0.352060439287062,-2.67928932188135,
-5.06450617141362));
#16397=CARTESIAN_POINT('Ctrl Pts',(0.353446671358944,-2.6886530519216,-5.05514244137337));
#16398=CARTESIAN_POINT('Ctrl Pts',(0.355923178409811,-2.70048447387426,
-5.04732370145807));
#16399=CARTESIAN_POINT('Ctrl Pts',(0.364207747518048,-2.72539336218595,
-5.03735221310525));
#16400=CARTESIAN_POINT('Ctrl Pts',(0.370041737126149,-2.73846915484807,
-5.03521684953227));
#16401=CARTESIAN_POINT('Ctrl Pts',(0.376699073678603,-2.75,-5.03521684953227));
#16402=CARTESIAN_POINT('Origin',(0.549904154435485,-2.64999999999999,-5.03521684953227));
#16403=CARTESIAN_POINT('',(0.491476802208398,-2.8412753107741,-4.22461341087514));
#16404=CARTESIAN_POINT('Origin',(0.549904154435486,-2.64999999999999,-4.22461341087514));
#16405=CARTESIAN_POINT('',(0.498140345414982,-2.84318516525781,-4.22485387961114));
#16406=CARTESIAN_POINT('Origin',(0.507080665204479,-2.78459922898745,-4.34239344584335));
#16407=CARTESIAN_POINT('',(0.498140345414981,-2.8431851652578,-4.62991513020371));
#16408=CARTESIAN_POINT('Origin',(0.446376536394475,-3.03637033051562,-5.03521684953227));
#16409=CARTESIAN_POINT('',(0.162605819814746,-2.75,-5.03521684953227));
#16410=CARTESIAN_POINT('Origin',(0.549904154435485,-2.64999999999999,-5.03521684953227));
#16411=CARTESIAN_POINT('',(0.427429667296325,-2.75,-5.03521684953227));
#16412=CARTESIAN_POINT('Origin',(0.549904154435485,-2.64999999999999,-4.6299151302037));
#16413=CARTESIAN_POINT('',(0.446376536394476,-3.03637033051562,-4.22485387961114));
#16414=CARTESIAN_POINT('',(0.446376536394475,-3.03637033051562,-4.62991513020371));
#16415=CARTESIAN_POINT('',(0.439697444253129,-3.03451850544646,-4.22461341087514));
#16416=CARTESIAN_POINT('Origin',(0.44655839387419,-3.00901361384266,-4.33046961415493));
#16417=CARTESIAN_POINT('Origin',(0.549904154435486,-2.64999999999999,-4.22461341087514));
#16418=CARTESIAN_POINT('',(0.149904154435485,-2.65,-5.03521684953227));
#16419=CARTESIAN_POINT('',(0.149904154435485,-2.65,-5.03521684953227));
#16420=CARTESIAN_POINT('',(0.150977926137907,-2.67928932188135,-5.06450617141362));
#16421=CARTESIAN_POINT('Origin',(0.549904154435485,-2.64999999999999,-5.03521684953227));
#16422=CARTESIAN_POINT('Ctrl Pts',(0.162605819814746,-2.75,-5.03521684953227));
#16423=CARTESIAN_POINT('Ctrl Pts',(0.159424288400565,-2.73767798181744,
-5.03521684953227));
#16424=CARTESIAN_POINT('Ctrl Pts',(0.156681737025185,-2.72435297221127,
-5.03764036102116));
#16425=CARTESIAN_POINT('Ctrl Pts',(0.152795675272825,-2.69965179279626,
-5.04779407729485));
#16426=CARTESIAN_POINT('Ctrl Pts',(0.15163772786875,-2.68827594905472,-5.05551954424024));
#16427=CARTESIAN_POINT('Ctrl Pts',(0.150977926137908,-2.67928932188135,
-5.06450617141362));
#16428=CARTESIAN_POINT('Origin',(0.491445711342705,-2.84139134346452,-4.32461341087514));
#16429=CARTESIAN_POINT('',(0.491445711342705,-2.84139134346452,-4.22461341087514));
#16430=CARTESIAN_POINT('',(0.536274484951107,-3.06045841323258,-4.32461341087514));
#16431=CARTESIAN_POINT('Origin',(0.4396819023222,-3.03457650872233,-4.32461341087514));
#16432=CARTESIAN_POINT('',(0.588038293971612,-2.86727324797477,-4.32461341087514));
#16433=CARTESIAN_POINT('',(0.588038293971612,-2.86727324797477,-4.32461341087514));
#16434=CARTESIAN_POINT('Origin',(0.491445711342705,-2.84139134346452,-4.32461341087514));
#16435=CARTESIAN_POINT('Origin',(0.498140345414981,-2.8431851652578,-4.22461341087514));
#16436=CARTESIAN_POINT('Origin',(0.361016590906353,-2.80644296597409,-4.62991513020371));
#16437=CARTESIAN_POINT('',(0.588038293971612,-2.86727324797477,-4.22461341087514));
#16438=CARTESIAN_POINT('Origin',(0.427429667296324,-2.75,-5.13521684953227));
#16439=CARTESIAN_POINT('',(0.16260581981474,-2.65,-5.13521684953227));
#16440=CARTESIAN_POINT('Ctrl Pts',(0.150977926137907,-2.67928932188135,
-5.06450617141362));
#16441=CARTESIAN_POINT('Ctrl Pts',(0.151637727868748,-2.67030269470797,
-5.073492798587));
#16442=CARTESIAN_POINT('Ctrl Pts',(0.152795675272823,-2.66257722776258,
-5.08486864232853));
#16443=CARTESIAN_POINT('Ctrl Pts',(0.156681737025182,-2.65242351148888,
-5.10956982174354));
#16444=CARTESIAN_POINT('Ctrl Pts',(0.159424288400562,-2.65,-5.12289483134972));
#16445=CARTESIAN_POINT('Ctrl Pts',(0.162605819814742,-2.65,-5.13521684953227));
#16446=CARTESIAN_POINT('',(0.376699073678594,-2.65,-5.13521684953227));
#16447=CARTESIAN_POINT('',(0.427429667296324,-2.65,-5.13521684953227));
#16448=CARTESIAN_POINT('Ctrl Pts',(0.376699073678596,-2.65,-5.13521684953227));
#16449=CARTESIAN_POINT('Ctrl Pts',(0.370041737126143,-2.65,-5.12368600438034));
#16450=CARTESIAN_POINT('Ctrl Pts',(0.364207747518043,-2.65213536357298,
-5.11061021171822));
#16451=CARTESIAN_POINT('Ctrl Pts',(0.355923178409808,-2.6621068519258,-5.08570132340653));
#16452=CARTESIAN_POINT('Ctrl Pts',(0.353446671358941,-2.66992559184109,
-5.07386990145387));
#16453=CARTESIAN_POINT('Ctrl Pts',(0.35206043928706,-2.67928932188135,-5.06450617141362));
#16454=CARTESIAN_POINT('Origin',(0.408482798198174,-2.65,-5.17663820576958));
#16455=CARTESIAN_POINT('Origin',(0.549904154435485,-2.65,-5.03521684953227));
#16456=CARTESIAN_POINT('Origin',(0.549904154435485,-2.65,-5.03521684953227));
#16457=CARTESIAN_POINT('Origin',(0.899999999999999,-2.4,-0.699999999999999));
#16458=CARTESIAN_POINT('',(0.699999999999999,-2.4,-0.6));
#16459=CARTESIAN_POINT('',(0.899999999999999,-2.4,-0.599999999999999));
#16460=CARTESIAN_POINT('',(0.699999999999999,-2.3,-0.699999999999999));
#16461=CARTESIAN_POINT('Origin',(0.699999999999999,-2.4,-0.699999999999999));
#16462=CARTESIAN_POINT('',(0.899999999999999,-2.3,-0.699999999999999));
#16463=CARTESIAN_POINT('Origin',(0.899999999999998,-4.,-0.6));
#16464=CARTESIAN_POINT('',(0.699999999999999,-2.93690266447077,-0.6));
#16465=CARTESIAN_POINT('Origin',(0.588038293971612,-2.86727324797477,-4.22461341087514));
#16466=CARTESIAN_POINT('',(0.536274484951108,-3.06045841323258,-4.22461341087514));
#16467=CARTESIAN_POINT('Origin',(0.309252781885849,-2.99962813123191,-4.62991513020371));
#16468=CARTESIAN_POINT('Origin',(0.549904154435486,-1.425,-5.03521684953227));
#16469=CARTESIAN_POINT('',(0.267061441960865,-1.425,-5.31805956200689));
#16470=CARTESIAN_POINT('',(0.149904154435485,-2.3,-5.03521684953228));
#16471=CARTESIAN_POINT('Origin',(0.750944918444048,-2.64999999999999,-5.51910032601546));
#16472=CARTESIAN_POINT('',(0.609523562206738,-2.64999999999999,-5.66052168225277));
#16473=CARTESIAN_POINT('Origin',(0.358320609196953,-1.425,-5.40931872924298));
#16474=CARTESIAN_POINT('Origin',(0.549904154435486,-1.425,-5.03521684953227));
#16475=CARTESIAN_POINT('Origin',(0.549904154435486,-1.25,-4.22461341087514));
#16476=CARTESIAN_POINT('',(0.149904154435486,-1.25,-4.22461341087514));
#16477=CARTESIAN_POINT('Origin',(0.149904154435486,-1.25,-4.6016407963214));
#16478=CARTESIAN_POINT('Origin',(0.696157056080646,-2.3,-1.43901806440323));
#16479=CARTESIAN_POINT('',(0.739311608418388,-2.3,-1.44760203857194));
#16480=CARTESIAN_POINT('Origin',(0.892314112161292,-2.3,-1.47803612880645));
#16481=CARTESIAN_POINT('',(0.799999999999999,-2.3,-1.4));
#16482=CARTESIAN_POINT('Origin',(0.899999999999999,-2.3,-0.599999999999999));
#16483=CARTESIAN_POINT('',(-0.9,-2.3,-0.649999999999999));
#16484=CARTESIAN_POINT('Origin',(0.899999999999999,-2.3,-0.599999999999999));
#16485=CARTESIAN_POINT('',(0.699999999999999,-2.3,-0.65));
#16486=CARTESIAN_POINT('Origin',(-0.5,-0.2,-0.7));
#16487=CARTESIAN_POINT('',(-0.9,-0.2,6.57536981726235E-16));
#16488=CARTESIAN_POINT('',(-0.9,-0.2,-0.699999999999999));
#16489=CARTESIAN_POINT('Origin',(-0.5,-0.2,4.16333634234434E-16));
#16490=CARTESIAN_POINT('',(-0.500000000000001,0.2,-1.4));
#16491=CARTESIAN_POINT('',(-0.500000000000001,0.2,-1.05));
#16492=CARTESIAN_POINT('Origin',(-0.500000000000001,-0.2,-1.4));
#16493=CARTESIAN_POINT('Origin',(-0.7,-0.2,5.55111512312578E-16));
#16494=CARTESIAN_POINT('',(-0.744,-0.2,6.88068114903427E-16));
#16495=CARTESIAN_POINT('Origin',(-0.5,-0.2,4.16333634234434E-16));
#16496=CARTESIAN_POINT('Origin',(-0.900000000000001,-0.2,-1.4));
#16497=CARTESIAN_POINT('',(-0.500000000000001,0.,-1.4));
#16498=CARTESIAN_POINT('',(-0.500000000000001,0.,-1.4));
#16499=CARTESIAN_POINT('Origin',(-0.500000000000001,-0.2,-1.4));
#16500=CARTESIAN_POINT('Origin',(-0.7,-0.2,6.2450045135165E-16));
#16501=CARTESIAN_POINT('',(-0.9,-0.2,6.57536981726235E-16));
#16502=CARTESIAN_POINT('Origin',(-0.9,-1.87380532894153,-0.699999999999999));
#16503=CARTESIAN_POINT('Origin',(-0.5,-0.2,-0.7));
#16504=CARTESIAN_POINT('',(-0.500000000000001,0.,-1.05));
#16505=CARTESIAN_POINT('Origin',(-0.900000000000001,0.,-1.4));
#16506=CARTESIAN_POINT('',(0.5,0.2,-1.4));
#16507=CARTESIAN_POINT('',(-0.900000000000001,0.2,-1.4));
#16508=CARTESIAN_POINT('',(0.5,0.,-1.4));
#16509=CARTESIAN_POINT('',(0.5,0.,-1.4));
#16510=CARTESIAN_POINT('',(-0.900000000000001,0.,-1.4));
#16511=CARTESIAN_POINT('Origin',(-3.12250225675825E-16,0.2,-0.7));
#16512=CARTESIAN_POINT('',(0.5,0.2,-0.35));
#16513=CARTESIAN_POINT('Origin',(0.5,-0.2,-0.7));
#16514=CARTESIAN_POINT('Origin',(0.5,-0.2,-1.4));
#16515=CARTESIAN_POINT('Origin',(0.699999999999999,-1.87380532894153,-0.7));
#16516=CARTESIAN_POINT('',(0.7,-0.2,-0.7));
#16517=CARTESIAN_POINT('Origin',(0.7,-0.2,-1.4));
#16518=CARTESIAN_POINT('Origin',(0.5,-0.2,-1.4));
#16519=CARTESIAN_POINT('Origin',(0.5,-0.2,-0.7));
#16520=CARTESIAN_POINT('',(0.5,0.,-0.35));
#16521=CARTESIAN_POINT('Origin',(-3.12250225675825E-16,0.,-0.7));
#16522=CARTESIAN_POINT('',(2.01701577622576E-31,-0.900000000000005,7.89999999999999));
#16523=CARTESIAN_POINT('',(-10.6,1.64999999999998,7.2));
#16524=CARTESIAN_POINT('',(10.6,1.64999999999999,7.19999999999999));
#16525=CARTESIAN_POINT('',(-6.27083333333332,1.19999999999998,0.899999999999995));
#16526=CARTESIAN_POINT('',(-3.77083333333332,1.19999999999998,0.899999999999996));
#16527=CARTESIAN_POINT('',(-1.27083333333332,1.19999999999998,0.899999999999998));
#16528=CARTESIAN_POINT('',(1.22916666666668,1.19999999999998,0.899999999999999));
#16529=CARTESIAN_POINT('',(3.72916666666668,1.19999999999998,0.900000000000001));
#16530=CARTESIAN_POINT('',(6.22916666666668,1.19999999999998,0.900000000000002));
#16531=UNCERTAINTY_MEASURE_WITH_UNIT(LENGTH_MEASURE(0.01),#16543,
'DISTANCE_ACCURACY_VALUE',
'Maximum model space distance between geometric entities at asserted c
onnectivities');
#16532=UNCERTAINTY_MEASURE_WITH_UNIT(LENGTH_MEASURE(0.01),#16543,
'DISTANCE_ACCURACY_VALUE',
'Maximum model space distance between geometric entities at asserted c
onnectivities');
#16533=UNCERTAINTY_MEASURE_WITH_UNIT(LENGTH_MEASURE(0.01),#16543,
'DISTANCE_ACCURACY_VALUE',
'Maximum model space distance between geometric entities at asserted c
onnectivities');
#16534=UNCERTAINTY_MEASURE_WITH_UNIT(LENGTH_MEASURE(0.01),#16543,
'DISTANCE_ACCURACY_VALUE',
'Maximum model space distance between geometric entities at asserted c
onnectivities');
#16535=UNCERTAINTY_MEASURE_WITH_UNIT(LENGTH_MEASURE(0.01),#16543,
'DISTANCE_ACCURACY_VALUE',
'Maximum model space distance between geometric entities at asserted c
onnectivities');
#16536=UNCERTAINTY_MEASURE_WITH_UNIT(LENGTH_MEASURE(1.E-6),#16543,
'DISTANCE_ACCURACY_VALUE',
'Maximum model space distance between geometric entities at asserted c
onnectivities');
#16537=(
GEOMETRIC_REPRESENTATION_CONTEXT(3)
GLOBAL_UNCERTAINTY_ASSIGNED_CONTEXT((#16531))
GLOBAL_UNIT_ASSIGNED_CONTEXT((#16543,#16546,#16544))
REPRESENTATION_CONTEXT('','3D')
);
#16538=(
GEOMETRIC_REPRESENTATION_CONTEXT(3)
GLOBAL_UNCERTAINTY_ASSIGNED_CONTEXT((#16532))
GLOBAL_UNIT_ASSIGNED_CONTEXT((#16543,#16546,#16544))
REPRESENTATION_CONTEXT('','3D')
);
#16539=(
GEOMETRIC_REPRESENTATION_CONTEXT(3)
GLOBAL_UNCERTAINTY_ASSIGNED_CONTEXT((#16533))
GLOBAL_UNIT_ASSIGNED_CONTEXT((#16543,#16546,#16544))
REPRESENTATION_CONTEXT('','3D')
);
#16540=(
GEOMETRIC_REPRESENTATION_CONTEXT(3)
GLOBAL_UNCERTAINTY_ASSIGNED_CONTEXT((#16534))
GLOBAL_UNIT_ASSIGNED_CONTEXT((#16543,#16546,#16544))
REPRESENTATION_CONTEXT('','3D')
);
#16541=(
GEOMETRIC_REPRESENTATION_CONTEXT(3)
GLOBAL_UNCERTAINTY_ASSIGNED_CONTEXT((#16535))
GLOBAL_UNIT_ASSIGNED_CONTEXT((#16543,#16546,#16544))
REPRESENTATION_CONTEXT('','3D')
);
#16542=(
GEOMETRIC_REPRESENTATION_CONTEXT(3)
GLOBAL_UNCERTAINTY_ASSIGNED_CONTEXT((#16536))
GLOBAL_UNIT_ASSIGNED_CONTEXT((#16543,#16546,#16544))
REPRESENTATION_CONTEXT('','3D')
);
#16543=(
LENGTH_UNIT()
NAMED_UNIT(*)
SI_UNIT(.MILLI.,.METRE.)
);
#16544=(
NAMED_UNIT(*)
SI_UNIT($,.STERADIAN.)
SOLID_ANGLE_UNIT()
);
#16545=DIMENSIONAL_EXPONENTS(0.,0.,0.,0.,0.,0.,0.);
#16546=(
CONVERSION_BASED_UNIT('degree',#16548)
NAMED_UNIT(#16545)
PLANE_ANGLE_UNIT()
);
#16547=(
NAMED_UNIT(*)
PLANE_ANGLE_UNIT()
SI_UNIT($,.RADIAN.)
);
#16548=PLANE_ANGLE_MEASURE_WITH_UNIT(PLANE_ANGLE_MEASURE(0.01745329252),
#16547);
#16549=SHAPE_DEFINITION_REPRESENTATION(#16554,#16568);
#16550=SHAPE_DEFINITION_REPRESENTATION(#16555,#16569);
#16551=SHAPE_DEFINITION_REPRESENTATION(#16556,#16570);
#16552=SHAPE_DEFINITION_REPRESENTATION(#16557,#16571);
#16553=SHAPE_DEFINITION_REPRESENTATION(#16558,#16572);
#16554=PRODUCT_DEFINITION_SHAPE('',$,#16574);
#16555=PRODUCT_DEFINITION_SHAPE('',$,#16575);
#16556=PRODUCT_DEFINITION_SHAPE('',$,#16576);
#16557=PRODUCT_DEFINITION_SHAPE('',$,#16577);
#16558=PRODUCT_DEFINITION_SHAPE('',$,#16578);
#16559=PRODUCT_DEFINITION_SHAPE($,$,#38);
#16560=PRODUCT_DEFINITION_SHAPE($,$,#39);
#16561=PRODUCT_DEFINITION_SHAPE($,$,#40);
#16562=PRODUCT_DEFINITION_SHAPE($,$,#41);
#16563=PRODUCT_DEFINITION_SHAPE($,$,#42);
#16564=PRODUCT_DEFINITION_SHAPE($,$,#43);
#16565=PRODUCT_DEFINITION_SHAPE($,$,#44);
#16566=PRODUCT_DEFINITION_SHAPE($,$,#45);
#16567=PRODUCT_DEFINITION_SHAPE($,$,#46);
#16568=SHAPE_REPRESENTATION('',(#10116,#10848,#10849,#10850,#10851,#10852,
#10853,#10854,#10855,#10856),#16537);
#16569=SHAPE_REPRESENTATION('',(#10117),#16538);
#16570=SHAPE_REPRESENTATION('',(#10555),#16539);
#16571=SHAPE_REPRESENTATION('',(#10602),#16540);
#16572=SHAPE_REPRESENTATION('',(#10649),#16541);
#16573=PRODUCT_DEFINITION_CONTEXT('part definition',#16590,'design');
#16574=PRODUCT_DEFINITION('Apple A1185 Blade','Apple A1185 Blade',#16579,
#16573);
#16575=PRODUCT_DEFINITION('Apple A1185 Blade_Body',
'Apple A1185 Blade_Body',#16580,#16573);
#16576=PRODUCT_DEFINITION('Apple A1185 Blade_Contact1',
'Apple A1185 Blade_Contact1',#16581,#16573);
#16577=PRODUCT_DEFINITION('Apple A1185 Blade_Contact1_MIR',
'Apple A1185 Blade_Contact1_MIR',#16582,#16573);
#16578=PRODUCT_DEFINITION('Apple A1185 Blade_Contact2',
'Apple A1185 Blade_Contact2',#16583,#16573);
#16579=PRODUCT_DEFINITION_FORMATION('',$,#16592);
#16580=PRODUCT_DEFINITION_FORMATION('',$,#16593);
#16581=PRODUCT_DEFINITION_FORMATION('',$,#16594);
#16582=PRODUCT_DEFINITION_FORMATION('',$,#16595);
#16583=PRODUCT_DEFINITION_FORMATION('',$,#16596);
#16584=PRODUCT_RELATED_PRODUCT_CATEGORY('Apple A1185 Blade',
'Apple A1185 Blade',(#16592));
#16585=PRODUCT_RELATED_PRODUCT_CATEGORY('Apple A1185 Blade_Body',
'Apple A1185 Blade_Body',(#16593));
#16586=PRODUCT_RELATED_PRODUCT_CATEGORY('Apple A1185 Blade_Contact1',
'Apple A1185 Blade_Contact1',(#16594));
#16587=PRODUCT_RELATED_PRODUCT_CATEGORY(
'Apple A1185 Blade_Contact1_MIR','Apple A1185 Blade_Contact1_MIR',(#16595));
#16588=PRODUCT_RELATED_PRODUCT_CATEGORY('Apple A1185 Blade_Contact2',
'Apple A1185 Blade_Contact2',(#16596));
#16589=APPLICATION_PROTOCOL_DEFINITION('international standard',
'automotive_design',2009,#16590);
#16590=APPLICATION_CONTEXT(
'Core Data for Automotive Mechanical Design Process');
#16591=PRODUCT_CONTEXT('part definition',#16590,'mechanical');
#16592=PRODUCT('Apple A1185 Blade','Apple A1185 Blade',$,(#16591));
#16593=PRODUCT('Apple A1185 Blade_Body','Apple A1185 Blade_Body',$,(#16591));
#16594=PRODUCT('Apple A1185 Blade_Contact1',
'Apple A1185 Blade_Contact1',$,(#16591));
#16595=PRODUCT('Apple A1185 Blade_Contact1_MIR',
'Apple A1185 Blade_Contact1_MIR',$,(#16591));
#16596=PRODUCT('Apple A1185 Blade_Contact2',
'Apple A1185 Blade_Contact2',$,(#16591));
ENDSEC;
END-ISO-10303-21;
