ISO-10303-21;
HEADER;
/* Generated by software containing ST-Developer
 * from STEP Tools, Inc. (www.steptools.com) 
 */

FILE_DESCRIPTION(
/* description */ (''),
/* implementation_level */ '2;1');

FILE_NAME(
/* name */ '',
/* time_stamp */ '',
/* author */ (''),
/* organization */ (''),
/* preprocessor_version */ '',
/* originating_system */ '',
/* authorisation */ '');

FILE_SCHEMA (('AUTOMOTIVE_DESIGN { 1 0 10303 214 3 1 1 }'));
ENDSEC;

DATA;
#10=MECHANICAL_DESIGN_GEOMETRIC_PRESENTATION_REPRESENTATION('',(#6878,#6861,
#6860,#6858,#6859,#6862,#6863,#6865,#6864,#6869,#6868,#6867,#6866,#6871,
#6870,#6872,#6873,#6874,#6875,#6876,#6877),#13834);
#11=ITEM_DEFINED_TRANSFORMATION($,$,#7327,#7695);
#12=ITEM_DEFINED_TRANSFORMATION($,$,#7604,#7696);
#13=ITEM_DEFINED_TRANSFORMATION($,$,#7604,#7697);
#14=ITEM_DEFINED_TRANSFORMATION($,$,#7604,#7698);
#15=ITEM_DEFINED_TRANSFORMATION($,$,#7604,#7699);
#16=ITEM_DEFINED_TRANSFORMATION($,$,#7604,#7700);
#17=ITEM_DEFINED_TRANSFORMATION($,$,#7604,#7701);
#18=ITEM_DEFINED_TRANSFORMATION($,$,#7604,#7702);
#19=ITEM_DEFINED_TRANSFORMATION($,$,#7604,#7703);
#20=ITEM_DEFINED_TRANSFORMATION($,$,#7604,#7704);
#21=ITEM_DEFINED_TRANSFORMATION($,$,#7604,#7705);
#22=ITEM_DEFINED_TRANSFORMATION($,$,#7604,#7706);
#23=ITEM_DEFINED_TRANSFORMATION($,$,#7604,#7707);
#24=ITEM_DEFINED_TRANSFORMATION($,$,#7604,#7708);
#25=ITEM_DEFINED_TRANSFORMATION($,$,#7604,#7709);
#26=ITEM_DEFINED_TRANSFORMATION($,$,#7604,#7710);
#27=ITEM_DEFINED_TRANSFORMATION($,$,#7604,#7711);
#28=ITEM_DEFINED_TRANSFORMATION($,$,#7604,#7712);
#29=ITEM_DEFINED_TRANSFORMATION($,$,#7604,#7713);
#30=ITEM_DEFINED_TRANSFORMATION($,$,#7604,#7714);
#31=ITEM_DEFINED_TRANSFORMATION($,$,#7604,#7715);
#32=ITEM_DEFINED_TRANSFORMATION($,$,#7604,#7716);
#33=ITEM_DEFINED_TRANSFORMATION($,$,#7604,#7717);
#34=ITEM_DEFINED_TRANSFORMATION($,$,#7604,#7718);
#35=ITEM_DEFINED_TRANSFORMATION($,$,#7604,#7719);
#36=ITEM_DEFINED_TRANSFORMATION($,$,#7604,#7720);
#37=ITEM_DEFINED_TRANSFORMATION($,$,#7604,#7721);
#38=ITEM_DEFINED_TRANSFORMATION($,$,#7604,#7722);
#39=ITEM_DEFINED_TRANSFORMATION($,$,#7604,#7723);
#40=ITEM_DEFINED_TRANSFORMATION($,$,#7604,#7724);
#41=ITEM_DEFINED_TRANSFORMATION($,$,#7604,#7725);
#42=ITEM_DEFINED_TRANSFORMATION($,$,#7604,#7726);
#43=ITEM_DEFINED_TRANSFORMATION($,$,#7604,#7727);
#44=ITEM_DEFINED_TRANSFORMATION($,$,#7604,#7728);
#45=ITEM_DEFINED_TRANSFORMATION($,$,#7604,#7729);
#46=ITEM_DEFINED_TRANSFORMATION($,$,#7604,#7730);
#47=ITEM_DEFINED_TRANSFORMATION($,$,#7604,#7731);
#48=ITEM_DEFINED_TRANSFORMATION($,$,#7604,#7732);
#49=ITEM_DEFINED_TRANSFORMATION($,$,#7604,#7733);
#50=(
REPRESENTATION_RELATIONSHIP($,$,#13887,#13886)
REPRESENTATION_RELATIONSHIP_WITH_TRANSFORMATION(#11)
SHAPE_REPRESENTATION_RELATIONSHIP()
);
#51=(
REPRESENTATION_RELATIONSHIP($,$,#13888,#13886)
REPRESENTATION_RELATIONSHIP_WITH_TRANSFORMATION(#12)
SHAPE_REPRESENTATION_RELATIONSHIP()
);
#52=(
REPRESENTATION_RELATIONSHIP($,$,#13888,#13886)
REPRESENTATION_RELATIONSHIP_WITH_TRANSFORMATION(#13)
SHAPE_REPRESENTATION_RELATIONSHIP()
);
#53=(
REPRESENTATION_RELATIONSHIP($,$,#13888,#13886)
REPRESENTATION_RELATIONSHIP_WITH_TRANSFORMATION(#14)
SHAPE_REPRESENTATION_RELATIONSHIP()
);
#54=(
REPRESENTATION_RELATIONSHIP($,$,#13888,#13886)
REPRESENTATION_RELATIONSHIP_WITH_TRANSFORMATION(#15)
SHAPE_REPRESENTATION_RELATIONSHIP()
);
#55=(
REPRESENTATION_RELATIONSHIP($,$,#13888,#13886)
REPRESENTATION_RELATIONSHIP_WITH_TRANSFORMATION(#16)
SHAPE_REPRESENTATION_RELATIONSHIP()
);
#56=(
REPRESENTATION_RELATIONSHIP($,$,#13888,#13886)
REPRESENTATION_RELATIONSHIP_WITH_TRANSFORMATION(#17)
SHAPE_REPRESENTATION_RELATIONSHIP()
);
#57=(
REPRESENTATION_RELATIONSHIP($,$,#13888,#13886)
REPRESENTATION_RELATIONSHIP_WITH_TRANSFORMATION(#18)
SHAPE_REPRESENTATION_RELATIONSHIP()
);
#58=(
REPRESENTATION_RELATIONSHIP($,$,#13888,#13886)
REPRESENTATION_RELATIONSHIP_WITH_TRANSFORMATION(#19)
SHAPE_REPRESENTATION_RELATIONSHIP()
);
#59=(
REPRESENTATION_RELATIONSHIP($,$,#13888,#13886)
REPRESENTATION_RELATIONSHIP_WITH_TRANSFORMATION(#20)
SHAPE_REPRESENTATION_RELATIONSHIP()
);
#60=(
REPRESENTATION_RELATIONSHIP($,$,#13888,#13886)
REPRESENTATION_RELATIONSHIP_WITH_TRANSFORMATION(#21)
SHAPE_REPRESENTATION_RELATIONSHIP()
);
#61=(
REPRESENTATION_RELATIONSHIP($,$,#13888,#13886)
REPRESENTATION_RELATIONSHIP_WITH_TRANSFORMATION(#22)
SHAPE_REPRESENTATION_RELATIONSHIP()
);
#62=(
REPRESENTATION_RELATIONSHIP($,$,#13888,#13886)
REPRESENTATION_RELATIONSHIP_WITH_TRANSFORMATION(#23)
SHAPE_REPRESENTATION_RELATIONSHIP()
);
#63=(
REPRESENTATION_RELATIONSHIP($,$,#13888,#13886)
REPRESENTATION_RELATIONSHIP_WITH_TRANSFORMATION(#24)
SHAPE_REPRESENTATION_RELATIONSHIP()
);
#64=(
REPRESENTATION_RELATIONSHIP($,$,#13888,#13886)
REPRESENTATION_RELATIONSHIP_WITH_TRANSFORMATION(#25)
SHAPE_REPRESENTATION_RELATIONSHIP()
);
#65=(
REPRESENTATION_RELATIONSHIP($,$,#13888,#13886)
REPRESENTATION_RELATIONSHIP_WITH_TRANSFORMATION(#26)
SHAPE_REPRESENTATION_RELATIONSHIP()
);
#66=(
REPRESENTATION_RELATIONSHIP($,$,#13888,#13886)
REPRESENTATION_RELATIONSHIP_WITH_TRANSFORMATION(#27)
SHAPE_REPRESENTATION_RELATIONSHIP()
);
#67=(
REPRESENTATION_RELATIONSHIP($,$,#13888,#13886)
REPRESENTATION_RELATIONSHIP_WITH_TRANSFORMATION(#28)
SHAPE_REPRESENTATION_RELATIONSHIP()
);
#68=(
REPRESENTATION_RELATIONSHIP($,$,#13888,#13886)
REPRESENTATION_RELATIONSHIP_WITH_TRANSFORMATION(#29)
SHAPE_REPRESENTATION_RELATIONSHIP()
);
#69=(
REPRESENTATION_RELATIONSHIP($,$,#13888,#13886)
REPRESENTATION_RELATIONSHIP_WITH_TRANSFORMATION(#30)
SHAPE_REPRESENTATION_RELATIONSHIP()
);
#70=(
REPRESENTATION_RELATIONSHIP($,$,#13888,#13886)
REPRESENTATION_RELATIONSHIP_WITH_TRANSFORMATION(#31)
SHAPE_REPRESENTATION_RELATIONSHIP()
);
#71=(
REPRESENTATION_RELATIONSHIP($,$,#13888,#13886)
REPRESENTATION_RELATIONSHIP_WITH_TRANSFORMATION(#32)
SHAPE_REPRESENTATION_RELATIONSHIP()
);
#72=(
REPRESENTATION_RELATIONSHIP($,$,#13888,#13886)
REPRESENTATION_RELATIONSHIP_WITH_TRANSFORMATION(#33)
SHAPE_REPRESENTATION_RELATIONSHIP()
);
#73=(
REPRESENTATION_RELATIONSHIP($,$,#13888,#13886)
REPRESENTATION_RELATIONSHIP_WITH_TRANSFORMATION(#34)
SHAPE_REPRESENTATION_RELATIONSHIP()
);
#74=(
REPRESENTATION_RELATIONSHIP($,$,#13888,#13886)
REPRESENTATION_RELATIONSHIP_WITH_TRANSFORMATION(#35)
SHAPE_REPRESENTATION_RELATIONSHIP()
);
#75=(
REPRESENTATION_RELATIONSHIP($,$,#13888,#13886)
REPRESENTATION_RELATIONSHIP_WITH_TRANSFORMATION(#36)
SHAPE_REPRESENTATION_RELATIONSHIP()
);
#76=(
REPRESENTATION_RELATIONSHIP($,$,#13888,#13886)
REPRESENTATION_RELATIONSHIP_WITH_TRANSFORMATION(#37)
SHAPE_REPRESENTATION_RELATIONSHIP()
);
#77=(
REPRESENTATION_RELATIONSHIP($,$,#13888,#13886)
REPRESENTATION_RELATIONSHIP_WITH_TRANSFORMATION(#38)
SHAPE_REPRESENTATION_RELATIONSHIP()
);
#78=(
REPRESENTATION_RELATIONSHIP($,$,#13888,#13886)
REPRESENTATION_RELATIONSHIP_WITH_TRANSFORMATION(#39)
SHAPE_REPRESENTATION_RELATIONSHIP()
);
#79=(
REPRESENTATION_RELATIONSHIP($,$,#13888,#13886)
REPRESENTATION_RELATIONSHIP_WITH_TRANSFORMATION(#40)
SHAPE_REPRESENTATION_RELATIONSHIP()
);
#80=(
REPRESENTATION_RELATIONSHIP($,$,#13888,#13886)
REPRESENTATION_RELATIONSHIP_WITH_TRANSFORMATION(#41)
SHAPE_REPRESENTATION_RELATIONSHIP()
);
#81=(
REPRESENTATION_RELATIONSHIP($,$,#13888,#13886)
REPRESENTATION_RELATIONSHIP_WITH_TRANSFORMATION(#42)
SHAPE_REPRESENTATION_RELATIONSHIP()
);
#82=(
REPRESENTATION_RELATIONSHIP($,$,#13888,#13886)
REPRESENTATION_RELATIONSHIP_WITH_TRANSFORMATION(#43)
SHAPE_REPRESENTATION_RELATIONSHIP()
);
#83=(
REPRESENTATION_RELATIONSHIP($,$,#13888,#13886)
REPRESENTATION_RELATIONSHIP_WITH_TRANSFORMATION(#44)
SHAPE_REPRESENTATION_RELATIONSHIP()
);
#84=(
REPRESENTATION_RELATIONSHIP($,$,#13888,#13886)
REPRESENTATION_RELATIONSHIP_WITH_TRANSFORMATION(#45)
SHAPE_REPRESENTATION_RELATIONSHIP()
);
#85=(
REPRESENTATION_RELATIONSHIP($,$,#13888,#13886)
REPRESENTATION_RELATIONSHIP_WITH_TRANSFORMATION(#46)
SHAPE_REPRESENTATION_RELATIONSHIP()
);
#86=(
REPRESENTATION_RELATIONSHIP($,$,#13888,#13886)
REPRESENTATION_RELATIONSHIP_WITH_TRANSFORMATION(#47)
SHAPE_REPRESENTATION_RELATIONSHIP()
);
#87=(
REPRESENTATION_RELATIONSHIP($,$,#13888,#13886)
REPRESENTATION_RELATIONSHIP_WITH_TRANSFORMATION(#48)
SHAPE_REPRESENTATION_RELATIONSHIP()
);
#88=(
REPRESENTATION_RELATIONSHIP($,$,#13888,#13886)
REPRESENTATION_RELATIONSHIP_WITH_TRANSFORMATION(#49)
SHAPE_REPRESENTATION_RELATIONSHIP()
);
#89=CONTEXT_DEPENDENT_SHAPE_REPRESENTATION(#50,#13847);
#90=CONTEXT_DEPENDENT_SHAPE_REPRESENTATION(#51,#13848);
#91=CONTEXT_DEPENDENT_SHAPE_REPRESENTATION(#52,#13849);
#92=CONTEXT_DEPENDENT_SHAPE_REPRESENTATION(#53,#13850);
#93=CONTEXT_DEPENDENT_SHAPE_REPRESENTATION(#54,#13851);
#94=CONTEXT_DEPENDENT_SHAPE_REPRESENTATION(#55,#13852);
#95=CONTEXT_DEPENDENT_SHAPE_REPRESENTATION(#56,#13853);
#96=CONTEXT_DEPENDENT_SHAPE_REPRESENTATION(#57,#13854);
#97=CONTEXT_DEPENDENT_SHAPE_REPRESENTATION(#58,#13855);
#98=CONTEXT_DEPENDENT_SHAPE_REPRESENTATION(#59,#13856);
#99=CONTEXT_DEPENDENT_SHAPE_REPRESENTATION(#60,#13857);
#100=CONTEXT_DEPENDENT_SHAPE_REPRESENTATION(#61,#13858);
#101=CONTEXT_DEPENDENT_SHAPE_REPRESENTATION(#62,#13859);
#102=CONTEXT_DEPENDENT_SHAPE_REPRESENTATION(#63,#13860);
#103=CONTEXT_DEPENDENT_SHAPE_REPRESENTATION(#64,#13861);
#104=CONTEXT_DEPENDENT_SHAPE_REPRESENTATION(#65,#13862);
#105=CONTEXT_DEPENDENT_SHAPE_REPRESENTATION(#66,#13863);
#106=CONTEXT_DEPENDENT_SHAPE_REPRESENTATION(#67,#13864);
#107=CONTEXT_DEPENDENT_SHAPE_REPRESENTATION(#68,#13865);
#108=CONTEXT_DEPENDENT_SHAPE_REPRESENTATION(#69,#13866);
#109=CONTEXT_DEPENDENT_SHAPE_REPRESENTATION(#70,#13867);
#110=CONTEXT_DEPENDENT_SHAPE_REPRESENTATION(#71,#13868);
#111=CONTEXT_DEPENDENT_SHAPE_REPRESENTATION(#72,#13869);
#112=CONTEXT_DEPENDENT_SHAPE_REPRESENTATION(#73,#13870);
#113=CONTEXT_DEPENDENT_SHAPE_REPRESENTATION(#74,#13871);
#114=CONTEXT_DEPENDENT_SHAPE_REPRESENTATION(#75,#13872);
#115=CONTEXT_DEPENDENT_SHAPE_REPRESENTATION(#76,#13873);
#116=CONTEXT_DEPENDENT_SHAPE_REPRESENTATION(#77,#13874);
#117=CONTEXT_DEPENDENT_SHAPE_REPRESENTATION(#78,#13875);
#118=CONTEXT_DEPENDENT_SHAPE_REPRESENTATION(#79,#13876);
#119=CONTEXT_DEPENDENT_SHAPE_REPRESENTATION(#80,#13877);
#120=CONTEXT_DEPENDENT_SHAPE_REPRESENTATION(#81,#13878);
#121=CONTEXT_DEPENDENT_SHAPE_REPRESENTATION(#82,#13879);
#122=CONTEXT_DEPENDENT_SHAPE_REPRESENTATION(#83,#13880);
#123=CONTEXT_DEPENDENT_SHAPE_REPRESENTATION(#84,#13881);
#124=CONTEXT_DEPENDENT_SHAPE_REPRESENTATION(#85,#13882);
#125=CONTEXT_DEPENDENT_SHAPE_REPRESENTATION(#86,#13883);
#126=CONTEXT_DEPENDENT_SHAPE_REPRESENTATION(#87,#13884);
#127=CONTEXT_DEPENDENT_SHAPE_REPRESENTATION(#88,#13885);
#128=NEXT_ASSEMBLY_USAGE_OCCURRENCE('TSSOP-38_Body:1','TSSOP-38_Body:1',
'TSSOP-38_Body:1',#13890,#13891,'TSSOP-38_Body:1');
#129=NEXT_ASSEMBLY_USAGE_OCCURRENCE('TSSOP-38_Pin:1','TSSOP-38_Pin:1',
'TSSOP-38_Pin:1',#13890,#13892,'TSSOP-38_Pin:1');
#130=NEXT_ASSEMBLY_USAGE_OCCURRENCE('TSSOP-38_Pin:2','TSSOP-38_Pin:2',
'TSSOP-38_Pin:2',#13890,#13892,'TSSOP-38_Pin:2');
#131=NEXT_ASSEMBLY_USAGE_OCCURRENCE('TSSOP-38_Pin:3','TSSOP-38_Pin:3',
'TSSOP-38_Pin:3',#13890,#13892,'TSSOP-38_Pin:3');
#132=NEXT_ASSEMBLY_USAGE_OCCURRENCE('TSSOP-38_Pin:4','TSSOP-38_Pin:4',
'TSSOP-38_Pin:4',#13890,#13892,'TSSOP-38_Pin:4');
#133=NEXT_ASSEMBLY_USAGE_OCCURRENCE('TSSOP-38_Pin:13','TSSOP-38_Pin:13',
'TSSOP-38_Pin:13',#13890,#13892,'TSSOP-38_Pin:13');
#134=NEXT_ASSEMBLY_USAGE_OCCURRENCE('TSSOP-38_Pin:14','TSSOP-38_Pin:14',
'TSSOP-38_Pin:14',#13890,#13892,'TSSOP-38_Pin:14');
#135=NEXT_ASSEMBLY_USAGE_OCCURRENCE('TSSOP-38_Pin:15','TSSOP-38_Pin:15',
'TSSOP-38_Pin:15',#13890,#13892,'TSSOP-38_Pin:15');
#136=NEXT_ASSEMBLY_USAGE_OCCURRENCE('TSSOP-38_Pin:16','TSSOP-38_Pin:16',
'TSSOP-38_Pin:16',#13890,#13892,'TSSOP-38_Pin:16');
#137=NEXT_ASSEMBLY_USAGE_OCCURRENCE('TSSOP-38_Pin:21','TSSOP-38_Pin:21',
'TSSOP-38_Pin:21',#13890,#13892,'TSSOP-38_Pin:21');
#138=NEXT_ASSEMBLY_USAGE_OCCURRENCE('TSSOP-38_Pin:22','TSSOP-38_Pin:22',
'TSSOP-38_Pin:22',#13890,#13892,'TSSOP-38_Pin:22');
#139=NEXT_ASSEMBLY_USAGE_OCCURRENCE('TSSOP-38_Pin:23','TSSOP-38_Pin:23',
'TSSOP-38_Pin:23',#13890,#13892,'TSSOP-38_Pin:23');
#140=NEXT_ASSEMBLY_USAGE_OCCURRENCE('TSSOP-38_Pin:24','TSSOP-38_Pin:24',
'TSSOP-38_Pin:24',#13890,#13892,'TSSOP-38_Pin:24');
#141=NEXT_ASSEMBLY_USAGE_OCCURRENCE('TSSOP-38_Pin:25','TSSOP-38_Pin:25',
'TSSOP-38_Pin:25',#13890,#13892,'TSSOP-38_Pin:25');
#142=NEXT_ASSEMBLY_USAGE_OCCURRENCE('TSSOP-38_Pin:26','TSSOP-38_Pin:26',
'TSSOP-38_Pin:26',#13890,#13892,'TSSOP-38_Pin:26');
#143=NEXT_ASSEMBLY_USAGE_OCCURRENCE('TSSOP-38_Pin:27','TSSOP-38_Pin:27',
'TSSOP-38_Pin:27',#13890,#13892,'TSSOP-38_Pin:27');
#144=NEXT_ASSEMBLY_USAGE_OCCURRENCE('TSSOP-38_Pin:28','TSSOP-38_Pin:28',
'TSSOP-38_Pin:28',#13890,#13892,'TSSOP-38_Pin:28');
#145=NEXT_ASSEMBLY_USAGE_OCCURRENCE('TSSOP-38_Pin:29','TSSOP-38_Pin:29',
'TSSOP-38_Pin:29',#13890,#13892,'TSSOP-38_Pin:29');
#146=NEXT_ASSEMBLY_USAGE_OCCURRENCE('TSSOP-38_Pin:30','TSSOP-38_Pin:30',
'TSSOP-38_Pin:30',#13890,#13892,'TSSOP-38_Pin:30');
#147=NEXT_ASSEMBLY_USAGE_OCCURRENCE('TSSOP-38_Pin:31','TSSOP-38_Pin:31',
'TSSOP-38_Pin:31',#13890,#13892,'TSSOP-38_Pin:31');
#148=NEXT_ASSEMBLY_USAGE_OCCURRENCE('TSSOP-38_Pin:9','TSSOP-38_Pin:9',
'TSSOP-38_Pin:9',#13890,#13892,'TSSOP-38_Pin:9');
#149=NEXT_ASSEMBLY_USAGE_OCCURRENCE('TSSOP-38_Pin:10','TSSOP-38_Pin:10',
'TSSOP-38_Pin:10',#13890,#13892,'TSSOP-38_Pin:10');
#150=NEXT_ASSEMBLY_USAGE_OCCURRENCE('TSSOP-38_Pin:11','TSSOP-38_Pin:11',
'TSSOP-38_Pin:11',#13890,#13892,'TSSOP-38_Pin:11');
#151=NEXT_ASSEMBLY_USAGE_OCCURRENCE('TSSOP-38_Pin:12','TSSOP-38_Pin:12',
'TSSOP-38_Pin:12',#13890,#13892,'TSSOP-38_Pin:12');
#152=NEXT_ASSEMBLY_USAGE_OCCURRENCE('TSSOP-38_Pin:17','TSSOP-38_Pin:17',
'TSSOP-38_Pin:17',#13890,#13892,'TSSOP-38_Pin:17');
#153=NEXT_ASSEMBLY_USAGE_OCCURRENCE('TSSOP-38_Pin:18','TSSOP-38_Pin:18',
'TSSOP-38_Pin:18',#13890,#13892,'TSSOP-38_Pin:18');
#154=NEXT_ASSEMBLY_USAGE_OCCURRENCE('TSSOP-38_Pin:19','TSSOP-38_Pin:19',
'TSSOP-38_Pin:19',#13890,#13892,'TSSOP-38_Pin:19');
#155=NEXT_ASSEMBLY_USAGE_OCCURRENCE('TSSOP-38_Pin:20','TSSOP-38_Pin:20',
'TSSOP-38_Pin:20',#13890,#13892,'TSSOP-38_Pin:20');
#156=NEXT_ASSEMBLY_USAGE_OCCURRENCE('TSSOP-38_Pin:32','TSSOP-38_Pin:32',
'TSSOP-38_Pin:32',#13890,#13892,'TSSOP-38_Pin:32');
#157=NEXT_ASSEMBLY_USAGE_OCCURRENCE('TSSOP-38_Pin:33','TSSOP-38_Pin:33',
'TSSOP-38_Pin:33',#13890,#13892,'TSSOP-38_Pin:33');
#158=NEXT_ASSEMBLY_USAGE_OCCURRENCE('TSSOP-38_Pin:34','TSSOP-38_Pin:34',
'TSSOP-38_Pin:34',#13890,#13892,'TSSOP-38_Pin:34');
#159=NEXT_ASSEMBLY_USAGE_OCCURRENCE('TSSOP-38_Pin:35','TSSOP-38_Pin:35',
'TSSOP-38_Pin:35',#13890,#13892,'TSSOP-38_Pin:35');
#160=NEXT_ASSEMBLY_USAGE_OCCURRENCE('TSSOP-38_Pin:36','TSSOP-38_Pin:36',
'TSSOP-38_Pin:36',#13890,#13892,'TSSOP-38_Pin:36');
#161=NEXT_ASSEMBLY_USAGE_OCCURRENCE('TSSOP-38_Pin:37','TSSOP-38_Pin:37',
'TSSOP-38_Pin:37',#13890,#13892,'TSSOP-38_Pin:37');
#162=NEXT_ASSEMBLY_USAGE_OCCURRENCE('TSSOP-38_Pin:38','TSSOP-38_Pin:38',
'TSSOP-38_Pin:38',#13890,#13892,'TSSOP-38_Pin:38');
#163=NEXT_ASSEMBLY_USAGE_OCCURRENCE('TSSOP-38_Pin:39','TSSOP-38_Pin:39',
'TSSOP-38_Pin:39',#13890,#13892,'TSSOP-38_Pin:39');
#164=NEXT_ASSEMBLY_USAGE_OCCURRENCE('TSSOP-38_Pin:40','TSSOP-38_Pin:40',
'TSSOP-38_Pin:40',#13890,#13892,'TSSOP-38_Pin:40');
#165=NEXT_ASSEMBLY_USAGE_OCCURRENCE('TSSOP-38_Pin:41','TSSOP-38_Pin:41',
'TSSOP-38_Pin:41',#13890,#13892,'TSSOP-38_Pin:41');
#166=NEXT_ASSEMBLY_USAGE_OCCURRENCE('TSSOP-38_Pin:42','TSSOP-38_Pin:42',
'TSSOP-38_Pin:42',#13890,#13892,'TSSOP-38_Pin:42');
#167=SHAPE_REPRESENTATION_RELATIONSHIP('SRR','None',#13887,#169);
#168=SHAPE_REPRESENTATION_RELATIONSHIP('SRR','None',#13888,#170);
#169=ADVANCED_BREP_SHAPE_REPRESENTATION('',(#171),#13832);
#170=ADVANCED_BREP_SHAPE_REPRESENTATION('',(#172),#13833);
#171=MANIFOLD_SOLID_BREP('Solid1',#7285);
#172=MANIFOLD_SOLID_BREP('Solid1',#7286);
#173=CYLINDRICAL_SURFACE('',#7555,0.046);
#174=CYLINDRICAL_SURFACE('',#7556,0.046);
#175=CYLINDRICAL_SURFACE('',#7557,0.046);
#176=CYLINDRICAL_SURFACE('',#7562,0.046);
#177=CYLINDRICAL_SURFACE('',#7563,0.046);
#178=CYLINDRICAL_SURFACE('',#7568,0.046);
#179=CYLINDRICAL_SURFACE('',#7569,0.046);
#180=CYLINDRICAL_SURFACE('',#7570,0.046);
#181=CYLINDRICAL_SURFACE('',#7571,0.046);
#182=CYLINDRICAL_SURFACE('',#7572,0.046);
#183=CYLINDRICAL_SURFACE('',#7573,0.046);
#184=CYLINDRICAL_SURFACE('',#7574,0.046);
#185=CYLINDRICAL_SURFACE('',#7575,0.046);
#186=CYLINDRICAL_SURFACE('',#7576,0.046);
#187=CYLINDRICAL_SURFACE('',#7577,0.046);
#188=CYLINDRICAL_SURFACE('',#7578,0.046);
#189=CYLINDRICAL_SURFACE('',#7579,0.046);
#190=CYLINDRICAL_SURFACE('',#7580,0.046);
#191=CYLINDRICAL_SURFACE('',#7581,0.046);
#192=CYLINDRICAL_SURFACE('',#7582,0.046);
#193=CYLINDRICAL_SURFACE('',#7583,0.046);
#194=CYLINDRICAL_SURFACE('',#7584,0.046);
#195=CYLINDRICAL_SURFACE('',#7585,0.046);
#196=CYLINDRICAL_SURFACE('',#7586,0.046);
#197=CYLINDRICAL_SURFACE('',#7587,0.046);
#198=CYLINDRICAL_SURFACE('',#7588,0.046);
#199=CYLINDRICAL_SURFACE('',#7589,0.046);
#200=CYLINDRICAL_SURFACE('',#7590,0.046);
#201=CYLINDRICAL_SURFACE('',#7613,0.01140625);
#202=CYLINDRICAL_SURFACE('',#7614,0.01140625);
#203=CYLINDRICAL_SURFACE('',#7620,0.01140625);
#204=CYLINDRICAL_SURFACE('',#7626,0.01140625);
#205=CYLINDRICAL_SURFACE('',#7636,0.01140625);
#206=CYLINDRICAL_SURFACE('',#7637,0.01140625);
#207=CYLINDRICAL_SURFACE('',#7643,0.01140625);
#208=CYLINDRICAL_SURFACE('',#7649,0.01140625);
#209=CYLINDRICAL_SURFACE('',#7651,0.01140625);
#210=CYLINDRICAL_SURFACE('',#7652,0.01140625);
#211=CYLINDRICAL_SURFACE('',#7658,0.01140625);
#212=CYLINDRICAL_SURFACE('',#7664,0.01140625);
#213=CYLINDRICAL_SURFACE('',#7666,0.01140625);
#214=CYLINDRICAL_SURFACE('',#7667,0.01140625);
#215=CYLINDRICAL_SURFACE('',#7673,0.01140625);
#216=CYLINDRICAL_SURFACE('',#7679,0.01140625);
#217=CYLINDRICAL_SURFACE('',#7682,0.3225);
#218=CYLINDRICAL_SURFACE('',#7684,0.1775);
#219=CYLINDRICAL_SURFACE('',#7690,0.3225);
#220=CYLINDRICAL_SURFACE('',#7692,0.1775);
#221=SPHERICAL_SURFACE('',#7491,0.046);
#222=SPHERICAL_SURFACE('',#7495,0.0460000000000001);
#223=SPHERICAL_SURFACE('',#7499,0.0460000000000003);
#224=SPHERICAL_SURFACE('',#7503,0.0459999999999999);
#225=SPHERICAL_SURFACE('',#7508,0.046);
#226=SPHERICAL_SURFACE('',#7512,0.0459999999999999);
#227=SPHERICAL_SURFACE('',#7517,0.0459999999999999);
#228=SPHERICAL_SURFACE('',#7522,0.046);
#229=SPHERICAL_SURFACE('',#7527,0.0459999999999999);
#230=SPHERICAL_SURFACE('',#7532,0.0460000000000001);
#231=SPHERICAL_SURFACE('',#7537,0.0460000000000001);
#232=SPHERICAL_SURFACE('',#7542,0.0460000000000001);
#233=SPHERICAL_SURFACE('',#7546,0.0460000000000001);
#234=SPHERICAL_SURFACE('',#7550,0.0459999999999999);
#235=SPHERICAL_SURFACE('',#7558,0.046);
#236=SPHERICAL_SURFACE('',#7564,0.0460000000000001);
#237=SPHERICAL_SURFACE('',#7605,0.01140625);
#238=SPHERICAL_SURFACE('',#7609,0.01140625);
#239=SPHERICAL_SURFACE('',#7628,0.01140625);
#240=SPHERICAL_SURFACE('',#7632,0.01140625);
#241=TOROIDAL_SURFACE('',#7485,0.3065,0.046);
#242=TOROIDAL_SURFACE('',#7489,0.3985,0.046);
#243=TOROIDAL_SURFACE('',#7616,0.31109375,0.01140625);
#244=TOROIDAL_SURFACE('',#7622,0.18890625,0.01140625);
#245=TOROIDAL_SURFACE('',#7639,0.18890625,0.01140625);
#246=TOROIDAL_SURFACE('',#7645,0.31109375,0.01140625);
#247=TOROIDAL_SURFACE('',#7654,0.18890625,0.01140625);
#248=TOROIDAL_SURFACE('',#7660,0.31109375,0.01140625);
#249=TOROIDAL_SURFACE('',#7669,0.31109375,0.01140625);
#250=TOROIDAL_SURFACE('',#7675,0.18890625,0.01140625);
#251=CIRCLE('',#7477,0.3985);
#252=CIRCLE('',#7486,0.3065);
#253=CIRCLE('',#7487,0.3525);
#254=CIRCLE('',#7492,0.0459999999999999);
#255=CIRCLE('',#7493,0.046);
#256=CIRCLE('',#7494,0.046);
#257=CIRCLE('',#7496,0.0460000000000006);
#258=CIRCLE('',#7497,0.046);
#259=CIRCLE('',#7498,0.046);
#260=CIRCLE('',#7500,0.046);
#261=CIRCLE('',#7501,0.0460000000000003);
#262=CIRCLE('',#7502,0.046);
#263=CIRCLE('',#7504,0.0459999999999999);
#264=CIRCLE('',#7505,0.0459999999999999);
#265=CIRCLE('',#7506,0.0459999999999995);
#266=CIRCLE('',#7507,0.0459999999999997);
#267=CIRCLE('',#7509,0.0459999999999998);
#268=CIRCLE('',#7510,0.046);
#269=CIRCLE('',#7511,0.046);
#270=CIRCLE('',#7513,0.0459999999999999);
#271=CIRCLE('',#7514,0.0459999999999999);
#272=CIRCLE('',#7515,0.0460000000000003);
#273=CIRCLE('',#7516,0.0460000000000006);
#274=CIRCLE('',#7518,0.0459999999999999);
#275=CIRCLE('',#7519,0.0459999999999999);
#276=CIRCLE('',#7520,0.046);
#277=CIRCLE('',#7521,0.046);
#278=CIRCLE('',#7523,0.0459999999999999);
#279=CIRCLE('',#7524,0.046);
#280=CIRCLE('',#7525,0.046);
#281=CIRCLE('',#7526,0.0459999999999999);
#282=CIRCLE('',#7528,0.0459999999999999);
#283=CIRCLE('',#7529,0.0459999999999999);
#284=CIRCLE('',#7530,0.046);
#285=CIRCLE('',#7531,0.0459999999999997);
#286=CIRCLE('',#7533,0.046);
#287=CIRCLE('',#7534,0.046);
#288=CIRCLE('',#7535,0.0459999999999999);
#289=CIRCLE('',#7536,0.0459999999999999);
#290=CIRCLE('',#7538,0.046);
#291=CIRCLE('',#7539,0.0460000000000001);
#292=CIRCLE('',#7540,0.0459999999999999);
#293=CIRCLE('',#7541,0.0459999999999994);
#294=CIRCLE('',#7543,0.0459999999999999);
#295=CIRCLE('',#7544,0.046);
#296=CIRCLE('',#7545,0.0460000000000003);
#297=CIRCLE('',#7547,0.0459999999999999);
#298=CIRCLE('',#7548,0.046);
#299=CIRCLE('',#7549,0.046);
#300=CIRCLE('',#7551,0.046);
#301=CIRCLE('',#7552,0.0459999999999999);
#302=CIRCLE('',#7553,0.0459999999999999);
#303=CIRCLE('',#7554,0.0460000000000003);
#304=CIRCLE('',#7559,0.0459999999999999);
#305=CIRCLE('',#7560,0.046);
#306=CIRCLE('',#7561,0.0460000000000006);
#307=CIRCLE('',#7565,0.0459999999999999);
#308=CIRCLE('',#7566,0.046);
#309=CIRCLE('',#7567,0.046);
#310=CIRCLE('',#7606,0.01140625);
#311=CIRCLE('',#7607,0.01140625);
#312=CIRCLE('',#7608,0.01140625);
#313=CIRCLE('',#7610,0.01140625);
#314=CIRCLE('',#7611,0.01140625);
#315=CIRCLE('',#7612,0.01140625);
#316=CIRCLE('',#7615,0.01140625);
#317=CIRCLE('',#7617,0.01140625);
#318=CIRCLE('',#7618,0.31109375);
#319=CIRCLE('',#7619,0.3225);
#320=CIRCLE('',#7621,0.01140625);
#321=CIRCLE('',#7623,0.01140625);
#322=CIRCLE('',#7624,0.18890625);
#323=CIRCLE('',#7625,0.1775);
#324=CIRCLE('',#7627,0.01140625);
#325=CIRCLE('',#7629,0.01140625);
#326=CIRCLE('',#7630,0.01140625);
#327=CIRCLE('',#7631,0.01140625);
#328=CIRCLE('',#7633,0.01140625);
#329=CIRCLE('',#7634,0.01140625);
#330=CIRCLE('',#7635,0.01140625);
#331=CIRCLE('',#7638,0.01140625);
#332=CIRCLE('',#7640,0.0114062499999999);
#333=CIRCLE('',#7641,0.1775);
#334=CIRCLE('',#7642,0.18890625);
#335=CIRCLE('',#7644,0.01140625);
#336=CIRCLE('',#7646,0.0114062499999999);
#337=CIRCLE('',#7647,0.3225);
#338=CIRCLE('',#7648,0.31109375);
#339=CIRCLE('',#7650,0.01140625);
#340=CIRCLE('',#7653,0.01140625);
#341=CIRCLE('',#7655,0.0114062499999999);
#342=CIRCLE('',#7656,0.18890625);
#343=CIRCLE('',#7657,0.1775);
#344=CIRCLE('',#7659,0.0114062499999999);
#345=CIRCLE('',#7661,0.0114062499999999);
#346=CIRCLE('',#7662,0.31109375);
#347=CIRCLE('',#7663,0.3225);
#348=CIRCLE('',#7665,0.01140625);
#349=CIRCLE('',#7668,0.01140625);
#350=CIRCLE('',#7670,0.0114062500000001);
#351=CIRCLE('',#7671,0.3225);
#352=CIRCLE('',#7672,0.31109375);
#353=CIRCLE('',#7674,0.01140625);
#354=CIRCLE('',#7676,0.0114062500000001);
#355=CIRCLE('',#7677,0.1775);
#356=CIRCLE('',#7678,0.18890625);
#357=CIRCLE('',#7680,0.01140625);
#358=FACE_BOUND('',#984,.T.);
#359=FACE_BOUND('',#1016,.T.);
#360=FACE_BOUND('',#1074,.T.);
#361=FACE_BOUND('',#1075,.T.);
#362=FACE_BOUND('',#1112,.T.);
#363=FACE_BOUND('',#1241,.T.);
#364=FACE_BOUND('',#1243,.T.);
#365=FACE_BOUND('',#1244,.T.);
#366=FACE_BOUND('',#1275,.T.);
#367=FACE_BOUND('',#1276,.T.);
#368=FACE_BOUND('',#1277,.T.);
#369=FACE_BOUND('',#1278,.T.);
#370=FACE_BOUND('',#1279,.T.);
#371=FACE_BOUND('',#1280,.T.);
#372=FACE_BOUND('',#1281,.T.);
#373=FACE_BOUND('',#1282,.T.);
#374=FACE_BOUND('',#1283,.T.);
#375=FACE_BOUND('',#1284,.T.);
#376=FACE_BOUND('',#1285,.T.);
#377=FACE_BOUND('',#1286,.T.);
#378=FACE_BOUND('',#1287,.T.);
#379=FACE_BOUND('',#1288,.T.);
#380=FACE_BOUND('',#1289,.T.);
#381=FACE_BOUND('',#1290,.T.);
#382=FACE_BOUND('',#1291,.T.);
#383=FACE_BOUND('',#1292,.T.);
#384=FACE_BOUND('',#1293,.T.);
#385=FACE_BOUND('',#1294,.T.);
#386=FACE_BOUND('',#1303,.T.);
#387=FACE_BOUND('',#1306,.T.);
#388=ELLIPSE('',#7340,0.575197846491313,0.329792901081615);
#389=ELLIPSE('',#7341,1.26450744420842,0.490005922422027);
#390=ELLIPSE('',#7342,0.549113819532368,0.322208316794496);
#391=ELLIPSE('',#7343,0.317381824953421,0.170780142618606);
#392=ELLIPSE('',#7380,1.26450744420504,0.490005922421376);
#393=ELLIPSE('',#7381,0.317381824953195,0.170780142618508);
#394=ELLIPSE('',#7382,0.549113819532385,0.322208316794505);
#395=ELLIPSE('',#7383,0.575197846491488,0.329792901081665);
#396=ELLIPSE('',#7386,0.463715438060504,0.252122659523748);
#397=ELLIPSE('',#7392,0.610681337687107,0.290536762647414);
#398=ELLIPSE('',#7417,0.154176731585756,0.0383374237804366);
#399=ELLIPSE('',#7441,0.463715438058797,0.25212265952326);
#400=ELLIPSE('',#7447,0.610681337686495,0.290536762647269);
#401=ELLIPSE('',#7457,1.89301164732656,0.518667332617517);
#402=ELLIPSE('',#7458,1.95387658786259,0.526936644296518);
#403=B_SPLINE_SURFACE_WITH_KNOTS('',2,1,((#9191,#9192),(#9193,#9194),(#9195,
#9196),(#9197,#9198)),.UNSPECIFIED.,.F.,.F.,.F.,(3,1,3),(2,2),(0.,1.,2.),
(0.,2.14263856028029),.UNSPECIFIED.);
#404=B_SPLINE_SURFACE_WITH_KNOTS('',2,1,((#9340,#9341),(#9342,#9343),(#9344,
#9345),(#9346,#9347)),.UNSPECIFIED.,.F.,.F.,.F.,(3,1,3),(2,2),(-2.,-1.,
0.),(0.,2.14263856028029),.UNSPECIFIED.);
#405=B_SPLINE_SURFACE_WITH_KNOTS('',2,1,((#9356,#9357),(#9358,#9359),(#9360,
#9361),(#9362,#9363)),.UNSPECIFIED.,.F.,.F.,.F.,(3,1,3),(2,2),(-2.,-1.,
0.),(0.,2.14263856028029),.UNSPECIFIED.);
#406=B_SPLINE_SURFACE_WITH_KNOTS('',2,1,((#9370,#9371),(#9372,#9373),(#9374,
#9375),(#9376,#9377)),.UNSPECIFIED.,.F.,.F.,.F.,(3,1,3),(2,2),(-2.,-1.,
0.),(0.,2.14263856028029),.UNSPECIFIED.);
#407=B_SPLINE_SURFACE_WITH_KNOTS('',2,1,((#9384,#9385),(#9386,#9387),(#9388,
#9389),(#9390,#9391)),.UNSPECIFIED.,.F.,.F.,.F.,(3,1,3),(2,2),(0.,1.,2.),
(0.,2.14263856028029),.UNSPECIFIED.);
#408=B_SPLINE_SURFACE_WITH_KNOTS('',2,1,((#9400,#9401),(#9402,#9403),(#9404,
#9405),(#9406,#9407)),.UNSPECIFIED.,.F.,.F.,.F.,(3,1,3),(2,2),(0.,1.,2.),
(0.,2.14263856028029),.UNSPECIFIED.);
#409=B_SPLINE_SURFACE_WITH_KNOTS('',2,1,((#9414,#9415),(#9416,#9417),(#9418,
#9419),(#9420,#9421)),.UNSPECIFIED.,.F.,.F.,.F.,(3,1,3),(2,2),(0.,1.,2.),
(0.,2.14263856028029),.UNSPECIFIED.);
#410=B_SPLINE_SURFACE_WITH_KNOTS('',2,1,((#9425,#9426),(#9427,#9428),(#9429,
#9430),(#9431,#9432)),.UNSPECIFIED.,.F.,.F.,.F.,(3,1,3),(2,2),(0.,1.,2.),
(0.,2.14263856028029),.UNSPECIFIED.);
#411=B_SPLINE_SURFACE_WITH_KNOTS('',2,1,((#9439,#9440),(#9441,#9442),(#9443,
#9444),(#9445,#9446)),.UNSPECIFIED.,.F.,.F.,.F.,(3,1,3),(2,2),(-2.,-1.,
0.),(0.,2.14263856028029),.UNSPECIFIED.);
#412=B_SPLINE_SURFACE_WITH_KNOTS('',2,1,((#9453,#9454),(#9455,#9456),(#9457,
#9458),(#9459,#9460)),.UNSPECIFIED.,.F.,.F.,.F.,(3,1,3),(2,2),(-2.,-1.,
0.),(0.,2.14263856028029),.UNSPECIFIED.);
#413=B_SPLINE_SURFACE_WITH_KNOTS('',2,1,((#9464,#9465),(#9466,#9467),(#9468,
#9469),(#9470,#9471)),.UNSPECIFIED.,.F.,.F.,.F.,(3,1,3),(2,2),(-2.,-1.,
0.),(0.,2.14263856028029),.UNSPECIFIED.);
#414=B_SPLINE_SURFACE_WITH_KNOTS('',2,1,((#9476,#9477),(#9478,#9479),(#9480,
#9481),(#9482,#9483)),.UNSPECIFIED.,.F.,.F.,.F.,(3,1,3),(2,2),(0.,1.,2.),
(0.,2.14263856028029),.UNSPECIFIED.);
#415=B_SPLINE_SURFACE_WITH_KNOTS('',2,1,((#9490,#9491),(#9492,#9493),(#9494,
#9495),(#9496,#9497)),.UNSPECIFIED.,.F.,.F.,.F.,(3,1,3),(2,2),(0.,1.,2.),
(0.,2.14263856028029),.UNSPECIFIED.);
#416=B_SPLINE_SURFACE_WITH_KNOTS('',2,1,((#9504,#9505),(#9506,#9507),(#9508,
#9509),(#9510,#9511)),.UNSPECIFIED.,.F.,.F.,.F.,(3,1,3),(2,2),(0.,1.,2.),
(0.,2.14263856028029),.UNSPECIFIED.);
#417=B_SPLINE_SURFACE_WITH_KNOTS('',2,1,((#9518,#9519),(#9520,#9521),(#9522,
#9523),(#9524,#9525)),.UNSPECIFIED.,.F.,.F.,.F.,(3,1,3),(2,2),(0.,1.,2.),
(0.,2.14263856028029),.UNSPECIFIED.);
#418=B_SPLINE_SURFACE_WITH_KNOTS('',2,1,((#9530,#9531),(#9532,#9533),(#9534,
#9535),(#9536,#9537)),.UNSPECIFIED.,.F.,.F.,.F.,(3,1,3),(2,2),(0.,1.,2.),
(0.,2.14263856028029),.UNSPECIFIED.);
#419=B_SPLINE_SURFACE_WITH_KNOTS('',2,1,((#9555,#9556),(#9557,#9558),(#9559,
#9560),(#9561,#9562)),.UNSPECIFIED.,.F.,.F.,.F.,(3,1,3),(2,2),(0.,1.,2.),
(0.,2.14263856028029),.UNSPECIFIED.);
#420=B_SPLINE_SURFACE_WITH_KNOTS('',2,1,((#9610,#9611),(#9612,#9613),(#9614,
#9615),(#9616,#9617)),.UNSPECIFIED.,.F.,.F.,.F.,(3,1,3),(2,2),(0.,1.,2.),
(0.,2.14263856028029),.UNSPECIFIED.);
#421=B_SPLINE_SURFACE_WITH_KNOTS('',2,1,((#9632,#9633),(#9634,#9635),(#9636,
#9637),(#9638,#9639)),.UNSPECIFIED.,.F.,.F.,.F.,(3,1,3),(2,2),(0.,1.,2.),
(0.,2.14263856028029),.UNSPECIFIED.);
#422=B_SPLINE_SURFACE_WITH_KNOTS('',2,1,((#9669,#9670),(#9671,#9672),(#9673,
#9674),(#9675,#9676)),.UNSPECIFIED.,.F.,.F.,.F.,(3,1,3),(2,2),(-2.,-1.,
0.),(0.,2.14263856028029),.UNSPECIFIED.);
#423=B_SPLINE_SURFACE_WITH_KNOTS('',2,1,((#9691,#9692),(#9693,#9694),(#9695,
#9696),(#9697,#9698)),.UNSPECIFIED.,.F.,.F.,.F.,(3,1,3),(2,2),(-2.,-1.,
0.),(0.,2.14263856028029),.UNSPECIFIED.);
#424=B_SPLINE_SURFACE_WITH_KNOTS('',2,1,((#9713,#9714),(#9715,#9716),(#9717,
#9718),(#9719,#9720)),.UNSPECIFIED.,.F.,.F.,.F.,(3,1,3),(2,2),(-2.,-1.,
0.),(0.,2.14263856028029),.UNSPECIFIED.);
#425=B_SPLINE_SURFACE_WITH_KNOTS('',2,1,((#9735,#9736),(#9737,#9738),(#9739,
#9740),(#9741,#9742)),.UNSPECIFIED.,.F.,.F.,.F.,(3,1,3),(2,2),(-2.,-1.,
0.),(0.,2.14263856028029),.UNSPECIFIED.);
#426=B_SPLINE_SURFACE_WITH_KNOTS('',2,1,((#9892,#9893),(#9894,#9895),(#9896,
#9897),(#9898,#9899)),.UNSPECIFIED.,.F.,.F.,.F.,(3,1,3),(2,2),(0.,1.,2.),
(0.,2.14263856028029),.UNSPECIFIED.);
#427=B_SPLINE_SURFACE_WITH_KNOTS('',2,1,((#9916,#9917),(#9918,#9919),(#9920,
#9921),(#9922,#9923)),.UNSPECIFIED.,.F.,.F.,.F.,(3,1,3),(2,2),(0.,1.,2.),
(0.,2.14263856028029),.UNSPECIFIED.);
#428=B_SPLINE_SURFACE_WITH_KNOTS('',2,1,((#9930,#9931),(#9932,#9933),(#9934,
#9935),(#9936,#9937)),.UNSPECIFIED.,.F.,.F.,.F.,(3,1,3),(2,2),(0.,1.,2.),
(0.,2.14263856028029),.UNSPECIFIED.);
#429=B_SPLINE_SURFACE_WITH_KNOTS('',2,1,((#9944,#9945),(#9946,#9947),(#9948,
#9949),(#9950,#9951)),.UNSPECIFIED.,.F.,.F.,.F.,(3,1,3),(2,2),(0.,1.,2.),
(0.,2.14263856028029),.UNSPECIFIED.);
#430=B_SPLINE_SURFACE_WITH_KNOTS('',2,1,((#9958,#9959),(#9960,#9961),(#9962,
#9963),(#9964,#9965)),.UNSPECIFIED.,.F.,.F.,.F.,(3,1,3),(2,2),(0.,1.,2.),
(0.,2.14263856028029),.UNSPECIFIED.);
#431=B_SPLINE_SURFACE_WITH_KNOTS('',2,1,((#9972,#9973),(#9974,#9975),(#9976,
#9977),(#9978,#9979)),.UNSPECIFIED.,.F.,.F.,.F.,(3,1,3),(2,2),(0.,1.,2.),
(0.,2.14263856028029),.UNSPECIFIED.);
#432=B_SPLINE_SURFACE_WITH_KNOTS('',2,1,((#9986,#9987),(#9988,#9989),(#9990,
#9991),(#9992,#9993)),.UNSPECIFIED.,.F.,.F.,.F.,(3,1,3),(2,2),(0.,1.,2.),
(0.,2.14263856028029),.UNSPECIFIED.);
#433=B_SPLINE_SURFACE_WITH_KNOTS('',2,1,((#10000,#10001),(#10002,#10003),
(#10004,#10005),(#10006,#10007)),.UNSPECIFIED.,.F.,.F.,.F.,(3,1,3),(2,2),
(0.,1.,2.),(0.,2.14263856028029),.UNSPECIFIED.);
#434=B_SPLINE_SURFACE_WITH_KNOTS('',2,1,((#10014,#10015),(#10016,#10017),
(#10018,#10019),(#10020,#10021)),.UNSPECIFIED.,.F.,.F.,.F.,(3,1,3),(2,2),
(0.,1.,2.),(0.,2.14263856028029),.UNSPECIFIED.);
#435=B_SPLINE_SURFACE_WITH_KNOTS('',2,1,((#10028,#10029),(#10030,#10031),
(#10032,#10033),(#10034,#10035)),.UNSPECIFIED.,.F.,.F.,.F.,(3,1,3),(2,2),
(0.,1.,2.),(0.,2.14263856028029),.UNSPECIFIED.);
#436=B_SPLINE_SURFACE_WITH_KNOTS('',2,1,((#10042,#10043),(#10044,#10045),
(#10046,#10047),(#10048,#10049)),.UNSPECIFIED.,.F.,.F.,.F.,(3,1,3),(2,2),
(0.,1.,2.),(0.,2.14263856028029),.UNSPECIFIED.);
#437=B_SPLINE_SURFACE_WITH_KNOTS('',2,1,((#10056,#10057),(#10058,#10059),
(#10060,#10061),(#10062,#10063)),.UNSPECIFIED.,.F.,.F.,.F.,(3,1,3),(2,2),
(0.,1.,2.),(0.,2.14263856028029),.UNSPECIFIED.);
#438=B_SPLINE_SURFACE_WITH_KNOTS('',2,1,((#10070,#10071),(#10072,#10073),
(#10074,#10075),(#10076,#10077)),.UNSPECIFIED.,.F.,.F.,.F.,(3,1,3),(2,2),
(0.,1.,2.),(0.,2.14263856028029),.UNSPECIFIED.);
#439=B_SPLINE_SURFACE_WITH_KNOTS('',2,1,((#10084,#10085),(#10086,#10087),
(#10088,#10089),(#10090,#10091)),.UNSPECIFIED.,.F.,.F.,.F.,(3,1,3),(2,2),
(0.,1.,2.),(0.,2.14263856028029),.UNSPECIFIED.);
#440=B_SPLINE_SURFACE_WITH_KNOTS('',2,1,((#10098,#10099),(#10100,#10101),
(#10102,#10103),(#10104,#10105)),.UNSPECIFIED.,.F.,.F.,.F.,(3,1,3),(2,2),
(0.,1.,2.),(0.,2.14263856028029),.UNSPECIFIED.);
#441=B_SPLINE_SURFACE_WITH_KNOTS('',2,1,((#10120,#10121),(#10122,#10123),
(#10124,#10125),(#10126,#10127)),.UNSPECIFIED.,.F.,.F.,.F.,(3,1,3),(2,2),
(0.,1.,2.),(0.,2.14263856028029),.UNSPECIFIED.);
#442=B_SPLINE_SURFACE_WITH_KNOTS('',2,1,((#10206,#10207),(#10208,#10209),
(#10210,#10211),(#10212,#10213)),.UNSPECIFIED.,.F.,.F.,.F.,(3,1,3),(2,2),
(0.,1.,2.),(0.,2.14263856028029),.UNSPECIFIED.);
#443=B_SPLINE_SURFACE_WITH_KNOTS('',2,1,((#10231,#10232),(#10233,#10234),
(#10235,#10236),(#10237,#10238)),.UNSPECIFIED.,.F.,.F.,.F.,(3,1,3),(2,2),
(0.,1.,2.),(0.,2.14263856028029),.UNSPECIFIED.);
#444=B_SPLINE_SURFACE_WITH_KNOTS('',2,1,((#10253,#10254),(#10255,#10256),
(#10257,#10258),(#10259,#10260)),.UNSPECIFIED.,.F.,.F.,.F.,(3,1,3),(2,2),
(0.,1.,2.),(0.,2.14263856028029),.UNSPECIFIED.);
#445=B_SPLINE_SURFACE_WITH_KNOTS('',2,1,((#10281,#10282),(#10283,#10284),
(#10285,#10286),(#10287,#10288)),.UNSPECIFIED.,.F.,.F.,.F.,(3,1,3),(2,2),
(0.,1.,2.),(0.,2.14263856028029),.UNSPECIFIED.);
#446=B_SPLINE_SURFACE_WITH_KNOTS('',2,1,((#10303,#10304),(#10305,#10306),
(#10307,#10308),(#10309,#10310)),.UNSPECIFIED.,.F.,.F.,.F.,(3,1,3),(2,2),
(-2.,-1.,0.),(0.,2.14263856028029),.UNSPECIFIED.);
#447=B_SPLINE_SURFACE_WITH_KNOTS('',2,1,((#10328,#10329),(#10330,#10331),
(#10332,#10333),(#10334,#10335)),.UNSPECIFIED.,.F.,.F.,.F.,(3,1,3),(2,2),
(-2.,-1.,0.),(0.,2.14263856028029),.UNSPECIFIED.);
#448=B_SPLINE_SURFACE_WITH_KNOTS('',2,1,((#10350,#10351),(#10352,#10353),
(#10354,#10355),(#10356,#10357)),.UNSPECIFIED.,.F.,.F.,.F.,(3,1,3),(2,2),
(-2.,-1.,0.),(0.,2.14263856028029),.UNSPECIFIED.);
#449=B_SPLINE_SURFACE_WITH_KNOTS('',2,1,((#10375,#10376),(#10377,#10378),
(#10379,#10380),(#10381,#10382)),.UNSPECIFIED.,.F.,.F.,.F.,(3,1,3),(2,2),
(-2.,-1.,0.),(0.,2.14263856028029),.UNSPECIFIED.);
#450=B_SPLINE_SURFACE_WITH_KNOTS('',2,1,((#10397,#10398),(#10399,#10400),
(#10401,#10402),(#10403,#10404)),.UNSPECIFIED.,.F.,.F.,.F.,(3,1,3),(2,2),
(0.,1.,2.),(0.,2.14263856028029),.UNSPECIFIED.);
#451=B_SPLINE_SURFACE_WITH_KNOTS('',2,1,((#10419,#10420),(#10421,#10422),
(#10423,#10424),(#10425,#10426)),.UNSPECIFIED.,.F.,.F.,.F.,(3,1,3),(2,2),
(0.,1.,2.),(0.,2.14263856028029),.UNSPECIFIED.);
#452=B_SPLINE_SURFACE_WITH_KNOTS('',2,1,((#10447,#10448),(#10449,#10450),
(#10451,#10452),(#10453,#10454)),.UNSPECIFIED.,.F.,.F.,.F.,(3,1,3),(2,2),
(0.,1.,2.),(0.,2.14263856028029),.UNSPECIFIED.);
#453=B_SPLINE_SURFACE_WITH_KNOTS('',2,1,((#10469,#10470),(#10471,#10472),
(#10473,#10474),(#10475,#10476)),.UNSPECIFIED.,.F.,.F.,.F.,(3,1,3),(2,2),
(0.,1.,2.),(0.,2.14263856028029),.UNSPECIFIED.);
#454=B_SPLINE_SURFACE_WITH_KNOTS('',2,1,((#10491,#10492),(#10493,#10494),
(#10495,#10496),(#10497,#10498)),.UNSPECIFIED.,.F.,.F.,.F.,(3,1,3),(2,2),
(0.,1.,2.),(0.,2.14263856028029),.UNSPECIFIED.);
#455=B_SPLINE_SURFACE_WITH_KNOTS('',2,1,((#10510,#10511),(#10512,#10513),
(#10514,#10515),(#10516,#10517)),.UNSPECIFIED.,.F.,.F.,.F.,(3,1,3),(2,2),
(-2.,-1.,0.),(0.,2.14263856028029),.UNSPECIFIED.);
#456=B_SPLINE_SURFACE_WITH_KNOTS('',2,1,((#10532,#10533),(#10534,#10535),
(#10536,#10537),(#10538,#10539)),.UNSPECIFIED.,.F.,.F.,.F.,(3,1,3),(2,2),
(-2.,-1.,0.),(0.,2.14263856028029),.UNSPECIFIED.);
#457=B_SPLINE_SURFACE_WITH_KNOTS('',2,1,((#10554,#10555),(#10556,#10557),
(#10558,#10559),(#10560,#10561)),.UNSPECIFIED.,.F.,.F.,.F.,(3,1,3),(2,2),
(-2.,-1.,0.),(0.,2.14263856028029),.UNSPECIFIED.);
#458=B_SPLINE_SURFACE_WITH_KNOTS('',2,1,((#10573,#10574),(#10575,#10576),
(#10577,#10578),(#10579,#10580)),.UNSPECIFIED.,.F.,.F.,.F.,(3,1,3),(2,2),
(-2.,-1.,0.),(0.,2.14263856028029),.UNSPECIFIED.);
#459=B_SPLINE_SURFACE_WITH_KNOTS('',2,1,((#10595,#10596),(#10597,#10598),
(#10599,#10600),(#10601,#10602)),.UNSPECIFIED.,.F.,.F.,.F.,(3,1,3),(2,2),
(-2.,-1.,0.),(0.,2.14263856028029),.UNSPECIFIED.);
#460=B_SPLINE_SURFACE_WITH_KNOTS('',2,1,((#10617,#10618),(#10619,#10620),
(#10621,#10622),(#10623,#10624)),.UNSPECIFIED.,.F.,.F.,.F.,(3,1,3),(2,2),
(-2.,-1.,0.),(0.,2.14263856028029),.UNSPECIFIED.);
#461=B_SPLINE_SURFACE_WITH_KNOTS('',2,1,((#10774,#10775),(#10776,#10777),
(#10778,#10779),(#10780,#10781)),.UNSPECIFIED.,.F.,.F.,.F.,(3,1,3),(2,2),
(0.,1.,2.),(0.,2.14263856028029),.UNSPECIFIED.);
#462=B_SPLINE_SURFACE_WITH_KNOTS('',2,1,((#10798,#10799),(#10800,#10801),
(#10802,#10803),(#10804,#10805)),.UNSPECIFIED.,.F.,.F.,.F.,(3,1,3),(2,2),
(0.,1.,2.),(0.,2.14263856028029),.UNSPECIFIED.);
#463=B_SPLINE_SURFACE_WITH_KNOTS('',2,1,((#10812,#10813),(#10814,#10815),
(#10816,#10817),(#10818,#10819)),.UNSPECIFIED.,.F.,.F.,.F.,(3,1,3),(2,2),
(0.,1.,2.),(0.,2.14263856028029),.UNSPECIFIED.);
#464=B_SPLINE_SURFACE_WITH_KNOTS('',2,1,((#10826,#10827),(#10828,#10829),
(#10830,#10831),(#10832,#10833)),.UNSPECIFIED.,.F.,.F.,.F.,(3,1,3),(2,2),
(0.,1.,2.),(0.,2.14263856028029),.UNSPECIFIED.);
#465=B_SPLINE_SURFACE_WITH_KNOTS('',2,1,((#10840,#10841),(#10842,#10843),
(#10844,#10845),(#10846,#10847)),.UNSPECIFIED.,.F.,.F.,.F.,(3,1,3),(2,2),
(0.,1.,2.),(0.,2.14263856028029),.UNSPECIFIED.);
#466=B_SPLINE_SURFACE_WITH_KNOTS('',2,1,((#10854,#10855),(#10856,#10857),
(#10858,#10859),(#10860,#10861)),.UNSPECIFIED.,.F.,.F.,.F.,(3,1,3),(2,2),
(0.,1.,2.),(0.,2.14263856028029),.UNSPECIFIED.);
#467=B_SPLINE_SURFACE_WITH_KNOTS('',2,1,((#10868,#10869),(#10870,#10871),
(#10872,#10873),(#10874,#10875)),.UNSPECIFIED.,.F.,.F.,.F.,(3,1,3),(2,2),
(0.,1.,2.),(0.,2.14263856028029),.UNSPECIFIED.);
#468=B_SPLINE_SURFACE_WITH_KNOTS('',2,1,((#10882,#10883),(#10884,#10885),
(#10886,#10887),(#10888,#10889)),.UNSPECIFIED.,.F.,.F.,.F.,(3,1,3),(2,2),
(0.,1.,2.),(0.,2.14263856028029),.UNSPECIFIED.);
#469=B_SPLINE_SURFACE_WITH_KNOTS('',2,1,((#10896,#10897),(#10898,#10899),
(#10900,#10901),(#10902,#10903)),.UNSPECIFIED.,.F.,.F.,.F.,(3,1,3),(2,2),
(0.,1.,2.),(0.,2.14263856028029),.UNSPECIFIED.);
#470=B_SPLINE_SURFACE_WITH_KNOTS('',2,1,((#10910,#10911),(#10912,#10913),
(#10914,#10915),(#10916,#10917)),.UNSPECIFIED.,.F.,.F.,.F.,(3,1,3),(2,2),
(0.,1.,2.),(0.,2.14263856028029),.UNSPECIFIED.);
#471=B_SPLINE_SURFACE_WITH_KNOTS('',2,1,((#10924,#10925),(#10926,#10927),
(#10928,#10929),(#10930,#10931)),.UNSPECIFIED.,.F.,.F.,.F.,(3,1,3),(2,2),
(0.,1.,2.),(0.,2.14263856028029),.UNSPECIFIED.);
#472=B_SPLINE_SURFACE_WITH_KNOTS('',2,1,((#10938,#10939),(#10940,#10941),
(#10942,#10943),(#10944,#10945)),.UNSPECIFIED.,.F.,.F.,.F.,(3,1,3),(2,2),
(0.,1.,2.),(0.,2.14263856028029),.UNSPECIFIED.);
#473=B_SPLINE_SURFACE_WITH_KNOTS('',2,1,((#10952,#10953),(#10954,#10955),
(#10956,#10957),(#10958,#10959)),.UNSPECIFIED.,.F.,.F.,.F.,(3,1,3),(2,2),
(0.,1.,2.),(0.,2.14263856028029),.UNSPECIFIED.);
#474=B_SPLINE_SURFACE_WITH_KNOTS('',2,1,((#10966,#10967),(#10968,#10969),
(#10970,#10971),(#10972,#10973)),.UNSPECIFIED.,.F.,.F.,.F.,(3,1,3),(2,2),
(0.,1.,2.),(0.,2.14263856028029),.UNSPECIFIED.);
#475=B_SPLINE_SURFACE_WITH_KNOTS('',2,1,((#10980,#10981),(#10982,#10983),
(#10984,#10985),(#10986,#10987)),.UNSPECIFIED.,.F.,.F.,.F.,(3,1,3),(2,2),
(0.,1.,2.),(0.,2.14263856028029),.UNSPECIFIED.);
#476=B_SPLINE_SURFACE_WITH_KNOTS('',2,1,((#11002,#11003),(#11004,#11005),
(#11006,#11007),(#11008,#11009)),.UNSPECIFIED.,.F.,.F.,.F.,(3,1,3),(2,2),
(0.,1.,2.),(0.,2.14263856028029),.UNSPECIFIED.);
#477=B_SPLINE_SURFACE_WITH_KNOTS('',2,1,((#11014,#11015),(#11016,#11017),
(#11018,#11019),(#11020,#11021)),.UNSPECIFIED.,.F.,.F.,.F.,(3,1,3),(2,2),
(0.,1.,2.),(0.,2.14263856028029),.UNSPECIFIED.);
#478=B_SPLINE_SURFACE_WITH_KNOTS('',2,1,((#11039,#11040),(#11041,#11042),
(#11043,#11044),(#11045,#11046)),.UNSPECIFIED.,.F.,.F.,.F.,(3,1,3),(2,2),
(0.,1.,2.),(0.,2.14263856028029),.UNSPECIFIED.);
#479=B_SPLINE_SURFACE_WITH_KNOTS('',2,1,((#11061,#11062),(#11063,#11064),
(#11065,#11066),(#11067,#11068)),.UNSPECIFIED.,.F.,.F.,.F.,(3,1,3),(2,2),
(0.,1.,2.),(0.,2.14263856028029),.UNSPECIFIED.);
#480=B_SPLINE_SURFACE_WITH_KNOTS('',2,1,((#11083,#11084),(#11085,#11086),
(#11087,#11088),(#11089,#11090)),.UNSPECIFIED.,.F.,.F.,.F.,(3,1,3),(2,2),
(0.,1.,2.),(0.,2.14263856028029),.UNSPECIFIED.);
#481=B_SPLINE_SURFACE_WITH_KNOTS('',2,1,((#11099,#11100),(#11101,#11102),
(#11103,#11104),(#11105,#11106)),.UNSPECIFIED.,.F.,.F.,.F.,(3,1,3),(2,2),
(-2.,-1.,0.),(0.,2.14263856028029),.UNSPECIFIED.);
#482=B_SPLINE_SURFACE_WITH_KNOTS('',2,1,((#11124,#11125),(#11126,#11127),
(#11128,#11129),(#11130,#11131)),.UNSPECIFIED.,.F.,.F.,.F.,(3,1,3),(2,2),
(-2.,-1.,0.),(0.,2.14263856028029),.UNSPECIFIED.);
#483=B_SPLINE_SURFACE_WITH_KNOTS('',2,1,((#11143,#11144),(#11145,#11146),
(#11147,#11148),(#11149,#11150)),.UNSPECIFIED.,.F.,.F.,.F.,(3,1,3),(2,2),
(-2.,-1.,0.),(0.,2.14263856028029),.UNSPECIFIED.);
#484=B_SPLINE_SURFACE_WITH_KNOTS('',2,1,((#11165,#11166),(#11167,#11168),
(#11169,#11170),(#11171,#11172)),.UNSPECIFIED.,.F.,.F.,.F.,(3,1,3),(2,2),
(0.,1.,2.),(0.,2.14263856028029),.UNSPECIFIED.);
#485=B_SPLINE_SURFACE_WITH_KNOTS('',2,1,((#11187,#11188),(#11189,#11190),
(#11191,#11192),(#11193,#11194)),.UNSPECIFIED.,.F.,.F.,.F.,(3,1,3),(2,2),
(0.,1.,2.),(0.,2.14263856028029),.UNSPECIFIED.);
#486=B_SPLINE_SURFACE_WITH_KNOTS('',2,1,((#11200,#11201),(#11202,#11203),
(#11204,#11205),(#11206,#11207)),.UNSPECIFIED.,.F.,.F.,.F.,(3,1,3),(2,2),
(0.,1.,2.),(0.,2.14263856028029),.UNSPECIFIED.);
#487=B_SPLINE_SURFACE_WITH_KNOTS('',2,1,((#11222,#11223),(#11224,#11225),
(#11226,#11227),(#11228,#11229)),.UNSPECIFIED.,.F.,.F.,.F.,(3,1,3),(2,2),
(0.,1.,2.),(0.,2.14263856028029),.UNSPECIFIED.);
#488=B_SPLINE_SURFACE_WITH_KNOTS('',2,1,((#11241,#11242),(#11243,#11244),
(#11245,#11246),(#11247,#11248)),.UNSPECIFIED.,.F.,.F.,.F.,(3,1,3),(2,2),
(-2.,-1.,0.),(0.,2.14263856028029),.UNSPECIFIED.);
#489=B_SPLINE_SURFACE_WITH_KNOTS('',2,1,((#11263,#11264),(#11265,#11266),
(#11267,#11268),(#11269,#11270)),.UNSPECIFIED.,.F.,.F.,.F.,(3,1,3),(2,2),
(-2.,-1.,0.),(0.,2.14263856028029),.UNSPECIFIED.);
#490=B_SPLINE_SURFACE_WITH_KNOTS('',2,1,((#11285,#11286),(#11287,#11288),
(#11289,#11290),(#11291,#11292)),.UNSPECIFIED.,.F.,.F.,.F.,(3,1,3),(2,2),
(-2.,-1.,0.),(0.,2.14263856028029),.UNSPECIFIED.);
#491=B_SPLINE_SURFACE_WITH_KNOTS('',2,1,((#11468,#11469),(#11470,#11471),
(#11472,#11473),(#11474,#11475)),.UNSPECIFIED.,.F.,.F.,.F.,(3,1,3),(2,2),
(0.,1.,2.),(0.,2.14263856028029),.UNSPECIFIED.);
#492=B_SPLINE_SURFACE_WITH_KNOTS('',2,1,((#11492,#11493),(#11494,#11495),
(#11496,#11497),(#11498,#11499)),.UNSPECIFIED.,.F.,.F.,.F.,(3,1,3),(2,2),
(0.,1.,2.),(0.,2.14263856028029),.UNSPECIFIED.);
#493=B_SPLINE_SURFACE_WITH_KNOTS('',2,1,((#11506,#11507),(#11508,#11509),
(#11510,#11511),(#11512,#11513)),.UNSPECIFIED.,.F.,.F.,.F.,(3,1,3),(2,2),
(0.,1.,2.),(0.,2.14263856028029),.UNSPECIFIED.);
#494=B_SPLINE_SURFACE_WITH_KNOTS('',2,1,((#11520,#11521),(#11522,#11523),
(#11524,#11525),(#11526,#11527)),.UNSPECIFIED.,.F.,.F.,.F.,(3,1,3),(2,2),
(0.,1.,2.),(0.,2.14263856028029),.UNSPECIFIED.);
#495=B_SPLINE_SURFACE_WITH_KNOTS('',2,1,((#11534,#11535),(#11536,#11537),
(#11538,#11539),(#11540,#11541)),.UNSPECIFIED.,.F.,.F.,.F.,(3,1,3),(2,2),
(0.,1.,2.),(0.,2.14263856028029),.UNSPECIFIED.);
#496=B_SPLINE_SURFACE_WITH_KNOTS('',2,1,((#11548,#11549),(#11550,#11551),
(#11552,#11553),(#11554,#11555)),.UNSPECIFIED.,.F.,.F.,.F.,(3,1,3),(2,2),
(0.,1.,2.),(0.,2.14263856028029),.UNSPECIFIED.);
#497=B_SPLINE_SURFACE_WITH_KNOTS('',2,1,((#11574,#11575),(#11576,#11577),
(#11578,#11579),(#11580,#11581)),.UNSPECIFIED.,.F.,.F.,.F.,(3,1,3),(2,2),
(0.,1.,2.),(0.,2.14263856028029),.UNSPECIFIED.);
#498=B_SPLINE_SURFACE_WITH_KNOTS('',2,1,((#11588,#11589),(#11590,#11591),
(#11592,#11593),(#11594,#11595)),.UNSPECIFIED.,.F.,.F.,.F.,(3,1,3),(2,2),
(0.,1.,2.),(0.,2.14263856028029),.UNSPECIFIED.);
#499=B_SPLINE_SURFACE_WITH_KNOTS('',2,1,((#11602,#11603),(#11604,#11605),
(#11606,#11607),(#11608,#11609)),.UNSPECIFIED.,.F.,.F.,.F.,(3,1,3),(2,2),
(0.,1.,2.),(0.,2.14263856028029),.UNSPECIFIED.);
#500=B_SPLINE_SURFACE_WITH_KNOTS('',2,1,((#11616,#11617),(#11618,#11619),
(#11620,#11621),(#11622,#11623)),.UNSPECIFIED.,.F.,.F.,.F.,(3,1,3),(2,2),
(0.,1.,2.),(0.,2.14263856028029),.UNSPECIFIED.);
#501=B_SPLINE_SURFACE_WITH_KNOTS('',2,1,((#11627,#11628),(#11629,#11630),
(#11631,#11632),(#11633,#11634)),.UNSPECIFIED.,.F.,.F.,.F.,(3,1,3),(2,2),
(0.,1.,2.),(0.,2.14263856028029),.UNSPECIFIED.);
#502=B_SPLINE_SURFACE_WITH_KNOTS('',2,1,((#11641,#11642),(#11643,#11644),
(#11645,#11646),(#11647,#11648)),.UNSPECIFIED.,.F.,.F.,.F.,(3,1,3),(2,2),
(0.,1.,2.),(0.,2.14263856028029),.UNSPECIFIED.);
#503=B_SPLINE_SURFACE_WITH_KNOTS('',2,1,((#11655,#11656),(#11657,#11658),
(#11659,#11660),(#11661,#11662)),.UNSPECIFIED.,.F.,.F.,.F.,(3,1,3),(2,2),
(0.,1.,2.),(0.,2.14263856028029),.UNSPECIFIED.);
#504=B_SPLINE_SURFACE_WITH_KNOTS('',2,1,((#11673,#11674),(#11675,#11676),
(#11677,#11678),(#11679,#11680)),.UNSPECIFIED.,.F.,.F.,.F.,(3,1,3),(2,2),
(0.,1.,2.),(0.,2.14263856028029),.UNSPECIFIED.);
#505=B_SPLINE_SURFACE_WITH_KNOTS('',2,1,((#11687,#11688),(#11689,#11690),
(#11691,#11692),(#11693,#11694)),.UNSPECIFIED.,.F.,.F.,.F.,(3,1,3),(2,2),
(0.,1.,2.),(0.,2.14263856028029),.UNSPECIFIED.);
#506=B_SPLINE_SURFACE_WITH_KNOTS('',2,1,((#11701,#11702),(#11703,#11704),
(#11705,#11706),(#11707,#11708)),.UNSPECIFIED.,.F.,.F.,.F.,(3,1,3),(2,2),
(0.,1.,2.),(0.,2.14263856028029),.UNSPECIFIED.);
#507=B_SPLINE_SURFACE_WITH_KNOTS('',2,1,((#11715,#11716),(#11717,#11718),
(#11719,#11720),(#11721,#11722)),.UNSPECIFIED.,.F.,.F.,.F.,(3,1,3),(2,2),
(0.,1.,2.),(0.,2.14263856028029),.UNSPECIFIED.);
#508=B_SPLINE_SURFACE_WITH_KNOTS('',2,1,((#11737,#11738),(#11739,#11740),
(#11741,#11742),(#11743,#11744)),.UNSPECIFIED.,.F.,.F.,.F.,(3,1,3),(2,2),
(0.,1.,2.),(0.,2.14263856028029),.UNSPECIFIED.);
#509=B_SPLINE_SURFACE_WITH_KNOTS('',2,1,((#11751,#11752),(#11753,#11754),
(#11755,#11756),(#11757,#11758)),.UNSPECIFIED.,.F.,.F.,.F.,(3,1,3),(2,2),
(0.,1.,2.),(0.,2.14263856028029),.UNSPECIFIED.);
#510=B_SPLINE_SURFACE_WITH_KNOTS('',2,1,((#11867,#11868),(#11869,#11870),
(#11871,#11872),(#11873,#11874)),.UNSPECIFIED.,.F.,.F.,.F.,(3,1,3),(2,2),
(0.,1.,2.),(0.,2.14263856028029),.UNSPECIFIED.);
#511=B_SPLINE_SURFACE_WITH_KNOTS('',2,1,((#11892,#11893),(#11894,#11895),
(#11896,#11897),(#11898,#11899)),.UNSPECIFIED.,.F.,.F.,.F.,(3,1,3),(2,2),
(0.,1.,2.),(0.,2.14263856028029),.UNSPECIFIED.);
#512=B_SPLINE_SURFACE_WITH_KNOTS('',2,1,((#11914,#11915),(#11916,#11917),
(#11918,#11919),(#11920,#11921)),.UNSPECIFIED.,.F.,.F.,.F.,(3,1,3),(2,2),
(0.,1.,2.),(0.,2.14263856028029),.UNSPECIFIED.);
#513=B_SPLINE_SURFACE_WITH_KNOTS('',2,1,((#11948,#11949),(#11950,#11951),
(#11952,#11953),(#11954,#11955)),.UNSPECIFIED.,.F.,.F.,.F.,(3,1,3),(2,2),
(0.,1.,2.),(0.,2.14263856028029),.UNSPECIFIED.);
#514=B_SPLINE_SURFACE_WITH_KNOTS('',2,1,((#11970,#11971),(#11972,#11973),
(#11974,#11975),(#11976,#11977)),.UNSPECIFIED.,.F.,.F.,.F.,(3,1,3),(2,2),
(0.,1.,2.),(0.,2.14263856028029),.UNSPECIFIED.);
#515=B_SPLINE_SURFACE_WITH_KNOTS('',2,1,((#11992,#11993),(#11994,#11995),
(#11996,#11997),(#11998,#11999)),.UNSPECIFIED.,.F.,.F.,.F.,(3,1,3),(2,2),
(0.,1.,2.),(0.,2.14263856028029),.UNSPECIFIED.);
#516=B_SPLINE_SURFACE_WITH_KNOTS('',2,1,((#12014,#12015),(#12016,#12017),
(#12018,#12019),(#12020,#12021)),.UNSPECIFIED.,.F.,.F.,.F.,(3,1,3),(2,2),
(0.,1.,2.),(0.,2.14263856028029),.UNSPECIFIED.);
#517=B_SPLINE_SURFACE_WITH_KNOTS('',2,1,((#12036,#12037),(#12038,#12039),
(#12040,#12041),(#12042,#12043)),.UNSPECIFIED.,.F.,.F.,.F.,(3,1,3),(2,2),
(0.,1.,2.),(0.,2.14263856028029),.UNSPECIFIED.);
#518=B_SPLINE_SURFACE_WITH_KNOTS('',2,1,((#12058,#12059),(#12060,#12061),
(#12062,#12063),(#12064,#12065)),.UNSPECIFIED.,.F.,.F.,.F.,(3,1,3),(2,2),
(0.,1.,2.),(0.,2.14263856028029),.UNSPECIFIED.);
#519=B_SPLINE_SURFACE_WITH_KNOTS('',2,1,((#12080,#12081),(#12082,#12083),
(#12084,#12085),(#12086,#12087)),.UNSPECIFIED.,.F.,.F.,.F.,(3,1,3),(2,2),
(0.,1.,2.),(0.,2.14263856028029),.UNSPECIFIED.);
#520=B_SPLINE_SURFACE_WITH_KNOTS('',2,1,((#12102,#12103),(#12104,#12105),
(#12106,#12107),(#12108,#12109)),.UNSPECIFIED.,.F.,.F.,.F.,(3,1,3),(2,2),
(0.,1.,2.),(0.,2.14263856028029),.UNSPECIFIED.);
#521=B_SPLINE_SURFACE_WITH_KNOTS('',2,1,((#12151,#12152),(#12153,#12154),
(#12155,#12156),(#12157,#12158)),.UNSPECIFIED.,.F.,.F.,.F.,(3,1,3),(2,2),
(0.,1.,2.),(0.,2.14263856028029),.UNSPECIFIED.);
#522=B_SPLINE_SURFACE_WITH_KNOTS('',2,1,((#12173,#12174),(#12175,#12176),
(#12177,#12178),(#12179,#12180)),.UNSPECIFIED.,.F.,.F.,.F.,(3,1,3),(2,2),
(0.,1.,2.),(0.,2.14263856028029),.UNSPECIFIED.);
#523=B_SPLINE_SURFACE_WITH_KNOTS('',2,1,((#12228,#12229),(#12230,#12231),
(#12232,#12233),(#12234,#12235)),.UNSPECIFIED.,.F.,.F.,.F.,(3,1,3),(2,2),
(0.,1.,2.),(0.,2.14263856028029),.UNSPECIFIED.);
#524=B_SPLINE_SURFACE_WITH_KNOTS('',2,1,((#12464,#12465),(#12466,#12467),
(#12468,#12469),(#12470,#12471)),.UNSPECIFIED.,.F.,.F.,.F.,(3,1,3),(2,2),
(0.,1.,2.),(0.,2.14263856028029),.UNSPECIFIED.);
#525=B_SPLINE_SURFACE_WITH_KNOTS('',2,1,((#12488,#12489),(#12490,#12491),
(#12492,#12493),(#12494,#12495)),.UNSPECIFIED.,.F.,.F.,.F.,(3,1,3),(2,2),
(0.,1.,2.),(0.,2.14263856028029),.UNSPECIFIED.);
#526=B_SPLINE_SURFACE_WITH_KNOTS('',2,1,((#12502,#12503),(#12504,#12505),
(#12506,#12507),(#12508,#12509)),.UNSPECIFIED.,.F.,.F.,.F.,(3,1,3),(2,2),
(0.,1.,2.),(0.,2.14263856028029),.UNSPECIFIED.);
#527=B_SPLINE_SURFACE_WITH_KNOTS('',2,1,((#12516,#12517),(#12518,#12519),
(#12520,#12521),(#12522,#12523)),.UNSPECIFIED.,.F.,.F.,.F.,(3,1,3),(2,2),
(0.,1.,2.),(0.,2.14263856028029),.UNSPECIFIED.);
#528=B_SPLINE_SURFACE_WITH_KNOTS('',2,1,((#12530,#12531),(#12532,#12533),
(#12534,#12535),(#12536,#12537)),.UNSPECIFIED.,.F.,.F.,.F.,(3,1,3),(2,2),
(0.,1.,2.),(0.,2.14263856028029),.UNSPECIFIED.);
#529=B_SPLINE_SURFACE_WITH_KNOTS('',2,1,((#12544,#12545),(#12546,#12547),
(#12548,#12549),(#12550,#12551)),.UNSPECIFIED.,.F.,.F.,.F.,(3,1,3),(2,2),
(0.,1.,2.),(0.,2.14263856028029),.UNSPECIFIED.);
#530=B_SPLINE_SURFACE_WITH_KNOTS('',2,1,((#12570,#12571),(#12572,#12573),
(#12574,#12575),(#12576,#12577)),.UNSPECIFIED.,.F.,.F.,.F.,(3,1,3),(2,2),
(0.,1.,2.),(0.,2.14263856028029),.UNSPECIFIED.);
#531=B_SPLINE_SURFACE_WITH_KNOTS('',2,1,((#12584,#12585),(#12586,#12587),
(#12588,#12589),(#12590,#12591)),.UNSPECIFIED.,.F.,.F.,.F.,(3,1,3),(2,2),
(0.,1.,2.),(0.,2.14263856028029),.UNSPECIFIED.);
#532=B_SPLINE_SURFACE_WITH_KNOTS('',2,1,((#12598,#12599),(#12600,#12601),
(#12602,#12603),(#12604,#12605)),.UNSPECIFIED.,.F.,.F.,.F.,(3,1,3),(2,2),
(0.,1.,2.),(0.,2.14263856028029),.UNSPECIFIED.);
#533=B_SPLINE_SURFACE_WITH_KNOTS('',2,1,((#12612,#12613),(#12614,#12615),
(#12616,#12617),(#12618,#12619)),.UNSPECIFIED.,.F.,.F.,.F.,(3,1,3),(2,2),
(0.,1.,2.),(0.,2.14263856028029),.UNSPECIFIED.);
#534=B_SPLINE_SURFACE_WITH_KNOTS('',2,1,((#12623,#12624),(#12625,#12626),
(#12627,#12628),(#12629,#12630)),.UNSPECIFIED.,.F.,.F.,.F.,(3,1,3),(2,2),
(0.,1.,2.),(0.,2.14263856028029),.UNSPECIFIED.);
#535=B_SPLINE_SURFACE_WITH_KNOTS('',2,1,((#12637,#12638),(#12639,#12640),
(#12641,#12642),(#12643,#12644)),.UNSPECIFIED.,.F.,.F.,.F.,(3,1,3),(2,2),
(0.,1.,2.),(0.,2.14263856028029),.UNSPECIFIED.);
#536=B_SPLINE_SURFACE_WITH_KNOTS('',2,1,((#12651,#12652),(#12653,#12654),
(#12655,#12656),(#12657,#12658)),.UNSPECIFIED.,.F.,.F.,.F.,(3,1,3),(2,2),
(0.,1.,2.),(0.,2.14263856028029),.UNSPECIFIED.);
#537=B_SPLINE_SURFACE_WITH_KNOTS('',2,1,((#12669,#12670),(#12671,#12672),
(#12673,#12674),(#12675,#12676)),.UNSPECIFIED.,.F.,.F.,.F.,(3,1,3),(2,2),
(0.,1.,2.),(0.,2.14263856028029),.UNSPECIFIED.);
#538=B_SPLINE_SURFACE_WITH_KNOTS('',2,1,((#12683,#12684),(#12685,#12686),
(#12687,#12688),(#12689,#12690)),.UNSPECIFIED.,.F.,.F.,.F.,(3,1,3),(2,2),
(0.,1.,2.),(0.,2.14263856028029),.UNSPECIFIED.);
#539=B_SPLINE_SURFACE_WITH_KNOTS('',2,1,((#12697,#12698),(#12699,#12700),
(#12701,#12702),(#12703,#12704)),.UNSPECIFIED.,.F.,.F.,.F.,(3,1,3),(2,2),
(0.,1.,2.),(0.,2.14263856028029),.UNSPECIFIED.);
#540=B_SPLINE_SURFACE_WITH_KNOTS('',2,1,((#12711,#12712),(#12713,#12714),
(#12715,#12716),(#12717,#12718)),.UNSPECIFIED.,.F.,.F.,.F.,(3,1,3),(2,2),
(0.,1.,2.),(0.,2.14263856028029),.UNSPECIFIED.);
#541=B_SPLINE_SURFACE_WITH_KNOTS('',2,1,((#12733,#12734),(#12735,#12736),
(#12737,#12738),(#12739,#12740)),.UNSPECIFIED.,.F.,.F.,.F.,(3,1,3),(2,2),
(0.,1.,2.),(0.,2.14263856028029),.UNSPECIFIED.);
#542=B_SPLINE_SURFACE_WITH_KNOTS('',2,1,((#12747,#12748),(#12749,#12750),
(#12751,#12752),(#12753,#12754)),.UNSPECIFIED.,.F.,.F.,.F.,(3,1,3),(2,2),
(0.,1.,2.),(0.,2.14263856028029),.UNSPECIFIED.);
#543=B_SPLINE_SURFACE_WITH_KNOTS('',2,1,((#12759,#12760),(#12761,#12762),
(#12763,#12764),(#12765,#12766)),.UNSPECIFIED.,.F.,.F.,.F.,(3,1,3),(2,2),
(0.,1.,2.),(0.,2.14263856028029),.UNSPECIFIED.);
#544=B_SPLINE_SURFACE_WITH_KNOTS('',2,1,((#12784,#12785),(#12786,#12787),
(#12788,#12789),(#12790,#12791)),.UNSPECIFIED.,.F.,.F.,.F.,(3,1,3),(2,2),
(0.,1.,2.),(0.,2.14263856028029),.UNSPECIFIED.);
#545=B_SPLINE_SURFACE_WITH_KNOTS('',2,1,((#12833,#12834),(#12835,#12836),
(#12837,#12838),(#12839,#12840)),.UNSPECIFIED.,.F.,.F.,.F.,(3,1,3),(2,2),
(0.,1.,2.),(0.,2.14263856028029),.UNSPECIFIED.);
#546=B_SPLINE_SURFACE_WITH_KNOTS('',2,1,((#12855,#12856),(#12857,#12858),
(#12859,#12860),(#12861,#12862)),.UNSPECIFIED.,.F.,.F.,.F.,(3,1,3),(2,2),
(0.,1.,2.),(0.,2.14263856028029),.UNSPECIFIED.);
#547=B_SPLINE_SURFACE_WITH_KNOTS('',2,1,((#12886,#12887),(#12888,#12889),
(#12890,#12891),(#12892,#12893)),.UNSPECIFIED.,.F.,.F.,.F.,(3,1,3),(2,2),
(-2.,-1.,0.),(0.,2.14263856028029),.UNSPECIFIED.);
#548=B_SPLINE_SURFACE_WITH_KNOTS('',2,1,((#12908,#12909),(#12910,#12911),
(#12912,#12913),(#12914,#12915)),.UNSPECIFIED.,.F.,.F.,.F.,(3,1,3),(2,2),
(-2.,-1.,0.),(0.,2.14263856028029),.UNSPECIFIED.);
#549=B_SPLINE_SURFACE_WITH_KNOTS('',2,1,((#12921,#12922),(#12923,#12924),
(#12925,#12926),(#12927,#12928)),.UNSPECIFIED.,.F.,.F.,.F.,(3,1,3),(2,2),
(-2.,-1.,0.),(0.,2.14263856028029),.UNSPECIFIED.);
#550=B_SPLINE_SURFACE_WITH_KNOTS('',2,1,((#12943,#12944),(#12945,#12946),
(#12947,#12948),(#12949,#12950)),.UNSPECIFIED.,.F.,.F.,.F.,(3,1,3),(2,2),
(-2.,-1.,0.),(0.,2.14263856028029),.UNSPECIFIED.);
#551=B_SPLINE_SURFACE_WITH_KNOTS('',2,1,((#13097,#13098),(#13099,#13100),
(#13101,#13102),(#13103,#13104)),.UNSPECIFIED.,.F.,.F.,.F.,(3,1,3),(2,2),
(-2.,-1.,0.),(0.,2.14263856028029),.UNSPECIFIED.);
#552=B_SPLINE_SURFACE_WITH_KNOTS('',2,1,((#13113,#13114),(#13115,#13116),
(#13117,#13118),(#13119,#13120)),.UNSPECIFIED.,.F.,.F.,.F.,(3,1,3),(2,2),
(-2.,-1.,0.),(0.,2.14263856028029),.UNSPECIFIED.);
#553=B_SPLINE_SURFACE_WITH_KNOTS('',2,1,((#13127,#13128),(#13129,#13130),
(#13131,#13132),(#13133,#13134)),.UNSPECIFIED.,.F.,.F.,.F.,(3,1,3),(2,2),
(-2.,-1.,0.),(0.,2.14263856028029),.UNSPECIFIED.);
#554=B_SPLINE_SURFACE_WITH_KNOTS('',2,1,((#13141,#13142),(#13143,#13144),
(#13145,#13146),(#13147,#13148)),.UNSPECIFIED.,.F.,.F.,.F.,(3,1,3),(2,2),
(-2.,-1.,0.),(0.,2.14263856028029),.UNSPECIFIED.);
#555=B_SPLINE_SURFACE_WITH_KNOTS('',2,1,((#13155,#13156),(#13157,#13158),
(#13159,#13160),(#13161,#13162)),.UNSPECIFIED.,.F.,.F.,.F.,(3,1,3),(2,2),
(-2.,-1.,0.),(0.,2.14263856028029),.UNSPECIFIED.);
#556=B_SPLINE_SURFACE_WITH_KNOTS('',2,1,((#13171,#13172),(#13173,#13174),
(#13175,#13176),(#13177,#13178)),.UNSPECIFIED.,.F.,.F.,.F.,(3,1,3),(2,2),
(-2.,-1.,0.),(0.,2.14263856028029),.UNSPECIFIED.);
#557=B_SPLINE_SURFACE_WITH_KNOTS('',2,1,((#13185,#13186),(#13187,#13188),
(#13189,#13190),(#13191,#13192)),.UNSPECIFIED.,.F.,.F.,.F.,(3,1,3),(2,2),
(-2.,-1.,0.),(0.,2.14263856028029),.UNSPECIFIED.);
#558=B_SPLINE_SURFACE_WITH_KNOTS('',2,1,((#13199,#13200),(#13201,#13202),
(#13203,#13204),(#13205,#13206)),.UNSPECIFIED.,.F.,.F.,.F.,(3,1,3),(2,2),
(-2.,-1.,0.),(0.,2.14263856028029),.UNSPECIFIED.);
#559=B_SPLINE_SURFACE_WITH_KNOTS('',2,1,((#13213,#13214),(#13215,#13216),
(#13217,#13218),(#13219,#13220)),.UNSPECIFIED.,.F.,.F.,.F.,(3,1,3),(2,2),
(0.,1.,2.),(0.,2.14263856028029),.UNSPECIFIED.);
#560=B_SPLINE_SURFACE_WITH_KNOTS('',2,1,((#13229,#13230),(#13231,#13232),
(#13233,#13234),(#13235,#13236)),.UNSPECIFIED.,.F.,.F.,.F.,(3,1,3),(2,2),
(0.,1.,2.),(0.,2.14263856028029),.UNSPECIFIED.);
#561=B_SPLINE_SURFACE_WITH_KNOTS('',2,1,((#13243,#13244),(#13245,#13246),
(#13247,#13248),(#13249,#13250)),.UNSPECIFIED.,.F.,.F.,.F.,(3,1,3),(2,2),
(0.,1.,2.),(0.,2.14263856028029),.UNSPECIFIED.);
#562=B_SPLINE_SURFACE_WITH_KNOTS('',2,1,((#13261,#13262),(#13263,#13264),
(#13265,#13266),(#13267,#13268)),.UNSPECIFIED.,.F.,.F.,.F.,(3,1,3),(2,2),
(0.,1.,2.),(0.,2.14263856028029),.UNSPECIFIED.);
#563=B_SPLINE_SURFACE_WITH_KNOTS('',2,1,((#13307,#13308),(#13309,#13310),
(#13311,#13312),(#13313,#13314)),.UNSPECIFIED.,.F.,.F.,.F.,(3,1,3),(2,2),
(0.,1.,2.),(0.,2.14263856028029),.UNSPECIFIED.);
#564=B_SPLINE_SURFACE_WITH_KNOTS('',2,1,((#13321,#13322),(#13323,#13324),
(#13325,#13326),(#13327,#13328)),.UNSPECIFIED.,.F.,.F.,.F.,(3,1,3),(2,2),
(0.,1.,2.),(0.,2.14263856028029),.UNSPECIFIED.);
#565=FACE_OUTER_BOUND('',#971,.T.);
#566=FACE_OUTER_BOUND('',#972,.T.);
#567=FACE_OUTER_BOUND('',#973,.T.);
#568=FACE_OUTER_BOUND('',#974,.T.);
#569=FACE_OUTER_BOUND('',#975,.T.);
#570=FACE_OUTER_BOUND('',#976,.T.);
#571=FACE_OUTER_BOUND('',#977,.T.);
#572=FACE_OUTER_BOUND('',#978,.T.);
#573=FACE_OUTER_BOUND('',#979,.T.);
#574=FACE_OUTER_BOUND('',#980,.T.);
#575=FACE_OUTER_BOUND('',#981,.T.);
#576=FACE_OUTER_BOUND('',#982,.T.);
#577=FACE_OUTER_BOUND('',#983,.T.);
#578=FACE_OUTER_BOUND('',#985,.T.);
#579=FACE_OUTER_BOUND('',#986,.T.);
#580=FACE_OUTER_BOUND('',#987,.T.);
#581=FACE_OUTER_BOUND('',#988,.T.);
#582=FACE_OUTER_BOUND('',#989,.T.);
#583=FACE_OUTER_BOUND('',#990,.T.);
#584=FACE_OUTER_BOUND('',#991,.T.);
#585=FACE_OUTER_BOUND('',#992,.T.);
#586=FACE_OUTER_BOUND('',#993,.T.);
#587=FACE_OUTER_BOUND('',#994,.T.);
#588=FACE_OUTER_BOUND('',#995,.T.);
#589=FACE_OUTER_BOUND('',#996,.T.);
#590=FACE_OUTER_BOUND('',#997,.T.);
#591=FACE_OUTER_BOUND('',#998,.T.);
#592=FACE_OUTER_BOUND('',#999,.T.);
#593=FACE_OUTER_BOUND('',#1000,.T.);
#594=FACE_OUTER_BOUND('',#1001,.T.);
#595=FACE_OUTER_BOUND('',#1002,.T.);
#596=FACE_OUTER_BOUND('',#1003,.T.);
#597=FACE_OUTER_BOUND('',#1004,.T.);
#598=FACE_OUTER_BOUND('',#1005,.T.);
#599=FACE_OUTER_BOUND('',#1006,.T.);
#600=FACE_OUTER_BOUND('',#1007,.T.);
#601=FACE_OUTER_BOUND('',#1008,.T.);
#602=FACE_OUTER_BOUND('',#1009,.T.);
#603=FACE_OUTER_BOUND('',#1010,.T.);
#604=FACE_OUTER_BOUND('',#1011,.T.);
#605=FACE_OUTER_BOUND('',#1012,.T.);
#606=FACE_OUTER_BOUND('',#1013,.T.);
#607=FACE_OUTER_BOUND('',#1014,.T.);
#608=FACE_OUTER_BOUND('',#1015,.T.);
#609=FACE_OUTER_BOUND('',#1017,.T.);
#610=FACE_OUTER_BOUND('',#1018,.T.);
#611=FACE_OUTER_BOUND('',#1019,.T.);
#612=FACE_OUTER_BOUND('',#1020,.T.);
#613=FACE_OUTER_BOUND('',#1021,.T.);
#614=FACE_OUTER_BOUND('',#1022,.T.);
#615=FACE_OUTER_BOUND('',#1023,.T.);
#616=FACE_OUTER_BOUND('',#1024,.T.);
#617=FACE_OUTER_BOUND('',#1025,.T.);
#618=FACE_OUTER_BOUND('',#1026,.T.);
#619=FACE_OUTER_BOUND('',#1027,.T.);
#620=FACE_OUTER_BOUND('',#1028,.T.);
#621=FACE_OUTER_BOUND('',#1029,.T.);
#622=FACE_OUTER_BOUND('',#1030,.T.);
#623=FACE_OUTER_BOUND('',#1031,.T.);
#624=FACE_OUTER_BOUND('',#1032,.T.);
#625=FACE_OUTER_BOUND('',#1033,.T.);
#626=FACE_OUTER_BOUND('',#1034,.T.);
#627=FACE_OUTER_BOUND('',#1035,.T.);
#628=FACE_OUTER_BOUND('',#1036,.T.);
#629=FACE_OUTER_BOUND('',#1037,.T.);
#630=FACE_OUTER_BOUND('',#1038,.T.);
#631=FACE_OUTER_BOUND('',#1039,.T.);
#632=FACE_OUTER_BOUND('',#1040,.T.);
#633=FACE_OUTER_BOUND('',#1041,.T.);
#634=FACE_OUTER_BOUND('',#1042,.T.);
#635=FACE_OUTER_BOUND('',#1043,.T.);
#636=FACE_OUTER_BOUND('',#1044,.T.);
#637=FACE_OUTER_BOUND('',#1045,.T.);
#638=FACE_OUTER_BOUND('',#1046,.T.);
#639=FACE_OUTER_BOUND('',#1047,.T.);
#640=FACE_OUTER_BOUND('',#1048,.T.);
#641=FACE_OUTER_BOUND('',#1049,.T.);
#642=FACE_OUTER_BOUND('',#1050,.T.);
#643=FACE_OUTER_BOUND('',#1051,.T.);
#644=FACE_OUTER_BOUND('',#1052,.T.);
#645=FACE_OUTER_BOUND('',#1053,.T.);
#646=FACE_OUTER_BOUND('',#1054,.T.);
#647=FACE_OUTER_BOUND('',#1055,.T.);
#648=FACE_OUTER_BOUND('',#1056,.T.);
#649=FACE_OUTER_BOUND('',#1057,.T.);
#650=FACE_OUTER_BOUND('',#1058,.T.);
#651=FACE_OUTER_BOUND('',#1059,.T.);
#652=FACE_OUTER_BOUND('',#1060,.T.);
#653=FACE_OUTER_BOUND('',#1061,.T.);
#654=FACE_OUTER_BOUND('',#1062,.T.);
#655=FACE_OUTER_BOUND('',#1063,.T.);
#656=FACE_OUTER_BOUND('',#1064,.T.);
#657=FACE_OUTER_BOUND('',#1065,.T.);
#658=FACE_OUTER_BOUND('',#1066,.T.);
#659=FACE_OUTER_BOUND('',#1067,.T.);
#660=FACE_OUTER_BOUND('',#1068,.T.);
#661=FACE_OUTER_BOUND('',#1069,.T.);
#662=FACE_OUTER_BOUND('',#1070,.T.);
#663=FACE_OUTER_BOUND('',#1071,.T.);
#664=FACE_OUTER_BOUND('',#1072,.T.);
#665=FACE_OUTER_BOUND('',#1073,.T.);
#666=FACE_OUTER_BOUND('',#1076,.T.);
#667=FACE_OUTER_BOUND('',#1077,.T.);
#668=FACE_OUTER_BOUND('',#1078,.T.);
#669=FACE_OUTER_BOUND('',#1079,.T.);
#670=FACE_OUTER_BOUND('',#1080,.T.);
#671=FACE_OUTER_BOUND('',#1081,.T.);
#672=FACE_OUTER_BOUND('',#1082,.T.);
#673=FACE_OUTER_BOUND('',#1083,.T.);
#674=FACE_OUTER_BOUND('',#1084,.T.);
#675=FACE_OUTER_BOUND('',#1085,.T.);
#676=FACE_OUTER_BOUND('',#1086,.T.);
#677=FACE_OUTER_BOUND('',#1087,.T.);
#678=FACE_OUTER_BOUND('',#1088,.T.);
#679=FACE_OUTER_BOUND('',#1089,.T.);
#680=FACE_OUTER_BOUND('',#1090,.T.);
#681=FACE_OUTER_BOUND('',#1091,.T.);
#682=FACE_OUTER_BOUND('',#1092,.T.);
#683=FACE_OUTER_BOUND('',#1093,.T.);
#684=FACE_OUTER_BOUND('',#1094,.T.);
#685=FACE_OUTER_BOUND('',#1095,.T.);
#686=FACE_OUTER_BOUND('',#1096,.T.);
#687=FACE_OUTER_BOUND('',#1097,.T.);
#688=FACE_OUTER_BOUND('',#1098,.T.);
#689=FACE_OUTER_BOUND('',#1099,.T.);
#690=FACE_OUTER_BOUND('',#1100,.T.);
#691=FACE_OUTER_BOUND('',#1101,.T.);
#692=FACE_OUTER_BOUND('',#1102,.T.);
#693=FACE_OUTER_BOUND('',#1103,.T.);
#694=FACE_OUTER_BOUND('',#1104,.T.);
#695=FACE_OUTER_BOUND('',#1105,.T.);
#696=FACE_OUTER_BOUND('',#1106,.T.);
#697=FACE_OUTER_BOUND('',#1107,.T.);
#698=FACE_OUTER_BOUND('',#1108,.T.);
#699=FACE_OUTER_BOUND('',#1109,.T.);
#700=FACE_OUTER_BOUND('',#1110,.T.);
#701=FACE_OUTER_BOUND('',#1111,.T.);
#702=FACE_OUTER_BOUND('',#1113,.T.);
#703=FACE_OUTER_BOUND('',#1114,.T.);
#704=FACE_OUTER_BOUND('',#1115,.T.);
#705=FACE_OUTER_BOUND('',#1116,.T.);
#706=FACE_OUTER_BOUND('',#1117,.T.);
#707=FACE_OUTER_BOUND('',#1118,.T.);
#708=FACE_OUTER_BOUND('',#1119,.T.);
#709=FACE_OUTER_BOUND('',#1120,.T.);
#710=FACE_OUTER_BOUND('',#1121,.T.);
#711=FACE_OUTER_BOUND('',#1122,.T.);
#712=FACE_OUTER_BOUND('',#1123,.T.);
#713=FACE_OUTER_BOUND('',#1124,.T.);
#714=FACE_OUTER_BOUND('',#1125,.T.);
#715=FACE_OUTER_BOUND('',#1126,.T.);
#716=FACE_OUTER_BOUND('',#1127,.T.);
#717=FACE_OUTER_BOUND('',#1128,.T.);
#718=FACE_OUTER_BOUND('',#1129,.T.);
#719=FACE_OUTER_BOUND('',#1130,.T.);
#720=FACE_OUTER_BOUND('',#1131,.T.);
#721=FACE_OUTER_BOUND('',#1132,.T.);
#722=FACE_OUTER_BOUND('',#1133,.T.);
#723=FACE_OUTER_BOUND('',#1134,.T.);
#724=FACE_OUTER_BOUND('',#1135,.T.);
#725=FACE_OUTER_BOUND('',#1136,.T.);
#726=FACE_OUTER_BOUND('',#1137,.T.);
#727=FACE_OUTER_BOUND('',#1138,.T.);
#728=FACE_OUTER_BOUND('',#1139,.T.);
#729=FACE_OUTER_BOUND('',#1140,.T.);
#730=FACE_OUTER_BOUND('',#1141,.T.);
#731=FACE_OUTER_BOUND('',#1142,.T.);
#732=FACE_OUTER_BOUND('',#1143,.T.);
#733=FACE_OUTER_BOUND('',#1144,.T.);
#734=FACE_OUTER_BOUND('',#1145,.T.);
#735=FACE_OUTER_BOUND('',#1146,.T.);
#736=FACE_OUTER_BOUND('',#1147,.T.);
#737=FACE_OUTER_BOUND('',#1148,.T.);
#738=FACE_OUTER_BOUND('',#1149,.T.);
#739=FACE_OUTER_BOUND('',#1150,.T.);
#740=FACE_OUTER_BOUND('',#1151,.T.);
#741=FACE_OUTER_BOUND('',#1152,.T.);
#742=FACE_OUTER_BOUND('',#1153,.T.);
#743=FACE_OUTER_BOUND('',#1154,.T.);
#744=FACE_OUTER_BOUND('',#1155,.T.);
#745=FACE_OUTER_BOUND('',#1156,.T.);
#746=FACE_OUTER_BOUND('',#1157,.T.);
#747=FACE_OUTER_BOUND('',#1158,.T.);
#748=FACE_OUTER_BOUND('',#1159,.T.);
#749=FACE_OUTER_BOUND('',#1160,.T.);
#750=FACE_OUTER_BOUND('',#1161,.T.);
#751=FACE_OUTER_BOUND('',#1162,.T.);
#752=FACE_OUTER_BOUND('',#1163,.T.);
#753=FACE_OUTER_BOUND('',#1164,.T.);
#754=FACE_OUTER_BOUND('',#1165,.T.);
#755=FACE_OUTER_BOUND('',#1166,.T.);
#756=FACE_OUTER_BOUND('',#1167,.T.);
#757=FACE_OUTER_BOUND('',#1168,.T.);
#758=FACE_OUTER_BOUND('',#1169,.T.);
#759=FACE_OUTER_BOUND('',#1170,.T.);
#760=FACE_OUTER_BOUND('',#1171,.T.);
#761=FACE_OUTER_BOUND('',#1172,.T.);
#762=FACE_OUTER_BOUND('',#1173,.T.);
#763=FACE_OUTER_BOUND('',#1174,.T.);
#764=FACE_OUTER_BOUND('',#1175,.T.);
#765=FACE_OUTER_BOUND('',#1176,.T.);
#766=FACE_OUTER_BOUND('',#1177,.T.);
#767=FACE_OUTER_BOUND('',#1178,.T.);
#768=FACE_OUTER_BOUND('',#1179,.T.);
#769=FACE_OUTER_BOUND('',#1180,.T.);
#770=FACE_OUTER_BOUND('',#1181,.T.);
#771=FACE_OUTER_BOUND('',#1182,.T.);
#772=FACE_OUTER_BOUND('',#1183,.T.);
#773=FACE_OUTER_BOUND('',#1184,.T.);
#774=FACE_OUTER_BOUND('',#1185,.T.);
#775=FACE_OUTER_BOUND('',#1186,.T.);
#776=FACE_OUTER_BOUND('',#1187,.T.);
#777=FACE_OUTER_BOUND('',#1188,.T.);
#778=FACE_OUTER_BOUND('',#1189,.T.);
#779=FACE_OUTER_BOUND('',#1190,.T.);
#780=FACE_OUTER_BOUND('',#1191,.T.);
#781=FACE_OUTER_BOUND('',#1192,.T.);
#782=FACE_OUTER_BOUND('',#1193,.T.);
#783=FACE_OUTER_BOUND('',#1194,.T.);
#784=FACE_OUTER_BOUND('',#1195,.T.);
#785=FACE_OUTER_BOUND('',#1196,.T.);
#786=FACE_OUTER_BOUND('',#1197,.T.);
#787=FACE_OUTER_BOUND('',#1198,.T.);
#788=FACE_OUTER_BOUND('',#1199,.T.);
#789=FACE_OUTER_BOUND('',#1200,.T.);
#790=FACE_OUTER_BOUND('',#1201,.T.);
#791=FACE_OUTER_BOUND('',#1202,.T.);
#792=FACE_OUTER_BOUND('',#1203,.T.);
#793=FACE_OUTER_BOUND('',#1204,.T.);
#794=FACE_OUTER_BOUND('',#1205,.T.);
#795=FACE_OUTER_BOUND('',#1206,.T.);
#796=FACE_OUTER_BOUND('',#1207,.T.);
#797=FACE_OUTER_BOUND('',#1208,.T.);
#798=FACE_OUTER_BOUND('',#1209,.T.);
#799=FACE_OUTER_BOUND('',#1210,.T.);
#800=FACE_OUTER_BOUND('',#1211,.T.);
#801=FACE_OUTER_BOUND('',#1212,.T.);
#802=FACE_OUTER_BOUND('',#1213,.T.);
#803=FACE_OUTER_BOUND('',#1214,.T.);
#804=FACE_OUTER_BOUND('',#1215,.T.);
#805=FACE_OUTER_BOUND('',#1216,.T.);
#806=FACE_OUTER_BOUND('',#1217,.T.);
#807=FACE_OUTER_BOUND('',#1218,.T.);
#808=FACE_OUTER_BOUND('',#1219,.T.);
#809=FACE_OUTER_BOUND('',#1220,.T.);
#810=FACE_OUTER_BOUND('',#1221,.T.);
#811=FACE_OUTER_BOUND('',#1222,.T.);
#812=FACE_OUTER_BOUND('',#1223,.T.);
#813=FACE_OUTER_BOUND('',#1224,.T.);
#814=FACE_OUTER_BOUND('',#1225,.T.);
#815=FACE_OUTER_BOUND('',#1226,.T.);
#816=FACE_OUTER_BOUND('',#1227,.T.);
#817=FACE_OUTER_BOUND('',#1228,.T.);
#818=FACE_OUTER_BOUND('',#1229,.T.);
#819=FACE_OUTER_BOUND('',#1230,.T.);
#820=FACE_OUTER_BOUND('',#1231,.T.);
#821=FACE_OUTER_BOUND('',#1232,.T.);
#822=FACE_OUTER_BOUND('',#1233,.T.);
#823=FACE_OUTER_BOUND('',#1234,.T.);
#824=FACE_OUTER_BOUND('',#1235,.T.);
#825=FACE_OUTER_BOUND('',#1236,.T.);
#826=FACE_OUTER_BOUND('',#1237,.T.);
#827=FACE_OUTER_BOUND('',#1238,.T.);
#828=FACE_OUTER_BOUND('',#1239,.T.);
#829=FACE_OUTER_BOUND('',#1240,.T.);
#830=FACE_OUTER_BOUND('',#1242,.T.);
#831=FACE_OUTER_BOUND('',#1245,.T.);
#832=FACE_OUTER_BOUND('',#1246,.T.);
#833=FACE_OUTER_BOUND('',#1247,.T.);
#834=FACE_OUTER_BOUND('',#1248,.T.);
#835=FACE_OUTER_BOUND('',#1249,.T.);
#836=FACE_OUTER_BOUND('',#1250,.T.);
#837=FACE_OUTER_BOUND('',#1251,.T.);
#838=FACE_OUTER_BOUND('',#1252,.T.);
#839=FACE_OUTER_BOUND('',#1253,.T.);
#840=FACE_OUTER_BOUND('',#1254,.T.);
#841=FACE_OUTER_BOUND('',#1255,.T.);
#842=FACE_OUTER_BOUND('',#1256,.T.);
#843=FACE_OUTER_BOUND('',#1257,.T.);
#844=FACE_OUTER_BOUND('',#1258,.T.);
#845=FACE_OUTER_BOUND('',#1259,.T.);
#846=FACE_OUTER_BOUND('',#1260,.T.);
#847=FACE_OUTER_BOUND('',#1261,.T.);
#848=FACE_OUTER_BOUND('',#1262,.T.);
#849=FACE_OUTER_BOUND('',#1263,.T.);
#850=FACE_OUTER_BOUND('',#1264,.T.);
#851=FACE_OUTER_BOUND('',#1265,.T.);
#852=FACE_OUTER_BOUND('',#1266,.T.);
#853=FACE_OUTER_BOUND('',#1267,.T.);
#854=FACE_OUTER_BOUND('',#1268,.T.);
#855=FACE_OUTER_BOUND('',#1269,.T.);
#856=FACE_OUTER_BOUND('',#1270,.T.);
#857=FACE_OUTER_BOUND('',#1271,.T.);
#858=FACE_OUTER_BOUND('',#1272,.T.);
#859=FACE_OUTER_BOUND('',#1273,.T.);
#860=FACE_OUTER_BOUND('',#1274,.T.);
#861=FACE_OUTER_BOUND('',#1295,.T.);
#862=FACE_OUTER_BOUND('',#1296,.T.);
#863=FACE_OUTER_BOUND('',#1297,.T.);
#864=FACE_OUTER_BOUND('',#1298,.T.);
#865=FACE_OUTER_BOUND('',#1299,.T.);
#866=FACE_OUTER_BOUND('',#1300,.T.);
#867=FACE_OUTER_BOUND('',#1301,.T.);
#868=FACE_OUTER_BOUND('',#1302,.T.);
#869=FACE_OUTER_BOUND('',#1304,.T.);
#870=FACE_OUTER_BOUND('',#1305,.T.);
#871=FACE_OUTER_BOUND('',#1307,.T.);
#872=FACE_OUTER_BOUND('',#1308,.T.);
#873=FACE_OUTER_BOUND('',#1309,.T.);
#874=FACE_OUTER_BOUND('',#1310,.T.);
#875=FACE_OUTER_BOUND('',#1311,.T.);
#876=FACE_OUTER_BOUND('',#1312,.T.);
#877=FACE_OUTER_BOUND('',#1313,.T.);
#878=FACE_OUTER_BOUND('',#1314,.T.);
#879=FACE_OUTER_BOUND('',#1315,.T.);
#880=FACE_OUTER_BOUND('',#1316,.T.);
#881=FACE_OUTER_BOUND('',#1317,.T.);
#882=FACE_OUTER_BOUND('',#1318,.T.);
#883=FACE_OUTER_BOUND('',#1319,.T.);
#884=FACE_OUTER_BOUND('',#1320,.T.);
#885=FACE_OUTER_BOUND('',#1321,.T.);
#886=FACE_OUTER_BOUND('',#1322,.T.);
#887=FACE_OUTER_BOUND('',#1323,.T.);
#888=FACE_OUTER_BOUND('',#1324,.T.);
#889=FACE_OUTER_BOUND('',#1325,.T.);
#890=FACE_OUTER_BOUND('',#1326,.T.);
#891=FACE_OUTER_BOUND('',#1327,.T.);
#892=FACE_OUTER_BOUND('',#1328,.T.);
#893=FACE_OUTER_BOUND('',#1329,.T.);
#894=FACE_OUTER_BOUND('',#1330,.T.);
#895=FACE_OUTER_BOUND('',#1331,.T.);
#896=FACE_OUTER_BOUND('',#1332,.T.);
#897=FACE_OUTER_BOUND('',#1333,.T.);
#898=FACE_OUTER_BOUND('',#1334,.T.);
#899=FACE_OUTER_BOUND('',#1335,.T.);
#900=FACE_OUTER_BOUND('',#1336,.T.);
#901=FACE_OUTER_BOUND('',#1337,.T.);
#902=FACE_OUTER_BOUND('',#1338,.T.);
#903=FACE_OUTER_BOUND('',#1339,.T.);
#904=FACE_OUTER_BOUND('',#1340,.T.);
#905=FACE_OUTER_BOUND('',#1341,.T.);
#906=FACE_OUTER_BOUND('',#1342,.T.);
#907=FACE_OUTER_BOUND('',#1343,.T.);
#908=FACE_OUTER_BOUND('',#1344,.T.);
#909=FACE_OUTER_BOUND('',#1345,.T.);
#910=FACE_OUTER_BOUND('',#1346,.T.);
#911=FACE_OUTER_BOUND('',#1347,.T.);
#912=FACE_OUTER_BOUND('',#1348,.T.);
#913=FACE_OUTER_BOUND('',#1349,.T.);
#914=FACE_OUTER_BOUND('',#1350,.T.);
#915=FACE_OUTER_BOUND('',#1351,.T.);
#916=FACE_OUTER_BOUND('',#1352,.T.);
#917=FACE_OUTER_BOUND('',#1353,.T.);
#918=FACE_OUTER_BOUND('',#1354,.T.);
#919=FACE_OUTER_BOUND('',#1355,.T.);
#920=FACE_OUTER_BOUND('',#1356,.T.);
#921=FACE_OUTER_BOUND('',#1357,.T.);
#922=FACE_OUTER_BOUND('',#1358,.T.);
#923=FACE_OUTER_BOUND('',#1359,.T.);
#924=FACE_OUTER_BOUND('',#1360,.T.);
#925=FACE_OUTER_BOUND('',#1361,.T.);
#926=FACE_OUTER_BOUND('',#1362,.T.);
#927=FACE_OUTER_BOUND('',#1363,.T.);
#928=FACE_OUTER_BOUND('',#1364,.T.);
#929=FACE_OUTER_BOUND('',#1365,.T.);
#930=FACE_OUTER_BOUND('',#1366,.T.);
#931=FACE_OUTER_BOUND('',#1367,.T.);
#932=FACE_OUTER_BOUND('',#1368,.T.);
#933=FACE_OUTER_BOUND('',#1369,.T.);
#934=FACE_OUTER_BOUND('',#1370,.T.);
#935=FACE_OUTER_BOUND('',#1371,.T.);
#936=FACE_OUTER_BOUND('',#1372,.T.);
#937=FACE_OUTER_BOUND('',#1373,.T.);
#938=FACE_OUTER_BOUND('',#1374,.T.);
#939=FACE_OUTER_BOUND('',#1375,.T.);
#940=FACE_OUTER_BOUND('',#1376,.T.);
#941=FACE_OUTER_BOUND('',#1377,.T.);
#942=FACE_OUTER_BOUND('',#1378,.T.);
#943=FACE_OUTER_BOUND('',#1379,.T.);
#944=FACE_OUTER_BOUND('',#1380,.T.);
#945=FACE_OUTER_BOUND('',#1381,.T.);
#946=FACE_OUTER_BOUND('',#1382,.T.);
#947=FACE_OUTER_BOUND('',#1383,.T.);
#948=FACE_OUTER_BOUND('',#1384,.T.);
#949=FACE_OUTER_BOUND('',#1385,.T.);
#950=FACE_OUTER_BOUND('',#1386,.T.);
#951=FACE_OUTER_BOUND('',#1387,.T.);
#952=FACE_OUTER_BOUND('',#1388,.T.);
#953=FACE_OUTER_BOUND('',#1389,.T.);
#954=FACE_OUTER_BOUND('',#1390,.T.);
#955=FACE_OUTER_BOUND('',#1391,.T.);
#956=FACE_OUTER_BOUND('',#1392,.T.);
#957=FACE_OUTER_BOUND('',#1393,.T.);
#958=FACE_OUTER_BOUND('',#1394,.T.);
#959=FACE_OUTER_BOUND('',#1395,.T.);
#960=FACE_OUTER_BOUND('',#1396,.T.);
#961=FACE_OUTER_BOUND('',#1397,.T.);
#962=FACE_OUTER_BOUND('',#1398,.T.);
#963=FACE_OUTER_BOUND('',#1399,.T.);
#964=FACE_OUTER_BOUND('',#1400,.T.);
#965=FACE_OUTER_BOUND('',#1401,.T.);
#966=FACE_OUTER_BOUND('',#1402,.T.);
#967=FACE_OUTER_BOUND('',#1403,.T.);
#968=FACE_OUTER_BOUND('',#1404,.T.);
#969=FACE_OUTER_BOUND('',#1405,.T.);
#970=FACE_OUTER_BOUND('',#1406,.T.);
#971=EDGE_LOOP('',(#4622,#4623,#4624,#4625,#4626,#4627,#4628,#4629,#4630,
#4631,#4632));
#972=EDGE_LOOP('',(#4633,#4634,#4635,#4636));
#973=EDGE_LOOP('',(#4637,#4638,#4639,#4640));
#974=EDGE_LOOP('',(#4641,#4642,#4643,#4644));
#975=EDGE_LOOP('',(#4645,#4646,#4647,#4648));
#976=EDGE_LOOP('',(#4649,#4650,#4651,#4652));
#977=EDGE_LOOP('',(#4653,#4654,#4655,#4656));
#978=EDGE_LOOP('',(#4657,#4658,#4659,#4660));
#979=EDGE_LOOP('',(#4661,#4662,#4663,#4664));
#980=EDGE_LOOP('',(#4665,#4666,#4667,#4668));
#981=EDGE_LOOP('',(#4669,#4670,#4671,#4672));
#982=EDGE_LOOP('',(#4673,#4674,#4675,#4676));
#983=EDGE_LOOP('',(#4677,#4678,#4679,#4680,#4681,#4682,#4683,#4684));
#984=EDGE_LOOP('',(#4685,#4686,#4687,#4688,#4689,#4690));
#985=EDGE_LOOP('',(#4691,#4692,#4693,#4694));
#986=EDGE_LOOP('',(#4695,#4696,#4697,#4698));
#987=EDGE_LOOP('',(#4699,#4700,#4701,#4702));
#988=EDGE_LOOP('',(#4703,#4704,#4705,#4706));
#989=EDGE_LOOP('',(#4707,#4708,#4709,#4710));
#990=EDGE_LOOP('',(#4711,#4712,#4713,#4714));
#991=EDGE_LOOP('',(#4715,#4716,#4717,#4718));
#992=EDGE_LOOP('',(#4719,#4720,#4721,#4722));
#993=EDGE_LOOP('',(#4723,#4724,#4725,#4726));
#994=EDGE_LOOP('',(#4727,#4728,#4729,#4730));
#995=EDGE_LOOP('',(#4731,#4732,#4733,#4734));
#996=EDGE_LOOP('',(#4735,#4736,#4737,#4738));
#997=EDGE_LOOP('',(#4739,#4740,#4741,#4742));
#998=EDGE_LOOP('',(#4743,#4744,#4745,#4746));
#999=EDGE_LOOP('',(#4747,#4748,#4749,#4750));
#1000=EDGE_LOOP('',(#4751,#4752,#4753,#4754));
#1001=EDGE_LOOP('',(#4755,#4756,#4757,#4758));
#1002=EDGE_LOOP('',(#4759,#4760,#4761,#4762));
#1003=EDGE_LOOP('',(#4763,#4764,#4765,#4766));
#1004=EDGE_LOOP('',(#4767,#4768,#4769,#4770));
#1005=EDGE_LOOP('',(#4771,#4772,#4773,#4774));
#1006=EDGE_LOOP('',(#4775,#4776,#4777,#4778));
#1007=EDGE_LOOP('',(#4779,#4780,#4781,#4782));
#1008=EDGE_LOOP('',(#4783,#4784,#4785,#4786));
#1009=EDGE_LOOP('',(#4787,#4788,#4789,#4790));
#1010=EDGE_LOOP('',(#4791,#4792,#4793,#4794));
#1011=EDGE_LOOP('',(#4795,#4796,#4797,#4798));
#1012=EDGE_LOOP('',(#4799,#4800,#4801,#4802));
#1013=EDGE_LOOP('',(#4803,#4804,#4805,#4806));
#1014=EDGE_LOOP('',(#4807,#4808,#4809,#4810));
#1015=EDGE_LOOP('',(#4811,#4812,#4813,#4814,#4815,#4816,#4817,#4818,#4819));
#1016=EDGE_LOOP('',(#4820,#4821,#4822,#4823,#4824,#4825,#4826));
#1017=EDGE_LOOP('',(#4827,#4828,#4829,#4830,#4831,#4832,#4833,#4834,#4835,
#4836,#4837,#4838,#4839,#4840,#4841,#4842,#4843,#4844,#4845,#4846));
#1018=EDGE_LOOP('',(#4847,#4848,#4849,#4850));
#1019=EDGE_LOOP('',(#4851,#4852,#4853,#4854));
#1020=EDGE_LOOP('',(#4855,#4856,#4857,#4858));
#1021=EDGE_LOOP('',(#4859,#4860,#4861,#4862));
#1022=EDGE_LOOP('',(#4863,#4864,#4865,#4866));
#1023=EDGE_LOOP('',(#4867,#4868,#4869,#4870));
#1024=EDGE_LOOP('',(#4871,#4872,#4873,#4874));
#1025=EDGE_LOOP('',(#4875,#4876,#4877,#4878));
#1026=EDGE_LOOP('',(#4879,#4880,#4881,#4882));
#1027=EDGE_LOOP('',(#4883,#4884,#4885,#4886));
#1028=EDGE_LOOP('',(#4887,#4888,#4889,#4890));
#1029=EDGE_LOOP('',(#4891,#4892,#4893,#4894));
#1030=EDGE_LOOP('',(#4895,#4896,#4897,#4898));
#1031=EDGE_LOOP('',(#4899,#4900,#4901,#4902));
#1032=EDGE_LOOP('',(#4903,#4904,#4905,#4906));
#1033=EDGE_LOOP('',(#4907,#4908,#4909,#4910));
#1034=EDGE_LOOP('',(#4911,#4912,#4913,#4914));
#1035=EDGE_LOOP('',(#4915,#4916,#4917,#4918));
#1036=EDGE_LOOP('',(#4919,#4920,#4921,#4922));
#1037=EDGE_LOOP('',(#4923,#4924,#4925,#4926));
#1038=EDGE_LOOP('',(#4927,#4928,#4929,#4930));
#1039=EDGE_LOOP('',(#4931,#4932,#4933,#4934));
#1040=EDGE_LOOP('',(#4935,#4936,#4937,#4938));
#1041=EDGE_LOOP('',(#4939,#4940,#4941,#4942));
#1042=EDGE_LOOP('',(#4943,#4944,#4945,#4946));
#1043=EDGE_LOOP('',(#4947,#4948,#4949,#4950,#4951,#4952,#4953,#4954));
#1044=EDGE_LOOP('',(#4955,#4956,#4957,#4958));
#1045=EDGE_LOOP('',(#4959,#4960,#4961,#4962));
#1046=EDGE_LOOP('',(#4963,#4964,#4965,#4966));
#1047=EDGE_LOOP('',(#4967,#4968,#4969,#4970));
#1048=EDGE_LOOP('',(#4971,#4972,#4973,#4974));
#1049=EDGE_LOOP('',(#4975,#4976,#4977,#4978));
#1050=EDGE_LOOP('',(#4979,#4980,#4981,#4982));
#1051=EDGE_LOOP('',(#4983,#4984,#4985,#4986));
#1052=EDGE_LOOP('',(#4987,#4988,#4989,#4990));
#1053=EDGE_LOOP('',(#4991,#4992,#4993,#4994));
#1054=EDGE_LOOP('',(#4995,#4996,#4997,#4998));
#1055=EDGE_LOOP('',(#4999,#5000,#5001,#5002));
#1056=EDGE_LOOP('',(#5003,#5004,#5005,#5006));
#1057=EDGE_LOOP('',(#5007,#5008,#5009,#5010));
#1058=EDGE_LOOP('',(#5011,#5012,#5013,#5014));
#1059=EDGE_LOOP('',(#5015,#5016,#5017,#5018));
#1060=EDGE_LOOP('',(#5019,#5020,#5021,#5022));
#1061=EDGE_LOOP('',(#5023,#5024,#5025,#5026));
#1062=EDGE_LOOP('',(#5027,#5028,#5029,#5030));
#1063=EDGE_LOOP('',(#5031,#5032,#5033,#5034));
#1064=EDGE_LOOP('',(#5035,#5036,#5037,#5038));
#1065=EDGE_LOOP('',(#5039,#5040,#5041,#5042));
#1066=EDGE_LOOP('',(#5043,#5044,#5045,#5046));
#1067=EDGE_LOOP('',(#5047,#5048,#5049,#5050));
#1068=EDGE_LOOP('',(#5051,#5052,#5053,#5054));
#1069=EDGE_LOOP('',(#5055,#5056,#5057,#5058));
#1070=EDGE_LOOP('',(#5059,#5060,#5061,#5062));
#1071=EDGE_LOOP('',(#5063,#5064,#5065,#5066));
#1072=EDGE_LOOP('',(#5067,#5068,#5069,#5070));
#1073=EDGE_LOOP('',(#5071,#5072,#5073,#5074,#5075,#5076,#5077,#5078,#5079,
#5080,#5081));
#1074=EDGE_LOOP('',(#5082,#5083,#5084,#5085,#5086));
#1075=EDGE_LOOP('',(#5087,#5088,#5089,#5090,#5091));
#1076=EDGE_LOOP('',(#5092,#5093,#5094,#5095,#5096,#5097,#5098,#5099,#5100,
#5101,#5102,#5103,#5104,#5105,#5106,#5107,#5108,#5109,#5110,#5111));
#1077=EDGE_LOOP('',(#5112,#5113,#5114,#5115));
#1078=EDGE_LOOP('',(#5116,#5117,#5118,#5119));
#1079=EDGE_LOOP('',(#5120,#5121,#5122,#5123));
#1080=EDGE_LOOP('',(#5124,#5125,#5126,#5127));
#1081=EDGE_LOOP('',(#5128,#5129,#5130,#5131));
#1082=EDGE_LOOP('',(#5132,#5133,#5134,#5135));
#1083=EDGE_LOOP('',(#5136,#5137,#5138,#5139));
#1084=EDGE_LOOP('',(#5140,#5141,#5142,#5143));
#1085=EDGE_LOOP('',(#5144,#5145,#5146,#5147));
#1086=EDGE_LOOP('',(#5148,#5149,#5150,#5151));
#1087=EDGE_LOOP('',(#5152,#5153,#5154,#5155));
#1088=EDGE_LOOP('',(#5156,#5157,#5158,#5159));
#1089=EDGE_LOOP('',(#5160,#5161,#5162,#5163));
#1090=EDGE_LOOP('',(#5164,#5165,#5166,#5167));
#1091=EDGE_LOOP('',(#5168,#5169,#5170,#5171));
#1092=EDGE_LOOP('',(#5172,#5173,#5174,#5175));
#1093=EDGE_LOOP('',(#5176,#5177,#5178,#5179));
#1094=EDGE_LOOP('',(#5180,#5181,#5182,#5183));
#1095=EDGE_LOOP('',(#5184,#5185,#5186,#5187));
#1096=EDGE_LOOP('',(#5188,#5189,#5190,#5191));
#1097=EDGE_LOOP('',(#5192,#5193,#5194,#5195));
#1098=EDGE_LOOP('',(#5196,#5197,#5198,#5199));
#1099=EDGE_LOOP('',(#5200,#5201,#5202,#5203));
#1100=EDGE_LOOP('',(#5204,#5205,#5206,#5207));
#1101=EDGE_LOOP('',(#5208,#5209,#5210,#5211));
#1102=EDGE_LOOP('',(#5212,#5213,#5214,#5215));
#1103=EDGE_LOOP('',(#5216,#5217,#5218,#5219));
#1104=EDGE_LOOP('',(#5220,#5221,#5222,#5223));
#1105=EDGE_LOOP('',(#5224,#5225,#5226,#5227));
#1106=EDGE_LOOP('',(#5228,#5229,#5230,#5231));
#1107=EDGE_LOOP('',(#5232,#5233,#5234,#5235));
#1108=EDGE_LOOP('',(#5236,#5237,#5238,#5239));
#1109=EDGE_LOOP('',(#5240,#5241,#5242,#5243));
#1110=EDGE_LOOP('',(#5244,#5245,#5246,#5247));
#1111=EDGE_LOOP('',(#5248,#5249,#5250,#5251,#5252,#5253,#5254,#5255));
#1112=EDGE_LOOP('',(#5256,#5257,#5258,#5259,#5260,#5261));
#1113=EDGE_LOOP('',(#5262,#5263,#5264,#5265,#5266,#5267,#5268,#5269,#5270,
#5271,#5272,#5273,#5274,#5275,#5276,#5277,#5278,#5279,#5280,#5281,#5282,
#5283,#5284,#5285,#5286,#5287,#5288));
#1114=EDGE_LOOP('',(#5289,#5290,#5291,#5292));
#1115=EDGE_LOOP('',(#5293,#5294,#5295,#5296));
#1116=EDGE_LOOP('',(#5297,#5298,#5299,#5300));
#1117=EDGE_LOOP('',(#5301,#5302,#5303,#5304));
#1118=EDGE_LOOP('',(#5305,#5306,#5307,#5308));
#1119=EDGE_LOOP('',(#5309,#5310,#5311,#5312));
#1120=EDGE_LOOP('',(#5313,#5314,#5315,#5316));
#1121=EDGE_LOOP('',(#5317,#5318,#5319,#5320));
#1122=EDGE_LOOP('',(#5321,#5322,#5323,#5324));
#1123=EDGE_LOOP('',(#5325,#5326,#5327,#5328));
#1124=EDGE_LOOP('',(#5329,#5330,#5331,#5332));
#1125=EDGE_LOOP('',(#5333,#5334,#5335,#5336));
#1126=EDGE_LOOP('',(#5337,#5338,#5339,#5340));
#1127=EDGE_LOOP('',(#5341,#5342,#5343,#5344));
#1128=EDGE_LOOP('',(#5345,#5346,#5347,#5348));
#1129=EDGE_LOOP('',(#5349,#5350,#5351,#5352));
#1130=EDGE_LOOP('',(#5353,#5354,#5355,#5356));
#1131=EDGE_LOOP('',(#5357,#5358,#5359,#5360));
#1132=EDGE_LOOP('',(#5361,#5362,#5363,#5364));
#1133=EDGE_LOOP('',(#5365,#5366,#5367,#5368));
#1134=EDGE_LOOP('',(#5369,#5370,#5371,#5372));
#1135=EDGE_LOOP('',(#5373,#5374,#5375,#5376));
#1136=EDGE_LOOP('',(#5377,#5378,#5379,#5380));
#1137=EDGE_LOOP('',(#5381,#5382,#5383,#5384));
#1138=EDGE_LOOP('',(#5385,#5386,#5387,#5388));
#1139=EDGE_LOOP('',(#5389,#5390,#5391,#5392));
#1140=EDGE_LOOP('',(#5393,#5394,#5395,#5396));
#1141=EDGE_LOOP('',(#5397,#5398,#5399,#5400));
#1142=EDGE_LOOP('',(#5401,#5402,#5403,#5404));
#1143=EDGE_LOOP('',(#5405,#5406,#5407,#5408));
#1144=EDGE_LOOP('',(#5409,#5410,#5411,#5412));
#1145=EDGE_LOOP('',(#5413,#5414,#5415,#5416));
#1146=EDGE_LOOP('',(#5417,#5418,#5419,#5420,#5421,#5422,#5423,#5424,#5425,
#5426,#5427,#5428,#5429));
#1147=EDGE_LOOP('',(#5430,#5431,#5432,#5433));
#1148=EDGE_LOOP('',(#5434,#5435,#5436,#5437));
#1149=EDGE_LOOP('',(#5438,#5439,#5440,#5441));
#1150=EDGE_LOOP('',(#5442,#5443,#5444,#5445));
#1151=EDGE_LOOP('',(#5446,#5447,#5448,#5449));
#1152=EDGE_LOOP('',(#5450,#5451,#5452,#5453));
#1153=EDGE_LOOP('',(#5454,#5455,#5456,#5457));
#1154=EDGE_LOOP('',(#5458,#5459,#5460,#5461));
#1155=EDGE_LOOP('',(#5462,#5463,#5464,#5465));
#1156=EDGE_LOOP('',(#5466,#5467,#5468,#5469));
#1157=EDGE_LOOP('',(#5470,#5471,#5472,#5473));
#1158=EDGE_LOOP('',(#5474,#5475,#5476,#5477));
#1159=EDGE_LOOP('',(#5478,#5479,#5480,#5481));
#1160=EDGE_LOOP('',(#5482,#5483,#5484,#5485));
#1161=EDGE_LOOP('',(#5486,#5487,#5488,#5489));
#1162=EDGE_LOOP('',(#5490,#5491,#5492,#5493));
#1163=EDGE_LOOP('',(#5494,#5495,#5496,#5497));
#1164=EDGE_LOOP('',(#5498,#5499,#5500,#5501));
#1165=EDGE_LOOP('',(#5502,#5503,#5504,#5505));
#1166=EDGE_LOOP('',(#5506,#5507,#5508,#5509));
#1167=EDGE_LOOP('',(#5510,#5511,#5512,#5513));
#1168=EDGE_LOOP('',(#5514,#5515,#5516,#5517));
#1169=EDGE_LOOP('',(#5518,#5519,#5520,#5521));
#1170=EDGE_LOOP('',(#5522,#5523,#5524,#5525));
#1171=EDGE_LOOP('',(#5526,#5527,#5528,#5529));
#1172=EDGE_LOOP('',(#5530,#5531,#5532,#5533));
#1173=EDGE_LOOP('',(#5534,#5535,#5536,#5537));
#1174=EDGE_LOOP('',(#5538,#5539,#5540,#5541));
#1175=EDGE_LOOP('',(#5542,#5543,#5544,#5545));
#1176=EDGE_LOOP('',(#5546,#5547,#5548,#5549));
#1177=EDGE_LOOP('',(#5550,#5551,#5552,#5553));
#1178=EDGE_LOOP('',(#5554,#5555,#5556,#5557));
#1179=EDGE_LOOP('',(#5558,#5559,#5560,#5561));
#1180=EDGE_LOOP('',(#5562,#5563,#5564,#5565,#5566,#5567,#5568,#5569,#5570,
#5571,#5572,#5573,#5574,#5575,#5576,#5577,#5578,#5579,#5580,#5581));
#1181=EDGE_LOOP('',(#5582,#5583,#5584,#5585,#5586,#5587,#5588,#5589,#5590,
#5591,#5592));
#1182=EDGE_LOOP('',(#5593,#5594,#5595,#5596));
#1183=EDGE_LOOP('',(#5597,#5598,#5599,#5600));
#1184=EDGE_LOOP('',(#5601,#5602,#5603,#5604));
#1185=EDGE_LOOP('',(#5605,#5606,#5607,#5608));
#1186=EDGE_LOOP('',(#5609,#5610,#5611,#5612));
#1187=EDGE_LOOP('',(#5613,#5614,#5615,#5616));
#1188=EDGE_LOOP('',(#5617,#5618,#5619,#5620));
#1189=EDGE_LOOP('',(#5621,#5622,#5623,#5624));
#1190=EDGE_LOOP('',(#5625,#5626,#5627,#5628));
#1191=EDGE_LOOP('',(#5629,#5630,#5631,#5632));
#1192=EDGE_LOOP('',(#5633,#5634,#5635,#5636));
#1193=EDGE_LOOP('',(#5637,#5638,#5639,#5640));
#1194=EDGE_LOOP('',(#5641,#5642,#5643,#5644));
#1195=EDGE_LOOP('',(#5645,#5646,#5647,#5648));
#1196=EDGE_LOOP('',(#5649,#5650,#5651,#5652));
#1197=EDGE_LOOP('',(#5653,#5654,#5655,#5656));
#1198=EDGE_LOOP('',(#5657,#5658,#5659,#5660,#5661,#5662,#5663,#5664,#5665,
#5666,#5667,#5668,#5669,#5670,#5671,#5672,#5673,#5674,#5675,#5676,#5677,
#5678,#5679,#5680,#5681,#5682,#5683));
#1199=EDGE_LOOP('',(#5684,#5685,#5686,#5687));
#1200=EDGE_LOOP('',(#5688,#5689,#5690,#5691));
#1201=EDGE_LOOP('',(#5692,#5693,#5694,#5695));
#1202=EDGE_LOOP('',(#5696,#5697,#5698,#5699));
#1203=EDGE_LOOP('',(#5700,#5701,#5702,#5703));
#1204=EDGE_LOOP('',(#5704,#5705,#5706,#5707));
#1205=EDGE_LOOP('',(#5708,#5709,#5710,#5711));
#1206=EDGE_LOOP('',(#5712,#5713,#5714,#5715));
#1207=EDGE_LOOP('',(#5716,#5717,#5718,#5719));
#1208=EDGE_LOOP('',(#5720,#5721,#5722,#5723));
#1209=EDGE_LOOP('',(#5724,#5725,#5726,#5727));
#1210=EDGE_LOOP('',(#5728,#5729,#5730,#5731));
#1211=EDGE_LOOP('',(#5732,#5733,#5734,#5735));
#1212=EDGE_LOOP('',(#5736,#5737,#5738,#5739));
#1213=EDGE_LOOP('',(#5740,#5741,#5742,#5743));
#1214=EDGE_LOOP('',(#5744,#5745,#5746,#5747));
#1215=EDGE_LOOP('',(#5748,#5749,#5750,#5751));
#1216=EDGE_LOOP('',(#5752,#5753,#5754,#5755));
#1217=EDGE_LOOP('',(#5756,#5757,#5758,#5759));
#1218=EDGE_LOOP('',(#5760,#5761,#5762,#5763));
#1219=EDGE_LOOP('',(#5764,#5765,#5766,#5767));
#1220=EDGE_LOOP('',(#5768,#5769,#5770,#5771));
#1221=EDGE_LOOP('',(#5772,#5773,#5774,#5775));
#1222=EDGE_LOOP('',(#5776,#5777,#5778,#5779));
#1223=EDGE_LOOP('',(#5780,#5781,#5782,#5783));
#1224=EDGE_LOOP('',(#5784,#5785,#5786,#5787));
#1225=EDGE_LOOP('',(#5788,#5789,#5790,#5791));
#1226=EDGE_LOOP('',(#5792,#5793,#5794,#5795));
#1227=EDGE_LOOP('',(#5796,#5797,#5798,#5799));
#1228=EDGE_LOOP('',(#5800,#5801,#5802,#5803));
#1229=EDGE_LOOP('',(#5804,#5805,#5806,#5807));
#1230=EDGE_LOOP('',(#5808,#5809,#5810,#5811));
#1231=EDGE_LOOP('',(#5812,#5813,#5814,#5815));
#1232=EDGE_LOOP('',(#5816,#5817,#5818,#5819));
#1233=EDGE_LOOP('',(#5820,#5821,#5822,#5823));
#1234=EDGE_LOOP('',(#5824,#5825,#5826,#5827));
#1235=EDGE_LOOP('',(#5828,#5829,#5830,#5831));
#1236=EDGE_LOOP('',(#5832,#5833,#5834,#5835));
#1237=EDGE_LOOP('',(#5836,#5837,#5838,#5839));
#1238=EDGE_LOOP('',(#5840,#5841,#5842,#5843));
#1239=EDGE_LOOP('',(#5844,#5845,#5846,#5847));
#1240=EDGE_LOOP('',(#5848,#5849,#5850,#5851,#5852,#5853,#5854));
#1241=EDGE_LOOP('',(#5855,#5856,#5857,#5858,#5859,#5860,#5861));
#1242=EDGE_LOOP('',(#5862,#5863,#5864,#5865,#5866,#5867,#5868,#5869,#5870,
#5871));
#1243=EDGE_LOOP('',(#5872,#5873,#5874,#5875,#5876,#5877,#5878));
#1244=EDGE_LOOP('',(#5879,#5880,#5881,#5882,#5883,#5884,#5885));
#1245=EDGE_LOOP('',(#5886,#5887,#5888,#5889));
#1246=EDGE_LOOP('',(#5890,#5891,#5892,#5893));
#1247=EDGE_LOOP('',(#5894,#5895,#5896,#5897));
#1248=EDGE_LOOP('',(#5898,#5899,#5900,#5901));
#1249=EDGE_LOOP('',(#5902,#5903,#5904,#5905));
#1250=EDGE_LOOP('',(#5906,#5907,#5908,#5909));
#1251=EDGE_LOOP('',(#5910,#5911,#5912,#5913));
#1252=EDGE_LOOP('',(#5914,#5915,#5916,#5917));
#1253=EDGE_LOOP('',(#5918,#5919,#5920,#5921));
#1254=EDGE_LOOP('',(#5922,#5923,#5924,#5925));
#1255=EDGE_LOOP('',(#5926,#5927,#5928,#5929));
#1256=EDGE_LOOP('',(#5930,#5931,#5932,#5933));
#1257=EDGE_LOOP('',(#5934,#5935,#5936,#5937));
#1258=EDGE_LOOP('',(#5938,#5939,#5940,#5941));
#1259=EDGE_LOOP('',(#5942,#5943,#5944,#5945));
#1260=EDGE_LOOP('',(#5946,#5947,#5948,#5949));
#1261=EDGE_LOOP('',(#5950,#5951,#5952,#5953));
#1262=EDGE_LOOP('',(#5954,#5955,#5956,#5957));
#1263=EDGE_LOOP('',(#5958,#5959,#5960,#5961));
#1264=EDGE_LOOP('',(#5962,#5963,#5964,#5965));
#1265=EDGE_LOOP('',(#5966,#5967,#5968,#5969));
#1266=EDGE_LOOP('',(#5970,#5971,#5972,#5973));
#1267=EDGE_LOOP('',(#5974,#5975,#5976,#5977));
#1268=EDGE_LOOP('',(#5978,#5979,#5980,#5981));
#1269=EDGE_LOOP('',(#5982,#5983,#5984,#5985));
#1270=EDGE_LOOP('',(#5986,#5987,#5988,#5989));
#1271=EDGE_LOOP('',(#5990,#5991,#5992,#5993));
#1272=EDGE_LOOP('',(#5994,#5995,#5996,#5997));
#1273=EDGE_LOOP('',(#5998,#5999,#6000,#6001));
#1274=EDGE_LOOP('',(#6002,#6003,#6004,#6005));
#1275=EDGE_LOOP('',(#6006));
#1276=EDGE_LOOP('',(#6007,#6008,#6009,#6010));
#1277=EDGE_LOOP('',(#6011,#6012,#6013,#6014,#6015,#6016,#6017,#6018,#6019,
#6020));
#1278=EDGE_LOOP('',(#6021,#6022,#6023,#6024,#6025,#6026,#6027));
#1279=EDGE_LOOP('',(#6028,#6029,#6030,#6031,#6032,#6033,#6034,#6035,#6036,
#6037,#6038,#6039,#6040,#6041,#6042,#6043,#6044,#6045,#6046,#6047,#6048,
#6049,#6050,#6051,#6052,#6053,#6054));
#1280=EDGE_LOOP('',(#6055,#6056,#6057,#6058));
#1281=EDGE_LOOP('',(#6059,#6060,#6061,#6062,#6063,#6064,#6065,#6066,#6067,
#6068,#6069));
#1282=EDGE_LOOP('',(#6070,#6071,#6072,#6073,#6074,#6075,#6076,#6077,#6078,
#6079,#6080,#6081,#6082,#6083,#6084,#6085,#6086,#6087,#6088,#6089));
#1283=EDGE_LOOP('',(#6090,#6091,#6092,#6093,#6094,#6095,#6096,#6097,#6098,
#6099,#6100,#6101,#6102));
#1284=EDGE_LOOP('',(#6103,#6104,#6105,#6106));
#1285=EDGE_LOOP('',(#6107,#6108,#6109,#6110,#6111,#6112,#6113,#6114,#6115,
#6116,#6117,#6118,#6119,#6120,#6121,#6122,#6123,#6124,#6125,#6126,#6127,
#6128,#6129,#6130,#6131,#6132,#6133));
#1286=EDGE_LOOP('',(#6134,#6135,#6136,#6137,#6138,#6139,#6140,#6141));
#1287=EDGE_LOOP('',(#6142,#6143,#6144,#6145,#6146,#6147,#6148,#6149,#6150,
#6151,#6152,#6153,#6154,#6155,#6156,#6157,#6158,#6159,#6160,#6161));
#1288=EDGE_LOOP('',(#6162,#6163,#6164,#6165,#6166,#6167,#6168,#6169,#6170,
#6171,#6172));
#1289=EDGE_LOOP('',(#6173,#6174,#6175,#6176,#6177,#6178,#6179,#6180));
#1290=EDGE_LOOP('',(#6181,#6182,#6183,#6184));
#1291=EDGE_LOOP('',(#6185,#6186,#6187,#6188,#6189,#6190,#6191,#6192,#6193,
#6194,#6195,#6196,#6197,#6198,#6199,#6200,#6201,#6202,#6203,#6204));
#1292=EDGE_LOOP('',(#6205,#6206,#6207,#6208,#6209,#6210,#6211,#6212,#6213));
#1293=EDGE_LOOP('',(#6214,#6215,#6216,#6217,#6218,#6219,#6220,#6221));
#1294=EDGE_LOOP('',(#6222,#6223,#6224,#6225,#6226,#6227,#6228,#6229,#6230,
#6231,#6232));
#1295=EDGE_LOOP('',(#6233,#6234,#6235,#6236,#6237,#6238,#6239));
#1296=EDGE_LOOP('',(#6240,#6241,#6242,#6243,#6244,#6245,#6246));
#1297=EDGE_LOOP('',(#6247,#6248,#6249,#6250,#6251,#6252));
#1298=EDGE_LOOP('',(#6253,#6254,#6255,#6256,#6257));
#1299=EDGE_LOOP('',(#6258,#6259,#6260,#6261,#6262));
#1300=EDGE_LOOP('',(#6263,#6264,#6265,#6266,#6267,#6268,#6269));
#1301=EDGE_LOOP('',(#6270,#6271,#6272,#6273,#6274,#6275,#6276));
#1302=EDGE_LOOP('',(#6277));
#1303=EDGE_LOOP('',(#6278));
#1304=EDGE_LOOP('',(#6279));
#1305=EDGE_LOOP('',(#6280));
#1306=EDGE_LOOP('',(#6281));
#1307=EDGE_LOOP('',(#6282,#6283,#6284,#6285,#6286,#6287));
#1308=EDGE_LOOP('',(#6288,#6289,#6290));
#1309=EDGE_LOOP('',(#6291,#6292,#6293));
#1310=EDGE_LOOP('',(#6294,#6295,#6296));
#1311=EDGE_LOOP('',(#6297,#6298,#6299,#6300));
#1312=EDGE_LOOP('',(#6301,#6302,#6303));
#1313=EDGE_LOOP('',(#6304,#6305,#6306,#6307));
#1314=EDGE_LOOP('',(#6308,#6309,#6310,#6311));
#1315=EDGE_LOOP('',(#6312,#6313,#6314,#6315));
#1316=EDGE_LOOP('',(#6316,#6317,#6318,#6319));
#1317=EDGE_LOOP('',(#6320,#6321,#6322,#6323));
#1318=EDGE_LOOP('',(#6324,#6325,#6326,#6327));
#1319=EDGE_LOOP('',(#6328,#6329,#6330));
#1320=EDGE_LOOP('',(#6331,#6332,#6333));
#1321=EDGE_LOOP('',(#6334,#6335,#6336,#6337));
#1322=EDGE_LOOP('',(#6338,#6339,#6340,#6341));
#1323=EDGE_LOOP('',(#6342,#6343,#6344,#6345));
#1324=EDGE_LOOP('',(#6346,#6347,#6348,#6349));
#1325=EDGE_LOOP('',(#6350,#6351,#6352));
#1326=EDGE_LOOP('',(#6353,#6354,#6355,#6356));
#1327=EDGE_LOOP('',(#6357,#6358,#6359,#6360));
#1328=EDGE_LOOP('',(#6361,#6362,#6363));
#1329=EDGE_LOOP('',(#6364,#6365,#6366,#6367));
#1330=EDGE_LOOP('',(#6368,#6369,#6370,#6371));
#1331=EDGE_LOOP('',(#6372,#6373,#6374,#6375));
#1332=EDGE_LOOP('',(#6376,#6377,#6378,#6379));
#1333=EDGE_LOOP('',(#6380,#6381,#6382,#6383));
#1334=EDGE_LOOP('',(#6384,#6385,#6386,#6387));
#1335=EDGE_LOOP('',(#6388,#6389,#6390,#6391));
#1336=EDGE_LOOP('',(#6392,#6393,#6394,#6395));
#1337=EDGE_LOOP('',(#6396,#6397,#6398,#6399));
#1338=EDGE_LOOP('',(#6400,#6401,#6402,#6403));
#1339=EDGE_LOOP('',(#6404,#6405,#6406,#6407));
#1340=EDGE_LOOP('',(#6408,#6409,#6410,#6411));
#1341=EDGE_LOOP('',(#6412,#6413,#6414,#6415));
#1342=EDGE_LOOP('',(#6416,#6417,#6418,#6419));
#1343=EDGE_LOOP('',(#6420,#6421,#6422,#6423));
#1344=EDGE_LOOP('',(#6424,#6425,#6426,#6427));
#1345=EDGE_LOOP('',(#6428,#6429,#6430,#6431));
#1346=EDGE_LOOP('',(#6432,#6433,#6434,#6435));
#1347=EDGE_LOOP('',(#6436,#6437,#6438,#6439));
#1348=EDGE_LOOP('',(#6440,#6441,#6442,#6443));
#1349=EDGE_LOOP('',(#6444,#6445,#6446,#6447));
#1350=EDGE_LOOP('',(#6448,#6449,#6450,#6451));
#1351=EDGE_LOOP('',(#6452,#6453,#6454,#6455));
#1352=EDGE_LOOP('',(#6456,#6457,#6458,#6459));
#1353=EDGE_LOOP('',(#6460,#6461,#6462,#6463));
#1354=EDGE_LOOP('',(#6464,#6465,#6466,#6467));
#1355=EDGE_LOOP('',(#6468,#6469,#6470,#6471));
#1356=EDGE_LOOP('',(#6472,#6473,#6474,#6475));
#1357=EDGE_LOOP('',(#6476,#6477,#6478,#6479));
#1358=EDGE_LOOP('',(#6480,#6481,#6482,#6483));
#1359=EDGE_LOOP('',(#6484,#6485,#6486,#6487));
#1360=EDGE_LOOP('',(#6488,#6489,#6490,#6491));
#1361=EDGE_LOOP('',(#6492,#6493,#6494,#6495));
#1362=EDGE_LOOP('',(#6496,#6497,#6498,#6499));
#1363=EDGE_LOOP('',(#6500,#6501,#6502,#6503));
#1364=EDGE_LOOP('',(#6504,#6505,#6506,#6507));
#1365=EDGE_LOOP('',(#6508,#6509,#6510));
#1366=EDGE_LOOP('',(#6511,#6512,#6513));
#1367=EDGE_LOOP('',(#6514,#6515,#6516,#6517));
#1368=EDGE_LOOP('',(#6518,#6519,#6520,#6521));
#1369=EDGE_LOOP('',(#6522,#6523,#6524,#6525));
#1370=EDGE_LOOP('',(#6526,#6527,#6528,#6529));
#1371=EDGE_LOOP('',(#6530,#6531,#6532,#6533));
#1372=EDGE_LOOP('',(#6534,#6535,#6536,#6537));
#1373=EDGE_LOOP('',(#6538,#6539,#6540));
#1374=EDGE_LOOP('',(#6541,#6542,#6543));
#1375=EDGE_LOOP('',(#6544,#6545,#6546,#6547));
#1376=EDGE_LOOP('',(#6548,#6549,#6550,#6551));
#1377=EDGE_LOOP('',(#6552,#6553,#6554,#6555));
#1378=EDGE_LOOP('',(#6556,#6557,#6558,#6559));
#1379=EDGE_LOOP('',(#6560,#6561,#6562,#6563));
#1380=EDGE_LOOP('',(#6564,#6565,#6566,#6567));
#1381=EDGE_LOOP('',(#6568,#6569,#6570,#6571));
#1382=EDGE_LOOP('',(#6572,#6573,#6574,#6575));
#1383=EDGE_LOOP('',(#6576,#6577,#6578,#6579));
#1384=EDGE_LOOP('',(#6580,#6581,#6582,#6583));
#1385=EDGE_LOOP('',(#6584,#6585,#6586,#6587));
#1386=EDGE_LOOP('',(#6588,#6589,#6590,#6591));
#1387=EDGE_LOOP('',(#6592,#6593,#6594,#6595));
#1388=EDGE_LOOP('',(#6596,#6597,#6598,#6599));
#1389=EDGE_LOOP('',(#6600,#6601,#6602,#6603));
#1390=EDGE_LOOP('',(#6604,#6605,#6606,#6607));
#1391=EDGE_LOOP('',(#6608,#6609,#6610,#6611));
#1392=EDGE_LOOP('',(#6612,#6613,#6614,#6615));
#1393=EDGE_LOOP('',(#6616,#6617,#6618,#6619));
#1394=EDGE_LOOP('',(#6620,#6621,#6622,#6623));
#1395=EDGE_LOOP('',(#6624,#6625,#6626,#6627));
#1396=EDGE_LOOP('',(#6628,#6629,#6630,#6631));
#1397=EDGE_LOOP('',(#6632,#6633,#6634,#6635));
#1398=EDGE_LOOP('',(#6636,#6637,#6638,#6639,#6640,#6641,#6642,#6643,#6644,
#6645,#6646,#6647));
#1399=EDGE_LOOP('',(#6648,#6649,#6650,#6651,#6652,#6653,#6654,#6655));
#1400=EDGE_LOOP('',(#6656,#6657,#6658,#6659));
#1401=EDGE_LOOP('',(#6660,#6661,#6662,#6663));
#1402=EDGE_LOOP('',(#6664,#6665,#6666,#6667));
#1403=EDGE_LOOP('',(#6668,#6669,#6670,#6671));
#1404=EDGE_LOOP('',(#6672,#6673,#6674,#6675));
#1405=EDGE_LOOP('',(#6676,#6677,#6678,#6679,#6680,#6681,#6682,#6683,#6684,
#6685,#6686,#6687));
#1406=EDGE_LOOP('',(#6688,#6689,#6690,#6691));
#1407=B_SPLINE_CURVE_WITH_KNOTS('',3,(#9167,#9168,#9169,#9170,#9171,#9172,
#9173),.UNSPECIFIED.,.F.,.F.,(4,3,4),(-0.00950966332148121,-0.00475483166074061,
0.),.UNSPECIFIED.);
#1408=B_SPLINE_CURVE_WITH_KNOTS('',2,(#9200,#9201,#9202,#9203),
 .UNSPECIFIED.,.F.,.F.,(3,1,3),(0.,1.,2.),.UNSPECIFIED.);
#1409=B_SPLINE_CURVE_WITH_KNOTS('',3,(#9242,#9243,#9244,#9245,#9246,#9247,
#9248),.UNSPECIFIED.,.F.,.F.,(4,3,4),(-0.0181556349300269,-0.00907781746501345,
0.),.UNSPECIFIED.);
#1410=B_SPLINE_CURVE_WITH_KNOTS('',3,(#9252,#9253,#9254,#9255,#9256,#9257,
#9258),.UNSPECIFIED.,.F.,.F.,(4,3,4),(-0.0158558119458119,-0.00792790597290596,
0.),.UNSPECIFIED.);
#1411=B_SPLINE_CURVE_WITH_KNOTS('',3,(#9260,#9261,#9262,#9263,#9264,#9265,
#9266),.UNSPECIFIED.,.F.,.F.,(4,3,4),(-0.0384687595908983,-0.0192343797954492,
0.),.UNSPECIFIED.);
#1412=B_SPLINE_CURVE_WITH_KNOTS('',3,(#9270,#9271,#9272,#9273,#9274,#9275,
#9276),.UNSPECIFIED.,.F.,.F.,(4,3,4),(-0.030446744326876,-0.015223372163438,
0.),.UNSPECIFIED.);
#1413=B_SPLINE_CURVE_WITH_KNOTS('',3,(#9278,#9279,#9280,#9281,#9282,#9283,
#9284),.UNSPECIFIED.,.F.,.F.,(4,3,4),(-0.0158945961023064,-0.0079472980511532,
0.),.UNSPECIFIED.);
#1414=B_SPLINE_CURVE_WITH_KNOTS('',3,(#9285,#9286,#9287,#9288,#9289,#9290,
#9291),.UNSPECIFIED.,.F.,.F.,(4,3,4),(-0.0431984952317118,-0.0215992476158559,
0.),.UNSPECIFIED.);
#1415=B_SPLINE_CURVE_WITH_KNOTS('',3,(#9294,#9295,#9296,#9297,#9298,#9299,
#9300),.UNSPECIFIED.,.F.,.F.,(4,3,4),(-0.0127846886676601,-0.00639234433383007,
0.),.UNSPECIFIED.);
#1416=B_SPLINE_CURVE_WITH_KNOTS('',3,(#9302,#9303,#9304,#9305,#9306,#9307,
#9308),.UNSPECIFIED.,.F.,.F.,(4,3,4),(-0.0142597693753404,-0.00712988468767022,
0.),.UNSPECIFIED.);
#1417=B_SPLINE_CURVE_WITH_KNOTS('',3,(#9310,#9311,#9312,#9313,#9314,#9315,
#9316),.UNSPECIFIED.,.F.,.F.,(4,3,4),(-0.0256762591272661,-0.0128381295636331,
0.),.UNSPECIFIED.);
#1418=B_SPLINE_CURVE_WITH_KNOTS('',3,(#9318,#9319,#9320,#9321,#9322,#9323,
#9324),.UNSPECIFIED.,.F.,.F.,(4,3,4),(-0.0208571328384952,-0.0104285664192476,
0.),.UNSPECIFIED.);
#1419=B_SPLINE_CURVE_WITH_KNOTS('',3,(#9326,#9327,#9328,#9329,#9330,#9331,
#9332),.UNSPECIFIED.,.F.,.F.,(4,3,4),(-0.0155085339276635,-0.00775426696383173,
0.),.UNSPECIFIED.);
#1420=B_SPLINE_CURVE_WITH_KNOTS('',3,(#9333,#9334,#9335,#9336,#9337,#9338,
#9339),.UNSPECIFIED.,.F.,.F.,(4,3,4),(-0.0100267087358634,-0.00501335436793172,
0.),.UNSPECIFIED.);
#1421=B_SPLINE_CURVE_WITH_KNOTS('',2,(#9350,#9351,#9352,#9353),
 .UNSPECIFIED.,.F.,.F.,(3,1,3),(0.,1.,2.),.UNSPECIFIED.);
#1422=B_SPLINE_CURVE_WITH_KNOTS('',2,(#9365,#9366,#9367,#9368),
 .UNSPECIFIED.,.F.,.F.,(3,1,3),(0.,1.,2.),.UNSPECIFIED.);
#1423=B_SPLINE_CURVE_WITH_KNOTS('',2,(#9379,#9380,#9381,#9382),
 .UNSPECIFIED.,.F.,.F.,(3,1,3),(0.,1.,2.),.UNSPECIFIED.);
#1424=B_SPLINE_CURVE_WITH_KNOTS('',2,(#9394,#9395,#9396,#9397),
 .UNSPECIFIED.,.F.,.F.,(3,1,3),(0.,1.,2.),.UNSPECIFIED.);
#1425=B_SPLINE_CURVE_WITH_KNOTS('',2,(#9409,#9410,#9411,#9412),
 .UNSPECIFIED.,.F.,.F.,(3,1,3),(0.,1.,2.),.UNSPECIFIED.);
#1426=B_SPLINE_CURVE_WITH_KNOTS('',2,(#9434,#9435,#9436,#9437),
 .UNSPECIFIED.,.F.,.F.,(3,1,3),(0.,1.,2.),.UNSPECIFIED.);
#1427=B_SPLINE_CURVE_WITH_KNOTS('',2,(#9448,#9449,#9450,#9451),
 .UNSPECIFIED.,.F.,.F.,(3,1,3),(0.,1.,2.),.UNSPECIFIED.);
#1428=B_SPLINE_CURVE_WITH_KNOTS('',2,(#9472,#9473,#9474,#9475),
 .UNSPECIFIED.,.F.,.F.,(3,1,3),(0.,1.,2.),.UNSPECIFIED.);
#1429=B_SPLINE_CURVE_WITH_KNOTS('',2,(#9485,#9486,#9487,#9488),
 .UNSPECIFIED.,.F.,.F.,(3,1,3),(0.,1.,2.),.UNSPECIFIED.);
#1430=B_SPLINE_CURVE_WITH_KNOTS('',2,(#9499,#9500,#9501,#9502),
 .UNSPECIFIED.,.F.,.F.,(3,1,3),(0.,1.,2.),.UNSPECIFIED.);
#1431=B_SPLINE_CURVE_WITH_KNOTS('',2,(#9513,#9514,#9515,#9516),
 .UNSPECIFIED.,.F.,.F.,(3,1,3),(0.,1.,2.),.UNSPECIFIED.);
#1432=B_SPLINE_CURVE_WITH_KNOTS('',2,(#9526,#9527,#9528,#9529),
 .UNSPECIFIED.,.F.,.F.,(3,1,3),(0.,1.,2.),.UNSPECIFIED.);
#1433=B_SPLINE_CURVE_WITH_KNOTS('',2,(#9540,#9541,#9542,#9543),
 .UNSPECIFIED.,.F.,.F.,(3,1,3),(0.,1.,2.),.UNSPECIFIED.);
#1434=B_SPLINE_CURVE_WITH_KNOTS('',3,(#9547,#9548,#9549,#9550,#9551,#9552,
#9553),.UNSPECIFIED.,.F.,.F.,(4,3,4),(-0.00946262922719305,-0.00473131461359653,
0.),.UNSPECIFIED.);
#1435=B_SPLINE_CURVE_WITH_KNOTS('',2,(#9564,#9565,#9566,#9567),
 .UNSPECIFIED.,.F.,.F.,(3,1,3),(0.,1.,2.),.UNSPECIFIED.);
#1436=B_SPLINE_CURVE_WITH_KNOTS('',3,(#9569,#9570,#9571,#9572,#9573,#9574,
#9575),.UNSPECIFIED.,.F.,.F.,(4,3,4),(-0.0417714666596263,-0.0208857333298131,
0.),.UNSPECIFIED.);
#1437=B_SPLINE_CURVE_WITH_KNOTS('',2,(#9619,#9620,#9621,#9622),
 .UNSPECIFIED.,.F.,.F.,(3,1,3),(0.,1.,2.),.UNSPECIFIED.);
#1438=B_SPLINE_CURVE_WITH_KNOTS('',3,(#9625,#9626,#9627,#9628,#9629,#9630,
#9631),.UNSPECIFIED.,.F.,.F.,(4,3,4),(-0.0166235648892265,-0.00831178244461325,
0.),.UNSPECIFIED.);
#1439=B_SPLINE_CURVE_WITH_KNOTS('',2,(#9641,#9642,#9643,#9644),
 .UNSPECIFIED.,.F.,.F.,(3,1,3),(0.,1.,2.),.UNSPECIFIED.);
#1440=B_SPLINE_CURVE_WITH_KNOTS('',3,(#9647,#9648,#9649,#9650,#9651,#9652,
#9653),.UNSPECIFIED.,.F.,.F.,(4,3,4),(-0.0142816270898623,-0.00714081354493115,
0.),.UNSPECIFIED.);
#1441=B_SPLINE_CURVE_WITH_KNOTS('',2,(#9678,#9679,#9680,#9681),
 .UNSPECIFIED.,.F.,.F.,(3,1,3),(0.,1.,2.),.UNSPECIFIED.);
#1442=B_SPLINE_CURVE_WITH_KNOTS('',3,(#9684,#9685,#9686,#9687,#9688,#9689,
#9690),.UNSPECIFIED.,.F.,.F.,(4,3,4),(-0.00751759529531465,-0.00375879764765733,
0.),.UNSPECIFIED.);
#1443=B_SPLINE_CURVE_WITH_KNOTS('',2,(#9700,#9701,#9702,#9703),
 .UNSPECIFIED.,.F.,.F.,(3,1,3),(0.,1.,2.),.UNSPECIFIED.);
#1444=B_SPLINE_CURVE_WITH_KNOTS('',3,(#9706,#9707,#9708,#9709,#9710,#9711,
#9712),.UNSPECIFIED.,.F.,.F.,(4,3,4),(-0.00663936179549998,-0.00331968089774999,
0.),.UNSPECIFIED.);
#1445=B_SPLINE_CURVE_WITH_KNOTS('',2,(#9722,#9723,#9724,#9725),
 .UNSPECIFIED.,.F.,.F.,(3,1,3),(0.,1.,2.),.UNSPECIFIED.);
#1446=B_SPLINE_CURVE_WITH_KNOTS('',3,(#9728,#9729,#9730,#9731,#9732,#9733,
#9734),.UNSPECIFIED.,.F.,.F.,(4,3,4),(-0.00743895836795865,-0.00371947918397932,
0.),.UNSPECIFIED.);
#1447=B_SPLINE_CURVE_WITH_KNOTS('',2,(#9743,#9744,#9745,#9746),
 .UNSPECIFIED.,.F.,.F.,(3,1,3),(0.,1.,2.),.UNSPECIFIED.);
#1448=B_SPLINE_CURVE_WITH_KNOTS('',3,(#9747,#9748,#9749,#9750,#9751,#9752,
#9753),.UNSPECIFIED.,.F.,.F.,(4,3,4),(-0.00732338755961865,-0.00366169377980933,
0.),.UNSPECIFIED.);
#1449=B_SPLINE_CURVE_WITH_KNOTS('',3,(#9758,#9759,#9760,#9761,#9762,#9763,
#9764),.UNSPECIFIED.,.F.,.F.,(4,3,4),(-0.0380964518125537,-0.0190482259062769,
0.),.UNSPECIFIED.);
#1450=B_SPLINE_CURVE_WITH_KNOTS('',3,(#9766,#9767,#9768,#9769,#9770,#9771,
#9772),.UNSPECIFIED.,.F.,.F.,(4,3,4),(-0.0104849174432338,-0.00524245872161689,
0.),.UNSPECIFIED.);
#1451=B_SPLINE_CURVE_WITH_KNOTS('',3,(#9774,#9775,#9776,#9777,#9778,#9779,
#9780),.UNSPECIFIED.,.F.,.F.,(4,3,4),(-0.0131575404819907,-0.00657877024099535,
0.),.UNSPECIFIED.);
#1452=B_SPLINE_CURVE_WITH_KNOTS('',3,(#9782,#9783,#9784,#9785,#9786,#9787,
#9788),.UNSPECIFIED.,.F.,.F.,(4,3,4),(-0.0217967294968402,-0.0108983647484201,
0.),.UNSPECIFIED.);
#1453=B_SPLINE_CURVE_WITH_KNOTS('',3,(#9790,#9791,#9792,#9793,#9794,#9795,
#9796),.UNSPECIFIED.,.F.,.F.,(4,3,4),(-0.0208336369288294,-0.0104168184644147,
0.),.UNSPECIFIED.);
#1454=B_SPLINE_CURVE_WITH_KNOTS('',3,(#9798,#9799,#9800,#9801,#9802,#9803,
#9804),.UNSPECIFIED.,.F.,.F.,(4,3,4),(-0.0125163671038684,-0.0062581835519342,
0.),.UNSPECIFIED.);
#1455=B_SPLINE_CURVE_WITH_KNOTS('',3,(#9806,#9807,#9808,#9809,#9810,#9811,
#9812),.UNSPECIFIED.,.F.,.F.,(4,3,4),(-0.0129569784202173,-0.00647848921010864,
0.),.UNSPECIFIED.);
#1456=B_SPLINE_CURVE_WITH_KNOTS('',3,(#9818,#9819,#9820,#9821,#9822,#9823,
#9824),.UNSPECIFIED.,.F.,.F.,(4,3,4),(-0.0203975573399332,-0.0101987786699666,
0.),.UNSPECIFIED.);
#1457=B_SPLINE_CURVE_WITH_KNOTS('',3,(#9826,#9827,#9828,#9829,#9830,#9831,
#9832),.UNSPECIFIED.,.F.,.F.,(4,3,4),(-0.0326317150031391,-0.0163158575015695,
0.),.UNSPECIFIED.);
#1458=B_SPLINE_CURVE_WITH_KNOTS('',3,(#9834,#9835,#9836,#9837,#9838,#9839,
#9840),.UNSPECIFIED.,.F.,.F.,(4,3,4),(-0.0222972922164199,-0.01114864610821,
0.),.UNSPECIFIED.);
#1459=B_SPLINE_CURVE_WITH_KNOTS('',3,(#9842,#9843,#9844,#9845,#9846,#9847,
#9848),.UNSPECIFIED.,.F.,.F.,(4,3,4),(-0.020138689664613,-0.0100693448323065,
0.),.UNSPECIFIED.);
#1460=B_SPLINE_CURVE_WITH_KNOTS('',3,(#9850,#9851,#9852,#9853,#9854,#9855,
#9856),.UNSPECIFIED.,.F.,.F.,(4,3,4),(-0.0092671703510652,-0.0046335851755326,
0.),.UNSPECIFIED.);
#1461=B_SPLINE_CURVE_WITH_KNOTS('',3,(#9858,#9859,#9860,#9861,#9862,#9863,
#9864),.UNSPECIFIED.,.F.,.F.,(4,3,4),(-0.0116745105638143,-0.00583725528190717,
0.),.UNSPECIFIED.);
#1462=B_SPLINE_CURVE_WITH_KNOTS('',3,(#9866,#9867,#9868,#9869,#9870,#9871,
#9872),.UNSPECIFIED.,.F.,.F.,(4,3,4),(-0.0131603965727229,-0.00658019828636147,
0.),.UNSPECIFIED.);
#1463=B_SPLINE_CURVE_WITH_KNOTS('',3,(#9874,#9875,#9876,#9877,#9878,#9879,
#9880),.UNSPECIFIED.,.F.,.F.,(4,3,4),(-0.0158363168153043,-0.00791815840765213,
0.),.UNSPECIFIED.);
#1464=B_SPLINE_CURVE_WITH_KNOTS('',3,(#9885,#9886,#9887,#9888,#9889,#9890,
#9891),.UNSPECIFIED.,.F.,.F.,(4,3,4),(-0.0168117535360852,-0.00840587676804258,
0.),.UNSPECIFIED.);
#1465=B_SPLINE_CURVE_WITH_KNOTS('',2,(#9902,#9903,#9904,#9905),
 .UNSPECIFIED.,.F.,.F.,(3,1,3),(0.,1.,2.),.UNSPECIFIED.);
#1466=B_SPLINE_CURVE_WITH_KNOTS('',2,(#9925,#9926,#9927,#9928),
 .UNSPECIFIED.,.F.,.F.,(3,1,3),(0.,1.,2.),.UNSPECIFIED.);
#1467=B_SPLINE_CURVE_WITH_KNOTS('',2,(#9939,#9940,#9941,#9942),
 .UNSPECIFIED.,.F.,.F.,(3,1,3),(0.,1.,2.),.UNSPECIFIED.);
#1468=B_SPLINE_CURVE_WITH_KNOTS('',2,(#9953,#9954,#9955,#9956),
 .UNSPECIFIED.,.F.,.F.,(3,1,3),(0.,1.,2.),.UNSPECIFIED.);
#1469=B_SPLINE_CURVE_WITH_KNOTS('',2,(#9967,#9968,#9969,#9970),
 .UNSPECIFIED.,.F.,.F.,(3,1,3),(0.,1.,2.),.UNSPECIFIED.);
#1470=B_SPLINE_CURVE_WITH_KNOTS('',2,(#9981,#9982,#9983,#9984),
 .UNSPECIFIED.,.F.,.F.,(3,1,3),(0.,1.,2.),.UNSPECIFIED.);
#1471=B_SPLINE_CURVE_WITH_KNOTS('',2,(#9995,#9996,#9997,#9998),
 .UNSPECIFIED.,.F.,.F.,(3,1,3),(0.,1.,2.),.UNSPECIFIED.);
#1472=B_SPLINE_CURVE_WITH_KNOTS('',2,(#10009,#10010,#10011,#10012),
 .UNSPECIFIED.,.F.,.F.,(3,1,3),(0.,1.,2.),.UNSPECIFIED.);
#1473=B_SPLINE_CURVE_WITH_KNOTS('',2,(#10023,#10024,#10025,#10026),
 .UNSPECIFIED.,.F.,.F.,(3,1,3),(0.,1.,2.),.UNSPECIFIED.);
#1474=B_SPLINE_CURVE_WITH_KNOTS('',2,(#10037,#10038,#10039,#10040),
 .UNSPECIFIED.,.F.,.F.,(3,1,3),(0.,1.,2.),.UNSPECIFIED.);
#1475=B_SPLINE_CURVE_WITH_KNOTS('',2,(#10051,#10052,#10053,#10054),
 .UNSPECIFIED.,.F.,.F.,(3,1,3),(0.,1.,2.),.UNSPECIFIED.);
#1476=B_SPLINE_CURVE_WITH_KNOTS('',2,(#10065,#10066,#10067,#10068),
 .UNSPECIFIED.,.F.,.F.,(3,1,3),(0.,1.,2.),.UNSPECIFIED.);
#1477=B_SPLINE_CURVE_WITH_KNOTS('',2,(#10079,#10080,#10081,#10082),
 .UNSPECIFIED.,.F.,.F.,(3,1,3),(0.,1.,2.),.UNSPECIFIED.);
#1478=B_SPLINE_CURVE_WITH_KNOTS('',2,(#10093,#10094,#10095,#10096),
 .UNSPECIFIED.,.F.,.F.,(3,1,3),(0.,1.,2.),.UNSPECIFIED.);
#1479=B_SPLINE_CURVE_WITH_KNOTS('',2,(#10107,#10108,#10109,#10110),
 .UNSPECIFIED.,.F.,.F.,(3,1,3),(0.,1.,2.),.UNSPECIFIED.);
#1480=B_SPLINE_CURVE_WITH_KNOTS('',2,(#10128,#10129,#10130,#10131),
 .UNSPECIFIED.,.F.,.F.,(3,1,3),(0.,1.,2.),.UNSPECIFIED.);
#1481=B_SPLINE_CURVE_WITH_KNOTS('',2,(#10216,#10217,#10218,#10219),
 .UNSPECIFIED.,.F.,.F.,(3,1,3),(0.,1.,2.),.UNSPECIFIED.);
#1482=B_SPLINE_CURVE_WITH_KNOTS('',3,(#10223,#10224,#10225,#10226,#10227,
#10228,#10229),.UNSPECIFIED.,.F.,.F.,(4,3,4),(-0.0131872787051077,-0.00659363935255387,
0.),.UNSPECIFIED.);
#1483=B_SPLINE_CURVE_WITH_KNOTS('',2,(#10240,#10241,#10242,#10243),
 .UNSPECIFIED.,.F.,.F.,(3,1,3),(0.,1.,2.),.UNSPECIFIED.);
#1484=B_SPLINE_CURVE_WITH_KNOTS('',3,(#10245,#10246,#10247,#10248,#10249,
#10250,#10251),.UNSPECIFIED.,.F.,.F.,(4,3,4),(-0.0164186788145311,-0.00820933940726555,
0.),.UNSPECIFIED.);
#1485=B_SPLINE_CURVE_WITH_KNOTS('',2,(#10262,#10263,#10264,#10265),
 .UNSPECIFIED.,.F.,.F.,(3,1,3),(0.,1.,2.),.UNSPECIFIED.);
#1486=B_SPLINE_CURVE_WITH_KNOTS('',3,(#10267,#10268,#10269,#10270,#10271,
#10272,#10273),.UNSPECIFIED.,.F.,.F.,(4,3,4),(-0.0242183344598089,-0.0121091672299045,
0.),.UNSPECIFIED.);
#1487=B_SPLINE_CURVE_WITH_KNOTS('',2,(#10290,#10291,#10292,#10293),
 .UNSPECIFIED.,.F.,.F.,(3,1,3),(0.,1.,2.),.UNSPECIFIED.);
#1488=B_SPLINE_CURVE_WITH_KNOTS('',3,(#10295,#10296,#10297,#10298,#10299,
#10300,#10301),.UNSPECIFIED.,.F.,.F.,(4,3,4),(-0.0102212942737494,-0.00511064713687468,
0.),.UNSPECIFIED.);
#1489=B_SPLINE_CURVE_WITH_KNOTS('',2,(#10313,#10314,#10315,#10316),
 .UNSPECIFIED.,.F.,.F.,(3,1,3),(0.,1.,2.),.UNSPECIFIED.);
#1490=B_SPLINE_CURVE_WITH_KNOTS('',3,(#10320,#10321,#10322,#10323,#10324,
#10325,#10326),.UNSPECIFIED.,.F.,.F.,(4,3,4),(-0.0136131896163343,-0.00680659480816714,
0.),.UNSPECIFIED.);
#1491=B_SPLINE_CURVE_WITH_KNOTS('',2,(#10337,#10338,#10339,#10340),
 .UNSPECIFIED.,.F.,.F.,(3,1,3),(0.,1.,2.),.UNSPECIFIED.);
#1492=B_SPLINE_CURVE_WITH_KNOTS('',3,(#10343,#10344,#10345,#10346,#10347,
#10348,#10349),.UNSPECIFIED.,.F.,.F.,(4,3,4),(-0.0160015490263378,-0.00800077451316888,
0.),.UNSPECIFIED.);
#1493=B_SPLINE_CURVE_WITH_KNOTS('',2,(#10360,#10361,#10362,#10363),
 .UNSPECIFIED.,.F.,.F.,(3,1,3),(0.,1.,2.),.UNSPECIFIED.);
#1494=B_SPLINE_CURVE_WITH_KNOTS('',3,(#10367,#10368,#10369,#10370,#10371,
#10372,#10373),.UNSPECIFIED.,.F.,.F.,(4,3,4),(-0.005407928753772,-0.002703964376886,
0.),.UNSPECIFIED.);
#1495=B_SPLINE_CURVE_WITH_KNOTS('',2,(#10384,#10385,#10386,#10387),
 .UNSPECIFIED.,.F.,.F.,(3,1,3),(0.,1.,2.),.UNSPECIFIED.);
#1496=B_SPLINE_CURVE_WITH_KNOTS('',3,(#10390,#10391,#10392,#10393,#10394,
#10395,#10396),.UNSPECIFIED.,.F.,.F.,(4,3,4),(-0.00799856610982947,-0.00399928305491474,
0.),.UNSPECIFIED.);
#1497=B_SPLINE_CURVE_WITH_KNOTS('',2,(#10406,#10407,#10408,#10409),
 .UNSPECIFIED.,.F.,.F.,(3,1,3),(0.,1.,2.),.UNSPECIFIED.);
#1498=B_SPLINE_CURVE_WITH_KNOTS('',3,(#10412,#10413,#10414,#10415,#10416,
#10417,#10418),.UNSPECIFIED.,.F.,.F.,(4,3,4),(-0.02947974976563,-0.014739874882815,
0.),.UNSPECIFIED.);
#1499=B_SPLINE_CURVE_WITH_KNOTS('',2,(#10428,#10429,#10430,#10431),
 .UNSPECIFIED.,.F.,.F.,(3,1,3),(0.,1.,2.),.UNSPECIFIED.);
#1500=B_SPLINE_CURVE_WITH_KNOTS('',3,(#10434,#10435,#10436,#10437,#10438,
#10439,#10440),.UNSPECIFIED.,.F.,.F.,(4,3,4),(-0.0135662993373778,-0.0067831496686889,
0.),.UNSPECIFIED.);
#1501=B_SPLINE_CURVE_WITH_KNOTS('',2,(#10456,#10457,#10458,#10459),
 .UNSPECIFIED.,.F.,.F.,(3,1,3),(0.,1.,2.),.UNSPECIFIED.);
#1502=B_SPLINE_CURVE_WITH_KNOTS('',3,(#10462,#10463,#10464,#10465,#10466,
#10467,#10468),.UNSPECIFIED.,.F.,.F.,(4,3,4),(-0.0199421865685756,-0.00997109328428778,
0.),.UNSPECIFIED.);
#1503=B_SPLINE_CURVE_WITH_KNOTS('',2,(#10478,#10479,#10480,#10481),
 .UNSPECIFIED.,.F.,.F.,(3,1,3),(0.,1.,2.),.UNSPECIFIED.);
#1504=B_SPLINE_CURVE_WITH_KNOTS('',3,(#10484,#10485,#10486,#10487,#10488,
#10489,#10490),.UNSPECIFIED.,.F.,.F.,(4,3,4),(-0.0183027204841699,-0.00915136024208497,
0.),.UNSPECIFIED.);
#1505=B_SPLINE_CURVE_WITH_KNOTS('',2,(#10499,#10500,#10501,#10502),
 .UNSPECIFIED.,.F.,.F.,(3,1,3),(0.,1.,2.),.UNSPECIFIED.);
#1506=B_SPLINE_CURVE_WITH_KNOTS('',3,(#10503,#10504,#10505,#10506,#10507,
#10508,#10509),.UNSPECIFIED.,.F.,.F.,(4,3,4),(-0.0291412288865886,-0.0145706144432943,
0.),.UNSPECIFIED.);
#1507=B_SPLINE_CURVE_WITH_KNOTS('',2,(#10519,#10520,#10521,#10522),
 .UNSPECIFIED.,.F.,.F.,(3,1,3),(0.,1.,2.),.UNSPECIFIED.);
#1508=B_SPLINE_CURVE_WITH_KNOTS('',3,(#10525,#10526,#10527,#10528,#10529,
#10530,#10531),.UNSPECIFIED.,.F.,.F.,(4,3,4),(-0.00601791048129132,-0.00300895524064566,
0.),.UNSPECIFIED.);
#1509=B_SPLINE_CURVE_WITH_KNOTS('',2,(#10541,#10542,#10543,#10544),
 .UNSPECIFIED.,.F.,.F.,(3,1,3),(0.,1.,2.),.UNSPECIFIED.);
#1510=B_SPLINE_CURVE_WITH_KNOTS('',3,(#10547,#10548,#10549,#10550,#10551,
#10552,#10553),.UNSPECIFIED.,.F.,.F.,(4,3,4),(-0.0108651118457849,-0.00543255592289246,
0.),.UNSPECIFIED.);
#1511=B_SPLINE_CURVE_WITH_KNOTS('',2,(#10562,#10563,#10564,#10565),
 .UNSPECIFIED.,.F.,.F.,(3,1,3),(0.,1.,2.),.UNSPECIFIED.);
#1512=B_SPLINE_CURVE_WITH_KNOTS('',3,(#10566,#10567,#10568,#10569,#10570,
#10571,#10572),.UNSPECIFIED.,.F.,.F.,(4,3,4),(-0.0130148349565034,-0.00650741747825171,
0.),.UNSPECIFIED.);
#1513=B_SPLINE_CURVE_WITH_KNOTS('',2,(#10582,#10583,#10584,#10585),
 .UNSPECIFIED.,.F.,.F.,(3,1,3),(0.,1.,2.),.UNSPECIFIED.);
#1514=B_SPLINE_CURVE_WITH_KNOTS('',3,(#10588,#10589,#10590,#10591,#10592,
#10593,#10594),.UNSPECIFIED.,.F.,.F.,(4,3,4),(-0.00877482329286303,-0.00438741164643152,
0.),.UNSPECIFIED.);
#1515=B_SPLINE_CURVE_WITH_KNOTS('',2,(#10604,#10605,#10606,#10607),
 .UNSPECIFIED.,.F.,.F.,(3,1,3),(0.,1.,2.),.UNSPECIFIED.);
#1516=B_SPLINE_CURVE_WITH_KNOTS('',3,(#10610,#10611,#10612,#10613,#10614,
#10615,#10616),.UNSPECIFIED.,.F.,.F.,(4,3,4),(-0.0103494032448118,-0.0051747016224059,
0.),.UNSPECIFIED.);
#1517=B_SPLINE_CURVE_WITH_KNOTS('',2,(#10625,#10626,#10627,#10628),
 .UNSPECIFIED.,.F.,.F.,(3,1,3),(0.,1.,2.),.UNSPECIFIED.);
#1518=B_SPLINE_CURVE_WITH_KNOTS('',3,(#10629,#10630,#10631,#10632,#10633,
#10634,#10635),.UNSPECIFIED.,.F.,.F.,(4,3,4),(-0.0083798505148608,-0.0041899252574304,
0.),.UNSPECIFIED.);
#1519=B_SPLINE_CURVE_WITH_KNOTS('',3,(#10640,#10641,#10642,#10643,#10644,
#10645,#10646),.UNSPECIFIED.,.F.,.F.,(4,3,4),(-0.0380964518125537,-0.0190482259062769,
0.),.UNSPECIFIED.);
#1520=B_SPLINE_CURVE_WITH_KNOTS('',3,(#10648,#10649,#10650,#10651,#10652,
#10653,#10654),.UNSPECIFIED.,.F.,.F.,(4,3,4),(-0.0104849174432337,-0.00524245872161686,
0.),.UNSPECIFIED.);
#1521=B_SPLINE_CURVE_WITH_KNOTS('',3,(#10656,#10657,#10658,#10659,#10660,
#10661,#10662),.UNSPECIFIED.,.F.,.F.,(4,3,4),(-0.0131575404819918,-0.00657877024099591,
0.),.UNSPECIFIED.);
#1522=B_SPLINE_CURVE_WITH_KNOTS('',3,(#10664,#10665,#10666,#10667,#10668,
#10669,#10670),.UNSPECIFIED.,.F.,.F.,(4,3,4),(-0.0217967294968402,-0.0108983647484201,
0.),.UNSPECIFIED.);
#1523=B_SPLINE_CURVE_WITH_KNOTS('',3,(#10672,#10673,#10674,#10675,#10676,
#10677,#10678),.UNSPECIFIED.,.F.,.F.,(4,3,4),(-0.0208336369288305,-0.0104168184644153,
0.),.UNSPECIFIED.);
#1524=B_SPLINE_CURVE_WITH_KNOTS('',3,(#10680,#10681,#10682,#10683,#10684,
#10685,#10686),.UNSPECIFIED.,.F.,.F.,(4,3,4),(-0.0125163671038596,-0.00625818355192978,
0.),.UNSPECIFIED.);
#1525=B_SPLINE_CURVE_WITH_KNOTS('',3,(#10688,#10689,#10690,#10691,#10692,
#10693,#10694),.UNSPECIFIED.,.F.,.F.,(4,3,4),(-0.0129569784202173,-0.00647848921010863,
0.),.UNSPECIFIED.);
#1526=B_SPLINE_CURVE_WITH_KNOTS('',3,(#10700,#10701,#10702,#10703,#10704,
#10705,#10706),.UNSPECIFIED.,.F.,.F.,(4,3,4),(-0.0203975573399332,-0.0101987786699666,
0.),.UNSPECIFIED.);
#1527=B_SPLINE_CURVE_WITH_KNOTS('',3,(#10708,#10709,#10710,#10711,#10712,
#10713,#10714),.UNSPECIFIED.,.F.,.F.,(4,3,4),(-0.0326317150031408,-0.0163158575015704,
0.),.UNSPECIFIED.);
#1528=B_SPLINE_CURVE_WITH_KNOTS('',3,(#10716,#10717,#10718,#10719,#10720,
#10721,#10722),.UNSPECIFIED.,.F.,.F.,(4,3,4),(-0.0222972922164095,-0.0111486461082048,
0.),.UNSPECIFIED.);
#1529=B_SPLINE_CURVE_WITH_KNOTS('',3,(#10724,#10725,#10726,#10727,#10728,
#10729,#10730),.UNSPECIFIED.,.F.,.F.,(4,3,4),(-0.0201386896646115,-0.0100693448323058,
0.),.UNSPECIFIED.);
#1530=B_SPLINE_CURVE_WITH_KNOTS('',3,(#10732,#10733,#10734,#10735,#10736,
#10737,#10738),.UNSPECIFIED.,.F.,.F.,(4,3,4),(-0.0092671703510652,-0.0046335851755326,
0.),.UNSPECIFIED.);
#1531=B_SPLINE_CURVE_WITH_KNOTS('',3,(#10740,#10741,#10742,#10743,#10744,
#10745,#10746),.UNSPECIFIED.,.F.,.F.,(4,3,4),(-0.0116745105637987,-0.00583725528189934,
0.),.UNSPECIFIED.);
#1532=B_SPLINE_CURVE_WITH_KNOTS('',3,(#10748,#10749,#10750,#10751,#10752,
#10753,#10754),.UNSPECIFIED.,.F.,.F.,(4,3,4),(-0.0131603965727204,-0.00658019828636019,
0.),.UNSPECIFIED.);
#1533=B_SPLINE_CURVE_WITH_KNOTS('',3,(#10756,#10757,#10758,#10759,#10760,
#10761,#10762),.UNSPECIFIED.,.F.,.F.,(4,3,4),(-0.0158363168153077,-0.00791815840765387,
0.),.UNSPECIFIED.);
#1534=B_SPLINE_CURVE_WITH_KNOTS('',3,(#10767,#10768,#10769,#10770,#10771,
#10772,#10773),.UNSPECIFIED.,.F.,.F.,(4,3,4),(-0.0168117535360852,-0.00840587676804258,
0.),.UNSPECIFIED.);
#1535=B_SPLINE_CURVE_WITH_KNOTS('',2,(#10784,#10785,#10786,#10787),
 .UNSPECIFIED.,.F.,.F.,(3,1,3),(0.,1.,2.),.UNSPECIFIED.);
#1536=B_SPLINE_CURVE_WITH_KNOTS('',2,(#10807,#10808,#10809,#10810),
 .UNSPECIFIED.,.F.,.F.,(3,1,3),(0.,1.,2.),.UNSPECIFIED.);
#1537=B_SPLINE_CURVE_WITH_KNOTS('',2,(#10821,#10822,#10823,#10824),
 .UNSPECIFIED.,.F.,.F.,(3,1,3),(0.,1.,2.),.UNSPECIFIED.);
#1538=B_SPLINE_CURVE_WITH_KNOTS('',2,(#10835,#10836,#10837,#10838),
 .UNSPECIFIED.,.F.,.F.,(3,1,3),(0.,1.,2.),.UNSPECIFIED.);
#1539=B_SPLINE_CURVE_WITH_KNOTS('',2,(#10849,#10850,#10851,#10852),
 .UNSPECIFIED.,.F.,.F.,(3,1,3),(0.,1.,2.),.UNSPECIFIED.);
#1540=B_SPLINE_CURVE_WITH_KNOTS('',2,(#10863,#10864,#10865,#10866),
 .UNSPECIFIED.,.F.,.F.,(3,1,3),(0.,1.,2.),.UNSPECIFIED.);
#1541=B_SPLINE_CURVE_WITH_KNOTS('',2,(#10877,#10878,#10879,#10880),
 .UNSPECIFIED.,.F.,.F.,(3,1,3),(0.,1.,2.),.UNSPECIFIED.);
#1542=B_SPLINE_CURVE_WITH_KNOTS('',2,(#10891,#10892,#10893,#10894),
 .UNSPECIFIED.,.F.,.F.,(3,1,3),(0.,1.,2.),.UNSPECIFIED.);
#1543=B_SPLINE_CURVE_WITH_KNOTS('',2,(#10905,#10906,#10907,#10908),
 .UNSPECIFIED.,.F.,.F.,(3,1,3),(0.,1.,2.),.UNSPECIFIED.);
#1544=B_SPLINE_CURVE_WITH_KNOTS('',2,(#10919,#10920,#10921,#10922),
 .UNSPECIFIED.,.F.,.F.,(3,1,3),(0.,1.,2.),.UNSPECIFIED.);
#1545=B_SPLINE_CURVE_WITH_KNOTS('',2,(#10933,#10934,#10935,#10936),
 .UNSPECIFIED.,.F.,.F.,(3,1,3),(0.,1.,2.),.UNSPECIFIED.);
#1546=B_SPLINE_CURVE_WITH_KNOTS('',2,(#10947,#10948,#10949,#10950),
 .UNSPECIFIED.,.F.,.F.,(3,1,3),(0.,1.,2.),.UNSPECIFIED.);
#1547=B_SPLINE_CURVE_WITH_KNOTS('',2,(#10961,#10962,#10963,#10964),
 .UNSPECIFIED.,.F.,.F.,(3,1,3),(0.,1.,2.),.UNSPECIFIED.);
#1548=B_SPLINE_CURVE_WITH_KNOTS('',2,(#10975,#10976,#10977,#10978),
 .UNSPECIFIED.,.F.,.F.,(3,1,3),(0.,1.,2.),.UNSPECIFIED.);
#1549=B_SPLINE_CURVE_WITH_KNOTS('',2,(#10989,#10990,#10991,#10992),
 .UNSPECIFIED.,.F.,.F.,(3,1,3),(0.,1.,2.),.UNSPECIFIED.);
#1550=B_SPLINE_CURVE_WITH_KNOTS('',2,(#11010,#11011,#11012,#11013),
 .UNSPECIFIED.,.F.,.F.,(3,1,3),(0.,1.,2.),.UNSPECIFIED.);
#1551=B_SPLINE_CURVE_WITH_KNOTS('',2,(#11024,#11025,#11026,#11027),
 .UNSPECIFIED.,.F.,.F.,(3,1,3),(0.,1.,2.),.UNSPECIFIED.);
#1552=B_SPLINE_CURVE_WITH_KNOTS('',3,(#11031,#11032,#11033,#11034,#11035,
#11036,#11037),.UNSPECIFIED.,.F.,.F.,(4,3,4),(-0.0431984952317121,-0.021599247615856,
0.),.UNSPECIFIED.);
#1553=B_SPLINE_CURVE_WITH_KNOTS('',2,(#11048,#11049,#11050,#11051),
 .UNSPECIFIED.,.F.,.F.,(3,1,3),(0.,1.,2.),.UNSPECIFIED.);
#1554=B_SPLINE_CURVE_WITH_KNOTS('',3,(#11053,#11054,#11055,#11056,#11057,
#11058,#11059),.UNSPECIFIED.,.F.,.F.,(4,3,4),(-0.0158945961023095,-0.00794729805115476,
0.),.UNSPECIFIED.);
#1555=B_SPLINE_CURVE_WITH_KNOTS('',2,(#11070,#11071,#11072,#11073),
 .UNSPECIFIED.,.F.,.F.,(3,1,3),(0.,1.,2.),.UNSPECIFIED.);
#1556=B_SPLINE_CURVE_WITH_KNOTS('',3,(#11075,#11076,#11077,#11078,#11079,
#11080,#11081),.UNSPECIFIED.,.F.,.F.,(4,3,4),(-0.0304467443268759,-0.0152233721634379,
0.),.UNSPECIFIED.);
#1557=B_SPLINE_CURVE_WITH_KNOTS('',2,(#11092,#11093,#11094,#11095),
 .UNSPECIFIED.,.F.,.F.,(3,1,3),(0.,1.,2.),.UNSPECIFIED.);
#1558=B_SPLINE_CURVE_WITH_KNOTS('',2,(#11109,#11110,#11111,#11112),
 .UNSPECIFIED.,.F.,.F.,(3,1,3),(0.,1.,2.),.UNSPECIFIED.);
#1559=B_SPLINE_CURVE_WITH_KNOTS('',3,(#11116,#11117,#11118,#11119,#11120,
#11121,#11122),.UNSPECIFIED.,.F.,.F.,(4,3,4),(-0.0208571328384977,-0.0104285664192489,
0.),.UNSPECIFIED.);
#1560=B_SPLINE_CURVE_WITH_KNOTS('',3,(#11136,#11137,#11138,#11139,#11140,
#11141,#11142),.UNSPECIFIED.,.F.,.F.,(4,3,4),(-0.0155085339276651,-0.00775426696383255,
0.),.UNSPECIFIED.);
#1561=B_SPLINE_CURVE_WITH_KNOTS('',2,(#11152,#11153,#11154,#11155),
 .UNSPECIFIED.,.F.,.F.,(3,1,3),(0.,1.,2.),.UNSPECIFIED.);
#1562=B_SPLINE_CURVE_WITH_KNOTS('',3,(#11158,#11159,#11160,#11161,#11162,
#11163,#11164),.UNSPECIFIED.,.F.,.F.,(4,3,4),(-0.0100267087358972,-0.00501335436794858,
0.),.UNSPECIFIED.);
#1563=B_SPLINE_CURVE_WITH_KNOTS('',2,(#11174,#11175,#11176,#11177),
 .UNSPECIFIED.,.F.,.F.,(3,1,3),(0.,1.,2.),.UNSPECIFIED.);
#1564=B_SPLINE_CURVE_WITH_KNOTS('',3,(#11180,#11181,#11182,#11183,#11184,
#11185,#11186),.UNSPECIFIED.,.F.,.F.,(4,3,4),(-0.018155634930027,-0.00907781746501352,
0.),.UNSPECIFIED.);
#1565=B_SPLINE_CURVE_WITH_KNOTS('',2,(#11209,#11210,#11211,#11212),
 .UNSPECIFIED.,.F.,.F.,(3,1,3),(0.,1.,2.),.UNSPECIFIED.);
#1566=B_SPLINE_CURVE_WITH_KNOTS('',3,(#11215,#11216,#11217,#11218,#11219,
#11220,#11221),.UNSPECIFIED.,.F.,.F.,(4,3,4),(-0.0158558119458103,-0.00792790597290514,
0.),.UNSPECIFIED.);
#1567=B_SPLINE_CURVE_WITH_KNOTS('',2,(#11230,#11231,#11232,#11233),
 .UNSPECIFIED.,.F.,.F.,(3,1,3),(0.,1.,2.),.UNSPECIFIED.);
#1568=B_SPLINE_CURVE_WITH_KNOTS('',3,(#11234,#11235,#11236,#11237,#11238,
#11239,#11240),.UNSPECIFIED.,.F.,.F.,(4,3,4),(-0.0384687595909018,-0.0192343797954509,
0.),.UNSPECIFIED.);
#1569=B_SPLINE_CURVE_WITH_KNOTS('',2,(#11250,#11251,#11252,#11253),
 .UNSPECIFIED.,.F.,.F.,(3,1,3),(0.,1.,2.),.UNSPECIFIED.);
#1570=B_SPLINE_CURVE_WITH_KNOTS('',3,(#11256,#11257,#11258,#11259,#11260,
#11261,#11262),.UNSPECIFIED.,.F.,.F.,(4,3,4),(-0.0127846886676607,-0.00639234433383034,
0.),.UNSPECIFIED.);
#1571=B_SPLINE_CURVE_WITH_KNOTS('',2,(#11272,#11273,#11274,#11275),
 .UNSPECIFIED.,.F.,.F.,(3,1,3),(0.,1.,2.),.UNSPECIFIED.);
#1572=B_SPLINE_CURVE_WITH_KNOTS('',3,(#11278,#11279,#11280,#11281,#11282,
#11283,#11284),.UNSPECIFIED.,.F.,.F.,(4,3,4),(-0.0142597693753224,-0.00712988468766121,
0.),.UNSPECIFIED.);
#1573=B_SPLINE_CURVE_WITH_KNOTS('',2,(#11293,#11294,#11295,#11296),
 .UNSPECIFIED.,.F.,.F.,(3,1,3),(0.,1.,2.),.UNSPECIFIED.);
#1574=B_SPLINE_CURVE_WITH_KNOTS('',3,(#11297,#11298,#11299,#11300,#11301,
#11302,#11303),.UNSPECIFIED.,.F.,.F.,(4,3,4),(-0.0256762591272599,-0.0128381295636299,
0.),.UNSPECIFIED.);
#1575=B_SPLINE_CURVE_WITH_KNOTS('',3,(#11308,#11309,#11310,#11311,#11312,
#11313,#11314),.UNSPECIFIED.,.F.,.F.,(4,3,4),(-0.015476767860661,-0.00773838393033049,
0.),.UNSPECIFIED.);
#1576=B_SPLINE_CURVE_WITH_KNOTS('',3,(#11316,#11317,#11318,#11319,#11320,
#11321,#11322),.UNSPECIFIED.,.F.,.F.,(4,3,4),(-0.0103861469359836,-0.00519307346799182,
0.),.UNSPECIFIED.);
#1577=B_SPLINE_CURVE_WITH_KNOTS('',3,(#11324,#11325,#11326,#11327,#11328,
#11329,#11330),.UNSPECIFIED.,.F.,.F.,(4,3,4),(-0.0155618946270105,-0.00778094731350523,
0.),.UNSPECIFIED.);
#1578=B_SPLINE_CURVE_WITH_KNOTS('',3,(#11338,#11339,#11340,#11341,#11342,
#11343,#11344),.UNSPECIFIED.,.F.,.F.,(4,3,4),(-0.0216393994893272,-0.0108196997446636,
0.),.UNSPECIFIED.);
#1579=B_SPLINE_CURVE_WITH_KNOTS('',3,(#11346,#11347,#11348,#11349,#11350,
#11351,#11352),.UNSPECIFIED.,.F.,.F.,(4,3,4),(-0.00663868409434031,-0.00331934204717016,
0.),.UNSPECIFIED.);
#1580=B_SPLINE_CURVE_WITH_KNOTS('',3,(#11354,#11355,#11356,#11357,#11358,
#11359,#11360),.UNSPECIFIED.,.F.,.F.,(4,3,4),(-0.0233893037345171,-0.0116946518672585,
0.),.UNSPECIFIED.);
#1581=B_SPLINE_CURVE_WITH_KNOTS('',3,(#11362,#11363,#11364,#11365,#11366,
#11367,#11368),.UNSPECIFIED.,.F.,.F.,(4,3,4),(-0.0119948825621515,-0.00599744128107573,
0.),.UNSPECIFIED.);
#1582=B_SPLINE_CURVE_WITH_KNOTS('',3,(#11370,#11371,#11372,#11373,#11374,
#11375,#11376),.UNSPECIFIED.,.F.,.F.,(4,3,4),(-0.0108709985789007,-0.00543549928945033,
0.),.UNSPECIFIED.);
#1583=B_SPLINE_CURVE_WITH_KNOTS('',3,(#11382,#11383,#11384,#11385,#11386,
#11387,#11388),.UNSPECIFIED.,.F.,.F.,(4,3,4),(-0.0189892961261997,-0.00949464806309987,
0.),.UNSPECIFIED.);
#1584=B_SPLINE_CURVE_WITH_KNOTS('',3,(#11392,#11393,#11394,#11395,#11396,
#11397,#11398),.UNSPECIFIED.,.F.,.F.,(4,3,4),(-0.0189367228846264,-0.0094683614423132,
0.),.UNSPECIFIED.);
#1585=B_SPLINE_CURVE_WITH_KNOTS('',3,(#11400,#11401,#11402,#11403,#11404,
#11405,#11406),.UNSPECIFIED.,.F.,.F.,(4,3,4),(-0.00753251492131388,-0.00376625746065694,
0.),.UNSPECIFIED.);
#1586=B_SPLINE_CURVE_WITH_KNOTS('',3,(#11408,#11409,#11410,#11411,#11412,
#11413,#11414),.UNSPECIFIED.,.F.,.F.,(4,3,4),(-0.0196253767266077,-0.00981268836330383,
0.),.UNSPECIFIED.);
#1587=B_SPLINE_CURVE_WITH_KNOTS('',3,(#11418,#11419,#11420,#11421,#11422,
#11423,#11424),.UNSPECIFIED.,.F.,.F.,(4,3,4),(-0.0166273019565837,-0.00831365097829184,
0.),.UNSPECIFIED.);
#1588=B_SPLINE_CURVE_WITH_KNOTS('',3,(#11426,#11427,#11428,#11429,#11430,
#11431,#11432),.UNSPECIFIED.,.F.,.F.,(4,3,4),(-0.0107547780976551,-0.00537738904882757,
0.),.UNSPECIFIED.);
#1589=B_SPLINE_CURVE_WITH_KNOTS('',3,(#11434,#11435,#11436,#11437,#11438,
#11439,#11440),.UNSPECIFIED.,.F.,.F.,(4,3,4),(-0.0132687480770639,-0.00663437403853193,
0.),.UNSPECIFIED.);
#1590=B_SPLINE_CURVE_WITH_KNOTS('',3,(#11442,#11443,#11444,#11445,#11446,
#11447,#11448),.UNSPECIFIED.,.F.,.F.,(4,3,4),(-0.0257837025875863,-0.0128918512937932,
0.),.UNSPECIFIED.);
#1591=B_SPLINE_CURVE_WITH_KNOTS('',3,(#11454,#11455,#11456,#11457,#11458,
#11459,#11460),.UNSPECIFIED.,.F.,.F.,(4,3,4),(-0.00564511981448876,-0.00282255990724438,
0.),.UNSPECIFIED.);
#1592=B_SPLINE_CURVE_WITH_KNOTS('',3,(#11461,#11462,#11463,#11464,#11465,
#11466,#11467),.UNSPECIFIED.,.F.,.F.,(4,3,4),(-0.0203798098005959,-0.0101899049002979,
0.),.UNSPECIFIED.);
#1593=B_SPLINE_CURVE_WITH_KNOTS('',2,(#11478,#11479,#11480,#11481),
 .UNSPECIFIED.,.F.,.F.,(3,1,3),(0.,1.,2.),.UNSPECIFIED.);
#1594=B_SPLINE_CURVE_WITH_KNOTS('',2,(#11501,#11502,#11503,#11504),
 .UNSPECIFIED.,.F.,.F.,(3,1,3),(0.,1.,2.),.UNSPECIFIED.);
#1595=B_SPLINE_CURVE_WITH_KNOTS('',2,(#11515,#11516,#11517,#11518),
 .UNSPECIFIED.,.F.,.F.,(3,1,3),(0.,1.,2.),.UNSPECIFIED.);
#1596=B_SPLINE_CURVE_WITH_KNOTS('',2,(#11529,#11530,#11531,#11532),
 .UNSPECIFIED.,.F.,.F.,(3,1,3),(0.,1.,2.),.UNSPECIFIED.);
#1597=B_SPLINE_CURVE_WITH_KNOTS('',2,(#11543,#11544,#11545,#11546),
 .UNSPECIFIED.,.F.,.F.,(3,1,3),(0.,1.,2.),.UNSPECIFIED.);
#1598=B_SPLINE_CURVE_WITH_KNOTS('',2,(#11557,#11558,#11559,#11560),
 .UNSPECIFIED.,.F.,.F.,(3,1,3),(0.,1.,2.),.UNSPECIFIED.);
#1599=B_SPLINE_CURVE_WITH_KNOTS('',2,(#11583,#11584,#11585,#11586),
 .UNSPECIFIED.,.F.,.F.,(3,1,3),(0.,1.,2.),.UNSPECIFIED.);
#1600=B_SPLINE_CURVE_WITH_KNOTS('',2,(#11597,#11598,#11599,#11600),
 .UNSPECIFIED.,.F.,.F.,(3,1,3),(0.,1.,2.),.UNSPECIFIED.);
#1601=B_SPLINE_CURVE_WITH_KNOTS('',2,(#11611,#11612,#11613,#11614),
 .UNSPECIFIED.,.F.,.F.,(3,1,3),(0.,1.,2.),.UNSPECIFIED.);
#1602=B_SPLINE_CURVE_WITH_KNOTS('',2,(#11636,#11637,#11638,#11639),
 .UNSPECIFIED.,.F.,.F.,(3,1,3),(0.,1.,2.),.UNSPECIFIED.);
#1603=B_SPLINE_CURVE_WITH_KNOTS('',2,(#11650,#11651,#11652,#11653),
 .UNSPECIFIED.,.F.,.F.,(3,1,3),(0.,1.,2.),.UNSPECIFIED.);
#1604=B_SPLINE_CURVE_WITH_KNOTS('',2,(#11664,#11665,#11666,#11667),
 .UNSPECIFIED.,.F.,.F.,(3,1,3),(0.,1.,2.),.UNSPECIFIED.);
#1605=B_SPLINE_CURVE_WITH_KNOTS('',2,(#11682,#11683,#11684,#11685),
 .UNSPECIFIED.,.F.,.F.,(3,1,3),(0.,1.,2.),.UNSPECIFIED.);
#1606=B_SPLINE_CURVE_WITH_KNOTS('',2,(#11696,#11697,#11698,#11699),
 .UNSPECIFIED.,.F.,.F.,(3,1,3),(0.,1.,2.),.UNSPECIFIED.);
#1607=B_SPLINE_CURVE_WITH_KNOTS('',2,(#11710,#11711,#11712,#11713),
 .UNSPECIFIED.,.F.,.F.,(3,1,3),(0.,1.,2.),.UNSPECIFIED.);
#1608=B_SPLINE_CURVE_WITH_KNOTS('',2,(#11724,#11725,#11726,#11727),
 .UNSPECIFIED.,.F.,.F.,(3,1,3),(0.,1.,2.),.UNSPECIFIED.);
#1609=B_SPLINE_CURVE_WITH_KNOTS('',2,(#11746,#11747,#11748,#11749),
 .UNSPECIFIED.,.F.,.F.,(3,1,3),(0.,1.,2.),.UNSPECIFIED.);
#1610=B_SPLINE_CURVE_WITH_KNOTS('',2,(#11759,#11760,#11761,#11762),
 .UNSPECIFIED.,.F.,.F.,(3,1,3),(0.,1.,2.),.UNSPECIFIED.);
#1611=B_SPLINE_CURVE_WITH_KNOTS('',2,(#11877,#11878,#11879,#11880),
 .UNSPECIFIED.,.F.,.F.,(3,1,3),(0.,1.,2.),.UNSPECIFIED.);
#1612=B_SPLINE_CURVE_WITH_KNOTS('',3,(#11884,#11885,#11886,#11887,#11888,
#11889,#11890),.UNSPECIFIED.,.F.,.F.,(4,3,4),(-0.0108891053465767,-0.00544455267328833,
0.),.UNSPECIFIED.);
#1613=B_SPLINE_CURVE_WITH_KNOTS('',2,(#11901,#11902,#11903,#11904),
 .UNSPECIFIED.,.F.,.F.,(3,1,3),(0.,1.,2.),.UNSPECIFIED.);
#1614=B_SPLINE_CURVE_WITH_KNOTS('',3,(#11906,#11907,#11908,#11909,#11910,
#11911,#11912),.UNSPECIFIED.,.F.,.F.,(4,3,4),(-0.0278529522757361,-0.0139264761378681,
0.),.UNSPECIFIED.);
#1615=B_SPLINE_CURVE_WITH_KNOTS('',2,(#11923,#11924,#11925,#11926),
 .UNSPECIFIED.,.F.,.F.,(3,1,3),(0.,1.,2.),.UNSPECIFIED.);
#1616=B_SPLINE_CURVE_WITH_KNOTS('',3,(#11928,#11929,#11930,#11931,#11932,
#11933,#11934),.UNSPECIFIED.,.F.,.F.,(4,3,4),(-0.0153503190060836,-0.0076751595030418,
0.),.UNSPECIFIED.);
#1617=B_SPLINE_CURVE_WITH_KNOTS('',2,(#11957,#11958,#11959,#11960),
 .UNSPECIFIED.,.F.,.F.,(3,1,3),(0.,1.,2.),.UNSPECIFIED.);
#1618=B_SPLINE_CURVE_WITH_KNOTS('',3,(#11962,#11963,#11964,#11965,#11966,
#11967,#11968),.UNSPECIFIED.,.F.,.F.,(4,3,4),(-0.0115934559979444,-0.0057967279989722,
0.),.UNSPECIFIED.);
#1619=B_SPLINE_CURVE_WITH_KNOTS('',2,(#11979,#11980,#11981,#11982),
 .UNSPECIFIED.,.F.,.F.,(3,1,3),(0.,1.,2.),.UNSPECIFIED.);
#1620=B_SPLINE_CURVE_WITH_KNOTS('',3,(#11984,#11985,#11986,#11987,#11988,
#11989,#11990),.UNSPECIFIED.,.F.,.F.,(4,3,4),(-0.0212197612599439,-0.010609880629972,
0.),.UNSPECIFIED.);
#1621=B_SPLINE_CURVE_WITH_KNOTS('',2,(#12001,#12002,#12003,#12004),
 .UNSPECIFIED.,.F.,.F.,(3,1,3),(0.,1.,2.),.UNSPECIFIED.);
#1622=B_SPLINE_CURVE_WITH_KNOTS('',3,(#12006,#12007,#12008,#12009,#12010,
#12011,#12012),.UNSPECIFIED.,.F.,.F.,(4,3,4),(-0.010054961312762,-0.00502748065638099,
0.),.UNSPECIFIED.);
#1623=B_SPLINE_CURVE_WITH_KNOTS('',2,(#12023,#12024,#12025,#12026),
 .UNSPECIFIED.,.F.,.F.,(3,1,3),(0.,1.,2.),.UNSPECIFIED.);
#1624=B_SPLINE_CURVE_WITH_KNOTS('',3,(#12028,#12029,#12030,#12031,#12032,
#12033,#12034),.UNSPECIFIED.,.F.,.F.,(4,3,4),(-0.0187902274114378,-0.0093951137057189,
0.),.UNSPECIFIED.);
#1625=B_SPLINE_CURVE_WITH_KNOTS('',2,(#12045,#12046,#12047,#12048),
 .UNSPECIFIED.,.F.,.F.,(3,1,3),(0.,1.,2.),.UNSPECIFIED.);
#1626=B_SPLINE_CURVE_WITH_KNOTS('',3,(#12050,#12051,#12052,#12053,#12054,
#12055,#12056),.UNSPECIFIED.,.F.,.F.,(4,3,4),(-0.00890095179003505,-0.00445047589501752,
0.),.UNSPECIFIED.);
#1627=B_SPLINE_CURVE_WITH_KNOTS('',2,(#12067,#12068,#12069,#12070),
 .UNSPECIFIED.,.F.,.F.,(3,1,3),(0.,1.,2.),.UNSPECIFIED.);
#1628=B_SPLINE_CURVE_WITH_KNOTS('',3,(#12073,#12074,#12075,#12076,#12077,
#12078,#12079),.UNSPECIFIED.,.F.,.F.,(4,3,4),(-0.0147656979059738,-0.00738284895298692,
0.),.UNSPECIFIED.);
#1629=B_SPLINE_CURVE_WITH_KNOTS('',2,(#12089,#12090,#12091,#12092),
 .UNSPECIFIED.,.F.,.F.,(3,1,3),(0.,1.,2.),.UNSPECIFIED.);
#1630=B_SPLINE_CURVE_WITH_KNOTS('',3,(#12095,#12096,#12097,#12098,#12099,
#12100,#12101),.UNSPECIFIED.,.F.,.F.,(4,3,4),(-0.00882196393863041,-0.00441098196931521,
0.),.UNSPECIFIED.);
#1631=B_SPLINE_CURVE_WITH_KNOTS('',3,(#12114,#12115,#12116,#12117,#12118,
#12119,#12120),.UNSPECIFIED.,.F.,.F.,(4,3,4),(-0.0122434313998811,-0.00612171569994055,
0.),.UNSPECIFIED.);
#1632=B_SPLINE_CURVE_WITH_KNOTS('',2,(#12160,#12161,#12162,#12163),
 .UNSPECIFIED.,.F.,.F.,(3,1,3),(0.,1.,2.),.UNSPECIFIED.);
#1633=B_SPLINE_CURVE_WITH_KNOTS('',3,(#12166,#12167,#12168,#12169,#12170,
#12171,#12172),.UNSPECIFIED.,.F.,.F.,(4,3,4),(-0.0222849883476024,-0.0111424941738012,
0.),.UNSPECIFIED.);
#1634=B_SPLINE_CURVE_WITH_KNOTS('',2,(#12181,#12182,#12183,#12184),
 .UNSPECIFIED.,.F.,.F.,(3,1,3),(0.,1.,2.),.UNSPECIFIED.);
#1635=B_SPLINE_CURVE_WITH_KNOTS('',3,(#12185,#12186,#12187,#12188,#12189,
#12190,#12191),.UNSPECIFIED.,.F.,.F.,(4,3,4),(-0.0160483322081,-0.00802416610404998,
0.),.UNSPECIFIED.);
#1636=B_SPLINE_CURVE_WITH_KNOTS('',3,(#12204,#12205,#12206,#12207,#12208,
#12209,#12210),.UNSPECIFIED.,.F.,.F.,(4,3,4),(-0.00950966332149394,-0.00475483166074697,
0.),.UNSPECIFIED.);
#1637=B_SPLINE_CURVE_WITH_KNOTS('',2,(#12237,#12238,#12239,#12240),
 .UNSPECIFIED.,.F.,.F.,(3,1,3),(0.,1.,2.),.UNSPECIFIED.);
#1638=B_SPLINE_CURVE_WITH_KNOTS('',3,(#12304,#12305,#12306,#12307,#12308,
#12309,#12310),.UNSPECIFIED.,.F.,.F.,(4,3,4),(-0.015476767860661,-0.00773838393033052,
0.),.UNSPECIFIED.);
#1639=B_SPLINE_CURVE_WITH_KNOTS('',3,(#12312,#12313,#12314,#12315,#12316,
#12317,#12318),.UNSPECIFIED.,.F.,.F.,(4,3,4),(-0.0103861469360161,-0.00519307346800805,
0.),.UNSPECIFIED.);
#1640=B_SPLINE_CURVE_WITH_KNOTS('',3,(#12320,#12321,#12322,#12323,#12324,
#12325,#12326),.UNSPECIFIED.,.F.,.F.,(4,3,4),(-0.0155618946270097,-0.00778094731350487,
0.),.UNSPECIFIED.);
#1641=B_SPLINE_CURVE_WITH_KNOTS('',3,(#12334,#12335,#12336,#12337,#12338,
#12339,#12340),.UNSPECIFIED.,.F.,.F.,(4,3,4),(-0.0216393994893265,-0.0108196997446632,
0.),.UNSPECIFIED.);
#1642=B_SPLINE_CURVE_WITH_KNOTS('',3,(#12342,#12343,#12344,#12345,#12346,
#12347,#12348),.UNSPECIFIED.,.F.,.F.,(4,3,4),(-0.00663868409433879,-0.00331934204716939,
0.),.UNSPECIFIED.);
#1643=B_SPLINE_CURVE_WITH_KNOTS('',3,(#12350,#12351,#12352,#12353,#12354,
#12355,#12356),.UNSPECIFIED.,.F.,.F.,(4,3,4),(-0.0233893037345177,-0.0116946518672589,
0.),.UNSPECIFIED.);
#1644=B_SPLINE_CURVE_WITH_KNOTS('',3,(#12358,#12359,#12360,#12361,#12362,
#12363,#12364),.UNSPECIFIED.,.F.,.F.,(4,3,4),(-0.0119948825621515,-0.00599744128107576,
0.),.UNSPECIFIED.);
#1645=B_SPLINE_CURVE_WITH_KNOTS('',3,(#12366,#12367,#12368,#12369,#12370,
#12371,#12372),.UNSPECIFIED.,.F.,.F.,(4,3,4),(-0.0108709985789006,-0.0054354992894503,
0.),.UNSPECIFIED.);
#1646=B_SPLINE_CURVE_WITH_KNOTS('',3,(#12378,#12379,#12380,#12381,#12382,
#12383,#12384),.UNSPECIFIED.,.F.,.F.,(4,3,4),(-0.0189892961262,-0.00949464806309999,
0.),.UNSPECIFIED.);
#1647=B_SPLINE_CURVE_WITH_KNOTS('',3,(#12388,#12389,#12390,#12391,#12392,
#12393,#12394),.UNSPECIFIED.,.F.,.F.,(4,3,4),(-0.018936722884625,-0.00946836144231252,
0.),.UNSPECIFIED.);
#1648=B_SPLINE_CURVE_WITH_KNOTS('',3,(#12396,#12397,#12398,#12399,#12400,
#12401,#12402),.UNSPECIFIED.,.F.,.F.,(4,3,4),(-0.00753251492131392,-0.00376625746065696,
0.),.UNSPECIFIED.);
#1649=B_SPLINE_CURVE_WITH_KNOTS('',3,(#12404,#12405,#12406,#12407,#12408,
#12409,#12410),.UNSPECIFIED.,.F.,.F.,(4,3,4),(-0.0196253767266073,-0.00981268836330365,
0.),.UNSPECIFIED.);
#1650=B_SPLINE_CURVE_WITH_KNOTS('',3,(#12414,#12415,#12416,#12417,#12418,
#12419,#12420),.UNSPECIFIED.,.F.,.F.,(4,3,4),(-0.0166273019565791,-0.00831365097828955,
0.),.UNSPECIFIED.);
#1651=B_SPLINE_CURVE_WITH_KNOTS('',3,(#12422,#12423,#12424,#12425,#12426,
#12427,#12428),.UNSPECIFIED.,.F.,.F.,(4,3,4),(-0.0107547780976551,-0.00537738904882756,
0.),.UNSPECIFIED.);
#1652=B_SPLINE_CURVE_WITH_KNOTS('',3,(#12430,#12431,#12432,#12433,#12434,
#12435,#12436),.UNSPECIFIED.,.F.,.F.,(4,3,4),(-0.0132687480770646,-0.0066343740385323,
0.),.UNSPECIFIED.);
#1653=B_SPLINE_CURVE_WITH_KNOTS('',3,(#12438,#12439,#12440,#12441,#12442,
#12443,#12444),.UNSPECIFIED.,.F.,.F.,(4,3,4),(-0.025783702587586,-0.012891851293793,
0.),.UNSPECIFIED.);
#1654=B_SPLINE_CURVE_WITH_KNOTS('',3,(#12450,#12451,#12452,#12453,#12454,
#12455,#12456),.UNSPECIFIED.,.F.,.F.,(4,3,4),(-0.00564511981448877,-0.00282255990724439,
0.),.UNSPECIFIED.);
#1655=B_SPLINE_CURVE_WITH_KNOTS('',3,(#12457,#12458,#12459,#12460,#12461,
#12462,#12463),.UNSPECIFIED.,.F.,.F.,(4,3,4),(-0.0203798098005975,-0.0101899049002988,
0.),.UNSPECIFIED.);
#1656=B_SPLINE_CURVE_WITH_KNOTS('',2,(#12474,#12475,#12476,#12477),
 .UNSPECIFIED.,.F.,.F.,(3,1,3),(0.,1.,2.),.UNSPECIFIED.);
#1657=B_SPLINE_CURVE_WITH_KNOTS('',2,(#12497,#12498,#12499,#12500),
 .UNSPECIFIED.,.F.,.F.,(3,1,3),(0.,1.,2.),.UNSPECIFIED.);
#1658=B_SPLINE_CURVE_WITH_KNOTS('',2,(#12511,#12512,#12513,#12514),
 .UNSPECIFIED.,.F.,.F.,(3,1,3),(0.,1.,2.),.UNSPECIFIED.);
#1659=B_SPLINE_CURVE_WITH_KNOTS('',2,(#12525,#12526,#12527,#12528),
 .UNSPECIFIED.,.F.,.F.,(3,1,3),(0.,1.,2.),.UNSPECIFIED.);
#1660=B_SPLINE_CURVE_WITH_KNOTS('',2,(#12539,#12540,#12541,#12542),
 .UNSPECIFIED.,.F.,.F.,(3,1,3),(0.,1.,2.),.UNSPECIFIED.);
#1661=B_SPLINE_CURVE_WITH_KNOTS('',2,(#12553,#12554,#12555,#12556),
 .UNSPECIFIED.,.F.,.F.,(3,1,3),(0.,1.,2.),.UNSPECIFIED.);
#1662=B_SPLINE_CURVE_WITH_KNOTS('',2,(#12579,#12580,#12581,#12582),
 .UNSPECIFIED.,.F.,.F.,(3,1,3),(0.,1.,2.),.UNSPECIFIED.);
#1663=B_SPLINE_CURVE_WITH_KNOTS('',2,(#12593,#12594,#12595,#12596),
 .UNSPECIFIED.,.F.,.F.,(3,1,3),(0.,1.,2.),.UNSPECIFIED.);
#1664=B_SPLINE_CURVE_WITH_KNOTS('',2,(#12607,#12608,#12609,#12610),
 .UNSPECIFIED.,.F.,.F.,(3,1,3),(0.,1.,2.),.UNSPECIFIED.);
#1665=B_SPLINE_CURVE_WITH_KNOTS('',2,(#12632,#12633,#12634,#12635),
 .UNSPECIFIED.,.F.,.F.,(3,1,3),(0.,1.,2.),.UNSPECIFIED.);
#1666=B_SPLINE_CURVE_WITH_KNOTS('',2,(#12646,#12647,#12648,#12649),
 .UNSPECIFIED.,.F.,.F.,(3,1,3),(0.,1.,2.),.UNSPECIFIED.);
#1667=B_SPLINE_CURVE_WITH_KNOTS('',2,(#12660,#12661,#12662,#12663),
 .UNSPECIFIED.,.F.,.F.,(3,1,3),(0.,1.,2.),.UNSPECIFIED.);
#1668=B_SPLINE_CURVE_WITH_KNOTS('',2,(#12678,#12679,#12680,#12681),
 .UNSPECIFIED.,.F.,.F.,(3,1,3),(0.,1.,2.),.UNSPECIFIED.);
#1669=B_SPLINE_CURVE_WITH_KNOTS('',2,(#12692,#12693,#12694,#12695),
 .UNSPECIFIED.,.F.,.F.,(3,1,3),(0.,1.,2.),.UNSPECIFIED.);
#1670=B_SPLINE_CURVE_WITH_KNOTS('',2,(#12706,#12707,#12708,#12709),
 .UNSPECIFIED.,.F.,.F.,(3,1,3),(0.,1.,2.),.UNSPECIFIED.);
#1671=B_SPLINE_CURVE_WITH_KNOTS('',2,(#12720,#12721,#12722,#12723),
 .UNSPECIFIED.,.F.,.F.,(3,1,3),(0.,1.,2.),.UNSPECIFIED.);
#1672=B_SPLINE_CURVE_WITH_KNOTS('',2,(#12742,#12743,#12744,#12745),
 .UNSPECIFIED.,.F.,.F.,(3,1,3),(0.,1.,2.),.UNSPECIFIED.);
#1673=B_SPLINE_CURVE_WITH_KNOTS('',2,(#12755,#12756,#12757,#12758),
 .UNSPECIFIED.,.F.,.F.,(3,1,3),(0.,1.,2.),.UNSPECIFIED.);
#1674=B_SPLINE_CURVE_WITH_KNOTS('',2,(#12769,#12770,#12771,#12772),
 .UNSPECIFIED.,.F.,.F.,(3,1,3),(0.,1.,2.),.UNSPECIFIED.);
#1675=B_SPLINE_CURVE_WITH_KNOTS('',3,(#12776,#12777,#12778,#12779,#12780,
#12781,#12782),.UNSPECIFIED.,.F.,.F.,(4,3,4),(-0.0188160425324616,-0.00940802126623078,
0.),.UNSPECIFIED.);
#1676=B_SPLINE_CURVE_WITH_KNOTS('',2,(#12793,#12794,#12795,#12796),
 .UNSPECIFIED.,.F.,.F.,(3,1,3),(0.,1.,2.),.UNSPECIFIED.);
#1677=B_SPLINE_CURVE_WITH_KNOTS('',3,(#12798,#12799,#12800,#12801,#12802,
#12803,#12804),.UNSPECIFIED.,.F.,.F.,(4,3,4),(-0.0477464899530886,-0.0238732449765443,
0.),.UNSPECIFIED.);
#1678=B_SPLINE_CURVE_WITH_KNOTS('',2,(#12842,#12843,#12844,#12845),
 .UNSPECIFIED.,.F.,.F.,(3,1,3),(0.,1.,2.),.UNSPECIFIED.);
#1679=B_SPLINE_CURVE_WITH_KNOTS('',3,(#12848,#12849,#12850,#12851,#12852,
#12853,#12854),.UNSPECIFIED.,.F.,.F.,(4,3,4),(-0.0271239193253118,-0.0135619596626559,
0.),.UNSPECIFIED.);
#1680=B_SPLINE_CURVE_WITH_KNOTS('',2,(#12864,#12865,#12866,#12867),
 .UNSPECIFIED.,.F.,.F.,(3,1,3),(0.,1.,2.),.UNSPECIFIED.);
#1681=B_SPLINE_CURVE_WITH_KNOTS('',3,(#12870,#12871,#12872,#12873,#12874,
#12875,#12876),.UNSPECIFIED.,.F.,.F.,(4,3,4),(-0.0113968529404815,-0.00569842647024076,
0.),.UNSPECIFIED.);
#1682=B_SPLINE_CURVE_WITH_KNOTS('',2,(#12895,#12896,#12897,#12898),
 .UNSPECIFIED.,.F.,.F.,(3,1,3),(0.,1.,2.),.UNSPECIFIED.);
#1683=B_SPLINE_CURVE_WITH_KNOTS('',3,(#12901,#12902,#12903,#12904,#12905,
#12906,#12907),.UNSPECIFIED.,.F.,.F.,(4,3,4),(-0.0116608014690323,-0.00583040073451613,
0.),.UNSPECIFIED.);
#1684=B_SPLINE_CURVE_WITH_KNOTS('',2,(#12930,#12931,#12932,#12933),
 .UNSPECIFIED.,.F.,.F.,(3,1,3),(0.,1.,2.),.UNSPECIFIED.);
#1685=B_SPLINE_CURVE_WITH_KNOTS('',3,(#12936,#12937,#12938,#12939,#12940,
#12941,#12942),.UNSPECIFIED.,.F.,.F.,(4,3,4),(-0.0149202493221412,-0.00746012466107058,
0.),.UNSPECIFIED.);
#1686=B_SPLINE_CURVE_WITH_KNOTS('',2,(#12951,#12952,#12953,#12954),
 .UNSPECIFIED.,.F.,.F.,(3,1,3),(0.,1.,2.),.UNSPECIFIED.);
#1687=B_SPLINE_CURVE_WITH_KNOTS('',3,(#12955,#12956,#12957,#12958,#12959,
#12960,#12961),.UNSPECIFIED.,.F.,.F.,(4,3,4),(-0.0102041783708765,-0.00510208918543827,
0.),.UNSPECIFIED.);
#1688=B_SPLINE_CURVE_WITH_KNOTS('',3,(#12966,#12967,#12968,#12969,#12970,
#12971,#12972),.UNSPECIFIED.,.F.,.F.,(4,3,4),(-0.0247421368063022,-0.0123710684031511,
0.),.UNSPECIFIED.);
#1689=B_SPLINE_CURVE_WITH_KNOTS('',3,(#12976,#12977,#12978,#12979,#12980,
#12981,#12982),.UNSPECIFIED.,.F.,.F.,(4,3,4),(-0.0114964729169081,-0.00574823645845405,
0.),.UNSPECIFIED.);
#1690=B_SPLINE_CURVE_WITH_KNOTS('',3,(#12984,#12985,#12986,#12987,#12988,
#12989,#12990),.UNSPECIFIED.,.F.,.F.,(4,3,4),(-0.0145791509119591,-0.00728957545597955,
0.),.UNSPECIFIED.);
#1691=B_SPLINE_CURVE_WITH_KNOTS('',3,(#12992,#12993,#12994,#12995,#12996,
#12997,#12998),.UNSPECIFIED.,.F.,.F.,(4,3,4),(-0.0272429437255345,-0.0136214718627672,
0.),.UNSPECIFIED.);
#1692=B_SPLINE_CURVE_WITH_KNOTS('',3,(#13006,#13007,#13008,#13009,#13010,
#13011,#13012),.UNSPECIFIED.,.F.,.F.,(4,3,4),(-0.0349772846804695,-0.0174886423402348,
0.),.UNSPECIFIED.);
#1693=B_SPLINE_CURVE_WITH_KNOTS('',3,(#13013,#13014,#13015,#13016,#13017,
#13018,#13019),.UNSPECIFIED.,.F.,.F.,(4,3,4),(-0.0154064549840128,-0.00770322749200642,
0.),.UNSPECIFIED.);
#1694=B_SPLINE_CURVE_WITH_KNOTS('',3,(#13022,#13023,#13024,#13025,#13026,
#13027,#13028),.UNSPECIFIED.,.F.,.F.,(4,3,4),(-0.00779887827213596,-0.00389943913606798,
0.),.UNSPECIFIED.);
#1695=B_SPLINE_CURVE_WITH_KNOTS('',3,(#13030,#13031,#13032,#13033,#13034,
#13035,#13036),.UNSPECIFIED.,.F.,.F.,(4,3,4),(-0.00901317326258954,-0.00450658663129477,
0.),.UNSPECIFIED.);
#1696=B_SPLINE_CURVE_WITH_KNOTS('',3,(#13038,#13039,#13040,#13041,#13042,
#13043,#13044),.UNSPECIFIED.,.F.,.F.,(4,3,4),(-0.00587265778477499,-0.00293632889238749,
0.),.UNSPECIFIED.);
#1697=B_SPLINE_CURVE_WITH_KNOTS('',3,(#13046,#13047,#13048,#13049,#13050,
#13051,#13052),.UNSPECIFIED.,.F.,.F.,(4,3,4),(-0.011746189747403,-0.00587309487370149,
0.),.UNSPECIFIED.);
#1698=B_SPLINE_CURVE_WITH_KNOTS('',3,(#13060,#13061,#13062,#13063,#13064,
#13065,#13066),.UNSPECIFIED.,.F.,.F.,(4,3,4),(-0.00632530820860654,-0.00316265410430327,
0.),.UNSPECIFIED.);
#1699=B_SPLINE_CURVE_WITH_KNOTS('',3,(#13068,#13069,#13070,#13071,#13072,
#13073,#13074,#13075),.UNSPECIFIED.,.F.,.F.,(4,2,2,4),(-0.00377880340215903,
-0.00285769460321045,-0.00190244713156011,0.),.UNSPECIFIED.);
#1700=B_SPLINE_CURVE_WITH_KNOTS('',3,(#13077,#13078,#13079,#13080,#13081,
#13082,#13083),.UNSPECIFIED.,.F.,.F.,(4,3,4),(-0.00595422943244239,-0.0029771147162212,
0.),.UNSPECIFIED.);
#1701=B_SPLINE_CURVE_WITH_KNOTS('',3,(#13085,#13086,#13087,#13088,#13089,
#13090,#13091),.UNSPECIFIED.,.F.,.F.,(4,3,4),(-0.0067755286661918,-0.0033877643330959,
0.),.UNSPECIFIED.);
#1702=B_SPLINE_CURVE_WITH_KNOTS('',2,(#13107,#13108,#13109,#13110),
 .UNSPECIFIED.,.F.,.F.,(3,1,3),(0.,1.,2.),.UNSPECIFIED.);
#1703=B_SPLINE_CURVE_WITH_KNOTS('',2,(#13122,#13123,#13124,#13125),
 .UNSPECIFIED.,.F.,.F.,(3,1,3),(0.,1.,2.),.UNSPECIFIED.);
#1704=B_SPLINE_CURVE_WITH_KNOTS('',2,(#13136,#13137,#13138,#13139),
 .UNSPECIFIED.,.F.,.F.,(3,1,3),(0.,1.,2.),.UNSPECIFIED.);
#1705=B_SPLINE_CURVE_WITH_KNOTS('',2,(#13150,#13151,#13152,#13153),
 .UNSPECIFIED.,.F.,.F.,(3,1,3),(0.,1.,2.),.UNSPECIFIED.);
#1706=B_SPLINE_CURVE_WITH_KNOTS('',2,(#13165,#13166,#13167,#13168),
 .UNSPECIFIED.,.F.,.F.,(3,1,3),(0.,1.,2.),.UNSPECIFIED.);
#1707=B_SPLINE_CURVE_WITH_KNOTS('',2,(#13180,#13181,#13182,#13183),
 .UNSPECIFIED.,.F.,.F.,(3,1,3),(0.,1.,2.),.UNSPECIFIED.);
#1708=B_SPLINE_CURVE_WITH_KNOTS('',2,(#13194,#13195,#13196,#13197),
 .UNSPECIFIED.,.F.,.F.,(3,1,3),(0.,1.,2.),.UNSPECIFIED.);
#1709=B_SPLINE_CURVE_WITH_KNOTS('',2,(#13208,#13209,#13210,#13211),
 .UNSPECIFIED.,.F.,.F.,(3,1,3),(0.,1.,2.),.UNSPECIFIED.);
#1710=B_SPLINE_CURVE_WITH_KNOTS('',2,(#13223,#13224,#13225,#13226),
 .UNSPECIFIED.,.F.,.F.,(3,1,3),(0.,1.,2.),.UNSPECIFIED.);
#1711=B_SPLINE_CURVE_WITH_KNOTS('',2,(#13238,#13239,#13240,#13241),
 .UNSPECIFIED.,.F.,.F.,(3,1,3),(0.,1.,2.),.UNSPECIFIED.);
#1712=B_SPLINE_CURVE_WITH_KNOTS('',2,(#13252,#13253,#13254,#13255),
 .UNSPECIFIED.,.F.,.F.,(3,1,3),(0.,1.,2.),.UNSPECIFIED.);
#1713=B_SPLINE_CURVE_WITH_KNOTS('',2,(#13270,#13271,#13272,#13273),
 .UNSPECIFIED.,.F.,.F.,(3,1,3),(0.,1.,2.),.UNSPECIFIED.);
#1714=B_SPLINE_CURVE_WITH_KNOTS('',2,(#13316,#13317,#13318,#13319),
 .UNSPECIFIED.,.F.,.F.,(3,1,3),(0.,1.,2.),.UNSPECIFIED.);
#1715=B_SPLINE_CURVE_WITH_KNOTS('',2,(#13329,#13330,#13331,#13332),
 .UNSPECIFIED.,.F.,.F.,(3,1,3),(0.,1.,2.),.UNSPECIFIED.);
#1716=LINE('',#9159,#2320);
#1717=LINE('',#9161,#2321);
#1718=LINE('',#9163,#2322);
#1719=LINE('',#9165,#2323);
#1720=LINE('',#9175,#2324);
#1721=LINE('',#9177,#2325);
#1722=LINE('',#9179,#2326);
#1723=LINE('',#9181,#2327);
#1724=LINE('',#9183,#2328);
#1725=LINE('',#9184,#2329);
#1726=LINE('',#9188,#2330);
#1727=LINE('',#9189,#2331);
#1728=LINE('',#9190,#2332);
#1729=LINE('',#9204,#2333);
#1730=LINE('',#9207,#2334);
#1731=LINE('',#9208,#2335);
#1732=LINE('',#9211,#2336);
#1733=LINE('',#9212,#2337);
#1734=LINE('',#9215,#2338);
#1735=LINE('',#9216,#2339);
#1736=LINE('',#9219,#2340);
#1737=LINE('',#9220,#2341);
#1738=LINE('',#9223,#2342);
#1739=LINE('',#9224,#2343);
#1740=LINE('',#9227,#2344);
#1741=LINE('',#9228,#2345);
#1742=LINE('',#9231,#2346);
#1743=LINE('',#9232,#2347);
#1744=LINE('',#9235,#2348);
#1745=LINE('',#9236,#2349);
#1746=LINE('',#9238,#2350);
#1747=LINE('',#9354,#2351);
#1748=LINE('',#9355,#2352);
#1749=LINE('',#9369,#2353);
#1750=LINE('',#9383,#2354);
#1751=LINE('',#9398,#2355);
#1752=LINE('',#9399,#2356);
#1753=LINE('',#9413,#2357);
#1754=LINE('',#9424,#2358);
#1755=LINE('',#9438,#2359);
#1756=LINE('',#9452,#2360);
#1757=LINE('',#9463,#2361);
#1758=LINE('',#9489,#2362);
#1759=LINE('',#9503,#2363);
#1760=LINE('',#9517,#2364);
#1761=LINE('',#9545,#2365);
#1762=LINE('',#9554,#2366);
#1763=LINE('',#9576,#2367);
#1764=LINE('',#9579,#2368);
#1765=LINE('',#9581,#2369);
#1766=LINE('',#9582,#2370);
#1767=LINE('',#9585,#2371);
#1768=LINE('',#9587,#2372);
#1769=LINE('',#9588,#2373);
#1770=LINE('',#9592,#2374);
#1771=LINE('',#9594,#2375);
#1772=LINE('',#9596,#2376);
#1773=LINE('',#9597,#2377);
#1774=LINE('',#9600,#2378);
#1775=LINE('',#9602,#2379);
#1776=LINE('',#9603,#2380);
#1777=LINE('',#9606,#2381);
#1778=LINE('',#9608,#2382);
#1779=LINE('',#9609,#2383);
#1780=LINE('',#9624,#2384);
#1781=LINE('',#9646,#2385);
#1782=LINE('',#9656,#2386);
#1783=LINE('',#9658,#2387);
#1784=LINE('',#9659,#2388);
#1785=LINE('',#9662,#2389);
#1786=LINE('',#9664,#2390);
#1787=LINE('',#9665,#2391);
#1788=LINE('',#9667,#2392);
#1789=LINE('',#9668,#2393);
#1790=LINE('',#9683,#2394);
#1791=LINE('',#9705,#2395);
#1792=LINE('',#9727,#2396);
#1793=LINE('',#9814,#2397);
#1794=LINE('',#9816,#2398);
#1795=LINE('',#9882,#2399);
#1796=LINE('',#9884,#2400);
#1797=LINE('',#9906,#2401);
#1798=LINE('',#9907,#2402);
#1799=LINE('',#9910,#2403);
#1800=LINE('',#9911,#2404);
#1801=LINE('',#9914,#2405);
#1802=LINE('',#9915,#2406);
#1803=LINE('',#9929,#2407);
#1804=LINE('',#9943,#2408);
#1805=LINE('',#9957,#2409);
#1806=LINE('',#9971,#2410);
#1807=LINE('',#9985,#2411);
#1808=LINE('',#9999,#2412);
#1809=LINE('',#10013,#2413);
#1810=LINE('',#10027,#2414);
#1811=LINE('',#10041,#2415);
#1812=LINE('',#10055,#2416);
#1813=LINE('',#10069,#2417);
#1814=LINE('',#10083,#2418);
#1815=LINE('',#10097,#2419);
#1816=LINE('',#10111,#2420);
#1817=LINE('',#10114,#2421);
#1818=LINE('',#10115,#2422);
#1819=LINE('',#10118,#2423);
#1820=LINE('',#10119,#2424);
#1821=LINE('',#10135,#2425);
#1822=LINE('',#10137,#2426);
#1823=LINE('',#10139,#2427);
#1824=LINE('',#10140,#2428);
#1825=LINE('',#10143,#2429);
#1826=LINE('',#10145,#2430);
#1827=LINE('',#10146,#2431);
#1828=LINE('',#10149,#2432);
#1829=LINE('',#10151,#2433);
#1830=LINE('',#10152,#2434);
#1831=LINE('',#10154,#2435);
#1832=LINE('',#10155,#2436);
#1833=LINE('',#10160,#2437);
#1834=LINE('',#10162,#2438);
#1835=LINE('',#10164,#2439);
#1836=LINE('',#10166,#2440);
#1837=LINE('',#10168,#2441);
#1838=LINE('',#10170,#2442);
#1839=LINE('',#10172,#2443);
#1840=LINE('',#10173,#2444);
#1841=LINE('',#10177,#2445);
#1842=LINE('',#10178,#2446);
#1843=LINE('',#10179,#2447);
#1844=LINE('',#10182,#2448);
#1845=LINE('',#10183,#2449);
#1846=LINE('',#10186,#2450);
#1847=LINE('',#10187,#2451);
#1848=LINE('',#10190,#2452);
#1849=LINE('',#10191,#2453);
#1850=LINE('',#10194,#2454);
#1851=LINE('',#10195,#2455);
#1852=LINE('',#10198,#2456);
#1853=LINE('',#10199,#2457);
#1854=LINE('',#10202,#2458);
#1855=LINE('',#10203,#2459);
#1856=LINE('',#10205,#2460);
#1857=LINE('',#10221,#2461);
#1858=LINE('',#10230,#2462);
#1859=LINE('',#10252,#2463);
#1860=LINE('',#10274,#2464);
#1861=LINE('',#10277,#2465);
#1862=LINE('',#10279,#2466);
#1863=LINE('',#10280,#2467);
#1864=LINE('',#10302,#2468);
#1865=LINE('',#10318,#2469);
#1866=LINE('',#10327,#2470);
#1867=LINE('',#10342,#2471);
#1868=LINE('',#10365,#2472);
#1869=LINE('',#10374,#2473);
#1870=LINE('',#10389,#2474);
#1871=LINE('',#10411,#2475);
#1872=LINE('',#10433,#2476);
#1873=LINE('',#10443,#2477);
#1874=LINE('',#10445,#2478);
#1875=LINE('',#10446,#2479);
#1876=LINE('',#10461,#2480);
#1877=LINE('',#10483,#2481);
#1878=LINE('',#10524,#2482);
#1879=LINE('',#10546,#2483);
#1880=LINE('',#10587,#2484);
#1881=LINE('',#10609,#2485);
#1882=LINE('',#10696,#2486);
#1883=LINE('',#10698,#2487);
#1884=LINE('',#10764,#2488);
#1885=LINE('',#10766,#2489);
#1886=LINE('',#10788,#2490);
#1887=LINE('',#10789,#2491);
#1888=LINE('',#10792,#2492);
#1889=LINE('',#10793,#2493);
#1890=LINE('',#10796,#2494);
#1891=LINE('',#10797,#2495);
#1892=LINE('',#10811,#2496);
#1893=LINE('',#10825,#2497);
#1894=LINE('',#10839,#2498);
#1895=LINE('',#10853,#2499);
#1896=LINE('',#10867,#2500);
#1897=LINE('',#10881,#2501);
#1898=LINE('',#10895,#2502);
#1899=LINE('',#10909,#2503);
#1900=LINE('',#10923,#2504);
#1901=LINE('',#10937,#2505);
#1902=LINE('',#10951,#2506);
#1903=LINE('',#10965,#2507);
#1904=LINE('',#10979,#2508);
#1905=LINE('',#10993,#2509);
#1906=LINE('',#10996,#2510);
#1907=LINE('',#10997,#2511);
#1908=LINE('',#11000,#2512);
#1909=LINE('',#11001,#2513);
#1910=LINE('',#11029,#2514);
#1911=LINE('',#11038,#2515);
#1912=LINE('',#11060,#2516);
#1913=LINE('',#11082,#2517);
#1914=LINE('',#11098,#2518);
#1915=LINE('',#11114,#2519);
#1916=LINE('',#11123,#2520);
#1917=LINE('',#11135,#2521);
#1918=LINE('',#11157,#2522);
#1919=LINE('',#11179,#2523);
#1920=LINE('',#11198,#2524);
#1921=LINE('',#11214,#2525);
#1922=LINE('',#11255,#2526);
#1923=LINE('',#11277,#2527);
#1924=LINE('',#11332,#2528);
#1925=LINE('',#11334,#2529);
#1926=LINE('',#11336,#2530);
#1927=LINE('',#11378,#2531);
#1928=LINE('',#11380,#2532);
#1929=LINE('',#11416,#2533);
#1930=LINE('',#11450,#2534);
#1931=LINE('',#11452,#2535);
#1932=LINE('',#11482,#2536);
#1933=LINE('',#11483,#2537);
#1934=LINE('',#11486,#2538);
#1935=LINE('',#11487,#2539);
#1936=LINE('',#11490,#2540);
#1937=LINE('',#11491,#2541);
#1938=LINE('',#11505,#2542);
#1939=LINE('',#11519,#2543);
#1940=LINE('',#11533,#2544);
#1941=LINE('',#11547,#2545);
#1942=LINE('',#11561,#2546);
#1943=LINE('',#11564,#2547);
#1944=LINE('',#11565,#2548);
#1945=LINE('',#11568,#2549);
#1946=LINE('',#11569,#2550);
#1947=LINE('',#11572,#2551);
#1948=LINE('',#11573,#2552);
#1949=LINE('',#11587,#2553);
#1950=LINE('',#11601,#2554);
#1951=LINE('',#11615,#2555);
#1952=LINE('',#11626,#2556);
#1953=LINE('',#11640,#2557);
#1954=LINE('',#11654,#2558);
#1955=LINE('',#11668,#2559);
#1956=LINE('',#11671,#2560);
#1957=LINE('',#11672,#2561);
#1958=LINE('',#11686,#2562);
#1959=LINE('',#11700,#2563);
#1960=LINE('',#11714,#2564);
#1961=LINE('',#11728,#2565);
#1962=LINE('',#11731,#2566);
#1963=LINE('',#11732,#2567);
#1964=LINE('',#11735,#2568);
#1965=LINE('',#11736,#2569);
#1966=LINE('',#11750,#2570);
#1967=LINE('',#11766,#2571);
#1968=LINE('',#11768,#2572);
#1969=LINE('',#11770,#2573);
#1970=LINE('',#11771,#2574);
#1971=LINE('',#11774,#2575);
#1972=LINE('',#11776,#2576);
#1973=LINE('',#11777,#2577);
#1974=LINE('',#11780,#2578);
#1975=LINE('',#11782,#2579);
#1976=LINE('',#11783,#2580);
#1977=LINE('',#11785,#2581);
#1978=LINE('',#11786,#2582);
#1979=LINE('',#11791,#2583);
#1980=LINE('',#11793,#2584);
#1981=LINE('',#11795,#2585);
#1982=LINE('',#11797,#2586);
#1983=LINE('',#11799,#2587);
#1984=LINE('',#11801,#2588);
#1985=LINE('',#11803,#2589);
#1986=LINE('',#11805,#2590);
#1987=LINE('',#11807,#2591);
#1988=LINE('',#11809,#2592);
#1989=LINE('',#11811,#2593);
#1990=LINE('',#11813,#2594);
#1991=LINE('',#11814,#2595);
#1992=LINE('',#11818,#2596);
#1993=LINE('',#11819,#2597);
#1994=LINE('',#11820,#2598);
#1995=LINE('',#11823,#2599);
#1996=LINE('',#11824,#2600);
#1997=LINE('',#11827,#2601);
#1998=LINE('',#11828,#2602);
#1999=LINE('',#11831,#2603);
#2000=LINE('',#11832,#2604);
#2001=LINE('',#11835,#2605);
#2002=LINE('',#11836,#2606);
#2003=LINE('',#11839,#2607);
#2004=LINE('',#11840,#2608);
#2005=LINE('',#11843,#2609);
#2006=LINE('',#11844,#2610);
#2007=LINE('',#11847,#2611);
#2008=LINE('',#11848,#2612);
#2009=LINE('',#11851,#2613);
#2010=LINE('',#11852,#2614);
#2011=LINE('',#11855,#2615);
#2012=LINE('',#11856,#2616);
#2013=LINE('',#11859,#2617);
#2014=LINE('',#11860,#2618);
#2015=LINE('',#11863,#2619);
#2016=LINE('',#11864,#2620);
#2017=LINE('',#11866,#2621);
#2018=LINE('',#11882,#2622);
#2019=LINE('',#11891,#2623);
#2020=LINE('',#11913,#2624);
#2021=LINE('',#11935,#2625);
#2022=LINE('',#11938,#2626);
#2023=LINE('',#11940,#2627);
#2024=LINE('',#11941,#2628);
#2025=LINE('',#11944,#2629);
#2026=LINE('',#11946,#2630);
#2027=LINE('',#11947,#2631);
#2028=LINE('',#11969,#2632);
#2029=LINE('',#11991,#2633);
#2030=LINE('',#12013,#2634);
#2031=LINE('',#12035,#2635);
#2032=LINE('',#12057,#2636);
#2033=LINE('',#12072,#2637);
#2034=LINE('',#12094,#2638);
#2035=LINE('',#12113,#2639);
#2036=LINE('',#12123,#2640);
#2037=LINE('',#12125,#2641);
#2038=LINE('',#12126,#2642);
#2039=LINE('',#12129,#2643);
#2040=LINE('',#12131,#2644);
#2041=LINE('',#12132,#2645);
#2042=LINE('',#12135,#2646);
#2043=LINE('',#12137,#2647);
#2044=LINE('',#12138,#2648);
#2045=LINE('',#12141,#2649);
#2046=LINE('',#12143,#2650);
#2047=LINE('',#12144,#2651);
#2048=LINE('',#12147,#2652);
#2049=LINE('',#12149,#2653);
#2050=LINE('',#12150,#2654);
#2051=LINE('',#12165,#2655);
#2052=LINE('',#12196,#2656);
#2053=LINE('',#12198,#2657);
#2054=LINE('',#12200,#2658);
#2055=LINE('',#12202,#2659);
#2056=LINE('',#12212,#2660);
#2057=LINE('',#12214,#2661);
#2058=LINE('',#12216,#2662);
#2059=LINE('',#12218,#2663);
#2060=LINE('',#12220,#2664);
#2061=LINE('',#12221,#2665);
#2062=LINE('',#12225,#2666);
#2063=LINE('',#12226,#2667);
#2064=LINE('',#12227,#2668);
#2065=LINE('',#12241,#2669);
#2066=LINE('',#12244,#2670);
#2067=LINE('',#12245,#2671);
#2068=LINE('',#12248,#2672);
#2069=LINE('',#12249,#2673);
#2070=LINE('',#12252,#2674);
#2071=LINE('',#12253,#2675);
#2072=LINE('',#12256,#2676);
#2073=LINE('',#12257,#2677);
#2074=LINE('',#12260,#2678);
#2075=LINE('',#12261,#2679);
#2076=LINE('',#12264,#2680);
#2077=LINE('',#12265,#2681);
#2078=LINE('',#12268,#2682);
#2079=LINE('',#12269,#2683);
#2080=LINE('',#12272,#2684);
#2081=LINE('',#12273,#2685);
#2082=LINE('',#12275,#2686);
#2083=LINE('',#12279,#2687);
#2084=LINE('',#12281,#2688);
#2085=LINE('',#12283,#2689);
#2086=LINE('',#12284,#2690);
#2087=LINE('',#12287,#2691);
#2088=LINE('',#12289,#2692);
#2089=LINE('',#12290,#2693);
#2090=LINE('',#12293,#2694);
#2091=LINE('',#12295,#2695);
#2092=LINE('',#12296,#2696);
#2093=LINE('',#12298,#2697);
#2094=LINE('',#12299,#2698);
#2095=LINE('',#12328,#2699);
#2096=LINE('',#12330,#2700);
#2097=LINE('',#12332,#2701);
#2098=LINE('',#12374,#2702);
#2099=LINE('',#12376,#2703);
#2100=LINE('',#12412,#2704);
#2101=LINE('',#12446,#2705);
#2102=LINE('',#12448,#2706);
#2103=LINE('',#12478,#2707);
#2104=LINE('',#12479,#2708);
#2105=LINE('',#12482,#2709);
#2106=LINE('',#12483,#2710);
#2107=LINE('',#12486,#2711);
#2108=LINE('',#12487,#2712);
#2109=LINE('',#12501,#2713);
#2110=LINE('',#12515,#2714);
#2111=LINE('',#12529,#2715);
#2112=LINE('',#12543,#2716);
#2113=LINE('',#12557,#2717);
#2114=LINE('',#12560,#2718);
#2115=LINE('',#12561,#2719);
#2116=LINE('',#12564,#2720);
#2117=LINE('',#12565,#2721);
#2118=LINE('',#12568,#2722);
#2119=LINE('',#12569,#2723);
#2120=LINE('',#12583,#2724);
#2121=LINE('',#12597,#2725);
#2122=LINE('',#12611,#2726);
#2123=LINE('',#12622,#2727);
#2124=LINE('',#12636,#2728);
#2125=LINE('',#12650,#2729);
#2126=LINE('',#12664,#2730);
#2127=LINE('',#12667,#2731);
#2128=LINE('',#12668,#2732);
#2129=LINE('',#12682,#2733);
#2130=LINE('',#12696,#2734);
#2131=LINE('',#12710,#2735);
#2132=LINE('',#12724,#2736);
#2133=LINE('',#12727,#2737);
#2134=LINE('',#12728,#2738);
#2135=LINE('',#12731,#2739);
#2136=LINE('',#12732,#2740);
#2137=LINE('',#12746,#2741);
#2138=LINE('',#12774,#2742);
#2139=LINE('',#12783,#2743);
#2140=LINE('',#12805,#2744);
#2141=LINE('',#12808,#2745);
#2142=LINE('',#12810,#2746);
#2143=LINE('',#12811,#2747);
#2144=LINE('',#12815,#2748);
#2145=LINE('',#12817,#2749);
#2146=LINE('',#12819,#2750);
#2147=LINE('',#12820,#2751);
#2148=LINE('',#12823,#2752);
#2149=LINE('',#12825,#2753);
#2150=LINE('',#12826,#2754);
#2151=LINE('',#12829,#2755);
#2152=LINE('',#12831,#2756);
#2153=LINE('',#12832,#2757);
#2154=LINE('',#12847,#2758);
#2155=LINE('',#12869,#2759);
#2156=LINE('',#12879,#2760);
#2157=LINE('',#12881,#2761);
#2158=LINE('',#12882,#2762);
#2159=LINE('',#12884,#2763);
#2160=LINE('',#12885,#2764);
#2161=LINE('',#12900,#2765);
#2162=LINE('',#12919,#2766);
#2163=LINE('',#12935,#2767);
#2164=LINE('',#12974,#2768);
#2165=LINE('',#13000,#2769);
#2166=LINE('',#13002,#2770);
#2167=LINE('',#13004,#2771);
#2168=LINE('',#13054,#2772);
#2169=LINE('',#13056,#2773);
#2170=LINE('',#13057,#2774);
#2171=LINE('',#13093,#2775);
#2172=LINE('',#13095,#2776);
#2173=LINE('',#13096,#2777);
#2174=LINE('',#13111,#2778);
#2175=LINE('',#13112,#2779);
#2176=LINE('',#13126,#2780);
#2177=LINE('',#13140,#2781);
#2178=LINE('',#13154,#2782);
#2179=LINE('',#13169,#2783);
#2180=LINE('',#13170,#2784);
#2181=LINE('',#13184,#2785);
#2182=LINE('',#13198,#2786);
#2183=LINE('',#13212,#2787);
#2184=LINE('',#13227,#2788);
#2185=LINE('',#13228,#2789);
#2186=LINE('',#13242,#2790);
#2187=LINE('',#13256,#2791);
#2188=LINE('',#13259,#2792);
#2189=LINE('',#13260,#2793);
#2190=LINE('',#13274,#2794);
#2191=LINE('',#13277,#2795);
#2192=LINE('',#13278,#2796);
#2193=LINE('',#13281,#2797);
#2194=LINE('',#13282,#2798);
#2195=LINE('',#13284,#2799);
#2196=LINE('',#13287,#2800);
#2197=LINE('',#13288,#2801);
#2198=LINE('',#13291,#2802);
#2199=LINE('',#13292,#2803);
#2200=LINE('',#13294,#2804);
#2201=LINE('',#13297,#2805);
#2202=LINE('',#13298,#2806);
#2203=LINE('',#13301,#2807);
#2204=LINE('',#13302,#2808);
#2205=LINE('',#13305,#2809);
#2206=LINE('',#13306,#2810);
#2207=LINE('',#13320,#2811);
#2208=LINE('',#13336,#2812);
#2209=LINE('',#13338,#2813);
#2210=LINE('',#13340,#2814);
#2211=LINE('',#13341,#2815);
#2212=LINE('',#13344,#2816);
#2213=LINE('',#13346,#2817);
#2214=LINE('',#13347,#2818);
#2215=LINE('',#13350,#2819);
#2216=LINE('',#13352,#2820);
#2217=LINE('',#13353,#2821);
#2218=LINE('',#13355,#2822);
#2219=LINE('',#13356,#2823);
#2220=LINE('',#13361,#2824);
#2221=LINE('',#13363,#2825);
#2222=LINE('',#13365,#2826);
#2223=LINE('',#13366,#2827);
#2224=LINE('',#13497,#2828);
#2225=LINE('',#13498,#2829);
#2226=LINE('',#13500,#2830);
#2227=LINE('',#13501,#2831);
#2228=LINE('',#13503,#2832);
#2229=LINE('',#13504,#2833);
#2230=LINE('',#13512,#2834);
#2231=LINE('',#13514,#2835);
#2232=LINE('',#13515,#2836);
#2233=LINE('',#13523,#2837);
#2234=LINE('',#13525,#2838);
#2235=LINE('',#13526,#2839);
#2236=LINE('',#13528,#2840);
#2237=LINE('',#13530,#2841);
#2238=LINE('',#13531,#2842);
#2239=LINE('',#13533,#2843);
#2240=LINE('',#13535,#2844);
#2241=LINE('',#13536,#2845);
#2242=LINE('',#13538,#2846);
#2243=LINE('',#13539,#2847);
#2244=LINE('',#13541,#2848);
#2245=LINE('',#13542,#2849);
#2246=LINE('',#13544,#2850);
#2247=LINE('',#13545,#2851);
#2248=LINE('',#13547,#2852);
#2249=LINE('',#13548,#2853);
#2250=LINE('',#13550,#2854);
#2251=LINE('',#13551,#2855);
#2252=LINE('',#13553,#2856);
#2253=LINE('',#13554,#2857);
#2254=LINE('',#13556,#2858);
#2255=LINE('',#13557,#2859);
#2256=LINE('',#13559,#2860);
#2257=LINE('',#13560,#2861);
#2258=LINE('',#13562,#2862);
#2259=LINE('',#13563,#2863);
#2260=LINE('',#13565,#2864);
#2261=LINE('',#13566,#2865);
#2262=LINE('',#13568,#2866);
#2263=LINE('',#13569,#2867);
#2264=LINE('',#13571,#2868);
#2265=LINE('',#13572,#2869);
#2266=LINE('',#13574,#2870);
#2267=LINE('',#13575,#2871);
#2268=LINE('',#13577,#2872);
#2269=LINE('',#13578,#2873);
#2270=LINE('',#13580,#2874);
#2271=LINE('',#13581,#2875);
#2272=LINE('',#13583,#2876);
#2273=LINE('',#13584,#2877);
#2274=LINE('',#13586,#2878);
#2275=LINE('',#13587,#2879);
#2276=LINE('',#13617,#2880);
#2277=LINE('',#13618,#2881);
#2278=LINE('',#13623,#2882);
#2279=LINE('',#13624,#2883);
#2280=LINE('',#13635,#2884);
#2281=LINE('',#13636,#2885);
#2282=LINE('',#13647,#2886);
#2283=LINE('',#13648,#2887);
#2284=LINE('',#13664,#2888);
#2285=LINE('',#13665,#2889);
#2286=LINE('',#13670,#2890);
#2287=LINE('',#13671,#2891);
#2288=LINE('',#13682,#2892);
#2289=LINE('',#13683,#2893);
#2290=LINE('',#13694,#2894);
#2291=LINE('',#13695,#2895);
#2292=LINE('',#13697,#2896);
#2293=LINE('',#13698,#2897);
#2294=LINE('',#13703,#2898);
#2295=LINE('',#13704,#2899);
#2296=LINE('',#13715,#2900);
#2297=LINE('',#13716,#2901);
#2298=LINE('',#13727,#2902);
#2299=LINE('',#13728,#2903);
#2300=LINE('',#13730,#2904);
#2301=LINE('',#13731,#2905);
#2302=LINE('',#13736,#2906);
#2303=LINE('',#13737,#2907);
#2304=LINE('',#13748,#2908);
#2305=LINE('',#13749,#2909);
#2306=LINE('',#13760,#2910);
#2307=LINE('',#13761,#2911);
#2308=LINE('',#13763,#2912);
#2309=LINE('',#13765,#2913);
#2310=LINE('',#13767,#2914);
#2311=LINE('',#13769,#2915);
#2312=LINE('',#13771,#2916);
#2313=LINE('',#13773,#2917);
#2314=LINE('',#13775,#2918);
#2315=LINE('',#13776,#2919);
#2316=LINE('',#13779,#2920);
#2317=LINE('',#13781,#2921);
#2318=LINE('',#13783,#2922);
#2319=LINE('',#13785,#2923);
#2320=VECTOR('',#7740,10.);
#2321=VECTOR('',#7741,10.);
#2322=VECTOR('',#7742,10.);
#2323=VECTOR('',#7743,10.);
#2324=VECTOR('',#7744,10.);
#2325=VECTOR('',#7745,10.);
#2326=VECTOR('',#7746,10.);
#2327=VECTOR('',#7747,10.);
#2328=VECTOR('',#7748,10.);
#2329=VECTOR('',#7749,10.);
#2330=VECTOR('',#7752,10.);
#2331=VECTOR('',#7753,10.);
#2332=VECTOR('',#7754,10.);
#2333=VECTOR('',#7755,10.);
#2334=VECTOR('',#7758,10.);
#2335=VECTOR('',#7759,10.);
#2336=VECTOR('',#7762,10.);
#2337=VECTOR('',#7763,10.);
#2338=VECTOR('',#7766,10.);
#2339=VECTOR('',#7767,10.);
#2340=VECTOR('',#7770,10.);
#2341=VECTOR('',#7771,10.);
#2342=VECTOR('',#7774,10.);
#2343=VECTOR('',#7775,10.);
#2344=VECTOR('',#7778,10.);
#2345=VECTOR('',#7779,10.);
#2346=VECTOR('',#7782,10.);
#2347=VECTOR('',#7783,10.);
#2348=VECTOR('',#7786,10.);
#2349=VECTOR('',#7787,10.);
#2350=VECTOR('',#7790,10.);
#2351=VECTOR('',#7797,10.);
#2352=VECTOR('',#7798,10.);
#2353=VECTOR('',#7799,10.);
#2354=VECTOR('',#7800,10.);
#2355=VECTOR('',#7801,10.);
#2356=VECTOR('',#7802,10.);
#2357=VECTOR('',#7803,10.);
#2358=VECTOR('',#7806,10.);
#2359=VECTOR('',#7807,10.);
#2360=VECTOR('',#7808,10.);
#2361=VECTOR('',#7811,10.);
#2362=VECTOR('',#7812,10.);
#2363=VECTOR('',#7813,10.);
#2364=VECTOR('',#7814,10.);
#2365=VECTOR('',#7815,10.);
#2366=VECTOR('',#7816,10.);
#2367=VECTOR('',#7817,10.);
#2368=VECTOR('',#7820,10.);
#2369=VECTOR('',#7821,10.);
#2370=VECTOR('',#7822,10.);
#2371=VECTOR('',#7825,10.);
#2372=VECTOR('',#7826,10.);
#2373=VECTOR('',#7827,10.);
#2374=VECTOR('',#7830,10.);
#2375=VECTOR('',#7831,10.);
#2376=VECTOR('',#7832,10.);
#2377=VECTOR('',#7833,10.);
#2378=VECTOR('',#7836,10.);
#2379=VECTOR('',#7837,10.);
#2380=VECTOR('',#7838,10.);
#2381=VECTOR('',#7841,10.);
#2382=VECTOR('',#7842,10.);
#2383=VECTOR('',#7843,10.);
#2384=VECTOR('',#7844,10.);
#2385=VECTOR('',#7845,10.);
#2386=VECTOR('',#7848,10.);
#2387=VECTOR('',#7849,10.);
#2388=VECTOR('',#7850,10.);
#2389=VECTOR('',#7853,10.);
#2390=VECTOR('',#7854,10.);
#2391=VECTOR('',#7855,10.);
#2392=VECTOR('',#7858,10.);
#2393=VECTOR('',#7859,10.);
#2394=VECTOR('',#7860,10.);
#2395=VECTOR('',#7861,10.);
#2396=VECTOR('',#7862,10.);
#2397=VECTOR('',#7867,10.);
#2398=VECTOR('',#7868,10.);
#2399=VECTOR('',#7869,10.);
#2400=VECTOR('',#7870,10.);
#2401=VECTOR('',#7871,10.);
#2402=VECTOR('',#7872,10.);
#2403=VECTOR('',#7875,10.);
#2404=VECTOR('',#7876,10.);
#2405=VECTOR('',#7879,10.);
#2406=VECTOR('',#7880,10.);
#2407=VECTOR('',#7881,10.);
#2408=VECTOR('',#7882,10.);
#2409=VECTOR('',#7883,10.);
#2410=VECTOR('',#7884,10.);
#2411=VECTOR('',#7885,10.);
#2412=VECTOR('',#7886,10.);
#2413=VECTOR('',#7887,10.);
#2414=VECTOR('',#7888,10.);
#2415=VECTOR('',#7889,10.);
#2416=VECTOR('',#7890,10.);
#2417=VECTOR('',#7891,10.);
#2418=VECTOR('',#7892,10.);
#2419=VECTOR('',#7893,10.);
#2420=VECTOR('',#7894,10.);
#2421=VECTOR('',#7897,10.);
#2422=VECTOR('',#7898,10.);
#2423=VECTOR('',#7901,10.);
#2424=VECTOR('',#7902,10.);
#2425=VECTOR('',#7905,10.);
#2426=VECTOR('',#7906,10.);
#2427=VECTOR('',#7907,10.);
#2428=VECTOR('',#7908,10.);
#2429=VECTOR('',#7911,10.);
#2430=VECTOR('',#7912,10.);
#2431=VECTOR('',#7913,10.);
#2432=VECTOR('',#7916,10.);
#2433=VECTOR('',#7917,10.);
#2434=VECTOR('',#7918,10.);
#2435=VECTOR('',#7921,10.);
#2436=VECTOR('',#7922,10.);
#2437=VECTOR('',#7927,10.);
#2438=VECTOR('',#7928,10.);
#2439=VECTOR('',#7929,10.);
#2440=VECTOR('',#7930,10.);
#2441=VECTOR('',#7931,10.);
#2442=VECTOR('',#7932,10.);
#2443=VECTOR('',#7933,10.);
#2444=VECTOR('',#7934,10.);
#2445=VECTOR('',#7937,10.);
#2446=VECTOR('',#7938,10.);
#2447=VECTOR('',#7939,10.);
#2448=VECTOR('',#7942,10.);
#2449=VECTOR('',#7943,10.);
#2450=VECTOR('',#7946,10.);
#2451=VECTOR('',#7947,10.);
#2452=VECTOR('',#7950,10.);
#2453=VECTOR('',#7951,10.);
#2454=VECTOR('',#7954,10.);
#2455=VECTOR('',#7955,10.);
#2456=VECTOR('',#7958,10.);
#2457=VECTOR('',#7959,10.);
#2458=VECTOR('',#7962,10.);
#2459=VECTOR('',#7963,10.);
#2460=VECTOR('',#7966,10.);
#2461=VECTOR('',#7967,10.);
#2462=VECTOR('',#7968,10.);
#2463=VECTOR('',#7969,10.);
#2464=VECTOR('',#7970,10.);
#2465=VECTOR('',#7973,10.);
#2466=VECTOR('',#7974,10.);
#2467=VECTOR('',#7975,10.);
#2468=VECTOR('',#7976,10.);
#2469=VECTOR('',#7977,10.);
#2470=VECTOR('',#7978,10.);
#2471=VECTOR('',#7979,10.);
#2472=VECTOR('',#7980,10.);
#2473=VECTOR('',#7981,10.);
#2474=VECTOR('',#7982,10.);
#2475=VECTOR('',#7983,10.);
#2476=VECTOR('',#7984,10.);
#2477=VECTOR('',#7987,10.);
#2478=VECTOR('',#7988,10.);
#2479=VECTOR('',#7989,10.);
#2480=VECTOR('',#7990,10.);
#2481=VECTOR('',#7991,10.);
#2482=VECTOR('',#7992,10.);
#2483=VECTOR('',#7993,10.);
#2484=VECTOR('',#7994,10.);
#2485=VECTOR('',#7995,10.);
#2486=VECTOR('',#8000,10.);
#2487=VECTOR('',#8001,10.);
#2488=VECTOR('',#8002,10.);
#2489=VECTOR('',#8003,10.);
#2490=VECTOR('',#8004,10.);
#2491=VECTOR('',#8005,10.);
#2492=VECTOR('',#8008,10.);
#2493=VECTOR('',#8009,10.);
#2494=VECTOR('',#8012,10.);
#2495=VECTOR('',#8013,10.);
#2496=VECTOR('',#8014,10.);
#2497=VECTOR('',#8015,10.);
#2498=VECTOR('',#8016,10.);
#2499=VECTOR('',#8017,10.);
#2500=VECTOR('',#8018,10.);
#2501=VECTOR('',#8019,10.);
#2502=VECTOR('',#8020,10.);
#2503=VECTOR('',#8021,10.);
#2504=VECTOR('',#8022,10.);
#2505=VECTOR('',#8023,10.);
#2506=VECTOR('',#8024,10.);
#2507=VECTOR('',#8025,10.);
#2508=VECTOR('',#8026,10.);
#2509=VECTOR('',#8027,10.);
#2510=VECTOR('',#8030,10.);
#2511=VECTOR('',#8031,10.);
#2512=VECTOR('',#8034,10.);
#2513=VECTOR('',#8035,10.);
#2514=VECTOR('',#8036,10.);
#2515=VECTOR('',#8037,10.);
#2516=VECTOR('',#8038,10.);
#2517=VECTOR('',#8039,10.);
#2518=VECTOR('',#8042,10.);
#2519=VECTOR('',#8043,10.);
#2520=VECTOR('',#8044,10.);
#2521=VECTOR('',#8047,10.);
#2522=VECTOR('',#8048,10.);
#2523=VECTOR('',#8049,10.);
#2524=VECTOR('',#8052,10.);
#2525=VECTOR('',#8055,10.);
#2526=VECTOR('',#8056,10.);
#2527=VECTOR('',#8057,10.);
#2528=VECTOR('',#8062,10.);
#2529=VECTOR('',#8063,10.);
#2530=VECTOR('',#8064,10.);
#2531=VECTOR('',#8065,10.);
#2532=VECTOR('',#8066,10.);
#2533=VECTOR('',#8069,10.);
#2534=VECTOR('',#8070,10.);
#2535=VECTOR('',#8071,10.);
#2536=VECTOR('',#8072,10.);
#2537=VECTOR('',#8073,10.);
#2538=VECTOR('',#8076,10.);
#2539=VECTOR('',#8077,10.);
#2540=VECTOR('',#8080,10.);
#2541=VECTOR('',#8081,10.);
#2542=VECTOR('',#8082,10.);
#2543=VECTOR('',#8083,10.);
#2544=VECTOR('',#8084,10.);
#2545=VECTOR('',#8085,10.);
#2546=VECTOR('',#8086,10.);
#2547=VECTOR('',#8089,10.);
#2548=VECTOR('',#8090,10.);
#2549=VECTOR('',#8093,10.);
#2550=VECTOR('',#8094,10.);
#2551=VECTOR('',#8097,10.);
#2552=VECTOR('',#8098,10.);
#2553=VECTOR('',#8099,10.);
#2554=VECTOR('',#8100,10.);
#2555=VECTOR('',#8101,10.);
#2556=VECTOR('',#8104,10.);
#2557=VECTOR('',#8105,10.);
#2558=VECTOR('',#8106,10.);
#2559=VECTOR('',#8107,10.);
#2560=VECTOR('',#8110,10.);
#2561=VECTOR('',#8111,10.);
#2562=VECTOR('',#8112,10.);
#2563=VECTOR('',#8113,10.);
#2564=VECTOR('',#8114,10.);
#2565=VECTOR('',#8115,10.);
#2566=VECTOR('',#8118,10.);
#2567=VECTOR('',#8119,10.);
#2568=VECTOR('',#8122,10.);
#2569=VECTOR('',#8123,10.);
#2570=VECTOR('',#8124,10.);
#2571=VECTOR('',#8127,10.);
#2572=VECTOR('',#8128,10.);
#2573=VECTOR('',#8129,10.);
#2574=VECTOR('',#8130,10.);
#2575=VECTOR('',#8133,10.);
#2576=VECTOR('',#8134,10.);
#2577=VECTOR('',#8135,10.);
#2578=VECTOR('',#8138,10.);
#2579=VECTOR('',#8139,10.);
#2580=VECTOR('',#8140,10.);
#2581=VECTOR('',#8143,10.);
#2582=VECTOR('',#8144,10.);
#2583=VECTOR('',#8149,10.);
#2584=VECTOR('',#8150,10.);
#2585=VECTOR('',#8151,10.);
#2586=VECTOR('',#8152,10.);
#2587=VECTOR('',#8153,10.);
#2588=VECTOR('',#8154,10.);
#2589=VECTOR('',#8155,10.);
#2590=VECTOR('',#8156,10.);
#2591=VECTOR('',#8157,10.);
#2592=VECTOR('',#8158,10.);
#2593=VECTOR('',#8159,10.);
#2594=VECTOR('',#8160,10.);
#2595=VECTOR('',#8161,10.);
#2596=VECTOR('',#8164,10.);
#2597=VECTOR('',#8165,10.);
#2598=VECTOR('',#8166,10.);
#2599=VECTOR('',#8169,10.);
#2600=VECTOR('',#8170,10.);
#2601=VECTOR('',#8173,10.);
#2602=VECTOR('',#8174,10.);
#2603=VECTOR('',#8177,10.);
#2604=VECTOR('',#8178,10.);
#2605=VECTOR('',#8181,10.);
#2606=VECTOR('',#8182,10.);
#2607=VECTOR('',#8185,10.);
#2608=VECTOR('',#8186,10.);
#2609=VECTOR('',#8189,10.);
#2610=VECTOR('',#8190,10.);
#2611=VECTOR('',#8193,10.);
#2612=VECTOR('',#8194,10.);
#2613=VECTOR('',#8197,10.);
#2614=VECTOR('',#8198,10.);
#2615=VECTOR('',#8201,10.);
#2616=VECTOR('',#8202,10.);
#2617=VECTOR('',#8205,10.);
#2618=VECTOR('',#8206,10.);
#2619=VECTOR('',#8209,10.);
#2620=VECTOR('',#8210,10.);
#2621=VECTOR('',#8213,10.);
#2622=VECTOR('',#8214,10.);
#2623=VECTOR('',#8215,10.);
#2624=VECTOR('',#8216,10.);
#2625=VECTOR('',#8217,10.);
#2626=VECTOR('',#8220,10.);
#2627=VECTOR('',#8221,10.);
#2628=VECTOR('',#8222,10.);
#2629=VECTOR('',#8225,10.);
#2630=VECTOR('',#8226,10.);
#2631=VECTOR('',#8227,10.);
#2632=VECTOR('',#8228,10.);
#2633=VECTOR('',#8229,10.);
#2634=VECTOR('',#8230,10.);
#2635=VECTOR('',#8231,10.);
#2636=VECTOR('',#8232,10.);
#2637=VECTOR('',#8233,10.);
#2638=VECTOR('',#8234,10.);
#2639=VECTOR('',#8237,10.);
#2640=VECTOR('',#8240,10.);
#2641=VECTOR('',#8241,10.);
#2642=VECTOR('',#8242,10.);
#2643=VECTOR('',#8245,10.);
#2644=VECTOR('',#8246,10.);
#2645=VECTOR('',#8247,10.);
#2646=VECTOR('',#8250,10.);
#2647=VECTOR('',#8251,10.);
#2648=VECTOR('',#8252,10.);
#2649=VECTOR('',#8255,10.);
#2650=VECTOR('',#8256,10.);
#2651=VECTOR('',#8257,10.);
#2652=VECTOR('',#8260,10.);
#2653=VECTOR('',#8261,10.);
#2654=VECTOR('',#8262,10.);
#2655=VECTOR('',#8263,10.);
#2656=VECTOR('',#8268,10.);
#2657=VECTOR('',#8269,10.);
#2658=VECTOR('',#8270,10.);
#2659=VECTOR('',#8271,10.);
#2660=VECTOR('',#8272,10.);
#2661=VECTOR('',#8273,10.);
#2662=VECTOR('',#8274,10.);
#2663=VECTOR('',#8275,10.);
#2664=VECTOR('',#8276,10.);
#2665=VECTOR('',#8277,10.);
#2666=VECTOR('',#8280,10.);
#2667=VECTOR('',#8281,10.);
#2668=VECTOR('',#8282,10.);
#2669=VECTOR('',#8283,10.);
#2670=VECTOR('',#8286,10.);
#2671=VECTOR('',#8287,10.);
#2672=VECTOR('',#8290,10.);
#2673=VECTOR('',#8291,10.);
#2674=VECTOR('',#8294,10.);
#2675=VECTOR('',#8295,10.);
#2676=VECTOR('',#8298,10.);
#2677=VECTOR('',#8299,10.);
#2678=VECTOR('',#8302,10.);
#2679=VECTOR('',#8303,10.);
#2680=VECTOR('',#8306,10.);
#2681=VECTOR('',#8307,10.);
#2682=VECTOR('',#8310,10.);
#2683=VECTOR('',#8311,10.);
#2684=VECTOR('',#8314,10.);
#2685=VECTOR('',#8315,10.);
#2686=VECTOR('',#8318,10.);
#2687=VECTOR('',#8321,10.);
#2688=VECTOR('',#8322,10.);
#2689=VECTOR('',#8323,10.);
#2690=VECTOR('',#8324,10.);
#2691=VECTOR('',#8327,10.);
#2692=VECTOR('',#8328,10.);
#2693=VECTOR('',#8329,10.);
#2694=VECTOR('',#8332,10.);
#2695=VECTOR('',#8333,10.);
#2696=VECTOR('',#8334,10.);
#2697=VECTOR('',#8337,10.);
#2698=VECTOR('',#8338,10.);
#2699=VECTOR('',#8343,10.);
#2700=VECTOR('',#8344,10.);
#2701=VECTOR('',#8345,10.);
#2702=VECTOR('',#8346,10.);
#2703=VECTOR('',#8347,10.);
#2704=VECTOR('',#8350,10.);
#2705=VECTOR('',#8351,10.);
#2706=VECTOR('',#8352,10.);
#2707=VECTOR('',#8353,10.);
#2708=VECTOR('',#8354,10.);
#2709=VECTOR('',#8357,10.);
#2710=VECTOR('',#8358,10.);
#2711=VECTOR('',#8361,10.);
#2712=VECTOR('',#8362,10.);
#2713=VECTOR('',#8363,10.);
#2714=VECTOR('',#8364,10.);
#2715=VECTOR('',#8365,10.);
#2716=VECTOR('',#8366,10.);
#2717=VECTOR('',#8367,10.);
#2718=VECTOR('',#8370,10.);
#2719=VECTOR('',#8371,10.);
#2720=VECTOR('',#8374,10.);
#2721=VECTOR('',#8375,10.);
#2722=VECTOR('',#8378,10.);
#2723=VECTOR('',#8379,10.);
#2724=VECTOR('',#8380,10.);
#2725=VECTOR('',#8381,10.);
#2726=VECTOR('',#8382,10.);
#2727=VECTOR('',#8385,10.);
#2728=VECTOR('',#8386,10.);
#2729=VECTOR('',#8387,10.);
#2730=VECTOR('',#8388,10.);
#2731=VECTOR('',#8391,10.);
#2732=VECTOR('',#8392,10.);
#2733=VECTOR('',#8393,10.);
#2734=VECTOR('',#8394,10.);
#2735=VECTOR('',#8395,10.);
#2736=VECTOR('',#8396,10.);
#2737=VECTOR('',#8399,10.);
#2738=VECTOR('',#8400,10.);
#2739=VECTOR('',#8403,10.);
#2740=VECTOR('',#8404,10.);
#2741=VECTOR('',#8405,10.);
#2742=VECTOR('',#8406,10.);
#2743=VECTOR('',#8407,10.);
#2744=VECTOR('',#8408,10.);
#2745=VECTOR('',#8411,10.);
#2746=VECTOR('',#8412,10.);
#2747=VECTOR('',#8413,10.);
#2748=VECTOR('',#8416,10.);
#2749=VECTOR('',#8417,10.);
#2750=VECTOR('',#8418,10.);
#2751=VECTOR('',#8419,10.);
#2752=VECTOR('',#8422,10.);
#2753=VECTOR('',#8423,10.);
#2754=VECTOR('',#8424,10.);
#2755=VECTOR('',#8427,10.);
#2756=VECTOR('',#8428,10.);
#2757=VECTOR('',#8429,10.);
#2758=VECTOR('',#8430,10.);
#2759=VECTOR('',#8431,10.);
#2760=VECTOR('',#8434,10.);
#2761=VECTOR('',#8435,10.);
#2762=VECTOR('',#8436,10.);
#2763=VECTOR('',#8439,10.);
#2764=VECTOR('',#8440,10.);
#2765=VECTOR('',#8441,10.);
#2766=VECTOR('',#8444,10.);
#2767=VECTOR('',#8447,10.);
#2768=VECTOR('',#8452,10.);
#2769=VECTOR('',#8453,10.);
#2770=VECTOR('',#8454,10.);
#2771=VECTOR('',#8455,10.);
#2772=VECTOR('',#8456,10.);
#2773=VECTOR('',#8457,10.);
#2774=VECTOR('',#8458,10.);
#2775=VECTOR('',#8459,10.);
#2776=VECTOR('',#8460,10.);
#2777=VECTOR('',#8461,10.);
#2778=VECTOR('',#8462,10.);
#2779=VECTOR('',#8463,10.);
#2780=VECTOR('',#8464,10.);
#2781=VECTOR('',#8465,10.);
#2782=VECTOR('',#8466,10.);
#2783=VECTOR('',#8467,10.);
#2784=VECTOR('',#8468,10.);
#2785=VECTOR('',#8469,10.);
#2786=VECTOR('',#8470,10.);
#2787=VECTOR('',#8471,10.);
#2788=VECTOR('',#8472,10.);
#2789=VECTOR('',#8473,10.);
#2790=VECTOR('',#8474,10.);
#2791=VECTOR('',#8475,10.);
#2792=VECTOR('',#8478,10.);
#2793=VECTOR('',#8479,10.);
#2794=VECTOR('',#8480,10.);
#2795=VECTOR('',#8483,10.);
#2796=VECTOR('',#8484,10.);
#2797=VECTOR('',#8487,10.);
#2798=VECTOR('',#8488,10.);
#2799=VECTOR('',#8491,10.);
#2800=VECTOR('',#8494,10.);
#2801=VECTOR('',#8495,10.);
#2802=VECTOR('',#8498,10.);
#2803=VECTOR('',#8499,10.);
#2804=VECTOR('',#8502,10.);
#2805=VECTOR('',#8505,10.);
#2806=VECTOR('',#8506,10.);
#2807=VECTOR('',#8509,10.);
#2808=VECTOR('',#8510,10.);
#2809=VECTOR('',#8513,10.);
#2810=VECTOR('',#8514,10.);
#2811=VECTOR('',#8515,10.);
#2812=VECTOR('',#8518,10.);
#2813=VECTOR('',#8519,10.);
#2814=VECTOR('',#8520,10.);
#2815=VECTOR('',#8521,10.);
#2816=VECTOR('',#8524,10.);
#2817=VECTOR('',#8525,10.);
#2818=VECTOR('',#8526,10.);
#2819=VECTOR('',#8529,10.);
#2820=VECTOR('',#8530,10.);
#2821=VECTOR('',#8531,10.);
#2822=VECTOR('',#8534,10.);
#2823=VECTOR('',#8535,10.);
#2824=VECTOR('',#8540,10.);
#2825=VECTOR('',#8541,10.);
#2826=VECTOR('',#8542,10.);
#2827=VECTOR('',#8543,10.);
#2828=VECTOR('',#8702,10.);
#2829=VECTOR('',#8703,10.);
#2830=VECTOR('',#8706,10.);
#2831=VECTOR('',#8707,10.);
#2832=VECTOR('',#8710,10.);
#2833=VECTOR('',#8711,10.);
#2834=VECTOR('',#8722,10.);
#2835=VECTOR('',#8725,10.);
#2836=VECTOR('',#8726,10.);
#2837=VECTOR('',#8737,10.);
#2838=VECTOR('',#8740,10.);
#2839=VECTOR('',#8741,10.);
#2840=VECTOR('',#8744,10.);
#2841=VECTOR('',#8747,10.);
#2842=VECTOR('',#8748,10.);
#2843=VECTOR('',#8751,10.);
#2844=VECTOR('',#8754,10.);
#2845=VECTOR('',#8755,10.);
#2846=VECTOR('',#8758,10.);
#2847=VECTOR('',#8759,10.);
#2848=VECTOR('',#8762,10.);
#2849=VECTOR('',#8763,10.);
#2850=VECTOR('',#8766,10.);
#2851=VECTOR('',#8767,10.);
#2852=VECTOR('',#8770,10.);
#2853=VECTOR('',#8771,10.);
#2854=VECTOR('',#8774,10.);
#2855=VECTOR('',#8775,10.);
#2856=VECTOR('',#8778,10.);
#2857=VECTOR('',#8779,10.);
#2858=VECTOR('',#8782,10.);
#2859=VECTOR('',#8783,10.);
#2860=VECTOR('',#8786,10.);
#2861=VECTOR('',#8787,10.);
#2862=VECTOR('',#8790,10.);
#2863=VECTOR('',#8791,10.);
#2864=VECTOR('',#8794,10.);
#2865=VECTOR('',#8795,10.);
#2866=VECTOR('',#8798,10.);
#2867=VECTOR('',#8799,10.);
#2868=VECTOR('',#8802,10.);
#2869=VECTOR('',#8803,10.);
#2870=VECTOR('',#8806,10.);
#2871=VECTOR('',#8807,10.);
#2872=VECTOR('',#8810,10.);
#2873=VECTOR('',#8811,10.);
#2874=VECTOR('',#8814,10.);
#2875=VECTOR('',#8815,10.);
#2876=VECTOR('',#8818,10.);
#2877=VECTOR('',#8819,10.);
#2878=VECTOR('',#8822,10.);
#2879=VECTOR('',#8823,10.);
#2880=VECTOR('',#8870,10.);
#2881=VECTOR('',#8871,10.);
#2882=VECTOR('',#8876,10.);
#2883=VECTOR('',#8877,10.);
#2884=VECTOR('',#8890,10.);
#2885=VECTOR('',#8891,10.);
#2886=VECTOR('',#8904,10.);
#2887=VECTOR('',#8905,10.);
#2888=VECTOR('',#8924,10.);
#2889=VECTOR('',#8925,10.);
#2890=VECTOR('',#8930,10.);
#2891=VECTOR('',#8931,10.);
#2892=VECTOR('',#8944,10.);
#2893=VECTOR('',#8945,10.);
#2894=VECTOR('',#8958,10.);
#2895=VECTOR('',#8959,10.);
#2896=VECTOR('',#8962,10.);
#2897=VECTOR('',#8963,10.);
#2898=VECTOR('',#8968,10.);
#2899=VECTOR('',#8969,10.);
#2900=VECTOR('',#8982,10.);
#2901=VECTOR('',#8983,10.);
#2902=VECTOR('',#8996,10.);
#2903=VECTOR('',#8997,10.);
#2904=VECTOR('',#9000,10.);
#2905=VECTOR('',#9001,10.);
#2906=VECTOR('',#9006,10.);
#2907=VECTOR('',#9007,10.);
#2908=VECTOR('',#9020,10.);
#2909=VECTOR('',#9021,10.);
#2910=VECTOR('',#9034,10.);
#2911=VECTOR('',#9035,10.);
#2912=VECTOR('',#9038,10.);
#2913=VECTOR('',#9041,10.);
#2914=VECTOR('',#9044,10.);
#2915=VECTOR('',#9047,10.);
#2916=VECTOR('',#9050,10.);
#2917=VECTOR('',#9053,10.);
#2918=VECTOR('',#9056,10.);
#2919=VECTOR('',#9057,10.);
#2920=VECTOR('',#9062,10.);
#2921=VECTOR('',#9065,10.);
#2922=VECTOR('',#9068,10.);
#2923=VECTOR('',#9071,10.);
#2924=VERTEX_POINT('',#9157);
#2925=VERTEX_POINT('',#9158);
#2926=VERTEX_POINT('',#9160);
#2927=VERTEX_POINT('',#9162);
#2928=VERTEX_POINT('',#9164);
#2929=VERTEX_POINT('',#9166);
#2930=VERTEX_POINT('',#9174);
#2931=VERTEX_POINT('',#9176);
#2932=VERTEX_POINT('',#9178);
#2933=VERTEX_POINT('',#9180);
#2934=VERTEX_POINT('',#9182);
#2935=VERTEX_POINT('',#9186);
#2936=VERTEX_POINT('',#9187);
#2937=VERTEX_POINT('',#9199);
#2938=VERTEX_POINT('',#9206);
#2939=VERTEX_POINT('',#9210);
#2940=VERTEX_POINT('',#9214);
#2941=VERTEX_POINT('',#9218);
#2942=VERTEX_POINT('',#9222);
#2943=VERTEX_POINT('',#9226);
#2944=VERTEX_POINT('',#9230);
#2945=VERTEX_POINT('',#9234);
#2946=VERTEX_POINT('',#9240);
#2947=VERTEX_POINT('',#9241);
#2948=VERTEX_POINT('',#9249);
#2949=VERTEX_POINT('',#9251);
#2950=VERTEX_POINT('',#9259);
#2951=VERTEX_POINT('',#9267);
#2952=VERTEX_POINT('',#9269);
#2953=VERTEX_POINT('',#9277);
#2954=VERTEX_POINT('',#9292);
#2955=VERTEX_POINT('',#9293);
#2956=VERTEX_POINT('',#9301);
#2957=VERTEX_POINT('',#9309);
#2958=VERTEX_POINT('',#9317);
#2959=VERTEX_POINT('',#9325);
#2960=VERTEX_POINT('',#9348);
#2961=VERTEX_POINT('',#9349);
#2962=VERTEX_POINT('',#9364);
#2963=VERTEX_POINT('',#9378);
#2964=VERTEX_POINT('',#9392);
#2965=VERTEX_POINT('',#9393);
#2966=VERTEX_POINT('',#9408);
#2967=VERTEX_POINT('',#9422);
#2968=VERTEX_POINT('',#9433);
#2969=VERTEX_POINT('',#9447);
#2970=VERTEX_POINT('',#9461);
#2971=VERTEX_POINT('',#9484);
#2972=VERTEX_POINT('',#9498);
#2973=VERTEX_POINT('',#9512);
#2974=VERTEX_POINT('',#9538);
#2975=VERTEX_POINT('',#9539);
#2976=VERTEX_POINT('',#9544);
#2977=VERTEX_POINT('',#9546);
#2978=VERTEX_POINT('',#9563);
#2979=VERTEX_POINT('',#9568);
#2980=VERTEX_POINT('',#9578);
#2981=VERTEX_POINT('',#9580);
#2982=VERTEX_POINT('',#9584);
#2983=VERTEX_POINT('',#9586);
#2984=VERTEX_POINT('',#9590);
#2985=VERTEX_POINT('',#9591);
#2986=VERTEX_POINT('',#9593);
#2987=VERTEX_POINT('',#9595);
#2988=VERTEX_POINT('',#9599);
#2989=VERTEX_POINT('',#9601);
#2990=VERTEX_POINT('',#9605);
#2991=VERTEX_POINT('',#9607);
#2992=VERTEX_POINT('',#9618);
#2993=VERTEX_POINT('',#9623);
#2994=VERTEX_POINT('',#9640);
#2995=VERTEX_POINT('',#9645);
#2996=VERTEX_POINT('',#9655);
#2997=VERTEX_POINT('',#9657);
#2998=VERTEX_POINT('',#9661);
#2999=VERTEX_POINT('',#9663);
#3000=VERTEX_POINT('',#9677);
#3001=VERTEX_POINT('',#9682);
#3002=VERTEX_POINT('',#9699);
#3003=VERTEX_POINT('',#9704);
#3004=VERTEX_POINT('',#9721);
#3005=VERTEX_POINT('',#9726);
#3006=VERTEX_POINT('',#9756);
#3007=VERTEX_POINT('',#9757);
#3008=VERTEX_POINT('',#9765);
#3009=VERTEX_POINT('',#9773);
#3010=VERTEX_POINT('',#9781);
#3011=VERTEX_POINT('',#9789);
#3012=VERTEX_POINT('',#9797);
#3013=VERTEX_POINT('',#9805);
#3014=VERTEX_POINT('',#9813);
#3015=VERTEX_POINT('',#9815);
#3016=VERTEX_POINT('',#9817);
#3017=VERTEX_POINT('',#9825);
#3018=VERTEX_POINT('',#9833);
#3019=VERTEX_POINT('',#9841);
#3020=VERTEX_POINT('',#9849);
#3021=VERTEX_POINT('',#9857);
#3022=VERTEX_POINT('',#9865);
#3023=VERTEX_POINT('',#9873);
#3024=VERTEX_POINT('',#9881);
#3025=VERTEX_POINT('',#9883);
#3026=VERTEX_POINT('',#9900);
#3027=VERTEX_POINT('',#9901);
#3028=VERTEX_POINT('',#9909);
#3029=VERTEX_POINT('',#9913);
#3030=VERTEX_POINT('',#9924);
#3031=VERTEX_POINT('',#9938);
#3032=VERTEX_POINT('',#9952);
#3033=VERTEX_POINT('',#9966);
#3034=VERTEX_POINT('',#9980);
#3035=VERTEX_POINT('',#9994);
#3036=VERTEX_POINT('',#10008);
#3037=VERTEX_POINT('',#10022);
#3038=VERTEX_POINT('',#10036);
#3039=VERTEX_POINT('',#10050);
#3040=VERTEX_POINT('',#10064);
#3041=VERTEX_POINT('',#10078);
#3042=VERTEX_POINT('',#10092);
#3043=VERTEX_POINT('',#10106);
#3044=VERTEX_POINT('',#10113);
#3045=VERTEX_POINT('',#10117);
#3046=VERTEX_POINT('',#10133);
#3047=VERTEX_POINT('',#10134);
#3048=VERTEX_POINT('',#10136);
#3049=VERTEX_POINT('',#10138);
#3050=VERTEX_POINT('',#10142);
#3051=VERTEX_POINT('',#10144);
#3052=VERTEX_POINT('',#10148);
#3053=VERTEX_POINT('',#10150);
#3054=VERTEX_POINT('',#10158);
#3055=VERTEX_POINT('',#10159);
#3056=VERTEX_POINT('',#10161);
#3057=VERTEX_POINT('',#10163);
#3058=VERTEX_POINT('',#10165);
#3059=VERTEX_POINT('',#10167);
#3060=VERTEX_POINT('',#10169);
#3061=VERTEX_POINT('',#10171);
#3062=VERTEX_POINT('',#10175);
#3063=VERTEX_POINT('',#10176);
#3064=VERTEX_POINT('',#10181);
#3065=VERTEX_POINT('',#10185);
#3066=VERTEX_POINT('',#10189);
#3067=VERTEX_POINT('',#10193);
#3068=VERTEX_POINT('',#10197);
#3069=VERTEX_POINT('',#10201);
#3070=VERTEX_POINT('',#10214);
#3071=VERTEX_POINT('',#10215);
#3072=VERTEX_POINT('',#10220);
#3073=VERTEX_POINT('',#10222);
#3074=VERTEX_POINT('',#10239);
#3075=VERTEX_POINT('',#10244);
#3076=VERTEX_POINT('',#10261);
#3077=VERTEX_POINT('',#10266);
#3078=VERTEX_POINT('',#10276);
#3079=VERTEX_POINT('',#10278);
#3080=VERTEX_POINT('',#10289);
#3081=VERTEX_POINT('',#10294);
#3082=VERTEX_POINT('',#10311);
#3083=VERTEX_POINT('',#10312);
#3084=VERTEX_POINT('',#10317);
#3085=VERTEX_POINT('',#10319);
#3086=VERTEX_POINT('',#10336);
#3087=VERTEX_POINT('',#10341);
#3088=VERTEX_POINT('',#10358);
#3089=VERTEX_POINT('',#10359);
#3090=VERTEX_POINT('',#10364);
#3091=VERTEX_POINT('',#10366);
#3092=VERTEX_POINT('',#10383);
#3093=VERTEX_POINT('',#10388);
#3094=VERTEX_POINT('',#10405);
#3095=VERTEX_POINT('',#10410);
#3096=VERTEX_POINT('',#10427);
#3097=VERTEX_POINT('',#10432);
#3098=VERTEX_POINT('',#10442);
#3099=VERTEX_POINT('',#10444);
#3100=VERTEX_POINT('',#10455);
#3101=VERTEX_POINT('',#10460);
#3102=VERTEX_POINT('',#10477);
#3103=VERTEX_POINT('',#10482);
#3104=VERTEX_POINT('',#10518);
#3105=VERTEX_POINT('',#10523);
#3106=VERTEX_POINT('',#10540);
#3107=VERTEX_POINT('',#10545);
#3108=VERTEX_POINT('',#10581);
#3109=VERTEX_POINT('',#10586);
#3110=VERTEX_POINT('',#10603);
#3111=VERTEX_POINT('',#10608);
#3112=VERTEX_POINT('',#10638);
#3113=VERTEX_POINT('',#10639);
#3114=VERTEX_POINT('',#10647);
#3115=VERTEX_POINT('',#10655);
#3116=VERTEX_POINT('',#10663);
#3117=VERTEX_POINT('',#10671);
#3118=VERTEX_POINT('',#10679);
#3119=VERTEX_POINT('',#10687);
#3120=VERTEX_POINT('',#10695);
#3121=VERTEX_POINT('',#10697);
#3122=VERTEX_POINT('',#10699);
#3123=VERTEX_POINT('',#10707);
#3124=VERTEX_POINT('',#10715);
#3125=VERTEX_POINT('',#10723);
#3126=VERTEX_POINT('',#10731);
#3127=VERTEX_POINT('',#10739);
#3128=VERTEX_POINT('',#10747);
#3129=VERTEX_POINT('',#10755);
#3130=VERTEX_POINT('',#10763);
#3131=VERTEX_POINT('',#10765);
#3132=VERTEX_POINT('',#10782);
#3133=VERTEX_POINT('',#10783);
#3134=VERTEX_POINT('',#10791);
#3135=VERTEX_POINT('',#10795);
#3136=VERTEX_POINT('',#10806);
#3137=VERTEX_POINT('',#10820);
#3138=VERTEX_POINT('',#10834);
#3139=VERTEX_POINT('',#10848);
#3140=VERTEX_POINT('',#10862);
#3141=VERTEX_POINT('',#10876);
#3142=VERTEX_POINT('',#10890);
#3143=VERTEX_POINT('',#10904);
#3144=VERTEX_POINT('',#10918);
#3145=VERTEX_POINT('',#10932);
#3146=VERTEX_POINT('',#10946);
#3147=VERTEX_POINT('',#10960);
#3148=VERTEX_POINT('',#10974);
#3149=VERTEX_POINT('',#10988);
#3150=VERTEX_POINT('',#10995);
#3151=VERTEX_POINT('',#10999);
#3152=VERTEX_POINT('',#11022);
#3153=VERTEX_POINT('',#11023);
#3154=VERTEX_POINT('',#11028);
#3155=VERTEX_POINT('',#11030);
#3156=VERTEX_POINT('',#11047);
#3157=VERTEX_POINT('',#11052);
#3158=VERTEX_POINT('',#11069);
#3159=VERTEX_POINT('',#11074);
#3160=VERTEX_POINT('',#11091);
#3161=VERTEX_POINT('',#11096);
#3162=VERTEX_POINT('',#11107);
#3163=VERTEX_POINT('',#11108);
#3164=VERTEX_POINT('',#11113);
#3165=VERTEX_POINT('',#11115);
#3166=VERTEX_POINT('',#11132);
#3167=VERTEX_POINT('',#11134);
#3168=VERTEX_POINT('',#11151);
#3169=VERTEX_POINT('',#11156);
#3170=VERTEX_POINT('',#11173);
#3171=VERTEX_POINT('',#11178);
#3172=VERTEX_POINT('',#11195);
#3173=VERTEX_POINT('',#11197);
#3174=VERTEX_POINT('',#11208);
#3175=VERTEX_POINT('',#11213);
#3176=VERTEX_POINT('',#11249);
#3177=VERTEX_POINT('',#11254);
#3178=VERTEX_POINT('',#11271);
#3179=VERTEX_POINT('',#11276);
#3180=VERTEX_POINT('',#11306);
#3181=VERTEX_POINT('',#11307);
#3182=VERTEX_POINT('',#11315);
#3183=VERTEX_POINT('',#11323);
#3184=VERTEX_POINT('',#11331);
#3185=VERTEX_POINT('',#11333);
#3186=VERTEX_POINT('',#11335);
#3187=VERTEX_POINT('',#11337);
#3188=VERTEX_POINT('',#11345);
#3189=VERTEX_POINT('',#11353);
#3190=VERTEX_POINT('',#11361);
#3191=VERTEX_POINT('',#11369);
#3192=VERTEX_POINT('',#11377);
#3193=VERTEX_POINT('',#11379);
#3194=VERTEX_POINT('',#11381);
#3195=VERTEX_POINT('',#11389);
#3196=VERTEX_POINT('',#11391);
#3197=VERTEX_POINT('',#11399);
#3198=VERTEX_POINT('',#11407);
#3199=VERTEX_POINT('',#11415);
#3200=VERTEX_POINT('',#11417);
#3201=VERTEX_POINT('',#11425);
#3202=VERTEX_POINT('',#11433);
#3203=VERTEX_POINT('',#11441);
#3204=VERTEX_POINT('',#11449);
#3205=VERTEX_POINT('',#11451);
#3206=VERTEX_POINT('',#11453);
#3207=VERTEX_POINT('',#11476);
#3208=VERTEX_POINT('',#11477);
#3209=VERTEX_POINT('',#11485);
#3210=VERTEX_POINT('',#11489);
#3211=VERTEX_POINT('',#11500);
#3212=VERTEX_POINT('',#11514);
#3213=VERTEX_POINT('',#11528);
#3214=VERTEX_POINT('',#11542);
#3215=VERTEX_POINT('',#11556);
#3216=VERTEX_POINT('',#11563);
#3217=VERTEX_POINT('',#11567);
#3218=VERTEX_POINT('',#11571);
#3219=VERTEX_POINT('',#11582);
#3220=VERTEX_POINT('',#11596);
#3221=VERTEX_POINT('',#11610);
#3222=VERTEX_POINT('',#11624);
#3223=VERTEX_POINT('',#11635);
#3224=VERTEX_POINT('',#11649);
#3225=VERTEX_POINT('',#11663);
#3226=VERTEX_POINT('',#11670);
#3227=VERTEX_POINT('',#11681);
#3228=VERTEX_POINT('',#11695);
#3229=VERTEX_POINT('',#11709);
#3230=VERTEX_POINT('',#11723);
#3231=VERTEX_POINT('',#11730);
#3232=VERTEX_POINT('',#11734);
#3233=VERTEX_POINT('',#11745);
#3234=VERTEX_POINT('',#11764);
#3235=VERTEX_POINT('',#11765);
#3236=VERTEX_POINT('',#11767);
#3237=VERTEX_POINT('',#11769);
#3238=VERTEX_POINT('',#11773);
#3239=VERTEX_POINT('',#11775);
#3240=VERTEX_POINT('',#11779);
#3241=VERTEX_POINT('',#11781);
#3242=VERTEX_POINT('',#11789);
#3243=VERTEX_POINT('',#11790);
#3244=VERTEX_POINT('',#11792);
#3245=VERTEX_POINT('',#11794);
#3246=VERTEX_POINT('',#11796);
#3247=VERTEX_POINT('',#11798);
#3248=VERTEX_POINT('',#11800);
#3249=VERTEX_POINT('',#11802);
#3250=VERTEX_POINT('',#11804);
#3251=VERTEX_POINT('',#11806);
#3252=VERTEX_POINT('',#11808);
#3253=VERTEX_POINT('',#11810);
#3254=VERTEX_POINT('',#11812);
#3255=VERTEX_POINT('',#11816);
#3256=VERTEX_POINT('',#11817);
#3257=VERTEX_POINT('',#11822);
#3258=VERTEX_POINT('',#11826);
#3259=VERTEX_POINT('',#11830);
#3260=VERTEX_POINT('',#11834);
#3261=VERTEX_POINT('',#11838);
#3262=VERTEX_POINT('',#11842);
#3263=VERTEX_POINT('',#11846);
#3264=VERTEX_POINT('',#11850);
#3265=VERTEX_POINT('',#11854);
#3266=VERTEX_POINT('',#11858);
#3267=VERTEX_POINT('',#11862);
#3268=VERTEX_POINT('',#11875);
#3269=VERTEX_POINT('',#11876);
#3270=VERTEX_POINT('',#11881);
#3271=VERTEX_POINT('',#11883);
#3272=VERTEX_POINT('',#11900);
#3273=VERTEX_POINT('',#11905);
#3274=VERTEX_POINT('',#11922);
#3275=VERTEX_POINT('',#11927);
#3276=VERTEX_POINT('',#11937);
#3277=VERTEX_POINT('',#11939);
#3278=VERTEX_POINT('',#11943);
#3279=VERTEX_POINT('',#11945);
#3280=VERTEX_POINT('',#11956);
#3281=VERTEX_POINT('',#11961);
#3282=VERTEX_POINT('',#11978);
#3283=VERTEX_POINT('',#11983);
#3284=VERTEX_POINT('',#12000);
#3285=VERTEX_POINT('',#12005);
#3286=VERTEX_POINT('',#12022);
#3287=VERTEX_POINT('',#12027);
#3288=VERTEX_POINT('',#12044);
#3289=VERTEX_POINT('',#12049);
#3290=VERTEX_POINT('',#12066);
#3291=VERTEX_POINT('',#12071);
#3292=VERTEX_POINT('',#12088);
#3293=VERTEX_POINT('',#12093);
#3294=VERTEX_POINT('',#12110);
#3295=VERTEX_POINT('',#12112);
#3296=VERTEX_POINT('',#12122);
#3297=VERTEX_POINT('',#12124);
#3298=VERTEX_POINT('',#12128);
#3299=VERTEX_POINT('',#12130);
#3300=VERTEX_POINT('',#12134);
#3301=VERTEX_POINT('',#12136);
#3302=VERTEX_POINT('',#12140);
#3303=VERTEX_POINT('',#12142);
#3304=VERTEX_POINT('',#12146);
#3305=VERTEX_POINT('',#12148);
#3306=VERTEX_POINT('',#12159);
#3307=VERTEX_POINT('',#12164);
#3308=VERTEX_POINT('',#12194);
#3309=VERTEX_POINT('',#12195);
#3310=VERTEX_POINT('',#12197);
#3311=VERTEX_POINT('',#12199);
#3312=VERTEX_POINT('',#12201);
#3313=VERTEX_POINT('',#12203);
#3314=VERTEX_POINT('',#12211);
#3315=VERTEX_POINT('',#12213);
#3316=VERTEX_POINT('',#12215);
#3317=VERTEX_POINT('',#12217);
#3318=VERTEX_POINT('',#12219);
#3319=VERTEX_POINT('',#12223);
#3320=VERTEX_POINT('',#12224);
#3321=VERTEX_POINT('',#12236);
#3322=VERTEX_POINT('',#12243);
#3323=VERTEX_POINT('',#12247);
#3324=VERTEX_POINT('',#12251);
#3325=VERTEX_POINT('',#12255);
#3326=VERTEX_POINT('',#12259);
#3327=VERTEX_POINT('',#12263);
#3328=VERTEX_POINT('',#12267);
#3329=VERTEX_POINT('',#12271);
#3330=VERTEX_POINT('',#12277);
#3331=VERTEX_POINT('',#12278);
#3332=VERTEX_POINT('',#12280);
#3333=VERTEX_POINT('',#12282);
#3334=VERTEX_POINT('',#12286);
#3335=VERTEX_POINT('',#12288);
#3336=VERTEX_POINT('',#12292);
#3337=VERTEX_POINT('',#12294);
#3338=VERTEX_POINT('',#12302);
#3339=VERTEX_POINT('',#12303);
#3340=VERTEX_POINT('',#12311);
#3341=VERTEX_POINT('',#12319);
#3342=VERTEX_POINT('',#12327);
#3343=VERTEX_POINT('',#12329);
#3344=VERTEX_POINT('',#12331);
#3345=VERTEX_POINT('',#12333);
#3346=VERTEX_POINT('',#12341);
#3347=VERTEX_POINT('',#12349);
#3348=VERTEX_POINT('',#12357);
#3349=VERTEX_POINT('',#12365);
#3350=VERTEX_POINT('',#12373);
#3351=VERTEX_POINT('',#12375);
#3352=VERTEX_POINT('',#12377);
#3353=VERTEX_POINT('',#12385);
#3354=VERTEX_POINT('',#12387);
#3355=VERTEX_POINT('',#12395);
#3356=VERTEX_POINT('',#12403);
#3357=VERTEX_POINT('',#12411);
#3358=VERTEX_POINT('',#12413);
#3359=VERTEX_POINT('',#12421);
#3360=VERTEX_POINT('',#12429);
#3361=VERTEX_POINT('',#12437);
#3362=VERTEX_POINT('',#12445);
#3363=VERTEX_POINT('',#12447);
#3364=VERTEX_POINT('',#12449);
#3365=VERTEX_POINT('',#12472);
#3366=VERTEX_POINT('',#12473);
#3367=VERTEX_POINT('',#12481);
#3368=VERTEX_POINT('',#12485);
#3369=VERTEX_POINT('',#12496);
#3370=VERTEX_POINT('',#12510);
#3371=VERTEX_POINT('',#12524);
#3372=VERTEX_POINT('',#12538);
#3373=VERTEX_POINT('',#12552);
#3374=VERTEX_POINT('',#12559);
#3375=VERTEX_POINT('',#12563);
#3376=VERTEX_POINT('',#12567);
#3377=VERTEX_POINT('',#12578);
#3378=VERTEX_POINT('',#12592);
#3379=VERTEX_POINT('',#12606);
#3380=VERTEX_POINT('',#12620);
#3381=VERTEX_POINT('',#12631);
#3382=VERTEX_POINT('',#12645);
#3383=VERTEX_POINT('',#12659);
#3384=VERTEX_POINT('',#12666);
#3385=VERTEX_POINT('',#12677);
#3386=VERTEX_POINT('',#12691);
#3387=VERTEX_POINT('',#12705);
#3388=VERTEX_POINT('',#12719);
#3389=VERTEX_POINT('',#12726);
#3390=VERTEX_POINT('',#12730);
#3391=VERTEX_POINT('',#12741);
#3392=VERTEX_POINT('',#12767);
#3393=VERTEX_POINT('',#12768);
#3394=VERTEX_POINT('',#12773);
#3395=VERTEX_POINT('',#12775);
#3396=VERTEX_POINT('',#12792);
#3397=VERTEX_POINT('',#12797);
#3398=VERTEX_POINT('',#12807);
#3399=VERTEX_POINT('',#12809);
#3400=VERTEX_POINT('',#12813);
#3401=VERTEX_POINT('',#12814);
#3402=VERTEX_POINT('',#12816);
#3403=VERTEX_POINT('',#12818);
#3404=VERTEX_POINT('',#12822);
#3405=VERTEX_POINT('',#12824);
#3406=VERTEX_POINT('',#12828);
#3407=VERTEX_POINT('',#12830);
#3408=VERTEX_POINT('',#12841);
#3409=VERTEX_POINT('',#12846);
#3410=VERTEX_POINT('',#12863);
#3411=VERTEX_POINT('',#12868);
#3412=VERTEX_POINT('',#12878);
#3413=VERTEX_POINT('',#12880);
#3414=VERTEX_POINT('',#12894);
#3415=VERTEX_POINT('',#12899);
#3416=VERTEX_POINT('',#12916);
#3417=VERTEX_POINT('',#12918);
#3418=VERTEX_POINT('',#12929);
#3419=VERTEX_POINT('',#12934);
#3420=VERTEX_POINT('',#12964);
#3421=VERTEX_POINT('',#12965);
#3422=VERTEX_POINT('',#12973);
#3423=VERTEX_POINT('',#12975);
#3424=VERTEX_POINT('',#12983);
#3425=VERTEX_POINT('',#12991);
#3426=VERTEX_POINT('',#12999);
#3427=VERTEX_POINT('',#13001);
#3428=VERTEX_POINT('',#13003);
#3429=VERTEX_POINT('',#13005);
#3430=VERTEX_POINT('',#13020);
#3431=VERTEX_POINT('',#13021);
#3432=VERTEX_POINT('',#13029);
#3433=VERTEX_POINT('',#13037);
#3434=VERTEX_POINT('',#13045);
#3435=VERTEX_POINT('',#13053);
#3436=VERTEX_POINT('',#13055);
#3437=VERTEX_POINT('',#13058);
#3438=VERTEX_POINT('',#13059);
#3439=VERTEX_POINT('',#13067);
#3440=VERTEX_POINT('',#13076);
#3441=VERTEX_POINT('',#13084);
#3442=VERTEX_POINT('',#13092);
#3443=VERTEX_POINT('',#13094);
#3444=VERTEX_POINT('',#13105);
#3445=VERTEX_POINT('',#13106);
#3446=VERTEX_POINT('',#13121);
#3447=VERTEX_POINT('',#13135);
#3448=VERTEX_POINT('',#13149);
#3449=VERTEX_POINT('',#13163);
#3450=VERTEX_POINT('',#13164);
#3451=VERTEX_POINT('',#13179);
#3452=VERTEX_POINT('',#13193);
#3453=VERTEX_POINT('',#13207);
#3454=VERTEX_POINT('',#13221);
#3455=VERTEX_POINT('',#13222);
#3456=VERTEX_POINT('',#13237);
#3457=VERTEX_POINT('',#13251);
#3458=VERTEX_POINT('',#13258);
#3459=VERTEX_POINT('',#13269);
#3460=VERTEX_POINT('',#13276);
#3461=VERTEX_POINT('',#13280);
#3462=VERTEX_POINT('',#13286);
#3463=VERTEX_POINT('',#13290);
#3464=VERTEX_POINT('',#13296);
#3465=VERTEX_POINT('',#13300);
#3466=VERTEX_POINT('',#13304);
#3467=VERTEX_POINT('',#13315);
#3468=VERTEX_POINT('',#13334);
#3469=VERTEX_POINT('',#13335);
#3470=VERTEX_POINT('',#13337);
#3471=VERTEX_POINT('',#13339);
#3472=VERTEX_POINT('',#13343);
#3473=VERTEX_POINT('',#13345);
#3474=VERTEX_POINT('',#13349);
#3475=VERTEX_POINT('',#13351);
#3476=VERTEX_POINT('',#13359);
#3477=VERTEX_POINT('',#13360);
#3478=VERTEX_POINT('',#13362);
#3479=VERTEX_POINT('',#13364);
#3480=VERTEX_POINT('',#13367);
#3481=VERTEX_POINT('',#13377);
#3482=VERTEX_POINT('',#13379);
#3483=VERTEX_POINT('',#13385);
#3484=VERTEX_POINT('',#13386);
#3485=VERTEX_POINT('',#13388);
#3486=VERTEX_POINT('',#13392);
#3487=VERTEX_POINT('',#13393);
#3488=VERTEX_POINT('',#13395);
#3489=VERTEX_POINT('',#13399);
#3490=VERTEX_POINT('',#13400);
#3491=VERTEX_POINT('',#13402);
#3492=VERTEX_POINT('',#13406);
#3493=VERTEX_POINT('',#13407);
#3494=VERTEX_POINT('',#13409);
#3495=VERTEX_POINT('',#13411);
#3496=VERTEX_POINT('',#13415);
#3497=VERTEX_POINT('',#13416);
#3498=VERTEX_POINT('',#13418);
#3499=VERTEX_POINT('',#13422);
#3500=VERTEX_POINT('',#13423);
#3501=VERTEX_POINT('',#13425);
#3502=VERTEX_POINT('',#13427);
#3503=VERTEX_POINT('',#13431);
#3504=VERTEX_POINT('',#13432);
#3505=VERTEX_POINT('',#13434);
#3506=VERTEX_POINT('',#13436);
#3507=VERTEX_POINT('',#13440);
#3508=VERTEX_POINT('',#13441);
#3509=VERTEX_POINT('',#13443);
#3510=VERTEX_POINT('',#13445);
#3511=VERTEX_POINT('',#13449);
#3512=VERTEX_POINT('',#13450);
#3513=VERTEX_POINT('',#13452);
#3514=VERTEX_POINT('',#13454);
#3515=VERTEX_POINT('',#13458);
#3516=VERTEX_POINT('',#13459);
#3517=VERTEX_POINT('',#13461);
#3518=VERTEX_POINT('',#13463);
#3519=VERTEX_POINT('',#13467);
#3520=VERTEX_POINT('',#13468);
#3521=VERTEX_POINT('',#13470);
#3522=VERTEX_POINT('',#13472);
#3523=VERTEX_POINT('',#13476);
#3524=VERTEX_POINT('',#13478);
#3525=VERTEX_POINT('',#13482);
#3526=VERTEX_POINT('',#13484);
#3527=VERTEX_POINT('',#13488);
#3528=VERTEX_POINT('',#13489);
#3529=VERTEX_POINT('',#13491);
#3530=VERTEX_POINT('',#13493);
#3531=VERTEX_POINT('',#13506);
#3532=VERTEX_POINT('',#13508);
#3533=VERTEX_POINT('',#13517);
#3534=VERTEX_POINT('',#13519);
#3535=VERTEX_POINT('',#13603);
#3536=VERTEX_POINT('',#13604);
#3537=VERTEX_POINT('',#13606);
#3538=VERTEX_POINT('',#13610);
#3539=VERTEX_POINT('',#13611);
#3540=VERTEX_POINT('',#13613);
#3541=VERTEX_POINT('',#13620);
#3542=VERTEX_POINT('',#13621);
#3543=VERTEX_POINT('',#13626);
#3544=VERTEX_POINT('',#13627);
#3545=VERTEX_POINT('',#13632);
#3546=VERTEX_POINT('',#13633);
#3547=VERTEX_POINT('',#13638);
#3548=VERTEX_POINT('',#13639);
#3549=VERTEX_POINT('',#13644);
#3550=VERTEX_POINT('',#13645);
#3551=VERTEX_POINT('',#13650);
#3552=VERTEX_POINT('',#13651);
#3553=VERTEX_POINT('',#13653);
#3554=VERTEX_POINT('',#13657);
#3555=VERTEX_POINT('',#13658);
#3556=VERTEX_POINT('',#13660);
#3557=VERTEX_POINT('',#13667);
#3558=VERTEX_POINT('',#13668);
#3559=VERTEX_POINT('',#13673);
#3560=VERTEX_POINT('',#13674);
#3561=VERTEX_POINT('',#13679);
#3562=VERTEX_POINT('',#13680);
#3563=VERTEX_POINT('',#13685);
#3564=VERTEX_POINT('',#13686);
#3565=VERTEX_POINT('',#13691);
#3566=VERTEX_POINT('',#13692);
#3567=VERTEX_POINT('',#13700);
#3568=VERTEX_POINT('',#13701);
#3569=VERTEX_POINT('',#13706);
#3570=VERTEX_POINT('',#13707);
#3571=VERTEX_POINT('',#13712);
#3572=VERTEX_POINT('',#13713);
#3573=VERTEX_POINT('',#13718);
#3574=VERTEX_POINT('',#13719);
#3575=VERTEX_POINT('',#13724);
#3576=VERTEX_POINT('',#13725);
#3577=VERTEX_POINT('',#13733);
#3578=VERTEX_POINT('',#13734);
#3579=VERTEX_POINT('',#13739);
#3580=VERTEX_POINT('',#13740);
#3581=VERTEX_POINT('',#13745);
#3582=VERTEX_POINT('',#13746);
#3583=VERTEX_POINT('',#13751);
#3584=VERTEX_POINT('',#13752);
#3585=VERTEX_POINT('',#13757);
#3586=VERTEX_POINT('',#13758);
#3587=EDGE_CURVE('',#2924,#2925,#1716,.T.);
#3588=EDGE_CURVE('',#2926,#2924,#1717,.T.);
#3589=EDGE_CURVE('',#2927,#2926,#1718,.T.);
#3590=EDGE_CURVE('',#2928,#2927,#1719,.T.);
#3591=EDGE_CURVE('',#2929,#2928,#1407,.T.);
#3592=EDGE_CURVE('',#2930,#2929,#1720,.T.);
#3593=EDGE_CURVE('',#2931,#2930,#1721,.T.);
#3594=EDGE_CURVE('',#2932,#2931,#1722,.T.);
#3595=EDGE_CURVE('',#2933,#2932,#1723,.T.);
#3596=EDGE_CURVE('',#2934,#2933,#1724,.T.);
#3597=EDGE_CURVE('',#2925,#2934,#1725,.T.);
#3598=EDGE_CURVE('',#2935,#2936,#1726,.T.);
#3599=EDGE_CURVE('',#2935,#2930,#1727,.T.);
#3600=EDGE_CURVE('',#2936,#2929,#1728,.T.);
#3601=EDGE_CURVE('',#2936,#2937,#1408,.T.);
#3602=EDGE_CURVE('',#2937,#2928,#1729,.T.);
#3603=EDGE_CURVE('',#2937,#2938,#1730,.T.);
#3604=EDGE_CURVE('',#2938,#2927,#1731,.T.);
#3605=EDGE_CURVE('',#2938,#2939,#1732,.T.);
#3606=EDGE_CURVE('',#2939,#2926,#1733,.T.);
#3607=EDGE_CURVE('',#2939,#2940,#1734,.T.);
#3608=EDGE_CURVE('',#2940,#2924,#1735,.T.);
#3609=EDGE_CURVE('',#2940,#2941,#1736,.T.);
#3610=EDGE_CURVE('',#2941,#2925,#1737,.T.);
#3611=EDGE_CURVE('',#2942,#2935,#1738,.T.);
#3612=EDGE_CURVE('',#2942,#2931,#1739,.T.);
#3613=EDGE_CURVE('',#2943,#2942,#1740,.T.);
#3614=EDGE_CURVE('',#2943,#2932,#1741,.T.);
#3615=EDGE_CURVE('',#2944,#2943,#1742,.T.);
#3616=EDGE_CURVE('',#2944,#2933,#1743,.T.);
#3617=EDGE_CURVE('',#2945,#2944,#1744,.T.);
#3618=EDGE_CURVE('',#2945,#2934,#1745,.T.);
#3619=EDGE_CURVE('',#2941,#2945,#1746,.T.);
#3620=EDGE_CURVE('',#2946,#2947,#1409,.T.);
#3621=EDGE_CURVE('',#2948,#2946,#388,.T.);
#3622=EDGE_CURVE('',#2949,#2948,#1410,.T.);
#3623=EDGE_CURVE('',#2950,#2949,#1411,.T.);
#3624=EDGE_CURVE('',#2951,#2950,#389,.T.);
#3625=EDGE_CURVE('',#2952,#2951,#1412,.T.);
#3626=EDGE_CURVE('',#2953,#2952,#1413,.T.);
#3627=EDGE_CURVE('',#2947,#2953,#1414,.T.);
#3628=EDGE_CURVE('',#2954,#2955,#1415,.T.);
#3629=EDGE_CURVE('',#2956,#2954,#1416,.T.);
#3630=EDGE_CURVE('',#2957,#2956,#1417,.T.);
#3631=EDGE_CURVE('',#2958,#2957,#1418,.T.);
#3632=EDGE_CURVE('',#2959,#2958,#1419,.T.);
#3633=EDGE_CURVE('',#2955,#2959,#1420,.T.);
#3634=EDGE_CURVE('',#2960,#2961,#1421,.T.);
#3635=EDGE_CURVE('',#2960,#2957,#1747,.T.);
#3636=EDGE_CURVE('',#2961,#2956,#1748,.T.);
#3637=EDGE_CURVE('',#2961,#2962,#1422,.T.);
#3638=EDGE_CURVE('',#2962,#2954,#1749,.T.);
#3639=EDGE_CURVE('',#2962,#2963,#1423,.T.);
#3640=EDGE_CURVE('',#2963,#2955,#1750,.T.);
#3641=EDGE_CURVE('',#2964,#2965,#1424,.T.);
#3642=EDGE_CURVE('',#2964,#2950,#1751,.T.);
#3643=EDGE_CURVE('',#2965,#2949,#1752,.T.);
#3644=EDGE_CURVE('',#2965,#2966,#1425,.T.);
#3645=EDGE_CURVE('',#2966,#2948,#1753,.T.);
#3646=EDGE_CURVE('',#2966,#2967,#390,.T.);
#3647=EDGE_CURVE('',#2967,#2946,#1754,.T.);
#3648=EDGE_CURVE('',#2967,#2968,#1426,.T.);
#3649=EDGE_CURVE('',#2968,#2947,#1755,.T.);
#3650=EDGE_CURVE('',#2963,#2969,#1427,.T.);
#3651=EDGE_CURVE('',#2969,#2959,#1756,.T.);
#3652=EDGE_CURVE('',#2969,#2970,#391,.T.);
#3653=EDGE_CURVE('',#2970,#2958,#1757,.T.);
#3654=EDGE_CURVE('',#2970,#2960,#1428,.T.);
#3655=EDGE_CURVE('',#2971,#2964,#1429,.T.);
#3656=EDGE_CURVE('',#2971,#2951,#1758,.T.);
#3657=EDGE_CURVE('',#2972,#2971,#1430,.T.);
#3658=EDGE_CURVE('',#2972,#2952,#1759,.T.);
#3659=EDGE_CURVE('',#2973,#2972,#1431,.T.);
#3660=EDGE_CURVE('',#2973,#2953,#1760,.T.);
#3661=EDGE_CURVE('',#2968,#2973,#1432,.T.);
#3662=EDGE_CURVE('',#2974,#2975,#1433,.T.);
#3663=EDGE_CURVE('',#2974,#2976,#1761,.T.);
#3664=EDGE_CURVE('',#2976,#2977,#1434,.T.);
#3665=EDGE_CURVE('',#2975,#2977,#1762,.T.);
#3666=EDGE_CURVE('',#2975,#2978,#1435,.T.);
#3667=EDGE_CURVE('',#2977,#2979,#1436,.T.);
#3668=EDGE_CURVE('',#2978,#2979,#1763,.T.);
#3669=EDGE_CURVE('',#2978,#2980,#1764,.T.);
#3670=EDGE_CURVE('',#2979,#2981,#1765,.T.);
#3671=EDGE_CURVE('',#2980,#2981,#1766,.T.);
#3672=EDGE_CURVE('',#2980,#2982,#1767,.T.);
#3673=EDGE_CURVE('',#2981,#2983,#1768,.T.);
#3674=EDGE_CURVE('',#2982,#2983,#1769,.T.);
#3675=EDGE_CURVE('',#2984,#2985,#1770,.T.);
#3676=EDGE_CURVE('',#2984,#2986,#1771,.T.);
#3677=EDGE_CURVE('',#2986,#2987,#1772,.T.);
#3678=EDGE_CURVE('',#2985,#2987,#1773,.T.);
#3679=EDGE_CURVE('',#2988,#2984,#1774,.T.);
#3680=EDGE_CURVE('',#2988,#2989,#1775,.T.);
#3681=EDGE_CURVE('',#2989,#2986,#1776,.T.);
#3682=EDGE_CURVE('',#2990,#2988,#1777,.T.);
#3683=EDGE_CURVE('',#2990,#2991,#1778,.T.);
#3684=EDGE_CURVE('',#2991,#2989,#1779,.T.);
#3685=EDGE_CURVE('',#2992,#2974,#1437,.T.);
#3686=EDGE_CURVE('',#2992,#2993,#1780,.T.);
#3687=EDGE_CURVE('',#2993,#2976,#1438,.T.);
#3688=EDGE_CURVE('',#2994,#2992,#1439,.T.);
#3689=EDGE_CURVE('',#2994,#2995,#1781,.T.);
#3690=EDGE_CURVE('',#2995,#2993,#1440,.T.);
#3691=EDGE_CURVE('',#2996,#2994,#1782,.T.);
#3692=EDGE_CURVE('',#2996,#2997,#1783,.T.);
#3693=EDGE_CURVE('',#2997,#2995,#1784,.T.);
#3694=EDGE_CURVE('',#2998,#2996,#1785,.T.);
#3695=EDGE_CURVE('',#2998,#2999,#1786,.T.);
#3696=EDGE_CURVE('',#2999,#2997,#1787,.T.);
#3697=EDGE_CURVE('',#2982,#2998,#1788,.T.);
#3698=EDGE_CURVE('',#2983,#2999,#1789,.T.);
#3699=EDGE_CURVE('',#3000,#2990,#1441,.T.);
#3700=EDGE_CURVE('',#3000,#3001,#1790,.T.);
#3701=EDGE_CURVE('',#3001,#2991,#1442,.T.);
#3702=EDGE_CURVE('',#3002,#3000,#1443,.T.);
#3703=EDGE_CURVE('',#3002,#3003,#1791,.T.);
#3704=EDGE_CURVE('',#3003,#3001,#1444,.T.);
#3705=EDGE_CURVE('',#3004,#3002,#1445,.T.);
#3706=EDGE_CURVE('',#3004,#3005,#1792,.T.);
#3707=EDGE_CURVE('',#3005,#3003,#1446,.T.);
#3708=EDGE_CURVE('',#2985,#3004,#1447,.T.);
#3709=EDGE_CURVE('',#2987,#3005,#1448,.T.);
#3710=EDGE_CURVE('',#3006,#3007,#1449,.T.);
#3711=EDGE_CURVE('',#3008,#3006,#1450,.T.);
#3712=EDGE_CURVE('',#3009,#3008,#1451,.T.);
#3713=EDGE_CURVE('',#3010,#3009,#1452,.T.);
#3714=EDGE_CURVE('',#3011,#3010,#1453,.T.);
#3715=EDGE_CURVE('',#3012,#3011,#1454,.T.);
#3716=EDGE_CURVE('',#3013,#3012,#1455,.T.);
#3717=EDGE_CURVE('',#3014,#3013,#1793,.T.);
#3718=EDGE_CURVE('',#3015,#3014,#1794,.T.);
#3719=EDGE_CURVE('',#3016,#3015,#1456,.T.);
#3720=EDGE_CURVE('',#3017,#3016,#1457,.T.);
#3721=EDGE_CURVE('',#3018,#3017,#1458,.T.);
#3722=EDGE_CURVE('',#3019,#3018,#1459,.T.);
#3723=EDGE_CURVE('',#3020,#3019,#1460,.T.);
#3724=EDGE_CURVE('',#3021,#3020,#1461,.T.);
#3725=EDGE_CURVE('',#3022,#3021,#1462,.T.);
#3726=EDGE_CURVE('',#3023,#3022,#1463,.T.);
#3727=EDGE_CURVE('',#3024,#3023,#1795,.T.);
#3728=EDGE_CURVE('',#3025,#3024,#1796,.T.);
#3729=EDGE_CURVE('',#3007,#3025,#1464,.T.);
#3730=EDGE_CURVE('',#3026,#3027,#1465,.T.);
#3731=EDGE_CURVE('',#3026,#3016,#1797,.T.);
#3732=EDGE_CURVE('',#3027,#3015,#1798,.T.);
#3733=EDGE_CURVE('',#3027,#3028,#1799,.T.);
#3734=EDGE_CURVE('',#3028,#3014,#1800,.T.);
#3735=EDGE_CURVE('',#3028,#3029,#1801,.T.);
#3736=EDGE_CURVE('',#3029,#3013,#1802,.T.);
#3737=EDGE_CURVE('',#3029,#3030,#1466,.T.);
#3738=EDGE_CURVE('',#3030,#3012,#1803,.T.);
#3739=EDGE_CURVE('',#3030,#3031,#1467,.T.);
#3740=EDGE_CURVE('',#3031,#3011,#1804,.T.);
#3741=EDGE_CURVE('',#3031,#3032,#1468,.T.);
#3742=EDGE_CURVE('',#3032,#3010,#1805,.T.);
#3743=EDGE_CURVE('',#3032,#3033,#1469,.T.);
#3744=EDGE_CURVE('',#3033,#3009,#1806,.T.);
#3745=EDGE_CURVE('',#3033,#3034,#1470,.T.);
#3746=EDGE_CURVE('',#3034,#3008,#1807,.T.);
#3747=EDGE_CURVE('',#3034,#3035,#1471,.T.);
#3748=EDGE_CURVE('',#3035,#3006,#1808,.T.);
#3749=EDGE_CURVE('',#3035,#3036,#1472,.T.);
#3750=EDGE_CURVE('',#3036,#3007,#1809,.T.);
#3751=EDGE_CURVE('',#3037,#3026,#1473,.T.);
#3752=EDGE_CURVE('',#3037,#3017,#1810,.T.);
#3753=EDGE_CURVE('',#3038,#3037,#1474,.T.);
#3754=EDGE_CURVE('',#3038,#3018,#1811,.T.);
#3755=EDGE_CURVE('',#3039,#3038,#1475,.T.);
#3756=EDGE_CURVE('',#3039,#3019,#1812,.T.);
#3757=EDGE_CURVE('',#3040,#3039,#1476,.T.);
#3758=EDGE_CURVE('',#3040,#3020,#1813,.T.);
#3759=EDGE_CURVE('',#3041,#3040,#1477,.T.);
#3760=EDGE_CURVE('',#3041,#3021,#1814,.T.);
#3761=EDGE_CURVE('',#3042,#3041,#1478,.T.);
#3762=EDGE_CURVE('',#3042,#3022,#1815,.T.);
#3763=EDGE_CURVE('',#3043,#3042,#1479,.T.);
#3764=EDGE_CURVE('',#3043,#3023,#1816,.T.);
#3765=EDGE_CURVE('',#3044,#3043,#1817,.T.);
#3766=EDGE_CURVE('',#3044,#3024,#1818,.T.);
#3767=EDGE_CURVE('',#3045,#3044,#1819,.T.);
#3768=EDGE_CURVE('',#3045,#3025,#1820,.T.);
#3769=EDGE_CURVE('',#3036,#3045,#1480,.T.);
#3770=EDGE_CURVE('',#3046,#3047,#1821,.T.);
#3771=EDGE_CURVE('',#3046,#3048,#1822,.T.);
#3772=EDGE_CURVE('',#3048,#3049,#1823,.T.);
#3773=EDGE_CURVE('',#3047,#3049,#1824,.T.);
#3774=EDGE_CURVE('',#3047,#3050,#1825,.T.);
#3775=EDGE_CURVE('',#3049,#3051,#1826,.T.);
#3776=EDGE_CURVE('',#3050,#3051,#1827,.T.);
#3777=EDGE_CURVE('',#3052,#3046,#1828,.T.);
#3778=EDGE_CURVE('',#3052,#3053,#1829,.T.);
#3779=EDGE_CURVE('',#3053,#3048,#1830,.T.);
#3780=EDGE_CURVE('',#3050,#3052,#1831,.T.);
#3781=EDGE_CURVE('',#3051,#3053,#1832,.T.);
#3782=EDGE_CURVE('',#3054,#3055,#1833,.T.);
#3783=EDGE_CURVE('',#3056,#3054,#1834,.T.);
#3784=EDGE_CURVE('',#3057,#3056,#1835,.T.);
#3785=EDGE_CURVE('',#3058,#3057,#1836,.T.);
#3786=EDGE_CURVE('',#3059,#3058,#1837,.T.);
#3787=EDGE_CURVE('',#3060,#3059,#1838,.T.);
#3788=EDGE_CURVE('',#3061,#3060,#1839,.T.);
#3789=EDGE_CURVE('',#3055,#3061,#1840,.T.);
#3790=EDGE_CURVE('',#3062,#3063,#1841,.T.);
#3791=EDGE_CURVE('',#3062,#3058,#1842,.T.);
#3792=EDGE_CURVE('',#3063,#3057,#1843,.T.);
#3793=EDGE_CURVE('',#3063,#3064,#1844,.T.);
#3794=EDGE_CURVE('',#3064,#3056,#1845,.T.);
#3795=EDGE_CURVE('',#3064,#3065,#1846,.T.);
#3796=EDGE_CURVE('',#3065,#3054,#1847,.T.);
#3797=EDGE_CURVE('',#3065,#3066,#1848,.T.);
#3798=EDGE_CURVE('',#3066,#3055,#1849,.T.);
#3799=EDGE_CURVE('',#3067,#3062,#1850,.T.);
#3800=EDGE_CURVE('',#3067,#3059,#1851,.T.);
#3801=EDGE_CURVE('',#3068,#3067,#1852,.T.);
#3802=EDGE_CURVE('',#3068,#3060,#1853,.T.);
#3803=EDGE_CURVE('',#3069,#3068,#1854,.T.);
#3804=EDGE_CURVE('',#3069,#3061,#1855,.T.);
#3805=EDGE_CURVE('',#3066,#3069,#1856,.T.);
#3806=EDGE_CURVE('',#3070,#3071,#1481,.T.);
#3807=EDGE_CURVE('',#3070,#3072,#1857,.T.);
#3808=EDGE_CURVE('',#3072,#3073,#1482,.T.);
#3809=EDGE_CURVE('',#3071,#3073,#1858,.T.);
#3810=EDGE_CURVE('',#3071,#3074,#1483,.T.);
#3811=EDGE_CURVE('',#3073,#3075,#1484,.T.);
#3812=EDGE_CURVE('',#3074,#3075,#1859,.T.);
#3813=EDGE_CURVE('',#3074,#3076,#1485,.T.);
#3814=EDGE_CURVE('',#3075,#3077,#1486,.T.);
#3815=EDGE_CURVE('',#3076,#3077,#1860,.T.);
#3816=EDGE_CURVE('',#3076,#3078,#1861,.T.);
#3817=EDGE_CURVE('',#3077,#3079,#1862,.T.);
#3818=EDGE_CURVE('',#3078,#3079,#1863,.T.);
#3819=EDGE_CURVE('',#3078,#3080,#1487,.T.);
#3820=EDGE_CURVE('',#3079,#3081,#1488,.T.);
#3821=EDGE_CURVE('',#3080,#3081,#1864,.T.);
#3822=EDGE_CURVE('',#3082,#3083,#1489,.T.);
#3823=EDGE_CURVE('',#3082,#3084,#1865,.T.);
#3824=EDGE_CURVE('',#3084,#3085,#1490,.T.);
#3825=EDGE_CURVE('',#3083,#3085,#1866,.T.);
#3826=EDGE_CURVE('',#3086,#3082,#1491,.T.);
#3827=EDGE_CURVE('',#3086,#3087,#1867,.T.);
#3828=EDGE_CURVE('',#3087,#3084,#1492,.T.);
#3829=EDGE_CURVE('',#3088,#3089,#1493,.T.);
#3830=EDGE_CURVE('',#3088,#3090,#1868,.T.);
#3831=EDGE_CURVE('',#3090,#3091,#1494,.T.);
#3832=EDGE_CURVE('',#3089,#3091,#1869,.T.);
#3833=EDGE_CURVE('',#3092,#3088,#1495,.T.);
#3834=EDGE_CURVE('',#3092,#3093,#1870,.T.);
#3835=EDGE_CURVE('',#3093,#3090,#1496,.T.);
#3836=EDGE_CURVE('',#3094,#3070,#1497,.T.);
#3837=EDGE_CURVE('',#3094,#3095,#1871,.T.);
#3838=EDGE_CURVE('',#3095,#3072,#1498,.T.);
#3839=EDGE_CURVE('',#3096,#3094,#1499,.T.);
#3840=EDGE_CURVE('',#3096,#3097,#1872,.T.);
#3841=EDGE_CURVE('',#3097,#3095,#1500,.T.);
#3842=EDGE_CURVE('',#3098,#3096,#1873,.T.);
#3843=EDGE_CURVE('',#3098,#3099,#1874,.T.);
#3844=EDGE_CURVE('',#3099,#3097,#1875,.T.);
#3845=EDGE_CURVE('',#3100,#3098,#1501,.T.);
#3846=EDGE_CURVE('',#3100,#3101,#1876,.T.);
#3847=EDGE_CURVE('',#3101,#3099,#1502,.T.);
#3848=EDGE_CURVE('',#3102,#3100,#1503,.T.);
#3849=EDGE_CURVE('',#3102,#3103,#1877,.T.);
#3850=EDGE_CURVE('',#3103,#3101,#1504,.T.);
#3851=EDGE_CURVE('',#3080,#3102,#1505,.T.);
#3852=EDGE_CURVE('',#3081,#3103,#1506,.T.);
#3853=EDGE_CURVE('',#3104,#3086,#1507,.T.);
#3854=EDGE_CURVE('',#3104,#3105,#1878,.T.);
#3855=EDGE_CURVE('',#3105,#3087,#1508,.T.);
#3856=EDGE_CURVE('',#3106,#3104,#1509,.T.);
#3857=EDGE_CURVE('',#3106,#3107,#1879,.T.);
#3858=EDGE_CURVE('',#3107,#3105,#1510,.T.);
#3859=EDGE_CURVE('',#3083,#3106,#1511,.T.);
#3860=EDGE_CURVE('',#3085,#3107,#1512,.T.);
#3861=EDGE_CURVE('',#3108,#3092,#1513,.T.);
#3862=EDGE_CURVE('',#3108,#3109,#1880,.T.);
#3863=EDGE_CURVE('',#3109,#3093,#1514,.T.);
#3864=EDGE_CURVE('',#3110,#3108,#1515,.T.);
#3865=EDGE_CURVE('',#3110,#3111,#1881,.T.);
#3866=EDGE_CURVE('',#3111,#3109,#1516,.T.);
#3867=EDGE_CURVE('',#3089,#3110,#1517,.T.);
#3868=EDGE_CURVE('',#3091,#3111,#1518,.T.);
#3869=EDGE_CURVE('',#3112,#3113,#1519,.T.);
#3870=EDGE_CURVE('',#3114,#3112,#1520,.T.);
#3871=EDGE_CURVE('',#3115,#3114,#1521,.T.);
#3872=EDGE_CURVE('',#3116,#3115,#1522,.T.);
#3873=EDGE_CURVE('',#3117,#3116,#1523,.T.);
#3874=EDGE_CURVE('',#3118,#3117,#1524,.T.);
#3875=EDGE_CURVE('',#3119,#3118,#1525,.T.);
#3876=EDGE_CURVE('',#3120,#3119,#1882,.T.);
#3877=EDGE_CURVE('',#3121,#3120,#1883,.T.);
#3878=EDGE_CURVE('',#3122,#3121,#1526,.T.);
#3879=EDGE_CURVE('',#3123,#3122,#1527,.T.);
#3880=EDGE_CURVE('',#3124,#3123,#1528,.T.);
#3881=EDGE_CURVE('',#3125,#3124,#1529,.T.);
#3882=EDGE_CURVE('',#3126,#3125,#1530,.T.);
#3883=EDGE_CURVE('',#3127,#3126,#1531,.T.);
#3884=EDGE_CURVE('',#3128,#3127,#1532,.T.);
#3885=EDGE_CURVE('',#3129,#3128,#1533,.T.);
#3886=EDGE_CURVE('',#3130,#3129,#1884,.T.);
#3887=EDGE_CURVE('',#3131,#3130,#1885,.T.);
#3888=EDGE_CURVE('',#3113,#3131,#1534,.T.);
#3889=EDGE_CURVE('',#3132,#3133,#1535,.T.);
#3890=EDGE_CURVE('',#3132,#3122,#1886,.T.);
#3891=EDGE_CURVE('',#3133,#3121,#1887,.T.);
#3892=EDGE_CURVE('',#3133,#3134,#1888,.T.);
#3893=EDGE_CURVE('',#3134,#3120,#1889,.T.);
#3894=EDGE_CURVE('',#3134,#3135,#1890,.T.);
#3895=EDGE_CURVE('',#3135,#3119,#1891,.T.);
#3896=EDGE_CURVE('',#3135,#3136,#1536,.T.);
#3897=EDGE_CURVE('',#3136,#3118,#1892,.T.);
#3898=EDGE_CURVE('',#3136,#3137,#1537,.T.);
#3899=EDGE_CURVE('',#3137,#3117,#1893,.T.);
#3900=EDGE_CURVE('',#3137,#3138,#1538,.T.);
#3901=EDGE_CURVE('',#3138,#3116,#1894,.T.);
#3902=EDGE_CURVE('',#3138,#3139,#1539,.T.);
#3903=EDGE_CURVE('',#3139,#3115,#1895,.T.);
#3904=EDGE_CURVE('',#3139,#3140,#1540,.T.);
#3905=EDGE_CURVE('',#3140,#3114,#1896,.T.);
#3906=EDGE_CURVE('',#3140,#3141,#1541,.T.);
#3907=EDGE_CURVE('',#3141,#3112,#1897,.T.);
#3908=EDGE_CURVE('',#3141,#3142,#1542,.T.);
#3909=EDGE_CURVE('',#3142,#3113,#1898,.T.);
#3910=EDGE_CURVE('',#3143,#3132,#1543,.T.);
#3911=EDGE_CURVE('',#3143,#3123,#1899,.T.);
#3912=EDGE_CURVE('',#3144,#3143,#1544,.T.);
#3913=EDGE_CURVE('',#3144,#3124,#1900,.T.);
#3914=EDGE_CURVE('',#3145,#3144,#1545,.T.);
#3915=EDGE_CURVE('',#3145,#3125,#1901,.T.);
#3916=EDGE_CURVE('',#3146,#3145,#1546,.T.);
#3917=EDGE_CURVE('',#3146,#3126,#1902,.T.);
#3918=EDGE_CURVE('',#3147,#3146,#1547,.T.);
#3919=EDGE_CURVE('',#3147,#3127,#1903,.T.);
#3920=EDGE_CURVE('',#3148,#3147,#1548,.T.);
#3921=EDGE_CURVE('',#3148,#3128,#1904,.T.);
#3922=EDGE_CURVE('',#3149,#3148,#1549,.T.);
#3923=EDGE_CURVE('',#3149,#3129,#1905,.T.);
#3924=EDGE_CURVE('',#3150,#3149,#1906,.T.);
#3925=EDGE_CURVE('',#3150,#3130,#1907,.T.);
#3926=EDGE_CURVE('',#3151,#3150,#1908,.T.);
#3927=EDGE_CURVE('',#3151,#3131,#1909,.T.);
#3928=EDGE_CURVE('',#3142,#3151,#1550,.T.);
#3929=EDGE_CURVE('',#3152,#3153,#1551,.T.);
#3930=EDGE_CURVE('',#3152,#3154,#1910,.T.);
#3931=EDGE_CURVE('',#3154,#3155,#1552,.T.);
#3932=EDGE_CURVE('',#3153,#3155,#1911,.T.);
#3933=EDGE_CURVE('',#3153,#3156,#1553,.T.);
#3934=EDGE_CURVE('',#3155,#3157,#1554,.T.);
#3935=EDGE_CURVE('',#3156,#3157,#1912,.T.);
#3936=EDGE_CURVE('',#3156,#3158,#1555,.T.);
#3937=EDGE_CURVE('',#3157,#3159,#1556,.T.);
#3938=EDGE_CURVE('',#3158,#3159,#1913,.T.);
#3939=EDGE_CURVE('',#3158,#3160,#1557,.T.);
#3940=EDGE_CURVE('',#3159,#3161,#392,.T.);
#3941=EDGE_CURVE('',#3160,#3161,#1914,.T.);
#3942=EDGE_CURVE('',#3162,#3163,#1558,.T.);
#3943=EDGE_CURVE('',#3162,#3164,#1915,.T.);
#3944=EDGE_CURVE('',#3164,#3165,#1559,.T.);
#3945=EDGE_CURVE('',#3163,#3165,#1916,.T.);
#3946=EDGE_CURVE('',#3166,#3162,#393,.T.);
#3947=EDGE_CURVE('',#3166,#3167,#1917,.T.);
#3948=EDGE_CURVE('',#3167,#3164,#1560,.T.);
#3949=EDGE_CURVE('',#3168,#3166,#1561,.T.);
#3950=EDGE_CURVE('',#3168,#3169,#1918,.T.);
#3951=EDGE_CURVE('',#3169,#3167,#1562,.T.);
#3952=EDGE_CURVE('',#3170,#3152,#1563,.T.);
#3953=EDGE_CURVE('',#3170,#3171,#1919,.T.);
#3954=EDGE_CURVE('',#3171,#3154,#1564,.T.);
#3955=EDGE_CURVE('',#3172,#3170,#394,.T.);
#3956=EDGE_CURVE('',#3172,#3173,#1920,.T.);
#3957=EDGE_CURVE('',#3173,#3171,#395,.T.);
#3958=EDGE_CURVE('',#3174,#3172,#1565,.T.);
#3959=EDGE_CURVE('',#3174,#3175,#1921,.T.);
#3960=EDGE_CURVE('',#3175,#3173,#1566,.T.);
#3961=EDGE_CURVE('',#3160,#3174,#1567,.T.);
#3962=EDGE_CURVE('',#3161,#3175,#1568,.T.);
#3963=EDGE_CURVE('',#3176,#3168,#1569,.T.);
#3964=EDGE_CURVE('',#3176,#3177,#1922,.T.);
#3965=EDGE_CURVE('',#3177,#3169,#1570,.T.);
#3966=EDGE_CURVE('',#3178,#3176,#1571,.T.);
#3967=EDGE_CURVE('',#3178,#3179,#1923,.T.);
#3968=EDGE_CURVE('',#3179,#3177,#1572,.T.);
#3969=EDGE_CURVE('',#3163,#3178,#1573,.T.);
#3970=EDGE_CURVE('',#3165,#3179,#1574,.T.);
#3971=EDGE_CURVE('',#3180,#3181,#1575,.T.);
#3972=EDGE_CURVE('',#3182,#3180,#1576,.T.);
#3973=EDGE_CURVE('',#3183,#3182,#1577,.T.);
#3974=EDGE_CURVE('',#3184,#3183,#1924,.T.);
#3975=EDGE_CURVE('',#3185,#3184,#1925,.T.);
#3976=EDGE_CURVE('',#3186,#3185,#1926,.T.);
#3977=EDGE_CURVE('',#3187,#3186,#1578,.T.);
#3978=EDGE_CURVE('',#3188,#3187,#1579,.T.);
#3979=EDGE_CURVE('',#3189,#3188,#1580,.T.);
#3980=EDGE_CURVE('',#3190,#3189,#1581,.T.);
#3981=EDGE_CURVE('',#3191,#3190,#1582,.T.);
#3982=EDGE_CURVE('',#3192,#3191,#1927,.T.);
#3983=EDGE_CURVE('',#3193,#3192,#1928,.T.);
#3984=EDGE_CURVE('',#3194,#3193,#1583,.T.);
#3985=EDGE_CURVE('',#3195,#3194,#396,.T.);
#3986=EDGE_CURVE('',#3196,#3195,#1584,.T.);
#3987=EDGE_CURVE('',#3197,#3196,#1585,.T.);
#3988=EDGE_CURVE('',#3198,#3197,#1586,.T.);
#3989=EDGE_CURVE('',#3199,#3198,#1929,.T.);
#3990=EDGE_CURVE('',#3200,#3199,#1587,.T.);
#3991=EDGE_CURVE('',#3201,#3200,#1588,.T.);
#3992=EDGE_CURVE('',#3202,#3201,#1589,.T.);
#3993=EDGE_CURVE('',#3203,#3202,#1590,.T.);
#3994=EDGE_CURVE('',#3204,#3203,#1930,.T.);
#3995=EDGE_CURVE('',#3205,#3204,#1931,.T.);
#3996=EDGE_CURVE('',#3206,#3205,#1591,.T.);
#3997=EDGE_CURVE('',#3181,#3206,#1592,.T.);
#3998=EDGE_CURVE('',#3207,#3208,#1593,.T.);
#3999=EDGE_CURVE('',#3207,#3194,#1932,.T.);
#4000=EDGE_CURVE('',#3208,#3193,#1933,.T.);
#4001=EDGE_CURVE('',#3208,#3209,#1934,.T.);
#4002=EDGE_CURVE('',#3209,#3192,#1935,.T.);
#4003=EDGE_CURVE('',#3209,#3210,#1936,.T.);
#4004=EDGE_CURVE('',#3210,#3191,#1937,.T.);
#4005=EDGE_CURVE('',#3210,#3211,#1594,.T.);
#4006=EDGE_CURVE('',#3211,#3190,#1938,.T.);
#4007=EDGE_CURVE('',#3211,#3212,#1595,.T.);
#4008=EDGE_CURVE('',#3212,#3189,#1939,.T.);
#4009=EDGE_CURVE('',#3212,#3213,#1596,.T.);
#4010=EDGE_CURVE('',#3213,#3188,#1940,.T.);
#4011=EDGE_CURVE('',#3213,#3214,#1597,.T.);
#4012=EDGE_CURVE('',#3214,#3187,#1941,.T.);
#4013=EDGE_CURVE('',#3214,#3215,#1598,.T.);
#4014=EDGE_CURVE('',#3215,#3186,#1942,.T.);
#4015=EDGE_CURVE('',#3215,#3216,#1943,.T.);
#4016=EDGE_CURVE('',#3216,#3185,#1944,.T.);
#4017=EDGE_CURVE('',#3216,#3217,#1945,.T.);
#4018=EDGE_CURVE('',#3217,#3184,#1946,.T.);
#4019=EDGE_CURVE('',#3217,#3218,#1947,.T.);
#4020=EDGE_CURVE('',#3218,#3183,#1948,.T.);
#4021=EDGE_CURVE('',#3218,#3219,#1599,.T.);
#4022=EDGE_CURVE('',#3219,#3182,#1949,.T.);
#4023=EDGE_CURVE('',#3219,#3220,#1600,.T.);
#4024=EDGE_CURVE('',#3220,#3180,#1950,.T.);
#4025=EDGE_CURVE('',#3220,#3221,#1601,.T.);
#4026=EDGE_CURVE('',#3221,#3181,#1951,.T.);
#4027=EDGE_CURVE('',#3222,#3207,#397,.T.);
#4028=EDGE_CURVE('',#3222,#3195,#1952,.T.);
#4029=EDGE_CURVE('',#3223,#3222,#1602,.T.);
#4030=EDGE_CURVE('',#3223,#3196,#1953,.T.);
#4031=EDGE_CURVE('',#3224,#3223,#1603,.T.);
#4032=EDGE_CURVE('',#3224,#3197,#1954,.T.);
#4033=EDGE_CURVE('',#3225,#3224,#1604,.T.);
#4034=EDGE_CURVE('',#3225,#3198,#1955,.T.);
#4035=EDGE_CURVE('',#3226,#3225,#1956,.T.);
#4036=EDGE_CURVE('',#3226,#3199,#1957,.T.);
#4037=EDGE_CURVE('',#3227,#3226,#1605,.T.);
#4038=EDGE_CURVE('',#3227,#3200,#1958,.T.);
#4039=EDGE_CURVE('',#3228,#3227,#1606,.T.);
#4040=EDGE_CURVE('',#3228,#3201,#1959,.T.);
#4041=EDGE_CURVE('',#3229,#3228,#1607,.T.);
#4042=EDGE_CURVE('',#3229,#3202,#1960,.T.);
#4043=EDGE_CURVE('',#3230,#3229,#1608,.T.);
#4044=EDGE_CURVE('',#3230,#3203,#1961,.T.);
#4045=EDGE_CURVE('',#3231,#3230,#1962,.T.);
#4046=EDGE_CURVE('',#3231,#3204,#1963,.T.);
#4047=EDGE_CURVE('',#3232,#3231,#1964,.T.);
#4048=EDGE_CURVE('',#3232,#3205,#1965,.T.);
#4049=EDGE_CURVE('',#3233,#3232,#1609,.T.);
#4050=EDGE_CURVE('',#3233,#3206,#1966,.T.);
#4051=EDGE_CURVE('',#3221,#3233,#1610,.T.);
#4052=EDGE_CURVE('',#3234,#3235,#1967,.T.);
#4053=EDGE_CURVE('',#3234,#3236,#1968,.T.);
#4054=EDGE_CURVE('',#3236,#3237,#1969,.T.);
#4055=EDGE_CURVE('',#3235,#3237,#1970,.T.);
#4056=EDGE_CURVE('',#3235,#3238,#1971,.T.);
#4057=EDGE_CURVE('',#3237,#3239,#1972,.T.);
#4058=EDGE_CURVE('',#3238,#3239,#1973,.T.);
#4059=EDGE_CURVE('',#3240,#3234,#1974,.T.);
#4060=EDGE_CURVE('',#3240,#3241,#1975,.T.);
#4061=EDGE_CURVE('',#3241,#3236,#1976,.T.);
#4062=EDGE_CURVE('',#3238,#3240,#1977,.T.);
#4063=EDGE_CURVE('',#3239,#3241,#1978,.T.);
#4064=EDGE_CURVE('',#3242,#3243,#1979,.T.);
#4065=EDGE_CURVE('',#3244,#3242,#1980,.T.);
#4066=EDGE_CURVE('',#3245,#3244,#1981,.T.);
#4067=EDGE_CURVE('',#3246,#3245,#1982,.T.);
#4068=EDGE_CURVE('',#3247,#3246,#1983,.T.);
#4069=EDGE_CURVE('',#3248,#3247,#1984,.T.);
#4070=EDGE_CURVE('',#3249,#3248,#1985,.T.);
#4071=EDGE_CURVE('',#3250,#3249,#1986,.T.);
#4072=EDGE_CURVE('',#3251,#3250,#1987,.T.);
#4073=EDGE_CURVE('',#3252,#3251,#1988,.T.);
#4074=EDGE_CURVE('',#3253,#3252,#1989,.T.);
#4075=EDGE_CURVE('',#3254,#3253,#1990,.T.);
#4076=EDGE_CURVE('',#3243,#3254,#1991,.T.);
#4077=EDGE_CURVE('',#3255,#3256,#1992,.T.);
#4078=EDGE_CURVE('',#3255,#3249,#1993,.T.);
#4079=EDGE_CURVE('',#3256,#3248,#1994,.T.);
#4080=EDGE_CURVE('',#3256,#3257,#1995,.T.);
#4081=EDGE_CURVE('',#3257,#3247,#1996,.T.);
#4082=EDGE_CURVE('',#3257,#3258,#1997,.T.);
#4083=EDGE_CURVE('',#3258,#3246,#1998,.T.);
#4084=EDGE_CURVE('',#3258,#3259,#1999,.T.);
#4085=EDGE_CURVE('',#3259,#3245,#2000,.T.);
#4086=EDGE_CURVE('',#3259,#3260,#2001,.T.);
#4087=EDGE_CURVE('',#3260,#3244,#2002,.T.);
#4088=EDGE_CURVE('',#3260,#3261,#2003,.T.);
#4089=EDGE_CURVE('',#3261,#3242,#2004,.T.);
#4090=EDGE_CURVE('',#3261,#3262,#2005,.T.);
#4091=EDGE_CURVE('',#3262,#3243,#2006,.T.);
#4092=EDGE_CURVE('',#3263,#3255,#2007,.T.);
#4093=EDGE_CURVE('',#3263,#3250,#2008,.T.);
#4094=EDGE_CURVE('',#3264,#3263,#2009,.T.);
#4095=EDGE_CURVE('',#3264,#3251,#2010,.T.);
#4096=EDGE_CURVE('',#3265,#3264,#2011,.T.);
#4097=EDGE_CURVE('',#3265,#3252,#2012,.T.);
#4098=EDGE_CURVE('',#3266,#3265,#2013,.T.);
#4099=EDGE_CURVE('',#3266,#3253,#2014,.T.);
#4100=EDGE_CURVE('',#3267,#3266,#2015,.T.);
#4101=EDGE_CURVE('',#3267,#3254,#2016,.T.);
#4102=EDGE_CURVE('',#3262,#3267,#2017,.T.);
#4103=EDGE_CURVE('',#3268,#3269,#1611,.T.);
#4104=EDGE_CURVE('',#3268,#3270,#2018,.T.);
#4105=EDGE_CURVE('',#3270,#3271,#1612,.T.);
#4106=EDGE_CURVE('',#3269,#3271,#2019,.T.);
#4107=EDGE_CURVE('',#3269,#3272,#1613,.T.);
#4108=EDGE_CURVE('',#3271,#3273,#1614,.T.);
#4109=EDGE_CURVE('',#3272,#3273,#2020,.T.);
#4110=EDGE_CURVE('',#3272,#3274,#1615,.T.);
#4111=EDGE_CURVE('',#3273,#3275,#1616,.T.);
#4112=EDGE_CURVE('',#3274,#3275,#2021,.T.);
#4113=EDGE_CURVE('',#3274,#3276,#2022,.T.);
#4114=EDGE_CURVE('',#3275,#3277,#2023,.T.);
#4115=EDGE_CURVE('',#3276,#3277,#2024,.T.);
#4116=EDGE_CURVE('',#3276,#3278,#2025,.T.);
#4117=EDGE_CURVE('',#3277,#3279,#2026,.T.);
#4118=EDGE_CURVE('',#3278,#3279,#2027,.T.);
#4119=EDGE_CURVE('',#3278,#3280,#1617,.T.);
#4120=EDGE_CURVE('',#3279,#3281,#1618,.T.);
#4121=EDGE_CURVE('',#3280,#3281,#2028,.T.);
#4122=EDGE_CURVE('',#3280,#3282,#1619,.T.);
#4123=EDGE_CURVE('',#3281,#3283,#1620,.T.);
#4124=EDGE_CURVE('',#3282,#3283,#2029,.T.);
#4125=EDGE_CURVE('',#3282,#3284,#1621,.T.);
#4126=EDGE_CURVE('',#3283,#3285,#1622,.T.);
#4127=EDGE_CURVE('',#3284,#3285,#2030,.T.);
#4128=EDGE_CURVE('',#3284,#3286,#1623,.T.);
#4129=EDGE_CURVE('',#3285,#3287,#1624,.T.);
#4130=EDGE_CURVE('',#3286,#3287,#2031,.T.);
#4131=EDGE_CURVE('',#3286,#3288,#1625,.T.);
#4132=EDGE_CURVE('',#3287,#3289,#1626,.T.);
#4133=EDGE_CURVE('',#3288,#3289,#2032,.T.);
#4134=EDGE_CURVE('',#3290,#3268,#1627,.T.);
#4135=EDGE_CURVE('',#3290,#3291,#2033,.T.);
#4136=EDGE_CURVE('',#3291,#3270,#1628,.T.);
#4137=EDGE_CURVE('',#3292,#3290,#1629,.T.);
#4138=EDGE_CURVE('',#3292,#3293,#2034,.T.);
#4139=EDGE_CURVE('',#3293,#3291,#1630,.T.);
#4140=EDGE_CURVE('',#3294,#3292,#398,.T.);
#4141=EDGE_CURVE('',#3294,#3295,#2035,.T.);
#4142=EDGE_CURVE('',#3295,#3293,#1631,.T.);
#4143=EDGE_CURVE('',#3296,#3294,#2036,.T.);
#4144=EDGE_CURVE('',#3296,#3297,#2037,.T.);
#4145=EDGE_CURVE('',#3297,#3295,#2038,.T.);
#4146=EDGE_CURVE('',#3298,#3296,#2039,.T.);
#4147=EDGE_CURVE('',#3298,#3299,#2040,.T.);
#4148=EDGE_CURVE('',#3299,#3297,#2041,.T.);
#4149=EDGE_CURVE('',#3300,#3298,#2042,.T.);
#4150=EDGE_CURVE('',#3300,#3301,#2043,.T.);
#4151=EDGE_CURVE('',#3301,#3299,#2044,.T.);
#4152=EDGE_CURVE('',#3302,#3300,#2045,.T.);
#4153=EDGE_CURVE('',#3302,#3303,#2046,.T.);
#4154=EDGE_CURVE('',#3303,#3301,#2047,.T.);
#4155=EDGE_CURVE('',#3304,#3302,#2048,.T.);
#4156=EDGE_CURVE('',#3304,#3305,#2049,.T.);
#4157=EDGE_CURVE('',#3305,#3303,#2050,.T.);
#4158=EDGE_CURVE('',#3306,#3304,#1632,.T.);
#4159=EDGE_CURVE('',#3306,#3307,#2051,.T.);
#4160=EDGE_CURVE('',#3307,#3305,#1633,.T.);
#4161=EDGE_CURVE('',#3288,#3306,#1634,.T.);
#4162=EDGE_CURVE('',#3289,#3307,#1635,.T.);
#4163=EDGE_CURVE('',#3308,#3309,#2052,.T.);
#4164=EDGE_CURVE('',#3310,#3308,#2053,.T.);
#4165=EDGE_CURVE('',#3311,#3310,#2054,.T.);
#4166=EDGE_CURVE('',#3312,#3311,#2055,.T.);
#4167=EDGE_CURVE('',#3313,#3312,#1636,.T.);
#4168=EDGE_CURVE('',#3314,#3313,#2056,.T.);
#4169=EDGE_CURVE('',#3315,#3314,#2057,.T.);
#4170=EDGE_CURVE('',#3316,#3315,#2058,.T.);
#4171=EDGE_CURVE('',#3317,#3316,#2059,.T.);
#4172=EDGE_CURVE('',#3318,#3317,#2060,.T.);
#4173=EDGE_CURVE('',#3309,#3318,#2061,.T.);
#4174=EDGE_CURVE('',#3319,#3320,#2062,.T.);
#4175=EDGE_CURVE('',#3319,#3314,#2063,.T.);
#4176=EDGE_CURVE('',#3320,#3313,#2064,.T.);
#4177=EDGE_CURVE('',#3320,#3321,#1637,.T.);
#4178=EDGE_CURVE('',#3321,#3312,#2065,.T.);
#4179=EDGE_CURVE('',#3321,#3322,#2066,.T.);
#4180=EDGE_CURVE('',#3322,#3311,#2067,.T.);
#4181=EDGE_CURVE('',#3322,#3323,#2068,.T.);
#4182=EDGE_CURVE('',#3323,#3310,#2069,.T.);
#4183=EDGE_CURVE('',#3323,#3324,#2070,.T.);
#4184=EDGE_CURVE('',#3324,#3308,#2071,.T.);
#4185=EDGE_CURVE('',#3324,#3325,#2072,.T.);
#4186=EDGE_CURVE('',#3325,#3309,#2073,.T.);
#4187=EDGE_CURVE('',#3326,#3319,#2074,.T.);
#4188=EDGE_CURVE('',#3326,#3315,#2075,.T.);
#4189=EDGE_CURVE('',#3327,#3326,#2076,.T.);
#4190=EDGE_CURVE('',#3327,#3316,#2077,.T.);
#4191=EDGE_CURVE('',#3328,#3327,#2078,.T.);
#4192=EDGE_CURVE('',#3328,#3317,#2079,.T.);
#4193=EDGE_CURVE('',#3329,#3328,#2080,.T.);
#4194=EDGE_CURVE('',#3329,#3318,#2081,.T.);
#4195=EDGE_CURVE('',#3325,#3329,#2082,.T.);
#4196=EDGE_CURVE('',#3330,#3331,#2083,.T.);
#4197=EDGE_CURVE('',#3330,#3332,#2084,.T.);
#4198=EDGE_CURVE('',#3332,#3333,#2085,.T.);
#4199=EDGE_CURVE('',#3331,#3333,#2086,.T.);
#4200=EDGE_CURVE('',#3331,#3334,#2087,.T.);
#4201=EDGE_CURVE('',#3333,#3335,#2088,.T.);
#4202=EDGE_CURVE('',#3334,#3335,#2089,.T.);
#4203=EDGE_CURVE('',#3336,#3330,#2090,.T.);
#4204=EDGE_CURVE('',#3336,#3337,#2091,.T.);
#4205=EDGE_CURVE('',#3337,#3332,#2092,.T.);
#4206=EDGE_CURVE('',#3334,#3336,#2093,.T.);
#4207=EDGE_CURVE('',#3335,#3337,#2094,.T.);
#4208=EDGE_CURVE('',#3338,#3339,#1638,.T.);
#4209=EDGE_CURVE('',#3340,#3338,#1639,.T.);
#4210=EDGE_CURVE('',#3341,#3340,#1640,.T.);
#4211=EDGE_CURVE('',#3342,#3341,#2095,.T.);
#4212=EDGE_CURVE('',#3343,#3342,#2096,.T.);
#4213=EDGE_CURVE('',#3344,#3343,#2097,.T.);
#4214=EDGE_CURVE('',#3345,#3344,#1641,.T.);
#4215=EDGE_CURVE('',#3346,#3345,#1642,.T.);
#4216=EDGE_CURVE('',#3347,#3346,#1643,.T.);
#4217=EDGE_CURVE('',#3348,#3347,#1644,.T.);
#4218=EDGE_CURVE('',#3349,#3348,#1645,.T.);
#4219=EDGE_CURVE('',#3350,#3349,#2098,.T.);
#4220=EDGE_CURVE('',#3351,#3350,#2099,.T.);
#4221=EDGE_CURVE('',#3352,#3351,#1646,.T.);
#4222=EDGE_CURVE('',#3353,#3352,#399,.T.);
#4223=EDGE_CURVE('',#3354,#3353,#1647,.T.);
#4224=EDGE_CURVE('',#3355,#3354,#1648,.T.);
#4225=EDGE_CURVE('',#3356,#3355,#1649,.T.);
#4226=EDGE_CURVE('',#3357,#3356,#2100,.T.);
#4227=EDGE_CURVE('',#3358,#3357,#1650,.T.);
#4228=EDGE_CURVE('',#3359,#3358,#1651,.T.);
#4229=EDGE_CURVE('',#3360,#3359,#1652,.T.);
#4230=EDGE_CURVE('',#3361,#3360,#1653,.T.);
#4231=EDGE_CURVE('',#3362,#3361,#2101,.T.);
#4232=EDGE_CURVE('',#3363,#3362,#2102,.T.);
#4233=EDGE_CURVE('',#3364,#3363,#1654,.T.);
#4234=EDGE_CURVE('',#3339,#3364,#1655,.T.);
#4235=EDGE_CURVE('',#3365,#3366,#1656,.T.);
#4236=EDGE_CURVE('',#3365,#3352,#2103,.T.);
#4237=EDGE_CURVE('',#3366,#3351,#2104,.T.);
#4238=EDGE_CURVE('',#3366,#3367,#2105,.T.);
#4239=EDGE_CURVE('',#3367,#3350,#2106,.T.);
#4240=EDGE_CURVE('',#3367,#3368,#2107,.T.);
#4241=EDGE_CURVE('',#3368,#3349,#2108,.T.);
#4242=EDGE_CURVE('',#3368,#3369,#1657,.T.);
#4243=EDGE_CURVE('',#3369,#3348,#2109,.T.);
#4244=EDGE_CURVE('',#3369,#3370,#1658,.T.);
#4245=EDGE_CURVE('',#3370,#3347,#2110,.T.);
#4246=EDGE_CURVE('',#3370,#3371,#1659,.T.);
#4247=EDGE_CURVE('',#3371,#3346,#2111,.T.);
#4248=EDGE_CURVE('',#3371,#3372,#1660,.T.);
#4249=EDGE_CURVE('',#3372,#3345,#2112,.T.);
#4250=EDGE_CURVE('',#3372,#3373,#1661,.T.);
#4251=EDGE_CURVE('',#3373,#3344,#2113,.T.);
#4252=EDGE_CURVE('',#3373,#3374,#2114,.T.);
#4253=EDGE_CURVE('',#3374,#3343,#2115,.T.);
#4254=EDGE_CURVE('',#3374,#3375,#2116,.T.);
#4255=EDGE_CURVE('',#3375,#3342,#2117,.T.);
#4256=EDGE_CURVE('',#3375,#3376,#2118,.T.);
#4257=EDGE_CURVE('',#3376,#3341,#2119,.T.);
#4258=EDGE_CURVE('',#3376,#3377,#1662,.T.);
#4259=EDGE_CURVE('',#3377,#3340,#2120,.T.);
#4260=EDGE_CURVE('',#3377,#3378,#1663,.T.);
#4261=EDGE_CURVE('',#3378,#3338,#2121,.T.);
#4262=EDGE_CURVE('',#3378,#3379,#1664,.T.);
#4263=EDGE_CURVE('',#3379,#3339,#2122,.T.);
#4264=EDGE_CURVE('',#3380,#3365,#400,.T.);
#4265=EDGE_CURVE('',#3380,#3353,#2123,.T.);
#4266=EDGE_CURVE('',#3381,#3380,#1665,.T.);
#4267=EDGE_CURVE('',#3381,#3354,#2124,.T.);
#4268=EDGE_CURVE('',#3382,#3381,#1666,.T.);
#4269=EDGE_CURVE('',#3382,#3355,#2125,.T.);
#4270=EDGE_CURVE('',#3383,#3382,#1667,.T.);
#4271=EDGE_CURVE('',#3383,#3356,#2126,.T.);
#4272=EDGE_CURVE('',#3384,#3383,#2127,.T.);
#4273=EDGE_CURVE('',#3384,#3357,#2128,.T.);
#4274=EDGE_CURVE('',#3385,#3384,#1668,.T.);
#4275=EDGE_CURVE('',#3385,#3358,#2129,.T.);
#4276=EDGE_CURVE('',#3386,#3385,#1669,.T.);
#4277=EDGE_CURVE('',#3386,#3359,#2130,.T.);
#4278=EDGE_CURVE('',#3387,#3386,#1670,.T.);
#4279=EDGE_CURVE('',#3387,#3360,#2131,.T.);
#4280=EDGE_CURVE('',#3388,#3387,#1671,.T.);
#4281=EDGE_CURVE('',#3388,#3361,#2132,.T.);
#4282=EDGE_CURVE('',#3389,#3388,#2133,.T.);
#4283=EDGE_CURVE('',#3389,#3362,#2134,.T.);
#4284=EDGE_CURVE('',#3390,#3389,#2135,.T.);
#4285=EDGE_CURVE('',#3390,#3363,#2136,.T.);
#4286=EDGE_CURVE('',#3391,#3390,#1672,.T.);
#4287=EDGE_CURVE('',#3391,#3364,#2137,.T.);
#4288=EDGE_CURVE('',#3379,#3391,#1673,.T.);
#4289=EDGE_CURVE('',#3392,#3393,#1674,.T.);
#4290=EDGE_CURVE('',#3392,#3394,#2138,.T.);
#4291=EDGE_CURVE('',#3394,#3395,#1675,.T.);
#4292=EDGE_CURVE('',#3393,#3395,#2139,.T.);
#4293=EDGE_CURVE('',#3393,#3396,#1676,.T.);
#4294=EDGE_CURVE('',#3395,#3397,#1677,.T.);
#4295=EDGE_CURVE('',#3396,#3397,#2140,.T.);
#4296=EDGE_CURVE('',#3396,#3398,#2141,.T.);
#4297=EDGE_CURVE('',#3397,#3399,#2142,.T.);
#4298=EDGE_CURVE('',#3398,#3399,#2143,.T.);
#4299=EDGE_CURVE('',#3400,#3401,#2144,.T.);
#4300=EDGE_CURVE('',#3400,#3402,#2145,.T.);
#4301=EDGE_CURVE('',#3402,#3403,#2146,.T.);
#4302=EDGE_CURVE('',#3401,#3403,#2147,.T.);
#4303=EDGE_CURVE('',#3404,#3400,#2148,.T.);
#4304=EDGE_CURVE('',#3404,#3405,#2149,.T.);
#4305=EDGE_CURVE('',#3405,#3402,#2150,.T.);
#4306=EDGE_CURVE('',#3406,#3404,#2151,.T.);
#4307=EDGE_CURVE('',#3406,#3407,#2152,.T.);
#4308=EDGE_CURVE('',#3407,#3405,#2153,.T.);
#4309=EDGE_CURVE('',#3408,#3392,#1678,.T.);
#4310=EDGE_CURVE('',#3408,#3409,#2154,.T.);
#4311=EDGE_CURVE('',#3409,#3394,#1679,.T.);
#4312=EDGE_CURVE('',#3410,#3408,#1680,.T.);
#4313=EDGE_CURVE('',#3410,#3411,#2155,.T.);
#4314=EDGE_CURVE('',#3411,#3409,#1681,.T.);
#4315=EDGE_CURVE('',#3412,#3410,#2156,.T.);
#4316=EDGE_CURVE('',#3412,#3413,#2157,.T.);
#4317=EDGE_CURVE('',#3413,#3411,#2158,.T.);
#4318=EDGE_CURVE('',#3398,#3412,#2159,.T.);
#4319=EDGE_CURVE('',#3399,#3413,#2160,.T.);
#4320=EDGE_CURVE('',#3414,#3406,#1682,.T.);
#4321=EDGE_CURVE('',#3414,#3415,#2161,.T.);
#4322=EDGE_CURVE('',#3415,#3407,#1683,.T.);
#4323=EDGE_CURVE('',#3416,#3414,#401,.T.);
#4324=EDGE_CURVE('',#3416,#3417,#2162,.T.);
#4325=EDGE_CURVE('',#3417,#3415,#402,.T.);
#4326=EDGE_CURVE('',#3418,#3416,#1684,.T.);
#4327=EDGE_CURVE('',#3418,#3419,#2163,.T.);
#4328=EDGE_CURVE('',#3419,#3417,#1685,.T.);
#4329=EDGE_CURVE('',#3401,#3418,#1686,.T.);
#4330=EDGE_CURVE('',#3403,#3419,#1687,.T.);
#4331=EDGE_CURVE('',#3420,#3421,#1688,.T.);
#4332=EDGE_CURVE('',#3422,#3420,#2164,.T.);
#4333=EDGE_CURVE('',#3423,#3422,#1689,.T.);
#4334=EDGE_CURVE('',#3424,#3423,#1690,.T.);
#4335=EDGE_CURVE('',#3425,#3424,#1691,.T.);
#4336=EDGE_CURVE('',#3426,#3425,#2165,.T.);
#4337=EDGE_CURVE('',#3427,#3426,#2166,.T.);
#4338=EDGE_CURVE('',#3428,#3427,#2167,.T.);
#4339=EDGE_CURVE('',#3429,#3428,#1692,.T.);
#4340=EDGE_CURVE('',#3421,#3429,#1693,.T.);
#4341=EDGE_CURVE('',#3430,#3431,#1694,.T.);
#4342=EDGE_CURVE('',#3432,#3430,#1695,.T.);
#4343=EDGE_CURVE('',#3433,#3432,#1696,.T.);
#4344=EDGE_CURVE('',#3434,#3433,#1697,.T.);
#4345=EDGE_CURVE('',#3435,#3434,#2168,.T.);
#4346=EDGE_CURVE('',#3436,#3435,#2169,.T.);
#4347=EDGE_CURVE('',#3431,#3436,#2170,.T.);
#4348=EDGE_CURVE('',#3437,#3438,#1698,.T.);
#4349=EDGE_CURVE('',#3439,#3437,#1699,.T.);
#4350=EDGE_CURVE('',#3440,#3439,#1700,.T.);
#4351=EDGE_CURVE('',#3441,#3440,#1701,.T.);
#4352=EDGE_CURVE('',#3442,#3441,#2171,.T.);
#4353=EDGE_CURVE('',#3443,#3442,#2172,.T.);
#4354=EDGE_CURVE('',#3438,#3443,#2173,.T.);
#4355=EDGE_CURVE('',#3444,#3445,#1702,.T.);
#4356=EDGE_CURVE('',#3444,#3441,#2174,.T.);
#4357=EDGE_CURVE('',#3445,#3440,#2175,.T.);
#4358=EDGE_CURVE('',#3445,#3446,#1703,.T.);
#4359=EDGE_CURVE('',#3446,#3439,#2176,.T.);
#4360=EDGE_CURVE('',#3446,#3447,#1704,.T.);
#4361=EDGE_CURVE('',#3447,#3437,#2177,.T.);
#4362=EDGE_CURVE('',#3447,#3448,#1705,.T.);
#4363=EDGE_CURVE('',#3448,#3438,#2178,.T.);
#4364=EDGE_CURVE('',#3449,#3450,#1706,.T.);
#4365=EDGE_CURVE('',#3449,#3434,#2179,.T.);
#4366=EDGE_CURVE('',#3450,#3433,#2180,.T.);
#4367=EDGE_CURVE('',#3450,#3451,#1707,.T.);
#4368=EDGE_CURVE('',#3451,#3432,#2181,.T.);
#4369=EDGE_CURVE('',#3451,#3452,#1708,.T.);
#4370=EDGE_CURVE('',#3452,#3430,#2182,.T.);
#4371=EDGE_CURVE('',#3452,#3453,#1709,.T.);
#4372=EDGE_CURVE('',#3453,#3431,#2183,.T.);
#4373=EDGE_CURVE('',#3454,#3455,#1710,.T.);
#4374=EDGE_CURVE('',#3454,#3425,#2184,.T.);
#4375=EDGE_CURVE('',#3455,#3424,#2185,.T.);
#4376=EDGE_CURVE('',#3455,#3456,#1711,.T.);
#4377=EDGE_CURVE('',#3456,#3423,#2186,.T.);
#4378=EDGE_CURVE('',#3456,#3457,#1712,.T.);
#4379=EDGE_CURVE('',#3457,#3422,#2187,.T.);
#4380=EDGE_CURVE('',#3457,#3458,#2188,.T.);
#4381=EDGE_CURVE('',#3458,#3420,#2189,.T.);
#4382=EDGE_CURVE('',#3458,#3459,#1713,.T.);
#4383=EDGE_CURVE('',#3459,#3421,#2190,.T.);
#4384=EDGE_CURVE('',#3448,#3460,#2191,.T.);
#4385=EDGE_CURVE('',#3460,#3443,#2192,.T.);
#4386=EDGE_CURVE('',#3460,#3461,#2193,.T.);
#4387=EDGE_CURVE('',#3461,#3442,#2194,.T.);
#4388=EDGE_CURVE('',#3461,#3444,#2195,.T.);
#4389=EDGE_CURVE('',#3453,#3462,#2196,.T.);
#4390=EDGE_CURVE('',#3462,#3436,#2197,.T.);
#4391=EDGE_CURVE('',#3462,#3463,#2198,.T.);
#4392=EDGE_CURVE('',#3463,#3435,#2199,.T.);
#4393=EDGE_CURVE('',#3463,#3449,#2200,.T.);
#4394=EDGE_CURVE('',#3464,#3454,#2201,.T.);
#4395=EDGE_CURVE('',#3464,#3426,#2202,.T.);
#4396=EDGE_CURVE('',#3465,#3464,#2203,.T.);
#4397=EDGE_CURVE('',#3465,#3427,#2204,.T.);
#4398=EDGE_CURVE('',#3466,#3465,#2205,.T.);
#4399=EDGE_CURVE('',#3466,#3428,#2206,.T.);
#4400=EDGE_CURVE('',#3467,#3466,#1714,.T.);
#4401=EDGE_CURVE('',#3467,#3429,#2207,.T.);
#4402=EDGE_CURVE('',#3459,#3467,#1715,.T.);
#4403=EDGE_CURVE('',#3468,#3469,#2208,.T.);
#4404=EDGE_CURVE('',#3468,#3470,#2209,.T.);
#4405=EDGE_CURVE('',#3470,#3471,#2210,.T.);
#4406=EDGE_CURVE('',#3469,#3471,#2211,.T.);
#4407=EDGE_CURVE('',#3469,#3472,#2212,.T.);
#4408=EDGE_CURVE('',#3471,#3473,#2213,.T.);
#4409=EDGE_CURVE('',#3472,#3473,#2214,.T.);
#4410=EDGE_CURVE('',#3474,#3468,#2215,.T.);
#4411=EDGE_CURVE('',#3474,#3475,#2216,.T.);
#4412=EDGE_CURVE('',#3475,#3470,#2217,.T.);
#4413=EDGE_CURVE('',#3472,#3474,#2218,.T.);
#4414=EDGE_CURVE('',#3473,#3475,#2219,.T.);
#4415=EDGE_CURVE('',#3476,#3477,#2220,.T.);
#4416=EDGE_CURVE('',#3478,#3476,#2221,.T.);
#4417=EDGE_CURVE('',#3479,#3478,#2222,.T.);
#4418=EDGE_CURVE('',#3477,#3479,#2223,.T.);
#4419=EDGE_CURVE('',#3480,#3480,#251,.T.);
#4420=EDGE_CURVE('',#3481,#3481,#252,.T.);
#4421=EDGE_CURVE('',#3482,#3482,#253,.T.);
#4422=EDGE_CURVE('',#3483,#3484,#254,.F.);
#4423=EDGE_CURVE('',#3485,#3483,#255,.F.);
#4424=EDGE_CURVE('',#3484,#3485,#256,.F.);
#4425=EDGE_CURVE('',#3486,#3487,#257,.F.);
#4426=EDGE_CURVE('',#3488,#3486,#258,.F.);
#4427=EDGE_CURVE('',#3487,#3488,#259,.F.);
#4428=EDGE_CURVE('',#3489,#3490,#260,.F.);
#4429=EDGE_CURVE('',#3491,#3489,#261,.F.);
#4430=EDGE_CURVE('',#3490,#3491,#262,.F.);
#4431=EDGE_CURVE('',#3492,#3493,#263,.F.);
#4432=EDGE_CURVE('',#3494,#3492,#264,.T.);
#4433=EDGE_CURVE('',#3495,#3494,#265,.F.);
#4434=EDGE_CURVE('',#3493,#3495,#266,.T.);
#4435=EDGE_CURVE('',#3496,#3497,#267,.F.);
#4436=EDGE_CURVE('',#3498,#3496,#268,.F.);
#4437=EDGE_CURVE('',#3497,#3498,#269,.F.);
#4438=EDGE_CURVE('',#3499,#3500,#270,.F.);
#4439=EDGE_CURVE('',#3501,#3499,#271,.T.);
#4440=EDGE_CURVE('',#3502,#3501,#272,.F.);
#4441=EDGE_CURVE('',#3500,#3502,#273,.T.);
#4442=EDGE_CURVE('',#3503,#3504,#274,.F.);
#4443=EDGE_CURVE('',#3505,#3503,#275,.T.);
#4444=EDGE_CURVE('',#3506,#3505,#276,.F.);
#4445=EDGE_CURVE('',#3504,#3506,#277,.T.);
#4446=EDGE_CURVE('',#3507,#3508,#278,.F.);
#4447=EDGE_CURVE('',#3509,#3507,#279,.T.);
#4448=EDGE_CURVE('',#3510,#3509,#280,.F.);
#4449=EDGE_CURVE('',#3508,#3510,#281,.T.);
#4450=EDGE_CURVE('',#3511,#3512,#282,.F.);
#4451=EDGE_CURVE('',#3513,#3511,#283,.T.);
#4452=EDGE_CURVE('',#3514,#3513,#284,.F.);
#4453=EDGE_CURVE('',#3512,#3514,#285,.T.);
#4454=EDGE_CURVE('',#3515,#3516,#286,.F.);
#4455=EDGE_CURVE('',#3517,#3515,#287,.T.);
#4456=EDGE_CURVE('',#3518,#3517,#288,.F.);
#4457=EDGE_CURVE('',#3516,#3518,#289,.T.);
#4458=EDGE_CURVE('',#3519,#3520,#290,.F.);
#4459=EDGE_CURVE('',#3521,#3519,#291,.T.);
#4460=EDGE_CURVE('',#3522,#3521,#292,.F.);
#4461=EDGE_CURVE('',#3520,#3522,#293,.T.);
#4462=EDGE_CURVE('',#3477,#3523,#294,.F.);
#4463=EDGE_CURVE('',#3524,#3477,#295,.F.);
#4464=EDGE_CURVE('',#3523,#3524,#296,.F.);
#4465=EDGE_CURVE('',#3479,#3525,#297,.F.);
#4466=EDGE_CURVE('',#3526,#3479,#298,.F.);
#4467=EDGE_CURVE('',#3525,#3526,#299,.F.);
#4468=EDGE_CURVE('',#3527,#3528,#300,.F.);
#4469=EDGE_CURVE('',#3529,#3527,#301,.T.);
#4470=EDGE_CURVE('',#3530,#3529,#302,.F.);
#4471=EDGE_CURVE('',#3528,#3530,#303,.T.);
#4472=EDGE_CURVE('',#3527,#3519,#2224,.T.);
#4473=EDGE_CURVE('',#3520,#3529,#2225,.T.);
#4474=EDGE_CURVE('',#3529,#3513,#2226,.T.);
#4475=EDGE_CURVE('',#3511,#3530,#2227,.T.);
#4476=EDGE_CURVE('',#3517,#3528,#2228,.T.);
#4477=EDGE_CURVE('',#3530,#3518,#2229,.T.);
#4478=EDGE_CURVE('',#3476,#3531,#304,.F.);
#4479=EDGE_CURVE('',#3532,#3476,#305,.F.);
#4480=EDGE_CURVE('',#3531,#3532,#306,.F.);
#4481=EDGE_CURVE('',#3523,#3532,#2230,.T.);
#4482=EDGE_CURVE('',#3519,#3531,#2231,.T.);
#4483=EDGE_CURVE('',#3532,#3521,#2232,.T.);
#4484=EDGE_CURVE('',#3478,#3533,#307,.F.);
#4485=EDGE_CURVE('',#3534,#3478,#308,.F.);
#4486=EDGE_CURVE('',#3533,#3534,#309,.F.);
#4487=EDGE_CURVE('',#3531,#3534,#2233,.T.);
#4488=EDGE_CURVE('',#3528,#3533,#2234,.T.);
#4489=EDGE_CURVE('',#3534,#3527,#2235,.T.);
#4490=EDGE_CURVE('',#3533,#3526,#2236,.T.);
#4491=EDGE_CURVE('',#3515,#3525,#2237,.T.);
#4492=EDGE_CURVE('',#3526,#3517,#2238,.T.);
#4493=EDGE_CURVE('',#3525,#3524,#2239,.T.);
#4494=EDGE_CURVE('',#3524,#3510,#2240,.T.);
#4495=EDGE_CURVE('',#3509,#3523,#2241,.T.);
#4496=EDGE_CURVE('',#3521,#3509,#2242,.T.);
#4497=EDGE_CURVE('',#3507,#3522,#2243,.T.);
#4498=EDGE_CURVE('',#3522,#3505,#2244,.T.);
#4499=EDGE_CURVE('',#3503,#3520,#2245,.T.);
#4500=EDGE_CURVE('',#3518,#3501,#2246,.T.);
#4501=EDGE_CURVE('',#3499,#3516,#2247,.T.);
#4502=EDGE_CURVE('',#3510,#3515,#2248,.T.);
#4503=EDGE_CURVE('',#3516,#3508,#2249,.T.);
#4504=EDGE_CURVE('',#3504,#3514,#2250,.T.);
#4505=EDGE_CURVE('',#3513,#3503,#2251,.T.);
#4506=EDGE_CURVE('',#3496,#3512,#2252,.T.);
#4507=EDGE_CURVE('',#3514,#3498,#2253,.T.);
#4508=EDGE_CURVE('',#3512,#3502,#2254,.T.);
#4509=EDGE_CURVE('',#3501,#3511,#2255,.T.);
#4510=EDGE_CURVE('',#3508,#3494,#2256,.T.);
#4511=EDGE_CURVE('',#3492,#3507,#2257,.T.);
#4512=EDGE_CURVE('',#3493,#3506,#2258,.T.);
#4513=EDGE_CURVE('',#3505,#3492,#2259,.T.);
#4514=EDGE_CURVE('',#3489,#3504,#2260,.T.);
#4515=EDGE_CURVE('',#3506,#3491,#2261,.T.);
#4516=EDGE_CURVE('',#3486,#3500,#2262,.T.);
#4517=EDGE_CURVE('',#3502,#3488,#2263,.T.);
#4518=EDGE_CURVE('',#3500,#3495,#2264,.T.);
#4519=EDGE_CURVE('',#3494,#3499,#2265,.T.);
#4520=EDGE_CURVE('',#3498,#3489,#2266,.T.);
#4521=EDGE_CURVE('',#3490,#3497,#2267,.T.);
#4522=EDGE_CURVE('',#3488,#3496,#2268,.T.);
#4523=EDGE_CURVE('',#3497,#3487,#2269,.T.);
#4524=EDGE_CURVE('',#3495,#3484,#2270,.T.);
#4525=EDGE_CURVE('',#3485,#3493,#2271,.T.);
#4526=EDGE_CURVE('',#3491,#3485,#2272,.T.);
#4527=EDGE_CURVE('',#3483,#3490,#2273,.T.);
#4528=EDGE_CURVE('',#3484,#3486,#2274,.T.);
#4529=EDGE_CURVE('',#3487,#3483,#2275,.T.);
#4530=EDGE_CURVE('',#3535,#3536,#310,.F.);
#4531=EDGE_CURVE('',#3537,#3535,#311,.F.);
#4532=EDGE_CURVE('',#3536,#3537,#312,.F.);
#4533=EDGE_CURVE('',#3538,#3539,#313,.F.);
#4534=EDGE_CURVE('',#3540,#3538,#314,.F.);
#4535=EDGE_CURVE('',#3539,#3540,#315,.F.);
#4536=EDGE_CURVE('',#3538,#3537,#2276,.T.);
#4537=EDGE_CURVE('',#3535,#3540,#2277,.T.);
#4538=EDGE_CURVE('',#3541,#3542,#316,.T.);
#4539=EDGE_CURVE('',#3542,#3539,#2278,.T.);
#4540=EDGE_CURVE('',#3540,#3541,#2279,.T.);
#4541=EDGE_CURVE('',#3543,#3544,#317,.T.);
#4542=EDGE_CURVE('',#3544,#3542,#318,.T.);
#4543=EDGE_CURVE('',#3541,#3543,#319,.T.);
#4544=EDGE_CURVE('',#3545,#3546,#320,.T.);
#4545=EDGE_CURVE('',#3546,#3544,#2280,.T.);
#4546=EDGE_CURVE('',#3543,#3545,#2281,.T.);
#4547=EDGE_CURVE('',#3547,#3548,#321,.T.);
#4548=EDGE_CURVE('',#3548,#3546,#322,.T.);
#4549=EDGE_CURVE('',#3545,#3547,#323,.T.);
#4550=EDGE_CURVE('',#3549,#3550,#324,.T.);
#4551=EDGE_CURVE('',#3550,#3548,#2282,.T.);
#4552=EDGE_CURVE('',#3547,#3549,#2283,.T.);
#4553=EDGE_CURVE('',#3551,#3552,#325,.F.);
#4554=EDGE_CURVE('',#3553,#3551,#326,.F.);
#4555=EDGE_CURVE('',#3552,#3553,#327,.F.);
#4556=EDGE_CURVE('',#3554,#3555,#328,.F.);
#4557=EDGE_CURVE('',#3556,#3554,#329,.F.);
#4558=EDGE_CURVE('',#3555,#3556,#330,.F.);
#4559=EDGE_CURVE('',#3554,#3538,#2284,.T.);
#4560=EDGE_CURVE('',#3539,#3556,#2285,.T.);
#4561=EDGE_CURVE('',#3557,#3558,#331,.T.);
#4562=EDGE_CURVE('',#3558,#3555,#2286,.T.);
#4563=EDGE_CURVE('',#3556,#3557,#2287,.T.);
#4564=EDGE_CURVE('',#3559,#3560,#332,.T.);
#4565=EDGE_CURVE('',#3560,#3558,#333,.T.);
#4566=EDGE_CURVE('',#3557,#3559,#334,.T.);
#4567=EDGE_CURVE('',#3561,#3562,#335,.T.);
#4568=EDGE_CURVE('',#3562,#3560,#2288,.T.);
#4569=EDGE_CURVE('',#3559,#3561,#2289,.T.);
#4570=EDGE_CURVE('',#3563,#3564,#336,.T.);
#4571=EDGE_CURVE('',#3564,#3562,#337,.T.);
#4572=EDGE_CURVE('',#3561,#3563,#338,.T.);
#4573=EDGE_CURVE('',#3565,#3566,#339,.T.);
#4574=EDGE_CURVE('',#3566,#3564,#2290,.T.);
#4575=EDGE_CURVE('',#3563,#3565,#2291,.T.);
#4576=EDGE_CURVE('',#3551,#3554,#2292,.T.);
#4577=EDGE_CURVE('',#3555,#3553,#2293,.T.);
#4578=EDGE_CURVE('',#3567,#3568,#340,.T.);
#4579=EDGE_CURVE('',#3568,#3552,#2294,.T.);
#4580=EDGE_CURVE('',#3553,#3567,#2295,.T.);
#4581=EDGE_CURVE('',#3569,#3570,#341,.T.);
#4582=EDGE_CURVE('',#3570,#3568,#342,.T.);
#4583=EDGE_CURVE('',#3567,#3569,#343,.T.);
#4584=EDGE_CURVE('',#3571,#3572,#344,.T.);
#4585=EDGE_CURVE('',#3572,#3570,#2296,.T.);
#4586=EDGE_CURVE('',#3569,#3571,#2297,.T.);
#4587=EDGE_CURVE('',#3573,#3574,#345,.T.);
#4588=EDGE_CURVE('',#3574,#3572,#346,.T.);
#4589=EDGE_CURVE('',#3571,#3573,#347,.T.);
#4590=EDGE_CURVE('',#3575,#3576,#348,.T.);
#4591=EDGE_CURVE('',#3576,#3574,#2298,.T.);
#4592=EDGE_CURVE('',#3573,#3575,#2299,.T.);
#4593=EDGE_CURVE('',#3537,#3551,#2300,.T.);
#4594=EDGE_CURVE('',#3552,#3536,#2301,.T.);
#4595=EDGE_CURVE('',#3577,#3578,#349,.T.);
#4596=EDGE_CURVE('',#3578,#3535,#2302,.T.);
#4597=EDGE_CURVE('',#3536,#3577,#2303,.T.);
#4598=EDGE_CURVE('',#3579,#3580,#350,.T.);
#4599=EDGE_CURVE('',#3580,#3578,#351,.T.);
#4600=EDGE_CURVE('',#3577,#3579,#352,.T.);
#4601=EDGE_CURVE('',#3581,#3582,#353,.T.);
#4602=EDGE_CURVE('',#3582,#3580,#2304,.T.);
#4603=EDGE_CURVE('',#3579,#3581,#2305,.T.);
#4604=EDGE_CURVE('',#3583,#3584,#354,.T.);
#4605=EDGE_CURVE('',#3584,#3582,#355,.T.);
#4606=EDGE_CURVE('',#3581,#3583,#356,.T.);
#4607=EDGE_CURVE('',#3585,#3586,#357,.T.);
#4608=EDGE_CURVE('',#3586,#3584,#2306,.T.);
#4609=EDGE_CURVE('',#3583,#3585,#2307,.T.);
#4610=EDGE_CURVE('',#3541,#3578,#2308,.T.);
#4611=EDGE_CURVE('',#3543,#3580,#2309,.T.);
#4612=EDGE_CURVE('',#3545,#3582,#2310,.T.);
#4613=EDGE_CURVE('',#3547,#3584,#2311,.T.);
#4614=EDGE_CURVE('',#3549,#3586,#2312,.T.);
#4615=EDGE_CURVE('',#3585,#3576,#2313,.T.);
#4616=EDGE_CURVE('',#3575,#3566,#2314,.T.);
#4617=EDGE_CURVE('',#3565,#3550,#2315,.T.);
#4618=EDGE_CURVE('',#3573,#3564,#2316,.T.);
#4619=EDGE_CURVE('',#3571,#3562,#2317,.T.);
#4620=EDGE_CURVE('',#3569,#3560,#2318,.T.);
#4621=EDGE_CURVE('',#3567,#3558,#2319,.T.);
#4622=ORIENTED_EDGE('',*,*,#3587,.F.);
#4623=ORIENTED_EDGE('',*,*,#3588,.F.);
#4624=ORIENTED_EDGE('',*,*,#3589,.F.);
#4625=ORIENTED_EDGE('',*,*,#3590,.F.);
#4626=ORIENTED_EDGE('',*,*,#3591,.F.);
#4627=ORIENTED_EDGE('',*,*,#3592,.F.);
#4628=ORIENTED_EDGE('',*,*,#3593,.F.);
#4629=ORIENTED_EDGE('',*,*,#3594,.F.);
#4630=ORIENTED_EDGE('',*,*,#3595,.F.);
#4631=ORIENTED_EDGE('',*,*,#3596,.F.);
#4632=ORIENTED_EDGE('',*,*,#3597,.F.);
#4633=ORIENTED_EDGE('',*,*,#3598,.F.);
#4634=ORIENTED_EDGE('',*,*,#3599,.T.);
#4635=ORIENTED_EDGE('',*,*,#3592,.T.);
#4636=ORIENTED_EDGE('',*,*,#3600,.F.);
#4637=ORIENTED_EDGE('',*,*,#3601,.F.);
#4638=ORIENTED_EDGE('',*,*,#3600,.T.);
#4639=ORIENTED_EDGE('',*,*,#3591,.T.);
#4640=ORIENTED_EDGE('',*,*,#3602,.F.);
#4641=ORIENTED_EDGE('',*,*,#3603,.F.);
#4642=ORIENTED_EDGE('',*,*,#3602,.T.);
#4643=ORIENTED_EDGE('',*,*,#3590,.T.);
#4644=ORIENTED_EDGE('',*,*,#3604,.F.);
#4645=ORIENTED_EDGE('',*,*,#3605,.F.);
#4646=ORIENTED_EDGE('',*,*,#3604,.T.);
#4647=ORIENTED_EDGE('',*,*,#3589,.T.);
#4648=ORIENTED_EDGE('',*,*,#3606,.F.);
#4649=ORIENTED_EDGE('',*,*,#3607,.F.);
#4650=ORIENTED_EDGE('',*,*,#3606,.T.);
#4651=ORIENTED_EDGE('',*,*,#3588,.T.);
#4652=ORIENTED_EDGE('',*,*,#3608,.F.);
#4653=ORIENTED_EDGE('',*,*,#3609,.F.);
#4654=ORIENTED_EDGE('',*,*,#3608,.T.);
#4655=ORIENTED_EDGE('',*,*,#3587,.T.);
#4656=ORIENTED_EDGE('',*,*,#3610,.F.);
#4657=ORIENTED_EDGE('',*,*,#3611,.F.);
#4658=ORIENTED_EDGE('',*,*,#3612,.T.);
#4659=ORIENTED_EDGE('',*,*,#3593,.T.);
#4660=ORIENTED_EDGE('',*,*,#3599,.F.);
#4661=ORIENTED_EDGE('',*,*,#3613,.F.);
#4662=ORIENTED_EDGE('',*,*,#3614,.T.);
#4663=ORIENTED_EDGE('',*,*,#3594,.T.);
#4664=ORIENTED_EDGE('',*,*,#3612,.F.);
#4665=ORIENTED_EDGE('',*,*,#3615,.F.);
#4666=ORIENTED_EDGE('',*,*,#3616,.T.);
#4667=ORIENTED_EDGE('',*,*,#3595,.T.);
#4668=ORIENTED_EDGE('',*,*,#3614,.F.);
#4669=ORIENTED_EDGE('',*,*,#3617,.F.);
#4670=ORIENTED_EDGE('',*,*,#3618,.T.);
#4671=ORIENTED_EDGE('',*,*,#3596,.T.);
#4672=ORIENTED_EDGE('',*,*,#3616,.F.);
#4673=ORIENTED_EDGE('',*,*,#3619,.F.);
#4674=ORIENTED_EDGE('',*,*,#3610,.T.);
#4675=ORIENTED_EDGE('',*,*,#3597,.T.);
#4676=ORIENTED_EDGE('',*,*,#3618,.F.);
#4677=ORIENTED_EDGE('',*,*,#3620,.F.);
#4678=ORIENTED_EDGE('',*,*,#3621,.F.);
#4679=ORIENTED_EDGE('',*,*,#3622,.F.);
#4680=ORIENTED_EDGE('',*,*,#3623,.F.);
#4681=ORIENTED_EDGE('',*,*,#3624,.F.);
#4682=ORIENTED_EDGE('',*,*,#3625,.F.);
#4683=ORIENTED_EDGE('',*,*,#3626,.F.);
#4684=ORIENTED_EDGE('',*,*,#3627,.F.);
#4685=ORIENTED_EDGE('',*,*,#3628,.F.);
#4686=ORIENTED_EDGE('',*,*,#3629,.F.);
#4687=ORIENTED_EDGE('',*,*,#3630,.F.);
#4688=ORIENTED_EDGE('',*,*,#3631,.F.);
#4689=ORIENTED_EDGE('',*,*,#3632,.F.);
#4690=ORIENTED_EDGE('',*,*,#3633,.F.);
#4691=ORIENTED_EDGE('',*,*,#3634,.F.);
#4692=ORIENTED_EDGE('',*,*,#3635,.T.);
#4693=ORIENTED_EDGE('',*,*,#3630,.T.);
#4694=ORIENTED_EDGE('',*,*,#3636,.F.);
#4695=ORIENTED_EDGE('',*,*,#3637,.F.);
#4696=ORIENTED_EDGE('',*,*,#3636,.T.);
#4697=ORIENTED_EDGE('',*,*,#3629,.T.);
#4698=ORIENTED_EDGE('',*,*,#3638,.F.);
#4699=ORIENTED_EDGE('',*,*,#3639,.F.);
#4700=ORIENTED_EDGE('',*,*,#3638,.T.);
#4701=ORIENTED_EDGE('',*,*,#3628,.T.);
#4702=ORIENTED_EDGE('',*,*,#3640,.F.);
#4703=ORIENTED_EDGE('',*,*,#3641,.F.);
#4704=ORIENTED_EDGE('',*,*,#3642,.T.);
#4705=ORIENTED_EDGE('',*,*,#3623,.T.);
#4706=ORIENTED_EDGE('',*,*,#3643,.F.);
#4707=ORIENTED_EDGE('',*,*,#3644,.F.);
#4708=ORIENTED_EDGE('',*,*,#3643,.T.);
#4709=ORIENTED_EDGE('',*,*,#3622,.T.);
#4710=ORIENTED_EDGE('',*,*,#3645,.F.);
#4711=ORIENTED_EDGE('',*,*,#3646,.F.);
#4712=ORIENTED_EDGE('',*,*,#3645,.T.);
#4713=ORIENTED_EDGE('',*,*,#3621,.T.);
#4714=ORIENTED_EDGE('',*,*,#3647,.F.);
#4715=ORIENTED_EDGE('',*,*,#3648,.F.);
#4716=ORIENTED_EDGE('',*,*,#3647,.T.);
#4717=ORIENTED_EDGE('',*,*,#3620,.T.);
#4718=ORIENTED_EDGE('',*,*,#3649,.F.);
#4719=ORIENTED_EDGE('',*,*,#3650,.F.);
#4720=ORIENTED_EDGE('',*,*,#3640,.T.);
#4721=ORIENTED_EDGE('',*,*,#3633,.T.);
#4722=ORIENTED_EDGE('',*,*,#3651,.F.);
#4723=ORIENTED_EDGE('',*,*,#3652,.F.);
#4724=ORIENTED_EDGE('',*,*,#3651,.T.);
#4725=ORIENTED_EDGE('',*,*,#3632,.T.);
#4726=ORIENTED_EDGE('',*,*,#3653,.F.);
#4727=ORIENTED_EDGE('',*,*,#3654,.F.);
#4728=ORIENTED_EDGE('',*,*,#3653,.T.);
#4729=ORIENTED_EDGE('',*,*,#3631,.T.);
#4730=ORIENTED_EDGE('',*,*,#3635,.F.);
#4731=ORIENTED_EDGE('',*,*,#3655,.F.);
#4732=ORIENTED_EDGE('',*,*,#3656,.T.);
#4733=ORIENTED_EDGE('',*,*,#3624,.T.);
#4734=ORIENTED_EDGE('',*,*,#3642,.F.);
#4735=ORIENTED_EDGE('',*,*,#3657,.F.);
#4736=ORIENTED_EDGE('',*,*,#3658,.T.);
#4737=ORIENTED_EDGE('',*,*,#3625,.T.);
#4738=ORIENTED_EDGE('',*,*,#3656,.F.);
#4739=ORIENTED_EDGE('',*,*,#3659,.F.);
#4740=ORIENTED_EDGE('',*,*,#3660,.T.);
#4741=ORIENTED_EDGE('',*,*,#3626,.T.);
#4742=ORIENTED_EDGE('',*,*,#3658,.F.);
#4743=ORIENTED_EDGE('',*,*,#3661,.F.);
#4744=ORIENTED_EDGE('',*,*,#3649,.T.);
#4745=ORIENTED_EDGE('',*,*,#3627,.T.);
#4746=ORIENTED_EDGE('',*,*,#3660,.F.);
#4747=ORIENTED_EDGE('',*,*,#3662,.F.);
#4748=ORIENTED_EDGE('',*,*,#3663,.T.);
#4749=ORIENTED_EDGE('',*,*,#3664,.T.);
#4750=ORIENTED_EDGE('',*,*,#3665,.F.);
#4751=ORIENTED_EDGE('',*,*,#3666,.F.);
#4752=ORIENTED_EDGE('',*,*,#3665,.T.);
#4753=ORIENTED_EDGE('',*,*,#3667,.T.);
#4754=ORIENTED_EDGE('',*,*,#3668,.F.);
#4755=ORIENTED_EDGE('',*,*,#3669,.F.);
#4756=ORIENTED_EDGE('',*,*,#3668,.T.);
#4757=ORIENTED_EDGE('',*,*,#3670,.T.);
#4758=ORIENTED_EDGE('',*,*,#3671,.F.);
#4759=ORIENTED_EDGE('',*,*,#3672,.F.);
#4760=ORIENTED_EDGE('',*,*,#3671,.T.);
#4761=ORIENTED_EDGE('',*,*,#3673,.T.);
#4762=ORIENTED_EDGE('',*,*,#3674,.F.);
#4763=ORIENTED_EDGE('',*,*,#3675,.F.);
#4764=ORIENTED_EDGE('',*,*,#3676,.T.);
#4765=ORIENTED_EDGE('',*,*,#3677,.T.);
#4766=ORIENTED_EDGE('',*,*,#3678,.F.);
#4767=ORIENTED_EDGE('',*,*,#3679,.F.);
#4768=ORIENTED_EDGE('',*,*,#3680,.T.);
#4769=ORIENTED_EDGE('',*,*,#3681,.T.);
#4770=ORIENTED_EDGE('',*,*,#3676,.F.);
#4771=ORIENTED_EDGE('',*,*,#3682,.F.);
#4772=ORIENTED_EDGE('',*,*,#3683,.T.);
#4773=ORIENTED_EDGE('',*,*,#3684,.T.);
#4774=ORIENTED_EDGE('',*,*,#3680,.F.);
#4775=ORIENTED_EDGE('',*,*,#3685,.F.);
#4776=ORIENTED_EDGE('',*,*,#3686,.T.);
#4777=ORIENTED_EDGE('',*,*,#3687,.T.);
#4778=ORIENTED_EDGE('',*,*,#3663,.F.);
#4779=ORIENTED_EDGE('',*,*,#3688,.F.);
#4780=ORIENTED_EDGE('',*,*,#3689,.T.);
#4781=ORIENTED_EDGE('',*,*,#3690,.T.);
#4782=ORIENTED_EDGE('',*,*,#3686,.F.);
#4783=ORIENTED_EDGE('',*,*,#3691,.F.);
#4784=ORIENTED_EDGE('',*,*,#3692,.T.);
#4785=ORIENTED_EDGE('',*,*,#3693,.T.);
#4786=ORIENTED_EDGE('',*,*,#3689,.F.);
#4787=ORIENTED_EDGE('',*,*,#3694,.F.);
#4788=ORIENTED_EDGE('',*,*,#3695,.T.);
#4789=ORIENTED_EDGE('',*,*,#3696,.T.);
#4790=ORIENTED_EDGE('',*,*,#3692,.F.);
#4791=ORIENTED_EDGE('',*,*,#3697,.F.);
#4792=ORIENTED_EDGE('',*,*,#3674,.T.);
#4793=ORIENTED_EDGE('',*,*,#3698,.T.);
#4794=ORIENTED_EDGE('',*,*,#3695,.F.);
#4795=ORIENTED_EDGE('',*,*,#3699,.F.);
#4796=ORIENTED_EDGE('',*,*,#3700,.T.);
#4797=ORIENTED_EDGE('',*,*,#3701,.T.);
#4798=ORIENTED_EDGE('',*,*,#3683,.F.);
#4799=ORIENTED_EDGE('',*,*,#3702,.F.);
#4800=ORIENTED_EDGE('',*,*,#3703,.T.);
#4801=ORIENTED_EDGE('',*,*,#3704,.T.);
#4802=ORIENTED_EDGE('',*,*,#3700,.F.);
#4803=ORIENTED_EDGE('',*,*,#3705,.F.);
#4804=ORIENTED_EDGE('',*,*,#3706,.T.);
#4805=ORIENTED_EDGE('',*,*,#3707,.T.);
#4806=ORIENTED_EDGE('',*,*,#3703,.F.);
#4807=ORIENTED_EDGE('',*,*,#3708,.F.);
#4808=ORIENTED_EDGE('',*,*,#3678,.T.);
#4809=ORIENTED_EDGE('',*,*,#3709,.T.);
#4810=ORIENTED_EDGE('',*,*,#3706,.F.);
#4811=ORIENTED_EDGE('',*,*,#3687,.F.);
#4812=ORIENTED_EDGE('',*,*,#3690,.F.);
#4813=ORIENTED_EDGE('',*,*,#3693,.F.);
#4814=ORIENTED_EDGE('',*,*,#3696,.F.);
#4815=ORIENTED_EDGE('',*,*,#3698,.F.);
#4816=ORIENTED_EDGE('',*,*,#3673,.F.);
#4817=ORIENTED_EDGE('',*,*,#3670,.F.);
#4818=ORIENTED_EDGE('',*,*,#3667,.F.);
#4819=ORIENTED_EDGE('',*,*,#3664,.F.);
#4820=ORIENTED_EDGE('',*,*,#3701,.F.);
#4821=ORIENTED_EDGE('',*,*,#3704,.F.);
#4822=ORIENTED_EDGE('',*,*,#3707,.F.);
#4823=ORIENTED_EDGE('',*,*,#3709,.F.);
#4824=ORIENTED_EDGE('',*,*,#3677,.F.);
#4825=ORIENTED_EDGE('',*,*,#3681,.F.);
#4826=ORIENTED_EDGE('',*,*,#3684,.F.);
#4827=ORIENTED_EDGE('',*,*,#3710,.F.);
#4828=ORIENTED_EDGE('',*,*,#3711,.F.);
#4829=ORIENTED_EDGE('',*,*,#3712,.F.);
#4830=ORIENTED_EDGE('',*,*,#3713,.F.);
#4831=ORIENTED_EDGE('',*,*,#3714,.F.);
#4832=ORIENTED_EDGE('',*,*,#3715,.F.);
#4833=ORIENTED_EDGE('',*,*,#3716,.F.);
#4834=ORIENTED_EDGE('',*,*,#3717,.F.);
#4835=ORIENTED_EDGE('',*,*,#3718,.F.);
#4836=ORIENTED_EDGE('',*,*,#3719,.F.);
#4837=ORIENTED_EDGE('',*,*,#3720,.F.);
#4838=ORIENTED_EDGE('',*,*,#3721,.F.);
#4839=ORIENTED_EDGE('',*,*,#3722,.F.);
#4840=ORIENTED_EDGE('',*,*,#3723,.F.);
#4841=ORIENTED_EDGE('',*,*,#3724,.F.);
#4842=ORIENTED_EDGE('',*,*,#3725,.F.);
#4843=ORIENTED_EDGE('',*,*,#3726,.F.);
#4844=ORIENTED_EDGE('',*,*,#3727,.F.);
#4845=ORIENTED_EDGE('',*,*,#3728,.F.);
#4846=ORIENTED_EDGE('',*,*,#3729,.F.);
#4847=ORIENTED_EDGE('',*,*,#3730,.F.);
#4848=ORIENTED_EDGE('',*,*,#3731,.T.);
#4849=ORIENTED_EDGE('',*,*,#3719,.T.);
#4850=ORIENTED_EDGE('',*,*,#3732,.F.);
#4851=ORIENTED_EDGE('',*,*,#3733,.F.);
#4852=ORIENTED_EDGE('',*,*,#3732,.T.);
#4853=ORIENTED_EDGE('',*,*,#3718,.T.);
#4854=ORIENTED_EDGE('',*,*,#3734,.F.);
#4855=ORIENTED_EDGE('',*,*,#3735,.F.);
#4856=ORIENTED_EDGE('',*,*,#3734,.T.);
#4857=ORIENTED_EDGE('',*,*,#3717,.T.);
#4858=ORIENTED_EDGE('',*,*,#3736,.F.);
#4859=ORIENTED_EDGE('',*,*,#3737,.F.);
#4860=ORIENTED_EDGE('',*,*,#3736,.T.);
#4861=ORIENTED_EDGE('',*,*,#3716,.T.);
#4862=ORIENTED_EDGE('',*,*,#3738,.F.);
#4863=ORIENTED_EDGE('',*,*,#3739,.F.);
#4864=ORIENTED_EDGE('',*,*,#3738,.T.);
#4865=ORIENTED_EDGE('',*,*,#3715,.T.);
#4866=ORIENTED_EDGE('',*,*,#3740,.F.);
#4867=ORIENTED_EDGE('',*,*,#3741,.F.);
#4868=ORIENTED_EDGE('',*,*,#3740,.T.);
#4869=ORIENTED_EDGE('',*,*,#3714,.T.);
#4870=ORIENTED_EDGE('',*,*,#3742,.F.);
#4871=ORIENTED_EDGE('',*,*,#3743,.F.);
#4872=ORIENTED_EDGE('',*,*,#3742,.T.);
#4873=ORIENTED_EDGE('',*,*,#3713,.T.);
#4874=ORIENTED_EDGE('',*,*,#3744,.F.);
#4875=ORIENTED_EDGE('',*,*,#3745,.F.);
#4876=ORIENTED_EDGE('',*,*,#3744,.T.);
#4877=ORIENTED_EDGE('',*,*,#3712,.T.);
#4878=ORIENTED_EDGE('',*,*,#3746,.F.);
#4879=ORIENTED_EDGE('',*,*,#3747,.F.);
#4880=ORIENTED_EDGE('',*,*,#3746,.T.);
#4881=ORIENTED_EDGE('',*,*,#3711,.T.);
#4882=ORIENTED_EDGE('',*,*,#3748,.F.);
#4883=ORIENTED_EDGE('',*,*,#3749,.F.);
#4884=ORIENTED_EDGE('',*,*,#3748,.T.);
#4885=ORIENTED_EDGE('',*,*,#3710,.T.);
#4886=ORIENTED_EDGE('',*,*,#3750,.F.);
#4887=ORIENTED_EDGE('',*,*,#3751,.F.);
#4888=ORIENTED_EDGE('',*,*,#3752,.T.);
#4889=ORIENTED_EDGE('',*,*,#3720,.T.);
#4890=ORIENTED_EDGE('',*,*,#3731,.F.);
#4891=ORIENTED_EDGE('',*,*,#3753,.F.);
#4892=ORIENTED_EDGE('',*,*,#3754,.T.);
#4893=ORIENTED_EDGE('',*,*,#3721,.T.);
#4894=ORIENTED_EDGE('',*,*,#3752,.F.);
#4895=ORIENTED_EDGE('',*,*,#3755,.F.);
#4896=ORIENTED_EDGE('',*,*,#3756,.T.);
#4897=ORIENTED_EDGE('',*,*,#3722,.T.);
#4898=ORIENTED_EDGE('',*,*,#3754,.F.);
#4899=ORIENTED_EDGE('',*,*,#3757,.F.);
#4900=ORIENTED_EDGE('',*,*,#3758,.T.);
#4901=ORIENTED_EDGE('',*,*,#3723,.T.);
#4902=ORIENTED_EDGE('',*,*,#3756,.F.);
#4903=ORIENTED_EDGE('',*,*,#3759,.F.);
#4904=ORIENTED_EDGE('',*,*,#3760,.T.);
#4905=ORIENTED_EDGE('',*,*,#3724,.T.);
#4906=ORIENTED_EDGE('',*,*,#3758,.F.);
#4907=ORIENTED_EDGE('',*,*,#3761,.F.);
#4908=ORIENTED_EDGE('',*,*,#3762,.T.);
#4909=ORIENTED_EDGE('',*,*,#3725,.T.);
#4910=ORIENTED_EDGE('',*,*,#3760,.F.);
#4911=ORIENTED_EDGE('',*,*,#3763,.F.);
#4912=ORIENTED_EDGE('',*,*,#3764,.T.);
#4913=ORIENTED_EDGE('',*,*,#3726,.T.);
#4914=ORIENTED_EDGE('',*,*,#3762,.F.);
#4915=ORIENTED_EDGE('',*,*,#3765,.F.);
#4916=ORIENTED_EDGE('',*,*,#3766,.T.);
#4917=ORIENTED_EDGE('',*,*,#3727,.T.);
#4918=ORIENTED_EDGE('',*,*,#3764,.F.);
#4919=ORIENTED_EDGE('',*,*,#3767,.F.);
#4920=ORIENTED_EDGE('',*,*,#3768,.T.);
#4921=ORIENTED_EDGE('',*,*,#3728,.T.);
#4922=ORIENTED_EDGE('',*,*,#3766,.F.);
#4923=ORIENTED_EDGE('',*,*,#3769,.F.);
#4924=ORIENTED_EDGE('',*,*,#3750,.T.);
#4925=ORIENTED_EDGE('',*,*,#3729,.T.);
#4926=ORIENTED_EDGE('',*,*,#3768,.F.);
#4927=ORIENTED_EDGE('',*,*,#3770,.F.);
#4928=ORIENTED_EDGE('',*,*,#3771,.T.);
#4929=ORIENTED_EDGE('',*,*,#3772,.T.);
#4930=ORIENTED_EDGE('',*,*,#3773,.F.);
#4931=ORIENTED_EDGE('',*,*,#3774,.F.);
#4932=ORIENTED_EDGE('',*,*,#3773,.T.);
#4933=ORIENTED_EDGE('',*,*,#3775,.T.);
#4934=ORIENTED_EDGE('',*,*,#3776,.F.);
#4935=ORIENTED_EDGE('',*,*,#3777,.F.);
#4936=ORIENTED_EDGE('',*,*,#3778,.T.);
#4937=ORIENTED_EDGE('',*,*,#3779,.T.);
#4938=ORIENTED_EDGE('',*,*,#3771,.F.);
#4939=ORIENTED_EDGE('',*,*,#3780,.F.);
#4940=ORIENTED_EDGE('',*,*,#3776,.T.);
#4941=ORIENTED_EDGE('',*,*,#3781,.T.);
#4942=ORIENTED_EDGE('',*,*,#3778,.F.);
#4943=ORIENTED_EDGE('',*,*,#3779,.F.);
#4944=ORIENTED_EDGE('',*,*,#3781,.F.);
#4945=ORIENTED_EDGE('',*,*,#3775,.F.);
#4946=ORIENTED_EDGE('',*,*,#3772,.F.);
#4947=ORIENTED_EDGE('',*,*,#3782,.F.);
#4948=ORIENTED_EDGE('',*,*,#3783,.F.);
#4949=ORIENTED_EDGE('',*,*,#3784,.F.);
#4950=ORIENTED_EDGE('',*,*,#3785,.F.);
#4951=ORIENTED_EDGE('',*,*,#3786,.F.);
#4952=ORIENTED_EDGE('',*,*,#3787,.F.);
#4953=ORIENTED_EDGE('',*,*,#3788,.F.);
#4954=ORIENTED_EDGE('',*,*,#3789,.F.);
#4955=ORIENTED_EDGE('',*,*,#3790,.F.);
#4956=ORIENTED_EDGE('',*,*,#3791,.T.);
#4957=ORIENTED_EDGE('',*,*,#3785,.T.);
#4958=ORIENTED_EDGE('',*,*,#3792,.F.);
#4959=ORIENTED_EDGE('',*,*,#3793,.F.);
#4960=ORIENTED_EDGE('',*,*,#3792,.T.);
#4961=ORIENTED_EDGE('',*,*,#3784,.T.);
#4962=ORIENTED_EDGE('',*,*,#3794,.F.);
#4963=ORIENTED_EDGE('',*,*,#3795,.F.);
#4964=ORIENTED_EDGE('',*,*,#3794,.T.);
#4965=ORIENTED_EDGE('',*,*,#3783,.T.);
#4966=ORIENTED_EDGE('',*,*,#3796,.F.);
#4967=ORIENTED_EDGE('',*,*,#3797,.F.);
#4968=ORIENTED_EDGE('',*,*,#3796,.T.);
#4969=ORIENTED_EDGE('',*,*,#3782,.T.);
#4970=ORIENTED_EDGE('',*,*,#3798,.F.);
#4971=ORIENTED_EDGE('',*,*,#3799,.F.);
#4972=ORIENTED_EDGE('',*,*,#3800,.T.);
#4973=ORIENTED_EDGE('',*,*,#3786,.T.);
#4974=ORIENTED_EDGE('',*,*,#3791,.F.);
#4975=ORIENTED_EDGE('',*,*,#3801,.F.);
#4976=ORIENTED_EDGE('',*,*,#3802,.T.);
#4977=ORIENTED_EDGE('',*,*,#3787,.T.);
#4978=ORIENTED_EDGE('',*,*,#3800,.F.);
#4979=ORIENTED_EDGE('',*,*,#3803,.F.);
#4980=ORIENTED_EDGE('',*,*,#3804,.T.);
#4981=ORIENTED_EDGE('',*,*,#3788,.T.);
#4982=ORIENTED_EDGE('',*,*,#3802,.F.);
#4983=ORIENTED_EDGE('',*,*,#3805,.F.);
#4984=ORIENTED_EDGE('',*,*,#3798,.T.);
#4985=ORIENTED_EDGE('',*,*,#3789,.T.);
#4986=ORIENTED_EDGE('',*,*,#3804,.F.);
#4987=ORIENTED_EDGE('',*,*,#3806,.F.);
#4988=ORIENTED_EDGE('',*,*,#3807,.T.);
#4989=ORIENTED_EDGE('',*,*,#3808,.T.);
#4990=ORIENTED_EDGE('',*,*,#3809,.F.);
#4991=ORIENTED_EDGE('',*,*,#3810,.F.);
#4992=ORIENTED_EDGE('',*,*,#3809,.T.);
#4993=ORIENTED_EDGE('',*,*,#3811,.T.);
#4994=ORIENTED_EDGE('',*,*,#3812,.F.);
#4995=ORIENTED_EDGE('',*,*,#3813,.F.);
#4996=ORIENTED_EDGE('',*,*,#3812,.T.);
#4997=ORIENTED_EDGE('',*,*,#3814,.T.);
#4998=ORIENTED_EDGE('',*,*,#3815,.F.);
#4999=ORIENTED_EDGE('',*,*,#3816,.F.);
#5000=ORIENTED_EDGE('',*,*,#3815,.T.);
#5001=ORIENTED_EDGE('',*,*,#3817,.T.);
#5002=ORIENTED_EDGE('',*,*,#3818,.F.);
#5003=ORIENTED_EDGE('',*,*,#3819,.F.);
#5004=ORIENTED_EDGE('',*,*,#3818,.T.);
#5005=ORIENTED_EDGE('',*,*,#3820,.T.);
#5006=ORIENTED_EDGE('',*,*,#3821,.F.);
#5007=ORIENTED_EDGE('',*,*,#3822,.F.);
#5008=ORIENTED_EDGE('',*,*,#3823,.T.);
#5009=ORIENTED_EDGE('',*,*,#3824,.T.);
#5010=ORIENTED_EDGE('',*,*,#3825,.F.);
#5011=ORIENTED_EDGE('',*,*,#3826,.F.);
#5012=ORIENTED_EDGE('',*,*,#3827,.T.);
#5013=ORIENTED_EDGE('',*,*,#3828,.T.);
#5014=ORIENTED_EDGE('',*,*,#3823,.F.);
#5015=ORIENTED_EDGE('',*,*,#3829,.F.);
#5016=ORIENTED_EDGE('',*,*,#3830,.T.);
#5017=ORIENTED_EDGE('',*,*,#3831,.T.);
#5018=ORIENTED_EDGE('',*,*,#3832,.F.);
#5019=ORIENTED_EDGE('',*,*,#3833,.F.);
#5020=ORIENTED_EDGE('',*,*,#3834,.T.);
#5021=ORIENTED_EDGE('',*,*,#3835,.T.);
#5022=ORIENTED_EDGE('',*,*,#3830,.F.);
#5023=ORIENTED_EDGE('',*,*,#3836,.F.);
#5024=ORIENTED_EDGE('',*,*,#3837,.T.);
#5025=ORIENTED_EDGE('',*,*,#3838,.T.);
#5026=ORIENTED_EDGE('',*,*,#3807,.F.);
#5027=ORIENTED_EDGE('',*,*,#3839,.F.);
#5028=ORIENTED_EDGE('',*,*,#3840,.T.);
#5029=ORIENTED_EDGE('',*,*,#3841,.T.);
#5030=ORIENTED_EDGE('',*,*,#3837,.F.);
#5031=ORIENTED_EDGE('',*,*,#3842,.F.);
#5032=ORIENTED_EDGE('',*,*,#3843,.T.);
#5033=ORIENTED_EDGE('',*,*,#3844,.T.);
#5034=ORIENTED_EDGE('',*,*,#3840,.F.);
#5035=ORIENTED_EDGE('',*,*,#3845,.F.);
#5036=ORIENTED_EDGE('',*,*,#3846,.T.);
#5037=ORIENTED_EDGE('',*,*,#3847,.T.);
#5038=ORIENTED_EDGE('',*,*,#3843,.F.);
#5039=ORIENTED_EDGE('',*,*,#3848,.F.);
#5040=ORIENTED_EDGE('',*,*,#3849,.T.);
#5041=ORIENTED_EDGE('',*,*,#3850,.T.);
#5042=ORIENTED_EDGE('',*,*,#3846,.F.);
#5043=ORIENTED_EDGE('',*,*,#3851,.F.);
#5044=ORIENTED_EDGE('',*,*,#3821,.T.);
#5045=ORIENTED_EDGE('',*,*,#3852,.T.);
#5046=ORIENTED_EDGE('',*,*,#3849,.F.);
#5047=ORIENTED_EDGE('',*,*,#3853,.F.);
#5048=ORIENTED_EDGE('',*,*,#3854,.T.);
#5049=ORIENTED_EDGE('',*,*,#3855,.T.);
#5050=ORIENTED_EDGE('',*,*,#3827,.F.);
#5051=ORIENTED_EDGE('',*,*,#3856,.F.);
#5052=ORIENTED_EDGE('',*,*,#3857,.T.);
#5053=ORIENTED_EDGE('',*,*,#3858,.T.);
#5054=ORIENTED_EDGE('',*,*,#3854,.F.);
#5055=ORIENTED_EDGE('',*,*,#3859,.F.);
#5056=ORIENTED_EDGE('',*,*,#3825,.T.);
#5057=ORIENTED_EDGE('',*,*,#3860,.T.);
#5058=ORIENTED_EDGE('',*,*,#3857,.F.);
#5059=ORIENTED_EDGE('',*,*,#3861,.F.);
#5060=ORIENTED_EDGE('',*,*,#3862,.T.);
#5061=ORIENTED_EDGE('',*,*,#3863,.T.);
#5062=ORIENTED_EDGE('',*,*,#3834,.F.);
#5063=ORIENTED_EDGE('',*,*,#3864,.F.);
#5064=ORIENTED_EDGE('',*,*,#3865,.T.);
#5065=ORIENTED_EDGE('',*,*,#3866,.T.);
#5066=ORIENTED_EDGE('',*,*,#3862,.F.);
#5067=ORIENTED_EDGE('',*,*,#3867,.F.);
#5068=ORIENTED_EDGE('',*,*,#3832,.T.);
#5069=ORIENTED_EDGE('',*,*,#3868,.T.);
#5070=ORIENTED_EDGE('',*,*,#3865,.F.);
#5071=ORIENTED_EDGE('',*,*,#3838,.F.);
#5072=ORIENTED_EDGE('',*,*,#3841,.F.);
#5073=ORIENTED_EDGE('',*,*,#3844,.F.);
#5074=ORIENTED_EDGE('',*,*,#3847,.F.);
#5075=ORIENTED_EDGE('',*,*,#3850,.F.);
#5076=ORIENTED_EDGE('',*,*,#3852,.F.);
#5077=ORIENTED_EDGE('',*,*,#3820,.F.);
#5078=ORIENTED_EDGE('',*,*,#3817,.F.);
#5079=ORIENTED_EDGE('',*,*,#3814,.F.);
#5080=ORIENTED_EDGE('',*,*,#3811,.F.);
#5081=ORIENTED_EDGE('',*,*,#3808,.F.);
#5082=ORIENTED_EDGE('',*,*,#3863,.F.);
#5083=ORIENTED_EDGE('',*,*,#3866,.F.);
#5084=ORIENTED_EDGE('',*,*,#3868,.F.);
#5085=ORIENTED_EDGE('',*,*,#3831,.F.);
#5086=ORIENTED_EDGE('',*,*,#3835,.F.);
#5087=ORIENTED_EDGE('',*,*,#3855,.F.);
#5088=ORIENTED_EDGE('',*,*,#3858,.F.);
#5089=ORIENTED_EDGE('',*,*,#3860,.F.);
#5090=ORIENTED_EDGE('',*,*,#3824,.F.);
#5091=ORIENTED_EDGE('',*,*,#3828,.F.);
#5092=ORIENTED_EDGE('',*,*,#3869,.F.);
#5093=ORIENTED_EDGE('',*,*,#3870,.F.);
#5094=ORIENTED_EDGE('',*,*,#3871,.F.);
#5095=ORIENTED_EDGE('',*,*,#3872,.F.);
#5096=ORIENTED_EDGE('',*,*,#3873,.F.);
#5097=ORIENTED_EDGE('',*,*,#3874,.F.);
#5098=ORIENTED_EDGE('',*,*,#3875,.F.);
#5099=ORIENTED_EDGE('',*,*,#3876,.F.);
#5100=ORIENTED_EDGE('',*,*,#3877,.F.);
#5101=ORIENTED_EDGE('',*,*,#3878,.F.);
#5102=ORIENTED_EDGE('',*,*,#3879,.F.);
#5103=ORIENTED_EDGE('',*,*,#3880,.F.);
#5104=ORIENTED_EDGE('',*,*,#3881,.F.);
#5105=ORIENTED_EDGE('',*,*,#3882,.F.);
#5106=ORIENTED_EDGE('',*,*,#3883,.F.);
#5107=ORIENTED_EDGE('',*,*,#3884,.F.);
#5108=ORIENTED_EDGE('',*,*,#3885,.F.);
#5109=ORIENTED_EDGE('',*,*,#3886,.F.);
#5110=ORIENTED_EDGE('',*,*,#3887,.F.);
#5111=ORIENTED_EDGE('',*,*,#3888,.F.);
#5112=ORIENTED_EDGE('',*,*,#3889,.F.);
#5113=ORIENTED_EDGE('',*,*,#3890,.T.);
#5114=ORIENTED_EDGE('',*,*,#3878,.T.);
#5115=ORIENTED_EDGE('',*,*,#3891,.F.);
#5116=ORIENTED_EDGE('',*,*,#3892,.F.);
#5117=ORIENTED_EDGE('',*,*,#3891,.T.);
#5118=ORIENTED_EDGE('',*,*,#3877,.T.);
#5119=ORIENTED_EDGE('',*,*,#3893,.F.);
#5120=ORIENTED_EDGE('',*,*,#3894,.F.);
#5121=ORIENTED_EDGE('',*,*,#3893,.T.);
#5122=ORIENTED_EDGE('',*,*,#3876,.T.);
#5123=ORIENTED_EDGE('',*,*,#3895,.F.);
#5124=ORIENTED_EDGE('',*,*,#3896,.F.);
#5125=ORIENTED_EDGE('',*,*,#3895,.T.);
#5126=ORIENTED_EDGE('',*,*,#3875,.T.);
#5127=ORIENTED_EDGE('',*,*,#3897,.F.);
#5128=ORIENTED_EDGE('',*,*,#3898,.F.);
#5129=ORIENTED_EDGE('',*,*,#3897,.T.);
#5130=ORIENTED_EDGE('',*,*,#3874,.T.);
#5131=ORIENTED_EDGE('',*,*,#3899,.F.);
#5132=ORIENTED_EDGE('',*,*,#3900,.F.);
#5133=ORIENTED_EDGE('',*,*,#3899,.T.);
#5134=ORIENTED_EDGE('',*,*,#3873,.T.);
#5135=ORIENTED_EDGE('',*,*,#3901,.F.);
#5136=ORIENTED_EDGE('',*,*,#3902,.F.);
#5137=ORIENTED_EDGE('',*,*,#3901,.T.);
#5138=ORIENTED_EDGE('',*,*,#3872,.T.);
#5139=ORIENTED_EDGE('',*,*,#3903,.F.);
#5140=ORIENTED_EDGE('',*,*,#3904,.F.);
#5141=ORIENTED_EDGE('',*,*,#3903,.T.);
#5142=ORIENTED_EDGE('',*,*,#3871,.T.);
#5143=ORIENTED_EDGE('',*,*,#3905,.F.);
#5144=ORIENTED_EDGE('',*,*,#3906,.F.);
#5145=ORIENTED_EDGE('',*,*,#3905,.T.);
#5146=ORIENTED_EDGE('',*,*,#3870,.T.);
#5147=ORIENTED_EDGE('',*,*,#3907,.F.);
#5148=ORIENTED_EDGE('',*,*,#3908,.F.);
#5149=ORIENTED_EDGE('',*,*,#3907,.T.);
#5150=ORIENTED_EDGE('',*,*,#3869,.T.);
#5151=ORIENTED_EDGE('',*,*,#3909,.F.);
#5152=ORIENTED_EDGE('',*,*,#3910,.F.);
#5153=ORIENTED_EDGE('',*,*,#3911,.T.);
#5154=ORIENTED_EDGE('',*,*,#3879,.T.);
#5155=ORIENTED_EDGE('',*,*,#3890,.F.);
#5156=ORIENTED_EDGE('',*,*,#3912,.F.);
#5157=ORIENTED_EDGE('',*,*,#3913,.T.);
#5158=ORIENTED_EDGE('',*,*,#3880,.T.);
#5159=ORIENTED_EDGE('',*,*,#3911,.F.);
#5160=ORIENTED_EDGE('',*,*,#3914,.F.);
#5161=ORIENTED_EDGE('',*,*,#3915,.T.);
#5162=ORIENTED_EDGE('',*,*,#3881,.T.);
#5163=ORIENTED_EDGE('',*,*,#3913,.F.);
#5164=ORIENTED_EDGE('',*,*,#3916,.F.);
#5165=ORIENTED_EDGE('',*,*,#3917,.T.);
#5166=ORIENTED_EDGE('',*,*,#3882,.T.);
#5167=ORIENTED_EDGE('',*,*,#3915,.F.);
#5168=ORIENTED_EDGE('',*,*,#3918,.F.);
#5169=ORIENTED_EDGE('',*,*,#3919,.T.);
#5170=ORIENTED_EDGE('',*,*,#3883,.T.);
#5171=ORIENTED_EDGE('',*,*,#3917,.F.);
#5172=ORIENTED_EDGE('',*,*,#3920,.F.);
#5173=ORIENTED_EDGE('',*,*,#3921,.T.);
#5174=ORIENTED_EDGE('',*,*,#3884,.T.);
#5175=ORIENTED_EDGE('',*,*,#3919,.F.);
#5176=ORIENTED_EDGE('',*,*,#3922,.F.);
#5177=ORIENTED_EDGE('',*,*,#3923,.T.);
#5178=ORIENTED_EDGE('',*,*,#3885,.T.);
#5179=ORIENTED_EDGE('',*,*,#3921,.F.);
#5180=ORIENTED_EDGE('',*,*,#3924,.F.);
#5181=ORIENTED_EDGE('',*,*,#3925,.T.);
#5182=ORIENTED_EDGE('',*,*,#3886,.T.);
#5183=ORIENTED_EDGE('',*,*,#3923,.F.);
#5184=ORIENTED_EDGE('',*,*,#3926,.F.);
#5185=ORIENTED_EDGE('',*,*,#3927,.T.);
#5186=ORIENTED_EDGE('',*,*,#3887,.T.);
#5187=ORIENTED_EDGE('',*,*,#3925,.F.);
#5188=ORIENTED_EDGE('',*,*,#3928,.F.);
#5189=ORIENTED_EDGE('',*,*,#3909,.T.);
#5190=ORIENTED_EDGE('',*,*,#3888,.T.);
#5191=ORIENTED_EDGE('',*,*,#3927,.F.);
#5192=ORIENTED_EDGE('',*,*,#3929,.F.);
#5193=ORIENTED_EDGE('',*,*,#3930,.T.);
#5194=ORIENTED_EDGE('',*,*,#3931,.T.);
#5195=ORIENTED_EDGE('',*,*,#3932,.F.);
#5196=ORIENTED_EDGE('',*,*,#3933,.F.);
#5197=ORIENTED_EDGE('',*,*,#3932,.T.);
#5198=ORIENTED_EDGE('',*,*,#3934,.T.);
#5199=ORIENTED_EDGE('',*,*,#3935,.F.);
#5200=ORIENTED_EDGE('',*,*,#3936,.F.);
#5201=ORIENTED_EDGE('',*,*,#3935,.T.);
#5202=ORIENTED_EDGE('',*,*,#3937,.T.);
#5203=ORIENTED_EDGE('',*,*,#3938,.F.);
#5204=ORIENTED_EDGE('',*,*,#3939,.F.);
#5205=ORIENTED_EDGE('',*,*,#3938,.T.);
#5206=ORIENTED_EDGE('',*,*,#3940,.T.);
#5207=ORIENTED_EDGE('',*,*,#3941,.F.);
#5208=ORIENTED_EDGE('',*,*,#3942,.F.);
#5209=ORIENTED_EDGE('',*,*,#3943,.T.);
#5210=ORIENTED_EDGE('',*,*,#3944,.T.);
#5211=ORIENTED_EDGE('',*,*,#3945,.F.);
#5212=ORIENTED_EDGE('',*,*,#3946,.F.);
#5213=ORIENTED_EDGE('',*,*,#3947,.T.);
#5214=ORIENTED_EDGE('',*,*,#3948,.T.);
#5215=ORIENTED_EDGE('',*,*,#3943,.F.);
#5216=ORIENTED_EDGE('',*,*,#3949,.F.);
#5217=ORIENTED_EDGE('',*,*,#3950,.T.);
#5218=ORIENTED_EDGE('',*,*,#3951,.T.);
#5219=ORIENTED_EDGE('',*,*,#3947,.F.);
#5220=ORIENTED_EDGE('',*,*,#3952,.F.);
#5221=ORIENTED_EDGE('',*,*,#3953,.T.);
#5222=ORIENTED_EDGE('',*,*,#3954,.T.);
#5223=ORIENTED_EDGE('',*,*,#3930,.F.);
#5224=ORIENTED_EDGE('',*,*,#3955,.F.);
#5225=ORIENTED_EDGE('',*,*,#3956,.T.);
#5226=ORIENTED_EDGE('',*,*,#3957,.T.);
#5227=ORIENTED_EDGE('',*,*,#3953,.F.);
#5228=ORIENTED_EDGE('',*,*,#3958,.F.);
#5229=ORIENTED_EDGE('',*,*,#3959,.T.);
#5230=ORIENTED_EDGE('',*,*,#3960,.T.);
#5231=ORIENTED_EDGE('',*,*,#3956,.F.);
#5232=ORIENTED_EDGE('',*,*,#3961,.F.);
#5233=ORIENTED_EDGE('',*,*,#3941,.T.);
#5234=ORIENTED_EDGE('',*,*,#3962,.T.);
#5235=ORIENTED_EDGE('',*,*,#3959,.F.);
#5236=ORIENTED_EDGE('',*,*,#3963,.F.);
#5237=ORIENTED_EDGE('',*,*,#3964,.T.);
#5238=ORIENTED_EDGE('',*,*,#3965,.T.);
#5239=ORIENTED_EDGE('',*,*,#3950,.F.);
#5240=ORIENTED_EDGE('',*,*,#3966,.F.);
#5241=ORIENTED_EDGE('',*,*,#3967,.T.);
#5242=ORIENTED_EDGE('',*,*,#3968,.T.);
#5243=ORIENTED_EDGE('',*,*,#3964,.F.);
#5244=ORIENTED_EDGE('',*,*,#3969,.F.);
#5245=ORIENTED_EDGE('',*,*,#3945,.T.);
#5246=ORIENTED_EDGE('',*,*,#3970,.T.);
#5247=ORIENTED_EDGE('',*,*,#3967,.F.);
#5248=ORIENTED_EDGE('',*,*,#3954,.F.);
#5249=ORIENTED_EDGE('',*,*,#3957,.F.);
#5250=ORIENTED_EDGE('',*,*,#3960,.F.);
#5251=ORIENTED_EDGE('',*,*,#3962,.F.);
#5252=ORIENTED_EDGE('',*,*,#3940,.F.);
#5253=ORIENTED_EDGE('',*,*,#3937,.F.);
#5254=ORIENTED_EDGE('',*,*,#3934,.F.);
#5255=ORIENTED_EDGE('',*,*,#3931,.F.);
#5256=ORIENTED_EDGE('',*,*,#3965,.F.);
#5257=ORIENTED_EDGE('',*,*,#3968,.F.);
#5258=ORIENTED_EDGE('',*,*,#3970,.F.);
#5259=ORIENTED_EDGE('',*,*,#3944,.F.);
#5260=ORIENTED_EDGE('',*,*,#3948,.F.);
#5261=ORIENTED_EDGE('',*,*,#3951,.F.);
#5262=ORIENTED_EDGE('',*,*,#3971,.F.);
#5263=ORIENTED_EDGE('',*,*,#3972,.F.);
#5264=ORIENTED_EDGE('',*,*,#3973,.F.);
#5265=ORIENTED_EDGE('',*,*,#3974,.F.);
#5266=ORIENTED_EDGE('',*,*,#3975,.F.);
#5267=ORIENTED_EDGE('',*,*,#3976,.F.);
#5268=ORIENTED_EDGE('',*,*,#3977,.F.);
#5269=ORIENTED_EDGE('',*,*,#3978,.F.);
#5270=ORIENTED_EDGE('',*,*,#3979,.F.);
#5271=ORIENTED_EDGE('',*,*,#3980,.F.);
#5272=ORIENTED_EDGE('',*,*,#3981,.F.);
#5273=ORIENTED_EDGE('',*,*,#3982,.F.);
#5274=ORIENTED_EDGE('',*,*,#3983,.F.);
#5275=ORIENTED_EDGE('',*,*,#3984,.F.);
#5276=ORIENTED_EDGE('',*,*,#3985,.F.);
#5277=ORIENTED_EDGE('',*,*,#3986,.F.);
#5278=ORIENTED_EDGE('',*,*,#3987,.F.);
#5279=ORIENTED_EDGE('',*,*,#3988,.F.);
#5280=ORIENTED_EDGE('',*,*,#3989,.F.);
#5281=ORIENTED_EDGE('',*,*,#3990,.F.);
#5282=ORIENTED_EDGE('',*,*,#3991,.F.);
#5283=ORIENTED_EDGE('',*,*,#3992,.F.);
#5284=ORIENTED_EDGE('',*,*,#3993,.F.);
#5285=ORIENTED_EDGE('',*,*,#3994,.F.);
#5286=ORIENTED_EDGE('',*,*,#3995,.F.);
#5287=ORIENTED_EDGE('',*,*,#3996,.F.);
#5288=ORIENTED_EDGE('',*,*,#3997,.F.);
#5289=ORIENTED_EDGE('',*,*,#3998,.F.);
#5290=ORIENTED_EDGE('',*,*,#3999,.T.);
#5291=ORIENTED_EDGE('',*,*,#3984,.T.);
#5292=ORIENTED_EDGE('',*,*,#4000,.F.);
#5293=ORIENTED_EDGE('',*,*,#4001,.F.);
#5294=ORIENTED_EDGE('',*,*,#4000,.T.);
#5295=ORIENTED_EDGE('',*,*,#3983,.T.);
#5296=ORIENTED_EDGE('',*,*,#4002,.F.);
#5297=ORIENTED_EDGE('',*,*,#4003,.F.);
#5298=ORIENTED_EDGE('',*,*,#4002,.T.);
#5299=ORIENTED_EDGE('',*,*,#3982,.T.);
#5300=ORIENTED_EDGE('',*,*,#4004,.F.);
#5301=ORIENTED_EDGE('',*,*,#4005,.F.);
#5302=ORIENTED_EDGE('',*,*,#4004,.T.);
#5303=ORIENTED_EDGE('',*,*,#3981,.T.);
#5304=ORIENTED_EDGE('',*,*,#4006,.F.);
#5305=ORIENTED_EDGE('',*,*,#4007,.F.);
#5306=ORIENTED_EDGE('',*,*,#4006,.T.);
#5307=ORIENTED_EDGE('',*,*,#3980,.T.);
#5308=ORIENTED_EDGE('',*,*,#4008,.F.);
#5309=ORIENTED_EDGE('',*,*,#4009,.F.);
#5310=ORIENTED_EDGE('',*,*,#4008,.T.);
#5311=ORIENTED_EDGE('',*,*,#3979,.T.);
#5312=ORIENTED_EDGE('',*,*,#4010,.F.);
#5313=ORIENTED_EDGE('',*,*,#4011,.F.);
#5314=ORIENTED_EDGE('',*,*,#4010,.T.);
#5315=ORIENTED_EDGE('',*,*,#3978,.T.);
#5316=ORIENTED_EDGE('',*,*,#4012,.F.);
#5317=ORIENTED_EDGE('',*,*,#4013,.F.);
#5318=ORIENTED_EDGE('',*,*,#4012,.T.);
#5319=ORIENTED_EDGE('',*,*,#3977,.T.);
#5320=ORIENTED_EDGE('',*,*,#4014,.F.);
#5321=ORIENTED_EDGE('',*,*,#4015,.F.);
#5322=ORIENTED_EDGE('',*,*,#4014,.T.);
#5323=ORIENTED_EDGE('',*,*,#3976,.T.);
#5324=ORIENTED_EDGE('',*,*,#4016,.F.);
#5325=ORIENTED_EDGE('',*,*,#4017,.F.);
#5326=ORIENTED_EDGE('',*,*,#4016,.T.);
#5327=ORIENTED_EDGE('',*,*,#3975,.T.);
#5328=ORIENTED_EDGE('',*,*,#4018,.F.);
#5329=ORIENTED_EDGE('',*,*,#4019,.F.);
#5330=ORIENTED_EDGE('',*,*,#4018,.T.);
#5331=ORIENTED_EDGE('',*,*,#3974,.T.);
#5332=ORIENTED_EDGE('',*,*,#4020,.F.);
#5333=ORIENTED_EDGE('',*,*,#4021,.F.);
#5334=ORIENTED_EDGE('',*,*,#4020,.T.);
#5335=ORIENTED_EDGE('',*,*,#3973,.T.);
#5336=ORIENTED_EDGE('',*,*,#4022,.F.);
#5337=ORIENTED_EDGE('',*,*,#4023,.F.);
#5338=ORIENTED_EDGE('',*,*,#4022,.T.);
#5339=ORIENTED_EDGE('',*,*,#3972,.T.);
#5340=ORIENTED_EDGE('',*,*,#4024,.F.);
#5341=ORIENTED_EDGE('',*,*,#4025,.F.);
#5342=ORIENTED_EDGE('',*,*,#4024,.T.);
#5343=ORIENTED_EDGE('',*,*,#3971,.T.);
#5344=ORIENTED_EDGE('',*,*,#4026,.F.);
#5345=ORIENTED_EDGE('',*,*,#4027,.F.);
#5346=ORIENTED_EDGE('',*,*,#4028,.T.);
#5347=ORIENTED_EDGE('',*,*,#3985,.T.);
#5348=ORIENTED_EDGE('',*,*,#3999,.F.);
#5349=ORIENTED_EDGE('',*,*,#4029,.F.);
#5350=ORIENTED_EDGE('',*,*,#4030,.T.);
#5351=ORIENTED_EDGE('',*,*,#3986,.T.);
#5352=ORIENTED_EDGE('',*,*,#4028,.F.);
#5353=ORIENTED_EDGE('',*,*,#4031,.F.);
#5354=ORIENTED_EDGE('',*,*,#4032,.T.);
#5355=ORIENTED_EDGE('',*,*,#3987,.T.);
#5356=ORIENTED_EDGE('',*,*,#4030,.F.);
#5357=ORIENTED_EDGE('',*,*,#4033,.F.);
#5358=ORIENTED_EDGE('',*,*,#4034,.T.);
#5359=ORIENTED_EDGE('',*,*,#3988,.T.);
#5360=ORIENTED_EDGE('',*,*,#4032,.F.);
#5361=ORIENTED_EDGE('',*,*,#4035,.F.);
#5362=ORIENTED_EDGE('',*,*,#4036,.T.);
#5363=ORIENTED_EDGE('',*,*,#3989,.T.);
#5364=ORIENTED_EDGE('',*,*,#4034,.F.);
#5365=ORIENTED_EDGE('',*,*,#4037,.F.);
#5366=ORIENTED_EDGE('',*,*,#4038,.T.);
#5367=ORIENTED_EDGE('',*,*,#3990,.T.);
#5368=ORIENTED_EDGE('',*,*,#4036,.F.);
#5369=ORIENTED_EDGE('',*,*,#4039,.F.);
#5370=ORIENTED_EDGE('',*,*,#4040,.T.);
#5371=ORIENTED_EDGE('',*,*,#3991,.T.);
#5372=ORIENTED_EDGE('',*,*,#4038,.F.);
#5373=ORIENTED_EDGE('',*,*,#4041,.F.);
#5374=ORIENTED_EDGE('',*,*,#4042,.T.);
#5375=ORIENTED_EDGE('',*,*,#3992,.T.);
#5376=ORIENTED_EDGE('',*,*,#4040,.F.);
#5377=ORIENTED_EDGE('',*,*,#4043,.F.);
#5378=ORIENTED_EDGE('',*,*,#4044,.T.);
#5379=ORIENTED_EDGE('',*,*,#3993,.T.);
#5380=ORIENTED_EDGE('',*,*,#4042,.F.);
#5381=ORIENTED_EDGE('',*,*,#4045,.F.);
#5382=ORIENTED_EDGE('',*,*,#4046,.T.);
#5383=ORIENTED_EDGE('',*,*,#3994,.T.);
#5384=ORIENTED_EDGE('',*,*,#4044,.F.);
#5385=ORIENTED_EDGE('',*,*,#4047,.F.);
#5386=ORIENTED_EDGE('',*,*,#4048,.T.);
#5387=ORIENTED_EDGE('',*,*,#3995,.T.);
#5388=ORIENTED_EDGE('',*,*,#4046,.F.);
#5389=ORIENTED_EDGE('',*,*,#4049,.F.);
#5390=ORIENTED_EDGE('',*,*,#4050,.T.);
#5391=ORIENTED_EDGE('',*,*,#3996,.T.);
#5392=ORIENTED_EDGE('',*,*,#4048,.F.);
#5393=ORIENTED_EDGE('',*,*,#4051,.F.);
#5394=ORIENTED_EDGE('',*,*,#4026,.T.);
#5395=ORIENTED_EDGE('',*,*,#3997,.T.);
#5396=ORIENTED_EDGE('',*,*,#4050,.F.);
#5397=ORIENTED_EDGE('',*,*,#4052,.F.);
#5398=ORIENTED_EDGE('',*,*,#4053,.T.);
#5399=ORIENTED_EDGE('',*,*,#4054,.T.);
#5400=ORIENTED_EDGE('',*,*,#4055,.F.);
#5401=ORIENTED_EDGE('',*,*,#4056,.F.);
#5402=ORIENTED_EDGE('',*,*,#4055,.T.);
#5403=ORIENTED_EDGE('',*,*,#4057,.T.);
#5404=ORIENTED_EDGE('',*,*,#4058,.F.);
#5405=ORIENTED_EDGE('',*,*,#4059,.F.);
#5406=ORIENTED_EDGE('',*,*,#4060,.T.);
#5407=ORIENTED_EDGE('',*,*,#4061,.T.);
#5408=ORIENTED_EDGE('',*,*,#4053,.F.);
#5409=ORIENTED_EDGE('',*,*,#4062,.F.);
#5410=ORIENTED_EDGE('',*,*,#4058,.T.);
#5411=ORIENTED_EDGE('',*,*,#4063,.T.);
#5412=ORIENTED_EDGE('',*,*,#4060,.F.);
#5413=ORIENTED_EDGE('',*,*,#4061,.F.);
#5414=ORIENTED_EDGE('',*,*,#4063,.F.);
#5415=ORIENTED_EDGE('',*,*,#4057,.F.);
#5416=ORIENTED_EDGE('',*,*,#4054,.F.);
#5417=ORIENTED_EDGE('',*,*,#4064,.F.);
#5418=ORIENTED_EDGE('',*,*,#4065,.F.);
#5419=ORIENTED_EDGE('',*,*,#4066,.F.);
#5420=ORIENTED_EDGE('',*,*,#4067,.F.);
#5421=ORIENTED_EDGE('',*,*,#4068,.F.);
#5422=ORIENTED_EDGE('',*,*,#4069,.F.);
#5423=ORIENTED_EDGE('',*,*,#4070,.F.);
#5424=ORIENTED_EDGE('',*,*,#4071,.F.);
#5425=ORIENTED_EDGE('',*,*,#4072,.F.);
#5426=ORIENTED_EDGE('',*,*,#4073,.F.);
#5427=ORIENTED_EDGE('',*,*,#4074,.F.);
#5428=ORIENTED_EDGE('',*,*,#4075,.F.);
#5429=ORIENTED_EDGE('',*,*,#4076,.F.);
#5430=ORIENTED_EDGE('',*,*,#4077,.F.);
#5431=ORIENTED_EDGE('',*,*,#4078,.T.);
#5432=ORIENTED_EDGE('',*,*,#4070,.T.);
#5433=ORIENTED_EDGE('',*,*,#4079,.F.);
#5434=ORIENTED_EDGE('',*,*,#4080,.F.);
#5435=ORIENTED_EDGE('',*,*,#4079,.T.);
#5436=ORIENTED_EDGE('',*,*,#4069,.T.);
#5437=ORIENTED_EDGE('',*,*,#4081,.F.);
#5438=ORIENTED_EDGE('',*,*,#4082,.F.);
#5439=ORIENTED_EDGE('',*,*,#4081,.T.);
#5440=ORIENTED_EDGE('',*,*,#4068,.T.);
#5441=ORIENTED_EDGE('',*,*,#4083,.F.);
#5442=ORIENTED_EDGE('',*,*,#4084,.F.);
#5443=ORIENTED_EDGE('',*,*,#4083,.T.);
#5444=ORIENTED_EDGE('',*,*,#4067,.T.);
#5445=ORIENTED_EDGE('',*,*,#4085,.F.);
#5446=ORIENTED_EDGE('',*,*,#4086,.F.);
#5447=ORIENTED_EDGE('',*,*,#4085,.T.);
#5448=ORIENTED_EDGE('',*,*,#4066,.T.);
#5449=ORIENTED_EDGE('',*,*,#4087,.F.);
#5450=ORIENTED_EDGE('',*,*,#4088,.F.);
#5451=ORIENTED_EDGE('',*,*,#4087,.T.);
#5452=ORIENTED_EDGE('',*,*,#4065,.T.);
#5453=ORIENTED_EDGE('',*,*,#4089,.F.);
#5454=ORIENTED_EDGE('',*,*,#4090,.F.);
#5455=ORIENTED_EDGE('',*,*,#4089,.T.);
#5456=ORIENTED_EDGE('',*,*,#4064,.T.);
#5457=ORIENTED_EDGE('',*,*,#4091,.F.);
#5458=ORIENTED_EDGE('',*,*,#4092,.F.);
#5459=ORIENTED_EDGE('',*,*,#4093,.T.);
#5460=ORIENTED_EDGE('',*,*,#4071,.T.);
#5461=ORIENTED_EDGE('',*,*,#4078,.F.);
#5462=ORIENTED_EDGE('',*,*,#4094,.F.);
#5463=ORIENTED_EDGE('',*,*,#4095,.T.);
#5464=ORIENTED_EDGE('',*,*,#4072,.T.);
#5465=ORIENTED_EDGE('',*,*,#4093,.F.);
#5466=ORIENTED_EDGE('',*,*,#4096,.F.);
#5467=ORIENTED_EDGE('',*,*,#4097,.T.);
#5468=ORIENTED_EDGE('',*,*,#4073,.T.);
#5469=ORIENTED_EDGE('',*,*,#4095,.F.);
#5470=ORIENTED_EDGE('',*,*,#4098,.F.);
#5471=ORIENTED_EDGE('',*,*,#4099,.T.);
#5472=ORIENTED_EDGE('',*,*,#4074,.T.);
#5473=ORIENTED_EDGE('',*,*,#4097,.F.);
#5474=ORIENTED_EDGE('',*,*,#4100,.F.);
#5475=ORIENTED_EDGE('',*,*,#4101,.T.);
#5476=ORIENTED_EDGE('',*,*,#4075,.T.);
#5477=ORIENTED_EDGE('',*,*,#4099,.F.);
#5478=ORIENTED_EDGE('',*,*,#4102,.F.);
#5479=ORIENTED_EDGE('',*,*,#4091,.T.);
#5480=ORIENTED_EDGE('',*,*,#4076,.T.);
#5481=ORIENTED_EDGE('',*,*,#4101,.F.);
#5482=ORIENTED_EDGE('',*,*,#4103,.F.);
#5483=ORIENTED_EDGE('',*,*,#4104,.T.);
#5484=ORIENTED_EDGE('',*,*,#4105,.T.);
#5485=ORIENTED_EDGE('',*,*,#4106,.F.);
#5486=ORIENTED_EDGE('',*,*,#4107,.F.);
#5487=ORIENTED_EDGE('',*,*,#4106,.T.);
#5488=ORIENTED_EDGE('',*,*,#4108,.T.);
#5489=ORIENTED_EDGE('',*,*,#4109,.F.);
#5490=ORIENTED_EDGE('',*,*,#4110,.F.);
#5491=ORIENTED_EDGE('',*,*,#4109,.T.);
#5492=ORIENTED_EDGE('',*,*,#4111,.T.);
#5493=ORIENTED_EDGE('',*,*,#4112,.F.);
#5494=ORIENTED_EDGE('',*,*,#4113,.F.);
#5495=ORIENTED_EDGE('',*,*,#4112,.T.);
#5496=ORIENTED_EDGE('',*,*,#4114,.T.);
#5497=ORIENTED_EDGE('',*,*,#4115,.F.);
#5498=ORIENTED_EDGE('',*,*,#4116,.F.);
#5499=ORIENTED_EDGE('',*,*,#4115,.T.);
#5500=ORIENTED_EDGE('',*,*,#4117,.T.);
#5501=ORIENTED_EDGE('',*,*,#4118,.F.);
#5502=ORIENTED_EDGE('',*,*,#4119,.F.);
#5503=ORIENTED_EDGE('',*,*,#4118,.T.);
#5504=ORIENTED_EDGE('',*,*,#4120,.T.);
#5505=ORIENTED_EDGE('',*,*,#4121,.F.);
#5506=ORIENTED_EDGE('',*,*,#4122,.F.);
#5507=ORIENTED_EDGE('',*,*,#4121,.T.);
#5508=ORIENTED_EDGE('',*,*,#4123,.T.);
#5509=ORIENTED_EDGE('',*,*,#4124,.F.);
#5510=ORIENTED_EDGE('',*,*,#4125,.F.);
#5511=ORIENTED_EDGE('',*,*,#4124,.T.);
#5512=ORIENTED_EDGE('',*,*,#4126,.T.);
#5513=ORIENTED_EDGE('',*,*,#4127,.F.);
#5514=ORIENTED_EDGE('',*,*,#4128,.F.);
#5515=ORIENTED_EDGE('',*,*,#4127,.T.);
#5516=ORIENTED_EDGE('',*,*,#4129,.T.);
#5517=ORIENTED_EDGE('',*,*,#4130,.F.);
#5518=ORIENTED_EDGE('',*,*,#4131,.F.);
#5519=ORIENTED_EDGE('',*,*,#4130,.T.);
#5520=ORIENTED_EDGE('',*,*,#4132,.T.);
#5521=ORIENTED_EDGE('',*,*,#4133,.F.);
#5522=ORIENTED_EDGE('',*,*,#4134,.F.);
#5523=ORIENTED_EDGE('',*,*,#4135,.T.);
#5524=ORIENTED_EDGE('',*,*,#4136,.T.);
#5525=ORIENTED_EDGE('',*,*,#4104,.F.);
#5526=ORIENTED_EDGE('',*,*,#4137,.F.);
#5527=ORIENTED_EDGE('',*,*,#4138,.T.);
#5528=ORIENTED_EDGE('',*,*,#4139,.T.);
#5529=ORIENTED_EDGE('',*,*,#4135,.F.);
#5530=ORIENTED_EDGE('',*,*,#4140,.F.);
#5531=ORIENTED_EDGE('',*,*,#4141,.T.);
#5532=ORIENTED_EDGE('',*,*,#4142,.T.);
#5533=ORIENTED_EDGE('',*,*,#4138,.F.);
#5534=ORIENTED_EDGE('',*,*,#4143,.F.);
#5535=ORIENTED_EDGE('',*,*,#4144,.T.);
#5536=ORIENTED_EDGE('',*,*,#4145,.T.);
#5537=ORIENTED_EDGE('',*,*,#4141,.F.);
#5538=ORIENTED_EDGE('',*,*,#4146,.F.);
#5539=ORIENTED_EDGE('',*,*,#4147,.T.);
#5540=ORIENTED_EDGE('',*,*,#4148,.T.);
#5541=ORIENTED_EDGE('',*,*,#4144,.F.);
#5542=ORIENTED_EDGE('',*,*,#4149,.F.);
#5543=ORIENTED_EDGE('',*,*,#4150,.T.);
#5544=ORIENTED_EDGE('',*,*,#4151,.T.);
#5545=ORIENTED_EDGE('',*,*,#4147,.F.);
#5546=ORIENTED_EDGE('',*,*,#4152,.F.);
#5547=ORIENTED_EDGE('',*,*,#4153,.T.);
#5548=ORIENTED_EDGE('',*,*,#4154,.T.);
#5549=ORIENTED_EDGE('',*,*,#4150,.F.);
#5550=ORIENTED_EDGE('',*,*,#4155,.F.);
#5551=ORIENTED_EDGE('',*,*,#4156,.T.);
#5552=ORIENTED_EDGE('',*,*,#4157,.T.);
#5553=ORIENTED_EDGE('',*,*,#4153,.F.);
#5554=ORIENTED_EDGE('',*,*,#4158,.F.);
#5555=ORIENTED_EDGE('',*,*,#4159,.T.);
#5556=ORIENTED_EDGE('',*,*,#4160,.T.);
#5557=ORIENTED_EDGE('',*,*,#4156,.F.);
#5558=ORIENTED_EDGE('',*,*,#4161,.F.);
#5559=ORIENTED_EDGE('',*,*,#4133,.T.);
#5560=ORIENTED_EDGE('',*,*,#4162,.T.);
#5561=ORIENTED_EDGE('',*,*,#4159,.F.);
#5562=ORIENTED_EDGE('',*,*,#4136,.F.);
#5563=ORIENTED_EDGE('',*,*,#4139,.F.);
#5564=ORIENTED_EDGE('',*,*,#4142,.F.);
#5565=ORIENTED_EDGE('',*,*,#4145,.F.);
#5566=ORIENTED_EDGE('',*,*,#4148,.F.);
#5567=ORIENTED_EDGE('',*,*,#4151,.F.);
#5568=ORIENTED_EDGE('',*,*,#4154,.F.);
#5569=ORIENTED_EDGE('',*,*,#4157,.F.);
#5570=ORIENTED_EDGE('',*,*,#4160,.F.);
#5571=ORIENTED_EDGE('',*,*,#4162,.F.);
#5572=ORIENTED_EDGE('',*,*,#4132,.F.);
#5573=ORIENTED_EDGE('',*,*,#4129,.F.);
#5574=ORIENTED_EDGE('',*,*,#4126,.F.);
#5575=ORIENTED_EDGE('',*,*,#4123,.F.);
#5576=ORIENTED_EDGE('',*,*,#4120,.F.);
#5577=ORIENTED_EDGE('',*,*,#4117,.F.);
#5578=ORIENTED_EDGE('',*,*,#4114,.F.);
#5579=ORIENTED_EDGE('',*,*,#4111,.F.);
#5580=ORIENTED_EDGE('',*,*,#4108,.F.);
#5581=ORIENTED_EDGE('',*,*,#4105,.F.);
#5582=ORIENTED_EDGE('',*,*,#4163,.F.);
#5583=ORIENTED_EDGE('',*,*,#4164,.F.);
#5584=ORIENTED_EDGE('',*,*,#4165,.F.);
#5585=ORIENTED_EDGE('',*,*,#4166,.F.);
#5586=ORIENTED_EDGE('',*,*,#4167,.F.);
#5587=ORIENTED_EDGE('',*,*,#4168,.F.);
#5588=ORIENTED_EDGE('',*,*,#4169,.F.);
#5589=ORIENTED_EDGE('',*,*,#4170,.F.);
#5590=ORIENTED_EDGE('',*,*,#4171,.F.);
#5591=ORIENTED_EDGE('',*,*,#4172,.F.);
#5592=ORIENTED_EDGE('',*,*,#4173,.F.);
#5593=ORIENTED_EDGE('',*,*,#4174,.F.);
#5594=ORIENTED_EDGE('',*,*,#4175,.T.);
#5595=ORIENTED_EDGE('',*,*,#4168,.T.);
#5596=ORIENTED_EDGE('',*,*,#4176,.F.);
#5597=ORIENTED_EDGE('',*,*,#4177,.F.);
#5598=ORIENTED_EDGE('',*,*,#4176,.T.);
#5599=ORIENTED_EDGE('',*,*,#4167,.T.);
#5600=ORIENTED_EDGE('',*,*,#4178,.F.);
#5601=ORIENTED_EDGE('',*,*,#4179,.F.);
#5602=ORIENTED_EDGE('',*,*,#4178,.T.);
#5603=ORIENTED_EDGE('',*,*,#4166,.T.);
#5604=ORIENTED_EDGE('',*,*,#4180,.F.);
#5605=ORIENTED_EDGE('',*,*,#4181,.F.);
#5606=ORIENTED_EDGE('',*,*,#4180,.T.);
#5607=ORIENTED_EDGE('',*,*,#4165,.T.);
#5608=ORIENTED_EDGE('',*,*,#4182,.F.);
#5609=ORIENTED_EDGE('',*,*,#4183,.F.);
#5610=ORIENTED_EDGE('',*,*,#4182,.T.);
#5611=ORIENTED_EDGE('',*,*,#4164,.T.);
#5612=ORIENTED_EDGE('',*,*,#4184,.F.);
#5613=ORIENTED_EDGE('',*,*,#4185,.F.);
#5614=ORIENTED_EDGE('',*,*,#4184,.T.);
#5615=ORIENTED_EDGE('',*,*,#4163,.T.);
#5616=ORIENTED_EDGE('',*,*,#4186,.F.);
#5617=ORIENTED_EDGE('',*,*,#4187,.F.);
#5618=ORIENTED_EDGE('',*,*,#4188,.T.);
#5619=ORIENTED_EDGE('',*,*,#4169,.T.);
#5620=ORIENTED_EDGE('',*,*,#4175,.F.);
#5621=ORIENTED_EDGE('',*,*,#4189,.F.);
#5622=ORIENTED_EDGE('',*,*,#4190,.T.);
#5623=ORIENTED_EDGE('',*,*,#4170,.T.);
#5624=ORIENTED_EDGE('',*,*,#4188,.F.);
#5625=ORIENTED_EDGE('',*,*,#4191,.F.);
#5626=ORIENTED_EDGE('',*,*,#4192,.T.);
#5627=ORIENTED_EDGE('',*,*,#4171,.T.);
#5628=ORIENTED_EDGE('',*,*,#4190,.F.);
#5629=ORIENTED_EDGE('',*,*,#4193,.F.);
#5630=ORIENTED_EDGE('',*,*,#4194,.T.);
#5631=ORIENTED_EDGE('',*,*,#4172,.T.);
#5632=ORIENTED_EDGE('',*,*,#4192,.F.);
#5633=ORIENTED_EDGE('',*,*,#4195,.F.);
#5634=ORIENTED_EDGE('',*,*,#4186,.T.);
#5635=ORIENTED_EDGE('',*,*,#4173,.T.);
#5636=ORIENTED_EDGE('',*,*,#4194,.F.);
#5637=ORIENTED_EDGE('',*,*,#4196,.F.);
#5638=ORIENTED_EDGE('',*,*,#4197,.T.);
#5639=ORIENTED_EDGE('',*,*,#4198,.T.);
#5640=ORIENTED_EDGE('',*,*,#4199,.F.);
#5641=ORIENTED_EDGE('',*,*,#4200,.F.);
#5642=ORIENTED_EDGE('',*,*,#4199,.T.);
#5643=ORIENTED_EDGE('',*,*,#4201,.T.);
#5644=ORIENTED_EDGE('',*,*,#4202,.F.);
#5645=ORIENTED_EDGE('',*,*,#4203,.F.);
#5646=ORIENTED_EDGE('',*,*,#4204,.T.);
#5647=ORIENTED_EDGE('',*,*,#4205,.T.);
#5648=ORIENTED_EDGE('',*,*,#4197,.F.);
#5649=ORIENTED_EDGE('',*,*,#4206,.F.);
#5650=ORIENTED_EDGE('',*,*,#4202,.T.);
#5651=ORIENTED_EDGE('',*,*,#4207,.T.);
#5652=ORIENTED_EDGE('',*,*,#4204,.F.);
#5653=ORIENTED_EDGE('',*,*,#4205,.F.);
#5654=ORIENTED_EDGE('',*,*,#4207,.F.);
#5655=ORIENTED_EDGE('',*,*,#4201,.F.);
#5656=ORIENTED_EDGE('',*,*,#4198,.F.);
#5657=ORIENTED_EDGE('',*,*,#4208,.F.);
#5658=ORIENTED_EDGE('',*,*,#4209,.F.);
#5659=ORIENTED_EDGE('',*,*,#4210,.F.);
#5660=ORIENTED_EDGE('',*,*,#4211,.F.);
#5661=ORIENTED_EDGE('',*,*,#4212,.F.);
#5662=ORIENTED_EDGE('',*,*,#4213,.F.);
#5663=ORIENTED_EDGE('',*,*,#4214,.F.);
#5664=ORIENTED_EDGE('',*,*,#4215,.F.);
#5665=ORIENTED_EDGE('',*,*,#4216,.F.);
#5666=ORIENTED_EDGE('',*,*,#4217,.F.);
#5667=ORIENTED_EDGE('',*,*,#4218,.F.);
#5668=ORIENTED_EDGE('',*,*,#4219,.F.);
#5669=ORIENTED_EDGE('',*,*,#4220,.F.);
#5670=ORIENTED_EDGE('',*,*,#4221,.F.);
#5671=ORIENTED_EDGE('',*,*,#4222,.F.);
#5672=ORIENTED_EDGE('',*,*,#4223,.F.);
#5673=ORIENTED_EDGE('',*,*,#4224,.F.);
#5674=ORIENTED_EDGE('',*,*,#4225,.F.);
#5675=ORIENTED_EDGE('',*,*,#4226,.F.);
#5676=ORIENTED_EDGE('',*,*,#4227,.F.);
#5677=ORIENTED_EDGE('',*,*,#4228,.F.);
#5678=ORIENTED_EDGE('',*,*,#4229,.F.);
#5679=ORIENTED_EDGE('',*,*,#4230,.F.);
#5680=ORIENTED_EDGE('',*,*,#4231,.F.);
#5681=ORIENTED_EDGE('',*,*,#4232,.F.);
#5682=ORIENTED_EDGE('',*,*,#4233,.F.);
#5683=ORIENTED_EDGE('',*,*,#4234,.F.);
#5684=ORIENTED_EDGE('',*,*,#4235,.F.);
#5685=ORIENTED_EDGE('',*,*,#4236,.T.);
#5686=ORIENTED_EDGE('',*,*,#4221,.T.);
#5687=ORIENTED_EDGE('',*,*,#4237,.F.);
#5688=ORIENTED_EDGE('',*,*,#4238,.F.);
#5689=ORIENTED_EDGE('',*,*,#4237,.T.);
#5690=ORIENTED_EDGE('',*,*,#4220,.T.);
#5691=ORIENTED_EDGE('',*,*,#4239,.F.);
#5692=ORIENTED_EDGE('',*,*,#4240,.F.);
#5693=ORIENTED_EDGE('',*,*,#4239,.T.);
#5694=ORIENTED_EDGE('',*,*,#4219,.T.);
#5695=ORIENTED_EDGE('',*,*,#4241,.F.);
#5696=ORIENTED_EDGE('',*,*,#4242,.F.);
#5697=ORIENTED_EDGE('',*,*,#4241,.T.);
#5698=ORIENTED_EDGE('',*,*,#4218,.T.);
#5699=ORIENTED_EDGE('',*,*,#4243,.F.);
#5700=ORIENTED_EDGE('',*,*,#4244,.F.);
#5701=ORIENTED_EDGE('',*,*,#4243,.T.);
#5702=ORIENTED_EDGE('',*,*,#4217,.T.);
#5703=ORIENTED_EDGE('',*,*,#4245,.F.);
#5704=ORIENTED_EDGE('',*,*,#4246,.F.);
#5705=ORIENTED_EDGE('',*,*,#4245,.T.);
#5706=ORIENTED_EDGE('',*,*,#4216,.T.);
#5707=ORIENTED_EDGE('',*,*,#4247,.F.);
#5708=ORIENTED_EDGE('',*,*,#4248,.F.);
#5709=ORIENTED_EDGE('',*,*,#4247,.T.);
#5710=ORIENTED_EDGE('',*,*,#4215,.T.);
#5711=ORIENTED_EDGE('',*,*,#4249,.F.);
#5712=ORIENTED_EDGE('',*,*,#4250,.F.);
#5713=ORIENTED_EDGE('',*,*,#4249,.T.);
#5714=ORIENTED_EDGE('',*,*,#4214,.T.);
#5715=ORIENTED_EDGE('',*,*,#4251,.F.);
#5716=ORIENTED_EDGE('',*,*,#4252,.F.);
#5717=ORIENTED_EDGE('',*,*,#4251,.T.);
#5718=ORIENTED_EDGE('',*,*,#4213,.T.);
#5719=ORIENTED_EDGE('',*,*,#4253,.F.);
#5720=ORIENTED_EDGE('',*,*,#4254,.F.);
#5721=ORIENTED_EDGE('',*,*,#4253,.T.);
#5722=ORIENTED_EDGE('',*,*,#4212,.T.);
#5723=ORIENTED_EDGE('',*,*,#4255,.F.);
#5724=ORIENTED_EDGE('',*,*,#4256,.F.);
#5725=ORIENTED_EDGE('',*,*,#4255,.T.);
#5726=ORIENTED_EDGE('',*,*,#4211,.T.);
#5727=ORIENTED_EDGE('',*,*,#4257,.F.);
#5728=ORIENTED_EDGE('',*,*,#4258,.F.);
#5729=ORIENTED_EDGE('',*,*,#4257,.T.);
#5730=ORIENTED_EDGE('',*,*,#4210,.T.);
#5731=ORIENTED_EDGE('',*,*,#4259,.F.);
#5732=ORIENTED_EDGE('',*,*,#4260,.F.);
#5733=ORIENTED_EDGE('',*,*,#4259,.T.);
#5734=ORIENTED_EDGE('',*,*,#4209,.T.);
#5735=ORIENTED_EDGE('',*,*,#4261,.F.);
#5736=ORIENTED_EDGE('',*,*,#4262,.F.);
#5737=ORIENTED_EDGE('',*,*,#4261,.T.);
#5738=ORIENTED_EDGE('',*,*,#4208,.T.);
#5739=ORIENTED_EDGE('',*,*,#4263,.F.);
#5740=ORIENTED_EDGE('',*,*,#4264,.F.);
#5741=ORIENTED_EDGE('',*,*,#4265,.T.);
#5742=ORIENTED_EDGE('',*,*,#4222,.T.);
#5743=ORIENTED_EDGE('',*,*,#4236,.F.);
#5744=ORIENTED_EDGE('',*,*,#4266,.F.);
#5745=ORIENTED_EDGE('',*,*,#4267,.T.);
#5746=ORIENTED_EDGE('',*,*,#4223,.T.);
#5747=ORIENTED_EDGE('',*,*,#4265,.F.);
#5748=ORIENTED_EDGE('',*,*,#4268,.F.);
#5749=ORIENTED_EDGE('',*,*,#4269,.T.);
#5750=ORIENTED_EDGE('',*,*,#4224,.T.);
#5751=ORIENTED_EDGE('',*,*,#4267,.F.);
#5752=ORIENTED_EDGE('',*,*,#4270,.F.);
#5753=ORIENTED_EDGE('',*,*,#4271,.T.);
#5754=ORIENTED_EDGE('',*,*,#4225,.T.);
#5755=ORIENTED_EDGE('',*,*,#4269,.F.);
#5756=ORIENTED_EDGE('',*,*,#4272,.F.);
#5757=ORIENTED_EDGE('',*,*,#4273,.T.);
#5758=ORIENTED_EDGE('',*,*,#4226,.T.);
#5759=ORIENTED_EDGE('',*,*,#4271,.F.);
#5760=ORIENTED_EDGE('',*,*,#4274,.F.);
#5761=ORIENTED_EDGE('',*,*,#4275,.T.);
#5762=ORIENTED_EDGE('',*,*,#4227,.T.);
#5763=ORIENTED_EDGE('',*,*,#4273,.F.);
#5764=ORIENTED_EDGE('',*,*,#4276,.F.);
#5765=ORIENTED_EDGE('',*,*,#4277,.T.);
#5766=ORIENTED_EDGE('',*,*,#4228,.T.);
#5767=ORIENTED_EDGE('',*,*,#4275,.F.);
#5768=ORIENTED_EDGE('',*,*,#4278,.F.);
#5769=ORIENTED_EDGE('',*,*,#4279,.T.);
#5770=ORIENTED_EDGE('',*,*,#4229,.T.);
#5771=ORIENTED_EDGE('',*,*,#4277,.F.);
#5772=ORIENTED_EDGE('',*,*,#4280,.F.);
#5773=ORIENTED_EDGE('',*,*,#4281,.T.);
#5774=ORIENTED_EDGE('',*,*,#4230,.T.);
#5775=ORIENTED_EDGE('',*,*,#4279,.F.);
#5776=ORIENTED_EDGE('',*,*,#4282,.F.);
#5777=ORIENTED_EDGE('',*,*,#4283,.T.);
#5778=ORIENTED_EDGE('',*,*,#4231,.T.);
#5779=ORIENTED_EDGE('',*,*,#4281,.F.);
#5780=ORIENTED_EDGE('',*,*,#4284,.F.);
#5781=ORIENTED_EDGE('',*,*,#4285,.T.);
#5782=ORIENTED_EDGE('',*,*,#4232,.T.);
#5783=ORIENTED_EDGE('',*,*,#4283,.F.);
#5784=ORIENTED_EDGE('',*,*,#4286,.F.);
#5785=ORIENTED_EDGE('',*,*,#4287,.T.);
#5786=ORIENTED_EDGE('',*,*,#4233,.T.);
#5787=ORIENTED_EDGE('',*,*,#4285,.F.);
#5788=ORIENTED_EDGE('',*,*,#4288,.F.);
#5789=ORIENTED_EDGE('',*,*,#4263,.T.);
#5790=ORIENTED_EDGE('',*,*,#4234,.T.);
#5791=ORIENTED_EDGE('',*,*,#4287,.F.);
#5792=ORIENTED_EDGE('',*,*,#4289,.F.);
#5793=ORIENTED_EDGE('',*,*,#4290,.T.);
#5794=ORIENTED_EDGE('',*,*,#4291,.T.);
#5795=ORIENTED_EDGE('',*,*,#4292,.F.);
#5796=ORIENTED_EDGE('',*,*,#4293,.F.);
#5797=ORIENTED_EDGE('',*,*,#4292,.T.);
#5798=ORIENTED_EDGE('',*,*,#4294,.T.);
#5799=ORIENTED_EDGE('',*,*,#4295,.F.);
#5800=ORIENTED_EDGE('',*,*,#4296,.F.);
#5801=ORIENTED_EDGE('',*,*,#4295,.T.);
#5802=ORIENTED_EDGE('',*,*,#4297,.T.);
#5803=ORIENTED_EDGE('',*,*,#4298,.F.);
#5804=ORIENTED_EDGE('',*,*,#4299,.F.);
#5805=ORIENTED_EDGE('',*,*,#4300,.T.);
#5806=ORIENTED_EDGE('',*,*,#4301,.T.);
#5807=ORIENTED_EDGE('',*,*,#4302,.F.);
#5808=ORIENTED_EDGE('',*,*,#4303,.F.);
#5809=ORIENTED_EDGE('',*,*,#4304,.T.);
#5810=ORIENTED_EDGE('',*,*,#4305,.T.);
#5811=ORIENTED_EDGE('',*,*,#4300,.F.);
#5812=ORIENTED_EDGE('',*,*,#4306,.F.);
#5813=ORIENTED_EDGE('',*,*,#4307,.T.);
#5814=ORIENTED_EDGE('',*,*,#4308,.T.);
#5815=ORIENTED_EDGE('',*,*,#4304,.F.);
#5816=ORIENTED_EDGE('',*,*,#4309,.F.);
#5817=ORIENTED_EDGE('',*,*,#4310,.T.);
#5818=ORIENTED_EDGE('',*,*,#4311,.T.);
#5819=ORIENTED_EDGE('',*,*,#4290,.F.);
#5820=ORIENTED_EDGE('',*,*,#4312,.F.);
#5821=ORIENTED_EDGE('',*,*,#4313,.T.);
#5822=ORIENTED_EDGE('',*,*,#4314,.T.);
#5823=ORIENTED_EDGE('',*,*,#4310,.F.);
#5824=ORIENTED_EDGE('',*,*,#4315,.F.);
#5825=ORIENTED_EDGE('',*,*,#4316,.T.);
#5826=ORIENTED_EDGE('',*,*,#4317,.T.);
#5827=ORIENTED_EDGE('',*,*,#4313,.F.);
#5828=ORIENTED_EDGE('',*,*,#4318,.F.);
#5829=ORIENTED_EDGE('',*,*,#4298,.T.);
#5830=ORIENTED_EDGE('',*,*,#4319,.T.);
#5831=ORIENTED_EDGE('',*,*,#4316,.F.);
#5832=ORIENTED_EDGE('',*,*,#4320,.F.);
#5833=ORIENTED_EDGE('',*,*,#4321,.T.);
#5834=ORIENTED_EDGE('',*,*,#4322,.T.);
#5835=ORIENTED_EDGE('',*,*,#4307,.F.);
#5836=ORIENTED_EDGE('',*,*,#4323,.F.);
#5837=ORIENTED_EDGE('',*,*,#4324,.T.);
#5838=ORIENTED_EDGE('',*,*,#4325,.T.);
#5839=ORIENTED_EDGE('',*,*,#4321,.F.);
#5840=ORIENTED_EDGE('',*,*,#4326,.F.);
#5841=ORIENTED_EDGE('',*,*,#4327,.T.);
#5842=ORIENTED_EDGE('',*,*,#4328,.T.);
#5843=ORIENTED_EDGE('',*,*,#4324,.F.);
#5844=ORIENTED_EDGE('',*,*,#4329,.F.);
#5845=ORIENTED_EDGE('',*,*,#4302,.T.);
#5846=ORIENTED_EDGE('',*,*,#4330,.T.);
#5847=ORIENTED_EDGE('',*,*,#4327,.F.);
#5848=ORIENTED_EDGE('',*,*,#4311,.F.);
#5849=ORIENTED_EDGE('',*,*,#4314,.F.);
#5850=ORIENTED_EDGE('',*,*,#4317,.F.);
#5851=ORIENTED_EDGE('',*,*,#4319,.F.);
#5852=ORIENTED_EDGE('',*,*,#4297,.F.);
#5853=ORIENTED_EDGE('',*,*,#4294,.F.);
#5854=ORIENTED_EDGE('',*,*,#4291,.F.);
#5855=ORIENTED_EDGE('',*,*,#4322,.F.);
#5856=ORIENTED_EDGE('',*,*,#4325,.F.);
#5857=ORIENTED_EDGE('',*,*,#4328,.F.);
#5858=ORIENTED_EDGE('',*,*,#4330,.F.);
#5859=ORIENTED_EDGE('',*,*,#4301,.F.);
#5860=ORIENTED_EDGE('',*,*,#4305,.F.);
#5861=ORIENTED_EDGE('',*,*,#4308,.F.);
#5862=ORIENTED_EDGE('',*,*,#4331,.F.);
#5863=ORIENTED_EDGE('',*,*,#4332,.F.);
#5864=ORIENTED_EDGE('',*,*,#4333,.F.);
#5865=ORIENTED_EDGE('',*,*,#4334,.F.);
#5866=ORIENTED_EDGE('',*,*,#4335,.F.);
#5867=ORIENTED_EDGE('',*,*,#4336,.F.);
#5868=ORIENTED_EDGE('',*,*,#4337,.F.);
#5869=ORIENTED_EDGE('',*,*,#4338,.F.);
#5870=ORIENTED_EDGE('',*,*,#4339,.F.);
#5871=ORIENTED_EDGE('',*,*,#4340,.F.);
#5872=ORIENTED_EDGE('',*,*,#4341,.F.);
#5873=ORIENTED_EDGE('',*,*,#4342,.F.);
#5874=ORIENTED_EDGE('',*,*,#4343,.F.);
#5875=ORIENTED_EDGE('',*,*,#4344,.F.);
#5876=ORIENTED_EDGE('',*,*,#4345,.F.);
#5877=ORIENTED_EDGE('',*,*,#4346,.F.);
#5878=ORIENTED_EDGE('',*,*,#4347,.F.);
#5879=ORIENTED_EDGE('',*,*,#4348,.F.);
#5880=ORIENTED_EDGE('',*,*,#4349,.F.);
#5881=ORIENTED_EDGE('',*,*,#4350,.F.);
#5882=ORIENTED_EDGE('',*,*,#4351,.F.);
#5883=ORIENTED_EDGE('',*,*,#4352,.F.);
#5884=ORIENTED_EDGE('',*,*,#4353,.F.);
#5885=ORIENTED_EDGE('',*,*,#4354,.F.);
#5886=ORIENTED_EDGE('',*,*,#4355,.F.);
#5887=ORIENTED_EDGE('',*,*,#4356,.T.);
#5888=ORIENTED_EDGE('',*,*,#4351,.T.);
#5889=ORIENTED_EDGE('',*,*,#4357,.F.);
#5890=ORIENTED_EDGE('',*,*,#4358,.F.);
#5891=ORIENTED_EDGE('',*,*,#4357,.T.);
#5892=ORIENTED_EDGE('',*,*,#4350,.T.);
#5893=ORIENTED_EDGE('',*,*,#4359,.F.);
#5894=ORIENTED_EDGE('',*,*,#4360,.F.);
#5895=ORIENTED_EDGE('',*,*,#4359,.T.);
#5896=ORIENTED_EDGE('',*,*,#4349,.T.);
#5897=ORIENTED_EDGE('',*,*,#4361,.F.);
#5898=ORIENTED_EDGE('',*,*,#4362,.F.);
#5899=ORIENTED_EDGE('',*,*,#4361,.T.);
#5900=ORIENTED_EDGE('',*,*,#4348,.T.);
#5901=ORIENTED_EDGE('',*,*,#4363,.F.);
#5902=ORIENTED_EDGE('',*,*,#4364,.F.);
#5903=ORIENTED_EDGE('',*,*,#4365,.T.);
#5904=ORIENTED_EDGE('',*,*,#4344,.T.);
#5905=ORIENTED_EDGE('',*,*,#4366,.F.);
#5906=ORIENTED_EDGE('',*,*,#4367,.F.);
#5907=ORIENTED_EDGE('',*,*,#4366,.T.);
#5908=ORIENTED_EDGE('',*,*,#4343,.T.);
#5909=ORIENTED_EDGE('',*,*,#4368,.F.);
#5910=ORIENTED_EDGE('',*,*,#4369,.F.);
#5911=ORIENTED_EDGE('',*,*,#4368,.T.);
#5912=ORIENTED_EDGE('',*,*,#4342,.T.);
#5913=ORIENTED_EDGE('',*,*,#4370,.F.);
#5914=ORIENTED_EDGE('',*,*,#4371,.F.);
#5915=ORIENTED_EDGE('',*,*,#4370,.T.);
#5916=ORIENTED_EDGE('',*,*,#4341,.T.);
#5917=ORIENTED_EDGE('',*,*,#4372,.F.);
#5918=ORIENTED_EDGE('',*,*,#4373,.F.);
#5919=ORIENTED_EDGE('',*,*,#4374,.T.);
#5920=ORIENTED_EDGE('',*,*,#4335,.T.);
#5921=ORIENTED_EDGE('',*,*,#4375,.F.);
#5922=ORIENTED_EDGE('',*,*,#4376,.F.);
#5923=ORIENTED_EDGE('',*,*,#4375,.T.);
#5924=ORIENTED_EDGE('',*,*,#4334,.T.);
#5925=ORIENTED_EDGE('',*,*,#4377,.F.);
#5926=ORIENTED_EDGE('',*,*,#4378,.F.);
#5927=ORIENTED_EDGE('',*,*,#4377,.T.);
#5928=ORIENTED_EDGE('',*,*,#4333,.T.);
#5929=ORIENTED_EDGE('',*,*,#4379,.F.);
#5930=ORIENTED_EDGE('',*,*,#4380,.F.);
#5931=ORIENTED_EDGE('',*,*,#4379,.T.);
#5932=ORIENTED_EDGE('',*,*,#4332,.T.);
#5933=ORIENTED_EDGE('',*,*,#4381,.F.);
#5934=ORIENTED_EDGE('',*,*,#4382,.F.);
#5935=ORIENTED_EDGE('',*,*,#4381,.T.);
#5936=ORIENTED_EDGE('',*,*,#4331,.T.);
#5937=ORIENTED_EDGE('',*,*,#4383,.F.);
#5938=ORIENTED_EDGE('',*,*,#4384,.F.);
#5939=ORIENTED_EDGE('',*,*,#4363,.T.);
#5940=ORIENTED_EDGE('',*,*,#4354,.T.);
#5941=ORIENTED_EDGE('',*,*,#4385,.F.);
#5942=ORIENTED_EDGE('',*,*,#4386,.F.);
#5943=ORIENTED_EDGE('',*,*,#4385,.T.);
#5944=ORIENTED_EDGE('',*,*,#4353,.T.);
#5945=ORIENTED_EDGE('',*,*,#4387,.F.);
#5946=ORIENTED_EDGE('',*,*,#4388,.F.);
#5947=ORIENTED_EDGE('',*,*,#4387,.T.);
#5948=ORIENTED_EDGE('',*,*,#4352,.T.);
#5949=ORIENTED_EDGE('',*,*,#4356,.F.);
#5950=ORIENTED_EDGE('',*,*,#4389,.F.);
#5951=ORIENTED_EDGE('',*,*,#4372,.T.);
#5952=ORIENTED_EDGE('',*,*,#4347,.T.);
#5953=ORIENTED_EDGE('',*,*,#4390,.F.);
#5954=ORIENTED_EDGE('',*,*,#4391,.F.);
#5955=ORIENTED_EDGE('',*,*,#4390,.T.);
#5956=ORIENTED_EDGE('',*,*,#4346,.T.);
#5957=ORIENTED_EDGE('',*,*,#4392,.F.);
#5958=ORIENTED_EDGE('',*,*,#4393,.F.);
#5959=ORIENTED_EDGE('',*,*,#4392,.T.);
#5960=ORIENTED_EDGE('',*,*,#4345,.T.);
#5961=ORIENTED_EDGE('',*,*,#4365,.F.);
#5962=ORIENTED_EDGE('',*,*,#4394,.F.);
#5963=ORIENTED_EDGE('',*,*,#4395,.T.);
#5964=ORIENTED_EDGE('',*,*,#4336,.T.);
#5965=ORIENTED_EDGE('',*,*,#4374,.F.);
#5966=ORIENTED_EDGE('',*,*,#4396,.F.);
#5967=ORIENTED_EDGE('',*,*,#4397,.T.);
#5968=ORIENTED_EDGE('',*,*,#4337,.T.);
#5969=ORIENTED_EDGE('',*,*,#4395,.F.);
#5970=ORIENTED_EDGE('',*,*,#4398,.F.);
#5971=ORIENTED_EDGE('',*,*,#4399,.T.);
#5972=ORIENTED_EDGE('',*,*,#4338,.T.);
#5973=ORIENTED_EDGE('',*,*,#4397,.F.);
#5974=ORIENTED_EDGE('',*,*,#4400,.F.);
#5975=ORIENTED_EDGE('',*,*,#4401,.T.);
#5976=ORIENTED_EDGE('',*,*,#4339,.T.);
#5977=ORIENTED_EDGE('',*,*,#4399,.F.);
#5978=ORIENTED_EDGE('',*,*,#4402,.F.);
#5979=ORIENTED_EDGE('',*,*,#4383,.T.);
#5980=ORIENTED_EDGE('',*,*,#4340,.T.);
#5981=ORIENTED_EDGE('',*,*,#4401,.F.);
#5982=ORIENTED_EDGE('',*,*,#4403,.F.);
#5983=ORIENTED_EDGE('',*,*,#4404,.T.);
#5984=ORIENTED_EDGE('',*,*,#4405,.T.);
#5985=ORIENTED_EDGE('',*,*,#4406,.F.);
#5986=ORIENTED_EDGE('',*,*,#4407,.F.);
#5987=ORIENTED_EDGE('',*,*,#4406,.T.);
#5988=ORIENTED_EDGE('',*,*,#4408,.T.);
#5989=ORIENTED_EDGE('',*,*,#4409,.F.);
#5990=ORIENTED_EDGE('',*,*,#4410,.F.);
#5991=ORIENTED_EDGE('',*,*,#4411,.T.);
#5992=ORIENTED_EDGE('',*,*,#4412,.T.);
#5993=ORIENTED_EDGE('',*,*,#4404,.F.);
#5994=ORIENTED_EDGE('',*,*,#4413,.F.);
#5995=ORIENTED_EDGE('',*,*,#4409,.T.);
#5996=ORIENTED_EDGE('',*,*,#4414,.T.);
#5997=ORIENTED_EDGE('',*,*,#4411,.F.);
#5998=ORIENTED_EDGE('',*,*,#4412,.F.);
#5999=ORIENTED_EDGE('',*,*,#4414,.F.);
#6000=ORIENTED_EDGE('',*,*,#4408,.F.);
#6001=ORIENTED_EDGE('',*,*,#4405,.F.);
#6002=ORIENTED_EDGE('',*,*,#4415,.F.);
#6003=ORIENTED_EDGE('',*,*,#4416,.F.);
#6004=ORIENTED_EDGE('',*,*,#4417,.F.);
#6005=ORIENTED_EDGE('',*,*,#4418,.F.);
#6006=ORIENTED_EDGE('',*,*,#4419,.F.);
#6007=ORIENTED_EDGE('',*,*,#4403,.T.);
#6008=ORIENTED_EDGE('',*,*,#4407,.T.);
#6009=ORIENTED_EDGE('',*,*,#4413,.T.);
#6010=ORIENTED_EDGE('',*,*,#4410,.T.);
#6011=ORIENTED_EDGE('',*,*,#4373,.T.);
#6012=ORIENTED_EDGE('',*,*,#4376,.T.);
#6013=ORIENTED_EDGE('',*,*,#4378,.T.);
#6014=ORIENTED_EDGE('',*,*,#4380,.T.);
#6015=ORIENTED_EDGE('',*,*,#4382,.T.);
#6016=ORIENTED_EDGE('',*,*,#4402,.T.);
#6017=ORIENTED_EDGE('',*,*,#4400,.T.);
#6018=ORIENTED_EDGE('',*,*,#4398,.T.);
#6019=ORIENTED_EDGE('',*,*,#4396,.T.);
#6020=ORIENTED_EDGE('',*,*,#4394,.T.);
#6021=ORIENTED_EDGE('',*,*,#4289,.T.);
#6022=ORIENTED_EDGE('',*,*,#4293,.T.);
#6023=ORIENTED_EDGE('',*,*,#4296,.T.);
#6024=ORIENTED_EDGE('',*,*,#4318,.T.);
#6025=ORIENTED_EDGE('',*,*,#4315,.T.);
#6026=ORIENTED_EDGE('',*,*,#4312,.T.);
#6027=ORIENTED_EDGE('',*,*,#4309,.T.);
#6028=ORIENTED_EDGE('',*,*,#4235,.T.);
#6029=ORIENTED_EDGE('',*,*,#4238,.T.);
#6030=ORIENTED_EDGE('',*,*,#4240,.T.);
#6031=ORIENTED_EDGE('',*,*,#4242,.T.);
#6032=ORIENTED_EDGE('',*,*,#4244,.T.);
#6033=ORIENTED_EDGE('',*,*,#4246,.T.);
#6034=ORIENTED_EDGE('',*,*,#4248,.T.);
#6035=ORIENTED_EDGE('',*,*,#4250,.T.);
#6036=ORIENTED_EDGE('',*,*,#4252,.T.);
#6037=ORIENTED_EDGE('',*,*,#4254,.T.);
#6038=ORIENTED_EDGE('',*,*,#4256,.T.);
#6039=ORIENTED_EDGE('',*,*,#4258,.T.);
#6040=ORIENTED_EDGE('',*,*,#4260,.T.);
#6041=ORIENTED_EDGE('',*,*,#4262,.T.);
#6042=ORIENTED_EDGE('',*,*,#4288,.T.);
#6043=ORIENTED_EDGE('',*,*,#4286,.T.);
#6044=ORIENTED_EDGE('',*,*,#4284,.T.);
#6045=ORIENTED_EDGE('',*,*,#4282,.T.);
#6046=ORIENTED_EDGE('',*,*,#4280,.T.);
#6047=ORIENTED_EDGE('',*,*,#4278,.T.);
#6048=ORIENTED_EDGE('',*,*,#4276,.T.);
#6049=ORIENTED_EDGE('',*,*,#4274,.T.);
#6050=ORIENTED_EDGE('',*,*,#4272,.T.);
#6051=ORIENTED_EDGE('',*,*,#4270,.T.);
#6052=ORIENTED_EDGE('',*,*,#4268,.T.);
#6053=ORIENTED_EDGE('',*,*,#4266,.T.);
#6054=ORIENTED_EDGE('',*,*,#4264,.T.);
#6055=ORIENTED_EDGE('',*,*,#4196,.T.);
#6056=ORIENTED_EDGE('',*,*,#4200,.T.);
#6057=ORIENTED_EDGE('',*,*,#4206,.T.);
#6058=ORIENTED_EDGE('',*,*,#4203,.T.);
#6059=ORIENTED_EDGE('',*,*,#4174,.T.);
#6060=ORIENTED_EDGE('',*,*,#4177,.T.);
#6061=ORIENTED_EDGE('',*,*,#4179,.T.);
#6062=ORIENTED_EDGE('',*,*,#4181,.T.);
#6063=ORIENTED_EDGE('',*,*,#4183,.T.);
#6064=ORIENTED_EDGE('',*,*,#4185,.T.);
#6065=ORIENTED_EDGE('',*,*,#4195,.T.);
#6066=ORIENTED_EDGE('',*,*,#4193,.T.);
#6067=ORIENTED_EDGE('',*,*,#4191,.T.);
#6068=ORIENTED_EDGE('',*,*,#4189,.T.);
#6069=ORIENTED_EDGE('',*,*,#4187,.T.);
#6070=ORIENTED_EDGE('',*,*,#4103,.T.);
#6071=ORIENTED_EDGE('',*,*,#4107,.T.);
#6072=ORIENTED_EDGE('',*,*,#4110,.T.);
#6073=ORIENTED_EDGE('',*,*,#4113,.T.);
#6074=ORIENTED_EDGE('',*,*,#4116,.T.);
#6075=ORIENTED_EDGE('',*,*,#4119,.T.);
#6076=ORIENTED_EDGE('',*,*,#4122,.T.);
#6077=ORIENTED_EDGE('',*,*,#4125,.T.);
#6078=ORIENTED_EDGE('',*,*,#4128,.T.);
#6079=ORIENTED_EDGE('',*,*,#4131,.T.);
#6080=ORIENTED_EDGE('',*,*,#4161,.T.);
#6081=ORIENTED_EDGE('',*,*,#4158,.T.);
#6082=ORIENTED_EDGE('',*,*,#4155,.T.);
#6083=ORIENTED_EDGE('',*,*,#4152,.T.);
#6084=ORIENTED_EDGE('',*,*,#4149,.T.);
#6085=ORIENTED_EDGE('',*,*,#4146,.T.);
#6086=ORIENTED_EDGE('',*,*,#4143,.T.);
#6087=ORIENTED_EDGE('',*,*,#4140,.T.);
#6088=ORIENTED_EDGE('',*,*,#4137,.T.);
#6089=ORIENTED_EDGE('',*,*,#4134,.T.);
#6090=ORIENTED_EDGE('',*,*,#4077,.T.);
#6091=ORIENTED_EDGE('',*,*,#4080,.T.);
#6092=ORIENTED_EDGE('',*,*,#4082,.T.);
#6093=ORIENTED_EDGE('',*,*,#4084,.T.);
#6094=ORIENTED_EDGE('',*,*,#4086,.T.);
#6095=ORIENTED_EDGE('',*,*,#4088,.T.);
#6096=ORIENTED_EDGE('',*,*,#4090,.T.);
#6097=ORIENTED_EDGE('',*,*,#4102,.T.);
#6098=ORIENTED_EDGE('',*,*,#4100,.T.);
#6099=ORIENTED_EDGE('',*,*,#4098,.T.);
#6100=ORIENTED_EDGE('',*,*,#4096,.T.);
#6101=ORIENTED_EDGE('',*,*,#4094,.T.);
#6102=ORIENTED_EDGE('',*,*,#4092,.T.);
#6103=ORIENTED_EDGE('',*,*,#4052,.T.);
#6104=ORIENTED_EDGE('',*,*,#4056,.T.);
#6105=ORIENTED_EDGE('',*,*,#4062,.T.);
#6106=ORIENTED_EDGE('',*,*,#4059,.T.);
#6107=ORIENTED_EDGE('',*,*,#3998,.T.);
#6108=ORIENTED_EDGE('',*,*,#4001,.T.);
#6109=ORIENTED_EDGE('',*,*,#4003,.T.);
#6110=ORIENTED_EDGE('',*,*,#4005,.T.);
#6111=ORIENTED_EDGE('',*,*,#4007,.T.);
#6112=ORIENTED_EDGE('',*,*,#4009,.T.);
#6113=ORIENTED_EDGE('',*,*,#4011,.T.);
#6114=ORIENTED_EDGE('',*,*,#4013,.T.);
#6115=ORIENTED_EDGE('',*,*,#4015,.T.);
#6116=ORIENTED_EDGE('',*,*,#4017,.T.);
#6117=ORIENTED_EDGE('',*,*,#4019,.T.);
#6118=ORIENTED_EDGE('',*,*,#4021,.T.);
#6119=ORIENTED_EDGE('',*,*,#4023,.T.);
#6120=ORIENTED_EDGE('',*,*,#4025,.T.);
#6121=ORIENTED_EDGE('',*,*,#4051,.T.);
#6122=ORIENTED_EDGE('',*,*,#4049,.T.);
#6123=ORIENTED_EDGE('',*,*,#4047,.T.);
#6124=ORIENTED_EDGE('',*,*,#4045,.T.);
#6125=ORIENTED_EDGE('',*,*,#4043,.T.);
#6126=ORIENTED_EDGE('',*,*,#4041,.T.);
#6127=ORIENTED_EDGE('',*,*,#4039,.T.);
#6128=ORIENTED_EDGE('',*,*,#4037,.T.);
#6129=ORIENTED_EDGE('',*,*,#4035,.T.);
#6130=ORIENTED_EDGE('',*,*,#4033,.T.);
#6131=ORIENTED_EDGE('',*,*,#4031,.T.);
#6132=ORIENTED_EDGE('',*,*,#4029,.T.);
#6133=ORIENTED_EDGE('',*,*,#4027,.T.);
#6134=ORIENTED_EDGE('',*,*,#3929,.T.);
#6135=ORIENTED_EDGE('',*,*,#3933,.T.);
#6136=ORIENTED_EDGE('',*,*,#3936,.T.);
#6137=ORIENTED_EDGE('',*,*,#3939,.T.);
#6138=ORIENTED_EDGE('',*,*,#3961,.T.);
#6139=ORIENTED_EDGE('',*,*,#3958,.T.);
#6140=ORIENTED_EDGE('',*,*,#3955,.T.);
#6141=ORIENTED_EDGE('',*,*,#3952,.T.);
#6142=ORIENTED_EDGE('',*,*,#3889,.T.);
#6143=ORIENTED_EDGE('',*,*,#3892,.T.);
#6144=ORIENTED_EDGE('',*,*,#3894,.T.);
#6145=ORIENTED_EDGE('',*,*,#3896,.T.);
#6146=ORIENTED_EDGE('',*,*,#3898,.T.);
#6147=ORIENTED_EDGE('',*,*,#3900,.T.);
#6148=ORIENTED_EDGE('',*,*,#3902,.T.);
#6149=ORIENTED_EDGE('',*,*,#3904,.T.);
#6150=ORIENTED_EDGE('',*,*,#3906,.T.);
#6151=ORIENTED_EDGE('',*,*,#3908,.T.);
#6152=ORIENTED_EDGE('',*,*,#3928,.T.);
#6153=ORIENTED_EDGE('',*,*,#3926,.T.);
#6154=ORIENTED_EDGE('',*,*,#3924,.T.);
#6155=ORIENTED_EDGE('',*,*,#3922,.T.);
#6156=ORIENTED_EDGE('',*,*,#3920,.T.);
#6157=ORIENTED_EDGE('',*,*,#3918,.T.);
#6158=ORIENTED_EDGE('',*,*,#3916,.T.);
#6159=ORIENTED_EDGE('',*,*,#3914,.T.);
#6160=ORIENTED_EDGE('',*,*,#3912,.T.);
#6161=ORIENTED_EDGE('',*,*,#3910,.T.);
#6162=ORIENTED_EDGE('',*,*,#3806,.T.);
#6163=ORIENTED_EDGE('',*,*,#3810,.T.);
#6164=ORIENTED_EDGE('',*,*,#3813,.T.);
#6165=ORIENTED_EDGE('',*,*,#3816,.T.);
#6166=ORIENTED_EDGE('',*,*,#3819,.T.);
#6167=ORIENTED_EDGE('',*,*,#3851,.T.);
#6168=ORIENTED_EDGE('',*,*,#3848,.T.);
#6169=ORIENTED_EDGE('',*,*,#3845,.T.);
#6170=ORIENTED_EDGE('',*,*,#3842,.T.);
#6171=ORIENTED_EDGE('',*,*,#3839,.T.);
#6172=ORIENTED_EDGE('',*,*,#3836,.T.);
#6173=ORIENTED_EDGE('',*,*,#3790,.T.);
#6174=ORIENTED_EDGE('',*,*,#3793,.T.);
#6175=ORIENTED_EDGE('',*,*,#3795,.T.);
#6176=ORIENTED_EDGE('',*,*,#3797,.T.);
#6177=ORIENTED_EDGE('',*,*,#3805,.T.);
#6178=ORIENTED_EDGE('',*,*,#3803,.T.);
#6179=ORIENTED_EDGE('',*,*,#3801,.T.);
#6180=ORIENTED_EDGE('',*,*,#3799,.T.);
#6181=ORIENTED_EDGE('',*,*,#3770,.T.);
#6182=ORIENTED_EDGE('',*,*,#3774,.T.);
#6183=ORIENTED_EDGE('',*,*,#3780,.T.);
#6184=ORIENTED_EDGE('',*,*,#3777,.T.);
#6185=ORIENTED_EDGE('',*,*,#3730,.T.);
#6186=ORIENTED_EDGE('',*,*,#3733,.T.);
#6187=ORIENTED_EDGE('',*,*,#3735,.T.);
#6188=ORIENTED_EDGE('',*,*,#3737,.T.);
#6189=ORIENTED_EDGE('',*,*,#3739,.T.);
#6190=ORIENTED_EDGE('',*,*,#3741,.T.);
#6191=ORIENTED_EDGE('',*,*,#3743,.T.);
#6192=ORIENTED_EDGE('',*,*,#3745,.T.);
#6193=ORIENTED_EDGE('',*,*,#3747,.T.);
#6194=ORIENTED_EDGE('',*,*,#3749,.T.);
#6195=ORIENTED_EDGE('',*,*,#3769,.T.);
#6196=ORIENTED_EDGE('',*,*,#3767,.T.);
#6197=ORIENTED_EDGE('',*,*,#3765,.T.);
#6198=ORIENTED_EDGE('',*,*,#3763,.T.);
#6199=ORIENTED_EDGE('',*,*,#3761,.T.);
#6200=ORIENTED_EDGE('',*,*,#3759,.T.);
#6201=ORIENTED_EDGE('',*,*,#3757,.T.);
#6202=ORIENTED_EDGE('',*,*,#3755,.T.);
#6203=ORIENTED_EDGE('',*,*,#3753,.T.);
#6204=ORIENTED_EDGE('',*,*,#3751,.T.);
#6205=ORIENTED_EDGE('',*,*,#3662,.T.);
#6206=ORIENTED_EDGE('',*,*,#3666,.T.);
#6207=ORIENTED_EDGE('',*,*,#3669,.T.);
#6208=ORIENTED_EDGE('',*,*,#3672,.T.);
#6209=ORIENTED_EDGE('',*,*,#3697,.T.);
#6210=ORIENTED_EDGE('',*,*,#3694,.T.);
#6211=ORIENTED_EDGE('',*,*,#3691,.T.);
#6212=ORIENTED_EDGE('',*,*,#3688,.T.);
#6213=ORIENTED_EDGE('',*,*,#3685,.T.);
#6214=ORIENTED_EDGE('',*,*,#3641,.T.);
#6215=ORIENTED_EDGE('',*,*,#3644,.T.);
#6216=ORIENTED_EDGE('',*,*,#3646,.T.);
#6217=ORIENTED_EDGE('',*,*,#3648,.T.);
#6218=ORIENTED_EDGE('',*,*,#3661,.T.);
#6219=ORIENTED_EDGE('',*,*,#3659,.T.);
#6220=ORIENTED_EDGE('',*,*,#3657,.T.);
#6221=ORIENTED_EDGE('',*,*,#3655,.T.);
#6222=ORIENTED_EDGE('',*,*,#3598,.T.);
#6223=ORIENTED_EDGE('',*,*,#3601,.T.);
#6224=ORIENTED_EDGE('',*,*,#3603,.T.);
#6225=ORIENTED_EDGE('',*,*,#3605,.T.);
#6226=ORIENTED_EDGE('',*,*,#3607,.T.);
#6227=ORIENTED_EDGE('',*,*,#3609,.T.);
#6228=ORIENTED_EDGE('',*,*,#3619,.T.);
#6229=ORIENTED_EDGE('',*,*,#3617,.T.);
#6230=ORIENTED_EDGE('',*,*,#3615,.T.);
#6231=ORIENTED_EDGE('',*,*,#3613,.T.);
#6232=ORIENTED_EDGE('',*,*,#3611,.T.);
#6233=ORIENTED_EDGE('',*,*,#4364,.T.);
#6234=ORIENTED_EDGE('',*,*,#4367,.T.);
#6235=ORIENTED_EDGE('',*,*,#4369,.T.);
#6236=ORIENTED_EDGE('',*,*,#4371,.T.);
#6237=ORIENTED_EDGE('',*,*,#4389,.T.);
#6238=ORIENTED_EDGE('',*,*,#4391,.T.);
#6239=ORIENTED_EDGE('',*,*,#4393,.T.);
#6240=ORIENTED_EDGE('',*,*,#4299,.T.);
#6241=ORIENTED_EDGE('',*,*,#4329,.T.);
#6242=ORIENTED_EDGE('',*,*,#4326,.T.);
#6243=ORIENTED_EDGE('',*,*,#4323,.T.);
#6244=ORIENTED_EDGE('',*,*,#4320,.T.);
#6245=ORIENTED_EDGE('',*,*,#4306,.T.);
#6246=ORIENTED_EDGE('',*,*,#4303,.T.);
#6247=ORIENTED_EDGE('',*,*,#3942,.T.);
#6248=ORIENTED_EDGE('',*,*,#3969,.T.);
#6249=ORIENTED_EDGE('',*,*,#3966,.T.);
#6250=ORIENTED_EDGE('',*,*,#3963,.T.);
#6251=ORIENTED_EDGE('',*,*,#3949,.T.);
#6252=ORIENTED_EDGE('',*,*,#3946,.T.);
#6253=ORIENTED_EDGE('',*,*,#3829,.T.);
#6254=ORIENTED_EDGE('',*,*,#3867,.T.);
#6255=ORIENTED_EDGE('',*,*,#3864,.T.);
#6256=ORIENTED_EDGE('',*,*,#3861,.T.);
#6257=ORIENTED_EDGE('',*,*,#3833,.T.);
#6258=ORIENTED_EDGE('',*,*,#3822,.T.);
#6259=ORIENTED_EDGE('',*,*,#3859,.T.);
#6260=ORIENTED_EDGE('',*,*,#3856,.T.);
#6261=ORIENTED_EDGE('',*,*,#3853,.T.);
#6262=ORIENTED_EDGE('',*,*,#3826,.T.);
#6263=ORIENTED_EDGE('',*,*,#3675,.T.);
#6264=ORIENTED_EDGE('',*,*,#3708,.T.);
#6265=ORIENTED_EDGE('',*,*,#3705,.T.);
#6266=ORIENTED_EDGE('',*,*,#3702,.T.);
#6267=ORIENTED_EDGE('',*,*,#3699,.T.);
#6268=ORIENTED_EDGE('',*,*,#3682,.T.);
#6269=ORIENTED_EDGE('',*,*,#3679,.T.);
#6270=ORIENTED_EDGE('',*,*,#4355,.T.);
#6271=ORIENTED_EDGE('',*,*,#4358,.T.);
#6272=ORIENTED_EDGE('',*,*,#4360,.T.);
#6273=ORIENTED_EDGE('',*,*,#4362,.T.);
#6274=ORIENTED_EDGE('',*,*,#4384,.T.);
#6275=ORIENTED_EDGE('',*,*,#4386,.T.);
#6276=ORIENTED_EDGE('',*,*,#4388,.T.);
#6277=ORIENTED_EDGE('',*,*,#4420,.T.);
#6278=ORIENTED_EDGE('',*,*,#4421,.F.);
#6279=ORIENTED_EDGE('',*,*,#4420,.F.);
#6280=ORIENTED_EDGE('',*,*,#4421,.T.);
#6281=ORIENTED_EDGE('',*,*,#4419,.T.);
#6282=ORIENTED_EDGE('',*,*,#3634,.T.);
#6283=ORIENTED_EDGE('',*,*,#3637,.T.);
#6284=ORIENTED_EDGE('',*,*,#3639,.T.);
#6285=ORIENTED_EDGE('',*,*,#3650,.T.);
#6286=ORIENTED_EDGE('',*,*,#3652,.T.);
#6287=ORIENTED_EDGE('',*,*,#3654,.T.);
#6288=ORIENTED_EDGE('',*,*,#4422,.F.);
#6289=ORIENTED_EDGE('',*,*,#4423,.F.);
#6290=ORIENTED_EDGE('',*,*,#4424,.F.);
#6291=ORIENTED_EDGE('',*,*,#4425,.F.);
#6292=ORIENTED_EDGE('',*,*,#4426,.F.);
#6293=ORIENTED_EDGE('',*,*,#4427,.F.);
#6294=ORIENTED_EDGE('',*,*,#4428,.F.);
#6295=ORIENTED_EDGE('',*,*,#4429,.F.);
#6296=ORIENTED_EDGE('',*,*,#4430,.F.);
#6297=ORIENTED_EDGE('',*,*,#4431,.F.);
#6298=ORIENTED_EDGE('',*,*,#4432,.F.);
#6299=ORIENTED_EDGE('',*,*,#4433,.F.);
#6300=ORIENTED_EDGE('',*,*,#4434,.F.);
#6301=ORIENTED_EDGE('',*,*,#4435,.F.);
#6302=ORIENTED_EDGE('',*,*,#4436,.F.);
#6303=ORIENTED_EDGE('',*,*,#4437,.F.);
#6304=ORIENTED_EDGE('',*,*,#4438,.F.);
#6305=ORIENTED_EDGE('',*,*,#4439,.F.);
#6306=ORIENTED_EDGE('',*,*,#4440,.F.);
#6307=ORIENTED_EDGE('',*,*,#4441,.F.);
#6308=ORIENTED_EDGE('',*,*,#4442,.F.);
#6309=ORIENTED_EDGE('',*,*,#4443,.F.);
#6310=ORIENTED_EDGE('',*,*,#4444,.F.);
#6311=ORIENTED_EDGE('',*,*,#4445,.F.);
#6312=ORIENTED_EDGE('',*,*,#4446,.F.);
#6313=ORIENTED_EDGE('',*,*,#4447,.F.);
#6314=ORIENTED_EDGE('',*,*,#4448,.F.);
#6315=ORIENTED_EDGE('',*,*,#4449,.F.);
#6316=ORIENTED_EDGE('',*,*,#4450,.F.);
#6317=ORIENTED_EDGE('',*,*,#4451,.F.);
#6318=ORIENTED_EDGE('',*,*,#4452,.F.);
#6319=ORIENTED_EDGE('',*,*,#4453,.F.);
#6320=ORIENTED_EDGE('',*,*,#4454,.F.);
#6321=ORIENTED_EDGE('',*,*,#4455,.F.);
#6322=ORIENTED_EDGE('',*,*,#4456,.F.);
#6323=ORIENTED_EDGE('',*,*,#4457,.F.);
#6324=ORIENTED_EDGE('',*,*,#4458,.F.);
#6325=ORIENTED_EDGE('',*,*,#4459,.F.);
#6326=ORIENTED_EDGE('',*,*,#4460,.F.);
#6327=ORIENTED_EDGE('',*,*,#4461,.F.);
#6328=ORIENTED_EDGE('',*,*,#4462,.F.);
#6329=ORIENTED_EDGE('',*,*,#4463,.F.);
#6330=ORIENTED_EDGE('',*,*,#4464,.F.);
#6331=ORIENTED_EDGE('',*,*,#4465,.F.);
#6332=ORIENTED_EDGE('',*,*,#4466,.F.);
#6333=ORIENTED_EDGE('',*,*,#4467,.F.);
#6334=ORIENTED_EDGE('',*,*,#4468,.F.);
#6335=ORIENTED_EDGE('',*,*,#4469,.F.);
#6336=ORIENTED_EDGE('',*,*,#4470,.F.);
#6337=ORIENTED_EDGE('',*,*,#4471,.F.);
#6338=ORIENTED_EDGE('',*,*,#4469,.T.);
#6339=ORIENTED_EDGE('',*,*,#4472,.T.);
#6340=ORIENTED_EDGE('',*,*,#4458,.T.);
#6341=ORIENTED_EDGE('',*,*,#4473,.T.);
#6342=ORIENTED_EDGE('',*,*,#4470,.T.);
#6343=ORIENTED_EDGE('',*,*,#4474,.T.);
#6344=ORIENTED_EDGE('',*,*,#4451,.T.);
#6345=ORIENTED_EDGE('',*,*,#4475,.T.);
#6346=ORIENTED_EDGE('',*,*,#4456,.T.);
#6347=ORIENTED_EDGE('',*,*,#4476,.T.);
#6348=ORIENTED_EDGE('',*,*,#4471,.T.);
#6349=ORIENTED_EDGE('',*,*,#4477,.T.);
#6350=ORIENTED_EDGE('',*,*,#4478,.F.);
#6351=ORIENTED_EDGE('',*,*,#4479,.F.);
#6352=ORIENTED_EDGE('',*,*,#4480,.F.);
#6353=ORIENTED_EDGE('',*,*,#4462,.T.);
#6354=ORIENTED_EDGE('',*,*,#4481,.T.);
#6355=ORIENTED_EDGE('',*,*,#4479,.T.);
#6356=ORIENTED_EDGE('',*,*,#4415,.T.);
#6357=ORIENTED_EDGE('',*,*,#4459,.T.);
#6358=ORIENTED_EDGE('',*,*,#4482,.T.);
#6359=ORIENTED_EDGE('',*,*,#4480,.T.);
#6360=ORIENTED_EDGE('',*,*,#4483,.T.);
#6361=ORIENTED_EDGE('',*,*,#4484,.F.);
#6362=ORIENTED_EDGE('',*,*,#4485,.F.);
#6363=ORIENTED_EDGE('',*,*,#4486,.F.);
#6364=ORIENTED_EDGE('',*,*,#4478,.T.);
#6365=ORIENTED_EDGE('',*,*,#4487,.T.);
#6366=ORIENTED_EDGE('',*,*,#4485,.T.);
#6367=ORIENTED_EDGE('',*,*,#4416,.T.);
#6368=ORIENTED_EDGE('',*,*,#4468,.T.);
#6369=ORIENTED_EDGE('',*,*,#4488,.T.);
#6370=ORIENTED_EDGE('',*,*,#4486,.T.);
#6371=ORIENTED_EDGE('',*,*,#4489,.T.);
#6372=ORIENTED_EDGE('',*,*,#4484,.T.);
#6373=ORIENTED_EDGE('',*,*,#4490,.T.);
#6374=ORIENTED_EDGE('',*,*,#4466,.T.);
#6375=ORIENTED_EDGE('',*,*,#4417,.T.);
#6376=ORIENTED_EDGE('',*,*,#4455,.T.);
#6377=ORIENTED_EDGE('',*,*,#4491,.T.);
#6378=ORIENTED_EDGE('',*,*,#4467,.T.);
#6379=ORIENTED_EDGE('',*,*,#4492,.T.);
#6380=ORIENTED_EDGE('',*,*,#4465,.T.);
#6381=ORIENTED_EDGE('',*,*,#4493,.T.);
#6382=ORIENTED_EDGE('',*,*,#4463,.T.);
#6383=ORIENTED_EDGE('',*,*,#4418,.T.);
#6384=ORIENTED_EDGE('',*,*,#4464,.T.);
#6385=ORIENTED_EDGE('',*,*,#4494,.T.);
#6386=ORIENTED_EDGE('',*,*,#4448,.T.);
#6387=ORIENTED_EDGE('',*,*,#4495,.T.);
#6388=ORIENTED_EDGE('',*,*,#4460,.T.);
#6389=ORIENTED_EDGE('',*,*,#4496,.T.);
#6390=ORIENTED_EDGE('',*,*,#4447,.T.);
#6391=ORIENTED_EDGE('',*,*,#4497,.T.);
#6392=ORIENTED_EDGE('',*,*,#4461,.T.);
#6393=ORIENTED_EDGE('',*,*,#4498,.T.);
#6394=ORIENTED_EDGE('',*,*,#4443,.T.);
#6395=ORIENTED_EDGE('',*,*,#4499,.T.);
#6396=ORIENTED_EDGE('',*,*,#4457,.T.);
#6397=ORIENTED_EDGE('',*,*,#4500,.T.);
#6398=ORIENTED_EDGE('',*,*,#4439,.T.);
#6399=ORIENTED_EDGE('',*,*,#4501,.T.);
#6400=ORIENTED_EDGE('',*,*,#4449,.T.);
#6401=ORIENTED_EDGE('',*,*,#4502,.T.);
#6402=ORIENTED_EDGE('',*,*,#4454,.T.);
#6403=ORIENTED_EDGE('',*,*,#4503,.T.);
#6404=ORIENTED_EDGE('',*,*,#4442,.T.);
#6405=ORIENTED_EDGE('',*,*,#4504,.T.);
#6406=ORIENTED_EDGE('',*,*,#4452,.T.);
#6407=ORIENTED_EDGE('',*,*,#4505,.T.);
#6408=ORIENTED_EDGE('',*,*,#4436,.T.);
#6409=ORIENTED_EDGE('',*,*,#4506,.T.);
#6410=ORIENTED_EDGE('',*,*,#4453,.T.);
#6411=ORIENTED_EDGE('',*,*,#4507,.T.);
#6412=ORIENTED_EDGE('',*,*,#4450,.T.);
#6413=ORIENTED_EDGE('',*,*,#4508,.T.);
#6414=ORIENTED_EDGE('',*,*,#4440,.T.);
#6415=ORIENTED_EDGE('',*,*,#4509,.T.);
#6416=ORIENTED_EDGE('',*,*,#4446,.T.);
#6417=ORIENTED_EDGE('',*,*,#4510,.T.);
#6418=ORIENTED_EDGE('',*,*,#4432,.T.);
#6419=ORIENTED_EDGE('',*,*,#4511,.T.);
#6420=ORIENTED_EDGE('',*,*,#4431,.T.);
#6421=ORIENTED_EDGE('',*,*,#4512,.T.);
#6422=ORIENTED_EDGE('',*,*,#4444,.T.);
#6423=ORIENTED_EDGE('',*,*,#4513,.T.);
#6424=ORIENTED_EDGE('',*,*,#4429,.T.);
#6425=ORIENTED_EDGE('',*,*,#4514,.T.);
#6426=ORIENTED_EDGE('',*,*,#4445,.T.);
#6427=ORIENTED_EDGE('',*,*,#4515,.T.);
#6428=ORIENTED_EDGE('',*,*,#4426,.T.);
#6429=ORIENTED_EDGE('',*,*,#4516,.T.);
#6430=ORIENTED_EDGE('',*,*,#4441,.T.);
#6431=ORIENTED_EDGE('',*,*,#4517,.T.);
#6432=ORIENTED_EDGE('',*,*,#4438,.T.);
#6433=ORIENTED_EDGE('',*,*,#4518,.T.);
#6434=ORIENTED_EDGE('',*,*,#4433,.T.);
#6435=ORIENTED_EDGE('',*,*,#4519,.T.);
#6436=ORIENTED_EDGE('',*,*,#4437,.T.);
#6437=ORIENTED_EDGE('',*,*,#4520,.T.);
#6438=ORIENTED_EDGE('',*,*,#4428,.T.);
#6439=ORIENTED_EDGE('',*,*,#4521,.T.);
#6440=ORIENTED_EDGE('',*,*,#4427,.T.);
#6441=ORIENTED_EDGE('',*,*,#4522,.T.);
#6442=ORIENTED_EDGE('',*,*,#4435,.T.);
#6443=ORIENTED_EDGE('',*,*,#4523,.T.);
#6444=ORIENTED_EDGE('',*,*,#4434,.T.);
#6445=ORIENTED_EDGE('',*,*,#4524,.T.);
#6446=ORIENTED_EDGE('',*,*,#4424,.T.);
#6447=ORIENTED_EDGE('',*,*,#4525,.T.);
#6448=ORIENTED_EDGE('',*,*,#4430,.T.);
#6449=ORIENTED_EDGE('',*,*,#4526,.T.);
#6450=ORIENTED_EDGE('',*,*,#4423,.T.);
#6451=ORIENTED_EDGE('',*,*,#4527,.T.);
#6452=ORIENTED_EDGE('',*,*,#4422,.T.);
#6453=ORIENTED_EDGE('',*,*,#4528,.T.);
#6454=ORIENTED_EDGE('',*,*,#4425,.T.);
#6455=ORIENTED_EDGE('',*,*,#4529,.T.);
#6456=ORIENTED_EDGE('',*,*,#4472,.F.);
#6457=ORIENTED_EDGE('',*,*,#4489,.F.);
#6458=ORIENTED_EDGE('',*,*,#4487,.F.);
#6459=ORIENTED_EDGE('',*,*,#4482,.F.);
#6460=ORIENTED_EDGE('',*,*,#4473,.F.);
#6461=ORIENTED_EDGE('',*,*,#4499,.F.);
#6462=ORIENTED_EDGE('',*,*,#4505,.F.);
#6463=ORIENTED_EDGE('',*,*,#4474,.F.);
#6464=ORIENTED_EDGE('',*,*,#4475,.F.);
#6465=ORIENTED_EDGE('',*,*,#4509,.F.);
#6466=ORIENTED_EDGE('',*,*,#4500,.F.);
#6467=ORIENTED_EDGE('',*,*,#4477,.F.);
#6468=ORIENTED_EDGE('',*,*,#4476,.F.);
#6469=ORIENTED_EDGE('',*,*,#4492,.F.);
#6470=ORIENTED_EDGE('',*,*,#4490,.F.);
#6471=ORIENTED_EDGE('',*,*,#4488,.F.);
#6472=ORIENTED_EDGE('',*,*,#4481,.F.);
#6473=ORIENTED_EDGE('',*,*,#4495,.F.);
#6474=ORIENTED_EDGE('',*,*,#4496,.F.);
#6475=ORIENTED_EDGE('',*,*,#4483,.F.);
#6476=ORIENTED_EDGE('',*,*,#4491,.F.);
#6477=ORIENTED_EDGE('',*,*,#4502,.F.);
#6478=ORIENTED_EDGE('',*,*,#4494,.F.);
#6479=ORIENTED_EDGE('',*,*,#4493,.F.);
#6480=ORIENTED_EDGE('',*,*,#4497,.F.);
#6481=ORIENTED_EDGE('',*,*,#4511,.F.);
#6482=ORIENTED_EDGE('',*,*,#4513,.F.);
#6483=ORIENTED_EDGE('',*,*,#4498,.F.);
#6484=ORIENTED_EDGE('',*,*,#4501,.F.);
#6485=ORIENTED_EDGE('',*,*,#4519,.F.);
#6486=ORIENTED_EDGE('',*,*,#4510,.F.);
#6487=ORIENTED_EDGE('',*,*,#4503,.F.);
#6488=ORIENTED_EDGE('',*,*,#4504,.F.);
#6489=ORIENTED_EDGE('',*,*,#4514,.F.);
#6490=ORIENTED_EDGE('',*,*,#4520,.F.);
#6491=ORIENTED_EDGE('',*,*,#4507,.F.);
#6492=ORIENTED_EDGE('',*,*,#4506,.F.);
#6493=ORIENTED_EDGE('',*,*,#4522,.F.);
#6494=ORIENTED_EDGE('',*,*,#4517,.F.);
#6495=ORIENTED_EDGE('',*,*,#4508,.F.);
#6496=ORIENTED_EDGE('',*,*,#4512,.F.);
#6497=ORIENTED_EDGE('',*,*,#4525,.F.);
#6498=ORIENTED_EDGE('',*,*,#4526,.F.);
#6499=ORIENTED_EDGE('',*,*,#4515,.F.);
#6500=ORIENTED_EDGE('',*,*,#4516,.F.);
#6501=ORIENTED_EDGE('',*,*,#4528,.F.);
#6502=ORIENTED_EDGE('',*,*,#4524,.F.);
#6503=ORIENTED_EDGE('',*,*,#4518,.F.);
#6504=ORIENTED_EDGE('',*,*,#4521,.F.);
#6505=ORIENTED_EDGE('',*,*,#4527,.F.);
#6506=ORIENTED_EDGE('',*,*,#4529,.F.);
#6507=ORIENTED_EDGE('',*,*,#4523,.F.);
#6508=ORIENTED_EDGE('',*,*,#4530,.F.);
#6509=ORIENTED_EDGE('',*,*,#4531,.F.);
#6510=ORIENTED_EDGE('',*,*,#4532,.F.);
#6511=ORIENTED_EDGE('',*,*,#4533,.F.);
#6512=ORIENTED_EDGE('',*,*,#4534,.F.);
#6513=ORIENTED_EDGE('',*,*,#4535,.F.);
#6514=ORIENTED_EDGE('',*,*,#4534,.T.);
#6515=ORIENTED_EDGE('',*,*,#4536,.T.);
#6516=ORIENTED_EDGE('',*,*,#4531,.T.);
#6517=ORIENTED_EDGE('',*,*,#4537,.T.);
#6518=ORIENTED_EDGE('',*,*,#4538,.T.);
#6519=ORIENTED_EDGE('',*,*,#4539,.T.);
#6520=ORIENTED_EDGE('',*,*,#4535,.T.);
#6521=ORIENTED_EDGE('',*,*,#4540,.T.);
#6522=ORIENTED_EDGE('',*,*,#4541,.T.);
#6523=ORIENTED_EDGE('',*,*,#4542,.T.);
#6524=ORIENTED_EDGE('',*,*,#4538,.F.);
#6525=ORIENTED_EDGE('',*,*,#4543,.T.);
#6526=ORIENTED_EDGE('',*,*,#4544,.T.);
#6527=ORIENTED_EDGE('',*,*,#4545,.T.);
#6528=ORIENTED_EDGE('',*,*,#4541,.F.);
#6529=ORIENTED_EDGE('',*,*,#4546,.T.);
#6530=ORIENTED_EDGE('',*,*,#4547,.T.);
#6531=ORIENTED_EDGE('',*,*,#4548,.T.);
#6532=ORIENTED_EDGE('',*,*,#4544,.F.);
#6533=ORIENTED_EDGE('',*,*,#4549,.T.);
#6534=ORIENTED_EDGE('',*,*,#4550,.T.);
#6535=ORIENTED_EDGE('',*,*,#4551,.T.);
#6536=ORIENTED_EDGE('',*,*,#4547,.F.);
#6537=ORIENTED_EDGE('',*,*,#4552,.T.);
#6538=ORIENTED_EDGE('',*,*,#4553,.F.);
#6539=ORIENTED_EDGE('',*,*,#4554,.F.);
#6540=ORIENTED_EDGE('',*,*,#4555,.F.);
#6541=ORIENTED_EDGE('',*,*,#4556,.F.);
#6542=ORIENTED_EDGE('',*,*,#4557,.F.);
#6543=ORIENTED_EDGE('',*,*,#4558,.F.);
#6544=ORIENTED_EDGE('',*,*,#4557,.T.);
#6545=ORIENTED_EDGE('',*,*,#4559,.T.);
#6546=ORIENTED_EDGE('',*,*,#4533,.T.);
#6547=ORIENTED_EDGE('',*,*,#4560,.T.);
#6548=ORIENTED_EDGE('',*,*,#4561,.T.);
#6549=ORIENTED_EDGE('',*,*,#4562,.T.);
#6550=ORIENTED_EDGE('',*,*,#4558,.T.);
#6551=ORIENTED_EDGE('',*,*,#4563,.T.);
#6552=ORIENTED_EDGE('',*,*,#4564,.T.);
#6553=ORIENTED_EDGE('',*,*,#4565,.T.);
#6554=ORIENTED_EDGE('',*,*,#4561,.F.);
#6555=ORIENTED_EDGE('',*,*,#4566,.T.);
#6556=ORIENTED_EDGE('',*,*,#4567,.T.);
#6557=ORIENTED_EDGE('',*,*,#4568,.T.);
#6558=ORIENTED_EDGE('',*,*,#4564,.F.);
#6559=ORIENTED_EDGE('',*,*,#4569,.T.);
#6560=ORIENTED_EDGE('',*,*,#4570,.T.);
#6561=ORIENTED_EDGE('',*,*,#4571,.T.);
#6562=ORIENTED_EDGE('',*,*,#4567,.F.);
#6563=ORIENTED_EDGE('',*,*,#4572,.T.);
#6564=ORIENTED_EDGE('',*,*,#4573,.T.);
#6565=ORIENTED_EDGE('',*,*,#4574,.T.);
#6566=ORIENTED_EDGE('',*,*,#4570,.F.);
#6567=ORIENTED_EDGE('',*,*,#4575,.T.);
#6568=ORIENTED_EDGE('',*,*,#4554,.T.);
#6569=ORIENTED_EDGE('',*,*,#4576,.T.);
#6570=ORIENTED_EDGE('',*,*,#4556,.T.);
#6571=ORIENTED_EDGE('',*,*,#4577,.T.);
#6572=ORIENTED_EDGE('',*,*,#4578,.T.);
#6573=ORIENTED_EDGE('',*,*,#4579,.T.);
#6574=ORIENTED_EDGE('',*,*,#4555,.T.);
#6575=ORIENTED_EDGE('',*,*,#4580,.T.);
#6576=ORIENTED_EDGE('',*,*,#4581,.T.);
#6577=ORIENTED_EDGE('',*,*,#4582,.T.);
#6578=ORIENTED_EDGE('',*,*,#4578,.F.);
#6579=ORIENTED_EDGE('',*,*,#4583,.T.);
#6580=ORIENTED_EDGE('',*,*,#4584,.T.);
#6581=ORIENTED_EDGE('',*,*,#4585,.T.);
#6582=ORIENTED_EDGE('',*,*,#4581,.F.);
#6583=ORIENTED_EDGE('',*,*,#4586,.T.);
#6584=ORIENTED_EDGE('',*,*,#4587,.T.);
#6585=ORIENTED_EDGE('',*,*,#4588,.T.);
#6586=ORIENTED_EDGE('',*,*,#4584,.F.);
#6587=ORIENTED_EDGE('',*,*,#4589,.T.);
#6588=ORIENTED_EDGE('',*,*,#4590,.T.);
#6589=ORIENTED_EDGE('',*,*,#4591,.T.);
#6590=ORIENTED_EDGE('',*,*,#4587,.F.);
#6591=ORIENTED_EDGE('',*,*,#4592,.T.);
#6592=ORIENTED_EDGE('',*,*,#4532,.T.);
#6593=ORIENTED_EDGE('',*,*,#4593,.T.);
#6594=ORIENTED_EDGE('',*,*,#4553,.T.);
#6595=ORIENTED_EDGE('',*,*,#4594,.T.);
#6596=ORIENTED_EDGE('',*,*,#4595,.T.);
#6597=ORIENTED_EDGE('',*,*,#4596,.T.);
#6598=ORIENTED_EDGE('',*,*,#4530,.T.);
#6599=ORIENTED_EDGE('',*,*,#4597,.T.);
#6600=ORIENTED_EDGE('',*,*,#4598,.T.);
#6601=ORIENTED_EDGE('',*,*,#4599,.T.);
#6602=ORIENTED_EDGE('',*,*,#4595,.F.);
#6603=ORIENTED_EDGE('',*,*,#4600,.T.);
#6604=ORIENTED_EDGE('',*,*,#4601,.T.);
#6605=ORIENTED_EDGE('',*,*,#4602,.T.);
#6606=ORIENTED_EDGE('',*,*,#4598,.F.);
#6607=ORIENTED_EDGE('',*,*,#4603,.T.);
#6608=ORIENTED_EDGE('',*,*,#4604,.T.);
#6609=ORIENTED_EDGE('',*,*,#4605,.T.);
#6610=ORIENTED_EDGE('',*,*,#4601,.F.);
#6611=ORIENTED_EDGE('',*,*,#4606,.T.);
#6612=ORIENTED_EDGE('',*,*,#4607,.T.);
#6613=ORIENTED_EDGE('',*,*,#4608,.T.);
#6614=ORIENTED_EDGE('',*,*,#4604,.F.);
#6615=ORIENTED_EDGE('',*,*,#4609,.T.);
#6616=ORIENTED_EDGE('',*,*,#4540,.F.);
#6617=ORIENTED_EDGE('',*,*,#4537,.F.);
#6618=ORIENTED_EDGE('',*,*,#4596,.F.);
#6619=ORIENTED_EDGE('',*,*,#4610,.F.);
#6620=ORIENTED_EDGE('',*,*,#4543,.F.);
#6621=ORIENTED_EDGE('',*,*,#4610,.T.);
#6622=ORIENTED_EDGE('',*,*,#4599,.F.);
#6623=ORIENTED_EDGE('',*,*,#4611,.F.);
#6624=ORIENTED_EDGE('',*,*,#4546,.F.);
#6625=ORIENTED_EDGE('',*,*,#4611,.T.);
#6626=ORIENTED_EDGE('',*,*,#4602,.F.);
#6627=ORIENTED_EDGE('',*,*,#4612,.F.);
#6628=ORIENTED_EDGE('',*,*,#4549,.F.);
#6629=ORIENTED_EDGE('',*,*,#4612,.T.);
#6630=ORIENTED_EDGE('',*,*,#4605,.F.);
#6631=ORIENTED_EDGE('',*,*,#4613,.F.);
#6632=ORIENTED_EDGE('',*,*,#4552,.F.);
#6633=ORIENTED_EDGE('',*,*,#4613,.T.);
#6634=ORIENTED_EDGE('',*,*,#4608,.F.);
#6635=ORIENTED_EDGE('',*,*,#4614,.F.);
#6636=ORIENTED_EDGE('',*,*,#4609,.F.);
#6637=ORIENTED_EDGE('',*,*,#4606,.F.);
#6638=ORIENTED_EDGE('',*,*,#4603,.F.);
#6639=ORIENTED_EDGE('',*,*,#4600,.F.);
#6640=ORIENTED_EDGE('',*,*,#4597,.F.);
#6641=ORIENTED_EDGE('',*,*,#4594,.F.);
#6642=ORIENTED_EDGE('',*,*,#4579,.F.);
#6643=ORIENTED_EDGE('',*,*,#4582,.F.);
#6644=ORIENTED_EDGE('',*,*,#4585,.F.);
#6645=ORIENTED_EDGE('',*,*,#4588,.F.);
#6646=ORIENTED_EDGE('',*,*,#4591,.F.);
#6647=ORIENTED_EDGE('',*,*,#4615,.F.);
#6648=ORIENTED_EDGE('',*,*,#4550,.F.);
#6649=ORIENTED_EDGE('',*,*,#4614,.T.);
#6650=ORIENTED_EDGE('',*,*,#4607,.F.);
#6651=ORIENTED_EDGE('',*,*,#4615,.T.);
#6652=ORIENTED_EDGE('',*,*,#4590,.F.);
#6653=ORIENTED_EDGE('',*,*,#4616,.T.);
#6654=ORIENTED_EDGE('',*,*,#4573,.F.);
#6655=ORIENTED_EDGE('',*,*,#4617,.T.);
#6656=ORIENTED_EDGE('',*,*,#4536,.F.);
#6657=ORIENTED_EDGE('',*,*,#4559,.F.);
#6658=ORIENTED_EDGE('',*,*,#4576,.F.);
#6659=ORIENTED_EDGE('',*,*,#4593,.F.);
#6660=ORIENTED_EDGE('',*,*,#4574,.F.);
#6661=ORIENTED_EDGE('',*,*,#4616,.F.);
#6662=ORIENTED_EDGE('',*,*,#4592,.F.);
#6663=ORIENTED_EDGE('',*,*,#4618,.T.);
#6664=ORIENTED_EDGE('',*,*,#4571,.F.);
#6665=ORIENTED_EDGE('',*,*,#4618,.F.);
#6666=ORIENTED_EDGE('',*,*,#4589,.F.);
#6667=ORIENTED_EDGE('',*,*,#4619,.T.);
#6668=ORIENTED_EDGE('',*,*,#4568,.F.);
#6669=ORIENTED_EDGE('',*,*,#4619,.F.);
#6670=ORIENTED_EDGE('',*,*,#4586,.F.);
#6671=ORIENTED_EDGE('',*,*,#4620,.T.);
#6672=ORIENTED_EDGE('',*,*,#4565,.F.);
#6673=ORIENTED_EDGE('',*,*,#4620,.F.);
#6674=ORIENTED_EDGE('',*,*,#4583,.F.);
#6675=ORIENTED_EDGE('',*,*,#4621,.T.);
#6676=ORIENTED_EDGE('',*,*,#4551,.F.);
#6677=ORIENTED_EDGE('',*,*,#4617,.F.);
#6678=ORIENTED_EDGE('',*,*,#4575,.F.);
#6679=ORIENTED_EDGE('',*,*,#4572,.F.);
#6680=ORIENTED_EDGE('',*,*,#4569,.F.);
#6681=ORIENTED_EDGE('',*,*,#4566,.F.);
#6682=ORIENTED_EDGE('',*,*,#4563,.F.);
#6683=ORIENTED_EDGE('',*,*,#4560,.F.);
#6684=ORIENTED_EDGE('',*,*,#4539,.F.);
#6685=ORIENTED_EDGE('',*,*,#4542,.F.);
#6686=ORIENTED_EDGE('',*,*,#4545,.F.);
#6687=ORIENTED_EDGE('',*,*,#4548,.F.);
#6688=ORIENTED_EDGE('',*,*,#4562,.F.);
#6689=ORIENTED_EDGE('',*,*,#4621,.F.);
#6690=ORIENTED_EDGE('',*,*,#4580,.F.);
#6691=ORIENTED_EDGE('',*,*,#4577,.F.);
#6692=PLANE('',#7328);
#6693=PLANE('',#7329);
#6694=PLANE('',#7330);
#6695=PLANE('',#7331);
#6696=PLANE('',#7332);
#6697=PLANE('',#7333);
#6698=PLANE('',#7334);
#6699=PLANE('',#7335);
#6700=PLANE('',#7336);
#6701=PLANE('',#7337);
#6702=PLANE('',#7338);
#6703=PLANE('',#7339);
#6704=PLANE('',#7344);
#6705=PLANE('',#7345);
#6706=PLANE('',#7346);
#6707=PLANE('',#7347);
#6708=PLANE('',#7348);
#6709=PLANE('',#7349);
#6710=PLANE('',#7350);
#6711=PLANE('',#7351);
#6712=PLANE('',#7352);
#6713=PLANE('',#7353);
#6714=PLANE('',#7354);
#6715=PLANE('',#7355);
#6716=PLANE('',#7356);
#6717=PLANE('',#7357);
#6718=PLANE('',#7358);
#6719=PLANE('',#7359);
#6720=PLANE('',#7360);
#6721=PLANE('',#7361);
#6722=PLANE('',#7362);
#6723=PLANE('',#7363);
#6724=PLANE('',#7364);
#6725=PLANE('',#7365);
#6726=PLANE('',#7366);
#6727=PLANE('',#7367);
#6728=PLANE('',#7368);
#6729=PLANE('',#7369);
#6730=PLANE('',#7370);
#6731=PLANE('',#7371);
#6732=PLANE('',#7372);
#6733=PLANE('',#7373);
#6734=PLANE('',#7374);
#6735=PLANE('',#7375);
#6736=PLANE('',#7376);
#6737=PLANE('',#7377);
#6738=PLANE('',#7378);
#6739=PLANE('',#7379);
#6740=PLANE('',#7384);
#6741=PLANE('',#7385);
#6742=PLANE('',#7387);
#6743=PLANE('',#7388);
#6744=PLANE('',#7389);
#6745=PLANE('',#7390);
#6746=PLANE('',#7391);
#6747=PLANE('',#7393);
#6748=PLANE('',#7394);
#6749=PLANE('',#7395);
#6750=PLANE('',#7396);
#6751=PLANE('',#7397);
#6752=PLANE('',#7398);
#6753=PLANE('',#7399);
#6754=PLANE('',#7400);
#6755=PLANE('',#7401);
#6756=PLANE('',#7402);
#6757=PLANE('',#7403);
#6758=PLANE('',#7404);
#6759=PLANE('',#7405);
#6760=PLANE('',#7406);
#6761=PLANE('',#7407);
#6762=PLANE('',#7408);
#6763=PLANE('',#7409);
#6764=PLANE('',#7410);
#6765=PLANE('',#7411);
#6766=PLANE('',#7412);
#6767=PLANE('',#7413);
#6768=PLANE('',#7414);
#6769=PLANE('',#7415);
#6770=PLANE('',#7416);
#6771=PLANE('',#7418);
#6772=PLANE('',#7419);
#6773=PLANE('',#7420);
#6774=PLANE('',#7421);
#6775=PLANE('',#7422);
#6776=PLANE('',#7423);
#6777=PLANE('',#7424);
#6778=PLANE('',#7425);
#6779=PLANE('',#7426);
#6780=PLANE('',#7427);
#6781=PLANE('',#7428);
#6782=PLANE('',#7429);
#6783=PLANE('',#7430);
#6784=PLANE('',#7431);
#6785=PLANE('',#7432);
#6786=PLANE('',#7433);
#6787=PLANE('',#7434);
#6788=PLANE('',#7435);
#6789=PLANE('',#7436);
#6790=PLANE('',#7437);
#6791=PLANE('',#7438);
#6792=PLANE('',#7439);
#6793=PLANE('',#7440);
#6794=PLANE('',#7442);
#6795=PLANE('',#7443);
#6796=PLANE('',#7444);
#6797=PLANE('',#7445);
#6798=PLANE('',#7446);
#6799=PLANE('',#7448);
#6800=PLANE('',#7449);
#6801=PLANE('',#7450);
#6802=PLANE('',#7451);
#6803=PLANE('',#7452);
#6804=PLANE('',#7453);
#6805=PLANE('',#7454);
#6806=PLANE('',#7455);
#6807=PLANE('',#7456);
#6808=PLANE('',#7459);
#6809=PLANE('',#7460);
#6810=PLANE('',#7461);
#6811=PLANE('',#7462);
#6812=PLANE('',#7463);
#6813=PLANE('',#7464);
#6814=PLANE('',#7465);
#6815=PLANE('',#7466);
#6816=PLANE('',#7467);
#6817=PLANE('',#7468);
#6818=PLANE('',#7469);
#6819=PLANE('',#7470);
#6820=PLANE('',#7471);
#6821=PLANE('',#7472);
#6822=PLANE('',#7473);
#6823=PLANE('',#7474);
#6824=PLANE('',#7475);
#6825=PLANE('',#7476);
#6826=PLANE('',#7478);
#6827=PLANE('',#7479);
#6828=PLANE('',#7480);
#6829=PLANE('',#7481);
#6830=PLANE('',#7482);
#6831=PLANE('',#7483);
#6832=PLANE('',#7484);
#6833=PLANE('',#7488);
#6834=PLANE('',#7490);
#6835=PLANE('',#7591);
#6836=PLANE('',#7592);
#6837=PLANE('',#7593);
#6838=PLANE('',#7594);
#6839=PLANE('',#7595);
#6840=PLANE('',#7596);
#6841=PLANE('',#7597);
#6842=PLANE('',#7598);
#6843=PLANE('',#7599);
#6844=PLANE('',#7600);
#6845=PLANE('',#7601);
#6846=PLANE('',#7602);
#6847=PLANE('',#7603);
#6848=PLANE('',#7681);
#6849=PLANE('',#7683);
#6850=PLANE('',#7685);
#6851=PLANE('',#7686);
#6852=PLANE('',#7687);
#6853=PLANE('',#7688);
#6854=PLANE('',#7689);
#6855=PLANE('',#7691);
#6856=PLANE('',#7693);
#6857=PLANE('',#7694);
#6858=STYLED_ITEM('',(#7288),#6879);
#6859=STYLED_ITEM('',(#7288),#6891);
#6860=STYLED_ITEM('',(#7288),#6922);
#6861=STYLED_ITEM('',(#7288),#6923);
#6862=STYLED_ITEM('',(#7288),#6948);
#6863=STYLED_ITEM('',(#7288),#6949);
#6864=STYLED_ITEM('',(#7288),#6979);
#6865=STYLED_ITEM('',(#7288),#6980);
#6866=STYLED_ITEM('',(#7288),#7015);
#6867=STYLED_ITEM('',(#7288),#7016);
#6868=STYLED_ITEM('',(#7288),#7048);
#6869=STYLED_ITEM('',(#7288),#7049);
#6870=STYLED_ITEM('',(#7288),#7083);
#6871=STYLED_ITEM('',(#7288),#7084);
#6872=STYLED_ITEM('',(#7288),#7100);
#6873=STYLED_ITEM('',(#7288),#7101);
#6874=STYLED_ITEM('',(#7288),#7143);
#6875=STYLED_ITEM('',(#7288),#7144);
#6876=STYLED_ITEM('',(#7288),#7173);
#6877=STYLED_ITEM('',(#7287),#171);
#6878=STYLED_ITEM('',(#7289),#172);
#6879=ADVANCED_FACE('',(#565),#6692,.T.);
#6880=ADVANCED_FACE('',(#566),#6693,.F.);
#6881=ADVANCED_FACE('',(#567),#403,.F.);
#6882=ADVANCED_FACE('',(#568),#6694,.F.);
#6883=ADVANCED_FACE('',(#569),#6695,.F.);
#6884=ADVANCED_FACE('',(#570),#6696,.F.);
#6885=ADVANCED_FACE('',(#571),#6697,.F.);
#6886=ADVANCED_FACE('',(#572),#6698,.F.);
#6887=ADVANCED_FACE('',(#573),#6699,.F.);
#6888=ADVANCED_FACE('',(#574),#6700,.F.);
#6889=ADVANCED_FACE('',(#575),#6701,.F.);
#6890=ADVANCED_FACE('',(#576),#6702,.F.);
#6891=ADVANCED_FACE('',(#577,#358),#6703,.T.);
#6892=ADVANCED_FACE('',(#578),#404,.T.);
#6893=ADVANCED_FACE('',(#579),#405,.T.);
#6894=ADVANCED_FACE('',(#580),#406,.T.);
#6895=ADVANCED_FACE('',(#581),#407,.F.);
#6896=ADVANCED_FACE('',(#582),#408,.F.);
#6897=ADVANCED_FACE('',(#583),#409,.F.);
#6898=ADVANCED_FACE('',(#584),#410,.F.);
#6899=ADVANCED_FACE('',(#585),#411,.T.);
#6900=ADVANCED_FACE('',(#586),#412,.T.);
#6901=ADVANCED_FACE('',(#587),#413,.T.);
#6902=ADVANCED_FACE('',(#588),#414,.F.);
#6903=ADVANCED_FACE('',(#589),#415,.F.);
#6904=ADVANCED_FACE('',(#590),#416,.F.);
#6905=ADVANCED_FACE('',(#591),#417,.F.);
#6906=ADVANCED_FACE('',(#592),#418,.F.);
#6907=ADVANCED_FACE('',(#593),#419,.F.);
#6908=ADVANCED_FACE('',(#594),#6704,.F.);
#6909=ADVANCED_FACE('',(#595),#6705,.F.);
#6910=ADVANCED_FACE('',(#596),#6706,.T.);
#6911=ADVANCED_FACE('',(#597),#6707,.T.);
#6912=ADVANCED_FACE('',(#598),#6708,.T.);
#6913=ADVANCED_FACE('',(#599),#420,.F.);
#6914=ADVANCED_FACE('',(#600),#421,.F.);
#6915=ADVANCED_FACE('',(#601),#6709,.F.);
#6916=ADVANCED_FACE('',(#602),#6710,.F.);
#6917=ADVANCED_FACE('',(#603),#6711,.F.);
#6918=ADVANCED_FACE('',(#604),#422,.T.);
#6919=ADVANCED_FACE('',(#605),#423,.T.);
#6920=ADVANCED_FACE('',(#606),#424,.T.);
#6921=ADVANCED_FACE('',(#607),#425,.T.);
#6922=ADVANCED_FACE('',(#608,#359),#6712,.T.);
#6923=ADVANCED_FACE('',(#609),#6713,.T.);
#6924=ADVANCED_FACE('',(#610),#426,.F.);
#6925=ADVANCED_FACE('',(#611),#6714,.F.);
#6926=ADVANCED_FACE('',(#612),#6715,.F.);
#6927=ADVANCED_FACE('',(#613),#427,.F.);
#6928=ADVANCED_FACE('',(#614),#428,.F.);
#6929=ADVANCED_FACE('',(#615),#429,.F.);
#6930=ADVANCED_FACE('',(#616),#430,.F.);
#6931=ADVANCED_FACE('',(#617),#431,.F.);
#6932=ADVANCED_FACE('',(#618),#432,.F.);
#6933=ADVANCED_FACE('',(#619),#433,.F.);
#6934=ADVANCED_FACE('',(#620),#434,.F.);
#6935=ADVANCED_FACE('',(#621),#435,.F.);
#6936=ADVANCED_FACE('',(#622),#436,.F.);
#6937=ADVANCED_FACE('',(#623),#437,.F.);
#6938=ADVANCED_FACE('',(#624),#438,.F.);
#6939=ADVANCED_FACE('',(#625),#439,.F.);
#6940=ADVANCED_FACE('',(#626),#440,.F.);
#6941=ADVANCED_FACE('',(#627),#6716,.F.);
#6942=ADVANCED_FACE('',(#628),#6717,.F.);
#6943=ADVANCED_FACE('',(#629),#441,.F.);
#6944=ADVANCED_FACE('',(#630),#6718,.F.);
#6945=ADVANCED_FACE('',(#631),#6719,.F.);
#6946=ADVANCED_FACE('',(#632),#6720,.F.);
#6947=ADVANCED_FACE('',(#633),#6721,.F.);
#6948=ADVANCED_FACE('',(#634),#6722,.T.);
#6949=ADVANCED_FACE('',(#635),#6723,.T.);
#6950=ADVANCED_FACE('',(#636),#6724,.F.);
#6951=ADVANCED_FACE('',(#637),#6725,.F.);
#6952=ADVANCED_FACE('',(#638),#6726,.F.);
#6953=ADVANCED_FACE('',(#639),#6727,.F.);
#6954=ADVANCED_FACE('',(#640),#6728,.F.);
#6955=ADVANCED_FACE('',(#641),#6729,.F.);
#6956=ADVANCED_FACE('',(#642),#6730,.F.);
#6957=ADVANCED_FACE('',(#643),#6731,.F.);
#6958=ADVANCED_FACE('',(#644),#442,.F.);
#6959=ADVANCED_FACE('',(#645),#443,.F.);
#6960=ADVANCED_FACE('',(#646),#444,.F.);
#6961=ADVANCED_FACE('',(#647),#6732,.F.);
#6962=ADVANCED_FACE('',(#648),#445,.F.);
#6963=ADVANCED_FACE('',(#649),#446,.T.);
#6964=ADVANCED_FACE('',(#650),#447,.T.);
#6965=ADVANCED_FACE('',(#651),#448,.T.);
#6966=ADVANCED_FACE('',(#652),#449,.T.);
#6967=ADVANCED_FACE('',(#653),#450,.F.);
#6968=ADVANCED_FACE('',(#654),#451,.F.);
#6969=ADVANCED_FACE('',(#655),#6733,.F.);
#6970=ADVANCED_FACE('',(#656),#452,.F.);
#6971=ADVANCED_FACE('',(#657),#453,.F.);
#6972=ADVANCED_FACE('',(#658),#454,.F.);
#6973=ADVANCED_FACE('',(#659),#455,.T.);
#6974=ADVANCED_FACE('',(#660),#456,.T.);
#6975=ADVANCED_FACE('',(#661),#457,.T.);
#6976=ADVANCED_FACE('',(#662),#458,.T.);
#6977=ADVANCED_FACE('',(#663),#459,.T.);
#6978=ADVANCED_FACE('',(#664),#460,.T.);
#6979=ADVANCED_FACE('',(#665,#360,#361),#6734,.T.);
#6980=ADVANCED_FACE('',(#666),#6735,.T.);
#6981=ADVANCED_FACE('',(#667),#461,.F.);
#6982=ADVANCED_FACE('',(#668),#6736,.F.);
#6983=ADVANCED_FACE('',(#669),#6737,.F.);
#6984=ADVANCED_FACE('',(#670),#462,.F.);
#6985=ADVANCED_FACE('',(#671),#463,.F.);
#6986=ADVANCED_FACE('',(#672),#464,.F.);
#6987=ADVANCED_FACE('',(#673),#465,.F.);
#6988=ADVANCED_FACE('',(#674),#466,.F.);
#6989=ADVANCED_FACE('',(#675),#467,.F.);
#6990=ADVANCED_FACE('',(#676),#468,.F.);
#6991=ADVANCED_FACE('',(#677),#469,.F.);
#6992=ADVANCED_FACE('',(#678),#470,.F.);
#6993=ADVANCED_FACE('',(#679),#471,.F.);
#6994=ADVANCED_FACE('',(#680),#472,.F.);
#6995=ADVANCED_FACE('',(#681),#473,.F.);
#6996=ADVANCED_FACE('',(#682),#474,.F.);
#6997=ADVANCED_FACE('',(#683),#475,.F.);
#6998=ADVANCED_FACE('',(#684),#6738,.F.);
#6999=ADVANCED_FACE('',(#685),#6739,.F.);
#7000=ADVANCED_FACE('',(#686),#476,.F.);
#7001=ADVANCED_FACE('',(#687),#477,.F.);
#7002=ADVANCED_FACE('',(#688),#478,.F.);
#7003=ADVANCED_FACE('',(#689),#479,.F.);
#7004=ADVANCED_FACE('',(#690),#480,.F.);
#7005=ADVANCED_FACE('',(#691),#481,.T.);
#7006=ADVANCED_FACE('',(#692),#482,.T.);
#7007=ADVANCED_FACE('',(#693),#483,.T.);
#7008=ADVANCED_FACE('',(#694),#484,.F.);
#7009=ADVANCED_FACE('',(#695),#485,.F.);
#7010=ADVANCED_FACE('',(#696),#486,.F.);
#7011=ADVANCED_FACE('',(#697),#487,.F.);
#7012=ADVANCED_FACE('',(#698),#488,.T.);
#7013=ADVANCED_FACE('',(#699),#489,.T.);
#7014=ADVANCED_FACE('',(#700),#490,.T.);
#7015=ADVANCED_FACE('',(#701,#362),#6740,.T.);
#7016=ADVANCED_FACE('',(#702),#6741,.T.);
#7017=ADVANCED_FACE('',(#703),#491,.F.);
#7018=ADVANCED_FACE('',(#704),#6742,.F.);
#7019=ADVANCED_FACE('',(#705),#6743,.F.);
#7020=ADVANCED_FACE('',(#706),#492,.F.);
#7021=ADVANCED_FACE('',(#707),#493,.F.);
#7022=ADVANCED_FACE('',(#708),#494,.F.);
#7023=ADVANCED_FACE('',(#709),#495,.F.);
#7024=ADVANCED_FACE('',(#710),#496,.F.);
#7025=ADVANCED_FACE('',(#711),#6744,.F.);
#7026=ADVANCED_FACE('',(#712),#6745,.F.);
#7027=ADVANCED_FACE('',(#713),#6746,.F.);
#7028=ADVANCED_FACE('',(#714),#497,.F.);
#7029=ADVANCED_FACE('',(#715),#498,.F.);
#7030=ADVANCED_FACE('',(#716),#499,.F.);
#7031=ADVANCED_FACE('',(#717),#500,.F.);
#7032=ADVANCED_FACE('',(#718),#501,.F.);
#7033=ADVANCED_FACE('',(#719),#502,.F.);
#7034=ADVANCED_FACE('',(#720),#503,.F.);
#7035=ADVANCED_FACE('',(#721),#6747,.F.);
#7036=ADVANCED_FACE('',(#722),#504,.F.);
#7037=ADVANCED_FACE('',(#723),#505,.F.);
#7038=ADVANCED_FACE('',(#724),#506,.F.);
#7039=ADVANCED_FACE('',(#725),#507,.F.);
#7040=ADVANCED_FACE('',(#726),#6748,.F.);
#7041=ADVANCED_FACE('',(#727),#6749,.F.);
#7042=ADVANCED_FACE('',(#728),#508,.F.);
#7043=ADVANCED_FACE('',(#729),#509,.F.);
#7044=ADVANCED_FACE('',(#730),#6750,.F.);
#7045=ADVANCED_FACE('',(#731),#6751,.F.);
#7046=ADVANCED_FACE('',(#732),#6752,.F.);
#7047=ADVANCED_FACE('',(#733),#6753,.F.);
#7048=ADVANCED_FACE('',(#734),#6754,.T.);
#7049=ADVANCED_FACE('',(#735),#6755,.T.);
#7050=ADVANCED_FACE('',(#736),#6756,.F.);
#7051=ADVANCED_FACE('',(#737),#6757,.F.);
#7052=ADVANCED_FACE('',(#738),#6758,.F.);
#7053=ADVANCED_FACE('',(#739),#6759,.F.);
#7054=ADVANCED_FACE('',(#740),#6760,.F.);
#7055=ADVANCED_FACE('',(#741),#6761,.F.);
#7056=ADVANCED_FACE('',(#742),#6762,.F.);
#7057=ADVANCED_FACE('',(#743),#6763,.F.);
#7058=ADVANCED_FACE('',(#744),#6764,.F.);
#7059=ADVANCED_FACE('',(#745),#6765,.F.);
#7060=ADVANCED_FACE('',(#746),#6766,.F.);
#7061=ADVANCED_FACE('',(#747),#6767,.F.);
#7062=ADVANCED_FACE('',(#748),#6768,.F.);
#7063=ADVANCED_FACE('',(#749),#510,.F.);
#7064=ADVANCED_FACE('',(#750),#511,.F.);
#7065=ADVANCED_FACE('',(#751),#512,.F.);
#7066=ADVANCED_FACE('',(#752),#6769,.F.);
#7067=ADVANCED_FACE('',(#753),#6770,.F.);
#7068=ADVANCED_FACE('',(#754),#513,.F.);
#7069=ADVANCED_FACE('',(#755),#514,.F.);
#7070=ADVANCED_FACE('',(#756),#515,.F.);
#7071=ADVANCED_FACE('',(#757),#516,.F.);
#7072=ADVANCED_FACE('',(#758),#517,.F.);
#7073=ADVANCED_FACE('',(#759),#518,.F.);
#7074=ADVANCED_FACE('',(#760),#519,.F.);
#7075=ADVANCED_FACE('',(#761),#520,.F.);
#7076=ADVANCED_FACE('',(#762),#6771,.F.);
#7077=ADVANCED_FACE('',(#763),#6772,.F.);
#7078=ADVANCED_FACE('',(#764),#6773,.F.);
#7079=ADVANCED_FACE('',(#765),#6774,.F.);
#7080=ADVANCED_FACE('',(#766),#6775,.F.);
#7081=ADVANCED_FACE('',(#767),#521,.F.);
#7082=ADVANCED_FACE('',(#768),#522,.F.);
#7083=ADVANCED_FACE('',(#769),#6776,.T.);
#7084=ADVANCED_FACE('',(#770),#6777,.T.);
#7085=ADVANCED_FACE('',(#771),#6778,.F.);
#7086=ADVANCED_FACE('',(#772),#523,.F.);
#7087=ADVANCED_FACE('',(#773),#6779,.F.);
#7088=ADVANCED_FACE('',(#774),#6780,.F.);
#7089=ADVANCED_FACE('',(#775),#6781,.F.);
#7090=ADVANCED_FACE('',(#776),#6782,.F.);
#7091=ADVANCED_FACE('',(#777),#6783,.F.);
#7092=ADVANCED_FACE('',(#778),#6784,.F.);
#7093=ADVANCED_FACE('',(#779),#6785,.F.);
#7094=ADVANCED_FACE('',(#780),#6786,.F.);
#7095=ADVANCED_FACE('',(#781),#6787,.F.);
#7096=ADVANCED_FACE('',(#782),#6788,.F.);
#7097=ADVANCED_FACE('',(#783),#6789,.F.);
#7098=ADVANCED_FACE('',(#784),#6790,.F.);
#7099=ADVANCED_FACE('',(#785),#6791,.F.);
#7100=ADVANCED_FACE('',(#786),#6792,.T.);
#7101=ADVANCED_FACE('',(#787),#6793,.T.);
#7102=ADVANCED_FACE('',(#788),#524,.F.);
#7103=ADVANCED_FACE('',(#789),#6794,.F.);
#7104=ADVANCED_FACE('',(#790),#6795,.F.);
#7105=ADVANCED_FACE('',(#791),#525,.F.);
#7106=ADVANCED_FACE('',(#792),#526,.F.);
#7107=ADVANCED_FACE('',(#793),#527,.F.);
#7108=ADVANCED_FACE('',(#794),#528,.F.);
#7109=ADVANCED_FACE('',(#795),#529,.F.);
#7110=ADVANCED_FACE('',(#796),#6796,.F.);
#7111=ADVANCED_FACE('',(#797),#6797,.F.);
#7112=ADVANCED_FACE('',(#798),#6798,.F.);
#7113=ADVANCED_FACE('',(#799),#530,.F.);
#7114=ADVANCED_FACE('',(#800),#531,.F.);
#7115=ADVANCED_FACE('',(#801),#532,.F.);
#7116=ADVANCED_FACE('',(#802),#533,.F.);
#7117=ADVANCED_FACE('',(#803),#534,.F.);
#7118=ADVANCED_FACE('',(#804),#535,.F.);
#7119=ADVANCED_FACE('',(#805),#536,.F.);
#7120=ADVANCED_FACE('',(#806),#6799,.F.);
#7121=ADVANCED_FACE('',(#807),#537,.F.);
#7122=ADVANCED_FACE('',(#808),#538,.F.);
#7123=ADVANCED_FACE('',(#809),#539,.F.);
#7124=ADVANCED_FACE('',(#810),#540,.F.);
#7125=ADVANCED_FACE('',(#811),#6800,.F.);
#7126=ADVANCED_FACE('',(#812),#6801,.F.);
#7127=ADVANCED_FACE('',(#813),#541,.F.);
#7128=ADVANCED_FACE('',(#814),#542,.F.);
#7129=ADVANCED_FACE('',(#815),#543,.F.);
#7130=ADVANCED_FACE('',(#816),#544,.F.);
#7131=ADVANCED_FACE('',(#817),#6802,.F.);
#7132=ADVANCED_FACE('',(#818),#6803,.T.);
#7133=ADVANCED_FACE('',(#819),#6804,.T.);
#7134=ADVANCED_FACE('',(#820),#6805,.T.);
#7135=ADVANCED_FACE('',(#821),#545,.F.);
#7136=ADVANCED_FACE('',(#822),#546,.F.);
#7137=ADVANCED_FACE('',(#823),#6806,.F.);
#7138=ADVANCED_FACE('',(#824),#6807,.F.);
#7139=ADVANCED_FACE('',(#825),#547,.T.);
#7140=ADVANCED_FACE('',(#826),#548,.T.);
#7141=ADVANCED_FACE('',(#827),#549,.T.);
#7142=ADVANCED_FACE('',(#828),#550,.T.);
#7143=ADVANCED_FACE('',(#829,#363),#6808,.T.);
#7144=ADVANCED_FACE('',(#830,#364,#365),#6809,.T.);
#7145=ADVANCED_FACE('',(#831),#551,.T.);
#7146=ADVANCED_FACE('',(#832),#552,.T.);
#7147=ADVANCED_FACE('',(#833),#553,.T.);
#7148=ADVANCED_FACE('',(#834),#554,.T.);
#7149=ADVANCED_FACE('',(#835),#555,.T.);
#7150=ADVANCED_FACE('',(#836),#556,.T.);
#7151=ADVANCED_FACE('',(#837),#557,.T.);
#7152=ADVANCED_FACE('',(#838),#558,.T.);
#7153=ADVANCED_FACE('',(#839),#559,.F.);
#7154=ADVANCED_FACE('',(#840),#560,.F.);
#7155=ADVANCED_FACE('',(#841),#561,.F.);
#7156=ADVANCED_FACE('',(#842),#6810,.F.);
#7157=ADVANCED_FACE('',(#843),#562,.F.);
#7158=ADVANCED_FACE('',(#844),#6811,.T.);
#7159=ADVANCED_FACE('',(#845),#6812,.T.);
#7160=ADVANCED_FACE('',(#846),#6813,.T.);
#7161=ADVANCED_FACE('',(#847),#6814,.T.);
#7162=ADVANCED_FACE('',(#848),#6815,.T.);
#7163=ADVANCED_FACE('',(#849),#6816,.T.);
#7164=ADVANCED_FACE('',(#850),#6817,.F.);
#7165=ADVANCED_FACE('',(#851),#6818,.F.);
#7166=ADVANCED_FACE('',(#852),#6819,.F.);
#7167=ADVANCED_FACE('',(#853),#563,.F.);
#7168=ADVANCED_FACE('',(#854),#564,.F.);
#7169=ADVANCED_FACE('',(#855),#6820,.F.);
#7170=ADVANCED_FACE('',(#856),#6821,.F.);
#7171=ADVANCED_FACE('',(#857),#6822,.F.);
#7172=ADVANCED_FACE('',(#858),#6823,.F.);
#7173=ADVANCED_FACE('',(#859),#6824,.T.);
#7174=ADVANCED_FACE('',(#860,#366,#367,#368,#369,#370,#371,#372,#373,#374,
#375,#376,#377,#378,#379,#380,#381,#382,#383,#384,#385),#6825,.T.);
#7175=ADVANCED_FACE('',(#861),#6826,.T.);
#7176=ADVANCED_FACE('',(#862),#6827,.T.);
#7177=ADVANCED_FACE('',(#863),#6828,.T.);
#7178=ADVANCED_FACE('',(#864),#6829,.T.);
#7179=ADVANCED_FACE('',(#865),#6830,.T.);
#7180=ADVANCED_FACE('',(#866),#6831,.T.);
#7181=ADVANCED_FACE('',(#867),#6832,.T.);
#7182=ADVANCED_FACE('',(#868,#386),#241,.F.);
#7183=ADVANCED_FACE('',(#869),#6833,.T.);
#7184=ADVANCED_FACE('',(#870,#387),#242,.T.);
#7185=ADVANCED_FACE('',(#871),#6834,.T.);
#7186=ADVANCED_FACE('',(#872),#221,.T.);
#7187=ADVANCED_FACE('',(#873),#222,.T.);
#7188=ADVANCED_FACE('',(#874),#223,.T.);
#7189=ADVANCED_FACE('',(#875),#224,.T.);
#7190=ADVANCED_FACE('',(#876),#225,.T.);
#7191=ADVANCED_FACE('',(#877),#226,.T.);
#7192=ADVANCED_FACE('',(#878),#227,.T.);
#7193=ADVANCED_FACE('',(#879),#228,.T.);
#7194=ADVANCED_FACE('',(#880),#229,.T.);
#7195=ADVANCED_FACE('',(#881),#230,.T.);
#7196=ADVANCED_FACE('',(#882),#231,.T.);
#7197=ADVANCED_FACE('',(#883),#232,.T.);
#7198=ADVANCED_FACE('',(#884),#233,.T.);
#7199=ADVANCED_FACE('',(#885),#234,.T.);
#7200=ADVANCED_FACE('',(#886),#173,.T.);
#7201=ADVANCED_FACE('',(#887),#174,.T.);
#7202=ADVANCED_FACE('',(#888),#175,.T.);
#7203=ADVANCED_FACE('',(#889),#235,.T.);
#7204=ADVANCED_FACE('',(#890),#176,.T.);
#7205=ADVANCED_FACE('',(#891),#177,.T.);
#7206=ADVANCED_FACE('',(#892),#236,.T.);
#7207=ADVANCED_FACE('',(#893),#178,.T.);
#7208=ADVANCED_FACE('',(#894),#179,.T.);
#7209=ADVANCED_FACE('',(#895),#180,.T.);
#7210=ADVANCED_FACE('',(#896),#181,.T.);
#7211=ADVANCED_FACE('',(#897),#182,.T.);
#7212=ADVANCED_FACE('',(#898),#183,.T.);
#7213=ADVANCED_FACE('',(#899),#184,.T.);
#7214=ADVANCED_FACE('',(#900),#185,.T.);
#7215=ADVANCED_FACE('',(#901),#186,.T.);
#7216=ADVANCED_FACE('',(#902),#187,.T.);
#7217=ADVANCED_FACE('',(#903),#188,.T.);
#7218=ADVANCED_FACE('',(#904),#189,.T.);
#7219=ADVANCED_FACE('',(#905),#190,.T.);
#7220=ADVANCED_FACE('',(#906),#191,.T.);
#7221=ADVANCED_FACE('',(#907),#192,.T.);
#7222=ADVANCED_FACE('',(#908),#193,.T.);
#7223=ADVANCED_FACE('',(#909),#194,.T.);
#7224=ADVANCED_FACE('',(#910),#195,.T.);
#7225=ADVANCED_FACE('',(#911),#196,.T.);
#7226=ADVANCED_FACE('',(#912),#197,.T.);
#7227=ADVANCED_FACE('',(#913),#198,.T.);
#7228=ADVANCED_FACE('',(#914),#199,.T.);
#7229=ADVANCED_FACE('',(#915),#200,.T.);
#7230=ADVANCED_FACE('',(#916),#6835,.T.);
#7231=ADVANCED_FACE('',(#917),#6836,.T.);
#7232=ADVANCED_FACE('',(#918),#6837,.T.);
#7233=ADVANCED_FACE('',(#919),#6838,.T.);
#7234=ADVANCED_FACE('',(#920),#6839,.T.);
#7235=ADVANCED_FACE('',(#921),#6840,.T.);
#7236=ADVANCED_FACE('',(#922),#6841,.T.);
#7237=ADVANCED_FACE('',(#923),#6842,.T.);
#7238=ADVANCED_FACE('',(#924),#6843,.T.);
#7239=ADVANCED_FACE('',(#925),#6844,.T.);
#7240=ADVANCED_FACE('',(#926),#6845,.T.);
#7241=ADVANCED_FACE('',(#927),#6846,.T.);
#7242=ADVANCED_FACE('',(#928),#6847,.T.);
#7243=ADVANCED_FACE('',(#929),#237,.T.);
#7244=ADVANCED_FACE('',(#930),#238,.T.);
#7245=ADVANCED_FACE('',(#931),#201,.T.);
#7246=ADVANCED_FACE('',(#932),#202,.T.);
#7247=ADVANCED_FACE('',(#933),#243,.T.);
#7248=ADVANCED_FACE('',(#934),#203,.T.);
#7249=ADVANCED_FACE('',(#935),#244,.T.);
#7250=ADVANCED_FACE('',(#936),#204,.T.);
#7251=ADVANCED_FACE('',(#937),#239,.T.);
#7252=ADVANCED_FACE('',(#938),#240,.T.);
#7253=ADVANCED_FACE('',(#939),#205,.T.);
#7254=ADVANCED_FACE('',(#940),#206,.T.);
#7255=ADVANCED_FACE('',(#941),#245,.T.);
#7256=ADVANCED_FACE('',(#942),#207,.T.);
#7257=ADVANCED_FACE('',(#943),#246,.T.);
#7258=ADVANCED_FACE('',(#944),#208,.T.);
#7259=ADVANCED_FACE('',(#945),#209,.T.);
#7260=ADVANCED_FACE('',(#946),#210,.T.);
#7261=ADVANCED_FACE('',(#947),#247,.T.);
#7262=ADVANCED_FACE('',(#948),#211,.T.);
#7263=ADVANCED_FACE('',(#949),#248,.T.);
#7264=ADVANCED_FACE('',(#950),#212,.T.);
#7265=ADVANCED_FACE('',(#951),#213,.T.);
#7266=ADVANCED_FACE('',(#952),#214,.T.);
#7267=ADVANCED_FACE('',(#953),#249,.T.);
#7268=ADVANCED_FACE('',(#954),#215,.T.);
#7269=ADVANCED_FACE('',(#955),#250,.T.);
#7270=ADVANCED_FACE('',(#956),#216,.T.);
#7271=ADVANCED_FACE('',(#957),#6848,.T.);
#7272=ADVANCED_FACE('',(#958),#217,.T.);
#7273=ADVANCED_FACE('',(#959),#6849,.T.);
#7274=ADVANCED_FACE('',(#960),#218,.F.);
#7275=ADVANCED_FACE('',(#961),#6850,.T.);
#7276=ADVANCED_FACE('',(#962),#6851,.T.);
#7277=ADVANCED_FACE('',(#963),#6852,.F.);
#7278=ADVANCED_FACE('',(#964),#6853,.T.);
#7279=ADVANCED_FACE('',(#965),#6854,.T.);
#7280=ADVANCED_FACE('',(#966),#219,.T.);
#7281=ADVANCED_FACE('',(#967),#6855,.T.);
#7282=ADVANCED_FACE('',(#968),#220,.F.);
#7283=ADVANCED_FACE('',(#969),#6856,.T.);
#7284=ADVANCED_FACE('',(#970),#6857,.T.);
#7285=CLOSED_SHELL('',(#6879,#6880,#6881,#6882,#6883,#6884,#6885,#6886,
#6887,#6888,#6889,#6890,#6891,#6892,#6893,#6894,#6895,#6896,#6897,#6898,
#6899,#6900,#6901,#6902,#6903,#6904,#6905,#6906,#6907,#6908,#6909,#6910,
#6911,#6912,#6913,#6914,#6915,#6916,#6917,#6918,#6919,#6920,#6921,#6922,
#6923,#6924,#6925,#6926,#6927,#6928,#6929,#6930,#6931,#6932,#6933,#6934,
#6935,#6936,#6937,#6938,#6939,#6940,#6941,#6942,#6943,#6944,#6945,#6946,
#6947,#6948,#6949,#6950,#6951,#6952,#6953,#6954,#6955,#6956,#6957,#6958,
#6959,#6960,#6961,#6962,#6963,#6964,#6965,#6966,#6967,#6968,#6969,#6970,
#6971,#6972,#6973,#6974,#6975,#6976,#6977,#6978,#6979,#6980,#6981,#6982,
#6983,#6984,#6985,#6986,#6987,#6988,#6989,#6990,#6991,#6992,#6993,#6994,
#6995,#6996,#6997,#6998,#6999,#7000,#7001,#7002,#7003,#7004,#7005,#7006,
#7007,#7008,#7009,#7010,#7011,#7012,#7013,#7014,#7015,#7016,#7017,#7018,
#7019,#7020,#7021,#7022,#7023,#7024,#7025,#7026,#7027,#7028,#7029,#7030,
#7031,#7032,#7033,#7034,#7035,#7036,#7037,#7038,#7039,#7040,#7041,#7042,
#7043,#7044,#7045,#7046,#7047,#7048,#7049,#7050,#7051,#7052,#7053,#7054,
#7055,#7056,#7057,#7058,#7059,#7060,#7061,#7062,#7063,#7064,#7065,#7066,
#7067,#7068,#7069,#7070,#7071,#7072,#7073,#7074,#7075,#7076,#7077,#7078,
#7079,#7080,#7081,#7082,#7083,#7084,#7085,#7086,#7087,#7088,#7089,#7090,
#7091,#7092,#7093,#7094,#7095,#7096,#7097,#7098,#7099,#7100,#7101,#7102,
#7103,#7104,#7105,#7106,#7107,#7108,#7109,#7110,#7111,#7112,#7113,#7114,
#7115,#7116,#7117,#7118,#7119,#7120,#7121,#7122,#7123,#7124,#7125,#7126,
#7127,#7128,#7129,#7130,#7131,#7132,#7133,#7134,#7135,#7136,#7137,#7138,
#7139,#7140,#7141,#7142,#7143,#7144,#7145,#7146,#7147,#7148,#7149,#7150,
#7151,#7152,#7153,#7154,#7155,#7156,#7157,#7158,#7159,#7160,#7161,#7162,
#7163,#7164,#7165,#7166,#7167,#7168,#7169,#7170,#7171,#7172,#7173,#7174,
#7175,#7176,#7177,#7178,#7179,#7180,#7181,#7182,#7183,#7184,#7185,#7186,
#7187,#7188,#7189,#7190,#7191,#7192,#7193,#7194,#7195,#7196,#7197,#7198,
#7199,#7200,#7201,#7202,#7203,#7204,#7205,#7206,#7207,#7208,#7209,#7210,
#7211,#7212,#7213,#7214,#7215,#7216,#7217,#7218,#7219,#7220,#7221,#7222,
#7223,#7224,#7225,#7226,#7227,#7228,#7229,#7230,#7231,#7232,#7233,#7234,
#7235,#7236,#7237,#7238,#7239,#7240,#7241,#7242));
#7286=CLOSED_SHELL('',(#7243,#7244,#7245,#7246,#7247,#7248,#7249,#7250,
#7251,#7252,#7253,#7254,#7255,#7256,#7257,#7258,#7259,#7260,#7261,#7262,
#7263,#7264,#7265,#7266,#7267,#7268,#7269,#7270,#7271,#7272,#7273,#7274,
#7275,#7276,#7277,#7278,#7279,#7280,#7281,#7282,#7283,#7284));
#7287=PRESENTATION_STYLE_ASSIGNMENT((#7290));
#7288=PRESENTATION_STYLE_ASSIGNMENT((#7291));
#7289=PRESENTATION_STYLE_ASSIGNMENT((#7292));
#7290=SURFACE_STYLE_USAGE(.BOTH.,#7293);
#7291=SURFACE_STYLE_USAGE(.BOTH.,#7294);
#7292=SURFACE_STYLE_USAGE(.BOTH.,#7295);
#7293=SURFACE_SIDE_STYLE('',(#7296));
#7294=SURFACE_SIDE_STYLE('',(#7297));
#7295=SURFACE_SIDE_STYLE('',(#7298));
#7296=SURFACE_STYLE_FILL_AREA(#7299);
#7297=SURFACE_STYLE_FILL_AREA(#7300);
#7298=SURFACE_STYLE_FILL_AREA(#7301);
#7299=FILL_AREA_STYLE('',(#7302));
#7300=FILL_AREA_STYLE('',(#7303));
#7301=FILL_AREA_STYLE('',(#7304));
#7302=FILL_AREA_STYLE_COLOUR('',#7305);
#7303=FILL_AREA_STYLE_COLOUR('',#7306);
#7304=FILL_AREA_STYLE_COLOUR('',#7307);
#7305=COLOUR_RGB('',0.270588235294118,0.270588235294118,0.270588235294118);
#7306=COLOUR_RGB('',0.6,0.6,0.6);
#7307=COLOUR_RGB('',0.745098039215686,0.737254901960784,0.729411764705882);
#7308=DATE_TIME_ROLE('creation_date');
#7309=DATE_TIME_ROLE('creation_date');
#7310=DATE_TIME_ROLE('creation_date');
#7311=APPLIED_DATE_AND_TIME_ASSIGNMENT(#7314,#7308,(#13890));
#7312=APPLIED_DATE_AND_TIME_ASSIGNMENT(#7315,#7309,(#13891));
#7313=APPLIED_DATE_AND_TIME_ASSIGNMENT(#7316,#7310,(#13892));
#7314=DATE_AND_TIME(#7317,#7320);
#7315=DATE_AND_TIME(#7318,#7321);
#7316=DATE_AND_TIME(#7319,#7322);
#7317=CALENDAR_DATE(2017,24,2);
#7318=CALENDAR_DATE(2017,23,2);
#7319=CALENDAR_DATE(2016,12,6);
#7320=LOCAL_TIME(0,4,26.,#7323);
#7321=LOCAL_TIME(23,32,23.,#7324);
#7322=LOCAL_TIME(20,44,48.,#7325);
#7323=COORDINATED_UNIVERSAL_TIME_OFFSET(0,0,.BEHIND.);
#7324=COORDINATED_UNIVERSAL_TIME_OFFSET(0,0,.BEHIND.);
#7325=COORDINATED_UNIVERSAL_TIME_OFFSET(0,0,.BEHIND.);
#7326=AXIS2_PLACEMENT_3D('placement',#9154,#7734,#7735);
#7327=AXIS2_PLACEMENT_3D('placement',#9155,#7736,#7737);
#7328=AXIS2_PLACEMENT_3D('',#9156,#7738,#7739);
#7329=AXIS2_PLACEMENT_3D('',#9185,#7750,#7751);
#7330=AXIS2_PLACEMENT_3D('',#9205,#7756,#7757);
#7331=AXIS2_PLACEMENT_3D('',#9209,#7760,#7761);
#7332=AXIS2_PLACEMENT_3D('',#9213,#7764,#7765);
#7333=AXIS2_PLACEMENT_3D('',#9217,#7768,#7769);
#7334=AXIS2_PLACEMENT_3D('',#9221,#7772,#7773);
#7335=AXIS2_PLACEMENT_3D('',#9225,#7776,#7777);
#7336=AXIS2_PLACEMENT_3D('',#9229,#7780,#7781);
#7337=AXIS2_PLACEMENT_3D('',#9233,#7784,#7785);
#7338=AXIS2_PLACEMENT_3D('',#9237,#7788,#7789);
#7339=AXIS2_PLACEMENT_3D('',#9239,#7791,#7792);
#7340=AXIS2_PLACEMENT_3D('',#9250,#7793,#7794);
#7341=AXIS2_PLACEMENT_3D('',#9268,#7795,#7796);
#7342=AXIS2_PLACEMENT_3D('',#9423,#7804,#7805);
#7343=AXIS2_PLACEMENT_3D('',#9462,#7809,#7810);
#7344=AXIS2_PLACEMENT_3D('',#9577,#7818,#7819);
#7345=AXIS2_PLACEMENT_3D('',#9583,#7823,#7824);
#7346=AXIS2_PLACEMENT_3D('',#9589,#7828,#7829);
#7347=AXIS2_PLACEMENT_3D('',#9598,#7834,#7835);
#7348=AXIS2_PLACEMENT_3D('',#9604,#7839,#7840);
#7349=AXIS2_PLACEMENT_3D('',#9654,#7846,#7847);
#7350=AXIS2_PLACEMENT_3D('',#9660,#7851,#7852);
#7351=AXIS2_PLACEMENT_3D('',#9666,#7856,#7857);
#7352=AXIS2_PLACEMENT_3D('',#9754,#7863,#7864);
#7353=AXIS2_PLACEMENT_3D('',#9755,#7865,#7866);
#7354=AXIS2_PLACEMENT_3D('',#9908,#7873,#7874);
#7355=AXIS2_PLACEMENT_3D('',#9912,#7877,#7878);
#7356=AXIS2_PLACEMENT_3D('',#10112,#7895,#7896);
#7357=AXIS2_PLACEMENT_3D('',#10116,#7899,#7900);
#7358=AXIS2_PLACEMENT_3D('',#10132,#7903,#7904);
#7359=AXIS2_PLACEMENT_3D('',#10141,#7909,#7910);
#7360=AXIS2_PLACEMENT_3D('',#10147,#7914,#7915);
#7361=AXIS2_PLACEMENT_3D('',#10153,#7919,#7920);
#7362=AXIS2_PLACEMENT_3D('',#10156,#7923,#7924);
#7363=AXIS2_PLACEMENT_3D('',#10157,#7925,#7926);
#7364=AXIS2_PLACEMENT_3D('',#10174,#7935,#7936);
#7365=AXIS2_PLACEMENT_3D('',#10180,#7940,#7941);
#7366=AXIS2_PLACEMENT_3D('',#10184,#7944,#7945);
#7367=AXIS2_PLACEMENT_3D('',#10188,#7948,#7949);
#7368=AXIS2_PLACEMENT_3D('',#10192,#7952,#7953);
#7369=AXIS2_PLACEMENT_3D('',#10196,#7956,#7957);
#7370=AXIS2_PLACEMENT_3D('',#10200,#7960,#7961);
#7371=AXIS2_PLACEMENT_3D('',#10204,#7964,#7965);
#7372=AXIS2_PLACEMENT_3D('',#10275,#7971,#7972);
#7373=AXIS2_PLACEMENT_3D('',#10441,#7985,#7986);
#7374=AXIS2_PLACEMENT_3D('',#10636,#7996,#7997);
#7375=AXIS2_PLACEMENT_3D('',#10637,#7998,#7999);
#7376=AXIS2_PLACEMENT_3D('',#10790,#8006,#8007);
#7377=AXIS2_PLACEMENT_3D('',#10794,#8010,#8011);
#7378=AXIS2_PLACEMENT_3D('',#10994,#8028,#8029);
#7379=AXIS2_PLACEMENT_3D('',#10998,#8032,#8033);
#7380=AXIS2_PLACEMENT_3D('',#11097,#8040,#8041);
#7381=AXIS2_PLACEMENT_3D('',#11133,#8045,#8046);
#7382=AXIS2_PLACEMENT_3D('',#11196,#8050,#8051);
#7383=AXIS2_PLACEMENT_3D('',#11199,#8053,#8054);
#7384=AXIS2_PLACEMENT_3D('',#11304,#8058,#8059);
#7385=AXIS2_PLACEMENT_3D('',#11305,#8060,#8061);
#7386=AXIS2_PLACEMENT_3D('',#11390,#8067,#8068);
#7387=AXIS2_PLACEMENT_3D('',#11484,#8074,#8075);
#7388=AXIS2_PLACEMENT_3D('',#11488,#8078,#8079);
#7389=AXIS2_PLACEMENT_3D('',#11562,#8087,#8088);
#7390=AXIS2_PLACEMENT_3D('',#11566,#8091,#8092);
#7391=AXIS2_PLACEMENT_3D('',#11570,#8095,#8096);
#7392=AXIS2_PLACEMENT_3D('',#11625,#8102,#8103);
#7393=AXIS2_PLACEMENT_3D('',#11669,#8108,#8109);
#7394=AXIS2_PLACEMENT_3D('',#11729,#8116,#8117);
#7395=AXIS2_PLACEMENT_3D('',#11733,#8120,#8121);
#7396=AXIS2_PLACEMENT_3D('',#11763,#8125,#8126);
#7397=AXIS2_PLACEMENT_3D('',#11772,#8131,#8132);
#7398=AXIS2_PLACEMENT_3D('',#11778,#8136,#8137);
#7399=AXIS2_PLACEMENT_3D('',#11784,#8141,#8142);
#7400=AXIS2_PLACEMENT_3D('',#11787,#8145,#8146);
#7401=AXIS2_PLACEMENT_3D('',#11788,#8147,#8148);
#7402=AXIS2_PLACEMENT_3D('',#11815,#8162,#8163);
#7403=AXIS2_PLACEMENT_3D('',#11821,#8167,#8168);
#7404=AXIS2_PLACEMENT_3D('',#11825,#8171,#8172);
#7405=AXIS2_PLACEMENT_3D('',#11829,#8175,#8176);
#7406=AXIS2_PLACEMENT_3D('',#11833,#8179,#8180);
#7407=AXIS2_PLACEMENT_3D('',#11837,#8183,#8184);
#7408=AXIS2_PLACEMENT_3D('',#11841,#8187,#8188);
#7409=AXIS2_PLACEMENT_3D('',#11845,#8191,#8192);
#7410=AXIS2_PLACEMENT_3D('',#11849,#8195,#8196);
#7411=AXIS2_PLACEMENT_3D('',#11853,#8199,#8200);
#7412=AXIS2_PLACEMENT_3D('',#11857,#8203,#8204);
#7413=AXIS2_PLACEMENT_3D('',#11861,#8207,#8208);
#7414=AXIS2_PLACEMENT_3D('',#11865,#8211,#8212);
#7415=AXIS2_PLACEMENT_3D('',#11936,#8218,#8219);
#7416=AXIS2_PLACEMENT_3D('',#11942,#8223,#8224);
#7417=AXIS2_PLACEMENT_3D('',#12111,#8235,#8236);
#7418=AXIS2_PLACEMENT_3D('',#12121,#8238,#8239);
#7419=AXIS2_PLACEMENT_3D('',#12127,#8243,#8244);
#7420=AXIS2_PLACEMENT_3D('',#12133,#8248,#8249);
#7421=AXIS2_PLACEMENT_3D('',#12139,#8253,#8254);
#7422=AXIS2_PLACEMENT_3D('',#12145,#8258,#8259);
#7423=AXIS2_PLACEMENT_3D('',#12192,#8264,#8265);
#7424=AXIS2_PLACEMENT_3D('',#12193,#8266,#8267);
#7425=AXIS2_PLACEMENT_3D('',#12222,#8278,#8279);
#7426=AXIS2_PLACEMENT_3D('',#12242,#8284,#8285);
#7427=AXIS2_PLACEMENT_3D('',#12246,#8288,#8289);
#7428=AXIS2_PLACEMENT_3D('',#12250,#8292,#8293);
#7429=AXIS2_PLACEMENT_3D('',#12254,#8296,#8297);
#7430=AXIS2_PLACEMENT_3D('',#12258,#8300,#8301);
#7431=AXIS2_PLACEMENT_3D('',#12262,#8304,#8305);
#7432=AXIS2_PLACEMENT_3D('',#12266,#8308,#8309);
#7433=AXIS2_PLACEMENT_3D('',#12270,#8312,#8313);
#7434=AXIS2_PLACEMENT_3D('',#12274,#8316,#8317);
#7435=AXIS2_PLACEMENT_3D('',#12276,#8319,#8320);
#7436=AXIS2_PLACEMENT_3D('',#12285,#8325,#8326);
#7437=AXIS2_PLACEMENT_3D('',#12291,#8330,#8331);
#7438=AXIS2_PLACEMENT_3D('',#12297,#8335,#8336);
#7439=AXIS2_PLACEMENT_3D('',#12300,#8339,#8340);
#7440=AXIS2_PLACEMENT_3D('',#12301,#8341,#8342);
#7441=AXIS2_PLACEMENT_3D('',#12386,#8348,#8349);
#7442=AXIS2_PLACEMENT_3D('',#12480,#8355,#8356);
#7443=AXIS2_PLACEMENT_3D('',#12484,#8359,#8360);
#7444=AXIS2_PLACEMENT_3D('',#12558,#8368,#8369);
#7445=AXIS2_PLACEMENT_3D('',#12562,#8372,#8373);
#7446=AXIS2_PLACEMENT_3D('',#12566,#8376,#8377);
#7447=AXIS2_PLACEMENT_3D('',#12621,#8383,#8384);
#7448=AXIS2_PLACEMENT_3D('',#12665,#8389,#8390);
#7449=AXIS2_PLACEMENT_3D('',#12725,#8397,#8398);
#7450=AXIS2_PLACEMENT_3D('',#12729,#8401,#8402);
#7451=AXIS2_PLACEMENT_3D('',#12806,#8409,#8410);
#7452=AXIS2_PLACEMENT_3D('',#12812,#8414,#8415);
#7453=AXIS2_PLACEMENT_3D('',#12821,#8420,#8421);
#7454=AXIS2_PLACEMENT_3D('',#12827,#8425,#8426);
#7455=AXIS2_PLACEMENT_3D('',#12877,#8432,#8433);
#7456=AXIS2_PLACEMENT_3D('',#12883,#8437,#8438);
#7457=AXIS2_PLACEMENT_3D('',#12917,#8442,#8443);
#7458=AXIS2_PLACEMENT_3D('',#12920,#8445,#8446);
#7459=AXIS2_PLACEMENT_3D('',#12962,#8448,#8449);
#7460=AXIS2_PLACEMENT_3D('',#12963,#8450,#8451);
#7461=AXIS2_PLACEMENT_3D('',#13257,#8476,#8477);
#7462=AXIS2_PLACEMENT_3D('',#13275,#8481,#8482);
#7463=AXIS2_PLACEMENT_3D('',#13279,#8485,#8486);
#7464=AXIS2_PLACEMENT_3D('',#13283,#8489,#8490);
#7465=AXIS2_PLACEMENT_3D('',#13285,#8492,#8493);
#7466=AXIS2_PLACEMENT_3D('',#13289,#8496,#8497);
#7467=AXIS2_PLACEMENT_3D('',#13293,#8500,#8501);
#7468=AXIS2_PLACEMENT_3D('',#13295,#8503,#8504);
#7469=AXIS2_PLACEMENT_3D('',#13299,#8507,#8508);
#7470=AXIS2_PLACEMENT_3D('',#13303,#8511,#8512);
#7471=AXIS2_PLACEMENT_3D('',#13333,#8516,#8517);
#7472=AXIS2_PLACEMENT_3D('',#13342,#8522,#8523);
#7473=AXIS2_PLACEMENT_3D('',#13348,#8527,#8528);
#7474=AXIS2_PLACEMENT_3D('',#13354,#8532,#8533);
#7475=AXIS2_PLACEMENT_3D('',#13357,#8536,#8537);
#7476=AXIS2_PLACEMENT_3D('',#13358,#8538,#8539);
#7477=AXIS2_PLACEMENT_3D('',#13368,#8544,#8545);
#7478=AXIS2_PLACEMENT_3D('',#13369,#8546,#8547);
#7479=AXIS2_PLACEMENT_3D('',#13370,#8548,#8549);
#7480=AXIS2_PLACEMENT_3D('',#13371,#8550,#8551);
#7481=AXIS2_PLACEMENT_3D('',#13372,#8552,#8553);
#7482=AXIS2_PLACEMENT_3D('',#13373,#8554,#8555);
#7483=AXIS2_PLACEMENT_3D('',#13374,#8556,#8557);
#7484=AXIS2_PLACEMENT_3D('',#13375,#8558,#8559);
#7485=AXIS2_PLACEMENT_3D('',#13376,#8560,#8561);
#7486=AXIS2_PLACEMENT_3D('',#13378,#8562,#8563);
#7487=AXIS2_PLACEMENT_3D('',#13380,#8564,#8565);
#7488=AXIS2_PLACEMENT_3D('',#13381,#8566,#8567);
#7489=AXIS2_PLACEMENT_3D('',#13382,#8568,#8569);
#7490=AXIS2_PLACEMENT_3D('',#13383,#8570,#8571);
#7491=AXIS2_PLACEMENT_3D('',#13384,#8572,#8573);
#7492=AXIS2_PLACEMENT_3D('',#13387,#8574,#8575);
#7493=AXIS2_PLACEMENT_3D('',#13389,#8576,#8577);
#7494=AXIS2_PLACEMENT_3D('',#13390,#8578,#8579);
#7495=AXIS2_PLACEMENT_3D('',#13391,#8580,#8581);
#7496=AXIS2_PLACEMENT_3D('',#13394,#8582,#8583);
#7497=AXIS2_PLACEMENT_3D('',#13396,#8584,#8585);
#7498=AXIS2_PLACEMENT_3D('',#13397,#8586,#8587);
#7499=AXIS2_PLACEMENT_3D('',#13398,#8588,#8589);
#7500=AXIS2_PLACEMENT_3D('',#13401,#8590,#8591);
#7501=AXIS2_PLACEMENT_3D('',#13403,#8592,#8593);
#7502=AXIS2_PLACEMENT_3D('',#13404,#8594,#8595);
#7503=AXIS2_PLACEMENT_3D('',#13405,#8596,#8597);
#7504=AXIS2_PLACEMENT_3D('',#13408,#8598,#8599);
#7505=AXIS2_PLACEMENT_3D('',#13410,#8600,#8601);
#7506=AXIS2_PLACEMENT_3D('',#13412,#8602,#8603);
#7507=AXIS2_PLACEMENT_3D('',#13413,#8604,#8605);
#7508=AXIS2_PLACEMENT_3D('',#13414,#8606,#8607);
#7509=AXIS2_PLACEMENT_3D('',#13417,#8608,#8609);
#7510=AXIS2_PLACEMENT_3D('',#13419,#8610,#8611);
#7511=AXIS2_PLACEMENT_3D('',#13420,#8612,#8613);
#7512=AXIS2_PLACEMENT_3D('',#13421,#8614,#8615);
#7513=AXIS2_PLACEMENT_3D('',#13424,#8616,#8617);
#7514=AXIS2_PLACEMENT_3D('',#13426,#8618,#8619);
#7515=AXIS2_PLACEMENT_3D('',#13428,#8620,#8621);
#7516=AXIS2_PLACEMENT_3D('',#13429,#8622,#8623);
#7517=AXIS2_PLACEMENT_3D('',#13430,#8624,#8625);
#7518=AXIS2_PLACEMENT_3D('',#13433,#8626,#8627);
#7519=AXIS2_PLACEMENT_3D('',#13435,#8628,#8629);
#7520=AXIS2_PLACEMENT_3D('',#13437,#8630,#8631);
#7521=AXIS2_PLACEMENT_3D('',#13438,#8632,#8633);
#7522=AXIS2_PLACEMENT_3D('',#13439,#8634,#8635);
#7523=AXIS2_PLACEMENT_3D('',#13442,#8636,#8637);
#7524=AXIS2_PLACEMENT_3D('',#13444,#8638,#8639);
#7525=AXIS2_PLACEMENT_3D('',#13446,#8640,#8641);
#7526=AXIS2_PLACEMENT_3D('',#13447,#8642,#8643);
#7527=AXIS2_PLACEMENT_3D('',#13448,#8644,#8645);
#7528=AXIS2_PLACEMENT_3D('',#13451,#8646,#8647);
#7529=AXIS2_PLACEMENT_3D('',#13453,#8648,#8649);
#7530=AXIS2_PLACEMENT_3D('',#13455,#8650,#8651);
#7531=AXIS2_PLACEMENT_3D('',#13456,#8652,#8653);
#7532=AXIS2_PLACEMENT_3D('',#13457,#8654,#8655);
#7533=AXIS2_PLACEMENT_3D('',#13460,#8656,#8657);
#7534=AXIS2_PLACEMENT_3D('',#13462,#8658,#8659);
#7535=AXIS2_PLACEMENT_3D('',#13464,#8660,#8661);
#7536=AXIS2_PLACEMENT_3D('',#13465,#8662,#8663);
#7537=AXIS2_PLACEMENT_3D('',#13466,#8664,#8665);
#7538=AXIS2_PLACEMENT_3D('',#13469,#8666,#8667);
#7539=AXIS2_PLACEMENT_3D('',#13471,#8668,#8669);
#7540=AXIS2_PLACEMENT_3D('',#13473,#8670,#8671);
#7541=AXIS2_PLACEMENT_3D('',#13474,#8672,#8673);
#7542=AXIS2_PLACEMENT_3D('',#13475,#8674,#8675);
#7543=AXIS2_PLACEMENT_3D('',#13477,#8676,#8677);
#7544=AXIS2_PLACEMENT_3D('',#13479,#8678,#8679);
#7545=AXIS2_PLACEMENT_3D('',#13480,#8680,#8681);
#7546=AXIS2_PLACEMENT_3D('',#13481,#8682,#8683);
#7547=AXIS2_PLACEMENT_3D('',#13483,#8684,#8685);
#7548=AXIS2_PLACEMENT_3D('',#13485,#8686,#8687);
#7549=AXIS2_PLACEMENT_3D('',#13486,#8688,#8689);
#7550=AXIS2_PLACEMENT_3D('',#13487,#8690,#8691);
#7551=AXIS2_PLACEMENT_3D('',#13490,#8692,#8693);
#7552=AXIS2_PLACEMENT_3D('',#13492,#8694,#8695);
#7553=AXIS2_PLACEMENT_3D('',#13494,#8696,#8697);
#7554=AXIS2_PLACEMENT_3D('',#13495,#8698,#8699);
#7555=AXIS2_PLACEMENT_3D('',#13496,#8700,#8701);
#7556=AXIS2_PLACEMENT_3D('',#13499,#8704,#8705);
#7557=AXIS2_PLACEMENT_3D('',#13502,#8708,#8709);
#7558=AXIS2_PLACEMENT_3D('',#13505,#8712,#8713);
#7559=AXIS2_PLACEMENT_3D('',#13507,#8714,#8715);
#7560=AXIS2_PLACEMENT_3D('',#13509,#8716,#8717);
#7561=AXIS2_PLACEMENT_3D('',#13510,#8718,#8719);
#7562=AXIS2_PLACEMENT_3D('',#13511,#8720,#8721);
#7563=AXIS2_PLACEMENT_3D('',#13513,#8723,#8724);
#7564=AXIS2_PLACEMENT_3D('',#13516,#8727,#8728);
#7565=AXIS2_PLACEMENT_3D('',#13518,#8729,#8730);
#7566=AXIS2_PLACEMENT_3D('',#13520,#8731,#8732);
#7567=AXIS2_PLACEMENT_3D('',#13521,#8733,#8734);
#7568=AXIS2_PLACEMENT_3D('',#13522,#8735,#8736);
#7569=AXIS2_PLACEMENT_3D('',#13524,#8738,#8739);
#7570=AXIS2_PLACEMENT_3D('',#13527,#8742,#8743);
#7571=AXIS2_PLACEMENT_3D('',#13529,#8745,#8746);
#7572=AXIS2_PLACEMENT_3D('',#13532,#8749,#8750);
#7573=AXIS2_PLACEMENT_3D('',#13534,#8752,#8753);
#7574=AXIS2_PLACEMENT_3D('',#13537,#8756,#8757);
#7575=AXIS2_PLACEMENT_3D('',#13540,#8760,#8761);
#7576=AXIS2_PLACEMENT_3D('',#13543,#8764,#8765);
#7577=AXIS2_PLACEMENT_3D('',#13546,#8768,#8769);
#7578=AXIS2_PLACEMENT_3D('',#13549,#8772,#8773);
#7579=AXIS2_PLACEMENT_3D('',#13552,#8776,#8777);
#7580=AXIS2_PLACEMENT_3D('',#13555,#8780,#8781);
#7581=AXIS2_PLACEMENT_3D('',#13558,#8784,#8785);
#7582=AXIS2_PLACEMENT_3D('',#13561,#8788,#8789);
#7583=AXIS2_PLACEMENT_3D('',#13564,#8792,#8793);
#7584=AXIS2_PLACEMENT_3D('',#13567,#8796,#8797);
#7585=AXIS2_PLACEMENT_3D('',#13570,#8800,#8801);
#7586=AXIS2_PLACEMENT_3D('',#13573,#8804,#8805);
#7587=AXIS2_PLACEMENT_3D('',#13576,#8808,#8809);
#7588=AXIS2_PLACEMENT_3D('',#13579,#8812,#8813);
#7589=AXIS2_PLACEMENT_3D('',#13582,#8816,#8817);
#7590=AXIS2_PLACEMENT_3D('',#13585,#8820,#8821);
#7591=AXIS2_PLACEMENT_3D('',#13588,#8824,#8825);
#7592=AXIS2_PLACEMENT_3D('',#13589,#8826,#8827);
#7593=AXIS2_PLACEMENT_3D('',#13590,#8828,#8829);
#7594=AXIS2_PLACEMENT_3D('',#13591,#8830,#8831);
#7595=AXIS2_PLACEMENT_3D('',#13592,#8832,#8833);
#7596=AXIS2_PLACEMENT_3D('',#13593,#8834,#8835);
#7597=AXIS2_PLACEMENT_3D('',#13594,#8836,#8837);
#7598=AXIS2_PLACEMENT_3D('',#13595,#8838,#8839);
#7599=AXIS2_PLACEMENT_3D('',#13596,#8840,#8841);
#7600=AXIS2_PLACEMENT_3D('',#13597,#8842,#8843);
#7601=AXIS2_PLACEMENT_3D('',#13598,#8844,#8845);
#7602=AXIS2_PLACEMENT_3D('',#13599,#8846,#8847);
#7603=AXIS2_PLACEMENT_3D('',#13600,#8848,#8849);
#7604=AXIS2_PLACEMENT_3D('placement',#13601,#8850,#8851);
#7605=AXIS2_PLACEMENT_3D('',#13602,#8852,#8853);
#7606=AXIS2_PLACEMENT_3D('',#13605,#8854,#8855);
#7607=AXIS2_PLACEMENT_3D('',#13607,#8856,#8857);
#7608=AXIS2_PLACEMENT_3D('',#13608,#8858,#8859);
#7609=AXIS2_PLACEMENT_3D('',#13609,#8860,#8861);
#7610=AXIS2_PLACEMENT_3D('',#13612,#8862,#8863);
#7611=AXIS2_PLACEMENT_3D('',#13614,#8864,#8865);
#7612=AXIS2_PLACEMENT_3D('',#13615,#8866,#8867);
#7613=AXIS2_PLACEMENT_3D('',#13616,#8868,#8869);
#7614=AXIS2_PLACEMENT_3D('',#13619,#8872,#8873);
#7615=AXIS2_PLACEMENT_3D('',#13622,#8874,#8875);
#7616=AXIS2_PLACEMENT_3D('',#13625,#8878,#8879);
#7617=AXIS2_PLACEMENT_3D('',#13628,#8880,#8881);
#7618=AXIS2_PLACEMENT_3D('',#13629,#8882,#8883);
#7619=AXIS2_PLACEMENT_3D('',#13630,#8884,#8885);
#7620=AXIS2_PLACEMENT_3D('',#13631,#8886,#8887);
#7621=AXIS2_PLACEMENT_3D('',#13634,#8888,#8889);
#7622=AXIS2_PLACEMENT_3D('',#13637,#8892,#8893);
#7623=AXIS2_PLACEMENT_3D('',#13640,#8894,#8895);
#7624=AXIS2_PLACEMENT_3D('',#13641,#8896,#8897);
#7625=AXIS2_PLACEMENT_3D('',#13642,#8898,#8899);
#7626=AXIS2_PLACEMENT_3D('',#13643,#8900,#8901);
#7627=AXIS2_PLACEMENT_3D('',#13646,#8902,#8903);
#7628=AXIS2_PLACEMENT_3D('',#13649,#8906,#8907);
#7629=AXIS2_PLACEMENT_3D('',#13652,#8908,#8909);
#7630=AXIS2_PLACEMENT_3D('',#13654,#8910,#8911);
#7631=AXIS2_PLACEMENT_3D('',#13655,#8912,#8913);
#7632=AXIS2_PLACEMENT_3D('',#13656,#8914,#8915);
#7633=AXIS2_PLACEMENT_3D('',#13659,#8916,#8917);
#7634=AXIS2_PLACEMENT_3D('',#13661,#8918,#8919);
#7635=AXIS2_PLACEMENT_3D('',#13662,#8920,#8921);
#7636=AXIS2_PLACEMENT_3D('',#13663,#8922,#8923);
#7637=AXIS2_PLACEMENT_3D('',#13666,#8926,#8927);
#7638=AXIS2_PLACEMENT_3D('',#13669,#8928,#8929);
#7639=AXIS2_PLACEMENT_3D('',#13672,#8932,#8933);
#7640=AXIS2_PLACEMENT_3D('',#13675,#8934,#8935);
#7641=AXIS2_PLACEMENT_3D('',#13676,#8936,#8937);
#7642=AXIS2_PLACEMENT_3D('',#13677,#8938,#8939);
#7643=AXIS2_PLACEMENT_3D('',#13678,#8940,#8941);
#7644=AXIS2_PLACEMENT_3D('',#13681,#8942,#8943);
#7645=AXIS2_PLACEMENT_3D('',#13684,#8946,#8947);
#7646=AXIS2_PLACEMENT_3D('',#13687,#8948,#8949);
#7647=AXIS2_PLACEMENT_3D('',#13688,#8950,#8951);
#7648=AXIS2_PLACEMENT_3D('',#13689,#8952,#8953);
#7649=AXIS2_PLACEMENT_3D('',#13690,#8954,#8955);
#7650=AXIS2_PLACEMENT_3D('',#13693,#8956,#8957);
#7651=AXIS2_PLACEMENT_3D('',#13696,#8960,#8961);
#7652=AXIS2_PLACEMENT_3D('',#13699,#8964,#8965);
#7653=AXIS2_PLACEMENT_3D('',#13702,#8966,#8967);
#7654=AXIS2_PLACEMENT_3D('',#13705,#8970,#8971);
#7655=AXIS2_PLACEMENT_3D('',#13708,#8972,#8973);
#7656=AXIS2_PLACEMENT_3D('',#13709,#8974,#8975);
#7657=AXIS2_PLACEMENT_3D('',#13710,#8976,#8977);
#7658=AXIS2_PLACEMENT_3D('',#13711,#8978,#8979);
#7659=AXIS2_PLACEMENT_3D('',#13714,#8980,#8981);
#7660=AXIS2_PLACEMENT_3D('',#13717,#8984,#8985);
#7661=AXIS2_PLACEMENT_3D('',#13720,#8986,#8987);
#7662=AXIS2_PLACEMENT_3D('',#13721,#8988,#8989);
#7663=AXIS2_PLACEMENT_3D('',#13722,#8990,#8991);
#7664=AXIS2_PLACEMENT_3D('',#13723,#8992,#8993);
#7665=AXIS2_PLACEMENT_3D('',#13726,#8994,#8995);
#7666=AXIS2_PLACEMENT_3D('',#13729,#8998,#8999);
#7667=AXIS2_PLACEMENT_3D('',#13732,#9002,#9003);
#7668=AXIS2_PLACEMENT_3D('',#13735,#9004,#9005);
#7669=AXIS2_PLACEMENT_3D('',#13738,#9008,#9009);
#7670=AXIS2_PLACEMENT_3D('',#13741,#9010,#9011);
#7671=AXIS2_PLACEMENT_3D('',#13742,#9012,#9013);
#7672=AXIS2_PLACEMENT_3D('',#13743,#9014,#9015);
#7673=AXIS2_PLACEMENT_3D('',#13744,#9016,#9017);
#7674=AXIS2_PLACEMENT_3D('',#13747,#9018,#9019);
#7675=AXIS2_PLACEMENT_3D('',#13750,#9022,#9023);
#7676=AXIS2_PLACEMENT_3D('',#13753,#9024,#9025);
#7677=AXIS2_PLACEMENT_3D('',#13754,#9026,#9027);
#7678=AXIS2_PLACEMENT_3D('',#13755,#9028,#9029);
#7679=AXIS2_PLACEMENT_3D('',#13756,#9030,#9031);
#7680=AXIS2_PLACEMENT_3D('',#13759,#9032,#9033);
#7681=AXIS2_PLACEMENT_3D('',#13762,#9036,#9037);
#7682=AXIS2_PLACEMENT_3D('',#13764,#9039,#9040);
#7683=AXIS2_PLACEMENT_3D('',#13766,#9042,#9043);
#7684=AXIS2_PLACEMENT_3D('',#13768,#9045,#9046);
#7685=AXIS2_PLACEMENT_3D('',#13770,#9048,#9049);
#7686=AXIS2_PLACEMENT_3D('',#13772,#9051,#9052);
#7687=AXIS2_PLACEMENT_3D('',#13774,#9054,#9055);
#7688=AXIS2_PLACEMENT_3D('',#13777,#9058,#9059);
#7689=AXIS2_PLACEMENT_3D('',#13778,#9060,#9061);
#7690=AXIS2_PLACEMENT_3D('',#13780,#9063,#9064);
#7691=AXIS2_PLACEMENT_3D('',#13782,#9066,#9067);
#7692=AXIS2_PLACEMENT_3D('',#13784,#9069,#9070);
#7693=AXIS2_PLACEMENT_3D('',#13786,#9072,#9073);
#7694=AXIS2_PLACEMENT_3D('',#13787,#9074,#9075);
#7695=AXIS2_PLACEMENT_3D('',#13788,#9076,#9077);
#7696=AXIS2_PLACEMENT_3D('',#13789,#9078,#9079);
#7697=AXIS2_PLACEMENT_3D('',#13790,#9080,#9081);
#7698=AXIS2_PLACEMENT_3D('',#13791,#9082,#9083);
#7699=AXIS2_PLACEMENT_3D('',#13792,#9084,#9085);
#7700=AXIS2_PLACEMENT_3D('',#13793,#9086,#9087);
#7701=AXIS2_PLACEMENT_3D('',#13794,#9088,#9089);
#7702=AXIS2_PLACEMENT_3D('',#13795,#9090,#9091);
#7703=AXIS2_PLACEMENT_3D('',#13796,#9092,#9093);
#7704=AXIS2_PLACEMENT_3D('',#13797,#9094,#9095);
#7705=AXIS2_PLACEMENT_3D('',#13798,#9096,#9097);
#7706=AXIS2_PLACEMENT_3D('',#13799,#9098,#9099);
#7707=AXIS2_PLACEMENT_3D('',#13800,#9100,#9101);
#7708=AXIS2_PLACEMENT_3D('',#13801,#9102,#9103);
#7709=AXIS2_PLACEMENT_3D('',#13802,#9104,#9105);
#7710=AXIS2_PLACEMENT_3D('',#13803,#9106,#9107);
#7711=AXIS2_PLACEMENT_3D('',#13804,#9108,#9109);
#7712=AXIS2_PLACEMENT_3D('',#13805,#9110,#9111);
#7713=AXIS2_PLACEMENT_3D('',#13806,#9112,#9113);
#7714=AXIS2_PLACEMENT_3D('',#13807,#9114,#9115);
#7715=AXIS2_PLACEMENT_3D('',#13808,#9116,#9117);
#7716=AXIS2_PLACEMENT_3D('',#13809,#9118,#9119);
#7717=AXIS2_PLACEMENT_3D('',#13810,#9120,#9121);
#7718=AXIS2_PLACEMENT_3D('',#13811,#9122,#9123);
#7719=AXIS2_PLACEMENT_3D('',#13812,#9124,#9125);
#7720=AXIS2_PLACEMENT_3D('',#13813,#9126,#9127);
#7721=AXIS2_PLACEMENT_3D('',#13814,#9128,#9129);
#7722=AXIS2_PLACEMENT_3D('',#13815,#9130,#9131);
#7723=AXIS2_PLACEMENT_3D('',#13816,#9132,#9133);
#7724=AXIS2_PLACEMENT_3D('',#13817,#9134,#9135);
#7725=AXIS2_PLACEMENT_3D('',#13818,#9136,#9137);
#7726=AXIS2_PLACEMENT_3D('',#13819,#9138,#9139);
#7727=AXIS2_PLACEMENT_3D('',#13820,#9140,#9141);
#7728=AXIS2_PLACEMENT_3D('',#13821,#9142,#9143);
#7729=AXIS2_PLACEMENT_3D('',#13822,#9144,#9145);
#7730=AXIS2_PLACEMENT_3D('',#13823,#9146,#9147);
#7731=AXIS2_PLACEMENT_3D('',#13824,#9148,#9149);
#7732=AXIS2_PLACEMENT_3D('',#13825,#9150,#9151);
#7733=AXIS2_PLACEMENT_3D('',#13826,#9152,#9153);
#7734=DIRECTION('axis',(0.,0.,1.));
#7735=DIRECTION('refdir',(1.,0.,0.));
#7736=DIRECTION('axis',(0.,0.,1.));
#7737=DIRECTION('refdir',(1.,0.,0.));
#7738=DIRECTION('center_axis',(0.,1.,0.));
#7739=DIRECTION('ref_axis',(0.,0.,1.));
#7740=DIRECTION('',(0.,0.,1.));
#7741=DIRECTION('',(1.,0.,0.));
#7742=DIRECTION('',(0.,0.,1.));
#7743=DIRECTION('',(1.,0.,0.));
#7744=DIRECTION('',(0.,0.,-1.));
#7745=DIRECTION('',(-1.,0.,0.));
#7746=DIRECTION('',(0.,0.,-1.));
#7747=DIRECTION('',(1.,0.,0.));
#7748=DIRECTION('',(0.,0.,-1.));
#7749=DIRECTION('',(-1.,0.,0.));
#7750=DIRECTION('center_axis',(-1.,0.,0.));
#7751=DIRECTION('ref_axis',(0.,0.,1.));
#7752=DIRECTION('',(0.,0.,-1.));
#7753=DIRECTION('',(0.,-1.,0.));
#7754=DIRECTION('',(0.,-1.,0.));
#7755=DIRECTION('',(0.,-1.,0.));
#7756=DIRECTION('center_axis',(0.,0.,-1.));
#7757=DIRECTION('ref_axis',(-1.,0.,0.));
#7758=DIRECTION('',(1.,0.,0.));
#7759=DIRECTION('',(0.,-1.,0.));
#7760=DIRECTION('center_axis',(1.,0.,0.));
#7761=DIRECTION('ref_axis',(0.,0.,-1.));
#7762=DIRECTION('',(0.,0.,1.));
#7763=DIRECTION('',(0.,-1.,0.));
#7764=DIRECTION('center_axis',(0.,0.,-1.));
#7765=DIRECTION('ref_axis',(-1.,0.,0.));
#7766=DIRECTION('',(1.,0.,0.));
#7767=DIRECTION('',(0.,-1.,0.));
#7768=DIRECTION('center_axis',(1.,0.,0.));
#7769=DIRECTION('ref_axis',(0.,0.,-1.));
#7770=DIRECTION('',(0.,0.,1.));
#7771=DIRECTION('',(0.,-1.,0.));
#7772=DIRECTION('center_axis',(0.,0.,1.));
#7773=DIRECTION('ref_axis',(1.,0.,0.));
#7774=DIRECTION('',(-1.,0.,0.));
#7775=DIRECTION('',(0.,-1.,0.));
#7776=DIRECTION('center_axis',(-1.,0.,0.));
#7777=DIRECTION('ref_axis',(0.,0.,1.));
#7778=DIRECTION('',(0.,0.,-1.));
#7779=DIRECTION('',(0.,-1.,0.));
#7780=DIRECTION('center_axis',(0.,0.,-1.));
#7781=DIRECTION('ref_axis',(-1.,0.,0.));
#7782=DIRECTION('',(1.,0.,0.));
#7783=DIRECTION('',(0.,-1.,0.));
#7784=DIRECTION('center_axis',(-1.,0.,0.));
#7785=DIRECTION('ref_axis',(0.,0.,1.));
#7786=DIRECTION('',(0.,0.,-1.));
#7787=DIRECTION('',(0.,-1.,0.));
#7788=DIRECTION('center_axis',(0.,0.,1.));
#7789=DIRECTION('ref_axis',(1.,0.,0.));
#7790=DIRECTION('',(-1.,0.,0.));
#7791=DIRECTION('center_axis',(0.,1.,0.));
#7792=DIRECTION('ref_axis',(0.,0.,1.));
#7793=DIRECTION('center_axis',(0.,-1.,0.));
#7794=DIRECTION('ref_axis',(-0.589552434803881,0.,-0.807730107533956));
#7795=DIRECTION('center_axis',(0.,-1.,0.));
#7796=DIRECTION('ref_axis',(0.539326720688191,0.,-0.84209660274325));
#7797=DIRECTION('',(0.,-1.,0.));
#7798=DIRECTION('',(0.,-1.,0.));
#7799=DIRECTION('',(0.,-1.,0.));
#7800=DIRECTION('',(0.,-1.,0.));
#7801=DIRECTION('',(0.,-1.,0.));
#7802=DIRECTION('',(0.,-1.,0.));
#7803=DIRECTION('',(0.,-1.,0.));
#7804=DIRECTION('center_axis',(0.,-1.,0.));
#7805=DIRECTION('ref_axis',(-0.59370017415214,0.,-0.804686338402559));
#7806=DIRECTION('',(0.,-1.,0.));
#7807=DIRECTION('',(0.,-1.,0.));
#7808=DIRECTION('',(0.,-1.,0.));
#7809=DIRECTION('center_axis',(0.,1.,0.));
#7810=DIRECTION('ref_axis',(0.324865503715851,0.,0.945760225689073));
#7811=DIRECTION('',(0.,-1.,0.));
#7812=DIRECTION('',(0.,-1.,0.));
#7813=DIRECTION('',(0.,-1.,0.));
#7814=DIRECTION('',(0.,-1.,0.));
#7815=DIRECTION('',(0.,-1.,0.));
#7816=DIRECTION('',(0.,-1.,0.));
#7817=DIRECTION('',(0.,-1.,0.));
#7818=DIRECTION('center_axis',(0.,0.,1.));
#7819=DIRECTION('ref_axis',(1.,0.,0.));
#7820=DIRECTION('',(-1.,0.,0.));
#7821=DIRECTION('',(-1.,0.,0.));
#7822=DIRECTION('',(0.,-1.,0.));
#7823=DIRECTION('center_axis',(1.,0.,0.));
#7824=DIRECTION('ref_axis',(0.,0.,-1.));
#7825=DIRECTION('',(0.,0.,1.));
#7826=DIRECTION('',(0.,0.,1.));
#7827=DIRECTION('',(0.,-1.,0.));
#7828=DIRECTION('center_axis',(0.,0.,1.));
#7829=DIRECTION('ref_axis',(1.,0.,0.));
#7830=DIRECTION('',(1.,0.,0.));
#7831=DIRECTION('',(0.,-1.,0.));
#7832=DIRECTION('',(1.,0.,0.));
#7833=DIRECTION('',(0.,-1.,0.));
#7834=DIRECTION('center_axis',(-1.,0.,0.));
#7835=DIRECTION('ref_axis',(0.,0.,1.));
#7836=DIRECTION('',(0.,0.,1.));
#7837=DIRECTION('',(0.,-1.,0.));
#7838=DIRECTION('',(0.,0.,1.));
#7839=DIRECTION('center_axis',(0.,0.,-1.));
#7840=DIRECTION('ref_axis',(-1.,0.,0.));
#7841=DIRECTION('',(-1.,0.,0.));
#7842=DIRECTION('',(0.,-1.,0.));
#7843=DIRECTION('',(-1.,0.,0.));
#7844=DIRECTION('',(0.,-1.,0.));
#7845=DIRECTION('',(0.,-1.,0.));
#7846=DIRECTION('center_axis',(0.,0.,-1.));
#7847=DIRECTION('ref_axis',(-1.,0.,0.));
#7848=DIRECTION('',(1.,0.,0.));
#7849=DIRECTION('',(0.,-1.,0.));
#7850=DIRECTION('',(1.,0.,0.));
#7851=DIRECTION('center_axis',(-1.,0.,0.));
#7852=DIRECTION('ref_axis',(0.,0.,1.));
#7853=DIRECTION('',(0.,0.,-1.));
#7854=DIRECTION('',(0.,-1.,0.));
#7855=DIRECTION('',(0.,0.,-1.));
#7856=DIRECTION('center_axis',(0.,0.,1.));
#7857=DIRECTION('ref_axis',(1.,0.,0.));
#7858=DIRECTION('',(-1.,0.,0.));
#7859=DIRECTION('',(-1.,0.,0.));
#7860=DIRECTION('',(0.,-1.,0.));
#7861=DIRECTION('',(0.,-1.,0.));
#7862=DIRECTION('',(0.,-1.,0.));
#7863=DIRECTION('center_axis',(0.,1.,0.));
#7864=DIRECTION('ref_axis',(0.,0.,1.));
#7865=DIRECTION('center_axis',(0.,1.,0.));
#7866=DIRECTION('ref_axis',(0.,0.,1.));
#7867=DIRECTION('',(-1.,0.,0.));
#7868=DIRECTION('',(0.,0.,1.));
#7869=DIRECTION('',(1.,0.,0.));
#7870=DIRECTION('',(0.,0.,-1.));
#7871=DIRECTION('',(0.,-1.,0.));
#7872=DIRECTION('',(0.,-1.,0.));
#7873=DIRECTION('center_axis',(1.,0.,0.));
#7874=DIRECTION('ref_axis',(0.,0.,-1.));
#7875=DIRECTION('',(0.,0.,1.));
#7876=DIRECTION('',(0.,-1.,0.));
#7877=DIRECTION('center_axis',(0.,0.,1.));
#7878=DIRECTION('ref_axis',(1.,0.,0.));
#7879=DIRECTION('',(-1.,0.,0.));
#7880=DIRECTION('',(0.,-1.,0.));
#7881=DIRECTION('',(0.,-1.,0.));
#7882=DIRECTION('',(0.,-1.,0.));
#7883=DIRECTION('',(0.,-1.,0.));
#7884=DIRECTION('',(0.,-1.,0.));
#7885=DIRECTION('',(0.,-1.,0.));
#7886=DIRECTION('',(0.,-1.,0.));
#7887=DIRECTION('',(0.,-1.,0.));
#7888=DIRECTION('',(0.,-1.,0.));
#7889=DIRECTION('',(0.,-1.,0.));
#7890=DIRECTION('',(0.,-1.,0.));
#7891=DIRECTION('',(0.,-1.,0.));
#7892=DIRECTION('',(0.,-1.,0.));
#7893=DIRECTION('',(0.,-1.,0.));
#7894=DIRECTION('',(0.,-1.,0.));
#7895=DIRECTION('center_axis',(0.,0.,-1.));
#7896=DIRECTION('ref_axis',(-1.,0.,0.));
#7897=DIRECTION('',(1.,0.,0.));
#7898=DIRECTION('',(0.,-1.,0.));
#7899=DIRECTION('center_axis',(-1.,0.,0.));
#7900=DIRECTION('ref_axis',(0.,0.,1.));
#7901=DIRECTION('',(0.,0.,-1.));
#7902=DIRECTION('',(0.,-1.,0.));
#7903=DIRECTION('center_axis',(0.,0.,1.));
#7904=DIRECTION('ref_axis',(1.,0.,0.));
#7905=DIRECTION('',(-1.,0.,0.));
#7906=DIRECTION('',(0.,-1.,0.));
#7907=DIRECTION('',(-1.,0.,0.));
#7908=DIRECTION('',(0.,-1.,0.));
#7909=DIRECTION('center_axis',(-1.,0.,0.));
#7910=DIRECTION('ref_axis',(0.,0.,1.));
#7911=DIRECTION('',(0.,0.,-1.));
#7912=DIRECTION('',(0.,0.,-1.));
#7913=DIRECTION('',(0.,-1.,0.));
#7914=DIRECTION('center_axis',(1.,0.,0.));
#7915=DIRECTION('ref_axis',(0.,0.,-1.));
#7916=DIRECTION('',(0.,0.,1.));
#7917=DIRECTION('',(0.,-1.,0.));
#7918=DIRECTION('',(0.,0.,1.));
#7919=DIRECTION('center_axis',(0.,0.,-1.));
#7920=DIRECTION('ref_axis',(-1.,0.,0.));
#7921=DIRECTION('',(1.,0.,0.));
#7922=DIRECTION('',(1.,0.,0.));
#7923=DIRECTION('center_axis',(0.,1.,0.));
#7924=DIRECTION('ref_axis',(0.,0.,1.));
#7925=DIRECTION('center_axis',(0.,1.,0.));
#7926=DIRECTION('ref_axis',(0.,0.,1.));
#7927=DIRECTION('',(-1.,0.,0.));
#7928=DIRECTION('',(0.,0.,1.));
#7929=DIRECTION('',(-1.,0.,0.));
#7930=DIRECTION('',(0.,0.,1.));
#7931=DIRECTION('',(1.,0.,0.));
#7932=DIRECTION('',(0.,0.,-1.));
#7933=DIRECTION('',(-1.,0.,0.));
#7934=DIRECTION('',(0.,0.,-1.));
#7935=DIRECTION('center_axis',(1.,0.,0.));
#7936=DIRECTION('ref_axis',(0.,0.,-1.));
#7937=DIRECTION('',(0.,0.,1.));
#7938=DIRECTION('',(0.,-1.,0.));
#7939=DIRECTION('',(0.,-1.,0.));
#7940=DIRECTION('center_axis',(0.,0.,1.));
#7941=DIRECTION('ref_axis',(1.,0.,0.));
#7942=DIRECTION('',(-1.,0.,0.));
#7943=DIRECTION('',(0.,-1.,0.));
#7944=DIRECTION('center_axis',(1.,0.,0.));
#7945=DIRECTION('ref_axis',(0.,0.,-1.));
#7946=DIRECTION('',(0.,0.,1.));
#7947=DIRECTION('',(0.,-1.,0.));
#7948=DIRECTION('center_axis',(0.,0.,1.));
#7949=DIRECTION('ref_axis',(1.,0.,0.));
#7950=DIRECTION('',(-1.,0.,0.));
#7951=DIRECTION('',(0.,-1.,0.));
#7952=DIRECTION('center_axis',(0.,0.,-1.));
#7953=DIRECTION('ref_axis',(-1.,0.,0.));
#7954=DIRECTION('',(1.,0.,0.));
#7955=DIRECTION('',(0.,-1.,0.));
#7956=DIRECTION('center_axis',(-1.,0.,0.));
#7957=DIRECTION('ref_axis',(0.,0.,1.));
#7958=DIRECTION('',(0.,0.,-1.));
#7959=DIRECTION('',(0.,-1.,0.));
#7960=DIRECTION('center_axis',(0.,0.,1.));
#7961=DIRECTION('ref_axis',(1.,0.,0.));
#7962=DIRECTION('',(-1.,0.,0.));
#7963=DIRECTION('',(0.,-1.,0.));
#7964=DIRECTION('center_axis',(-1.,0.,0.));
#7965=DIRECTION('ref_axis',(0.,0.,1.));
#7966=DIRECTION('',(0.,0.,-1.));
#7967=DIRECTION('',(0.,-1.,0.));
#7968=DIRECTION('',(0.,-1.,0.));
#7969=DIRECTION('',(0.,-1.,0.));
#7970=DIRECTION('',(0.,-1.,0.));
#7971=DIRECTION('center_axis',(-1.,0.,0.));
#7972=DIRECTION('ref_axis',(0.,0.,1.));
#7973=DIRECTION('',(0.,0.,-1.));
#7974=DIRECTION('',(0.,0.,-1.));
#7975=DIRECTION('',(0.,-1.,0.));
#7976=DIRECTION('',(0.,-1.,0.));
#7977=DIRECTION('',(0.,-1.,0.));
#7978=DIRECTION('',(0.,-1.,0.));
#7979=DIRECTION('',(0.,-1.,0.));
#7980=DIRECTION('',(0.,-1.,0.));
#7981=DIRECTION('',(0.,-1.,0.));
#7982=DIRECTION('',(0.,-1.,0.));
#7983=DIRECTION('',(0.,-1.,0.));
#7984=DIRECTION('',(0.,-1.,0.));
#7985=DIRECTION('center_axis',(1.,0.,0.));
#7986=DIRECTION('ref_axis',(0.,0.,-1.));
#7987=DIRECTION('',(0.,0.,1.));
#7988=DIRECTION('',(0.,-1.,0.));
#7989=DIRECTION('',(0.,0.,1.));
#7990=DIRECTION('',(0.,-1.,0.));
#7991=DIRECTION('',(0.,-1.,0.));
#7992=DIRECTION('',(0.,-1.,0.));
#7993=DIRECTION('',(0.,-1.,0.));
#7994=DIRECTION('',(0.,-1.,0.));
#7995=DIRECTION('',(0.,-1.,0.));
#7996=DIRECTION('center_axis',(0.,1.,0.));
#7997=DIRECTION('ref_axis',(0.,0.,1.));
#7998=DIRECTION('center_axis',(0.,1.,0.));
#7999=DIRECTION('ref_axis',(0.,0.,1.));
#8000=DIRECTION('',(-1.,0.,0.));
#8001=DIRECTION('',(0.,0.,1.));
#8002=DIRECTION('',(1.,0.,0.));
#8003=DIRECTION('',(0.,0.,-1.));
#8004=DIRECTION('',(0.,-1.,0.));
#8005=DIRECTION('',(0.,-1.,0.));
#8006=DIRECTION('center_axis',(1.,0.,0.));
#8007=DIRECTION('ref_axis',(0.,0.,-1.));
#8008=DIRECTION('',(0.,0.,1.));
#8009=DIRECTION('',(0.,-1.,0.));
#8010=DIRECTION('center_axis',(0.,0.,1.));
#8011=DIRECTION('ref_axis',(1.,0.,0.));
#8012=DIRECTION('',(-1.,0.,0.));
#8013=DIRECTION('',(0.,-1.,0.));
#8014=DIRECTION('',(0.,-1.,0.));
#8015=DIRECTION('',(0.,-1.,0.));
#8016=DIRECTION('',(0.,-1.,0.));
#8017=DIRECTION('',(0.,-1.,0.));
#8018=DIRECTION('',(0.,-1.,0.));
#8019=DIRECTION('',(0.,-1.,0.));
#8020=DIRECTION('',(0.,-1.,0.));
#8021=DIRECTION('',(0.,-1.,0.));
#8022=DIRECTION('',(0.,-1.,0.));
#8023=DIRECTION('',(0.,-1.,0.));
#8024=DIRECTION('',(0.,-1.,0.));
#8025=DIRECTION('',(0.,-1.,0.));
#8026=DIRECTION('',(0.,-1.,0.));
#8027=DIRECTION('',(0.,-1.,0.));
#8028=DIRECTION('center_axis',(0.,0.,-1.));
#8029=DIRECTION('ref_axis',(-1.,0.,0.));
#8030=DIRECTION('',(1.,0.,0.));
#8031=DIRECTION('',(0.,-1.,0.));
#8032=DIRECTION('center_axis',(-1.,0.,0.));
#8033=DIRECTION('ref_axis',(0.,0.,1.));
#8034=DIRECTION('',(0.,0.,-1.));
#8035=DIRECTION('',(0.,-1.,0.));
#8036=DIRECTION('',(0.,-1.,0.));
#8037=DIRECTION('',(0.,-1.,0.));
#8038=DIRECTION('',(0.,-1.,0.));
#8039=DIRECTION('',(0.,-1.,0.));
#8040=DIRECTION('center_axis',(0.,-1.,0.));
#8041=DIRECTION('ref_axis',(0.539326720688232,0.,-0.842096602743223));
#8042=DIRECTION('',(0.,-1.,0.));
#8043=DIRECTION('',(0.,-1.,0.));
#8044=DIRECTION('',(0.,-1.,0.));
#8045=DIRECTION('center_axis',(0.,1.,0.));
#8046=DIRECTION('ref_axis',(0.324865503715549,0.,0.945760225689177));
#8047=DIRECTION('',(0.,-1.,0.));
#8048=DIRECTION('',(0.,-1.,0.));
#8049=DIRECTION('',(0.,-1.,0.));
#8050=DIRECTION('center_axis',(0.,-1.,0.));
#8051=DIRECTION('ref_axis',(-0.5937001741521,0.,-0.804686338402589));
#8052=DIRECTION('',(0.,-1.,0.));
#8053=DIRECTION('center_axis',(0.,-1.,0.));
#8054=DIRECTION('ref_axis',(-0.589552434803854,0.,-0.807730107533975));
#8055=DIRECTION('',(0.,-1.,0.));
#8056=DIRECTION('',(0.,-1.,0.));
#8057=DIRECTION('',(0.,-1.,0.));
#8058=DIRECTION('center_axis',(0.,1.,0.));
#8059=DIRECTION('ref_axis',(0.,0.,1.));
#8060=DIRECTION('center_axis',(0.,1.,0.));
#8061=DIRECTION('ref_axis',(0.,0.,1.));
#8062=DIRECTION('',(1.,0.,0.));
#8063=DIRECTION('',(0.,0.,-1.));
#8064=DIRECTION('',(-1.,0.,0.));
#8065=DIRECTION('',(1.,0.,0.));
#8066=DIRECTION('',(0.,0.,-1.));
#8067=DIRECTION('center_axis',(0.,-1.,0.));
#8068=DIRECTION('ref_axis',(-0.678629158793195,0.,-0.734481085417208));
#8069=DIRECTION('',(0.,0.,1.));
#8070=DIRECTION('',(0.,0.,-1.));
#8071=DIRECTION('',(-1.,0.,0.));
#8072=DIRECTION('',(0.,-1.,0.));
#8073=DIRECTION('',(0.,-1.,0.));
#8074=DIRECTION('center_axis',(-1.,0.,0.));
#8075=DIRECTION('ref_axis',(0.,0.,1.));
#8076=DIRECTION('',(0.,0.,-1.));
#8077=DIRECTION('',(0.,-1.,0.));
#8078=DIRECTION('center_axis',(0.,0.,-1.));
#8079=DIRECTION('ref_axis',(-1.,0.,0.));
#8080=DIRECTION('',(1.,0.,0.));
#8081=DIRECTION('',(0.,-1.,0.));
#8082=DIRECTION('',(0.,-1.,0.));
#8083=DIRECTION('',(0.,-1.,0.));
#8084=DIRECTION('',(0.,-1.,0.));
#8085=DIRECTION('',(0.,-1.,0.));
#8086=DIRECTION('',(0.,-1.,0.));
#8087=DIRECTION('center_axis',(0.,0.,1.));
#8088=DIRECTION('ref_axis',(1.,0.,0.));
#8089=DIRECTION('',(-1.,0.,0.));
#8090=DIRECTION('',(0.,-1.,0.));
#8091=DIRECTION('center_axis',(-1.,0.,0.));
#8092=DIRECTION('ref_axis',(0.,0.,1.));
#8093=DIRECTION('',(0.,0.,-1.));
#8094=DIRECTION('',(0.,-1.,0.));
#8095=DIRECTION('center_axis',(0.,0.,-1.));
#8096=DIRECTION('ref_axis',(-1.,0.,0.));
#8097=DIRECTION('',(1.,0.,0.));
#8098=DIRECTION('',(0.,-1.,0.));
#8099=DIRECTION('',(0.,-1.,0.));
#8100=DIRECTION('',(0.,-1.,0.));
#8101=DIRECTION('',(0.,-1.,0.));
#8102=DIRECTION('center_axis',(0.,-1.,0.));
#8103=DIRECTION('ref_axis',(-0.653808110938857,0.,-0.756660395468511));
#8104=DIRECTION('',(0.,-1.,0.));
#8105=DIRECTION('',(0.,-1.,0.));
#8106=DIRECTION('',(0.,-1.,0.));
#8107=DIRECTION('',(0.,-1.,0.));
#8108=DIRECTION('center_axis',(1.,0.,0.));
#8109=DIRECTION('ref_axis',(0.,0.,-1.));
#8110=DIRECTION('',(0.,0.,1.));
#8111=DIRECTION('',(0.,-1.,0.));
#8112=DIRECTION('',(0.,-1.,0.));
#8113=DIRECTION('',(0.,-1.,0.));
#8114=DIRECTION('',(0.,-1.,0.));
#8115=DIRECTION('',(0.,-1.,0.));
#8116=DIRECTION('center_axis',(-1.,0.,0.));
#8117=DIRECTION('ref_axis',(0.,0.,1.));
#8118=DIRECTION('',(0.,0.,-1.));
#8119=DIRECTION('',(0.,-1.,0.));
#8120=DIRECTION('center_axis',(0.,0.,1.));
#8121=DIRECTION('ref_axis',(1.,0.,0.));
#8122=DIRECTION('',(-1.,0.,0.));
#8123=DIRECTION('',(0.,-1.,0.));
#8124=DIRECTION('',(0.,-1.,0.));
#8125=DIRECTION('center_axis',(0.,0.,1.));
#8126=DIRECTION('ref_axis',(1.,0.,0.));
#8127=DIRECTION('',(-1.,0.,0.));
#8128=DIRECTION('',(0.,-1.,0.));
#8129=DIRECTION('',(-1.,0.,0.));
#8130=DIRECTION('',(0.,-1.,0.));
#8131=DIRECTION('center_axis',(-1.,0.,0.));
#8132=DIRECTION('ref_axis',(0.,0.,1.));
#8133=DIRECTION('',(0.,0.,-1.));
#8134=DIRECTION('',(0.,0.,-1.));
#8135=DIRECTION('',(0.,-1.,0.));
#8136=DIRECTION('center_axis',(1.,0.,0.));
#8137=DIRECTION('ref_axis',(0.,0.,-1.));
#8138=DIRECTION('',(0.,0.,1.));
#8139=DIRECTION('',(0.,-1.,0.));
#8140=DIRECTION('',(0.,0.,1.));
#8141=DIRECTION('center_axis',(0.,0.,-1.));
#8142=DIRECTION('ref_axis',(-1.,0.,0.));
#8143=DIRECTION('',(1.,0.,0.));
#8144=DIRECTION('',(1.,0.,0.));
#8145=DIRECTION('center_axis',(0.,1.,0.));
#8146=DIRECTION('ref_axis',(0.,0.,1.));
#8147=DIRECTION('center_axis',(0.,1.,0.));
#8148=DIRECTION('ref_axis',(0.,0.,1.));
#8149=DIRECTION('',(0.,0.,1.));
#8150=DIRECTION('',(1.,0.,0.));
#8151=DIRECTION('',(0.397944692264712,0.,-0.917409408006231));
#8152=DIRECTION('',(0.409094040958196,0.,0.912492227721691));
#8153=DIRECTION('',(1.,0.,0.));
#8154=DIRECTION('',(0.,0.,-1.));
#8155=DIRECTION('',(-1.,0.,0.));
#8156=DIRECTION('',(0.,0.,1.));
#8157=DIRECTION('',(-0.403671360964849,0.,-0.914904056356068));
#8158=DIRECTION('',(-1.,0.,0.));
#8159=DIRECTION('',(-0.406841728378542,0.,0.913498663408962));
#8160=DIRECTION('',(0.,0.,-1.));
#8161=DIRECTION('',(-1.,0.,0.));
#8162=DIRECTION('center_axis',(0.,0.,1.));
#8163=DIRECTION('ref_axis',(1.,0.,0.));
#8164=DIRECTION('',(-1.,0.,0.));
#8165=DIRECTION('',(0.,-1.,0.));
#8166=DIRECTION('',(0.,-1.,0.));
#8167=DIRECTION('center_axis',(-1.,0.,0.));
#8168=DIRECTION('ref_axis',(0.,0.,1.));
#8169=DIRECTION('',(0.,0.,-1.));
#8170=DIRECTION('',(0.,-1.,0.));
#8171=DIRECTION('center_axis',(0.,0.,-1.));
#8172=DIRECTION('ref_axis',(-1.,0.,0.));
#8173=DIRECTION('',(1.,0.,0.));
#8174=DIRECTION('',(0.,-1.,0.));
#8175=DIRECTION('center_axis',(0.912492227721691,0.,-0.409094040958196));
#8176=DIRECTION('ref_axis',(-0.409094040958196,0.,-0.912492227721691));
#8177=DIRECTION('',(0.409094040958196,0.,0.912492227721691));
#8178=DIRECTION('',(0.,-1.,0.));
#8179=DIRECTION('center_axis',(-0.917409408006231,0.,-0.397944692264712));
#8180=DIRECTION('ref_axis',(-0.397944692264712,0.,0.917409408006231));
#8181=DIRECTION('',(0.397944692264712,0.,-0.917409408006231));
#8182=DIRECTION('',(0.,-1.,0.));
#8183=DIRECTION('center_axis',(0.,0.,-1.));
#8184=DIRECTION('ref_axis',(-1.,0.,0.));
#8185=DIRECTION('',(1.,0.,0.));
#8186=DIRECTION('',(0.,-1.,0.));
#8187=DIRECTION('center_axis',(1.,0.,0.));
#8188=DIRECTION('ref_axis',(0.,0.,-1.));
#8189=DIRECTION('',(0.,0.,1.));
#8190=DIRECTION('',(0.,-1.,0.));
#8191=DIRECTION('center_axis',(1.,0.,0.));
#8192=DIRECTION('ref_axis',(0.,0.,-1.));
#8193=DIRECTION('',(0.,0.,1.));
#8194=DIRECTION('',(0.,-1.,0.));
#8195=DIRECTION('center_axis',(-0.914904056356068,0.,0.403671360964849));
#8196=DIRECTION('ref_axis',(0.403671360964849,0.,0.914904056356068));
#8197=DIRECTION('',(-0.403671360964849,0.,-0.914904056356068));
#8198=DIRECTION('',(0.,-1.,0.));
#8199=DIRECTION('center_axis',(0.,0.,1.));
#8200=DIRECTION('ref_axis',(1.,0.,0.));
#8201=DIRECTION('',(-1.,0.,0.));
#8202=DIRECTION('',(0.,-1.,0.));
#8203=DIRECTION('center_axis',(0.913498663408962,0.,0.406841728378542));
#8204=DIRECTION('ref_axis',(0.406841728378542,0.,-0.913498663408962));
#8205=DIRECTION('',(-0.406841728378542,0.,0.913498663408962));
#8206=DIRECTION('',(0.,-1.,0.));
#8207=DIRECTION('center_axis',(-1.,0.,0.));
#8208=DIRECTION('ref_axis',(0.,0.,1.));
#8209=DIRECTION('',(0.,0.,-1.));
#8210=DIRECTION('',(0.,-1.,0.));
#8211=DIRECTION('center_axis',(0.,0.,1.));
#8212=DIRECTION('ref_axis',(1.,0.,0.));
#8213=DIRECTION('',(-1.,0.,0.));
#8214=DIRECTION('',(0.,-1.,0.));
#8215=DIRECTION('',(0.,-1.,0.));
#8216=DIRECTION('',(0.,-1.,0.));
#8217=DIRECTION('',(0.,-1.,0.));
#8218=DIRECTION('center_axis',(-1.,0.,0.));
#8219=DIRECTION('ref_axis',(0.,0.,1.));
#8220=DIRECTION('',(0.,0.,-1.));
#8221=DIRECTION('',(0.,0.,-1.));
#8222=DIRECTION('',(0.,-1.,0.));
#8223=DIRECTION('center_axis',(0.,0.,-1.));
#8224=DIRECTION('ref_axis',(-1.,0.,0.));
#8225=DIRECTION('',(1.,0.,0.));
#8226=DIRECTION('',(1.,0.,0.));
#8227=DIRECTION('',(0.,-1.,0.));
#8228=DIRECTION('',(0.,-1.,0.));
#8229=DIRECTION('',(0.,-1.,0.));
#8230=DIRECTION('',(0.,-1.,0.));
#8231=DIRECTION('',(0.,-1.,0.));
#8232=DIRECTION('',(0.,-1.,0.));
#8233=DIRECTION('',(0.,-1.,0.));
#8234=DIRECTION('',(0.,-1.,0.));
#8235=DIRECTION('center_axis',(0.,-1.,0.));
#8236=DIRECTION('ref_axis',(0.993635708773689,0.,0.11264137006362));
#8237=DIRECTION('',(0.,-1.,0.));
#8238=DIRECTION('center_axis',(1.,0.,0.));
#8239=DIRECTION('ref_axis',(0.,0.,-1.));
#8240=DIRECTION('',(0.,0.,1.));
#8241=DIRECTION('',(0.,-1.,0.));
#8242=DIRECTION('',(0.,0.,1.));
#8243=DIRECTION('center_axis',(0.,0.,1.));
#8244=DIRECTION('ref_axis',(1.,0.,0.));
#8245=DIRECTION('',(-1.,0.,0.));
#8246=DIRECTION('',(0.,-1.,0.));
#8247=DIRECTION('',(-1.,0.,0.));
#8248=DIRECTION('center_axis',(1.,0.,0.));
#8249=DIRECTION('ref_axis',(0.,0.,-1.));
#8250=DIRECTION('',(0.,0.,1.));
#8251=DIRECTION('',(0.,-1.,0.));
#8252=DIRECTION('',(0.,0.,1.));
#8253=DIRECTION('center_axis',(0.,0.,-1.));
#8254=DIRECTION('ref_axis',(-1.,0.,0.));
#8255=DIRECTION('',(1.,0.,0.));
#8256=DIRECTION('',(0.,-1.,0.));
#8257=DIRECTION('',(1.,0.,0.));
#8258=DIRECTION('center_axis',(-1.,0.,0.));
#8259=DIRECTION('ref_axis',(0.,0.,1.));
#8260=DIRECTION('',(0.,0.,-1.));
#8261=DIRECTION('',(0.,-1.,0.));
#8262=DIRECTION('',(0.,0.,-1.));
#8263=DIRECTION('',(0.,-1.,0.));
#8264=DIRECTION('center_axis',(0.,1.,0.));
#8265=DIRECTION('ref_axis',(0.,0.,1.));
#8266=DIRECTION('center_axis',(0.,1.,0.));
#8267=DIRECTION('ref_axis',(0.,0.,1.));
#8268=DIRECTION('',(0.,0.,1.));
#8269=DIRECTION('',(1.,0.,0.));
#8270=DIRECTION('',(0.,0.,1.));
#8271=DIRECTION('',(1.,0.,0.));
#8272=DIRECTION('',(0.,0.,-1.));
#8273=DIRECTION('',(-1.,0.,0.));
#8274=DIRECTION('',(0.,0.,-1.));
#8275=DIRECTION('',(1.,0.,0.));
#8276=DIRECTION('',(0.,0.,-1.));
#8277=DIRECTION('',(-1.,0.,0.));
#8278=DIRECTION('center_axis',(-1.,0.,0.));
#8279=DIRECTION('ref_axis',(0.,0.,1.));
#8280=DIRECTION('',(0.,0.,-1.));
#8281=DIRECTION('',(0.,-1.,0.));
#8282=DIRECTION('',(0.,-1.,0.));
#8283=DIRECTION('',(0.,-1.,0.));
#8284=DIRECTION('center_axis',(0.,0.,-1.));
#8285=DIRECTION('ref_axis',(-1.,0.,0.));
#8286=DIRECTION('',(1.,0.,0.));
#8287=DIRECTION('',(0.,-1.,0.));
#8288=DIRECTION('center_axis',(1.,0.,0.));
#8289=DIRECTION('ref_axis',(0.,0.,-1.));
#8290=DIRECTION('',(0.,0.,1.));
#8291=DIRECTION('',(0.,-1.,0.));
#8292=DIRECTION('center_axis',(0.,0.,-1.));
#8293=DIRECTION('ref_axis',(-1.,0.,0.));
#8294=DIRECTION('',(1.,0.,0.));
#8295=DIRECTION('',(0.,-1.,0.));
#8296=DIRECTION('center_axis',(1.,0.,0.));
#8297=DIRECTION('ref_axis',(0.,0.,-1.));
#8298=DIRECTION('',(0.,0.,1.));
#8299=DIRECTION('',(0.,-1.,0.));
#8300=DIRECTION('center_axis',(0.,0.,1.));
#8301=DIRECTION('ref_axis',(1.,0.,0.));
#8302=DIRECTION('',(-1.,0.,0.));
#8303=DIRECTION('',(0.,-1.,0.));
#8304=DIRECTION('center_axis',(-1.,0.,0.));
#8305=DIRECTION('ref_axis',(0.,0.,1.));
#8306=DIRECTION('',(0.,0.,-1.));
#8307=DIRECTION('',(0.,-1.,0.));
#8308=DIRECTION('center_axis',(0.,0.,-1.));
#8309=DIRECTION('ref_axis',(-1.,0.,0.));
#8310=DIRECTION('',(1.,0.,0.));
#8311=DIRECTION('',(0.,-1.,0.));
#8312=DIRECTION('center_axis',(-1.,0.,0.));
#8313=DIRECTION('ref_axis',(0.,0.,1.));
#8314=DIRECTION('',(0.,0.,-1.));
#8315=DIRECTION('',(0.,-1.,0.));
#8316=DIRECTION('center_axis',(0.,0.,1.));
#8317=DIRECTION('ref_axis',(1.,0.,0.));
#8318=DIRECTION('',(-1.,0.,0.));
#8319=DIRECTION('center_axis',(0.,0.,1.));
#8320=DIRECTION('ref_axis',(1.,0.,0.));
#8321=DIRECTION('',(-1.,0.,0.));
#8322=DIRECTION('',(0.,-1.,0.));
#8323=DIRECTION('',(-1.,0.,0.));
#8324=DIRECTION('',(0.,-1.,0.));
#8325=DIRECTION('center_axis',(-1.,0.,0.));
#8326=DIRECTION('ref_axis',(0.,0.,1.));
#8327=DIRECTION('',(0.,0.,-1.));
#8328=DIRECTION('',(0.,0.,-1.));
#8329=DIRECTION('',(0.,-1.,0.));
#8330=DIRECTION('center_axis',(1.,0.,0.));
#8331=DIRECTION('ref_axis',(0.,0.,-1.));
#8332=DIRECTION('',(0.,0.,1.));
#8333=DIRECTION('',(0.,-1.,0.));
#8334=DIRECTION('',(0.,0.,1.));
#8335=DIRECTION('center_axis',(0.,0.,-1.));
#8336=DIRECTION('ref_axis',(-1.,0.,0.));
#8337=DIRECTION('',(1.,0.,0.));
#8338=DIRECTION('',(1.,0.,0.));
#8339=DIRECTION('center_axis',(0.,1.,0.));
#8340=DIRECTION('ref_axis',(0.,0.,1.));
#8341=DIRECTION('center_axis',(0.,1.,0.));
#8342=DIRECTION('ref_axis',(0.,0.,1.));
#8343=DIRECTION('',(1.,0.,0.));
#8344=DIRECTION('',(0.,0.,-1.));
#8345=DIRECTION('',(-1.,0.,0.));
#8346=DIRECTION('',(1.,0.,0.));
#8347=DIRECTION('',(0.,0.,-1.));
#8348=DIRECTION('center_axis',(0.,-1.,0.));
#8349=DIRECTION('ref_axis',(-0.67862915879364,0.,-0.734481085416798));
#8350=DIRECTION('',(0.,0.,1.));
#8351=DIRECTION('',(0.,0.,-1.));
#8352=DIRECTION('',(-1.,0.,0.));
#8353=DIRECTION('',(0.,-1.,0.));
#8354=DIRECTION('',(0.,-1.,0.));
#8355=DIRECTION('center_axis',(-1.,0.,0.));
#8356=DIRECTION('ref_axis',(0.,0.,1.));
#8357=DIRECTION('',(0.,0.,-1.));
#8358=DIRECTION('',(0.,-1.,0.));
#8359=DIRECTION('center_axis',(0.,0.,-1.));
#8360=DIRECTION('ref_axis',(-1.,0.,0.));
#8361=DIRECTION('',(1.,0.,0.));
#8362=DIRECTION('',(0.,-1.,0.));
#8363=DIRECTION('',(0.,-1.,0.));
#8364=DIRECTION('',(0.,-1.,0.));
#8365=DIRECTION('',(0.,-1.,0.));
#8366=DIRECTION('',(0.,-1.,0.));
#8367=DIRECTION('',(0.,-1.,0.));
#8368=DIRECTION('center_axis',(0.,0.,1.));
#8369=DIRECTION('ref_axis',(1.,0.,0.));
#8370=DIRECTION('',(-1.,0.,0.));
#8371=DIRECTION('',(0.,-1.,0.));
#8372=DIRECTION('center_axis',(-1.,0.,0.));
#8373=DIRECTION('ref_axis',(0.,0.,1.));
#8374=DIRECTION('',(0.,0.,-1.));
#8375=DIRECTION('',(0.,-1.,0.));
#8376=DIRECTION('center_axis',(0.,0.,-1.));
#8377=DIRECTION('ref_axis',(-1.,0.,0.));
#8378=DIRECTION('',(1.,0.,0.));
#8379=DIRECTION('',(0.,-1.,0.));
#8380=DIRECTION('',(0.,-1.,0.));
#8381=DIRECTION('',(0.,-1.,0.));
#8382=DIRECTION('',(0.,-1.,0.));
#8383=DIRECTION('center_axis',(0.,-1.,0.));
#8384=DIRECTION('ref_axis',(-0.653808110938914,0.,-0.756660395468462));
#8385=DIRECTION('',(0.,-1.,0.));
#8386=DIRECTION('',(0.,-1.,0.));
#8387=DIRECTION('',(0.,-1.,0.));
#8388=DIRECTION('',(0.,-1.,0.));
#8389=DIRECTION('center_axis',(1.,0.,0.));
#8390=DIRECTION('ref_axis',(0.,0.,-1.));
#8391=DIRECTION('',(0.,0.,1.));
#8392=DIRECTION('',(0.,-1.,0.));
#8393=DIRECTION('',(0.,-1.,0.));
#8394=DIRECTION('',(0.,-1.,0.));
#8395=DIRECTION('',(0.,-1.,0.));
#8396=DIRECTION('',(0.,-1.,0.));
#8397=DIRECTION('center_axis',(-1.,0.,0.));
#8398=DIRECTION('ref_axis',(0.,0.,1.));
#8399=DIRECTION('',(0.,0.,-1.));
#8400=DIRECTION('',(0.,-1.,0.));
#8401=DIRECTION('center_axis',(0.,0.,1.));
#8402=DIRECTION('ref_axis',(1.,0.,0.));
#8403=DIRECTION('',(-1.,0.,0.));
#8404=DIRECTION('',(0.,-1.,0.));
#8405=DIRECTION('',(0.,-1.,0.));
#8406=DIRECTION('',(0.,-1.,0.));
#8407=DIRECTION('',(0.,-1.,0.));
#8408=DIRECTION('',(0.,-1.,0.));
#8409=DIRECTION('center_axis',(0.,0.,1.));
#8410=DIRECTION('ref_axis',(1.,0.,0.));
#8411=DIRECTION('',(-1.,0.,0.));
#8412=DIRECTION('',(-1.,0.,0.));
#8413=DIRECTION('',(0.,-1.,0.));
#8414=DIRECTION('center_axis',(0.,0.,1.));
#8415=DIRECTION('ref_axis',(1.,0.,0.));
#8416=DIRECTION('',(1.,0.,0.));
#8417=DIRECTION('',(0.,-1.,0.));
#8418=DIRECTION('',(1.,0.,0.));
#8419=DIRECTION('',(0.,-1.,0.));
#8420=DIRECTION('center_axis',(-1.,0.,0.));
#8421=DIRECTION('ref_axis',(0.,0.,1.));
#8422=DIRECTION('',(0.,0.,1.));
#8423=DIRECTION('',(0.,-1.,0.));
#8424=DIRECTION('',(0.,0.,1.));
#8425=DIRECTION('center_axis',(0.,0.,-1.));
#8426=DIRECTION('ref_axis',(-1.,0.,0.));
#8427=DIRECTION('',(-1.,0.,0.));
#8428=DIRECTION('',(0.,-1.,0.));
#8429=DIRECTION('',(-1.,0.,0.));
#8430=DIRECTION('',(0.,-1.,0.));
#8431=DIRECTION('',(0.,-1.,0.));
#8432=DIRECTION('center_axis',(0.,0.,-1.));
#8433=DIRECTION('ref_axis',(-1.,0.,0.));
#8434=DIRECTION('',(1.,0.,0.));
#8435=DIRECTION('',(0.,-1.,0.));
#8436=DIRECTION('',(1.,0.,0.));
#8437=DIRECTION('center_axis',(-1.,0.,0.));
#8438=DIRECTION('ref_axis',(0.,0.,1.));
#8439=DIRECTION('',(0.,0.,-1.));
#8440=DIRECTION('',(0.,0.,-1.));
#8441=DIRECTION('',(0.,-1.,0.));
#8442=DIRECTION('center_axis',(0.,1.,0.));
#8443=DIRECTION('ref_axis',(0.721040329365287,0.,-0.692893096681442));
#8444=DIRECTION('',(0.,-1.,0.));
#8445=DIRECTION('center_axis',(0.,1.,0.));
#8446=DIRECTION('ref_axis',(0.721510348939057,0.,-0.692403651329078));
#8447=DIRECTION('',(0.,-1.,0.));
#8448=DIRECTION('center_axis',(0.,1.,0.));
#8449=DIRECTION('ref_axis',(0.,0.,1.));
#8450=DIRECTION('center_axis',(0.,1.,0.));
#8451=DIRECTION('ref_axis',(0.,0.,1.));
#8452=DIRECTION('',(0.,0.,1.));
#8453=DIRECTION('',(1.,0.,0.));
#8454=DIRECTION('',(0.,0.,-1.));
#8455=DIRECTION('',(-1.,0.,0.));
#8456=DIRECTION('',(1.,0.,0.));
#8457=DIRECTION('',(0.,0.,1.));
#8458=DIRECTION('',(-1.,0.,0.));
#8459=DIRECTION('',(1.,0.,0.));
#8460=DIRECTION('',(0.,0.,1.));
#8461=DIRECTION('',(-1.,0.,0.));
#8462=DIRECTION('',(0.,-1.,0.));
#8463=DIRECTION('',(0.,-1.,0.));
#8464=DIRECTION('',(0.,-1.,0.));
#8465=DIRECTION('',(0.,-1.,0.));
#8466=DIRECTION('',(0.,-1.,0.));
#8467=DIRECTION('',(0.,-1.,0.));
#8468=DIRECTION('',(0.,-1.,0.));
#8469=DIRECTION('',(0.,-1.,0.));
#8470=DIRECTION('',(0.,-1.,0.));
#8471=DIRECTION('',(0.,-1.,0.));
#8472=DIRECTION('',(0.,-1.,0.));
#8473=DIRECTION('',(0.,-1.,0.));
#8474=DIRECTION('',(0.,-1.,0.));
#8475=DIRECTION('',(0.,-1.,0.));
#8476=DIRECTION('center_axis',(1.,0.,0.));
#8477=DIRECTION('ref_axis',(0.,0.,-1.));
#8478=DIRECTION('',(0.,0.,1.));
#8479=DIRECTION('',(0.,-1.,0.));
#8480=DIRECTION('',(0.,-1.,0.));
#8481=DIRECTION('center_axis',(0.,0.,-1.));
#8482=DIRECTION('ref_axis',(-1.,0.,0.));
#8483=DIRECTION('',(-1.,0.,0.));
#8484=DIRECTION('',(0.,-1.,0.));
#8485=DIRECTION('center_axis',(-1.,0.,0.));
#8486=DIRECTION('ref_axis',(0.,0.,1.));
#8487=DIRECTION('',(0.,0.,1.));
#8488=DIRECTION('',(0.,-1.,0.));
#8489=DIRECTION('center_axis',(0.,0.,1.));
#8490=DIRECTION('ref_axis',(1.,0.,0.));
#8491=DIRECTION('',(1.,0.,0.));
#8492=DIRECTION('center_axis',(0.,0.,-1.));
#8493=DIRECTION('ref_axis',(-1.,0.,0.));
#8494=DIRECTION('',(-1.,0.,0.));
#8495=DIRECTION('',(0.,-1.,0.));
#8496=DIRECTION('center_axis',(-1.,0.,0.));
#8497=DIRECTION('ref_axis',(0.,0.,1.));
#8498=DIRECTION('',(0.,0.,1.));
#8499=DIRECTION('',(0.,-1.,0.));
#8500=DIRECTION('center_axis',(0.,0.,1.));
#8501=DIRECTION('ref_axis',(1.,0.,0.));
#8502=DIRECTION('',(1.,0.,0.));
#8503=DIRECTION('center_axis',(0.,0.,-1.));
#8504=DIRECTION('ref_axis',(-1.,0.,0.));
#8505=DIRECTION('',(1.,0.,0.));
#8506=DIRECTION('',(0.,-1.,0.));
#8507=DIRECTION('center_axis',(-1.,0.,0.));
#8508=DIRECTION('ref_axis',(0.,0.,1.));
#8509=DIRECTION('',(0.,0.,-1.));
#8510=DIRECTION('',(0.,-1.,0.));
#8511=DIRECTION('center_axis',(0.,0.,1.));
#8512=DIRECTION('ref_axis',(1.,0.,0.));
#8513=DIRECTION('',(-1.,0.,0.));
#8514=DIRECTION('',(0.,-1.,0.));
#8515=DIRECTION('',(0.,-1.,0.));
#8516=DIRECTION('center_axis',(0.,0.,1.));
#8517=DIRECTION('ref_axis',(1.,0.,0.));
#8518=DIRECTION('',(-1.,0.,0.));
#8519=DIRECTION('',(0.,-1.,0.));
#8520=DIRECTION('',(-1.,0.,0.));
#8521=DIRECTION('',(0.,-1.,0.));
#8522=DIRECTION('center_axis',(-1.,0.,0.));
#8523=DIRECTION('ref_axis',(0.,0.,1.));
#8524=DIRECTION('',(0.,0.,-1.));
#8525=DIRECTION('',(0.,0.,-1.));
#8526=DIRECTION('',(0.,-1.,0.));
#8527=DIRECTION('center_axis',(1.,0.,0.));
#8528=DIRECTION('ref_axis',(0.,0.,-1.));
#8529=DIRECTION('',(0.,0.,1.));
#8530=DIRECTION('',(0.,-1.,0.));
#8531=DIRECTION('',(0.,0.,1.));
#8532=DIRECTION('center_axis',(0.,0.,-1.));
#8533=DIRECTION('ref_axis',(-1.,0.,0.));
#8534=DIRECTION('',(1.,0.,0.));
#8535=DIRECTION('',(1.,0.,0.));
#8536=DIRECTION('center_axis',(0.,1.,0.));
#8537=DIRECTION('ref_axis',(0.,0.,1.));
#8538=DIRECTION('center_axis',(0.,1.,0.));
#8539=DIRECTION('ref_axis',(0.,0.,1.));
#8540=DIRECTION('',(-1.,0.,0.));
#8541=DIRECTION('',(1.26161707343768E-16,0.,1.));
#8542=DIRECTION('',(1.,0.,1.14455981920119E-16));
#8543=DIRECTION('',(-2.52323414687536E-16,0.,-1.));
#8544=DIRECTION('center_axis',(0.,1.,0.));
#8545=DIRECTION('ref_axis',(-1.,0.,0.));
#8546=DIRECTION('center_axis',(0.,1.,0.));
#8547=DIRECTION('ref_axis',(0.,0.,1.));
#8548=DIRECTION('center_axis',(0.,1.,0.));
#8549=DIRECTION('ref_axis',(0.,0.,1.));
#8550=DIRECTION('center_axis',(0.,1.,0.));
#8551=DIRECTION('ref_axis',(0.,0.,1.));
#8552=DIRECTION('center_axis',(0.,1.,0.));
#8553=DIRECTION('ref_axis',(0.,0.,1.));
#8554=DIRECTION('center_axis',(0.,1.,0.));
#8555=DIRECTION('ref_axis',(0.,0.,1.));
#8556=DIRECTION('center_axis',(0.,1.,0.));
#8557=DIRECTION('ref_axis',(0.,0.,1.));
#8558=DIRECTION('center_axis',(0.,1.,0.));
#8559=DIRECTION('ref_axis',(0.,0.,1.));
#8560=DIRECTION('center_axis',(0.,-1.,0.));
#8561=DIRECTION('ref_axis',(0.,0.,-1.));
#8562=DIRECTION('center_axis',(0.,-1.,0.));
#8563=DIRECTION('ref_axis',(-1.,0.,0.));
#8564=DIRECTION('center_axis',(0.,-1.,0.));
#8565=DIRECTION('ref_axis',(-1.,0.,0.));
#8566=DIRECTION('center_axis',(0.,1.,0.));
#8567=DIRECTION('ref_axis',(0.,0.,1.));
#8568=DIRECTION('center_axis',(0.,-1.,0.));
#8569=DIRECTION('ref_axis',(0.,0.,-1.));
#8570=DIRECTION('center_axis',(0.,1.,0.));
#8571=DIRECTION('ref_axis',(0.,0.,1.));
#8572=DIRECTION('center_axis',(0.,0.,1.));
#8573=DIRECTION('ref_axis',(1.,0.,0.));
#8574=DIRECTION('center_axis',(1.24933418732309E-14,0.,1.));
#8575=DIRECTION('ref_axis',(0.,-1.,0.));
#8576=DIRECTION('center_axis',(-1.,-1.20676415720126E-14,-3.23351481376901E-15));
#8577=DIRECTION('ref_axis',(0.,-0.258819045102521,0.965925826289068));
#8578=DIRECTION('center_axis',(0.250562807085733,-0.935113126531029,-0.25056280708573));
#8579=DIRECTION('ref_axis',(-0.965925826289068,-0.258819045102522,0.));
#8580=DIRECTION('center_axis',(0.,0.,1.));
#8581=DIRECTION('ref_axis',(1.,0.,0.));
#8582=DIRECTION('center_axis',(-1.61675740688451E-15,6.0338207860063E-15,
-1.));
#8583=DIRECTION('ref_axis',(-0.965925826289068,-0.258819045102521,0.));
#8584=DIRECTION('center_axis',(0.250562807085734,-0.935113126531028,0.250562807085733));
#8585=DIRECTION('ref_axis',(0.,-0.258819045102522,-0.965925826289068));
#8586=DIRECTION('center_axis',(-1.,0.,2.49866837464623E-14));
#8587=DIRECTION('ref_axis',(0.,-1.,0.));
#8588=DIRECTION('center_axis',(0.,0.,1.));
#8589=DIRECTION('ref_axis',(1.,0.,0.));
#8590=DIRECTION('center_axis',(1.61675740688451E-15,6.03382078600628E-15,
1.));
#8591=DIRECTION('ref_axis',(0.965925826289068,-0.258819045102522,0.));
#8592=DIRECTION('center_axis',(-0.250562807085733,-0.935113126531029,-0.250562807085732));
#8593=DIRECTION('ref_axis',(0.,-0.258819045102521,0.965925826289068));
#8594=DIRECTION('center_axis',(1.,0.,0.));
#8595=DIRECTION('ref_axis',(0.,-1.,0.));
#8596=DIRECTION('center_axis',(0.129428307995542,-0.983105602760366,-0.129428307995542));
#8597=DIRECTION('ref_axis',(-0.695160638334347,-0.183039268522303,0.695160638334337));
#8598=DIRECTION('center_axis',(-1.,0.,0.));
#8599=DIRECTION('ref_axis',(0.,0.,1.));
#8600=DIRECTION('center_axis',(0.,1.,-3.46944695195362E-14));
#8601=DIRECTION('ref_axis',(-1.,0.,0.));
#8602=DIRECTION('center_axis',(1.20676415720126E-14,-4.5037051474281E-14,
1.));
#8603=DIRECTION('ref_axis',(-0.965925826289068,-0.258819045102523,0.));
#8604=DIRECTION('center_axis',(0.250562807085765,-0.935113126531021,-0.25056280708573));
#8605=DIRECTION('ref_axis',(0.,-0.258819045102521,0.965925826289068));
#8606=DIRECTION('center_axis',(0.,0.,1.));
#8607=DIRECTION('ref_axis',(1.,0.,0.));
#8608=DIRECTION('center_axis',(1.,0.,0.));
#8609=DIRECTION('ref_axis',(0.,-0.258819045102521,-0.965925826289068));
#8610=DIRECTION('center_axis',(-0.250562807085732,-0.935113126531029,0.250562807085732));
#8611=DIRECTION('ref_axis',(0.965925826289068,-0.258819045102521,0.));
#8612=DIRECTION('center_axis',(0.,0.,-1.));
#8613=DIRECTION('ref_axis',(0.,-1.,0.));
#8614=DIRECTION('center_axis',(0.12942830799558,-0.983105602760356,0.12942830799558));
#8615=DIRECTION('ref_axis',(-0.69516063833433,-0.183039268522357,-0.69516063833434));
#8616=DIRECTION('center_axis',(0.,-4.66257866272264E-14,-1.));
#8617=DIRECTION('ref_axis',(-1.,0.,0.));
#8618=DIRECTION('center_axis',(-4.07282903055425E-14,1.,0.));
#8619=DIRECTION('ref_axis',(0.,0.,-1.));
#8620=DIRECTION('center_axis',(-1.,0.,0.));
#8621=DIRECTION('ref_axis',(0.,-0.258819045102521,-0.965925826289068));
#8622=DIRECTION('center_axis',(0.250562807085736,-0.935113126531039,0.250562807085693));
#8623=DIRECTION('ref_axis',(-0.965925826289068,-0.258819045102522,0.));
#8624=DIRECTION('center_axis',(-0.12942830799558,-0.983105602760357,-0.12942830799557));
#8625=DIRECTION('ref_axis',(0.695160638334332,-0.183039268522343,0.695160638334342));
#8626=DIRECTION('center_axis',(0.,-4.66257866272261E-14,1.));
#8627=DIRECTION('ref_axis',(1.,0.,0.));
#8628=DIRECTION('center_axis',(1.81014623580191E-14,1.,0.));
#8629=DIRECTION('ref_axis',(0.,0.,1.));
#8630=DIRECTION('center_axis',(1.,-9.00741029485626E-14,-2.41352831440252E-14));
#8631=DIRECTION('ref_axis',(0.,-0.258819045102521,0.965925826289068));
#8632=DIRECTION('center_axis',(-0.250562807085734,-0.935113126531033,-0.250562807085714));
#8633=DIRECTION('ref_axis',(0.965925826289068,-0.258819045102522,0.));
#8634=DIRECTION('center_axis',(-0.12942830799558,-0.983105602760357,0.12942830799557));
#8635=DIRECTION('ref_axis',(-0.695160638334332,0.183039268522341,0.695160638334342));
#8636=DIRECTION('center_axis',(1.81014623580189E-14,1.,0.));
#8637=DIRECTION('ref_axis',(0.,0.,1.));
#8638=DIRECTION('center_axis',(1.,4.50370514742816E-14,-1.20676415720126E-14));
#8639=DIRECTION('ref_axis',(0.,0.25881904510252,0.965925826289068));
#8640=DIRECTION('center_axis',(-0.250562807085735,-0.935113126531036,0.250562807085705));
#8641=DIRECTION('ref_axis',(-0.965925826289068,0.258819045102522,0.));
#8642=DIRECTION('center_axis',(0.,-4.66257866272259E-14,-1.));
#8643=DIRECTION('ref_axis',(-1.,0.,0.));
#8644=DIRECTION('center_axis',(-0.672247808571842,0.177006205992253,-0.718854426786526));
#8645=DIRECTION('ref_axis',(0.695160638334346,-0.18303926852231,-0.695160638334337));
#8646=DIRECTION('center_axis',(1.,4.66257866272259E-14,0.));
#8647=DIRECTION('ref_axis',(0.,0.,-1.));
#8648=DIRECTION('center_axis',(0.,1.,2.41352831440252E-14));
#8649=DIRECTION('ref_axis',(1.,0.,0.));
#8650=DIRECTION('center_axis',(-1.20676415720126E-14,-4.50370514742813E-14,
-1.));
#8651=DIRECTION('ref_axis',(0.965925826289068,-0.258819045102521,0.));
#8652=DIRECTION('center_axis',(-0.250562807085751,-0.935113126531024,0.250562807085731));
#8653=DIRECTION('ref_axis',(0.,-0.258819045102521,-0.965925826289068));
#8654=DIRECTION('center_axis',(-0.129428307995599,-0.983105602760352,-0.129428307995589));
#8655=DIRECTION('ref_axis',(-0.695160638334334,0.183039268522368,-0.695160638334334));
#8656=DIRECTION('center_axis',(6.03382078600629E-15,2.25185257371405E-14,
-1.));
#8657=DIRECTION('ref_axis',(-0.965925826289068,0.258819045102522,0.));
#8658=DIRECTION('center_axis',(0.250562807085774,0.935113126531018,0.25056280708573));
#8659=DIRECTION('ref_axis',(0.,0.258819045102522,-0.965925826289068));
#8660=DIRECTION('center_axis',(-1.,-9.32515732544517E-14,0.));
#8661=DIRECTION('ref_axis',(0.,0.,-1.));
#8662=DIRECTION('center_axis',(0.,-1.,3.01691039300315E-14));
#8663=DIRECTION('ref_axis',(-1.,0.,0.));
#8664=DIRECTION('center_axis',(0.672247808571809,0.177006205992313,-0.718854426786542));
#8665=DIRECTION('ref_axis',(0.695160638334333,0.183039268522377,0.695160638334333));
#8666=DIRECTION('center_axis',(-6.0338207860063E-15,2.25185257371408E-14,
1.));
#8667=DIRECTION('ref_axis',(0.965925826289068,0.25881904510252,0.));
#8668=DIRECTION('center_axis',(-0.250562807085773,0.935113126531018,-0.250562807085733));
#8669=DIRECTION('ref_axis',(0.,0.258819045102525,0.965925826289067));
#8670=DIRECTION('center_axis',(1.,9.32515732544528E-14,0.));
#8671=DIRECTION('ref_axis',(0.,0.,1.));
#8672=DIRECTION('center_axis',(0.,-1.,-3.01691039300315E-14));
#8673=DIRECTION('ref_axis',(1.,0.,0.));
#8674=DIRECTION('center_axis',(0.,0.,1.));
#8675=DIRECTION('ref_axis',(1.,0.,0.));
#8676=DIRECTION('center_axis',(-1.,0.,0.));
#8677=DIRECTION('ref_axis',(0.,1.,0.));
#8678=DIRECTION('center_axis',(0.,0.,1.));
#8679=DIRECTION('ref_axis',(-0.965925826289068,0.258819045102522,0.));
#8680=DIRECTION('center_axis',(0.250562807085736,0.935113126531028,-0.250562807085731));
#8681=DIRECTION('ref_axis',(0.,0.258819045102521,0.965925826289068));
#8682=DIRECTION('center_axis',(0.,0.,1.));
#8683=DIRECTION('ref_axis',(1.,0.,0.));
#8684=DIRECTION('center_axis',(6.24667093661555E-15,0.,-1.));
#8685=DIRECTION('ref_axis',(0.,1.,0.));
#8686=DIRECTION('center_axis',(-1.,0.,0.));
#8687=DIRECTION('ref_axis',(0.,0.258819045102522,-0.965925826289068));
#8688=DIRECTION('center_axis',(0.250562807085733,0.935113126531027,0.250562807085739));
#8689=DIRECTION('ref_axis',(-0.965925826289068,0.258819045102522,0.));
#8690=DIRECTION('center_axis',(-0.672247808571828,-0.17700620599224,-0.718854426786542));
#8691=DIRECTION('ref_axis',(0.695160638334352,0.1830392685223,-0.695160638334333));
#8692=DIRECTION('center_axis',(0.250562807085736,-0.93511312653104,-0.250562807085686));
#8693=DIRECTION('ref_axis',(0.965925826289068,0.258819045102522,0.));
#8694=DIRECTION('center_axis',(0.,-9.32515732544528E-14,1.));
#8695=DIRECTION('ref_axis',(1.,0.,0.));
#8696=DIRECTION('center_axis',(-4.22367455020441E-14,1.,0.));
#8697=DIRECTION('ref_axis',(0.,0.,-1.));
#8698=DIRECTION('center_axis',(-1.,4.50370514742813E-14,1.20676415720126E-14));
#8699=DIRECTION('ref_axis',(0.,0.258819045102521,-0.965925826289068));
#8700=DIRECTION('center_axis',(-1.26161707343768E-16,0.,-1.));
#8701=DIRECTION('ref_axis',(0.99144486137381,0.130526192220053,0.));
#8702=DIRECTION('',(1.26161707343768E-16,0.,1.));
#8703=DIRECTION('',(-1.26161707343768E-16,0.,-1.));
#8704=DIRECTION('center_axis',(0.,1.,0.));
#8705=DIRECTION('ref_axis',(0.707106781186543,0.,-0.707106781186552));
#8706=DIRECTION('',(0.,-1.,0.));
#8707=DIRECTION('',(0.,1.,0.));
#8708=DIRECTION('center_axis',(-1.,0.,-1.14455981920119E-16));
#8709=DIRECTION('ref_axis',(0.,0.130526192220053,-0.99144486137381));
#8710=DIRECTION('',(1.,0.,1.14455981920119E-16));
#8711=DIRECTION('',(-1.,0.,-1.14455981920119E-16));
#8712=DIRECTION('center_axis',(0.,0.,1.));
#8713=DIRECTION('ref_axis',(1.,0.,0.));
#8714=DIRECTION('center_axis',(0.,0.,1.));
#8715=DIRECTION('ref_axis',(0.,1.,0.));
#8716=DIRECTION('center_axis',(1.,2.41352831440252E-14,-6.467029627538E-15));
#8717=DIRECTION('ref_axis',(0.,0.25881904510252,0.965925826289068));
#8718=DIRECTION('center_axis',(-0.250562807085734,0.935113126531032,-0.250562807085722));
#8719=DIRECTION('ref_axis',(0.965925826289068,0.258819045102522,0.));
#8720=DIRECTION('center_axis',(-1.,0.,0.));
#8721=DIRECTION('ref_axis',(0.,0.793353340291235,0.608761429008721));
#8722=DIRECTION('',(1.,0.,0.));
#8723=DIRECTION('center_axis',(0.250562807085732,-0.935113126531029,0.250562807085732));
#8724=DIRECTION('ref_axis',(0.661224832946649,0.354349320006915,0.661224832946641));
#8725=DIRECTION('',(-0.250562807085732,0.935113126531029,-0.250562807085732));
#8726=DIRECTION('',(0.250562807085732,-0.935113126531029,0.250562807085732));
#8727=DIRECTION('center_axis',(0.,0.,1.));
#8728=DIRECTION('ref_axis',(1.,0.,0.));
#8729=DIRECTION('center_axis',(1.,0.,2.49866837464622E-14));
#8730=DIRECTION('ref_axis',(0.,1.,0.));
#8731=DIRECTION('center_axis',(0.,0.,-1.));
#8732=DIRECTION('ref_axis',(0.965925826289068,0.258819045102522,0.));
#8733=DIRECTION('center_axis',(-0.250562807085737,0.935113126531028,0.250562807085733));
#8734=DIRECTION('ref_axis',(0.,0.258819045102522,-0.965925826289068));
#8735=DIRECTION('center_axis',(1.26161707343768E-16,0.,1.));
#8736=DIRECTION('ref_axis',(0.608761429008716,0.793353340291239,0.));
#8737=DIRECTION('',(-1.26161707343768E-16,0.,-1.));
#8738=DIRECTION('center_axis',(0.250562807085732,-0.935113126531029,-0.250562807085732));
#8739=DIRECTION('ref_axis',(0.661224832946649,0.354349320006915,-0.661224832946641));
#8740=DIRECTION('',(-0.250562807085732,0.935113126531029,0.250562807085732));
#8741=DIRECTION('',(0.250562807085732,-0.935113126531029,-0.250562807085732));
#8742=DIRECTION('center_axis',(1.,0.,1.14455981920119E-16));
#8743=DIRECTION('ref_axis',(0.,0.793353340291235,-0.608761429008721));
#8744=DIRECTION('',(-1.,0.,-1.14455981920119E-16));
#8745=DIRECTION('center_axis',(-0.250562807085733,-0.935113126531029,-0.250562807085732));
#8746=DIRECTION('ref_axis',(-0.66122483294664,0.354349320006919,-0.661224832946648));
#8747=DIRECTION('',(0.250562807085733,0.935113126531029,0.250562807085732));
#8748=DIRECTION('',(-0.250562807085733,-0.935113126531029,-0.250562807085732));
#8749=DIRECTION('center_axis',(-2.52323414687536E-16,0.,-1.));
#8750=DIRECTION('ref_axis',(-0.608761429008725,0.793353340291231,0.));
#8751=DIRECTION('',(2.52323414687536E-16,0.,1.));
#8752=DIRECTION('center_axis',(0.250562807085733,0.935113126531029,-0.250562807085732));
#8753=DIRECTION('ref_axis',(-0.66122483294664,0.354349320006919,0.661224832946648));
#8754=DIRECTION('',(-0.250562807085733,-0.935113126531029,0.250562807085732));
#8755=DIRECTION('',(0.250562807085733,0.935113126531029,-0.250562807085732));
#8756=DIRECTION('center_axis',(1.,0.,0.));
#8757=DIRECTION('ref_axis',(0.,0.130526192220053,0.99144486137381));
#8758=DIRECTION('',(-1.,0.,0.));
#8759=DIRECTION('',(1.,0.,0.));
#8760=DIRECTION('center_axis',(0.,1.,0.));
#8761=DIRECTION('ref_axis',(0.707106781186543,0.,0.707106781186552));
#8762=DIRECTION('',(0.,-1.,0.));
#8763=DIRECTION('',(0.,1.,0.));
#8764=DIRECTION('center_axis',(0.,1.,0.));
#8765=DIRECTION('ref_axis',(-0.707106781186552,0.,-0.707106781186543));
#8766=DIRECTION('',(0.,-1.,0.));
#8767=DIRECTION('',(0.,1.,0.));
#8768=DIRECTION('center_axis',(2.52323414687536E-16,0.,1.));
#8769=DIRECTION('ref_axis',(-0.99144486137381,0.130526192220053,0.));
#8770=DIRECTION('',(-2.52323414687536E-16,0.,-1.));
#8771=DIRECTION('',(2.52323414687536E-16,0.,1.));
#8772=DIRECTION('center_axis',(1.26161707343768E-16,9.52476402128435E-32,
1.));
#8773=DIRECTION('ref_axis',(0.991444861373811,-0.130526192220051,0.));
#8774=DIRECTION('',(-1.26161707343768E-16,-9.52476402128435E-32,-1.));
#8775=DIRECTION('',(1.26161707343768E-16,9.52476402128435E-32,1.));
#8776=DIRECTION('center_axis',(-0.250562807085732,-0.935113126531029,0.250562807085732));
#8777=DIRECTION('ref_axis',(0.661224832946649,-0.354349320006913,-0.661224832946641));
#8778=DIRECTION('',(0.250562807085732,0.935113126531029,-0.250562807085732));
#8779=DIRECTION('',(-0.250562807085732,-0.935113126531029,0.250562807085732));
#8780=DIRECTION('center_axis',(1.,5.55111512312579E-17,1.14455981920119E-16));
#8781=DIRECTION('ref_axis',(0.,-0.130526192220053,-0.99144486137381));
#8782=DIRECTION('',(-1.,-5.55111512312579E-17,-1.14455981920119E-16));
#8783=DIRECTION('',(1.,5.55111512312579E-17,1.14455981920119E-16));
#8784=DIRECTION('center_axis',(0.,1.,0.));
#8785=DIRECTION('ref_axis',(-0.707106781186552,0.,0.707106781186543));
#8786=DIRECTION('',(0.,-1.,0.));
#8787=DIRECTION('',(0.,1.,0.));
#8788=DIRECTION('center_axis',(-1.,-5.55111512312578E-17,0.));
#8789=DIRECTION('ref_axis',(0.,-0.130526192220053,0.99144486137381));
#8790=DIRECTION('',(1.,5.55111512312578E-17,0.));
#8791=DIRECTION('',(-1.,-5.55111512312578E-17,0.));
#8792=DIRECTION('center_axis',(-0.250562807085732,-0.935113126531029,-0.250562807085732));
#8793=DIRECTION('ref_axis',(0.661224832946644,-0.354349320006917,0.661224832946644));
#8794=DIRECTION('',(0.250562807085732,0.935113126531029,0.250562807085732));
#8795=DIRECTION('',(-0.250562807085732,-0.935113126531029,-0.250562807085732));
#8796=DIRECTION('center_axis',(0.250562807085733,-0.935113126531029,0.250562807085732));
#8797=DIRECTION('ref_axis',(-0.661224832946644,-0.354349320006917,-0.661224832946644));
#8798=DIRECTION('',(-0.250562807085733,0.935113126531029,-0.250562807085732));
#8799=DIRECTION('',(0.250562807085733,-0.935113126531029,0.250562807085732));
#8800=DIRECTION('center_axis',(-2.52323414687536E-16,0.,-1.));
#8801=DIRECTION('ref_axis',(-0.99144486137381,-0.130526192220053,0.));
#8802=DIRECTION('',(2.52323414687536E-16,0.,1.));
#8803=DIRECTION('',(-2.52323414687536E-16,0.,-1.));
#8804=DIRECTION('center_axis',(-1.26161707343768E-16,-4.80489738702795E-32,
-1.));
#8805=DIRECTION('ref_axis',(0.608761429008716,-0.793353340291239,0.));
#8806=DIRECTION('',(1.26161707343768E-16,4.16685918012791E-32,1.));
#8807=DIRECTION('',(-1.26161707343768E-16,-4.80489738702795E-32,-1.));
#8808=DIRECTION('center_axis',(-1.,-5.55111512312578E-17,-1.14455981920119E-16));
#8809=DIRECTION('ref_axis',(0.,-0.793353340291238,-0.608761429008716));
#8810=DIRECTION('',(1.,5.55111512312578E-17,1.14455981920119E-16));
#8811=DIRECTION('',(-1.,-5.55111512312578E-17,-1.14455981920119E-16));
#8812=DIRECTION('center_axis',(-0.250562807085732,0.935113126531029,0.250562807085732));
#8813=DIRECTION('ref_axis',(-0.66122483294664,-0.354349320006917,0.661224832946648));
#8814=DIRECTION('',(0.250562807085732,-0.935113126531029,-0.250562807085732));
#8815=DIRECTION('',(-0.250562807085732,0.935113126531029,0.250562807085732));
#8816=DIRECTION('center_axis',(1.,5.55111512312578E-17,0.));
#8817=DIRECTION('ref_axis',(0.,-0.793353340291235,0.608761429008721));
#8818=DIRECTION('',(-1.,-5.55111512312578E-17,0.));
#8819=DIRECTION('',(1.,5.55111512312578E-17,0.));
#8820=DIRECTION('center_axis',(2.52323414687536E-16,5.50523554862331E-32,
1.));
#8821=DIRECTION('ref_axis',(-0.608761429008725,-0.793353340291232,0.));
#8822=DIRECTION('',(-2.52323414687536E-16,-5.50523554862331E-32,-1.));
#8823=DIRECTION('',(2.52323414687536E-16,5.50523554862331E-32,1.));
#8824=DIRECTION('center_axis',(0.965925826289068,0.258819045102521,-1.21862851412069E-16));
#8825=DIRECTION('ref_axis',(-8.88178419700125E-17,0.,-1.));
#8826=DIRECTION('center_axis',(1.,0.,-1.26161707343768E-16));
#8827=DIRECTION('ref_axis',(-8.88178419700125E-17,0.,-1.));
#8828=DIRECTION('center_axis',(1.14455981920119E-16,0.,-1.));
#8829=DIRECTION('ref_axis',(-1.,0.,-1.33226762955019E-16));
#8830=DIRECTION('center_axis',(1.10555988909918E-16,0.258819045102521,-0.965925826289068));
#8831=DIRECTION('ref_axis',(-1.,0.,-1.33226762955019E-16));
#8832=DIRECTION('center_axis',(0.,0.258819045102521,0.965925826289068));
#8833=DIRECTION('ref_axis',(1.,0.,0.));
#8834=DIRECTION('center_axis',(-0.965925826289068,0.258819045102522,2.43725702824137E-16));
#8835=DIRECTION('ref_axis',(2.66453525910038E-16,0.,1.));
#8836=DIRECTION('center_axis',(0.,0.,1.));
#8837=DIRECTION('ref_axis',(1.,0.,0.));
#8838=DIRECTION('center_axis',(-1.,0.,2.52323414687536E-16));
#8839=DIRECTION('ref_axis',(2.66453525910038E-16,0.,1.));
#8840=DIRECTION('center_axis',(0.965925826289068,-0.258819045102521,-1.21862851412068E-16));
#8841=DIRECTION('ref_axis',(-8.88178419700125E-17,0.,-1.));
#8842=DIRECTION('center_axis',(1.24923332064134E-16,-0.258819045102521,
-0.965925826289068));
#8843=DIRECTION('ref_axis',(-1.,0.,-1.33226762955019E-16));
#8844=DIRECTION('center_axis',(1.43673431542158E-17,-0.258819045102521,
0.965925826289068));
#8845=DIRECTION('ref_axis',(1.,0.,0.));
#8846=DIRECTION('center_axis',(-0.965925826289068,-0.258819045102522,2.43725702824137E-16));
#8847=DIRECTION('ref_axis',(2.66453525910038E-16,0.,1.));
#8848=DIRECTION('center_axis',(5.55111512312578E-17,-1.,4.10455922543259E-32));
#8849=DIRECTION('ref_axis',(0.,-4.10455922543259E-32,-1.));
#8850=DIRECTION('axis',(0.,0.,1.));
#8851=DIRECTION('refdir',(1.,0.,0.));
#8852=DIRECTION('center_axis',(-0.408248290463863,-0.408248290463862,-0.816496580927727));
#8853=DIRECTION('ref_axis',(-0.577350269189627,-0.577350269189626,0.577350269189625));
#8854=DIRECTION('center_axis',(0.,-1.90106682298828E-16,1.));
#8855=DIRECTION('ref_axis',(0.,-1.,-1.90106682298828E-16));
#8856=DIRECTION('center_axis',(-1.,1.52085345839063E-15,0.));
#8857=DIRECTION('ref_axis',(0.,0.,1.));
#8858=DIRECTION('center_axis',(0.,-1.,7.60426729195313E-16));
#8859=DIRECTION('ref_axis',(-1.,0.,0.));
#8860=DIRECTION('center_axis',(0.408248290463864,-0.408248290463862,-0.816496580927726));
#8861=DIRECTION('ref_axis',(0.577350269189628,-0.577350269189624,0.577350269189625));
#8862=DIRECTION('center_axis',(2.28128018758594E-15,-1.,0.));
#8863=DIRECTION('ref_axis',(0.,0.,1.));
#8864=DIRECTION('center_axis',(1.,2.89124405237341E-31,-1.52085345839063E-15));
#8865=DIRECTION('ref_axis',(0.,-1.,-1.90106682298828E-16));
#8866=DIRECTION('center_axis',(1.4456220261867E-31,-1.90106682298828E-16,
1.));
#8867=DIRECTION('ref_axis',(1.,7.60426729195312E-16,0.));
#8868=DIRECTION('center_axis',(1.,0.,0.));
#8869=DIRECTION('ref_axis',(0.,-0.707106781186548,0.707106781186547));
#8870=DIRECTION('',(-1.,0.,0.));
#8871=DIRECTION('',(1.,0.,0.));
#8872=DIRECTION('center_axis',(0.,1.25025115385716E-16,-1.));
#8873=DIRECTION('ref_axis',(0.707106781186548,-0.707106781186547,-8.84061069078701E-17));
#8874=DIRECTION('center_axis',(0.,0.,1.));
#8875=DIRECTION('ref_axis',(0.,-1.,0.));
#8876=DIRECTION('',(0.,-1.25025115385716E-16,1.));
#8877=DIRECTION('',(0.,1.25025115385716E-16,-1.));
#8878=DIRECTION('center_axis',(1.,4.78544407166016E-16,5.98300697231201E-32));
#8879=DIRECTION('ref_axis',(0.,0.,-1.));
#8880=DIRECTION('center_axis',(0.,-1.,0.));
#8881=DIRECTION('ref_axis',(1.52085345839063E-15,0.,-1.));
#8882=DIRECTION('center_axis',(-1.,-4.78544407166016E-16,-5.98300697231201E-32));
#8883=DIRECTION('ref_axis',(3.38381995405986E-16,-0.707106781186547,-0.707106781186548));
#8884=DIRECTION('center_axis',(1.,4.78544407166016E-16,5.98300697231201E-32));
#8885=DIRECTION('ref_axis',(3.36186720150544E-16,-0.707106781186547,-0.707106781186548));
#8886=DIRECTION('center_axis',(-4.78544407166016E-16,1.,0.));
#8887=DIRECTION('ref_axis',(0.707106781186547,0.,-0.707106781186548));
#8888=DIRECTION('center_axis',(0.,-1.,0.));
#8889=DIRECTION('ref_axis',(0.,0.,-1.));
#8890=DIRECTION('',(4.78544407166016E-16,-1.,0.));
#8891=DIRECTION('',(-4.78544407166016E-16,1.,0.));
#8892=DIRECTION('center_axis',(-1.,-4.78544407166016E-16,-5.98300697231201E-32));
#8893=DIRECTION('ref_axis',(0.,0.,1.));
#8894=DIRECTION('center_axis',(0.,0.,1.));
#8895=DIRECTION('ref_axis',(4.56256037517188E-15,-1.,0.));
#8896=DIRECTION('center_axis',(1.,4.78544407166016E-16,5.98300697231201E-32));
#8897=DIRECTION('ref_axis',(-3.38381995405986E-16,0.707106781186547,0.707106781186548));
#8898=DIRECTION('center_axis',(-1.,-4.78544407166016E-16,-5.98300697231201E-32));
#8899=DIRECTION('ref_axis',(-3.4205815019261E-16,0.707106781186547,0.707106781186548));
#8900=DIRECTION('center_axis',(-8.94089805974713E-32,3.11860400175605E-16,
-1.));
#8901=DIRECTION('ref_axis',(0.707106781186545,-0.70710678118655,0.));
#8902=DIRECTION('center_axis',(0.,-2.46519032881566E-32,1.));
#8903=DIRECTION('ref_axis',(0.707106781186545,-0.70710678118655,0.));
#8904=DIRECTION('',(8.94089805974713E-32,-3.11860400175605E-16,1.));
#8905=DIRECTION('',(-8.94089805974713E-32,3.11860400175605E-16,-1.));
#8906=DIRECTION('center_axis',(-0.408248290463864,0.408248290463862,-0.816496580927726));
#8907=DIRECTION('ref_axis',(-0.577350269189627,0.577350269189625,0.577350269189626));
#8908=DIRECTION('center_axis',(0.,1.,0.));
#8909=DIRECTION('ref_axis',(0.,0.,1.));
#8910=DIRECTION('center_axis',(-1.,0.,0.));
#8911=DIRECTION('ref_axis',(0.,1.,1.90106682298828E-16));
#8912=DIRECTION('center_axis',(0.,-1.90106682298828E-16,1.));
#8913=DIRECTION('ref_axis',(-1.,0.,0.));
#8914=DIRECTION('center_axis',(0.408248290463863,-0.816496580927726,0.408248290463863));
#8915=DIRECTION('ref_axis',(0.577350269189626,0.577350269189626,0.577350269189626));
#8916=DIRECTION('center_axis',(1.,0.,0.));
#8917=DIRECTION('ref_axis',(0.,0.,1.));
#8918=DIRECTION('center_axis',(0.,1.,7.60426729195313E-16));
#8919=DIRECTION('ref_axis',(1.,0.,0.));
#8920=DIRECTION('center_axis',(1.4456220261867E-31,-1.90106682298828E-16,
1.));
#8921=DIRECTION('ref_axis',(0.,1.,1.90106682298828E-16));
#8922=DIRECTION('center_axis',(-4.78544407166016E-16,1.,0.));
#8923=DIRECTION('ref_axis',(0.707106781186547,5.37702896809512E-16,0.707106781186548));
#8924=DIRECTION('',(4.78544407166016E-16,-1.,0.));
#8925=DIRECTION('',(-4.78544407166016E-16,1.,0.));
#8926=DIRECTION('center_axis',(0.,1.25025115385716E-16,-1.));
#8927=DIRECTION('ref_axis',(0.707106781186547,0.707106781186548,8.84061069078703E-17));
#8928=DIRECTION('center_axis',(0.,0.,1.));
#8929=DIRECTION('ref_axis',(1.,7.60426729195313E-16,0.));
#8930=DIRECTION('',(0.,-1.25025115385716E-16,1.));
#8931=DIRECTION('',(0.,1.25025115385716E-16,-1.));
#8932=DIRECTION('center_axis',(1.,4.78544407166016E-16,5.98300697231201E-32));
#8933=DIRECTION('ref_axis',(0.,0.,-1.));
#8934=DIRECTION('center_axis',(0.,-1.,0.));
#8935=DIRECTION('ref_axis',(1.,0.,0.));
#8936=DIRECTION('center_axis',(-1.,-4.78544407166016E-16,-5.98300697231201E-32));
#8937=DIRECTION('ref_axis',(3.4205815019261E-16,-0.707106781186547,-0.707106781186548));
#8938=DIRECTION('center_axis',(1.,4.78544407166016E-16,5.98300697231201E-32));
#8939=DIRECTION('ref_axis',(3.38381995405986E-16,-0.707106781186547,-0.707106781186548));
#8940=DIRECTION('center_axis',(-4.78544407166016E-16,1.,7.54674743098447E-32));
#8941=DIRECTION('ref_axis',(0.70710678118655,0.,0.707106781186545));
#8942=DIRECTION('center_axis',(0.,-1.,0.));
#8943=DIRECTION('ref_axis',(1.,0.,0.));
#8944=DIRECTION('',(4.78544407166016E-16,-1.,-7.54674743098447E-32));
#8945=DIRECTION('',(-4.78544407166016E-16,1.,7.54674743098447E-32));
#8946=DIRECTION('center_axis',(-1.,-4.78544407166016E-16,-5.98300697231201E-32));
#8947=DIRECTION('ref_axis',(0.,0.,1.));
#8948=DIRECTION('center_axis',(0.,0.,1.));
#8949=DIRECTION('ref_axis',(1.,0.,0.));
#8950=DIRECTION('center_axis',(1.,4.78544407166016E-16,5.98300697231201E-32));
#8951=DIRECTION('ref_axis',(-3.36186720150544E-16,0.707106781186547,0.707106781186548));
#8952=DIRECTION('center_axis',(-1.,-4.78544407166016E-16,-5.98300697231201E-32));
#8953=DIRECTION('ref_axis',(-3.38381995405986E-16,0.707106781186547,0.707106781186548));
#8954=DIRECTION('center_axis',(-8.94089805974713E-32,3.11860400175605E-16,
-1.));
#8955=DIRECTION('ref_axis',(0.70710678118655,0.707106781186545,0.));
#8956=DIRECTION('center_axis',(0.,-2.46519032881566E-32,1.));
#8957=DIRECTION('ref_axis',(0.70710678118655,0.707106781186545,0.));
#8958=DIRECTION('',(8.94089805974713E-32,-3.11860400175605E-16,1.));
#8959=DIRECTION('',(-8.94089805974713E-32,3.11860400175605E-16,-1.));
#8960=DIRECTION('center_axis',(-1.,1.5770213417971E-16,0.));
#8961=DIRECTION('ref_axis',(0.,0.707106781186547,0.707106781186548));
#8962=DIRECTION('',(1.,-1.5770213417971E-16,0.));
#8963=DIRECTION('',(-1.,1.5770213417971E-16,0.));
#8964=DIRECTION('center_axis',(0.,1.25025115385716E-16,-1.));
#8965=DIRECTION('ref_axis',(-0.707106781186548,0.707106781186547,8.840610690787E-17));
#8966=DIRECTION('center_axis',(0.,0.,1.));
#8967=DIRECTION('ref_axis',(0.,1.,0.));
#8968=DIRECTION('',(0.,-1.25025115385716E-16,1.));
#8969=DIRECTION('',(0.,1.25025115385716E-16,-1.));
#8970=DIRECTION('center_axis',(1.,3.58908305374512E-16,4.48725522923401E-32));
#8971=DIRECTION('ref_axis',(0.,0.,-1.));
#8972=DIRECTION('center_axis',(0.,-1.,0.));
#8973=DIRECTION('ref_axis',(0.,0.,1.));
#8974=DIRECTION('center_axis',(-1.,-3.58908305374512E-16,-4.48725522923401E-32));
#8975=DIRECTION('ref_axis',(2.53786496554489E-16,-0.707106781186547,-0.707106781186548));
#8976=DIRECTION('center_axis',(1.,3.58908305374512E-16,4.48725522923401E-32));
#8977=DIRECTION('ref_axis',(2.56543612644457E-16,-0.707106781186547,-0.707106781186548));
#8978=DIRECTION('center_axis',(-3.58908305374512E-16,1.,5.66006057323835E-32));
#8979=DIRECTION('ref_axis',(-0.707106781186551,0.,0.707106781186544));
#8980=DIRECTION('center_axis',(0.,-1.,0.));
#8981=DIRECTION('ref_axis',(1.52085345839064E-15,0.,1.));
#8982=DIRECTION('',(3.58908305374512E-16,-1.,-5.66006057323835E-32));
#8983=DIRECTION('',(-3.58908305374512E-16,1.,5.66006057323835E-32));
#8984=DIRECTION('center_axis',(-1.,-3.58908305374512E-16,-4.48725522923401E-32));
#8985=DIRECTION('ref_axis',(0.,0.,1.));
#8986=DIRECTION('center_axis',(0.,0.,1.));
#8987=DIRECTION('ref_axis',(0.,1.,0.));
#8988=DIRECTION('center_axis',(1.,3.58908305374512E-16,4.48725522923401E-32));
#8989=DIRECTION('ref_axis',(-2.53786496554489E-16,0.707106781186547,0.707106781186548));
#8990=DIRECTION('center_axis',(-1.,-3.58908305374512E-16,-4.48725522923401E-32));
#8991=DIRECTION('ref_axis',(-2.55501907314413E-16,0.707106781186547,0.707106781186548));
#8992=DIRECTION('center_axis',(-6.70567354481034E-32,3.11860400175605E-16,
-1.));
#8993=DIRECTION('ref_axis',(-0.70710678118655,0.707106781186545,0.));
#8994=DIRECTION('center_axis',(0.,-2.46519032881566E-32,1.));
#8995=DIRECTION('ref_axis',(-0.70710678118655,0.707106781186545,0.));
#8996=DIRECTION('',(6.70567354481034E-32,-3.11860400175605E-16,1.));
#8997=DIRECTION('',(-6.70567354481034E-32,3.11860400175605E-16,-1.));
#8998=DIRECTION('center_axis',(3.58908305374512E-16,-1.,0.));
#8999=DIRECTION('ref_axis',(-0.707106781186548,-5.37702896809511E-16,0.707106781186547));
#9000=DIRECTION('',(-3.58908305374512E-16,1.,0.));
#9001=DIRECTION('',(3.58908305374512E-16,-1.,0.));
#9002=DIRECTION('center_axis',(0.,1.25025115385716E-16,-1.));
#9003=DIRECTION('ref_axis',(-0.707106781186548,-0.707106781186548,-8.84061069078703E-17));
#9004=DIRECTION('center_axis',(0.,0.,1.));
#9005=DIRECTION('ref_axis',(-1.,0.,0.));
#9006=DIRECTION('',(0.,-1.25025115385716E-16,1.));
#9007=DIRECTION('',(0.,1.25025115385716E-16,-1.));
#9008=DIRECTION('center_axis',(1.,3.58908305374512E-16,4.48725522923401E-32));
#9009=DIRECTION('ref_axis',(0.,0.,-1.));
#9010=DIRECTION('center_axis',(0.,-1.,0.));
#9011=DIRECTION('ref_axis',(-1.,0.,0.));
#9012=DIRECTION('center_axis',(-1.,-3.58908305374512E-16,-4.48725522923401E-32));
#9013=DIRECTION('ref_axis',(2.55501907314413E-16,-0.707106781186547,-0.707106781186548));
#9014=DIRECTION('center_axis',(1.,3.58908305374512E-16,4.48725522923401E-32));
#9015=DIRECTION('ref_axis',(2.53786496554489E-16,-0.707106781186547,-0.707106781186548));
#9016=DIRECTION('center_axis',(-3.58908305374512E-16,1.,0.));
#9017=DIRECTION('ref_axis',(-0.707106781186545,0.,-0.70710678118655));
#9018=DIRECTION('center_axis',(0.,-1.,0.));
#9019=DIRECTION('ref_axis',(-1.,0.,0.));
#9020=DIRECTION('',(3.58908305374512E-16,-1.,0.));
#9021=DIRECTION('',(-3.58908305374512E-16,1.,0.));
#9022=DIRECTION('center_axis',(-1.,-3.58908305374512E-16,-4.48725522923401E-32));
#9023=DIRECTION('ref_axis',(0.,0.,1.));
#9024=DIRECTION('center_axis',(0.,0.,1.));
#9025=DIRECTION('ref_axis',(-1.,0.,0.));
#9026=DIRECTION('center_axis',(1.,3.58908305374512E-16,4.48725522923401E-32));
#9027=DIRECTION('ref_axis',(-2.56543612644457E-16,0.707106781186547,0.707106781186548));
#9028=DIRECTION('center_axis',(-1.,-3.58908305374512E-16,-4.48725522923401E-32));
#9029=DIRECTION('ref_axis',(-2.53786496554489E-16,0.707106781186547,0.707106781186548));
#9030=DIRECTION('center_axis',(-6.70567354481034E-32,3.11860400175605E-16,
-1.));
#9031=DIRECTION('ref_axis',(-0.707106781186545,-0.70710678118655,0.));
#9032=DIRECTION('center_axis',(0.,-2.46519032881566E-32,1.));
#9033=DIRECTION('ref_axis',(-0.707106781186545,-0.70710678118655,0.));
#9034=DIRECTION('',(6.70567354481034E-32,-3.11860400175605E-16,1.));
#9035=DIRECTION('',(-6.70567354481034E-32,3.11860400175605E-16,-1.));
#9036=DIRECTION('center_axis',(0.,-1.,-1.25025115385716E-16));
#9037=DIRECTION('ref_axis',(-1.,0.,0.));
#9038=DIRECTION('',(-1.,0.,0.));
#9039=DIRECTION('center_axis',(1.,0.,0.));
#9040=DIRECTION('ref_axis',(0.,-1.,-1.38777878078145E-16));
#9041=DIRECTION('',(-1.,0.,0.));
#9042=DIRECTION('center_axis',(0.,0.,-1.));
#9043=DIRECTION('ref_axis',(-1.,0.,0.));
#9044=DIRECTION('',(-1.,0.,0.));
#9045=DIRECTION('center_axis',(-1.,0.,0.));
#9046=DIRECTION('ref_axis',(0.,-1.,0.));
#9047=DIRECTION('',(-1.,0.,0.));
#9048=DIRECTION('center_axis',(0.,-1.,-3.11860400175605E-16));
#9049=DIRECTION('ref_axis',(-1.,0.,0.));
#9050=DIRECTION('',(-1.,0.,0.));
#9051=DIRECTION('center_axis',(-1.,-3.58908305374512E-16,-4.48725522923401E-32));
#9052=DIRECTION('ref_axis',(-3.59434704222394E-16,1.,0.));
#9053=DIRECTION('',(-3.58908305374512E-16,1.,2.46519032881566E-32));
#9054=DIRECTION('center_axis',(0.,-2.46519032881566E-32,1.));
#9055=DIRECTION('ref_axis',(1.,0.,0.));
#9056=DIRECTION('',(1.,-1.5770213417971E-16,0.));
#9057=DIRECTION('',(4.78544407166016E-16,-1.,-2.46519032881566E-32));
#9058=DIRECTION('center_axis',(0.,0.,1.));
#9059=DIRECTION('ref_axis',(1.,0.,0.));
#9060=DIRECTION('center_axis',(1.5770213417971E-16,1.,3.11860400175605E-16));
#9061=DIRECTION('ref_axis',(1.,-1.55431223447522E-16,0.));
#9062=DIRECTION('',(1.,-1.5770213417971E-16,0.));
#9063=DIRECTION('center_axis',(-1.,0.,0.));
#9064=DIRECTION('ref_axis',(0.,-1.,0.));
#9065=DIRECTION('',(1.,2.53604373876735E-32,-1.5770213417971E-16));
#9066=DIRECTION('center_axis',(1.5770213417971E-16,0.,1.));
#9067=DIRECTION('ref_axis',(1.,0.,-1.55431223447522E-16));
#9068=DIRECTION('',(1.,2.53604373876735E-32,-1.5770213417971E-16));
#9069=DIRECTION('center_axis',(1.,0.,0.));
#9070=DIRECTION('ref_axis',(0.,-1.,-1.38777878078145E-16));
#9071=DIRECTION('',(1.,-1.5770213417971E-16,0.));
#9072=DIRECTION('center_axis',(1.,4.78544407166016E-16,5.98300697231201E-32));
#9073=DIRECTION('ref_axis',(4.78783679369599E-16,-1.,0.));
#9074=DIRECTION('center_axis',(1.5770213417971E-16,1.,1.25025115385716E-16));
#9075=DIRECTION('ref_axis',(1.,-1.58206781009085E-16,0.));
#9076=DIRECTION('',(0.,0.,1.));
#9077=DIRECTION('',(1.,0.,0.));
#9078=DIRECTION('',(1.15695942331177E-16,1.55479547460602E-17,1.));
#9079=DIRECTION('',(1.,-1.38777878078185E-17,-1.15695942331177E-16));
#9080=DIRECTION('',(1.15695942331177E-16,1.55479547460602E-17,1.));
#9081=DIRECTION('',(1.,-1.38777878078185E-17,-1.15695942331177E-16));
#9082=DIRECTION('',(1.15695942331177E-16,1.55479547460602E-17,1.));
#9083=DIRECTION('',(1.,-1.38777878078185E-17,-1.15695942331177E-16));
#9084=DIRECTION('',(1.15695942331177E-16,1.55479547460602E-17,1.));
#9085=DIRECTION('',(1.,-1.38777878078185E-17,-1.15695942331177E-16));
#9086=DIRECTION('',(1.15695942331177E-16,1.55479547460602E-17,1.));
#9087=DIRECTION('',(1.,-1.38777878078185E-17,-1.15695942331177E-16));
#9088=DIRECTION('',(1.15695942331177E-16,1.55479547460602E-17,1.));
#9089=DIRECTION('',(1.,-1.38777878078185E-17,-1.15695942331177E-16));
#9090=DIRECTION('',(1.15695942331177E-16,1.55479547460602E-17,1.));
#9091=DIRECTION('',(1.,-1.38777878078185E-17,-1.15695942331177E-16));
#9092=DIRECTION('',(1.15695942331177E-16,1.55479547460602E-17,1.));
#9093=DIRECTION('',(1.,-1.38777878078185E-17,-1.15695942331177E-16));
#9094=DIRECTION('',(1.15695942331177E-16,1.55479547460602E-17,1.));
#9095=DIRECTION('',(1.,-1.38777878078185E-17,-1.15695942331177E-16));
#9096=DIRECTION('',(1.15695942331177E-16,1.55479547460602E-17,1.));
#9097=DIRECTION('',(1.,-1.38777878078185E-17,-1.15695942331177E-16));
#9098=DIRECTION('',(1.15695942331177E-16,1.55479547460602E-17,1.));
#9099=DIRECTION('',(1.,-1.38777878078185E-17,-1.15695942331177E-16));
#9100=DIRECTION('',(1.15695942331177E-16,1.55479547460602E-17,1.));
#9101=DIRECTION('',(1.,-1.38777878078185E-17,-1.15695942331177E-16));
#9102=DIRECTION('',(1.15695942331177E-16,1.55479547460602E-17,1.));
#9103=DIRECTION('',(1.,-1.38777878078185E-17,-1.15695942331177E-16));
#9104=DIRECTION('',(1.15695942331177E-16,1.55479547460602E-17,1.));
#9105=DIRECTION('',(1.,-1.38777878078185E-17,-1.15695942331177E-16));
#9106=DIRECTION('',(1.15695942331177E-16,1.55479547460602E-17,1.));
#9107=DIRECTION('',(1.,-1.38777878078185E-17,-1.15695942331177E-16));
#9108=DIRECTION('',(1.15695942331177E-16,1.55479547460602E-17,1.));
#9109=DIRECTION('',(1.,-1.38777878078185E-17,-1.15695942331177E-16));
#9110=DIRECTION('',(1.15695942331177E-16,1.55479547460602E-17,1.));
#9111=DIRECTION('',(1.,-1.38777878078185E-17,-1.15695942331177E-16));
#9112=DIRECTION('',(1.15695942331177E-16,1.55479547460602E-17,1.));
#9113=DIRECTION('',(1.,-1.38777878078185E-17,-1.15695942331177E-16));
#9114=DIRECTION('',(1.15695942331177E-16,1.55479547460602E-17,1.));
#9115=DIRECTION('',(1.,-1.38777878078185E-17,-1.15695942331177E-16));
#9116=DIRECTION('',(6.76873758355885E-18,1.55479547460602E-17,-1.));
#9117=DIRECTION('',(-1.,-1.38777878078185E-17,-6.76873758355885E-18));
#9118=DIRECTION('',(6.76873758355885E-18,1.55479547460602E-17,-1.));
#9119=DIRECTION('',(-1.,-1.38777878078185E-17,-6.76873758355885E-18));
#9120=DIRECTION('',(6.76873758355885E-18,1.55479547460602E-17,-1.));
#9121=DIRECTION('',(-1.,-1.38777878078185E-17,-6.76873758355885E-18));
#9122=DIRECTION('',(6.76873758355885E-18,1.55479547460602E-17,-1.));
#9123=DIRECTION('',(-1.,-1.38777878078185E-17,-6.76873758355885E-18));
#9124=DIRECTION('',(6.76873758355885E-18,1.55479547460602E-17,-1.));
#9125=DIRECTION('',(-1.,-1.38777878078185E-17,-6.76873758355885E-18));
#9126=DIRECTION('',(6.76873758355885E-18,1.55479547460602E-17,-1.));
#9127=DIRECTION('',(-1.,-1.38777878078185E-17,-6.76873758355885E-18));
#9128=DIRECTION('',(6.76873758355885E-18,1.55479547460602E-17,-1.));
#9129=DIRECTION('',(-1.,-1.38777878078185E-17,-6.76873758355885E-18));
#9130=DIRECTION('',(6.76873758355885E-18,1.55479547460602E-17,-1.));
#9131=DIRECTION('',(-1.,-1.38777878078185E-17,-6.76873758355885E-18));
#9132=DIRECTION('',(6.76873758355885E-18,1.55479547460602E-17,-1.));
#9133=DIRECTION('',(-1.,-1.38777878078185E-17,-6.76873758355885E-18));
#9134=DIRECTION('',(6.76873758355885E-18,1.55479547460602E-17,-1.));
#9135=DIRECTION('',(-1.,-1.38777878078185E-17,-6.76873758355885E-18));
#9136=DIRECTION('',(6.76873758355885E-18,1.55479547460602E-17,-1.));
#9137=DIRECTION('',(-1.,-1.38777878078185E-17,-6.76873758355885E-18));
#9138=DIRECTION('',(6.76873758355885E-18,1.55479547460602E-17,-1.));
#9139=DIRECTION('',(-1.,-1.38777878078185E-17,-6.76873758355885E-18));
#9140=DIRECTION('',(6.76873758355885E-18,1.55479547460602E-17,-1.));
#9141=DIRECTION('',(-1.,-1.38777878078185E-17,-6.76873758355885E-18));
#9142=DIRECTION('',(6.76873758355885E-18,1.55479547460602E-17,-1.));
#9143=DIRECTION('',(-1.,-1.38777878078185E-17,-6.76873758355885E-18));
#9144=DIRECTION('',(6.76873758355885E-18,1.55479547460602E-17,-1.));
#9145=DIRECTION('',(-1.,-1.38777878078185E-17,-6.76873758355885E-18));
#9146=DIRECTION('',(6.76873758355885E-18,1.55479547460602E-17,-1.));
#9147=DIRECTION('',(-1.,-1.38777878078185E-17,-6.76873758355885E-18));
#9148=DIRECTION('',(6.76873758355885E-18,1.55479547460602E-17,-1.));
#9149=DIRECTION('',(-1.,-1.38777878078185E-17,-6.76873758355885E-18));
#9150=DIRECTION('',(6.76873758355885E-18,1.55479547460602E-17,-1.));
#9151=DIRECTION('',(-1.,-1.38777878078185E-17,-6.76873758355885E-18));
#9152=DIRECTION('',(6.76873758355885E-18,1.55479547460602E-17,-1.));
#9153=DIRECTION('',(-1.,-1.38777878078185E-17,-6.76873758355885E-18));
#9154=CARTESIAN_POINT('',(0.,0.,0.));
#9155=CARTESIAN_POINT('',(0.,0.,0.));
#9156=CARTESIAN_POINT('Origin',(-1.66533453693773E-15,1.14,2.77555756156289E-16));
#9157=CARTESIAN_POINT('',(2.01337105762123,1.14,0.610970095735092));
#9158=CARTESIAN_POINT('',(2.01337105762123,1.14,0.662023581098766));
#9159=CARTESIAN_POINT('',(2.01337105762123,1.14,0.331011790549383));
#9160=CARTESIAN_POINT('',(1.92463523782246,1.14,0.610970095735092));
#9161=CARTESIAN_POINT('',(1.00668552881061,1.14,0.610970095735092));
#9162=CARTESIAN_POINT('',(1.92463523782246,1.14,0.160402828081085));
#9163=CARTESIAN_POINT('',(1.92463523782246,1.14,0.305485047867546));
#9164=CARTESIAN_POINT('',(1.87277137967524,1.14,0.160402828081085));
#9165=CARTESIAN_POINT('',(0.96231761891123,1.14,0.160402828081085));
#9166=CARTESIAN_POINT('',(1.76944884977256,1.14,0.230094887466417));
#9167=CARTESIAN_POINT('Ctrl Pts',(1.76944884977256,1.14,0.230094887466417));
#9168=CARTESIAN_POINT('Ctrl Pts',(1.80375463094286,1.14,0.230094887466417));
#9169=CARTESIAN_POINT('Ctrl Pts',(1.82901124936352,1.14,0.225232650765115));
#9170=CARTESIAN_POINT('Ctrl Pts',(1.84521870503452,1.14,0.21550817736251));
#9171=CARTESIAN_POINT('Ctrl Pts',(1.86142616070553,1.14,0.205783703959906));
#9172=CARTESIAN_POINT('Ctrl Pts',(1.87061038558577,1.14,0.18741525419943));
#9173=CARTESIAN_POINT('Ctrl Pts',(1.87277137967524,1.14,0.160402828081085));
#9174=CARTESIAN_POINT('',(1.76944884977256,1.14,0.275880949737013));
#9175=CARTESIAN_POINT('',(1.76944884977256,1.14,0.115047443733209));
#9176=CARTESIAN_POINT('',(1.86021060153021,1.14,0.275880949737013));
#9177=CARTESIAN_POINT('',(0.884724424886281,1.14,0.275880949737013));
#9178=CARTESIAN_POINT('',(1.86021060153021,1.14,0.610970095735092));
#9179=CARTESIAN_POINT('',(1.86021060153021,1.14,0.137940474868507));
#9180=CARTESIAN_POINT('',(1.76944884977256,1.14,0.610970095735092));
#9181=CARTESIAN_POINT('',(0.930105300765102,1.14,0.610970095735092));
#9182=CARTESIAN_POINT('',(1.76944884977256,1.14,0.662023581098766));
#9183=CARTESIAN_POINT('',(1.76944884977256,1.14,0.305485047867546));
#9184=CARTESIAN_POINT('',(0.884724424886281,1.14,0.662023581098766));
#9185=CARTESIAN_POINT('Origin',(1.76944884977256,11.8631928014015,0.230094887466417));
#9186=CARTESIAN_POINT('',(1.76944884977256,1.15,0.275880949737013));
#9187=CARTESIAN_POINT('',(1.76944884977256,1.15,0.230094887466417));
#9188=CARTESIAN_POINT('',(1.76944884977256,1.15,0.115047443733209));
#9189=CARTESIAN_POINT('',(1.76944884977256,11.8631928014015,0.275880949737013));
#9190=CARTESIAN_POINT('',(1.76944884977256,11.8631928014015,0.230094887466417));
#9191=CARTESIAN_POINT('Ctrl Pts',(1.76944884977256,11.8631928014015,0.230094887466417));
#9192=CARTESIAN_POINT('Ctrl Pts',(1.76944884977256,-9.56319280140146,0.230094887466417));
#9193=CARTESIAN_POINT('Ctrl Pts',(1.82090752152801,11.8631928014015,0.230094887466417));
#9194=CARTESIAN_POINT('Ctrl Pts',(1.82090752152801,-9.56319280140146,0.230094887466417));
#9195=CARTESIAN_POINT('Ctrl Pts',(1.86952988854104,11.8631928014015,0.200921467258603));
#9196=CARTESIAN_POINT('Ctrl Pts',(1.86952988854104,-9.56319280140146,0.200921467258603));
#9197=CARTESIAN_POINT('Ctrl Pts',(1.87277137967524,11.8631928014015,0.160402828081085));
#9198=CARTESIAN_POINT('Ctrl Pts',(1.87277137967524,-9.56319280140146,0.160402828081085));
#9199=CARTESIAN_POINT('',(1.87277137967524,1.15,0.160402828081085));
#9200=CARTESIAN_POINT('Ctrl Pts',(1.76944884977256,1.15,0.230094887466417));
#9201=CARTESIAN_POINT('Ctrl Pts',(1.82090752152801,1.15,0.230094887466417));
#9202=CARTESIAN_POINT('Ctrl Pts',(1.86952988854104,1.15,0.200921467258603));
#9203=CARTESIAN_POINT('Ctrl Pts',(1.87277137967524,1.15,0.160402828081085));
#9204=CARTESIAN_POINT('',(1.87277137967524,11.8631928014015,0.160402828081085));
#9205=CARTESIAN_POINT('Origin',(1.92463523782246,11.8631928014015,0.160402828081085));
#9206=CARTESIAN_POINT('',(1.92463523782246,1.15,0.160402828081085));
#9207=CARTESIAN_POINT('',(0.96231761891123,1.15,0.160402828081085));
#9208=CARTESIAN_POINT('',(1.92463523782246,11.8631928014015,0.160402828081085));
#9209=CARTESIAN_POINT('Origin',(1.92463523782246,11.8631928014015,0.610970095735092));
#9210=CARTESIAN_POINT('',(1.92463523782246,1.15,0.610970095735092));
#9211=CARTESIAN_POINT('',(1.92463523782246,1.15,0.305485047867546));
#9212=CARTESIAN_POINT('',(1.92463523782246,11.8631928014015,0.610970095735092));
#9213=CARTESIAN_POINT('Origin',(2.01337105762123,11.8631928014015,0.610970095735092));
#9214=CARTESIAN_POINT('',(2.01337105762123,1.15,0.610970095735092));
#9215=CARTESIAN_POINT('',(1.00668552881061,1.15,0.610970095735092));
#9216=CARTESIAN_POINT('',(2.01337105762123,11.8631928014015,0.610970095735092));
#9217=CARTESIAN_POINT('Origin',(2.01337105762123,11.8631928014015,0.662023581098766));
#9218=CARTESIAN_POINT('',(2.01337105762123,1.15,0.662023581098766));
#9219=CARTESIAN_POINT('',(2.01337105762123,1.15,0.331011790549383));
#9220=CARTESIAN_POINT('',(2.01337105762123,11.8631928014015,0.662023581098766));
#9221=CARTESIAN_POINT('Origin',(1.76944884977256,11.8631928014015,0.275880949737013));
#9222=CARTESIAN_POINT('',(1.86021060153021,1.15,0.275880949737013));
#9223=CARTESIAN_POINT('',(0.884724424886281,1.15,0.275880949737013));
#9224=CARTESIAN_POINT('',(1.86021060153021,11.8631928014015,0.275880949737013));
#9225=CARTESIAN_POINT('Origin',(1.86021060153021,11.8631928014015,0.275880949737013));
#9226=CARTESIAN_POINT('',(1.86021060153021,1.15,0.610970095735092));
#9227=CARTESIAN_POINT('',(1.86021060153021,1.15,0.137940474868507));
#9228=CARTESIAN_POINT('',(1.86021060153021,11.8631928014015,0.610970095735092));
#9229=CARTESIAN_POINT('Origin',(1.86021060153021,11.8631928014015,0.610970095735092));
#9230=CARTESIAN_POINT('',(1.76944884977256,1.15,0.610970095735092));
#9231=CARTESIAN_POINT('',(0.930105300765102,1.15,0.610970095735092));
#9232=CARTESIAN_POINT('',(1.76944884977256,11.8631928014015,0.610970095735092));
#9233=CARTESIAN_POINT('Origin',(1.76944884977256,11.8631928014015,0.610970095735092));
#9234=CARTESIAN_POINT('',(1.76944884977256,1.15,0.662023581098766));
#9235=CARTESIAN_POINT('',(1.76944884977256,1.15,0.305485047867546));
#9236=CARTESIAN_POINT('',(1.76944884977256,11.8631928014015,0.662023581098766));
#9237=CARTESIAN_POINT('Origin',(1.76944884977256,11.8631928014015,0.662023581098766));
#9238=CARTESIAN_POINT('',(0.884724424886281,1.15,0.662023581098766));
#9239=CARTESIAN_POINT('Origin',(-1.66533453693773E-15,1.14,2.77555756156289E-16));
#9240=CARTESIAN_POINT('',(-0.106158938403794,1.14,-0.671748050916456));
#9241=CARTESIAN_POINT('',(0.0551052455227299,1.14,-0.60408192349));
#9242=CARTESIAN_POINT('Ctrl Pts',(-0.106158938403794,1.14,-0.671748050916456));
#9243=CARTESIAN_POINT('Ctrl Pts',(-0.0721232814946787,1.14,-0.671748050916456));
#9244=CARTESIAN_POINT('Ctrl Pts',(-0.0414641778503563,1.14,-0.66580531717042));
#9245=CARTESIAN_POINT('Ctrl Pts',(-0.014181627470827,1.14,-0.653919849678348));
#9246=CARTESIAN_POINT('Ctrl Pts',(0.0131009229087023,1.14,-0.642034382186276));
#9247=CARTESIAN_POINT('Ctrl Pts',(0.0361965472398879,1.14,-0.625421740123493));
#9248=CARTESIAN_POINT('Ctrl Pts',(0.0551052455227299,1.14,-0.60408192349));
#9249=CARTESIAN_POINT('',(-0.267017935938544,1.14,-0.60408192349));
#9250=CARTESIAN_POINT('Origin',(0.103324679233886,1.14,-0.168101243362422));
#9251=CARTESIAN_POINT('',(-0.326985521921271,1.14,-0.411213201005011));
#9252=CARTESIAN_POINT('Ctrl Pts',(-0.326985521921271,1.14,-0.411213201005011));
#9253=CARTESIAN_POINT('Ctrl Pts',(-0.326985521921271,1.14,-0.453082461488447));
#9254=CARTESIAN_POINT('Ctrl Pts',(-0.32178562989349,1.14,-0.489954423139989));
#9255=CARTESIAN_POINT('Ctrl Pts',(-0.311385845837927,1.14,-0.521829085959637));
#9256=CARTESIAN_POINT('Ctrl Pts',(-0.300986061782363,1.14,-0.553703748779285));
#9257=CARTESIAN_POINT('Ctrl Pts',(-0.286196758482569,1.14,-0.581121361289406));
#9258=CARTESIAN_POINT('Ctrl Pts',(-0.267017935938544,1.14,-0.60408192349));
#9259=CARTESIAN_POINT('',(-0.267423122330319,1.14,-0.218749664911797));
#9260=CARTESIAN_POINT('Ctrl Pts',(-0.267423122330319,1.14,-0.218749664911797));
#9261=CARTESIAN_POINT('Ctrl Pts',(-0.286601944874344,1.14,-0.240899854328841));
#9262=CARTESIAN_POINT('Ctrl Pts',(-0.301323717108843,1.14,-0.268249935773666));
#9263=CARTESIAN_POINT('Ctrl Pts',(-0.311588439033814,1.14,-0.300799909246273));
#9264=CARTESIAN_POINT('Ctrl Pts',(-0.321853160958786,1.14,-0.333349882718879));
#9265=CARTESIAN_POINT('Ctrl Pts',(-0.326985521921271,1.14,-0.370154313305125));
#9266=CARTESIAN_POINT('Ctrl Pts',(-0.326985521921271,1.14,-0.411213201005011));
#9267=CARTESIAN_POINT('',(-0.106158938403794,1.14,-0.150678351093566));
#9268=CARTESIAN_POINT('Origin',(0.456018148688416,1.14,-1.24781949497893));
#9269=CARTESIAN_POINT('',(0.0551052455227299,1.14,-0.218749664911797));
#9270=CARTESIAN_POINT('Ctrl Pts',(0.0551052455227299,1.14,-0.218749664911797));
#9271=CARTESIAN_POINT('Ctrl Pts',(0.0345758016727872,1.14,-0.19551897845002));
#9272=CARTESIAN_POINT('Ctrl Pts',(0.010737335623347,1.14,-0.17836608786487));
#9273=CARTESIAN_POINT('Ctrl Pts',(-0.0164101526255905,1.14,-0.167290993156348));
#9274=CARTESIAN_POINT('Ctrl Pts',(-0.0435576408745281,1.14,-0.156215898447827));
#9275=CARTESIAN_POINT('Ctrl Pts',(-0.073473902800596,1.14,-0.150678351093566));
#9276=CARTESIAN_POINT('Ctrl Pts',(-0.106158938403794,1.14,-0.150678351093566));
#9277=CARTESIAN_POINT('',(0.115072831505458,1.14,-0.411213201005011));
#9278=CARTESIAN_POINT('Ctrl Pts',(0.115072831505458,1.14,-0.411213201005011));
#9279=CARTESIAN_POINT('Ctrl Pts',(0.115072831505458,1.14,-0.370694561827492));
#9280=CARTESIAN_POINT('Ctrl Pts',(0.109940470542972,1.14,-0.334025193371838));
#9281=CARTESIAN_POINT('Ctrl Pts',(0.0996757486180005,1.14,-0.301205095638048));
#9282=CARTESIAN_POINT('Ctrl Pts',(0.0894110266930291,1.14,-0.268384997904258));
#9283=CARTESIAN_POINT('Ctrl Pts',(0.0745541923279389,1.14,-0.240899854328841));
#9284=CARTESIAN_POINT('Ctrl Pts',(0.0551052455227299,1.14,-0.218749664911797));
#9285=CARTESIAN_POINT('Ctrl Pts',(0.0551052455227299,1.14,-0.60408192349));
#9286=CARTESIAN_POINT('Ctrl Pts',(0.074013943805572,1.14,-0.581931734072956));
#9287=CARTESIAN_POINT('Ctrl Pts',(0.0887357160400704,1.14,-0.554649183693427));
#9288=CARTESIAN_POINT('Ctrl Pts',(0.0992705622262253,1.14,-0.522234272351412));
#9289=CARTESIAN_POINT('Ctrl Pts',(0.10980540841238,1.14,-0.489819361009397));
#9290=CARTESIAN_POINT('Ctrl Pts',(0.115072831505458,1.14,-0.452812337227263));
#9291=CARTESIAN_POINT('Ctrl Pts',(0.115072831505458,1.14,-0.411213201005011));
#9292=CARTESIAN_POINT('',(0.00486213294260677,1.14,-0.562347725137156));
#9293=CARTESIAN_POINT('',(-0.105753752012019,1.14,-0.61421158328438));
#9294=CARTESIAN_POINT('Ctrl Pts',(0.00486213294260678,1.14,-0.562347725137156));
#9295=CARTESIAN_POINT('Ctrl Pts',(-0.00837395585538268,1.14,-0.579635677852897));
#9296=CARTESIAN_POINT('Ctrl Pts',(-0.0243112872652067,1.14,-0.592601642389703));
#9297=CARTESIAN_POINT('Ctrl Pts',(-0.0429498612868653,1.14,-0.601245618747574));
#9298=CARTESIAN_POINT('Ctrl Pts',(-0.0615884353085239,1.14,-0.609889595105444));
#9299=CARTESIAN_POINT('Ctrl Pts',(-0.0825230655502419,1.14,-0.61421158328438));
#9300=CARTESIAN_POINT('Ctrl Pts',(-0.105753752012019,1.14,-0.61421158328438));
#9301=CARTESIAN_POINT('',(0.0457859585119006,1.14,-0.411213201005011));
#9302=CARTESIAN_POINT('Ctrl Pts',(0.0457859585119006,1.14,-0.411213201005011));
#9303=CARTESIAN_POINT('Ctrl Pts',(0.0457859585119006,1.14,-0.444168360869393));
#9304=CARTESIAN_POINT('Ctrl Pts',(0.0422068120512198,1.14,-0.473409312142502));
#9305=CARTESIAN_POINT('Ctrl Pts',(0.0350485191298582,1.14,-0.498936054824339));
#9306=CARTESIAN_POINT('Ctrl Pts',(0.0278902262084966,1.14,-0.524462797506176));
#9307=CARTESIAN_POINT('Ctrl Pts',(0.0178280974794128,1.14,-0.545600020943781));
#9308=CARTESIAN_POINT('Ctrl Pts',(0.00486213294260678,1.14,-0.562347725137156));
#9309=CARTESIAN_POINT('',(-0.105753752012019,1.14,-0.208214818725642));
#9310=CARTESIAN_POINT('Ctrl Pts',(-0.105753752012019,1.14,-0.208214818725642));
#9311=CARTESIAN_POINT('Ctrl Pts',(-0.059562503349648,1.14,-0.208214818725642));
#9312=CARTESIAN_POINT('Ctrl Pts',(-0.0227580727634018,1.14,-0.225637833571975));
#9313=CARTESIAN_POINT('Ctrl Pts',(0.00465953974671914,1.14,-0.260483863264641));
#9314=CARTESIAN_POINT('Ctrl Pts',(0.0320771522568401,1.14,-0.295329892957307));
#9315=CARTESIAN_POINT('Ctrl Pts',(0.0457859585119006,1.14,-0.345573005537431));
#9316=CARTESIAN_POINT('Ctrl Pts',(0.0457859585119006,1.14,-0.411213201005011));
#9317=CARTESIAN_POINT('',(-0.257698648927714,1.14,-0.411213201005011));
#9318=CARTESIAN_POINT('Ctrl Pts',(-0.257698648927714,1.14,-0.411213201005011));
#9319=CARTESIAN_POINT('Ctrl Pts',(-0.257698648927714,1.14,-0.345573005537431));
#9320=CARTESIAN_POINT('Ctrl Pts',(-0.243922311607358,1.14,-0.295329892957307));
#9321=CARTESIAN_POINT('Ctrl Pts',(-0.216369636966645,1.14,-0.260483863264641));
#9322=CARTESIAN_POINT('Ctrl Pts',(-0.188816962325933,1.14,-0.225637833571975));
#9323=CARTESIAN_POINT('Ctrl Pts',(-0.151945000674391,1.14,-0.208214818725642));
#9324=CARTESIAN_POINT('Ctrl Pts',(-0.105753752012019,1.14,-0.208214818725642));
#9325=CARTESIAN_POINT('',(-0.21677482335842,1.14,-0.562347725137156));
#9326=CARTESIAN_POINT('Ctrl Pts',(-0.21677482335842,1.14,-0.562347725137156));
#9327=CARTESIAN_POINT('Ctrl Pts',(-0.23001091215641,1.14,-0.545329896682598));
#9328=CARTESIAN_POINT('Ctrl Pts',(-0.24014057195079,1.14,-0.523990080049105));
#9329=CARTESIAN_POINT('Ctrl Pts',(-0.247163802741559,1.14,-0.498328275236676));
#9330=CARTESIAN_POINT('Ctrl Pts',(-0.254187033532329,1.14,-0.472666470424248));
#9331=CARTESIAN_POINT('Ctrl Pts',(-0.257698648927714,1.14,-0.443628112347026));
#9332=CARTESIAN_POINT('Ctrl Pts',(-0.257698648927714,1.14,-0.411213201005011));
#9333=CARTESIAN_POINT('Ctrl Pts',(-0.105753752012019,1.14,-0.61421158328438));
#9334=CARTESIAN_POINT('Ctrl Pts',(-0.129794811257347,1.14,-0.61421158328438));
#9335=CARTESIAN_POINT('Ctrl Pts',(-0.150864503629657,1.14,-0.610024657236036));
#9336=CARTESIAN_POINT('Ctrl Pts',(-0.168962829128948,1.14,-0.601650805139349));
#9337=CARTESIAN_POINT('Ctrl Pts',(-0.18706115462824,1.14,-0.593276953042662));
#9338=CARTESIAN_POINT('Ctrl Pts',(-0.202998486038064,1.14,-0.580175926375264));
#9339=CARTESIAN_POINT('Ctrl Pts',(-0.21677482335842,1.14,-0.562347725137156));
#9340=CARTESIAN_POINT('Ctrl Pts',(0.0457859585119006,11.8631928014015,-0.411213201005011));
#9341=CARTESIAN_POINT('Ctrl Pts',(0.0457859585119006,-9.56319280140146,
-0.411213201005011));
#9342=CARTESIAN_POINT('Ctrl Pts',(0.0457859585119006,11.8631928014015,-0.312752907803641));
#9343=CARTESIAN_POINT('Ctrl Pts',(0.0457859585119006,-9.56319280140146,
-0.312752907803641));
#9344=CARTESIAN_POINT('Ctrl Pts',(-0.0364668790184623,11.8631928014015,
-0.208214818725642));
#9345=CARTESIAN_POINT('Ctrl Pts',(-0.0364668790184623,-9.56319280140146,
-0.208214818725642));
#9346=CARTESIAN_POINT('Ctrl Pts',(-0.105753752012019,11.8631928014015,-0.208214818725642));
#9347=CARTESIAN_POINT('Ctrl Pts',(-0.105753752012019,-9.56319280140146,
-0.208214818725642));
#9348=CARTESIAN_POINT('',(-0.105753752012019,1.15,-0.208214818725642));
#9349=CARTESIAN_POINT('',(0.0457859585119006,1.15,-0.411213201005011));
#9350=CARTESIAN_POINT('Ctrl Pts',(-0.105753752012019,1.15,-0.208214818725642));
#9351=CARTESIAN_POINT('Ctrl Pts',(-0.0364668790184623,1.15,-0.208214818725642));
#9352=CARTESIAN_POINT('Ctrl Pts',(0.0457859585119006,1.15,-0.312752907803641));
#9353=CARTESIAN_POINT('Ctrl Pts',(0.0457859585119006,1.15,-0.411213201005011));
#9354=CARTESIAN_POINT('',(-0.105753752012019,11.8631928014015,-0.208214818725642));
#9355=CARTESIAN_POINT('',(0.0457859585119006,11.8631928014015,-0.411213201005011));
#9356=CARTESIAN_POINT('Ctrl Pts',(0.00486213294260678,11.8631928014015,
-0.562347725137156));
#9357=CARTESIAN_POINT('Ctrl Pts',(0.00486213294260678,-9.56319280140146,
-0.562347725137156));
#9358=CARTESIAN_POINT('Ctrl Pts',(0.0243110797478158,11.8631928014015,-0.537226168847094));
#9359=CARTESIAN_POINT('Ctrl Pts',(0.0243110797478158,-9.56319280140146,
-0.537226168847094));
#9360=CARTESIAN_POINT('Ctrl Pts',(0.0457859585119006,11.8631928014015,-0.460645940801584));
#9361=CARTESIAN_POINT('Ctrl Pts',(0.0457859585119006,-9.56319280140146,
-0.460645940801584));
#9362=CARTESIAN_POINT('Ctrl Pts',(0.0457859585119006,11.8631928014015,-0.411213201005011));
#9363=CARTESIAN_POINT('Ctrl Pts',(0.0457859585119006,-9.56319280140146,
-0.411213201005011));
#9364=CARTESIAN_POINT('',(0.00486213294260677,1.15,-0.562347725137156));
#9365=CARTESIAN_POINT('Ctrl Pts',(0.0457859585119006,1.15,-0.411213201005011));
#9366=CARTESIAN_POINT('Ctrl Pts',(0.0457859585119006,1.15,-0.460645940801584));
#9367=CARTESIAN_POINT('Ctrl Pts',(0.0243110797478158,1.15,-0.537226168847094));
#9368=CARTESIAN_POINT('Ctrl Pts',(0.00486213294260678,1.15,-0.562347725137156));
#9369=CARTESIAN_POINT('',(0.00486213294260677,11.8631928014015,-0.562347725137156));
#9370=CARTESIAN_POINT('Ctrl Pts',(-0.105753752012019,11.8631928014015,-0.61421158328438));
#9371=CARTESIAN_POINT('Ctrl Pts',(-0.105753752012019,-9.56319280140146,
-0.61421158328438));
#9372=CARTESIAN_POINT('Ctrl Pts',(-0.0709077223193532,11.8631928014015,
-0.61421158328438));
#9373=CARTESIAN_POINT('Ctrl Pts',(-0.0709077223193532,-9.56319280140146,
-0.61421158328438));
#9374=CARTESIAN_POINT('Ctrl Pts',(-0.0149920002543774,11.8631928014015,
-0.588279654210768));
#9375=CARTESIAN_POINT('Ctrl Pts',(-0.0149920002543774,-9.56319280140146,
-0.588279654210768));
#9376=CARTESIAN_POINT('Ctrl Pts',(0.00486213294260678,11.8631928014015,
-0.562347725137156));
#9377=CARTESIAN_POINT('Ctrl Pts',(0.00486213294260678,-9.56319280140146,
-0.562347725137156));
#9378=CARTESIAN_POINT('',(-0.105753752012019,1.15,-0.61421158328438));
#9379=CARTESIAN_POINT('Ctrl Pts',(0.00486213294260678,1.15,-0.562347725137156));
#9380=CARTESIAN_POINT('Ctrl Pts',(-0.0149920002543774,1.15,-0.588279654210768));
#9381=CARTESIAN_POINT('Ctrl Pts',(-0.0709077223193532,1.15,-0.61421158328438));
#9382=CARTESIAN_POINT('Ctrl Pts',(-0.105753752012019,1.15,-0.61421158328438));
#9383=CARTESIAN_POINT('',(-0.105753752012019,11.8631928014015,-0.61421158328438));
#9384=CARTESIAN_POINT('Ctrl Pts',(-0.267423122330319,11.8631928014015,-0.218749664911797));
#9385=CARTESIAN_POINT('Ctrl Pts',(-0.267423122330319,-9.56319280140146,
-0.218749664911797));
#9386=CARTESIAN_POINT('Ctrl Pts',(-0.296191356146357,11.8631928014015,-0.251974949037363));
#9387=CARTESIAN_POINT('Ctrl Pts',(-0.296191356146357,-9.56319280140146,
-0.251974949037363));
#9388=CARTESIAN_POINT('Ctrl Pts',(-0.326985521921271,11.8631928014015,-0.349624869455183));
#9389=CARTESIAN_POINT('Ctrl Pts',(-0.326985521921271,-9.56319280140146,
-0.349624869455183));
#9390=CARTESIAN_POINT('Ctrl Pts',(-0.326985521921271,11.8631928014015,-0.411213201005011));
#9391=CARTESIAN_POINT('Ctrl Pts',(-0.326985521921271,-9.56319280140146,
-0.411213201005011));
#9392=CARTESIAN_POINT('',(-0.267423122330319,1.15,-0.218749664911797));
#9393=CARTESIAN_POINT('',(-0.326985521921271,1.15,-0.411213201005011));
#9394=CARTESIAN_POINT('Ctrl Pts',(-0.267423122330319,1.15,-0.218749664911797));
#9395=CARTESIAN_POINT('Ctrl Pts',(-0.296191356146357,1.15,-0.251974949037363));
#9396=CARTESIAN_POINT('Ctrl Pts',(-0.326985521921271,1.15,-0.349624869455183));
#9397=CARTESIAN_POINT('Ctrl Pts',(-0.326985521921271,1.15,-0.411213201005011));
#9398=CARTESIAN_POINT('',(-0.267423122330319,11.8631928014015,-0.218749664911797));
#9399=CARTESIAN_POINT('',(-0.326985521921271,11.8631928014015,-0.411213201005011));
#9400=CARTESIAN_POINT('Ctrl Pts',(-0.326985521921271,11.8631928014015,-0.411213201005011));
#9401=CARTESIAN_POINT('Ctrl Pts',(-0.326985521921271,-9.56319280140146,
-0.411213201005011));
#9402=CARTESIAN_POINT('Ctrl Pts',(-0.326985521921271,11.8631928014015,-0.474017091730165));
#9403=CARTESIAN_POINT('Ctrl Pts',(-0.326985521921271,-9.56319280140146,
-0.474017091730165));
#9404=CARTESIAN_POINT('Ctrl Pts',(-0.295786169754582,11.8631928014015,-0.569641080189109));
#9405=CARTESIAN_POINT('Ctrl Pts',(-0.295786169754582,-9.56319280140146,
-0.569641080189109));
#9406=CARTESIAN_POINT('Ctrl Pts',(-0.267017935938544,11.8631928014015,-0.60408192349));
#9407=CARTESIAN_POINT('Ctrl Pts',(-0.267017935938544,-9.56319280140146,
-0.60408192349));
#9408=CARTESIAN_POINT('',(-0.267017935938544,1.15,-0.60408192349));
#9409=CARTESIAN_POINT('Ctrl Pts',(-0.326985521921271,1.15,-0.411213201005011));
#9410=CARTESIAN_POINT('Ctrl Pts',(-0.326985521921271,1.15,-0.474017091730165));
#9411=CARTESIAN_POINT('Ctrl Pts',(-0.295786169754582,1.15,-0.569641080189109));
#9412=CARTESIAN_POINT('Ctrl Pts',(-0.267017935938544,1.15,-0.60408192349));
#9413=CARTESIAN_POINT('',(-0.267017935938544,11.8631928014015,-0.60408192349));
#9414=CARTESIAN_POINT('Ctrl Pts',(-0.267017935938544,11.8631928014015,-0.60408192349));
#9415=CARTESIAN_POINT('Ctrl Pts',(-0.267017935938544,-9.56319280140146,
-0.60408192349));
#9416=CARTESIAN_POINT('Ctrl Pts',(-0.23784451573073,11.8631928014015,-0.637307207615565));
#9417=CARTESIAN_POINT('Ctrl Pts',(-0.23784451573073,-9.56319280140146,-0.637307207615565));
#9418=CARTESIAN_POINT('Ctrl Pts',(-0.156402050983918,11.8631928014015,-0.671748050916456));
#9419=CARTESIAN_POINT('Ctrl Pts',(-0.156402050983918,-9.56319280140146,
-0.671748050916456));
#9420=CARTESIAN_POINT('Ctrl Pts',(-0.106158938403794,11.8631928014015,-0.671748050916456));
#9421=CARTESIAN_POINT('Ctrl Pts',(-0.106158938403794,-9.56319280140146,
-0.671748050916456));
#9422=CARTESIAN_POINT('',(-0.106158938403794,1.15,-0.671748050916456));
#9423=CARTESIAN_POINT('Origin',(0.0894224415456949,1.15,-0.190253109561852));
#9424=CARTESIAN_POINT('',(-0.106158938403794,11.8631928014015,-0.671748050916456));
#9425=CARTESIAN_POINT('Ctrl Pts',(-0.106158938403794,11.8631928014015,-0.671748050916456));
#9426=CARTESIAN_POINT('Ctrl Pts',(-0.106158938403794,-9.56319280140146,
-0.671748050916456));
#9427=CARTESIAN_POINT('Ctrl Pts',(-0.0551054530401209,11.8631928014015,
-0.671748050916456));
#9428=CARTESIAN_POINT('Ctrl Pts',(-0.0551054530401209,-9.56319280140146,
-0.671748050916456));
#9429=CARTESIAN_POINT('Ctrl Pts',(0.0267421980984669,11.8631928014015,-0.63609164844024));
#9430=CARTESIAN_POINT('Ctrl Pts',(0.0267421980984669,-9.56319280140146,
-0.63609164844024));
#9431=CARTESIAN_POINT('Ctrl Pts',(0.0551052455227299,11.8631928014015,-0.60408192349));
#9432=CARTESIAN_POINT('Ctrl Pts',(0.0551052455227299,-9.56319280140146,
-0.60408192349));
#9433=CARTESIAN_POINT('',(0.0551052455227299,1.15,-0.60408192349));
#9434=CARTESIAN_POINT('Ctrl Pts',(-0.106158938403794,1.15,-0.671748050916456));
#9435=CARTESIAN_POINT('Ctrl Pts',(-0.0551054530401209,1.15,-0.671748050916456));
#9436=CARTESIAN_POINT('Ctrl Pts',(0.0267421980984669,1.15,-0.63609164844024));
#9437=CARTESIAN_POINT('Ctrl Pts',(0.0551052455227299,1.15,-0.60408192349));
#9438=CARTESIAN_POINT('',(0.0551052455227299,11.8631928014015,-0.60408192349));
#9439=CARTESIAN_POINT('Ctrl Pts',(-0.21677482335842,11.8631928014015,-0.562347725137156));
#9440=CARTESIAN_POINT('Ctrl Pts',(-0.21677482335842,-9.56319280140146,-0.562347725137156));
#9441=CARTESIAN_POINT('Ctrl Pts',(-0.196110317377886,11.8631928014015,-0.589090026994318));
#9442=CARTESIAN_POINT('Ctrl Pts',(-0.196110317377886,-9.56319280140146,
-0.589090026994318));
#9443=CARTESIAN_POINT('Ctrl Pts',(-0.141815340880011,11.8631928014015,-0.61421158328438));
#9444=CARTESIAN_POINT('Ctrl Pts',(-0.141815340880011,-9.56319280140146,
-0.61421158328438));
#9445=CARTESIAN_POINT('Ctrl Pts',(-0.105753752012019,11.8631928014015,-0.61421158328438));
#9446=CARTESIAN_POINT('Ctrl Pts',(-0.105753752012019,-9.56319280140146,
-0.61421158328438));
#9447=CARTESIAN_POINT('',(-0.21677482335842,1.15,-0.562347725137156));
#9448=CARTESIAN_POINT('Ctrl Pts',(-0.105753752012019,1.15,-0.61421158328438));
#9449=CARTESIAN_POINT('Ctrl Pts',(-0.141815340880011,1.15,-0.61421158328438));
#9450=CARTESIAN_POINT('Ctrl Pts',(-0.196110317377886,1.15,-0.589090026994318));
#9451=CARTESIAN_POINT('Ctrl Pts',(-0.21677482335842,1.15,-0.562347725137156));
#9452=CARTESIAN_POINT('',(-0.21677482335842,11.8631928014015,-0.562347725137156));
#9453=CARTESIAN_POINT('Ctrl Pts',(-0.257698648927714,11.8631928014015,-0.411213201005011));
#9454=CARTESIAN_POINT('Ctrl Pts',(-0.257698648927714,-9.56319280140146,
-0.411213201005011));
#9455=CARTESIAN_POINT('Ctrl Pts',(-0.257698648927714,11.8631928014015,-0.459835568018033));
#9456=CARTESIAN_POINT('Ctrl Pts',(-0.257698648927714,-9.56319280140146,
-0.459835568018033));
#9457=CARTESIAN_POINT('Ctrl Pts',(-0.236628956555405,11.8631928014015,-0.536820982455319));
#9458=CARTESIAN_POINT('Ctrl Pts',(-0.236628956555405,-9.56319280140146,
-0.536820982455319));
#9459=CARTESIAN_POINT('Ctrl Pts',(-0.21677482335842,11.8631928014015,-0.562347725137156));
#9460=CARTESIAN_POINT('Ctrl Pts',(-0.21677482335842,-9.56319280140146,-0.562347725137156));
#9461=CARTESIAN_POINT('',(-0.257698648927714,1.15,-0.411213201005011));
#9462=CARTESIAN_POINT('Origin',(-0.0660784415291012,1.15,-0.297387804261207));
#9463=CARTESIAN_POINT('',(-0.257698648927714,11.8631928014015,-0.411213201005011));
#9464=CARTESIAN_POINT('Ctrl Pts',(-0.105753752012019,11.8631928014015,-0.208214818725642));
#9465=CARTESIAN_POINT('Ctrl Pts',(-0.105753752012019,-9.56319280140146,
-0.208214818725642));
#9466=CARTESIAN_POINT('Ctrl Pts',(-0.175040625005576,11.8631928014015,-0.208214818725642));
#9467=CARTESIAN_POINT('Ctrl Pts',(-0.175040625005576,-9.56319280140146,
-0.208214818725642));
#9468=CARTESIAN_POINT('Ctrl Pts',(-0.257698648927714,11.8631928014015,-0.312752907803641));
#9469=CARTESIAN_POINT('Ctrl Pts',(-0.257698648927714,-9.56319280140146,
-0.312752907803641));
#9470=CARTESIAN_POINT('Ctrl Pts',(-0.257698648927714,11.8631928014015,-0.411213201005011));
#9471=CARTESIAN_POINT('Ctrl Pts',(-0.257698648927714,-9.56319280140146,
-0.411213201005011));
#9472=CARTESIAN_POINT('Ctrl Pts',(-0.257698648927714,1.15,-0.411213201005011));
#9473=CARTESIAN_POINT('Ctrl Pts',(-0.257698648927714,1.15,-0.312752907803641));
#9474=CARTESIAN_POINT('Ctrl Pts',(-0.175040625005576,1.15,-0.208214818725642));
#9475=CARTESIAN_POINT('Ctrl Pts',(-0.105753752012019,1.15,-0.208214818725642));
#9476=CARTESIAN_POINT('Ctrl Pts',(-0.106158938403794,11.8631928014015,-0.150678351093566));
#9477=CARTESIAN_POINT('Ctrl Pts',(-0.106158938403794,-9.56319280140146,
-0.150678351093566));
#9478=CARTESIAN_POINT('Ctrl Pts',(-0.156807237375693,11.8631928014015,-0.150678351093566));
#9479=CARTESIAN_POINT('Ctrl Pts',(-0.156807237375693,-9.56319280140146,
-0.150678351093566));
#9480=CARTESIAN_POINT('Ctrl Pts',(-0.23784451573073,11.8631928014015,-0.185119194394457));
#9481=CARTESIAN_POINT('Ctrl Pts',(-0.23784451573073,-9.56319280140146,-0.185119194394457));
#9482=CARTESIAN_POINT('Ctrl Pts',(-0.267423122330319,11.8631928014015,-0.218749664911797));
#9483=CARTESIAN_POINT('Ctrl Pts',(-0.267423122330319,-9.56319280140146,
-0.218749664911797));
#9484=CARTESIAN_POINT('',(-0.106158938403794,1.15,-0.150678351093566));
#9485=CARTESIAN_POINT('Ctrl Pts',(-0.106158938403794,1.15,-0.150678351093566));
#9486=CARTESIAN_POINT('Ctrl Pts',(-0.156807237375693,1.15,-0.150678351093566));
#9487=CARTESIAN_POINT('Ctrl Pts',(-0.23784451573073,1.15,-0.185119194394457));
#9488=CARTESIAN_POINT('Ctrl Pts',(-0.267423122330319,1.15,-0.218749664911797));
#9489=CARTESIAN_POINT('',(-0.106158938403794,11.8631928014015,-0.150678351093566));
#9490=CARTESIAN_POINT('Ctrl Pts',(0.0551052455227299,11.8631928014015,-0.218749664911797));
#9491=CARTESIAN_POINT('Ctrl Pts',(0.0551052455227299,-9.56319280140146,
-0.218749664911797));
#9492=CARTESIAN_POINT('Ctrl Pts',(0.0243110797478158,11.8631928014015,-0.183903635219131));
#9493=CARTESIAN_POINT('Ctrl Pts',(0.0243110797478158,-9.56319280140146,
-0.183903635219131));
#9494=CARTESIAN_POINT('Ctrl Pts',(-0.0571313849989968,11.8631928014015,
-0.150678351093566));
#9495=CARTESIAN_POINT('Ctrl Pts',(-0.0571313849989968,-9.56319280140146,
-0.150678351093566));
#9496=CARTESIAN_POINT('Ctrl Pts',(-0.106158938403794,11.8631928014015,-0.150678351093566));
#9497=CARTESIAN_POINT('Ctrl Pts',(-0.106158938403794,-9.56319280140146,
-0.150678351093566));
#9498=CARTESIAN_POINT('',(0.0551052455227299,1.15,-0.218749664911797));
#9499=CARTESIAN_POINT('Ctrl Pts',(0.0551052455227299,1.15,-0.218749664911797));
#9500=CARTESIAN_POINT('Ctrl Pts',(0.0243110797478158,1.15,-0.183903635219131));
#9501=CARTESIAN_POINT('Ctrl Pts',(-0.0571313849989968,1.15,-0.150678351093566));
#9502=CARTESIAN_POINT('Ctrl Pts',(-0.106158938403794,1.15,-0.150678351093566));
#9503=CARTESIAN_POINT('',(0.0551052455227299,11.8631928014015,-0.218749664911797));
#9504=CARTESIAN_POINT('Ctrl Pts',(0.115072831505458,11.8631928014015,-0.411213201005011));
#9505=CARTESIAN_POINT('Ctrl Pts',(0.115072831505458,-9.56319280140146,-0.411213201005011));
#9506=CARTESIAN_POINT('Ctrl Pts',(0.115072831505458,11.8631928014015,-0.350435242238733));
#9507=CARTESIAN_POINT('Ctrl Pts',(0.115072831505458,-9.56319280140146,-0.350435242238733));
#9508=CARTESIAN_POINT('Ctrl Pts',(0.0842786657305434,11.8631928014015,-0.251974949037363));
#9509=CARTESIAN_POINT('Ctrl Pts',(0.0842786657305434,-9.56319280140146,
-0.251974949037363));
#9510=CARTESIAN_POINT('Ctrl Pts',(0.0551052455227299,11.8631928014015,-0.218749664911797));
#9511=CARTESIAN_POINT('Ctrl Pts',(0.0551052455227299,-9.56319280140146,
-0.218749664911797));
#9512=CARTESIAN_POINT('',(0.115072831505458,1.15,-0.411213201005011));
#9513=CARTESIAN_POINT('Ctrl Pts',(0.115072831505458,1.15,-0.411213201005011));
#9514=CARTESIAN_POINT('Ctrl Pts',(0.115072831505458,1.15,-0.350435242238733));
#9515=CARTESIAN_POINT('Ctrl Pts',(0.0842786657305434,1.15,-0.251974949037363));
#9516=CARTESIAN_POINT('Ctrl Pts',(0.0551052455227299,1.15,-0.218749664911797));
#9517=CARTESIAN_POINT('',(0.115072831505458,11.8631928014015,-0.411213201005011));
#9518=CARTESIAN_POINT('Ctrl Pts',(0.0551052455227299,11.8631928014015,-0.60408192349));
#9519=CARTESIAN_POINT('Ctrl Pts',(0.0551052455227299,-9.56319280140146,
-0.60408192349));
#9520=CARTESIAN_POINT('Ctrl Pts',(0.083468292946993,11.8631928014015,-0.570856639364435));
#9521=CARTESIAN_POINT('Ctrl Pts',(0.083468292946993,-9.56319280140146,-0.570856639364435));
#9522=CARTESIAN_POINT('Ctrl Pts',(0.115072831505458,11.8631928014015,-0.47361190533839));
#9523=CARTESIAN_POINT('Ctrl Pts',(0.115072831505458,-9.56319280140146,-0.47361190533839));
#9524=CARTESIAN_POINT('Ctrl Pts',(0.115072831505458,11.8631928014015,-0.411213201005011));
#9525=CARTESIAN_POINT('Ctrl Pts',(0.115072831505458,-9.56319280140146,-0.411213201005011));
#9526=CARTESIAN_POINT('Ctrl Pts',(0.0551052455227299,1.15,-0.60408192349));
#9527=CARTESIAN_POINT('Ctrl Pts',(0.083468292946993,1.15,-0.570856639364435));
#9528=CARTESIAN_POINT('Ctrl Pts',(0.115072831505458,1.15,-0.47361190533839));
#9529=CARTESIAN_POINT('Ctrl Pts',(0.115072831505458,1.15,-0.411213201005011));
#9530=CARTESIAN_POINT('Ctrl Pts',(0.504051767609637,11.8631928014015,-0.510483866989932));
#9531=CARTESIAN_POINT('Ctrl Pts',(0.504051767609637,-9.56319280140146,-0.510483866989932));
#9532=CARTESIAN_POINT('Ctrl Pts',(0.504051767609637,11.8631928014015,-0.478068955647917));
#9533=CARTESIAN_POINT('Ctrl Pts',(0.504051767609637,-9.56319280140146,-0.478068955647917));
#9534=CARTESIAN_POINT('Ctrl Pts',(0.480956143278451,11.8631928014015,-0.41972211523229));
#9535=CARTESIAN_POINT('Ctrl Pts',(0.480956143278451,-9.56319280140146,-0.41972211523229));
#9536=CARTESIAN_POINT('Ctrl Pts',(0.460291637297917,11.8631928014015,-0.39946279564353));
#9537=CARTESIAN_POINT('Ctrl Pts',(0.460291637297917,-9.56319280140146,-0.39946279564353));
#9538=CARTESIAN_POINT('',(0.504051767609637,1.15,-0.510483866989932));
#9539=CARTESIAN_POINT('',(0.460291637297917,1.15,-0.39946279564353));
#9540=CARTESIAN_POINT('Ctrl Pts',(0.504051767609637,1.15,-0.510483866989932));
#9541=CARTESIAN_POINT('Ctrl Pts',(0.504051767609637,1.15,-0.478068955647917));
#9542=CARTESIAN_POINT('Ctrl Pts',(0.480956143278451,1.15,-0.41972211523229));
#9543=CARTESIAN_POINT('Ctrl Pts',(0.460291637297917,1.15,-0.39946279564353));
#9544=CARTESIAN_POINT('',(0.504051767609637,1.14,-0.510483866989932));
#9545=CARTESIAN_POINT('',(0.504051767609637,11.8631928014015,-0.510483866989932));
#9546=CARTESIAN_POINT('',(0.460291637297917,1.14,-0.39946279564353));
#9547=CARTESIAN_POINT('Ctrl Pts',(0.504051767609637,1.14,-0.510483866989932));
#9548=CARTESIAN_POINT('Ctrl Pts',(0.504051767609637,1.14,-0.488873926095255));
#9549=CARTESIAN_POINT('Ctrl Pts',(0.500202496887773,1.14,-0.468344482245312));
#9550=CARTESIAN_POINT('Ctrl Pts',(0.492503955444044,1.14,-0.448895535440103));
#9551=CARTESIAN_POINT('Ctrl Pts',(0.484805414000316,1.14,-0.429446588634894));
#9552=CARTESIAN_POINT('Ctrl Pts',(0.474067974618273,1.14,-0.412969008702703));
#9553=CARTESIAN_POINT('Ctrl Pts',(0.460291637297917,1.14,-0.39946279564353));
#9554=CARTESIAN_POINT('',(0.460291637297917,11.8631928014015,-0.39946279564353));
#9555=CARTESIAN_POINT('Ctrl Pts',(0.460291637297917,11.8631928014015,-0.39946279564353));
#9556=CARTESIAN_POINT('Ctrl Pts',(0.460291637297917,-9.56319280140146,-0.39946279564353));
#9557=CARTESIAN_POINT('Ctrl Pts',(0.434359708224305,11.8631928014015,-0.373936052961694));
#9558=CARTESIAN_POINT('Ctrl Pts',(0.434359708224305,-9.56319280140146,-0.373936052961694));
#9559=CARTESIAN_POINT('Ctrl Pts',(0.364262462447198,11.8631928014015,-0.347598937496307));
#9560=CARTESIAN_POINT('Ctrl Pts',(0.364262462447198,-9.56319280140146,-0.347598937496307));
#9561=CARTESIAN_POINT('Ctrl Pts',(0.310777858732873,11.8631928014015,-0.347598937496307));
#9562=CARTESIAN_POINT('Ctrl Pts',(0.310777858732873,-9.56319280140146,-0.347598937496307));
#9563=CARTESIAN_POINT('',(0.310777858732873,1.15,-0.347598937496307));
#9564=CARTESIAN_POINT('Ctrl Pts',(0.460291637297917,1.15,-0.39946279564353));
#9565=CARTESIAN_POINT('Ctrl Pts',(0.434359708224305,1.15,-0.373936052961694));
#9566=CARTESIAN_POINT('Ctrl Pts',(0.364262462447198,1.15,-0.347598937496307));
#9567=CARTESIAN_POINT('Ctrl Pts',(0.310777858732873,1.15,-0.347598937496307));
#9568=CARTESIAN_POINT('',(0.310777858732873,1.14,-0.347598937496307));
#9569=CARTESIAN_POINT('Ctrl Pts',(0.460291637297917,1.14,-0.39946279564353));
#9570=CARTESIAN_POINT('Ctrl Pts',(0.443003684582176,1.14,-0.382444967188973));
#9571=CARTESIAN_POINT('Ctrl Pts',(0.42267683392812,1.14,-0.369546533717463));
#9572=CARTESIAN_POINT('Ctrl Pts',(0.399311085335751,1.14,-0.360767495229));
#9573=CARTESIAN_POINT('Ctrl Pts',(0.375945336743382,1.14,-0.351988456740538));
#9574=CARTESIAN_POINT('Ctrl Pts',(0.346434261209089,1.14,-0.347598937496307));
#9575=CARTESIAN_POINT('Ctrl Pts',(0.310777858732873,1.14,-0.347598937496307));
#9576=CARTESIAN_POINT('',(0.310777858732873,11.8631928014015,-0.347598937496307));
#9577=CARTESIAN_POINT('Origin',(0.254456950276122,11.8631928014015,-0.347598937496307));
#9578=CARTESIAN_POINT('',(0.254456950276122,1.15,-0.347598937496307));
#9579=CARTESIAN_POINT('',(0.12722847513806,1.15,-0.347598937496307));
#9580=CARTESIAN_POINT('',(0.254456950276122,1.14,-0.347598937496307));
#9581=CARTESIAN_POINT('',(0.12722847513806,1.14,-0.347598937496307));
#9582=CARTESIAN_POINT('',(0.254456950276122,11.8631928014015,-0.347598937496307));
#9583=CARTESIAN_POINT('Origin',(0.254456950276122,11.8631928014015,-0.161213197279721));
#9584=CARTESIAN_POINT('',(0.254456950276122,1.15,-0.161213197279721));
#9585=CARTESIAN_POINT('',(0.254456950276122,1.15,-0.0806065986398602));
#9586=CARTESIAN_POINT('',(0.254456950276122,1.14,-0.161213197279721));
#9587=CARTESIAN_POINT('',(0.254456950276122,1.14,-0.0806065986398602));
#9588=CARTESIAN_POINT('',(0.254456950276122,11.8631928014015,-0.161213197279721));
#9589=CARTESIAN_POINT('Origin',(0.254456950276122,11.8631928014015,-0.404325032344833));
#9590=CARTESIAN_POINT('',(0.254456950276122,1.15,-0.404325032344833));
#9591=CARTESIAN_POINT('',(0.299837826154943,1.15,-0.404325032344833));
#9592=CARTESIAN_POINT('',(0.12722847513806,1.15,-0.404325032344833));
#9593=CARTESIAN_POINT('',(0.254456950276122,1.14,-0.404325032344833));
#9594=CARTESIAN_POINT('',(0.254456950276122,11.8631928014015,-0.404325032344833));
#9595=CARTESIAN_POINT('',(0.299837826154943,1.14,-0.404325032344833));
#9596=CARTESIAN_POINT('',(0.12722847513806,1.14,-0.404325032344833));
#9597=CARTESIAN_POINT('',(0.299837826154943,11.8631928014015,-0.404325032344833));
#9598=CARTESIAN_POINT('Origin',(0.254456950276122,11.8631928014015,-0.603676737098225));
#9599=CARTESIAN_POINT('',(0.254456950276122,1.15,-0.603676737098225));
#9600=CARTESIAN_POINT('',(0.254456950276122,1.15,-0.301838368549112));
#9601=CARTESIAN_POINT('',(0.254456950276122,1.14,-0.603676737098225));
#9602=CARTESIAN_POINT('',(0.254456950276122,11.8631928014015,-0.603676737098225));
#9603=CARTESIAN_POINT('',(0.254456950276122,1.14,-0.301838368549112));
#9604=CARTESIAN_POINT('Origin',(0.309562299557547,11.8631928014015,-0.603676737098225));
#9605=CARTESIAN_POINT('',(0.309562299557547,1.15,-0.603676737098225));
#9606=CARTESIAN_POINT('',(0.154781149778773,1.15,-0.603676737098225));
#9607=CARTESIAN_POINT('',(0.309562299557547,1.14,-0.603676737098225));
#9608=CARTESIAN_POINT('',(0.309562299557547,11.8631928014015,-0.603676737098225));
#9609=CARTESIAN_POINT('',(0.154781149778773,1.14,-0.603676737098225));
#9610=CARTESIAN_POINT('Ctrl Pts',(0.444489368018685,11.8631928014015,-0.630013852563612));
#9611=CARTESIAN_POINT('Ctrl Pts',(0.444489368018685,-9.56319280140146,-0.630013852563612));
#9612=CARTESIAN_POINT('Ctrl Pts',(0.472447229051172,11.8631928014015,-0.610970092150178));
#9613=CARTESIAN_POINT('Ctrl Pts',(0.472447229051172,-9.56319280140146,-0.610970092150178));
#9614=CARTESIAN_POINT('Ctrl Pts',(0.504051767609637,11.8631928014015,-0.552218065342776));
#9615=CARTESIAN_POINT('Ctrl Pts',(0.504051767609637,-9.56319280140146,-0.552218065342776));
#9616=CARTESIAN_POINT('Ctrl Pts',(0.504051767609637,11.8631928014015,-0.510483866989932));
#9617=CARTESIAN_POINT('Ctrl Pts',(0.504051767609637,-9.56319280140146,-0.510483866989932));
#9618=CARTESIAN_POINT('',(0.444489368018685,1.15,-0.630013852563612));
#9619=CARTESIAN_POINT('Ctrl Pts',(0.444489368018685,1.15,-0.630013852563612));
#9620=CARTESIAN_POINT('Ctrl Pts',(0.472447229051172,1.15,-0.610970092150178));
#9621=CARTESIAN_POINT('Ctrl Pts',(0.504051767609637,1.15,-0.552218065342776));
#9622=CARTESIAN_POINT('Ctrl Pts',(0.504051767609637,1.15,-0.510483866989932));
#9623=CARTESIAN_POINT('',(0.444489368018685,1.14,-0.630013852563612));
#9624=CARTESIAN_POINT('',(0.444489368018685,11.8631928014015,-0.630013852563612));
#9625=CARTESIAN_POINT('Ctrl Pts',(0.444489368018685,1.14,-0.630013852563612));
#9626=CARTESIAN_POINT('Ctrl Pts',(0.463127942040343,1.14,-0.617318012287989));
#9627=CARTESIAN_POINT('Ctrl Pts',(0.47771465214425,1.14,-0.601178087682278));
#9628=CARTESIAN_POINT('Ctrl Pts',(0.488249498330405,1.14,-0.581594078746477));
#9629=CARTESIAN_POINT('Ctrl Pts',(0.49878434451656,1.14,-0.562010069810676));
#9630=CARTESIAN_POINT('Ctrl Pts',(0.504051767609637,1.14,-0.538306665891828));
#9631=CARTESIAN_POINT('Ctrl Pts',(0.504051767609637,1.14,-0.510483866989932));
#9632=CARTESIAN_POINT('Ctrl Pts',(0.313614163475299,11.8631928014015,-0.661213204730301));
#9633=CARTESIAN_POINT('Ctrl Pts',(0.313614163475299,-9.56319280140146,-0.661213204730301));
#9634=CARTESIAN_POINT('Ctrl Pts',(0.35818466657057,11.8631928014015,-0.661213204730301));
#9635=CARTESIAN_POINT('Ctrl Pts',(0.35818466657057,-9.56319280140146,-0.661213204730301));
#9636=CARTESIAN_POINT('Ctrl Pts',(0.420583370903948,11.8631928014015,-0.646626494626394));
#9637=CARTESIAN_POINT('Ctrl Pts',(0.420583370903948,-9.56319280140146,-0.646626494626394));
#9638=CARTESIAN_POINT('Ctrl Pts',(0.444489368018685,11.8631928014015,-0.630013852563612));
#9639=CARTESIAN_POINT('Ctrl Pts',(0.444489368018685,-9.56319280140146,-0.630013852563612));
#9640=CARTESIAN_POINT('',(0.313614163475299,1.15,-0.661213204730301));
#9641=CARTESIAN_POINT('Ctrl Pts',(0.313614163475299,1.15,-0.661213204730301));
#9642=CARTESIAN_POINT('Ctrl Pts',(0.35818466657057,1.15,-0.661213204730301));
#9643=CARTESIAN_POINT('Ctrl Pts',(0.420583370903948,1.15,-0.646626494626394));
#9644=CARTESIAN_POINT('Ctrl Pts',(0.444489368018685,1.15,-0.630013852563612));
#9645=CARTESIAN_POINT('',(0.313614163475299,1.14,-0.661213204730301));
#9646=CARTESIAN_POINT('',(0.313614163475299,11.8631928014015,-0.661213204730301));
#9647=CARTESIAN_POINT('Ctrl Pts',(0.313614163475299,1.14,-0.661213204730301));
#9648=CARTESIAN_POINT('Ctrl Pts',(0.34332783220548,1.14,-0.661213204730301));
#9649=CARTESIAN_POINT('Ctrl Pts',(0.368584450626133,1.14,-0.65878208637965));
#9650=CARTESIAN_POINT('Ctrl Pts',(0.389384018737259,1.14,-0.653919849678348));
#9651=CARTESIAN_POINT('Ctrl Pts',(0.410183586848385,1.14,-0.649057612977046));
#9652=CARTESIAN_POINT('Ctrl Pts',(0.42855203660886,1.14,-0.641088947272134));
#9653=CARTESIAN_POINT('Ctrl Pts',(0.444489368018685,1.14,-0.630013852563612));
#9654=CARTESIAN_POINT('Origin',(0.313614163475299,11.8631928014015,-0.661213204730301));
#9655=CARTESIAN_POINT('',(0.188006382024991,1.15,-0.661213204730301));
#9656=CARTESIAN_POINT('',(0.156807081737649,1.15,-0.661213204730301));
#9657=CARTESIAN_POINT('',(0.188006382024991,1.14,-0.661213204730301));
#9658=CARTESIAN_POINT('',(0.188006382024991,11.8631928014015,-0.661213204730301));
#9659=CARTESIAN_POINT('',(0.156807081737649,1.14,-0.661213204730301));
#9660=CARTESIAN_POINT('Origin',(0.188006382024991,11.8631928014015,-0.661213204730301));
#9661=CARTESIAN_POINT('',(0.188006382024991,1.15,-0.161213197279721));
#9662=CARTESIAN_POINT('',(0.188006382024991,1.15,-0.33060660236515));
#9663=CARTESIAN_POINT('',(0.188006382024991,1.14,-0.161213197279721));
#9664=CARTESIAN_POINT('',(0.188006382024991,11.8631928014015,-0.161213197279721));
#9665=CARTESIAN_POINT('',(0.188006382024991,1.14,-0.33060660236515));
#9666=CARTESIAN_POINT('Origin',(0.188006382024991,11.8631928014015,-0.161213197279721));
#9667=CARTESIAN_POINT('',(0.0940031910124948,1.15,-0.161213197279721));
#9668=CARTESIAN_POINT('',(0.0940031910124948,1.14,-0.161213197279721));
#9669=CARTESIAN_POINT('Ctrl Pts',(0.309562299557547,11.8631928014015,-0.603676737098225));
#9670=CARTESIAN_POINT('Ctrl Pts',(0.309562299557547,-9.56319280140146,-0.603676737098225));
#9671=CARTESIAN_POINT('Ctrl Pts',(0.340761651724237,11.8631928014015,-0.603676737098225));
#9672=CARTESIAN_POINT('Ctrl Pts',(0.340761651724237,-9.56319280140146,-0.603676737098225));
#9673=CARTESIAN_POINT('Ctrl Pts',(0.382901036468856,11.8631928014015,-0.595167822870946));
#9674=CARTESIAN_POINT('Ctrl Pts',(0.382901036468856,-9.56319280140146,-0.595167822870946));
#9675=CARTESIAN_POINT('Ctrl Pts',(0.398703305748088,11.8631928014015,-0.584632976684791));
#9676=CARTESIAN_POINT('Ctrl Pts',(0.398703305748088,-9.56319280140146,-0.584632976684791));
#9677=CARTESIAN_POINT('',(0.398703305748088,1.15,-0.584632976684791));
#9678=CARTESIAN_POINT('Ctrl Pts',(0.398703305748088,1.15,-0.584632976684791));
#9679=CARTESIAN_POINT('Ctrl Pts',(0.382901036468856,1.15,-0.595167822870946));
#9680=CARTESIAN_POINT('Ctrl Pts',(0.340761651724237,1.15,-0.603676737098225));
#9681=CARTESIAN_POINT('Ctrl Pts',(0.309562299557547,1.15,-0.603676737098225));
#9682=CARTESIAN_POINT('',(0.398703305748088,1.14,-0.584632976684791));
#9683=CARTESIAN_POINT('',(0.398703305748088,11.8631928014015,-0.584632976684791));
#9684=CARTESIAN_POINT('Ctrl Pts',(0.398703305748088,1.14,-0.584632976684791));
#9685=CARTESIAN_POINT('Ctrl Pts',(0.388168459561933,1.14,-0.591656207475561));
#9686=CARTESIAN_POINT('Ctrl Pts',(0.375877805678086,1.14,-0.596585975242159));
#9687=CARTESIAN_POINT('Ctrl Pts',(0.361831344096546,1.14,-0.599422279984585));
#9688=CARTESIAN_POINT('Ctrl Pts',(0.347784882515007,1.14,-0.602258584727012));
#9689=CARTESIAN_POINT('Ctrl Pts',(0.330361867668674,1.14,-0.603676737098225));
#9690=CARTESIAN_POINT('Ctrl Pts',(0.309562299557547,1.14,-0.603676737098225));
#9691=CARTESIAN_POINT('Ctrl Pts',(0.398703305748088,11.8631928014015,-0.584632976684791));
#9692=CARTESIAN_POINT('Ctrl Pts',(0.398703305748088,-9.56319280140146,-0.584632976684791));
#9693=CARTESIAN_POINT('Ctrl Pts',(0.416936693377972,11.8631928014015,-0.572477384931535));
#9694=CARTESIAN_POINT('Ctrl Pts',(0.416936693377972,-9.56319280140146,-0.572477384931535));
#9695=CARTESIAN_POINT('Ctrl Pts',(0.43476489461608,11.8631928014015,-0.534389864104668));
#9696=CARTESIAN_POINT('Ctrl Pts',(0.43476489461608,-9.56319280140146,-0.534389864104668));
#9697=CARTESIAN_POINT('Ctrl Pts',(0.43476489461608,11.8631928014015,-0.508457935031056));
#9698=CARTESIAN_POINT('Ctrl Pts',(0.43476489461608,-9.56319280140146,-0.508457935031056));
#9699=CARTESIAN_POINT('',(0.43476489461608,1.15,-0.508457935031056));
#9700=CARTESIAN_POINT('Ctrl Pts',(0.43476489461608,1.15,-0.508457935031056));
#9701=CARTESIAN_POINT('Ctrl Pts',(0.43476489461608,1.15,-0.534389864104668));
#9702=CARTESIAN_POINT('Ctrl Pts',(0.416936693377972,1.15,-0.572477384931535));
#9703=CARTESIAN_POINT('Ctrl Pts',(0.398703305748088,1.15,-0.584632976684791));
#9704=CARTESIAN_POINT('',(0.43476489461608,1.14,-0.508457935031056));
#9705=CARTESIAN_POINT('',(0.43476489461608,11.8631928014015,-0.508457935031056));
#9706=CARTESIAN_POINT('Ctrl Pts',(0.43476489461608,1.14,-0.508457935031056));
#9707=CARTESIAN_POINT('Ctrl Pts',(0.43476489461608,1.14,-0.525745887746797));
#9708=CARTESIAN_POINT('Ctrl Pts',(0.431793527743062,1.14,-0.540737784242479));
#9709=CARTESIAN_POINT('Ctrl Pts',(0.425850793997026,1.14,-0.553433624518102));
#9710=CARTESIAN_POINT('Ctrl Pts',(0.41990806025099,1.14,-0.566129464793724));
#9711=CARTESIAN_POINT('Ctrl Pts',(0.410858897501344,1.14,-0.576529248849287));
#9712=CARTESIAN_POINT('Ctrl Pts',(0.398703305748088,1.14,-0.584632976684791));
#9713=CARTESIAN_POINT('Ctrl Pts',(0.43476489461608,11.8631928014015,-0.508457935031056));
#9714=CARTESIAN_POINT('Ctrl Pts',(0.43476489461608,-9.56319280140146,-0.508457935031056));
#9715=CARTESIAN_POINT('Ctrl Pts',(0.43476489461608,11.8631928014015,-0.48455193791632));
#9716=CARTESIAN_POINT('Ctrl Pts',(0.43476489461608,-9.56319280140146,-0.48455193791632));
#9717=CARTESIAN_POINT('Ctrl Pts',(0.421393743687499,11.8631928014015,-0.449300721831879));
#9718=CARTESIAN_POINT('Ctrl Pts',(0.421393743687499,-9.56319280140146,-0.449300721831879));
#9719=CARTESIAN_POINT('Ctrl Pts',(0.406401847191817,11.8631928014015,-0.434308825336197));
#9720=CARTESIAN_POINT('Ctrl Pts',(0.406401847191817,-9.56319280140146,-0.434308825336197));
#9721=CARTESIAN_POINT('',(0.406401847191817,1.15,-0.434308825336197));
#9722=CARTESIAN_POINT('Ctrl Pts',(0.406401847191817,1.15,-0.434308825336197));
#9723=CARTESIAN_POINT('Ctrl Pts',(0.421393743687499,1.15,-0.449300721831879));
#9724=CARTESIAN_POINT('Ctrl Pts',(0.43476489461608,1.15,-0.48455193791632));
#9725=CARTESIAN_POINT('Ctrl Pts',(0.43476489461608,1.15,-0.508457935031056));
#9726=CARTESIAN_POINT('',(0.406401847191817,1.14,-0.434308825336197));
#9727=CARTESIAN_POINT('',(0.406401847191817,11.8631928014015,-0.434308825336197));
#9728=CARTESIAN_POINT('Ctrl Pts',(0.406401847191817,1.14,-0.434308825336197));
#9729=CARTESIAN_POINT('Ctrl Pts',(0.416396444855605,1.14,-0.444303422999985));
#9730=CARTESIAN_POINT('Ctrl Pts',(0.423622268842262,1.14,-0.455175924512619));
#9731=CARTESIAN_POINT('Ctrl Pts',(0.428079319151789,1.14,-0.466926329874099));
#9732=CARTESIAN_POINT('Ctrl Pts',(0.432536369461317,1.14,-0.47867673523558));
#9733=CARTESIAN_POINT('Ctrl Pts',(0.43476489461608,1.14,-0.492520603621232));
#9734=CARTESIAN_POINT('Ctrl Pts',(0.43476489461608,1.14,-0.508457935031056));
#9735=CARTESIAN_POINT('Ctrl Pts',(0.406401847191817,11.8631928014015,-0.434308825336197));
#9736=CARTESIAN_POINT('Ctrl Pts',(0.406401847191817,-9.56319280140146,-0.434308825336197));
#9737=CARTESIAN_POINT('Ctrl Pts',(0.390194391520809,11.8631928014015,-0.417290996881639));
#9738=CARTESIAN_POINT('Ctrl Pts',(0.390194391520809,-9.56319280140146,-0.417290996881639));
#9739=CARTESIAN_POINT('Ctrl Pts',(0.340356465332461,11.8631928014015,-0.404325032344833));
#9740=CARTESIAN_POINT('Ctrl Pts',(0.340356465332461,-9.56319280140146,-0.404325032344833));
#9741=CARTESIAN_POINT('Ctrl Pts',(0.299837826154943,11.8631928014015,-0.404325032344833));
#9742=CARTESIAN_POINT('Ctrl Pts',(0.299837826154943,-9.56319280140146,-0.404325032344833));
#9743=CARTESIAN_POINT('Ctrl Pts',(0.299837826154943,1.15,-0.404325032344833));
#9744=CARTESIAN_POINT('Ctrl Pts',(0.340356465332461,1.15,-0.404325032344833));
#9745=CARTESIAN_POINT('Ctrl Pts',(0.390194391520809,1.15,-0.417290996881639));
#9746=CARTESIAN_POINT('Ctrl Pts',(0.406401847191817,1.15,-0.434308825336197));
#9747=CARTESIAN_POINT('Ctrl Pts',(0.299837826154943,1.14,-0.404325032344833));
#9748=CARTESIAN_POINT('Ctrl Pts',(0.326850252273289,1.14,-0.404325032344833));
#9749=CARTESIAN_POINT('Ctrl Pts',(0.348662786363853,1.14,-0.4064860264343));
#9750=CARTESIAN_POINT('Ctrl Pts',(0.365275428426635,1.14,-0.410808014613236));
#9751=CARTESIAN_POINT('Ctrl Pts',(0.381888070489418,1.14,-0.415130002792171));
#9752=CARTESIAN_POINT('Ctrl Pts',(0.395596876744479,1.14,-0.422963606366491));
#9753=CARTESIAN_POINT('Ctrl Pts',(0.406401847191817,1.14,-0.434308825336197));
#9754=CARTESIAN_POINT('Origin',(-1.66533453693773E-15,1.14,2.77555756156289E-16));
#9755=CARTESIAN_POINT('Origin',(-1.66533453693773E-15,1.14,2.77555756156289E-16));
#9756=CARTESIAN_POINT('',(-0.794570618029837,1.14,-0.197679972539487));
#9757=CARTESIAN_POINT('',(-0.925040636181447,1.14,-0.152299096660667));
#9758=CARTESIAN_POINT('Ctrl Pts',(-0.794570618029837,1.14,-0.197679972539487));
#9759=CARTESIAN_POINT('Ctrl Pts',(-0.810507949439661,1.14,-0.183093262435581));
#9760=CARTESIAN_POINT('Ctrl Pts',(-0.828606274938953,1.14,-0.171883105596467));
#9761=CARTESIAN_POINT('Ctrl Pts',(-0.848865594527712,1.14,-0.164049502022147));
#9762=CARTESIAN_POINT('Ctrl Pts',(-0.869124914116471,1.14,-0.156215898447827));
#9763=CARTESIAN_POINT('Ctrl Pts',(-0.894516594667716,1.14,-0.152299096660667));
#9764=CARTESIAN_POINT('Ctrl Pts',(-0.925040636181447,1.14,-0.152299096660667));
#9765=CARTESIAN_POINT('',(-0.749189742151016,1.14,-0.303838807184587));
#9766=CARTESIAN_POINT('Ctrl Pts',(-0.749189742151016,1.14,-0.303838807184586));
#9767=CARTESIAN_POINT('Ctrl Pts',(-0.749189742151016,1.14,-0.284119736118194));
#9768=CARTESIAN_POINT('Ctrl Pts',(-0.753174075003472,1.14,-0.264805851443577));
#9769=CARTESIAN_POINT('Ctrl Pts',(-0.761142740708384,1.14,-0.245897153160735));
#9770=CARTESIAN_POINT('Ctrl Pts',(-0.769111406413296,1.14,-0.226988454877893));
#9771=CARTESIAN_POINT('Ctrl Pts',(-0.780254032187114,1.14,-0.210916061337477));
#9772=CARTESIAN_POINT('Ctrl Pts',(-0.794570618029837,1.14,-0.197679972539487));
#9773=CARTESIAN_POINT('',(-0.848460408135937,1.14,-0.42985177502667));
#9774=CARTESIAN_POINT('Ctrl Pts',(-0.848460408135937,1.14,-0.42985177502667));
#9775=CARTESIAN_POINT('Ctrl Pts',(-0.814154626965638,1.14,-0.419316928840515));
#9776=CARTESIAN_POINT('Ctrl Pts',(-0.789033070675576,1.14,-0.403447128495987));
#9777=CARTESIAN_POINT('Ctrl Pts',(-0.773095739265752,1.14,-0.382242373993085));
#9778=CARTESIAN_POINT('Ctrl Pts',(-0.757158407855928,1.14,-0.361037619490184));
#9779=CARTESIAN_POINT('Ctrl Pts',(-0.749189742151016,1.14,-0.334903097220684));
#9780=CARTESIAN_POINT('Ctrl Pts',(-0.749189742151016,1.14,-0.303838807184586));
#9781=CARTESIAN_POINT('',(-0.950972565255059,1.14,-0.456188890492057));
#9782=CARTESIAN_POINT('Ctrl Pts',(-0.950972565255059,1.14,-0.456188890492057));
#9783=CARTESIAN_POINT('Ctrl Pts',(-0.936926103673519,1.14,-0.452407150835488));
#9784=CARTESIAN_POINT('Ctrl Pts',(-0.919705682023074,1.14,-0.448085162656553));
#9785=CARTESIAN_POINT('Ctrl Pts',(-0.899311300303723,1.14,-0.443222925955251));
#9786=CARTESIAN_POINT('Ctrl Pts',(-0.878916918584372,1.14,-0.438360689253948));
#9787=CARTESIAN_POINT('Ctrl Pts',(-0.86196662119511,1.14,-0.433903638944421));
#9788=CARTESIAN_POINT('Ctrl Pts',(-0.848460408135937,1.14,-0.42985177502667));
#9789=CARTESIAN_POINT('',(-1.01620757433086,1.14,-0.533984677712893));
#9790=CARTESIAN_POINT('Ctrl Pts',(-1.01620757433086,1.14,-0.533984677712893));
#9791=CARTESIAN_POINT('Ctrl Pts',(-1.01620757433086,1.14,-0.512914985340583));
#9792=CARTESIAN_POINT('Ctrl Pts',(-1.01060249591131,1.14,-0.496099750081913));
#9793=CARTESIAN_POINT('Ctrl Pts',(-0.999392339072194,1.14,-0.483538971936882));
#9794=CARTESIAN_POINT('Ctrl Pts',(-0.98818218223308,1.14,-0.470978193791851));
#9795=CARTESIAN_POINT('Ctrl Pts',(-0.972042257627369,1.14,-0.461861499976909));
#9796=CARTESIAN_POINT('Ctrl Pts',(-0.950972565255059,1.14,-0.456188890492057));
#9797=CARTESIAN_POINT('',(-0.912885044428192,1.14,-0.612590837717279));
#9798=CARTESIAN_POINT('Ctrl Pts',(-0.912885044428192,1.14,-0.612590837717279));
#9799=CARTESIAN_POINT('Ctrl Pts',(-0.943679210203106,1.14,-0.612590837717279));
#9800=CARTESIAN_POINT('Ctrl Pts',(-0.96859817329728,1.14,-0.605365013730621));
#9801=CARTESIAN_POINT('Ctrl Pts',(-0.987641933710713,1.14,-0.590913365757306));
#9802=CARTESIAN_POINT('Ctrl Pts',(-1.00668569412415,1.14,-0.576461717783991));
#9803=CARTESIAN_POINT('Ctrl Pts',(-1.01620757433086,1.14,-0.557485488435853));
#9804=CARTESIAN_POINT('Ctrl Pts',(-1.01620757433086,1.14,-0.533984677712893));
#9805=CARTESIAN_POINT('',(-0.773500925657527,1.14,-0.558295861219404));
#9806=CARTESIAN_POINT('Ctrl Pts',(-0.773500925657527,1.14,-0.558295861219404));
#9807=CARTESIAN_POINT('Ctrl Pts',(-0.789438257067351,1.14,-0.572882571323311));
#9808=CARTESIAN_POINT('Ctrl Pts',(-0.809832638786702,1.14,-0.585578411598933));
#9809=CARTESIAN_POINT('Ctrl Pts',(-0.83468407081558,1.14,-0.596383382046271));
#9810=CARTESIAN_POINT('Ctrl Pts',(-0.859535502844459,1.14,-0.60718835249361));
#9811=CARTESIAN_POINT('Ctrl Pts',(-0.885602494048662,1.14,-0.612590837717279));
#9812=CARTESIAN_POINT('Ctrl Pts',(-0.912885044428192,1.14,-0.612590837717279));
#9813=CARTESIAN_POINT('',(-0.768638688956225,1.14,-0.558295861219404));
#9814=CARTESIAN_POINT('',(-0.386750462828764,1.14,-0.558295861219404));
#9815=CARTESIAN_POINT('',(-0.768638688956225,1.14,-0.63771239400734));
#9816=CARTESIAN_POINT('',(-0.768638688956225,1.14,-0.279147930609702));
#9817=CARTESIAN_POINT('',(-0.917342094737718,1.14,-0.670127305349355));
#9818=CARTESIAN_POINT('Ctrl Pts',(-0.917342094737719,1.14,-0.670127305349355));
#9819=CARTESIAN_POINT('Ctrl Pts',(-0.889249171574639,1.14,-0.670127305349355));
#9820=CARTESIAN_POINT('Ctrl Pts',(-0.86277699397866,1.14,-0.667358531672225));
#9821=CARTESIAN_POINT('Ctrl Pts',(-0.837925561949782,1.14,-0.661820984317964));
#9822=CARTESIAN_POINT('Ctrl Pts',(-0.813074129920904,1.14,-0.656283436963703));
#9823=CARTESIAN_POINT('Ctrl Pts',(-0.789978505589718,1.14,-0.648247240193495));
#9824=CARTESIAN_POINT('Ctrl Pts',(-0.768638688956225,1.14,-0.63771239400734));
#9825=CARTESIAN_POINT('',(-1.08549444732442,1.14,-0.527096509052714));
#9826=CARTESIAN_POINT('Ctrl Pts',(-1.08549444732442,1.14,-0.527096509052714));
#9827=CARTESIAN_POINT('Ctrl Pts',(-1.08549444732442,1.14,-0.567615148230233));
#9828=CARTESIAN_POINT('Ctrl Pts',(-1.06969217804519,1.14,-0.601583274074053));
#9829=CARTESIAN_POINT('Ctrl Pts',(-1.03808763948672,1.14,-0.629000886584174));
#9830=CARTESIAN_POINT('Ctrl Pts',(-1.00648310092826,1.14,-0.656418499094295));
#9831=CARTESIAN_POINT('Ctrl Pts',(-0.966234586011924,1.14,-0.670127305349355));
#9832=CARTESIAN_POINT('Ctrl Pts',(-0.917342094737719,1.14,-0.670127305349355));
#9833=CARTESIAN_POINT('',(-1.05307953598241,1.14,-0.436739943686848));
#9834=CARTESIAN_POINT('Ctrl Pts',(-1.05307953598241,1.14,-0.436739943686848));
#9835=CARTESIAN_POINT('Ctrl Pts',(-1.06334425790738,1.14,-0.447815038395369));
#9836=CARTESIAN_POINT('Ctrl Pts',(-1.07131292361229,1.14,-0.460781002932175));
#9837=CARTESIAN_POINT('Ctrl Pts',(-1.07698553309714,1.14,-0.475637837297266));
#9838=CARTESIAN_POINT('Ctrl Pts',(-1.08265814258199,1.14,-0.490494671662356));
#9839=CARTESIAN_POINT('Ctrl Pts',(-1.08549444732442,1.14,-0.507647562247505));
#9840=CARTESIAN_POINT('Ctrl Pts',(-1.08549444732442,1.14,-0.527096509052714));
#9841=CARTESIAN_POINT('',(-0.970421512060268,1.14,-0.392574626983352));
#9842=CARTESIAN_POINT('Ctrl Pts',(-0.970421512060268,1.14,-0.392574626983352));
#9843=CARTESIAN_POINT('Ctrl Pts',(-0.987709464776009,1.14,-0.397166739423471));
#9844=CARTESIAN_POINT('Ctrl Pts',(-1.00317407872876,1.14,-0.40290687997362));
#9845=CARTESIAN_POINT('Ctrl Pts',(-1.01681535391853,1.14,-0.409795048633798));
#9846=CARTESIAN_POINT('Ctrl Pts',(-1.03045662910829,1.14,-0.416683217293976));
#9847=CARTESIAN_POINT('Ctrl Pts',(-1.04254468979625,1.14,-0.425664848978326));
#9848=CARTESIAN_POINT('Ctrl Pts',(-1.05307953598241,1.14,-0.436739943686848));
#9849=CARTESIAN_POINT('',(-0.880064946694401,1.14,-0.369884189043942));
#9850=CARTESIAN_POINT('Ctrl Pts',(-0.880064946694401,1.14,-0.369884189043942));
#9851=CARTESIAN_POINT('Ctrl Pts',(-0.895462029581858,1.14,-0.374206177222877));
#9852=CARTESIAN_POINT('Ctrl Pts',(-0.909576022228694,1.14,-0.377852854748854));
#9853=CARTESIAN_POINT('Ctrl Pts',(-0.922406924634908,1.14,-0.380824221621872));
#9854=CARTESIAN_POINT('Ctrl Pts',(-0.935237827041123,1.14,-0.38379558849489));
#9855=CARTESIAN_POINT('Ctrl Pts',(-0.951242689516242,1.14,-0.38771239028205));
#9856=CARTESIAN_POINT('Ctrl Pts',(-0.970421512060268,1.14,-0.392574626983352));
#9857=CARTESIAN_POINT('',(-0.818476615144573,1.14,-0.293303960998432));
#9858=CARTESIAN_POINT('Ctrl Pts',(-0.818476615144573,1.14,-0.293303960998432));
#9859=CARTESIAN_POINT('Ctrl Pts',(-0.818476615144573,1.14,-0.313293156326007));
#9860=CARTESIAN_POINT('Ctrl Pts',(-0.823406382911171,1.14,-0.329500611997015));
#9861=CARTESIAN_POINT('Ctrl Pts',(-0.833265918444367,1.14,-0.341926328011454));
#9862=CARTESIAN_POINT('Ctrl Pts',(-0.843125453977563,1.14,-0.354352044025893));
#9863=CARTESIAN_POINT('Ctrl Pts',(-0.858725130060908,1.14,-0.363671331036722));
#9864=CARTESIAN_POINT('Ctrl Pts',(-0.880064946694401,1.14,-0.369884189043942));
#9865=CARTESIAN_POINT('',(-0.929902872882749,1.14,-0.209835564292743));
#9866=CARTESIAN_POINT('Ctrl Pts',(-0.929902872882749,1.14,-0.209835564292743));
#9867=CARTESIAN_POINT('Ctrl Pts',(-0.893165973361799,1.14,-0.209835564292743));
#9868=CARTESIAN_POINT('Ctrl Pts',(-0.865410705525199,1.14,-0.217466574671176));
#9869=CARTESIAN_POINT('Ctrl Pts',(-0.846637069372948,1.14,-0.232728595428041));
#9870=CARTESIAN_POINT('Ctrl Pts',(-0.827863433220698,1.14,-0.247990616184907));
#9871=CARTESIAN_POINT('Ctrl Pts',(-0.818476615144573,1.14,-0.26818240470837));
#9872=CARTESIAN_POINT('Ctrl Pts',(-0.818476615144573,1.14,-0.293303960998432));
#9873=CARTESIAN_POINT('',(-1.0842788881491,1.14,-0.274665386976773));
#9874=CARTESIAN_POINT('Ctrl Pts',(-1.0842788881491,1.14,-0.274665386976773));
#9875=CARTESIAN_POINT('Ctrl Pts',(-1.06239882299324,1.14,-0.25413594312683));
#9876=CARTESIAN_POINT('Ctrl Pts',(-1.03761492202965,1.14,-0.238198611717006));
#9877=CARTESIAN_POINT('Ctrl Pts',(-1.00992718525835,1.14,-0.226853392747301));
#9878=CARTESIAN_POINT('Ctrl Pts',(-0.982239448487044,1.14,-0.215508173777596));
#9879=CARTESIAN_POINT('Ctrl Pts',(-0.955564677695178,1.14,-0.209835564292743));
#9880=CARTESIAN_POINT('Ctrl Pts',(-0.929902872882749,1.14,-0.209835564292743));
#9881=CARTESIAN_POINT('',(-1.0891411248504,1.14,-0.274665386976773));
#9882=CARTESIAN_POINT('',(-0.542139444074549,1.14,-0.274665386976773));
#9883=CARTESIAN_POINT('',(-1.0891411248504,1.14,-0.191196990271084));
#9884=CARTESIAN_POINT('',(-1.0891411248504,1.14,-0.137332693488386));
#9885=CARTESIAN_POINT('Ctrl Pts',(-0.925040636181447,1.14,-0.152299096660667));
#9886=CARTESIAN_POINT('Ctrl Pts',(-0.96123728718003,1.14,-0.152299096660667));
#9887=CARTESIAN_POINT('Ctrl Pts',(-0.992031452954945,1.14,-0.156080836317235));
#9888=CARTESIAN_POINT('Ctrl Pts',(-1.01742313350619,1.14,-0.163644315630372));
#9889=CARTESIAN_POINT('Ctrl Pts',(-1.04281481405743,1.14,-0.171207794943509));
#9890=CARTESIAN_POINT('Ctrl Pts',(-1.06672081117217,1.14,-0.180392019823746));
#9891=CARTESIAN_POINT('Ctrl Pts',(-1.0891411248504,1.14,-0.191196990271084));
#9892=CARTESIAN_POINT('Ctrl Pts',(-0.917342094737719,11.8631928014015,-0.670127305349355));
#9893=CARTESIAN_POINT('Ctrl Pts',(-0.917342094737719,-9.56319280140146,
-0.670127305349355));
#9894=CARTESIAN_POINT('Ctrl Pts',(-0.875202709993099,11.8631928014015,-0.670127305349355));
#9895=CARTESIAN_POINT('Ctrl Pts',(-0.875202709993099,-9.56319280140146,
-0.670127305349355));
#9896=CARTESIAN_POINT('Ctrl Pts',(-0.800648413906465,11.8631928014015,-0.653514663286573));
#9897=CARTESIAN_POINT('Ctrl Pts',(-0.800648413906465,-9.56319280140146,
-0.653514663286573));
#9898=CARTESIAN_POINT('Ctrl Pts',(-0.768638688956225,11.8631928014015,-0.63771239400734));
#9899=CARTESIAN_POINT('Ctrl Pts',(-0.768638688956225,-9.56319280140146,
-0.63771239400734));
#9900=CARTESIAN_POINT('',(-0.917342094737718,1.15,-0.670127305349355));
#9901=CARTESIAN_POINT('',(-0.768638688956225,1.15,-0.63771239400734));
#9902=CARTESIAN_POINT('Ctrl Pts',(-0.917342094737719,1.15,-0.670127305349355));
#9903=CARTESIAN_POINT('Ctrl Pts',(-0.875202709993099,1.15,-0.670127305349355));
#9904=CARTESIAN_POINT('Ctrl Pts',(-0.800648413906465,1.15,-0.653514663286573));
#9905=CARTESIAN_POINT('Ctrl Pts',(-0.768638688956225,1.15,-0.63771239400734));
#9906=CARTESIAN_POINT('',(-0.917342094737718,11.8631928014015,-0.670127305349355));
#9907=CARTESIAN_POINT('',(-0.768638688956225,11.8631928014015,-0.63771239400734));
#9908=CARTESIAN_POINT('Origin',(-0.768638688956225,11.8631928014015,-0.558295861219404));
#9909=CARTESIAN_POINT('',(-0.768638688956225,1.15,-0.558295861219404));
#9910=CARTESIAN_POINT('',(-0.768638688956225,1.15,-0.279147930609702));
#9911=CARTESIAN_POINT('',(-0.768638688956225,11.8631928014015,-0.558295861219404));
#9912=CARTESIAN_POINT('Origin',(-0.773500925657527,11.8631928014015,-0.558295861219404));
#9913=CARTESIAN_POINT('',(-0.773500925657527,1.15,-0.558295861219404));
#9914=CARTESIAN_POINT('',(-0.386750462828764,1.15,-0.558295861219404));
#9915=CARTESIAN_POINT('',(-0.773500925657527,11.8631928014015,-0.558295861219404));
#9916=CARTESIAN_POINT('Ctrl Pts',(-0.773500925657527,11.8631928014015,-0.558295861219404));
#9917=CARTESIAN_POINT('Ctrl Pts',(-0.773500925657527,-9.56319280140146,
-0.558295861219404));
#9918=CARTESIAN_POINT('Ctrl Pts',(-0.797406922772263,11.8631928014015,-0.580175926375264));
#9919=CARTESIAN_POINT('Ctrl Pts',(-0.797406922772263,-9.56319280140146,
-0.580175926375264));
#9920=CARTESIAN_POINT('Ctrl Pts',(-0.871961218858898,11.8631928014015,-0.612590837717279));
#9921=CARTESIAN_POINT('Ctrl Pts',(-0.871961218858898,-9.56319280140146,
-0.612590837717279));
#9922=CARTESIAN_POINT('Ctrl Pts',(-0.912885044428192,11.8631928014015,-0.612590837717279));
#9923=CARTESIAN_POINT('Ctrl Pts',(-0.912885044428192,-9.56319280140146,
-0.612590837717279));
#9924=CARTESIAN_POINT('',(-0.912885044428192,1.15,-0.612590837717279));
#9925=CARTESIAN_POINT('Ctrl Pts',(-0.773500925657527,1.15,-0.558295861219404));
#9926=CARTESIAN_POINT('Ctrl Pts',(-0.797406922772263,1.15,-0.580175926375264));
#9927=CARTESIAN_POINT('Ctrl Pts',(-0.871961218858898,1.15,-0.612590837717279));
#9928=CARTESIAN_POINT('Ctrl Pts',(-0.912885044428192,1.15,-0.612590837717279));
#9929=CARTESIAN_POINT('',(-0.912885044428192,11.8631928014015,-0.612590837717279));
#9930=CARTESIAN_POINT('Ctrl Pts',(-0.912885044428192,11.8631928014015,-0.612590837717279));
#9931=CARTESIAN_POINT('Ctrl Pts',(-0.912885044428192,-9.56319280140146,
-0.612590837717279));
#9932=CARTESIAN_POINT('Ctrl Pts',(-0.959076293090563,11.8631928014015,-0.612590837717279));
#9933=CARTESIAN_POINT('Ctrl Pts',(-0.959076293090563,-9.56319280140146,
-0.612590837717279));
#9934=CARTESIAN_POINT('Ctrl Pts',(-1.01620757433086,11.8631928014015,-0.569235893797334));
#9935=CARTESIAN_POINT('Ctrl Pts',(-1.01620757433086,-9.56319280140146,-0.569235893797334));
#9936=CARTESIAN_POINT('Ctrl Pts',(-1.01620757433086,11.8631928014015,-0.533984677712893));
#9937=CARTESIAN_POINT('Ctrl Pts',(-1.01620757433086,-9.56319280140146,-0.533984677712893));
#9938=CARTESIAN_POINT('',(-1.01620757433086,1.15,-0.533984677712893));
#9939=CARTESIAN_POINT('Ctrl Pts',(-0.912885044428192,1.15,-0.612590837717279));
#9940=CARTESIAN_POINT('Ctrl Pts',(-0.959076293090563,1.15,-0.612590837717279));
#9941=CARTESIAN_POINT('Ctrl Pts',(-1.01620757433086,1.15,-0.569235893797334));
#9942=CARTESIAN_POINT('Ctrl Pts',(-1.01620757433086,1.15,-0.533984677712893));
#9943=CARTESIAN_POINT('',(-1.01620757433086,11.8631928014015,-0.533984677712893));
#9944=CARTESIAN_POINT('Ctrl Pts',(-1.01620757433086,11.8631928014015,-0.533984677712893));
#9945=CARTESIAN_POINT('Ctrl Pts',(-1.01620757433086,-9.56319280140146,-0.533984677712893));
#9946=CARTESIAN_POINT('Ctrl Pts',(-1.01620757433086,11.8631928014015,-0.502380139154428));
#9947=CARTESIAN_POINT('Ctrl Pts',(-1.01620757433086,-9.56319280140146,-0.502380139154428));
#9948=CARTESIAN_POINT('Ctrl Pts',(-0.982577103813524,11.8631928014015,-0.464697804719336));
#9949=CARTESIAN_POINT('Ctrl Pts',(-0.982577103813524,-9.56319280140146,
-0.464697804719336));
#9950=CARTESIAN_POINT('Ctrl Pts',(-0.950972565255059,11.8631928014015,-0.456188890492057));
#9951=CARTESIAN_POINT('Ctrl Pts',(-0.950972565255059,-9.56319280140146,
-0.456188890492057));
#9952=CARTESIAN_POINT('',(-0.950972565255059,1.15,-0.456188890492057));
#9953=CARTESIAN_POINT('Ctrl Pts',(-1.01620757433086,1.15,-0.533984677712893));
#9954=CARTESIAN_POINT('Ctrl Pts',(-1.01620757433086,1.15,-0.502380139154428));
#9955=CARTESIAN_POINT('Ctrl Pts',(-0.982577103813524,1.15,-0.464697804719336));
#9956=CARTESIAN_POINT('Ctrl Pts',(-0.950972565255059,1.15,-0.456188890492057));
#9957=CARTESIAN_POINT('',(-0.950972565255059,11.8631928014015,-0.456188890492057));
#9958=CARTESIAN_POINT('Ctrl Pts',(-0.950972565255059,11.8631928014015,-0.456188890492057));
#9959=CARTESIAN_POINT('Ctrl Pts',(-0.950972565255059,-9.56319280140146,
-0.456188890492057));
#9960=CARTESIAN_POINT('Ctrl Pts',(-0.929902872882749,11.8631928014015,-0.450516281007204));
#9961=CARTESIAN_POINT('Ctrl Pts',(-0.929902872882749,-9.56319280140146,
-0.450516281007204));
#9962=CARTESIAN_POINT('Ctrl Pts',(-0.868719727724696,11.8631928014015,-0.435929570903297));
#9963=CARTESIAN_POINT('Ctrl Pts',(-0.868719727724696,-9.56319280140146,
-0.435929570903297));
#9964=CARTESIAN_POINT('Ctrl Pts',(-0.848460408135937,11.8631928014015,-0.42985177502667));
#9965=CARTESIAN_POINT('Ctrl Pts',(-0.848460408135937,-9.56319280140146,
-0.42985177502667));
#9966=CARTESIAN_POINT('',(-0.848460408135937,1.15,-0.42985177502667));
#9967=CARTESIAN_POINT('Ctrl Pts',(-0.950972565255059,1.15,-0.456188890492057));
#9968=CARTESIAN_POINT('Ctrl Pts',(-0.929902872882749,1.15,-0.450516281007204));
#9969=CARTESIAN_POINT('Ctrl Pts',(-0.868719727724696,1.15,-0.435929570903297));
#9970=CARTESIAN_POINT('Ctrl Pts',(-0.848460408135937,1.15,-0.42985177502667));
#9971=CARTESIAN_POINT('',(-0.848460408135937,11.8631928014015,-0.42985177502667));
#9972=CARTESIAN_POINT('Ctrl Pts',(-0.848460408135937,11.8631928014015,-0.42985177502667));
#9973=CARTESIAN_POINT('Ctrl Pts',(-0.848460408135937,-9.56319280140146,
-0.42985177502667));
#9974=CARTESIAN_POINT('Ctrl Pts',(-0.797001736380488,11.8631928014015,-0.414049505747437));
#9975=CARTESIAN_POINT('Ctrl Pts',(-0.797001736380488,-9.56319280140146,
-0.414049505747437));
#9976=CARTESIAN_POINT('Ctrl Pts',(-0.749189742151016,11.8631928014015,-0.350435242238733));
#9977=CARTESIAN_POINT('Ctrl Pts',(-0.749189742151016,-9.56319280140146,
-0.350435242238733));
#9978=CARTESIAN_POINT('Ctrl Pts',(-0.749189742151016,11.8631928014015,-0.303838807184586));
#9979=CARTESIAN_POINT('Ctrl Pts',(-0.749189742151016,-9.56319280140146,
-0.303838807184586));
#9980=CARTESIAN_POINT('',(-0.749189742151016,1.15,-0.303838807184587));
#9981=CARTESIAN_POINT('Ctrl Pts',(-0.848460408135937,1.15,-0.42985177502667));
#9982=CARTESIAN_POINT('Ctrl Pts',(-0.797001736380488,1.15,-0.414049505747437));
#9983=CARTESIAN_POINT('Ctrl Pts',(-0.749189742151016,1.15,-0.350435242238733));
#9984=CARTESIAN_POINT('Ctrl Pts',(-0.749189742151016,1.15,-0.303838807184586));
#9985=CARTESIAN_POINT('',(-0.749189742151016,11.8631928014015,-0.303838807184587));
#9986=CARTESIAN_POINT('Ctrl Pts',(-0.749189742151016,11.8631928014015,-0.303838807184586));
#9987=CARTESIAN_POINT('Ctrl Pts',(-0.749189742151016,-9.56319280140146,
-0.303838807184586));
#9988=CARTESIAN_POINT('Ctrl Pts',(-0.749189742151016,11.8631928014015,-0.274260200584998));
#9989=CARTESIAN_POINT('Ctrl Pts',(-0.749189742151016,-9.56319280140146,
-0.274260200584998));
#9990=CARTESIAN_POINT('Ctrl Pts',(-0.773095739265752,11.8631928014015,-0.217534105736472));
#9991=CARTESIAN_POINT('Ctrl Pts',(-0.773095739265752,-9.56319280140146,
-0.217534105736472));
#9992=CARTESIAN_POINT('Ctrl Pts',(-0.794570618029837,11.8631928014015,-0.197679972539487));
#9993=CARTESIAN_POINT('Ctrl Pts',(-0.794570618029837,-9.56319280140146,
-0.197679972539487));
#9994=CARTESIAN_POINT('',(-0.794570618029837,1.15,-0.197679972539487));
#9995=CARTESIAN_POINT('Ctrl Pts',(-0.749189742151016,1.15,-0.303838807184586));
#9996=CARTESIAN_POINT('Ctrl Pts',(-0.749189742151016,1.15,-0.274260200584998));
#9997=CARTESIAN_POINT('Ctrl Pts',(-0.773095739265752,1.15,-0.217534105736472));
#9998=CARTESIAN_POINT('Ctrl Pts',(-0.794570618029837,1.15,-0.197679972539487));
#9999=CARTESIAN_POINT('',(-0.794570618029837,11.8631928014015,-0.197679972539487));
#10000=CARTESIAN_POINT('Ctrl Pts',(-0.794570618029837,11.8631928014015,
-0.197679972539487));
#10001=CARTESIAN_POINT('Ctrl Pts',(-0.794570618029837,-9.56319280140146,
-0.197679972539487));
#10002=CARTESIAN_POINT('Ctrl Pts',(-0.818476615144573,11.8631928014015,
-0.175799907383627));
#10003=CARTESIAN_POINT('Ctrl Pts',(-0.818476615144573,-9.56319280140146,
-0.175799907383627));
#10004=CARTESIAN_POINT('Ctrl Pts',(-0.879254573910851,11.8631928014015,
-0.152299096660667));
#10005=CARTESIAN_POINT('Ctrl Pts',(-0.879254573910851,-9.56319280140146,
-0.152299096660667));
#10006=CARTESIAN_POINT('Ctrl Pts',(-0.925040636181447,11.8631928014015,
-0.152299096660667));
#10007=CARTESIAN_POINT('Ctrl Pts',(-0.925040636181447,-9.56319280140146,
-0.152299096660667));
#10008=CARTESIAN_POINT('',(-0.925040636181447,1.15,-0.152299096660667));
#10009=CARTESIAN_POINT('Ctrl Pts',(-0.794570618029837,1.15,-0.197679972539487));
#10010=CARTESIAN_POINT('Ctrl Pts',(-0.818476615144573,1.15,-0.175799907383627));
#10011=CARTESIAN_POINT('Ctrl Pts',(-0.879254573910851,1.15,-0.152299096660667));
#10012=CARTESIAN_POINT('Ctrl Pts',(-0.925040636181447,1.15,-0.152299096660667));
#10013=CARTESIAN_POINT('',(-0.925040636181447,11.8631928014015,-0.152299096660667));
#10014=CARTESIAN_POINT('Ctrl Pts',(-1.08549444732442,11.8631928014015,-0.527096509052714));
#10015=CARTESIAN_POINT('Ctrl Pts',(-1.08549444732442,-9.56319280140146,
-0.527096509052714));
#10016=CARTESIAN_POINT('Ctrl Pts',(-1.08549444732442,11.8631928014015,-0.587874467818992));
#10017=CARTESIAN_POINT('Ctrl Pts',(-1.08549444732442,-9.56319280140146,
-0.587874467818992));
#10018=CARTESIAN_POINT('Ctrl Pts',(-0.990680831649027,11.8631928014015,
-0.670127305349355));
#10019=CARTESIAN_POINT('Ctrl Pts',(-0.990680831649027,-9.56319280140146,
-0.670127305349355));
#10020=CARTESIAN_POINT('Ctrl Pts',(-0.917342094737719,11.8631928014015,
-0.670127305349355));
#10021=CARTESIAN_POINT('Ctrl Pts',(-0.917342094737719,-9.56319280140146,
-0.670127305349355));
#10022=CARTESIAN_POINT('',(-1.08549444732442,1.15,-0.527096509052714));
#10023=CARTESIAN_POINT('Ctrl Pts',(-1.08549444732442,1.15,-0.527096509052714));
#10024=CARTESIAN_POINT('Ctrl Pts',(-1.08549444732442,1.15,-0.587874467818992));
#10025=CARTESIAN_POINT('Ctrl Pts',(-0.990680831649027,1.15,-0.670127305349355));
#10026=CARTESIAN_POINT('Ctrl Pts',(-0.917342094737719,1.15,-0.670127305349355));
#10027=CARTESIAN_POINT('',(-1.08549444732442,11.8631928014015,-0.527096509052714));
#10028=CARTESIAN_POINT('Ctrl Pts',(-1.05307953598241,11.8631928014015,-0.436739943686848));
#10029=CARTESIAN_POINT('Ctrl Pts',(-1.05307953598241,-9.56319280140146,
-0.436739943686848));
#10030=CARTESIAN_POINT('Ctrl Pts',(-1.06847661886986,11.8631928014015,-0.45335258574963));
#10031=CARTESIAN_POINT('Ctrl Pts',(-1.06847661886986,-9.56319280140146,
-0.45335258574963));
#10032=CARTESIAN_POINT('Ctrl Pts',(-1.08549444732442,11.8631928014015,-0.497923088844901));
#10033=CARTESIAN_POINT('Ctrl Pts',(-1.08549444732442,-9.56319280140146,
-0.497923088844901));
#10034=CARTESIAN_POINT('Ctrl Pts',(-1.08549444732442,11.8631928014015,-0.527096509052714));
#10035=CARTESIAN_POINT('Ctrl Pts',(-1.08549444732442,-9.56319280140146,
-0.527096509052714));
#10036=CARTESIAN_POINT('',(-1.05307953598241,1.15,-0.436739943686848));
#10037=CARTESIAN_POINT('Ctrl Pts',(-1.05307953598241,1.15,-0.436739943686848));
#10038=CARTESIAN_POINT('Ctrl Pts',(-1.06847661886986,1.15,-0.45335258574963));
#10039=CARTESIAN_POINT('Ctrl Pts',(-1.08549444732442,1.15,-0.497923088844901));
#10040=CARTESIAN_POINT('Ctrl Pts',(-1.08549444732442,1.15,-0.527096509052714));
#10041=CARTESIAN_POINT('',(-1.05307953598241,11.8631928014015,-0.436739943686848));
#10042=CARTESIAN_POINT('Ctrl Pts',(-0.970421512060268,11.8631928014015,
-0.392574626983352));
#10043=CARTESIAN_POINT('Ctrl Pts',(-0.970421512060268,-9.56319280140146,
-0.392574626983352));
#10044=CARTESIAN_POINT('Ctrl Pts',(-0.99635344113388,11.8631928014015,-0.39946279564353));
#10045=CARTESIAN_POINT('Ctrl Pts',(-0.99635344113388,-9.56319280140146,
-0.39946279564353));
#10046=CARTESIAN_POINT('Ctrl Pts',(-1.03727726670317,11.8631928014015,-0.420127301624065));
#10047=CARTESIAN_POINT('Ctrl Pts',(-1.03727726670317,-9.56319280140146,
-0.420127301624065));
#10048=CARTESIAN_POINT('Ctrl Pts',(-1.05307953598241,11.8631928014015,-0.436739943686848));
#10049=CARTESIAN_POINT('Ctrl Pts',(-1.05307953598241,-9.56319280140146,
-0.436739943686848));
#10050=CARTESIAN_POINT('',(-0.970421512060268,1.15,-0.392574626983352));
#10051=CARTESIAN_POINT('Ctrl Pts',(-0.970421512060268,1.15,-0.392574626983352));
#10052=CARTESIAN_POINT('Ctrl Pts',(-0.99635344113388,1.15,-0.39946279564353));
#10053=CARTESIAN_POINT('Ctrl Pts',(-1.03727726670317,1.15,-0.420127301624065));
#10054=CARTESIAN_POINT('Ctrl Pts',(-1.05307953598241,1.15,-0.436739943686848));
#10055=CARTESIAN_POINT('',(-0.970421512060268,11.8631928014015,-0.392574626983352));
#10056=CARTESIAN_POINT('Ctrl Pts',(-0.880064946694401,11.8631928014015,
-0.369884189043942));
#10057=CARTESIAN_POINT('Ctrl Pts',(-0.880064946694401,-9.56319280140146,
-0.369884189043942));
#10058=CARTESIAN_POINT('Ctrl Pts',(-0.903160571025587,11.8631928014015,
-0.376367171312345));
#10059=CARTESIAN_POINT('Ctrl Pts',(-0.903160571025587,-9.56319280140146,
-0.376367171312345));
#10060=CARTESIAN_POINT('Ctrl Pts',(-0.94165327824423,11.8631928014015,-0.385281271931399));
#10061=CARTESIAN_POINT('Ctrl Pts',(-0.94165327824423,-9.56319280140146,
-0.385281271931399));
#10062=CARTESIAN_POINT('Ctrl Pts',(-0.970421512060268,11.8631928014015,
-0.392574626983352));
#10063=CARTESIAN_POINT('Ctrl Pts',(-0.970421512060268,-9.56319280140146,
-0.392574626983352));
#10064=CARTESIAN_POINT('',(-0.880064946694401,1.15,-0.369884189043942));
#10065=CARTESIAN_POINT('Ctrl Pts',(-0.880064946694401,1.15,-0.369884189043942));
#10066=CARTESIAN_POINT('Ctrl Pts',(-0.903160571025587,1.15,-0.376367171312345));
#10067=CARTESIAN_POINT('Ctrl Pts',(-0.94165327824423,1.15,-0.385281271931399));
#10068=CARTESIAN_POINT('Ctrl Pts',(-0.970421512060268,1.15,-0.392574626983352));
#10069=CARTESIAN_POINT('',(-0.880064946694401,11.8631928014015,-0.369884189043942));
#10070=CARTESIAN_POINT('Ctrl Pts',(-0.818476615144573,11.8631928014015,
-0.293303960998432));
#10071=CARTESIAN_POINT('Ctrl Pts',(-0.818476615144573,-9.56319280140146,
-0.293303960998432));
#10072=CARTESIAN_POINT('Ctrl Pts',(-0.818476615144573,11.8631928014015,
-0.323287753989795));
#10073=CARTESIAN_POINT('Ctrl Pts',(-0.818476615144573,-9.56319280140146,
-0.323287753989795));
#10074=CARTESIAN_POINT('Ctrl Pts',(-0.848055221744162,11.8631928014015,
-0.360564902033113));
#10075=CARTESIAN_POINT('Ctrl Pts',(-0.848055221744162,-9.56319280140146,
-0.360564902033113));
#10076=CARTESIAN_POINT('Ctrl Pts',(-0.880064946694401,11.8631928014015,
-0.369884189043942));
#10077=CARTESIAN_POINT('Ctrl Pts',(-0.880064946694401,-9.56319280140146,
-0.369884189043942));
#10078=CARTESIAN_POINT('',(-0.818476615144573,1.15,-0.293303960998432));
#10079=CARTESIAN_POINT('Ctrl Pts',(-0.818476615144573,1.15,-0.293303960998432));
#10080=CARTESIAN_POINT('Ctrl Pts',(-0.818476615144573,1.15,-0.323287753989795));
#10081=CARTESIAN_POINT('Ctrl Pts',(-0.848055221744162,1.15,-0.360564902033113));
#10082=CARTESIAN_POINT('Ctrl Pts',(-0.880064946694401,1.15,-0.369884189043942));
#10083=CARTESIAN_POINT('',(-0.818476615144573,11.8631928014015,-0.293303960998432));
#10084=CARTESIAN_POINT('Ctrl Pts',(-0.929902872882749,11.8631928014015,
-0.209835564292743));
#10085=CARTESIAN_POINT('Ctrl Pts',(-0.929902872882749,-9.56319280140146,
-0.209835564292743));
#10086=CARTESIAN_POINT('Ctrl Pts',(-0.874797523601324,11.8631928014015,
-0.209835564292743));
#10087=CARTESIAN_POINT('Ctrl Pts',(-0.874797523601324,-9.56319280140146,
-0.209835564292743));
#10088=CARTESIAN_POINT('Ctrl Pts',(-0.818476615144573,11.8631928014015,
-0.255621626563339));
#10089=CARTESIAN_POINT('Ctrl Pts',(-0.818476615144573,-9.56319280140146,
-0.255621626563339));
#10090=CARTESIAN_POINT('Ctrl Pts',(-0.818476615144573,11.8631928014015,
-0.293303960998432));
#10091=CARTESIAN_POINT('Ctrl Pts',(-0.818476615144573,-9.56319280140146,
-0.293303960998432));
#10092=CARTESIAN_POINT('',(-0.929902872882749,1.15,-0.209835564292743));
#10093=CARTESIAN_POINT('Ctrl Pts',(-0.929902872882749,1.15,-0.209835564292743));
#10094=CARTESIAN_POINT('Ctrl Pts',(-0.874797523601324,1.15,-0.209835564292743));
#10095=CARTESIAN_POINT('Ctrl Pts',(-0.818476615144573,1.15,-0.255621626563339));
#10096=CARTESIAN_POINT('Ctrl Pts',(-0.818476615144573,1.15,-0.293303960998432));
#10097=CARTESIAN_POINT('',(-0.929902872882749,11.8631928014015,-0.209835564292743));
#10098=CARTESIAN_POINT('Ctrl Pts',(-1.0842788881491,11.8631928014015,-0.274665386976773));
#10099=CARTESIAN_POINT('Ctrl Pts',(-1.0842788881491,-9.56319280140146,-0.274665386976773));
#10100=CARTESIAN_POINT('Ctrl Pts',(-1.05145879041531,11.8631928014015,-0.243871221201859));
#10101=CARTESIAN_POINT('Ctrl Pts',(-1.05145879041531,-9.56319280140146,
-0.243871221201859));
#10102=CARTESIAN_POINT('Ctrl Pts',(-0.968395580101392,11.8631928014015,
-0.209835564292743));
#10103=CARTESIAN_POINT('Ctrl Pts',(-0.968395580101392,-9.56319280140146,
-0.209835564292743));
#10104=CARTESIAN_POINT('Ctrl Pts',(-0.929902872882749,11.8631928014015,
-0.209835564292743));
#10105=CARTESIAN_POINT('Ctrl Pts',(-0.929902872882749,-9.56319280140146,
-0.209835564292743));
#10106=CARTESIAN_POINT('',(-1.0842788881491,1.15,-0.274665386976773));
#10107=CARTESIAN_POINT('Ctrl Pts',(-1.0842788881491,1.15,-0.274665386976773));
#10108=CARTESIAN_POINT('Ctrl Pts',(-1.05145879041531,1.15,-0.243871221201859));
#10109=CARTESIAN_POINT('Ctrl Pts',(-0.968395580101392,1.15,-0.209835564292743));
#10110=CARTESIAN_POINT('Ctrl Pts',(-0.929902872882749,1.15,-0.209835564292743));
#10111=CARTESIAN_POINT('',(-1.0842788881491,11.8631928014015,-0.274665386976773));
#10112=CARTESIAN_POINT('Origin',(-1.0842788881491,11.8631928014015,-0.274665386976773));
#10113=CARTESIAN_POINT('',(-1.0891411248504,1.15,-0.274665386976773));
#10114=CARTESIAN_POINT('',(-0.542139444074549,1.15,-0.274665386976773));
#10115=CARTESIAN_POINT('',(-1.0891411248504,11.8631928014015,-0.274665386976773));
#10116=CARTESIAN_POINT('Origin',(-1.0891411248504,11.8631928014015,-0.274665386976773));
#10117=CARTESIAN_POINT('',(-1.0891411248504,1.15,-0.191196990271084));
#10118=CARTESIAN_POINT('',(-1.0891411248504,1.15,-0.137332693488386));
#10119=CARTESIAN_POINT('',(-1.0891411248504,11.8631928014015,-0.191196990271084));
#10120=CARTESIAN_POINT('Ctrl Pts',(-0.925040636181447,11.8631928014015,
-0.152299096660667));
#10121=CARTESIAN_POINT('Ctrl Pts',(-0.925040636181447,-9.56319280140146,
-0.152299096660667));
#10122=CARTESIAN_POINT('Ctrl Pts',(-0.979335612679322,11.8631928014015,
-0.152299096660667));
#10123=CARTESIAN_POINT('Ctrl Pts',(-0.979335612679322,-9.56319280140146,
-0.152299096660667));
#10124=CARTESIAN_POINT('Ctrl Pts',(-1.05551065433306,11.8631928014015,-0.174989534600077));
#10125=CARTESIAN_POINT('Ctrl Pts',(-1.05551065433306,-9.56319280140146,
-0.174989534600077));
#10126=CARTESIAN_POINT('Ctrl Pts',(-1.0891411248504,11.8631928014015,-0.191196990271084));
#10127=CARTESIAN_POINT('Ctrl Pts',(-1.0891411248504,-9.56319280140146,-0.191196990271084));
#10128=CARTESIAN_POINT('Ctrl Pts',(-0.925040636181447,1.15,-0.152299096660667));
#10129=CARTESIAN_POINT('Ctrl Pts',(-0.979335612679322,1.15,-0.152299096660667));
#10130=CARTESIAN_POINT('Ctrl Pts',(-1.05551065433306,1.15,-0.174989534600077));
#10131=CARTESIAN_POINT('Ctrl Pts',(-1.0891411248504,1.15,-0.191196990271084));
#10132=CARTESIAN_POINT('Origin',(0.547001525137807,11.8631928014015,-0.349624869455183));
#10133=CARTESIAN_POINT('',(0.736223570096819,1.15,-0.349624869455183));
#10134=CARTESIAN_POINT('',(0.547001525137807,1.15,-0.349624869455183));
#10135=CARTESIAN_POINT('',(0.273500762568903,1.15,-0.349624869455183));
#10136=CARTESIAN_POINT('',(0.736223570096819,1.14,-0.349624869455183));
#10137=CARTESIAN_POINT('',(0.736223570096819,11.8631928014015,-0.349624869455183));
#10138=CARTESIAN_POINT('',(0.547001525137807,1.14,-0.349624869455183));
#10139=CARTESIAN_POINT('',(0.273500762568903,1.14,-0.349624869455183));
#10140=CARTESIAN_POINT('',(0.547001525137807,11.8631928014015,-0.349624869455183));
#10141=CARTESIAN_POINT('Origin',(0.547001525137807,11.8631928014015,-0.410402828221461));
#10142=CARTESIAN_POINT('',(0.547001525137807,1.15,-0.410402828221461));
#10143=CARTESIAN_POINT('',(0.547001525137807,1.15,-0.20520141411073));
#10144=CARTESIAN_POINT('',(0.547001525137807,1.14,-0.410402828221461));
#10145=CARTESIAN_POINT('',(0.547001525137807,1.14,-0.20520141411073));
#10146=CARTESIAN_POINT('',(0.547001525137807,11.8631928014015,-0.410402828221461));
#10147=CARTESIAN_POINT('Origin',(0.736223570096819,11.8631928014015,-0.349624869455183));
#10148=CARTESIAN_POINT('',(0.736223570096819,1.15,-0.410402828221461));
#10149=CARTESIAN_POINT('',(0.736223570096819,1.15,-0.174812434727591));
#10150=CARTESIAN_POINT('',(0.736223570096819,1.14,-0.410402828221461));
#10151=CARTESIAN_POINT('',(0.736223570096819,11.8631928014015,-0.410402828221461));
#10152=CARTESIAN_POINT('',(0.736223570096819,1.14,-0.174812434727591));
#10153=CARTESIAN_POINT('Origin',(0.736223570096819,11.8631928014015,-0.410402828221461));
#10154=CARTESIAN_POINT('',(0.368111785048409,1.15,-0.410402828221461));
#10155=CARTESIAN_POINT('',(0.368111785048409,1.14,-0.410402828221461));
#10156=CARTESIAN_POINT('Origin',(-1.66533453693773E-15,1.14,2.77555756156289E-16));
#10157=CARTESIAN_POINT('Origin',(-1.66533453693773E-15,1.14,2.77555756156289E-16));
#10158=CARTESIAN_POINT('',(-1.28282022011894,1.14,-0.161213197279721));
#10159=CARTESIAN_POINT('',(-1.34927078837007,1.14,-0.161213197279721));
#10160=CARTESIAN_POINT('',(-0.674635394185035,1.14,-0.161213197279721));
#10161=CARTESIAN_POINT('',(-1.28282022011894,1.14,-0.602055991531124));
#10162=CARTESIAN_POINT('',(-1.28282022011894,1.14,-0.0806065986398602));
#10163=CARTESIAN_POINT('',(-1.11507305392401,1.14,-0.602055991531124));
#10164=CARTESIAN_POINT('',(-0.641410110059469,1.14,-0.602055991531124));
#10165=CARTESIAN_POINT('',(-1.11507305392401,1.14,-0.661213204730301));
#10166=CARTESIAN_POINT('',(-1.11507305392401,1.14,-0.301027995765562));
#10167=CARTESIAN_POINT('',(-1.517017954565,1.14,-0.661213204730301));
#10168=CARTESIAN_POINT('',(-0.557536526962006,1.14,-0.661213204730301));
#10169=CARTESIAN_POINT('',(-1.517017954565,1.14,-0.602055991531124));
#10170=CARTESIAN_POINT('',(-1.517017954565,1.14,-0.33060660236515));
#10171=CARTESIAN_POINT('',(-1.34927078837007,1.14,-0.602055991531124));
#10172=CARTESIAN_POINT('',(-0.758508977282498,1.14,-0.602055991531124));
#10173=CARTESIAN_POINT('',(-1.34927078837007,1.14,-0.301027995765562));
#10174=CARTESIAN_POINT('Origin',(-1.11507305392401,11.8631928014015,-0.602055991531124));
#10175=CARTESIAN_POINT('',(-1.11507305392401,1.15,-0.661213204730301));
#10176=CARTESIAN_POINT('',(-1.11507305392401,1.15,-0.602055991531124));
#10177=CARTESIAN_POINT('',(-1.11507305392401,1.15,-0.301027995765562));
#10178=CARTESIAN_POINT('',(-1.11507305392401,11.8631928014015,-0.661213204730301));
#10179=CARTESIAN_POINT('',(-1.11507305392401,11.8631928014015,-0.602055991531124));
#10180=CARTESIAN_POINT('Origin',(-1.28282022011894,11.8631928014015,-0.602055991531124));
#10181=CARTESIAN_POINT('',(-1.28282022011894,1.15,-0.602055991531124));
#10182=CARTESIAN_POINT('',(-0.641410110059469,1.15,-0.602055991531124));
#10183=CARTESIAN_POINT('',(-1.28282022011894,11.8631928014015,-0.602055991531124));
#10184=CARTESIAN_POINT('Origin',(-1.28282022011894,11.8631928014015,-0.161213197279721));
#10185=CARTESIAN_POINT('',(-1.28282022011894,1.15,-0.161213197279721));
#10186=CARTESIAN_POINT('',(-1.28282022011894,1.15,-0.0806065986398602));
#10187=CARTESIAN_POINT('',(-1.28282022011894,11.8631928014015,-0.161213197279721));
#10188=CARTESIAN_POINT('Origin',(-1.34927078837007,11.8631928014015,-0.161213197279721));
#10189=CARTESIAN_POINT('',(-1.34927078837007,1.15,-0.161213197279721));
#10190=CARTESIAN_POINT('',(-0.674635394185035,1.15,-0.161213197279721));
#10191=CARTESIAN_POINT('',(-1.34927078837007,11.8631928014015,-0.161213197279721));
#10192=CARTESIAN_POINT('Origin',(-1.11507305392401,11.8631928014015,-0.661213204730301));
#10193=CARTESIAN_POINT('',(-1.517017954565,1.15,-0.661213204730301));
#10194=CARTESIAN_POINT('',(-0.557536526962006,1.15,-0.661213204730301));
#10195=CARTESIAN_POINT('',(-1.517017954565,11.8631928014015,-0.661213204730301));
#10196=CARTESIAN_POINT('Origin',(-1.517017954565,11.8631928014015,-0.661213204730301));
#10197=CARTESIAN_POINT('',(-1.517017954565,1.15,-0.602055991531124));
#10198=CARTESIAN_POINT('',(-1.517017954565,1.15,-0.33060660236515));
#10199=CARTESIAN_POINT('',(-1.517017954565,11.8631928014015,-0.602055991531124));
#10200=CARTESIAN_POINT('Origin',(-1.517017954565,11.8631928014015,-0.602055991531124));
#10201=CARTESIAN_POINT('',(-1.34927078837007,1.15,-0.602055991531124));
#10202=CARTESIAN_POINT('',(-0.758508977282498,1.15,-0.602055991531124));
#10203=CARTESIAN_POINT('',(-1.34927078837007,11.8631928014015,-0.602055991531124));
#10204=CARTESIAN_POINT('Origin',(-1.34927078837007,11.8631928014015,-0.602055991531124));
#10205=CARTESIAN_POINT('',(-1.34927078837007,1.15,-0.301027995765562));
#10206=CARTESIAN_POINT('Ctrl Pts',(1.32901126126392,11.8631928014015,-0.149867978310015));
#10207=CARTESIAN_POINT('Ctrl Pts',(1.32901126126392,-9.56319280140146,-0.149867978310015));
#10208=CARTESIAN_POINT('Ctrl Pts',(1.2917341132206,11.8631928014015,-0.149867978310015));
#10209=CARTESIAN_POINT('Ctrl Pts',(1.2917341132206,-9.56319280140146,-0.149867978310015));
#10210=CARTESIAN_POINT('Ctrl Pts',(1.23055096806255,11.8631928014015,-0.172153229857651));
#10211=CARTESIAN_POINT('Ctrl Pts',(1.23055096806255,-9.56319280140146,-0.172153229857651));
#10212=CARTESIAN_POINT('Ctrl Pts',(1.20907608929846,11.8631928014015,-0.192817735838185));
#10213=CARTESIAN_POINT('Ctrl Pts',(1.20907608929846,-9.56319280140146,-0.192817735838185));
#10214=CARTESIAN_POINT('',(1.32901126126392,1.15,-0.149867978310015));
#10215=CARTESIAN_POINT('',(1.20907608929846,1.15,-0.192817735838185));
#10216=CARTESIAN_POINT('Ctrl Pts',(1.32901126126392,1.15,-0.149867978310015));
#10217=CARTESIAN_POINT('Ctrl Pts',(1.2917341132206,1.15,-0.149867978310015));
#10218=CARTESIAN_POINT('Ctrl Pts',(1.23055096806255,1.15,-0.172153229857651));
#10219=CARTESIAN_POINT('Ctrl Pts',(1.20907608929846,1.15,-0.192817735838185));
#10220=CARTESIAN_POINT('',(1.32901126126392,1.14,-0.149867978310015));
#10221=CARTESIAN_POINT('',(1.32901126126392,11.8631928014015,-0.149867978310015));
#10222=CARTESIAN_POINT('',(1.20907608929846,1.14,-0.192817735838185));
#10223=CARTESIAN_POINT('Ctrl Pts',(1.32901126126392,1.14,-0.149867978310015));
#10224=CARTESIAN_POINT('Ctrl Pts',(1.30415982923504,1.14,-0.149867978310015));
#10225=CARTESIAN_POINT('Ctrl Pts',(1.28153692236092,1.14,-0.153582186901288));
#10226=CARTESIAN_POINT('Ctrl Pts',(1.26114254064157,1.14,-0.161010604083833));
#10227=CARTESIAN_POINT('Ctrl Pts',(1.24074815892222,1.14,-0.168439021266378));
#10228=CARTESIAN_POINT('Ctrl Pts',(1.22339267514119,1.14,-0.179041398517829));
#10229=CARTESIAN_POINT('Ctrl Pts',(1.20907608929846,1.14,-0.192817735838185));
#10230=CARTESIAN_POINT('',(1.20907608929846,11.8631928014015,-0.192817735838185));
#10231=CARTESIAN_POINT('Ctrl Pts',(1.20907608929846,11.8631928014015,-0.192817735838185));
#10232=CARTESIAN_POINT('Ctrl Pts',(1.20907608929846,-9.56319280140146,-0.192817735838185));
#10233=CARTESIAN_POINT('Ctrl Pts',(1.18800639692615,11.8631928014015,-0.213077055426945));
#10234=CARTESIAN_POINT('Ctrl Pts',(1.18800639692615,-9.56319280140146,-0.213077055426945));
#10235=CARTESIAN_POINT('Ctrl Pts',(1.16612633177029,11.8631928014015,-0.26818240470837));
#10236=CARTESIAN_POINT('Ctrl Pts',(1.16612633177029,-9.56319280140146,-0.26818240470837));
#10237=CARTESIAN_POINT('Ctrl Pts',(1.16612633177029,11.8631928014015,-0.299381756875059));
#10238=CARTESIAN_POINT('Ctrl Pts',(1.16612633177029,-9.56319280140146,-0.299381756875059));
#10239=CARTESIAN_POINT('',(1.16612633177029,1.15,-0.299381756875059));
#10240=CARTESIAN_POINT('Ctrl Pts',(1.20907608929846,1.15,-0.192817735838185));
#10241=CARTESIAN_POINT('Ctrl Pts',(1.18800639692615,1.15,-0.213077055426945));
#10242=CARTESIAN_POINT('Ctrl Pts',(1.16612633177029,1.15,-0.26818240470837));
#10243=CARTESIAN_POINT('Ctrl Pts',(1.16612633177029,1.15,-0.299381756875059));
#10244=CARTESIAN_POINT('',(1.16612633177029,1.14,-0.299381756875059));
#10245=CARTESIAN_POINT('Ctrl Pts',(1.20907608929846,1.14,-0.192817735838185));
#10246=CARTESIAN_POINT('Ctrl Pts',(1.19502962771692,1.14,-0.206323948897358));
#10247=CARTESIAN_POINT('Ctrl Pts',(1.18435971940018,1.14,-0.222261280307182));
#10248=CARTESIAN_POINT('Ctrl Pts',(1.17706636434822,1.14,-0.240629730067657));
#10249=CARTESIAN_POINT('Ctrl Pts',(1.16977300929627,1.14,-0.258998179828132));
#10250=CARTESIAN_POINT('Ctrl Pts',(1.16612633177029,1.14,-0.278582188763933));
#10251=CARTESIAN_POINT('Ctrl Pts',(1.16612633177029,1.14,-0.299381756875059));
#10252=CARTESIAN_POINT('',(1.16612633177029,11.8631928014015,-0.299381756875059));
#10253=CARTESIAN_POINT('Ctrl Pts',(1.16612633177029,11.8631928014015,-0.299381756875059));
#10254=CARTESIAN_POINT('Ctrl Pts',(1.16612633177029,-9.56319280140146,-0.299381756875059));
#10255=CARTESIAN_POINT('Ctrl Pts',(1.16612633177029,11.8631928014015,-0.339900396052578));
#10256=CARTESIAN_POINT('Ctrl Pts',(1.16612633177029,-9.56319280140146,-0.339900396052578));
#10257=CARTESIAN_POINT('Ctrl Pts',(1.20948127569024,11.8631928014015,-0.407971709870809));
#10258=CARTESIAN_POINT('Ctrl Pts',(1.20948127569024,-9.56319280140146,-0.407971709870809));
#10259=CARTESIAN_POINT('Ctrl Pts',(1.25081028765131,11.8631928014015,-0.428231029459569));
#10260=CARTESIAN_POINT('Ctrl Pts',(1.25081028765131,-9.56319280140146,-0.428231029459569));
#10261=CARTESIAN_POINT('',(1.25081028765131,1.15,-0.428231029459569));
#10262=CARTESIAN_POINT('Ctrl Pts',(1.16612633177029,1.15,-0.299381756875059));
#10263=CARTESIAN_POINT('Ctrl Pts',(1.16612633177029,1.15,-0.339900396052578));
#10264=CARTESIAN_POINT('Ctrl Pts',(1.20948127569024,1.15,-0.407971709870809));
#10265=CARTESIAN_POINT('Ctrl Pts',(1.25081028765131,1.15,-0.428231029459569));
#10266=CARTESIAN_POINT('',(1.25081028765131,1.14,-0.428231029459569));
#10267=CARTESIAN_POINT('Ctrl Pts',(1.16612633177029,1.14,-0.299381756875059));
#10268=CARTESIAN_POINT('Ctrl Pts',(1.16612633177029,1.14,-0.326394182993405));
#10269=CARTESIAN_POINT('Ctrl Pts',(1.17335215575695,1.14,-0.351245615022283));
#10270=CARTESIAN_POINT('Ctrl Pts',(1.18780380373026,1.14,-0.373936052961694));
#10271=CARTESIAN_POINT('Ctrl Pts',(1.20225545170358,1.14,-0.396626490901104));
#10272=CARTESIAN_POINT('Ctrl Pts',(1.22325761301059,1.14,-0.414724816400396));
#10273=CARTESIAN_POINT('Ctrl Pts',(1.25081028765131,1.14,-0.428231029459569));
#10274=CARTESIAN_POINT('',(1.25081028765131,11.8631928014015,-0.428231029459569));
#10275=CARTESIAN_POINT('Origin',(1.25081028765131,11.8631928014015,-0.430256961418445));
#10276=CARTESIAN_POINT('',(1.25081028765131,1.15,-0.430256961418445));
#10277=CARTESIAN_POINT('',(1.25081028765131,1.15,-0.215128480709222));
#10278=CARTESIAN_POINT('',(1.25081028765131,1.14,-0.430256961418445));
#10279=CARTESIAN_POINT('',(1.25081028765131,1.14,-0.215128480709222));
#10280=CARTESIAN_POINT('',(1.25081028765131,11.8631928014015,-0.430256961418445));
#10281=CARTESIAN_POINT('Ctrl Pts',(1.25081028765131,11.8631928014015,-0.430256961418445));
#10282=CARTESIAN_POINT('Ctrl Pts',(1.25081028765131,-9.56319280140146,-0.430256961418445));
#10283=CARTESIAN_POINT('Ctrl Pts',(1.21393832599976,11.8631928014015,-0.45173184018253));
#10284=CARTESIAN_POINT('Ctrl Pts',(1.21393832599976,-9.56319280140146,-0.45173184018253));
#10285=CARTESIAN_POINT('Ctrl Pts',(1.17828192352355,11.8631928014015,-0.502785325546203));
#10286=CARTESIAN_POINT('Ctrl Pts',(1.17828192352355,-9.56319280140146,-0.502785325546203));
#10287=CARTESIAN_POINT('Ctrl Pts',(1.17828192352355,11.8631928014015,-0.540872846373071));
#10288=CARTESIAN_POINT('Ctrl Pts',(1.17828192352355,-9.56319280140146,-0.540872846373071));
#10289=CARTESIAN_POINT('',(1.17828192352355,1.15,-0.540872846373071));
#10290=CARTESIAN_POINT('Ctrl Pts',(1.25081028765131,1.15,-0.430256961418445));
#10291=CARTESIAN_POINT('Ctrl Pts',(1.21393832599976,1.15,-0.45173184018253));
#10292=CARTESIAN_POINT('Ctrl Pts',(1.17828192352355,1.15,-0.502785325546203));
#10293=CARTESIAN_POINT('Ctrl Pts',(1.17828192352355,1.15,-0.540872846373071));
#10294=CARTESIAN_POINT('',(1.17828192352355,1.14,-0.540872846373071));
#10295=CARTESIAN_POINT('Ctrl Pts',(1.25081028765131,1.14,-0.430256961418445));
#10296=CARTESIAN_POINT('Ctrl Pts',(1.22622897988361,1.14,-0.444573547261168));
#10297=CARTESIAN_POINT('Ctrl Pts',(1.20799559225373,1.14,-0.460240754409809));
#10298=CARTESIAN_POINT('Ctrl Pts',(1.19611012476166,1.14,-0.477258582864367));
#10299=CARTESIAN_POINT('Ctrl Pts',(1.18422465726958,1.14,-0.494276411318924));
#10300=CARTESIAN_POINT('Ctrl Pts',(1.17828192352355,1.14,-0.515481165821826));
#10301=CARTESIAN_POINT('Ctrl Pts',(1.17828192352355,1.14,-0.540872846373071));
#10302=CARTESIAN_POINT('',(1.17828192352355,11.8631928014015,-0.540872846373071));
#10303=CARTESIAN_POINT('Ctrl Pts',(1.32982163404747,11.8631928014015,-0.199705904498363));
#10304=CARTESIAN_POINT('Ctrl Pts',(1.32982163404747,-9.56319280140146,-0.199705904498363));
#10305=CARTESIAN_POINT('Ctrl Pts',(1.2884926220864,11.8631928014015,-0.199705904498363));
#10306=CARTESIAN_POINT('Ctrl Pts',(1.2884926220864,-9.56319280140146,-0.199705904498363));
#10307=CARTESIAN_POINT('Ctrl Pts',(1.23379245919675,11.8631928014015,-0.258863117697541));
#10308=CARTESIAN_POINT('Ctrl Pts',(1.23379245919675,-9.56319280140146,-0.258863117697541));
#10309=CARTESIAN_POINT('Ctrl Pts',(1.23379245919675,11.8631928014015,-0.304243993576362));
#10310=CARTESIAN_POINT('Ctrl Pts',(1.23379245919675,-9.56319280140146,-0.304243993576362));
#10311=CARTESIAN_POINT('',(1.23379245919675,1.15,-0.304243993576362));
#10312=CARTESIAN_POINT('',(1.32982163404747,1.15,-0.199705904498363));
#10313=CARTESIAN_POINT('Ctrl Pts',(1.23379245919675,1.15,-0.304243993576362));
#10314=CARTESIAN_POINT('Ctrl Pts',(1.23379245919675,1.15,-0.258863117697541));
#10315=CARTESIAN_POINT('Ctrl Pts',(1.2884926220864,1.15,-0.199705904498363));
#10316=CARTESIAN_POINT('Ctrl Pts',(1.32982163404747,1.15,-0.199705904498363));
#10317=CARTESIAN_POINT('',(1.23379245919675,1.14,-0.304243993576362));
#10318=CARTESIAN_POINT('',(1.23379245919675,11.8631928014015,-0.304243993576362));
#10319=CARTESIAN_POINT('',(1.32982163404747,1.14,-0.199705904498363));
#10320=CARTESIAN_POINT('Ctrl Pts',(1.23379245919675,1.14,-0.304243993576362));
#10321=CARTESIAN_POINT('Ctrl Pts',(1.23379245919675,1.14,-0.273990076323814));
#10322=CARTESIAN_POINT('Ctrl Pts',(1.24290915301169,1.14,-0.249003582164344));
#10323=CARTESIAN_POINT('Ctrl Pts',(1.26114254064157,1.14,-0.229284511097952));
#10324=CARTESIAN_POINT('Ctrl Pts',(1.27937592827146,1.14,-0.20956544003156));
#10325=CARTESIAN_POINT('Ctrl Pts',(1.30226895940676,1.14,-0.199705904498363));
#10326=CARTESIAN_POINT('Ctrl Pts',(1.32982163404747,1.14,-0.199705904498363));
#10327=CARTESIAN_POINT('',(1.32982163404747,11.8631928014015,-0.199705904498363));
#10328=CARTESIAN_POINT('Ctrl Pts',(1.23379245919675,11.8631928014015,-0.304243993576362));
#10329=CARTESIAN_POINT('Ctrl Pts',(1.23379245919675,-9.56319280140146,-0.304243993576362));
#10330=CARTESIAN_POINT('Ctrl Pts',(1.23379245919675,11.8631928014015,-0.338684836877253));
#10331=CARTESIAN_POINT('Ctrl Pts',(1.23379245919675,-9.56319280140146,-0.338684836877253));
#10332=CARTESIAN_POINT('Ctrl Pts',(1.26337106579634,11.8631928014015,-0.392979813375128));
#10333=CARTESIAN_POINT('Ctrl Pts',(1.26337106579634,-9.56319280140146,-0.392979813375128));
#10334=CARTESIAN_POINT('Ctrl Pts',(1.29092374043705,11.8631928014015,-0.411213201005011));
#10335=CARTESIAN_POINT('Ctrl Pts',(1.29092374043705,-9.56319280140146,-0.411213201005011));
#10336=CARTESIAN_POINT('',(1.29092374043705,1.15,-0.411213201005011));
#10337=CARTESIAN_POINT('Ctrl Pts',(1.29092374043705,1.15,-0.411213201005011));
#10338=CARTESIAN_POINT('Ctrl Pts',(1.26337106579634,1.15,-0.392979813375128));
#10339=CARTESIAN_POINT('Ctrl Pts',(1.23379245919675,1.15,-0.338684836877253));
#10340=CARTESIAN_POINT('Ctrl Pts',(1.23379245919675,1.15,-0.304243993576362));
#10341=CARTESIAN_POINT('',(1.29092374043705,1.14,-0.411213201005011));
#10342=CARTESIAN_POINT('',(1.29092374043705,11.8631928014015,-0.411213201005011));
#10343=CARTESIAN_POINT('Ctrl Pts',(1.29092374043705,1.14,-0.411213201005011));
#10344=CARTESIAN_POINT('Ctrl Pts',(1.27255529067657,1.14,-0.399057609251755));
#10345=CARTESIAN_POINT('Ctrl Pts',(1.25844129802974,1.14,-0.383930650625482));
#10346=CARTESIAN_POINT('Ctrl Pts',(1.24858176249654,1.14,-0.36583232512619));
#10347=CARTESIAN_POINT('Ctrl Pts',(1.23872222696335,1.14,-0.347733999626898));
#10348=CARTESIAN_POINT('Ctrl Pts',(1.23379245919675,1.14,-0.327204555776956));
#10349=CARTESIAN_POINT('Ctrl Pts',(1.23379245919675,1.14,-0.304243993576362));
#10350=CARTESIAN_POINT('Ctrl Pts',(1.36385729095658,11.8631928014015,-0.444438485130576));
#10351=CARTESIAN_POINT('Ctrl Pts',(1.36385729095658,-9.56319280140146,-0.444438485130576));
#10352=CARTESIAN_POINT('Ctrl Pts',(1.34643427611025,11.8631928014015,-0.450111094615429));
#10353=CARTESIAN_POINT('Ctrl Pts',(1.34643427611025,-9.56319280140146,-0.450111094615429));
#10354=CARTESIAN_POINT('Ctrl Pts',(1.30348451858208,11.8631928014015,-0.469965227812413));
#10355=CARTESIAN_POINT('Ctrl Pts',(1.30348451858208,-9.56319280140146,-0.469965227812413));
#10356=CARTESIAN_POINT('Ctrl Pts',(1.2933548587877,11.8631928014015,-0.475637837297266));
#10357=CARTESIAN_POINT('Ctrl Pts',(1.2933548587877,-9.56319280140146,-0.475637837297266));
#10358=CARTESIAN_POINT('',(1.2933548587877,1.15,-0.475637837297266));
#10359=CARTESIAN_POINT('',(1.36385729095658,1.15,-0.444438485130576));
#10360=CARTESIAN_POINT('Ctrl Pts',(1.2933548587877,1.15,-0.475637837297266));
#10361=CARTESIAN_POINT('Ctrl Pts',(1.30348451858208,1.15,-0.469965227812413));
#10362=CARTESIAN_POINT('Ctrl Pts',(1.34643427611025,1.15,-0.450111094615429));
#10363=CARTESIAN_POINT('Ctrl Pts',(1.36385729095658,1.15,-0.444438485130576));
#10364=CARTESIAN_POINT('',(1.2933548587877,1.14,-0.475637837297266));
#10365=CARTESIAN_POINT('',(1.2933548587877,11.8631928014015,-0.475637837297266));
#10366=CARTESIAN_POINT('',(1.36385729095658,1.14,-0.444438485130576));
#10367=CARTESIAN_POINT('Ctrl Pts',(1.2933548587877,1.14,-0.475637837297266));
#10368=CARTESIAN_POINT('Ctrl Pts',(1.30010796531729,1.14,-0.471856097640697));
#10369=CARTESIAN_POINT('Ctrl Pts',(1.31064281150344,1.14,-0.466656205612916));
#10370=CARTESIAN_POINT('Ctrl Pts',(1.32495939734617,1.14,-0.460038161213921));
#10371=CARTESIAN_POINT('Ctrl Pts',(1.33927598318889,1.14,-0.453420116814926));
#10372=CARTESIAN_POINT('Ctrl Pts',(1.35224194772569,1.14,-0.448220224787145));
#10373=CARTESIAN_POINT('Ctrl Pts',(1.36385729095658,1.14,-0.444438485130576));
#10374=CARTESIAN_POINT('',(1.36385729095658,11.8631928014015,-0.444438485130576));
#10375=CARTESIAN_POINT('Ctrl Pts',(1.2933548587877,11.8631928014015,-0.475637837297266));
#10376=CARTESIAN_POINT('Ctrl Pts',(1.2933548587877,-9.56319280140146,-0.475637837297266));
#10377=CARTESIAN_POINT('Ctrl Pts',(1.26944886167296,11.8631928014015,-0.489414174617622));
#10378=CARTESIAN_POINT('Ctrl Pts',(1.26944886167296,-9.56319280140146,-0.489414174617622));
#10379=CARTESIAN_POINT('Ctrl Pts',(1.24554286455823,11.8631928014015,-0.523855017918513));
#10380=CARTESIAN_POINT('Ctrl Pts',(1.24554286455823,-9.56319280140146,-0.523855017918513));
#10381=CARTESIAN_POINT('Ctrl Pts',(1.24554286455823,11.8631928014015,-0.548571387816799));
#10382=CARTESIAN_POINT('Ctrl Pts',(1.24554286455823,-9.56319280140146,-0.548571387816799));
#10383=CARTESIAN_POINT('',(1.24554286455823,1.15,-0.548571387816799));
#10384=CARTESIAN_POINT('Ctrl Pts',(1.24554286455823,1.15,-0.548571387816799));
#10385=CARTESIAN_POINT('Ctrl Pts',(1.24554286455823,1.15,-0.523855017918513));
#10386=CARTESIAN_POINT('Ctrl Pts',(1.26944886167296,1.15,-0.489414174617622));
#10387=CARTESIAN_POINT('Ctrl Pts',(1.2933548587877,1.15,-0.475637837297266));
#10388=CARTESIAN_POINT('',(1.24554286455823,1.14,-0.548571387816799));
#10389=CARTESIAN_POINT('',(1.24554286455823,11.8631928014015,-0.548571387816799));
#10390=CARTESIAN_POINT('Ctrl Pts',(1.24554286455823,1.14,-0.548571387816799));
#10391=CARTESIAN_POINT('Ctrl Pts',(1.24554286455823,1.14,-0.532093807884608));
#10392=CARTESIAN_POINT('Ctrl Pts',(1.24952719741068,1.14,-0.518114877368364));
#10393=CARTESIAN_POINT('Ctrl Pts',(1.2574958631156,1.14,-0.506634596268068));
#10394=CARTESIAN_POINT('Ctrl Pts',(1.26546452882051,1.14,-0.495154315167771));
#10395=CARTESIAN_POINT('Ctrl Pts',(1.27741752737788,1.14,-0.484822062177503));
#10396=CARTESIAN_POINT('Ctrl Pts',(1.2933548587877,1.14,-0.475637837297266));
#10397=CARTESIAN_POINT('Ctrl Pts',(1.49189619075754,11.8631928014015,-0.300597316050385));
#10398=CARTESIAN_POINT('Ctrl Pts',(1.49189619075754,-9.56319280140146,-0.300597316050385));
#10399=CARTESIAN_POINT('Ctrl Pts',(1.49189619075754,11.8631928014015,-0.236577866149905));
#10400=CARTESIAN_POINT('Ctrl Pts',(1.49189619075754,-9.56319280140146,-0.236577866149905));
#10401=CARTESIAN_POINT('Ctrl Pts',(1.39870332064925,11.8631928014015,-0.149867978310015));
#10402=CARTESIAN_POINT('Ctrl Pts',(1.39870332064925,-9.56319280140146,-0.149867978310015));
#10403=CARTESIAN_POINT('Ctrl Pts',(1.32901126126392,11.8631928014015,-0.149867978310015));
#10404=CARTESIAN_POINT('Ctrl Pts',(1.32901126126392,-9.56319280140146,-0.149867978310015));
#10405=CARTESIAN_POINT('',(1.49189619075754,1.15,-0.300597316050385));
#10406=CARTESIAN_POINT('Ctrl Pts',(1.49189619075754,1.15,-0.300597316050385));
#10407=CARTESIAN_POINT('Ctrl Pts',(1.49189619075754,1.15,-0.236577866149905));
#10408=CARTESIAN_POINT('Ctrl Pts',(1.39870332064925,1.15,-0.149867978310015));
#10409=CARTESIAN_POINT('Ctrl Pts',(1.32901126126392,1.15,-0.149867978310015));
#10410=CARTESIAN_POINT('',(1.49189619075754,1.14,-0.300597316050385));
#10411=CARTESIAN_POINT('',(1.49189619075754,11.8631928014015,-0.300597316050385));
#10412=CARTESIAN_POINT('Ctrl Pts',(1.49189619075754,1.14,-0.300597316050385));
#10413=CARTESIAN_POINT('Ctrl Pts',(1.49189619075754,1.14,-0.257917682783399));
#10414=CARTESIAN_POINT('Ctrl Pts',(1.47636404573949,1.14,-0.22212621817659));
#10415=CARTESIAN_POINT('Ctrl Pts',(1.4452997557034,1.14,-0.19322292222996));
#10416=CARTESIAN_POINT('Ctrl Pts',(1.4142354656673,1.14,-0.16431962628333));
#10417=CARTESIAN_POINT('Ctrl Pts',(1.37547263418747,1.14,-0.149867978310015));
#10418=CARTESIAN_POINT('Ctrl Pts',(1.32901126126392,1.14,-0.149867978310015));
#10419=CARTESIAN_POINT('Ctrl Pts',(1.40316037095878,11.8631928014015,-0.425394724717142));
#10420=CARTESIAN_POINT('Ctrl Pts',(1.40316037095878,-9.56319280140146,-0.425394724717142));
#10421=CARTESIAN_POINT('Ctrl Pts',(1.4469205012705,11.8631928014015,-0.405135405128383));
#10422=CARTESIAN_POINT('Ctrl Pts',(1.4469205012705,-9.56319280140146,-0.405135405128383));
#10423=CARTESIAN_POINT('Ctrl Pts',(1.49189619075754,11.8631928014015,-0.346788564712756));
#10424=CARTESIAN_POINT('Ctrl Pts',(1.49189619075754,-9.56319280140146,-0.346788564712756));
#10425=CARTESIAN_POINT('Ctrl Pts',(1.49189619075754,11.8631928014015,-0.300597316050385));
#10426=CARTESIAN_POINT('Ctrl Pts',(1.49189619075754,-9.56319280140146,-0.300597316050385));
#10427=CARTESIAN_POINT('',(1.40316037095878,1.15,-0.425394724717142));
#10428=CARTESIAN_POINT('Ctrl Pts',(1.40316037095878,1.15,-0.425394724717142));
#10429=CARTESIAN_POINT('Ctrl Pts',(1.4469205012705,1.15,-0.405135405128383));
#10430=CARTESIAN_POINT('Ctrl Pts',(1.49189619075754,1.15,-0.346788564712756));
#10431=CARTESIAN_POINT('Ctrl Pts',(1.49189619075754,1.15,-0.300597316050385));
#10432=CARTESIAN_POINT('',(1.40316037095878,1.14,-0.425394724717142));
#10433=CARTESIAN_POINT('',(1.40316037095878,11.8631928014015,-0.425394724717142));
#10434=CARTESIAN_POINT('Ctrl Pts',(1.40316037095878,1.14,-0.425394724717142));
#10435=CARTESIAN_POINT('Ctrl Pts',(1.43233379116659,1.14,-0.41188851165797));
#10436=CARTESIAN_POINT('Ctrl Pts',(1.45441644951834,1.14,-0.395410931725779));
#10437=CARTESIAN_POINT('Ctrl Pts',(1.46940834601402,1.14,-0.37596198492057));
#10438=CARTESIAN_POINT('Ctrl Pts',(1.4844002425097,1.14,-0.356513038115361));
#10439=CARTESIAN_POINT('Ctrl Pts',(1.49189619075754,1.14,-0.331391481825299));
#10440=CARTESIAN_POINT('Ctrl Pts',(1.49189619075754,1.14,-0.300597316050385));
#10441=CARTESIAN_POINT('Origin',(1.40316037095878,11.8631928014015,-0.425394724717142));
#10442=CARTESIAN_POINT('',(1.40316037095878,1.15,-0.427420656676019));
#10443=CARTESIAN_POINT('',(1.40316037095878,1.15,-0.212697362358571));
#10444=CARTESIAN_POINT('',(1.40316037095878,1.14,-0.427420656676019));
#10445=CARTESIAN_POINT('',(1.40316037095878,11.8631928014015,-0.427420656676019));
#10446=CARTESIAN_POINT('',(1.40316037095878,1.14,-0.212697362358571));
#10447=CARTESIAN_POINT('Ctrl Pts',(1.47933541261251,11.8631928014015,-0.545329896682598));
#10448=CARTESIAN_POINT('Ctrl Pts',(1.47933541261251,-9.56319280140146,-0.545329896682598));
#10449=CARTESIAN_POINT('Ctrl Pts',(1.47933541261251,11.8631928014015,-0.511699426165257));
#10450=CARTESIAN_POINT('Ctrl Pts',(1.47933541261251,-9.56319280140146,-0.511699426165257));
#10451=CARTESIAN_POINT('Ctrl Pts',(1.44003233261032,11.8631928014015,-0.446059230697677));
#10452=CARTESIAN_POINT('Ctrl Pts',(1.44003233261032,-9.56319280140146,-0.446059230697677));
#10453=CARTESIAN_POINT('Ctrl Pts',(1.40316037095878,11.8631928014015,-0.427420656676018));
#10454=CARTESIAN_POINT('Ctrl Pts',(1.40316037095878,-9.56319280140146,-0.427420656676018));
#10455=CARTESIAN_POINT('',(1.47933541261251,1.15,-0.545329896682598));
#10456=CARTESIAN_POINT('Ctrl Pts',(1.47933541261251,1.15,-0.545329896682598));
#10457=CARTESIAN_POINT('Ctrl Pts',(1.47933541261251,1.15,-0.511699426165257));
#10458=CARTESIAN_POINT('Ctrl Pts',(1.44003233261032,1.15,-0.446059230697677));
#10459=CARTESIAN_POINT('Ctrl Pts',(1.40316037095878,1.15,-0.427420656676018));
#10460=CARTESIAN_POINT('',(1.47933541261251,1.14,-0.545329896682598));
#10461=CARTESIAN_POINT('',(1.47933541261251,11.8631928014015,-0.545329896682598));
#10462=CARTESIAN_POINT('Ctrl Pts',(1.47933541261251,1.14,-0.545329896682598));
#10463=CARTESIAN_POINT('Ctrl Pts',(1.47933541261251,1.14,-0.522909583004371));
#10464=CARTESIAN_POINT('Ctrl Pts',(1.47278489927881,1.14,-0.500759393587327));
#10465=CARTESIAN_POINT('Ctrl Pts',(1.45968387261141,1.14,-0.478879328431467));
#10466=CARTESIAN_POINT('Ctrl Pts',(1.44658284594402,1.14,-0.456999263275607));
#10467=CARTESIAN_POINT('Ctrl Pts',(1.42774167872647,1.14,-0.439846372690457));
#10468=CARTESIAN_POINT('Ctrl Pts',(1.40316037095878,1.14,-0.427420656676018));
#10469=CARTESIAN_POINT('Ctrl Pts',(1.32901126126392,11.8631928014015,-0.672558423700007));
#10470=CARTESIAN_POINT('Ctrl Pts',(1.32901126126392,-9.56319280140146,-0.672558423700007));
#10471=CARTESIAN_POINT('Ctrl Pts',(1.39708257508215,11.8631928014015,-0.672558423700007));
#10472=CARTESIAN_POINT('Ctrl Pts',(1.39708257508215,-9.56319280140146,-0.672558423700007));
#10473=CARTESIAN_POINT('Ctrl Pts',(1.47933541261251,11.8631928014015,-0.601245618747574));
#10474=CARTESIAN_POINT('Ctrl Pts',(1.47933541261251,-9.56319280140146,-0.601245618747574));
#10475=CARTESIAN_POINT('Ctrl Pts',(1.47933541261251,11.8631928014015,-0.545329896682598));
#10476=CARTESIAN_POINT('Ctrl Pts',(1.47933541261251,-9.56319280140146,-0.545329896682598));
#10477=CARTESIAN_POINT('',(1.32901126126392,1.15,-0.672558423700007));
#10478=CARTESIAN_POINT('Ctrl Pts',(1.32901126126392,1.15,-0.672558423700007));
#10479=CARTESIAN_POINT('Ctrl Pts',(1.39708257508215,1.15,-0.672558423700007));
#10480=CARTESIAN_POINT('Ctrl Pts',(1.47933541261251,1.15,-0.601245618747574));
#10481=CARTESIAN_POINT('Ctrl Pts',(1.47933541261251,1.15,-0.545329896682598));
#10482=CARTESIAN_POINT('',(1.32901126126392,1.14,-0.672558423700007));
#10483=CARTESIAN_POINT('',(1.32901126126392,11.8631928014015,-0.672558423700007));
#10484=CARTESIAN_POINT('Ctrl Pts',(1.32901126126392,1.14,-0.672558423700007));
#10485=CARTESIAN_POINT('Ctrl Pts',(1.37439213714274,1.14,-0.672558423700007));
#10486=CARTESIAN_POINT('Ctrl Pts',(1.41079138133721,1.14,-0.660672956207934));
#10487=CARTESIAN_POINT('Ctrl Pts',(1.43820899384733,1.14,-0.63690202122379));
#10488=CARTESIAN_POINT('Ctrl Pts',(1.46562660635745,1.14,-0.613131086239646));
#10489=CARTESIAN_POINT('Ctrl Pts',(1.47933541261251,1.14,-0.582607044725915));
#10490=CARTESIAN_POINT('Ctrl Pts',(1.47933541261251,1.14,-0.545329896682598));
#10491=CARTESIAN_POINT('Ctrl Pts',(1.17828192352355,11.8631928014015,-0.540872846373071));
#10492=CARTESIAN_POINT('Ctrl Pts',(1.17828192352355,-9.56319280140146,-0.540872846373071));
#10493=CARTESIAN_POINT('Ctrl Pts',(1.17828192352355,11.8631928014015,-0.597193754829822));
#10494=CARTESIAN_POINT('Ctrl Pts',(1.17828192352355,-9.56319280140146,-0.597193754829822));
#10495=CARTESIAN_POINT('Ctrl Pts',(1.26337106579634,11.8631928014015,-0.672558423700007));
#10496=CARTESIAN_POINT('Ctrl Pts',(1.26337106579634,-9.56319280140146,-0.672558423700007));
#10497=CARTESIAN_POINT('Ctrl Pts',(1.32901126126392,11.8631928014015,-0.672558423700007));
#10498=CARTESIAN_POINT('Ctrl Pts',(1.32901126126392,-9.56319280140146,-0.672558423700007));
#10499=CARTESIAN_POINT('Ctrl Pts',(1.17828192352355,1.15,-0.540872846373071));
#10500=CARTESIAN_POINT('Ctrl Pts',(1.17828192352355,1.15,-0.597193754829822));
#10501=CARTESIAN_POINT('Ctrl Pts',(1.26337106579634,1.15,-0.672558423700007));
#10502=CARTESIAN_POINT('Ctrl Pts',(1.32901126126392,1.15,-0.672558423700007));
#10503=CARTESIAN_POINT('Ctrl Pts',(1.17828192352355,1.14,-0.540872846373071));
#10504=CARTESIAN_POINT('Ctrl Pts',(1.17828192352355,1.14,-0.578420118677571));
#10505=CARTESIAN_POINT('Ctrl Pts',(1.19246344723568,1.14,-0.609754532974852));
#10506=CARTESIAN_POINT('Ctrl Pts',(1.22082649465994,1.14,-0.634876089264914));
#10507=CARTESIAN_POINT('Ctrl Pts',(1.24918954208421,1.14,-0.659997645554976));
#10508=CARTESIAN_POINT('Ctrl Pts',(1.2852511309522,1.14,-0.672558423700007));
#10509=CARTESIAN_POINT('Ctrl Pts',(1.32901126126392,1.14,-0.672558423700007));
#10510=CARTESIAN_POINT('Ctrl Pts',(1.29092374043705,11.8631928014015,-0.411213201005011));
#10511=CARTESIAN_POINT('Ctrl Pts',(1.29092374043705,-9.56319280140146,-0.411213201005011));
#10512=CARTESIAN_POINT('Ctrl Pts',(1.31482973755179,11.8631928014015,-0.401488727602407));
#10513=CARTESIAN_POINT('Ctrl Pts',(1.31482973755179,-9.56319280140146,-0.401488727602407));
#10514=CARTESIAN_POINT('Ctrl Pts',(1.35291725837865,11.8631928014015,-0.386496831106725));
#10515=CARTESIAN_POINT('Ctrl Pts',(1.35291725837865,-9.56319280140146,-0.386496831106725));
#10516=CARTESIAN_POINT('Ctrl Pts',(1.36426247734836,11.8631928014015,-0.380013848838322));
#10517=CARTESIAN_POINT('Ctrl Pts',(1.36426247734836,-9.56319280140146,-0.380013848838322));
#10518=CARTESIAN_POINT('',(1.36426247734836,1.15,-0.380013848838322));
#10519=CARTESIAN_POINT('Ctrl Pts',(1.36426247734836,1.15,-0.380013848838322));
#10520=CARTESIAN_POINT('Ctrl Pts',(1.35291725837865,1.15,-0.386496831106725));
#10521=CARTESIAN_POINT('Ctrl Pts',(1.31482973755179,1.15,-0.401488727602407));
#10522=CARTESIAN_POINT('Ctrl Pts',(1.29092374043705,1.15,-0.411213201005011));
#10523=CARTESIAN_POINT('',(1.36426247734836,1.14,-0.380013848838322));
#10524=CARTESIAN_POINT('',(1.36426247734836,11.8631928014015,-0.380013848838322));
#10525=CARTESIAN_POINT('Ctrl Pts',(1.36426247734836,1.14,-0.380013848838322));
#10526=CARTESIAN_POINT('Ctrl Pts',(1.35669899803522,1.14,-0.384335837017257));
#10527=CARTESIAN_POINT('Ctrl Pts',(1.34656933824084,1.14,-0.388995480522672));
#10528=CARTESIAN_POINT('Ctrl Pts',(1.33387349796522,1.14,-0.393992779354566));
#10529=CARTESIAN_POINT('Ctrl Pts',(1.3211776576896,1.14,-0.398990078186459));
#10530=CARTESIAN_POINT('Ctrl Pts',(1.30686107184687,1.14,-0.404730218736608));
#10531=CARTESIAN_POINT('Ctrl Pts',(1.29092374043705,1.14,-0.411213201005011));
#10532=CARTESIAN_POINT('Ctrl Pts',(1.36426247734836,11.8631928014015,-0.380013848838322));
#10533=CARTESIAN_POINT('Ctrl Pts',(1.36426247734836,-9.56319280140146,-0.380013848838322));
#10534=CARTESIAN_POINT('Ctrl Pts',(1.39870332064925,11.8631928014015,-0.361375274816663));
#10535=CARTESIAN_POINT('Ctrl Pts',(1.39870332064925,-9.56319280140146,-0.361375274816663));
#10536=CARTESIAN_POINT('Ctrl Pts',(1.42301450415576,11.8631928014015,-0.324908499556896));
#10537=CARTESIAN_POINT('Ctrl Pts',(1.42301450415576,-9.56319280140146,-0.324908499556896));
#10538=CARTESIAN_POINT('Ctrl Pts',(1.42301450415576,11.8631928014015,-0.294114333781982));
#10539=CARTESIAN_POINT('Ctrl Pts',(1.42301450415576,-9.56319280140146,-0.294114333781982));
#10540=CARTESIAN_POINT('',(1.42301450415576,1.15,-0.294114333781982));
#10541=CARTESIAN_POINT('Ctrl Pts',(1.42301450415576,1.15,-0.294114333781982));
#10542=CARTESIAN_POINT('Ctrl Pts',(1.42301450415576,1.15,-0.324908499556896));
#10543=CARTESIAN_POINT('Ctrl Pts',(1.39870332064925,1.15,-0.361375274816663));
#10544=CARTESIAN_POINT('Ctrl Pts',(1.36426247734836,1.15,-0.380013848838322));
#10545=CARTESIAN_POINT('',(1.42301450415576,1.14,-0.294114333781982));
#10546=CARTESIAN_POINT('',(1.42301450415576,11.8631928014015,-0.294114333781982));
#10547=CARTESIAN_POINT('Ctrl Pts',(1.42301450415576,1.14,-0.294114333781982));
#10548=CARTESIAN_POINT('Ctrl Pts',(1.42301450415576,1.14,-0.314643777631925));
#10549=CARTESIAN_POINT('Ctrl Pts',(1.41896264023801,1.14,-0.330986295433524));
#10550=CARTESIAN_POINT('Ctrl Pts',(1.41085891240251,1.14,-0.34314188718678));
#10551=CARTESIAN_POINT('Ctrl Pts',(1.402755184567,1.14,-0.355297478940035));
#10552=CARTESIAN_POINT('Ctrl Pts',(1.38722303954895,1.14,-0.367588132823883));
#10553=CARTESIAN_POINT('Ctrl Pts',(1.36426247734836,1.14,-0.380013848838322));
#10554=CARTESIAN_POINT('Ctrl Pts',(1.42301450415576,11.8631928014015,-0.294114333781982));
#10555=CARTESIAN_POINT('Ctrl Pts',(1.42301450415576,-9.56319280140146,-0.294114333781982));
#10556=CARTESIAN_POINT('Ctrl Pts',(1.42301450415576,11.8631928014015,-0.250354203470262));
#10557=CARTESIAN_POINT('Ctrl Pts',(1.42301450415576,-9.56319280140146,-0.250354203470262));
#10558=CARTESIAN_POINT('Ctrl Pts',(1.37196101879209,11.8631928014015,-0.199705904498363));
#10559=CARTESIAN_POINT('Ctrl Pts',(1.37196101879209,-9.56319280140146,-0.199705904498363));
#10560=CARTESIAN_POINT('Ctrl Pts',(1.32982163404747,11.8631928014015,-0.199705904498363));
#10561=CARTESIAN_POINT('Ctrl Pts',(1.32982163404747,-9.56319280140146,-0.199705904498363));
#10562=CARTESIAN_POINT('Ctrl Pts',(1.32982163404747,1.15,-0.199705904498363));
#10563=CARTESIAN_POINT('Ctrl Pts',(1.37196101879209,1.15,-0.199705904498363));
#10564=CARTESIAN_POINT('Ctrl Pts',(1.42301450415576,1.15,-0.250354203470262));
#10565=CARTESIAN_POINT('Ctrl Pts',(1.42301450415576,1.15,-0.294114333781982));
#10566=CARTESIAN_POINT('Ctrl Pts',(1.32982163404747,1.14,-0.199705904498363));
#10567=CARTESIAN_POINT('Ctrl Pts',(1.35791455721055,1.14,-0.199705904498363));
#10568=CARTESIAN_POINT('Ctrl Pts',(1.38046993301937,1.14,-0.208147287660346));
#10569=CARTESIAN_POINT('Ctrl Pts',(1.39748776147392,1.14,-0.225030053984313));
#10570=CARTESIAN_POINT('Ctrl Pts',(1.41450558992848,1.14,-0.241912820308279));
#10571=CARTESIAN_POINT('Ctrl Pts',(1.42301450415576,1.14,-0.264940913574168));
#10572=CARTESIAN_POINT('Ctrl Pts',(1.42301450415576,1.14,-0.294114333781982));
#10573=CARTESIAN_POINT('Ctrl Pts',(1.24554286455823,11.8631928014015,-0.548571387816799));
#10574=CARTESIAN_POINT('Ctrl Pts',(1.24554286455823,-9.56319280140146,-0.548571387816799));
#10575=CARTESIAN_POINT('Ctrl Pts',(1.24554286455823,11.8631928014015,-0.58301223111769));
#10576=CARTESIAN_POINT('Ctrl Pts',(1.24554286455823,-9.56319280140146,-0.58301223111769));
#10577=CARTESIAN_POINT('Ctrl Pts',(1.29213929961238,11.8631928014015,-0.623125683903434));
#10578=CARTESIAN_POINT('Ctrl Pts',(1.29213929961238,-9.56319280140146,-0.623125683903434));
#10579=CARTESIAN_POINT('Ctrl Pts',(1.32860607487214,11.8631928014015,-0.623125683903434));
#10580=CARTESIAN_POINT('Ctrl Pts',(1.32860607487214,-9.56319280140146,-0.623125683903434));
#10581=CARTESIAN_POINT('',(1.32860607487214,1.15,-0.623125683903434));
#10582=CARTESIAN_POINT('Ctrl Pts',(1.32860607487214,1.15,-0.623125683903434));
#10583=CARTESIAN_POINT('Ctrl Pts',(1.29213929961238,1.15,-0.623125683903434));
#10584=CARTESIAN_POINT('Ctrl Pts',(1.24554286455823,1.15,-0.58301223111769));
#10585=CARTESIAN_POINT('Ctrl Pts',(1.24554286455823,1.15,-0.548571387816799));
#10586=CARTESIAN_POINT('',(1.32860607487214,1.14,-0.623125683903434));
#10587=CARTESIAN_POINT('',(1.32860607487214,11.8631928014015,-0.623125683903434));
#10588=CARTESIAN_POINT('Ctrl Pts',(1.32860607487214,1.14,-0.623125683903434));
#10589=CARTESIAN_POINT('Ctrl Pts',(1.30429489136563,1.14,-0.623125683903434));
#10590=CARTESIAN_POINT('Ctrl Pts',(1.28437322710335,1.14,-0.616440108439143));
#10591=CARTESIAN_POINT('Ctrl Pts',(1.2688410820853,1.14,-0.603068957510562));
#10592=CARTESIAN_POINT('Ctrl Pts',(1.25330893706725,1.14,-0.589697806581981));
#10593=CARTESIAN_POINT('Ctrl Pts',(1.24554286455823,1.14,-0.571531950017393));
#10594=CARTESIAN_POINT('Ctrl Pts',(1.24554286455823,1.14,-0.548571387816799));
#10595=CARTESIAN_POINT('Ctrl Pts',(1.32860607487214,11.8631928014015,-0.623125683903434));
#10596=CARTESIAN_POINT('Ctrl Pts',(1.32860607487214,-9.56319280140146,-0.623125683903434));
#10597=CARTESIAN_POINT('Ctrl Pts',(1.36871952765789,11.8631928014015,-0.623125683903434));
#10598=CARTESIAN_POINT('Ctrl Pts',(1.36871952765789,-9.56319280140146,-0.623125683903434));
#10599=CARTESIAN_POINT('Ctrl Pts',(1.41369521714493,11.8631928014015,-0.578149994416388));
#10600=CARTESIAN_POINT('Ctrl Pts',(1.41369521714493,-9.56319280140146,-0.578149994416388));
#10601=CARTESIAN_POINT('Ctrl Pts',(1.41369521714493,11.8631928014015,-0.544519523899047));
#10602=CARTESIAN_POINT('Ctrl Pts',(1.41369521714493,-9.56319280140146,-0.544519523899047));
#10603=CARTESIAN_POINT('',(1.41369521714493,1.15,-0.544519523899047));
#10604=CARTESIAN_POINT('Ctrl Pts',(1.41369521714493,1.15,-0.544519523899047));
#10605=CARTESIAN_POINT('Ctrl Pts',(1.41369521714493,1.15,-0.578149994416388));
#10606=CARTESIAN_POINT('Ctrl Pts',(1.36871952765789,1.15,-0.623125683903434));
#10607=CARTESIAN_POINT('Ctrl Pts',(1.32860607487214,1.15,-0.623125683903434));
#10608=CARTESIAN_POINT('',(1.41369521714493,1.14,-0.544519523899047));
#10609=CARTESIAN_POINT('',(1.41369521714493,11.8631928014015,-0.544519523899047));
#10610=CARTESIAN_POINT('Ctrl Pts',(1.41369521714493,1.14,-0.544519523899047));
#10611=CARTESIAN_POINT('Ctrl Pts',(1.41369521714493,1.14,-0.566939837577275));
#10612=CARTESIAN_POINT('Ctrl Pts',(1.40619926889709,1.14,-0.585645942664229));
#10613=CARTESIAN_POINT('Ctrl Pts',(1.39120737240141,1.14,-0.600637839159911));
#10614=CARTESIAN_POINT('Ctrl Pts',(1.37621547590573,1.14,-0.615629735655593));
#10615=CARTESIAN_POINT('Ctrl Pts',(1.3553483767293,1.14,-0.623125683903434));
#10616=CARTESIAN_POINT('Ctrl Pts',(1.32860607487214,1.14,-0.623125683903434));
#10617=CARTESIAN_POINT('Ctrl Pts',(1.41369521714493,11.8631928014015,-0.544519523899047));
#10618=CARTESIAN_POINT('Ctrl Pts',(1.41369521714493,-9.56319280140146,-0.544519523899047));
#10619=CARTESIAN_POINT('Ctrl Pts',(1.41369521714493,11.8631928014015,-0.514130544515908));
#10620=CARTESIAN_POINT('Ctrl Pts',(1.41369521714493,-9.56319280140146,-0.514130544515908));
#10621=CARTESIAN_POINT('Ctrl Pts',(1.3930307111644,11.8631928014015,-0.466723736678212));
#10622=CARTESIAN_POINT('Ctrl Pts',(1.3930307111644,-9.56319280140146,-0.466723736678212));
#10623=CARTESIAN_POINT('Ctrl Pts',(1.36385729095658,11.8631928014015,-0.444438485130576));
#10624=CARTESIAN_POINT('Ctrl Pts',(1.36385729095658,-9.56319280140146,-0.444438485130576));
#10625=CARTESIAN_POINT('Ctrl Pts',(1.36385729095658,1.15,-0.444438485130576));
#10626=CARTESIAN_POINT('Ctrl Pts',(1.3930307111644,1.15,-0.466723736678212));
#10627=CARTESIAN_POINT('Ctrl Pts',(1.41369521714493,1.15,-0.514130544515908));
#10628=CARTESIAN_POINT('Ctrl Pts',(1.41369521714493,1.15,-0.544519523899047));
#10629=CARTESIAN_POINT('Ctrl Pts',(1.36385729095658,1.14,-0.444438485130576));
#10630=CARTESIAN_POINT('Ctrl Pts',(1.38330623776179,1.14,-0.459295319495666));
#10631=CARTESIAN_POINT('Ctrl Pts',(1.39647479549449,1.14,-0.474624871317828));
#10632=CARTESIAN_POINT('Ctrl Pts',(1.40336296415466,1.14,-0.49042714059706));
#10633=CARTESIAN_POINT('Ctrl Pts',(1.41025113281484,1.14,-0.506229409876292));
#10634=CARTESIAN_POINT('Ctrl Pts',(1.41369521714493,1.14,-0.524260204310288));
#10635=CARTESIAN_POINT('Ctrl Pts',(1.41369521714493,1.14,-0.544519523899047));
#10636=CARTESIAN_POINT('Origin',(-1.66533453693773E-15,1.14,2.77555756156289E-16));
#10637=CARTESIAN_POINT('Origin',(-1.66533453693773E-15,1.14,2.77555756156289E-16));
#10638=CARTESIAN_POINT('',(-0.411669477802285,1.14,-0.197679972539487));
#10639=CARTESIAN_POINT('',(-0.542139495953896,1.14,-0.152299096660667));
#10640=CARTESIAN_POINT('Ctrl Pts',(-0.411669477802285,1.14,-0.197679972539487));
#10641=CARTESIAN_POINT('Ctrl Pts',(-0.427606809212109,1.14,-0.183093262435581));
#10642=CARTESIAN_POINT('Ctrl Pts',(-0.445705134711401,1.14,-0.171883105596467));
#10643=CARTESIAN_POINT('Ctrl Pts',(-0.46596445430016,1.14,-0.164049502022147));
#10644=CARTESIAN_POINT('Ctrl Pts',(-0.48622377388892,1.14,-0.156215898447827));
#10645=CARTESIAN_POINT('Ctrl Pts',(-0.511615454440165,1.14,-0.152299096660667));
#10646=CARTESIAN_POINT('Ctrl Pts',(-0.542139495953896,1.14,-0.152299096660667));
#10647=CARTESIAN_POINT('',(-0.366288601923464,1.14,-0.303838807184587));
#10648=CARTESIAN_POINT('Ctrl Pts',(-0.366288601923464,1.14,-0.303838807184586));
#10649=CARTESIAN_POINT('Ctrl Pts',(-0.366288601923464,1.14,-0.284119736118194));
#10650=CARTESIAN_POINT('Ctrl Pts',(-0.37027293477592,1.14,-0.264805851443577));
#10651=CARTESIAN_POINT('Ctrl Pts',(-0.378241600480832,1.14,-0.245897153160735));
#10652=CARTESIAN_POINT('Ctrl Pts',(-0.386210266185744,1.14,-0.226988454877893));
#10653=CARTESIAN_POINT('Ctrl Pts',(-0.397352891959562,1.14,-0.210916061337477));
#10654=CARTESIAN_POINT('Ctrl Pts',(-0.411669477802285,1.14,-0.197679972539487));
#10655=CARTESIAN_POINT('',(-0.465559267908385,1.14,-0.42985177502667));
#10656=CARTESIAN_POINT('Ctrl Pts',(-0.465559267908385,1.14,-0.42985177502667));
#10657=CARTESIAN_POINT('Ctrl Pts',(-0.431253486738086,1.14,-0.419316928840515));
#10658=CARTESIAN_POINT('Ctrl Pts',(-0.406131930448024,1.14,-0.403447128495987));
#10659=CARTESIAN_POINT('Ctrl Pts',(-0.3901945990382,1.14,-0.382242373993085));
#10660=CARTESIAN_POINT('Ctrl Pts',(-0.374257267628376,1.14,-0.361037619490184));
#10661=CARTESIAN_POINT('Ctrl Pts',(-0.366288601923464,1.14,-0.334903097220684));
#10662=CARTESIAN_POINT('Ctrl Pts',(-0.366288601923464,1.14,-0.303838807184586));
#10663=CARTESIAN_POINT('',(-0.568071425027508,1.14,-0.456188890492057));
#10664=CARTESIAN_POINT('Ctrl Pts',(-0.568071425027508,1.14,-0.456188890492057));
#10665=CARTESIAN_POINT('Ctrl Pts',(-0.554024963445968,1.14,-0.452407150835488));
#10666=CARTESIAN_POINT('Ctrl Pts',(-0.536804541795522,1.14,-0.448085162656553));
#10667=CARTESIAN_POINT('Ctrl Pts',(-0.516410160076171,1.14,-0.443222925955251));
#10668=CARTESIAN_POINT('Ctrl Pts',(-0.49601577835682,1.14,-0.438360689253948));
#10669=CARTESIAN_POINT('Ctrl Pts',(-0.479065480967558,1.14,-0.433903638944421));
#10670=CARTESIAN_POINT('Ctrl Pts',(-0.465559267908385,1.14,-0.42985177502667));
#10671=CARTESIAN_POINT('',(-0.633306434103313,1.14,-0.533984677712893));
#10672=CARTESIAN_POINT('Ctrl Pts',(-0.633306434103313,1.14,-0.533984677712893));
#10673=CARTESIAN_POINT('Ctrl Pts',(-0.633306434103313,1.14,-0.512914985340583));
#10674=CARTESIAN_POINT('Ctrl Pts',(-0.627701355683756,1.14,-0.496099750081913));
#10675=CARTESIAN_POINT('Ctrl Pts',(-0.616491198844642,1.14,-0.483538971936882));
#10676=CARTESIAN_POINT('Ctrl Pts',(-0.605281042005529,1.14,-0.470978193791851));
#10677=CARTESIAN_POINT('Ctrl Pts',(-0.589141117399817,1.14,-0.461861499976909));
#10678=CARTESIAN_POINT('Ctrl Pts',(-0.568071425027508,1.14,-0.456188890492057));
#10679=CARTESIAN_POINT('',(-0.52998390420064,1.14,-0.612590837717279));
#10680=CARTESIAN_POINT('Ctrl Pts',(-0.52998390420064,1.14,-0.612590837717279));
#10681=CARTESIAN_POINT('Ctrl Pts',(-0.560778069975554,1.14,-0.612590837717279));
#10682=CARTESIAN_POINT('Ctrl Pts',(-0.585697033069728,1.14,-0.605365013730621));
#10683=CARTESIAN_POINT('Ctrl Pts',(-0.604740793483162,1.14,-0.590913365757306));
#10684=CARTESIAN_POINT('Ctrl Pts',(-0.623784553896596,1.14,-0.576461717783991));
#10685=CARTESIAN_POINT('Ctrl Pts',(-0.633306434103313,1.14,-0.557485488435853));
#10686=CARTESIAN_POINT('Ctrl Pts',(-0.633306434103313,1.14,-0.533984677712893));
#10687=CARTESIAN_POINT('',(-0.390599785429976,1.14,-0.558295861219404));
#10688=CARTESIAN_POINT('Ctrl Pts',(-0.390599785429976,1.14,-0.558295861219404));
#10689=CARTESIAN_POINT('Ctrl Pts',(-0.4065371168398,1.14,-0.572882571323311));
#10690=CARTESIAN_POINT('Ctrl Pts',(-0.426931498559151,1.14,-0.585578411598933));
#10691=CARTESIAN_POINT('Ctrl Pts',(-0.451782930588029,1.14,-0.596383382046271));
#10692=CARTESIAN_POINT('Ctrl Pts',(-0.476634362616907,1.14,-0.60718835249361));
#10693=CARTESIAN_POINT('Ctrl Pts',(-0.502701353821111,1.14,-0.612590837717279));
#10694=CARTESIAN_POINT('Ctrl Pts',(-0.52998390420064,1.14,-0.612590837717279));
#10695=CARTESIAN_POINT('',(-0.385737548728673,1.14,-0.558295861219404));
#10696=CARTESIAN_POINT('',(-0.195299892714989,1.14,-0.558295861219404));
#10697=CARTESIAN_POINT('',(-0.385737548728673,1.14,-0.63771239400734));
#10698=CARTESIAN_POINT('',(-0.385737548728673,1.14,-0.279147930609702));
#10699=CARTESIAN_POINT('',(-0.534440954510167,1.14,-0.670127305349355));
#10700=CARTESIAN_POINT('Ctrl Pts',(-0.534440954510167,1.14,-0.670127305349355));
#10701=CARTESIAN_POINT('Ctrl Pts',(-0.506348031347087,1.14,-0.670127305349355));
#10702=CARTESIAN_POINT('Ctrl Pts',(-0.479875853751108,1.14,-0.667358531672225));
#10703=CARTESIAN_POINT('Ctrl Pts',(-0.45502442172223,1.14,-0.661820984317964));
#10704=CARTESIAN_POINT('Ctrl Pts',(-0.430172989693352,1.14,-0.656283436963703));
#10705=CARTESIAN_POINT('Ctrl Pts',(-0.407077365362167,1.14,-0.648247240193495));
#10706=CARTESIAN_POINT('Ctrl Pts',(-0.385737548728673,1.14,-0.63771239400734));
#10707=CARTESIAN_POINT('',(-0.70259330709687,1.14,-0.527096509052714));
#10708=CARTESIAN_POINT('Ctrl Pts',(-0.70259330709687,1.14,-0.527096509052714));
#10709=CARTESIAN_POINT('Ctrl Pts',(-0.70259330709687,1.14,-0.567615148230233));
#10710=CARTESIAN_POINT('Ctrl Pts',(-0.686791037817637,1.14,-0.601583274074053));
#10711=CARTESIAN_POINT('Ctrl Pts',(-0.655186499259173,1.14,-0.629000886584174));
#10712=CARTESIAN_POINT('Ctrl Pts',(-0.623581960700708,1.14,-0.656418499094295));
#10713=CARTESIAN_POINT('Ctrl Pts',(-0.583333445784373,1.14,-0.670127305349355));
#10714=CARTESIAN_POINT('Ctrl Pts',(-0.534440954510167,1.14,-0.670127305349355));
#10715=CARTESIAN_POINT('',(-0.670178395754855,1.14,-0.436739943686848));
#10716=CARTESIAN_POINT('Ctrl Pts',(-0.670178395754855,1.14,-0.436739943686848));
#10717=CARTESIAN_POINT('Ctrl Pts',(-0.680443117679826,1.14,-0.447815038395369));
#10718=CARTESIAN_POINT('Ctrl Pts',(-0.688411783384738,1.14,-0.460781002932175));
#10719=CARTESIAN_POINT('Ctrl Pts',(-0.694084392869591,1.14,-0.475637837297266));
#10720=CARTESIAN_POINT('Ctrl Pts',(-0.699757002354443,1.14,-0.490494671662356));
#10721=CARTESIAN_POINT('Ctrl Pts',(-0.70259330709687,1.14,-0.507647562247505));
#10722=CARTESIAN_POINT('Ctrl Pts',(-0.70259330709687,1.14,-0.527096509052714));
#10723=CARTESIAN_POINT('',(-0.587520371832716,1.14,-0.392574626983352));
#10724=CARTESIAN_POINT('Ctrl Pts',(-0.587520371832716,1.14,-0.392574626983352));
#10725=CARTESIAN_POINT('Ctrl Pts',(-0.604808324548458,1.14,-0.397166739423471));
#10726=CARTESIAN_POINT('Ctrl Pts',(-0.620272938501211,1.14,-0.40290687997362));
#10727=CARTESIAN_POINT('Ctrl Pts',(-0.633914213690975,1.14,-0.409795048633798));
#10728=CARTESIAN_POINT('Ctrl Pts',(-0.64755548888074,1.14,-0.416683217293976));
#10729=CARTESIAN_POINT('Ctrl Pts',(-0.6596435495687,1.14,-0.425664848978326));
#10730=CARTESIAN_POINT('Ctrl Pts',(-0.670178395754855,1.14,-0.436739943686848));
#10731=CARTESIAN_POINT('',(-0.49716380646685,1.14,-0.369884189043942));
#10732=CARTESIAN_POINT('Ctrl Pts',(-0.49716380646685,1.14,-0.369884189043942));
#10733=CARTESIAN_POINT('Ctrl Pts',(-0.512560889354307,1.14,-0.374206177222877));
#10734=CARTESIAN_POINT('Ctrl Pts',(-0.526674882001143,1.14,-0.377852854748854));
#10735=CARTESIAN_POINT('Ctrl Pts',(-0.539505784407357,1.14,-0.380824221621872));
#10736=CARTESIAN_POINT('Ctrl Pts',(-0.552336686813571,1.14,-0.38379558849489));
#10737=CARTESIAN_POINT('Ctrl Pts',(-0.568341549288691,1.14,-0.38771239028205));
#10738=CARTESIAN_POINT('Ctrl Pts',(-0.587520371832716,1.14,-0.392574626983352));
#10739=CARTESIAN_POINT('',(-0.435575474917021,1.14,-0.293303960998432));
#10740=CARTESIAN_POINT('Ctrl Pts',(-0.435575474917021,1.14,-0.293303960998432));
#10741=CARTESIAN_POINT('Ctrl Pts',(-0.435575474917021,1.14,-0.313293156326007));
#10742=CARTESIAN_POINT('Ctrl Pts',(-0.44050524268362,1.14,-0.329500611997015));
#10743=CARTESIAN_POINT('Ctrl Pts',(-0.450364778216816,1.14,-0.341926328011454));
#10744=CARTESIAN_POINT('Ctrl Pts',(-0.460224313750012,1.14,-0.354352044025893));
#10745=CARTESIAN_POINT('Ctrl Pts',(-0.475823989833357,1.14,-0.363671331036722));
#10746=CARTESIAN_POINT('Ctrl Pts',(-0.49716380646685,1.14,-0.369884189043942));
#10747=CARTESIAN_POINT('',(-0.547001732655198,1.14,-0.209835564292743));
#10748=CARTESIAN_POINT('Ctrl Pts',(-0.547001732655198,1.14,-0.209835564292743));
#10749=CARTESIAN_POINT('Ctrl Pts',(-0.510264833134248,1.14,-0.209835564292743));
#10750=CARTESIAN_POINT('Ctrl Pts',(-0.482509565297647,1.14,-0.217466574671176));
#10751=CARTESIAN_POINT('Ctrl Pts',(-0.463735929145397,1.14,-0.232728595428041));
#10752=CARTESIAN_POINT('Ctrl Pts',(-0.444962292993147,1.14,-0.247990616184907));
#10753=CARTESIAN_POINT('Ctrl Pts',(-0.435575474917021,1.14,-0.26818240470837));
#10754=CARTESIAN_POINT('Ctrl Pts',(-0.435575474917021,1.14,-0.293303960998432));
#10755=CARTESIAN_POINT('',(-0.701377747921544,1.14,-0.274665386976773));
#10756=CARTESIAN_POINT('Ctrl Pts',(-0.701377747921544,1.14,-0.274665386976773));
#10757=CARTESIAN_POINT('Ctrl Pts',(-0.679497682765684,1.14,-0.25413594312683));
#10758=CARTESIAN_POINT('Ctrl Pts',(-0.654713781802102,1.14,-0.238198611717006));
#10759=CARTESIAN_POINT('Ctrl Pts',(-0.627026045030797,1.14,-0.226853392747301));
#10760=CARTESIAN_POINT('Ctrl Pts',(-0.599338308259493,1.14,-0.215508173777596));
#10761=CARTESIAN_POINT('Ctrl Pts',(-0.572663537467626,1.14,-0.209835564292743));
#10762=CARTESIAN_POINT('Ctrl Pts',(-0.547001732655198,1.14,-0.209835564292743));
#10763=CARTESIAN_POINT('',(-0.706239984622846,1.14,-0.274665386976773));
#10764=CARTESIAN_POINT('',(-0.350688873960773,1.14,-0.274665386976773));
#10765=CARTESIAN_POINT('',(-0.706239984622846,1.14,-0.191196990271084));
#10766=CARTESIAN_POINT('',(-0.706239984622846,1.14,-0.137332693488386));
#10767=CARTESIAN_POINT('Ctrl Pts',(-0.542139495953896,1.14,-0.152299096660667));
#10768=CARTESIAN_POINT('Ctrl Pts',(-0.578336146952479,1.14,-0.152299096660667));
#10769=CARTESIAN_POINT('Ctrl Pts',(-0.609130312727393,1.14,-0.156080836317235));
#10770=CARTESIAN_POINT('Ctrl Pts',(-0.634521993278638,1.14,-0.163644315630372));
#10771=CARTESIAN_POINT('Ctrl Pts',(-0.659913673829883,1.14,-0.171207794943509));
#10772=CARTESIAN_POINT('Ctrl Pts',(-0.683819670944619,1.14,-0.180392019823746));
#10773=CARTESIAN_POINT('Ctrl Pts',(-0.706239984622846,1.14,-0.191196990271084));
#10774=CARTESIAN_POINT('Ctrl Pts',(-0.534440954510167,11.8631928014015,
-0.670127305349355));
#10775=CARTESIAN_POINT('Ctrl Pts',(-0.534440954510167,-9.56319280140146,
-0.670127305349355));
#10776=CARTESIAN_POINT('Ctrl Pts',(-0.492301569765548,11.8631928014015,
-0.670127305349355));
#10777=CARTESIAN_POINT('Ctrl Pts',(-0.492301569765548,-9.56319280140146,
-0.670127305349355));
#10778=CARTESIAN_POINT('Ctrl Pts',(-0.417747273678913,11.8631928014015,
-0.653514663286573));
#10779=CARTESIAN_POINT('Ctrl Pts',(-0.417747273678913,-9.56319280140146,
-0.653514663286573));
#10780=CARTESIAN_POINT('Ctrl Pts',(-0.385737548728673,11.8631928014015,
-0.63771239400734));
#10781=CARTESIAN_POINT('Ctrl Pts',(-0.385737548728673,-9.56319280140146,
-0.63771239400734));
#10782=CARTESIAN_POINT('',(-0.534440954510167,1.15,-0.670127305349355));
#10783=CARTESIAN_POINT('',(-0.385737548728673,1.15,-0.63771239400734));
#10784=CARTESIAN_POINT('Ctrl Pts',(-0.534440954510167,1.15,-0.670127305349355));
#10785=CARTESIAN_POINT('Ctrl Pts',(-0.492301569765548,1.15,-0.670127305349355));
#10786=CARTESIAN_POINT('Ctrl Pts',(-0.417747273678913,1.15,-0.653514663286573));
#10787=CARTESIAN_POINT('Ctrl Pts',(-0.385737548728673,1.15,-0.63771239400734));
#10788=CARTESIAN_POINT('',(-0.534440954510167,11.8631928014015,-0.670127305349355));
#10789=CARTESIAN_POINT('',(-0.385737548728673,11.8631928014015,-0.63771239400734));
#10790=CARTESIAN_POINT('Origin',(-0.385737548728673,11.8631928014015,-0.558295861219404));
#10791=CARTESIAN_POINT('',(-0.385737548728673,1.15,-0.558295861219404));
#10792=CARTESIAN_POINT('',(-0.385737548728673,1.15,-0.279147930609702));
#10793=CARTESIAN_POINT('',(-0.385737548728673,11.8631928014015,-0.558295861219404));
#10794=CARTESIAN_POINT('Origin',(-0.390599785429976,11.8631928014015,-0.558295861219404));
#10795=CARTESIAN_POINT('',(-0.390599785429976,1.15,-0.558295861219404));
#10796=CARTESIAN_POINT('',(-0.195299892714989,1.15,-0.558295861219404));
#10797=CARTESIAN_POINT('',(-0.390599785429976,11.8631928014015,-0.558295861219404));
#10798=CARTESIAN_POINT('Ctrl Pts',(-0.390599785429976,11.8631928014015,
-0.558295861219404));
#10799=CARTESIAN_POINT('Ctrl Pts',(-0.390599785429976,-9.56319280140146,
-0.558295861219404));
#10800=CARTESIAN_POINT('Ctrl Pts',(-0.414505782544712,11.8631928014015,
-0.580175926375264));
#10801=CARTESIAN_POINT('Ctrl Pts',(-0.414505782544712,-9.56319280140146,
-0.580175926375264));
#10802=CARTESIAN_POINT('Ctrl Pts',(-0.489060078631346,11.8631928014015,
-0.612590837717279));
#10803=CARTESIAN_POINT('Ctrl Pts',(-0.489060078631346,-9.56319280140146,
-0.612590837717279));
#10804=CARTESIAN_POINT('Ctrl Pts',(-0.52998390420064,11.8631928014015,-0.612590837717279));
#10805=CARTESIAN_POINT('Ctrl Pts',(-0.52998390420064,-9.56319280140146,
-0.612590837717279));
#10806=CARTESIAN_POINT('',(-0.52998390420064,1.15,-0.612590837717279));
#10807=CARTESIAN_POINT('Ctrl Pts',(-0.390599785429976,1.15,-0.558295861219404));
#10808=CARTESIAN_POINT('Ctrl Pts',(-0.414505782544712,1.15,-0.580175926375264));
#10809=CARTESIAN_POINT('Ctrl Pts',(-0.489060078631346,1.15,-0.612590837717279));
#10810=CARTESIAN_POINT('Ctrl Pts',(-0.52998390420064,1.15,-0.612590837717279));
#10811=CARTESIAN_POINT('',(-0.52998390420064,11.8631928014015,-0.612590837717279));
#10812=CARTESIAN_POINT('Ctrl Pts',(-0.52998390420064,11.8631928014015,-0.612590837717279));
#10813=CARTESIAN_POINT('Ctrl Pts',(-0.52998390420064,-9.56319280140146,
-0.612590837717279));
#10814=CARTESIAN_POINT('Ctrl Pts',(-0.576175152863011,11.8631928014015,
-0.612590837717279));
#10815=CARTESIAN_POINT('Ctrl Pts',(-0.576175152863011,-9.56319280140146,
-0.612590837717279));
#10816=CARTESIAN_POINT('Ctrl Pts',(-0.633306434103313,11.8631928014015,
-0.569235893797334));
#10817=CARTESIAN_POINT('Ctrl Pts',(-0.633306434103313,-9.56319280140146,
-0.569235893797334));
#10818=CARTESIAN_POINT('Ctrl Pts',(-0.633306434103313,11.8631928014015,
-0.533984677712893));
#10819=CARTESIAN_POINT('Ctrl Pts',(-0.633306434103313,-9.56319280140146,
-0.533984677712893));
#10820=CARTESIAN_POINT('',(-0.633306434103313,1.15,-0.533984677712893));
#10821=CARTESIAN_POINT('Ctrl Pts',(-0.52998390420064,1.15,-0.612590837717279));
#10822=CARTESIAN_POINT('Ctrl Pts',(-0.576175152863011,1.15,-0.612590837717279));
#10823=CARTESIAN_POINT('Ctrl Pts',(-0.633306434103313,1.15,-0.569235893797334));
#10824=CARTESIAN_POINT('Ctrl Pts',(-0.633306434103313,1.15,-0.533984677712893));
#10825=CARTESIAN_POINT('',(-0.633306434103313,11.8631928014015,-0.533984677712893));
#10826=CARTESIAN_POINT('Ctrl Pts',(-0.633306434103313,11.8631928014015,
-0.533984677712893));
#10827=CARTESIAN_POINT('Ctrl Pts',(-0.633306434103313,-9.56319280140146,
-0.533984677712893));
#10828=CARTESIAN_POINT('Ctrl Pts',(-0.633306434103313,11.8631928014015,
-0.502380139154428));
#10829=CARTESIAN_POINT('Ctrl Pts',(-0.633306434103313,-9.56319280140146,
-0.502380139154428));
#10830=CARTESIAN_POINT('Ctrl Pts',(-0.599675963585972,11.8631928014015,
-0.464697804719336));
#10831=CARTESIAN_POINT('Ctrl Pts',(-0.599675963585972,-9.56319280140146,
-0.464697804719336));
#10832=CARTESIAN_POINT('Ctrl Pts',(-0.568071425027508,11.8631928014015,
-0.456188890492057));
#10833=CARTESIAN_POINT('Ctrl Pts',(-0.568071425027508,-9.56319280140146,
-0.456188890492057));
#10834=CARTESIAN_POINT('',(-0.568071425027508,1.15,-0.456188890492057));
#10835=CARTESIAN_POINT('Ctrl Pts',(-0.633306434103313,1.15,-0.533984677712893));
#10836=CARTESIAN_POINT('Ctrl Pts',(-0.633306434103313,1.15,-0.502380139154428));
#10837=CARTESIAN_POINT('Ctrl Pts',(-0.599675963585972,1.15,-0.464697804719336));
#10838=CARTESIAN_POINT('Ctrl Pts',(-0.568071425027508,1.15,-0.456188890492057));
#10839=CARTESIAN_POINT('',(-0.568071425027508,11.8631928014015,-0.456188890492057));
#10840=CARTESIAN_POINT('Ctrl Pts',(-0.568071425027508,11.8631928014015,
-0.456188890492057));
#10841=CARTESIAN_POINT('Ctrl Pts',(-0.568071425027508,-9.56319280140146,
-0.456188890492057));
#10842=CARTESIAN_POINT('Ctrl Pts',(-0.547001732655198,11.8631928014015,
-0.450516281007204));
#10843=CARTESIAN_POINT('Ctrl Pts',(-0.547001732655198,-9.56319280140146,
-0.450516281007204));
#10844=CARTESIAN_POINT('Ctrl Pts',(-0.485818587497144,11.8631928014015,
-0.435929570903297));
#10845=CARTESIAN_POINT('Ctrl Pts',(-0.485818587497144,-9.56319280140146,
-0.435929570903297));
#10846=CARTESIAN_POINT('Ctrl Pts',(-0.465559267908385,11.8631928014015,
-0.42985177502667));
#10847=CARTESIAN_POINT('Ctrl Pts',(-0.465559267908385,-9.56319280140146,
-0.42985177502667));
#10848=CARTESIAN_POINT('',(-0.465559267908385,1.15,-0.42985177502667));
#10849=CARTESIAN_POINT('Ctrl Pts',(-0.568071425027508,1.15,-0.456188890492057));
#10850=CARTESIAN_POINT('Ctrl Pts',(-0.547001732655198,1.15,-0.450516281007204));
#10851=CARTESIAN_POINT('Ctrl Pts',(-0.485818587497144,1.15,-0.435929570903297));
#10852=CARTESIAN_POINT('Ctrl Pts',(-0.465559267908385,1.15,-0.42985177502667));
#10853=CARTESIAN_POINT('',(-0.465559267908385,11.8631928014015,-0.42985177502667));
#10854=CARTESIAN_POINT('Ctrl Pts',(-0.465559267908385,11.8631928014015,
-0.42985177502667));
#10855=CARTESIAN_POINT('Ctrl Pts',(-0.465559267908385,-9.56319280140146,
-0.42985177502667));
#10856=CARTESIAN_POINT('Ctrl Pts',(-0.414100596152936,11.8631928014015,
-0.414049505747437));
#10857=CARTESIAN_POINT('Ctrl Pts',(-0.414100596152936,-9.56319280140146,
-0.414049505747437));
#10858=CARTESIAN_POINT('Ctrl Pts',(-0.366288601923464,11.8631928014015,
-0.350435242238733));
#10859=CARTESIAN_POINT('Ctrl Pts',(-0.366288601923464,-9.56319280140146,
-0.350435242238733));
#10860=CARTESIAN_POINT('Ctrl Pts',(-0.366288601923464,11.8631928014015,
-0.303838807184586));
#10861=CARTESIAN_POINT('Ctrl Pts',(-0.366288601923464,-9.56319280140146,
-0.303838807184586));
#10862=CARTESIAN_POINT('',(-0.366288601923464,1.15,-0.303838807184587));
#10863=CARTESIAN_POINT('Ctrl Pts',(-0.465559267908385,1.15,-0.42985177502667));
#10864=CARTESIAN_POINT('Ctrl Pts',(-0.414100596152936,1.15,-0.414049505747437));
#10865=CARTESIAN_POINT('Ctrl Pts',(-0.366288601923464,1.15,-0.350435242238733));
#10866=CARTESIAN_POINT('Ctrl Pts',(-0.366288601923464,1.15,-0.303838807184586));
#10867=CARTESIAN_POINT('',(-0.366288601923464,11.8631928014015,-0.303838807184587));
#10868=CARTESIAN_POINT('Ctrl Pts',(-0.366288601923464,11.8631928014015,
-0.303838807184586));
#10869=CARTESIAN_POINT('Ctrl Pts',(-0.366288601923464,-9.56319280140146,
-0.303838807184586));
#10870=CARTESIAN_POINT('Ctrl Pts',(-0.366288601923464,11.8631928014015,
-0.274260200584998));
#10871=CARTESIAN_POINT('Ctrl Pts',(-0.366288601923464,-9.56319280140146,
-0.274260200584998));
#10872=CARTESIAN_POINT('Ctrl Pts',(-0.3901945990382,11.8631928014015,-0.217534105736472));
#10873=CARTESIAN_POINT('Ctrl Pts',(-0.3901945990382,-9.56319280140146,-0.217534105736472));
#10874=CARTESIAN_POINT('Ctrl Pts',(-0.411669477802285,11.8631928014015,
-0.197679972539487));
#10875=CARTESIAN_POINT('Ctrl Pts',(-0.411669477802285,-9.56319280140146,
-0.197679972539487));
#10876=CARTESIAN_POINT('',(-0.411669477802285,1.15,-0.197679972539487));
#10877=CARTESIAN_POINT('Ctrl Pts',(-0.366288601923464,1.15,-0.303838807184586));
#10878=CARTESIAN_POINT('Ctrl Pts',(-0.366288601923464,1.15,-0.274260200584998));
#10879=CARTESIAN_POINT('Ctrl Pts',(-0.3901945990382,1.15,-0.217534105736472));
#10880=CARTESIAN_POINT('Ctrl Pts',(-0.411669477802285,1.15,-0.197679972539487));
#10881=CARTESIAN_POINT('',(-0.411669477802285,11.8631928014015,-0.197679972539487));
#10882=CARTESIAN_POINT('Ctrl Pts',(-0.411669477802285,11.8631928014015,
-0.197679972539487));
#10883=CARTESIAN_POINT('Ctrl Pts',(-0.411669477802285,-9.56319280140146,
-0.197679972539487));
#10884=CARTESIAN_POINT('Ctrl Pts',(-0.435575474917021,11.8631928014015,
-0.175799907383627));
#10885=CARTESIAN_POINT('Ctrl Pts',(-0.435575474917021,-9.56319280140146,
-0.175799907383627));
#10886=CARTESIAN_POINT('Ctrl Pts',(-0.496353433683299,11.8631928014015,
-0.152299096660667));
#10887=CARTESIAN_POINT('Ctrl Pts',(-0.496353433683299,-9.56319280140146,
-0.152299096660667));
#10888=CARTESIAN_POINT('Ctrl Pts',(-0.542139495953896,11.8631928014015,
-0.152299096660667));
#10889=CARTESIAN_POINT('Ctrl Pts',(-0.542139495953896,-9.56319280140146,
-0.152299096660667));
#10890=CARTESIAN_POINT('',(-0.542139495953896,1.15,-0.152299096660667));
#10891=CARTESIAN_POINT('Ctrl Pts',(-0.411669477802285,1.15,-0.197679972539487));
#10892=CARTESIAN_POINT('Ctrl Pts',(-0.435575474917021,1.15,-0.175799907383627));
#10893=CARTESIAN_POINT('Ctrl Pts',(-0.496353433683299,1.15,-0.152299096660667));
#10894=CARTESIAN_POINT('Ctrl Pts',(-0.542139495953896,1.15,-0.152299096660667));
#10895=CARTESIAN_POINT('',(-0.542139495953896,11.8631928014015,-0.152299096660667));
#10896=CARTESIAN_POINT('Ctrl Pts',(-0.70259330709687,11.8631928014015,-0.527096509052714));
#10897=CARTESIAN_POINT('Ctrl Pts',(-0.70259330709687,-9.56319280140146,
-0.527096509052714));
#10898=CARTESIAN_POINT('Ctrl Pts',(-0.70259330709687,11.8631928014015,-0.587874467818992));
#10899=CARTESIAN_POINT('Ctrl Pts',(-0.70259330709687,-9.56319280140146,
-0.587874467818992));
#10900=CARTESIAN_POINT('Ctrl Pts',(-0.607779691421476,11.8631928014015,
-0.670127305349355));
#10901=CARTESIAN_POINT('Ctrl Pts',(-0.607779691421476,-9.56319280140146,
-0.670127305349355));
#10902=CARTESIAN_POINT('Ctrl Pts',(-0.534440954510167,11.8631928014015,
-0.670127305349355));
#10903=CARTESIAN_POINT('Ctrl Pts',(-0.534440954510167,-9.56319280140146,
-0.670127305349355));
#10904=CARTESIAN_POINT('',(-0.70259330709687,1.15,-0.527096509052714));
#10905=CARTESIAN_POINT('Ctrl Pts',(-0.70259330709687,1.15,-0.527096509052714));
#10906=CARTESIAN_POINT('Ctrl Pts',(-0.70259330709687,1.15,-0.587874467818992));
#10907=CARTESIAN_POINT('Ctrl Pts',(-0.607779691421476,1.15,-0.670127305349355));
#10908=CARTESIAN_POINT('Ctrl Pts',(-0.534440954510167,1.15,-0.670127305349355));
#10909=CARTESIAN_POINT('',(-0.70259330709687,11.8631928014015,-0.527096509052714));
#10910=CARTESIAN_POINT('Ctrl Pts',(-0.670178395754855,11.8631928014015,
-0.436739943686848));
#10911=CARTESIAN_POINT('Ctrl Pts',(-0.670178395754855,-9.56319280140146,
-0.436739943686848));
#10912=CARTESIAN_POINT('Ctrl Pts',(-0.685575478642312,11.8631928014015,
-0.45335258574963));
#10913=CARTESIAN_POINT('Ctrl Pts',(-0.685575478642312,-9.56319280140146,
-0.45335258574963));
#10914=CARTESIAN_POINT('Ctrl Pts',(-0.70259330709687,11.8631928014015,-0.497923088844901));
#10915=CARTESIAN_POINT('Ctrl Pts',(-0.70259330709687,-9.56319280140146,
-0.497923088844901));
#10916=CARTESIAN_POINT('Ctrl Pts',(-0.70259330709687,11.8631928014015,-0.527096509052714));
#10917=CARTESIAN_POINT('Ctrl Pts',(-0.70259330709687,-9.56319280140146,
-0.527096509052714));
#10918=CARTESIAN_POINT('',(-0.670178395754855,1.15,-0.436739943686848));
#10919=CARTESIAN_POINT('Ctrl Pts',(-0.670178395754855,1.15,-0.436739943686848));
#10920=CARTESIAN_POINT('Ctrl Pts',(-0.685575478642312,1.15,-0.45335258574963));
#10921=CARTESIAN_POINT('Ctrl Pts',(-0.70259330709687,1.15,-0.497923088844901));
#10922=CARTESIAN_POINT('Ctrl Pts',(-0.70259330709687,1.15,-0.527096509052714));
#10923=CARTESIAN_POINT('',(-0.670178395754855,11.8631928014015,-0.436739943686848));
#10924=CARTESIAN_POINT('Ctrl Pts',(-0.587520371832716,11.8631928014015,
-0.392574626983352));
#10925=CARTESIAN_POINT('Ctrl Pts',(-0.587520371832716,-9.56319280140146,
-0.392574626983352));
#10926=CARTESIAN_POINT('Ctrl Pts',(-0.613452300906328,11.8631928014015,
-0.39946279564353));
#10927=CARTESIAN_POINT('Ctrl Pts',(-0.613452300906328,-9.56319280140146,
-0.39946279564353));
#10928=CARTESIAN_POINT('Ctrl Pts',(-0.654376126475622,11.8631928014015,
-0.420127301624065));
#10929=CARTESIAN_POINT('Ctrl Pts',(-0.654376126475622,-9.56319280140146,
-0.420127301624065));
#10930=CARTESIAN_POINT('Ctrl Pts',(-0.670178395754855,11.8631928014015,
-0.436739943686848));
#10931=CARTESIAN_POINT('Ctrl Pts',(-0.670178395754855,-9.56319280140146,
-0.436739943686848));
#10932=CARTESIAN_POINT('',(-0.587520371832716,1.15,-0.392574626983352));
#10933=CARTESIAN_POINT('Ctrl Pts',(-0.587520371832716,1.15,-0.392574626983352));
#10934=CARTESIAN_POINT('Ctrl Pts',(-0.613452300906328,1.15,-0.39946279564353));
#10935=CARTESIAN_POINT('Ctrl Pts',(-0.654376126475622,1.15,-0.420127301624065));
#10936=CARTESIAN_POINT('Ctrl Pts',(-0.670178395754855,1.15,-0.436739943686848));
#10937=CARTESIAN_POINT('',(-0.587520371832716,11.8631928014015,-0.392574626983352));
#10938=CARTESIAN_POINT('Ctrl Pts',(-0.49716380646685,11.8631928014015,-0.369884189043942));
#10939=CARTESIAN_POINT('Ctrl Pts',(-0.49716380646685,-9.56319280140146,
-0.369884189043942));
#10940=CARTESIAN_POINT('Ctrl Pts',(-0.520259430798035,11.8631928014015,
-0.376367171312345));
#10941=CARTESIAN_POINT('Ctrl Pts',(-0.520259430798035,-9.56319280140146,
-0.376367171312345));
#10942=CARTESIAN_POINT('Ctrl Pts',(-0.558752138016678,11.8631928014015,
-0.385281271931399));
#10943=CARTESIAN_POINT('Ctrl Pts',(-0.558752138016678,-9.56319280140146,
-0.385281271931399));
#10944=CARTESIAN_POINT('Ctrl Pts',(-0.587520371832716,11.8631928014015,
-0.392574626983352));
#10945=CARTESIAN_POINT('Ctrl Pts',(-0.587520371832716,-9.56319280140146,
-0.392574626983352));
#10946=CARTESIAN_POINT('',(-0.49716380646685,1.15,-0.369884189043942));
#10947=CARTESIAN_POINT('Ctrl Pts',(-0.49716380646685,1.15,-0.369884189043942));
#10948=CARTESIAN_POINT('Ctrl Pts',(-0.520259430798035,1.15,-0.376367171312345));
#10949=CARTESIAN_POINT('Ctrl Pts',(-0.558752138016678,1.15,-0.385281271931399));
#10950=CARTESIAN_POINT('Ctrl Pts',(-0.587520371832716,1.15,-0.392574626983352));
#10951=CARTESIAN_POINT('',(-0.49716380646685,11.8631928014015,-0.369884189043942));
#10952=CARTESIAN_POINT('Ctrl Pts',(-0.435575474917021,11.8631928014015,
-0.293303960998432));
#10953=CARTESIAN_POINT('Ctrl Pts',(-0.435575474917021,-9.56319280140146,
-0.293303960998432));
#10954=CARTESIAN_POINT('Ctrl Pts',(-0.435575474917021,11.8631928014015,
-0.323287753989795));
#10955=CARTESIAN_POINT('Ctrl Pts',(-0.435575474917021,-9.56319280140146,
-0.323287753989795));
#10956=CARTESIAN_POINT('Ctrl Pts',(-0.46515408151661,11.8631928014015,-0.360564902033113));
#10957=CARTESIAN_POINT('Ctrl Pts',(-0.46515408151661,-9.56319280140146,
-0.360564902033113));
#10958=CARTESIAN_POINT('Ctrl Pts',(-0.49716380646685,11.8631928014015,-0.369884189043942));
#10959=CARTESIAN_POINT('Ctrl Pts',(-0.49716380646685,-9.56319280140146,
-0.369884189043942));
#10960=CARTESIAN_POINT('',(-0.435575474917021,1.15,-0.293303960998432));
#10961=CARTESIAN_POINT('Ctrl Pts',(-0.435575474917021,1.15,-0.293303960998432));
#10962=CARTESIAN_POINT('Ctrl Pts',(-0.435575474917021,1.15,-0.323287753989795));
#10963=CARTESIAN_POINT('Ctrl Pts',(-0.46515408151661,1.15,-0.360564902033113));
#10964=CARTESIAN_POINT('Ctrl Pts',(-0.49716380646685,1.15,-0.369884189043942));
#10965=CARTESIAN_POINT('',(-0.435575474917021,11.8631928014015,-0.293303960998432));
#10966=CARTESIAN_POINT('Ctrl Pts',(-0.547001732655198,11.8631928014015,
-0.209835564292743));
#10967=CARTESIAN_POINT('Ctrl Pts',(-0.547001732655198,-9.56319280140146,
-0.209835564292743));
#10968=CARTESIAN_POINT('Ctrl Pts',(-0.491896383373772,11.8631928014015,
-0.209835564292743));
#10969=CARTESIAN_POINT('Ctrl Pts',(-0.491896383373772,-9.56319280140146,
-0.209835564292743));
#10970=CARTESIAN_POINT('Ctrl Pts',(-0.435575474917021,11.8631928014015,
-0.255621626563339));
#10971=CARTESIAN_POINT('Ctrl Pts',(-0.435575474917021,-9.56319280140146,
-0.255621626563339));
#10972=CARTESIAN_POINT('Ctrl Pts',(-0.435575474917021,11.8631928014015,
-0.293303960998432));
#10973=CARTESIAN_POINT('Ctrl Pts',(-0.435575474917021,-9.56319280140146,
-0.293303960998432));
#10974=CARTESIAN_POINT('',(-0.547001732655198,1.15,-0.209835564292743));
#10975=CARTESIAN_POINT('Ctrl Pts',(-0.547001732655198,1.15,-0.209835564292743));
#10976=CARTESIAN_POINT('Ctrl Pts',(-0.491896383373772,1.15,-0.209835564292743));
#10977=CARTESIAN_POINT('Ctrl Pts',(-0.435575474917021,1.15,-0.255621626563339));
#10978=CARTESIAN_POINT('Ctrl Pts',(-0.435575474917021,1.15,-0.293303960998432));
#10979=CARTESIAN_POINT('',(-0.547001732655198,11.8631928014015,-0.209835564292743));
#10980=CARTESIAN_POINT('Ctrl Pts',(-0.701377747921544,11.8631928014015,
-0.274665386976773));
#10981=CARTESIAN_POINT('Ctrl Pts',(-0.701377747921544,-9.56319280140146,
-0.274665386976773));
#10982=CARTESIAN_POINT('Ctrl Pts',(-0.668557650187754,11.8631928014015,
-0.243871221201859));
#10983=CARTESIAN_POINT('Ctrl Pts',(-0.668557650187754,-9.56319280140146,
-0.243871221201859));
#10984=CARTESIAN_POINT('Ctrl Pts',(-0.585494439873841,11.8631928014015,
-0.209835564292743));
#10985=CARTESIAN_POINT('Ctrl Pts',(-0.585494439873841,-9.56319280140146,
-0.209835564292743));
#10986=CARTESIAN_POINT('Ctrl Pts',(-0.547001732655198,11.8631928014015,
-0.209835564292743));
#10987=CARTESIAN_POINT('Ctrl Pts',(-0.547001732655198,-9.56319280140146,
-0.209835564292743));
#10988=CARTESIAN_POINT('',(-0.701377747921544,1.15,-0.274665386976773));
#10989=CARTESIAN_POINT('Ctrl Pts',(-0.701377747921544,1.15,-0.274665386976773));
#10990=CARTESIAN_POINT('Ctrl Pts',(-0.668557650187754,1.15,-0.243871221201859));
#10991=CARTESIAN_POINT('Ctrl Pts',(-0.585494439873841,1.15,-0.209835564292743));
#10992=CARTESIAN_POINT('Ctrl Pts',(-0.547001732655198,1.15,-0.209835564292743));
#10993=CARTESIAN_POINT('',(-0.701377747921544,11.8631928014015,-0.274665386976773));
#10994=CARTESIAN_POINT('Origin',(-0.701377747921544,11.8631928014015,-0.274665386976773));
#10995=CARTESIAN_POINT('',(-0.706239984622846,1.15,-0.274665386976773));
#10996=CARTESIAN_POINT('',(-0.350688873960773,1.15,-0.274665386976773));
#10997=CARTESIAN_POINT('',(-0.706239984622846,11.8631928014015,-0.274665386976773));
#10998=CARTESIAN_POINT('Origin',(-0.706239984622846,11.8631928014015,-0.274665386976773));
#10999=CARTESIAN_POINT('',(-0.706239984622846,1.15,-0.191196990271084));
#11000=CARTESIAN_POINT('',(-0.706239984622846,1.15,-0.137332693488386));
#11001=CARTESIAN_POINT('',(-0.706239984622846,11.8631928014015,-0.191196990271084));
#11002=CARTESIAN_POINT('Ctrl Pts',(-0.542139495953896,11.8631928014015,
-0.152299096660667));
#11003=CARTESIAN_POINT('Ctrl Pts',(-0.542139495953896,-9.56319280140146,
-0.152299096660667));
#11004=CARTESIAN_POINT('Ctrl Pts',(-0.596434472451771,11.8631928014015,
-0.152299096660667));
#11005=CARTESIAN_POINT('Ctrl Pts',(-0.596434472451771,-9.56319280140146,
-0.152299096660667));
#11006=CARTESIAN_POINT('Ctrl Pts',(-0.672609514105506,11.8631928014015,
-0.174989534600077));
#11007=CARTESIAN_POINT('Ctrl Pts',(-0.672609514105506,-9.56319280140146,
-0.174989534600077));
#11008=CARTESIAN_POINT('Ctrl Pts',(-0.706239984622846,11.8631928014015,
-0.191196990271084));
#11009=CARTESIAN_POINT('Ctrl Pts',(-0.706239984622846,-9.56319280140146,
-0.191196990271084));
#11010=CARTESIAN_POINT('Ctrl Pts',(-0.542139495953896,1.15,-0.152299096660667));
#11011=CARTESIAN_POINT('Ctrl Pts',(-0.596434472451771,1.15,-0.152299096660667));
#11012=CARTESIAN_POINT('Ctrl Pts',(-0.672609514105506,1.15,-0.174989534600077));
#11013=CARTESIAN_POINT('Ctrl Pts',(-0.706239984622846,1.15,-0.191196990271084));
#11014=CARTESIAN_POINT('Ctrl Pts',(-1.1345220200802,11.8631928014015,0.219154854888487));
#11015=CARTESIAN_POINT('Ctrl Pts',(-1.1345220200802,-9.56319280140146,0.219154854888487));
#11016=CARTESIAN_POINT('Ctrl Pts',(-1.10615897265594,11.8631928014015,0.252380139014052));
#11017=CARTESIAN_POINT('Ctrl Pts',(-1.10615897265594,-9.56319280140146,
0.252380139014052));
#11018=CARTESIAN_POINT('Ctrl Pts',(-1.07455443409747,11.8631928014015,0.349624873040097));
#11019=CARTESIAN_POINT('Ctrl Pts',(-1.07455443409747,-9.56319280140146,
0.349624873040097));
#11020=CARTESIAN_POINT('Ctrl Pts',(-1.07455443409747,11.8631928014015,0.412023577373476));
#11021=CARTESIAN_POINT('Ctrl Pts',(-1.07455443409747,-9.56319280140146,
0.412023577373476));
#11022=CARTESIAN_POINT('',(-1.1345220200802,1.15,0.219154854888487));
#11023=CARTESIAN_POINT('',(-1.07455443409747,1.15,0.412023577373476));
#11024=CARTESIAN_POINT('Ctrl Pts',(-1.1345220200802,1.15,0.219154854888487));
#11025=CARTESIAN_POINT('Ctrl Pts',(-1.10615897265594,1.15,0.252380139014052));
#11026=CARTESIAN_POINT('Ctrl Pts',(-1.07455443409747,1.15,0.349624873040097));
#11027=CARTESIAN_POINT('Ctrl Pts',(-1.07455443409747,1.15,0.412023577373476));
#11028=CARTESIAN_POINT('',(-1.1345220200802,1.14,0.219154854888487));
#11029=CARTESIAN_POINT('',(-1.1345220200802,11.8631928014015,0.219154854888487));
#11030=CARTESIAN_POINT('',(-1.07455443409747,1.14,0.412023577373476));
#11031=CARTESIAN_POINT('Ctrl Pts',(-1.1345220200802,1.14,0.219154854888487));
#11032=CARTESIAN_POINT('Ctrl Pts',(-1.11561332179736,1.14,0.24130504430553));
#11033=CARTESIAN_POINT('Ctrl Pts',(-1.10089154956286,1.14,0.26858759468506));
#11034=CARTESIAN_POINT('Ctrl Pts',(-1.0903567033767,1.14,0.301002506027074));
#11035=CARTESIAN_POINT('Ctrl Pts',(-1.07982185719055,1.14,0.333417417369089));
#11036=CARTESIAN_POINT('Ctrl Pts',(-1.07455443409747,1.14,0.370424441151223));
#11037=CARTESIAN_POINT('Ctrl Pts',(-1.07455443409747,1.14,0.412023577373476));
#11038=CARTESIAN_POINT('',(-1.07455443409747,11.8631928014015,0.412023577373476));
#11039=CARTESIAN_POINT('Ctrl Pts',(-1.07455443409747,11.8631928014015,0.412023577373476));
#11040=CARTESIAN_POINT('Ctrl Pts',(-1.07455443409747,-9.56319280140146,
0.412023577373476));
#11041=CARTESIAN_POINT('Ctrl Pts',(-1.07455443409747,11.8631928014015,0.472801536139754));
#11042=CARTESIAN_POINT('Ctrl Pts',(-1.07455443409747,-9.56319280140146,
0.472801536139754));
#11043=CARTESIAN_POINT('Ctrl Pts',(-1.10534859987239,11.8631928014015,0.571261829341124));
#11044=CARTESIAN_POINT('Ctrl Pts',(-1.10534859987239,-9.56319280140146,
0.571261829341124));
#11045=CARTESIAN_POINT('Ctrl Pts',(-1.1345220200802,11.8631928014015,0.604487113466689));
#11046=CARTESIAN_POINT('Ctrl Pts',(-1.1345220200802,-9.56319280140146,0.604487113466689));
#11047=CARTESIAN_POINT('',(-1.1345220200802,1.15,0.604487113466689));
#11048=CARTESIAN_POINT('Ctrl Pts',(-1.07455443409747,1.15,0.412023577373476));
#11049=CARTESIAN_POINT('Ctrl Pts',(-1.07455443409747,1.15,0.472801536139754));
#11050=CARTESIAN_POINT('Ctrl Pts',(-1.10534859987239,1.15,0.571261829341124));
#11051=CARTESIAN_POINT('Ctrl Pts',(-1.1345220200802,1.15,0.604487113466689));
#11052=CARTESIAN_POINT('',(-1.1345220200802,1.14,0.604487113466689));
#11053=CARTESIAN_POINT('Ctrl Pts',(-1.07455443409747,1.14,0.412023577373476));
#11054=CARTESIAN_POINT('Ctrl Pts',(-1.07455443409747,1.14,0.452542216550994));
#11055=CARTESIAN_POINT('Ctrl Pts',(-1.07968679505996,1.14,0.489211585006649));
#11056=CARTESIAN_POINT('Ctrl Pts',(-1.08995151698493,1.14,0.522031682740439));
#11057=CARTESIAN_POINT('Ctrl Pts',(-1.1002162389099,1.14,0.554851780474229));
#11058=CARTESIAN_POINT('Ctrl Pts',(-1.11507307327499,1.14,0.582336924049646));
#11059=CARTESIAN_POINT('Ctrl Pts',(-1.1345220200802,1.14,0.604487113466689));
#11060=CARTESIAN_POINT('',(-1.1345220200802,11.8631928014015,0.604487113466689));
#11061=CARTESIAN_POINT('Ctrl Pts',(-1.1345220200802,11.8631928014015,0.604487113466689));
#11062=CARTESIAN_POINT('Ctrl Pts',(-1.1345220200802,-9.56319280140146,0.604487113466689));
#11063=CARTESIAN_POINT('Ctrl Pts',(-1.16531618585511,11.8631928014015,0.639333143159355));
#11064=CARTESIAN_POINT('Ctrl Pts',(-1.16531618585511,-9.56319280140146,
0.639333143159355));
#11065=CARTESIAN_POINT('Ctrl Pts',(-1.24675865060193,11.8631928014015,0.672558427284921));
#11066=CARTESIAN_POINT('Ctrl Pts',(-1.24675865060193,-9.56319280140146,
0.672558427284921));
#11067=CARTESIAN_POINT('Ctrl Pts',(-1.29578620400672,11.8631928014015,0.672558427284921));
#11068=CARTESIAN_POINT('Ctrl Pts',(-1.29578620400672,-9.56319280140146,
0.672558427284921));
#11069=CARTESIAN_POINT('',(-1.29578620400672,1.15,0.672558427284921));
#11070=CARTESIAN_POINT('Ctrl Pts',(-1.1345220200802,1.15,0.604487113466689));
#11071=CARTESIAN_POINT('Ctrl Pts',(-1.16531618585511,1.15,0.639333143159355));
#11072=CARTESIAN_POINT('Ctrl Pts',(-1.24675865060193,1.15,0.672558427284921));
#11073=CARTESIAN_POINT('Ctrl Pts',(-1.29578620400672,1.15,0.672558427284921));
#11074=CARTESIAN_POINT('',(-1.29578620400672,1.14,0.672558427284921));
#11075=CARTESIAN_POINT('Ctrl Pts',(-1.1345220200802,1.14,0.604487113466689));
#11076=CARTESIAN_POINT('Ctrl Pts',(-1.15505146393014,1.14,0.627717799928467));
#11077=CARTESIAN_POINT('Ctrl Pts',(-1.17888992997958,1.14,0.644870690513616));
#11078=CARTESIAN_POINT('Ctrl Pts',(-1.20603741822852,1.14,0.655945785222138));
#11079=CARTESIAN_POINT('Ctrl Pts',(-1.23318490647746,1.14,0.66702087993066));
#11080=CARTESIAN_POINT('Ctrl Pts',(-1.26310116840353,1.14,0.672558427284921));
#11081=CARTESIAN_POINT('Ctrl Pts',(-1.29578620400672,1.14,0.672558427284921));
#11082=CARTESIAN_POINT('',(-1.29578620400672,11.8631928014015,0.672558427284921));
#11083=CARTESIAN_POINT('Ctrl Pts',(-1.29578620400672,11.8631928014015,0.672558427284921));
#11084=CARTESIAN_POINT('Ctrl Pts',(-1.29578620400672,-9.56319280140146,
0.672558427284921));
#11085=CARTESIAN_POINT('Ctrl Pts',(-1.34643450297862,11.8631928014015,0.672558427284921));
#11086=CARTESIAN_POINT('Ctrl Pts',(-1.34643450297862,-9.56319280140146,
0.672558427284921));
#11087=CARTESIAN_POINT('Ctrl Pts',(-1.42747178133366,11.8631928014015,0.63811758398403));
#11088=CARTESIAN_POINT('Ctrl Pts',(-1.42747178133366,-9.56319280140146,
0.63811758398403));
#11089=CARTESIAN_POINT('Ctrl Pts',(-1.45705038793325,11.8631928014015,0.604487113466689));
#11090=CARTESIAN_POINT('Ctrl Pts',(-1.45705038793325,-9.56319280140146,
0.604487113466689));
#11091=CARTESIAN_POINT('',(-1.45705038793325,1.15,0.604487113466689));
#11092=CARTESIAN_POINT('Ctrl Pts',(-1.29578620400672,1.15,0.672558427284921));
#11093=CARTESIAN_POINT('Ctrl Pts',(-1.34643450297862,1.15,0.672558427284921));
#11094=CARTESIAN_POINT('Ctrl Pts',(-1.42747178133366,1.15,0.63811758398403));
#11095=CARTESIAN_POINT('Ctrl Pts',(-1.45705038793325,1.15,0.604487113466689));
#11096=CARTESIAN_POINT('',(-1.45705038793325,1.14,0.604487113466689));
#11097=CARTESIAN_POINT('Origin',(-0.733609116916292,1.14,-0.424582716597574));
#11098=CARTESIAN_POINT('',(-1.45705038793325,11.8631928014015,0.604487113466689));
#11099=CARTESIAN_POINT('Ctrl Pts',(-1.29538101761495,11.8631928014015,0.615021959652844));
#11100=CARTESIAN_POINT('Ctrl Pts',(-1.29538101761495,-9.56319280140146,
0.615021959652844));
#11101=CARTESIAN_POINT('Ctrl Pts',(-1.36466789060851,11.8631928014015,0.615021959652844));
#11102=CARTESIAN_POINT('Ctrl Pts',(-1.36466789060851,-9.56319280140146,
0.615021959652844));
#11103=CARTESIAN_POINT('Ctrl Pts',(-1.44732591453064,11.8631928014015,0.510483870574846));
#11104=CARTESIAN_POINT('Ctrl Pts',(-1.44732591453064,-9.56319280140146,
0.510483870574846));
#11105=CARTESIAN_POINT('Ctrl Pts',(-1.44732591453064,11.8631928014015,0.412023577373476));
#11106=CARTESIAN_POINT('Ctrl Pts',(-1.44732591453064,-9.56319280140146,
0.412023577373476));
#11107=CARTESIAN_POINT('',(-1.44732591453064,1.15,0.412023577373476));
#11108=CARTESIAN_POINT('',(-1.29538101761495,1.15,0.615021959652844));
#11109=CARTESIAN_POINT('Ctrl Pts',(-1.44732591453064,1.15,0.412023577373476));
#11110=CARTESIAN_POINT('Ctrl Pts',(-1.44732591453064,1.15,0.510483870574846));
#11111=CARTESIAN_POINT('Ctrl Pts',(-1.36466789060851,1.15,0.615021959652844));
#11112=CARTESIAN_POINT('Ctrl Pts',(-1.29538101761495,1.15,0.615021959652844));
#11113=CARTESIAN_POINT('',(-1.44732591453064,1.14,0.412023577373476));
#11114=CARTESIAN_POINT('',(-1.44732591453064,11.8631928014015,0.412023577373476));
#11115=CARTESIAN_POINT('',(-1.29538101761495,1.14,0.615021959652844));
#11116=CARTESIAN_POINT('Ctrl Pts',(-1.44732591453064,1.14,0.412023577373476));
#11117=CARTESIAN_POINT('Ctrl Pts',(-1.44732591453064,1.14,0.477663772841056));
#11118=CARTESIAN_POINT('Ctrl Pts',(-1.43354957721029,1.14,0.527906885421179));
#11119=CARTESIAN_POINT('Ctrl Pts',(-1.40599690256958,1.14,0.562752915113845));
#11120=CARTESIAN_POINT('Ctrl Pts',(-1.37844422792886,1.14,0.597598944806511));
#11121=CARTESIAN_POINT('Ctrl Pts',(-1.34157226627732,1.14,0.615021959652844));
#11122=CARTESIAN_POINT('Ctrl Pts',(-1.29538101761495,1.14,0.615021959652844));
#11123=CARTESIAN_POINT('',(-1.29538101761495,11.8631928014015,0.615021959652844));
#11124=CARTESIAN_POINT('Ctrl Pts',(-1.44732591453064,11.8631928014015,0.412023577373476));
#11125=CARTESIAN_POINT('Ctrl Pts',(-1.44732591453064,-9.56319280140146,
0.412023577373476));
#11126=CARTESIAN_POINT('Ctrl Pts',(-1.44732591453064,11.8631928014015,0.363401210360453));
#11127=CARTESIAN_POINT('Ctrl Pts',(-1.44732591453064,-9.56319280140146,
0.363401210360453));
#11128=CARTESIAN_POINT('Ctrl Pts',(-1.42625622215833,11.8631928014015,0.286415795923168));
#11129=CARTESIAN_POINT('Ctrl Pts',(-1.42625622215833,-9.56319280140146,
0.286415795923168));
#11130=CARTESIAN_POINT('Ctrl Pts',(-1.40640208896135,11.8631928014015,0.260889053241331));
#11131=CARTESIAN_POINT('Ctrl Pts',(-1.40640208896135,-9.56319280140146,
0.260889053241331));
#11132=CARTESIAN_POINT('',(-1.40640208896135,1.15,0.260889053241331));
#11133=CARTESIAN_POINT('Origin',(-1.25570570713219,1.15,0.525848974117099));
#11134=CARTESIAN_POINT('',(-1.40640208896135,1.14,0.260889053241331));
#11135=CARTESIAN_POINT('',(-1.40640208896135,11.8631928014015,0.260889053241331));
#11136=CARTESIAN_POINT('Ctrl Pts',(-1.40640208896135,1.14,0.260889053241331));
#11137=CARTESIAN_POINT('Ctrl Pts',(-1.41963817775934,1.14,0.277906881695889));
#11138=CARTESIAN_POINT('Ctrl Pts',(-1.42976783755372,1.14,0.299246698329382));
#11139=CARTESIAN_POINT('Ctrl Pts',(-1.43679106834449,1.14,0.32490850314181));
#11140=CARTESIAN_POINT('Ctrl Pts',(-1.44381429913526,1.14,0.350570307954239));
#11141=CARTESIAN_POINT('Ctrl Pts',(-1.44732591453064,1.14,0.379608666031461));
#11142=CARTESIAN_POINT('Ctrl Pts',(-1.44732591453064,1.14,0.412023577373476));
#11143=CARTESIAN_POINT('Ctrl Pts',(-1.40640208896135,11.8631928014015,0.260889053241331));
#11144=CARTESIAN_POINT('Ctrl Pts',(-1.40640208896135,-9.56319280140146,
0.260889053241331));
#11145=CARTESIAN_POINT('Ctrl Pts',(-1.38573758298082,11.8631928014015,0.234146751384169));
#11146=CARTESIAN_POINT('Ctrl Pts',(-1.38573758298082,-9.56319280140146,
0.234146751384169));
#11147=CARTESIAN_POINT('Ctrl Pts',(-1.33144260648294,11.8631928014015,0.209025195094107));
#11148=CARTESIAN_POINT('Ctrl Pts',(-1.33144260648294,-9.56319280140146,
0.209025195094107));
#11149=CARTESIAN_POINT('Ctrl Pts',(-1.29538101761495,11.8631928014015,0.209025195094107));
#11150=CARTESIAN_POINT('Ctrl Pts',(-1.29538101761495,-9.56319280140146,
0.209025195094107));
#11151=CARTESIAN_POINT('',(-1.29538101761495,1.15,0.209025195094107));
#11152=CARTESIAN_POINT('Ctrl Pts',(-1.29538101761495,1.15,0.209025195094107));
#11153=CARTESIAN_POINT('Ctrl Pts',(-1.33144260648294,1.15,0.209025195094107));
#11154=CARTESIAN_POINT('Ctrl Pts',(-1.38573758298082,1.15,0.234146751384169));
#11155=CARTESIAN_POINT('Ctrl Pts',(-1.40640208896135,1.15,0.260889053241331));
#11156=CARTESIAN_POINT('',(-1.29538101761495,1.14,0.209025195094107));
#11157=CARTESIAN_POINT('',(-1.29538101761495,11.8631928014015,0.209025195094107));
#11158=CARTESIAN_POINT('Ctrl Pts',(-1.29538101761495,1.14,0.209025195094107));
#11159=CARTESIAN_POINT('Ctrl Pts',(-1.31942207686028,1.14,0.209025195094107));
#11160=CARTESIAN_POINT('Ctrl Pts',(-1.34049176923259,1.14,0.213212121142451));
#11161=CARTESIAN_POINT('Ctrl Pts',(-1.35859009473188,1.14,0.221585973239138));
#11162=CARTESIAN_POINT('Ctrl Pts',(-1.37668842023117,1.14,0.229959825335825));
#11163=CARTESIAN_POINT('Ctrl Pts',(-1.39262575164099,1.14,0.243060852003223));
#11164=CARTESIAN_POINT('Ctrl Pts',(-1.40640208896135,1.14,0.260889053241331));
#11165=CARTESIAN_POINT('Ctrl Pts',(-1.29578620400672,11.8631928014015,0.151488727462031));
#11166=CARTESIAN_POINT('Ctrl Pts',(-1.29578620400672,-9.56319280140146,
0.151488727462031));
#11167=CARTESIAN_POINT('Ctrl Pts',(-1.24473271864305,11.8631928014015,0.151488727462031));
#11168=CARTESIAN_POINT('Ctrl Pts',(-1.24473271864305,-9.56319280140146,
0.151488727462031));
#11169=CARTESIAN_POINT('Ctrl Pts',(-1.16288506750446,11.8631928014015,0.187145129938247));
#11170=CARTESIAN_POINT('Ctrl Pts',(-1.16288506750446,-9.56319280140146,
0.187145129938247));
#11171=CARTESIAN_POINT('Ctrl Pts',(-1.1345220200802,11.8631928014015,0.219154854888487));
#11172=CARTESIAN_POINT('Ctrl Pts',(-1.1345220200802,-9.56319280140146,0.219154854888487));
#11173=CARTESIAN_POINT('',(-1.29578620400672,1.15,0.151488727462031));
#11174=CARTESIAN_POINT('Ctrl Pts',(-1.29578620400672,1.15,0.151488727462031));
#11175=CARTESIAN_POINT('Ctrl Pts',(-1.24473271864305,1.15,0.151488727462031));
#11176=CARTESIAN_POINT('Ctrl Pts',(-1.16288506750446,1.15,0.187145129938247));
#11177=CARTESIAN_POINT('Ctrl Pts',(-1.1345220200802,1.15,0.219154854888487));
#11178=CARTESIAN_POINT('',(-1.29578620400672,1.14,0.151488727462031));
#11179=CARTESIAN_POINT('',(-1.29578620400672,11.8631928014015,0.151488727462031));
#11180=CARTESIAN_POINT('Ctrl Pts',(-1.29578620400672,1.14,0.151488727462031));
#11181=CARTESIAN_POINT('Ctrl Pts',(-1.26175054709761,1.14,0.151488727462031));
#11182=CARTESIAN_POINT('Ctrl Pts',(-1.23109144345329,1.14,0.157431461208067));
#11183=CARTESIAN_POINT('Ctrl Pts',(-1.20380889307376,1.14,0.169316928700139));
#11184=CARTESIAN_POINT('Ctrl Pts',(-1.17652634269423,1.14,0.181202396192211));
#11185=CARTESIAN_POINT('Ctrl Pts',(-1.15343071836304,1.14,0.197815038254994));
#11186=CARTESIAN_POINT('Ctrl Pts',(-1.1345220200802,1.14,0.219154854888487));
#11187=CARTESIAN_POINT('Ctrl Pts',(-1.45664520154147,11.8631928014015,0.219154854888487));
#11188=CARTESIAN_POINT('Ctrl Pts',(-1.45664520154147,-9.56319280140146,
0.219154854888487));
#11189=CARTESIAN_POINT('Ctrl Pts',(-1.42747178133366,11.8631928014015,0.185929570762921));
#11190=CARTESIAN_POINT('Ctrl Pts',(-1.42747178133366,-9.56319280140146,
0.185929570762921));
#11191=CARTESIAN_POINT('Ctrl Pts',(-1.34602931658685,11.8631928014015,0.151488727462031));
#11192=CARTESIAN_POINT('Ctrl Pts',(-1.34602931658685,-9.56319280140146,
0.151488727462031));
#11193=CARTESIAN_POINT('Ctrl Pts',(-1.29578620400672,11.8631928014015,0.151488727462031));
#11194=CARTESIAN_POINT('Ctrl Pts',(-1.29578620400672,-9.56319280140146,
0.151488727462031));
#11195=CARTESIAN_POINT('',(-1.45664520154147,1.15,0.219154854888487));
#11196=CARTESIAN_POINT('Origin',(-1.10020482405724,1.15,0.632983668816659));
#11197=CARTESIAN_POINT('',(-1.45664520154147,1.14,0.219154854888487));
#11198=CARTESIAN_POINT('',(-1.45664520154147,11.8631928014015,0.219154854888487));
#11199=CARTESIAN_POINT('Origin',(-1.08630258636895,1.14,0.655135535016214));
#11200=CARTESIAN_POINT('Ctrl Pts',(-1.5166127875242,11.8631928014015,0.412023577373476));
#11201=CARTESIAN_POINT('Ctrl Pts',(-1.5166127875242,-9.56319280140146,0.412023577373476));
#11202=CARTESIAN_POINT('Ctrl Pts',(-1.5166127875242,11.8631928014015,0.349219686648322));
#11203=CARTESIAN_POINT('Ctrl Pts',(-1.5166127875242,-9.56319280140146,0.349219686648322));
#11204=CARTESIAN_POINT('Ctrl Pts',(-1.48541343535751,11.8631928014015,0.253595698189378));
#11205=CARTESIAN_POINT('Ctrl Pts',(-1.48541343535751,-9.56319280140146,
0.253595698189378));
#11206=CARTESIAN_POINT('Ctrl Pts',(-1.45664520154147,11.8631928014015,0.219154854888487));
#11207=CARTESIAN_POINT('Ctrl Pts',(-1.45664520154147,-9.56319280140146,
0.219154854888487));
#11208=CARTESIAN_POINT('',(-1.5166127875242,1.15,0.412023577373476));
#11209=CARTESIAN_POINT('Ctrl Pts',(-1.5166127875242,1.15,0.412023577373476));
#11210=CARTESIAN_POINT('Ctrl Pts',(-1.5166127875242,1.15,0.349219686648322));
#11211=CARTESIAN_POINT('Ctrl Pts',(-1.48541343535751,1.15,0.253595698189378));
#11212=CARTESIAN_POINT('Ctrl Pts',(-1.45664520154147,1.15,0.219154854888487));
#11213=CARTESIAN_POINT('',(-1.5166127875242,1.14,0.412023577373476));
#11214=CARTESIAN_POINT('',(-1.5166127875242,11.8631928014015,0.412023577373476));
#11215=CARTESIAN_POINT('Ctrl Pts',(-1.5166127875242,1.14,0.412023577373476));
#11216=CARTESIAN_POINT('Ctrl Pts',(-1.5166127875242,1.14,0.37015431689004));
#11217=CARTESIAN_POINT('Ctrl Pts',(-1.51141289549642,1.14,0.333282355238498));
#11218=CARTESIAN_POINT('Ctrl Pts',(-1.50101311144086,1.14,0.30140769241885));
#11219=CARTESIAN_POINT('Ctrl Pts',(-1.49061332738529,1.14,0.269533029599202));
#11220=CARTESIAN_POINT('Ctrl Pts',(-1.4758240240855,1.14,0.242115417089081));
#11221=CARTESIAN_POINT('Ctrl Pts',(-1.45664520154147,1.14,0.219154854888487));
#11222=CARTESIAN_POINT('Ctrl Pts',(-1.45705038793325,11.8631928014015,0.604487113466689));
#11223=CARTESIAN_POINT('Ctrl Pts',(-1.45705038793325,-9.56319280140146,
0.604487113466689));
#11224=CARTESIAN_POINT('Ctrl Pts',(-1.48581862174929,11.8631928014015,0.571261829341124));
#11225=CARTESIAN_POINT('Ctrl Pts',(-1.48581862174929,-9.56319280140146,
0.571261829341124));
#11226=CARTESIAN_POINT('Ctrl Pts',(-1.5166127875242,11.8631928014015,0.473611908923304));
#11227=CARTESIAN_POINT('Ctrl Pts',(-1.5166127875242,-9.56319280140146,0.473611908923304));
#11228=CARTESIAN_POINT('Ctrl Pts',(-1.5166127875242,11.8631928014015,0.412023577373476));
#11229=CARTESIAN_POINT('Ctrl Pts',(-1.5166127875242,-9.56319280140146,0.412023577373476));
#11230=CARTESIAN_POINT('Ctrl Pts',(-1.45705038793325,1.15,0.604487113466689));
#11231=CARTESIAN_POINT('Ctrl Pts',(-1.48581862174929,1.15,0.571261829341124));
#11232=CARTESIAN_POINT('Ctrl Pts',(-1.5166127875242,1.15,0.473611908923304));
#11233=CARTESIAN_POINT('Ctrl Pts',(-1.5166127875242,1.15,0.412023577373476));
#11234=CARTESIAN_POINT('Ctrl Pts',(-1.45705038793325,1.14,0.604487113466689));
#11235=CARTESIAN_POINT('Ctrl Pts',(-1.47622921047727,1.14,0.582336924049646));
#11236=CARTESIAN_POINT('Ctrl Pts',(-1.49095098271177,1.14,0.554986842604821));
#11237=CARTESIAN_POINT('Ctrl Pts',(-1.50121570463674,1.14,0.522436869132214));
#11238=CARTESIAN_POINT('Ctrl Pts',(-1.51148042656172,1.14,0.489886895659607));
#11239=CARTESIAN_POINT('Ctrl Pts',(-1.5166127875242,1.14,0.453082465073361));
#11240=CARTESIAN_POINT('Ctrl Pts',(-1.5166127875242,1.14,0.412023577373476));
#11241=CARTESIAN_POINT('Ctrl Pts',(-1.29538101761495,11.8631928014015,0.209025195094107));
#11242=CARTESIAN_POINT('Ctrl Pts',(-1.29538101761495,-9.56319280140146,
0.209025195094107));
#11243=CARTESIAN_POINT('Ctrl Pts',(-1.26053498792228,11.8631928014015,0.209025195094107));
#11244=CARTESIAN_POINT('Ctrl Pts',(-1.26053498792228,-9.56319280140146,
0.209025195094107));
#11245=CARTESIAN_POINT('Ctrl Pts',(-1.20461926585731,11.8631928014015,0.234957124167719));
#11246=CARTESIAN_POINT('Ctrl Pts',(-1.20461926585731,-9.56319280140146,
0.234957124167719));
#11247=CARTESIAN_POINT('Ctrl Pts',(-1.18476513266032,11.8631928014015,0.260889053241331));
#11248=CARTESIAN_POINT('Ctrl Pts',(-1.18476513266032,-9.56319280140146,
0.260889053241331));
#11249=CARTESIAN_POINT('',(-1.18476513266032,1.15,0.260889053241331));
#11250=CARTESIAN_POINT('Ctrl Pts',(-1.18476513266032,1.15,0.260889053241331));
#11251=CARTESIAN_POINT('Ctrl Pts',(-1.20461926585731,1.15,0.234957124167719));
#11252=CARTESIAN_POINT('Ctrl Pts',(-1.26053498792228,1.15,0.209025195094107));
#11253=CARTESIAN_POINT('Ctrl Pts',(-1.29538101761495,1.15,0.209025195094107));
#11254=CARTESIAN_POINT('',(-1.18476513266032,1.14,0.260889053241331));
#11255=CARTESIAN_POINT('',(-1.18476513266032,11.8631928014015,0.260889053241331));
#11256=CARTESIAN_POINT('Ctrl Pts',(-1.18476513266032,1.14,0.260889053241331));
#11257=CARTESIAN_POINT('Ctrl Pts',(-1.19800122145831,1.14,0.24360110052559));
#11258=CARTESIAN_POINT('Ctrl Pts',(-1.21393855286814,1.14,0.230635135988784));
#11259=CARTESIAN_POINT('Ctrl Pts',(-1.2325771268898,1.14,0.221991159630913));
#11260=CARTESIAN_POINT('Ctrl Pts',(-1.25121570091145,1.14,0.213347183273042));
#11261=CARTESIAN_POINT('Ctrl Pts',(-1.27215033115317,1.14,0.209025195094107));
#11262=CARTESIAN_POINT('Ctrl Pts',(-1.29538101761495,1.14,0.209025195094107));
#11263=CARTESIAN_POINT('Ctrl Pts',(-1.18476513266032,11.8631928014015,0.260889053241331));
#11264=CARTESIAN_POINT('Ctrl Pts',(-1.18476513266032,-9.56319280140146,
0.260889053241331));
#11265=CARTESIAN_POINT('Ctrl Pts',(-1.16531618585511,11.8631928014015,0.286010609531393));
#11266=CARTESIAN_POINT('Ctrl Pts',(-1.16531618585511,-9.56319280140146,
0.286010609531393));
#11267=CARTESIAN_POINT('Ctrl Pts',(-1.14384130709103,11.8631928014015,0.362590837576903));
#11268=CARTESIAN_POINT('Ctrl Pts',(-1.14384130709103,-9.56319280140146,
0.362590837576903));
#11269=CARTESIAN_POINT('Ctrl Pts',(-1.14384130709103,11.8631928014015,0.412023577373476));
#11270=CARTESIAN_POINT('Ctrl Pts',(-1.14384130709103,-9.56319280140146,
0.412023577373476));
#11271=CARTESIAN_POINT('',(-1.14384130709103,1.15,0.412023577373476));
#11272=CARTESIAN_POINT('Ctrl Pts',(-1.14384130709103,1.15,0.412023577373476));
#11273=CARTESIAN_POINT('Ctrl Pts',(-1.14384130709103,1.15,0.362590837576903));
#11274=CARTESIAN_POINT('Ctrl Pts',(-1.16531618585511,1.15,0.286010609531393));
#11275=CARTESIAN_POINT('Ctrl Pts',(-1.18476513266032,1.15,0.260889053241331));
#11276=CARTESIAN_POINT('',(-1.14384130709103,1.14,0.412023577373476));
#11277=CARTESIAN_POINT('',(-1.14384130709103,11.8631928014015,0.412023577373476));
#11278=CARTESIAN_POINT('Ctrl Pts',(-1.14384130709103,1.14,0.412023577373476));
#11279=CARTESIAN_POINT('Ctrl Pts',(-1.14384130709103,1.14,0.379068417509094));
#11280=CARTESIAN_POINT('Ctrl Pts',(-1.14742045355171,1.14,0.349827466235984));
#11281=CARTESIAN_POINT('Ctrl Pts',(-1.15457874647307,1.14,0.324300723554148));
#11282=CARTESIAN_POINT('Ctrl Pts',(-1.16173703939443,1.14,0.298773980872311));
#11283=CARTESIAN_POINT('Ctrl Pts',(-1.17179916812352,1.14,0.277636757434705));
#11284=CARTESIAN_POINT('Ctrl Pts',(-1.18476513266032,1.14,0.260889053241331));
#11285=CARTESIAN_POINT('Ctrl Pts',(-1.14384130709103,11.8631928014015,0.412023577373476));
#11286=CARTESIAN_POINT('Ctrl Pts',(-1.14384130709103,-9.56319280140146,
0.412023577373476));
#11287=CARTESIAN_POINT('Ctrl Pts',(-1.14384130709103,11.8631928014015,0.510483870574846));
#11288=CARTESIAN_POINT('Ctrl Pts',(-1.14384130709103,-9.56319280140146,
0.510483870574846));
#11289=CARTESIAN_POINT('Ctrl Pts',(-1.22609414462139,11.8631928014015,0.615021959652844));
#11290=CARTESIAN_POINT('Ctrl Pts',(-1.22609414462139,-9.56319280140146,
0.615021959652844));
#11291=CARTESIAN_POINT('Ctrl Pts',(-1.29538101761495,11.8631928014015,0.615021959652844));
#11292=CARTESIAN_POINT('Ctrl Pts',(-1.29538101761495,-9.56319280140146,
0.615021959652844));
#11293=CARTESIAN_POINT('Ctrl Pts',(-1.29538101761495,1.15,0.615021959652844));
#11294=CARTESIAN_POINT('Ctrl Pts',(-1.22609414462139,1.15,0.615021959652844));
#11295=CARTESIAN_POINT('Ctrl Pts',(-1.14384130709103,1.15,0.510483870574846));
#11296=CARTESIAN_POINT('Ctrl Pts',(-1.14384130709103,1.15,0.412023577373476));
#11297=CARTESIAN_POINT('Ctrl Pts',(-1.29538101761495,1.14,0.615021959652844));
#11298=CARTESIAN_POINT('Ctrl Pts',(-1.24918976895258,1.14,0.615021959652844));
#11299=CARTESIAN_POINT('Ctrl Pts',(-1.21238533836633,1.14,0.597598944806511));
#11300=CARTESIAN_POINT('Ctrl Pts',(-1.18496772585621,1.14,0.562752915113845));
#11301=CARTESIAN_POINT('Ctrl Pts',(-1.15755011334609,1.14,0.527906885421179));
#11302=CARTESIAN_POINT('Ctrl Pts',(-1.14384130709103,1.14,0.477663772841056));
#11303=CARTESIAN_POINT('Ctrl Pts',(-1.14384130709103,1.14,0.412023577373476));
#11304=CARTESIAN_POINT('Origin',(-1.66533453693773E-15,1.14,2.77555756156289E-16));
#11305=CARTESIAN_POINT('Origin',(-1.66533453693773E-15,1.14,2.77555756156289E-16));
#11306=CARTESIAN_POINT('',(0.998379165575365,1.14,-0.598409314005147));
#11307=CARTESIAN_POINT('',(0.937601206809087,1.14,-0.613806396892604));
#11308=CARTESIAN_POINT('Ctrl Pts',(0.998379165575365,1.14,-0.598409314005147));
#11309=CARTESIAN_POINT('Ctrl Pts',(0.990005313478678,1.14,-0.60408192349));
#11310=CARTESIAN_POINT('Ctrl Pts',(0.980686026467849,1.14,-0.608066256342456));
#11311=CARTESIAN_POINT('Ctrl Pts',(0.970421304542877,1.14,-0.610362312562515));
#11312=CARTESIAN_POINT('Ctrl Pts',(0.960156582617906,1.14,-0.612658368782575));
#11313=CARTESIAN_POINT('Ctrl Pts',(0.949216550039976,1.14,-0.613806396892604));
#11314=CARTESIAN_POINT('Ctrl Pts',(0.937601206809087,1.14,-0.613806396892604));
#11315=CARTESIAN_POINT('',(1.02471628104075,1.14,-0.544114337507272));
#11316=CARTESIAN_POINT('Ctrl Pts',(1.02471628104075,1.14,-0.544114337507272));
#11317=CARTESIAN_POINT('Ctrl Pts',(1.02471628104075,1.14,-0.556810177782895));
#11318=CARTESIAN_POINT('Ctrl Pts',(1.0222851626901,1.14,-0.567682679295529));
#11319=CARTESIAN_POINT('Ctrl Pts',(1.0174229259888,1.14,-0.576731842045175));
#11320=CARTESIAN_POINT('Ctrl Pts',(1.0125606892875,1.14,-0.585781004794821));
#11321=CARTESIAN_POINT('Ctrl Pts',(1.00621276914969,1.14,-0.593006828781478));
#11322=CARTESIAN_POINT('Ctrl Pts',(0.998379165575365,1.14,-0.598409314005147));
#11323=CARTESIAN_POINT('',(0.92301449670518,1.14,-0.460240754409809));
#11324=CARTESIAN_POINT('Ctrl Pts',(0.92301449670518,1.14,-0.460240754409809));
#11325=CARTESIAN_POINT('Ctrl Pts',(0.952998289696544,1.14,-0.460240754409809));
#11326=CARTESIAN_POINT('Ctrl Pts',(0.977444535333647,1.14,-0.46739904733117));
#11327=CARTESIAN_POINT('Ctrl Pts',(0.996353233616489,1.14,-0.481715633173894));
#11328=CARTESIAN_POINT('Ctrl Pts',(1.01526193189933,1.14,-0.496032219016617));
#11329=CARTESIAN_POINT('Ctrl Pts',(1.02471628104075,1.14,-0.516831787127743));
#11330=CARTESIAN_POINT('Ctrl Pts',(1.02471628104075,1.14,-0.544114337507272));
#11331=CARTESIAN_POINT('',(0.900729245157545,1.14,-0.460240754409809));
#11332=CARTESIAN_POINT('',(0.461507248352589,1.14,-0.460240754409809));
#11333=CARTESIAN_POINT('',(0.900729245157545,1.14,-0.404730218736608));
#11334=CARTESIAN_POINT('',(0.900729245157545,1.14,-0.230120377204904));
#11335=CARTESIAN_POINT('',(0.929092292581808,1.14,-0.404730218736608));
#11336=CARTESIAN_POINT('',(0.450364622578772,1.14,-0.404730218736608));
#11337=CARTESIAN_POINT('',(1.00445696145199,1.14,-0.3869020174985));
#11338=CARTESIAN_POINT('Ctrl Pts',(1.00445696145199,1.14,-0.3869020174985));
#11339=CARTESIAN_POINT('Ctrl Pts',(0.995002612310572,1.14,-0.393655124028086));
#11340=CARTESIAN_POINT('Ctrl Pts',(0.983859986536754,1.14,-0.398314767533501));
#11341=CARTESIAN_POINT('Ctrl Pts',(0.97102908413054,1.14,-0.400880948014744));
#11342=CARTESIAN_POINT('Ctrl Pts',(0.958198181724326,1.14,-0.403447128495987));
#11343=CARTESIAN_POINT('Ctrl Pts',(0.944219251208082,1.14,-0.404730218736608));
#11344=CARTESIAN_POINT('Ctrl Pts',(0.929092292581808,1.14,-0.404730218736608));
#11345=CARTESIAN_POINT('',(1.03444075444336,1.14,-0.314373653370741));
#11346=CARTESIAN_POINT('Ctrl Pts',(1.03444075444336,1.14,-0.314373653370741));
#11347=CARTESIAN_POINT('Ctrl Pts',(1.03444075444336,1.14,-0.332471978870033));
#11348=CARTESIAN_POINT('Ctrl Pts',(1.03180704289682,1.14,-0.347396344300419));
#11349=CARTESIAN_POINT('Ctrl Pts',(1.02653961980374,1.14,-0.359146749661899));
#11350=CARTESIAN_POINT('Ctrl Pts',(1.02127219671066,1.14,-0.37089715502338));
#11351=CARTESIAN_POINT('Ctrl Pts',(1.01391131059341,1.14,-0.380148910968913));
#11352=CARTESIAN_POINT('Ctrl Pts',(1.00445696145199,1.14,-0.3869020174985));
#11353=CARTESIAN_POINT('',(1.00688807980264,1.14,-0.236577866149905));
#11354=CARTESIAN_POINT('Ctrl Pts',(1.00688807980264,1.14,-0.236577866149905));
#11355=CARTESIAN_POINT('Ctrl Pts',(1.0158021804217,1.14,-0.246572463813693));
#11356=CARTESIAN_POINT('Ctrl Pts',(1.02262281801658,1.14,-0.257512496391623));
#11357=CARTESIAN_POINT('Ctrl Pts',(1.02734999258729,1.14,-0.269397963883696));
#11358=CARTESIAN_POINT('Ctrl Pts',(1.032077167158,1.14,-0.281283431375768));
#11359=CARTESIAN_POINT('Ctrl Pts',(1.03444075444336,1.14,-0.29627532787145));
#11360=CARTESIAN_POINT('Ctrl Pts',(1.03444075444336,1.14,-0.314373653370741));
#11361=CARTESIAN_POINT('',(0.931118224540684,1.14,-0.208620005117418));
#11362=CARTESIAN_POINT('Ctrl Pts',(0.931118224540684,1.14,-0.208620005117418));
#11363=CARTESIAN_POINT('Ctrl Pts',(0.94489456186104,1.14,-0.208620005117418));
#11364=CARTESIAN_POINT('Ctrl Pts',(0.958670899181397,1.14,-0.210780999206885));
#11365=CARTESIAN_POINT('Ctrl Pts',(0.972447236501753,1.14,-0.215102987385821));
#11366=CARTESIAN_POINT('Ctrl Pts',(0.986223573822109,1.14,-0.219424975564756));
#11367=CARTESIAN_POINT('Ctrl Pts',(0.997703854922406,1.14,-0.226583268486117));
#11368=CARTESIAN_POINT('Ctrl Pts',(1.00688807980264,1.14,-0.236577866149905));
#11369=CARTESIAN_POINT('',(0.8034845111315,1.14,-0.252380135429138));
#11370=CARTESIAN_POINT('Ctrl Pts',(0.8034845111315,1.14,-0.252380135429138));
#11371=CARTESIAN_POINT('Ctrl Pts',(0.81753097271304,1.14,-0.242115413504166));
#11372=CARTESIAN_POINT('Ctrl Pts',(0.836439670995882,1.14,-0.23225587797097));
#11373=CARTESIAN_POINT('Ctrl Pts',(0.860210605980026,1.14,-0.222801528829549));
#11374=CARTESIAN_POINT('Ctrl Pts',(0.883981540964171,1.14,-0.213347179688128));
#11375=CARTESIAN_POINT('Ctrl Pts',(0.907617413817723,1.14,-0.208620005117418));
#11376=CARTESIAN_POINT('Ctrl Pts',(0.931118224540684,1.14,-0.208620005117418));
#11377=CARTESIAN_POINT('',(0.798622274430198,1.14,-0.252380135429138));
#11378=CARTESIAN_POINT('',(0.401742255565749,1.14,-0.252380135429138));
#11379=CARTESIAN_POINT('',(0.798622274430198,1.14,-0.18147251686848));
#11380=CARTESIAN_POINT('',(0.798622274430198,1.14,-0.126190067714569));
#11381=CARTESIAN_POINT('',(0.935170088458436,1.14,-0.150678351093566));
#11382=CARTESIAN_POINT('Ctrl Pts',(0.935170088458436,1.14,-0.150678351093566));
#11383=CARTESIAN_POINT('Ctrl Pts',(0.910048532168374,1.14,-0.150678351093566));
#11384=CARTESIAN_POINT('Ctrl Pts',(0.885197100139496,1.14,-0.15371724903188));
#11385=CARTESIAN_POINT('Ctrl Pts',(0.860615792371801,1.14,-0.159795044908508));
#11386=CARTESIAN_POINT('Ctrl Pts',(0.836034484604107,1.14,-0.165872840785135));
#11387=CARTESIAN_POINT('Ctrl Pts',(0.815369978623572,1.14,-0.173098664771793));
#11388=CARTESIAN_POINT('Ctrl Pts',(0.798622274430198,1.14,-0.18147251686848));
#11389=CARTESIAN_POINT('',(1.05834675155809,1.14,-0.196869599755937));
#11390=CARTESIAN_POINT('Origin',(0.737908519403644,1.14,-0.531828095702114));
#11391=CARTESIAN_POINT('',(1.10251206826159,1.14,-0.309511416669439));
#11392=CARTESIAN_POINT('Ctrl Pts',(1.10251206826159,1.14,-0.309511416669439));
#11393=CARTESIAN_POINT('Ctrl Pts',(1.10251206826159,1.14,-0.287091102991212));
#11394=CARTESIAN_POINT('Ctrl Pts',(1.09866279753972,1.14,-0.266359065945382));
#11395=CARTESIAN_POINT('Ctrl Pts',(1.090964256096,1.14,-0.247315305531948));
#11396=CARTESIAN_POINT('Ctrl Pts',(1.08326571465227,1.14,-0.228271545118514));
#11397=CARTESIAN_POINT('Ctrl Pts',(1.07239321313963,1.14,-0.211456309859844));
#11398=CARTESIAN_POINT('Ctrl Pts',(1.05834675155809,1.14,-0.196869599755937));
#11399=CARTESIAN_POINT('',(1.06766603856892,1.14,-0.401893913994182));
#11400=CARTESIAN_POINT('Ctrl Pts',(1.06766603856892,1.14,-0.401893913994182));
#11401=CARTESIAN_POINT('Ctrl Pts',(1.07793076049389,1.14,-0.392439564852761));
#11402=CARTESIAN_POINT('Ctrl Pts',(1.08630461259058,1.14,-0.380148910968913));
#11403=CARTESIAN_POINT('Ctrl Pts',(1.09278759485898,1.14,-0.36502195234264));
#11404=CARTESIAN_POINT('Ctrl Pts',(1.09927057712739,1.14,-0.349894993716366));
#11405=CARTESIAN_POINT('Ctrl Pts',(1.10251206826159,1.14,-0.331391481825299));
#11406=CARTESIAN_POINT('Ctrl Pts',(1.10251206826159,1.14,-0.309511416669439));
#11407=CARTESIAN_POINT('',(1.00040509753424,1.14,-0.434308825336197));
#11408=CARTESIAN_POINT('Ctrl Pts',(1.00040509753424,1.14,-0.434308825336197));
#11409=CARTESIAN_POINT('Ctrl Pts',(1.0109399437204,1.14,-0.432147831246729));
#11410=CARTESIAN_POINT('Ctrl Pts',(1.02221763162481,1.14,-0.428636215851344));
#11411=CARTESIAN_POINT('Ctrl Pts',(1.03423816124747,1.14,-0.423773979150042));
#11412=CARTESIAN_POINT('Ctrl Pts',(1.04625869087013,1.14,-0.41891174244874));
#11413=CARTESIAN_POINT('Ctrl Pts',(1.05740131664395,1.14,-0.411618387396786));
#11414=CARTESIAN_POINT('Ctrl Pts',(1.06766603856892,1.14,-0.401893913994182));
#11415=CARTESIAN_POINT('',(1.00040509753424,1.14,-0.439171062037499));
#11416=CARTESIAN_POINT('',(1.00040509753424,1.14,-0.217154412668098));
#11417=CARTESIAN_POINT('',(1.09278759485898,1.14,-0.55100250616745));
#11418=CARTESIAN_POINT('Ctrl Pts',(1.09278759485898,1.14,-0.55100250616745));
#11419=CARTESIAN_POINT('Ctrl Pts',(1.09278759485898,1.14,-0.523449831526738));
#11420=CARTESIAN_POINT('Ctrl Pts',(1.08373843210934,1.14,-0.499273710150818));
#11421=CARTESIAN_POINT('Ctrl Pts',(1.06564010661005,1.14,-0.478474142039692));
#11422=CARTESIAN_POINT('Ctrl Pts',(1.04754178111075,1.14,-0.457674573928566));
#11423=CARTESIAN_POINT('Ctrl Pts',(1.02579677808549,1.14,-0.444573547261168));
#11424=CARTESIAN_POINT('Ctrl Pts',(1.00040509753424,1.14,-0.439171062037499));
#11425=CARTESIAN_POINT('',(1.04821709176371,1.14,-0.643385003492193));
#11426=CARTESIAN_POINT('Ctrl Pts',(1.04821709176371,1.14,-0.643385003492193));
#11427=CARTESIAN_POINT('Ctrl Pts',(1.06280380186762,1.14,-0.632850157306038));
#11428=CARTESIAN_POINT('Ctrl Pts',(1.07387889657614,1.14,-0.619951723834528));
#11429=CARTESIAN_POINT('Ctrl Pts',(1.08144237588928,1.14,-0.604689703077663));
#11430=CARTESIAN_POINT('Ctrl Pts',(1.08900585520242,1.14,-0.589427682320797));
#11431=CARTESIAN_POINT('Ctrl Pts',(1.09278759485898,1.14,-0.571531950017393));
#11432=CARTESIAN_POINT('Ctrl Pts',(1.09278759485898,1.14,-0.55100250616745));
#11433=CARTESIAN_POINT('',(0.942868629902164,1.14,-0.671748050916456));
#11434=CARTESIAN_POINT('Ctrl Pts',(0.942868629902164,1.14,-0.671748050916456));
#11435=CARTESIAN_POINT('Ctrl Pts',(0.965559067841575,1.14,-0.671748050916456));
#11436=CARTESIAN_POINT('Ctrl Pts',(0.985345669973263,1.14,-0.669451994696397));
#11437=CARTESIAN_POINT('Ctrl Pts',(1.00222843629723,1.14,-0.664859882256278));
#11438=CARTESIAN_POINT('Ctrl Pts',(1.0191112026212,1.14,-0.660267769816159));
#11439=CARTESIAN_POINT('Ctrl Pts',(1.03444075444336,1.14,-0.653109476894797));
#11440=CARTESIAN_POINT('Ctrl Pts',(1.04821709176371,1.14,-0.643385003492193));
#11441=CARTESIAN_POINT('',(0.812398611750554,1.14,-0.640953885141542));
#11442=CARTESIAN_POINT('Ctrl Pts',(0.812398611750554,1.14,-0.640953885141542));
#11443=CARTESIAN_POINT('Ctrl Pts',(0.826985321854461,1.14,-0.648787488715862));
#11444=CARTESIAN_POINT('Ctrl Pts',(0.846771923986149,1.14,-0.655878250571928));
#11445=CARTESIAN_POINT('Ctrl Pts',(0.871758418145619,1.14,-0.662226170709739));
#11446=CARTESIAN_POINT('Ctrl Pts',(0.896744912305089,1.14,-0.66857409084755));
#11447=CARTESIAN_POINT('Ctrl Pts',(0.920448316223937,1.14,-0.671748050916456));
#11448=CARTESIAN_POINT('Ctrl Pts',(0.942868629902164,1.14,-0.671748050916456));
#11449=CARTESIAN_POINT('',(0.812398611750554,1.14,-0.570046266580884));
#11450=CARTESIAN_POINT('',(0.812398611750554,1.14,-0.320476942570771));
#11451=CARTESIAN_POINT('',(0.816450475668306,1.14,-0.570046266580884));
#11452=CARTESIAN_POINT('',(0.406199305875276,1.14,-0.570046266580884));
#11453=CARTESIAN_POINT('',(0.865883215464879,1.14,-0.598004127613372));
#11454=CARTESIAN_POINT('Ctrl Pts',(0.865883215464879,1.14,-0.598004127613372));
#11455=CARTESIAN_POINT('Ctrl Pts',(0.85507824501754,1.14,-0.593412015173253));
#11456=CARTESIAN_POINT('Ctrl Pts',(0.845691426941415,1.14,-0.588684840602543));
#11457=CARTESIAN_POINT('Ctrl Pts',(0.837722761236503,1.14,-0.583822603901241));
#11458=CARTESIAN_POINT('Ctrl Pts',(0.829754095531591,1.14,-0.578960367199938));
#11459=CARTESIAN_POINT('Ctrl Pts',(0.822663333675526,1.14,-0.57436825475982));
#11460=CARTESIAN_POINT('Ctrl Pts',(0.816450475668306,1.14,-0.570046266580884));
#11461=CARTESIAN_POINT('Ctrl Pts',(0.937601206809087,1.14,-0.613806396892604));
#11462=CARTESIAN_POINT('Ctrl Pts',(0.925445615055831,1.14,-0.613806396892604));
#11463=CARTESIAN_POINT('Ctrl Pts',(0.913357554367872,1.14,-0.612320713456095));
#11464=CARTESIAN_POINT('Ctrl Pts',(0.901337024745208,1.14,-0.609349346583077));
#11465=CARTESIAN_POINT('Ctrl Pts',(0.889316495122544,1.14,-0.606377979710059));
#11466=CARTESIAN_POINT('Ctrl Pts',(0.877498558695767,1.14,-0.602596240053491));
#11467=CARTESIAN_POINT('Ctrl Pts',(0.865883215464879,1.14,-0.598004127613372));
#11468=CARTESIAN_POINT('Ctrl Pts',(0.935170088458436,11.8631928014015,-0.150678351093566));
#11469=CARTESIAN_POINT('Ctrl Pts',(0.935170088458436,-9.56319280140146,
-0.150678351093566));
#11470=CARTESIAN_POINT('Ctrl Pts',(0.897487754023343,11.8631928014015,-0.150678351093566));
#11471=CARTESIAN_POINT('Ctrl Pts',(0.897487754023343,-9.56319280140146,
-0.150678351093566));
#11472=CARTESIAN_POINT('Ctrl Pts',(0.823743830720259,11.8631928014015,-0.168911738723449));
#11473=CARTESIAN_POINT('Ctrl Pts',(0.823743830720259,-9.56319280140146,
-0.168911738723449));
#11474=CARTESIAN_POINT('Ctrl Pts',(0.798622274430198,11.8631928014015,-0.18147251686848));
#11475=CARTESIAN_POINT('Ctrl Pts',(0.798622274430198,-9.56319280140146,
-0.18147251686848));
#11476=CARTESIAN_POINT('',(0.935170088458436,1.15,-0.150678351093566));
#11477=CARTESIAN_POINT('',(0.798622274430198,1.15,-0.18147251686848));
#11478=CARTESIAN_POINT('Ctrl Pts',(0.935170088458436,1.15,-0.150678351093566));
#11479=CARTESIAN_POINT('Ctrl Pts',(0.897487754023343,1.15,-0.150678351093566));
#11480=CARTESIAN_POINT('Ctrl Pts',(0.823743830720259,1.15,-0.168911738723449));
#11481=CARTESIAN_POINT('Ctrl Pts',(0.798622274430198,1.15,-0.18147251686848));
#11482=CARTESIAN_POINT('',(0.935170088458436,11.8631928014015,-0.150678351093566));
#11483=CARTESIAN_POINT('',(0.798622274430198,11.8631928014015,-0.18147251686848));
#11484=CARTESIAN_POINT('Origin',(0.798622274430198,11.8631928014015,-0.252380135429138));
#11485=CARTESIAN_POINT('',(0.798622274430198,1.15,-0.252380135429138));
#11486=CARTESIAN_POINT('',(0.798622274430198,1.15,-0.126190067714569));
#11487=CARTESIAN_POINT('',(0.798622274430198,11.8631928014015,-0.252380135429138));
#11488=CARTESIAN_POINT('Origin',(0.8034845111315,11.8631928014015,-0.252380135429138));
#11489=CARTESIAN_POINT('',(0.8034845111315,1.15,-0.252380135429138));
#11490=CARTESIAN_POINT('',(0.401742255565749,1.15,-0.252380135429138));
#11491=CARTESIAN_POINT('',(0.8034845111315,11.8631928014015,-0.252380135429138));
#11492=CARTESIAN_POINT('Ctrl Pts',(0.8034845111315,11.8631928014015,-0.252380135429138));
#11493=CARTESIAN_POINT('Ctrl Pts',(0.8034845111315,-9.56319280140146,-0.252380135429138));
#11494=CARTESIAN_POINT('Ctrl Pts',(0.82455420350381,11.8631928014015,-0.236983052541681));
#11495=CARTESIAN_POINT('Ctrl Pts',(0.82455420350381,-9.56319280140146,-0.236983052541681));
#11496=CARTESIAN_POINT('Ctrl Pts',(0.895867008456243,11.8631928014015,-0.208620005117418));
#11497=CARTESIAN_POINT('Ctrl Pts',(0.895867008456243,-9.56319280140146,
-0.208620005117418));
#11498=CARTESIAN_POINT('Ctrl Pts',(0.931118224540684,11.8631928014015,-0.208620005117418));
#11499=CARTESIAN_POINT('Ctrl Pts',(0.931118224540684,-9.56319280140146,
-0.208620005117418));
#11500=CARTESIAN_POINT('',(0.931118224540684,1.15,-0.208620005117418));
#11501=CARTESIAN_POINT('Ctrl Pts',(0.8034845111315,1.15,-0.252380135429138));
#11502=CARTESIAN_POINT('Ctrl Pts',(0.82455420350381,1.15,-0.236983052541681));
#11503=CARTESIAN_POINT('Ctrl Pts',(0.895867008456243,1.15,-0.208620005117418));
#11504=CARTESIAN_POINT('Ctrl Pts',(0.931118224540684,1.15,-0.208620005117418));
#11505=CARTESIAN_POINT('',(0.931118224540684,11.8631928014015,-0.208620005117418));
#11506=CARTESIAN_POINT('Ctrl Pts',(0.931118224540684,11.8631928014015,-0.208620005117418));
#11507=CARTESIAN_POINT('Ctrl Pts',(0.931118224540684,-9.56319280140146,
-0.208620005117418));
#11508=CARTESIAN_POINT('Ctrl Pts',(0.951782730521218,11.8631928014015,-0.208620005117418));
#11509=CARTESIAN_POINT('Ctrl Pts',(0.951782730521218,-9.56319280140146,
-0.208620005117418));
#11510=CARTESIAN_POINT('Ctrl Pts',(0.993111742482288,11.8631928014015,-0.221585969654224));
#11511=CARTESIAN_POINT('Ctrl Pts',(0.993111742482288,-9.56319280140146,
-0.221585969654224));
#11512=CARTESIAN_POINT('Ctrl Pts',(1.00688807980264,11.8631928014015,-0.236577866149905));
#11513=CARTESIAN_POINT('Ctrl Pts',(1.00688807980264,-9.56319280140146,-0.236577866149905));
#11514=CARTESIAN_POINT('',(1.00688807980264,1.15,-0.236577866149905));
#11515=CARTESIAN_POINT('Ctrl Pts',(0.931118224540684,1.15,-0.208620005117418));
#11516=CARTESIAN_POINT('Ctrl Pts',(0.951782730521218,1.15,-0.208620005117418));
#11517=CARTESIAN_POINT('Ctrl Pts',(0.993111742482288,1.15,-0.221585969654224));
#11518=CARTESIAN_POINT('Ctrl Pts',(1.00688807980264,1.15,-0.236577866149905));
#11519=CARTESIAN_POINT('',(1.00688807980264,11.8631928014015,-0.236577866149905));
#11520=CARTESIAN_POINT('Ctrl Pts',(1.00688807980264,11.8631928014015,-0.236577866149905));
#11521=CARTESIAN_POINT('Ctrl Pts',(1.00688807980264,-9.56319280140146,-0.236577866149905));
#11522=CARTESIAN_POINT('Ctrl Pts',(1.02025923073123,11.8631928014015,-0.251569762645587));
#11523=CARTESIAN_POINT('Ctrl Pts',(1.02025923073123,-9.56319280140146,-0.251569762645587));
#11524=CARTESIAN_POINT('Ctrl Pts',(1.03444075444336,11.8631928014015,-0.287226165121804));
#11525=CARTESIAN_POINT('Ctrl Pts',(1.03444075444336,-9.56319280140146,-0.287226165121804));
#11526=CARTESIAN_POINT('Ctrl Pts',(1.03444075444336,11.8631928014015,-0.314373653370741));
#11527=CARTESIAN_POINT('Ctrl Pts',(1.03444075444336,-9.56319280140146,-0.314373653370741));
#11528=CARTESIAN_POINT('',(1.03444075444336,1.15,-0.314373653370741));
#11529=CARTESIAN_POINT('Ctrl Pts',(1.00688807980264,1.15,-0.236577866149905));
#11530=CARTESIAN_POINT('Ctrl Pts',(1.02025923073123,1.15,-0.251569762645587));
#11531=CARTESIAN_POINT('Ctrl Pts',(1.03444075444336,1.15,-0.287226165121804));
#11532=CARTESIAN_POINT('Ctrl Pts',(1.03444075444336,1.15,-0.314373653370741));
#11533=CARTESIAN_POINT('',(1.03444075444336,11.8631928014015,-0.314373653370741));
#11534=CARTESIAN_POINT('Ctrl Pts',(1.03444075444336,11.8631928014015,-0.314373653370741));
#11535=CARTESIAN_POINT('Ctrl Pts',(1.03444075444336,-9.56319280140146,-0.314373653370741));
#11536=CARTESIAN_POINT('Ctrl Pts',(1.03444075444336,11.8631928014015,-0.341521141619679));
#11537=CARTESIAN_POINT('Ctrl Pts',(1.03444075444336,-9.56319280140146,-0.341521141619679));
#11538=CARTESIAN_POINT('Ctrl Pts',(1.01863848516412,11.8631928014015,-0.37677235770412));
#11539=CARTESIAN_POINT('Ctrl Pts',(1.01863848516412,-9.56319280140146,-0.37677235770412));
#11540=CARTESIAN_POINT('Ctrl Pts',(1.00445696145199,11.8631928014015,-0.3869020174985));
#11541=CARTESIAN_POINT('Ctrl Pts',(1.00445696145199,-9.56319280140146,-0.3869020174985));
#11542=CARTESIAN_POINT('',(1.00445696145199,1.15,-0.3869020174985));
#11543=CARTESIAN_POINT('Ctrl Pts',(1.03444075444336,1.15,-0.314373653370741));
#11544=CARTESIAN_POINT('Ctrl Pts',(1.03444075444336,1.15,-0.341521141619679));
#11545=CARTESIAN_POINT('Ctrl Pts',(1.01863848516412,1.15,-0.37677235770412));
#11546=CARTESIAN_POINT('Ctrl Pts',(1.00445696145199,1.15,-0.3869020174985));
#11547=CARTESIAN_POINT('',(1.00445696145199,11.8631928014015,-0.3869020174985));
#11548=CARTESIAN_POINT('Ctrl Pts',(1.00445696145199,11.8631928014015,-0.3869020174985));
#11549=CARTESIAN_POINT('Ctrl Pts',(1.00445696145199,-9.56319280140146,-0.3869020174985));
#11550=CARTESIAN_POINT('Ctrl Pts',(0.990275437739861,11.8631928014015,-0.397031677292879));
#11551=CARTESIAN_POINT('Ctrl Pts',(0.990275437739861,-9.56319280140146,
-0.397031677292879));
#11552=CARTESIAN_POINT('Ctrl Pts',(0.951782730521218,11.8631928014015,-0.404730218736608));
#11553=CARTESIAN_POINT('Ctrl Pts',(0.951782730521218,-9.56319280140146,
-0.404730218736608));
#11554=CARTESIAN_POINT('Ctrl Pts',(0.929092292581808,11.8631928014015,-0.404730218736608));
#11555=CARTESIAN_POINT('Ctrl Pts',(0.929092292581808,-9.56319280140146,
-0.404730218736608));
#11556=CARTESIAN_POINT('',(0.929092292581808,1.15,-0.404730218736608));
#11557=CARTESIAN_POINT('Ctrl Pts',(1.00445696145199,1.15,-0.3869020174985));
#11558=CARTESIAN_POINT('Ctrl Pts',(0.990275437739861,1.15,-0.397031677292879));
#11559=CARTESIAN_POINT('Ctrl Pts',(0.951782730521218,1.15,-0.404730218736608));
#11560=CARTESIAN_POINT('Ctrl Pts',(0.929092292581808,1.15,-0.404730218736608));
#11561=CARTESIAN_POINT('',(0.929092292581808,11.8631928014015,-0.404730218736608));
#11562=CARTESIAN_POINT('Origin',(0.900729245157545,11.8631928014015,-0.404730218736608));
#11563=CARTESIAN_POINT('',(0.900729245157545,1.15,-0.404730218736608));
#11564=CARTESIAN_POINT('',(0.450364622578772,1.15,-0.404730218736608));
#11565=CARTESIAN_POINT('',(0.900729245157545,11.8631928014015,-0.404730218736608));
#11566=CARTESIAN_POINT('Origin',(0.900729245157545,11.8631928014015,-0.460240754409809));
#11567=CARTESIAN_POINT('',(0.900729245157545,1.15,-0.460240754409809));
#11568=CARTESIAN_POINT('',(0.900729245157545,1.15,-0.230120377204904));
#11569=CARTESIAN_POINT('',(0.900729245157545,11.8631928014015,-0.460240754409809));
#11570=CARTESIAN_POINT('Origin',(0.92301449670518,11.8631928014015,-0.460240754409809));
#11571=CARTESIAN_POINT('',(0.92301449670518,1.15,-0.460240754409809));
#11572=CARTESIAN_POINT('',(0.461507248352589,1.15,-0.460240754409809));
#11573=CARTESIAN_POINT('',(0.92301449670518,11.8631928014015,-0.460240754409809));
#11574=CARTESIAN_POINT('Ctrl Pts',(0.92301449670518,11.8631928014015,-0.460240754409809));
#11575=CARTESIAN_POINT('Ctrl Pts',(0.92301449670518,-9.56319280140146,-0.460240754409809));
#11576=CARTESIAN_POINT('Ctrl Pts',(0.967990186192226,11.8631928014015,-0.460240754409809));
#11577=CARTESIAN_POINT('Ctrl Pts',(0.967990186192226,-9.56319280140146,
-0.460240754409809));
#11578=CARTESIAN_POINT('Ctrl Pts',(1.02471628104075,11.8631928014015,-0.503190511937978));
#11579=CARTESIAN_POINT('Ctrl Pts',(1.02471628104075,-9.56319280140146,-0.503190511937978));
#11580=CARTESIAN_POINT('Ctrl Pts',(1.02471628104075,11.8631928014015,-0.544114337507272));
#11581=CARTESIAN_POINT('Ctrl Pts',(1.02471628104075,-9.56319280140146,-0.544114337507272));
#11582=CARTESIAN_POINT('',(1.02471628104075,1.15,-0.544114337507272));
#11583=CARTESIAN_POINT('Ctrl Pts',(0.92301449670518,1.15,-0.460240754409809));
#11584=CARTESIAN_POINT('Ctrl Pts',(0.967990186192226,1.15,-0.460240754409809));
#11585=CARTESIAN_POINT('Ctrl Pts',(1.02471628104075,1.15,-0.503190511937978));
#11586=CARTESIAN_POINT('Ctrl Pts',(1.02471628104075,1.15,-0.544114337507272));
#11587=CARTESIAN_POINT('',(1.02471628104075,11.8631928014015,-0.544114337507272));
#11588=CARTESIAN_POINT('Ctrl Pts',(1.02471628104075,11.8631928014015,-0.544114337507272));
#11589=CARTESIAN_POINT('Ctrl Pts',(1.02471628104075,-9.56319280140146,-0.544114337507272));
#11590=CARTESIAN_POINT('Ctrl Pts',(1.02471628104075,11.8631928014015,-0.563158097920706));
#11591=CARTESIAN_POINT('Ctrl Pts',(1.02471628104075,-9.56319280140146,-0.563158097920706));
#11592=CARTESIAN_POINT('Ctrl Pts',(1.01012957093685,11.8631928014015,-0.590305586169644));
#11593=CARTESIAN_POINT('Ctrl Pts',(1.01012957093685,-9.56319280140146,-0.590305586169644));
#11594=CARTESIAN_POINT('Ctrl Pts',(0.998379165575365,11.8631928014015,-0.598409314005147));
#11595=CARTESIAN_POINT('Ctrl Pts',(0.998379165575365,-9.56319280140146,
-0.598409314005147));
#11596=CARTESIAN_POINT('',(0.998379165575365,1.15,-0.598409314005147));
#11597=CARTESIAN_POINT('Ctrl Pts',(1.02471628104075,1.15,-0.544114337507272));
#11598=CARTESIAN_POINT('Ctrl Pts',(1.02471628104075,1.15,-0.563158097920706));
#11599=CARTESIAN_POINT('Ctrl Pts',(1.01012957093685,1.15,-0.590305586169644));
#11600=CARTESIAN_POINT('Ctrl Pts',(0.998379165575365,1.15,-0.598409314005147));
#11601=CARTESIAN_POINT('',(0.998379165575365,11.8631928014015,-0.598409314005147));
#11602=CARTESIAN_POINT('Ctrl Pts',(0.998379165575365,11.8631928014015,-0.598409314005147));
#11603=CARTESIAN_POINT('Ctrl Pts',(0.998379165575365,-9.56319280140146,
-0.598409314005147));
#11604=CARTESIAN_POINT('Ctrl Pts',(0.985818387430334,11.8631928014015,-0.606918228232426));
#11605=CARTESIAN_POINT('Ctrl Pts',(0.985818387430334,-9.56319280140146,
-0.606918228232426));
#11606=CARTESIAN_POINT('Ctrl Pts',(0.95502422165542,11.8631928014015,-0.613806396892604));
#11607=CARTESIAN_POINT('Ctrl Pts',(0.95502422165542,-9.56319280140146,-0.613806396892604));
#11608=CARTESIAN_POINT('Ctrl Pts',(0.937601206809087,11.8631928014015,-0.613806396892604));
#11609=CARTESIAN_POINT('Ctrl Pts',(0.937601206809087,-9.56319280140146,
-0.613806396892604));
#11610=CARTESIAN_POINT('',(0.937601206809087,1.15,-0.613806396892604));
#11611=CARTESIAN_POINT('Ctrl Pts',(0.998379165575365,1.15,-0.598409314005147));
#11612=CARTESIAN_POINT('Ctrl Pts',(0.985818387430334,1.15,-0.606918228232426));
#11613=CARTESIAN_POINT('Ctrl Pts',(0.95502422165542,1.15,-0.613806396892604));
#11614=CARTESIAN_POINT('Ctrl Pts',(0.937601206809087,1.15,-0.613806396892604));
#11615=CARTESIAN_POINT('',(0.937601206809087,11.8631928014015,-0.613806396892604));
#11616=CARTESIAN_POINT('Ctrl Pts',(1.05834675155809,11.8631928014015,-0.196869599755937));
#11617=CARTESIAN_POINT('Ctrl Pts',(1.05834675155809,-9.56319280140146,-0.196869599755937));
#11618=CARTESIAN_POINT('Ctrl Pts',(1.03646668640223,11.8631928014015,-0.174179161816527));
#11619=CARTESIAN_POINT('Ctrl Pts',(1.03646668640223,-9.56319280140146,-0.174179161816527));
#11620=CARTESIAN_POINT('Ctrl Pts',(0.974473168460629,11.8631928014015,-0.150678351093566));
#11621=CARTESIAN_POINT('Ctrl Pts',(0.974473168460629,-9.56319280140146,
-0.150678351093566));
#11622=CARTESIAN_POINT('Ctrl Pts',(0.935170088458436,11.8631928014015,-0.150678351093566));
#11623=CARTESIAN_POINT('Ctrl Pts',(0.935170088458436,-9.56319280140146,
-0.150678351093566));
#11624=CARTESIAN_POINT('',(1.05834675155809,1.15,-0.196869599755937));
#11625=CARTESIAN_POINT('Origin',(0.649921969468197,1.15,-0.650277236481192));
#11626=CARTESIAN_POINT('',(1.05834675155809,11.8631928014015,-0.196869599755937));
#11627=CARTESIAN_POINT('Ctrl Pts',(1.10251206826159,11.8631928014015,-0.309511416669439));
#11628=CARTESIAN_POINT('Ctrl Pts',(1.10251206826159,-9.56319280140146,-0.309511416669439));
#11629=CARTESIAN_POINT('Ctrl Pts',(1.10251206826159,11.8631928014015,-0.275880946152099));
#11630=CARTESIAN_POINT('Ctrl Pts',(1.10251206826159,-9.56319280140146,-0.275880946152099));
#11631=CARTESIAN_POINT('Ctrl Pts',(1.0794164439304,11.8631928014015,-0.218749664911797));
#11632=CARTESIAN_POINT('Ctrl Pts',(1.0794164439304,-9.56319280140146,-0.218749664911797));
#11633=CARTESIAN_POINT('Ctrl Pts',(1.05834675155809,11.8631928014015,-0.196869599755937));
#11634=CARTESIAN_POINT('Ctrl Pts',(1.05834675155809,-9.56319280140146,-0.196869599755937));
#11635=CARTESIAN_POINT('',(1.10251206826159,1.15,-0.309511416669439));
#11636=CARTESIAN_POINT('Ctrl Pts',(1.10251206826159,1.15,-0.309511416669439));
#11637=CARTESIAN_POINT('Ctrl Pts',(1.10251206826159,1.15,-0.275880946152099));
#11638=CARTESIAN_POINT('Ctrl Pts',(1.0794164439304,1.15,-0.218749664911797));
#11639=CARTESIAN_POINT('Ctrl Pts',(1.05834675155809,1.15,-0.196869599755937));
#11640=CARTESIAN_POINT('',(1.10251206826159,11.8631928014015,-0.309511416669439));
#11641=CARTESIAN_POINT('Ctrl Pts',(1.06766603856892,11.8631928014015,-0.401893913994182));
#11642=CARTESIAN_POINT('Ctrl Pts',(1.06766603856892,-9.56319280140146,-0.401893913994182));
#11643=CARTESIAN_POINT('Ctrl Pts',(1.08306312145638,11.8631928014015,-0.38771239028205));
#11644=CARTESIAN_POINT('Ctrl Pts',(1.08306312145638,-9.56319280140146,-0.38771239028205));
#11645=CARTESIAN_POINT('Ctrl Pts',(1.10251206826159,11.8631928014015,-0.342331514403229));
#11646=CARTESIAN_POINT('Ctrl Pts',(1.10251206826159,-9.56319280140146,-0.342331514403229));
#11647=CARTESIAN_POINT('Ctrl Pts',(1.10251206826159,11.8631928014015,-0.309511416669439));
#11648=CARTESIAN_POINT('Ctrl Pts',(1.10251206826159,-9.56319280140146,-0.309511416669439));
#11649=CARTESIAN_POINT('',(1.06766603856892,1.15,-0.401893913994182));
#11650=CARTESIAN_POINT('Ctrl Pts',(1.06766603856892,1.15,-0.401893913994182));
#11651=CARTESIAN_POINT('Ctrl Pts',(1.08306312145638,1.15,-0.38771239028205));
#11652=CARTESIAN_POINT('Ctrl Pts',(1.10251206826159,1.15,-0.342331514403229));
#11653=CARTESIAN_POINT('Ctrl Pts',(1.10251206826159,1.15,-0.309511416669439));
#11654=CARTESIAN_POINT('',(1.06766603856892,11.8631928014015,-0.401893913994182));
#11655=CARTESIAN_POINT('Ctrl Pts',(1.00040509753424,11.8631928014015,-0.434308825336197));
#11656=CARTESIAN_POINT('Ctrl Pts',(1.00040509753424,-9.56319280140146,-0.434308825336197));
#11657=CARTESIAN_POINT('Ctrl Pts',(1.01620736681347,11.8631928014015,-0.431067334201995));
#11658=CARTESIAN_POINT('Ctrl Pts',(1.01620736681347,-9.56319280140146,-0.431067334201995));
#11659=CARTESIAN_POINT('Ctrl Pts',(1.05226895568146,11.8631928014015,-0.416480624098088));
#11660=CARTESIAN_POINT('Ctrl Pts',(1.05226895568146,-9.56319280140146,-0.416480624098088));
#11661=CARTESIAN_POINT('Ctrl Pts',(1.06766603856892,11.8631928014015,-0.401893913994182));
#11662=CARTESIAN_POINT('Ctrl Pts',(1.06766603856892,-9.56319280140146,-0.401893913994182));
#11663=CARTESIAN_POINT('',(1.00040509753424,1.15,-0.434308825336197));
#11664=CARTESIAN_POINT('Ctrl Pts',(1.00040509753424,1.15,-0.434308825336197));
#11665=CARTESIAN_POINT('Ctrl Pts',(1.01620736681347,1.15,-0.431067334201995));
#11666=CARTESIAN_POINT('Ctrl Pts',(1.05226895568146,1.15,-0.416480624098088));
#11667=CARTESIAN_POINT('Ctrl Pts',(1.06766603856892,1.15,-0.401893913994182));
#11668=CARTESIAN_POINT('',(1.00040509753424,11.8631928014015,-0.434308825336197));
#11669=CARTESIAN_POINT('Origin',(1.00040509753424,11.8631928014015,-0.434308825336197));
#11670=CARTESIAN_POINT('',(1.00040509753424,1.15,-0.439171062037499));
#11671=CARTESIAN_POINT('',(1.00040509753424,1.15,-0.217154412668098));
#11672=CARTESIAN_POINT('',(1.00040509753424,11.8631928014015,-0.439171062037499));
#11673=CARTESIAN_POINT('Ctrl Pts',(1.09278759485898,11.8631928014015,-0.55100250616745));
#11674=CARTESIAN_POINT('Ctrl Pts',(1.09278759485898,-9.56319280140146,-0.55100250616745));
#11675=CARTESIAN_POINT('Ctrl Pts',(1.09278759485898,11.8631928014015,-0.509673494206381));
#11676=CARTESIAN_POINT('Ctrl Pts',(1.09278759485898,-9.56319280140146,-0.509673494206381));
#11677=CARTESIAN_POINT('Ctrl Pts',(1.03849261836111,11.8631928014015,-0.447274789873003));
#11678=CARTESIAN_POINT('Ctrl Pts',(1.03849261836111,-9.56319280140146,-0.447274789873003));
#11679=CARTESIAN_POINT('Ctrl Pts',(1.00040509753424,11.8631928014015,-0.439171062037499));
#11680=CARTESIAN_POINT('Ctrl Pts',(1.00040509753424,-9.56319280140146,-0.439171062037499));
#11681=CARTESIAN_POINT('',(1.09278759485898,1.15,-0.55100250616745));
#11682=CARTESIAN_POINT('Ctrl Pts',(1.09278759485898,1.15,-0.55100250616745));
#11683=CARTESIAN_POINT('Ctrl Pts',(1.09278759485898,1.15,-0.509673494206381));
#11684=CARTESIAN_POINT('Ctrl Pts',(1.03849261836111,1.15,-0.447274789873003));
#11685=CARTESIAN_POINT('Ctrl Pts',(1.00040509753424,1.15,-0.439171062037499));
#11686=CARTESIAN_POINT('',(1.09278759485898,11.8631928014015,-0.55100250616745));
#11687=CARTESIAN_POINT('Ctrl Pts',(1.04821709176371,11.8631928014015,-0.643385003492193));
#11688=CARTESIAN_POINT('Ctrl Pts',(1.04821709176371,-9.56319280140146,-0.643385003492193));
#11689=CARTESIAN_POINT('Ctrl Pts',(1.07009715691957,11.8631928014015,-0.627582734212961));
#11690=CARTESIAN_POINT('Ctrl Pts',(1.07009715691957,-9.56319280140146,-0.627582734212961));
#11691=CARTESIAN_POINT('Ctrl Pts',(1.09278759485898,11.8631928014015,-0.581796671942365));
#11692=CARTESIAN_POINT('Ctrl Pts',(1.09278759485898,-9.56319280140146,-0.581796671942365));
#11693=CARTESIAN_POINT('Ctrl Pts',(1.09278759485898,11.8631928014015,-0.55100250616745));
#11694=CARTESIAN_POINT('Ctrl Pts',(1.09278759485898,-9.56319280140146,-0.55100250616745));
#11695=CARTESIAN_POINT('',(1.04821709176371,1.15,-0.643385003492193));
#11696=CARTESIAN_POINT('Ctrl Pts',(1.04821709176371,1.15,-0.643385003492193));
#11697=CARTESIAN_POINT('Ctrl Pts',(1.07009715691957,1.15,-0.627582734212961));
#11698=CARTESIAN_POINT('Ctrl Pts',(1.09278759485898,1.15,-0.581796671942365));
#11699=CARTESIAN_POINT('Ctrl Pts',(1.09278759485898,1.15,-0.55100250616745));
#11700=CARTESIAN_POINT('',(1.04821709176371,11.8631928014015,-0.643385003492193));
#11701=CARTESIAN_POINT('Ctrl Pts',(0.942868629902164,11.8631928014015,-0.671748050916456));
#11702=CARTESIAN_POINT('Ctrl Pts',(0.942868629902164,-9.56319280140146,
-0.671748050916456));
#11703=CARTESIAN_POINT('Ctrl Pts',(0.97690428681128,11.8631928014015,-0.671748050916456));
#11704=CARTESIAN_POINT('Ctrl Pts',(0.97690428681128,-9.56319280140146,-0.671748050916456));
#11705=CARTESIAN_POINT('Ctrl Pts',(1.02755258578318,11.8631928014015,-0.6579717135961));
#11706=CARTESIAN_POINT('Ctrl Pts',(1.02755258578318,-9.56319280140146,-0.6579717135961));
#11707=CARTESIAN_POINT('Ctrl Pts',(1.04821709176371,11.8631928014015,-0.643385003492193));
#11708=CARTESIAN_POINT('Ctrl Pts',(1.04821709176371,-9.56319280140146,-0.643385003492193));
#11709=CARTESIAN_POINT('',(0.942868629902164,1.15,-0.671748050916456));
#11710=CARTESIAN_POINT('Ctrl Pts',(0.942868629902164,1.15,-0.671748050916456));
#11711=CARTESIAN_POINT('Ctrl Pts',(0.97690428681128,1.15,-0.671748050916456));
#11712=CARTESIAN_POINT('Ctrl Pts',(1.02755258578318,1.15,-0.6579717135961));
#11713=CARTESIAN_POINT('Ctrl Pts',(1.04821709176371,1.15,-0.643385003492193));
#11714=CARTESIAN_POINT('',(0.942868629902164,11.8631928014015,-0.671748050916456));
#11715=CARTESIAN_POINT('Ctrl Pts',(0.812398611750554,11.8631928014015,-0.640953885141542));
#11716=CARTESIAN_POINT('Ctrl Pts',(0.812398611750554,-9.56319280140146,
-0.640953885141542));
#11717=CARTESIAN_POINT('Ctrl Pts',(0.834278676906414,11.8631928014015,-0.652704290503022));
#11718=CARTESIAN_POINT('Ctrl Pts',(0.834278676906414,-9.56319280140146,
-0.652704290503022));
#11719=CARTESIAN_POINT('Ctrl Pts',(0.909238159384824,11.8631928014015,-0.671748050916456));
#11720=CARTESIAN_POINT('Ctrl Pts',(0.909238159384824,-9.56319280140146,
-0.671748050916456));
#11721=CARTESIAN_POINT('Ctrl Pts',(0.942868629902164,11.8631928014015,-0.671748050916456));
#11722=CARTESIAN_POINT('Ctrl Pts',(0.942868629902164,-9.56319280140146,
-0.671748050916456));
#11723=CARTESIAN_POINT('',(0.812398611750554,1.15,-0.640953885141542));
#11724=CARTESIAN_POINT('Ctrl Pts',(0.812398611750554,1.15,-0.640953885141542));
#11725=CARTESIAN_POINT('Ctrl Pts',(0.834278676906414,1.15,-0.652704290503022));
#11726=CARTESIAN_POINT('Ctrl Pts',(0.909238159384824,1.15,-0.671748050916456));
#11727=CARTESIAN_POINT('Ctrl Pts',(0.942868629902164,1.15,-0.671748050916456));
#11728=CARTESIAN_POINT('',(0.812398611750554,11.8631928014015,-0.640953885141542));
#11729=CARTESIAN_POINT('Origin',(0.812398611750554,11.8631928014015,-0.640953885141542));
#11730=CARTESIAN_POINT('',(0.812398611750554,1.15,-0.570046266580884));
#11731=CARTESIAN_POINT('',(0.812398611750554,1.15,-0.320476942570771));
#11732=CARTESIAN_POINT('',(0.812398611750554,11.8631928014015,-0.570046266580884));
#11733=CARTESIAN_POINT('Origin',(0.812398611750554,11.8631928014015,-0.570046266580884));
#11734=CARTESIAN_POINT('',(0.816450475668306,1.15,-0.570046266580884));
#11735=CARTESIAN_POINT('',(0.406199305875276,1.15,-0.570046266580884));
#11736=CARTESIAN_POINT('',(0.816450475668306,11.8631928014015,-0.570046266580884));
#11737=CARTESIAN_POINT('Ctrl Pts',(0.865883215464879,11.8631928014015,-0.598004127613372));
#11738=CARTESIAN_POINT('Ctrl Pts',(0.865883215464879,-9.56319280140146,
-0.598004127613372));
#11739=CARTESIAN_POINT('Ctrl Pts',(0.849675759793871,11.8631928014015,-0.591115958953194));
#11740=CARTESIAN_POINT('Ctrl Pts',(0.849675759793871,-9.56319280140146,
-0.591115958953194));
#11741=CARTESIAN_POINT('Ctrl Pts',(0.825769762679135,11.8631928014015,-0.576529248849287));
#11742=CARTESIAN_POINT('Ctrl Pts',(0.825769762679135,-9.56319280140146,
-0.576529248849287));
#11743=CARTESIAN_POINT('Ctrl Pts',(0.816450475668306,11.8631928014015,-0.570046266580884));
#11744=CARTESIAN_POINT('Ctrl Pts',(0.816450475668306,-9.56319280140146,
-0.570046266580884));
#11745=CARTESIAN_POINT('',(0.865883215464879,1.15,-0.598004127613372));
#11746=CARTESIAN_POINT('Ctrl Pts',(0.865883215464879,1.15,-0.598004127613372));
#11747=CARTESIAN_POINT('Ctrl Pts',(0.849675759793871,1.15,-0.591115958953194));
#11748=CARTESIAN_POINT('Ctrl Pts',(0.825769762679135,1.15,-0.576529248849287));
#11749=CARTESIAN_POINT('Ctrl Pts',(0.816450475668306,1.15,-0.570046266580884));
#11750=CARTESIAN_POINT('',(0.865883215464879,11.8631928014015,-0.598004127613372));
#11751=CARTESIAN_POINT('Ctrl Pts',(0.937601206809087,11.8631928014015,-0.613806396892604));
#11752=CARTESIAN_POINT('Ctrl Pts',(0.937601206809087,-9.56319280140146,
-0.613806396892604));
#11753=CARTESIAN_POINT('Ctrl Pts',(0.919367819179203,11.8631928014015,-0.613806396892604));
#11754=CARTESIAN_POINT('Ctrl Pts',(0.919367819179203,-9.56319280140146,
-0.613806396892604));
#11755=CARTESIAN_POINT('Ctrl Pts',(0.883306230311212,11.8631928014015,-0.60489229627355));
#11756=CARTESIAN_POINT('Ctrl Pts',(0.883306230311212,-9.56319280140146,
-0.60489229627355));
#11757=CARTESIAN_POINT('Ctrl Pts',(0.865883215464879,11.8631928014015,-0.598004127613372));
#11758=CARTESIAN_POINT('Ctrl Pts',(0.865883215464879,-9.56319280140146,
-0.598004127613372));
#11759=CARTESIAN_POINT('Ctrl Pts',(0.937601206809087,1.15,-0.613806396892604));
#11760=CARTESIAN_POINT('Ctrl Pts',(0.919367819179203,1.15,-0.613806396892604));
#11761=CARTESIAN_POINT('Ctrl Pts',(0.883306230311212,1.15,-0.60489229627355));
#11762=CARTESIAN_POINT('Ctrl Pts',(0.865883215464879,1.15,-0.598004127613372));
#11763=CARTESIAN_POINT('Origin',(-1.0218802031667,11.8631928014015,0.473611908923304));
#11764=CARTESIAN_POINT('',(-0.832658158207686,1.15,0.473611908923304));
#11765=CARTESIAN_POINT('',(-1.0218802031667,1.15,0.473611908923304));
#11766=CARTESIAN_POINT('',(-0.51094010158335,1.15,0.473611908923304));
#11767=CARTESIAN_POINT('',(-0.832658158207686,1.14,0.473611908923304));
#11768=CARTESIAN_POINT('',(-0.832658158207686,11.8631928014015,0.473611908923304));
#11769=CARTESIAN_POINT('',(-1.0218802031667,1.14,0.473611908923304));
#11770=CARTESIAN_POINT('',(-0.51094010158335,1.14,0.473611908923304));
#11771=CARTESIAN_POINT('',(-1.0218802031667,11.8631928014015,0.473611908923304));
#11772=CARTESIAN_POINT('Origin',(-1.0218802031667,11.8631928014015,0.412833950157026));
#11773=CARTESIAN_POINT('',(-1.0218802031667,1.15,0.412833950157026));
#11774=CARTESIAN_POINT('',(-1.0218802031667,1.15,0.206416975078513));
#11775=CARTESIAN_POINT('',(-1.0218802031667,1.14,0.412833950157026));
#11776=CARTESIAN_POINT('',(-1.0218802031667,1.14,0.206416975078513));
#11777=CARTESIAN_POINT('',(-1.0218802031667,11.8631928014015,0.412833950157026));
#11778=CARTESIAN_POINT('Origin',(-0.832658158207686,11.8631928014015,0.473611908923304));
#11779=CARTESIAN_POINT('',(-0.832658158207686,1.15,0.412833950157026));
#11780=CARTESIAN_POINT('',(-0.832658158207686,1.15,0.236805954461652));
#11781=CARTESIAN_POINT('',(-0.832658158207686,1.14,0.412833950157026));
#11782=CARTESIAN_POINT('',(-0.832658158207686,11.8631928014015,0.412833950157026));
#11783=CARTESIAN_POINT('',(-0.832658158207686,1.14,0.236805954461652));
#11784=CARTESIAN_POINT('Origin',(-0.832658158207686,11.8631928014015,0.412833950157026));
#11785=CARTESIAN_POINT('',(-0.416329079103844,1.15,0.412833950157026));
#11786=CARTESIAN_POINT('',(-0.416329079103844,1.14,0.412833950157026));
#11787=CARTESIAN_POINT('Origin',(-1.66533453693773E-15,1.14,2.77555756156289E-16));
#11788=CARTESIAN_POINT('Origin',(-1.66533453693773E-15,1.14,2.77555756156289E-16));
#11789=CARTESIAN_POINT('',(-1.58954633804373,1.14,0.162023573648185));
#11790=CARTESIAN_POINT('',(-1.58954633804373,1.14,0.662023581098766));
#11791=CARTESIAN_POINT('',(-1.58954633804373,1.14,0.331011790549383));
#11792=CARTESIAN_POINT('',(-1.68192883536848,1.14,0.162023573648185));
#11793=CARTESIAN_POINT('',(-0.794773169021868,1.14,0.162023573648185));
#11794=CARTESIAN_POINT('',(-1.80267438011748,1.14,0.440386624797739));
#11795=CARTESIAN_POINT('',(-1.51917809091862,1.14,-0.21317696808689));
#11796=CARTESIAN_POINT('',(-1.92747178878424,1.14,0.162023573648185));
#11797=CARTESIAN_POINT('',(-1.73402554162823,1.14,0.593509196363063));
#11798=CARTESIAN_POINT('',(-2.01823354054188,1.14,0.162023573648185));
#11799=CARTESIAN_POINT('',(-0.963735894392121,1.14,0.162023573648185));
#11800=CARTESIAN_POINT('',(-2.01823354054188,1.14,0.662023581098766));
#11801=CARTESIAN_POINT('',(-2.01823354054188,1.14,0.0810117868240928));
#11802=CARTESIAN_POINT('',(-1.95624002260028,1.14,0.662023581098766));
#11803=CARTESIAN_POINT('',(-1.00911677027094,1.14,0.662023581098766));
#11804=CARTESIAN_POINT('',(-1.95624002260028,1.14,0.231310446641742));
#11805=CARTESIAN_POINT('',(-1.95624002260028,1.14,0.331011790549383));
#11806=CARTESIAN_POINT('',(-1.82698556362399,1.14,0.524260207895202));
#11807=CARTESIAN_POINT('',(-1.83956866400549,1.14,0.495741143394188));
#11808=CARTESIAN_POINT('',(-1.78646692444648,1.14,0.524260207895202));
#11809=CARTESIAN_POINT('',(-0.913492781811998,1.14,0.524260207895202));
#11810=CARTESIAN_POINT('',(-1.65599690629487,1.14,0.231310446641742));
#11811=CARTESIAN_POINT('',(-1.54119826099795,1.14,-0.0264517289783435));
#11812=CARTESIAN_POINT('',(-1.65599690629487,1.14,0.662023581098766));
#11813=CARTESIAN_POINT('',(-1.65599690629487,1.14,0.115655223320871));
#11814=CARTESIAN_POINT('',(-0.827998453147434,1.14,0.662023581098766));
#11815=CARTESIAN_POINT('Origin',(-2.01823354054188,11.8631928014015,0.662023581098766));
#11816=CARTESIAN_POINT('',(-1.95624002260028,1.15,0.662023581098766));
#11817=CARTESIAN_POINT('',(-2.01823354054188,1.15,0.662023581098766));
#11818=CARTESIAN_POINT('',(-1.00911677027094,1.15,0.662023581098766));
#11819=CARTESIAN_POINT('',(-1.95624002260028,11.8631928014015,0.662023581098766));
#11820=CARTESIAN_POINT('',(-2.01823354054188,11.8631928014015,0.662023581098766));
#11821=CARTESIAN_POINT('Origin',(-2.01823354054188,11.8631928014015,0.162023573648185));
#11822=CARTESIAN_POINT('',(-2.01823354054188,1.15,0.162023573648185));
#11823=CARTESIAN_POINT('',(-2.01823354054188,1.15,0.0810117868240928));
#11824=CARTESIAN_POINT('',(-2.01823354054188,11.8631928014015,0.162023573648185));
#11825=CARTESIAN_POINT('Origin',(-1.92747178878424,11.8631928014015,0.162023573648185));
#11826=CARTESIAN_POINT('',(-1.92747178878424,1.15,0.162023573648185));
#11827=CARTESIAN_POINT('',(-0.963735894392121,1.15,0.162023573648185));
#11828=CARTESIAN_POINT('',(-1.92747178878424,11.8631928014015,0.162023573648185));
#11829=CARTESIAN_POINT('Origin',(-1.80267438011748,11.8631928014015,0.440386624797739));
#11830=CARTESIAN_POINT('',(-1.80267438011748,1.15,0.440386624797739));
#11831=CARTESIAN_POINT('',(-1.73402554162823,1.15,0.593509196363063));
#11832=CARTESIAN_POINT('',(-1.80267438011748,11.8631928014015,0.440386624797739));
#11833=CARTESIAN_POINT('Origin',(-1.68192883536848,11.8631928014015,0.162023573648185));
#11834=CARTESIAN_POINT('',(-1.68192883536848,1.15,0.162023573648185));
#11835=CARTESIAN_POINT('',(-1.51917809091862,1.15,-0.21317696808689));
#11836=CARTESIAN_POINT('',(-1.68192883536848,11.8631928014015,0.162023573648185));
#11837=CARTESIAN_POINT('Origin',(-1.58954633804373,11.8631928014015,0.162023573648185));
#11838=CARTESIAN_POINT('',(-1.58954633804373,1.15,0.162023573648185));
#11839=CARTESIAN_POINT('',(-0.794773169021868,1.15,0.162023573648185));
#11840=CARTESIAN_POINT('',(-1.58954633804373,11.8631928014015,0.162023573648185));
#11841=CARTESIAN_POINT('Origin',(-1.58954633804373,11.8631928014015,0.662023581098766));
#11842=CARTESIAN_POINT('',(-1.58954633804373,1.15,0.662023581098766));
#11843=CARTESIAN_POINT('',(-1.58954633804373,1.15,0.331011790549383));
#11844=CARTESIAN_POINT('',(-1.58954633804373,11.8631928014015,0.662023581098766));
#11845=CARTESIAN_POINT('Origin',(-1.95624002260028,11.8631928014015,0.662023581098766));
#11846=CARTESIAN_POINT('',(-1.95624002260028,1.15,0.231310446641742));
#11847=CARTESIAN_POINT('',(-1.95624002260028,1.15,0.331011790549383));
#11848=CARTESIAN_POINT('',(-1.95624002260028,11.8631928014015,0.231310446641742));
#11849=CARTESIAN_POINT('Origin',(-1.95624002260028,11.8631928014015,0.231310446641742));
#11850=CARTESIAN_POINT('',(-1.82698556362399,1.15,0.524260207895202));
#11851=CARTESIAN_POINT('',(-1.83956866400549,1.15,0.495741143394188));
#11852=CARTESIAN_POINT('',(-1.82698556362399,11.8631928014015,0.524260207895202));
#11853=CARTESIAN_POINT('Origin',(-1.82698556362399,11.8631928014015,0.524260207895202));
#11854=CARTESIAN_POINT('',(-1.78646692444648,1.15,0.524260207895202));
#11855=CARTESIAN_POINT('',(-0.913492781811998,1.15,0.524260207895202));
#11856=CARTESIAN_POINT('',(-1.78646692444648,11.8631928014015,0.524260207895202));
#11857=CARTESIAN_POINT('Origin',(-1.78646692444648,11.8631928014015,0.524260207895202));
#11858=CARTESIAN_POINT('',(-1.65599690629487,1.15,0.231310446641742));
#11859=CARTESIAN_POINT('',(-1.54119826099795,1.15,-0.0264517289783435));
#11860=CARTESIAN_POINT('',(-1.65599690629487,11.8631928014015,0.231310446641742));
#11861=CARTESIAN_POINT('Origin',(-1.65599690629487,11.8631928014015,0.231310446641742));
#11862=CARTESIAN_POINT('',(-1.65599690629487,1.15,0.662023581098766));
#11863=CARTESIAN_POINT('',(-1.65599690629487,1.15,0.115655223320871));
#11864=CARTESIAN_POINT('',(-1.65599690629487,11.8631928014015,0.662023581098766));
#11865=CARTESIAN_POINT('Origin',(-1.65599690629487,11.8631928014015,0.662023581098766));
#11866=CARTESIAN_POINT('',(-0.827998453147434,1.15,0.662023581098766));
#11867=CARTESIAN_POINT('Ctrl Pts',(-0.0879255701248923,11.8631928014015,
0.503190515522893));
#11868=CARTESIAN_POINT('Ctrl Pts',(-0.0879255701248923,-9.56319280140146,
0.503190515522893));
#11869=CARTESIAN_POINT('Ctrl Pts',(-0.0879255701248923,11.8631928014015,
0.539252104390884));
#11870=CARTESIAN_POINT('Ctrl Pts',(-0.0879255701248923,-9.56319280140146,
0.539252104390884));
#11871=CARTESIAN_POINT('Ctrl Pts',(-0.111021194456078,11.8631928014015,
0.600840435940713));
#11872=CARTESIAN_POINT('Ctrl Pts',(-0.111021194456078,-9.56319280140146,
0.600840435940713));
#11873=CARTESIAN_POINT('Ctrl Pts',(-0.132090886828388,11.8631928014015,
0.623530873880123));
#11874=CARTESIAN_POINT('Ctrl Pts',(-0.132090886828388,-9.56319280140146,
0.623530873880123));
#11875=CARTESIAN_POINT('',(-0.0879255701248923,1.15,0.503190515522893));
#11876=CARTESIAN_POINT('',(-0.132090886828388,1.15,0.623530873880123));
#11877=CARTESIAN_POINT('Ctrl Pts',(-0.0879255701248923,1.15,0.503190515522893));
#11878=CARTESIAN_POINT('Ctrl Pts',(-0.0879255701248923,1.15,0.539252104390884));
#11879=CARTESIAN_POINT('Ctrl Pts',(-0.111021194456078,1.15,0.600840435940713));
#11880=CARTESIAN_POINT('Ctrl Pts',(-0.132090886828388,1.15,0.623530873880123));
#11881=CARTESIAN_POINT('',(-0.0879255701248923,1.14,0.503190515522893));
#11882=CARTESIAN_POINT('',(-0.0879255701248923,11.8631928014015,0.503190515522893));
#11883=CARTESIAN_POINT('',(-0.132090886828388,1.14,0.623530873880123));
#11884=CARTESIAN_POINT('Ctrl Pts',(-0.0879255701248923,1.14,0.503190515522893));
#11885=CARTESIAN_POINT('Ctrl Pts',(-0.0879255701248923,1.14,0.52723157476822));
#11886=CARTESIAN_POINT('Ctrl Pts',(-0.0917748408467566,1.14,0.549516826315856));
#11887=CARTESIAN_POINT('Ctrl Pts',(-0.0994733822904851,1.14,0.570046270165798));
#11888=CARTESIAN_POINT('Ctrl Pts',(-0.107171923734214,1.14,0.590575714015741));
#11889=CARTESIAN_POINT('Ctrl Pts',(-0.118044425246848,1.14,0.60840391525385));
#11890=CARTESIAN_POINT('Ctrl Pts',(-0.132090886828388,1.14,0.623530873880123));
#11891=CARTESIAN_POINT('',(-0.132090886828388,11.8631928014015,0.623530873880123));
#11892=CARTESIAN_POINT('Ctrl Pts',(-0.132090886828388,11.8631928014015,
0.623530873880123));
#11893=CARTESIAN_POINT('Ctrl Pts',(-0.132090886828388,-9.56319280140146,
0.623530873880123));
#11894=CARTESIAN_POINT('Ctrl Pts',(-0.153160579200697,11.8631928014015,
0.646221311819534));
#11895=CARTESIAN_POINT('Ctrl Pts',(-0.153160579200697,-9.56319280140146,
0.646221311819534));
#11896=CARTESIAN_POINT('Ctrl Pts',(-0.215964469925851,11.8631928014015,
0.672558427284921));
#11897=CARTESIAN_POINT('Ctrl Pts',(-0.215964469925851,-9.56319280140146,
0.672558427284921));
#11898=CARTESIAN_POINT('Ctrl Pts',(-0.254862363536269,11.8631928014015,
0.672558427284921));
#11899=CARTESIAN_POINT('Ctrl Pts',(-0.254862363536269,-9.56319280140146,
0.672558427284921));
#11900=CARTESIAN_POINT('',(-0.254862363536269,1.15,0.672558427284921));
#11901=CARTESIAN_POINT('Ctrl Pts',(-0.132090886828388,1.15,0.623530873880123));
#11902=CARTESIAN_POINT('Ctrl Pts',(-0.153160579200697,1.15,0.646221311819534));
#11903=CARTESIAN_POINT('Ctrl Pts',(-0.215964469925851,1.15,0.672558427284921));
#11904=CARTESIAN_POINT('Ctrl Pts',(-0.254862363536269,1.15,0.672558427284921));
#11905=CARTESIAN_POINT('',(-0.254862363536269,1.14,0.672558427284921));
#11906=CARTESIAN_POINT('Ctrl Pts',(-0.132090886828388,1.14,0.623530873880123));
#11907=CARTESIAN_POINT('Ctrl Pts',(-0.146137348409927,1.14,0.638657832506397));
#11908=CARTESIAN_POINT('Ctrl Pts',(-0.163627894321556,1.14,0.650610831063765));
#11909=CARTESIAN_POINT('Ctrl Pts',(-0.184562524563274,1.14,0.659389869552227));
#11910=CARTESIAN_POINT('Ctrl Pts',(-0.205497154804992,1.14,0.66816890804069));
#11911=CARTESIAN_POINT('Ctrl Pts',(-0.228930434462657,1.14,0.672558427284921));
#11912=CARTESIAN_POINT('Ctrl Pts',(-0.254862363536269,1.14,0.672558427284921));
#11913=CARTESIAN_POINT('',(-0.254862363536269,11.8631928014015,0.672558427284921));
#11914=CARTESIAN_POINT('Ctrl Pts',(-0.254862363536269,11.8631928014015,
0.672558427284921));
#11915=CARTESIAN_POINT('Ctrl Pts',(-0.254862363536269,-9.56319280140146,
0.672558427284921));
#11916=CARTESIAN_POINT('Ctrl Pts',(-0.290518766012486,11.8631928014015,
0.672558427284921));
#11917=CARTESIAN_POINT('Ctrl Pts',(-0.290518766012486,-9.56319280140146,
0.672558427284921));
#11918=CARTESIAN_POINT('Ctrl Pts',(-0.360210825397818,11.8631928014015,
0.656756158005689));
#11919=CARTESIAN_POINT('Ctrl Pts',(-0.360210825397818,-9.56319280140146,
0.656756158005689));
#11920=CARTESIAN_POINT('Ctrl Pts',(-0.385737568079655,11.8631928014015,
0.644195379860658));
#11921=CARTESIAN_POINT('Ctrl Pts',(-0.385737568079655,-9.56319280140146,
0.644195379860658));
#11922=CARTESIAN_POINT('',(-0.385737568079655,1.15,0.644195379860658));
#11923=CARTESIAN_POINT('Ctrl Pts',(-0.254862363536269,1.15,0.672558427284921));
#11924=CARTESIAN_POINT('Ctrl Pts',(-0.290518766012486,1.15,0.672558427284921));
#11925=CARTESIAN_POINT('Ctrl Pts',(-0.360210825397818,1.15,0.656756158005689));
#11926=CARTESIAN_POINT('Ctrl Pts',(-0.385737568079655,1.15,0.644195379860658));
#11927=CARTESIAN_POINT('',(-0.385737568079655,1.14,0.644195379860658));
#11928=CARTESIAN_POINT('Ctrl Pts',(-0.254862363536269,1.14,0.672558427284921));
#11929=CARTESIAN_POINT('Ctrl Pts',(-0.278633298520414,1.14,0.672558427284921));
#11930=CARTESIAN_POINT('Ctrl Pts',(-0.302134109243374,1.14,0.669924715738382));
#11931=CARTESIAN_POINT('Ctrl Pts',(-0.325364795705152,1.14,0.664657292645305));
#11932=CARTESIAN_POINT('Ctrl Pts',(-0.348595482166929,1.14,0.659389869552227));
#11933=CARTESIAN_POINT('Ctrl Pts',(-0.368719739625097,1.14,0.652569231957345));
#11934=CARTESIAN_POINT('Ctrl Pts',(-0.385737568079655,1.14,0.644195379860658));
#11935=CARTESIAN_POINT('',(-0.385737568079655,11.8631928014015,0.644195379860658));
#11936=CARTESIAN_POINT('Origin',(-0.385737568079655,11.8631928014015,0.5732877613));
#11937=CARTESIAN_POINT('',(-0.385737568079655,1.15,0.5732877613));
#11938=CARTESIAN_POINT('',(-0.385737568079655,1.15,0.28664388065));
#11939=CARTESIAN_POINT('',(-0.385737568079655,1.14,0.5732877613));
#11940=CARTESIAN_POINT('',(-0.385737568079655,1.14,0.28664388065));
#11941=CARTESIAN_POINT('',(-0.385737568079655,11.8631928014015,0.5732877613));
#11942=CARTESIAN_POINT('Origin',(-0.380875331378352,11.8631928014015,0.5732877613));
#11943=CARTESIAN_POINT('',(-0.380875331378352,1.15,0.5732877613));
#11944=CARTESIAN_POINT('',(-0.190437665689177,1.15,0.5732877613));
#11945=CARTESIAN_POINT('',(-0.380875331378352,1.14,0.5732877613));
#11946=CARTESIAN_POINT('',(-0.190437665689177,1.14,0.5732877613));
#11947=CARTESIAN_POINT('',(-0.380875331378352,11.8631928014015,0.5732877613));
#11948=CARTESIAN_POINT('Ctrl Pts',(-0.380875331378352,11.8631928014015,
0.5732877613));
#11949=CARTESIAN_POINT('Ctrl Pts',(-0.380875331378352,-9.56319280140146,
0.5732877613));
#11950=CARTESIAN_POINT('Ctrl Pts',(-0.373176789934624,11.8631928014015,
0.578960370784853));
#11951=CARTESIAN_POINT('Ctrl Pts',(-0.373176789934624,-9.56319280140146,
0.578960370784853));
#11952=CARTESIAN_POINT('Ctrl Pts',(-0.344408556118586,11.8631928014015,
0.593547080888759));
#11953=CARTESIAN_POINT('Ctrl Pts',(-0.344408556118586,-9.56319280140146,
0.593547080888759));
#11954=CARTESIAN_POINT('Ctrl Pts',(-0.326985541272253,11.8631928014015,
0.600030063157162));
#11955=CARTESIAN_POINT('Ctrl Pts',(-0.326985541272253,-9.56319280140146,
0.600030063157162));
#11956=CARTESIAN_POINT('',(-0.326985541272253,1.15,0.600030063157162));
#11957=CARTESIAN_POINT('Ctrl Pts',(-0.380875331378352,1.15,0.5732877613));
#11958=CARTESIAN_POINT('Ctrl Pts',(-0.373176789934624,1.15,0.578960370784853));
#11959=CARTESIAN_POINT('Ctrl Pts',(-0.344408556118586,1.15,0.593547080888759));
#11960=CARTESIAN_POINT('Ctrl Pts',(-0.326985541272253,1.15,0.600030063157162));
#11961=CARTESIAN_POINT('',(-0.326985541272253,1.14,0.600030063157162));
#11962=CARTESIAN_POINT('Ctrl Pts',(-0.380875331378352,1.14,0.5732877613));
#11963=CARTESIAN_POINT('Ctrl Pts',(-0.375742970415867,1.14,0.577069500956568));
#11964=CARTESIAN_POINT('Ctrl Pts',(-0.368382084298617,1.14,0.581391489135504));
#11965=CARTESIAN_POINT('Ctrl Pts',(-0.358792673026605,1.14,0.586253725836806));
#11966=CARTESIAN_POINT('Ctrl Pts',(-0.349203261754592,1.14,0.591115962538108));
#11967=CARTESIAN_POINT('Ctrl Pts',(-0.338600884503141,1.14,0.595708074978227));
#11968=CARTESIAN_POINT('Ctrl Pts',(-0.326985541272253,1.14,0.600030063157162));
#11969=CARTESIAN_POINT('',(-0.326985541272253,11.8631928014015,0.600030063157162));
#11970=CARTESIAN_POINT('Ctrl Pts',(-0.326985541272253,11.8631928014015,
0.600030063157162));
#11971=CARTESIAN_POINT('Ctrl Pts',(-0.326985541272253,-9.56319280140146,
0.600030063157162));
#11972=CARTESIAN_POINT('Ctrl Pts',(-0.307131408075268,11.8631928014015,
0.606918231817341));
#11973=CARTESIAN_POINT('Ctrl Pts',(-0.307131408075268,-9.56319280140146,
0.606918231817341));
#11974=CARTESIAN_POINT('Ctrl Pts',(-0.274311310341478,11.8631928014015,
0.614616773261069));
#11975=CARTESIAN_POINT('Ctrl Pts',(-0.274311310341478,-9.56319280140146,
0.614616773261069));
#11976=CARTESIAN_POINT('Ctrl Pts',(-0.253646804360944,11.8631928014015,
0.614616773261069));
#11977=CARTESIAN_POINT('Ctrl Pts',(-0.253646804360944,-9.56319280140146,
0.614616773261069));
#11978=CARTESIAN_POINT('',(-0.253646804360944,1.15,0.614616773261069));
#11979=CARTESIAN_POINT('Ctrl Pts',(-0.326985541272253,1.15,0.600030063157162));
#11980=CARTESIAN_POINT('Ctrl Pts',(-0.307131408075268,1.15,0.606918231817341));
#11981=CARTESIAN_POINT('Ctrl Pts',(-0.274311310341478,1.15,0.614616773261069));
#11982=CARTESIAN_POINT('Ctrl Pts',(-0.253646804360944,1.15,0.614616773261069));
#11983=CARTESIAN_POINT('',(-0.253646804360944,1.14,0.614616773261069));
#11984=CARTESIAN_POINT('Ctrl Pts',(-0.326985541272253,1.14,0.600030063157162));
#11985=CARTESIAN_POINT('Ctrl Pts',(-0.313749452474263,1.14,0.604622175597281));
#11986=CARTESIAN_POINT('Ctrl Pts',(-0.301661391786303,1.14,0.608201322057962));
#11987=CARTESIAN_POINT('Ctrl Pts',(-0.290721359208373,1.14,0.610767502539205));
#11988=CARTESIAN_POINT('Ctrl Pts',(-0.279781326630443,1.14,0.613333683020448));
#11989=CARTESIAN_POINT('Ctrl Pts',(-0.2674231416813,1.14,0.614616773261069));
#11990=CARTESIAN_POINT('Ctrl Pts',(-0.253646804360944,1.14,0.614616773261069));
#11991=CARTESIAN_POINT('',(-0.253646804360944,11.8631928014015,0.614616773261069));
#11992=CARTESIAN_POINT('Ctrl Pts',(-0.253646804360944,11.8631928014015,
0.614616773261069));
#11993=CARTESIAN_POINT('Ctrl Pts',(-0.253646804360944,-9.56319280140146,
0.614616773261069));
#11994=CARTESIAN_POINT('Ctrl Pts',(-0.233387484772184,11.8631928014015,
0.614616773261069));
#11995=CARTESIAN_POINT('Ctrl Pts',(-0.233387484772184,-9.56319280140146,
0.614616773261069));
#11996=CARTESIAN_POINT('Ctrl Pts',(-0.195299963945317,11.8631928014015,
0.600030063157162));
#11997=CARTESIAN_POINT('Ctrl Pts',(-0.195299963945317,-9.56319280140146,
0.600030063157162));
#11998=CARTESIAN_POINT('Ctrl Pts',(-0.18152362662496,11.8631928014015,0.58422779387793));
#11999=CARTESIAN_POINT('Ctrl Pts',(-0.18152362662496,-9.56319280140146,
0.58422779387793));
#12000=CARTESIAN_POINT('',(-0.18152362662496,1.15,0.58422779387793));
#12001=CARTESIAN_POINT('Ctrl Pts',(-0.253646804360944,1.15,0.614616773261069));
#12002=CARTESIAN_POINT('Ctrl Pts',(-0.233387484772184,1.15,0.614616773261069));
#12003=CARTESIAN_POINT('Ctrl Pts',(-0.195299963945317,1.15,0.600030063157162));
#12004=CARTESIAN_POINT('Ctrl Pts',(-0.18152362662496,1.15,0.58422779387793));
#12005=CARTESIAN_POINT('',(-0.18152362662496,1.14,0.58422779387793));
#12006=CARTESIAN_POINT('Ctrl Pts',(-0.253646804360944,1.14,0.614616773261069));
#12007=CARTESIAN_POINT('Ctrl Pts',(-0.240140591301771,1.14,0.614616773261069));
#12008=CARTESIAN_POINT('Ctrl Pts',(-0.227039564634373,1.14,0.612185654910418));
#12009=CARTESIAN_POINT('Ctrl Pts',(-0.214343724358751,1.14,0.607323418209116));
#12010=CARTESIAN_POINT('Ctrl Pts',(-0.201647884083128,1.14,0.602461181507813));
#12011=CARTESIAN_POINT('Ctrl Pts',(-0.190707851505198,1.14,0.594762640064085));
#12012=CARTESIAN_POINT('Ctrl Pts',(-0.18152362662496,1.14,0.58422779387793));
#12013=CARTESIAN_POINT('',(-0.18152362662496,11.8631928014015,0.58422779387793));
#12014=CARTESIAN_POINT('Ctrl Pts',(-0.18152362662496,11.8631928014015,0.58422779387793));
#12015=CARTESIAN_POINT('Ctrl Pts',(-0.18152362662496,-9.56319280140146,
0.58422779387793));
#12016=CARTESIAN_POINT('Ctrl Pts',(-0.16896284847993,11.8631928014015,0.569235897382248));
#12017=CARTESIAN_POINT('Ctrl Pts',(-0.16896284847993,-9.56319280140146,
0.569235897382248));
#12018=CARTESIAN_POINT('Ctrl Pts',(-0.155996883943124,11.8631928014015,
0.52952763098828));
#12019=CARTESIAN_POINT('Ctrl Pts',(-0.155996883943124,-9.56319280140146,
0.52952763098828));
#12020=CARTESIAN_POINT('Ctrl Pts',(-0.155996883943124,11.8631928014015,
0.502785329131118));
#12021=CARTESIAN_POINT('Ctrl Pts',(-0.155996883943124,-9.56319280140146,
0.502785329131118));
#12022=CARTESIAN_POINT('',(-0.155996883943124,1.15,0.502785329131118));
#12023=CARTESIAN_POINT('Ctrl Pts',(-0.18152362662496,1.15,0.58422779387793));
#12024=CARTESIAN_POINT('Ctrl Pts',(-0.16896284847993,1.15,0.569235897382248));
#12025=CARTESIAN_POINT('Ctrl Pts',(-0.155996883943124,1.15,0.52952763098828));
#12026=CARTESIAN_POINT('Ctrl Pts',(-0.155996883943124,1.15,0.502785329131118));
#12027=CARTESIAN_POINT('',(-0.155996883943124,1.14,0.502785329131118));
#12028=CARTESIAN_POINT('Ctrl Pts',(-0.18152362662496,1.14,0.58422779387793));
#12029=CARTESIAN_POINT('Ctrl Pts',(-0.173149774528273,1.14,0.574233196214142));
#12030=CARTESIAN_POINT('Ctrl Pts',(-0.166801854390462,1.14,0.562617852983254));
#12031=CARTESIAN_POINT('Ctrl Pts',(-0.162479866211527,1.14,0.549381764185264));
#12032=CARTESIAN_POINT('Ctrl Pts',(-0.158157878032591,1.14,0.536145675387275));
#12033=CARTESIAN_POINT('Ctrl Pts',(-0.155996883943124,1.14,0.520613530369226));
#12034=CARTESIAN_POINT('Ctrl Pts',(-0.155996883943124,1.14,0.502785329131118));
#12035=CARTESIAN_POINT('',(-0.155996883943124,11.8631928014015,0.502785329131118));
#12036=CARTESIAN_POINT('Ctrl Pts',(-0.155996883943124,11.8631928014015,
0.502785329131118));
#12037=CARTESIAN_POINT('Ctrl Pts',(-0.155996883943124,-9.56319280140146,
0.502785329131118));
#12038=CARTESIAN_POINT('Ctrl Pts',(-0.155996883943124,11.8631928014015,
0.476043027273955));
#12039=CARTESIAN_POINT('Ctrl Pts',(-0.155996883943124,-9.56319280140146,
0.476043027273955));
#12040=CARTESIAN_POINT('Ctrl Pts',(-0.17058359404703,11.8631928014015,0.442007370364839));
#12041=CARTESIAN_POINT('Ctrl Pts',(-0.17058359404703,-9.56319280140146,
0.442007370364839));
#12042=CARTESIAN_POINT('Ctrl Pts',(-0.184359931367387,11.8631928014015,
0.430662151395134));
#12043=CARTESIAN_POINT('Ctrl Pts',(-0.184359931367387,-9.56319280140146,
0.430662151395134));
#12044=CARTESIAN_POINT('',(-0.184359931367387,1.15,0.430662151395134));
#12045=CARTESIAN_POINT('Ctrl Pts',(-0.155996883943124,1.15,0.502785329131118));
#12046=CARTESIAN_POINT('Ctrl Pts',(-0.155996883943124,1.15,0.476043027273955));
#12047=CARTESIAN_POINT('Ctrl Pts',(-0.17058359404703,1.15,0.442007370364839));
#12048=CARTESIAN_POINT('Ctrl Pts',(-0.184359931367387,1.15,0.430662151395134));
#12049=CARTESIAN_POINT('',(-0.184359931367387,1.14,0.430662151395134));
#12050=CARTESIAN_POINT('Ctrl Pts',(-0.155996883943124,1.14,0.502785329131118));
#12051=CARTESIAN_POINT('Ctrl Pts',(-0.155996883943124,1.14,0.484957127893009));
#12052=CARTESIAN_POINT('Ctrl Pts',(-0.158428002293775,1.14,0.470370417789103));
#12053=CARTESIAN_POINT('Ctrl Pts',(-0.163290238995077,1.14,0.459025198819397));
#12054=CARTESIAN_POINT('Ctrl Pts',(-0.168152475696379,1.14,0.447679979849692));
#12055=CARTESIAN_POINT('Ctrl Pts',(-0.175175706487149,1.14,0.438225630708271));
#12056=CARTESIAN_POINT('Ctrl Pts',(-0.184359931367387,1.14,0.430662151395134));
#12057=CARTESIAN_POINT('',(-0.184359931367387,11.8631928014015,0.430662151395134));
#12058=CARTESIAN_POINT('Ctrl Pts',(-0.139384241880341,11.8631928014015,
0.382444970773887));
#12059=CARTESIAN_POINT('Ctrl Pts',(-0.139384241880341,-9.56319280140146,
0.382444970773887));
#12060=CARTESIAN_POINT('Ctrl Pts',(-0.114667871982055,11.8631928014015,
0.401083544795546));
#12061=CARTESIAN_POINT('Ctrl Pts',(-0.114667871982055,-9.56319280140146,
0.401083544795546));
#12062=CARTESIAN_POINT('Ctrl Pts',(-0.0879255701248923,11.8631928014015,
0.457809639644072));
#12063=CARTESIAN_POINT('Ctrl Pts',(-0.0879255701248923,-9.56319280140146,
0.457809639644072));
#12064=CARTESIAN_POINT('Ctrl Pts',(-0.0879255701248923,11.8631928014015,
0.503190515522893));
#12065=CARTESIAN_POINT('Ctrl Pts',(-0.0879255701248923,-9.56319280140146,
0.503190515522893));
#12066=CARTESIAN_POINT('',(-0.139384241880341,1.15,0.382444970773887));
#12067=CARTESIAN_POINT('Ctrl Pts',(-0.139384241880341,1.15,0.382444970773887));
#12068=CARTESIAN_POINT('Ctrl Pts',(-0.114667871982055,1.15,0.401083544795546));
#12069=CARTESIAN_POINT('Ctrl Pts',(-0.0879255701248923,1.15,0.457809639644072));
#12070=CARTESIAN_POINT('Ctrl Pts',(-0.0879255701248923,1.15,0.503190515522893));
#12071=CARTESIAN_POINT('',(-0.139384241880341,1.14,0.382444970773887));
#12072=CARTESIAN_POINT('',(-0.139384241880341,11.8631928014015,0.382444970773887));
#12073=CARTESIAN_POINT('Ctrl Pts',(-0.139384241880341,1.14,0.382444970773887));
#12074=CARTESIAN_POINT('Ctrl Pts',(-0.12290666194815,1.14,0.394870686788326));
#12075=CARTESIAN_POINT('Ctrl Pts',(-0.110210821672528,1.14,0.410537893936967));
#12076=CARTESIAN_POINT('Ctrl Pts',(-0.101296721053473,1.14,0.429446592219809));
#12077=CARTESIAN_POINT('Ctrl Pts',(-0.0923826204344194,1.14,0.448355290502651));
#12078=CARTESIAN_POINT('Ctrl Pts',(-0.0879255701248923,1.14,0.472936598270345));
#12079=CARTESIAN_POINT('Ctrl Pts',(-0.0879255701248923,1.14,0.503190515522893));
#12080=CARTESIAN_POINT('Ctrl Pts',(-0.255267549928044,11.8631928014015,
0.351245618607198));
#12081=CARTESIAN_POINT('Ctrl Pts',(-0.255267549928044,-9.56319280140146,
0.351245618607198));
#12082=CARTESIAN_POINT('Ctrl Pts',(-0.216774842709402,11.8631928014015,
0.351245618607198));
#12083=CARTESIAN_POINT('Ctrl Pts',(-0.216774842709402,-9.56319280140146,
0.351245618607198));
#12084=CARTESIAN_POINT('Ctrl Pts',(-0.163695425386852,11.8631928014015,
0.363806396752228));
#12085=CARTESIAN_POINT('Ctrl Pts',(-0.163695425386852,-9.56319280140146,
0.363806396752228));
#12086=CARTESIAN_POINT('Ctrl Pts',(-0.139384241880341,11.8631928014015,
0.382444970773887));
#12087=CARTESIAN_POINT('Ctrl Pts',(-0.139384241880341,-9.56319280140146,
0.382444970773887));
#12088=CARTESIAN_POINT('',(-0.255267549928044,1.15,0.351245618607198));
#12089=CARTESIAN_POINT('Ctrl Pts',(-0.255267549928044,1.15,0.351245618607198));
#12090=CARTESIAN_POINT('Ctrl Pts',(-0.216774842709402,1.15,0.351245618607198));
#12091=CARTESIAN_POINT('Ctrl Pts',(-0.163695425386852,1.15,0.363806396752228));
#12092=CARTESIAN_POINT('Ctrl Pts',(-0.139384241880341,1.15,0.382444970773887));
#12093=CARTESIAN_POINT('',(-0.255267549928044,1.14,0.351245618607198));
#12094=CARTESIAN_POINT('',(-0.255267549928044,11.8631928014015,0.351245618607198));
#12095=CARTESIAN_POINT('Ctrl Pts',(-0.255267549928044,1.14,0.351245618607198));
#12096=CARTESIAN_POINT('Ctrl Pts',(-0.229605745115616,1.14,0.351245618607198));
#12097=CARTESIAN_POINT('Ctrl Pts',(-0.207928273155643,1.14,0.353339081631369));
#12098=CARTESIAN_POINT('Ctrl Pts',(-0.190235134048127,1.14,0.357526007679713));
#12099=CARTESIAN_POINT('Ctrl Pts',(-0.17254199494061,1.14,0.361712933728057));
#12100=CARTESIAN_POINT('Ctrl Pts',(-0.155591697551348,1.14,0.370019254759448));
#12101=CARTESIAN_POINT('Ctrl Pts',(-0.139384241880341,1.14,0.382444970773887));
#12102=CARTESIAN_POINT('Ctrl Pts',(-0.300648425806865,11.8631928014015,
0.354081923349624));
#12103=CARTESIAN_POINT('Ctrl Pts',(-0.300648425806865,-9.56319280140146,
0.354081923349624));
#12104=CARTESIAN_POINT('Ctrl Pts',(-0.28849283405361,11.8631928014015,0.352461177782523));
#12105=CARTESIAN_POINT('Ctrl Pts',(-0.28849283405361,-9.56319280140146,
0.352461177782523));
#12106=CARTESIAN_POINT('Ctrl Pts',(-0.264992023330649,11.8631928014015,
0.351245618607198));
#12107=CARTESIAN_POINT('Ctrl Pts',(-0.264992023330649,-9.56319280140146,
0.351245618607198));
#12108=CARTESIAN_POINT('Ctrl Pts',(-0.255267549928044,11.8631928014015,
0.351245618607198));
#12109=CARTESIAN_POINT('Ctrl Pts',(-0.255267549928044,-9.56319280140146,
0.351245618607198));
#12110=CARTESIAN_POINT('',(-0.300648425806865,1.15,0.354081923349624));
#12111=CARTESIAN_POINT('Origin',(-0.193964348722293,1.15,0.393108019982769));
#12112=CARTESIAN_POINT('',(-0.300648425806865,1.14,0.354081923349624));
#12113=CARTESIAN_POINT('',(-0.300648425806865,11.8631928014015,0.354081923349624));
#12114=CARTESIAN_POINT('Ctrl Pts',(-0.300648425806865,1.14,0.354081923349624));
#12115=CARTESIAN_POINT('Ctrl Pts',(-0.292544697971362,1.14,0.35300142630489));
#12116=CARTESIAN_POINT('Ctrl Pts',(-0.28457603226645,1.14,0.352258584586636));
#12117=CARTESIAN_POINT('Ctrl Pts',(-0.276742428692129,1.14,0.35185339819486));
#12118=CARTESIAN_POINT('Ctrl Pts',(-0.268908825117809,1.14,0.351448211803085));
#12119=CARTESIAN_POINT('Ctrl Pts',(-0.261750532196447,1.14,0.351245618607198));
#12120=CARTESIAN_POINT('Ctrl Pts',(-0.255267549928044,1.14,0.351245618607198));
#12121=CARTESIAN_POINT('Origin',(-0.300648425806865,11.8631928014015,0.354081923349624));
#12122=CARTESIAN_POINT('',(-0.300648425806865,1.15,0.220775600455587));
#12123=CARTESIAN_POINT('',(-0.300648425806865,1.15,0.177040961674812));
#12124=CARTESIAN_POINT('',(-0.300648425806865,1.14,0.220775600455587));
#12125=CARTESIAN_POINT('',(-0.300648425806865,11.8631928014015,0.220775600455587));
#12126=CARTESIAN_POINT('',(-0.300648425806865,1.14,0.177040961674812));
#12127=CARTESIAN_POINT('Origin',(-0.300648425806865,11.8631928014015,0.220775600455587));
#12128=CARTESIAN_POINT('',(-0.0907618748673186,1.15,0.220775600455587));
#12129=CARTESIAN_POINT('',(-0.150324212903434,1.15,0.220775600455587));
#12130=CARTESIAN_POINT('',(-0.0907618748673186,1.14,0.220775600455587));
#12131=CARTESIAN_POINT('',(-0.0907618748673186,11.8631928014015,0.220775600455587));
#12132=CARTESIAN_POINT('',(-0.150324212903434,1.14,0.220775600455587));
#12133=CARTESIAN_POINT('Origin',(-0.0907618748673186,11.8631928014015,0.220775600455587));
#12134=CARTESIAN_POINT('',(-0.0907618748673186,1.15,0.162023573648185));
#12135=CARTESIAN_POINT('',(-0.0907618748673186,1.15,0.110387800227794));
#12136=CARTESIAN_POINT('',(-0.0907618748673186,1.14,0.162023573648185));
#12137=CARTESIAN_POINT('',(-0.0907618748673186,11.8631928014015,0.162023573648185));
#12138=CARTESIAN_POINT('',(-0.0907618748673186,1.14,0.110387800227794));
#12139=CARTESIAN_POINT('Origin',(-0.0907618748673186,11.8631928014015,0.162023573648185));
#12140=CARTESIAN_POINT('',(-0.36507306209912,1.15,0.162023573648185));
#12141=CARTESIAN_POINT('',(-0.0453809374336601,1.15,0.162023573648185));
#12142=CARTESIAN_POINT('',(-0.36507306209912,1.14,0.162023573648185));
#12143=CARTESIAN_POINT('',(-0.36507306209912,11.8631928014015,0.162023573648185));
#12144=CARTESIAN_POINT('',(-0.0453809374336601,1.14,0.162023573648185));
#12145=CARTESIAN_POINT('Origin',(-0.36507306209912,11.8631928014015,0.162023573648185));
#12146=CARTESIAN_POINT('',(-0.36507306209912,1.15,0.419722118817204));
#12147=CARTESIAN_POINT('',(-0.36507306209912,1.15,0.0810117868240928));
#12148=CARTESIAN_POINT('',(-0.36507306209912,1.14,0.419722118817204));
#12149=CARTESIAN_POINT('',(-0.36507306209912,11.8631928014015,0.419722118817204));
#12150=CARTESIAN_POINT('',(-0.36507306209912,1.14,0.0810117868240928));
#12151=CARTESIAN_POINT('Ctrl Pts',(-0.266207582505974,11.8631928014015,
0.407566527063949));
#12152=CARTESIAN_POINT('Ctrl Pts',(-0.266207582505974,-9.56319280140146,
0.407566527063949));
#12153=CARTESIAN_POINT('Ctrl Pts',(-0.293760257146687,11.8631928014015,
0.407566527063949));
#12154=CARTESIAN_POINT('Ctrl Pts',(-0.293760257146687,-9.56319280140146,
0.407566527063949));
#12155=CARTESIAN_POINT('Ctrl Pts',(-0.348460420036337,11.8631928014015,
0.416075441291228));
#12156=CARTESIAN_POINT('Ctrl Pts',(-0.348460420036337,-9.56319280140146,
0.416075441291228));
#12157=CARTESIAN_POINT('Ctrl Pts',(-0.36507306209912,11.8631928014015,0.419722118817204));
#12158=CARTESIAN_POINT('Ctrl Pts',(-0.36507306209912,-9.56319280140146,
0.419722118817204));
#12159=CARTESIAN_POINT('',(-0.266207582505974,1.15,0.407566527063949));
#12160=CARTESIAN_POINT('Ctrl Pts',(-0.266207582505974,1.15,0.407566527063949));
#12161=CARTESIAN_POINT('Ctrl Pts',(-0.293760257146687,1.15,0.407566527063949));
#12162=CARTESIAN_POINT('Ctrl Pts',(-0.348460420036337,1.15,0.416075441291228));
#12163=CARTESIAN_POINT('Ctrl Pts',(-0.36507306209912,1.15,0.419722118817204));
#12164=CARTESIAN_POINT('',(-0.266207582505974,1.14,0.407566527063949));
#12165=CARTESIAN_POINT('',(-0.266207582505974,11.8631928014015,0.407566527063949));
#12166=CARTESIAN_POINT('Ctrl Pts',(-0.266207582505974,1.14,0.407566527063949));
#12167=CARTESIAN_POINT('Ctrl Pts',(-0.28457603226645,1.14,0.407566527063949));
#12168=CARTESIAN_POINT('Ctrl Pts',(-0.302876950961629,1.14,0.408984679435162));
#12169=CARTESIAN_POINT('Ctrl Pts',(-0.321110338591512,1.14,0.411820984177588));
#12170=CARTESIAN_POINT('Ctrl Pts',(-0.339343726221396,1.14,0.414657288920014));
#12171=CARTESIAN_POINT('Ctrl Pts',(-0.353997967390598,1.14,0.417291000466553));
#12172=CARTESIAN_POINT('Ctrl Pts',(-0.36507306209912,1.14,0.419722118817204));
#12173=CARTESIAN_POINT('Ctrl Pts',(-0.184359931367387,11.8631928014015,
0.430662151395134));
#12174=CARTESIAN_POINT('Ctrl Pts',(-0.184359931367387,-9.56319280140146,
0.430662151395134));
#12175=CARTESIAN_POINT('Ctrl Pts',(-0.198541455079518,11.8631928014015,
0.418101373250103));
#12176=CARTESIAN_POINT('Ctrl Pts',(-0.198541455079518,-9.56319280140146,
0.418101373250103));
#12177=CARTESIAN_POINT('Ctrl Pts',(-0.240680839824138,11.8631928014015,
0.407566527063949));
#12178=CARTESIAN_POINT('Ctrl Pts',(-0.240680839824138,-9.56319280140146,
0.407566527063949));
#12179=CARTESIAN_POINT('Ctrl Pts',(-0.266207582505974,11.8631928014015,
0.407566527063949));
#12180=CARTESIAN_POINT('Ctrl Pts',(-0.266207582505974,-9.56319280140146,
0.407566527063949));
#12181=CARTESIAN_POINT('Ctrl Pts',(-0.184359931367387,1.15,0.430662151395134));
#12182=CARTESIAN_POINT('Ctrl Pts',(-0.198541455079518,1.15,0.418101373250103));
#12183=CARTESIAN_POINT('Ctrl Pts',(-0.240680839824138,1.15,0.407566527063949));
#12184=CARTESIAN_POINT('Ctrl Pts',(-0.266207582505974,1.15,0.407566527063949));
#12185=CARTESIAN_POINT('Ctrl Pts',(-0.184359931367387,1.14,0.430662151395134));
#12186=CARTESIAN_POINT('Ctrl Pts',(-0.193814280508808,1.14,0.422288299298447));
#12187=CARTESIAN_POINT('Ctrl Pts',(-0.205564685870288,1.14,0.416345565552411));
#12188=CARTESIAN_POINT('Ctrl Pts',(-0.219611147451828,1.14,0.412833950157026));
#12189=CARTESIAN_POINT('Ctrl Pts',(-0.233657609033368,1.14,0.409322334761641));
#12190=CARTESIAN_POINT('Ctrl Pts',(-0.249189754051417,1.14,0.407566527063949));
#12191=CARTESIAN_POINT('Ctrl Pts',(-0.266207582505974,1.14,0.407566527063949));
#12192=CARTESIAN_POINT('Origin',(-1.66533453693773E-15,1.14,2.77555756156289E-16));
#12193=CARTESIAN_POINT('Origin',(-1.66533453693773E-15,1.14,2.77555756156289E-16));
#12194=CARTESIAN_POINT('',(-0.482982302105699,1.14,0.610970095735092));
#12195=CARTESIAN_POINT('',(-0.482982302105699,1.14,0.662023581098766));
#12196=CARTESIAN_POINT('',(-0.482982302105699,1.14,0.331011790549383));
#12197=CARTESIAN_POINT('',(-0.571718121904465,1.14,0.610970095735092));
#12198=CARTESIAN_POINT('',(-0.241491151052851,1.14,0.610970095735092));
#12199=CARTESIAN_POINT('',(-0.571718121904465,1.14,0.160402828081085));
#12200=CARTESIAN_POINT('',(-0.571718121904465,1.14,0.305485047867546));
#12201=CARTESIAN_POINT('',(-0.623581980051689,1.14,0.160402828081085));
#12202=CARTESIAN_POINT('',(-0.285859060952234,1.14,0.160402828081085));
#12203=CARTESIAN_POINT('',(-0.726904509954362,1.14,0.230094887466417));
#12204=CARTESIAN_POINT('Ctrl Pts',(-0.726904509954362,1.14,0.230094887466417));
#12205=CARTESIAN_POINT('Ctrl Pts',(-0.692598728784063,1.14,0.230094887466417));
#12206=CARTESIAN_POINT('Ctrl Pts',(-0.66734211036341,1.14,0.225232650765115));
#12207=CARTESIAN_POINT('Ctrl Pts',(-0.651134654692402,1.14,0.21550817736251));
#12208=CARTESIAN_POINT('Ctrl Pts',(-0.634927199021395,1.14,0.205783703959906));
#12209=CARTESIAN_POINT('Ctrl Pts',(-0.625742974141157,1.14,0.18741525419943));
#12210=CARTESIAN_POINT('Ctrl Pts',(-0.623581980051689,1.14,0.160402828081085));
#12211=CARTESIAN_POINT('',(-0.726904509954362,1.14,0.275880949737013));
#12212=CARTESIAN_POINT('',(-0.726904509954362,1.14,0.115047443733209));
#12213=CARTESIAN_POINT('',(-0.63614275819672,1.14,0.275880949737013));
#12214=CARTESIAN_POINT('',(-0.363452254977182,1.14,0.275880949737013));
#12215=CARTESIAN_POINT('',(-0.63614275819672,1.14,0.610970095735092));
#12216=CARTESIAN_POINT('',(-0.63614275819672,1.14,0.137940474868507));
#12217=CARTESIAN_POINT('',(-0.726904509954362,1.14,0.610970095735092));
#12218=CARTESIAN_POINT('',(-0.318071379098361,1.14,0.610970095735092));
#12219=CARTESIAN_POINT('',(-0.726904509954362,1.14,0.662023581098766));
#12220=CARTESIAN_POINT('',(-0.726904509954362,1.14,0.305485047867546));
#12221=CARTESIAN_POINT('',(-0.363452254977182,1.14,0.662023581098766));
#12222=CARTESIAN_POINT('Origin',(-0.726904509954362,11.8631928014015,0.230094887466417));
#12223=CARTESIAN_POINT('',(-0.726904509954362,1.15,0.275880949737013));
#12224=CARTESIAN_POINT('',(-0.726904509954362,1.15,0.230094887466417));
#12225=CARTESIAN_POINT('',(-0.726904509954362,1.15,0.115047443733209));
#12226=CARTESIAN_POINT('',(-0.726904509954362,11.8631928014015,0.275880949737013));
#12227=CARTESIAN_POINT('',(-0.726904509954362,11.8631928014015,0.230094887466417));
#12228=CARTESIAN_POINT('Ctrl Pts',(-0.726904509954362,11.8631928014015,
0.230094887466417));
#12229=CARTESIAN_POINT('Ctrl Pts',(-0.726904509954362,-9.56319280140146,
0.230094887466417));
#12230=CARTESIAN_POINT('Ctrl Pts',(-0.675445838198913,11.8631928014015,
0.230094887466417));
#12231=CARTESIAN_POINT('Ctrl Pts',(-0.675445838198913,-9.56319280140146,
0.230094887466417));
#12232=CARTESIAN_POINT('Ctrl Pts',(-0.626823471185891,11.8631928014015,
0.200921467258603));
#12233=CARTESIAN_POINT('Ctrl Pts',(-0.626823471185891,-9.56319280140146,
0.200921467258603));
#12234=CARTESIAN_POINT('Ctrl Pts',(-0.623581980051689,11.8631928014015,
0.160402828081085));
#12235=CARTESIAN_POINT('Ctrl Pts',(-0.623581980051689,-9.56319280140146,
0.160402828081085));
#12236=CARTESIAN_POINT('',(-0.623581980051689,1.15,0.160402828081085));
#12237=CARTESIAN_POINT('Ctrl Pts',(-0.726904509954362,1.15,0.230094887466417));
#12238=CARTESIAN_POINT('Ctrl Pts',(-0.675445838198913,1.15,0.230094887466417));
#12239=CARTESIAN_POINT('Ctrl Pts',(-0.626823471185891,1.15,0.200921467258603));
#12240=CARTESIAN_POINT('Ctrl Pts',(-0.623581980051689,1.15,0.160402828081085));
#12241=CARTESIAN_POINT('',(-0.623581980051689,11.8631928014015,0.160402828081085));
#12242=CARTESIAN_POINT('Origin',(-0.571718121904465,11.8631928014015,0.160402828081085));
#12243=CARTESIAN_POINT('',(-0.571718121904465,1.15,0.160402828081085));
#12244=CARTESIAN_POINT('',(-0.285859060952234,1.15,0.160402828081085));
#12245=CARTESIAN_POINT('',(-0.571718121904465,11.8631928014015,0.160402828081085));
#12246=CARTESIAN_POINT('Origin',(-0.571718121904465,11.8631928014015,0.610970095735092));
#12247=CARTESIAN_POINT('',(-0.571718121904465,1.15,0.610970095735092));
#12248=CARTESIAN_POINT('',(-0.571718121904465,1.15,0.305485047867546));
#12249=CARTESIAN_POINT('',(-0.571718121904465,11.8631928014015,0.610970095735092));
#12250=CARTESIAN_POINT('Origin',(-0.482982302105699,11.8631928014015,0.610970095735092));
#12251=CARTESIAN_POINT('',(-0.482982302105699,1.15,0.610970095735092));
#12252=CARTESIAN_POINT('',(-0.241491151052851,1.15,0.610970095735092));
#12253=CARTESIAN_POINT('',(-0.482982302105699,11.8631928014015,0.610970095735092));
#12254=CARTESIAN_POINT('Origin',(-0.482982302105699,11.8631928014015,0.662023581098766));
#12255=CARTESIAN_POINT('',(-0.482982302105699,1.15,0.662023581098766));
#12256=CARTESIAN_POINT('',(-0.482982302105699,1.15,0.331011790549383));
#12257=CARTESIAN_POINT('',(-0.482982302105699,11.8631928014015,0.662023581098766));
#12258=CARTESIAN_POINT('Origin',(-0.726904509954362,11.8631928014015,0.275880949737013));
#12259=CARTESIAN_POINT('',(-0.63614275819672,1.15,0.275880949737013));
#12260=CARTESIAN_POINT('',(-0.363452254977182,1.15,0.275880949737013));
#12261=CARTESIAN_POINT('',(-0.63614275819672,11.8631928014015,0.275880949737013));
#12262=CARTESIAN_POINT('Origin',(-0.63614275819672,11.8631928014015,0.275880949737013));
#12263=CARTESIAN_POINT('',(-0.63614275819672,1.15,0.610970095735092));
#12264=CARTESIAN_POINT('',(-0.63614275819672,1.15,0.137940474868507));
#12265=CARTESIAN_POINT('',(-0.63614275819672,11.8631928014015,0.610970095735092));
#12266=CARTESIAN_POINT('Origin',(-0.63614275819672,11.8631928014015,0.610970095735092));
#12267=CARTESIAN_POINT('',(-0.726904509954362,1.15,0.610970095735092));
#12268=CARTESIAN_POINT('',(-0.318071379098361,1.15,0.610970095735092));
#12269=CARTESIAN_POINT('',(-0.726904509954362,11.8631928014015,0.610970095735092));
#12270=CARTESIAN_POINT('Origin',(-0.726904509954362,11.8631928014015,0.610970095735092));
#12271=CARTESIAN_POINT('',(-0.726904509954362,1.15,0.662023581098766));
#12272=CARTESIAN_POINT('',(-0.726904509954362,1.15,0.305485047867546));
#12273=CARTESIAN_POINT('',(-0.726904509954362,11.8631928014015,0.662023581098766));
#12274=CARTESIAN_POINT('Origin',(-0.726904509954362,11.8631928014015,0.662023581098766));
#12275=CARTESIAN_POINT('',(-0.363452254977182,1.15,0.662023581098766));
#12276=CARTESIAN_POINT('Origin',(0.353322410518286,11.8631928014015,0.473611908923304));
#12277=CARTESIAN_POINT('',(0.542544455477298,1.15,0.473611908923304));
#12278=CARTESIAN_POINT('',(0.353322410518286,1.15,0.473611908923304));
#12279=CARTESIAN_POINT('',(0.176661205259142,1.15,0.473611908923304));
#12280=CARTESIAN_POINT('',(0.542544455477298,1.14,0.473611908923304));
#12281=CARTESIAN_POINT('',(0.542544455477298,11.8631928014015,0.473611908923304));
#12282=CARTESIAN_POINT('',(0.353322410518286,1.14,0.473611908923304));
#12283=CARTESIAN_POINT('',(0.176661205259142,1.14,0.473611908923304));
#12284=CARTESIAN_POINT('',(0.353322410518286,11.8631928014015,0.473611908923304));
#12285=CARTESIAN_POINT('Origin',(0.353322410518286,11.8631928014015,0.412833950157026));
#12286=CARTESIAN_POINT('',(0.353322410518286,1.15,0.412833950157026));
#12287=CARTESIAN_POINT('',(0.353322410518286,1.15,0.206416975078513));
#12288=CARTESIAN_POINT('',(0.353322410518286,1.14,0.412833950157026));
#12289=CARTESIAN_POINT('',(0.353322410518286,1.14,0.206416975078513));
#12290=CARTESIAN_POINT('',(0.353322410518286,11.8631928014015,0.412833950157026));
#12291=CARTESIAN_POINT('Origin',(0.542544455477298,11.8631928014015,0.473611908923304));
#12292=CARTESIAN_POINT('',(0.542544455477298,1.15,0.412833950157026));
#12293=CARTESIAN_POINT('',(0.542544455477298,1.15,0.236805954461652));
#12294=CARTESIAN_POINT('',(0.542544455477298,1.14,0.412833950157026));
#12295=CARTESIAN_POINT('',(0.542544455477298,11.8631928014015,0.412833950157026));
#12296=CARTESIAN_POINT('',(0.542544455477298,1.14,0.236805954461652));
#12297=CARTESIAN_POINT('Origin',(0.542544455477298,11.8631928014015,0.412833950157026));
#12298=CARTESIAN_POINT('',(0.271272227738648,1.15,0.412833950157026));
#12299=CARTESIAN_POINT('',(0.271272227738648,1.14,0.412833950157026));
#12300=CARTESIAN_POINT('Origin',(-1.66533453693773E-15,1.14,2.77555756156289E-16));
#12301=CARTESIAN_POINT('Origin',(-1.66533453693773E-15,1.14,2.77555756156289E-16));
#12302=CARTESIAN_POINT('',(0.179902634838506,1.14,0.224827464373339));
#12303=CARTESIAN_POINT('',(0.119124676072228,1.14,0.209430381485882));
#12304=CARTESIAN_POINT('Ctrl Pts',(0.179902634838506,1.14,0.224827464373339));
#12305=CARTESIAN_POINT('Ctrl Pts',(0.171528782741819,1.14,0.219154854888487));
#12306=CARTESIAN_POINT('Ctrl Pts',(0.16220949573099,1.14,0.215170522036031));
#12307=CARTESIAN_POINT('Ctrl Pts',(0.151944773806018,1.14,0.212874465815971));
#12308=CARTESIAN_POINT('Ctrl Pts',(0.141680051881047,1.14,0.210578409595912));
#12309=CARTESIAN_POINT('Ctrl Pts',(0.130740019303117,1.14,0.209430381485882));
#12310=CARTESIAN_POINT('Ctrl Pts',(0.119124676072228,1.14,0.209430381485882));
#12311=CARTESIAN_POINT('',(0.206239750303893,1.14,0.279122440871214));
#12312=CARTESIAN_POINT('Ctrl Pts',(0.206239750303893,1.14,0.279122440871214));
#12313=CARTESIAN_POINT('Ctrl Pts',(0.206239750303893,1.14,0.266426600595592));
#12314=CARTESIAN_POINT('Ctrl Pts',(0.203808631953242,1.14,0.255554099082958));
#12315=CARTESIAN_POINT('Ctrl Pts',(0.19894639525194,1.14,0.246504936333312));
#12316=CARTESIAN_POINT('Ctrl Pts',(0.194084158550638,1.14,0.237455773583666));
#12317=CARTESIAN_POINT('Ctrl Pts',(0.187736238412826,1.14,0.230229949597008));
#12318=CARTESIAN_POINT('Ctrl Pts',(0.179902634838506,1.14,0.224827464373339));
#12319=CARTESIAN_POINT('',(0.104537965968321,1.14,0.362996023968678));
#12320=CARTESIAN_POINT('Ctrl Pts',(0.104537965968321,1.14,0.362996023968678));
#12321=CARTESIAN_POINT('Ctrl Pts',(0.134521758959685,1.14,0.362996023968678));
#12322=CARTESIAN_POINT('Ctrl Pts',(0.158968004596788,1.14,0.355837731047316));
#12323=CARTESIAN_POINT('Ctrl Pts',(0.17787670287963,1.14,0.341521145204593));
#12324=CARTESIAN_POINT('Ctrl Pts',(0.196785401162472,1.14,0.32720455936187));
#12325=CARTESIAN_POINT('Ctrl Pts',(0.206239750303893,1.14,0.306404991250744));
#12326=CARTESIAN_POINT('Ctrl Pts',(0.206239750303893,1.14,0.279122440871214));
#12327=CARTESIAN_POINT('',(0.0822527144206862,1.14,0.362996023968678));
#12328=CARTESIAN_POINT('',(0.0522689829841599,1.14,0.362996023968678));
#12329=CARTESIAN_POINT('',(0.0822527144206862,1.14,0.418506559641879));
#12330=CARTESIAN_POINT('',(0.0822527144206862,1.14,0.181498011984339));
#12331=CARTESIAN_POINT('',(0.110615761844949,1.14,0.418506559641879));
#12332=CARTESIAN_POINT('',(0.0411263572103423,1.14,0.418506559641879));
#12333=CARTESIAN_POINT('',(0.185980430715134,1.14,0.436334760879987));
#12334=CARTESIAN_POINT('Ctrl Pts',(0.185980430715134,1.14,0.436334760879987));
#12335=CARTESIAN_POINT('Ctrl Pts',(0.176526081573713,1.14,0.4295816543504));
#12336=CARTESIAN_POINT('Ctrl Pts',(0.165383455799895,1.14,0.424922010844986));
#12337=CARTESIAN_POINT('Ctrl Pts',(0.152552553393681,1.14,0.422355830363743));
#12338=CARTESIAN_POINT('Ctrl Pts',(0.139721650987467,1.14,0.4197896498825));
#12339=CARTESIAN_POINT('Ctrl Pts',(0.125742720471223,1.14,0.418506559641879));
#12340=CARTESIAN_POINT('Ctrl Pts',(0.110615761844949,1.14,0.418506559641879));
#12341=CARTESIAN_POINT('',(0.215964223706498,1.14,0.508863125007745));
#12342=CARTESIAN_POINT('Ctrl Pts',(0.215964223706498,1.14,0.508863125007745));
#12343=CARTESIAN_POINT('Ctrl Pts',(0.215964223706498,1.14,0.490764799508454));
#12344=CARTESIAN_POINT('Ctrl Pts',(0.213330512159959,1.14,0.475840434078068));
#12345=CARTESIAN_POINT('Ctrl Pts',(0.208063089066882,1.14,0.464090028716587));
#12346=CARTESIAN_POINT('Ctrl Pts',(0.202795665973804,1.14,0.452339623355107));
#12347=CARTESIAN_POINT('Ctrl Pts',(0.195434779856555,1.14,0.443087867409573));
#12348=CARTESIAN_POINT('Ctrl Pts',(0.185980430715134,1.14,0.436334760879987));
#12349=CARTESIAN_POINT('',(0.188411549065785,1.14,0.586658912228581));
#12350=CARTESIAN_POINT('Ctrl Pts',(0.188411549065785,1.14,0.586658912228581));
#12351=CARTESIAN_POINT('Ctrl Pts',(0.197325649684839,1.14,0.576664314564793));
#12352=CARTESIAN_POINT('Ctrl Pts',(0.204146287279722,1.14,0.565724281986863));
#12353=CARTESIAN_POINT('Ctrl Pts',(0.208873461850432,1.14,0.553838814494791));
#12354=CARTESIAN_POINT('Ctrl Pts',(0.213600636421143,1.14,0.541953347002719));
#12355=CARTESIAN_POINT('Ctrl Pts',(0.215964223706498,1.14,0.526961450507037));
#12356=CARTESIAN_POINT('Ctrl Pts',(0.215964223706498,1.14,0.508863125007745));
#12357=CARTESIAN_POINT('',(0.112641693803825,1.14,0.614616773261069));
#12358=CARTESIAN_POINT('Ctrl Pts',(0.112641693803825,1.14,0.614616773261069));
#12359=CARTESIAN_POINT('Ctrl Pts',(0.126418031124182,1.14,0.614616773261069));
#12360=CARTESIAN_POINT('Ctrl Pts',(0.140194368444538,1.14,0.612455779171601));
#12361=CARTESIAN_POINT('Ctrl Pts',(0.153970705764894,1.14,0.608133790992666));
#12362=CARTESIAN_POINT('Ctrl Pts',(0.167747043085251,1.14,0.603811802813731));
#12363=CARTESIAN_POINT('Ctrl Pts',(0.179227324185548,1.14,0.596653509892369));
#12364=CARTESIAN_POINT('Ctrl Pts',(0.188411549065785,1.14,0.586658912228581));
#12365=CARTESIAN_POINT('',(-0.0149920196053586,1.14,0.570856642949349));
#12366=CARTESIAN_POINT('Ctrl Pts',(-0.0149920196053586,1.14,0.570856642949349));
#12367=CARTESIAN_POINT('Ctrl Pts',(-0.00094555802381885,1.14,0.58112136487432));
#12368=CARTESIAN_POINT('Ctrl Pts',(0.0179631402590232,1.14,0.590980900407516));
#12369=CARTESIAN_POINT('Ctrl Pts',(0.0417340752431675,1.14,0.600435249548938));
#12370=CARTESIAN_POINT('Ctrl Pts',(0.0655050102273118,1.14,0.609889598690359));
#12371=CARTESIAN_POINT('Ctrl Pts',(0.0891408830808644,1.14,0.614616773261069));
#12372=CARTESIAN_POINT('Ctrl Pts',(0.112641693803825,1.14,0.614616773261069));
#12373=CARTESIAN_POINT('',(-0.0198542563066609,1.14,0.570856642949349));
#12374=CARTESIAN_POINT('',(-0.00749600980268016,1.14,0.570856642949349));
#12375=CARTESIAN_POINT('',(-0.0198542563066609,1.14,0.641764261510007));
#12376=CARTESIAN_POINT('',(-0.0198542563066609,1.14,0.285428321474675));
#12377=CARTESIAN_POINT('',(0.116693557721577,1.14,0.672558427284921));
#12378=CARTESIAN_POINT('Ctrl Pts',(0.116693557721577,1.14,0.672558427284921));
#12379=CARTESIAN_POINT('Ctrl Pts',(0.0915720014315155,1.14,0.672558427284921));
#12380=CARTESIAN_POINT('Ctrl Pts',(0.0667205694026374,1.14,0.669519529346607));
#12381=CARTESIAN_POINT('Ctrl Pts',(0.0421392616349427,1.14,0.663441733469979));
#12382=CARTESIAN_POINT('Ctrl Pts',(0.017557953867248,1.14,0.657363937593351));
#12383=CARTESIAN_POINT('Ctrl Pts',(-0.00310655211328652,1.14,0.650138113606694));
#12384=CARTESIAN_POINT('Ctrl Pts',(-0.0198542563066609,1.14,0.641764261510007));
#12385=CARTESIAN_POINT('',(0.239870220821234,1.14,0.62636717862255));
#12386=CARTESIAN_POINT('Origin',(-0.0805680113322018,1.14,0.291408682677761));
#12387=CARTESIAN_POINT('',(0.284035537524729,1.14,0.513725361709048));
#12388=CARTESIAN_POINT('Ctrl Pts',(0.284035537524729,1.14,0.513725361709048));
#12389=CARTESIAN_POINT('Ctrl Pts',(0.284035537524729,1.14,0.536145675387275));
#12390=CARTESIAN_POINT('Ctrl Pts',(0.280186266802865,1.14,0.556877712433105));
#12391=CARTESIAN_POINT('Ctrl Pts',(0.272487725359136,1.14,0.575921472846539));
#12392=CARTESIAN_POINT('Ctrl Pts',(0.264789183915408,1.14,0.594965233259973));
#12393=CARTESIAN_POINT('Ctrl Pts',(0.253916682402774,1.14,0.611780468518643));
#12394=CARTESIAN_POINT('Ctrl Pts',(0.239870220821234,1.14,0.62636717862255));
#12395=CARTESIAN_POINT('',(0.249189507832063,1.14,0.421342864384305));
#12396=CARTESIAN_POINT('Ctrl Pts',(0.249189507832063,1.14,0.421342864384305));
#12397=CARTESIAN_POINT('Ctrl Pts',(0.259454229757035,1.14,0.430797213525726));
#12398=CARTESIAN_POINT('Ctrl Pts',(0.267828081853722,1.14,0.443087867409573));
#12399=CARTESIAN_POINT('Ctrl Pts',(0.274311064122125,1.14,0.458214826035847));
#12400=CARTESIAN_POINT('Ctrl Pts',(0.280794046390528,1.14,0.473341784662121));
#12401=CARTESIAN_POINT('Ctrl Pts',(0.284035537524729,1.14,0.491845296553187));
#12402=CARTESIAN_POINT('Ctrl Pts',(0.284035537524729,1.14,0.513725361709048));
#12403=CARTESIAN_POINT('',(0.181928566797382,1.14,0.38892795304229));
#12404=CARTESIAN_POINT('Ctrl Pts',(0.181928566797382,1.14,0.38892795304229));
#12405=CARTESIAN_POINT('Ctrl Pts',(0.192463412983537,1.14,0.391088947131758));
#12406=CARTESIAN_POINT('Ctrl Pts',(0.203741100887946,1.14,0.394600562527143));
#12407=CARTESIAN_POINT('Ctrl Pts',(0.21576163051061,1.14,0.399462799228445));
#12408=CARTESIAN_POINT('Ctrl Pts',(0.227782160133274,1.14,0.404325035929747));
#12409=CARTESIAN_POINT('Ctrl Pts',(0.238924785907092,1.14,0.4116183909817));
#12410=CARTESIAN_POINT('Ctrl Pts',(0.249189507832063,1.14,0.421342864384305));
#12411=CARTESIAN_POINT('',(0.181928566797382,1.14,0.384065716340988));
#12412=CARTESIAN_POINT('',(0.181928566797382,1.14,0.194463976521145));
#12413=CARTESIAN_POINT('',(0.274311064122125,1.14,0.272234272211036));
#12414=CARTESIAN_POINT('Ctrl Pts',(0.274311064122125,1.14,0.272234272211036));
#12415=CARTESIAN_POINT('Ctrl Pts',(0.274311064122125,1.14,0.299786946851749));
#12416=CARTESIAN_POINT('Ctrl Pts',(0.265261901372479,1.14,0.323963068227668));
#12417=CARTESIAN_POINT('Ctrl Pts',(0.247163575873187,1.14,0.344762636338795));
#12418=CARTESIAN_POINT('Ctrl Pts',(0.229065250373896,1.14,0.365562204449921));
#12419=CARTESIAN_POINT('Ctrl Pts',(0.207320247348627,1.14,0.378663231117319));
#12420=CARTESIAN_POINT('Ctrl Pts',(0.181928566797382,1.14,0.384065716340988));
#12421=CARTESIAN_POINT('',(0.229740561026854,1.14,0.179851774886294));
#12422=CARTESIAN_POINT('Ctrl Pts',(0.229740561026854,1.14,0.179851774886294));
#12423=CARTESIAN_POINT('Ctrl Pts',(0.244327271130761,1.14,0.190386621072448));
#12424=CARTESIAN_POINT('Ctrl Pts',(0.255402365839283,1.14,0.203285054543959));
#12425=CARTESIAN_POINT('Ctrl Pts',(0.262965845152419,1.14,0.218547075300824));
#12426=CARTESIAN_POINT('Ctrl Pts',(0.270529324465556,1.14,0.233809096057689));
#12427=CARTESIAN_POINT('Ctrl Pts',(0.274311064122125,1.14,0.251704828361093));
#12428=CARTESIAN_POINT('Ctrl Pts',(0.274311064122125,1.14,0.272234272211036));
#12429=CARTESIAN_POINT('',(0.124392099165306,1.14,0.151488727462031));
#12430=CARTESIAN_POINT('Ctrl Pts',(0.124392099165306,1.14,0.151488727462031));
#12431=CARTESIAN_POINT('Ctrl Pts',(0.147082537104716,1.14,0.151488727462031));
#12432=CARTESIAN_POINT('Ctrl Pts',(0.166869139236404,1.14,0.15378478368209));
#12433=CARTESIAN_POINT('Ctrl Pts',(0.18375190556037,1.14,0.158376896122209));
#12434=CARTESIAN_POINT('Ctrl Pts',(0.200634671884337,1.14,0.162969008562327));
#12435=CARTESIAN_POINT('Ctrl Pts',(0.215964223706498,1.14,0.170127301483689));
#12436=CARTESIAN_POINT('Ctrl Pts',(0.229740561026854,1.14,0.179851774886294));
#12437=CARTESIAN_POINT('',(-0.00607791898630454,1.14,0.182282893236945));
#12438=CARTESIAN_POINT('Ctrl Pts',(-0.00607791898630454,1.14,0.182282893236945));
#12439=CARTESIAN_POINT('Ctrl Pts',(0.00850879111760219,1.14,0.174449289662624));
#12440=CARTESIAN_POINT('Ctrl Pts',(0.0282953932492905,1.14,0.167358527806559));
#12441=CARTESIAN_POINT('Ctrl Pts',(0.0532818874087603,1.14,0.161010607668747));
#12442=CARTESIAN_POINT('Ctrl Pts',(0.0782683815682302,1.14,0.154662687530936));
#12443=CARTESIAN_POINT('Ctrl Pts',(0.101971785487079,1.14,0.151488727462031));
#12444=CARTESIAN_POINT('Ctrl Pts',(0.124392099165306,1.14,0.151488727462031));
#12445=CARTESIAN_POINT('',(-0.00607791898630454,1.14,0.253190511797602));
#12446=CARTESIAN_POINT('',(-0.00607791898630454,1.14,0.0911414466184725));
#12447=CARTESIAN_POINT('',(-0.00202605506855267,1.14,0.253190511797602));
#12448=CARTESIAN_POINT('',(-0.0030389594931531,1.14,0.253190511797602));
#12449=CARTESIAN_POINT('',(0.0474066847280201,1.14,0.225232650765115));
#12450=CARTESIAN_POINT('Ctrl Pts',(0.0474066847280201,1.14,0.225232650765115));
#12451=CARTESIAN_POINT('Ctrl Pts',(0.0366017142806818,1.14,0.229824763205233));
#12452=CARTESIAN_POINT('Ctrl Pts',(0.0272148962045566,1.14,0.234551937775944));
#12453=CARTESIAN_POINT('Ctrl Pts',(0.0192462304996446,1.14,0.239414174477246));
#12454=CARTESIAN_POINT('Ctrl Pts',(0.0112775647947326,1.14,0.244276411178548));
#12455=CARTESIAN_POINT('Ctrl Pts',(0.00418680293866687,1.14,0.248868523618667));
#12456=CARTESIAN_POINT('Ctrl Pts',(-0.00202605506855267,1.14,0.253190511797602));
#12457=CARTESIAN_POINT('Ctrl Pts',(0.119124676072228,1.14,0.209430381485882));
#12458=CARTESIAN_POINT('Ctrl Pts',(0.106969084318973,1.14,0.209430381485882));
#12459=CARTESIAN_POINT('Ctrl Pts',(0.0948810236310129,1.14,0.210916064922391));
#12460=CARTESIAN_POINT('Ctrl Pts',(0.082860494008349,1.14,0.213887431795409));
#12461=CARTESIAN_POINT('Ctrl Pts',(0.0708399643856851,1.14,0.216858798668427));
#12462=CARTESIAN_POINT('Ctrl Pts',(0.0590220279589088,1.14,0.220640538324996));
#12463=CARTESIAN_POINT('Ctrl Pts',(0.0474066847280201,1.14,0.225232650765115));
#12464=CARTESIAN_POINT('Ctrl Pts',(0.116693557721577,11.8631928014015,0.672558427284921));
#12465=CARTESIAN_POINT('Ctrl Pts',(0.116693557721577,-9.56319280140146,
0.672558427284921));
#12466=CARTESIAN_POINT('Ctrl Pts',(0.0790112232864847,11.8631928014015,
0.672558427284921));
#12467=CARTESIAN_POINT('Ctrl Pts',(0.0790112232864847,-9.56319280140146,
0.672558427284921));
#12468=CARTESIAN_POINT('Ctrl Pts',(0.0052672999834007,11.8631928014015,
0.654325039655037));
#12469=CARTESIAN_POINT('Ctrl Pts',(0.0052672999834007,-9.56319280140146,
0.654325039655037));
#12470=CARTESIAN_POINT('Ctrl Pts',(-0.0198542563066609,11.8631928014015,
0.641764261510007));
#12471=CARTESIAN_POINT('Ctrl Pts',(-0.0198542563066609,-9.56319280140146,
0.641764261510007));
#12472=CARTESIAN_POINT('',(0.116693557721577,1.15,0.672558427284921));
#12473=CARTESIAN_POINT('',(-0.0198542563066609,1.15,0.641764261510007));
#12474=CARTESIAN_POINT('Ctrl Pts',(0.116693557721577,1.15,0.672558427284921));
#12475=CARTESIAN_POINT('Ctrl Pts',(0.0790112232864847,1.15,0.672558427284921));
#12476=CARTESIAN_POINT('Ctrl Pts',(0.0052672999834007,1.15,0.654325039655037));
#12477=CARTESIAN_POINT('Ctrl Pts',(-0.0198542563066609,1.15,0.641764261510007));
#12478=CARTESIAN_POINT('',(0.116693557721577,11.8631928014015,0.672558427284921));
#12479=CARTESIAN_POINT('',(-0.0198542563066609,11.8631928014015,0.641764261510007));
#12480=CARTESIAN_POINT('Origin',(-0.0198542563066609,11.8631928014015,0.570856642949349));
#12481=CARTESIAN_POINT('',(-0.0198542563066609,1.15,0.570856642949349));
#12482=CARTESIAN_POINT('',(-0.0198542563066609,1.15,0.285428321474675));
#12483=CARTESIAN_POINT('',(-0.0198542563066609,11.8631928014015,0.570856642949349));
#12484=CARTESIAN_POINT('Origin',(-0.0149920196053586,11.8631928014015,0.570856642949349));
#12485=CARTESIAN_POINT('',(-0.0149920196053586,1.15,0.570856642949349));
#12486=CARTESIAN_POINT('',(-0.00749600980268016,1.15,0.570856642949349));
#12487=CARTESIAN_POINT('',(-0.0149920196053586,11.8631928014015,0.570856642949349));
#12488=CARTESIAN_POINT('Ctrl Pts',(-0.0149920196053586,11.8631928014015,
0.570856642949349));
#12489=CARTESIAN_POINT('Ctrl Pts',(-0.0149920196053586,-9.56319280140146,
0.570856642949349));
#12490=CARTESIAN_POINT('Ctrl Pts',(0.00607767276695106,11.8631928014015,
0.586253725836806));
#12491=CARTESIAN_POINT('Ctrl Pts',(0.00607767276695106,-9.56319280140146,
0.586253725836806));
#12492=CARTESIAN_POINT('Ctrl Pts',(0.077390477719384,11.8631928014015,0.614616773261069));
#12493=CARTESIAN_POINT('Ctrl Pts',(0.077390477719384,-9.56319280140146,
0.614616773261069));
#12494=CARTESIAN_POINT('Ctrl Pts',(0.112641693803825,11.8631928014015,0.614616773261069));
#12495=CARTESIAN_POINT('Ctrl Pts',(0.112641693803825,-9.56319280140146,
0.614616773261069));
#12496=CARTESIAN_POINT('',(0.112641693803825,1.15,0.614616773261069));
#12497=CARTESIAN_POINT('Ctrl Pts',(-0.0149920196053586,1.15,0.570856642949349));
#12498=CARTESIAN_POINT('Ctrl Pts',(0.00607767276695106,1.15,0.586253725836806));
#12499=CARTESIAN_POINT('Ctrl Pts',(0.077390477719384,1.15,0.614616773261069));
#12500=CARTESIAN_POINT('Ctrl Pts',(0.112641693803825,1.15,0.614616773261069));
#12501=CARTESIAN_POINT('',(0.112641693803825,11.8631928014015,0.614616773261069));
#12502=CARTESIAN_POINT('Ctrl Pts',(0.112641693803825,11.8631928014015,0.614616773261069));
#12503=CARTESIAN_POINT('Ctrl Pts',(0.112641693803825,-9.56319280140146,
0.614616773261069));
#12504=CARTESIAN_POINT('Ctrl Pts',(0.13330619978436,11.8631928014015,0.614616773261069));
#12505=CARTESIAN_POINT('Ctrl Pts',(0.13330619978436,-9.56319280140146,0.614616773261069));
#12506=CARTESIAN_POINT('Ctrl Pts',(0.174635211745429,11.8631928014015,0.601650808724263));
#12507=CARTESIAN_POINT('Ctrl Pts',(0.174635211745429,-9.56319280140146,
0.601650808724263));
#12508=CARTESIAN_POINT('Ctrl Pts',(0.188411549065785,11.8631928014015,0.586658912228581));
#12509=CARTESIAN_POINT('Ctrl Pts',(0.188411549065785,-9.56319280140146,
0.586658912228581));
#12510=CARTESIAN_POINT('',(0.188411549065785,1.15,0.586658912228581));
#12511=CARTESIAN_POINT('Ctrl Pts',(0.112641693803825,1.15,0.614616773261069));
#12512=CARTESIAN_POINT('Ctrl Pts',(0.13330619978436,1.15,0.614616773261069));
#12513=CARTESIAN_POINT('Ctrl Pts',(0.174635211745429,1.15,0.601650808724263));
#12514=CARTESIAN_POINT('Ctrl Pts',(0.188411549065785,1.15,0.586658912228581));
#12515=CARTESIAN_POINT('',(0.188411549065785,11.8631928014015,0.586658912228581));
#12516=CARTESIAN_POINT('Ctrl Pts',(0.188411549065785,11.8631928014015,0.586658912228581));
#12517=CARTESIAN_POINT('Ctrl Pts',(0.188411549065785,-9.56319280140146,
0.586658912228581));
#12518=CARTESIAN_POINT('Ctrl Pts',(0.201782699994366,11.8631928014015,0.571667015732899));
#12519=CARTESIAN_POINT('Ctrl Pts',(0.201782699994366,-9.56319280140146,
0.571667015732899));
#12520=CARTESIAN_POINT('Ctrl Pts',(0.215964223706498,11.8631928014015,0.536010613256683));
#12521=CARTESIAN_POINT('Ctrl Pts',(0.215964223706498,-9.56319280140146,
0.536010613256683));
#12522=CARTESIAN_POINT('Ctrl Pts',(0.215964223706498,11.8631928014015,0.508863125007745));
#12523=CARTESIAN_POINT('Ctrl Pts',(0.215964223706498,-9.56319280140146,
0.508863125007745));
#12524=CARTESIAN_POINT('',(0.215964223706498,1.15,0.508863125007745));
#12525=CARTESIAN_POINT('Ctrl Pts',(0.188411549065785,1.15,0.586658912228581));
#12526=CARTESIAN_POINT('Ctrl Pts',(0.201782699994366,1.15,0.571667015732899));
#12527=CARTESIAN_POINT('Ctrl Pts',(0.215964223706498,1.15,0.536010613256683));
#12528=CARTESIAN_POINT('Ctrl Pts',(0.215964223706498,1.15,0.508863125007745));
#12529=CARTESIAN_POINT('',(0.215964223706498,11.8631928014015,0.508863125007745));
#12530=CARTESIAN_POINT('Ctrl Pts',(0.215964223706498,11.8631928014015,0.508863125007745));
#12531=CARTESIAN_POINT('Ctrl Pts',(0.215964223706498,-9.56319280140146,
0.508863125007745));
#12532=CARTESIAN_POINT('Ctrl Pts',(0.215964223706498,11.8631928014015,0.481715636758808));
#12533=CARTESIAN_POINT('Ctrl Pts',(0.215964223706498,-9.56319280140146,
0.481715636758808));
#12534=CARTESIAN_POINT('Ctrl Pts',(0.200161954427266,11.8631928014015,0.446464420674367));
#12535=CARTESIAN_POINT('Ctrl Pts',(0.200161954427266,-9.56319280140146,
0.446464420674367));
#12536=CARTESIAN_POINT('Ctrl Pts',(0.185980430715134,11.8631928014015,0.436334760879987));
#12537=CARTESIAN_POINT('Ctrl Pts',(0.185980430715134,-9.56319280140146,
0.436334760879987));
#12538=CARTESIAN_POINT('',(0.185980430715134,1.15,0.436334760879987));
#12539=CARTESIAN_POINT('Ctrl Pts',(0.215964223706498,1.15,0.508863125007745));
#12540=CARTESIAN_POINT('Ctrl Pts',(0.215964223706498,1.15,0.481715636758808));
#12541=CARTESIAN_POINT('Ctrl Pts',(0.200161954427266,1.15,0.446464420674367));
#12542=CARTESIAN_POINT('Ctrl Pts',(0.185980430715134,1.15,0.436334760879987));
#12543=CARTESIAN_POINT('',(0.185980430715134,11.8631928014015,0.436334760879987));
#12544=CARTESIAN_POINT('Ctrl Pts',(0.185980430715134,11.8631928014015,0.436334760879987));
#12545=CARTESIAN_POINT('Ctrl Pts',(0.185980430715134,-9.56319280140146,
0.436334760879987));
#12546=CARTESIAN_POINT('Ctrl Pts',(0.171798907003003,11.8631928014015,0.426205101085607));
#12547=CARTESIAN_POINT('Ctrl Pts',(0.171798907003003,-9.56319280140146,
0.426205101085607));
#12548=CARTESIAN_POINT('Ctrl Pts',(0.13330619978436,11.8631928014015,0.418506559641879));
#12549=CARTESIAN_POINT('Ctrl Pts',(0.13330619978436,-9.56319280140146,0.418506559641879));
#12550=CARTESIAN_POINT('Ctrl Pts',(0.110615761844949,11.8631928014015,0.418506559641879));
#12551=CARTESIAN_POINT('Ctrl Pts',(0.110615761844949,-9.56319280140146,
0.418506559641879));
#12552=CARTESIAN_POINT('',(0.110615761844949,1.15,0.418506559641879));
#12553=CARTESIAN_POINT('Ctrl Pts',(0.185980430715134,1.15,0.436334760879987));
#12554=CARTESIAN_POINT('Ctrl Pts',(0.171798907003003,1.15,0.426205101085607));
#12555=CARTESIAN_POINT('Ctrl Pts',(0.13330619978436,1.15,0.418506559641879));
#12556=CARTESIAN_POINT('Ctrl Pts',(0.110615761844949,1.15,0.418506559641879));
#12557=CARTESIAN_POINT('',(0.110615761844949,11.8631928014015,0.418506559641879));
#12558=CARTESIAN_POINT('Origin',(0.0822527144206862,11.8631928014015,0.418506559641879));
#12559=CARTESIAN_POINT('',(0.0822527144206862,1.15,0.418506559641879));
#12560=CARTESIAN_POINT('',(0.0411263572103423,1.15,0.418506559641879));
#12561=CARTESIAN_POINT('',(0.0822527144206862,11.8631928014015,0.418506559641879));
#12562=CARTESIAN_POINT('Origin',(0.0822527144206862,11.8631928014015,0.362996023968678));
#12563=CARTESIAN_POINT('',(0.0822527144206862,1.15,0.362996023968678));
#12564=CARTESIAN_POINT('',(0.0822527144206862,1.15,0.181498011984339));
#12565=CARTESIAN_POINT('',(0.0822527144206862,11.8631928014015,0.362996023968678));
#12566=CARTESIAN_POINT('Origin',(0.104537965968321,11.8631928014015,0.362996023968678));
#12567=CARTESIAN_POINT('',(0.104537965968321,1.15,0.362996023968678));
#12568=CARTESIAN_POINT('',(0.0522689829841599,1.15,0.362996023968678));
#12569=CARTESIAN_POINT('',(0.104537965968321,11.8631928014015,0.362996023968678));
#12570=CARTESIAN_POINT('Ctrl Pts',(0.104537965968321,11.8631928014015,0.362996023968678));
#12571=CARTESIAN_POINT('Ctrl Pts',(0.104537965968321,-9.56319280140146,
0.362996023968678));
#12572=CARTESIAN_POINT('Ctrl Pts',(0.149513655455367,11.8631928014015,0.362996023968678));
#12573=CARTESIAN_POINT('Ctrl Pts',(0.149513655455367,-9.56319280140146,
0.362996023968678));
#12574=CARTESIAN_POINT('Ctrl Pts',(0.206239750303893,11.8631928014015,0.320046266440508));
#12575=CARTESIAN_POINT('Ctrl Pts',(0.206239750303893,-9.56319280140146,
0.320046266440508));
#12576=CARTESIAN_POINT('Ctrl Pts',(0.206239750303893,11.8631928014015,0.279122440871214));
#12577=CARTESIAN_POINT('Ctrl Pts',(0.206239750303893,-9.56319280140146,
0.279122440871214));
#12578=CARTESIAN_POINT('',(0.206239750303893,1.15,0.279122440871214));
#12579=CARTESIAN_POINT('Ctrl Pts',(0.104537965968321,1.15,0.362996023968678));
#12580=CARTESIAN_POINT('Ctrl Pts',(0.149513655455367,1.15,0.362996023968678));
#12581=CARTESIAN_POINT('Ctrl Pts',(0.206239750303893,1.15,0.320046266440508));
#12582=CARTESIAN_POINT('Ctrl Pts',(0.206239750303893,1.15,0.279122440871214));
#12583=CARTESIAN_POINT('',(0.206239750303893,11.8631928014015,0.279122440871214));
#12584=CARTESIAN_POINT('Ctrl Pts',(0.206239750303893,11.8631928014015,0.279122440871214));
#12585=CARTESIAN_POINT('Ctrl Pts',(0.206239750303893,-9.56319280140146,
0.279122440871214));
#12586=CARTESIAN_POINT('Ctrl Pts',(0.206239750303893,11.8631928014015,0.260078680457781));
#12587=CARTESIAN_POINT('Ctrl Pts',(0.206239750303893,-9.56319280140146,
0.260078680457781));
#12588=CARTESIAN_POINT('Ctrl Pts',(0.191653040199987,11.8631928014015,0.232931192208843));
#12589=CARTESIAN_POINT('Ctrl Pts',(0.191653040199987,-9.56319280140146,
0.232931192208843));
#12590=CARTESIAN_POINT('Ctrl Pts',(0.179902634838506,11.8631928014015,0.224827464373339));
#12591=CARTESIAN_POINT('Ctrl Pts',(0.179902634838506,-9.56319280140146,
0.224827464373339));
#12592=CARTESIAN_POINT('',(0.179902634838506,1.15,0.224827464373339));
#12593=CARTESIAN_POINT('Ctrl Pts',(0.206239750303893,1.15,0.279122440871214));
#12594=CARTESIAN_POINT('Ctrl Pts',(0.206239750303893,1.15,0.260078680457781));
#12595=CARTESIAN_POINT('Ctrl Pts',(0.191653040199987,1.15,0.232931192208843));
#12596=CARTESIAN_POINT('Ctrl Pts',(0.179902634838506,1.15,0.224827464373339));
#12597=CARTESIAN_POINT('',(0.179902634838506,11.8631928014015,0.224827464373339));
#12598=CARTESIAN_POINT('Ctrl Pts',(0.179902634838506,11.8631928014015,0.224827464373339));
#12599=CARTESIAN_POINT('Ctrl Pts',(0.179902634838506,-9.56319280140146,
0.224827464373339));
#12600=CARTESIAN_POINT('Ctrl Pts',(0.167341856693475,11.8631928014015,0.21631855014606));
#12601=CARTESIAN_POINT('Ctrl Pts',(0.167341856693475,-9.56319280140146,
0.21631855014606));
#12602=CARTESIAN_POINT('Ctrl Pts',(0.136547690918561,11.8631928014015,0.209430381485882));
#12603=CARTESIAN_POINT('Ctrl Pts',(0.136547690918561,-9.56319280140146,
0.209430381485882));
#12604=CARTESIAN_POINT('Ctrl Pts',(0.119124676072228,11.8631928014015,0.209430381485882));
#12605=CARTESIAN_POINT('Ctrl Pts',(0.119124676072228,-9.56319280140146,
0.209430381485882));
#12606=CARTESIAN_POINT('',(0.119124676072228,1.15,0.209430381485882));
#12607=CARTESIAN_POINT('Ctrl Pts',(0.179902634838506,1.15,0.224827464373339));
#12608=CARTESIAN_POINT('Ctrl Pts',(0.167341856693475,1.15,0.21631855014606));
#12609=CARTESIAN_POINT('Ctrl Pts',(0.136547690918561,1.15,0.209430381485882));
#12610=CARTESIAN_POINT('Ctrl Pts',(0.119124676072228,1.15,0.209430381485882));
#12611=CARTESIAN_POINT('',(0.119124676072228,11.8631928014015,0.209430381485882));
#12612=CARTESIAN_POINT('Ctrl Pts',(0.239870220821234,11.8631928014015,0.62636717862255));
#12613=CARTESIAN_POINT('Ctrl Pts',(0.239870220821234,-9.56319280140146,
0.62636717862255));
#12614=CARTESIAN_POINT('Ctrl Pts',(0.217990155665374,11.8631928014015,0.64905761656196));
#12615=CARTESIAN_POINT('Ctrl Pts',(0.217990155665374,-9.56319280140146,
0.64905761656196));
#12616=CARTESIAN_POINT('Ctrl Pts',(0.15599663772377,11.8631928014015,0.672558427284921));
#12617=CARTESIAN_POINT('Ctrl Pts',(0.15599663772377,-9.56319280140146,0.672558427284921));
#12618=CARTESIAN_POINT('Ctrl Pts',(0.116693557721577,11.8631928014015,0.672558427284921));
#12619=CARTESIAN_POINT('Ctrl Pts',(0.116693557721577,-9.56319280140146,
0.672558427284921));
#12620=CARTESIAN_POINT('',(0.239870220821234,1.15,0.62636717862255));
#12621=CARTESIAN_POINT('Origin',(-0.168554561268287,1.15,0.172959541897781));
#12622=CARTESIAN_POINT('',(0.239870220821234,11.8631928014015,0.62636717862255));
#12623=CARTESIAN_POINT('Ctrl Pts',(0.284035537524729,11.8631928014015,0.513725361709048));
#12624=CARTESIAN_POINT('Ctrl Pts',(0.284035537524729,-9.56319280140146,
0.513725361709048));
#12625=CARTESIAN_POINT('Ctrl Pts',(0.284035537524729,11.8631928014015,0.547355832226388));
#12626=CARTESIAN_POINT('Ctrl Pts',(0.284035537524729,-9.56319280140146,
0.547355832226388));
#12627=CARTESIAN_POINT('Ctrl Pts',(0.260939913193544,11.8631928014015,0.604487113466689));
#12628=CARTESIAN_POINT('Ctrl Pts',(0.260939913193544,-9.56319280140146,
0.604487113466689));
#12629=CARTESIAN_POINT('Ctrl Pts',(0.239870220821234,11.8631928014015,0.62636717862255));
#12630=CARTESIAN_POINT('Ctrl Pts',(0.239870220821234,-9.56319280140146,
0.62636717862255));
#12631=CARTESIAN_POINT('',(0.284035537524729,1.15,0.513725361709048));
#12632=CARTESIAN_POINT('Ctrl Pts',(0.284035537524729,1.15,0.513725361709048));
#12633=CARTESIAN_POINT('Ctrl Pts',(0.284035537524729,1.15,0.547355832226388));
#12634=CARTESIAN_POINT('Ctrl Pts',(0.260939913193544,1.15,0.604487113466689));
#12635=CARTESIAN_POINT('Ctrl Pts',(0.239870220821234,1.15,0.62636717862255));
#12636=CARTESIAN_POINT('',(0.284035537524729,11.8631928014015,0.513725361709048));
#12637=CARTESIAN_POINT('Ctrl Pts',(0.249189507832063,11.8631928014015,0.421342864384305));
#12638=CARTESIAN_POINT('Ctrl Pts',(0.249189507832063,-9.56319280140146,
0.421342864384305));
#12639=CARTESIAN_POINT('Ctrl Pts',(0.26458659071952,11.8631928014015,0.435524388096437));
#12640=CARTESIAN_POINT('Ctrl Pts',(0.26458659071952,-9.56319280140146,0.435524388096437));
#12641=CARTESIAN_POINT('Ctrl Pts',(0.284035537524729,11.8631928014015,0.480905263975257));
#12642=CARTESIAN_POINT('Ctrl Pts',(0.284035537524729,-9.56319280140146,
0.480905263975257));
#12643=CARTESIAN_POINT('Ctrl Pts',(0.284035537524729,11.8631928014015,0.513725361709048));
#12644=CARTESIAN_POINT('Ctrl Pts',(0.284035537524729,-9.56319280140146,
0.513725361709048));
#12645=CARTESIAN_POINT('',(0.249189507832063,1.15,0.421342864384305));
#12646=CARTESIAN_POINT('Ctrl Pts',(0.249189507832063,1.15,0.421342864384305));
#12647=CARTESIAN_POINT('Ctrl Pts',(0.26458659071952,1.15,0.435524388096437));
#12648=CARTESIAN_POINT('Ctrl Pts',(0.284035537524729,1.15,0.480905263975257));
#12649=CARTESIAN_POINT('Ctrl Pts',(0.284035537524729,1.15,0.513725361709048));
#12650=CARTESIAN_POINT('',(0.249189507832063,11.8631928014015,0.421342864384305));
#12651=CARTESIAN_POINT('Ctrl Pts',(0.181928566797382,11.8631928014015,0.38892795304229));
#12652=CARTESIAN_POINT('Ctrl Pts',(0.181928566797382,-9.56319280140146,
0.38892795304229));
#12653=CARTESIAN_POINT('Ctrl Pts',(0.197730836076614,11.8631928014015,0.392169444176492));
#12654=CARTESIAN_POINT('Ctrl Pts',(0.197730836076614,-9.56319280140146,
0.392169444176492));
#12655=CARTESIAN_POINT('Ctrl Pts',(0.233792424944606,11.8631928014015,0.406756154280398));
#12656=CARTESIAN_POINT('Ctrl Pts',(0.233792424944606,-9.56319280140146,
0.406756154280398));
#12657=CARTESIAN_POINT('Ctrl Pts',(0.249189507832063,11.8631928014015,0.421342864384305));
#12658=CARTESIAN_POINT('Ctrl Pts',(0.249189507832063,-9.56319280140146,
0.421342864384305));
#12659=CARTESIAN_POINT('',(0.181928566797382,1.15,0.38892795304229));
#12660=CARTESIAN_POINT('Ctrl Pts',(0.181928566797382,1.15,0.38892795304229));
#12661=CARTESIAN_POINT('Ctrl Pts',(0.197730836076614,1.15,0.392169444176492));
#12662=CARTESIAN_POINT('Ctrl Pts',(0.233792424944606,1.15,0.406756154280398));
#12663=CARTESIAN_POINT('Ctrl Pts',(0.249189507832063,1.15,0.421342864384305));
#12664=CARTESIAN_POINT('',(0.181928566797382,11.8631928014015,0.38892795304229));
#12665=CARTESIAN_POINT('Origin',(0.181928566797382,11.8631928014015,0.38892795304229));
#12666=CARTESIAN_POINT('',(0.181928566797382,1.15,0.384065716340988));
#12667=CARTESIAN_POINT('',(0.181928566797382,1.15,0.194463976521145));
#12668=CARTESIAN_POINT('',(0.181928566797382,11.8631928014015,0.384065716340988));
#12669=CARTESIAN_POINT('Ctrl Pts',(0.274311064122125,11.8631928014015,0.272234272211036));
#12670=CARTESIAN_POINT('Ctrl Pts',(0.274311064122125,-9.56319280140146,
0.272234272211036));
#12671=CARTESIAN_POINT('Ctrl Pts',(0.274311064122125,11.8631928014015,0.313563284172105));
#12672=CARTESIAN_POINT('Ctrl Pts',(0.274311064122125,-9.56319280140146,
0.313563284172105));
#12673=CARTESIAN_POINT('Ctrl Pts',(0.22001608762425,11.8631928014015,0.375961988505484));
#12674=CARTESIAN_POINT('Ctrl Pts',(0.22001608762425,-9.56319280140146,0.375961988505484));
#12675=CARTESIAN_POINT('Ctrl Pts',(0.181928566797382,11.8631928014015,0.384065716340988));
#12676=CARTESIAN_POINT('Ctrl Pts',(0.181928566797382,-9.56319280140146,
0.384065716340988));
#12677=CARTESIAN_POINT('',(0.274311064122125,1.15,0.272234272211036));
#12678=CARTESIAN_POINT('Ctrl Pts',(0.274311064122125,1.15,0.272234272211036));
#12679=CARTESIAN_POINT('Ctrl Pts',(0.274311064122125,1.15,0.313563284172105));
#12680=CARTESIAN_POINT('Ctrl Pts',(0.22001608762425,1.15,0.375961988505484));
#12681=CARTESIAN_POINT('Ctrl Pts',(0.181928566797382,1.15,0.384065716340988));
#12682=CARTESIAN_POINT('',(0.274311064122125,11.8631928014015,0.272234272211036));
#12683=CARTESIAN_POINT('Ctrl Pts',(0.229740561026854,11.8631928014015,0.179851774886294));
#12684=CARTESIAN_POINT('Ctrl Pts',(0.229740561026854,-9.56319280140146,
0.179851774886294));
#12685=CARTESIAN_POINT('Ctrl Pts',(0.251620626182714,11.8631928014015,0.195654044165526));
#12686=CARTESIAN_POINT('Ctrl Pts',(0.251620626182714,-9.56319280140146,
0.195654044165526));
#12687=CARTESIAN_POINT('Ctrl Pts',(0.274311064122125,11.8631928014015,0.241440106436122));
#12688=CARTESIAN_POINT('Ctrl Pts',(0.274311064122125,-9.56319280140146,
0.241440106436122));
#12689=CARTESIAN_POINT('Ctrl Pts',(0.274311064122125,11.8631928014015,0.272234272211036));
#12690=CARTESIAN_POINT('Ctrl Pts',(0.274311064122125,-9.56319280140146,
0.272234272211036));
#12691=CARTESIAN_POINT('',(0.229740561026854,1.15,0.179851774886294));
#12692=CARTESIAN_POINT('Ctrl Pts',(0.229740561026854,1.15,0.179851774886294));
#12693=CARTESIAN_POINT('Ctrl Pts',(0.251620626182714,1.15,0.195654044165526));
#12694=CARTESIAN_POINT('Ctrl Pts',(0.274311064122125,1.15,0.241440106436122));
#12695=CARTESIAN_POINT('Ctrl Pts',(0.274311064122125,1.15,0.272234272211036));
#12696=CARTESIAN_POINT('',(0.229740561026854,11.8631928014015,0.179851774886294));
#12697=CARTESIAN_POINT('Ctrl Pts',(0.124392099165306,11.8631928014015,0.151488727462031));
#12698=CARTESIAN_POINT('Ctrl Pts',(0.124392099165306,-9.56319280140146,
0.151488727462031));
#12699=CARTESIAN_POINT('Ctrl Pts',(0.158427756074421,11.8631928014015,0.151488727462031));
#12700=CARTESIAN_POINT('Ctrl Pts',(0.158427756074421,-9.56319280140146,
0.151488727462031));
#12701=CARTESIAN_POINT('Ctrl Pts',(0.20907605504632,11.8631928014015,0.165265064782387));
#12702=CARTESIAN_POINT('Ctrl Pts',(0.20907605504632,-9.56319280140146,0.165265064782387));
#12703=CARTESIAN_POINT('Ctrl Pts',(0.229740561026854,11.8631928014015,0.179851774886294));
#12704=CARTESIAN_POINT('Ctrl Pts',(0.229740561026854,-9.56319280140146,
0.179851774886294));
#12705=CARTESIAN_POINT('',(0.124392099165306,1.15,0.151488727462031));
#12706=CARTESIAN_POINT('Ctrl Pts',(0.124392099165306,1.15,0.151488727462031));
#12707=CARTESIAN_POINT('Ctrl Pts',(0.158427756074421,1.15,0.151488727462031));
#12708=CARTESIAN_POINT('Ctrl Pts',(0.20907605504632,1.15,0.165265064782387));
#12709=CARTESIAN_POINT('Ctrl Pts',(0.229740561026854,1.15,0.179851774886294));
#12710=CARTESIAN_POINT('',(0.124392099165306,11.8631928014015,0.151488727462031));
#12711=CARTESIAN_POINT('Ctrl Pts',(-0.00607791898630454,11.8631928014015,
0.182282893236945));
#12712=CARTESIAN_POINT('Ctrl Pts',(-0.00607791898630454,-9.56319280140146,
0.182282893236945));
#12713=CARTESIAN_POINT('Ctrl Pts',(0.0158021461695556,11.8631928014015,
0.170532487875464));
#12714=CARTESIAN_POINT('Ctrl Pts',(0.0158021461695556,-9.56319280140146,
0.170532487875464));
#12715=CARTESIAN_POINT('Ctrl Pts',(0.0907616286479651,11.8631928014015,
0.151488727462031));
#12716=CARTESIAN_POINT('Ctrl Pts',(0.0907616286479651,-9.56319280140146,
0.151488727462031));
#12717=CARTESIAN_POINT('Ctrl Pts',(0.124392099165306,11.8631928014015,0.151488727462031));
#12718=CARTESIAN_POINT('Ctrl Pts',(0.124392099165306,-9.56319280140146,
0.151488727462031));
#12719=CARTESIAN_POINT('',(-0.00607791898630454,1.15,0.182282893236945));
#12720=CARTESIAN_POINT('Ctrl Pts',(-0.00607791898630454,1.15,0.182282893236945));
#12721=CARTESIAN_POINT('Ctrl Pts',(0.0158021461695556,1.15,0.170532487875464));
#12722=CARTESIAN_POINT('Ctrl Pts',(0.0907616286479651,1.15,0.151488727462031));
#12723=CARTESIAN_POINT('Ctrl Pts',(0.124392099165306,1.15,0.151488727462031));
#12724=CARTESIAN_POINT('',(-0.00607791898630454,11.8631928014015,0.182282893236945));
#12725=CARTESIAN_POINT('Origin',(-0.00607791898630454,11.8631928014015,
0.182282893236945));
#12726=CARTESIAN_POINT('',(-0.00607791898630454,1.15,0.253190511797602));
#12727=CARTESIAN_POINT('',(-0.00607791898630454,1.15,0.0911414466184725));
#12728=CARTESIAN_POINT('',(-0.00607791898630454,11.8631928014015,0.253190511797602));
#12729=CARTESIAN_POINT('Origin',(-0.00607791898630454,11.8631928014015,
0.253190511797602));
#12730=CARTESIAN_POINT('',(-0.00202605506855267,1.15,0.253190511797602));
#12731=CARTESIAN_POINT('',(-0.0030389594931531,1.15,0.253190511797602));
#12732=CARTESIAN_POINT('',(-0.00202605506855267,11.8631928014015,0.253190511797602));
#12733=CARTESIAN_POINT('Ctrl Pts',(0.0474066847280201,11.8631928014015,
0.225232650765115));
#12734=CARTESIAN_POINT('Ctrl Pts',(0.0474066847280201,-9.56319280140146,
0.225232650765115));
#12735=CARTESIAN_POINT('Ctrl Pts',(0.0311992290570126,11.8631928014015,
0.232120819425293));
#12736=CARTESIAN_POINT('Ctrl Pts',(0.0311992290570126,-9.56319280140146,
0.232120819425293));
#12737=CARTESIAN_POINT('Ctrl Pts',(0.00729323194227663,11.8631928014015,
0.246707529529199));
#12738=CARTESIAN_POINT('Ctrl Pts',(0.00729323194227663,-9.56319280140146,
0.246707529529199));
#12739=CARTESIAN_POINT('Ctrl Pts',(-0.00202605506855267,11.8631928014015,
0.253190511797602));
#12740=CARTESIAN_POINT('Ctrl Pts',(-0.00202605506855267,-9.56319280140146,
0.253190511797602));
#12741=CARTESIAN_POINT('',(0.0474066847280201,1.15,0.225232650765115));
#12742=CARTESIAN_POINT('Ctrl Pts',(0.0474066847280201,1.15,0.225232650765115));
#12743=CARTESIAN_POINT('Ctrl Pts',(0.0311992290570126,1.15,0.232120819425293));
#12744=CARTESIAN_POINT('Ctrl Pts',(0.00729323194227663,1.15,0.246707529529199));
#12745=CARTESIAN_POINT('Ctrl Pts',(-0.00202605506855267,1.15,0.253190511797602));
#12746=CARTESIAN_POINT('',(0.0474066847280201,11.8631928014015,0.225232650765115));
#12747=CARTESIAN_POINT('Ctrl Pts',(0.119124676072228,11.8631928014015,0.209430381485882));
#12748=CARTESIAN_POINT('Ctrl Pts',(0.119124676072228,-9.56319280140146,
0.209430381485882));
#12749=CARTESIAN_POINT('Ctrl Pts',(0.100891288442345,11.8631928014015,0.209430381485882));
#12750=CARTESIAN_POINT('Ctrl Pts',(0.100891288442345,-9.56319280140146,
0.209430381485882));
#12751=CARTESIAN_POINT('Ctrl Pts',(0.0648296995743532,11.8631928014015,
0.218344482104936));
#12752=CARTESIAN_POINT('Ctrl Pts',(0.0648296995743532,-9.56319280140146,
0.218344482104936));
#12753=CARTESIAN_POINT('Ctrl Pts',(0.0474066847280201,11.8631928014015,
0.225232650765115));
#12754=CARTESIAN_POINT('Ctrl Pts',(0.0474066847280201,-9.56319280140146,
0.225232650765115));
#12755=CARTESIAN_POINT('Ctrl Pts',(0.119124676072228,1.15,0.209430381485882));
#12756=CARTESIAN_POINT('Ctrl Pts',(0.100891288442345,1.15,0.209430381485882));
#12757=CARTESIAN_POINT('Ctrl Pts',(0.0648296995743532,1.15,0.218344482104936));
#12758=CARTESIAN_POINT('Ctrl Pts',(0.0474066847280201,1.15,0.225232650765115));
#12759=CARTESIAN_POINT('Ctrl Pts',(1.422609298413,11.8631928014015,0.412428763765251));
#12760=CARTESIAN_POINT('Ctrl Pts',(1.422609298413,-9.56319280140146,0.412428763765251));
#12761=CARTESIAN_POINT('Ctrl Pts',(1.422609298413,11.8631928014015,0.480905263975257));
#12762=CARTESIAN_POINT('Ctrl Pts',(1.422609298413,-9.56319280140146,0.480905263975257));
#12763=CARTESIAN_POINT('Ctrl Pts',(1.3670987627398,11.8631928014015,0.591115962538108));
#12764=CARTESIAN_POINT('Ctrl Pts',(1.3670987627398,-9.56319280140146,0.591115962538108));
#12765=CARTESIAN_POINT('Ctrl Pts',(1.32050232768566,11.8631928014015,0.621910128313023));
#12766=CARTESIAN_POINT('Ctrl Pts',(1.32050232768566,-9.56319280140146,0.621910128313023));
#12767=CARTESIAN_POINT('',(1.422609298413,1.15,0.412428763765251));
#12768=CARTESIAN_POINT('',(1.32050232768566,1.15,0.621910128313023));
#12769=CARTESIAN_POINT('Ctrl Pts',(1.422609298413,1.15,0.412428763765251));
#12770=CARTESIAN_POINT('Ctrl Pts',(1.422609298413,1.15,0.480905263975257));
#12771=CARTESIAN_POINT('Ctrl Pts',(1.3670987627398,1.15,0.591115962538108));
#12772=CARTESIAN_POINT('Ctrl Pts',(1.32050232768566,1.15,0.621910128313023));
#12773=CARTESIAN_POINT('',(1.422609298413,1.14,0.412428763765251));
#12774=CARTESIAN_POINT('',(1.422609298413,11.8631928014015,0.412428763765251));
#12775=CARTESIAN_POINT('',(1.32050232768566,1.14,0.621910128313023));
#12776=CARTESIAN_POINT('Ctrl Pts',(1.422609298413,1.14,0.412428763765251));
#12777=CARTESIAN_POINT('Ctrl Pts',(1.422609298413,1.14,0.458079763905255));
#12778=CARTESIAN_POINT('Ctrl Pts',(1.41335754246747,1.14,0.499273713735733));
#12779=CARTESIAN_POINT('Ctrl Pts',(1.3948540305764,1.14,0.536010613256683));
#12780=CARTESIAN_POINT('Ctrl Pts',(1.37635051868534,1.14,0.572747512777633));
#12781=CARTESIAN_POINT('Ctrl Pts',(1.35156661772176,1.14,0.60138068446308));
#12782=CARTESIAN_POINT('Ctrl Pts',(1.32050232768566,1.14,0.621910128313023));
#12783=CARTESIAN_POINT('',(1.32050232768566,11.8631928014015,0.621910128313023));
#12784=CARTESIAN_POINT('Ctrl Pts',(1.32050232768566,11.8631928014015,0.621910128313023));
#12785=CARTESIAN_POINT('Ctrl Pts',(1.32050232768566,-9.56319280140146,0.621910128313023));
#12786=CARTESIAN_POINT('Ctrl Pts',(1.28241480685879,11.8631928014015,0.645816125427758));
#12787=CARTESIAN_POINT('Ctrl Pts',(1.28241480685879,-9.56319280140146,0.645816125427758));
#12788=CARTESIAN_POINT('Ctrl Pts',(1.20421383324618,11.8631928014015,0.662023581098766));
#12789=CARTESIAN_POINT('Ctrl Pts',(1.20421383324618,-9.56319280140146,0.662023581098766));
#12790=CARTESIAN_POINT('Ctrl Pts',(1.1434358744799,11.8631928014015,0.662023581098766));
#12791=CARTESIAN_POINT('Ctrl Pts',(1.1434358744799,-9.56319280140146,0.662023581098766));
#12792=CARTESIAN_POINT('',(1.1434358744799,1.15,0.662023581098766));
#12793=CARTESIAN_POINT('Ctrl Pts',(1.32050232768566,1.15,0.621910128313023));
#12794=CARTESIAN_POINT('Ctrl Pts',(1.28241480685879,1.15,0.645816125427758));
#12795=CARTESIAN_POINT('Ctrl Pts',(1.20421383324618,1.15,0.662023581098766));
#12796=CARTESIAN_POINT('Ctrl Pts',(1.1434358744799,1.15,0.662023581098766));
#12797=CARTESIAN_POINT('',(1.1434358744799,1.14,0.662023581098766));
#12798=CARTESIAN_POINT('Ctrl Pts',(1.32050232768566,1.14,0.621910128313023));
#12799=CARTESIAN_POINT('Ctrl Pts',(1.29511064713441,1.14,0.637847459722847));
#12800=CARTESIAN_POINT('Ctrl Pts',(1.26938131125669,1.14,0.648517368039593));
#12801=CARTESIAN_POINT('Ctrl Pts',(1.24331432005248,1.14,0.653919853263262));
#12802=CARTESIAN_POINT('Ctrl Pts',(1.21724732884828,1.14,0.659322338486931));
#12803=CARTESIAN_POINT('Ctrl Pts',(1.18395451365742,1.14,0.662023581098766));
#12804=CARTESIAN_POINT('Ctrl Pts',(1.1434358744799,1.14,0.662023581098766));
#12805=CARTESIAN_POINT('',(1.1434358744799,11.8631928014015,0.662023581098766));
#12806=CARTESIAN_POINT('Origin',(1.02836293921575,11.8631928014015,0.662023581098766));
#12807=CARTESIAN_POINT('',(1.02836293921575,1.15,0.662023581098766));
#12808=CARTESIAN_POINT('',(0.514181469607873,1.15,0.662023581098766));
#12809=CARTESIAN_POINT('',(1.02836293921575,1.14,0.662023581098766));
#12810=CARTESIAN_POINT('',(0.514181469607873,1.14,0.662023581098766));
#12811=CARTESIAN_POINT('',(1.02836293921575,11.8631928014015,0.662023581098766));
#12812=CARTESIAN_POINT('Origin',(1.09481350746688,11.8631928014015,0.604487113466689));
#12813=CARTESIAN_POINT('',(1.09481350746688,1.15,0.604487113466689));
#12814=CARTESIAN_POINT('',(1.14546180643878,1.15,0.604487113466689));
#12815=CARTESIAN_POINT('',(0.547406753733438,1.15,0.604487113466689));
#12816=CARTESIAN_POINT('',(1.09481350746688,1.14,0.604487113466689));
#12817=CARTESIAN_POINT('',(1.09481350746688,11.8631928014015,0.604487113466689));
#12818=CARTESIAN_POINT('',(1.14546180643878,1.14,0.604487113466689));
#12819=CARTESIAN_POINT('',(0.547406753733438,1.14,0.604487113466689));
#12820=CARTESIAN_POINT('',(1.14546180643878,11.8631928014015,0.604487113466689));
#12821=CARTESIAN_POINT('Origin',(1.09481350746688,11.8631928014015,0.219560041280262));
#12822=CARTESIAN_POINT('',(1.09481350746688,1.15,0.219560041280262));
#12823=CARTESIAN_POINT('',(1.09481350746688,1.15,0.109780020640131));
#12824=CARTESIAN_POINT('',(1.09481350746688,1.14,0.219560041280262));
#12825=CARTESIAN_POINT('',(1.09481350746688,11.8631928014015,0.219560041280262));
#12826=CARTESIAN_POINT('',(1.09481350746688,1.14,0.109780020640131));
#12827=CARTESIAN_POINT('Origin',(1.14546180643878,11.8631928014015,0.219560041280262));
#12828=CARTESIAN_POINT('',(1.14546180643878,1.15,0.219560041280262));
#12829=CARTESIAN_POINT('',(0.572730903219387,1.15,0.219560041280262));
#12830=CARTESIAN_POINT('',(1.14546180643878,1.14,0.219560041280262));
#12831=CARTESIAN_POINT('',(1.14546180643878,11.8631928014015,0.219560041280262));
#12832=CARTESIAN_POINT('',(0.572730903219387,1.14,0.219560041280262));
#12833=CARTESIAN_POINT('Ctrl Pts',(1.32131270046921,11.8631928014015,0.201731840042154));
#12834=CARTESIAN_POINT('Ctrl Pts',(1.32131270046921,-9.56319280140146,0.201731840042154));
#12835=CARTESIAN_POINT('Ctrl Pts',(1.36952988109045,11.8631928014015,0.233741564992393));
#12836=CARTESIAN_POINT('Ctrl Pts',(1.36952988109045,-9.56319280140146,0.233741564992393));
#12837=CARTESIAN_POINT('Ctrl Pts',(1.422609298413,11.8631928014015,0.339495213245717));
#12838=CARTESIAN_POINT('Ctrl Pts',(1.422609298413,-9.56319280140146,0.339495213245717));
#12839=CARTESIAN_POINT('Ctrl Pts',(1.422609298413,11.8631928014015,0.412428763765251));
#12840=CARTESIAN_POINT('Ctrl Pts',(1.422609298413,-9.56319280140146,0.412428763765251));
#12841=CARTESIAN_POINT('',(1.32131270046921,1.15,0.201731840042154));
#12842=CARTESIAN_POINT('Ctrl Pts',(1.32131270046921,1.15,0.201731840042154));
#12843=CARTESIAN_POINT('Ctrl Pts',(1.36952988109045,1.15,0.233741564992393));
#12844=CARTESIAN_POINT('Ctrl Pts',(1.422609298413,1.15,0.339495213245717));
#12845=CARTESIAN_POINT('Ctrl Pts',(1.422609298413,1.15,0.412428763765251));
#12846=CARTESIAN_POINT('',(1.32131270046921,1.14,0.201731840042154));
#12847=CARTESIAN_POINT('',(1.32131270046921,11.8631928014015,0.201731840042154));
#12848=CARTESIAN_POINT('Ctrl Pts',(1.32131270046921,1.14,0.201731840042154));
#12849=CARTESIAN_POINT('Ctrl Pts',(1.35345748755004,1.14,0.223071656675647));
#12850=CARTESIAN_POINT('Ctrl Pts',(1.37837645064421,1.14,0.251367173034614));
#12851=CARTESIAN_POINT('Ctrl Pts',(1.39606958975173,1.14,0.286618389119055));
#12852=CARTESIAN_POINT('Ctrl Pts',(1.41376272885925,1.14,0.321869605203497));
#12853=CARTESIAN_POINT('Ctrl Pts',(1.422609298413,1.14,0.363806396752228));
#12854=CARTESIAN_POINT('Ctrl Pts',(1.422609298413,1.14,0.412428763765251));
#12855=CARTESIAN_POINT('Ctrl Pts',(1.14222031530457,11.8631928014015,0.162023573648185));
#12856=CARTESIAN_POINT('Ctrl Pts',(1.14222031530457,-9.56319280140146,0.162023573648185));
#12857=CARTESIAN_POINT('Ctrl Pts',(1.21272274747346,11.8631928014015,0.162023573648185));
#12858=CARTESIAN_POINT('Ctrl Pts',(1.21272274747346,-9.56319280140146,0.162023573648185));
#12859=CARTESIAN_POINT('Ctrl Pts',(1.29294965304494,11.8631928014015,0.183093266020495));
#12860=CARTESIAN_POINT('Ctrl Pts',(1.29294965304494,-9.56319280140146,0.183093266020495));
#12861=CARTESIAN_POINT('Ctrl Pts',(1.32131270046921,11.8631928014015,0.201731840042154));
#12862=CARTESIAN_POINT('Ctrl Pts',(1.32131270046921,-9.56319280140146,0.201731840042154));
#12863=CARTESIAN_POINT('',(1.14222031530457,1.15,0.162023573648185));
#12864=CARTESIAN_POINT('Ctrl Pts',(1.14222031530457,1.15,0.162023573648185));
#12865=CARTESIAN_POINT('Ctrl Pts',(1.21272274747346,1.15,0.162023573648185));
#12866=CARTESIAN_POINT('Ctrl Pts',(1.29294965304494,1.15,0.183093266020495));
#12867=CARTESIAN_POINT('Ctrl Pts',(1.32131270046921,1.15,0.201731840042154));
#12868=CARTESIAN_POINT('',(1.14222031530457,1.14,0.162023573648185));
#12869=CARTESIAN_POINT('',(1.14222031530457,11.8631928014015,0.162023573648185));
#12870=CARTESIAN_POINT('Ctrl Pts',(1.14222031530457,1.14,0.162023573648185));
#12871=CARTESIAN_POINT('Ctrl Pts',(1.1892219367505,1.14,0.162023573648185));
#12872=CARTESIAN_POINT('Ctrl Pts',(1.22609389840204,1.14,0.16553518904357));
#12873=CARTESIAN_POINT('Ctrl Pts',(1.2528362002592,1.14,0.17255841983434));
#12874=CARTESIAN_POINT('Ctrl Pts',(1.27957850211636,1.14,0.17958165062511));
#12875=CARTESIAN_POINT('Ctrl Pts',(1.30240400218637,1.14,0.189306124027715));
#12876=CARTESIAN_POINT('Ctrl Pts',(1.32131270046921,1.14,0.201731840042154));
#12877=CARTESIAN_POINT('Origin',(1.14222031530457,11.8631928014015,0.162023573648185));
#12878=CARTESIAN_POINT('',(1.02836293921575,1.15,0.162023573648185));
#12879=CARTESIAN_POINT('',(0.571110157652287,1.15,0.162023573648185));
#12880=CARTESIAN_POINT('',(1.02836293921575,1.14,0.162023573648185));
#12881=CARTESIAN_POINT('',(1.02836293921575,11.8631928014015,0.162023573648185));
#12882=CARTESIAN_POINT('',(0.571110157652287,1.14,0.162023573648185));
#12883=CARTESIAN_POINT('Origin',(1.02836293921575,11.8631928014015,0.162023573648185));
#12884=CARTESIAN_POINT('',(1.02836293921575,1.15,0.0810117868240928));
#12885=CARTESIAN_POINT('',(1.02836293921575,1.14,0.0810117868240928));
#12886=CARTESIAN_POINT('Ctrl Pts',(1.14546180643878,11.8631928014015,0.219560041280262));
#12887=CARTESIAN_POINT('Ctrl Pts',(1.14546180643878,-9.56319280140146,0.219560041280262));
#12888=CARTESIAN_POINT('Ctrl Pts',(1.19043749592582,11.8631928014015,0.219560041280262));
#12889=CARTESIAN_POINT('Ctrl Pts',(1.19043749592582,-9.56319280140146,0.219560041280262));
#12890=CARTESIAN_POINT('Ctrl Pts',(1.25081026830033,11.8631928014015,0.233741564992393));
#12891=CARTESIAN_POINT('Ctrl Pts',(1.25081026830033,-9.56319280140146,0.233741564992393));
#12892=CARTESIAN_POINT('Ctrl Pts',(1.27755257015749,11.8631928014015,0.249543834271626));
#12893=CARTESIAN_POINT('Ctrl Pts',(1.27755257015749,-9.56319280140146,0.249543834271626));
#12894=CARTESIAN_POINT('',(1.27755257015749,1.15,0.249543834271626));
#12895=CARTESIAN_POINT('Ctrl Pts',(1.27755257015749,1.15,0.249543834271626));
#12896=CARTESIAN_POINT('Ctrl Pts',(1.25081026830033,1.15,0.233741564992393));
#12897=CARTESIAN_POINT('Ctrl Pts',(1.19043749592582,1.15,0.219560041280262));
#12898=CARTESIAN_POINT('Ctrl Pts',(1.14546180643878,1.15,0.219560041280262));
#12899=CARTESIAN_POINT('',(1.27755257015749,1.14,0.249543834271626));
#12900=CARTESIAN_POINT('',(1.27755257015749,11.8631928014015,0.249543834271626));
#12901=CARTESIAN_POINT('Ctrl Pts',(1.27755257015749,1.14,0.249543834271626));
#12902=CARTESIAN_POINT('Ctrl Pts',(1.25972436891938,1.14,0.239008988085471));
#12903=CARTESIAN_POINT('Ctrl Pts',(1.24074813957124,1.14,0.231377977707038));
#12904=CARTESIAN_POINT('Ctrl Pts',(1.22062388211307,1.14,0.226650803136328));
#12905=CARTESIAN_POINT('Ctrl Pts',(1.20049962465491,1.14,0.221923628565617));
#12906=CARTESIAN_POINT('Ctrl Pts',(1.17544559943014,1.14,0.219560041280262));
#12907=CARTESIAN_POINT('Ctrl Pts',(1.14546180643878,1.14,0.219560041280262));
#12908=CARTESIAN_POINT('Ctrl Pts',(1.27755257015749,11.8631928014015,0.249543834271626));
#12909=CARTESIAN_POINT('Ctrl Pts',(1.27755257015749,-9.56319280140146,0.249543834271626));
#12910=CARTESIAN_POINT('Ctrl Pts',(1.31523490459258,11.8631928014015,0.272639458602811));
#12911=CARTESIAN_POINT('Ctrl Pts',(1.31523490459258,-9.56319280140146,0.272639458602811));
#12912=CARTESIAN_POINT('Ctrl Pts',(1.35332242541945,11.8631928014015,0.354081923349624));
#12913=CARTESIAN_POINT('Ctrl Pts',(1.35332242541945,-9.56319280140146,0.354081923349624));
#12914=CARTESIAN_POINT('Ctrl Pts',(1.35332242541945,11.8631928014015,0.4116183909817));
#12915=CARTESIAN_POINT('Ctrl Pts',(1.35332242541945,-9.56319280140146,0.4116183909817));
#12916=CARTESIAN_POINT('',(1.35332242541945,1.15,0.4116183909817));
#12917=CARTESIAN_POINT('Origin',(-0.0581341211125164,1.15,1.58461893442584));
#12918=CARTESIAN_POINT('',(1.35332242541945,1.14,0.4116183909817));
#12919=CARTESIAN_POINT('',(1.35332242541945,11.8631928014015,0.4116183909817));
#12920=CARTESIAN_POINT('Origin',(-0.102867978924746,1.14,1.62590845843435));
#12921=CARTESIAN_POINT('Ctrl Pts',(1.35332242541945,11.8631928014015,0.4116183909817));
#12922=CARTESIAN_POINT('Ctrl Pts',(1.35332242541945,-9.56319280140146,0.4116183909817));
#12923=CARTESIAN_POINT('Ctrl Pts',(1.35332242541945,11.8631928014015,0.469965231397327));
#12924=CARTESIAN_POINT('Ctrl Pts',(1.35332242541945,-9.56319280140146,0.469965231397327));
#12925=CARTESIAN_POINT('Ctrl Pts',(1.31847639572678,11.8631928014015,0.547761018618163));
#12926=CARTESIAN_POINT('Ctrl Pts',(1.31847639572678,-9.56319280140146,0.547761018618163));
#12927=CARTESIAN_POINT('Ctrl Pts',(1.28363036603412,11.8631928014015,0.571261829341124));
#12928=CARTESIAN_POINT('Ctrl Pts',(1.28363036603412,-9.56319280140146,0.571261829341124));
#12929=CARTESIAN_POINT('',(1.28363036603412,1.15,0.571261829341124));
#12930=CARTESIAN_POINT('Ctrl Pts',(1.28363036603412,1.15,0.571261829341124));
#12931=CARTESIAN_POINT('Ctrl Pts',(1.31847639572678,1.15,0.547761018618163));
#12932=CARTESIAN_POINT('Ctrl Pts',(1.35332242541945,1.15,0.469965231397327));
#12933=CARTESIAN_POINT('Ctrl Pts',(1.35332242541945,1.15,0.4116183909817));
#12934=CARTESIAN_POINT('',(1.28363036603412,1.14,0.571261829341124));
#12935=CARTESIAN_POINT('',(1.28363036603412,11.8631928014015,0.571261829341124));
#12936=CARTESIAN_POINT('Ctrl Pts',(1.28363036603412,1.14,0.571261829341124));
#12937=CARTESIAN_POINT('Ctrl Pts',(1.30686105249589,1.14,0.555594622192484));
#12938=CARTESIAN_POINT('Ctrl Pts',(1.32428406734223,1.14,0.534795054081357));
#12939=CARTESIAN_POINT('Ctrl Pts',(1.33589941057311,1.14,0.508863125007745));
#12940=CARTESIAN_POINT('Ctrl Pts',(1.347514753804,1.14,0.482931195934133));
#12941=CARTESIAN_POINT('Ctrl Pts',(1.35332242541945,1.14,0.450516284592118));
#12942=CARTESIAN_POINT('Ctrl Pts',(1.35332242541945,1.14,0.4116183909817));
#12943=CARTESIAN_POINT('Ctrl Pts',(1.28363036603412,11.8631928014015,0.571261829341124));
#12944=CARTESIAN_POINT('Ctrl Pts',(1.28363036603412,-9.56319280140146,0.571261829341124));
#12945=CARTESIAN_POINT('Ctrl Pts',(1.25648287778518,11.8631928014015,0.590305589754558));
#12946=CARTESIAN_POINT('Ctrl Pts',(1.25648287778518,-9.56319280140146,0.590305589754558));
#12947=CARTESIAN_POINT('Ctrl Pts',(1.18962712314227,11.8631928014015,0.604487113466689));
#12948=CARTESIAN_POINT('Ctrl Pts',(1.18962712314227,-9.56319280140146,0.604487113466689));
#12949=CARTESIAN_POINT('Ctrl Pts',(1.14546180643878,11.8631928014015,0.604487113466689));
#12950=CARTESIAN_POINT('Ctrl Pts',(1.14546180643878,-9.56319280140146,0.604487113466689));
#12951=CARTESIAN_POINT('Ctrl Pts',(1.14546180643878,1.15,0.604487113466689));
#12952=CARTESIAN_POINT('Ctrl Pts',(1.18962712314227,1.15,0.604487113466689));
#12953=CARTESIAN_POINT('Ctrl Pts',(1.25648287778518,1.15,0.590305589754558));
#12954=CARTESIAN_POINT('Ctrl Pts',(1.28363036603412,1.15,0.571261829341124));
#12955=CARTESIAN_POINT('Ctrl Pts',(1.14546180643878,1.14,0.604487113466689));
#12956=CARTESIAN_POINT('Ctrl Pts',(1.17490535090777,1.14,0.604487113466689));
#12957=CARTESIAN_POINT('Ctrl Pts',(1.20076974891609,1.14,0.602123526181334));
#12958=CARTESIAN_POINT('Ctrl Pts',(1.22305500046372,1.14,0.597396351610624));
#12959=CARTESIAN_POINT('Ctrl Pts',(1.24534025201136,1.14,0.592669177039913));
#12960=CARTESIAN_POINT('Ctrl Pts',(1.26553204053482,1.14,0.583957669616747));
#12961=CARTESIAN_POINT('Ctrl Pts',(1.28363036603412,1.14,0.571261829341124));
#12962=CARTESIAN_POINT('Origin',(-1.66533453693773E-15,1.14,2.77555756156289E-16));
#12963=CARTESIAN_POINT('Origin',(-1.66533453693773E-15,1.14,2.77555756156289E-16));
#12964=CARTESIAN_POINT('',(0.868719500856324,1.14,0.384065716340988));
#12965=CARTESIAN_POINT('',(0.962317557356392,1.14,0.50845793861597));
#12966=CARTESIAN_POINT('Ctrl Pts',(0.868719500856324,1.14,0.384065716340988));
#12967=CARTESIAN_POINT('Ctrl Pts',(0.898433169586504,1.14,0.392169444176491));
#12968=CARTESIAN_POINT('Ctrl Pts',(0.921461262852394,1.14,0.406958747476286));
#12969=CARTESIAN_POINT('Ctrl Pts',(0.937803780653993,1.14,0.428433626240371));
#12970=CARTESIAN_POINT('Ctrl Pts',(0.954146298455593,1.14,0.449908505004456));
#12971=CARTESIAN_POINT('Ctrl Pts',(0.962317557356392,1.14,0.476583275796322));
#12972=CARTESIAN_POINT('Ctrl Pts',(0.962317557356392,1.14,0.50845793861597));
#12973=CARTESIAN_POINT('',(0.868719500856324,1.14,0.381634597990337));
#12974=CARTESIAN_POINT('',(0.868719500856324,1.14,0.192032858170494));
#12975=CARTESIAN_POINT('',(0.938816746633431,1.14,0.274665390561687));
#12976=CARTESIAN_POINT('Ctrl Pts',(0.938816746633431,1.14,0.274665390561687));
#12977=CARTESIAN_POINT('Ctrl Pts',(0.938816746633431,1.14,0.298166201284648));
#12978=CARTESIAN_POINT('Ctrl Pts',(0.932603888626212,1.14,0.319235893656958));
#12979=CARTESIAN_POINT('Ctrl Pts',(0.920178172611773,1.14,0.337874467678617));
#12980=CARTESIAN_POINT('Ctrl Pts',(0.907752456597334,1.14,0.356513041700275));
#12981=CARTESIAN_POINT('Ctrl Pts',(0.890599566012184,1.14,0.371099751804182));
#12982=CARTESIAN_POINT('Ctrl Pts',(0.868719500856324,1.14,0.381634597990337));
#12983=CARTESIAN_POINT('',(0.886952888486207,1.14,0.182282893236945));
#12984=CARTESIAN_POINT('Ctrl Pts',(0.886952888486207,1.14,0.182282893236945));
#12985=CARTESIAN_POINT('Ctrl Pts',(0.905051213985499,1.14,0.191737242378366));
#12986=CARTESIAN_POINT('Ctrl Pts',(0.918219771718193,1.14,0.204230489458101));
#12987=CARTESIAN_POINT('Ctrl Pts',(0.926458561684288,1.14,0.21976263447615));
#12988=CARTESIAN_POINT('Ctrl Pts',(0.934697351650384,1.14,0.235294779494198));
#12989=CARTESIAN_POINT('Ctrl Pts',(0.938816746633431,1.14,0.253595698189378));
#12990=CARTESIAN_POINT('Ctrl Pts',(0.938816746633431,1.14,0.274665390561687));
#12991=CARTESIAN_POINT('',(0.755672497551047,1.14,0.162023573648185));
#12992=CARTESIAN_POINT('Ctrl Pts',(0.755672497551047,1.14,0.162023573648185));
#12993=CARTESIAN_POINT('Ctrl Pts',(0.791328900027263,1.14,0.162023573648185));
#12994=CARTESIAN_POINT('Ctrl Pts',(0.818071201884426,1.14,0.163171601758215));
#12995=CARTESIAN_POINT('Ctrl Pts',(0.835899403122534,1.14,0.165467657978274));
#12996=CARTESIAN_POINT('Ctrl Pts',(0.853727604360642,1.14,0.167763714198334));
#12997=CARTESIAN_POINT('Ctrl Pts',(0.8707454328152,1.14,0.173368792617891));
#12998=CARTESIAN_POINT('Ctrl Pts',(0.886952888486207,1.14,0.182282893236945));
#12999=CARTESIAN_POINT('',(0.623176547440561,1.14,0.162023573648185));
#13000=CARTESIAN_POINT('',(0.377836248775523,1.14,0.162023573648185));
#13001=CARTESIAN_POINT('',(0.623176547440561,1.14,0.662023581098766));
#13002=CARTESIAN_POINT('',(0.623176547440561,1.14,0.0810117868240928));
#13003=CARTESIAN_POINT('',(0.766612530128977,1.14,0.662023581098766));
#13004=CARTESIAN_POINT('',(0.31158827372028,1.14,0.662023581098766));
#13005=CARTESIAN_POINT('',(0.910453699209168,1.14,0.621504941921247));
#13006=CARTESIAN_POINT('Ctrl Pts',(0.910453699209168,1.14,0.621504941921247));
#13007=CARTESIAN_POINT('Ctrl Pts',(0.891545000926326,1.14,0.636091652025154));
#13008=CARTESIAN_POINT('Ctrl Pts',(0.871353212402863,1.14,0.646491436080717));
#13009=CARTESIAN_POINT('Ctrl Pts',(0.849878333638778,1.14,0.652704294087937));
#13010=CARTESIAN_POINT('Ctrl Pts',(0.828403454874693,1.14,0.658917152095156));
#13011=CARTESIAN_POINT('Ctrl Pts',(0.800648187038093,1.14,0.662023581098766));
#13012=CARTESIAN_POINT('Ctrl Pts',(0.766612530128977,1.14,0.662023581098766));
#13013=CARTESIAN_POINT('Ctrl Pts',(0.962317557356392,1.14,0.50845793861597));
#13014=CARTESIAN_POINT('Ctrl Pts',(0.962317557356392,1.14,0.533309370644848));
#13015=CARTESIAN_POINT('Ctrl Pts',(0.957590382785681,1.14,0.555256966866004));
#13016=CARTESIAN_POINT('Ctrl Pts',(0.94813603364426,1.14,0.574300727279438));
#13017=CARTESIAN_POINT('Ctrl Pts',(0.938681684502839,1.14,0.593344487692872));
#13018=CARTESIAN_POINT('Ctrl Pts',(0.926120906357809,1.14,0.609079225906808));
#13019=CARTESIAN_POINT('Ctrl Pts',(0.910453699209168,1.14,0.621504941921247));
#13020=CARTESIAN_POINT('',(0.852512045185316,1.14,0.433498456137561));
#13021=CARTESIAN_POINT('',(0.764991784561876,1.14,0.420532491600755));
#13022=CARTESIAN_POINT('Ctrl Pts',(0.852512045185316,1.14,0.433498456137561));
#13023=CARTESIAN_POINT('Ctrl Pts',(0.841977198999162,1.14,0.428095970913891));
#13024=CARTESIAN_POINT('Ctrl Pts',(0.830496917898865,1.14,0.424584355518506));
#13025=CARTESIAN_POINT('Ctrl Pts',(0.818071201884426,1.14,0.422963609951406));
#13026=CARTESIAN_POINT('Ctrl Pts',(0.805645485869986,1.14,0.421342864384305));
#13027=CARTESIAN_POINT('Ctrl Pts',(0.78795234676247,1.14,0.420532491600755));
#13028=CARTESIAN_POINT('Ctrl Pts',(0.764991784561876,1.14,0.420532491600755));
#13029=CARTESIAN_POINT('',(0.893030684362835,1.14,0.511294243358396));
#13030=CARTESIAN_POINT('Ctrl Pts',(0.893030684362835,1.14,0.511294243358396));
#13031=CARTESIAN_POINT('Ctrl Pts',(0.893030684362835,1.14,0.492385545075554));
#13032=CARTESIAN_POINT('Ctrl Pts',(0.890329441751,1.14,0.476853400057506));
#13033=CARTESIAN_POINT('Ctrl Pts',(0.884926956527331,1.14,0.46469780830425));
#13034=CARTESIAN_POINT('Ctrl Pts',(0.879524471303662,1.14,0.452542216550994));
#13035=CARTESIAN_POINT('Ctrl Pts',(0.868719500856324,1.14,0.442142432495431));
#13036=CARTESIAN_POINT('Ctrl Pts',(0.852512045185316,1.14,0.433498456137561));
#13037=CARTESIAN_POINT('',(0.856969095494843,1.14,0.58422779387793));
#13038=CARTESIAN_POINT('Ctrl Pts',(0.856969095494843,1.14,0.58422779387793));
#13039=CARTESIAN_POINT('Ctrl Pts',(0.869394811509283,1.14,0.575313693258876));
#13040=CARTESIAN_POINT('Ctrl Pts',(0.878511505324224,1.14,0.565319095595088));
#13041=CARTESIAN_POINT('Ctrl Pts',(0.884319176939669,1.14,0.554244000886566));
#13042=CARTESIAN_POINT('Ctrl Pts',(0.890126848555113,1.14,0.543168906178044));
#13043=CARTESIAN_POINT('Ctrl Pts',(0.893030684362835,1.14,0.528852320335321));
#13044=CARTESIAN_POINT('Ctrl Pts',(0.893030684362835,1.14,0.511294243358396));
#13045=CARTESIAN_POINT('',(0.743516905797791,1.14,0.60529748625024));
#13046=CARTESIAN_POINT('Ctrl Pts',(0.743516905797791,1.14,0.60529748625024));
#13047=CARTESIAN_POINT('Ctrl Pts',(0.772690326005605,1.14,0.60529748625024));
#13048=CARTESIAN_POINT('Ctrl Pts',(0.795650888206199,1.14,0.603946864944322));
#13049=CARTESIAN_POINT('Ctrl Pts',(0.812398592399573,1.14,0.601245622332488));
#13050=CARTESIAN_POINT('Ctrl Pts',(0.829146296592947,1.14,0.598544379720653));
#13051=CARTESIAN_POINT('Ctrl Pts',(0.844003130958038,1.14,0.592871770235801));
#13052=CARTESIAN_POINT('Ctrl Pts',(0.856969095494843,1.14,0.58422779387793));
#13053=CARTESIAN_POINT('',(0.689627115691691,1.14,0.60529748625024));
#13054=CARTESIAN_POINT('',(0.344813557845845,1.14,0.60529748625024));
#13055=CARTESIAN_POINT('',(0.689627115691691,1.14,0.420532491600755));
#13056=CARTESIAN_POINT('',(0.689627115691691,1.14,0.210266245800377));
#13057=CARTESIAN_POINT('',(0.382495892280937,1.14,0.420532491600755));
#13058=CARTESIAN_POINT('',(0.844003130958038,1.14,0.231715633033518));
#13059=CARTESIAN_POINT('',(0.753241379200396,1.14,0.218749668496712));
#13060=CARTESIAN_POINT('Ctrl Pts',(0.844003130958038,1.14,0.231715633033518));
#13061=CARTESIAN_POINT('Ctrl Pts',(0.833198160510699,1.14,0.225772899287481));
#13062=CARTESIAN_POINT('Ctrl Pts',(0.821245161953331,1.14,0.222126221761505));
#13063=CARTESIAN_POINT('Ctrl Pts',(0.808144135285933,1.14,0.220775600455587));
#13064=CARTESIAN_POINT('Ctrl Pts',(0.795043108618536,1.14,0.21942497914967));
#13065=CARTESIAN_POINT('Ctrl Pts',(0.776742189923356,1.14,0.218749668496712));
#13066=CARTESIAN_POINT('Ctrl Pts',(0.753241379200396,1.14,0.218749668496712));
#13067=CARTESIAN_POINT('',(0.869529873639874,1.14,0.283984677572517));
#13068=CARTESIAN_POINT('Ctrl Pts',(0.869529873639874,1.14,0.283984677572517));
#13069=CARTESIAN_POINT('Ctrl Pts',(0.869529873639874,1.14,0.27573387285668));
#13070=CARTESIAN_POINT('Ctrl Pts',(0.868553569941142,1.14,0.267428710374768));
#13071=CARTESIAN_POINT('Ctrl Pts',(0.863457969724812,1.14,0.251405767090701));
#13072=CARTESIAN_POINT('Ctrl Pts',(0.860093279111276,1.14,0.246452577211453));
#13073=CARTESIAN_POINT('Ctrl Pts',(0.854296829327058,1.14,0.23889303680351));
#13074=CARTESIAN_POINT('Ctrl Pts',(0.849498808982124,1.14,0.23487981128981));
#13075=CARTESIAN_POINT('Ctrl Pts',(0.844003130958038,1.14,0.231715633033518));
#13076=CARTESIAN_POINT('',(0.841572012607386,1.14,0.348409313864771));
#13077=CARTESIAN_POINT('Ctrl Pts',(0.841572012607386,1.14,0.348409313864771));
#13078=CARTESIAN_POINT('Ctrl Pts',(0.851836734532358,1.14,0.341926331596368));
#13079=CARTESIAN_POINT('Ctrl Pts',(0.859062558519015,1.14,0.333484948434385));
#13080=CARTESIAN_POINT('Ctrl Pts',(0.863249484567359,1.14,0.323085164378822));
#13081=CARTESIAN_POINT('Ctrl Pts',(0.867436410615702,1.14,0.312685380323259));
#13082=CARTESIAN_POINT('Ctrl Pts',(0.869529873639874,1.14,0.299651884721157));
#13083=CARTESIAN_POINT('Ctrl Pts',(0.869529873639874,1.14,0.283984677572517));
#13084=CARTESIAN_POINT('',(0.764991784561876,1.14,0.365021955927554));
#13085=CARTESIAN_POINT('Ctrl Pts',(0.764991784561876,1.14,0.365021955927554));
#13086=CARTESIAN_POINT('Ctrl Pts',(0.785791352673002,1.14,0.365021955927554));
#13087=CARTESIAN_POINT('Ctrl Pts',(0.801120904495163,1.14,0.36394145888282));
#13088=CARTESIAN_POINT('Ctrl Pts',(0.81098044002836,1.14,0.361780464793353));
#13089=CARTESIAN_POINT('Ctrl Pts',(0.820839975561556,1.14,0.359619470703885));
#13090=CARTESIAN_POINT('Ctrl Pts',(0.831037166421231,1.14,0.355162420394358));
#13091=CARTESIAN_POINT('Ctrl Pts',(0.841572012607386,1.14,0.348409313864771));
#13092=CARTESIAN_POINT('',(0.689627115691691,1.14,0.365021955927554));
#13093=CARTESIAN_POINT('',(0.344813557845845,1.14,0.365021955927554));
#13094=CARTESIAN_POINT('',(0.689627115691691,1.14,0.218749668496712));
#13095=CARTESIAN_POINT('',(0.689627115691691,1.14,0.109374834248356));
#13096=CARTESIAN_POINT('',(0.376620689600197,1.14,0.218749668496712));
#13097=CARTESIAN_POINT('Ctrl Pts',(0.841572012607386,11.8631928014015,0.348409313864771));
#13098=CARTESIAN_POINT('Ctrl Pts',(0.841572012607386,-9.56319280140146,
0.348409313864771));
#13099=CARTESIAN_POINT('Ctrl Pts',(0.825769743328154,11.8631928014015,0.358538973659151));
#13100=CARTESIAN_POINT('Ctrl Pts',(0.825769743328154,-9.56319280140146,
0.358538973659151));
#13101=CARTESIAN_POINT('Ctrl Pts',(0.796191136728565,11.8631928014015,0.365021955927554));
#13102=CARTESIAN_POINT('Ctrl Pts',(0.796191136728565,-9.56319280140146,
0.365021955927554));
#13103=CARTESIAN_POINT('Ctrl Pts',(0.764991784561876,11.8631928014015,0.365021955927554));
#13104=CARTESIAN_POINT('Ctrl Pts',(0.764991784561876,-9.56319280140146,
0.365021955927554));
#13105=CARTESIAN_POINT('',(0.764991784561876,1.15,0.365021955927554));
#13106=CARTESIAN_POINT('',(0.841572012607386,1.15,0.348409313864771));
#13107=CARTESIAN_POINT('Ctrl Pts',(0.764991784561876,1.15,0.365021955927554));
#13108=CARTESIAN_POINT('Ctrl Pts',(0.796191136728565,1.15,0.365021955927554));
#13109=CARTESIAN_POINT('Ctrl Pts',(0.825769743328154,1.15,0.358538973659151));
#13110=CARTESIAN_POINT('Ctrl Pts',(0.841572012607386,1.15,0.348409313864771));
#13111=CARTESIAN_POINT('',(0.764991784561876,11.8631928014015,0.365021955927554));
#13112=CARTESIAN_POINT('',(0.841572012607386,11.8631928014015,0.348409313864771));
#13113=CARTESIAN_POINT('Ctrl Pts',(0.869529873639874,11.8631928014015,0.283984677572517));
#13114=CARTESIAN_POINT('Ctrl Pts',(0.869529873639874,-9.56319280140146,
0.283984677572517));
#13115=CARTESIAN_POINT('Ctrl Pts',(0.869529873639874,11.8631928014015,0.307485488295477));
#13116=CARTESIAN_POINT('Ctrl Pts',(0.869529873639874,-9.56319280140146,
0.307485488295477));
#13117=CARTESIAN_POINT('Ctrl Pts',(0.856969095494843,11.8631928014015,0.338684840462167));
#13118=CARTESIAN_POINT('Ctrl Pts',(0.856969095494843,-9.56319280140146,
0.338684840462167));
#13119=CARTESIAN_POINT('Ctrl Pts',(0.841572012607386,11.8631928014015,0.348409313864771));
#13120=CARTESIAN_POINT('Ctrl Pts',(0.841572012607386,-9.56319280140146,
0.348409313864771));
#13121=CARTESIAN_POINT('',(0.869529873639874,1.15,0.283984677572517));
#13122=CARTESIAN_POINT('Ctrl Pts',(0.841572012607386,1.15,0.348409313864771));
#13123=CARTESIAN_POINT('Ctrl Pts',(0.856969095494843,1.15,0.338684840462167));
#13124=CARTESIAN_POINT('Ctrl Pts',(0.869529873639874,1.15,0.307485488295477));
#13125=CARTESIAN_POINT('Ctrl Pts',(0.869529873639874,1.15,0.283984677572517));
#13126=CARTESIAN_POINT('',(0.869529873639874,11.8631928014015,0.283984677572517));
#13127=CARTESIAN_POINT('Ctrl Pts',(0.844003130958038,11.8631928014015,0.231715633033518));
#13128=CARTESIAN_POINT('Ctrl Pts',(0.844003130958038,-9.56319280140146,
0.231715633033518));
#13129=CARTESIAN_POINT('Ctrl Pts',(0.857374281886619,11.8631928014015,0.239414174477246));
#13130=CARTESIAN_POINT('Ctrl Pts',(0.857374281886619,-9.56319280140146,
0.239414174477246));
#13131=CARTESIAN_POINT('Ctrl Pts',(0.869529873639874,11.8631928014015,0.266156476334408));
#13132=CARTESIAN_POINT('Ctrl Pts',(0.869529873639874,-9.56319280140146,
0.266156476334408));
#13133=CARTESIAN_POINT('Ctrl Pts',(0.869529873639874,11.8631928014015,0.283984677572517));
#13134=CARTESIAN_POINT('Ctrl Pts',(0.869529873639874,-9.56319280140146,
0.283984677572517));
#13135=CARTESIAN_POINT('',(0.844003130958038,1.15,0.231715633033518));
#13136=CARTESIAN_POINT('Ctrl Pts',(0.869529873639874,1.15,0.283984677572517));
#13137=CARTESIAN_POINT('Ctrl Pts',(0.869529873639874,1.15,0.266156476334408));
#13138=CARTESIAN_POINT('Ctrl Pts',(0.857374281886619,1.15,0.239414174477246));
#13139=CARTESIAN_POINT('Ctrl Pts',(0.844003130958038,1.15,0.231715633033518));
#13140=CARTESIAN_POINT('',(0.844003130958038,11.8631928014015,0.231715633033518));
#13141=CARTESIAN_POINT('Ctrl Pts',(0.753241379200396,11.8631928014015,0.218749668496712));
#13142=CARTESIAN_POINT('Ctrl Pts',(0.753241379200396,-9.56319280140146,
0.218749668496712));
#13143=CARTESIAN_POINT('Ctrl Pts',(0.788492595284837,11.8631928014015,0.218749668496712));
#13144=CARTESIAN_POINT('Ctrl Pts',(0.788492595284837,-9.56319280140146,
0.218749668496712));
#13145=CARTESIAN_POINT('Ctrl Pts',(0.82779567528703,11.8631928014015,0.222801532414463));
#13146=CARTESIAN_POINT('Ctrl Pts',(0.82779567528703,-9.56319280140146,0.222801532414463));
#13147=CARTESIAN_POINT('Ctrl Pts',(0.844003130958038,11.8631928014015,0.231715633033518));
#13148=CARTESIAN_POINT('Ctrl Pts',(0.844003130958038,-9.56319280140146,
0.231715633033518));
#13149=CARTESIAN_POINT('',(0.753241379200396,1.15,0.218749668496712));
#13150=CARTESIAN_POINT('Ctrl Pts',(0.844003130958038,1.15,0.231715633033518));
#13151=CARTESIAN_POINT('Ctrl Pts',(0.82779567528703,1.15,0.222801532414463));
#13152=CARTESIAN_POINT('Ctrl Pts',(0.788492595284837,1.15,0.218749668496712));
#13153=CARTESIAN_POINT('Ctrl Pts',(0.753241379200396,1.15,0.218749668496712));
#13154=CARTESIAN_POINT('',(0.753241379200396,11.8631928014015,0.218749668496712));
#13155=CARTESIAN_POINT('Ctrl Pts',(0.856969095494843,11.8631928014015,0.58422779387793));
#13156=CARTESIAN_POINT('Ctrl Pts',(0.856969095494843,-9.56319280140146,
0.58422779387793));
#13157=CARTESIAN_POINT('Ctrl Pts',(0.837520148689635,11.8631928014015,0.597193758414736));
#13158=CARTESIAN_POINT('Ctrl Pts',(0.837520148689635,-9.56319280140146,
0.597193758414736));
#13159=CARTESIAN_POINT('Ctrl Pts',(0.787277036109511,11.8631928014015,0.60529748625024));
#13160=CARTESIAN_POINT('Ctrl Pts',(0.787277036109511,-9.56319280140146,
0.60529748625024));
#13161=CARTESIAN_POINT('Ctrl Pts',(0.743516905797791,11.8631928014015,0.60529748625024));
#13162=CARTESIAN_POINT('Ctrl Pts',(0.743516905797791,-9.56319280140146,
0.60529748625024));
#13163=CARTESIAN_POINT('',(0.743516905797791,1.15,0.60529748625024));
#13164=CARTESIAN_POINT('',(0.856969095494843,1.15,0.58422779387793));
#13165=CARTESIAN_POINT('Ctrl Pts',(0.743516905797791,1.15,0.60529748625024));
#13166=CARTESIAN_POINT('Ctrl Pts',(0.787277036109511,1.15,0.60529748625024));
#13167=CARTESIAN_POINT('Ctrl Pts',(0.837520148689635,1.15,0.597193758414736));
#13168=CARTESIAN_POINT('Ctrl Pts',(0.856969095494843,1.15,0.58422779387793));
#13169=CARTESIAN_POINT('',(0.743516905797791,11.8631928014015,0.60529748625024));
#13170=CARTESIAN_POINT('',(0.856969095494843,11.8631928014015,0.58422779387793));
#13171=CARTESIAN_POINT('Ctrl Pts',(0.893030684362835,11.8631928014015,0.511294243358396));
#13172=CARTESIAN_POINT('Ctrl Pts',(0.893030684362835,-9.56319280140146,
0.511294243358396));
#13173=CARTESIAN_POINT('Ctrl Pts',(0.893030684362835,11.8631928014015,0.537631358823784));
#13174=CARTESIAN_POINT('Ctrl Pts',(0.893030684362835,-9.56319280140146,
0.537631358823784));
#13175=CARTESIAN_POINT('Ctrl Pts',(0.875607669516502,11.8631928014015,0.570856642949349));
#13176=CARTESIAN_POINT('Ctrl Pts',(0.875607669516502,-9.56319280140146,
0.570856642949349));
#13177=CARTESIAN_POINT('Ctrl Pts',(0.856969095494843,11.8631928014015,0.58422779387793));
#13178=CARTESIAN_POINT('Ctrl Pts',(0.856969095494843,-9.56319280140146,
0.58422779387793));
#13179=CARTESIAN_POINT('',(0.893030684362835,1.15,0.511294243358396));
#13180=CARTESIAN_POINT('Ctrl Pts',(0.856969095494843,1.15,0.58422779387793));
#13181=CARTESIAN_POINT('Ctrl Pts',(0.875607669516502,1.15,0.570856642949349));
#13182=CARTESIAN_POINT('Ctrl Pts',(0.893030684362835,1.15,0.537631358823784));
#13183=CARTESIAN_POINT('Ctrl Pts',(0.893030684362835,1.15,0.511294243358396));
#13184=CARTESIAN_POINT('',(0.893030684362835,11.8631928014015,0.511294243358396));
#13185=CARTESIAN_POINT('Ctrl Pts',(0.852512045185316,11.8631928014015,0.433498456137561));
#13186=CARTESIAN_POINT('Ctrl Pts',(0.852512045185316,-9.56319280140146,
0.433498456137561));
#13187=CARTESIAN_POINT('Ctrl Pts',(0.876823228691828,11.8631928014015,0.446464420674367));
#13188=CARTESIAN_POINT('Ctrl Pts',(0.876823228691828,-9.56319280140146,
0.446464420674367));
#13189=CARTESIAN_POINT('Ctrl Pts',(0.893030684362835,11.8631928014015,0.482931195934133));
#13190=CARTESIAN_POINT('Ctrl Pts',(0.893030684362835,-9.56319280140146,
0.482931195934133));
#13191=CARTESIAN_POINT('Ctrl Pts',(0.893030684362835,11.8631928014015,0.511294243358396));
#13192=CARTESIAN_POINT('Ctrl Pts',(0.893030684362835,-9.56319280140146,
0.511294243358396));
#13193=CARTESIAN_POINT('',(0.852512045185316,1.15,0.433498456137561));
#13194=CARTESIAN_POINT('Ctrl Pts',(0.893030684362835,1.15,0.511294243358396));
#13195=CARTESIAN_POINT('Ctrl Pts',(0.893030684362835,1.15,0.482931195934133));
#13196=CARTESIAN_POINT('Ctrl Pts',(0.876823228691828,1.15,0.446464420674367));
#13197=CARTESIAN_POINT('Ctrl Pts',(0.852512045185316,1.15,0.433498456137561));
#13198=CARTESIAN_POINT('',(0.852512045185316,11.8631928014015,0.433498456137561));
#13199=CARTESIAN_POINT('Ctrl Pts',(0.764991784561876,11.8631928014015,0.420532491600755));
#13200=CARTESIAN_POINT('Ctrl Pts',(0.764991784561876,-9.56319280140146,
0.420532491600755));
#13201=CARTESIAN_POINT('Ctrl Pts',(0.799432627862767,11.8631928014015,0.420532491600755));
#13202=CARTESIAN_POINT('Ctrl Pts',(0.799432627862767,-9.56319280140146,
0.420532491600755));
#13203=CARTESIAN_POINT('Ctrl Pts',(0.836709775906084,11.8631928014015,0.425394728302057));
#13204=CARTESIAN_POINT('Ctrl Pts',(0.836709775906084,-9.56319280140146,
0.425394728302057));
#13205=CARTESIAN_POINT('Ctrl Pts',(0.852512045185316,11.8631928014015,0.433498456137561));
#13206=CARTESIAN_POINT('Ctrl Pts',(0.852512045185316,-9.56319280140146,
0.433498456137561));
#13207=CARTESIAN_POINT('',(0.764991784561876,1.15,0.420532491600755));
#13208=CARTESIAN_POINT('Ctrl Pts',(0.852512045185316,1.15,0.433498456137561));
#13209=CARTESIAN_POINT('Ctrl Pts',(0.836709775906084,1.15,0.425394728302057));
#13210=CARTESIAN_POINT('Ctrl Pts',(0.799432627862767,1.15,0.420532491600755));
#13211=CARTESIAN_POINT('Ctrl Pts',(0.764991784561876,1.15,0.420532491600755));
#13212=CARTESIAN_POINT('',(0.764991784561876,11.8631928014015,0.420532491600755));
#13213=CARTESIAN_POINT('Ctrl Pts',(0.755672497551047,11.8631928014015,0.162023573648185));
#13214=CARTESIAN_POINT('Ctrl Pts',(0.755672497551047,-9.56319280140146,
0.162023573648185));
#13215=CARTESIAN_POINT('Ctrl Pts',(0.809157101265371,11.8631928014015,0.162023573648185));
#13216=CARTESIAN_POINT('Ctrl Pts',(0.809157101265371,-9.56319280140146,
0.162023573648185));
#13217=CARTESIAN_POINT('Ctrl Pts',(0.862641704979696,11.8631928014015,0.168911742308364));
#13218=CARTESIAN_POINT('Ctrl Pts',(0.862641704979696,-9.56319280140146,
0.168911742308364));
#13219=CARTESIAN_POINT('Ctrl Pts',(0.886952888486207,11.8631928014015,0.182282893236945));
#13220=CARTESIAN_POINT('Ctrl Pts',(0.886952888486207,-9.56319280140146,
0.182282893236945));
#13221=CARTESIAN_POINT('',(0.755672497551047,1.15,0.162023573648185));
#13222=CARTESIAN_POINT('',(0.886952888486207,1.15,0.182282893236945));
#13223=CARTESIAN_POINT('Ctrl Pts',(0.755672497551047,1.15,0.162023573648185));
#13224=CARTESIAN_POINT('Ctrl Pts',(0.809157101265371,1.15,0.162023573648185));
#13225=CARTESIAN_POINT('Ctrl Pts',(0.862641704979696,1.15,0.168911742308364));
#13226=CARTESIAN_POINT('Ctrl Pts',(0.886952888486207,1.15,0.182282893236945));
#13227=CARTESIAN_POINT('',(0.755672497551047,11.8631928014015,0.162023573648185));
#13228=CARTESIAN_POINT('',(0.886952888486207,11.8631928014015,0.182282893236945));
#13229=CARTESIAN_POINT('Ctrl Pts',(0.886952888486207,11.8631928014015,0.182282893236945));
#13230=CARTESIAN_POINT('Ctrl Pts',(0.886952888486207,-9.56319280140146,
0.182282893236945));
#13231=CARTESIAN_POINT('Ctrl Pts',(0.914100376735145,11.8631928014015,0.196464416949076));
#13232=CARTESIAN_POINT('Ctrl Pts',(0.914100376735145,-9.56319280140146,
0.196464416949076));
#13233=CARTESIAN_POINT('Ctrl Pts',(0.938816746633431,11.8631928014015,0.243060852003223));
#13234=CARTESIAN_POINT('Ctrl Pts',(0.938816746633431,-9.56319280140146,
0.243060852003223));
#13235=CARTESIAN_POINT('Ctrl Pts',(0.938816746633431,11.8631928014015,0.274665390561687));
#13236=CARTESIAN_POINT('Ctrl Pts',(0.938816746633431,-9.56319280140146,
0.274665390561687));
#13237=CARTESIAN_POINT('',(0.938816746633431,1.15,0.274665390561687));
#13238=CARTESIAN_POINT('Ctrl Pts',(0.886952888486207,1.15,0.182282893236945));
#13239=CARTESIAN_POINT('Ctrl Pts',(0.914100376735145,1.15,0.196464416949076));
#13240=CARTESIAN_POINT('Ctrl Pts',(0.938816746633431,1.15,0.243060852003223));
#13241=CARTESIAN_POINT('Ctrl Pts',(0.938816746633431,1.15,0.274665390561687));
#13242=CARTESIAN_POINT('',(0.938816746633431,11.8631928014015,0.274665390561687));
#13243=CARTESIAN_POINT('Ctrl Pts',(0.938816746633431,11.8631928014015,0.274665390561687));
#13244=CARTESIAN_POINT('Ctrl Pts',(0.938816746633431,-9.56319280140146,
0.274665390561687));
#13245=CARTESIAN_POINT('Ctrl Pts',(0.938816746633431,11.8631928014015,0.309916606646129));
#13246=CARTESIAN_POINT('Ctrl Pts',(0.938816746633431,-9.56319280140146,
0.309916606646129));
#13247=CARTESIAN_POINT('Ctrl Pts',(0.901539598590114,11.8631928014015,0.365832328711104));
#13248=CARTESIAN_POINT('Ctrl Pts',(0.901539598590114,-9.56319280140146,
0.365832328711104));
#13249=CARTESIAN_POINT('Ctrl Pts',(0.868719500856324,11.8631928014015,0.381634597990337));
#13250=CARTESIAN_POINT('Ctrl Pts',(0.868719500856324,-9.56319280140146,
0.381634597990337));
#13251=CARTESIAN_POINT('',(0.868719500856324,1.15,0.381634597990337));
#13252=CARTESIAN_POINT('Ctrl Pts',(0.938816746633431,1.15,0.274665390561687));
#13253=CARTESIAN_POINT('Ctrl Pts',(0.938816746633431,1.15,0.309916606646129));
#13254=CARTESIAN_POINT('Ctrl Pts',(0.901539598590114,1.15,0.365832328711104));
#13255=CARTESIAN_POINT('Ctrl Pts',(0.868719500856324,1.15,0.381634597990337));
#13256=CARTESIAN_POINT('',(0.868719500856324,11.8631928014015,0.381634597990337));
#13257=CARTESIAN_POINT('Origin',(0.868719500856324,11.8631928014015,0.384065716340988));
#13258=CARTESIAN_POINT('',(0.868719500856324,1.15,0.384065716340988));
#13259=CARTESIAN_POINT('',(0.868719500856324,1.15,0.192032858170494));
#13260=CARTESIAN_POINT('',(0.868719500856324,11.8631928014015,0.384065716340988));
#13261=CARTESIAN_POINT('Ctrl Pts',(0.868719500856324,11.8631928014015,0.384065716340988));
#13262=CARTESIAN_POINT('Ctrl Pts',(0.868719500856324,-9.56319280140146,
0.384065716340988));
#13263=CARTESIAN_POINT('Ctrl Pts',(0.913290003951595,11.8631928014015,0.396221308094243));
#13264=CARTESIAN_POINT('Ctrl Pts',(0.913290003951595,-9.56319280140146,
0.396221308094243));
#13265=CARTESIAN_POINT('Ctrl Pts',(0.962317557356392,11.8631928014015,0.460645944386498));
#13266=CARTESIAN_POINT('Ctrl Pts',(0.962317557356392,-9.56319280140146,
0.460645944386498));
#13267=CARTESIAN_POINT('Ctrl Pts',(0.962317557356392,11.8631928014015,0.50845793861597));
#13268=CARTESIAN_POINT('Ctrl Pts',(0.962317557356392,-9.56319280140146,
0.50845793861597));
#13269=CARTESIAN_POINT('',(0.962317557356392,1.15,0.50845793861597));
#13270=CARTESIAN_POINT('Ctrl Pts',(0.868719500856324,1.15,0.384065716340988));
#13271=CARTESIAN_POINT('Ctrl Pts',(0.913290003951595,1.15,0.396221308094243));
#13272=CARTESIAN_POINT('Ctrl Pts',(0.962317557356392,1.15,0.460645944386498));
#13273=CARTESIAN_POINT('Ctrl Pts',(0.962317557356392,1.15,0.50845793861597));
#13274=CARTESIAN_POINT('',(0.962317557356392,11.8631928014015,0.50845793861597));
#13275=CARTESIAN_POINT('Origin',(0.753241379200396,11.8631928014015,0.218749668496712));
#13276=CARTESIAN_POINT('',(0.689627115691691,1.15,0.218749668496712));
#13277=CARTESIAN_POINT('',(0.376620689600197,1.15,0.218749668496712));
#13278=CARTESIAN_POINT('',(0.689627115691691,11.8631928014015,0.218749668496712));
#13279=CARTESIAN_POINT('Origin',(0.689627115691691,11.8631928014015,0.218749668496712));
#13280=CARTESIAN_POINT('',(0.689627115691691,1.15,0.365021955927554));
#13281=CARTESIAN_POINT('',(0.689627115691691,1.15,0.109374834248356));
#13282=CARTESIAN_POINT('',(0.689627115691691,11.8631928014015,0.365021955927554));
#13283=CARTESIAN_POINT('Origin',(0.689627115691691,11.8631928014015,0.365021955927554));
#13284=CARTESIAN_POINT('',(0.344813557845845,1.15,0.365021955927554));
#13285=CARTESIAN_POINT('Origin',(0.764991784561876,11.8631928014015,0.420532491600755));
#13286=CARTESIAN_POINT('',(0.689627115691691,1.15,0.420532491600755));
#13287=CARTESIAN_POINT('',(0.382495892280937,1.15,0.420532491600755));
#13288=CARTESIAN_POINT('',(0.689627115691691,11.8631928014015,0.420532491600755));
#13289=CARTESIAN_POINT('Origin',(0.689627115691691,11.8631928014015,0.420532491600755));
#13290=CARTESIAN_POINT('',(0.689627115691691,1.15,0.60529748625024));
#13291=CARTESIAN_POINT('',(0.689627115691691,1.15,0.210266245800377));
#13292=CARTESIAN_POINT('',(0.689627115691691,11.8631928014015,0.60529748625024));
#13293=CARTESIAN_POINT('Origin',(0.689627115691691,11.8631928014015,0.60529748625024));
#13294=CARTESIAN_POINT('',(0.344813557845845,1.15,0.60529748625024));
#13295=CARTESIAN_POINT('Origin',(0.755672497551047,11.8631928014015,0.162023573648185));
#13296=CARTESIAN_POINT('',(0.623176547440561,1.15,0.162023573648185));
#13297=CARTESIAN_POINT('',(0.377836248775523,1.15,0.162023573648185));
#13298=CARTESIAN_POINT('',(0.623176547440561,11.8631928014015,0.162023573648185));
#13299=CARTESIAN_POINT('Origin',(0.623176547440561,11.8631928014015,0.162023573648185));
#13300=CARTESIAN_POINT('',(0.623176547440561,1.15,0.662023581098766));
#13301=CARTESIAN_POINT('',(0.623176547440561,1.15,0.0810117868240928));
#13302=CARTESIAN_POINT('',(0.623176547440561,11.8631928014015,0.662023581098766));
#13303=CARTESIAN_POINT('Origin',(0.623176547440561,11.8631928014015,0.662023581098766));
#13304=CARTESIAN_POINT('',(0.766612530128977,1.15,0.662023581098766));
#13305=CARTESIAN_POINT('',(0.31158827372028,1.15,0.662023581098766));
#13306=CARTESIAN_POINT('',(0.766612530128977,11.8631928014015,0.662023581098766));
#13307=CARTESIAN_POINT('Ctrl Pts',(0.910453699209168,11.8631928014015,0.621504941921247));
#13308=CARTESIAN_POINT('Ctrl Pts',(0.910453699209168,-9.56319280140146,
0.621504941921247));
#13309=CARTESIAN_POINT('Ctrl Pts',(0.882090651784905,11.8631928014015,0.643385007077107));
#13310=CARTESIAN_POINT('Ctrl Pts',(0.882090651784905,-9.56319280140146,
0.643385007077107));
#13311=CARTESIAN_POINT('Ctrl Pts',(0.81766601549265,11.8631928014015,0.662023581098766));
#13312=CARTESIAN_POINT('Ctrl Pts',(0.81766601549265,-9.56319280140146,0.662023581098766));
#13313=CARTESIAN_POINT('Ctrl Pts',(0.766612530128977,11.8631928014015,0.662023581098766));
#13314=CARTESIAN_POINT('Ctrl Pts',(0.766612530128977,-9.56319280140146,
0.662023581098766));
#13315=CARTESIAN_POINT('',(0.910453699209168,1.15,0.621504941921247));
#13316=CARTESIAN_POINT('Ctrl Pts',(0.910453699209168,1.15,0.621504941921247));
#13317=CARTESIAN_POINT('Ctrl Pts',(0.882090651784905,1.15,0.643385007077107));
#13318=CARTESIAN_POINT('Ctrl Pts',(0.81766601549265,1.15,0.662023581098766));
#13319=CARTESIAN_POINT('Ctrl Pts',(0.766612530128977,1.15,0.662023581098766));
#13320=CARTESIAN_POINT('',(0.910453699209168,11.8631928014015,0.621504941921247));
#13321=CARTESIAN_POINT('Ctrl Pts',(0.962317557356392,11.8631928014015,0.50845793861597));
#13322=CARTESIAN_POINT('Ctrl Pts',(0.962317557356392,-9.56319280140146,
0.50845793861597));
#13323=CARTESIAN_POINT('Ctrl Pts',(0.962317557356392,11.8631928014015,0.545735086659287));
#13324=CARTESIAN_POINT('Ctrl Pts',(0.962317557356392,-9.56319280140146,
0.545735086659287));
#13325=CARTESIAN_POINT('Ctrl Pts',(0.933954509932129,11.8631928014015,0.602866367899589));
#13326=CARTESIAN_POINT('Ctrl Pts',(0.933954509932129,-9.56319280140146,
0.602866367899589));
#13327=CARTESIAN_POINT('Ctrl Pts',(0.910453699209168,11.8631928014015,0.621504941921247));
#13328=CARTESIAN_POINT('Ctrl Pts',(0.910453699209168,-9.56319280140146,
0.621504941921247));
#13329=CARTESIAN_POINT('Ctrl Pts',(0.962317557356392,1.15,0.50845793861597));
#13330=CARTESIAN_POINT('Ctrl Pts',(0.962317557356392,1.15,0.545735086659287));
#13331=CARTESIAN_POINT('Ctrl Pts',(0.933954509932129,1.15,0.602866367899589));
#13332=CARTESIAN_POINT('Ctrl Pts',(0.910453699209168,1.15,0.621504941921247));
#13333=CARTESIAN_POINT('Origin',(1.47447315656023,11.8631928014015,0.473611908923304));
#13334=CARTESIAN_POINT('',(1.66369520151924,1.15,0.473611908923304));
#13335=CARTESIAN_POINT('',(1.47447315656023,1.15,0.473611908923304));
#13336=CARTESIAN_POINT('',(0.737236578280113,1.15,0.473611908923304));
#13337=CARTESIAN_POINT('',(1.66369520151924,1.14,0.473611908923304));
#13338=CARTESIAN_POINT('',(1.66369520151924,11.8631928014015,0.473611908923304));
#13339=CARTESIAN_POINT('',(1.47447315656023,1.14,0.473611908923304));
#13340=CARTESIAN_POINT('',(0.737236578280113,1.14,0.473611908923304));
#13341=CARTESIAN_POINT('',(1.47447315656023,11.8631928014015,0.473611908923304));
#13342=CARTESIAN_POINT('Origin',(1.47447315656023,11.8631928014015,0.412833950157026));
#13343=CARTESIAN_POINT('',(1.47447315656023,1.15,0.412833950157026));
#13344=CARTESIAN_POINT('',(1.47447315656023,1.15,0.206416975078513));
#13345=CARTESIAN_POINT('',(1.47447315656023,1.14,0.412833950157026));
#13346=CARTESIAN_POINT('',(1.47447315656023,1.14,0.206416975078513));
#13347=CARTESIAN_POINT('',(1.47447315656023,11.8631928014015,0.412833950157026));
#13348=CARTESIAN_POINT('Origin',(1.66369520151924,11.8631928014015,0.473611908923304));
#13349=CARTESIAN_POINT('',(1.66369520151924,1.15,0.412833950157026));
#13350=CARTESIAN_POINT('',(1.66369520151924,1.15,0.236805954461652));
#13351=CARTESIAN_POINT('',(1.66369520151924,1.14,0.412833950157026));
#13352=CARTESIAN_POINT('',(1.66369520151924,11.8631928014015,0.412833950157026));
#13353=CARTESIAN_POINT('',(1.66369520151924,1.14,0.236805954461652));
#13354=CARTESIAN_POINT('Origin',(1.66369520151924,11.8631928014015,0.412833950157026));
#13355=CARTESIAN_POINT('',(0.831847600759619,1.15,0.412833950157026));
#13356=CARTESIAN_POINT('',(0.831847600759619,1.14,0.412833950157026));
#13357=CARTESIAN_POINT('Origin',(-1.66533453693773E-15,1.14,2.77555756156289E-16));
#13358=CARTESIAN_POINT('Origin',(-1.66533453693773E-15,1.15,2.77555756156289E-16));
#13359=CARTESIAN_POINT('',(4.68005848935633,1.15,2.03005848935633));
#13360=CARTESIAN_POINT('',(-4.68005848935633,1.15,2.03005848935633));
#13361=CARTESIAN_POINT('',(-1.2125,1.15,2.03005848935633));
#13362=CARTESIAN_POINT('',(4.68005848935633,1.15,-2.03005848935633));
#13363=CARTESIAN_POINT('',(4.68005848935633,1.15,0.55));
#13364=CARTESIAN_POINT('',(-4.68005848935633,1.15,-2.03005848935633));
#13365=CARTESIAN_POINT('',(1.2125,1.15,-2.03005848935633));
#13366=CARTESIAN_POINT('',(-4.68005848935633,1.15,-0.549999999999999));
#13367=CARTESIAN_POINT('',(-3.394,1.15,1.1425));
#13368=CARTESIAN_POINT('Origin',(-3.7925,1.15,1.1425));
#13369=CARTESIAN_POINT('Origin',(-1.66533453693773E-15,1.15,2.77555756156289E-16));
#13370=CARTESIAN_POINT('Origin',(-1.66533453693773E-15,1.15,2.77555756156289E-16));
#13371=CARTESIAN_POINT('Origin',(-1.66533453693773E-15,1.15,2.77555756156289E-16));
#13372=CARTESIAN_POINT('Origin',(-1.66533453693773E-15,1.15,2.77555756156289E-16));
#13373=CARTESIAN_POINT('Origin',(-1.66533453693773E-15,1.15,2.77555756156289E-16));
#13374=CARTESIAN_POINT('Origin',(-1.66533453693773E-15,1.15,2.77555756156289E-16));
#13375=CARTESIAN_POINT('Origin',(-1.66533453693773E-15,1.15,2.77555756156289E-16));
#13376=CARTESIAN_POINT('Origin',(-3.7925,1.104,1.1425));
#13377=CARTESIAN_POINT('',(-3.486,1.058,1.1425));
#13378=CARTESIAN_POINT('Origin',(-3.7925,1.058,1.1425));
#13379=CARTESIAN_POINT('',(-3.44,1.104,1.1425));
#13380=CARTESIAN_POINT('Origin',(-3.7925,1.104,1.1425));
#13381=CARTESIAN_POINT('Origin',(-3.7925,1.058,1.1425));
#13382=CARTESIAN_POINT('Origin',(-3.7925,1.104,1.1425));
#13383=CARTESIAN_POINT('Origin',(-1.66533453693773E-15,1.15,2.77555756156289E-16));
#13384=CARTESIAN_POINT('Origin',(-4.68005848935633,0.0459999999999997,2.03005848935633));
#13385=CARTESIAN_POINT('',(-4.68005848935633,-2.61877102744963E-16,2.03005848935633));
#13386=CARTESIAN_POINT('',(-4.72449107736563,0.0340943239252835,2.03005848935633));
#13387=CARTESIAN_POINT('Origin',(-4.68005848935633,0.0459999999999997,2.03005848935633));
#13388=CARTESIAN_POINT('',(-4.68005848935633,0.0340943239252839,2.07449107736563));
#13389=CARTESIAN_POINT('Origin',(-4.68005848935633,0.0459999999999997,2.03005848935633));
#13390=CARTESIAN_POINT('Origin',(-4.68005848935633,0.0459999999999997,2.03005848935633));
#13391=CARTESIAN_POINT('Origin',(-4.68005848935633,0.0460000000000001,-2.03005848935633));
#13392=CARTESIAN_POINT('',(-4.72449107736563,0.0340943239252839,-2.03005848935633));
#13393=CARTESIAN_POINT('',(-4.68005848935633,-2.60208521396521E-16,-2.03005848935633));
#13394=CARTESIAN_POINT('Origin',(-4.68005848935633,0.0459999999999997,-2.03005848935633));
#13395=CARTESIAN_POINT('',(-4.68005848935633,0.0340943239252838,-2.07449107736563));
#13396=CARTESIAN_POINT('Origin',(-4.68005848935633,0.0460000000000001,-2.03005848935633));
#13397=CARTESIAN_POINT('Origin',(-4.68005848935633,0.0459999999999997,-2.03005848935633));
#13398=CARTESIAN_POINT('Origin',(4.68005848935633,0.0460000000000003,2.03005848935633));
#13399=CARTESIAN_POINT('',(4.72449107736563,0.0340943239252842,2.03005848935633));
#13400=CARTESIAN_POINT('',(4.68005848935633,2.60208521396521E-16,2.03005848935633));
#13401=CARTESIAN_POINT('Origin',(4.68005848935633,0.0460000000000003,2.03005848935633));
#13402=CARTESIAN_POINT('',(4.68005848935633,0.0340943239252843,2.07449107736563));
#13403=CARTESIAN_POINT('Origin',(4.68005848935633,0.0460000000000003,2.03005848935633));
#13404=CARTESIAN_POINT('Origin',(4.68005848935633,0.0460000000000003,2.03005848935633));
#13405=CARTESIAN_POINT('Origin',(-4.804,0.508556014889018,2.154));
#13406=CARTESIAN_POINT('',(-4.804,0.50855601488902,2.2));
#13407=CARTESIAN_POINT('',(-4.804,0.496650338814304,2.1984325880093));
#13408=CARTESIAN_POINT('Origin',(-4.804,0.50855601488902,2.154));
#13409=CARTESIAN_POINT('',(-4.85,0.508556014889018,2.154));
#13410=CARTESIAN_POINT('Origin',(-4.804,0.508556014889018,2.154));
#13411=CARTESIAN_POINT('',(-4.8484325880093,0.496650338814303,2.154));
#13412=CARTESIAN_POINT('Origin',(-4.804,0.508556014889018,2.154));
#13413=CARTESIAN_POINT('Origin',(-4.804,0.50855601488902,2.154));
#13414=CARTESIAN_POINT('Origin',(4.68005848935633,0.0460000000000002,-2.03005848935633));
#13415=CARTESIAN_POINT('',(4.68005848935633,0.0340943239252843,-2.07449107736562));
#13416=CARTESIAN_POINT('',(4.68005848935633,2.61877102744963E-16,-2.03005848935633));
#13417=CARTESIAN_POINT('Origin',(4.68005848935633,0.0460000000000003,-2.03005848935633));
#13418=CARTESIAN_POINT('',(4.72449107736562,0.0340943239252843,-2.03005848935633));
#13419=CARTESIAN_POINT('Origin',(4.68005848935633,0.0460000000000002,-2.03005848935633));
#13420=CARTESIAN_POINT('Origin',(4.68005848935633,0.0460000000000003,-2.03005848935633));
#13421=CARTESIAN_POINT('Origin',(-4.804,0.50855601488902,-2.154));
#13422=CARTESIAN_POINT('',(-4.85,0.508556014889018,-2.154));
#13423=CARTESIAN_POINT('',(-4.8484325880093,0.496650338814303,-2.154));
#13424=CARTESIAN_POINT('Origin',(-4.804,0.508556014889018,-2.154));
#13425=CARTESIAN_POINT('',(-4.804,0.50855601488902,-2.2));
#13426=CARTESIAN_POINT('Origin',(-4.804,0.50855601488902,-2.154));
#13427=CARTESIAN_POINT('',(-4.804,0.496650338814305,-2.1984325880093));
#13428=CARTESIAN_POINT('Origin',(-4.804,0.50855601488902,-2.154));
#13429=CARTESIAN_POINT('Origin',(-4.804,0.508556014889019,-2.154));
#13430=CARTESIAN_POINT('Origin',(4.804,0.508556014889021,2.154));
#13431=CARTESIAN_POINT('',(4.85,0.50855601488902,2.154));
#13432=CARTESIAN_POINT('',(4.8484325880093,0.496650338814304,2.154));
#13433=CARTESIAN_POINT('Origin',(4.804,0.50855601488902,2.154));
#13434=CARTESIAN_POINT('',(4.804,0.508556014889021,2.2));
#13435=CARTESIAN_POINT('Origin',(4.804,0.508556014889021,2.154));
#13436=CARTESIAN_POINT('',(4.804,0.496650338814305,2.1984325880093));
#13437=CARTESIAN_POINT('Origin',(4.804,0.508556014889021,2.154));
#13438=CARTESIAN_POINT('Origin',(4.804,0.50855601488902,2.154));
#13439=CARTESIAN_POINT('Origin',(-4.804,0.64144398511098,2.154));
#13440=CARTESIAN_POINT('',(-4.804,0.64144398511098,2.2));
#13441=CARTESIAN_POINT('',(-4.85,0.64144398511098,2.154));
#13442=CARTESIAN_POINT('Origin',(-4.804,0.64144398511098,2.154));
#13443=CARTESIAN_POINT('',(-4.804,0.653349661185695,2.1984325880093));
#13444=CARTESIAN_POINT('Origin',(-4.804,0.64144398511098,2.154));
#13445=CARTESIAN_POINT('',(-4.8484325880093,0.653349661185696,2.154));
#13446=CARTESIAN_POINT('Origin',(-4.804,0.64144398511098,2.154));
#13447=CARTESIAN_POINT('Origin',(-4.804,0.64144398511098,2.154));
#13448=CARTESIAN_POINT('Origin',(4.804,0.50855601488902,-2.154));
#13449=CARTESIAN_POINT('',(4.804,0.508556014889021,-2.2));
#13450=CARTESIAN_POINT('',(4.804,0.496650338814305,-2.1984325880093));
#13451=CARTESIAN_POINT('Origin',(4.804,0.508556014889021,-2.154));
#13452=CARTESIAN_POINT('',(4.85,0.50855601488902,-2.154));
#13453=CARTESIAN_POINT('Origin',(4.804,0.50855601488902,-2.154));
#13454=CARTESIAN_POINT('',(4.8484325880093,0.496650338814304,-2.154));
#13455=CARTESIAN_POINT('Origin',(4.804,0.50855601488902,-2.154));
#13456=CARTESIAN_POINT('Origin',(4.804,0.508556014889021,-2.154));
#13457=CARTESIAN_POINT('Origin',(-4.804,0.641443985110979,-2.154));
#13458=CARTESIAN_POINT('',(-4.8484325880093,0.653349661185696,-2.154));
#13459=CARTESIAN_POINT('',(-4.85,0.64144398511098,-2.154));
#13460=CARTESIAN_POINT('Origin',(-4.804,0.64144398511098,-2.154));
#13461=CARTESIAN_POINT('',(-4.804,0.653349661185695,-2.1984325880093));
#13462=CARTESIAN_POINT('Origin',(-4.804,0.641443985110979,-2.154));
#13463=CARTESIAN_POINT('',(-4.804,0.641443985110979,-2.2));
#13464=CARTESIAN_POINT('Origin',(-4.804,0.641443985110979,-2.154));
#13465=CARTESIAN_POINT('Origin',(-4.804,0.64144398511098,-2.154));
#13466=CARTESIAN_POINT('Origin',(4.804,0.641443985110979,2.154));
#13467=CARTESIAN_POINT('',(4.8484325880093,0.653349661185697,2.154));
#13468=CARTESIAN_POINT('',(4.85,0.641443985110981,2.154));
#13469=CARTESIAN_POINT('Origin',(4.804,0.641443985110981,2.154));
#13470=CARTESIAN_POINT('',(4.804,0.653349661185695,2.1984325880093));
#13471=CARTESIAN_POINT('Origin',(4.804,0.641443985110979,2.154));
#13472=CARTESIAN_POINT('',(4.804,0.64144398511098,2.2));
#13473=CARTESIAN_POINT('Origin',(4.804,0.64144398511098,2.154));
#13474=CARTESIAN_POINT('Origin',(4.804,0.641443985110981,2.154));
#13475=CARTESIAN_POINT('Origin',(-4.68005848935633,1.104,2.03005848935633));
#13476=CARTESIAN_POINT('',(-4.68005848935633,1.11590567607472,2.07449107736563));
#13477=CARTESIAN_POINT('Origin',(-4.68005848935633,1.104,2.03005848935633));
#13478=CARTESIAN_POINT('',(-4.72449107736563,1.11590567607472,2.03005848935633));
#13479=CARTESIAN_POINT('Origin',(-4.68005848935633,1.104,2.03005848935633));
#13480=CARTESIAN_POINT('Origin',(-4.68005848935633,1.104,2.03005848935633));
#13481=CARTESIAN_POINT('Origin',(-4.68005848935633,1.104,-2.03005848935633));
#13482=CARTESIAN_POINT('',(-4.72449107736563,1.11590567607472,-2.03005848935633));
#13483=CARTESIAN_POINT('Origin',(-4.68005848935633,1.104,-2.03005848935633));
#13484=CARTESIAN_POINT('',(-4.68005848935633,1.11590567607472,-2.07449107736563));
#13485=CARTESIAN_POINT('Origin',(-4.68005848935633,1.104,-2.03005848935633));
#13486=CARTESIAN_POINT('Origin',(-4.68005848935633,1.104,-2.03005848935633));
#13487=CARTESIAN_POINT('Origin',(4.804,0.641443985110981,-2.154));
#13488=CARTESIAN_POINT('',(4.8484325880093,0.653349661185697,-2.154));
#13489=CARTESIAN_POINT('',(4.804,0.653349661185695,-2.1984325880093));
#13490=CARTESIAN_POINT('Origin',(4.804,0.641443985110981,-2.154));
#13491=CARTESIAN_POINT('',(4.85,0.641443985110981,-2.154));
#13492=CARTESIAN_POINT('Origin',(4.804,0.641443985110981,-2.154));
#13493=CARTESIAN_POINT('',(4.804,0.641443985110979,-2.2));
#13494=CARTESIAN_POINT('Origin',(4.804,0.641443985110979,-2.154));
#13495=CARTESIAN_POINT('Origin',(4.804,0.641443985110979,-2.154));
#13496=CARTESIAN_POINT('Origin',(4.804,0.641443985110981,1.65));
#13497=CARTESIAN_POINT('',(4.8484325880093,0.653349661185697,1.65));
#13498=CARTESIAN_POINT('',(4.85,0.641443985110981,1.65));
#13499=CARTESIAN_POINT('Origin',(4.804,0.,-2.154));
#13500=CARTESIAN_POINT('',(4.85,0.,-2.154));
#13501=CARTESIAN_POINT('',(4.804,0.,-2.2));
#13502=CARTESIAN_POINT('Origin',(3.6375,0.641443985110979,-2.154));
#13503=CARTESIAN_POINT('',(3.6375,0.653349661185695,-2.1984325880093));
#13504=CARTESIAN_POINT('',(3.6375,0.641443985110979,-2.2));
#13505=CARTESIAN_POINT('Origin',(4.68005848935633,1.104,2.03005848935633));
#13506=CARTESIAN_POINT('',(4.72449107736562,1.11590567607472,2.03005848935633));
#13507=CARTESIAN_POINT('Origin',(4.68005848935633,1.104,2.03005848935633));
#13508=CARTESIAN_POINT('',(4.68005848935633,1.11590567607472,2.07449107736563));
#13509=CARTESIAN_POINT('Origin',(4.68005848935633,1.104,2.03005848935633));
#13510=CARTESIAN_POINT('Origin',(4.68005848935633,1.104,2.03005848935633));
#13511=CARTESIAN_POINT('Origin',(-1.2125,1.104,2.03005848935633));
#13512=CARTESIAN_POINT('',(-1.2125,1.11590567607472,2.07449107736563));
#13513=CARTESIAN_POINT('Origin',(4.48236288367294,1.84181004484352,1.83236288367294));
#13514=CARTESIAN_POINT('',(4.52679547168223,1.85371572091823,1.83236288367294));
#13515=CARTESIAN_POINT('',(4.48236288367294,1.85371572091823,1.87679547168223));
#13516=CARTESIAN_POINT('Origin',(4.68005848935633,1.104,-2.03005848935633));
#13517=CARTESIAN_POINT('',(4.68005848935633,1.11590567607472,-2.07449107736563));
#13518=CARTESIAN_POINT('Origin',(4.68005848935633,1.104,-2.03005848935633));
#13519=CARTESIAN_POINT('',(4.72449107736562,1.11590567607472,-2.03005848935633));
#13520=CARTESIAN_POINT('Origin',(4.68005848935633,1.104,-2.03005848935633));
#13521=CARTESIAN_POINT('Origin',(4.68005848935633,1.104,-2.03005848935633));
#13522=CARTESIAN_POINT('Origin',(4.68005848935633,1.104,0.55));
#13523=CARTESIAN_POINT('',(4.72449107736562,1.11590567607472,0.55));
#13524=CARTESIAN_POINT('Origin',(4.56554866306339,1.53135648969113,-1.91554866306339));
#13525=CARTESIAN_POINT('',(4.56554866306339,1.54326216576585,-1.95998125107269));
#13526=CARTESIAN_POINT('',(4.60998125107269,1.54326216576585,-1.91554866306339));
#13527=CARTESIAN_POINT('Origin',(1.2125,1.104,-2.03005848935633));
#13528=CARTESIAN_POINT('',(1.2125,1.11590567607472,-2.07449107736563));
#13529=CARTESIAN_POINT('Origin',(-4.48236288367294,1.84181004484352,-1.83236288367294));
#13530=CARTESIAN_POINT('',(-4.52679547168223,1.85371572091824,-1.83236288367294));
#13531=CARTESIAN_POINT('',(-4.48236288367294,1.85371572091824,-1.87679547168223));
#13532=CARTESIAN_POINT('Origin',(-4.68005848935633,1.104,-0.549999999999999));
#13533=CARTESIAN_POINT('',(-4.72449107736563,1.11590567607472,-0.549999999999999));
#13534=CARTESIAN_POINT('Origin',(-4.56554866306339,1.53135648969113,1.91554866306339));
#13535=CARTESIAN_POINT('',(-4.60998125107269,1.54326216576585,1.91554866306339));
#13536=CARTESIAN_POINT('',(-4.56554866306339,1.54326216576585,1.95998125107269));
#13537=CARTESIAN_POINT('Origin',(-3.6375,0.64144398511098,2.154));
#13538=CARTESIAN_POINT('',(-3.6375,0.653349661185695,2.1984325880093));
#13539=CARTESIAN_POINT('',(-3.6375,0.64144398511098,2.2));
#13540=CARTESIAN_POINT('Origin',(4.804,0.,2.154));
#13541=CARTESIAN_POINT('',(4.804,0.,2.2));
#13542=CARTESIAN_POINT('',(4.85,0.,2.154));
#13543=CARTESIAN_POINT('Origin',(-4.804,0.,-2.154));
#13544=CARTESIAN_POINT('',(-4.804,0.,-2.2));
#13545=CARTESIAN_POINT('',(-4.85,0.,-2.154));
#13546=CARTESIAN_POINT('Origin',(-4.804,0.64144398511098,-1.65));
#13547=CARTESIAN_POINT('',(-4.8484325880093,0.653349661185696,-1.65));
#13548=CARTESIAN_POINT('',(-4.85,0.64144398511098,-1.65));
#13549=CARTESIAN_POINT('Origin',(4.804,0.50855601488902,1.65));
#13550=CARTESIAN_POINT('',(4.8484325880093,0.496650338814304,1.65));
#13551=CARTESIAN_POINT('',(4.85,0.50855601488902,1.65));
#13552=CARTESIAN_POINT('Origin',(4.56554866306339,-0.381356489691132,-1.91554866306339));
#13553=CARTESIAN_POINT('',(4.56554866306339,-0.393262165765848,-1.95998125107269));
#13554=CARTESIAN_POINT('',(4.60998125107269,-0.393262165765848,-1.91554866306339));
#13555=CARTESIAN_POINT('Origin',(3.6375,0.508556014889021,-2.154));
#13556=CARTESIAN_POINT('',(3.6375,0.496650338814305,-2.1984325880093));
#13557=CARTESIAN_POINT('',(3.6375,0.508556014889021,-2.2));
#13558=CARTESIAN_POINT('Origin',(-4.804,0.,2.154));
#13559=CARTESIAN_POINT('',(-4.85,0.,2.154));
#13560=CARTESIAN_POINT('',(-4.804,0.,2.2));
#13561=CARTESIAN_POINT('Origin',(-3.6375,0.50855601488902,2.154));
#13562=CARTESIAN_POINT('',(-3.6375,0.496650338814304,2.1984325880093));
#13563=CARTESIAN_POINT('',(-3.6375,0.50855601488902,2.2));
#13564=CARTESIAN_POINT('Origin',(4.48236288367294,-0.691810044843519,1.83236288367294));
#13565=CARTESIAN_POINT('',(4.52679547168223,-0.703715720918235,1.83236288367294));
#13566=CARTESIAN_POINT('',(4.48236288367294,-0.703715720918235,1.87679547168223));
#13567=CARTESIAN_POINT('Origin',(-4.48236288367294,-0.691810044843521,-1.83236288367294));
#13568=CARTESIAN_POINT('',(-4.52679547168224,-0.703715720918238,-1.83236288367294));
#13569=CARTESIAN_POINT('',(-4.48236288367294,-0.703715720918238,-1.87679547168223));
#13570=CARTESIAN_POINT('Origin',(-4.804,0.508556014889018,-1.65));
#13571=CARTESIAN_POINT('',(-4.8484325880093,0.496650338814303,-1.65));
#13572=CARTESIAN_POINT('',(-4.85,0.508556014889018,-1.65));
#13573=CARTESIAN_POINT('Origin',(4.68005848935633,0.0460000000000003,0.55));
#13574=CARTESIAN_POINT('',(4.72449107736562,0.0340943239252843,0.55));
#13575=CARTESIAN_POINT('',(4.68005848935633,2.60208521396521E-16,0.55));
#13576=CARTESIAN_POINT('Origin',(1.2125,0.0460000000000001,-2.03005848935633));
#13577=CARTESIAN_POINT('',(1.2125,0.0340943239252842,-2.07449107736563));
#13578=CARTESIAN_POINT('',(1.2125,6.93889390390723E-17,-2.03005848935633));
#13579=CARTESIAN_POINT('Origin',(-4.56554866306339,-0.381356489691132,1.91554866306339));
#13580=CARTESIAN_POINT('',(-4.60998125107269,-0.393262165765848,1.91554866306339));
#13581=CARTESIAN_POINT('',(-4.56554866306339,-0.393262165765848,1.95998125107269));
#13582=CARTESIAN_POINT('Origin',(-1.2125,0.0459999999999999,2.03005848935633));
#13583=CARTESIAN_POINT('',(-1.2125,0.034094323925284,2.07449107736563));
#13584=CARTESIAN_POINT('',(-1.2125,-6.93889390390723E-17,2.03005848935633));
#13585=CARTESIAN_POINT('Origin',(-4.68005848935633,0.0459999999999997,-0.549999999999999));
#13586=CARTESIAN_POINT('',(-4.72449107736563,0.0340943239252835,-0.549999999999999));
#13587=CARTESIAN_POINT('',(-4.68005848935633,-2.60208521396521E-16,-0.549999999999999));
#13588=CARTESIAN_POINT('Origin',(4.78267776540168,0.89875,1.1));
#13589=CARTESIAN_POINT('Origin',(4.85,0.,2.2));
#13590=CARTESIAN_POINT('Origin',(4.85,0.,-2.2));
#13591=CARTESIAN_POINT('Origin',(2.425,0.89875,-2.13267776540168));
#13592=CARTESIAN_POINT('Origin',(-2.425,0.89875,2.13267776540168));
#13593=CARTESIAN_POINT('Origin',(-4.78267776540168,0.89875,-1.1));
#13594=CARTESIAN_POINT('Origin',(-4.85,0.,2.2));
#13595=CARTESIAN_POINT('Origin',(-4.85,0.,-2.2));
#13596=CARTESIAN_POINT('Origin',(4.78267776540168,0.25125,1.1));
#13597=CARTESIAN_POINT('Origin',(2.425,0.25125,-2.13267776540168));
#13598=CARTESIAN_POINT('Origin',(-2.425,0.25125,2.13267776540168));
#13599=CARTESIAN_POINT('Origin',(-4.78267776540168,0.25125,-1.1));
#13600=CARTESIAN_POINT('Origin',(-1.77163248610397E-15,0.,2.34249184273748E-16));
#13601=CARTESIAN_POINT('',(0.,0.,0.));
#13602=CARTESIAN_POINT('Origin',(-0.09859375,-0.06109375,-0.01140625));
#13603=CARTESIAN_POINT('',(-0.09859375,-0.0725,-0.01140625));
#13604=CARTESIAN_POINT('',(-0.11,-0.06109375,-0.01140625));
#13605=CARTESIAN_POINT('Origin',(-0.09859375,-0.06109375,-0.01140625));
#13606=CARTESIAN_POINT('',(-0.09859375,-0.06109375,0.));
#13607=CARTESIAN_POINT('Origin',(-0.09859375,-0.06109375,-0.01140625));
#13608=CARTESIAN_POINT('Origin',(-0.09859375,-0.06109375,-0.01140625));
#13609=CARTESIAN_POINT('Origin',(0.09859375,-0.06109375,-0.01140625));
#13610=CARTESIAN_POINT('',(0.09859375,-0.06109375,0.));
#13611=CARTESIAN_POINT('',(0.11,-0.06109375,-0.01140625));
#13612=CARTESIAN_POINT('Origin',(0.09859375,-0.06109375,-0.01140625));
#13613=CARTESIAN_POINT('',(0.09859375,-0.0725,-0.01140625));
#13614=CARTESIAN_POINT('Origin',(0.09859375,-0.06109375,-0.01140625));
#13615=CARTESIAN_POINT('Origin',(0.09859375,-0.06109375,-0.01140625));
#13616=CARTESIAN_POINT('Origin',(0.055,-0.06109375,-0.01140625));
#13617=CARTESIAN_POINT('',(0.055,-0.06109375,0.));
#13618=CARTESIAN_POINT('',(0.055,-0.0725,-0.01140625));
#13619=CARTESIAN_POINT('Origin',(0.09859375,-0.06109375,-7.63825314309608E-18));
#13620=CARTESIAN_POINT('',(0.09859375,-0.0725,-0.2775));
#13621=CARTESIAN_POINT('',(0.11,-0.0610937499999999,-0.2775));
#13622=CARTESIAN_POINT('Origin',(0.09859375,-0.06109375,-0.2775));
#13623=CARTESIAN_POINT('',(0.11,-0.06109375,-7.63825314309608E-18));
#13624=CARTESIAN_POINT('',(0.09859375,-0.0725,-9.0643208654644E-18));
#13625=CARTESIAN_POINT('Origin',(0.09859375,0.25,-0.2775));
#13626=CARTESIAN_POINT('',(0.09859375,0.25,-0.6));
#13627=CARTESIAN_POINT('',(0.11,0.25,-0.58859375));
#13628=CARTESIAN_POINT('Origin',(0.09859375,0.25,-0.58859375));
#13629=CARTESIAN_POINT('Origin',(0.11,0.25,-0.2775));
#13630=CARTESIAN_POINT('Origin',(0.09859375,0.25,-0.2775));
#13631=CARTESIAN_POINT('Origin',(0.0985937499999999,0.16125,-0.58859375));
#13632=CARTESIAN_POINT('',(0.0985937499999998,0.3025,-0.6));
#13633=CARTESIAN_POINT('',(0.11,0.3025,-0.58859375));
#13634=CARTESIAN_POINT('Origin',(0.0985937499999998,0.3025,-0.58859375));
#13635=CARTESIAN_POINT('',(0.11,0.16125,-0.58859375));
#13636=CARTESIAN_POINT('',(0.0985937499999999,0.16125,-0.6));
#13637=CARTESIAN_POINT('Origin',(0.09859375,0.3025,-0.7775));
#13638=CARTESIAN_POINT('',(0.0985937499999999,0.48,-0.7775));
#13639=CARTESIAN_POINT('',(0.11,0.49140625,-0.7775));
#13640=CARTESIAN_POINT('Origin',(0.0985937499999999,0.49140625,-0.7775));
#13641=CARTESIAN_POINT('Origin',(0.11,0.3025,-0.7775));
#13642=CARTESIAN_POINT('Origin',(0.09859375,0.3025,-0.7775));
#13643=CARTESIAN_POINT('Origin',(0.0985937499999998,0.49140625,-0.38875));
#13644=CARTESIAN_POINT('',(0.0985937499999998,0.48,-1.));
#13645=CARTESIAN_POINT('',(0.11,0.49140625,-1.));
#13646=CARTESIAN_POINT('Origin',(0.0985937499999998,0.49140625,-1.));
#13647=CARTESIAN_POINT('',(0.11,0.49140625,-0.38875));
#13648=CARTESIAN_POINT('',(0.0985937499999998,0.48,-0.38875));
#13649=CARTESIAN_POINT('Origin',(-0.09859375,0.06109375,-0.01140625));
#13650=CARTESIAN_POINT('',(-0.09859375,0.06109375,0.));
#13651=CARTESIAN_POINT('',(-0.11,0.06109375,-0.01140625));
#13652=CARTESIAN_POINT('Origin',(-0.09859375,0.06109375,-0.01140625));
#13653=CARTESIAN_POINT('',(-0.09859375,0.0725,-0.01140625));
#13654=CARTESIAN_POINT('Origin',(-0.09859375,0.06109375,-0.01140625));
#13655=CARTESIAN_POINT('Origin',(-0.09859375,0.06109375,-0.01140625));
#13656=CARTESIAN_POINT('Origin',(0.09859375,0.06109375,-0.01140625));
#13657=CARTESIAN_POINT('',(0.09859375,0.06109375,0.));
#13658=CARTESIAN_POINT('',(0.09859375,0.0725,-0.01140625));
#13659=CARTESIAN_POINT('Origin',(0.09859375,0.06109375,-0.01140625));
#13660=CARTESIAN_POINT('',(0.11,0.06109375,-0.01140625));
#13661=CARTESIAN_POINT('Origin',(0.09859375,0.06109375,-0.01140625));
#13662=CARTESIAN_POINT('Origin',(0.09859375,0.06109375,-0.01140625));
#13663=CARTESIAN_POINT('Origin',(0.09859375,0.03625,-0.01140625));
#13664=CARTESIAN_POINT('',(0.09859375,0.03625,0.));
#13665=CARTESIAN_POINT('',(0.11,0.03625,-0.01140625));
#13666=CARTESIAN_POINT('Origin',(0.09859375,0.06109375,-1.42606772236832E-18));
#13667=CARTESIAN_POINT('',(0.11,0.06109375,-0.2775));
#13668=CARTESIAN_POINT('',(0.09859375,0.0725,-0.2775));
#13669=CARTESIAN_POINT('Origin',(0.09859375,0.06109375,-0.2775));
#13670=CARTESIAN_POINT('',(0.09859375,0.0725,-1.68518870133883E-33));
#13671=CARTESIAN_POINT('',(0.11,0.06109375,-1.42606772236832E-18));
#13672=CARTESIAN_POINT('Origin',(0.09859375,0.25,-0.2775));
#13673=CARTESIAN_POINT('',(0.11,0.25,-0.46640625));
#13674=CARTESIAN_POINT('',(0.09859375,0.25,-0.455));
#13675=CARTESIAN_POINT('Origin',(0.09859375,0.25,-0.46640625));
#13676=CARTESIAN_POINT('Origin',(0.09859375,0.25,-0.2775));
#13677=CARTESIAN_POINT('Origin',(0.11,0.25,-0.2775));
#13678=CARTESIAN_POINT('Origin',(0.0985937499999999,0.16125,-0.46640625));
#13679=CARTESIAN_POINT('',(0.11,0.3025,-0.46640625));
#13680=CARTESIAN_POINT('',(0.0985937499999999,0.3025,-0.455));
#13681=CARTESIAN_POINT('Origin',(0.0985937499999999,0.3025,-0.46640625));
#13682=CARTESIAN_POINT('',(0.0985937499999999,0.16125,-0.455));
#13683=CARTESIAN_POINT('',(0.11,0.16125,-0.46640625));
#13684=CARTESIAN_POINT('Origin',(0.09859375,0.3025,-0.7775));
#13685=CARTESIAN_POINT('',(0.11,0.61359375,-0.7775));
#13686=CARTESIAN_POINT('',(0.0985937499999998,0.625,-0.7775));
#13687=CARTESIAN_POINT('Origin',(0.0985937499999998,0.61359375,-0.7775));
#13688=CARTESIAN_POINT('Origin',(0.09859375,0.3025,-0.7775));
#13689=CARTESIAN_POINT('Origin',(0.11,0.3025,-0.7775));
#13690=CARTESIAN_POINT('Origin',(0.0985937499999997,0.61359375,-0.38875));
#13691=CARTESIAN_POINT('',(0.11,0.61359375,-1.));
#13692=CARTESIAN_POINT('',(0.0985937499999997,0.625,-1.));
#13693=CARTESIAN_POINT('Origin',(0.0985937499999997,0.61359375,-1.));
#13694=CARTESIAN_POINT('',(0.0985937499999997,0.625,-0.38875));
#13695=CARTESIAN_POINT('',(0.11,0.61359375,-0.38875));
#13696=CARTESIAN_POINT('Origin',(-0.055,0.06109375,-0.01140625));
#13697=CARTESIAN_POINT('',(-0.055,0.06109375,0.));
#13698=CARTESIAN_POINT('',(-0.055,0.0725,-0.01140625));
#13699=CARTESIAN_POINT('Origin',(-0.09859375,0.06109375,7.63825314309608E-18));
#13700=CARTESIAN_POINT('',(-0.09859375,0.0725000000000001,-0.2775));
#13701=CARTESIAN_POINT('',(-0.11,0.0610937500000001,-0.2775));
#13702=CARTESIAN_POINT('Origin',(-0.09859375,0.0610937500000001,-0.2775));
#13703=CARTESIAN_POINT('',(-0.11,0.06109375,7.63825314309608E-18));
#13704=CARTESIAN_POINT('',(-0.09859375,0.0725,9.0643208654644E-18));
#13705=CARTESIAN_POINT('Origin',(-0.09859375,0.25,-0.2775));
#13706=CARTESIAN_POINT('',(-0.09859375,0.25,-0.455));
#13707=CARTESIAN_POINT('',(-0.11,0.25,-0.46640625));
#13708=CARTESIAN_POINT('Origin',(-0.09859375,0.25,-0.46640625));
#13709=CARTESIAN_POINT('Origin',(-0.11,0.25,-0.2775));
#13710=CARTESIAN_POINT('Origin',(-0.09859375,0.25,-0.2775));
#13711=CARTESIAN_POINT('Origin',(-0.09859375,0.0887500000000001,-0.46640625));
#13712=CARTESIAN_POINT('',(-0.0985937500000001,0.3025,-0.455));
#13713=CARTESIAN_POINT('',(-0.11,0.3025,-0.46640625));
#13714=CARTESIAN_POINT('Origin',(-0.0985937500000001,0.3025,-0.46640625));
#13715=CARTESIAN_POINT('',(-0.11,0.0887500000000001,-0.46640625));
#13716=CARTESIAN_POINT('',(-0.09859375,0.0887500000000001,-0.455));
#13717=CARTESIAN_POINT('Origin',(-0.09859375,0.3025,-0.7775));
#13718=CARTESIAN_POINT('',(-0.0985937500000001,0.625,-0.7775));
#13719=CARTESIAN_POINT('',(-0.11,0.61359375,-0.7775));
#13720=CARTESIAN_POINT('Origin',(-0.0985937500000001,0.61359375,-0.7775));
#13721=CARTESIAN_POINT('Origin',(-0.11,0.3025,-0.7775));
#13722=CARTESIAN_POINT('Origin',(-0.09859375,0.3025,-0.7775));
#13723=CARTESIAN_POINT('Origin',(-0.0985937500000002,0.61359375,-0.38875));
#13724=CARTESIAN_POINT('',(-0.0985937500000002,0.625,-1.));
#13725=CARTESIAN_POINT('',(-0.11,0.61359375,-1.));
#13726=CARTESIAN_POINT('Origin',(-0.0985937500000002,0.61359375,-1.));
#13727=CARTESIAN_POINT('',(-0.11,0.61359375,-0.38875));
#13728=CARTESIAN_POINT('',(-0.0985937500000002,0.625,-0.38875));
#13729=CARTESIAN_POINT('Origin',(-0.09859375,-0.03625,-0.01140625));
#13730=CARTESIAN_POINT('',(-0.09859375,-0.03625,0.));
#13731=CARTESIAN_POINT('',(-0.11,-0.03625,-0.01140625));
#13732=CARTESIAN_POINT('Origin',(-0.09859375,-0.06109375,1.42606772236832E-18));
#13733=CARTESIAN_POINT('',(-0.11,-0.06109375,-0.2775));
#13734=CARTESIAN_POINT('',(-0.09859375,-0.0725,-0.2775));
#13735=CARTESIAN_POINT('Origin',(-0.09859375,-0.06109375,-0.2775));
#13736=CARTESIAN_POINT('',(-0.09859375,-0.0725,1.44444745829043E-33));
#13737=CARTESIAN_POINT('',(-0.11,-0.06109375,1.42606772236832E-18));
#13738=CARTESIAN_POINT('Origin',(-0.09859375,0.25,-0.2775));
#13739=CARTESIAN_POINT('',(-0.11,0.25,-0.58859375));
#13740=CARTESIAN_POINT('',(-0.09859375,0.25,-0.6));
#13741=CARTESIAN_POINT('Origin',(-0.09859375,0.25,-0.58859375));
#13742=CARTESIAN_POINT('Origin',(-0.09859375,0.25,-0.2775));
#13743=CARTESIAN_POINT('Origin',(-0.11,0.25,-0.2775));
#13744=CARTESIAN_POINT('Origin',(-0.0985937500000001,0.0887500000000001,
-0.58859375));
#13745=CARTESIAN_POINT('',(-0.11,0.3025,-0.58859375));
#13746=CARTESIAN_POINT('',(-0.0985937500000001,0.3025,-0.6));
#13747=CARTESIAN_POINT('Origin',(-0.0985937500000001,0.3025,-0.58859375));
#13748=CARTESIAN_POINT('',(-0.0985937500000001,0.0887500000000001,-0.6));
#13749=CARTESIAN_POINT('',(-0.11,0.0887500000000001,-0.58859375));
#13750=CARTESIAN_POINT('Origin',(-0.09859375,0.3025,-0.7775));
#13751=CARTESIAN_POINT('',(-0.11,0.49140625,-0.7775));
#13752=CARTESIAN_POINT('',(-0.0985937500000001,0.48,-0.7775));
#13753=CARTESIAN_POINT('Origin',(-0.0985937500000001,0.49140625,-0.7775));
#13754=CARTESIAN_POINT('Origin',(-0.09859375,0.3025,-0.7775));
#13755=CARTESIAN_POINT('Origin',(-0.11,0.3025,-0.7775));
#13756=CARTESIAN_POINT('Origin',(-0.0985937500000002,0.49140625,-0.38875));
#13757=CARTESIAN_POINT('',(-0.11,0.49140625,-1.));
#13758=CARTESIAN_POINT('',(-0.0985937500000002,0.48,-1.));
#13759=CARTESIAN_POINT('Origin',(-0.0985937500000002,0.49140625,-1.));
#13760=CARTESIAN_POINT('',(-0.0985937500000002,0.48,-0.38875));
#13761=CARTESIAN_POINT('',(-0.11,0.49140625,-0.38875));
#13762=CARTESIAN_POINT('Origin',(0.11,-0.0725,0.));
#13763=CARTESIAN_POINT('',(-0.11,-0.0725,-0.2775));
#13764=CARTESIAN_POINT('Origin',(1.73472347597681E-17,0.25,-0.2775));
#13765=CARTESIAN_POINT('',(-0.11,0.25,-0.6));
#13766=CARTESIAN_POINT('Origin',(0.11,0.25,-0.6));
#13767=CARTESIAN_POINT('',(-0.11,0.3025,-0.6));
#13768=CARTESIAN_POINT('Origin',(1.73472347597681E-17,0.3025,-0.7775));
#13769=CARTESIAN_POINT('',(-0.11,0.48,-0.7775));
#13770=CARTESIAN_POINT('Origin',(0.11,0.48,-0.7775));
#13771=CARTESIAN_POINT('',(-0.11,0.48,-1.));
#13772=CARTESIAN_POINT('Origin',(-0.11,-0.0725,0.));
#13773=CARTESIAN_POINT('',(-0.11,0.625,-1.));
#13774=CARTESIAN_POINT('Origin',(-2.22781268318939E-17,0.5525,-1.));
#13775=CARTESIAN_POINT('',(0.11,0.625,-1.));
#13776=CARTESIAN_POINT('',(0.11,0.48,-1.));
#13777=CARTESIAN_POINT('Origin',(-2.22781268318939E-17,9.01521532463974E-18,
0.));
#13778=CARTESIAN_POINT('Origin',(-0.11,0.625,-0.7775));
#13779=CARTESIAN_POINT('',(0.11,0.625,-0.7775));
#13780=CARTESIAN_POINT('Origin',(-5.20417042793042E-17,0.3025,-0.7775));
#13781=CARTESIAN_POINT('',(0.11,0.3025,-0.455));
#13782=CARTESIAN_POINT('Origin',(-0.11,0.25,-0.455));
#13783=CARTESIAN_POINT('',(0.11,0.25,-0.455));
#13784=CARTESIAN_POINT('Origin',(-5.20417042793042E-17,0.25,-0.2775));
#13785=CARTESIAN_POINT('',(0.11,0.0725,-0.2775));
#13786=CARTESIAN_POINT('Origin',(0.11,0.0725,0.));
#13787=CARTESIAN_POINT('Origin',(-0.11,0.0725,0.));
#13788=CARTESIAN_POINT('',(0.,0.05,0.));
#13789=CARTESIAN_POINT('',(4.5,0.0724999999999999,3.19999999999999));
#13790=CARTESIAN_POINT('',(4.,0.0724999999999999,3.19999999999999));
#13791=CARTESIAN_POINT('',(3.5,0.0724999999999999,3.19999999999999));
#13792=CARTESIAN_POINT('',(3.,0.0724999999999999,3.19999999999999));
#13793=CARTESIAN_POINT('',(2.5,0.0724999999999999,3.19999999999999));
#13794=CARTESIAN_POINT('',(2.,0.0724999999999999,3.19999999999999));
#13795=CARTESIAN_POINT('',(1.5,0.0724999999999999,3.19999999999999));
#13796=CARTESIAN_POINT('',(1.,0.0724999999999999,3.19999999999999));
#13797=CARTESIAN_POINT('',(0.5,0.0724999999999999,3.19999999999999));
#13798=CARTESIAN_POINT('',(5.55111512312578E-16,0.0724999999999999,3.19999999999999));
#13799=CARTESIAN_POINT('',(-0.499999999999999,0.0724999999999999,3.19999999999999));
#13800=CARTESIAN_POINT('',(-1.,0.0724999999999999,3.19999999999999));
#13801=CARTESIAN_POINT('',(-1.5,0.0724999999999999,3.19999999999999));
#13802=CARTESIAN_POINT('',(-2.,0.0724999999999999,3.19999999999999));
#13803=CARTESIAN_POINT('',(-2.5,0.0724999999999999,3.19999999999999));
#13804=CARTESIAN_POINT('',(-3.,0.0724999999999999,3.19999999999999));
#13805=CARTESIAN_POINT('',(-3.5,0.0724999999999999,3.19999999999999));
#13806=CARTESIAN_POINT('',(-4.,0.0724999999999999,3.19999999999999));
#13807=CARTESIAN_POINT('',(-4.5,0.0724999999999999,3.19999999999999));
#13808=CARTESIAN_POINT('',(-4.5,0.0724999999999999,-3.19999999999999));
#13809=CARTESIAN_POINT('',(-4.,0.0724999999999999,-3.19999999999999));
#13810=CARTESIAN_POINT('',(-3.5,0.0724999999999999,-3.19999999999999));
#13811=CARTESIAN_POINT('',(-3.,0.0724999999999999,-3.19999999999999));
#13812=CARTESIAN_POINT('',(-2.5,0.0724999999999999,-3.19999999999999));
#13813=CARTESIAN_POINT('',(-2.,0.0724999999999999,-3.19999999999999));
#13814=CARTESIAN_POINT('',(-1.5,0.0724999999999999,-3.19999999999999));
#13815=CARTESIAN_POINT('',(-1.,0.0724999999999999,-3.19999999999999));
#13816=CARTESIAN_POINT('',(-0.5,0.0724999999999999,-3.19999999999999));
#13817=CARTESIAN_POINT('',(0.,0.0724999999999999,-3.19999999999999));
#13818=CARTESIAN_POINT('',(0.5,0.0724999999999999,-3.19999999999999));
#13819=CARTESIAN_POINT('',(1.,0.0724999999999999,-3.19999999999999));
#13820=CARTESIAN_POINT('',(1.5,0.0724999999999999,-3.19999999999999));
#13821=CARTESIAN_POINT('',(2.,0.0724999999999999,-3.19999999999999));
#13822=CARTESIAN_POINT('',(2.5,0.0724999999999999,-3.19999999999999));
#13823=CARTESIAN_POINT('',(3.,0.0724999999999999,-3.19999999999999));
#13824=CARTESIAN_POINT('',(3.5,0.0724999999999999,-3.19999999999999));
#13825=CARTESIAN_POINT('',(4.,0.0724999999999999,-3.19999999999999));
#13826=CARTESIAN_POINT('',(4.5,0.0724999999999999,-3.19999999999999));
#13827=UNCERTAINTY_MEASURE_WITH_UNIT(LENGTH_MEASURE(0.01),#13835,
'DISTANCE_ACCURACY_VALUE',
'Maximum model space distance between geometric entities at asserted c
onnectivities');
#13828=UNCERTAINTY_MEASURE_WITH_UNIT(LENGTH_MEASURE(0.01),#13835,
'DISTANCE_ACCURACY_VALUE',
'Maximum model space distance between geometric entities at asserted c
onnectivities');
#13829=UNCERTAINTY_MEASURE_WITH_UNIT(LENGTH_MEASURE(0.01),#13835,
'DISTANCE_ACCURACY_VALUE',
'Maximum model space distance between geometric entities at asserted c
onnectivities');
#13830=UNCERTAINTY_MEASURE_WITH_UNIT(LENGTH_MEASURE(1.E-6),#13835,
'DISTANCE_ACCURACY_VALUE',
'Maximum model space distance between geometric entities at asserted c
onnectivities');
#13831=(
GEOMETRIC_REPRESENTATION_CONTEXT(3)
GLOBAL_UNCERTAINTY_ASSIGNED_CONTEXT((#13827))
GLOBAL_UNIT_ASSIGNED_CONTEXT((#13835,#13838,#13836))
REPRESENTATION_CONTEXT('','3D')
);
#13832=(
GEOMETRIC_REPRESENTATION_CONTEXT(3)
GLOBAL_UNCERTAINTY_ASSIGNED_CONTEXT((#13828))
GLOBAL_UNIT_ASSIGNED_CONTEXT((#13835,#13838,#13836))
REPRESENTATION_CONTEXT('','3D')
);
#13833=(
GEOMETRIC_REPRESENTATION_CONTEXT(3)
GLOBAL_UNCERTAINTY_ASSIGNED_CONTEXT((#13829))
GLOBAL_UNIT_ASSIGNED_CONTEXT((#13835,#13838,#13836))
REPRESENTATION_CONTEXT('','3D')
);
#13834=(
GEOMETRIC_REPRESENTATION_CONTEXT(3)
GLOBAL_UNCERTAINTY_ASSIGNED_CONTEXT((#13830))
GLOBAL_UNIT_ASSIGNED_CONTEXT((#13835,#13838,#13836))
REPRESENTATION_CONTEXT('','3D')
);
#13835=(
LENGTH_UNIT()
NAMED_UNIT(*)
SI_UNIT(.MILLI.,.METRE.)
);
#13836=(
NAMED_UNIT(*)
SI_UNIT($,.STERADIAN.)
SOLID_ANGLE_UNIT()
);
#13837=DIMENSIONAL_EXPONENTS(0.,0.,0.,0.,0.,0.,0.);
#13838=(
CONVERSION_BASED_UNIT('degree',#13840)
NAMED_UNIT(#13837)
PLANE_ANGLE_UNIT()
);
#13839=(
NAMED_UNIT(*)
PLANE_ANGLE_UNIT()
SI_UNIT($,.RADIAN.)
);
#13840=PLANE_ANGLE_MEASURE_WITH_UNIT(PLANE_ANGLE_MEASURE(0.01745329252),
#13839);
#13841=SHAPE_DEFINITION_REPRESENTATION(#13844,#13886);
#13842=SHAPE_DEFINITION_REPRESENTATION(#13845,#13887);
#13843=SHAPE_DEFINITION_REPRESENTATION(#13846,#13888);
#13844=PRODUCT_DEFINITION_SHAPE('',$,#13890);
#13845=PRODUCT_DEFINITION_SHAPE('',$,#13891);
#13846=PRODUCT_DEFINITION_SHAPE('',$,#13892);
#13847=PRODUCT_DEFINITION_SHAPE($,$,#128);
#13848=PRODUCT_DEFINITION_SHAPE($,$,#129);
#13849=PRODUCT_DEFINITION_SHAPE($,$,#130);
#13850=PRODUCT_DEFINITION_SHAPE($,$,#131);
#13851=PRODUCT_DEFINITION_SHAPE($,$,#132);
#13852=PRODUCT_DEFINITION_SHAPE($,$,#133);
#13853=PRODUCT_DEFINITION_SHAPE($,$,#134);
#13854=PRODUCT_DEFINITION_SHAPE($,$,#135);
#13855=PRODUCT_DEFINITION_SHAPE($,$,#136);
#13856=PRODUCT_DEFINITION_SHAPE($,$,#137);
#13857=PRODUCT_DEFINITION_SHAPE($,$,#138);
#13858=PRODUCT_DEFINITION_SHAPE($,$,#139);
#13859=PRODUCT_DEFINITION_SHAPE($,$,#140);
#13860=PRODUCT_DEFINITION_SHAPE($,$,#141);
#13861=PRODUCT_DEFINITION_SHAPE($,$,#142);
#13862=PRODUCT_DEFINITION_SHAPE($,$,#143);
#13863=PRODUCT_DEFINITION_SHAPE($,$,#144);
#13864=PRODUCT_DEFINITION_SHAPE($,$,#145);
#13865=PRODUCT_DEFINITION_SHAPE($,$,#146);
#13866=PRODUCT_DEFINITION_SHAPE($,$,#147);
#13867=PRODUCT_DEFINITION_SHAPE($,$,#148);
#13868=PRODUCT_DEFINITION_SHAPE($,$,#149);
#13869=PRODUCT_DEFINITION_SHAPE($,$,#150);
#13870=PRODUCT_DEFINITION_SHAPE($,$,#151);
#13871=PRODUCT_DEFINITION_SHAPE($,$,#152);
#13872=PRODUCT_DEFINITION_SHAPE($,$,#153);
#13873=PRODUCT_DEFINITION_SHAPE($,$,#154);
#13874=PRODUCT_DEFINITION_SHAPE($,$,#155);
#13875=PRODUCT_DEFINITION_SHAPE($,$,#156);
#13876=PRODUCT_DEFINITION_SHAPE($,$,#157);
#13877=PRODUCT_DEFINITION_SHAPE($,$,#158);
#13878=PRODUCT_DEFINITION_SHAPE($,$,#159);
#13879=PRODUCT_DEFINITION_SHAPE($,$,#160);
#13880=PRODUCT_DEFINITION_SHAPE($,$,#161);
#13881=PRODUCT_DEFINITION_SHAPE($,$,#162);
#13882=PRODUCT_DEFINITION_SHAPE($,$,#163);
#13883=PRODUCT_DEFINITION_SHAPE($,$,#164);
#13884=PRODUCT_DEFINITION_SHAPE($,$,#165);
#13885=PRODUCT_DEFINITION_SHAPE($,$,#166);
#13886=SHAPE_REPRESENTATION('',(#7326,#7695,#7696,#7697,#7698,#7699,#7700,
#7701,#7702,#7703,#7704,#7705,#7706,#7707,#7708,#7709,#7710,#7711,#7712,
#7713,#7714,#7715,#7716,#7717,#7718,#7719,#7720,#7721,#7722,#7723,#7724,
#7725,#7726,#7727,#7728,#7729,#7730,#7731,#7732,#7733),#13831);
#13887=SHAPE_REPRESENTATION('',(#7327),#13832);
#13888=SHAPE_REPRESENTATION('',(#7604),#13833);
#13889=PRODUCT_DEFINITION_CONTEXT('part definition',#13900,'design');
#13890=PRODUCT_DEFINITION('TSSOP-38','TSSOP-38',#13893,#13889);
#13891=PRODUCT_DEFINITION('TSSOP-38_Body','TSSOP-38_Body',#13894,#13889);
#13892=PRODUCT_DEFINITION('TSSOP-38_Pin','TSSOP-38_Pin',#13895,#13889);
#13893=PRODUCT_DEFINITION_FORMATION('',$,#13902);
#13894=PRODUCT_DEFINITION_FORMATION('',$,#13903);
#13895=PRODUCT_DEFINITION_FORMATION('',$,#13904);
#13896=PRODUCT_RELATED_PRODUCT_CATEGORY('TSSOP-38','TSSOP-38',(#13902));
#13897=PRODUCT_RELATED_PRODUCT_CATEGORY('TSSOP-38_Body','TSSOP-38_Body',
(#13903));
#13898=PRODUCT_RELATED_PRODUCT_CATEGORY('TSSOP-38_Pin','TSSOP-38_Pin',(#13904));
#13899=APPLICATION_PROTOCOL_DEFINITION('international standard',
'automotive_design',2009,#13900);
#13900=APPLICATION_CONTEXT(
'Core Data for Automotive Mechanical Design Process');
#13901=PRODUCT_CONTEXT('part definition',#13900,'mechanical');
#13902=PRODUCT('TSSOP-38','TSSOP-38',$,(#13901));
#13903=PRODUCT('TSSOP-38_Body','TSSOP-38_Body',$,(#13901));
#13904=PRODUCT('TSSOP-38_Pin','TSSOP-38_Pin',$,(#13901));
ENDSEC;
END-ISO-10303-21;
