ISO-10303-21;
HEADER;
/* Generated by software containing ST-Developer
 * from STEP Tools, Inc. (www.steptools.com) 
 */

FILE_DESCRIPTION(
/* description */ (''),
/* implementation_level */ '2;1');

FILE_NAME(
/* name */ '',
/* time_stamp */ '',
/* author */ (''),
/* organization */ (''),
/* preprocessor_version */ '',
/* originating_system */ '',
/* authorisation */ '');

FILE_SCHEMA (('AUTOMOTIVE_DESIGN { 1 0 10303 214 3 1 1 }'));
ENDSEC;

DATA;
#10=MECHANICAL_DESIGN_GEOMETRIC_PRESENTATION_REPRESENTATION('',(#140,#137,
#141,#138,#139,#147,#152,#154,#148,#150,#151,#146,#145,#149,#153,#143,#142,
#144,#160,#172,#158,#165,#163,#168,#157,#159,#161,#174,#175,#155,#176,#166,
#169,#170,#156,#164,#171,#162,#167,#173,#181,#178,#186,#187,#184,#180,#185,
#183,#188,#189,#182,#179,#177,#190,#200,#206,#196,#209,#193,#204,#205,#207,
#199,#210,#201,#192,#197,#203,#194,#208,#202,#211,#212,#195,#191,#198,#222,
#216,#227,#226,#213,#218,#229,#230,#223,#231,#220,#217,#224,#225,#228,#214,
#219,#215,#221,#236,#243,#234,#248,#239,#249,#235,#241,#237,#244,#238,#232,
#233,#240,#246,#247,#250,#242,#245,#259,#261,#264,#263,#252,#255,#262,#266,
#254,#267,#268,#251,#265,#270,#269,#253,#257,#256,#258,#260,#280,#275,#282,
#273,#272,#277,#279,#281,#274,#276,#284,#285,#283,#271,#278,#294,#290,#295,
#296,#297,#291,#293,#303,#298,#299,#287,#304,#300,#289,#301,#302,#286,#292,
#288,#305,#306,#307,#313,#319,#323,#309,#316,#308,#317,#322,#314,#320,#321,
#318,#310,#312,#315,#311,#334,#336,#338,#339,#342,#344,#337,#341,#324,#340,
#335,#343,#329,#326,#328,#331,#332,#325,#327,#333,#330),#13015);
#11=ITEM_DEFINED_TRANSFORMATION($,$,#7619,#8062);
#12=ITEM_DEFINED_TRANSFORMATION($,$,#7894,#8063);
#13=(
REPRESENTATION_RELATIONSHIP($,$,#13031,#13030)
REPRESENTATION_RELATIONSHIP_WITH_TRANSFORMATION(#11)
SHAPE_REPRESENTATION_RELATIONSHIP()
);
#14=(
REPRESENTATION_RELATIONSHIP($,$,#13032,#13030)
REPRESENTATION_RELATIONSHIP_WITH_TRANSFORMATION(#12)
SHAPE_REPRESENTATION_RELATIONSHIP()
);
#15=CONTEXT_DEPENDENT_SHAPE_REPRESENTATION(#13,#13028);
#16=CONTEXT_DEPENDENT_SHAPE_REPRESENTATION(#14,#13029);
#17=NEXT_ASSEMBLY_USAGE_OCCURRENCE('Linear Technology UD-20_Body:1',
'Linear Technology UD-20_Body:1','Linear Technology UD-20_Body:1',#13034,
#13035,'Linear Technology UD-20_Body:1');
#18=NEXT_ASSEMBLY_USAGE_OCCURRENCE('Linear Technology UD-20_Leads:1',
'Linear Technology UD-20_Leads:1','Linear Technology UD-20_Leads:1',#13034,
#13036,'Linear Technology UD-20_Leads:1');
#19=SHAPE_REPRESENTATION_RELATIONSHIP('SRR','None',#13031,#21);
#20=SHAPE_REPRESENTATION_RELATIONSHIP('SRR','None',#13032,#22);
#21=ADVANCED_BREP_SHAPE_REPRESENTATION('',(#23),#13013);
#22=ADVANCED_BREP_SHAPE_REPRESENTATION('',(#24,#25,#26,#27,#28,#29,#30,
#31,#32,#33,#34,#35,#36,#37,#38,#39,#40,#41,#42,#43,#44),#13014);
#23=MANIFOLD_SOLID_BREP('Solid1',#7575);
#24=MANIFOLD_SOLID_BREP('Solid1',#7576);
#25=MANIFOLD_SOLID_BREP('Solid1',#7577);
#26=MANIFOLD_SOLID_BREP('Solid1',#7578);
#27=MANIFOLD_SOLID_BREP('Solid1',#7579);
#28=MANIFOLD_SOLID_BREP('Solid1',#7580);
#29=MANIFOLD_SOLID_BREP('Solid1',#7581);
#30=MANIFOLD_SOLID_BREP('Solid1',#7582);
#31=MANIFOLD_SOLID_BREP('Solid1',#7583);
#32=MANIFOLD_SOLID_BREP('Solid1',#7584);
#33=MANIFOLD_SOLID_BREP('Solid1',#7585);
#34=MANIFOLD_SOLID_BREP('Solid1',#7586);
#35=MANIFOLD_SOLID_BREP('Solid1',#7587);
#36=MANIFOLD_SOLID_BREP('Solid1',#7588);
#37=MANIFOLD_SOLID_BREP('Solid1',#7589);
#38=MANIFOLD_SOLID_BREP('Solid1',#7590);
#39=MANIFOLD_SOLID_BREP('Solid1',#7591);
#40=MANIFOLD_SOLID_BREP('Solid1',#7592);
#41=MANIFOLD_SOLID_BREP('Solid1',#7593);
#42=MANIFOLD_SOLID_BREP('Solid1',#7594);
#43=MANIFOLD_SOLID_BREP('Solid1',#7595);
#44=MANIFOLD_SOLID_BREP('Solid1',#7596);
#45=B_SPLINE_SURFACE_WITH_KNOTS('',2,1,((#10764,#10765),(#10766,#10767),
(#10768,#10769),(#10770,#10771)),.UNSPECIFIED.,.F.,.F.,.F.,(3,1,3),(2,2),
(-2.,-1.,0.),(0.,0.000100000000000003),.UNSPECIFIED.);
#46=B_SPLINE_SURFACE_WITH_KNOTS('',2,1,((#10786,#10787),(#10788,#10789),
(#10790,#10791),(#10792,#10793)),.UNSPECIFIED.,.F.,.F.,.F.,(3,1,3),(2,2),
(-2.,-1.,0.),(0.,0.000100000000000003),.UNSPECIFIED.);
#47=B_SPLINE_SURFACE_WITH_KNOTS('',2,1,((#10805,#10806),(#10807,#10808),
(#10809,#10810),(#10811,#10812)),.UNSPECIFIED.,.F.,.F.,.F.,(3,1,3),(2,2),
(-2.,-1.,0.),(0.,0.000100000000000003),.UNSPECIFIED.);
#48=B_SPLINE_SURFACE_WITH_KNOTS('',2,1,((#10824,#10825),(#10826,#10827),
(#10828,#10829),(#10830,#10831)),.UNSPECIFIED.,.F.,.F.,.F.,(3,1,3),(2,2),
(-2.,-1.,0.),(0.,0.000100000000000003),.UNSPECIFIED.);
#49=B_SPLINE_SURFACE_WITH_KNOTS('',2,1,((#10843,#10844),(#10845,#10846),
(#10847,#10848),(#10849,#10850)),.UNSPECIFIED.,.F.,.F.,.F.,(3,1,3),(2,2),
(-2.,-1.,0.),(0.,0.000100000000000003),.UNSPECIFIED.);
#50=B_SPLINE_SURFACE_WITH_KNOTS('',2,1,((#10862,#10863),(#10864,#10865),
(#10866,#10867),(#10868,#10869)),.UNSPECIFIED.,.F.,.F.,.F.,(3,1,3),(2,2),
(-2.,-1.,0.),(0.,0.000100000000000003),.UNSPECIFIED.);
#51=B_SPLINE_SURFACE_WITH_KNOTS('',2,1,((#10881,#10882),(#10883,#10884),
(#10885,#10886),(#10887,#10888)),.UNSPECIFIED.,.F.,.F.,.F.,(3,1,3),(2,2),
(-2.,-1.,0.),(0.,0.000100000000000003),.UNSPECIFIED.);
#52=B_SPLINE_SURFACE_WITH_KNOTS('',2,1,((#10900,#10901),(#10902,#10903),
(#10904,#10905),(#10906,#10907)),.UNSPECIFIED.,.F.,.F.,.F.,(3,1,3),(2,2),
(-2.,-1.,0.),(0.,0.000100000000000003),.UNSPECIFIED.);
#53=B_SPLINE_SURFACE_WITH_KNOTS('',2,1,((#10916,#10917),(#10918,#10919),
(#10920,#10921),(#10922,#10923)),.UNSPECIFIED.,.F.,.F.,.F.,(3,1,3),(2,2),
(0.,1.,2.),(0.,0.000100000000000003),.UNSPECIFIED.);
#54=B_SPLINE_SURFACE_WITH_KNOTS('',2,1,((#10932,#10933),(#10934,#10935),
(#10936,#10937),(#10938,#10939)),.UNSPECIFIED.,.F.,.F.,.F.,(3,1,3),(2,2),
(0.,1.,2.),(0.,0.000100000000000003),.UNSPECIFIED.);
#55=B_SPLINE_SURFACE_WITH_KNOTS('',2,1,((#10946,#10947),(#10948,#10949),
(#10950,#10951),(#10952,#10953)),.UNSPECIFIED.,.F.,.F.,.F.,(3,1,3),(2,2),
(0.,1.,2.),(0.,0.000100000000000003),.UNSPECIFIED.);
#56=B_SPLINE_SURFACE_WITH_KNOTS('',2,1,((#10960,#10961),(#10962,#10963),
(#10964,#10965),(#10966,#10967)),.UNSPECIFIED.,.F.,.F.,.F.,(3,1,3),(2,2),
(0.,1.,2.),(0.,0.000100000000000003),.UNSPECIFIED.);
#57=B_SPLINE_SURFACE_WITH_KNOTS('',2,1,((#11031,#11032),(#11033,#11034),
(#11035,#11036),(#11037,#11038)),.UNSPECIFIED.,.F.,.F.,.F.,(3,1,3),(2,2),
(-2.,-1.,0.),(0.,0.000100000000000003),.UNSPECIFIED.);
#58=B_SPLINE_SURFACE_WITH_KNOTS('',2,1,((#11047,#11048),(#11049,#11050),
(#11051,#11052),(#11053,#11054)),.UNSPECIFIED.,.F.,.F.,.F.,(3,1,3),(2,2),
(-2.,-1.,0.),(0.,0.000100000000000003),.UNSPECIFIED.);
#59=B_SPLINE_SURFACE_WITH_KNOTS('',2,1,((#11066,#11067),(#11068,#11069),
(#11070,#11071),(#11072,#11073)),.UNSPECIFIED.,.F.,.F.,.F.,(3,1,3),(2,2),
(-2.,-1.,0.),(0.,0.000100000000000003),.UNSPECIFIED.);
#60=B_SPLINE_SURFACE_WITH_KNOTS('',2,1,((#11079,#11080),(#11081,#11082),
(#11083,#11084),(#11085,#11086)),.UNSPECIFIED.,.F.,.F.,.F.,(3,1,3),(2,2),
(-2.,-1.,0.),(0.,0.000100000000000003),.UNSPECIFIED.);
#61=B_SPLINE_SURFACE_WITH_KNOTS('',2,1,((#11098,#11099),(#11100,#11101),
(#11102,#11103),(#11104,#11105)),.UNSPECIFIED.,.F.,.F.,.F.,(3,1,3),(2,2),
(-2.,-1.,0.),(0.,0.000100000000000003),.UNSPECIFIED.);
#62=B_SPLINE_SURFACE_WITH_KNOTS('',2,1,((#11117,#11118),(#11119,#11120),
(#11121,#11122),(#11123,#11124)),.UNSPECIFIED.,.F.,.F.,.F.,(3,1,3),(2,2),
(-2.,-1.,0.),(0.,0.000100000000000003),.UNSPECIFIED.);
#63=B_SPLINE_SURFACE_WITH_KNOTS('',2,1,((#11143,#11144),(#11145,#11146),
(#11147,#11148),(#11149,#11150)),.UNSPECIFIED.,.F.,.F.,.F.,(3,1,3),(2,2),
(0.,1.,2.),(0.,0.000100000000000003),.UNSPECIFIED.);
#64=B_SPLINE_SURFACE_WITH_KNOTS('',2,1,((#11157,#11158),(#11159,#11160),
(#11161,#11162),(#11163,#11164)),.UNSPECIFIED.,.F.,.F.,.F.,(3,1,3),(2,2),
(0.,1.,2.),(0.,0.000100000000000003),.UNSPECIFIED.);
#65=B_SPLINE_SURFACE_WITH_KNOTS('',2,1,((#11171,#11172),(#11173,#11174),
(#11175,#11176),(#11177,#11178)),.UNSPECIFIED.,.F.,.F.,.F.,(3,1,3),(2,2),
(0.,1.,2.),(0.,0.000100000000000003),.UNSPECIFIED.);
#66=B_SPLINE_SURFACE_WITH_KNOTS('',2,1,((#11182,#11183),(#11184,#11185),
(#11186,#11187),(#11188,#11189)),.UNSPECIFIED.,.F.,.F.,.F.,(3,1,3),(2,2),
(0.,1.,2.),(0.,0.000100000000000003),.UNSPECIFIED.);
#67=B_SPLINE_SURFACE_WITH_KNOTS('',2,1,((#11196,#11197),(#11198,#11199),
(#11200,#11201),(#11202,#11203)),.UNSPECIFIED.,.F.,.F.,.F.,(3,1,3),(2,2),
(0.,1.,2.),(0.,0.000100000000000003),.UNSPECIFIED.);
#68=B_SPLINE_SURFACE_WITH_KNOTS('',2,1,((#11210,#11211),(#11212,#11213),
(#11214,#11215),(#11216,#11217)),.UNSPECIFIED.,.F.,.F.,.F.,(3,1,3),(2,2),
(0.,1.,2.),(0.,0.000100000000000003),.UNSPECIFIED.);
#69=B_SPLINE_SURFACE_WITH_KNOTS('',2,1,((#11224,#11225),(#11226,#11227),
(#11228,#11229),(#11230,#11231)),.UNSPECIFIED.,.F.,.F.,.F.,(3,1,3),(2,2),
(0.,1.,2.),(0.,0.000100000000000003),.UNSPECIFIED.);
#70=B_SPLINE_SURFACE_WITH_KNOTS('',2,1,((#11235,#11236),(#11237,#11238),
(#11239,#11240),(#11241,#11242)),.UNSPECIFIED.,.F.,.F.,.F.,(3,1,3),(2,2),
(0.,1.,2.),(0.,0.000100000000000003),.UNSPECIFIED.);
#71=B_SPLINE_SURFACE_WITH_KNOTS('',2,1,((#11249,#11250),(#11251,#11252),
(#11253,#11254),(#11255,#11256)),.UNSPECIFIED.,.F.,.F.,.F.,(3,1,3),(2,2),
(0.,1.,2.),(0.,0.000100000000000003),.UNSPECIFIED.);
#72=B_SPLINE_SURFACE_WITH_KNOTS('',2,1,((#11263,#11264),(#11265,#11266),
(#11267,#11268),(#11269,#11270)),.UNSPECIFIED.,.F.,.F.,.F.,(3,1,3),(2,2),
(0.,1.,2.),(0.,0.000100000000000003),.UNSPECIFIED.);
#73=B_SPLINE_SURFACE_WITH_KNOTS('',2,1,((#11278,#11279),(#11280,#11281),
(#11282,#11283),(#11284,#11285)),.UNSPECIFIED.,.F.,.F.,.F.,(3,1,3),(2,2),
(0.,1.,2.),(0.,0.000100000000000003),.UNSPECIFIED.);
#74=B_SPLINE_SURFACE_WITH_KNOTS('',2,1,((#11292,#11293),(#11294,#11295),
(#11296,#11297),(#11298,#11299)),.UNSPECIFIED.,.F.,.F.,.F.,(3,1,3),(2,2),
(0.,1.,2.),(0.,0.000100000000000003),.UNSPECIFIED.);
#75=B_SPLINE_SURFACE_WITH_KNOTS('',2,1,((#11302,#11303),(#11304,#11305),
(#11306,#11307),(#11308,#11309)),.UNSPECIFIED.,.F.,.F.,.F.,(3,1,3),(2,2),
(-2.,-1.,0.),(0.,0.000100000000000003),.UNSPECIFIED.);
#76=B_SPLINE_SURFACE_WITH_KNOTS('',2,1,((#11324,#11325),(#11326,#11327),
(#11328,#11329),(#11330,#11331)),.UNSPECIFIED.,.F.,.F.,.F.,(3,1,3),(2,2),
(-2.,-1.,0.),(0.,0.000100000000000003),.UNSPECIFIED.);
#77=B_SPLINE_SURFACE_WITH_KNOTS('',2,1,((#11343,#11344),(#11345,#11346),
(#11347,#11348),(#11349,#11350)),.UNSPECIFIED.,.F.,.F.,.F.,(3,1,3),(2,2),
(-2.,-1.,0.),(0.,0.000100000000000003),.UNSPECIFIED.);
#78=B_SPLINE_SURFACE_WITH_KNOTS('',2,1,((#11362,#11363),(#11364,#11365),
(#11366,#11367),(#11368,#11369)),.UNSPECIFIED.,.F.,.F.,.F.,(3,1,3),(2,2),
(-2.,-1.,0.),(0.,0.000100000000000003),.UNSPECIFIED.);
#79=B_SPLINE_SURFACE_WITH_KNOTS('',2,1,((#11381,#11382),(#11383,#11384),
(#11385,#11386),(#11387,#11388)),.UNSPECIFIED.,.F.,.F.,.F.,(3,1,3),(2,2),
(-2.,-1.,0.),(0.,0.000100000000000003),.UNSPECIFIED.);
#80=B_SPLINE_SURFACE_WITH_KNOTS('',2,1,((#11400,#11401),(#11402,#11403),
(#11404,#11405),(#11406,#11407)),.UNSPECIFIED.,.F.,.F.,.F.,(3,1,3),(2,2),
(-2.,-1.,0.),(0.,0.000100000000000003),.UNSPECIFIED.);
#81=B_SPLINE_SURFACE_WITH_KNOTS('',2,1,((#11419,#11420),(#11421,#11422),
(#11423,#11424),(#11425,#11426)),.UNSPECIFIED.,.F.,.F.,.F.,(3,1,3),(2,2),
(-2.,-1.,0.),(0.,0.000100000000000003),.UNSPECIFIED.);
#82=B_SPLINE_SURFACE_WITH_KNOTS('',2,1,((#11438,#11439),(#11440,#11441),
(#11442,#11443),(#11444,#11445)),.UNSPECIFIED.,.F.,.F.,.F.,(3,1,3),(2,2),
(-2.,-1.,0.),(0.,0.000100000000000003),.UNSPECIFIED.);
#83=B_SPLINE_SURFACE_WITH_KNOTS('',2,1,((#11454,#11455),(#11456,#11457),
(#11458,#11459),(#11460,#11461)),.UNSPECIFIED.,.F.,.F.,.F.,(3,1,3),(2,2),
(0.,1.,2.),(0.,0.000100000000000003),.UNSPECIFIED.);
#84=B_SPLINE_SURFACE_WITH_KNOTS('',2,1,((#11470,#11471),(#11472,#11473),
(#11474,#11475),(#11476,#11477)),.UNSPECIFIED.,.F.,.F.,.F.,(3,1,3),(2,2),
(0.,1.,2.),(0.,0.000100000000000003),.UNSPECIFIED.);
#85=B_SPLINE_SURFACE_WITH_KNOTS('',2,1,((#11484,#11485),(#11486,#11487),
(#11488,#11489),(#11490,#11491)),.UNSPECIFIED.,.F.,.F.,.F.,(3,1,3),(2,2),
(0.,1.,2.),(0.,0.000100000000000003),.UNSPECIFIED.);
#86=B_SPLINE_SURFACE_WITH_KNOTS('',2,1,((#11498,#11499),(#11500,#11501),
(#11502,#11503),(#11504,#11505)),.UNSPECIFIED.,.F.,.F.,.F.,(3,1,3),(2,2),
(0.,1.,2.),(0.,0.000100000000000003),.UNSPECIFIED.);
#87=B_SPLINE_SURFACE_WITH_KNOTS('',2,1,((#11528,#11529),(#11530,#11531),
(#11532,#11533),(#11534,#11535)),.UNSPECIFIED.,.F.,.F.,.F.,(3,1,3),(2,2),
(-2.,-1.,0.),(0.,0.000100000000000003),.UNSPECIFIED.);
#88=B_SPLINE_SURFACE_WITH_KNOTS('',2,1,((#11568,#11569),(#11570,#11571),
(#11572,#11573),(#11574,#11575)),.UNSPECIFIED.,.F.,.F.,.F.,(3,1,3),(2,2),
(-2.,-1.,0.),(0.,0.000100000000000003),.UNSPECIFIED.);
#89=B_SPLINE_SURFACE_WITH_KNOTS('',2,1,((#11587,#11588),(#11589,#11590),
(#11591,#11592),(#11593,#11594)),.UNSPECIFIED.,.F.,.F.,.F.,(3,1,3),(2,2),
(-2.,-1.,0.),(0.,0.000100000000000003),.UNSPECIFIED.);
#90=B_SPLINE_SURFACE_WITH_KNOTS('',2,1,((#11606,#11607),(#11608,#11609),
(#11610,#11611),(#11612,#11613)),.UNSPECIFIED.,.F.,.F.,.F.,(3,1,3),(2,2),
(-2.,-1.,0.),(0.,0.000100000000000003),.UNSPECIFIED.);
#91=B_SPLINE_SURFACE_WITH_KNOTS('',2,1,((#11616,#11617),(#11618,#11619),
(#11620,#11621),(#11622,#11623)),.UNSPECIFIED.,.F.,.F.,.F.,(3,1,3),(2,2),
(0.,1.,2.),(0.,0.000100000000000003),.UNSPECIFIED.);
#92=B_SPLINE_SURFACE_WITH_KNOTS('',2,1,((#11632,#11633),(#11634,#11635),
(#11636,#11637),(#11638,#11639)),.UNSPECIFIED.,.F.,.F.,.F.,(3,1,3),(2,2),
(0.,1.,2.),(0.,0.000100000000000003),.UNSPECIFIED.);
#93=B_SPLINE_SURFACE_WITH_KNOTS('',2,1,((#11658,#11659),(#11660,#11661),
(#11662,#11663),(#11664,#11665)),.UNSPECIFIED.,.F.,.F.,.F.,(3,1,3),(2,2),
(0.,1.,2.),(0.,0.000100000000000003),.UNSPECIFIED.);
#94=B_SPLINE_SURFACE_WITH_KNOTS('',2,1,((#11672,#11673),(#11674,#11675),
(#11676,#11677),(#11678,#11679)),.UNSPECIFIED.,.F.,.F.,.F.,(3,1,3),(2,2),
(0.,1.,2.),(0.,0.000100000000000003),.UNSPECIFIED.);
#95=B_SPLINE_SURFACE_WITH_KNOTS('',2,1,((#11689,#11690),(#11691,#11692),
(#11693,#11694),(#11695,#11696)),.UNSPECIFIED.,.F.,.F.,.F.,(3,1,3),(2,2),
(0.,1.,2.),(0.,0.000100000000000003),.UNSPECIFIED.);
#96=B_SPLINE_SURFACE_WITH_KNOTS('',2,1,((#11705,#11706),(#11707,#11708),
(#11709,#11710),(#11711,#11712)),.UNSPECIFIED.,.F.,.F.,.F.,(3,1,3),(2,2),
(0.,1.,2.),(0.,0.000100000000000003),.UNSPECIFIED.);
#97=B_SPLINE_SURFACE_WITH_KNOTS('',2,1,((#11731,#11732),(#11733,#11734),
(#11735,#11736),(#11737,#11738)),.UNSPECIFIED.,.F.,.F.,.F.,(3,1,3),(2,2),
(0.,1.,2.),(0.,0.000100000000000003),.UNSPECIFIED.);
#98=B_SPLINE_SURFACE_WITH_KNOTS('',2,1,((#11745,#11746),(#11747,#11748),
(#11749,#11750),(#11751,#11752)),.UNSPECIFIED.,.F.,.F.,.F.,(3,1,3),(2,2),
(0.,1.,2.),(0.,0.000100000000000003),.UNSPECIFIED.);
#99=B_SPLINE_SURFACE_WITH_KNOTS('',2,1,((#11759,#11760),(#11761,#11762),
(#11763,#11764),(#11765,#11766)),.UNSPECIFIED.,.F.,.F.,.F.,(3,1,3),(2,2),
(0.,1.,2.),(0.,0.000100000000000003),.UNSPECIFIED.);
#100=B_SPLINE_SURFACE_WITH_KNOTS('',2,1,((#11773,#11774),(#11775,#11776),
(#11777,#11778),(#11779,#11780)),.UNSPECIFIED.,.F.,.F.,.F.,(3,1,3),(2,2),
(0.,1.,2.),(0.,0.000100000000000003),.UNSPECIFIED.);
#101=B_SPLINE_SURFACE_WITH_KNOTS('',2,1,((#11799,#11800),(#11801,#11802),
(#11803,#11804),(#11805,#11806)),.UNSPECIFIED.,.F.,.F.,.F.,(3,1,3),(2,2),
(0.,1.,2.),(0.,0.000100000000000003),.UNSPECIFIED.);
#102=B_SPLINE_SURFACE_WITH_KNOTS('',2,1,((#11813,#11814),(#11815,#11816),
(#11817,#11818),(#11819,#11820)),.UNSPECIFIED.,.F.,.F.,.F.,(3,1,3),(2,2),
(0.,1.,2.),(0.,0.000100000000000003),.UNSPECIFIED.);
#103=B_SPLINE_SURFACE_WITH_KNOTS('',2,1,((#11836,#11837),(#11838,#11839),
(#11840,#11841),(#11842,#11843)),.UNSPECIFIED.,.F.,.F.,.F.,(3,1,3),(2,2),
(0.,1.,2.),(0.,0.000100000000000003),.UNSPECIFIED.);
#104=B_SPLINE_SURFACE_WITH_KNOTS('',2,1,((#11850,#11851),(#11852,#11853),
(#11854,#11855),(#11856,#11857)),.UNSPECIFIED.,.F.,.F.,.F.,(3,1,3),(2,2),
(0.,1.,2.),(0.,0.000100000000000003),.UNSPECIFIED.);
#105=B_SPLINE_SURFACE_WITH_KNOTS('',2,1,((#11864,#11865),(#11866,#11867),
(#11868,#11869),(#11870,#11871)),.UNSPECIFIED.,.F.,.F.,.F.,(3,1,3),(2,2),
(0.,1.,2.),(0.,0.000100000000000003),.UNSPECIFIED.);
#106=B_SPLINE_SURFACE_WITH_KNOTS('',2,1,((#11878,#11879),(#11880,#11881),
(#11882,#11883),(#11884,#11885)),.UNSPECIFIED.,.F.,.F.,.F.,(3,1,3),(2,2),
(0.,1.,2.),(0.,0.000100000000000003),.UNSPECIFIED.);
#107=B_SPLINE_SURFACE_WITH_KNOTS('',2,1,((#11892,#11893),(#11894,#11895),
(#11896,#11897),(#11898,#11899)),.UNSPECIFIED.,.F.,.F.,.F.,(3,1,3),(2,2),
(0.,1.,2.),(0.,0.000100000000000003),.UNSPECIFIED.);
#108=B_SPLINE_SURFACE_WITH_KNOTS('',2,1,((#11914,#11915),(#11916,#11917),
(#11918,#11919),(#11920,#11921)),.UNSPECIFIED.,.F.,.F.,.F.,(3,1,3),(2,2),
(0.,1.,2.),(0.,0.000100000000000003),.UNSPECIFIED.);
#109=B_SPLINE_SURFACE_WITH_KNOTS('',2,1,((#11928,#11929),(#11930,#11931),
(#11932,#11933),(#11934,#11935)),.UNSPECIFIED.,.F.,.F.,.F.,(3,1,3),(2,2),
(0.,1.,2.),(0.,0.000100000000000003),.UNSPECIFIED.);
#110=B_SPLINE_SURFACE_WITH_KNOTS('',2,1,((#11942,#11943),(#11944,#11945),
(#11946,#11947),(#11948,#11949)),.UNSPECIFIED.,.F.,.F.,.F.,(3,1,3),(2,2),
(0.,1.,2.),(0.,0.000100000000000003),.UNSPECIFIED.);
#111=B_SPLINE_SURFACE_WITH_KNOTS('',2,1,((#11953,#11954),(#11955,#11956),
(#11957,#11958),(#11959,#11960)),.UNSPECIFIED.,.F.,.F.,.F.,(3,1,3),(2,2),
(0.,1.,2.),(0.,0.000100000000000003),.UNSPECIFIED.);
#112=B_SPLINE_SURFACE_WITH_KNOTS('',2,1,((#11967,#11968),(#11969,#11970),
(#11971,#11972),(#11973,#11974)),.UNSPECIFIED.,.F.,.F.,.F.,(3,1,3),(2,2),
(0.,1.,2.),(0.,0.000100000000000003),.UNSPECIFIED.);
#113=B_SPLINE_SURFACE_WITH_KNOTS('',2,1,((#11981,#11982),(#11983,#11984),
(#11985,#11986),(#11987,#11988)),.UNSPECIFIED.,.F.,.F.,.F.,(3,1,3),(2,2),
(0.,1.,2.),(0.,0.000100000000000003),.UNSPECIFIED.);
#114=B_SPLINE_SURFACE_WITH_KNOTS('',2,1,((#12053,#12054),(#12055,#12056),
(#12057,#12058),(#12059,#12060)),.UNSPECIFIED.,.F.,.F.,.F.,(3,1,3),(2,2),
(0.,1.,2.),(0.,0.000100000000000003),.UNSPECIFIED.);
#115=B_SPLINE_SURFACE_WITH_KNOTS('',2,1,((#12067,#12068),(#12069,#12070),
(#12071,#12072),(#12073,#12074)),.UNSPECIFIED.,.F.,.F.,.F.,(3,1,3),(2,2),
(0.,1.,2.),(0.,0.000100000000000003),.UNSPECIFIED.);
#116=B_SPLINE_SURFACE_WITH_KNOTS('',2,1,((#12081,#12082),(#12083,#12084),
(#12085,#12086),(#12087,#12088)),.UNSPECIFIED.,.F.,.F.,.F.,(3,1,3),(2,2),
(0.,1.,2.),(0.,0.000100000000000003),.UNSPECIFIED.);
#117=B_SPLINE_SURFACE_WITH_KNOTS('',2,1,((#12095,#12096),(#12097,#12098),
(#12099,#12100),(#12101,#12102)),.UNSPECIFIED.,.F.,.F.,.F.,(3,1,3),(2,2),
(0.,1.,2.),(0.,0.000100000000000003),.UNSPECIFIED.);
#118=B_SPLINE_SURFACE_WITH_KNOTS('',2,1,((#12109,#12110),(#12111,#12112),
(#12113,#12114),(#12115,#12116)),.UNSPECIFIED.,.F.,.F.,.F.,(3,1,3),(2,2),
(0.,1.,2.),(0.,0.000100000000000003),.UNSPECIFIED.);
#119=B_SPLINE_SURFACE_WITH_KNOTS('',2,1,((#12131,#12132),(#12133,#12134),
(#12135,#12136),(#12137,#12138)),.UNSPECIFIED.,.F.,.F.,.F.,(3,1,3),(2,2),
(0.,1.,2.),(0.,0.000100000000000003),.UNSPECIFIED.);
#120=B_SPLINE_SURFACE_WITH_KNOTS('',2,1,((#12145,#12146),(#12147,#12148),
(#12149,#12150),(#12151,#12152)),.UNSPECIFIED.,.F.,.F.,.F.,(3,1,3),(2,2),
(0.,1.,2.),(0.,0.000100000000000003),.UNSPECIFIED.);
#121=B_SPLINE_SURFACE_WITH_KNOTS('',2,1,((#12159,#12160),(#12161,#12162),
(#12163,#12164),(#12165,#12166)),.UNSPECIFIED.,.F.,.F.,.F.,(3,1,3),(2,2),
(0.,1.,2.),(0.,0.000100000000000003),.UNSPECIFIED.);
#122=B_SPLINE_SURFACE_WITH_KNOTS('',2,1,((#12170,#12171),(#12172,#12173),
(#12174,#12175),(#12176,#12177)),.UNSPECIFIED.,.F.,.F.,.F.,(3,1,3),(2,2),
(0.,1.,2.),(0.,0.000100000000000003),.UNSPECIFIED.);
#123=B_SPLINE_SURFACE_WITH_KNOTS('',2,1,((#12184,#12185),(#12186,#12187),
(#12188,#12189),(#12190,#12191)),.UNSPECIFIED.,.F.,.F.,.F.,(3,1,3),(2,2),
(0.,1.,2.),(0.,0.000100000000000003),.UNSPECIFIED.);
#124=B_SPLINE_SURFACE_WITH_KNOTS('',2,1,((#12198,#12199),(#12200,#12201),
(#12202,#12203),(#12204,#12205)),.UNSPECIFIED.,.F.,.F.,.F.,(3,1,3),(2,2),
(0.,1.,2.),(0.,0.000100000000000003),.UNSPECIFIED.);
#125=B_SPLINE_SURFACE_WITH_KNOTS('',2,1,((#12219,#12220),(#12221,#12222),
(#12223,#12224),(#12225,#12226)),.UNSPECIFIED.,.F.,.F.,.F.,(3,1,3),(2,2),
(-2.,-1.,0.),(0.,0.000100000000000003),.UNSPECIFIED.);
#126=B_SPLINE_SURFACE_WITH_KNOTS('',2,1,((#12241,#12242),(#12243,#12244),
(#12245,#12246),(#12247,#12248)),.UNSPECIFIED.,.F.,.F.,.F.,(3,1,3),(2,2),
(-2.,-1.,0.),(0.,0.000100000000000003),.UNSPECIFIED.);
#127=B_SPLINE_SURFACE_WITH_KNOTS('',2,1,((#12260,#12261),(#12262,#12263),
(#12264,#12265),(#12266,#12267)),.UNSPECIFIED.,.F.,.F.,.F.,(3,1,3),(2,2),
(-2.,-1.,0.),(0.,0.000100000000000003),.UNSPECIFIED.);
#128=B_SPLINE_SURFACE_WITH_KNOTS('',2,1,((#12279,#12280),(#12281,#12282),
(#12283,#12284),(#12285,#12286)),.UNSPECIFIED.,.F.,.F.,.F.,(3,1,3),(2,2),
(-2.,-1.,0.),(0.,0.000100000000000003),.UNSPECIFIED.);
#129=B_SPLINE_SURFACE_WITH_KNOTS('',2,1,((#12298,#12299),(#12300,#12301),
(#12302,#12303),(#12304,#12305)),.UNSPECIFIED.,.F.,.F.,.F.,(3,1,3),(2,2),
(-2.,-1.,0.),(0.,0.000100000000000003),.UNSPECIFIED.);
#130=B_SPLINE_SURFACE_WITH_KNOTS('',2,1,((#12317,#12318),(#12319,#12320),
(#12321,#12322),(#12323,#12324)),.UNSPECIFIED.,.F.,.F.,.F.,(3,1,3),(2,2),
(-2.,-1.,0.),(0.,0.000100000000000003),.UNSPECIFIED.);
#131=B_SPLINE_SURFACE_WITH_KNOTS('',2,1,((#12336,#12337),(#12338,#12339),
(#12340,#12341),(#12342,#12343)),.UNSPECIFIED.,.F.,.F.,.F.,(3,1,3),(2,2),
(-2.,-1.,0.),(0.,0.000100000000000003),.UNSPECIFIED.);
#132=B_SPLINE_SURFACE_WITH_KNOTS('',2,1,((#12355,#12356),(#12357,#12358),
(#12359,#12360),(#12361,#12362)),.UNSPECIFIED.,.F.,.F.,.F.,(3,1,3),(2,2),
(-2.,-1.,0.),(0.,0.000100000000000003),.UNSPECIFIED.);
#133=B_SPLINE_SURFACE_WITH_KNOTS('',2,1,((#12371,#12372),(#12373,#12374),
(#12375,#12376),(#12377,#12378)),.UNSPECIFIED.,.F.,.F.,.F.,(3,1,3),(2,2),
(0.,1.,2.),(0.,0.000100000000000003),.UNSPECIFIED.);
#134=B_SPLINE_SURFACE_WITH_KNOTS('',2,1,((#12387,#12388),(#12389,#12390),
(#12391,#12392),(#12393,#12394)),.UNSPECIFIED.,.F.,.F.,.F.,(3,1,3),(2,2),
(0.,1.,2.),(0.,0.000100000000000003),.UNSPECIFIED.);
#135=B_SPLINE_SURFACE_WITH_KNOTS('',2,1,((#12401,#12402),(#12403,#12404),
(#12405,#12406),(#12407,#12408)),.UNSPECIFIED.,.F.,.F.,.F.,(3,1,3),(2,2),
(0.,1.,2.),(0.,0.000100000000000003),.UNSPECIFIED.);
#136=B_SPLINE_SURFACE_WITH_KNOTS('',2,1,((#12415,#12416),(#12417,#12418),
(#12419,#12420),(#12421,#12422)),.UNSPECIFIED.,.F.,.F.,.F.,(3,1,3),(2,2),
(0.,1.,2.),(0.,0.000100000000000003),.UNSPECIFIED.);
#137=STYLED_ITEM('',(#7598),#7254);
#138=STYLED_ITEM('',(#7598),#7255);
#139=STYLED_ITEM('',(#7598),#7256);
#140=STYLED_ITEM('',(#7598),#7257);
#141=STYLED_ITEM('',(#7598),#7258);
#142=STYLED_ITEM('',(#7598),#7259);
#143=STYLED_ITEM('',(#7598),#7260);
#144=STYLED_ITEM('',(#7598),#7261);
#145=STYLED_ITEM('',(#7598),#7262);
#146=STYLED_ITEM('',(#7598),#7263);
#147=STYLED_ITEM('',(#7598),#7264);
#148=STYLED_ITEM('',(#7598),#7265);
#149=STYLED_ITEM('',(#7598),#7266);
#150=STYLED_ITEM('',(#7598),#7267);
#151=STYLED_ITEM('',(#7598),#7268);
#152=STYLED_ITEM('',(#7598),#7269);
#153=STYLED_ITEM('',(#7598),#7270);
#154=STYLED_ITEM('',(#7598),#7271);
#155=STYLED_ITEM('',(#7598),#7272);
#156=STYLED_ITEM('',(#7598),#7273);
#157=STYLED_ITEM('',(#7598),#7274);
#158=STYLED_ITEM('',(#7598),#7275);
#159=STYLED_ITEM('',(#7598),#7276);
#160=STYLED_ITEM('',(#7598),#7277);
#161=STYLED_ITEM('',(#7598),#7278);
#162=STYLED_ITEM('',(#7598),#7279);
#163=STYLED_ITEM('',(#7598),#7280);
#164=STYLED_ITEM('',(#7598),#7281);
#165=STYLED_ITEM('',(#7598),#7282);
#166=STYLED_ITEM('',(#7598),#7283);
#167=STYLED_ITEM('',(#7598),#7284);
#168=STYLED_ITEM('',(#7598),#7285);
#169=STYLED_ITEM('',(#7598),#7286);
#170=STYLED_ITEM('',(#7598),#7287);
#171=STYLED_ITEM('',(#7598),#7288);
#172=STYLED_ITEM('',(#7598),#7289);
#173=STYLED_ITEM('',(#7598),#7290);
#174=STYLED_ITEM('',(#7598),#7291);
#175=STYLED_ITEM('',(#7598),#7292);
#176=STYLED_ITEM('',(#7598),#7293);
#177=STYLED_ITEM('',(#7598),#7294);
#178=STYLED_ITEM('',(#7598),#7295);
#179=STYLED_ITEM('',(#7598),#7296);
#180=STYLED_ITEM('',(#7598),#7297);
#181=STYLED_ITEM('',(#7598),#7298);
#182=STYLED_ITEM('',(#7598),#7299);
#183=STYLED_ITEM('',(#7598),#7300);
#184=STYLED_ITEM('',(#7598),#7301);
#185=STYLED_ITEM('',(#7598),#7302);
#186=STYLED_ITEM('',(#7598),#7303);
#187=STYLED_ITEM('',(#7598),#7304);
#188=STYLED_ITEM('',(#7598),#7305);
#189=STYLED_ITEM('',(#7598),#7306);
#190=STYLED_ITEM('',(#7598),#7307);
#191=STYLED_ITEM('',(#7598),#7308);
#192=STYLED_ITEM('',(#7598),#7309);
#193=STYLED_ITEM('',(#7598),#7310);
#194=STYLED_ITEM('',(#7598),#7311);
#195=STYLED_ITEM('',(#7598),#7312);
#196=STYLED_ITEM('',(#7598),#7313);
#197=STYLED_ITEM('',(#7598),#7314);
#198=STYLED_ITEM('',(#7598),#7315);
#199=STYLED_ITEM('',(#7598),#7316);
#200=STYLED_ITEM('',(#7598),#7317);
#201=STYLED_ITEM('',(#7598),#7318);
#202=STYLED_ITEM('',(#7598),#7319);
#203=STYLED_ITEM('',(#7598),#7320);
#204=STYLED_ITEM('',(#7598),#7321);
#205=STYLED_ITEM('',(#7598),#7322);
#206=STYLED_ITEM('',(#7598),#7323);
#207=STYLED_ITEM('',(#7598),#7324);
#208=STYLED_ITEM('',(#7598),#7325);
#209=STYLED_ITEM('',(#7598),#7326);
#210=STYLED_ITEM('',(#7598),#7327);
#211=STYLED_ITEM('',(#7598),#7328);
#212=STYLED_ITEM('',(#7598),#7329);
#213=STYLED_ITEM('',(#7598),#7330);
#214=STYLED_ITEM('',(#7598),#7331);
#215=STYLED_ITEM('',(#7598),#7332);
#216=STYLED_ITEM('',(#7598),#7333);
#217=STYLED_ITEM('',(#7598),#7334);
#218=STYLED_ITEM('',(#7598),#7335);
#219=STYLED_ITEM('',(#7598),#7336);
#220=STYLED_ITEM('',(#7598),#7337);
#221=STYLED_ITEM('',(#7598),#7338);
#222=STYLED_ITEM('',(#7598),#7339);
#223=STYLED_ITEM('',(#7598),#7340);
#224=STYLED_ITEM('',(#7598),#7341);
#225=STYLED_ITEM('',(#7598),#7342);
#226=STYLED_ITEM('',(#7598),#7343);
#227=STYLED_ITEM('',(#7598),#7344);
#228=STYLED_ITEM('',(#7598),#7345);
#229=STYLED_ITEM('',(#7598),#7346);
#230=STYLED_ITEM('',(#7598),#7347);
#231=STYLED_ITEM('',(#7598),#7348);
#232=STYLED_ITEM('',(#7598),#7349);
#233=STYLED_ITEM('',(#7598),#7350);
#234=STYLED_ITEM('',(#7598),#7351);
#235=STYLED_ITEM('',(#7598),#7352);
#236=STYLED_ITEM('',(#7598),#7353);
#237=STYLED_ITEM('',(#7598),#7354);
#238=STYLED_ITEM('',(#7598),#7355);
#239=STYLED_ITEM('',(#7598),#7356);
#240=STYLED_ITEM('',(#7598),#7357);
#241=STYLED_ITEM('',(#7598),#7358);
#242=STYLED_ITEM('',(#7598),#7359);
#243=STYLED_ITEM('',(#7598),#7360);
#244=STYLED_ITEM('',(#7598),#7361);
#245=STYLED_ITEM('',(#7598),#7362);
#246=STYLED_ITEM('',(#7598),#7363);
#247=STYLED_ITEM('',(#7598),#7364);
#248=STYLED_ITEM('',(#7598),#7365);
#249=STYLED_ITEM('',(#7598),#7366);
#250=STYLED_ITEM('',(#7598),#7367);
#251=STYLED_ITEM('',(#7598),#7368);
#252=STYLED_ITEM('',(#7598),#7369);
#253=STYLED_ITEM('',(#7598),#7370);
#254=STYLED_ITEM('',(#7598),#7371);
#255=STYLED_ITEM('',(#7598),#7372);
#256=STYLED_ITEM('',(#7598),#7373);
#257=STYLED_ITEM('',(#7598),#7374);
#258=STYLED_ITEM('',(#7598),#7375);
#259=STYLED_ITEM('',(#7598),#7376);
#260=STYLED_ITEM('',(#7598),#7377);
#261=STYLED_ITEM('',(#7598),#7378);
#262=STYLED_ITEM('',(#7598),#7379);
#263=STYLED_ITEM('',(#7598),#7380);
#264=STYLED_ITEM('',(#7598),#7381);
#265=STYLED_ITEM('',(#7598),#7382);
#266=STYLED_ITEM('',(#7598),#7383);
#267=STYLED_ITEM('',(#7598),#7384);
#268=STYLED_ITEM('',(#7598),#7385);
#269=STYLED_ITEM('',(#7598),#7386);
#270=STYLED_ITEM('',(#7598),#7387);
#271=STYLED_ITEM('',(#7598),#7388);
#272=STYLED_ITEM('',(#7598),#7389);
#273=STYLED_ITEM('',(#7598),#7390);
#274=STYLED_ITEM('',(#7598),#7391);
#275=STYLED_ITEM('',(#7598),#7392);
#276=STYLED_ITEM('',(#7598),#7393);
#277=STYLED_ITEM('',(#7598),#7394);
#278=STYLED_ITEM('',(#7598),#7395);
#279=STYLED_ITEM('',(#7598),#7396);
#280=STYLED_ITEM('',(#7598),#7397);
#281=STYLED_ITEM('',(#7598),#7398);
#282=STYLED_ITEM('',(#7598),#7399);
#283=STYLED_ITEM('',(#7598),#7400);
#284=STYLED_ITEM('',(#7598),#7401);
#285=STYLED_ITEM('',(#7598),#7402);
#286=STYLED_ITEM('',(#7598),#7403);
#287=STYLED_ITEM('',(#7598),#7404);
#288=STYLED_ITEM('',(#7598),#7405);
#289=STYLED_ITEM('',(#7598),#7406);
#290=STYLED_ITEM('',(#7598),#7407);
#291=STYLED_ITEM('',(#7598),#7408);
#292=STYLED_ITEM('',(#7598),#7409);
#293=STYLED_ITEM('',(#7598),#7410);
#294=STYLED_ITEM('',(#7598),#7411);
#295=STYLED_ITEM('',(#7598),#7412);
#296=STYLED_ITEM('',(#7598),#7413);
#297=STYLED_ITEM('',(#7598),#7414);
#298=STYLED_ITEM('',(#7598),#7415);
#299=STYLED_ITEM('',(#7598),#7416);
#300=STYLED_ITEM('',(#7598),#7417);
#301=STYLED_ITEM('',(#7598),#7418);
#302=STYLED_ITEM('',(#7598),#7419);
#303=STYLED_ITEM('',(#7598),#7420);
#304=STYLED_ITEM('',(#7598),#7421);
#305=STYLED_ITEM('',(#7598),#7422);
#306=STYLED_ITEM('',(#7598),#7423);
#307=STYLED_ITEM('',(#7598),#7424);
#308=STYLED_ITEM('',(#7598),#7425);
#309=STYLED_ITEM('',(#7598),#7426);
#310=STYLED_ITEM('',(#7598),#7427);
#311=STYLED_ITEM('',(#7598),#7428);
#312=STYLED_ITEM('',(#7598),#7429);
#313=STYLED_ITEM('',(#7598),#7430);
#314=STYLED_ITEM('',(#7598),#7431);
#315=STYLED_ITEM('',(#7598),#7432);
#316=STYLED_ITEM('',(#7598),#7433);
#317=STYLED_ITEM('',(#7598),#7434);
#318=STYLED_ITEM('',(#7598),#7435);
#319=STYLED_ITEM('',(#7598),#7436);
#320=STYLED_ITEM('',(#7598),#7437);
#321=STYLED_ITEM('',(#7598),#7438);
#322=STYLED_ITEM('',(#7598),#7439);
#323=STYLED_ITEM('',(#7597),#23);
#324=STYLED_ITEM('',(#7599),#24);
#325=STYLED_ITEM('',(#7599),#25);
#326=STYLED_ITEM('',(#7599),#26);
#327=STYLED_ITEM('',(#7599),#27);
#328=STYLED_ITEM('',(#7599),#28);
#329=STYLED_ITEM('',(#7599),#29);
#330=STYLED_ITEM('',(#7599),#30);
#331=STYLED_ITEM('',(#7599),#31);
#332=STYLED_ITEM('',(#7599),#32);
#333=STYLED_ITEM('',(#7599),#33);
#334=STYLED_ITEM('',(#7599),#34);
#335=STYLED_ITEM('',(#7599),#35);
#336=STYLED_ITEM('',(#7599),#36);
#337=STYLED_ITEM('',(#7599),#37);
#338=STYLED_ITEM('',(#7599),#38);
#339=STYLED_ITEM('',(#7599),#39);
#340=STYLED_ITEM('',(#7599),#40);
#341=STYLED_ITEM('',(#7599),#41);
#342=STYLED_ITEM('',(#7599),#42);
#343=STYLED_ITEM('',(#7599),#43);
#344=STYLED_ITEM('',(#7599),#44);
#345=ELLIPSE('',#7772,0.262744280747135,0.109043683455345);
#346=ELLIPSE('',#7773,0.262744280747483,0.10904368345542);
#347=ELLIPSE('',#7775,0.0721205961659623,0.0253758874162213);
#348=ELLIPSE('',#7776,0.436630105257067,0.221230058594236);
#349=ELLIPSE('',#7777,0.365731058293997,0.202543512110589);
#350=ELLIPSE('',#7778,0.0525926579809305,0.0219034750360931);
#351=ELLIPSE('',#7816,0.400538674550502,0.172416686306636);
#352=ELLIPSE('',#7817,0.400538674550502,0.172416686306636);
#353=ELLIPSE('',#7818,0.178319716294483,0.0960015399964017);
#354=ELLIPSE('',#7819,0.178319716294483,0.0960015399964017);
#355=ELLIPSE('',#7822,0.0525926579809305,0.0219034750360931);
#356=ELLIPSE('',#7823,0.365731058293997,0.202543512110589);
#357=ELLIPSE('',#7824,0.436630105257067,0.221230058594236);
#358=ELLIPSE('',#7826,0.0721205961659623,0.0253758874162213);
#359=ELLIPSE('',#7837,1.13580694608434,0.311200387977464);
#360=ELLIPSE('',#7838,1.13580694608434,0.311200387977464);
#361=ELLIPSE('',#7857,0.262744280747483,0.10904368345542);
#362=ELLIPSE('',#7876,0.262744280747135,0.109043683455345);
#363=B_SPLINE_CURVE_WITH_KNOTS('',2,(#10278,#10279,#10280,#10281),
 .UNSPECIFIED.,.F.,.F.,(3,1,3),(0.,1.,2.),.UNSPECIFIED.);
#364=B_SPLINE_CURVE_WITH_KNOTS('',2,(#10283,#10284,#10285,#10286),
 .UNSPECIFIED.,.F.,.F.,(3,1,3),(0.,1.,2.),.UNSPECIFIED.);
#365=B_SPLINE_CURVE_WITH_KNOTS('',2,(#10288,#10289,#10290,#10291),
 .UNSPECIFIED.,.F.,.F.,(3,1,3),(0.,1.,2.),.UNSPECIFIED.);
#366=B_SPLINE_CURVE_WITH_KNOTS('',2,(#10292,#10293,#10294,#10295),
 .UNSPECIFIED.,.F.,.F.,(3,1,3),(0.,1.,2.),.UNSPECIFIED.);
#367=B_SPLINE_CURVE_WITH_KNOTS('',2,(#10304,#10305,#10306,#10307),
 .UNSPECIFIED.,.F.,.F.,(3,1,3),(0.,1.,2.),.UNSPECIFIED.);
#368=B_SPLINE_CURVE_WITH_KNOTS('',2,(#10309,#10310,#10311,#10312),
 .UNSPECIFIED.,.F.,.F.,(3,1,3),(0.,1.,2.),.UNSPECIFIED.);
#369=B_SPLINE_CURVE_WITH_KNOTS('',2,(#10314,#10315,#10316,#10317),
 .UNSPECIFIED.,.F.,.F.,(3,1,3),(0.,1.,2.),.UNSPECIFIED.);
#370=B_SPLINE_CURVE_WITH_KNOTS('',2,(#10321,#10322,#10323,#10324),
 .UNSPECIFIED.,.F.,.F.,(3,1,3),(0.,1.,2.),.UNSPECIFIED.);
#371=B_SPLINE_CURVE_WITH_KNOTS('',2,(#10326,#10327,#10328,#10329),
 .UNSPECIFIED.,.F.,.F.,(3,1,3),(0.,1.,2.),.UNSPECIFIED.);
#372=B_SPLINE_CURVE_WITH_KNOTS('',2,(#10335,#10336,#10337,#10338),
 .UNSPECIFIED.,.F.,.F.,(3,1,3),(0.,1.,2.),.UNSPECIFIED.);
#373=B_SPLINE_CURVE_WITH_KNOTS('',2,(#10340,#10341,#10342,#10343),
 .UNSPECIFIED.,.F.,.F.,(3,1,3),(0.,1.,2.),.UNSPECIFIED.);
#374=B_SPLINE_CURVE_WITH_KNOTS('',2,(#10345,#10346,#10347,#10348),
 .UNSPECIFIED.,.F.,.F.,(3,1,3),(0.,1.,2.),.UNSPECIFIED.);
#375=B_SPLINE_CURVE_WITH_KNOTS('',2,(#10350,#10351,#10352,#10353),
 .UNSPECIFIED.,.F.,.F.,(3,1,3),(0.,1.,2.),.UNSPECIFIED.);
#376=B_SPLINE_CURVE_WITH_KNOTS('',2,(#10355,#10356,#10357,#10358),
 .UNSPECIFIED.,.F.,.F.,(3,1,3),(0.,1.,2.),.UNSPECIFIED.);
#377=B_SPLINE_CURVE_WITH_KNOTS('',2,(#10388,#10389,#10390,#10391),
 .UNSPECIFIED.,.F.,.F.,(3,1,3),(0.,1.,2.),.UNSPECIFIED.);
#378=B_SPLINE_CURVE_WITH_KNOTS('',2,(#10393,#10394,#10395,#10396),
 .UNSPECIFIED.,.F.,.F.,(3,1,3),(0.,1.,2.),.UNSPECIFIED.);
#379=B_SPLINE_CURVE_WITH_KNOTS('',2,(#10398,#10399,#10400,#10401),
 .UNSPECIFIED.,.F.,.F.,(3,1,3),(0.,1.,2.),.UNSPECIFIED.);
#380=B_SPLINE_CURVE_WITH_KNOTS('',2,(#10405,#10406,#10407,#10408),
 .UNSPECIFIED.,.F.,.F.,(3,1,3),(0.,1.,2.),.UNSPECIFIED.);
#381=B_SPLINE_CURVE_WITH_KNOTS('',2,(#10410,#10411,#10412,#10413),
 .UNSPECIFIED.,.F.,.F.,(3,1,3),(0.,1.,2.),.UNSPECIFIED.);
#382=B_SPLINE_CURVE_WITH_KNOTS('',2,(#10419,#10420,#10421,#10422),
 .UNSPECIFIED.,.F.,.F.,(3,1,3),(0.,1.,2.),.UNSPECIFIED.);
#383=B_SPLINE_CURVE_WITH_KNOTS('',2,(#10424,#10425,#10426,#10427),
 .UNSPECIFIED.,.F.,.F.,(3,1,3),(0.,1.,2.),.UNSPECIFIED.);
#384=B_SPLINE_CURVE_WITH_KNOTS('',2,(#10429,#10430,#10431,#10432),
 .UNSPECIFIED.,.F.,.F.,(3,1,3),(0.,1.,2.),.UNSPECIFIED.);
#385=B_SPLINE_CURVE_WITH_KNOTS('',2,(#10434,#10435,#10436,#10437),
 .UNSPECIFIED.,.F.,.F.,(3,1,3),(0.,1.,2.),.UNSPECIFIED.);
#386=B_SPLINE_CURVE_WITH_KNOTS('',2,(#10439,#10440,#10441,#10442),
 .UNSPECIFIED.,.F.,.F.,(3,1,3),(0.,1.,2.),.UNSPECIFIED.);
#387=B_SPLINE_CURVE_WITH_KNOTS('',2,(#10446,#10447,#10448,#10449),
 .UNSPECIFIED.,.F.,.F.,(3,1,3),(0.,1.,2.),.UNSPECIFIED.);
#388=B_SPLINE_CURVE_WITH_KNOTS('',2,(#10451,#10452,#10453,#10454),
 .UNSPECIFIED.,.F.,.F.,(3,1,3),(0.,1.,2.),.UNSPECIFIED.);
#389=B_SPLINE_CURVE_WITH_KNOTS('',2,(#10456,#10457,#10458,#10459),
 .UNSPECIFIED.,.F.,.F.,(3,1,3),(0.,1.,2.),.UNSPECIFIED.);
#390=B_SPLINE_CURVE_WITH_KNOTS('',2,(#10467,#10468,#10469,#10470),
 .UNSPECIFIED.,.F.,.F.,(3,1,3),(0.,1.,2.),.UNSPECIFIED.);
#391=B_SPLINE_CURVE_WITH_KNOTS('',2,(#10472,#10473,#10474,#10475),
 .UNSPECIFIED.,.F.,.F.,(3,1,3),(0.,1.,2.),.UNSPECIFIED.);
#392=B_SPLINE_CURVE_WITH_KNOTS('',2,(#10477,#10478,#10479,#10480),
 .UNSPECIFIED.,.F.,.F.,(3,1,3),(0.,1.,2.),.UNSPECIFIED.);
#393=B_SPLINE_CURVE_WITH_KNOTS('',2,(#10482,#10483,#10484,#10485),
 .UNSPECIFIED.,.F.,.F.,(3,1,3),(0.,1.,2.),.UNSPECIFIED.);
#394=B_SPLINE_CURVE_WITH_KNOTS('',2,(#10492,#10493,#10494,#10495),
 .UNSPECIFIED.,.F.,.F.,(3,1,3),(0.,1.,2.),.UNSPECIFIED.);
#395=B_SPLINE_CURVE_WITH_KNOTS('',2,(#10500,#10501,#10502,#10503),
 .UNSPECIFIED.,.F.,.F.,(3,1,3),(0.,1.,2.),.UNSPECIFIED.);
#396=B_SPLINE_CURVE_WITH_KNOTS('',2,(#10505,#10506,#10507,#10508),
 .UNSPECIFIED.,.F.,.F.,(3,1,3),(0.,1.,2.),.UNSPECIFIED.);
#397=B_SPLINE_CURVE_WITH_KNOTS('',2,(#10510,#10511,#10512,#10513),
 .UNSPECIFIED.,.F.,.F.,(3,1,3),(0.,1.,2.),.UNSPECIFIED.);
#398=B_SPLINE_CURVE_WITH_KNOTS('',2,(#10520,#10521,#10522,#10523),
 .UNSPECIFIED.,.F.,.F.,(3,1,3),(0.,1.,2.),.UNSPECIFIED.);
#399=B_SPLINE_CURVE_WITH_KNOTS('',2,(#10534,#10535,#10536,#10537),
 .UNSPECIFIED.,.F.,.F.,(3,1,3),(0.,1.,2.),.UNSPECIFIED.);
#400=B_SPLINE_CURVE_WITH_KNOTS('',2,(#10539,#10540,#10541,#10542),
 .UNSPECIFIED.,.F.,.F.,(3,1,3),(0.,1.,2.),.UNSPECIFIED.);
#401=B_SPLINE_CURVE_WITH_KNOTS('',2,(#10544,#10545,#10546,#10547),
 .UNSPECIFIED.,.F.,.F.,(3,1,3),(0.,1.,2.),.UNSPECIFIED.);
#402=B_SPLINE_CURVE_WITH_KNOTS('',2,(#10548,#10549,#10550,#10551),
 .UNSPECIFIED.,.F.,.F.,(3,1,3),(0.,1.,2.),.UNSPECIFIED.);
#403=B_SPLINE_CURVE_WITH_KNOTS('',2,(#10558,#10559,#10560,#10561),
 .UNSPECIFIED.,.F.,.F.,(3,1,3),(0.,1.,2.),.UNSPECIFIED.);
#404=B_SPLINE_CURVE_WITH_KNOTS('',2,(#10567,#10568,#10569,#10570),
 .UNSPECIFIED.,.F.,.F.,(3,1,3),(0.,1.,2.),.UNSPECIFIED.);
#405=B_SPLINE_CURVE_WITH_KNOTS('',2,(#10572,#10573,#10574,#10575),
 .UNSPECIFIED.,.F.,.F.,(3,1,3),(0.,1.,2.),.UNSPECIFIED.);
#406=B_SPLINE_CURVE_WITH_KNOTS('',2,(#10579,#10580,#10581,#10582),
 .UNSPECIFIED.,.F.,.F.,(3,1,3),(0.,1.,2.),.UNSPECIFIED.);
#407=B_SPLINE_CURVE_WITH_KNOTS('',2,(#10584,#10585,#10586,#10587),
 .UNSPECIFIED.,.F.,.F.,(3,1,3),(0.,1.,2.),.UNSPECIFIED.);
#408=B_SPLINE_CURVE_WITH_KNOTS('',2,(#10589,#10590,#10591,#10592),
 .UNSPECIFIED.,.F.,.F.,(3,1,3),(0.,1.,2.),.UNSPECIFIED.);
#409=B_SPLINE_CURVE_WITH_KNOTS('',2,(#10596,#10597,#10598,#10599),
 .UNSPECIFIED.,.F.,.F.,(3,1,3),(0.,1.,2.),.UNSPECIFIED.);
#410=B_SPLINE_CURVE_WITH_KNOTS('',2,(#10601,#10602,#10603,#10604),
 .UNSPECIFIED.,.F.,.F.,(3,1,3),(0.,1.,2.),.UNSPECIFIED.);
#411=B_SPLINE_CURVE_WITH_KNOTS('',2,(#10636,#10637,#10638,#10639),
 .UNSPECIFIED.,.F.,.F.,(3,1,3),(0.,1.,2.),.UNSPECIFIED.);
#412=B_SPLINE_CURVE_WITH_KNOTS('',2,(#10641,#10642,#10643,#10644),
 .UNSPECIFIED.,.F.,.F.,(3,1,3),(0.,1.,2.),.UNSPECIFIED.);
#413=B_SPLINE_CURVE_WITH_KNOTS('',2,(#10646,#10647,#10648,#10649),
 .UNSPECIFIED.,.F.,.F.,(3,1,3),(0.,1.,2.),.UNSPECIFIED.);
#414=B_SPLINE_CURVE_WITH_KNOTS('',2,(#10650,#10651,#10652,#10653),
 .UNSPECIFIED.,.F.,.F.,(3,1,3),(0.,1.,2.),.UNSPECIFIED.);
#415=B_SPLINE_CURVE_WITH_KNOTS('',2,(#10774,#10775,#10776,#10777),
 .UNSPECIFIED.,.F.,.F.,(3,1,3),(0.,1.,2.),.UNSPECIFIED.);
#416=B_SPLINE_CURVE_WITH_KNOTS('',2,(#10781,#10782,#10783,#10784),
 .UNSPECIFIED.,.F.,.F.,(3,1,3),(0.,1.,2.),.UNSPECIFIED.);
#417=B_SPLINE_CURVE_WITH_KNOTS('',2,(#10795,#10796,#10797,#10798),
 .UNSPECIFIED.,.F.,.F.,(3,1,3),(0.,1.,2.),.UNSPECIFIED.);
#418=B_SPLINE_CURVE_WITH_KNOTS('',2,(#10800,#10801,#10802,#10803),
 .UNSPECIFIED.,.F.,.F.,(3,1,3),(0.,1.,2.),.UNSPECIFIED.);
#419=B_SPLINE_CURVE_WITH_KNOTS('',2,(#10814,#10815,#10816,#10817),
 .UNSPECIFIED.,.F.,.F.,(3,1,3),(0.,1.,2.),.UNSPECIFIED.);
#420=B_SPLINE_CURVE_WITH_KNOTS('',2,(#10819,#10820,#10821,#10822),
 .UNSPECIFIED.,.F.,.F.,(3,1,3),(0.,1.,2.),.UNSPECIFIED.);
#421=B_SPLINE_CURVE_WITH_KNOTS('',2,(#10833,#10834,#10835,#10836),
 .UNSPECIFIED.,.F.,.F.,(3,1,3),(0.,1.,2.),.UNSPECIFIED.);
#422=B_SPLINE_CURVE_WITH_KNOTS('',2,(#10838,#10839,#10840,#10841),
 .UNSPECIFIED.,.F.,.F.,(3,1,3),(0.,1.,2.),.UNSPECIFIED.);
#423=B_SPLINE_CURVE_WITH_KNOTS('',2,(#10852,#10853,#10854,#10855),
 .UNSPECIFIED.,.F.,.F.,(3,1,3),(0.,1.,2.),.UNSPECIFIED.);
#424=B_SPLINE_CURVE_WITH_KNOTS('',2,(#10857,#10858,#10859,#10860),
 .UNSPECIFIED.,.F.,.F.,(3,1,3),(0.,1.,2.),.UNSPECIFIED.);
#425=B_SPLINE_CURVE_WITH_KNOTS('',2,(#10871,#10872,#10873,#10874),
 .UNSPECIFIED.,.F.,.F.,(3,1,3),(0.,1.,2.),.UNSPECIFIED.);
#426=B_SPLINE_CURVE_WITH_KNOTS('',2,(#10876,#10877,#10878,#10879),
 .UNSPECIFIED.,.F.,.F.,(3,1,3),(0.,1.,2.),.UNSPECIFIED.);
#427=B_SPLINE_CURVE_WITH_KNOTS('',2,(#10890,#10891,#10892,#10893),
 .UNSPECIFIED.,.F.,.F.,(3,1,3),(0.,1.,2.),.UNSPECIFIED.);
#428=B_SPLINE_CURVE_WITH_KNOTS('',2,(#10895,#10896,#10897,#10898),
 .UNSPECIFIED.,.F.,.F.,(3,1,3),(0.,1.,2.),.UNSPECIFIED.);
#429=B_SPLINE_CURVE_WITH_KNOTS('',2,(#10908,#10909,#10910,#10911),
 .UNSPECIFIED.,.F.,.F.,(3,1,3),(0.,1.,2.),.UNSPECIFIED.);
#430=B_SPLINE_CURVE_WITH_KNOTS('',2,(#10912,#10913,#10914,#10915),
 .UNSPECIFIED.,.F.,.F.,(3,1,3),(0.,1.,2.),.UNSPECIFIED.);
#431=B_SPLINE_CURVE_WITH_KNOTS('',2,(#10927,#10928,#10929,#10930),
 .UNSPECIFIED.,.F.,.F.,(3,1,3),(0.,1.,2.),.UNSPECIFIED.);
#432=B_SPLINE_CURVE_WITH_KNOTS('',2,(#10942,#10943,#10944,#10945),
 .UNSPECIFIED.,.F.,.F.,(3,1,3),(0.,1.,2.),.UNSPECIFIED.);
#433=B_SPLINE_CURVE_WITH_KNOTS('',2,(#10956,#10957,#10958,#10959),
 .UNSPECIFIED.,.F.,.F.,(3,1,3),(0.,1.,2.),.UNSPECIFIED.);
#434=B_SPLINE_CURVE_WITH_KNOTS('',2,(#10968,#10969,#10970,#10971),
 .UNSPECIFIED.,.F.,.F.,(3,1,3),(0.,1.,2.),.UNSPECIFIED.);
#435=B_SPLINE_CURVE_WITH_KNOTS('',2,(#11056,#11057,#11058,#11059),
 .UNSPECIFIED.,.F.,.F.,(3,1,3),(0.,1.,2.),.UNSPECIFIED.);
#436=B_SPLINE_CURVE_WITH_KNOTS('',2,(#11061,#11062,#11063,#11064),
 .UNSPECIFIED.,.F.,.F.,(3,1,3),(0.,1.,2.),.UNSPECIFIED.);
#437=B_SPLINE_CURVE_WITH_KNOTS('',2,(#11088,#11089,#11090,#11091),
 .UNSPECIFIED.,.F.,.F.,(3,1,3),(0.,1.,2.),.UNSPECIFIED.);
#438=B_SPLINE_CURVE_WITH_KNOTS('',2,(#11093,#11094,#11095,#11096),
 .UNSPECIFIED.,.F.,.F.,(3,1,3),(0.,1.,2.),.UNSPECIFIED.);
#439=B_SPLINE_CURVE_WITH_KNOTS('',2,(#11107,#11108,#11109,#11110),
 .UNSPECIFIED.,.F.,.F.,(3,1,3),(0.,1.,2.),.UNSPECIFIED.);
#440=B_SPLINE_CURVE_WITH_KNOTS('',2,(#11112,#11113,#11114,#11115),
 .UNSPECIFIED.,.F.,.F.,(3,1,3),(0.,1.,2.),.UNSPECIFIED.);
#441=B_SPLINE_CURVE_WITH_KNOTS('',2,(#11125,#11126,#11127,#11128),
 .UNSPECIFIED.,.F.,.F.,(3,1,3),(0.,1.,2.),.UNSPECIFIED.);
#442=B_SPLINE_CURVE_WITH_KNOTS('',2,(#11129,#11130,#11131,#11132),
 .UNSPECIFIED.,.F.,.F.,(3,1,3),(0.,1.,2.),.UNSPECIFIED.);
#443=B_SPLINE_CURVE_WITH_KNOTS('',2,(#11153,#11154,#11155,#11156),
 .UNSPECIFIED.,.F.,.F.,(3,1,3),(0.,1.,2.),.UNSPECIFIED.);
#444=B_SPLINE_CURVE_WITH_KNOTS('',2,(#11167,#11168,#11169,#11170),
 .UNSPECIFIED.,.F.,.F.,(3,1,3),(0.,1.,2.),.UNSPECIFIED.);
#445=B_SPLINE_CURVE_WITH_KNOTS('',2,(#11192,#11193,#11194,#11195),
 .UNSPECIFIED.,.F.,.F.,(3,1,3),(0.,1.,2.),.UNSPECIFIED.);
#446=B_SPLINE_CURVE_WITH_KNOTS('',2,(#11206,#11207,#11208,#11209),
 .UNSPECIFIED.,.F.,.F.,(3,1,3),(0.,1.,2.),.UNSPECIFIED.);
#447=B_SPLINE_CURVE_WITH_KNOTS('',2,(#11220,#11221,#11222,#11223),
 .UNSPECIFIED.,.F.,.F.,(3,1,3),(0.,1.,2.),.UNSPECIFIED.);
#448=B_SPLINE_CURVE_WITH_KNOTS('',2,(#11245,#11246,#11247,#11248),
 .UNSPECIFIED.,.F.,.F.,(3,1,3),(0.,1.,2.),.UNSPECIFIED.);
#449=B_SPLINE_CURVE_WITH_KNOTS('',2,(#11259,#11260,#11261,#11262),
 .UNSPECIFIED.,.F.,.F.,(3,1,3),(0.,1.,2.),.UNSPECIFIED.);
#450=B_SPLINE_CURVE_WITH_KNOTS('',2,(#11288,#11289,#11290,#11291),
 .UNSPECIFIED.,.F.,.F.,(3,1,3),(0.,1.,2.),.UNSPECIFIED.);
#451=B_SPLINE_CURVE_WITH_KNOTS('',2,(#11312,#11313,#11314,#11315),
 .UNSPECIFIED.,.F.,.F.,(3,1,3),(0.,1.,2.),.UNSPECIFIED.);
#452=B_SPLINE_CURVE_WITH_KNOTS('',2,(#11319,#11320,#11321,#11322),
 .UNSPECIFIED.,.F.,.F.,(3,1,3),(0.,1.,2.),.UNSPECIFIED.);
#453=B_SPLINE_CURVE_WITH_KNOTS('',2,(#11333,#11334,#11335,#11336),
 .UNSPECIFIED.,.F.,.F.,(3,1,3),(0.,1.,2.),.UNSPECIFIED.);
#454=B_SPLINE_CURVE_WITH_KNOTS('',2,(#11338,#11339,#11340,#11341),
 .UNSPECIFIED.,.F.,.F.,(3,1,3),(0.,1.,2.),.UNSPECIFIED.);
#455=B_SPLINE_CURVE_WITH_KNOTS('',2,(#11352,#11353,#11354,#11355),
 .UNSPECIFIED.,.F.,.F.,(3,1,3),(0.,1.,2.),.UNSPECIFIED.);
#456=B_SPLINE_CURVE_WITH_KNOTS('',2,(#11357,#11358,#11359,#11360),
 .UNSPECIFIED.,.F.,.F.,(3,1,3),(0.,1.,2.),.UNSPECIFIED.);
#457=B_SPLINE_CURVE_WITH_KNOTS('',2,(#11371,#11372,#11373,#11374),
 .UNSPECIFIED.,.F.,.F.,(3,1,3),(0.,1.,2.),.UNSPECIFIED.);
#458=B_SPLINE_CURVE_WITH_KNOTS('',2,(#11376,#11377,#11378,#11379),
 .UNSPECIFIED.,.F.,.F.,(3,1,3),(0.,1.,2.),.UNSPECIFIED.);
#459=B_SPLINE_CURVE_WITH_KNOTS('',2,(#11390,#11391,#11392,#11393),
 .UNSPECIFIED.,.F.,.F.,(3,1,3),(0.,1.,2.),.UNSPECIFIED.);
#460=B_SPLINE_CURVE_WITH_KNOTS('',2,(#11395,#11396,#11397,#11398),
 .UNSPECIFIED.,.F.,.F.,(3,1,3),(0.,1.,2.),.UNSPECIFIED.);
#461=B_SPLINE_CURVE_WITH_KNOTS('',2,(#11409,#11410,#11411,#11412),
 .UNSPECIFIED.,.F.,.F.,(3,1,3),(0.,1.,2.),.UNSPECIFIED.);
#462=B_SPLINE_CURVE_WITH_KNOTS('',2,(#11414,#11415,#11416,#11417),
 .UNSPECIFIED.,.F.,.F.,(3,1,3),(0.,1.,2.),.UNSPECIFIED.);
#463=B_SPLINE_CURVE_WITH_KNOTS('',2,(#11428,#11429,#11430,#11431),
 .UNSPECIFIED.,.F.,.F.,(3,1,3),(0.,1.,2.),.UNSPECIFIED.);
#464=B_SPLINE_CURVE_WITH_KNOTS('',2,(#11433,#11434,#11435,#11436),
 .UNSPECIFIED.,.F.,.F.,(3,1,3),(0.,1.,2.),.UNSPECIFIED.);
#465=B_SPLINE_CURVE_WITH_KNOTS('',2,(#11446,#11447,#11448,#11449),
 .UNSPECIFIED.,.F.,.F.,(3,1,3),(0.,1.,2.),.UNSPECIFIED.);
#466=B_SPLINE_CURVE_WITH_KNOTS('',2,(#11450,#11451,#11452,#11453),
 .UNSPECIFIED.,.F.,.F.,(3,1,3),(0.,1.,2.),.UNSPECIFIED.);
#467=B_SPLINE_CURVE_WITH_KNOTS('',2,(#11465,#11466,#11467,#11468),
 .UNSPECIFIED.,.F.,.F.,(3,1,3),(0.,1.,2.),.UNSPECIFIED.);
#468=B_SPLINE_CURVE_WITH_KNOTS('',2,(#11480,#11481,#11482,#11483),
 .UNSPECIFIED.,.F.,.F.,(3,1,3),(0.,1.,2.),.UNSPECIFIED.);
#469=B_SPLINE_CURVE_WITH_KNOTS('',2,(#11494,#11495,#11496,#11497),
 .UNSPECIFIED.,.F.,.F.,(3,1,3),(0.,1.,2.),.UNSPECIFIED.);
#470=B_SPLINE_CURVE_WITH_KNOTS('',2,(#11506,#11507,#11508,#11509),
 .UNSPECIFIED.,.F.,.F.,(3,1,3),(0.,1.,2.),.UNSPECIFIED.);
#471=B_SPLINE_CURVE_WITH_KNOTS('',2,(#11538,#11539,#11540,#11541),
 .UNSPECIFIED.,.F.,.F.,(3,1,3),(0.,1.,2.),.UNSPECIFIED.);
#472=B_SPLINE_CURVE_WITH_KNOTS('',2,(#11545,#11546,#11547,#11548),
 .UNSPECIFIED.,.F.,.F.,(3,1,3),(0.,1.,2.),.UNSPECIFIED.);
#473=B_SPLINE_CURVE_WITH_KNOTS('',2,(#11577,#11578,#11579,#11580),
 .UNSPECIFIED.,.F.,.F.,(3,1,3),(0.,1.,2.),.UNSPECIFIED.);
#474=B_SPLINE_CURVE_WITH_KNOTS('',2,(#11582,#11583,#11584,#11585),
 .UNSPECIFIED.,.F.,.F.,(3,1,3),(0.,1.,2.),.UNSPECIFIED.);
#475=B_SPLINE_CURVE_WITH_KNOTS('',2,(#11596,#11597,#11598,#11599),
 .UNSPECIFIED.,.F.,.F.,(3,1,3),(0.,1.,2.),.UNSPECIFIED.);
#476=B_SPLINE_CURVE_WITH_KNOTS('',2,(#11601,#11602,#11603,#11604),
 .UNSPECIFIED.,.F.,.F.,(3,1,3),(0.,1.,2.),.UNSPECIFIED.);
#477=B_SPLINE_CURVE_WITH_KNOTS('',2,(#11627,#11628,#11629,#11630),
 .UNSPECIFIED.,.F.,.F.,(3,1,3),(0.,1.,2.),.UNSPECIFIED.);
#478=B_SPLINE_CURVE_WITH_KNOTS('',2,(#11642,#11643,#11644,#11645),
 .UNSPECIFIED.,.F.,.F.,(3,1,3),(0.,1.,2.),.UNSPECIFIED.);
#479=B_SPLINE_CURVE_WITH_KNOTS('',2,(#11668,#11669,#11670,#11671),
 .UNSPECIFIED.,.F.,.F.,(3,1,3),(0.,1.,2.),.UNSPECIFIED.);
#480=B_SPLINE_CURVE_WITH_KNOTS('',2,(#11680,#11681,#11682,#11683),
 .UNSPECIFIED.,.F.,.F.,(3,1,3),(0.,1.,2.),.UNSPECIFIED.);
#481=B_SPLINE_CURVE_WITH_KNOTS('',2,(#11700,#11701,#11702,#11703),
 .UNSPECIFIED.,.F.,.F.,(3,1,3),(0.,1.,2.),.UNSPECIFIED.);
#482=B_SPLINE_CURVE_WITH_KNOTS('',2,(#11715,#11716,#11717,#11718),
 .UNSPECIFIED.,.F.,.F.,(3,1,3),(0.,1.,2.),.UNSPECIFIED.);
#483=B_SPLINE_CURVE_WITH_KNOTS('',2,(#11741,#11742,#11743,#11744),
 .UNSPECIFIED.,.F.,.F.,(3,1,3),(0.,1.,2.),.UNSPECIFIED.);
#484=B_SPLINE_CURVE_WITH_KNOTS('',2,(#11755,#11756,#11757,#11758),
 .UNSPECIFIED.,.F.,.F.,(3,1,3),(0.,1.,2.),.UNSPECIFIED.);
#485=B_SPLINE_CURVE_WITH_KNOTS('',2,(#11769,#11770,#11771,#11772),
 .UNSPECIFIED.,.F.,.F.,(3,1,3),(0.,1.,2.),.UNSPECIFIED.);
#486=B_SPLINE_CURVE_WITH_KNOTS('',2,(#11783,#11784,#11785,#11786),
 .UNSPECIFIED.,.F.,.F.,(3,1,3),(0.,1.,2.),.UNSPECIFIED.);
#487=B_SPLINE_CURVE_WITH_KNOTS('',2,(#11809,#11810,#11811,#11812),
 .UNSPECIFIED.,.F.,.F.,(3,1,3),(0.,1.,2.),.UNSPECIFIED.);
#488=B_SPLINE_CURVE_WITH_KNOTS('',2,(#11821,#11822,#11823,#11824),
 .UNSPECIFIED.,.F.,.F.,(3,1,3),(0.,1.,2.),.UNSPECIFIED.);
#489=B_SPLINE_CURVE_WITH_KNOTS('',2,(#11846,#11847,#11848,#11849),
 .UNSPECIFIED.,.F.,.F.,(3,1,3),(0.,1.,2.),.UNSPECIFIED.);
#490=B_SPLINE_CURVE_WITH_KNOTS('',2,(#11860,#11861,#11862,#11863),
 .UNSPECIFIED.,.F.,.F.,(3,1,3),(0.,1.,2.),.UNSPECIFIED.);
#491=B_SPLINE_CURVE_WITH_KNOTS('',2,(#11874,#11875,#11876,#11877),
 .UNSPECIFIED.,.F.,.F.,(3,1,3),(0.,1.,2.),.UNSPECIFIED.);
#492=B_SPLINE_CURVE_WITH_KNOTS('',2,(#11888,#11889,#11890,#11891),
 .UNSPECIFIED.,.F.,.F.,(3,1,3),(0.,1.,2.),.UNSPECIFIED.);
#493=B_SPLINE_CURVE_WITH_KNOTS('',2,(#11902,#11903,#11904,#11905),
 .UNSPECIFIED.,.F.,.F.,(3,1,3),(0.,1.,2.),.UNSPECIFIED.);
#494=B_SPLINE_CURVE_WITH_KNOTS('',2,(#11924,#11925,#11926,#11927),
 .UNSPECIFIED.,.F.,.F.,(3,1,3),(0.,1.,2.),.UNSPECIFIED.);
#495=B_SPLINE_CURVE_WITH_KNOTS('',2,(#11938,#11939,#11940,#11941),
 .UNSPECIFIED.,.F.,.F.,(3,1,3),(0.,1.,2.),.UNSPECIFIED.);
#496=B_SPLINE_CURVE_WITH_KNOTS('',2,(#11963,#11964,#11965,#11966),
 .UNSPECIFIED.,.F.,.F.,(3,1,3),(0.,1.,2.),.UNSPECIFIED.);
#497=B_SPLINE_CURVE_WITH_KNOTS('',2,(#11977,#11978,#11979,#11980),
 .UNSPECIFIED.,.F.,.F.,(3,1,3),(0.,1.,2.),.UNSPECIFIED.);
#498=B_SPLINE_CURVE_WITH_KNOTS('',2,(#11991,#11992,#11993,#11994),
 .UNSPECIFIED.,.F.,.F.,(3,1,3),(0.,1.,2.),.UNSPECIFIED.);
#499=B_SPLINE_CURVE_WITH_KNOTS('',2,(#12063,#12064,#12065,#12066),
 .UNSPECIFIED.,.F.,.F.,(3,1,3),(0.,1.,2.),.UNSPECIFIED.);
#500=B_SPLINE_CURVE_WITH_KNOTS('',2,(#12077,#12078,#12079,#12080),
 .UNSPECIFIED.,.F.,.F.,(3,1,3),(0.,1.,2.),.UNSPECIFIED.);
#501=B_SPLINE_CURVE_WITH_KNOTS('',2,(#12091,#12092,#12093,#12094),
 .UNSPECIFIED.,.F.,.F.,(3,1,3),(0.,1.,2.),.UNSPECIFIED.);
#502=B_SPLINE_CURVE_WITH_KNOTS('',2,(#12105,#12106,#12107,#12108),
 .UNSPECIFIED.,.F.,.F.,(3,1,3),(0.,1.,2.),.UNSPECIFIED.);
#503=B_SPLINE_CURVE_WITH_KNOTS('',2,(#12119,#12120,#12121,#12122),
 .UNSPECIFIED.,.F.,.F.,(3,1,3),(0.,1.,2.),.UNSPECIFIED.);
#504=B_SPLINE_CURVE_WITH_KNOTS('',2,(#12141,#12142,#12143,#12144),
 .UNSPECIFIED.,.F.,.F.,(3,1,3),(0.,1.,2.),.UNSPECIFIED.);
#505=B_SPLINE_CURVE_WITH_KNOTS('',2,(#12155,#12156,#12157,#12158),
 .UNSPECIFIED.,.F.,.F.,(3,1,3),(0.,1.,2.),.UNSPECIFIED.);
#506=B_SPLINE_CURVE_WITH_KNOTS('',2,(#12180,#12181,#12182,#12183),
 .UNSPECIFIED.,.F.,.F.,(3,1,3),(0.,1.,2.),.UNSPECIFIED.);
#507=B_SPLINE_CURVE_WITH_KNOTS('',2,(#12194,#12195,#12196,#12197),
 .UNSPECIFIED.,.F.,.F.,(3,1,3),(0.,1.,2.),.UNSPECIFIED.);
#508=B_SPLINE_CURVE_WITH_KNOTS('',2,(#12208,#12209,#12210,#12211),
 .UNSPECIFIED.,.F.,.F.,(3,1,3),(0.,1.,2.),.UNSPECIFIED.);
#509=B_SPLINE_CURVE_WITH_KNOTS('',2,(#12229,#12230,#12231,#12232),
 .UNSPECIFIED.,.F.,.F.,(3,1,3),(0.,1.,2.),.UNSPECIFIED.);
#510=B_SPLINE_CURVE_WITH_KNOTS('',2,(#12236,#12237,#12238,#12239),
 .UNSPECIFIED.,.F.,.F.,(3,1,3),(0.,1.,2.),.UNSPECIFIED.);
#511=B_SPLINE_CURVE_WITH_KNOTS('',2,(#12250,#12251,#12252,#12253),
 .UNSPECIFIED.,.F.,.F.,(3,1,3),(0.,1.,2.),.UNSPECIFIED.);
#512=B_SPLINE_CURVE_WITH_KNOTS('',2,(#12255,#12256,#12257,#12258),
 .UNSPECIFIED.,.F.,.F.,(3,1,3),(0.,1.,2.),.UNSPECIFIED.);
#513=B_SPLINE_CURVE_WITH_KNOTS('',2,(#12269,#12270,#12271,#12272),
 .UNSPECIFIED.,.F.,.F.,(3,1,3),(0.,1.,2.),.UNSPECIFIED.);
#514=B_SPLINE_CURVE_WITH_KNOTS('',2,(#12274,#12275,#12276,#12277),
 .UNSPECIFIED.,.F.,.F.,(3,1,3),(0.,1.,2.),.UNSPECIFIED.);
#515=B_SPLINE_CURVE_WITH_KNOTS('',2,(#12288,#12289,#12290,#12291),
 .UNSPECIFIED.,.F.,.F.,(3,1,3),(0.,1.,2.),.UNSPECIFIED.);
#516=B_SPLINE_CURVE_WITH_KNOTS('',2,(#12293,#12294,#12295,#12296),
 .UNSPECIFIED.,.F.,.F.,(3,1,3),(0.,1.,2.),.UNSPECIFIED.);
#517=B_SPLINE_CURVE_WITH_KNOTS('',2,(#12307,#12308,#12309,#12310),
 .UNSPECIFIED.,.F.,.F.,(3,1,3),(0.,1.,2.),.UNSPECIFIED.);
#518=B_SPLINE_CURVE_WITH_KNOTS('',2,(#12312,#12313,#12314,#12315),
 .UNSPECIFIED.,.F.,.F.,(3,1,3),(0.,1.,2.),.UNSPECIFIED.);
#519=B_SPLINE_CURVE_WITH_KNOTS('',2,(#12326,#12327,#12328,#12329),
 .UNSPECIFIED.,.F.,.F.,(3,1,3),(0.,1.,2.),.UNSPECIFIED.);
#520=B_SPLINE_CURVE_WITH_KNOTS('',2,(#12331,#12332,#12333,#12334),
 .UNSPECIFIED.,.F.,.F.,(3,1,3),(0.,1.,2.),.UNSPECIFIED.);
#521=B_SPLINE_CURVE_WITH_KNOTS('',2,(#12345,#12346,#12347,#12348),
 .UNSPECIFIED.,.F.,.F.,(3,1,3),(0.,1.,2.),.UNSPECIFIED.);
#522=B_SPLINE_CURVE_WITH_KNOTS('',2,(#12350,#12351,#12352,#12353),
 .UNSPECIFIED.,.F.,.F.,(3,1,3),(0.,1.,2.),.UNSPECIFIED.);
#523=B_SPLINE_CURVE_WITH_KNOTS('',2,(#12363,#12364,#12365,#12366),
 .UNSPECIFIED.,.F.,.F.,(3,1,3),(0.,1.,2.),.UNSPECIFIED.);
#524=B_SPLINE_CURVE_WITH_KNOTS('',2,(#12367,#12368,#12369,#12370),
 .UNSPECIFIED.,.F.,.F.,(3,1,3),(0.,1.,2.),.UNSPECIFIED.);
#525=B_SPLINE_CURVE_WITH_KNOTS('',2,(#12382,#12383,#12384,#12385),
 .UNSPECIFIED.,.F.,.F.,(3,1,3),(0.,1.,2.),.UNSPECIFIED.);
#526=B_SPLINE_CURVE_WITH_KNOTS('',2,(#12397,#12398,#12399,#12400),
 .UNSPECIFIED.,.F.,.F.,(3,1,3),(0.,1.,2.),.UNSPECIFIED.);
#527=B_SPLINE_CURVE_WITH_KNOTS('',2,(#12411,#12412,#12413,#12414),
 .UNSPECIFIED.,.F.,.F.,(3,1,3),(0.,1.,2.),.UNSPECIFIED.);
#528=B_SPLINE_CURVE_WITH_KNOTS('',2,(#12423,#12424,#12425,#12426),
 .UNSPECIFIED.,.F.,.F.,(3,1,3),(0.,1.,2.),.UNSPECIFIED.);
#529=FACE_BOUND('',#1216,.T.);
#530=FACE_BOUND('',#1217,.T.);
#531=FACE_BOUND('',#1218,.T.);
#532=FACE_BOUND('',#1219,.T.);
#533=FACE_BOUND('',#1220,.T.);
#534=FACE_BOUND('',#1221,.T.);
#535=FACE_BOUND('',#1222,.T.);
#536=FACE_BOUND('',#1223,.T.);
#537=FACE_BOUND('',#1224,.T.);
#538=FACE_BOUND('',#1225,.T.);
#539=FACE_BOUND('',#1226,.T.);
#540=FACE_BOUND('',#1227,.T.);
#541=FACE_BOUND('',#1228,.T.);
#542=FACE_BOUND('',#1229,.T.);
#543=FACE_BOUND('',#1230,.T.);
#544=FACE_BOUND('',#1231,.T.);
#545=FACE_BOUND('',#1247,.T.);
#546=FACE_BOUND('',#1266,.T.);
#547=FACE_BOUND('',#1305,.T.);
#548=FACE_BOUND('',#1319,.T.);
#549=FACE_BOUND('',#1340,.T.);
#550=FACE_BOUND('',#1342,.T.);
#551=FACE_BOUND('',#1419,.T.);
#552=SPHERICAL_SURFACE('',#7745,0.05);
#553=SPHERICAL_SURFACE('',#7750,0.05);
#554=SPHERICAL_SURFACE('',#7756,0.05);
#555=SPHERICAL_SURFACE('',#7761,0.05);
#556=CIRCLE('',#7622,0.1);
#557=CIRCLE('',#7623,0.1);
#558=CIRCLE('',#7628,0.1);
#559=CIRCLE('',#7629,0.1);
#560=CIRCLE('',#7634,0.1);
#561=CIRCLE('',#7635,0.1);
#562=CIRCLE('',#7640,0.1);
#563=CIRCLE('',#7641,0.1);
#564=CIRCLE('',#7645,0.1);
#565=CIRCLE('',#7646,0.05);
#566=CIRCLE('',#7647,0.1);
#567=CIRCLE('',#7648,0.1);
#568=CIRCLE('',#7649,0.1);
#569=CIRCLE('',#7650,0.1);
#570=CIRCLE('',#7651,0.1);
#571=CIRCLE('',#7652,0.05);
#572=CIRCLE('',#7653,0.1);
#573=CIRCLE('',#7654,0.1);
#574=CIRCLE('',#7655,0.1);
#575=CIRCLE('',#7656,0.1);
#576=CIRCLE('',#7657,0.1);
#577=CIRCLE('',#7658,0.05);
#578=CIRCLE('',#7659,0.1);
#579=CIRCLE('',#7660,0.1);
#580=CIRCLE('',#7661,0.1);
#581=CIRCLE('',#7662,0.1);
#582=CIRCLE('',#7663,0.1);
#583=CIRCLE('',#7664,0.05);
#584=CIRCLE('',#7667,0.1);
#585=CIRCLE('',#7672,0.1);
#586=CIRCLE('',#7677,0.1);
#587=CIRCLE('',#7682,0.1);
#588=CIRCLE('',#7687,0.1);
#589=CIRCLE('',#7692,0.1);
#590=CIRCLE('',#7697,0.1);
#591=CIRCLE('',#7702,0.1);
#592=CIRCLE('',#7707,0.1);
#593=CIRCLE('',#7712,0.1);
#594=CIRCLE('',#7717,0.1);
#595=CIRCLE('',#7722,0.1);
#596=CIRCLE('',#7727,0.1);
#597=CIRCLE('',#7732,0.1);
#598=CIRCLE('',#7737,0.1);
#599=CIRCLE('',#7742,0.1);
#600=CIRCLE('',#7746,0.05);
#601=CIRCLE('',#7747,0.05);
#602=CIRCLE('',#7748,0.05);
#603=CIRCLE('',#7751,0.05);
#604=CIRCLE('',#7752,0.05);
#605=CIRCLE('',#7753,0.05);
#606=CIRCLE('',#7757,0.05);
#607=CIRCLE('',#7758,0.05);
#608=CIRCLE('',#7759,0.05);
#609=CIRCLE('',#7762,0.05);
#610=CIRCLE('',#7763,0.05);
#611=CIRCLE('',#7764,0.05);
#612=CIRCLE('',#7774,0.15);
#613=CIRCLE('',#7844,0.15);
#614=CIRCLE('',#7905,0.1);
#615=CIRCLE('',#7906,0.0999999999999998);
#616=CIRCLE('',#7913,0.1);
#617=CIRCLE('',#7914,0.0999999999999998);
#618=CIRCLE('',#7919,0.1);
#619=CIRCLE('',#7920,0.1);
#620=CIRCLE('',#7927,0.1);
#621=CIRCLE('',#7928,0.1);
#622=CIRCLE('',#7935,0.1);
#623=CIRCLE('',#7936,0.1);
#624=CIRCLE('',#7943,0.1);
#625=CIRCLE('',#7944,0.1);
#626=CIRCLE('',#7951,0.1);
#627=CIRCLE('',#7952,0.1);
#628=CIRCLE('',#7961,0.1);
#629=CIRCLE('',#7962,0.0999999999999998);
#630=CIRCLE('',#7969,0.1);
#631=CIRCLE('',#7970,0.0999999999999998);
#632=CIRCLE('',#7975,0.1);
#633=CIRCLE('',#7976,0.1);
#634=CIRCLE('',#7985,0.0999999999999998);
#635=CIRCLE('',#7986,0.0999999999999998);
#636=CIRCLE('',#7993,0.1);
#637=CIRCLE('',#7994,0.0999999999999998);
#638=CIRCLE('',#8001,0.1);
#639=CIRCLE('',#8002,0.0999999999999998);
#640=CIRCLE('',#8007,0.1);
#641=CIRCLE('',#8008,0.1);
#642=CIRCLE('',#8015,0.1);
#643=CIRCLE('',#8016,0.1);
#644=CIRCLE('',#8025,0.0999999999999998);
#645=CIRCLE('',#8026,0.0999999999999998);
#646=CIRCLE('',#8031,0.1);
#647=CIRCLE('',#8032,0.1);
#648=CIRCLE('',#8042,0.1);
#649=CIRCLE('',#8043,0.1);
#650=CIRCLE('',#8049,0.1);
#651=CIRCLE('',#8050,0.0999999999999998);
#652=CIRCLE('',#8057,0.1);
#653=CIRCLE('',#8058,0.0999999999999998);
#654=CYLINDRICAL_SURFACE('',#7621,0.1);
#655=CYLINDRICAL_SURFACE('',#7627,0.1);
#656=CYLINDRICAL_SURFACE('',#7633,0.1);
#657=CYLINDRICAL_SURFACE('',#7639,0.1);
#658=CYLINDRICAL_SURFACE('',#7666,0.1);
#659=CYLINDRICAL_SURFACE('',#7671,0.1);
#660=CYLINDRICAL_SURFACE('',#7676,0.1);
#661=CYLINDRICAL_SURFACE('',#7681,0.1);
#662=CYLINDRICAL_SURFACE('',#7686,0.1);
#663=CYLINDRICAL_SURFACE('',#7691,0.1);
#664=CYLINDRICAL_SURFACE('',#7696,0.1);
#665=CYLINDRICAL_SURFACE('',#7701,0.1);
#666=CYLINDRICAL_SURFACE('',#7706,0.1);
#667=CYLINDRICAL_SURFACE('',#7711,0.1);
#668=CYLINDRICAL_SURFACE('',#7716,0.1);
#669=CYLINDRICAL_SURFACE('',#7721,0.1);
#670=CYLINDRICAL_SURFACE('',#7726,0.1);
#671=CYLINDRICAL_SURFACE('',#7731,0.1);
#672=CYLINDRICAL_SURFACE('',#7736,0.1);
#673=CYLINDRICAL_SURFACE('',#7741,0.1);
#674=CYLINDRICAL_SURFACE('',#7749,0.05);
#675=CYLINDRICAL_SURFACE('',#7754,0.05);
#676=CYLINDRICAL_SURFACE('',#7755,0.05);
#677=CYLINDRICAL_SURFACE('',#7760,0.05);
#678=CYLINDRICAL_SURFACE('',#7765,0.05);
#679=CYLINDRICAL_SURFACE('',#7766,0.05);
#680=CYLINDRICAL_SURFACE('',#7767,0.05);
#681=CYLINDRICAL_SURFACE('',#7768,0.05);
#682=CYLINDRICAL_SURFACE('',#7843,0.15);
#683=CYLINDRICAL_SURFACE('',#7904,0.0999999999999998);
#684=CYLINDRICAL_SURFACE('',#7912,0.0999999999999998);
#685=CYLINDRICAL_SURFACE('',#7918,0.1);
#686=CYLINDRICAL_SURFACE('',#7926,0.1);
#687=CYLINDRICAL_SURFACE('',#7934,0.1);
#688=CYLINDRICAL_SURFACE('',#7942,0.1);
#689=CYLINDRICAL_SURFACE('',#7950,0.1);
#690=CYLINDRICAL_SURFACE('',#7960,0.0999999999999998);
#691=CYLINDRICAL_SURFACE('',#7968,0.0999999999999998);
#692=CYLINDRICAL_SURFACE('',#7974,0.1);
#693=CYLINDRICAL_SURFACE('',#7984,0.0999999999999998);
#694=CYLINDRICAL_SURFACE('',#7992,0.0999999999999998);
#695=CYLINDRICAL_SURFACE('',#8000,0.0999999999999998);
#696=CYLINDRICAL_SURFACE('',#8006,0.1);
#697=CYLINDRICAL_SURFACE('',#8014,0.1);
#698=CYLINDRICAL_SURFACE('',#8024,0.0999999999999998);
#699=CYLINDRICAL_SURFACE('',#8030,0.1);
#700=CYLINDRICAL_SURFACE('',#8041,0.1);
#701=CYLINDRICAL_SURFACE('',#8048,0.0999999999999998);
#702=CYLINDRICAL_SURFACE('',#8056,0.0999999999999998);
#703=FACE_OUTER_BOUND('',#1120,.T.);
#704=FACE_OUTER_BOUND('',#1121,.T.);
#705=FACE_OUTER_BOUND('',#1122,.T.);
#706=FACE_OUTER_BOUND('',#1123,.T.);
#707=FACE_OUTER_BOUND('',#1124,.T.);
#708=FACE_OUTER_BOUND('',#1125,.T.);
#709=FACE_OUTER_BOUND('',#1126,.T.);
#710=FACE_OUTER_BOUND('',#1127,.T.);
#711=FACE_OUTER_BOUND('',#1128,.T.);
#712=FACE_OUTER_BOUND('',#1129,.T.);
#713=FACE_OUTER_BOUND('',#1130,.T.);
#714=FACE_OUTER_BOUND('',#1131,.T.);
#715=FACE_OUTER_BOUND('',#1132,.T.);
#716=FACE_OUTER_BOUND('',#1133,.T.);
#717=FACE_OUTER_BOUND('',#1134,.T.);
#718=FACE_OUTER_BOUND('',#1135,.T.);
#719=FACE_OUTER_BOUND('',#1136,.T.);
#720=FACE_OUTER_BOUND('',#1137,.T.);
#721=FACE_OUTER_BOUND('',#1138,.T.);
#722=FACE_OUTER_BOUND('',#1139,.T.);
#723=FACE_OUTER_BOUND('',#1140,.T.);
#724=FACE_OUTER_BOUND('',#1141,.T.);
#725=FACE_OUTER_BOUND('',#1142,.T.);
#726=FACE_OUTER_BOUND('',#1143,.T.);
#727=FACE_OUTER_BOUND('',#1144,.T.);
#728=FACE_OUTER_BOUND('',#1145,.T.);
#729=FACE_OUTER_BOUND('',#1146,.T.);
#730=FACE_OUTER_BOUND('',#1147,.T.);
#731=FACE_OUTER_BOUND('',#1148,.T.);
#732=FACE_OUTER_BOUND('',#1149,.T.);
#733=FACE_OUTER_BOUND('',#1150,.T.);
#734=FACE_OUTER_BOUND('',#1151,.T.);
#735=FACE_OUTER_BOUND('',#1152,.T.);
#736=FACE_OUTER_BOUND('',#1153,.T.);
#737=FACE_OUTER_BOUND('',#1154,.T.);
#738=FACE_OUTER_BOUND('',#1155,.T.);
#739=FACE_OUTER_BOUND('',#1156,.T.);
#740=FACE_OUTER_BOUND('',#1157,.T.);
#741=FACE_OUTER_BOUND('',#1158,.T.);
#742=FACE_OUTER_BOUND('',#1159,.T.);
#743=FACE_OUTER_BOUND('',#1160,.T.);
#744=FACE_OUTER_BOUND('',#1161,.T.);
#745=FACE_OUTER_BOUND('',#1162,.T.);
#746=FACE_OUTER_BOUND('',#1163,.T.);
#747=FACE_OUTER_BOUND('',#1164,.T.);
#748=FACE_OUTER_BOUND('',#1165,.T.);
#749=FACE_OUTER_BOUND('',#1166,.T.);
#750=FACE_OUTER_BOUND('',#1167,.T.);
#751=FACE_OUTER_BOUND('',#1168,.T.);
#752=FACE_OUTER_BOUND('',#1169,.T.);
#753=FACE_OUTER_BOUND('',#1170,.T.);
#754=FACE_OUTER_BOUND('',#1171,.T.);
#755=FACE_OUTER_BOUND('',#1172,.T.);
#756=FACE_OUTER_BOUND('',#1173,.T.);
#757=FACE_OUTER_BOUND('',#1174,.T.);
#758=FACE_OUTER_BOUND('',#1175,.T.);
#759=FACE_OUTER_BOUND('',#1176,.T.);
#760=FACE_OUTER_BOUND('',#1177,.T.);
#761=FACE_OUTER_BOUND('',#1178,.T.);
#762=FACE_OUTER_BOUND('',#1179,.T.);
#763=FACE_OUTER_BOUND('',#1180,.T.);
#764=FACE_OUTER_BOUND('',#1181,.T.);
#765=FACE_OUTER_BOUND('',#1182,.T.);
#766=FACE_OUTER_BOUND('',#1183,.T.);
#767=FACE_OUTER_BOUND('',#1184,.T.);
#768=FACE_OUTER_BOUND('',#1185,.T.);
#769=FACE_OUTER_BOUND('',#1186,.T.);
#770=FACE_OUTER_BOUND('',#1187,.T.);
#771=FACE_OUTER_BOUND('',#1188,.T.);
#772=FACE_OUTER_BOUND('',#1189,.T.);
#773=FACE_OUTER_BOUND('',#1190,.T.);
#774=FACE_OUTER_BOUND('',#1191,.T.);
#775=FACE_OUTER_BOUND('',#1192,.T.);
#776=FACE_OUTER_BOUND('',#1193,.T.);
#777=FACE_OUTER_BOUND('',#1194,.T.);
#778=FACE_OUTER_BOUND('',#1195,.T.);
#779=FACE_OUTER_BOUND('',#1196,.T.);
#780=FACE_OUTER_BOUND('',#1197,.T.);
#781=FACE_OUTER_BOUND('',#1198,.T.);
#782=FACE_OUTER_BOUND('',#1199,.T.);
#783=FACE_OUTER_BOUND('',#1200,.T.);
#784=FACE_OUTER_BOUND('',#1201,.T.);
#785=FACE_OUTER_BOUND('',#1202,.T.);
#786=FACE_OUTER_BOUND('',#1203,.T.);
#787=FACE_OUTER_BOUND('',#1204,.T.);
#788=FACE_OUTER_BOUND('',#1205,.T.);
#789=FACE_OUTER_BOUND('',#1206,.T.);
#790=FACE_OUTER_BOUND('',#1207,.T.);
#791=FACE_OUTER_BOUND('',#1208,.T.);
#792=FACE_OUTER_BOUND('',#1209,.T.);
#793=FACE_OUTER_BOUND('',#1210,.T.);
#794=FACE_OUTER_BOUND('',#1211,.T.);
#795=FACE_OUTER_BOUND('',#1212,.T.);
#796=FACE_OUTER_BOUND('',#1213,.T.);
#797=FACE_OUTER_BOUND('',#1214,.T.);
#798=FACE_OUTER_BOUND('',#1215,.T.);
#799=FACE_OUTER_BOUND('',#1232,.T.);
#800=FACE_OUTER_BOUND('',#1233,.T.);
#801=FACE_OUTER_BOUND('',#1234,.T.);
#802=FACE_OUTER_BOUND('',#1235,.T.);
#803=FACE_OUTER_BOUND('',#1236,.T.);
#804=FACE_OUTER_BOUND('',#1237,.T.);
#805=FACE_OUTER_BOUND('',#1238,.T.);
#806=FACE_OUTER_BOUND('',#1239,.T.);
#807=FACE_OUTER_BOUND('',#1240,.T.);
#808=FACE_OUTER_BOUND('',#1241,.T.);
#809=FACE_OUTER_BOUND('',#1242,.T.);
#810=FACE_OUTER_BOUND('',#1243,.T.);
#811=FACE_OUTER_BOUND('',#1244,.T.);
#812=FACE_OUTER_BOUND('',#1245,.T.);
#813=FACE_OUTER_BOUND('',#1246,.T.);
#814=FACE_OUTER_BOUND('',#1248,.T.);
#815=FACE_OUTER_BOUND('',#1249,.T.);
#816=FACE_OUTER_BOUND('',#1250,.T.);
#817=FACE_OUTER_BOUND('',#1251,.T.);
#818=FACE_OUTER_BOUND('',#1252,.T.);
#819=FACE_OUTER_BOUND('',#1253,.T.);
#820=FACE_OUTER_BOUND('',#1254,.T.);
#821=FACE_OUTER_BOUND('',#1255,.T.);
#822=FACE_OUTER_BOUND('',#1256,.T.);
#823=FACE_OUTER_BOUND('',#1257,.T.);
#824=FACE_OUTER_BOUND('',#1258,.T.);
#825=FACE_OUTER_BOUND('',#1259,.T.);
#826=FACE_OUTER_BOUND('',#1260,.T.);
#827=FACE_OUTER_BOUND('',#1261,.T.);
#828=FACE_OUTER_BOUND('',#1262,.T.);
#829=FACE_OUTER_BOUND('',#1263,.T.);
#830=FACE_OUTER_BOUND('',#1264,.T.);
#831=FACE_OUTER_BOUND('',#1265,.T.);
#832=FACE_OUTER_BOUND('',#1267,.T.);
#833=FACE_OUTER_BOUND('',#1268,.T.);
#834=FACE_OUTER_BOUND('',#1269,.T.);
#835=FACE_OUTER_BOUND('',#1270,.T.);
#836=FACE_OUTER_BOUND('',#1271,.T.);
#837=FACE_OUTER_BOUND('',#1272,.T.);
#838=FACE_OUTER_BOUND('',#1273,.T.);
#839=FACE_OUTER_BOUND('',#1274,.T.);
#840=FACE_OUTER_BOUND('',#1275,.T.);
#841=FACE_OUTER_BOUND('',#1276,.T.);
#842=FACE_OUTER_BOUND('',#1277,.T.);
#843=FACE_OUTER_BOUND('',#1278,.T.);
#844=FACE_OUTER_BOUND('',#1279,.T.);
#845=FACE_OUTER_BOUND('',#1280,.T.);
#846=FACE_OUTER_BOUND('',#1281,.T.);
#847=FACE_OUTER_BOUND('',#1282,.T.);
#848=FACE_OUTER_BOUND('',#1283,.T.);
#849=FACE_OUTER_BOUND('',#1284,.T.);
#850=FACE_OUTER_BOUND('',#1285,.T.);
#851=FACE_OUTER_BOUND('',#1286,.T.);
#852=FACE_OUTER_BOUND('',#1287,.T.);
#853=FACE_OUTER_BOUND('',#1288,.T.);
#854=FACE_OUTER_BOUND('',#1289,.T.);
#855=FACE_OUTER_BOUND('',#1290,.T.);
#856=FACE_OUTER_BOUND('',#1291,.T.);
#857=FACE_OUTER_BOUND('',#1292,.T.);
#858=FACE_OUTER_BOUND('',#1293,.T.);
#859=FACE_OUTER_BOUND('',#1294,.T.);
#860=FACE_OUTER_BOUND('',#1295,.T.);
#861=FACE_OUTER_BOUND('',#1296,.T.);
#862=FACE_OUTER_BOUND('',#1297,.T.);
#863=FACE_OUTER_BOUND('',#1298,.T.);
#864=FACE_OUTER_BOUND('',#1299,.T.);
#865=FACE_OUTER_BOUND('',#1300,.T.);
#866=FACE_OUTER_BOUND('',#1301,.T.);
#867=FACE_OUTER_BOUND('',#1302,.T.);
#868=FACE_OUTER_BOUND('',#1303,.T.);
#869=FACE_OUTER_BOUND('',#1304,.T.);
#870=FACE_OUTER_BOUND('',#1306,.T.);
#871=FACE_OUTER_BOUND('',#1307,.T.);
#872=FACE_OUTER_BOUND('',#1308,.T.);
#873=FACE_OUTER_BOUND('',#1309,.T.);
#874=FACE_OUTER_BOUND('',#1310,.T.);
#875=FACE_OUTER_BOUND('',#1311,.T.);
#876=FACE_OUTER_BOUND('',#1312,.T.);
#877=FACE_OUTER_BOUND('',#1313,.T.);
#878=FACE_OUTER_BOUND('',#1314,.T.);
#879=FACE_OUTER_BOUND('',#1315,.T.);
#880=FACE_OUTER_BOUND('',#1316,.T.);
#881=FACE_OUTER_BOUND('',#1317,.T.);
#882=FACE_OUTER_BOUND('',#1318,.T.);
#883=FACE_OUTER_BOUND('',#1320,.T.);
#884=FACE_OUTER_BOUND('',#1321,.T.);
#885=FACE_OUTER_BOUND('',#1322,.T.);
#886=FACE_OUTER_BOUND('',#1323,.T.);
#887=FACE_OUTER_BOUND('',#1324,.T.);
#888=FACE_OUTER_BOUND('',#1325,.T.);
#889=FACE_OUTER_BOUND('',#1326,.T.);
#890=FACE_OUTER_BOUND('',#1327,.T.);
#891=FACE_OUTER_BOUND('',#1328,.T.);
#892=FACE_OUTER_BOUND('',#1329,.T.);
#893=FACE_OUTER_BOUND('',#1330,.T.);
#894=FACE_OUTER_BOUND('',#1331,.T.);
#895=FACE_OUTER_BOUND('',#1332,.T.);
#896=FACE_OUTER_BOUND('',#1333,.T.);
#897=FACE_OUTER_BOUND('',#1334,.T.);
#898=FACE_OUTER_BOUND('',#1335,.T.);
#899=FACE_OUTER_BOUND('',#1336,.T.);
#900=FACE_OUTER_BOUND('',#1337,.T.);
#901=FACE_OUTER_BOUND('',#1338,.T.);
#902=FACE_OUTER_BOUND('',#1339,.T.);
#903=FACE_OUTER_BOUND('',#1341,.T.);
#904=FACE_OUTER_BOUND('',#1343,.T.);
#905=FACE_OUTER_BOUND('',#1344,.T.);
#906=FACE_OUTER_BOUND('',#1345,.T.);
#907=FACE_OUTER_BOUND('',#1346,.T.);
#908=FACE_OUTER_BOUND('',#1347,.T.);
#909=FACE_OUTER_BOUND('',#1348,.T.);
#910=FACE_OUTER_BOUND('',#1349,.T.);
#911=FACE_OUTER_BOUND('',#1350,.T.);
#912=FACE_OUTER_BOUND('',#1351,.T.);
#913=FACE_OUTER_BOUND('',#1352,.T.);
#914=FACE_OUTER_BOUND('',#1353,.T.);
#915=FACE_OUTER_BOUND('',#1354,.T.);
#916=FACE_OUTER_BOUND('',#1355,.T.);
#917=FACE_OUTER_BOUND('',#1356,.T.);
#918=FACE_OUTER_BOUND('',#1357,.T.);
#919=FACE_OUTER_BOUND('',#1358,.T.);
#920=FACE_OUTER_BOUND('',#1359,.T.);
#921=FACE_OUTER_BOUND('',#1360,.T.);
#922=FACE_OUTER_BOUND('',#1361,.T.);
#923=FACE_OUTER_BOUND('',#1362,.T.);
#924=FACE_OUTER_BOUND('',#1363,.T.);
#925=FACE_OUTER_BOUND('',#1364,.T.);
#926=FACE_OUTER_BOUND('',#1365,.T.);
#927=FACE_OUTER_BOUND('',#1366,.T.);
#928=FACE_OUTER_BOUND('',#1367,.T.);
#929=FACE_OUTER_BOUND('',#1368,.T.);
#930=FACE_OUTER_BOUND('',#1369,.T.);
#931=FACE_OUTER_BOUND('',#1370,.T.);
#932=FACE_OUTER_BOUND('',#1371,.T.);
#933=FACE_OUTER_BOUND('',#1372,.T.);
#934=FACE_OUTER_BOUND('',#1373,.T.);
#935=FACE_OUTER_BOUND('',#1374,.T.);
#936=FACE_OUTER_BOUND('',#1375,.T.);
#937=FACE_OUTER_BOUND('',#1376,.T.);
#938=FACE_OUTER_BOUND('',#1377,.T.);
#939=FACE_OUTER_BOUND('',#1378,.T.);
#940=FACE_OUTER_BOUND('',#1379,.T.);
#941=FACE_OUTER_BOUND('',#1380,.T.);
#942=FACE_OUTER_BOUND('',#1381,.T.);
#943=FACE_OUTER_BOUND('',#1382,.T.);
#944=FACE_OUTER_BOUND('',#1383,.T.);
#945=FACE_OUTER_BOUND('',#1384,.T.);
#946=FACE_OUTER_BOUND('',#1385,.T.);
#947=FACE_OUTER_BOUND('',#1386,.T.);
#948=FACE_OUTER_BOUND('',#1387,.T.);
#949=FACE_OUTER_BOUND('',#1388,.T.);
#950=FACE_OUTER_BOUND('',#1389,.T.);
#951=FACE_OUTER_BOUND('',#1390,.T.);
#952=FACE_OUTER_BOUND('',#1391,.T.);
#953=FACE_OUTER_BOUND('',#1392,.T.);
#954=FACE_OUTER_BOUND('',#1393,.T.);
#955=FACE_OUTER_BOUND('',#1394,.T.);
#956=FACE_OUTER_BOUND('',#1395,.T.);
#957=FACE_OUTER_BOUND('',#1396,.T.);
#958=FACE_OUTER_BOUND('',#1397,.T.);
#959=FACE_OUTER_BOUND('',#1398,.T.);
#960=FACE_OUTER_BOUND('',#1399,.T.);
#961=FACE_OUTER_BOUND('',#1400,.T.);
#962=FACE_OUTER_BOUND('',#1401,.T.);
#963=FACE_OUTER_BOUND('',#1402,.T.);
#964=FACE_OUTER_BOUND('',#1403,.T.);
#965=FACE_OUTER_BOUND('',#1404,.T.);
#966=FACE_OUTER_BOUND('',#1405,.T.);
#967=FACE_OUTER_BOUND('',#1406,.T.);
#968=FACE_OUTER_BOUND('',#1407,.T.);
#969=FACE_OUTER_BOUND('',#1408,.T.);
#970=FACE_OUTER_BOUND('',#1409,.T.);
#971=FACE_OUTER_BOUND('',#1410,.T.);
#972=FACE_OUTER_BOUND('',#1411,.T.);
#973=FACE_OUTER_BOUND('',#1412,.T.);
#974=FACE_OUTER_BOUND('',#1413,.T.);
#975=FACE_OUTER_BOUND('',#1414,.T.);
#976=FACE_OUTER_BOUND('',#1415,.T.);
#977=FACE_OUTER_BOUND('',#1416,.T.);
#978=FACE_OUTER_BOUND('',#1417,.T.);
#979=FACE_OUTER_BOUND('',#1418,.T.);
#980=FACE_OUTER_BOUND('',#1420,.T.);
#981=FACE_OUTER_BOUND('',#1421,.T.);
#982=FACE_OUTER_BOUND('',#1422,.T.);
#983=FACE_OUTER_BOUND('',#1423,.T.);
#984=FACE_OUTER_BOUND('',#1424,.T.);
#985=FACE_OUTER_BOUND('',#1425,.T.);
#986=FACE_OUTER_BOUND('',#1426,.T.);
#987=FACE_OUTER_BOUND('',#1427,.T.);
#988=FACE_OUTER_BOUND('',#1428,.T.);
#989=FACE_OUTER_BOUND('',#1429,.T.);
#990=FACE_OUTER_BOUND('',#1430,.T.);
#991=FACE_OUTER_BOUND('',#1431,.T.);
#992=FACE_OUTER_BOUND('',#1432,.T.);
#993=FACE_OUTER_BOUND('',#1433,.T.);
#994=FACE_OUTER_BOUND('',#1434,.T.);
#995=FACE_OUTER_BOUND('',#1435,.T.);
#996=FACE_OUTER_BOUND('',#1436,.T.);
#997=FACE_OUTER_BOUND('',#1437,.T.);
#998=FACE_OUTER_BOUND('',#1438,.T.);
#999=FACE_OUTER_BOUND('',#1439,.T.);
#1000=FACE_OUTER_BOUND('',#1440,.T.);
#1001=FACE_OUTER_BOUND('',#1441,.T.);
#1002=FACE_OUTER_BOUND('',#1442,.T.);
#1003=FACE_OUTER_BOUND('',#1443,.T.);
#1004=FACE_OUTER_BOUND('',#1444,.T.);
#1005=FACE_OUTER_BOUND('',#1445,.T.);
#1006=FACE_OUTER_BOUND('',#1446,.T.);
#1007=FACE_OUTER_BOUND('',#1447,.T.);
#1008=FACE_OUTER_BOUND('',#1448,.T.);
#1009=FACE_OUTER_BOUND('',#1449,.T.);
#1010=FACE_OUTER_BOUND('',#1450,.T.);
#1011=FACE_OUTER_BOUND('',#1451,.T.);
#1012=FACE_OUTER_BOUND('',#1452,.T.);
#1013=FACE_OUTER_BOUND('',#1453,.T.);
#1014=FACE_OUTER_BOUND('',#1454,.T.);
#1015=FACE_OUTER_BOUND('',#1455,.T.);
#1016=FACE_OUTER_BOUND('',#1456,.T.);
#1017=FACE_OUTER_BOUND('',#1457,.T.);
#1018=FACE_OUTER_BOUND('',#1458,.T.);
#1019=FACE_OUTER_BOUND('',#1459,.T.);
#1020=FACE_OUTER_BOUND('',#1460,.T.);
#1021=FACE_OUTER_BOUND('',#1461,.T.);
#1022=FACE_OUTER_BOUND('',#1462,.T.);
#1023=FACE_OUTER_BOUND('',#1463,.T.);
#1024=FACE_OUTER_BOUND('',#1464,.T.);
#1025=FACE_OUTER_BOUND('',#1465,.T.);
#1026=FACE_OUTER_BOUND('',#1466,.T.);
#1027=FACE_OUTER_BOUND('',#1467,.T.);
#1028=FACE_OUTER_BOUND('',#1468,.T.);
#1029=FACE_OUTER_BOUND('',#1469,.T.);
#1030=FACE_OUTER_BOUND('',#1470,.T.);
#1031=FACE_OUTER_BOUND('',#1471,.T.);
#1032=FACE_OUTER_BOUND('',#1472,.T.);
#1033=FACE_OUTER_BOUND('',#1473,.T.);
#1034=FACE_OUTER_BOUND('',#1474,.T.);
#1035=FACE_OUTER_BOUND('',#1475,.T.);
#1036=FACE_OUTER_BOUND('',#1476,.T.);
#1037=FACE_OUTER_BOUND('',#1477,.T.);
#1038=FACE_OUTER_BOUND('',#1478,.T.);
#1039=FACE_OUTER_BOUND('',#1479,.T.);
#1040=FACE_OUTER_BOUND('',#1480,.T.);
#1041=FACE_OUTER_BOUND('',#1481,.T.);
#1042=FACE_OUTER_BOUND('',#1482,.T.);
#1043=FACE_OUTER_BOUND('',#1483,.T.);
#1044=FACE_OUTER_BOUND('',#1484,.T.);
#1045=FACE_OUTER_BOUND('',#1485,.T.);
#1046=FACE_OUTER_BOUND('',#1486,.T.);
#1047=FACE_OUTER_BOUND('',#1487,.T.);
#1048=FACE_OUTER_BOUND('',#1488,.T.);
#1049=FACE_OUTER_BOUND('',#1489,.T.);
#1050=FACE_OUTER_BOUND('',#1490,.T.);
#1051=FACE_OUTER_BOUND('',#1491,.T.);
#1052=FACE_OUTER_BOUND('',#1492,.T.);
#1053=FACE_OUTER_BOUND('',#1493,.T.);
#1054=FACE_OUTER_BOUND('',#1494,.T.);
#1055=FACE_OUTER_BOUND('',#1495,.T.);
#1056=FACE_OUTER_BOUND('',#1496,.T.);
#1057=FACE_OUTER_BOUND('',#1497,.T.);
#1058=FACE_OUTER_BOUND('',#1498,.T.);
#1059=FACE_OUTER_BOUND('',#1499,.T.);
#1060=FACE_OUTER_BOUND('',#1500,.T.);
#1061=FACE_OUTER_BOUND('',#1501,.T.);
#1062=FACE_OUTER_BOUND('',#1502,.T.);
#1063=FACE_OUTER_BOUND('',#1503,.T.);
#1064=FACE_OUTER_BOUND('',#1504,.T.);
#1065=FACE_OUTER_BOUND('',#1505,.T.);
#1066=FACE_OUTER_BOUND('',#1506,.T.);
#1067=FACE_OUTER_BOUND('',#1507,.T.);
#1068=FACE_OUTER_BOUND('',#1508,.T.);
#1069=FACE_OUTER_BOUND('',#1509,.T.);
#1070=FACE_OUTER_BOUND('',#1510,.T.);
#1071=FACE_OUTER_BOUND('',#1511,.T.);
#1072=FACE_OUTER_BOUND('',#1512,.T.);
#1073=FACE_OUTER_BOUND('',#1513,.T.);
#1074=FACE_OUTER_BOUND('',#1514,.T.);
#1075=FACE_OUTER_BOUND('',#1515,.T.);
#1076=FACE_OUTER_BOUND('',#1516,.T.);
#1077=FACE_OUTER_BOUND('',#1517,.T.);
#1078=FACE_OUTER_BOUND('',#1518,.T.);
#1079=FACE_OUTER_BOUND('',#1519,.T.);
#1080=FACE_OUTER_BOUND('',#1520,.T.);
#1081=FACE_OUTER_BOUND('',#1521,.T.);
#1082=FACE_OUTER_BOUND('',#1522,.T.);
#1083=FACE_OUTER_BOUND('',#1523,.T.);
#1084=FACE_OUTER_BOUND('',#1524,.T.);
#1085=FACE_OUTER_BOUND('',#1525,.T.);
#1086=FACE_OUTER_BOUND('',#1526,.T.);
#1087=FACE_OUTER_BOUND('',#1527,.T.);
#1088=FACE_OUTER_BOUND('',#1528,.T.);
#1089=FACE_OUTER_BOUND('',#1529,.T.);
#1090=FACE_OUTER_BOUND('',#1530,.T.);
#1091=FACE_OUTER_BOUND('',#1531,.T.);
#1092=FACE_OUTER_BOUND('',#1532,.T.);
#1093=FACE_OUTER_BOUND('',#1533,.T.);
#1094=FACE_OUTER_BOUND('',#1534,.T.);
#1095=FACE_OUTER_BOUND('',#1535,.T.);
#1096=FACE_OUTER_BOUND('',#1536,.T.);
#1097=FACE_OUTER_BOUND('',#1537,.T.);
#1098=FACE_OUTER_BOUND('',#1538,.T.);
#1099=FACE_OUTER_BOUND('',#1539,.T.);
#1100=FACE_OUTER_BOUND('',#1540,.T.);
#1101=FACE_OUTER_BOUND('',#1541,.T.);
#1102=FACE_OUTER_BOUND('',#1542,.T.);
#1103=FACE_OUTER_BOUND('',#1543,.T.);
#1104=FACE_OUTER_BOUND('',#1544,.T.);
#1105=FACE_OUTER_BOUND('',#1545,.T.);
#1106=FACE_OUTER_BOUND('',#1546,.T.);
#1107=FACE_OUTER_BOUND('',#1547,.T.);
#1108=FACE_OUTER_BOUND('',#1548,.T.);
#1109=FACE_OUTER_BOUND('',#1549,.T.);
#1110=FACE_OUTER_BOUND('',#1550,.T.);
#1111=FACE_OUTER_BOUND('',#1551,.T.);
#1112=FACE_OUTER_BOUND('',#1552,.T.);
#1113=FACE_OUTER_BOUND('',#1553,.T.);
#1114=FACE_OUTER_BOUND('',#1554,.T.);
#1115=FACE_OUTER_BOUND('',#1555,.T.);
#1116=FACE_OUTER_BOUND('',#1556,.T.);
#1117=FACE_OUTER_BOUND('',#1557,.T.);
#1118=FACE_OUTER_BOUND('',#1558,.T.);
#1119=FACE_OUTER_BOUND('',#1559,.T.);
#1120=EDGE_LOOP('',(#4806,#4807,#4808,#4809));
#1121=EDGE_LOOP('',(#4810,#4811,#4812,#4813));
#1122=EDGE_LOOP('',(#4814,#4815,#4816,#4817));
#1123=EDGE_LOOP('',(#4818,#4819,#4820,#4821));
#1124=EDGE_LOOP('',(#4822,#4823,#4824,#4825));
#1125=EDGE_LOOP('',(#4826,#4827,#4828,#4829));
#1126=EDGE_LOOP('',(#4830,#4831,#4832,#4833));
#1127=EDGE_LOOP('',(#4834,#4835,#4836,#4837));
#1128=EDGE_LOOP('',(#4838,#4839,#4840,#4841));
#1129=EDGE_LOOP('',(#4842,#4843,#4844,#4845));
#1130=EDGE_LOOP('',(#4846,#4847,#4848,#4849));
#1131=EDGE_LOOP('',(#4850,#4851,#4852,#4853));
#1132=EDGE_LOOP('',(#4854,#4855,#4856,#4857));
#1133=EDGE_LOOP('',(#4858,#4859,#4860,#4861));
#1134=EDGE_LOOP('',(#4862,#4863,#4864,#4865));
#1135=EDGE_LOOP('',(#4866,#4867,#4868,#4869));
#1136=EDGE_LOOP('',(#4870,#4871,#4872,#4873,#4874,#4875,#4876,#4877,#4878,
#4879,#4880,#4881,#4882,#4883,#4884,#4885,#4886,#4887,#4888,#4889,#4890,
#4891,#4892,#4893,#4894,#4895,#4896,#4897,#4898,#4899,#4900,#4901,#4902,
#4903,#4904,#4905,#4906,#4907,#4908,#4909,#4910,#4911,#4912,#4913,#4914,
#4915,#4916,#4917,#4918,#4919,#4920,#4921,#4922,#4923,#4924,#4925,#4926,
#4927,#4928,#4929,#4930,#4931,#4932,#4933,#4934,#4935,#4936,#4937,#4938,
#4939,#4940,#4941,#4942,#4943,#4944,#4945,#4946,#4947,#4948,#4949,#4950,
#4951,#4952,#4953,#4954,#4955,#4956,#4957));
#1137=EDGE_LOOP('',(#4958,#4959,#4960,#4961));
#1138=EDGE_LOOP('',(#4962,#4963,#4964,#4965));
#1139=EDGE_LOOP('',(#4966,#4967,#4968,#4969));
#1140=EDGE_LOOP('',(#4970,#4971,#4972,#4973));
#1141=EDGE_LOOP('',(#4974,#4975,#4976,#4977));
#1142=EDGE_LOOP('',(#4978,#4979,#4980,#4981));
#1143=EDGE_LOOP('',(#4982,#4983,#4984,#4985));
#1144=EDGE_LOOP('',(#4986,#4987,#4988,#4989));
#1145=EDGE_LOOP('',(#4990,#4991,#4992,#4993));
#1146=EDGE_LOOP('',(#4994,#4995,#4996,#4997));
#1147=EDGE_LOOP('',(#4998,#4999,#5000,#5001));
#1148=EDGE_LOOP('',(#5002,#5003,#5004,#5005));
#1149=EDGE_LOOP('',(#5006,#5007,#5008,#5009));
#1150=EDGE_LOOP('',(#5010,#5011,#5012,#5013));
#1151=EDGE_LOOP('',(#5014,#5015,#5016,#5017));
#1152=EDGE_LOOP('',(#5018,#5019,#5020,#5021));
#1153=EDGE_LOOP('',(#5022,#5023,#5024,#5025));
#1154=EDGE_LOOP('',(#5026,#5027,#5028,#5029));
#1155=EDGE_LOOP('',(#5030,#5031,#5032,#5033));
#1156=EDGE_LOOP('',(#5034,#5035,#5036,#5037));
#1157=EDGE_LOOP('',(#5038,#5039,#5040,#5041));
#1158=EDGE_LOOP('',(#5042,#5043,#5044,#5045));
#1159=EDGE_LOOP('',(#5046,#5047,#5048,#5049));
#1160=EDGE_LOOP('',(#5050,#5051,#5052,#5053));
#1161=EDGE_LOOP('',(#5054,#5055,#5056,#5057));
#1162=EDGE_LOOP('',(#5058,#5059,#5060,#5061));
#1163=EDGE_LOOP('',(#5062,#5063,#5064,#5065));
#1164=EDGE_LOOP('',(#5066,#5067,#5068,#5069));
#1165=EDGE_LOOP('',(#5070,#5071,#5072,#5073));
#1166=EDGE_LOOP('',(#5074,#5075,#5076,#5077));
#1167=EDGE_LOOP('',(#5078,#5079,#5080,#5081));
#1168=EDGE_LOOP('',(#5082,#5083,#5084,#5085));
#1169=EDGE_LOOP('',(#5086,#5087,#5088,#5089));
#1170=EDGE_LOOP('',(#5090,#5091,#5092,#5093));
#1171=EDGE_LOOP('',(#5094,#5095,#5096,#5097));
#1172=EDGE_LOOP('',(#5098,#5099,#5100,#5101));
#1173=EDGE_LOOP('',(#5102,#5103,#5104,#5105));
#1174=EDGE_LOOP('',(#5106,#5107,#5108,#5109));
#1175=EDGE_LOOP('',(#5110,#5111,#5112,#5113));
#1176=EDGE_LOOP('',(#5114,#5115,#5116,#5117));
#1177=EDGE_LOOP('',(#5118,#5119,#5120,#5121));
#1178=EDGE_LOOP('',(#5122,#5123,#5124,#5125));
#1179=EDGE_LOOP('',(#5126,#5127,#5128,#5129));
#1180=EDGE_LOOP('',(#5130,#5131,#5132,#5133));
#1181=EDGE_LOOP('',(#5134,#5135,#5136,#5137));
#1182=EDGE_LOOP('',(#5138,#5139,#5140,#5141));
#1183=EDGE_LOOP('',(#5142,#5143,#5144,#5145));
#1184=EDGE_LOOP('',(#5146,#5147,#5148,#5149));
#1185=EDGE_LOOP('',(#5150,#5151,#5152,#5153));
#1186=EDGE_LOOP('',(#5154,#5155,#5156,#5157));
#1187=EDGE_LOOP('',(#5158,#5159,#5160,#5161));
#1188=EDGE_LOOP('',(#5162,#5163,#5164,#5165));
#1189=EDGE_LOOP('',(#5166,#5167,#5168,#5169));
#1190=EDGE_LOOP('',(#5170,#5171,#5172,#5173));
#1191=EDGE_LOOP('',(#5174,#5175,#5176,#5177));
#1192=EDGE_LOOP('',(#5178,#5179,#5180,#5181));
#1193=EDGE_LOOP('',(#5182,#5183,#5184,#5185));
#1194=EDGE_LOOP('',(#5186,#5187,#5188,#5189));
#1195=EDGE_LOOP('',(#5190,#5191,#5192,#5193));
#1196=EDGE_LOOP('',(#5194,#5195,#5196,#5197));
#1197=EDGE_LOOP('',(#5198,#5199,#5200,#5201));
#1198=EDGE_LOOP('',(#5202,#5203,#5204,#5205));
#1199=EDGE_LOOP('',(#5206,#5207,#5208,#5209));
#1200=EDGE_LOOP('',(#5210,#5211,#5212,#5213));
#1201=EDGE_LOOP('',(#5214,#5215,#5216));
#1202=EDGE_LOOP('',(#5217,#5218,#5219,#5220));
#1203=EDGE_LOOP('',(#5221,#5222,#5223));
#1204=EDGE_LOOP('',(#5224,#5225,#5226,#5227));
#1205=EDGE_LOOP('',(#5228,#5229,#5230,#5231));
#1206=EDGE_LOOP('',(#5232,#5233,#5234));
#1207=EDGE_LOOP('',(#5235,#5236,#5237,#5238));
#1208=EDGE_LOOP('',(#5239,#5240,#5241));
#1209=EDGE_LOOP('',(#5242,#5243,#5244,#5245));
#1210=EDGE_LOOP('',(#5246,#5247,#5248,#5249));
#1211=EDGE_LOOP('',(#5250,#5251,#5252,#5253));
#1212=EDGE_LOOP('',(#5254,#5255,#5256,#5257));
#1213=EDGE_LOOP('',(#5258,#5259,#5260,#5261,#5262,#5263,#5264,#5265,#5266,
#5267,#5268,#5269,#5270,#5271,#5272,#5273,#5274,#5275,#5276,#5277,#5278,
#5279,#5280,#5281));
#1214=EDGE_LOOP('',(#5282,#5283,#5284,#5285,#5286,#5287,#5288,#5289,#5290,
#5291,#5292,#5293,#5294,#5295,#5296,#5297,#5298,#5299,#5300,#5301,#5302,
#5303,#5304,#5305));
#1215=EDGE_LOOP('',(#5306,#5307,#5308,#5309));
#1216=EDGE_LOOP('',(#5310,#5311,#5312,#5313));
#1217=EDGE_LOOP('',(#5314,#5315,#5316,#5317));
#1218=EDGE_LOOP('',(#5318,#5319,#5320,#5321,#5322,#5323,#5324,#5325,#5326,
#5327,#5328,#5329,#5330,#5331,#5332,#5333,#5334));
#1219=EDGE_LOOP('',(#5335,#5336,#5337,#5338,#5339,#5340,#5341,#5342,#5343,
#5344));
#1220=EDGE_LOOP('',(#5345,#5346,#5347,#5348,#5349,#5350,#5351,#5352,#5353,
#5354,#5355,#5356,#5357,#5358,#5359,#5360,#5361));
#1221=EDGE_LOOP('',(#5362,#5363,#5364,#5365,#5366,#5367,#5368,#5369,#5370,
#5371,#5372,#5373,#5374,#5375));
#1222=EDGE_LOOP('',(#5376));
#1223=EDGE_LOOP('',(#5377,#5378,#5379,#5380,#5381,#5382,#5383));
#1224=EDGE_LOOP('',(#5384,#5385,#5386,#5387));
#1225=EDGE_LOOP('',(#5388,#5389,#5390,#5391));
#1226=EDGE_LOOP('',(#5392,#5393,#5394,#5395,#5396,#5397,#5398,#5399,#5400,
#5401,#5402,#5403,#5404,#5405,#5406));
#1227=EDGE_LOOP('',(#5407,#5408,#5409,#5410,#5411,#5412,#5413,#5414,#5415,
#5416));
#1228=EDGE_LOOP('',(#5417,#5418,#5419,#5420));
#1229=EDGE_LOOP('',(#5421,#5422,#5423,#5424));
#1230=EDGE_LOOP('',(#5425,#5426,#5427,#5428));
#1231=EDGE_LOOP('',(#5429,#5430,#5431,#5432,#5433,#5434,#5435,#5436,#5437,
#5438,#5439));
#1232=EDGE_LOOP('',(#5440,#5441,#5442,#5443));
#1233=EDGE_LOOP('',(#5444,#5445,#5446,#5447));
#1234=EDGE_LOOP('',(#5448,#5449,#5450,#5451));
#1235=EDGE_LOOP('',(#5452,#5453,#5454,#5455));
#1236=EDGE_LOOP('',(#5456,#5457,#5458,#5459));
#1237=EDGE_LOOP('',(#5460,#5461,#5462,#5463));
#1238=EDGE_LOOP('',(#5464,#5465,#5466,#5467));
#1239=EDGE_LOOP('',(#5468,#5469,#5470,#5471));
#1240=EDGE_LOOP('',(#5472,#5473,#5474,#5475));
#1241=EDGE_LOOP('',(#5476,#5477,#5478,#5479));
#1242=EDGE_LOOP('',(#5480,#5481,#5482,#5483));
#1243=EDGE_LOOP('',(#5484,#5485,#5486,#5487));
#1244=EDGE_LOOP('',(#5488,#5489,#5490,#5491));
#1245=EDGE_LOOP('',(#5492,#5493,#5494,#5495));
#1246=EDGE_LOOP('',(#5496,#5497,#5498,#5499,#5500,#5501,#5502,#5503,#5504,
#5505,#5506));
#1247=EDGE_LOOP('',(#5507,#5508,#5509));
#1248=EDGE_LOOP('',(#5510,#5511,#5512,#5513));
#1249=EDGE_LOOP('',(#5514,#5515,#5516,#5517));
#1250=EDGE_LOOP('',(#5518,#5519,#5520,#5521));
#1251=EDGE_LOOP('',(#5522,#5523,#5524,#5525));
#1252=EDGE_LOOP('',(#5526,#5527,#5528,#5529));
#1253=EDGE_LOOP('',(#5530,#5531,#5532,#5533));
#1254=EDGE_LOOP('',(#5534,#5535,#5536,#5537));
#1255=EDGE_LOOP('',(#5538,#5539,#5540,#5541));
#1256=EDGE_LOOP('',(#5542,#5543,#5544,#5545));
#1257=EDGE_LOOP('',(#5546,#5547,#5548,#5549));
#1258=EDGE_LOOP('',(#5550,#5551,#5552,#5553));
#1259=EDGE_LOOP('',(#5554,#5555,#5556,#5557));
#1260=EDGE_LOOP('',(#5558,#5559,#5560,#5561));
#1261=EDGE_LOOP('',(#5562,#5563,#5564,#5565));
#1262=EDGE_LOOP('',(#5566,#5567,#5568,#5569));
#1263=EDGE_LOOP('',(#5570,#5571,#5572,#5573));
#1264=EDGE_LOOP('',(#5574,#5575,#5576,#5577));
#1265=EDGE_LOOP('',(#5578,#5579,#5580,#5581));
#1266=EDGE_LOOP('',(#5582,#5583,#5584,#5585,#5586,#5587,#5588,#5589));
#1267=EDGE_LOOP('',(#5590,#5591,#5592,#5593));
#1268=EDGE_LOOP('',(#5594,#5595,#5596,#5597));
#1269=EDGE_LOOP('',(#5598,#5599,#5600,#5601));
#1270=EDGE_LOOP('',(#5602,#5603,#5604,#5605));
#1271=EDGE_LOOP('',(#5606,#5607,#5608,#5609));
#1272=EDGE_LOOP('',(#5610,#5611,#5612,#5613));
#1273=EDGE_LOOP('',(#5614,#5615,#5616,#5617));
#1274=EDGE_LOOP('',(#5618,#5619,#5620,#5621));
#1275=EDGE_LOOP('',(#5622,#5623,#5624,#5625));
#1276=EDGE_LOOP('',(#5626,#5627,#5628,#5629));
#1277=EDGE_LOOP('',(#5630,#5631,#5632,#5633));
#1278=EDGE_LOOP('',(#5634,#5635,#5636,#5637));
#1279=EDGE_LOOP('',(#5638,#5639,#5640,#5641));
#1280=EDGE_LOOP('',(#5642,#5643,#5644,#5645));
#1281=EDGE_LOOP('',(#5646,#5647,#5648,#5649));
#1282=EDGE_LOOP('',(#5650,#5651,#5652,#5653,#5654,#5655,#5656,#5657,#5658,
#5659));
#1283=EDGE_LOOP('',(#5660,#5661,#5662,#5663));
#1284=EDGE_LOOP('',(#5664,#5665,#5666,#5667));
#1285=EDGE_LOOP('',(#5668,#5669,#5670,#5671));
#1286=EDGE_LOOP('',(#5672,#5673,#5674,#5675));
#1287=EDGE_LOOP('',(#5676,#5677,#5678,#5679));
#1288=EDGE_LOOP('',(#5680,#5681,#5682,#5683));
#1289=EDGE_LOOP('',(#5684,#5685,#5686,#5687));
#1290=EDGE_LOOP('',(#5688,#5689,#5690,#5691));
#1291=EDGE_LOOP('',(#5692,#5693,#5694,#5695));
#1292=EDGE_LOOP('',(#5696,#5697,#5698,#5699));
#1293=EDGE_LOOP('',(#5700,#5701,#5702,#5703));
#1294=EDGE_LOOP('',(#5704,#5705,#5706,#5707));
#1295=EDGE_LOOP('',(#5708,#5709,#5710,#5711));
#1296=EDGE_LOOP('',(#5712,#5713,#5714,#5715));
#1297=EDGE_LOOP('',(#5716,#5717,#5718,#5719));
#1298=EDGE_LOOP('',(#5720,#5721,#5722,#5723));
#1299=EDGE_LOOP('',(#5724,#5725,#5726,#5727));
#1300=EDGE_LOOP('',(#5728,#5729,#5730,#5731));
#1301=EDGE_LOOP('',(#5732,#5733,#5734,#5735));
#1302=EDGE_LOOP('',(#5736,#5737,#5738,#5739));
#1303=EDGE_LOOP('',(#5740,#5741,#5742,#5743));
#1304=EDGE_LOOP('',(#5744,#5745,#5746,#5747,#5748,#5749,#5750,#5751,#5752,
#5753,#5754,#5755,#5756,#5757,#5758));
#1305=EDGE_LOOP('',(#5759,#5760,#5761,#5762,#5763,#5764));
#1306=EDGE_LOOP('',(#5765,#5766,#5767,#5768));
#1307=EDGE_LOOP('',(#5769,#5770,#5771,#5772));
#1308=EDGE_LOOP('',(#5773,#5774,#5775,#5776));
#1309=EDGE_LOOP('',(#5777,#5778,#5779,#5780));
#1310=EDGE_LOOP('',(#5781,#5782,#5783,#5784));
#1311=EDGE_LOOP('',(#5785,#5786,#5787,#5788));
#1312=EDGE_LOOP('',(#5789,#5790,#5791,#5792));
#1313=EDGE_LOOP('',(#5793,#5794,#5795,#5796));
#1314=EDGE_LOOP('',(#5797,#5798,#5799,#5800));
#1315=EDGE_LOOP('',(#5801,#5802,#5803,#5804));
#1316=EDGE_LOOP('',(#5805,#5806,#5807,#5808));
#1317=EDGE_LOOP('',(#5809,#5810,#5811,#5812));
#1318=EDGE_LOOP('',(#5813,#5814,#5815,#5816));
#1319=EDGE_LOOP('',(#5817,#5818,#5819,#5820,#5821,#5822,#5823,#5824));
#1320=EDGE_LOOP('',(#5825,#5826,#5827,#5828));
#1321=EDGE_LOOP('',(#5829,#5830,#5831,#5832));
#1322=EDGE_LOOP('',(#5833,#5834,#5835,#5836));
#1323=EDGE_LOOP('',(#5837,#5838,#5839,#5840));
#1324=EDGE_LOOP('',(#5841,#5842,#5843,#5844));
#1325=EDGE_LOOP('',(#5845,#5846,#5847,#5848));
#1326=EDGE_LOOP('',(#5849,#5850,#5851,#5852));
#1327=EDGE_LOOP('',(#5853,#5854,#5855,#5856));
#1328=EDGE_LOOP('',(#5857,#5858,#5859,#5860));
#1329=EDGE_LOOP('',(#5861,#5862,#5863,#5864));
#1330=EDGE_LOOP('',(#5865,#5866,#5867,#5868));
#1331=EDGE_LOOP('',(#5869,#5870,#5871,#5872));
#1332=EDGE_LOOP('',(#5873,#5874,#5875,#5876));
#1333=EDGE_LOOP('',(#5877,#5878,#5879,#5880));
#1334=EDGE_LOOP('',(#5881,#5882,#5883,#5884));
#1335=EDGE_LOOP('',(#5885,#5886,#5887,#5888));
#1336=EDGE_LOOP('',(#5889,#5890,#5891,#5892));
#1337=EDGE_LOOP('',(#5893,#5894,#5895,#5896));
#1338=EDGE_LOOP('',(#5897,#5898,#5899,#5900));
#1339=EDGE_LOOP('',(#5901,#5902,#5903,#5904,#5905,#5906,#5907));
#1340=EDGE_LOOP('',(#5908,#5909,#5910,#5911,#5912,#5913,#5914));
#1341=EDGE_LOOP('',(#5915));
#1342=EDGE_LOOP('',(#5916));
#1343=EDGE_LOOP('',(#5917));
#1344=EDGE_LOOP('',(#5918,#5919,#5920,#5921));
#1345=EDGE_LOOP('',(#5922,#5923,#5924,#5925));
#1346=EDGE_LOOP('',(#5926,#5927,#5928,#5929));
#1347=EDGE_LOOP('',(#5930,#5931,#5932,#5933));
#1348=EDGE_LOOP('',(#5934,#5935,#5936,#5937));
#1349=EDGE_LOOP('',(#5938,#5939,#5940,#5941));
#1350=EDGE_LOOP('',(#5942,#5943,#5944,#5945));
#1351=EDGE_LOOP('',(#5946,#5947,#5948,#5949));
#1352=EDGE_LOOP('',(#5950,#5951,#5952,#5953));
#1353=EDGE_LOOP('',(#5954,#5955,#5956,#5957));
#1354=EDGE_LOOP('',(#5958,#5959,#5960,#5961));
#1355=EDGE_LOOP('',(#5962,#5963,#5964,#5965));
#1356=EDGE_LOOP('',(#5966,#5967,#5968,#5969));
#1357=EDGE_LOOP('',(#5970,#5971,#5972,#5973));
#1358=EDGE_LOOP('',(#5974,#5975,#5976,#5977,#5978,#5979,#5980,#5981,#5982,
#5983,#5984,#5985,#5986,#5987));
#1359=EDGE_LOOP('',(#5988,#5989,#5990,#5991));
#1360=EDGE_LOOP('',(#5992,#5993,#5994,#5995));
#1361=EDGE_LOOP('',(#5996,#5997,#5998,#5999));
#1362=EDGE_LOOP('',(#6000,#6001,#6002,#6003));
#1363=EDGE_LOOP('',(#6004,#6005,#6006,#6007));
#1364=EDGE_LOOP('',(#6008,#6009,#6010,#6011));
#1365=EDGE_LOOP('',(#6012,#6013,#6014,#6015));
#1366=EDGE_LOOP('',(#6016,#6017,#6018,#6019));
#1367=EDGE_LOOP('',(#6020,#6021,#6022,#6023));
#1368=EDGE_LOOP('',(#6024,#6025,#6026,#6027));
#1369=EDGE_LOOP('',(#6028,#6029,#6030,#6031));
#1370=EDGE_LOOP('',(#6032,#6033,#6034,#6035));
#1371=EDGE_LOOP('',(#6036,#6037,#6038,#6039));
#1372=EDGE_LOOP('',(#6040,#6041,#6042,#6043));
#1373=EDGE_LOOP('',(#6044,#6045,#6046,#6047));
#1374=EDGE_LOOP('',(#6048,#6049,#6050,#6051));
#1375=EDGE_LOOP('',(#6052,#6053,#6054,#6055));
#1376=EDGE_LOOP('',(#6056,#6057,#6058,#6059,#6060,#6061,#6062,#6063,#6064,
#6065,#6066,#6067,#6068,#6069,#6070,#6071,#6072));
#1377=EDGE_LOOP('',(#6073,#6074,#6075,#6076));
#1378=EDGE_LOOP('',(#6077,#6078,#6079,#6080));
#1379=EDGE_LOOP('',(#6081,#6082,#6083,#6084));
#1380=EDGE_LOOP('',(#6085,#6086,#6087,#6088));
#1381=EDGE_LOOP('',(#6089,#6090,#6091,#6092));
#1382=EDGE_LOOP('',(#6093,#6094,#6095,#6096));
#1383=EDGE_LOOP('',(#6097,#6098,#6099,#6100));
#1384=EDGE_LOOP('',(#6101,#6102,#6103,#6104));
#1385=EDGE_LOOP('',(#6105,#6106,#6107,#6108));
#1386=EDGE_LOOP('',(#6109,#6110,#6111,#6112));
#1387=EDGE_LOOP('',(#6113,#6114,#6115,#6116,#6117,#6118,#6119,#6120,#6121,
#6122));
#1388=EDGE_LOOP('',(#6123,#6124,#6125,#6126));
#1389=EDGE_LOOP('',(#6127,#6128,#6129,#6130));
#1390=EDGE_LOOP('',(#6131,#6132,#6133,#6134));
#1391=EDGE_LOOP('',(#6135,#6136,#6137,#6138));
#1392=EDGE_LOOP('',(#6139,#6140,#6141,#6142));
#1393=EDGE_LOOP('',(#6143,#6144,#6145,#6146));
#1394=EDGE_LOOP('',(#6147,#6148,#6149,#6150));
#1395=EDGE_LOOP('',(#6151,#6152,#6153,#6154));
#1396=EDGE_LOOP('',(#6155,#6156,#6157,#6158));
#1397=EDGE_LOOP('',(#6159,#6160,#6161,#6162));
#1398=EDGE_LOOP('',(#6163,#6164,#6165,#6166));
#1399=EDGE_LOOP('',(#6167,#6168,#6169,#6170));
#1400=EDGE_LOOP('',(#6171,#6172,#6173,#6174));
#1401=EDGE_LOOP('',(#6175,#6176,#6177,#6178));
#1402=EDGE_LOOP('',(#6179,#6180,#6181,#6182));
#1403=EDGE_LOOP('',(#6183,#6184,#6185,#6186));
#1404=EDGE_LOOP('',(#6187,#6188,#6189,#6190));
#1405=EDGE_LOOP('',(#6191,#6192,#6193,#6194,#6195,#6196,#6197,#6198,#6199,
#6200,#6201,#6202,#6203,#6204,#6205,#6206,#6207));
#1406=EDGE_LOOP('',(#6208,#6209,#6210,#6211));
#1407=EDGE_LOOP('',(#6212,#6213,#6214,#6215));
#1408=EDGE_LOOP('',(#6216,#6217,#6218,#6219));
#1409=EDGE_LOOP('',(#6220,#6221,#6222,#6223));
#1410=EDGE_LOOP('',(#6224,#6225,#6226,#6227));
#1411=EDGE_LOOP('',(#6228,#6229,#6230,#6231));
#1412=EDGE_LOOP('',(#6232,#6233,#6234,#6235));
#1413=EDGE_LOOP('',(#6236,#6237,#6238,#6239));
#1414=EDGE_LOOP('',(#6240,#6241,#6242,#6243));
#1415=EDGE_LOOP('',(#6244,#6245,#6246,#6247));
#1416=EDGE_LOOP('',(#6248,#6249,#6250,#6251));
#1417=EDGE_LOOP('',(#6252,#6253,#6254,#6255));
#1418=EDGE_LOOP('',(#6256,#6257,#6258,#6259));
#1419=EDGE_LOOP('',(#6260,#6261,#6262,#6263,#6264,#6265,#6266,#6267));
#1420=EDGE_LOOP('',(#6268,#6269,#6270,#6271));
#1421=EDGE_LOOP('',(#6272,#6273,#6274,#6275));
#1422=EDGE_LOOP('',(#6276,#6277,#6278,#6279));
#1423=EDGE_LOOP('',(#6280,#6281,#6282,#6283));
#1424=EDGE_LOOP('',(#6284,#6285,#6286,#6287));
#1425=EDGE_LOOP('',(#6288,#6289,#6290,#6291,#6292,#6293,#6294,#6295));
#1426=EDGE_LOOP('',(#6296,#6297,#6298,#6299,#6300,#6301,#6302));
#1427=EDGE_LOOP('',(#6303,#6304,#6305,#6306,#6307,#6308,#6309,#6310));
#1428=EDGE_LOOP('',(#6311,#6312,#6313,#6314,#6315,#6316));
#1429=EDGE_LOOP('',(#6317,#6318,#6319,#6320,#6321,#6322,#6323,#6324));
#1430=EDGE_LOOP('',(#6325,#6326,#6327,#6328,#6329,#6330,#6331,#6332,#6333,
#6334,#6335,#6336,#6337,#6338,#6339,#6340,#6341,#6342,#6343,#6344,#6345,
#6346,#6347,#6348));
#1431=EDGE_LOOP('',(#6349,#6350,#6351,#6352,#6353,#6354,#6355,#6356,#6357,
#6358,#6359,#6360,#6361,#6362,#6363,#6364,#6365,#6366,#6367,#6368,#6369,
#6370,#6371,#6372));
#1432=EDGE_LOOP('',(#6373,#6374,#6375));
#1433=EDGE_LOOP('',(#6376,#6377,#6378,#6379));
#1434=EDGE_LOOP('',(#6380,#6381,#6382,#6383,#6384));
#1435=EDGE_LOOP('',(#6385,#6386,#6387,#6388));
#1436=EDGE_LOOP('',(#6389,#6390,#6391,#6392));
#1437=EDGE_LOOP('',(#6393,#6394,#6395,#6396));
#1438=EDGE_LOOP('',(#6397,#6398,#6399,#6400));
#1439=EDGE_LOOP('',(#6401,#6402,#6403,#6404,#6405));
#1440=EDGE_LOOP('',(#6406,#6407,#6408,#6409));
#1441=EDGE_LOOP('',(#6410,#6411,#6412,#6413));
#1442=EDGE_LOOP('',(#6414,#6415,#6416,#6417));
#1443=EDGE_LOOP('',(#6418,#6419,#6420,#6421));
#1444=EDGE_LOOP('',(#6422,#6423,#6424,#6425));
#1445=EDGE_LOOP('',(#6426,#6427,#6428,#6429));
#1446=EDGE_LOOP('',(#6430,#6431,#6432,#6433));
#1447=EDGE_LOOP('',(#6434,#6435,#6436,#6437));
#1448=EDGE_LOOP('',(#6438,#6439,#6440,#6441));
#1449=EDGE_LOOP('',(#6442,#6443,#6444,#6445));
#1450=EDGE_LOOP('',(#6446,#6447,#6448,#6449));
#1451=EDGE_LOOP('',(#6450,#6451,#6452,#6453));
#1452=EDGE_LOOP('',(#6454,#6455,#6456,#6457));
#1453=EDGE_LOOP('',(#6458,#6459,#6460,#6461));
#1454=EDGE_LOOP('',(#6462,#6463,#6464,#6465));
#1455=EDGE_LOOP('',(#6466,#6467,#6468,#6469));
#1456=EDGE_LOOP('',(#6470,#6471,#6472,#6473));
#1457=EDGE_LOOP('',(#6474,#6475,#6476,#6477));
#1458=EDGE_LOOP('',(#6478,#6479,#6480,#6481));
#1459=EDGE_LOOP('',(#6482,#6483,#6484,#6485));
#1460=EDGE_LOOP('',(#6486,#6487,#6488,#6489));
#1461=EDGE_LOOP('',(#6490,#6491,#6492,#6493));
#1462=EDGE_LOOP('',(#6494,#6495,#6496,#6497));
#1463=EDGE_LOOP('',(#6498,#6499,#6500,#6501));
#1464=EDGE_LOOP('',(#6502,#6503,#6504,#6505));
#1465=EDGE_LOOP('',(#6506,#6507,#6508,#6509));
#1466=EDGE_LOOP('',(#6510,#6511,#6512,#6513));
#1467=EDGE_LOOP('',(#6514,#6515,#6516,#6517));
#1468=EDGE_LOOP('',(#6518,#6519,#6520,#6521));
#1469=EDGE_LOOP('',(#6522,#6523,#6524,#6525));
#1470=EDGE_LOOP('',(#6526,#6527,#6528,#6529));
#1471=EDGE_LOOP('',(#6530,#6531,#6532,#6533));
#1472=EDGE_LOOP('',(#6534,#6535,#6536,#6537));
#1473=EDGE_LOOP('',(#6538,#6539,#6540,#6541));
#1474=EDGE_LOOP('',(#6542,#6543,#6544,#6545));
#1475=EDGE_LOOP('',(#6546,#6547,#6548,#6549));
#1476=EDGE_LOOP('',(#6550,#6551,#6552,#6553));
#1477=EDGE_LOOP('',(#6554,#6555,#6556,#6557));
#1478=EDGE_LOOP('',(#6558,#6559,#6560,#6561));
#1479=EDGE_LOOP('',(#6562,#6563,#6564,#6565));
#1480=EDGE_LOOP('',(#6566,#6567,#6568,#6569));
#1481=EDGE_LOOP('',(#6570,#6571,#6572,#6573));
#1482=EDGE_LOOP('',(#6574,#6575,#6576,#6577));
#1483=EDGE_LOOP('',(#6578,#6579,#6580,#6581));
#1484=EDGE_LOOP('',(#6582,#6583,#6584,#6585));
#1485=EDGE_LOOP('',(#6586,#6587,#6588,#6589));
#1486=EDGE_LOOP('',(#6590,#6591,#6592,#6593));
#1487=EDGE_LOOP('',(#6594,#6595,#6596,#6597));
#1488=EDGE_LOOP('',(#6598,#6599,#6600,#6601));
#1489=EDGE_LOOP('',(#6602,#6603,#6604,#6605));
#1490=EDGE_LOOP('',(#6606,#6607,#6608,#6609));
#1491=EDGE_LOOP('',(#6610,#6611,#6612,#6613));
#1492=EDGE_LOOP('',(#6614,#6615,#6616,#6617));
#1493=EDGE_LOOP('',(#6618,#6619,#6620,#6621));
#1494=EDGE_LOOP('',(#6622,#6623,#6624,#6625));
#1495=EDGE_LOOP('',(#6626,#6627,#6628,#6629));
#1496=EDGE_LOOP('',(#6630,#6631,#6632,#6633));
#1497=EDGE_LOOP('',(#6634,#6635,#6636,#6637));
#1498=EDGE_LOOP('',(#6638,#6639,#6640,#6641));
#1499=EDGE_LOOP('',(#6642,#6643,#6644,#6645));
#1500=EDGE_LOOP('',(#6646,#6647,#6648,#6649));
#1501=EDGE_LOOP('',(#6650,#6651,#6652,#6653));
#1502=EDGE_LOOP('',(#6654,#6655,#6656,#6657));
#1503=EDGE_LOOP('',(#6658,#6659,#6660,#6661));
#1504=EDGE_LOOP('',(#6662,#6663,#6664,#6665));
#1505=EDGE_LOOP('',(#6666,#6667,#6668,#6669));
#1506=EDGE_LOOP('',(#6670,#6671,#6672,#6673));
#1507=EDGE_LOOP('',(#6674,#6675,#6676,#6677));
#1508=EDGE_LOOP('',(#6678,#6679,#6680,#6681));
#1509=EDGE_LOOP('',(#6682,#6683,#6684,#6685));
#1510=EDGE_LOOP('',(#6686,#6687,#6688,#6689));
#1511=EDGE_LOOP('',(#6690,#6691,#6692,#6693));
#1512=EDGE_LOOP('',(#6694,#6695,#6696,#6697));
#1513=EDGE_LOOP('',(#6698,#6699,#6700,#6701));
#1514=EDGE_LOOP('',(#6702,#6703,#6704,#6705));
#1515=EDGE_LOOP('',(#6706,#6707,#6708,#6709));
#1516=EDGE_LOOP('',(#6710,#6711,#6712,#6713));
#1517=EDGE_LOOP('',(#6714,#6715,#6716,#6717));
#1518=EDGE_LOOP('',(#6718,#6719,#6720,#6721));
#1519=EDGE_LOOP('',(#6722,#6723,#6724,#6725));
#1520=EDGE_LOOP('',(#6726,#6727,#6728,#6729));
#1521=EDGE_LOOP('',(#6730,#6731,#6732,#6733));
#1522=EDGE_LOOP('',(#6734,#6735,#6736,#6737));
#1523=EDGE_LOOP('',(#6738,#6739,#6740,#6741));
#1524=EDGE_LOOP('',(#6742,#6743,#6744,#6745));
#1525=EDGE_LOOP('',(#6746,#6747,#6748,#6749));
#1526=EDGE_LOOP('',(#6750,#6751,#6752,#6753));
#1527=EDGE_LOOP('',(#6754,#6755,#6756,#6757));
#1528=EDGE_LOOP('',(#6758,#6759,#6760,#6761));
#1529=EDGE_LOOP('',(#6762,#6763,#6764,#6765));
#1530=EDGE_LOOP('',(#6766,#6767,#6768,#6769));
#1531=EDGE_LOOP('',(#6770,#6771,#6772,#6773));
#1532=EDGE_LOOP('',(#6774,#6775,#6776,#6777));
#1533=EDGE_LOOP('',(#6778,#6779,#6780,#6781));
#1534=EDGE_LOOP('',(#6782,#6783,#6784,#6785));
#1535=EDGE_LOOP('',(#6786,#6787,#6788,#6789));
#1536=EDGE_LOOP('',(#6790,#6791,#6792,#6793));
#1537=EDGE_LOOP('',(#6794,#6795,#6796,#6797));
#1538=EDGE_LOOP('',(#6798,#6799,#6800,#6801));
#1539=EDGE_LOOP('',(#6802,#6803,#6804,#6805));
#1540=EDGE_LOOP('',(#6806,#6807,#6808,#6809));
#1541=EDGE_LOOP('',(#6810,#6811,#6812,#6813));
#1542=EDGE_LOOP('',(#6814,#6815,#6816,#6817));
#1543=EDGE_LOOP('',(#6818,#6819,#6820,#6821));
#1544=EDGE_LOOP('',(#6822,#6823,#6824,#6825));
#1545=EDGE_LOOP('',(#6826,#6827,#6828,#6829));
#1546=EDGE_LOOP('',(#6830,#6831,#6832,#6833));
#1547=EDGE_LOOP('',(#6834,#6835,#6836,#6837));
#1548=EDGE_LOOP('',(#6838,#6839,#6840,#6841));
#1549=EDGE_LOOP('',(#6842,#6843,#6844,#6845));
#1550=EDGE_LOOP('',(#6846,#6847,#6848,#6849));
#1551=EDGE_LOOP('',(#6850,#6851,#6852,#6853));
#1552=EDGE_LOOP('',(#6854,#6855,#6856,#6857));
#1553=EDGE_LOOP('',(#6858,#6859,#6860,#6861));
#1554=EDGE_LOOP('',(#6862,#6863,#6864,#6865));
#1555=EDGE_LOOP('',(#6866,#6867,#6868,#6869));
#1556=EDGE_LOOP('',(#6870,#6871,#6872,#6873));
#1557=EDGE_LOOP('',(#6874,#6875,#6876,#6877));
#1558=EDGE_LOOP('',(#6878,#6879,#6880,#6881));
#1559=EDGE_LOOP('',(#6882,#6883,#6884,#6885));
#1560=LINE('',#9719,#2318);
#1561=LINE('',#9721,#2319);
#1562=LINE('',#9723,#2320);
#1563=LINE('',#9724,#2321);
#1564=LINE('',#9729,#2322);
#1565=LINE('',#9733,#2323);
#1566=LINE('',#9735,#2324);
#1567=LINE('',#9736,#2325);
#1568=LINE('',#9738,#2326);
#1569=LINE('',#9742,#2327);
#1570=LINE('',#9744,#2328);
#1571=LINE('',#9746,#2329);
#1572=LINE('',#9747,#2330);
#1573=LINE('',#9752,#2331);
#1574=LINE('',#9756,#2332);
#1575=LINE('',#9758,#2333);
#1576=LINE('',#9759,#2334);
#1577=LINE('',#9761,#2335);
#1578=LINE('',#9765,#2336);
#1579=LINE('',#9767,#2337);
#1580=LINE('',#9769,#2338);
#1581=LINE('',#9770,#2339);
#1582=LINE('',#9775,#2340);
#1583=LINE('',#9779,#2341);
#1584=LINE('',#9781,#2342);
#1585=LINE('',#9782,#2343);
#1586=LINE('',#9784,#2344);
#1587=LINE('',#9788,#2345);
#1588=LINE('',#9790,#2346);
#1589=LINE('',#9792,#2347);
#1590=LINE('',#9793,#2348);
#1591=LINE('',#9798,#2349);
#1592=LINE('',#9802,#2350);
#1593=LINE('',#9804,#2351);
#1594=LINE('',#9805,#2352);
#1595=LINE('',#9807,#2353);
#1596=LINE('',#9809,#2354);
#1597=LINE('',#9810,#2355);
#1598=LINE('',#9811,#2356);
#1599=LINE('',#9813,#2357);
#1600=LINE('',#9815,#2358);
#1601=LINE('',#9819,#2359);
#1602=LINE('',#9821,#2360);
#1603=LINE('',#9825,#2361);
#1604=LINE('',#9827,#2362);
#1605=LINE('',#9831,#2363);
#1606=LINE('',#9833,#2364);
#1607=LINE('',#9835,#2365);
#1608=LINE('',#9839,#2366);
#1609=LINE('',#9841,#2367);
#1610=LINE('',#9843,#2368);
#1611=LINE('',#9847,#2369);
#1612=LINE('',#9849,#2370);
#1613=LINE('',#9851,#2371);
#1614=LINE('',#9855,#2372);
#1615=LINE('',#9857,#2373);
#1616=LINE('',#9859,#2374);
#1617=LINE('',#9863,#2375);
#1618=LINE('',#9865,#2376);
#1619=LINE('',#9869,#2377);
#1620=LINE('',#9871,#2378);
#1621=LINE('',#9875,#2379);
#1622=LINE('',#9877,#2380);
#1623=LINE('',#9879,#2381);
#1624=LINE('',#9883,#2382);
#1625=LINE('',#9885,#2383);
#1626=LINE('',#9887,#2384);
#1627=LINE('',#9891,#2385);
#1628=LINE('',#9893,#2386);
#1629=LINE('',#9895,#2387);
#1630=LINE('',#9899,#2388);
#1631=LINE('',#9901,#2389);
#1632=LINE('',#9903,#2390);
#1633=LINE('',#9907,#2391);
#1634=LINE('',#9909,#2392);
#1635=LINE('',#9913,#2393);
#1636=LINE('',#9915,#2394);
#1637=LINE('',#9919,#2395);
#1638=LINE('',#9921,#2396);
#1639=LINE('',#9923,#2397);
#1640=LINE('',#9927,#2398);
#1641=LINE('',#9929,#2399);
#1642=LINE('',#9931,#2400);
#1643=LINE('',#9935,#2401);
#1644=LINE('',#9937,#2402);
#1645=LINE('',#9939,#2403);
#1646=LINE('',#9943,#2404);
#1647=LINE('',#9945,#2405);
#1648=LINE('',#9947,#2406);
#1649=LINE('',#9951,#2407);
#1650=LINE('',#9953,#2408);
#1651=LINE('',#9956,#2409);
#1652=LINE('',#9959,#2410);
#1653=LINE('',#9961,#2411);
#1654=LINE('',#9962,#2412);
#1655=LINE('',#9965,#2413);
#1656=LINE('',#9969,#2414);
#1657=LINE('',#9970,#2415);
#1658=LINE('',#9972,#2416);
#1659=LINE('',#9975,#2417);
#1660=LINE('',#9977,#2418);
#1661=LINE('',#9978,#2419);
#1662=LINE('',#9981,#2420);
#1663=LINE('',#9985,#2421);
#1664=LINE('',#9986,#2422);
#1665=LINE('',#9988,#2423);
#1666=LINE('',#9991,#2424);
#1667=LINE('',#9993,#2425);
#1668=LINE('',#9994,#2426);
#1669=LINE('',#9997,#2427);
#1670=LINE('',#10001,#2428);
#1671=LINE('',#10002,#2429);
#1672=LINE('',#10004,#2430);
#1673=LINE('',#10007,#2431);
#1674=LINE('',#10009,#2432);
#1675=LINE('',#10010,#2433);
#1676=LINE('',#10013,#2434);
#1677=LINE('',#10017,#2435);
#1678=LINE('',#10018,#2436);
#1679=LINE('',#10020,#2437);
#1680=LINE('',#10023,#2438);
#1681=LINE('',#10025,#2439);
#1682=LINE('',#10026,#2440);
#1683=LINE('',#10029,#2441);
#1684=LINE('',#10033,#2442);
#1685=LINE('',#10034,#2443);
#1686=LINE('',#10036,#2444);
#1687=LINE('',#10039,#2445);
#1688=LINE('',#10041,#2446);
#1689=LINE('',#10042,#2447);
#1690=LINE('',#10045,#2448);
#1691=LINE('',#10049,#2449);
#1692=LINE('',#10050,#2450);
#1693=LINE('',#10052,#2451);
#1694=LINE('',#10055,#2452);
#1695=LINE('',#10057,#2453);
#1696=LINE('',#10058,#2454);
#1697=LINE('',#10061,#2455);
#1698=LINE('',#10065,#2456);
#1699=LINE('',#10066,#2457);
#1700=LINE('',#10068,#2458);
#1701=LINE('',#10071,#2459);
#1702=LINE('',#10073,#2460);
#1703=LINE('',#10074,#2461);
#1704=LINE('',#10077,#2462);
#1705=LINE('',#10081,#2463);
#1706=LINE('',#10082,#2464);
#1707=LINE('',#10084,#2465);
#1708=LINE('',#10087,#2466);
#1709=LINE('',#10089,#2467);
#1710=LINE('',#10090,#2468);
#1711=LINE('',#10093,#2469);
#1712=LINE('',#10097,#2470);
#1713=LINE('',#10098,#2471);
#1714=LINE('',#10100,#2472);
#1715=LINE('',#10103,#2473);
#1716=LINE('',#10105,#2474);
#1717=LINE('',#10106,#2475);
#1718=LINE('',#10109,#2476);
#1719=LINE('',#10113,#2477);
#1720=LINE('',#10114,#2478);
#1721=LINE('',#10116,#2479);
#1722=LINE('',#10119,#2480);
#1723=LINE('',#10121,#2481);
#1724=LINE('',#10122,#2482);
#1725=LINE('',#10125,#2483);
#1726=LINE('',#10129,#2484);
#1727=LINE('',#10130,#2485);
#1728=LINE('',#10132,#2486);
#1729=LINE('',#10135,#2487);
#1730=LINE('',#10137,#2488);
#1731=LINE('',#10138,#2489);
#1732=LINE('',#10141,#2490);
#1733=LINE('',#10145,#2491);
#1734=LINE('',#10146,#2492);
#1735=LINE('',#10148,#2493);
#1736=LINE('',#10151,#2494);
#1737=LINE('',#10153,#2495);
#1738=LINE('',#10154,#2496);
#1739=LINE('',#10157,#2497);
#1740=LINE('',#10161,#2498);
#1741=LINE('',#10162,#2499);
#1742=LINE('',#10164,#2500);
#1743=LINE('',#10167,#2501);
#1744=LINE('',#10169,#2502);
#1745=LINE('',#10170,#2503);
#1746=LINE('',#10173,#2504);
#1747=LINE('',#10177,#2505);
#1748=LINE('',#10178,#2506);
#1749=LINE('',#10180,#2507);
#1750=LINE('',#10183,#2508);
#1751=LINE('',#10185,#2509);
#1752=LINE('',#10186,#2510);
#1753=LINE('',#10189,#2511);
#1754=LINE('',#10193,#2512);
#1755=LINE('',#10194,#2513);
#1756=LINE('',#10196,#2514);
#1757=LINE('',#10199,#2515);
#1758=LINE('',#10201,#2516);
#1759=LINE('',#10202,#2517);
#1760=LINE('',#10205,#2518);
#1761=LINE('',#10209,#2519);
#1762=LINE('',#10210,#2520);
#1763=LINE('',#10212,#2521);
#1764=LINE('',#10221,#2522);
#1765=LINE('',#10222,#2523);
#1766=LINE('',#10231,#2524);
#1767=LINE('',#10232,#2525);
#1768=LINE('',#10234,#2526);
#1769=LINE('',#10235,#2527);
#1770=LINE('',#10244,#2528);
#1771=LINE('',#10245,#2529);
#1772=LINE('',#10254,#2530);
#1773=LINE('',#10255,#2531);
#1774=LINE('',#10257,#2532);
#1775=LINE('',#10258,#2533);
#1776=LINE('',#10260,#2534);
#1777=LINE('',#10261,#2535);
#1778=LINE('',#10263,#2536);
#1779=LINE('',#10264,#2537);
#1780=LINE('',#10270,#2538);
#1781=LINE('',#10272,#2539);
#1782=LINE('',#10274,#2540);
#1783=LINE('',#10275,#2541);
#1784=LINE('',#10298,#2542);
#1785=LINE('',#10300,#2543);
#1786=LINE('',#10302,#2544);
#1787=LINE('',#10331,#2545);
#1788=LINE('',#10333,#2546);
#1789=LINE('',#10359,#2547);
#1790=LINE('',#10362,#2548);
#1791=LINE('',#10364,#2549);
#1792=LINE('',#10366,#2550);
#1793=LINE('',#10368,#2551);
#1794=LINE('',#10370,#2552);
#1795=LINE('',#10372,#2553);
#1796=LINE('',#10374,#2554);
#1797=LINE('',#10376,#2555);
#1798=LINE('',#10378,#2556);
#1799=LINE('',#10379,#2557);
#1800=LINE('',#10382,#2558);
#1801=LINE('',#10384,#2559);
#1802=LINE('',#10386,#2560);
#1803=LINE('',#10415,#2561);
#1804=LINE('',#10417,#2562);
#1805=LINE('',#10443,#2563);
#1806=LINE('',#10461,#2564);
#1807=LINE('',#10463,#2565);
#1808=LINE('',#10465,#2566);
#1809=LINE('',#10487,#2567);
#1810=LINE('',#10489,#2568);
#1811=LINE('',#10491,#2569);
#1812=LINE('',#10515,#2570);
#1813=LINE('',#10517,#2571);
#1814=LINE('',#10519,#2572);
#1815=LINE('',#10526,#2573);
#1816=LINE('',#10528,#2574);
#1817=LINE('',#10530,#2575);
#1818=LINE('',#10531,#2576);
#1819=LINE('',#10554,#2577);
#1820=LINE('',#10563,#2578);
#1821=LINE('',#10605,#2579);
#1822=LINE('',#10608,#2580);
#1823=LINE('',#10610,#2581);
#1824=LINE('',#10612,#2582);
#1825=LINE('',#10614,#2583);
#1826=LINE('',#10616,#2584);
#1827=LINE('',#10618,#2585);
#1828=LINE('',#10620,#2586);
#1829=LINE('',#10622,#2587);
#1830=LINE('',#10624,#2588);
#1831=LINE('',#10625,#2589);
#1832=LINE('',#10628,#2590);
#1833=LINE('',#10630,#2591);
#1834=LINE('',#10632,#2592);
#1835=LINE('',#10633,#2593);
#1836=LINE('',#10656,#2594);
#1837=LINE('',#10658,#2595);
#1838=LINE('',#10660,#2596);
#1839=LINE('',#10661,#2597);
#1840=LINE('',#10664,#2598);
#1841=LINE('',#10666,#2599);
#1842=LINE('',#10668,#2600);
#1843=LINE('',#10670,#2601);
#1844=LINE('',#10672,#2602);
#1845=LINE('',#10674,#2603);
#1846=LINE('',#10676,#2604);
#1847=LINE('',#10678,#2605);
#1848=LINE('',#10680,#2606);
#1849=LINE('',#10682,#2607);
#1850=LINE('',#10683,#2608);
#1851=LINE('',#10687,#2609);
#1852=LINE('',#10689,#2610);
#1853=LINE('',#10691,#2611);
#1854=LINE('',#10692,#2612);
#1855=LINE('',#10695,#2613);
#1856=LINE('',#10697,#2614);
#1857=LINE('',#10698,#2615);
#1858=LINE('',#10700,#2616);
#1859=LINE('',#10701,#2617);
#1860=LINE('',#10704,#2618);
#1861=LINE('',#10706,#2619);
#1862=LINE('',#10707,#2620);
#1863=LINE('',#10710,#2621);
#1864=LINE('',#10711,#2622);
#1865=LINE('',#10714,#2623);
#1866=LINE('',#10715,#2624);
#1867=LINE('',#10718,#2625);
#1868=LINE('',#10719,#2626);
#1869=LINE('',#10722,#2627);
#1870=LINE('',#10723,#2628);
#1871=LINE('',#10726,#2629);
#1872=LINE('',#10727,#2630);
#1873=LINE('',#10730,#2631);
#1874=LINE('',#10731,#2632);
#1875=LINE('',#10734,#2633);
#1876=LINE('',#10735,#2634);
#1877=LINE('',#10738,#2635);
#1878=LINE('',#10739,#2636);
#1879=LINE('',#10742,#2637);
#1880=LINE('',#10743,#2638);
#1881=LINE('',#10745,#2639);
#1882=LINE('',#10749,#2640);
#1883=LINE('',#10751,#2641);
#1884=LINE('',#10752,#2642);
#1885=LINE('',#10755,#2643);
#1886=LINE('',#10756,#2644);
#1887=LINE('',#10759,#2645);
#1888=LINE('',#10760,#2646);
#1889=LINE('',#10762,#2647);
#1890=LINE('',#10779,#2648);
#1891=LINE('',#10785,#2649);
#1892=LINE('',#10804,#2650);
#1893=LINE('',#10823,#2651);
#1894=LINE('',#10842,#2652);
#1895=LINE('',#10861,#2653);
#1896=LINE('',#10880,#2654);
#1897=LINE('',#10899,#2655);
#1898=LINE('',#10925,#2656);
#1899=LINE('',#10931,#2657);
#1900=LINE('',#10941,#2658);
#1901=LINE('',#10955,#2659);
#1902=LINE('',#10975,#2660);
#1903=LINE('',#10977,#2661);
#1904=LINE('',#10978,#2662);
#1905=LINE('',#10981,#2663);
#1906=LINE('',#10982,#2664);
#1907=LINE('',#10985,#2665);
#1908=LINE('',#10986,#2666);
#1909=LINE('',#10988,#2667);
#1910=LINE('',#10992,#2668);
#1911=LINE('',#10994,#2669);
#1912=LINE('',#10995,#2670);
#1913=LINE('',#10998,#2671);
#1914=LINE('',#10999,#2672);
#1915=LINE('',#11002,#2673);
#1916=LINE('',#11003,#2674);
#1917=LINE('',#11006,#2675);
#1918=LINE('',#11007,#2676);
#1919=LINE('',#11010,#2677);
#1920=LINE('',#11011,#2678);
#1921=LINE('',#11014,#2679);
#1922=LINE('',#11015,#2680);
#1923=LINE('',#11018,#2681);
#1924=LINE('',#11019,#2682);
#1925=LINE('',#11022,#2683);
#1926=LINE('',#11023,#2684);
#1927=LINE('',#11026,#2685);
#1928=LINE('',#11027,#2686);
#1929=LINE('',#11029,#2687);
#1930=LINE('',#11043,#2688);
#1931=LINE('',#11046,#2689);
#1932=LINE('',#11065,#2690);
#1933=LINE('',#11078,#2691);
#1934=LINE('',#11097,#2692);
#1935=LINE('',#11116,#2693);
#1936=LINE('',#11135,#2694);
#1937=LINE('',#11137,#2695);
#1938=LINE('',#11138,#2696);
#1939=LINE('',#11141,#2697);
#1940=LINE('',#11142,#2698);
#1941=LINE('',#11152,#2699);
#1942=LINE('',#11166,#2700);
#1943=LINE('',#11180,#2701);
#1944=LINE('',#11191,#2702);
#1945=LINE('',#11205,#2703);
#1946=LINE('',#11219,#2704);
#1947=LINE('',#11233,#2705);
#1948=LINE('',#11244,#2706);
#1949=LINE('',#11258,#2707);
#1950=LINE('',#11272,#2708);
#1951=LINE('',#11276,#2709);
#1952=LINE('',#11277,#2710);
#1953=LINE('',#11287,#2711);
#1954=LINE('',#11317,#2712);
#1955=LINE('',#11323,#2713);
#1956=LINE('',#11342,#2714);
#1957=LINE('',#11361,#2715);
#1958=LINE('',#11380,#2716);
#1959=LINE('',#11399,#2717);
#1960=LINE('',#11418,#2718);
#1961=LINE('',#11437,#2719);
#1962=LINE('',#11463,#2720);
#1963=LINE('',#11469,#2721);
#1964=LINE('',#11479,#2722);
#1965=LINE('',#11493,#2723);
#1966=LINE('',#11513,#2724);
#1967=LINE('',#11515,#2725);
#1968=LINE('',#11516,#2726);
#1969=LINE('',#11519,#2727);
#1970=LINE('',#11520,#2728);
#1971=LINE('',#11523,#2729);
#1972=LINE('',#11524,#2730);
#1973=LINE('',#11526,#2731);
#1974=LINE('',#11543,#2732);
#1975=LINE('',#11549,#2733);
#1976=LINE('',#11552,#2734);
#1977=LINE('',#11554,#2735);
#1978=LINE('',#11555,#2736);
#1979=LINE('',#11558,#2737);
#1980=LINE('',#11560,#2738);
#1981=LINE('',#11561,#2739);
#1982=LINE('',#11564,#2740);
#1983=LINE('',#11566,#2741);
#1984=LINE('',#11567,#2742);
#1985=LINE('',#11586,#2743);
#1986=LINE('',#11605,#2744);
#1987=LINE('',#11625,#2745);
#1988=LINE('',#11631,#2746);
#1989=LINE('',#11641,#2747);
#1990=LINE('',#11648,#2748);
#1991=LINE('',#11649,#2749);
#1992=LINE('',#11652,#2750);
#1993=LINE('',#11653,#2751);
#1994=LINE('',#11656,#2752);
#1995=LINE('',#11657,#2753);
#1996=LINE('',#11667,#2754);
#1997=LINE('',#11698,#2755);
#1998=LINE('',#11704,#2756);
#1999=LINE('',#11714,#2757);
#2000=LINE('',#11721,#2758);
#2001=LINE('',#11722,#2759);
#2002=LINE('',#11725,#2760);
#2003=LINE('',#11726,#2761);
#2004=LINE('',#11729,#2762);
#2005=LINE('',#11730,#2763);
#2006=LINE('',#11740,#2764);
#2007=LINE('',#11754,#2765);
#2008=LINE('',#11768,#2766);
#2009=LINE('',#11782,#2767);
#2010=LINE('',#11789,#2768);
#2011=LINE('',#11790,#2769);
#2012=LINE('',#11793,#2770);
#2013=LINE('',#11794,#2771);
#2014=LINE('',#11797,#2772);
#2015=LINE('',#11798,#2773);
#2016=LINE('',#11808,#2774);
#2017=LINE('',#11828,#2775);
#2018=LINE('',#11830,#2776);
#2019=LINE('',#11831,#2777);
#2020=LINE('',#11834,#2778);
#2021=LINE('',#11835,#2779);
#2022=LINE('',#11845,#2780);
#2023=LINE('',#11859,#2781);
#2024=LINE('',#11873,#2782);
#2025=LINE('',#11887,#2783);
#2026=LINE('',#11901,#2784);
#2027=LINE('',#11908,#2785);
#2028=LINE('',#11909,#2786);
#2029=LINE('',#11912,#2787);
#2030=LINE('',#11913,#2788);
#2031=LINE('',#11923,#2789);
#2032=LINE('',#11937,#2790);
#2033=LINE('',#11951,#2791);
#2034=LINE('',#11962,#2792);
#2035=LINE('',#11976,#2793);
#2036=LINE('',#11990,#2794);
#2037=LINE('',#11997,#2795);
#2038=LINE('',#11998,#2796);
#2039=LINE('',#12000,#2797);
#2040=LINE('',#12004,#2798);
#2041=LINE('',#12006,#2799);
#2042=LINE('',#12007,#2800);
#2043=LINE('',#12010,#2801);
#2044=LINE('',#12011,#2802);
#2045=LINE('',#12014,#2803);
#2046=LINE('',#12015,#2804);
#2047=LINE('',#12018,#2805);
#2048=LINE('',#12019,#2806);
#2049=LINE('',#12022,#2807);
#2050=LINE('',#12023,#2808);
#2051=LINE('',#12026,#2809);
#2052=LINE('',#12027,#2810);
#2053=LINE('',#12030,#2811);
#2054=LINE('',#12031,#2812);
#2055=LINE('',#12034,#2813);
#2056=LINE('',#12035,#2814);
#2057=LINE('',#12038,#2815);
#2058=LINE('',#12039,#2816);
#2059=LINE('',#12041,#2817);
#2060=LINE('',#12045,#2818);
#2061=LINE('',#12047,#2819);
#2062=LINE('',#12048,#2820);
#2063=LINE('',#12051,#2821);
#2064=LINE('',#12052,#2822);
#2065=LINE('',#12062,#2823);
#2066=LINE('',#12076,#2824);
#2067=LINE('',#12090,#2825);
#2068=LINE('',#12104,#2826);
#2069=LINE('',#12118,#2827);
#2070=LINE('',#12125,#2828);
#2071=LINE('',#12126,#2829);
#2072=LINE('',#12129,#2830);
#2073=LINE('',#12130,#2831);
#2074=LINE('',#12140,#2832);
#2075=LINE('',#12154,#2833);
#2076=LINE('',#12168,#2834);
#2077=LINE('',#12179,#2835);
#2078=LINE('',#12193,#2836);
#2079=LINE('',#12207,#2837);
#2080=LINE('',#12214,#2838);
#2081=LINE('',#12215,#2839);
#2082=LINE('',#12217,#2840);
#2083=LINE('',#12234,#2841);
#2084=LINE('',#12240,#2842);
#2085=LINE('',#12259,#2843);
#2086=LINE('',#12278,#2844);
#2087=LINE('',#12297,#2845);
#2088=LINE('',#12316,#2846);
#2089=LINE('',#12335,#2847);
#2090=LINE('',#12354,#2848);
#2091=LINE('',#12380,#2849);
#2092=LINE('',#12386,#2850);
#2093=LINE('',#12396,#2851);
#2094=LINE('',#12410,#2852);
#2095=LINE('',#12430,#2853);
#2096=LINE('',#12432,#2854);
#2097=LINE('',#12433,#2855);
#2098=LINE('',#12436,#2856);
#2099=LINE('',#12437,#2857);
#2100=LINE('',#12440,#2858);
#2101=LINE('',#12441,#2859);
#2102=LINE('',#12443,#2860);
#2103=LINE('',#12457,#2861);
#2104=LINE('',#12459,#2862);
#2105=LINE('',#12461,#2863);
#2106=LINE('',#12462,#2864);
#2107=LINE('',#12465,#2865);
#2108=LINE('',#12467,#2866);
#2109=LINE('',#12469,#2867);
#2110=LINE('',#12470,#2868);
#2111=LINE('',#12473,#2869);
#2112=LINE('',#12474,#2870);
#2113=LINE('',#12477,#2871);
#2114=LINE('',#12478,#2872);
#2115=LINE('',#12481,#2873);
#2116=LINE('',#12482,#2874);
#2117=LINE('',#12484,#2875);
#2118=LINE('',#12489,#2876);
#2119=LINE('',#12491,#2877);
#2120=LINE('',#12493,#2878);
#2121=LINE('',#12494,#2879);
#2122=LINE('',#12497,#2880);
#2123=LINE('',#12499,#2881);
#2124=LINE('',#12500,#2882);
#2125=LINE('',#12506,#2883);
#2126=LINE('',#12508,#2884);
#2127=LINE('',#12509,#2885);
#2128=LINE('',#12515,#2886);
#2129=LINE('',#12517,#2887);
#2130=LINE('',#12519,#2888);
#2131=LINE('',#12520,#2889);
#2132=LINE('',#12523,#2890);
#2133=LINE('',#12525,#2891);
#2134=LINE('',#12526,#2892);
#2135=LINE('',#12532,#2893);
#2136=LINE('',#12534,#2894);
#2137=LINE('',#12535,#2895);
#2138=LINE('',#12543,#2896);
#2139=LINE('',#12546,#2897);
#2140=LINE('',#12549,#2898);
#2141=LINE('',#12551,#2899);
#2142=LINE('',#12552,#2900);
#2143=LINE('',#12555,#2901);
#2144=LINE('',#12557,#2902);
#2145=LINE('',#12558,#2903);
#2146=LINE('',#12560,#2904);
#2147=LINE('',#12561,#2905);
#2148=LINE('',#12569,#2906);
#2149=LINE('',#12572,#2907);
#2150=LINE('',#12575,#2908);
#2151=LINE('',#12577,#2909);
#2152=LINE('',#12578,#2910);
#2153=LINE('',#12581,#2911);
#2154=LINE('',#12583,#2912);
#2155=LINE('',#12584,#2913);
#2156=LINE('',#12586,#2914);
#2157=LINE('',#12587,#2915);
#2158=LINE('',#12595,#2916);
#2159=LINE('',#12598,#2917);
#2160=LINE('',#12601,#2918);
#2161=LINE('',#12603,#2919);
#2162=LINE('',#12604,#2920);
#2163=LINE('',#12607,#2921);
#2164=LINE('',#12609,#2922);
#2165=LINE('',#12610,#2923);
#2166=LINE('',#12612,#2924);
#2167=LINE('',#12613,#2925);
#2168=LINE('',#12621,#2926);
#2169=LINE('',#12624,#2927);
#2170=LINE('',#12627,#2928);
#2171=LINE('',#12629,#2929);
#2172=LINE('',#12630,#2930);
#2173=LINE('',#12633,#2931);
#2174=LINE('',#12635,#2932);
#2175=LINE('',#12636,#2933);
#2176=LINE('',#12638,#2934);
#2177=LINE('',#12639,#2935);
#2178=LINE('',#12647,#2936);
#2179=LINE('',#12650,#2937);
#2180=LINE('',#12653,#2938);
#2181=LINE('',#12655,#2939);
#2182=LINE('',#12656,#2940);
#2183=LINE('',#12659,#2941);
#2184=LINE('',#12661,#2942);
#2185=LINE('',#12662,#2943);
#2186=LINE('',#12664,#2944);
#2187=LINE('',#12665,#2945);
#2188=LINE('',#12671,#2946);
#2189=LINE('',#12673,#2947);
#2190=LINE('',#12675,#2948);
#2191=LINE('',#12676,#2949);
#2192=LINE('',#12679,#2950);
#2193=LINE('',#12681,#2951);
#2194=LINE('',#12682,#2952);
#2195=LINE('',#12688,#2953);
#2196=LINE('',#12690,#2954);
#2197=LINE('',#12691,#2955);
#2198=LINE('',#12697,#2956);
#2199=LINE('',#12699,#2957);
#2200=LINE('',#12701,#2958);
#2201=LINE('',#12702,#2959);
#2202=LINE('',#12705,#2960);
#2203=LINE('',#12707,#2961);
#2204=LINE('',#12708,#2962);
#2205=LINE('',#12714,#2963);
#2206=LINE('',#12716,#2964);
#2207=LINE('',#12717,#2965);
#2208=LINE('',#12725,#2966);
#2209=LINE('',#12728,#2967);
#2210=LINE('',#12731,#2968);
#2211=LINE('',#12733,#2969);
#2212=LINE('',#12734,#2970);
#2213=LINE('',#12737,#2971);
#2214=LINE('',#12739,#2972);
#2215=LINE('',#12740,#2973);
#2216=LINE('',#12742,#2974);
#2217=LINE('',#12743,#2975);
#2218=LINE('',#12749,#2976);
#2219=LINE('',#12751,#2977);
#2220=LINE('',#12753,#2978);
#2221=LINE('',#12754,#2979);
#2222=LINE('',#12757,#2980);
#2223=LINE('',#12759,#2981);
#2224=LINE('',#12760,#2982);
#2225=LINE('',#12766,#2983);
#2226=LINE('',#12768,#2984);
#2227=LINE('',#12769,#2985);
#2228=LINE('',#12775,#2986);
#2229=LINE('',#12777,#2987);
#2230=LINE('',#12779,#2988);
#2231=LINE('',#12780,#2989);
#2232=LINE('',#12783,#2990);
#2233=LINE('',#12785,#2991);
#2234=LINE('',#12786,#2992);
#2235=LINE('',#12792,#2993);
#2236=LINE('',#12794,#2994);
#2237=LINE('',#12795,#2995);
#2238=LINE('',#12801,#2996);
#2239=LINE('',#12803,#2997);
#2240=LINE('',#12805,#2998);
#2241=LINE('',#12806,#2999);
#2242=LINE('',#12809,#3000);
#2243=LINE('',#12811,#3001);
#2244=LINE('',#12812,#3002);
#2245=LINE('',#12818,#3003);
#2246=LINE('',#12820,#3004);
#2247=LINE('',#12821,#3005);
#2248=LINE('',#12829,#3006);
#2249=LINE('',#12832,#3007);
#2250=LINE('',#12835,#3008);
#2251=LINE('',#12837,#3009);
#2252=LINE('',#12838,#3010);
#2253=LINE('',#12841,#3011);
#2254=LINE('',#12843,#3012);
#2255=LINE('',#12844,#3013);
#2256=LINE('',#12846,#3014);
#2257=LINE('',#12847,#3015);
#2258=LINE('',#12855,#3016);
#2259=LINE('',#12858,#3017);
#2260=LINE('',#12861,#3018);
#2261=LINE('',#12863,#3019);
#2262=LINE('',#12864,#3020);
#2263=LINE('',#12867,#3021);
#2264=LINE('',#12869,#3022);
#2265=LINE('',#12870,#3023);
#2266=LINE('',#12872,#3024);
#2267=LINE('',#12873,#3025);
#2268=LINE('',#12879,#3026);
#2269=LINE('',#12881,#3027);
#2270=LINE('',#12883,#3028);
#2271=LINE('',#12884,#3029);
#2272=LINE('',#12887,#3030);
#2273=LINE('',#12889,#3031);
#2274=LINE('',#12890,#3032);
#2275=LINE('',#12896,#3033);
#2276=LINE('',#12898,#3034);
#2277=LINE('',#12899,#3035);
#2278=LINE('',#12907,#3036);
#2279=LINE('',#12910,#3037);
#2280=LINE('',#12913,#3038);
#2281=LINE('',#12915,#3039);
#2282=LINE('',#12916,#3040);
#2283=LINE('',#12919,#3041);
#2284=LINE('',#12921,#3042);
#2285=LINE('',#12922,#3043);
#2286=LINE('',#12924,#3044);
#2287=LINE('',#12925,#3045);
#2288=LINE('',#12931,#3046);
#2289=LINE('',#12933,#3047);
#2290=LINE('',#12935,#3048);
#2291=LINE('',#12936,#3049);
#2292=LINE('',#12939,#3050);
#2293=LINE('',#12941,#3051);
#2294=LINE('',#12942,#3052);
#2295=LINE('',#12945,#3053);
#2296=LINE('',#12947,#3054);
#2297=LINE('',#12948,#3055);
#2298=LINE('',#12957,#3056);
#2299=LINE('',#12959,#3057);
#2300=LINE('',#12961,#3058);
#2301=LINE('',#12962,#3059);
#2302=LINE('',#12965,#3060);
#2303=LINE('',#12967,#3061);
#2304=LINE('',#12968,#3062);
#2305=LINE('',#12974,#3063);
#2306=LINE('',#12976,#3064);
#2307=LINE('',#12977,#3065);
#2308=LINE('',#12983,#3066);
#2309=LINE('',#12985,#3067);
#2310=LINE('',#12987,#3068);
#2311=LINE('',#12988,#3069);
#2312=LINE('',#12991,#3070);
#2313=LINE('',#12993,#3071);
#2314=LINE('',#12994,#3072);
#2315=LINE('',#13000,#3073);
#2316=LINE('',#13002,#3074);
#2317=LINE('',#13003,#3075);
#2318=VECTOR('',#8070,10.);
#2319=VECTOR('',#8071,10.);
#2320=VECTOR('',#8072,10.);
#2321=VECTOR('',#8073,10.);
#2322=VECTOR('',#8078,10.);
#2323=VECTOR('',#8083,10.);
#2324=VECTOR('',#8084,10.);
#2325=VECTOR('',#8085,10.);
#2326=VECTOR('',#8088,10.);
#2327=VECTOR('',#8091,10.);
#2328=VECTOR('',#8092,10.);
#2329=VECTOR('',#8093,10.);
#2330=VECTOR('',#8094,10.);
#2331=VECTOR('',#8099,10.);
#2332=VECTOR('',#8104,10.);
#2333=VECTOR('',#8105,10.);
#2334=VECTOR('',#8106,10.);
#2335=VECTOR('',#8109,10.);
#2336=VECTOR('',#8112,10.);
#2337=VECTOR('',#8113,10.);
#2338=VECTOR('',#8114,10.);
#2339=VECTOR('',#8115,10.);
#2340=VECTOR('',#8120,10.);
#2341=VECTOR('',#8125,10.);
#2342=VECTOR('',#8126,10.);
#2343=VECTOR('',#8127,10.);
#2344=VECTOR('',#8130,10.);
#2345=VECTOR('',#8133,10.);
#2346=VECTOR('',#8134,10.);
#2347=VECTOR('',#8135,10.);
#2348=VECTOR('',#8136,10.);
#2349=VECTOR('',#8141,10.);
#2350=VECTOR('',#8146,10.);
#2351=VECTOR('',#8147,10.);
#2352=VECTOR('',#8148,10.);
#2353=VECTOR('',#8151,10.);
#2354=VECTOR('',#8154,10.);
#2355=VECTOR('',#8155,10.);
#2356=VECTOR('',#8156,10.);
#2357=VECTOR('',#8157,10.);
#2358=VECTOR('',#8158,10.);
#2359=VECTOR('',#8161,10.);
#2360=VECTOR('',#8162,10.);
#2361=VECTOR('',#8165,10.);
#2362=VECTOR('',#8166,10.);
#2363=VECTOR('',#8169,10.);
#2364=VECTOR('',#8170,10.);
#2365=VECTOR('',#8171,10.);
#2366=VECTOR('',#8174,10.);
#2367=VECTOR('',#8175,10.);
#2368=VECTOR('',#8176,10.);
#2369=VECTOR('',#8179,10.);
#2370=VECTOR('',#8180,10.);
#2371=VECTOR('',#8181,10.);
#2372=VECTOR('',#8184,10.);
#2373=VECTOR('',#8185,10.);
#2374=VECTOR('',#8186,10.);
#2375=VECTOR('',#8189,10.);
#2376=VECTOR('',#8190,10.);
#2377=VECTOR('',#8193,10.);
#2378=VECTOR('',#8194,10.);
#2379=VECTOR('',#8197,10.);
#2380=VECTOR('',#8198,10.);
#2381=VECTOR('',#8199,10.);
#2382=VECTOR('',#8202,10.);
#2383=VECTOR('',#8203,10.);
#2384=VECTOR('',#8204,10.);
#2385=VECTOR('',#8207,10.);
#2386=VECTOR('',#8208,10.);
#2387=VECTOR('',#8209,10.);
#2388=VECTOR('',#8212,10.);
#2389=VECTOR('',#8213,10.);
#2390=VECTOR('',#8214,10.);
#2391=VECTOR('',#8217,10.);
#2392=VECTOR('',#8218,10.);
#2393=VECTOR('',#8221,10.);
#2394=VECTOR('',#8222,10.);
#2395=VECTOR('',#8225,10.);
#2396=VECTOR('',#8226,10.);
#2397=VECTOR('',#8227,10.);
#2398=VECTOR('',#8230,10.);
#2399=VECTOR('',#8231,10.);
#2400=VECTOR('',#8232,10.);
#2401=VECTOR('',#8235,10.);
#2402=VECTOR('',#8236,10.);
#2403=VECTOR('',#8237,10.);
#2404=VECTOR('',#8240,10.);
#2405=VECTOR('',#8241,10.);
#2406=VECTOR('',#8242,10.);
#2407=VECTOR('',#8245,10.);
#2408=VECTOR('',#8246,10.);
#2409=VECTOR('',#8249,10.);
#2410=VECTOR('',#8252,10.);
#2411=VECTOR('',#8253,10.);
#2412=VECTOR('',#8254,10.);
#2413=VECTOR('',#8257,10.);
#2414=VECTOR('',#8262,10.);
#2415=VECTOR('',#8263,10.);
#2416=VECTOR('',#8266,10.);
#2417=VECTOR('',#8269,10.);
#2418=VECTOR('',#8270,10.);
#2419=VECTOR('',#8271,10.);
#2420=VECTOR('',#8274,10.);
#2421=VECTOR('',#8279,10.);
#2422=VECTOR('',#8280,10.);
#2423=VECTOR('',#8283,10.);
#2424=VECTOR('',#8286,10.);
#2425=VECTOR('',#8287,10.);
#2426=VECTOR('',#8288,10.);
#2427=VECTOR('',#8291,10.);
#2428=VECTOR('',#8296,10.);
#2429=VECTOR('',#8297,10.);
#2430=VECTOR('',#8300,10.);
#2431=VECTOR('',#8303,10.);
#2432=VECTOR('',#8304,10.);
#2433=VECTOR('',#8305,10.);
#2434=VECTOR('',#8308,10.);
#2435=VECTOR('',#8313,10.);
#2436=VECTOR('',#8314,10.);
#2437=VECTOR('',#8317,10.);
#2438=VECTOR('',#8320,10.);
#2439=VECTOR('',#8321,10.);
#2440=VECTOR('',#8322,10.);
#2441=VECTOR('',#8325,10.);
#2442=VECTOR('',#8330,10.);
#2443=VECTOR('',#8331,10.);
#2444=VECTOR('',#8334,10.);
#2445=VECTOR('',#8337,10.);
#2446=VECTOR('',#8338,10.);
#2447=VECTOR('',#8339,10.);
#2448=VECTOR('',#8342,10.);
#2449=VECTOR('',#8347,10.);
#2450=VECTOR('',#8348,10.);
#2451=VECTOR('',#8351,10.);
#2452=VECTOR('',#8354,10.);
#2453=VECTOR('',#8355,10.);
#2454=VECTOR('',#8356,10.);
#2455=VECTOR('',#8359,10.);
#2456=VECTOR('',#8364,10.);
#2457=VECTOR('',#8365,10.);
#2458=VECTOR('',#8368,10.);
#2459=VECTOR('',#8371,10.);
#2460=VECTOR('',#8372,10.);
#2461=VECTOR('',#8373,10.);
#2462=VECTOR('',#8376,10.);
#2463=VECTOR('',#8381,10.);
#2464=VECTOR('',#8382,10.);
#2465=VECTOR('',#8385,10.);
#2466=VECTOR('',#8388,10.);
#2467=VECTOR('',#8389,10.);
#2468=VECTOR('',#8390,10.);
#2469=VECTOR('',#8393,10.);
#2470=VECTOR('',#8398,10.);
#2471=VECTOR('',#8399,10.);
#2472=VECTOR('',#8402,10.);
#2473=VECTOR('',#8405,10.);
#2474=VECTOR('',#8406,10.);
#2475=VECTOR('',#8407,10.);
#2476=VECTOR('',#8410,10.);
#2477=VECTOR('',#8415,10.);
#2478=VECTOR('',#8416,10.);
#2479=VECTOR('',#8419,10.);
#2480=VECTOR('',#8422,10.);
#2481=VECTOR('',#8423,10.);
#2482=VECTOR('',#8424,10.);
#2483=VECTOR('',#8427,10.);
#2484=VECTOR('',#8432,10.);
#2485=VECTOR('',#8433,10.);
#2486=VECTOR('',#8436,10.);
#2487=VECTOR('',#8439,10.);
#2488=VECTOR('',#8440,10.);
#2489=VECTOR('',#8441,10.);
#2490=VECTOR('',#8444,10.);
#2491=VECTOR('',#8449,10.);
#2492=VECTOR('',#8450,10.);
#2493=VECTOR('',#8453,10.);
#2494=VECTOR('',#8456,10.);
#2495=VECTOR('',#8457,10.);
#2496=VECTOR('',#8458,10.);
#2497=VECTOR('',#8461,10.);
#2498=VECTOR('',#8466,10.);
#2499=VECTOR('',#8467,10.);
#2500=VECTOR('',#8470,10.);
#2501=VECTOR('',#8473,10.);
#2502=VECTOR('',#8474,10.);
#2503=VECTOR('',#8475,10.);
#2504=VECTOR('',#8478,10.);
#2505=VECTOR('',#8483,10.);
#2506=VECTOR('',#8484,10.);
#2507=VECTOR('',#8487,10.);
#2508=VECTOR('',#8490,10.);
#2509=VECTOR('',#8491,10.);
#2510=VECTOR('',#8492,10.);
#2511=VECTOR('',#8495,10.);
#2512=VECTOR('',#8500,10.);
#2513=VECTOR('',#8501,10.);
#2514=VECTOR('',#8504,10.);
#2515=VECTOR('',#8507,10.);
#2516=VECTOR('',#8508,10.);
#2517=VECTOR('',#8509,10.);
#2518=VECTOR('',#8512,10.);
#2519=VECTOR('',#8517,10.);
#2520=VECTOR('',#8518,10.);
#2521=VECTOR('',#8521,10.);
#2522=VECTOR('',#8532,10.);
#2523=VECTOR('',#8533,10.);
#2524=VECTOR('',#8544,10.);
#2525=VECTOR('',#8545,10.);
#2526=VECTOR('',#8548,10.);
#2527=VECTOR('',#8549,10.);
#2528=VECTOR('',#8560,10.);
#2529=VECTOR('',#8561,10.);
#2530=VECTOR('',#8572,10.);
#2531=VECTOR('',#8573,10.);
#2532=VECTOR('',#8576,10.);
#2533=VECTOR('',#8577,10.);
#2534=VECTOR('',#8580,10.);
#2535=VECTOR('',#8581,10.);
#2536=VECTOR('',#8584,10.);
#2537=VECTOR('',#8585,10.);
#2538=VECTOR('',#8592,10.);
#2539=VECTOR('',#8593,10.);
#2540=VECTOR('',#8594,10.);
#2541=VECTOR('',#8595,10.);
#2542=VECTOR('',#8596,10.);
#2543=VECTOR('',#8597,10.);
#2544=VECTOR('',#8598,10.);
#2545=VECTOR('',#8601,10.);
#2546=VECTOR('',#8602,10.);
#2547=VECTOR('',#8603,10.);
#2548=VECTOR('',#8604,10.);
#2549=VECTOR('',#8605,10.);
#2550=VECTOR('',#8606,10.);
#2551=VECTOR('',#8607,10.);
#2552=VECTOR('',#8608,10.);
#2553=VECTOR('',#8609,10.);
#2554=VECTOR('',#8610,10.);
#2555=VECTOR('',#8611,10.);
#2556=VECTOR('',#8612,10.);
#2557=VECTOR('',#8613,10.);
#2558=VECTOR('',#8614,10.);
#2559=VECTOR('',#8615,10.);
#2560=VECTOR('',#8616,10.);
#2561=VECTOR('',#8619,10.);
#2562=VECTOR('',#8620,10.);
#2563=VECTOR('',#8621,10.);
#2564=VECTOR('',#8622,10.);
#2565=VECTOR('',#8623,10.);
#2566=VECTOR('',#8624,10.);
#2567=VECTOR('',#8625,10.);
#2568=VECTOR('',#8626,10.);
#2569=VECTOR('',#8627,10.);
#2570=VECTOR('',#8630,10.);
#2571=VECTOR('',#8631,10.);
#2572=VECTOR('',#8632,10.);
#2573=VECTOR('',#8633,10.);
#2574=VECTOR('',#8634,10.);
#2575=VECTOR('',#8635,10.);
#2576=VECTOR('',#8636,10.);
#2577=VECTOR('',#8637,10.);
#2578=VECTOR('',#8640,10.);
#2579=VECTOR('',#8647,10.);
#2580=VECTOR('',#8648,10.);
#2581=VECTOR('',#8649,10.);
#2582=VECTOR('',#8650,10.);
#2583=VECTOR('',#8651,10.);
#2584=VECTOR('',#8652,10.);
#2585=VECTOR('',#8653,10.);
#2586=VECTOR('',#8654,10.);
#2587=VECTOR('',#8655,10.);
#2588=VECTOR('',#8656,10.);
#2589=VECTOR('',#8657,10.);
#2590=VECTOR('',#8658,10.);
#2591=VECTOR('',#8659,10.);
#2592=VECTOR('',#8660,10.);
#2593=VECTOR('',#8661,10.);
#2594=VECTOR('',#8662,10.);
#2595=VECTOR('',#8663,10.);
#2596=VECTOR('',#8664,10.);
#2597=VECTOR('',#8665,10.);
#2598=VECTOR('',#8666,10.);
#2599=VECTOR('',#8667,10.);
#2600=VECTOR('',#8668,10.);
#2601=VECTOR('',#8669,10.);
#2602=VECTOR('',#8670,10.);
#2603=VECTOR('',#8671,10.);
#2604=VECTOR('',#8672,10.);
#2605=VECTOR('',#8673,10.);
#2606=VECTOR('',#8674,10.);
#2607=VECTOR('',#8675,10.);
#2608=VECTOR('',#8676,10.);
#2609=VECTOR('',#8679,10.);
#2610=VECTOR('',#8680,10.);
#2611=VECTOR('',#8681,10.);
#2612=VECTOR('',#8682,10.);
#2613=VECTOR('',#8685,10.);
#2614=VECTOR('',#8686,10.);
#2615=VECTOR('',#8687,10.);
#2616=VECTOR('',#8690,10.);
#2617=VECTOR('',#8691,10.);
#2618=VECTOR('',#8694,10.);
#2619=VECTOR('',#8695,10.);
#2620=VECTOR('',#8696,10.);
#2621=VECTOR('',#8699,10.);
#2622=VECTOR('',#8700,10.);
#2623=VECTOR('',#8703,10.);
#2624=VECTOR('',#8704,10.);
#2625=VECTOR('',#8707,10.);
#2626=VECTOR('',#8708,10.);
#2627=VECTOR('',#8711,10.);
#2628=VECTOR('',#8712,10.);
#2629=VECTOR('',#8715,10.);
#2630=VECTOR('',#8716,10.);
#2631=VECTOR('',#8719,10.);
#2632=VECTOR('',#8720,10.);
#2633=VECTOR('',#8723,10.);
#2634=VECTOR('',#8724,10.);
#2635=VECTOR('',#8727,10.);
#2636=VECTOR('',#8728,10.);
#2637=VECTOR('',#8731,10.);
#2638=VECTOR('',#8732,10.);
#2639=VECTOR('',#8735,10.);
#2640=VECTOR('',#8740,10.);
#2641=VECTOR('',#8741,10.);
#2642=VECTOR('',#8742,10.);
#2643=VECTOR('',#8745,10.);
#2644=VECTOR('',#8746,10.);
#2645=VECTOR('',#8749,10.);
#2646=VECTOR('',#8750,10.);
#2647=VECTOR('',#8753,10.);
#2648=VECTOR('',#8756,10.);
#2649=VECTOR('',#8757,10.);
#2650=VECTOR('',#8758,10.);
#2651=VECTOR('',#8759,10.);
#2652=VECTOR('',#8760,10.);
#2653=VECTOR('',#8761,10.);
#2654=VECTOR('',#8762,10.);
#2655=VECTOR('',#8763,10.);
#2656=VECTOR('',#8764,10.);
#2657=VECTOR('',#8765,10.);
#2658=VECTOR('',#8766,10.);
#2659=VECTOR('',#8767,10.);
#2660=VECTOR('',#8772,10.);
#2661=VECTOR('',#8773,10.);
#2662=VECTOR('',#8774,10.);
#2663=VECTOR('',#8777,10.);
#2664=VECTOR('',#8778,10.);
#2665=VECTOR('',#8781,10.);
#2666=VECTOR('',#8782,10.);
#2667=VECTOR('',#8785,10.);
#2668=VECTOR('',#8790,10.);
#2669=VECTOR('',#8791,10.);
#2670=VECTOR('',#8792,10.);
#2671=VECTOR('',#8795,10.);
#2672=VECTOR('',#8796,10.);
#2673=VECTOR('',#8799,10.);
#2674=VECTOR('',#8800,10.);
#2675=VECTOR('',#8803,10.);
#2676=VECTOR('',#8804,10.);
#2677=VECTOR('',#8807,10.);
#2678=VECTOR('',#8808,10.);
#2679=VECTOR('',#8811,10.);
#2680=VECTOR('',#8812,10.);
#2681=VECTOR('',#8815,10.);
#2682=VECTOR('',#8816,10.);
#2683=VECTOR('',#8819,10.);
#2684=VECTOR('',#8820,10.);
#2685=VECTOR('',#8823,10.);
#2686=VECTOR('',#8824,10.);
#2687=VECTOR('',#8827,10.);
#2688=VECTOR('',#8832,10.);
#2689=VECTOR('',#8835,10.);
#2690=VECTOR('',#8836,10.);
#2691=VECTOR('',#8841,10.);
#2692=VECTOR('',#8842,10.);
#2693=VECTOR('',#8843,10.);
#2694=VECTOR('',#8846,10.);
#2695=VECTOR('',#8847,10.);
#2696=VECTOR('',#8848,10.);
#2697=VECTOR('',#8851,10.);
#2698=VECTOR('',#8852,10.);
#2699=VECTOR('',#8853,10.);
#2700=VECTOR('',#8854,10.);
#2701=VECTOR('',#8855,10.);
#2702=VECTOR('',#8858,10.);
#2703=VECTOR('',#8859,10.);
#2704=VECTOR('',#8860,10.);
#2705=VECTOR('',#8861,10.);
#2706=VECTOR('',#8864,10.);
#2707=VECTOR('',#8865,10.);
#2708=VECTOR('',#8866,10.);
#2709=VECTOR('',#8871,10.);
#2710=VECTOR('',#8872,10.);
#2711=VECTOR('',#8873,10.);
#2712=VECTOR('',#8878,10.);
#2713=VECTOR('',#8879,10.);
#2714=VECTOR('',#8880,10.);
#2715=VECTOR('',#8881,10.);
#2716=VECTOR('',#8882,10.);
#2717=VECTOR('',#8883,10.);
#2718=VECTOR('',#8884,10.);
#2719=VECTOR('',#8885,10.);
#2720=VECTOR('',#8886,10.);
#2721=VECTOR('',#8887,10.);
#2722=VECTOR('',#8888,10.);
#2723=VECTOR('',#8889,10.);
#2724=VECTOR('',#8894,10.);
#2725=VECTOR('',#8895,10.);
#2726=VECTOR('',#8896,10.);
#2727=VECTOR('',#8899,10.);
#2728=VECTOR('',#8900,10.);
#2729=VECTOR('',#8903,10.);
#2730=VECTOR('',#8904,10.);
#2731=VECTOR('',#8907,10.);
#2732=VECTOR('',#8910,10.);
#2733=VECTOR('',#8911,10.);
#2734=VECTOR('',#8914,10.);
#2735=VECTOR('',#8915,10.);
#2736=VECTOR('',#8916,10.);
#2737=VECTOR('',#8919,10.);
#2738=VECTOR('',#8920,10.);
#2739=VECTOR('',#8921,10.);
#2740=VECTOR('',#8924,10.);
#2741=VECTOR('',#8925,10.);
#2742=VECTOR('',#8926,10.);
#2743=VECTOR('',#8927,10.);
#2744=VECTOR('',#8928,10.);
#2745=VECTOR('',#8933,10.);
#2746=VECTOR('',#8934,10.);
#2747=VECTOR('',#8935,10.);
#2748=VECTOR('',#8938,10.);
#2749=VECTOR('',#8939,10.);
#2750=VECTOR('',#8942,10.);
#2751=VECTOR('',#8943,10.);
#2752=VECTOR('',#8946,10.);
#2753=VECTOR('',#8947,10.);
#2754=VECTOR('',#8948,10.);
#2755=VECTOR('',#8957,10.);
#2756=VECTOR('',#8958,10.);
#2757=VECTOR('',#8959,10.);
#2758=VECTOR('',#8962,10.);
#2759=VECTOR('',#8963,10.);
#2760=VECTOR('',#8966,10.);
#2761=VECTOR('',#8967,10.);
#2762=VECTOR('',#8970,10.);
#2763=VECTOR('',#8971,10.);
#2764=VECTOR('',#8972,10.);
#2765=VECTOR('',#8973,10.);
#2766=VECTOR('',#8974,10.);
#2767=VECTOR('',#8975,10.);
#2768=VECTOR('',#8978,10.);
#2769=VECTOR('',#8979,10.);
#2770=VECTOR('',#8982,10.);
#2771=VECTOR('',#8983,10.);
#2772=VECTOR('',#8986,10.);
#2773=VECTOR('',#8987,10.);
#2774=VECTOR('',#8988,10.);
#2775=VECTOR('',#8993,10.);
#2776=VECTOR('',#8994,10.);
#2777=VECTOR('',#8995,10.);
#2778=VECTOR('',#8998,10.);
#2779=VECTOR('',#8999,10.);
#2780=VECTOR('',#9000,10.);
#2781=VECTOR('',#9001,10.);
#2782=VECTOR('',#9002,10.);
#2783=VECTOR('',#9003,10.);
#2784=VECTOR('',#9004,10.);
#2785=VECTOR('',#9007,10.);
#2786=VECTOR('',#9008,10.);
#2787=VECTOR('',#9011,10.);
#2788=VECTOR('',#9012,10.);
#2789=VECTOR('',#9013,10.);
#2790=VECTOR('',#9014,10.);
#2791=VECTOR('',#9015,10.);
#2792=VECTOR('',#9018,10.);
#2793=VECTOR('',#9019,10.);
#2794=VECTOR('',#9020,10.);
#2795=VECTOR('',#9023,10.);
#2796=VECTOR('',#9024,10.);
#2797=VECTOR('',#9027,10.);
#2798=VECTOR('',#9032,10.);
#2799=VECTOR('',#9033,10.);
#2800=VECTOR('',#9034,10.);
#2801=VECTOR('',#9037,10.);
#2802=VECTOR('',#9038,10.);
#2803=VECTOR('',#9041,10.);
#2804=VECTOR('',#9042,10.);
#2805=VECTOR('',#9045,10.);
#2806=VECTOR('',#9046,10.);
#2807=VECTOR('',#9049,10.);
#2808=VECTOR('',#9050,10.);
#2809=VECTOR('',#9053,10.);
#2810=VECTOR('',#9054,10.);
#2811=VECTOR('',#9057,10.);
#2812=VECTOR('',#9058,10.);
#2813=VECTOR('',#9061,10.);
#2814=VECTOR('',#9062,10.);
#2815=VECTOR('',#9065,10.);
#2816=VECTOR('',#9066,10.);
#2817=VECTOR('',#9069,10.);
#2818=VECTOR('',#9074,10.);
#2819=VECTOR('',#9075,10.);
#2820=VECTOR('',#9076,10.);
#2821=VECTOR('',#9079,10.);
#2822=VECTOR('',#9080,10.);
#2823=VECTOR('',#9081,10.);
#2824=VECTOR('',#9082,10.);
#2825=VECTOR('',#9083,10.);
#2826=VECTOR('',#9084,10.);
#2827=VECTOR('',#9085,10.);
#2828=VECTOR('',#9088,10.);
#2829=VECTOR('',#9089,10.);
#2830=VECTOR('',#9092,10.);
#2831=VECTOR('',#9093,10.);
#2832=VECTOR('',#9094,10.);
#2833=VECTOR('',#9095,10.);
#2834=VECTOR('',#9096,10.);
#2835=VECTOR('',#9099,10.);
#2836=VECTOR('',#9100,10.);
#2837=VECTOR('',#9101,10.);
#2838=VECTOR('',#9104,10.);
#2839=VECTOR('',#9105,10.);
#2840=VECTOR('',#9108,10.);
#2841=VECTOR('',#9111,10.);
#2842=VECTOR('',#9112,10.);
#2843=VECTOR('',#9113,10.);
#2844=VECTOR('',#9114,10.);
#2845=VECTOR('',#9115,10.);
#2846=VECTOR('',#9116,10.);
#2847=VECTOR('',#9117,10.);
#2848=VECTOR('',#9118,10.);
#2849=VECTOR('',#9119,10.);
#2850=VECTOR('',#9120,10.);
#2851=VECTOR('',#9121,10.);
#2852=VECTOR('',#9122,10.);
#2853=VECTOR('',#9127,10.);
#2854=VECTOR('',#9128,10.);
#2855=VECTOR('',#9129,10.);
#2856=VECTOR('',#9132,10.);
#2857=VECTOR('',#9133,10.);
#2858=VECTOR('',#9136,10.);
#2859=VECTOR('',#9137,10.);
#2860=VECTOR('',#9140,10.);
#2861=VECTOR('',#9163,10.);
#2862=VECTOR('',#9164,10.);
#2863=VECTOR('',#9165,10.);
#2864=VECTOR('',#9166,10.);
#2865=VECTOR('',#9169,10.);
#2866=VECTOR('',#9170,10.);
#2867=VECTOR('',#9171,10.);
#2868=VECTOR('',#9172,10.);
#2869=VECTOR('',#9175,10.);
#2870=VECTOR('',#9176,10.);
#2871=VECTOR('',#9179,10.);
#2872=VECTOR('',#9180,10.);
#2873=VECTOR('',#9183,10.);
#2874=VECTOR('',#9184,10.);
#2875=VECTOR('',#9187,10.);
#2876=VECTOR('',#9192,10.);
#2877=VECTOR('',#9193,10.);
#2878=VECTOR('',#9194,10.);
#2879=VECTOR('',#9195,10.);
#2880=VECTOR('',#9198,10.);
#2881=VECTOR('',#9199,10.);
#2882=VECTOR('',#9200,10.);
#2883=VECTOR('',#9207,10.);
#2884=VECTOR('',#9210,10.);
#2885=VECTOR('',#9211,10.);
#2886=VECTOR('',#9218,10.);
#2887=VECTOR('',#9219,10.);
#2888=VECTOR('',#9220,10.);
#2889=VECTOR('',#9221,10.);
#2890=VECTOR('',#9224,10.);
#2891=VECTOR('',#9225,10.);
#2892=VECTOR('',#9226,10.);
#2893=VECTOR('',#9233,10.);
#2894=VECTOR('',#9236,10.);
#2895=VECTOR('',#9237,10.);
#2896=VECTOR('',#9246,10.);
#2897=VECTOR('',#9249,10.);
#2898=VECTOR('',#9252,10.);
#2899=VECTOR('',#9253,10.);
#2900=VECTOR('',#9254,10.);
#2901=VECTOR('',#9257,10.);
#2902=VECTOR('',#9258,10.);
#2903=VECTOR('',#9259,10.);
#2904=VECTOR('',#9262,10.);
#2905=VECTOR('',#9263,10.);
#2906=VECTOR('',#9272,10.);
#2907=VECTOR('',#9275,10.);
#2908=VECTOR('',#9278,10.);
#2909=VECTOR('',#9279,10.);
#2910=VECTOR('',#9280,10.);
#2911=VECTOR('',#9283,10.);
#2912=VECTOR('',#9284,10.);
#2913=VECTOR('',#9285,10.);
#2914=VECTOR('',#9288,10.);
#2915=VECTOR('',#9289,10.);
#2916=VECTOR('',#9298,10.);
#2917=VECTOR('',#9301,10.);
#2918=VECTOR('',#9304,10.);
#2919=VECTOR('',#9305,10.);
#2920=VECTOR('',#9306,10.);
#2921=VECTOR('',#9309,10.);
#2922=VECTOR('',#9310,10.);
#2923=VECTOR('',#9311,10.);
#2924=VECTOR('',#9314,10.);
#2925=VECTOR('',#9315,10.);
#2926=VECTOR('',#9324,10.);
#2927=VECTOR('',#9327,10.);
#2928=VECTOR('',#9330,10.);
#2929=VECTOR('',#9331,10.);
#2930=VECTOR('',#9332,10.);
#2931=VECTOR('',#9335,10.);
#2932=VECTOR('',#9336,10.);
#2933=VECTOR('',#9337,10.);
#2934=VECTOR('',#9340,10.);
#2935=VECTOR('',#9341,10.);
#2936=VECTOR('',#9350,10.);
#2937=VECTOR('',#9353,10.);
#2938=VECTOR('',#9356,10.);
#2939=VECTOR('',#9357,10.);
#2940=VECTOR('',#9358,10.);
#2941=VECTOR('',#9361,10.);
#2942=VECTOR('',#9362,10.);
#2943=VECTOR('',#9363,10.);
#2944=VECTOR('',#9366,10.);
#2945=VECTOR('',#9367,10.);
#2946=VECTOR('',#9374,10.);
#2947=VECTOR('',#9375,10.);
#2948=VECTOR('',#9376,10.);
#2949=VECTOR('',#9377,10.);
#2950=VECTOR('',#9380,10.);
#2951=VECTOR('',#9381,10.);
#2952=VECTOR('',#9382,10.);
#2953=VECTOR('',#9389,10.);
#2954=VECTOR('',#9392,10.);
#2955=VECTOR('',#9393,10.);
#2956=VECTOR('',#9400,10.);
#2957=VECTOR('',#9401,10.);
#2958=VECTOR('',#9402,10.);
#2959=VECTOR('',#9403,10.);
#2960=VECTOR('',#9406,10.);
#2961=VECTOR('',#9407,10.);
#2962=VECTOR('',#9408,10.);
#2963=VECTOR('',#9415,10.);
#2964=VECTOR('',#9418,10.);
#2965=VECTOR('',#9419,10.);
#2966=VECTOR('',#9428,10.);
#2967=VECTOR('',#9431,10.);
#2968=VECTOR('',#9434,10.);
#2969=VECTOR('',#9435,10.);
#2970=VECTOR('',#9436,10.);
#2971=VECTOR('',#9439,10.);
#2972=VECTOR('',#9440,10.);
#2973=VECTOR('',#9441,10.);
#2974=VECTOR('',#9444,10.);
#2975=VECTOR('',#9445,10.);
#2976=VECTOR('',#9452,10.);
#2977=VECTOR('',#9453,10.);
#2978=VECTOR('',#9454,10.);
#2979=VECTOR('',#9455,10.);
#2980=VECTOR('',#9458,10.);
#2981=VECTOR('',#9459,10.);
#2982=VECTOR('',#9460,10.);
#2983=VECTOR('',#9467,10.);
#2984=VECTOR('',#9470,10.);
#2985=VECTOR('',#9471,10.);
#2986=VECTOR('',#9478,10.);
#2987=VECTOR('',#9479,10.);
#2988=VECTOR('',#9480,10.);
#2989=VECTOR('',#9481,10.);
#2990=VECTOR('',#9484,10.);
#2991=VECTOR('',#9485,10.);
#2992=VECTOR('',#9486,10.);
#2993=VECTOR('',#9493,10.);
#2994=VECTOR('',#9496,10.);
#2995=VECTOR('',#9497,10.);
#2996=VECTOR('',#9504,10.);
#2997=VECTOR('',#9505,10.);
#2998=VECTOR('',#9506,10.);
#2999=VECTOR('',#9507,10.);
#3000=VECTOR('',#9510,10.);
#3001=VECTOR('',#9511,10.);
#3002=VECTOR('',#9512,10.);
#3003=VECTOR('',#9519,10.);
#3004=VECTOR('',#9522,10.);
#3005=VECTOR('',#9523,10.);
#3006=VECTOR('',#9532,10.);
#3007=VECTOR('',#9535,10.);
#3008=VECTOR('',#9538,10.);
#3009=VECTOR('',#9539,10.);
#3010=VECTOR('',#9540,10.);
#3011=VECTOR('',#9543,10.);
#3012=VECTOR('',#9544,10.);
#3013=VECTOR('',#9545,10.);
#3014=VECTOR('',#9548,10.);
#3015=VECTOR('',#9549,10.);
#3016=VECTOR('',#9558,10.);
#3017=VECTOR('',#9561,10.);
#3018=VECTOR('',#9564,10.);
#3019=VECTOR('',#9565,10.);
#3020=VECTOR('',#9566,10.);
#3021=VECTOR('',#9569,10.);
#3022=VECTOR('',#9570,10.);
#3023=VECTOR('',#9571,10.);
#3024=VECTOR('',#9574,10.);
#3025=VECTOR('',#9575,10.);
#3026=VECTOR('',#9582,10.);
#3027=VECTOR('',#9583,10.);
#3028=VECTOR('',#9584,10.);
#3029=VECTOR('',#9585,10.);
#3030=VECTOR('',#9588,10.);
#3031=VECTOR('',#9589,10.);
#3032=VECTOR('',#9590,10.);
#3033=VECTOR('',#9597,10.);
#3034=VECTOR('',#9600,10.);
#3035=VECTOR('',#9601,10.);
#3036=VECTOR('',#9610,10.);
#3037=VECTOR('',#9613,10.);
#3038=VECTOR('',#9616,10.);
#3039=VECTOR('',#9617,10.);
#3040=VECTOR('',#9618,10.);
#3041=VECTOR('',#9621,10.);
#3042=VECTOR('',#9622,10.);
#3043=VECTOR('',#9623,10.);
#3044=VECTOR('',#9626,10.);
#3045=VECTOR('',#9627,10.);
#3046=VECTOR('',#9634,10.);
#3047=VECTOR('',#9635,10.);
#3048=VECTOR('',#9636,10.);
#3049=VECTOR('',#9637,10.);
#3050=VECTOR('',#9640,10.);
#3051=VECTOR('',#9641,10.);
#3052=VECTOR('',#9642,10.);
#3053=VECTOR('',#9645,10.);
#3054=VECTOR('',#9646,10.);
#3055=VECTOR('',#9647,10.);
#3056=VECTOR('',#9660,10.);
#3057=VECTOR('',#9661,10.);
#3058=VECTOR('',#9662,10.);
#3059=VECTOR('',#9663,10.);
#3060=VECTOR('',#9666,10.);
#3061=VECTOR('',#9667,10.);
#3062=VECTOR('',#9668,10.);
#3063=VECTOR('',#9675,10.);
#3064=VECTOR('',#9678,10.);
#3065=VECTOR('',#9679,10.);
#3066=VECTOR('',#9686,10.);
#3067=VECTOR('',#9687,10.);
#3068=VECTOR('',#9688,10.);
#3069=VECTOR('',#9689,10.);
#3070=VECTOR('',#9692,10.);
#3071=VECTOR('',#9693,10.);
#3072=VECTOR('',#9694,10.);
#3073=VECTOR('',#9701,10.);
#3074=VECTOR('',#9704,10.);
#3075=VECTOR('',#9705,10.);
#3076=VERTEX_POINT('',#9717);
#3077=VERTEX_POINT('',#9718);
#3078=VERTEX_POINT('',#9720);
#3079=VERTEX_POINT('',#9722);
#3080=VERTEX_POINT('',#9726);
#3081=VERTEX_POINT('',#9728);
#3082=VERTEX_POINT('',#9732);
#3083=VERTEX_POINT('',#9734);
#3084=VERTEX_POINT('',#9740);
#3085=VERTEX_POINT('',#9741);
#3086=VERTEX_POINT('',#9743);
#3087=VERTEX_POINT('',#9745);
#3088=VERTEX_POINT('',#9749);
#3089=VERTEX_POINT('',#9751);
#3090=VERTEX_POINT('',#9755);
#3091=VERTEX_POINT('',#9757);
#3092=VERTEX_POINT('',#9763);
#3093=VERTEX_POINT('',#9764);
#3094=VERTEX_POINT('',#9766);
#3095=VERTEX_POINT('',#9768);
#3096=VERTEX_POINT('',#9772);
#3097=VERTEX_POINT('',#9774);
#3098=VERTEX_POINT('',#9778);
#3099=VERTEX_POINT('',#9780);
#3100=VERTEX_POINT('',#9786);
#3101=VERTEX_POINT('',#9787);
#3102=VERTEX_POINT('',#9789);
#3103=VERTEX_POINT('',#9791);
#3104=VERTEX_POINT('',#9795);
#3105=VERTEX_POINT('',#9797);
#3106=VERTEX_POINT('',#9801);
#3107=VERTEX_POINT('',#9803);
#3108=VERTEX_POINT('',#9812);
#3109=VERTEX_POINT('',#9814);
#3110=VERTEX_POINT('',#9816);
#3111=VERTEX_POINT('',#9818);
#3112=VERTEX_POINT('',#9820);
#3113=VERTEX_POINT('',#9822);
#3114=VERTEX_POINT('',#9824);
#3115=VERTEX_POINT('',#9826);
#3116=VERTEX_POINT('',#9828);
#3117=VERTEX_POINT('',#9830);
#3118=VERTEX_POINT('',#9832);
#3119=VERTEX_POINT('',#9834);
#3120=VERTEX_POINT('',#9836);
#3121=VERTEX_POINT('',#9838);
#3122=VERTEX_POINT('',#9840);
#3123=VERTEX_POINT('',#9842);
#3124=VERTEX_POINT('',#9844);
#3125=VERTEX_POINT('',#9846);
#3126=VERTEX_POINT('',#9848);
#3127=VERTEX_POINT('',#9850);
#3128=VERTEX_POINT('',#9852);
#3129=VERTEX_POINT('',#9854);
#3130=VERTEX_POINT('',#9856);
#3131=VERTEX_POINT('',#9858);
#3132=VERTEX_POINT('',#9860);
#3133=VERTEX_POINT('',#9862);
#3134=VERTEX_POINT('',#9864);
#3135=VERTEX_POINT('',#9866);
#3136=VERTEX_POINT('',#9868);
#3137=VERTEX_POINT('',#9870);
#3138=VERTEX_POINT('',#9872);
#3139=VERTEX_POINT('',#9874);
#3140=VERTEX_POINT('',#9876);
#3141=VERTEX_POINT('',#9878);
#3142=VERTEX_POINT('',#9880);
#3143=VERTEX_POINT('',#9882);
#3144=VERTEX_POINT('',#9884);
#3145=VERTEX_POINT('',#9886);
#3146=VERTEX_POINT('',#9888);
#3147=VERTEX_POINT('',#9890);
#3148=VERTEX_POINT('',#9892);
#3149=VERTEX_POINT('',#9894);
#3150=VERTEX_POINT('',#9896);
#3151=VERTEX_POINT('',#9898);
#3152=VERTEX_POINT('',#9900);
#3153=VERTEX_POINT('',#9902);
#3154=VERTEX_POINT('',#9904);
#3155=VERTEX_POINT('',#9906);
#3156=VERTEX_POINT('',#9908);
#3157=VERTEX_POINT('',#9910);
#3158=VERTEX_POINT('',#9912);
#3159=VERTEX_POINT('',#9914);
#3160=VERTEX_POINT('',#9916);
#3161=VERTEX_POINT('',#9918);
#3162=VERTEX_POINT('',#9920);
#3163=VERTEX_POINT('',#9922);
#3164=VERTEX_POINT('',#9924);
#3165=VERTEX_POINT('',#9926);
#3166=VERTEX_POINT('',#9928);
#3167=VERTEX_POINT('',#9930);
#3168=VERTEX_POINT('',#9932);
#3169=VERTEX_POINT('',#9934);
#3170=VERTEX_POINT('',#9936);
#3171=VERTEX_POINT('',#9938);
#3172=VERTEX_POINT('',#9940);
#3173=VERTEX_POINT('',#9942);
#3174=VERTEX_POINT('',#9944);
#3175=VERTEX_POINT('',#9946);
#3176=VERTEX_POINT('',#9948);
#3177=VERTEX_POINT('',#9950);
#3178=VERTEX_POINT('',#9952);
#3179=VERTEX_POINT('',#9954);
#3180=VERTEX_POINT('',#9958);
#3181=VERTEX_POINT('',#9960);
#3182=VERTEX_POINT('',#9964);
#3183=VERTEX_POINT('',#9968);
#3184=VERTEX_POINT('',#9974);
#3185=VERTEX_POINT('',#9976);
#3186=VERTEX_POINT('',#9980);
#3187=VERTEX_POINT('',#9984);
#3188=VERTEX_POINT('',#9990);
#3189=VERTEX_POINT('',#9992);
#3190=VERTEX_POINT('',#9996);
#3191=VERTEX_POINT('',#10000);
#3192=VERTEX_POINT('',#10006);
#3193=VERTEX_POINT('',#10008);
#3194=VERTEX_POINT('',#10012);
#3195=VERTEX_POINT('',#10016);
#3196=VERTEX_POINT('',#10022);
#3197=VERTEX_POINT('',#10024);
#3198=VERTEX_POINT('',#10028);
#3199=VERTEX_POINT('',#10032);
#3200=VERTEX_POINT('',#10038);
#3201=VERTEX_POINT('',#10040);
#3202=VERTEX_POINT('',#10044);
#3203=VERTEX_POINT('',#10048);
#3204=VERTEX_POINT('',#10054);
#3205=VERTEX_POINT('',#10056);
#3206=VERTEX_POINT('',#10060);
#3207=VERTEX_POINT('',#10064);
#3208=VERTEX_POINT('',#10070);
#3209=VERTEX_POINT('',#10072);
#3210=VERTEX_POINT('',#10076);
#3211=VERTEX_POINT('',#10080);
#3212=VERTEX_POINT('',#10086);
#3213=VERTEX_POINT('',#10088);
#3214=VERTEX_POINT('',#10092);
#3215=VERTEX_POINT('',#10096);
#3216=VERTEX_POINT('',#10102);
#3217=VERTEX_POINT('',#10104);
#3218=VERTEX_POINT('',#10108);
#3219=VERTEX_POINT('',#10112);
#3220=VERTEX_POINT('',#10118);
#3221=VERTEX_POINT('',#10120);
#3222=VERTEX_POINT('',#10124);
#3223=VERTEX_POINT('',#10128);
#3224=VERTEX_POINT('',#10134);
#3225=VERTEX_POINT('',#10136);
#3226=VERTEX_POINT('',#10140);
#3227=VERTEX_POINT('',#10144);
#3228=VERTEX_POINT('',#10150);
#3229=VERTEX_POINT('',#10152);
#3230=VERTEX_POINT('',#10156);
#3231=VERTEX_POINT('',#10160);
#3232=VERTEX_POINT('',#10166);
#3233=VERTEX_POINT('',#10168);
#3234=VERTEX_POINT('',#10172);
#3235=VERTEX_POINT('',#10176);
#3236=VERTEX_POINT('',#10182);
#3237=VERTEX_POINT('',#10184);
#3238=VERTEX_POINT('',#10188);
#3239=VERTEX_POINT('',#10192);
#3240=VERTEX_POINT('',#10198);
#3241=VERTEX_POINT('',#10200);
#3242=VERTEX_POINT('',#10204);
#3243=VERTEX_POINT('',#10208);
#3244=VERTEX_POINT('',#10214);
#3245=VERTEX_POINT('',#10215);
#3246=VERTEX_POINT('',#10217);
#3247=VERTEX_POINT('',#10224);
#3248=VERTEX_POINT('',#10225);
#3249=VERTEX_POINT('',#10227);
#3250=VERTEX_POINT('',#10237);
#3251=VERTEX_POINT('',#10238);
#3252=VERTEX_POINT('',#10240);
#3253=VERTEX_POINT('',#10247);
#3254=VERTEX_POINT('',#10248);
#3255=VERTEX_POINT('',#10250);
#3256=VERTEX_POINT('',#10268);
#3257=VERTEX_POINT('',#10269);
#3258=VERTEX_POINT('',#10271);
#3259=VERTEX_POINT('',#10273);
#3260=VERTEX_POINT('',#10276);
#3261=VERTEX_POINT('',#10277);
#3262=VERTEX_POINT('',#10282);
#3263=VERTEX_POINT('',#10287);
#3264=VERTEX_POINT('',#10296);
#3265=VERTEX_POINT('',#10297);
#3266=VERTEX_POINT('',#10299);
#3267=VERTEX_POINT('',#10301);
#3268=VERTEX_POINT('',#10303);
#3269=VERTEX_POINT('',#10308);
#3270=VERTEX_POINT('',#10313);
#3271=VERTEX_POINT('',#10318);
#3272=VERTEX_POINT('',#10320);
#3273=VERTEX_POINT('',#10325);
#3274=VERTEX_POINT('',#10330);
#3275=VERTEX_POINT('',#10332);
#3276=VERTEX_POINT('',#10334);
#3277=VERTEX_POINT('',#10339);
#3278=VERTEX_POINT('',#10344);
#3279=VERTEX_POINT('',#10349);
#3280=VERTEX_POINT('',#10354);
#3281=VERTEX_POINT('',#10360);
#3282=VERTEX_POINT('',#10361);
#3283=VERTEX_POINT('',#10363);
#3284=VERTEX_POINT('',#10365);
#3285=VERTEX_POINT('',#10367);
#3286=VERTEX_POINT('',#10369);
#3287=VERTEX_POINT('',#10371);
#3288=VERTEX_POINT('',#10373);
#3289=VERTEX_POINT('',#10375);
#3290=VERTEX_POINT('',#10377);
#3291=VERTEX_POINT('',#10380);
#3292=VERTEX_POINT('',#10381);
#3293=VERTEX_POINT('',#10383);
#3294=VERTEX_POINT('',#10385);
#3295=VERTEX_POINT('',#10387);
#3296=VERTEX_POINT('',#10392);
#3297=VERTEX_POINT('',#10397);
#3298=VERTEX_POINT('',#10402);
#3299=VERTEX_POINT('',#10404);
#3300=VERTEX_POINT('',#10409);
#3301=VERTEX_POINT('',#10414);
#3302=VERTEX_POINT('',#10416);
#3303=VERTEX_POINT('',#10418);
#3304=VERTEX_POINT('',#10423);
#3305=VERTEX_POINT('',#10428);
#3306=VERTEX_POINT('',#10433);
#3307=VERTEX_POINT('',#10438);
#3308=VERTEX_POINT('',#10444);
#3309=VERTEX_POINT('',#10445);
#3310=VERTEX_POINT('',#10450);
#3311=VERTEX_POINT('',#10455);
#3312=VERTEX_POINT('',#10460);
#3313=VERTEX_POINT('',#10462);
#3314=VERTEX_POINT('',#10464);
#3315=VERTEX_POINT('',#10466);
#3316=VERTEX_POINT('',#10471);
#3317=VERTEX_POINT('',#10476);
#3318=VERTEX_POINT('',#10481);
#3319=VERTEX_POINT('',#10486);
#3320=VERTEX_POINT('',#10488);
#3321=VERTEX_POINT('',#10490);
#3322=VERTEX_POINT('',#10496);
#3323=VERTEX_POINT('',#10498);
#3324=VERTEX_POINT('',#10499);
#3325=VERTEX_POINT('',#10504);
#3326=VERTEX_POINT('',#10509);
#3327=VERTEX_POINT('',#10514);
#3328=VERTEX_POINT('',#10516);
#3329=VERTEX_POINT('',#10518);
#3330=VERTEX_POINT('',#10524);
#3331=VERTEX_POINT('',#10525);
#3332=VERTEX_POINT('',#10527);
#3333=VERTEX_POINT('',#10529);
#3334=VERTEX_POINT('',#10532);
#3335=VERTEX_POINT('',#10533);
#3336=VERTEX_POINT('',#10538);
#3337=VERTEX_POINT('',#10543);
#3338=VERTEX_POINT('',#10552);
#3339=VERTEX_POINT('',#10553);
#3340=VERTEX_POINT('',#10555);
#3341=VERTEX_POINT('',#10557);
#3342=VERTEX_POINT('',#10562);
#3343=VERTEX_POINT('',#10564);
#3344=VERTEX_POINT('',#10566);
#3345=VERTEX_POINT('',#10571);
#3346=VERTEX_POINT('',#10576);
#3347=VERTEX_POINT('',#10578);
#3348=VERTEX_POINT('',#10583);
#3349=VERTEX_POINT('',#10588);
#3350=VERTEX_POINT('',#10593);
#3351=VERTEX_POINT('',#10595);
#3352=VERTEX_POINT('',#10600);
#3353=VERTEX_POINT('',#10606);
#3354=VERTEX_POINT('',#10607);
#3355=VERTEX_POINT('',#10609);
#3356=VERTEX_POINT('',#10611);
#3357=VERTEX_POINT('',#10613);
#3358=VERTEX_POINT('',#10615);
#3359=VERTEX_POINT('',#10617);
#3360=VERTEX_POINT('',#10619);
#3361=VERTEX_POINT('',#10621);
#3362=VERTEX_POINT('',#10623);
#3363=VERTEX_POINT('',#10626);
#3364=VERTEX_POINT('',#10627);
#3365=VERTEX_POINT('',#10629);
#3366=VERTEX_POINT('',#10631);
#3367=VERTEX_POINT('',#10634);
#3368=VERTEX_POINT('',#10635);
#3369=VERTEX_POINT('',#10640);
#3370=VERTEX_POINT('',#10645);
#3371=VERTEX_POINT('',#10654);
#3372=VERTEX_POINT('',#10655);
#3373=VERTEX_POINT('',#10657);
#3374=VERTEX_POINT('',#10659);
#3375=VERTEX_POINT('',#10662);
#3376=VERTEX_POINT('',#10663);
#3377=VERTEX_POINT('',#10665);
#3378=VERTEX_POINT('',#10667);
#3379=VERTEX_POINT('',#10669);
#3380=VERTEX_POINT('',#10671);
#3381=VERTEX_POINT('',#10673);
#3382=VERTEX_POINT('',#10675);
#3383=VERTEX_POINT('',#10677);
#3384=VERTEX_POINT('',#10679);
#3385=VERTEX_POINT('',#10681);
#3386=VERTEX_POINT('',#10685);
#3387=VERTEX_POINT('',#10686);
#3388=VERTEX_POINT('',#10688);
#3389=VERTEX_POINT('',#10690);
#3390=VERTEX_POINT('',#10694);
#3391=VERTEX_POINT('',#10696);
#3392=VERTEX_POINT('',#10703);
#3393=VERTEX_POINT('',#10705);
#3394=VERTEX_POINT('',#10709);
#3395=VERTEX_POINT('',#10713);
#3396=VERTEX_POINT('',#10717);
#3397=VERTEX_POINT('',#10721);
#3398=VERTEX_POINT('',#10725);
#3399=VERTEX_POINT('',#10729);
#3400=VERTEX_POINT('',#10733);
#3401=VERTEX_POINT('',#10737);
#3402=VERTEX_POINT('',#10741);
#3403=VERTEX_POINT('',#10748);
#3404=VERTEX_POINT('',#10750);
#3405=VERTEX_POINT('',#10754);
#3406=VERTEX_POINT('',#10758);
#3407=VERTEX_POINT('',#10772);
#3408=VERTEX_POINT('',#10773);
#3409=VERTEX_POINT('',#10778);
#3410=VERTEX_POINT('',#10780);
#3411=VERTEX_POINT('',#10794);
#3412=VERTEX_POINT('',#10799);
#3413=VERTEX_POINT('',#10813);
#3414=VERTEX_POINT('',#10818);
#3415=VERTEX_POINT('',#10832);
#3416=VERTEX_POINT('',#10837);
#3417=VERTEX_POINT('',#10851);
#3418=VERTEX_POINT('',#10856);
#3419=VERTEX_POINT('',#10870);
#3420=VERTEX_POINT('',#10875);
#3421=VERTEX_POINT('',#10889);
#3422=VERTEX_POINT('',#10894);
#3423=VERTEX_POINT('',#10924);
#3424=VERTEX_POINT('',#10926);
#3425=VERTEX_POINT('',#10940);
#3426=VERTEX_POINT('',#10954);
#3427=VERTEX_POINT('',#10974);
#3428=VERTEX_POINT('',#10976);
#3429=VERTEX_POINT('',#10980);
#3430=VERTEX_POINT('',#10984);
#3431=VERTEX_POINT('',#10991);
#3432=VERTEX_POINT('',#10993);
#3433=VERTEX_POINT('',#10997);
#3434=VERTEX_POINT('',#11001);
#3435=VERTEX_POINT('',#11005);
#3436=VERTEX_POINT('',#11009);
#3437=VERTEX_POINT('',#11013);
#3438=VERTEX_POINT('',#11017);
#3439=VERTEX_POINT('',#11021);
#3440=VERTEX_POINT('',#11025);
#3441=VERTEX_POINT('',#11039);
#3442=VERTEX_POINT('',#11040);
#3443=VERTEX_POINT('',#11042);
#3444=VERTEX_POINT('',#11044);
#3445=VERTEX_POINT('',#11055);
#3446=VERTEX_POINT('',#11060);
#3447=VERTEX_POINT('',#11074);
#3448=VERTEX_POINT('',#11076);
#3449=VERTEX_POINT('',#11087);
#3450=VERTEX_POINT('',#11092);
#3451=VERTEX_POINT('',#11106);
#3452=VERTEX_POINT('',#11111);
#3453=VERTEX_POINT('',#11134);
#3454=VERTEX_POINT('',#11136);
#3455=VERTEX_POINT('',#11140);
#3456=VERTEX_POINT('',#11151);
#3457=VERTEX_POINT('',#11165);
#3458=VERTEX_POINT('',#11179);
#3459=VERTEX_POINT('',#11190);
#3460=VERTEX_POINT('',#11204);
#3461=VERTEX_POINT('',#11218);
#3462=VERTEX_POINT('',#11232);
#3463=VERTEX_POINT('',#11243);
#3464=VERTEX_POINT('',#11257);
#3465=VERTEX_POINT('',#11271);
#3466=VERTEX_POINT('',#11275);
#3467=VERTEX_POINT('',#11286);
#3468=VERTEX_POINT('',#11310);
#3469=VERTEX_POINT('',#11311);
#3470=VERTEX_POINT('',#11316);
#3471=VERTEX_POINT('',#11318);
#3472=VERTEX_POINT('',#11332);
#3473=VERTEX_POINT('',#11337);
#3474=VERTEX_POINT('',#11351);
#3475=VERTEX_POINT('',#11356);
#3476=VERTEX_POINT('',#11370);
#3477=VERTEX_POINT('',#11375);
#3478=VERTEX_POINT('',#11389);
#3479=VERTEX_POINT('',#11394);
#3480=VERTEX_POINT('',#11408);
#3481=VERTEX_POINT('',#11413);
#3482=VERTEX_POINT('',#11427);
#3483=VERTEX_POINT('',#11432);
#3484=VERTEX_POINT('',#11462);
#3485=VERTEX_POINT('',#11464);
#3486=VERTEX_POINT('',#11478);
#3487=VERTEX_POINT('',#11492);
#3488=VERTEX_POINT('',#11512);
#3489=VERTEX_POINT('',#11514);
#3490=VERTEX_POINT('',#11518);
#3491=VERTEX_POINT('',#11522);
#3492=VERTEX_POINT('',#11536);
#3493=VERTEX_POINT('',#11537);
#3494=VERTEX_POINT('',#11542);
#3495=VERTEX_POINT('',#11544);
#3496=VERTEX_POINT('',#11551);
#3497=VERTEX_POINT('',#11553);
#3498=VERTEX_POINT('',#11557);
#3499=VERTEX_POINT('',#11559);
#3500=VERTEX_POINT('',#11563);
#3501=VERTEX_POINT('',#11565);
#3502=VERTEX_POINT('',#11576);
#3503=VERTEX_POINT('',#11581);
#3504=VERTEX_POINT('',#11595);
#3505=VERTEX_POINT('',#11600);
#3506=VERTEX_POINT('',#11624);
#3507=VERTEX_POINT('',#11626);
#3508=VERTEX_POINT('',#11640);
#3509=VERTEX_POINT('',#11647);
#3510=VERTEX_POINT('',#11651);
#3511=VERTEX_POINT('',#11655);
#3512=VERTEX_POINT('',#11666);
#3513=VERTEX_POINT('',#11686);
#3514=VERTEX_POINT('',#11697);
#3515=VERTEX_POINT('',#11699);
#3516=VERTEX_POINT('',#11713);
#3517=VERTEX_POINT('',#11720);
#3518=VERTEX_POINT('',#11724);
#3519=VERTEX_POINT('',#11728);
#3520=VERTEX_POINT('',#11739);
#3521=VERTEX_POINT('',#11753);
#3522=VERTEX_POINT('',#11767);
#3523=VERTEX_POINT('',#11781);
#3524=VERTEX_POINT('',#11788);
#3525=VERTEX_POINT('',#11792);
#3526=VERTEX_POINT('',#11796);
#3527=VERTEX_POINT('',#11807);
#3528=VERTEX_POINT('',#11827);
#3529=VERTEX_POINT('',#11829);
#3530=VERTEX_POINT('',#11833);
#3531=VERTEX_POINT('',#11844);
#3532=VERTEX_POINT('',#11858);
#3533=VERTEX_POINT('',#11872);
#3534=VERTEX_POINT('',#11886);
#3535=VERTEX_POINT('',#11900);
#3536=VERTEX_POINT('',#11907);
#3537=VERTEX_POINT('',#11911);
#3538=VERTEX_POINT('',#11922);
#3539=VERTEX_POINT('',#11936);
#3540=VERTEX_POINT('',#11950);
#3541=VERTEX_POINT('',#11961);
#3542=VERTEX_POINT('',#11975);
#3543=VERTEX_POINT('',#11989);
#3544=VERTEX_POINT('',#11996);
#3545=VERTEX_POINT('',#12003);
#3546=VERTEX_POINT('',#12005);
#3547=VERTEX_POINT('',#12009);
#3548=VERTEX_POINT('',#12013);
#3549=VERTEX_POINT('',#12017);
#3550=VERTEX_POINT('',#12021);
#3551=VERTEX_POINT('',#12025);
#3552=VERTEX_POINT('',#12029);
#3553=VERTEX_POINT('',#12033);
#3554=VERTEX_POINT('',#12037);
#3555=VERTEX_POINT('',#12044);
#3556=VERTEX_POINT('',#12046);
#3557=VERTEX_POINT('',#12050);
#3558=VERTEX_POINT('',#12061);
#3559=VERTEX_POINT('',#12075);
#3560=VERTEX_POINT('',#12089);
#3561=VERTEX_POINT('',#12103);
#3562=VERTEX_POINT('',#12117);
#3563=VERTEX_POINT('',#12124);
#3564=VERTEX_POINT('',#12128);
#3565=VERTEX_POINT('',#12139);
#3566=VERTEX_POINT('',#12153);
#3567=VERTEX_POINT('',#12167);
#3568=VERTEX_POINT('',#12178);
#3569=VERTEX_POINT('',#12192);
#3570=VERTEX_POINT('',#12206);
#3571=VERTEX_POINT('',#12213);
#3572=VERTEX_POINT('',#12227);
#3573=VERTEX_POINT('',#12228);
#3574=VERTEX_POINT('',#12233);
#3575=VERTEX_POINT('',#12235);
#3576=VERTEX_POINT('',#12249);
#3577=VERTEX_POINT('',#12254);
#3578=VERTEX_POINT('',#12268);
#3579=VERTEX_POINT('',#12273);
#3580=VERTEX_POINT('',#12287);
#3581=VERTEX_POINT('',#12292);
#3582=VERTEX_POINT('',#12306);
#3583=VERTEX_POINT('',#12311);
#3584=VERTEX_POINT('',#12325);
#3585=VERTEX_POINT('',#12330);
#3586=VERTEX_POINT('',#12344);
#3587=VERTEX_POINT('',#12349);
#3588=VERTEX_POINT('',#12379);
#3589=VERTEX_POINT('',#12381);
#3590=VERTEX_POINT('',#12395);
#3591=VERTEX_POINT('',#12409);
#3592=VERTEX_POINT('',#12429);
#3593=VERTEX_POINT('',#12431);
#3594=VERTEX_POINT('',#12435);
#3595=VERTEX_POINT('',#12439);
#3596=VERTEX_POINT('',#12455);
#3597=VERTEX_POINT('',#12456);
#3598=VERTEX_POINT('',#12458);
#3599=VERTEX_POINT('',#12460);
#3600=VERTEX_POINT('',#12464);
#3601=VERTEX_POINT('',#12466);
#3602=VERTEX_POINT('',#12468);
#3603=VERTEX_POINT('',#12472);
#3604=VERTEX_POINT('',#12476);
#3605=VERTEX_POINT('',#12480);
#3606=VERTEX_POINT('',#12487);
#3607=VERTEX_POINT('',#12488);
#3608=VERTEX_POINT('',#12490);
#3609=VERTEX_POINT('',#12492);
#3610=VERTEX_POINT('',#12496);
#3611=VERTEX_POINT('',#12498);
#3612=VERTEX_POINT('',#12502);
#3613=VERTEX_POINT('',#12504);
#3614=VERTEX_POINT('',#12513);
#3615=VERTEX_POINT('',#12514);
#3616=VERTEX_POINT('',#12516);
#3617=VERTEX_POINT('',#12518);
#3618=VERTEX_POINT('',#12522);
#3619=VERTEX_POINT('',#12524);
#3620=VERTEX_POINT('',#12528);
#3621=VERTEX_POINT('',#12530);
#3622=VERTEX_POINT('',#12539);
#3623=VERTEX_POINT('',#12540);
#3624=VERTEX_POINT('',#12542);
#3625=VERTEX_POINT('',#12544);
#3626=VERTEX_POINT('',#12548);
#3627=VERTEX_POINT('',#12550);
#3628=VERTEX_POINT('',#12554);
#3629=VERTEX_POINT('',#12556);
#3630=VERTEX_POINT('',#12565);
#3631=VERTEX_POINT('',#12566);
#3632=VERTEX_POINT('',#12568);
#3633=VERTEX_POINT('',#12570);
#3634=VERTEX_POINT('',#12574);
#3635=VERTEX_POINT('',#12576);
#3636=VERTEX_POINT('',#12580);
#3637=VERTEX_POINT('',#12582);
#3638=VERTEX_POINT('',#12591);
#3639=VERTEX_POINT('',#12592);
#3640=VERTEX_POINT('',#12594);
#3641=VERTEX_POINT('',#12596);
#3642=VERTEX_POINT('',#12600);
#3643=VERTEX_POINT('',#12602);
#3644=VERTEX_POINT('',#12606);
#3645=VERTEX_POINT('',#12608);
#3646=VERTEX_POINT('',#12617);
#3647=VERTEX_POINT('',#12618);
#3648=VERTEX_POINT('',#12620);
#3649=VERTEX_POINT('',#12622);
#3650=VERTEX_POINT('',#12626);
#3651=VERTEX_POINT('',#12628);
#3652=VERTEX_POINT('',#12632);
#3653=VERTEX_POINT('',#12634);
#3654=VERTEX_POINT('',#12643);
#3655=VERTEX_POINT('',#12644);
#3656=VERTEX_POINT('',#12646);
#3657=VERTEX_POINT('',#12648);
#3658=VERTEX_POINT('',#12652);
#3659=VERTEX_POINT('',#12654);
#3660=VERTEX_POINT('',#12658);
#3661=VERTEX_POINT('',#12660);
#3662=VERTEX_POINT('',#12669);
#3663=VERTEX_POINT('',#12670);
#3664=VERTEX_POINT('',#12672);
#3665=VERTEX_POINT('',#12674);
#3666=VERTEX_POINT('',#12678);
#3667=VERTEX_POINT('',#12680);
#3668=VERTEX_POINT('',#12684);
#3669=VERTEX_POINT('',#12686);
#3670=VERTEX_POINT('',#12695);
#3671=VERTEX_POINT('',#12696);
#3672=VERTEX_POINT('',#12698);
#3673=VERTEX_POINT('',#12700);
#3674=VERTEX_POINT('',#12704);
#3675=VERTEX_POINT('',#12706);
#3676=VERTEX_POINT('',#12710);
#3677=VERTEX_POINT('',#12712);
#3678=VERTEX_POINT('',#12721);
#3679=VERTEX_POINT('',#12722);
#3680=VERTEX_POINT('',#12724);
#3681=VERTEX_POINT('',#12726);
#3682=VERTEX_POINT('',#12730);
#3683=VERTEX_POINT('',#12732);
#3684=VERTEX_POINT('',#12736);
#3685=VERTEX_POINT('',#12738);
#3686=VERTEX_POINT('',#12747);
#3687=VERTEX_POINT('',#12748);
#3688=VERTEX_POINT('',#12750);
#3689=VERTEX_POINT('',#12752);
#3690=VERTEX_POINT('',#12756);
#3691=VERTEX_POINT('',#12758);
#3692=VERTEX_POINT('',#12762);
#3693=VERTEX_POINT('',#12764);
#3694=VERTEX_POINT('',#12773);
#3695=VERTEX_POINT('',#12774);
#3696=VERTEX_POINT('',#12776);
#3697=VERTEX_POINT('',#12778);
#3698=VERTEX_POINT('',#12782);
#3699=VERTEX_POINT('',#12784);
#3700=VERTEX_POINT('',#12788);
#3701=VERTEX_POINT('',#12790);
#3702=VERTEX_POINT('',#12799);
#3703=VERTEX_POINT('',#12800);
#3704=VERTEX_POINT('',#12802);
#3705=VERTEX_POINT('',#12804);
#3706=VERTEX_POINT('',#12808);
#3707=VERTEX_POINT('',#12810);
#3708=VERTEX_POINT('',#12814);
#3709=VERTEX_POINT('',#12816);
#3710=VERTEX_POINT('',#12825);
#3711=VERTEX_POINT('',#12826);
#3712=VERTEX_POINT('',#12828);
#3713=VERTEX_POINT('',#12830);
#3714=VERTEX_POINT('',#12834);
#3715=VERTEX_POINT('',#12836);
#3716=VERTEX_POINT('',#12840);
#3717=VERTEX_POINT('',#12842);
#3718=VERTEX_POINT('',#12851);
#3719=VERTEX_POINT('',#12852);
#3720=VERTEX_POINT('',#12854);
#3721=VERTEX_POINT('',#12856);
#3722=VERTEX_POINT('',#12860);
#3723=VERTEX_POINT('',#12862);
#3724=VERTEX_POINT('',#12866);
#3725=VERTEX_POINT('',#12868);
#3726=VERTEX_POINT('',#12877);
#3727=VERTEX_POINT('',#12878);
#3728=VERTEX_POINT('',#12880);
#3729=VERTEX_POINT('',#12882);
#3730=VERTEX_POINT('',#12886);
#3731=VERTEX_POINT('',#12888);
#3732=VERTEX_POINT('',#12892);
#3733=VERTEX_POINT('',#12894);
#3734=VERTEX_POINT('',#12903);
#3735=VERTEX_POINT('',#12904);
#3736=VERTEX_POINT('',#12906);
#3737=VERTEX_POINT('',#12908);
#3738=VERTEX_POINT('',#12912);
#3739=VERTEX_POINT('',#12914);
#3740=VERTEX_POINT('',#12918);
#3741=VERTEX_POINT('',#12920);
#3742=VERTEX_POINT('',#12929);
#3743=VERTEX_POINT('',#12930);
#3744=VERTEX_POINT('',#12932);
#3745=VERTEX_POINT('',#12934);
#3746=VERTEX_POINT('',#12938);
#3747=VERTEX_POINT('',#12940);
#3748=VERTEX_POINT('',#12944);
#3749=VERTEX_POINT('',#12946);
#3750=VERTEX_POINT('',#12955);
#3751=VERTEX_POINT('',#12956);
#3752=VERTEX_POINT('',#12958);
#3753=VERTEX_POINT('',#12960);
#3754=VERTEX_POINT('',#12964);
#3755=VERTEX_POINT('',#12966);
#3756=VERTEX_POINT('',#12970);
#3757=VERTEX_POINT('',#12972);
#3758=VERTEX_POINT('',#12981);
#3759=VERTEX_POINT('',#12982);
#3760=VERTEX_POINT('',#12984);
#3761=VERTEX_POINT('',#12986);
#3762=VERTEX_POINT('',#12990);
#3763=VERTEX_POINT('',#12992);
#3764=VERTEX_POINT('',#12996);
#3765=VERTEX_POINT('',#12998);
#3766=EDGE_CURVE('',#3076,#3077,#1560,.T.);
#3767=EDGE_CURVE('',#3076,#3078,#1561,.T.);
#3768=EDGE_CURVE('',#3078,#3079,#1562,.T.);
#3769=EDGE_CURVE('',#3077,#3079,#1563,.T.);
#3770=EDGE_CURVE('',#3080,#3076,#556,.T.);
#3771=EDGE_CURVE('',#3080,#3081,#1564,.T.);
#3772=EDGE_CURVE('',#3081,#3078,#557,.T.);
#3773=EDGE_CURVE('',#3082,#3080,#1565,.T.);
#3774=EDGE_CURVE('',#3083,#3082,#1566,.T.);
#3775=EDGE_CURVE('',#3083,#3081,#1567,.T.);
#3776=EDGE_CURVE('',#3079,#3083,#1568,.T.);
#3777=EDGE_CURVE('',#3084,#3085,#1569,.T.);
#3778=EDGE_CURVE('',#3084,#3086,#1570,.T.);
#3779=EDGE_CURVE('',#3086,#3087,#1571,.T.);
#3780=EDGE_CURVE('',#3085,#3087,#1572,.T.);
#3781=EDGE_CURVE('',#3088,#3084,#558,.T.);
#3782=EDGE_CURVE('',#3088,#3089,#1573,.T.);
#3783=EDGE_CURVE('',#3089,#3086,#559,.T.);
#3784=EDGE_CURVE('',#3090,#3088,#1574,.T.);
#3785=EDGE_CURVE('',#3091,#3090,#1575,.T.);
#3786=EDGE_CURVE('',#3091,#3089,#1576,.T.);
#3787=EDGE_CURVE('',#3087,#3091,#1577,.T.);
#3788=EDGE_CURVE('',#3092,#3093,#1578,.T.);
#3789=EDGE_CURVE('',#3092,#3094,#1579,.T.);
#3790=EDGE_CURVE('',#3094,#3095,#1580,.T.);
#3791=EDGE_CURVE('',#3093,#3095,#1581,.T.);
#3792=EDGE_CURVE('',#3096,#3092,#560,.T.);
#3793=EDGE_CURVE('',#3096,#3097,#1582,.T.);
#3794=EDGE_CURVE('',#3097,#3094,#561,.T.);
#3795=EDGE_CURVE('',#3098,#3096,#1583,.T.);
#3796=EDGE_CURVE('',#3099,#3098,#1584,.T.);
#3797=EDGE_CURVE('',#3099,#3097,#1585,.T.);
#3798=EDGE_CURVE('',#3095,#3099,#1586,.T.);
#3799=EDGE_CURVE('',#3100,#3101,#1587,.T.);
#3800=EDGE_CURVE('',#3100,#3102,#1588,.T.);
#3801=EDGE_CURVE('',#3102,#3103,#1589,.T.);
#3802=EDGE_CURVE('',#3101,#3103,#1590,.T.);
#3803=EDGE_CURVE('',#3104,#3100,#562,.T.);
#3804=EDGE_CURVE('',#3104,#3105,#1591,.T.);
#3805=EDGE_CURVE('',#3105,#3102,#563,.T.);
#3806=EDGE_CURVE('',#3106,#3104,#1592,.T.);
#3807=EDGE_CURVE('',#3107,#3106,#1593,.T.);
#3808=EDGE_CURVE('',#3107,#3105,#1594,.T.);
#3809=EDGE_CURVE('',#3103,#3107,#1595,.T.);
#3810=EDGE_CURVE('',#3090,#3077,#1596,.T.);
#3811=EDGE_CURVE('',#3098,#3085,#1597,.T.);
#3812=EDGE_CURVE('',#3106,#3093,#1598,.T.);
#3813=EDGE_CURVE('',#3108,#3101,#1599,.T.);
#3814=EDGE_CURVE('',#3108,#3109,#1600,.T.);
#3815=EDGE_CURVE('',#3109,#3110,#564,.T.);
#3816=EDGE_CURVE('',#3110,#3111,#1601,.T.);
#3817=EDGE_CURVE('',#3112,#3111,#1602,.T.);
#3818=EDGE_CURVE('',#3113,#3112,#565,.T.);
#3819=EDGE_CURVE('',#3114,#3113,#1603,.T.);
#3820=EDGE_CURVE('',#3114,#3115,#1604,.T.);
#3821=EDGE_CURVE('',#3115,#3116,#566,.T.);
#3822=EDGE_CURVE('',#3116,#3117,#1605,.T.);
#3823=EDGE_CURVE('',#3118,#3117,#1606,.T.);
#3824=EDGE_CURVE('',#3118,#3119,#1607,.T.);
#3825=EDGE_CURVE('',#3119,#3120,#567,.T.);
#3826=EDGE_CURVE('',#3120,#3121,#1608,.T.);
#3827=EDGE_CURVE('',#3122,#3121,#1609,.T.);
#3828=EDGE_CURVE('',#3122,#3123,#1610,.T.);
#3829=EDGE_CURVE('',#3123,#3124,#568,.T.);
#3830=EDGE_CURVE('',#3124,#3125,#1611,.T.);
#3831=EDGE_CURVE('',#3126,#3125,#1612,.T.);
#3832=EDGE_CURVE('',#3126,#3127,#1613,.T.);
#3833=EDGE_CURVE('',#3127,#3128,#569,.T.);
#3834=EDGE_CURVE('',#3128,#3129,#1614,.T.);
#3835=EDGE_CURVE('',#3130,#3129,#1615,.T.);
#3836=EDGE_CURVE('',#3130,#3131,#1616,.T.);
#3837=EDGE_CURVE('',#3131,#3132,#570,.T.);
#3838=EDGE_CURVE('',#3132,#3133,#1617,.T.);
#3839=EDGE_CURVE('',#3134,#3133,#1618,.T.);
#3840=EDGE_CURVE('',#3135,#3134,#571,.T.);
#3841=EDGE_CURVE('',#3136,#3135,#1619,.T.);
#3842=EDGE_CURVE('',#3136,#3137,#1620,.T.);
#3843=EDGE_CURVE('',#3137,#3138,#572,.T.);
#3844=EDGE_CURVE('',#3138,#3139,#1621,.T.);
#3845=EDGE_CURVE('',#3140,#3139,#1622,.T.);
#3846=EDGE_CURVE('',#3140,#3141,#1623,.T.);
#3847=EDGE_CURVE('',#3141,#3142,#573,.T.);
#3848=EDGE_CURVE('',#3142,#3143,#1624,.T.);
#3849=EDGE_CURVE('',#3144,#3143,#1625,.T.);
#3850=EDGE_CURVE('',#3144,#3145,#1626,.T.);
#3851=EDGE_CURVE('',#3145,#3146,#574,.T.);
#3852=EDGE_CURVE('',#3146,#3147,#1627,.T.);
#3853=EDGE_CURVE('',#3148,#3147,#1628,.T.);
#3854=EDGE_CURVE('',#3148,#3149,#1629,.T.);
#3855=EDGE_CURVE('',#3149,#3150,#575,.T.);
#3856=EDGE_CURVE('',#3150,#3151,#1630,.T.);
#3857=EDGE_CURVE('',#3152,#3151,#1631,.T.);
#3858=EDGE_CURVE('',#3152,#3153,#1632,.T.);
#3859=EDGE_CURVE('',#3153,#3154,#576,.T.);
#3860=EDGE_CURVE('',#3154,#3155,#1633,.T.);
#3861=EDGE_CURVE('',#3156,#3155,#1634,.T.);
#3862=EDGE_CURVE('',#3157,#3156,#577,.T.);
#3863=EDGE_CURVE('',#3158,#3157,#1635,.T.);
#3864=EDGE_CURVE('',#3158,#3159,#1636,.T.);
#3865=EDGE_CURVE('',#3159,#3160,#578,.T.);
#3866=EDGE_CURVE('',#3160,#3161,#1637,.T.);
#3867=EDGE_CURVE('',#3162,#3161,#1638,.T.);
#3868=EDGE_CURVE('',#3162,#3163,#1639,.T.);
#3869=EDGE_CURVE('',#3163,#3164,#579,.T.);
#3870=EDGE_CURVE('',#3164,#3165,#1640,.T.);
#3871=EDGE_CURVE('',#3166,#3165,#1641,.T.);
#3872=EDGE_CURVE('',#3166,#3167,#1642,.T.);
#3873=EDGE_CURVE('',#3167,#3168,#580,.T.);
#3874=EDGE_CURVE('',#3168,#3169,#1643,.T.);
#3875=EDGE_CURVE('',#3170,#3169,#1644,.T.);
#3876=EDGE_CURVE('',#3170,#3171,#1645,.T.);
#3877=EDGE_CURVE('',#3171,#3172,#581,.T.);
#3878=EDGE_CURVE('',#3172,#3173,#1646,.T.);
#3879=EDGE_CURVE('',#3174,#3173,#1647,.T.);
#3880=EDGE_CURVE('',#3174,#3175,#1648,.T.);
#3881=EDGE_CURVE('',#3175,#3176,#582,.T.);
#3882=EDGE_CURVE('',#3176,#3177,#1649,.T.);
#3883=EDGE_CURVE('',#3178,#3177,#1650,.T.);
#3884=EDGE_CURVE('',#3179,#3178,#583,.T.);
#3885=EDGE_CURVE('',#3082,#3179,#1651,.T.);
#3886=EDGE_CURVE('',#3116,#3180,#1652,.T.);
#3887=EDGE_CURVE('',#3180,#3181,#1653,.T.);
#3888=EDGE_CURVE('',#3117,#3181,#1654,.T.);
#3889=EDGE_CURVE('',#3115,#3182,#1655,.T.);
#3890=EDGE_CURVE('',#3182,#3180,#584,.T.);
#3891=EDGE_CURVE('',#3183,#3114,#1656,.T.);
#3892=EDGE_CURVE('',#3183,#3182,#1657,.T.);
#3893=EDGE_CURVE('',#3181,#3183,#1658,.T.);
#3894=EDGE_CURVE('',#3120,#3184,#1659,.T.);
#3895=EDGE_CURVE('',#3184,#3185,#1660,.T.);
#3896=EDGE_CURVE('',#3121,#3185,#1661,.T.);
#3897=EDGE_CURVE('',#3119,#3186,#1662,.T.);
#3898=EDGE_CURVE('',#3186,#3184,#585,.T.);
#3899=EDGE_CURVE('',#3187,#3118,#1663,.T.);
#3900=EDGE_CURVE('',#3187,#3186,#1664,.T.);
#3901=EDGE_CURVE('',#3185,#3187,#1665,.T.);
#3902=EDGE_CURVE('',#3124,#3188,#1666,.T.);
#3903=EDGE_CURVE('',#3188,#3189,#1667,.T.);
#3904=EDGE_CURVE('',#3125,#3189,#1668,.T.);
#3905=EDGE_CURVE('',#3123,#3190,#1669,.T.);
#3906=EDGE_CURVE('',#3190,#3188,#586,.T.);
#3907=EDGE_CURVE('',#3191,#3122,#1670,.T.);
#3908=EDGE_CURVE('',#3191,#3190,#1671,.T.);
#3909=EDGE_CURVE('',#3189,#3191,#1672,.T.);
#3910=EDGE_CURVE('',#3128,#3192,#1673,.T.);
#3911=EDGE_CURVE('',#3192,#3193,#1674,.T.);
#3912=EDGE_CURVE('',#3129,#3193,#1675,.T.);
#3913=EDGE_CURVE('',#3127,#3194,#1676,.T.);
#3914=EDGE_CURVE('',#3194,#3192,#587,.T.);
#3915=EDGE_CURVE('',#3195,#3126,#1677,.T.);
#3916=EDGE_CURVE('',#3195,#3194,#1678,.T.);
#3917=EDGE_CURVE('',#3193,#3195,#1679,.T.);
#3918=EDGE_CURVE('',#3138,#3196,#1680,.T.);
#3919=EDGE_CURVE('',#3196,#3197,#1681,.T.);
#3920=EDGE_CURVE('',#3139,#3197,#1682,.T.);
#3921=EDGE_CURVE('',#3137,#3198,#1683,.T.);
#3922=EDGE_CURVE('',#3198,#3196,#588,.T.);
#3923=EDGE_CURVE('',#3199,#3136,#1684,.T.);
#3924=EDGE_CURVE('',#3199,#3198,#1685,.T.);
#3925=EDGE_CURVE('',#3197,#3199,#1686,.T.);
#3926=EDGE_CURVE('',#3142,#3200,#1687,.T.);
#3927=EDGE_CURVE('',#3200,#3201,#1688,.T.);
#3928=EDGE_CURVE('',#3143,#3201,#1689,.T.);
#3929=EDGE_CURVE('',#3141,#3202,#1690,.T.);
#3930=EDGE_CURVE('',#3202,#3200,#589,.T.);
#3931=EDGE_CURVE('',#3203,#3140,#1691,.T.);
#3932=EDGE_CURVE('',#3203,#3202,#1692,.T.);
#3933=EDGE_CURVE('',#3201,#3203,#1693,.T.);
#3934=EDGE_CURVE('',#3146,#3204,#1694,.T.);
#3935=EDGE_CURVE('',#3204,#3205,#1695,.T.);
#3936=EDGE_CURVE('',#3147,#3205,#1696,.T.);
#3937=EDGE_CURVE('',#3145,#3206,#1697,.T.);
#3938=EDGE_CURVE('',#3206,#3204,#590,.T.);
#3939=EDGE_CURVE('',#3207,#3144,#1698,.T.);
#3940=EDGE_CURVE('',#3207,#3206,#1699,.T.);
#3941=EDGE_CURVE('',#3205,#3207,#1700,.T.);
#3942=EDGE_CURVE('',#3150,#3208,#1701,.T.);
#3943=EDGE_CURVE('',#3208,#3209,#1702,.T.);
#3944=EDGE_CURVE('',#3151,#3209,#1703,.T.);
#3945=EDGE_CURVE('',#3149,#3210,#1704,.T.);
#3946=EDGE_CURVE('',#3210,#3208,#591,.T.);
#3947=EDGE_CURVE('',#3211,#3148,#1705,.T.);
#3948=EDGE_CURVE('',#3211,#3210,#1706,.T.);
#3949=EDGE_CURVE('',#3209,#3211,#1707,.T.);
#3950=EDGE_CURVE('',#3110,#3212,#1708,.T.);
#3951=EDGE_CURVE('',#3212,#3213,#1709,.T.);
#3952=EDGE_CURVE('',#3111,#3213,#1710,.T.);
#3953=EDGE_CURVE('',#3109,#3214,#1711,.T.);
#3954=EDGE_CURVE('',#3214,#3212,#592,.T.);
#3955=EDGE_CURVE('',#3215,#3108,#1712,.T.);
#3956=EDGE_CURVE('',#3215,#3214,#1713,.T.);
#3957=EDGE_CURVE('',#3213,#3215,#1714,.T.);
#3958=EDGE_CURVE('',#3132,#3216,#1715,.T.);
#3959=EDGE_CURVE('',#3216,#3217,#1716,.T.);
#3960=EDGE_CURVE('',#3133,#3217,#1717,.T.);
#3961=EDGE_CURVE('',#3131,#3218,#1718,.T.);
#3962=EDGE_CURVE('',#3218,#3216,#593,.T.);
#3963=EDGE_CURVE('',#3219,#3130,#1719,.T.);
#3964=EDGE_CURVE('',#3219,#3218,#1720,.T.);
#3965=EDGE_CURVE('',#3217,#3219,#1721,.T.);
#3966=EDGE_CURVE('',#3154,#3220,#1722,.T.);
#3967=EDGE_CURVE('',#3220,#3221,#1723,.T.);
#3968=EDGE_CURVE('',#3155,#3221,#1724,.T.);
#3969=EDGE_CURVE('',#3153,#3222,#1725,.T.);
#3970=EDGE_CURVE('',#3222,#3220,#594,.T.);
#3971=EDGE_CURVE('',#3223,#3152,#1726,.T.);
#3972=EDGE_CURVE('',#3223,#3222,#1727,.T.);
#3973=EDGE_CURVE('',#3221,#3223,#1728,.T.);
#3974=EDGE_CURVE('',#3160,#3224,#1729,.T.);
#3975=EDGE_CURVE('',#3224,#3225,#1730,.T.);
#3976=EDGE_CURVE('',#3161,#3225,#1731,.T.);
#3977=EDGE_CURVE('',#3159,#3226,#1732,.T.);
#3978=EDGE_CURVE('',#3226,#3224,#595,.T.);
#3979=EDGE_CURVE('',#3227,#3158,#1733,.T.);
#3980=EDGE_CURVE('',#3227,#3226,#1734,.T.);
#3981=EDGE_CURVE('',#3225,#3227,#1735,.T.);
#3982=EDGE_CURVE('',#3164,#3228,#1736,.T.);
#3983=EDGE_CURVE('',#3228,#3229,#1737,.T.);
#3984=EDGE_CURVE('',#3165,#3229,#1738,.T.);
#3985=EDGE_CURVE('',#3163,#3230,#1739,.T.);
#3986=EDGE_CURVE('',#3230,#3228,#596,.T.);
#3987=EDGE_CURVE('',#3231,#3162,#1740,.T.);
#3988=EDGE_CURVE('',#3231,#3230,#1741,.T.);
#3989=EDGE_CURVE('',#3229,#3231,#1742,.T.);
#3990=EDGE_CURVE('',#3168,#3232,#1743,.T.);
#3991=EDGE_CURVE('',#3232,#3233,#1744,.T.);
#3992=EDGE_CURVE('',#3169,#3233,#1745,.T.);
#3993=EDGE_CURVE('',#3167,#3234,#1746,.T.);
#3994=EDGE_CURVE('',#3234,#3232,#597,.T.);
#3995=EDGE_CURVE('',#3235,#3166,#1747,.T.);
#3996=EDGE_CURVE('',#3235,#3234,#1748,.T.);
#3997=EDGE_CURVE('',#3233,#3235,#1749,.T.);
#3998=EDGE_CURVE('',#3172,#3236,#1750,.T.);
#3999=EDGE_CURVE('',#3236,#3237,#1751,.T.);
#4000=EDGE_CURVE('',#3173,#3237,#1752,.T.);
#4001=EDGE_CURVE('',#3171,#3238,#1753,.T.);
#4002=EDGE_CURVE('',#3238,#3236,#598,.T.);
#4003=EDGE_CURVE('',#3239,#3170,#1754,.T.);
#4004=EDGE_CURVE('',#3239,#3238,#1755,.T.);
#4005=EDGE_CURVE('',#3237,#3239,#1756,.T.);
#4006=EDGE_CURVE('',#3176,#3240,#1757,.T.);
#4007=EDGE_CURVE('',#3240,#3241,#1758,.T.);
#4008=EDGE_CURVE('',#3177,#3241,#1759,.T.);
#4009=EDGE_CURVE('',#3175,#3242,#1760,.T.);
#4010=EDGE_CURVE('',#3242,#3240,#599,.T.);
#4011=EDGE_CURVE('',#3243,#3174,#1761,.T.);
#4012=EDGE_CURVE('',#3243,#3242,#1762,.T.);
#4013=EDGE_CURVE('',#3241,#3243,#1763,.T.);
#4014=EDGE_CURVE('',#3244,#3245,#600,.F.);
#4015=EDGE_CURVE('',#3246,#3244,#601,.F.);
#4016=EDGE_CURVE('',#3245,#3246,#602,.F.);
#4017=EDGE_CURVE('',#3134,#3246,#1764,.T.);
#4018=EDGE_CURVE('',#3244,#3135,#1765,.T.);
#4019=EDGE_CURVE('',#3247,#3248,#603,.F.);
#4020=EDGE_CURVE('',#3249,#3247,#604,.F.);
#4021=EDGE_CURVE('',#3248,#3249,#605,.F.);
#4022=EDGE_CURVE('',#3156,#3249,#1766,.T.);
#4023=EDGE_CURVE('',#3247,#3157,#1767,.T.);
#4024=EDGE_CURVE('',#3245,#3248,#1768,.T.);
#4025=EDGE_CURVE('',#3249,#3244,#1769,.T.);
#4026=EDGE_CURVE('',#3250,#3251,#606,.F.);
#4027=EDGE_CURVE('',#3252,#3250,#607,.F.);
#4028=EDGE_CURVE('',#3251,#3252,#608,.F.);
#4029=EDGE_CURVE('',#3112,#3252,#1770,.T.);
#4030=EDGE_CURVE('',#3250,#3113,#1771,.T.);
#4031=EDGE_CURVE('',#3253,#3254,#609,.F.);
#4032=EDGE_CURVE('',#3255,#3253,#610,.F.);
#4033=EDGE_CURVE('',#3254,#3255,#611,.F.);
#4034=EDGE_CURVE('',#3178,#3255,#1772,.T.);
#4035=EDGE_CURVE('',#3253,#3179,#1773,.T.);
#4036=EDGE_CURVE('',#3248,#3254,#1774,.T.);
#4037=EDGE_CURVE('',#3255,#3247,#1775,.T.);
#4038=EDGE_CURVE('',#3254,#3251,#1776,.T.);
#4039=EDGE_CURVE('',#3252,#3253,#1777,.T.);
#4040=EDGE_CURVE('',#3251,#3245,#1778,.T.);
#4041=EDGE_CURVE('',#3246,#3250,#1779,.T.);
#4042=EDGE_CURVE('',#3256,#3257,#1780,.T.);
#4043=EDGE_CURVE('',#3257,#3258,#1781,.T.);
#4044=EDGE_CURVE('',#3258,#3259,#1782,.T.);
#4045=EDGE_CURVE('',#3259,#3256,#1783,.T.);
#4046=EDGE_CURVE('',#3260,#3261,#363,.T.);
#4047=EDGE_CURVE('',#3261,#3262,#364,.T.);
#4048=EDGE_CURVE('',#3262,#3263,#365,.T.);
#4049=EDGE_CURVE('',#3263,#3260,#366,.T.);
#4050=EDGE_CURVE('',#3264,#3265,#1784,.T.);
#4051=EDGE_CURVE('',#3265,#3266,#1785,.T.);
#4052=EDGE_CURVE('',#3266,#3267,#1786,.T.);
#4053=EDGE_CURVE('',#3267,#3268,#367,.T.);
#4054=EDGE_CURVE('',#3268,#3269,#368,.T.);
#4055=EDGE_CURVE('',#3269,#3270,#369,.T.);
#4056=EDGE_CURVE('',#3270,#3271,#345,.T.);
#4057=EDGE_CURVE('',#3271,#3272,#370,.T.);
#4058=EDGE_CURVE('',#3272,#3273,#371,.T.);
#4059=EDGE_CURVE('',#3273,#3274,#1787,.T.);
#4060=EDGE_CURVE('',#3274,#3275,#1788,.T.);
#4061=EDGE_CURVE('',#3275,#3276,#372,.T.);
#4062=EDGE_CURVE('',#3276,#3277,#373,.T.);
#4063=EDGE_CURVE('',#3277,#3278,#374,.T.);
#4064=EDGE_CURVE('',#3278,#3279,#375,.T.);
#4065=EDGE_CURVE('',#3279,#3280,#376,.T.);
#4066=EDGE_CURVE('',#3280,#3264,#1789,.T.);
#4067=EDGE_CURVE('',#3281,#3282,#1790,.T.);
#4068=EDGE_CURVE('',#3282,#3283,#1791,.T.);
#4069=EDGE_CURVE('',#3283,#3284,#1792,.T.);
#4070=EDGE_CURVE('',#3284,#3285,#1793,.T.);
#4071=EDGE_CURVE('',#3285,#3286,#1794,.T.);
#4072=EDGE_CURVE('',#3286,#3287,#1795,.T.);
#4073=EDGE_CURVE('',#3287,#3288,#1796,.T.);
#4074=EDGE_CURVE('',#3288,#3289,#1797,.T.);
#4075=EDGE_CURVE('',#3289,#3290,#1798,.T.);
#4076=EDGE_CURVE('',#3290,#3281,#1799,.T.);
#4077=EDGE_CURVE('',#3291,#3292,#1800,.T.);
#4078=EDGE_CURVE('',#3292,#3293,#1801,.T.);
#4079=EDGE_CURVE('',#3293,#3294,#1802,.T.);
#4080=EDGE_CURVE('',#3294,#3295,#377,.T.);
#4081=EDGE_CURVE('',#3295,#3296,#378,.T.);
#4082=EDGE_CURVE('',#3296,#3297,#379,.T.);
#4083=EDGE_CURVE('',#3297,#3298,#346,.T.);
#4084=EDGE_CURVE('',#3298,#3299,#380,.T.);
#4085=EDGE_CURVE('',#3299,#3300,#381,.T.);
#4086=EDGE_CURVE('',#3300,#3301,#1803,.T.);
#4087=EDGE_CURVE('',#3301,#3302,#1804,.T.);
#4088=EDGE_CURVE('',#3302,#3303,#382,.T.);
#4089=EDGE_CURVE('',#3303,#3304,#383,.T.);
#4090=EDGE_CURVE('',#3304,#3305,#384,.T.);
#4091=EDGE_CURVE('',#3305,#3306,#385,.T.);
#4092=EDGE_CURVE('',#3306,#3307,#386,.T.);
#4093=EDGE_CURVE('',#3307,#3291,#1805,.T.);
#4094=EDGE_CURVE('',#3308,#3309,#387,.T.);
#4095=EDGE_CURVE('',#3309,#3310,#388,.T.);
#4096=EDGE_CURVE('',#3310,#3311,#389,.T.);
#4097=EDGE_CURVE('',#3311,#3312,#1806,.T.);
#4098=EDGE_CURVE('',#3312,#3313,#1807,.T.);
#4099=EDGE_CURVE('',#3313,#3314,#1808,.T.);
#4100=EDGE_CURVE('',#3314,#3315,#390,.T.);
#4101=EDGE_CURVE('',#3315,#3316,#391,.T.);
#4102=EDGE_CURVE('',#3316,#3317,#392,.T.);
#4103=EDGE_CURVE('',#3317,#3318,#393,.T.);
#4104=EDGE_CURVE('',#3318,#3319,#1809,.T.);
#4105=EDGE_CURVE('',#3319,#3320,#1810,.T.);
#4106=EDGE_CURVE('',#3320,#3321,#1811,.T.);
#4107=EDGE_CURVE('',#3321,#3308,#394,.T.);
#4108=EDGE_CURVE('',#3322,#3322,#612,.T.);
#4109=EDGE_CURVE('',#3323,#3324,#395,.T.);
#4110=EDGE_CURVE('',#3324,#3325,#396,.T.);
#4111=EDGE_CURVE('',#3325,#3326,#397,.T.);
#4112=EDGE_CURVE('',#3326,#3327,#1812,.T.);
#4113=EDGE_CURVE('',#3327,#3328,#1813,.T.);
#4114=EDGE_CURVE('',#3328,#3329,#1814,.T.);
#4115=EDGE_CURVE('',#3329,#3323,#398,.T.);
#4116=EDGE_CURVE('',#3330,#3331,#1815,.T.);
#4117=EDGE_CURVE('',#3331,#3332,#1816,.T.);
#4118=EDGE_CURVE('',#3332,#3333,#1817,.T.);
#4119=EDGE_CURVE('',#3333,#3330,#1818,.T.);
#4120=EDGE_CURVE('',#3334,#3335,#399,.T.);
#4121=EDGE_CURVE('',#3335,#3336,#400,.T.);
#4122=EDGE_CURVE('',#3336,#3337,#401,.T.);
#4123=EDGE_CURVE('',#3337,#3334,#402,.T.);
#4124=EDGE_CURVE('',#3338,#3339,#1819,.T.);
#4125=EDGE_CURVE('',#3339,#3340,#347,.T.);
#4126=EDGE_CURVE('',#3340,#3341,#403,.T.);
#4127=EDGE_CURVE('',#3341,#3342,#1820,.T.);
#4128=EDGE_CURVE('',#3342,#3343,#348,.T.);
#4129=EDGE_CURVE('',#3343,#3344,#404,.T.);
#4130=EDGE_CURVE('',#3344,#3345,#405,.T.);
#4131=EDGE_CURVE('',#3345,#3346,#349,.T.);
#4132=EDGE_CURVE('',#3346,#3347,#406,.T.);
#4133=EDGE_CURVE('',#3347,#3348,#407,.T.);
#4134=EDGE_CURVE('',#3348,#3349,#408,.T.);
#4135=EDGE_CURVE('',#3349,#3350,#350,.T.);
#4136=EDGE_CURVE('',#3350,#3351,#409,.T.);
#4137=EDGE_CURVE('',#3351,#3352,#410,.T.);
#4138=EDGE_CURVE('',#3352,#3338,#1821,.T.);
#4139=EDGE_CURVE('',#3353,#3354,#1822,.T.);
#4140=EDGE_CURVE('',#3354,#3355,#1823,.T.);
#4141=EDGE_CURVE('',#3355,#3356,#1824,.T.);
#4142=EDGE_CURVE('',#3356,#3357,#1825,.T.);
#4143=EDGE_CURVE('',#3357,#3358,#1826,.T.);
#4144=EDGE_CURVE('',#3358,#3359,#1827,.T.);
#4145=EDGE_CURVE('',#3359,#3360,#1828,.T.);
#4146=EDGE_CURVE('',#3360,#3361,#1829,.T.);
#4147=EDGE_CURVE('',#3361,#3362,#1830,.T.);
#4148=EDGE_CURVE('',#3362,#3353,#1831,.T.);
#4149=EDGE_CURVE('',#3363,#3364,#1832,.T.);
#4150=EDGE_CURVE('',#3364,#3365,#1833,.T.);
#4151=EDGE_CURVE('',#3365,#3366,#1834,.T.);
#4152=EDGE_CURVE('',#3366,#3363,#1835,.T.);
#4153=EDGE_CURVE('',#3367,#3368,#411,.T.);
#4154=EDGE_CURVE('',#3368,#3369,#412,.T.);
#4155=EDGE_CURVE('',#3369,#3370,#413,.T.);
#4156=EDGE_CURVE('',#3370,#3367,#414,.T.);
#4157=EDGE_CURVE('',#3371,#3372,#1836,.T.);
#4158=EDGE_CURVE('',#3372,#3373,#1837,.T.);
#4159=EDGE_CURVE('',#3373,#3374,#1838,.T.);
#4160=EDGE_CURVE('',#3374,#3371,#1839,.T.);
#4161=EDGE_CURVE('',#3375,#3376,#1840,.T.);
#4162=EDGE_CURVE('',#3376,#3377,#1841,.T.);
#4163=EDGE_CURVE('',#3377,#3378,#1842,.T.);
#4164=EDGE_CURVE('',#3378,#3379,#1843,.T.);
#4165=EDGE_CURVE('',#3379,#3380,#1844,.T.);
#4166=EDGE_CURVE('',#3380,#3381,#1845,.T.);
#4167=EDGE_CURVE('',#3381,#3382,#1846,.T.);
#4168=EDGE_CURVE('',#3382,#3383,#1847,.T.);
#4169=EDGE_CURVE('',#3383,#3384,#1848,.T.);
#4170=EDGE_CURVE('',#3384,#3385,#1849,.T.);
#4171=EDGE_CURVE('',#3385,#3375,#1850,.T.);
#4172=EDGE_CURVE('',#3386,#3387,#1851,.T.);
#4173=EDGE_CURVE('',#3386,#3388,#1852,.T.);
#4174=EDGE_CURVE('',#3388,#3389,#1853,.T.);
#4175=EDGE_CURVE('',#3387,#3389,#1854,.T.);
#4176=EDGE_CURVE('',#3387,#3390,#1855,.T.);
#4177=EDGE_CURVE('',#3389,#3391,#1856,.T.);
#4178=EDGE_CURVE('',#3390,#3391,#1857,.T.);
#4179=EDGE_CURVE('',#3390,#3386,#1858,.T.);
#4180=EDGE_CURVE('',#3391,#3388,#1859,.T.);
#4181=EDGE_CURVE('',#3375,#3392,#1860,.T.);
#4182=EDGE_CURVE('',#3392,#3393,#1861,.T.);
#4183=EDGE_CURVE('',#3376,#3393,#1862,.T.);
#4184=EDGE_CURVE('',#3385,#3394,#1863,.T.);
#4185=EDGE_CURVE('',#3394,#3392,#1864,.T.);
#4186=EDGE_CURVE('',#3384,#3395,#1865,.T.);
#4187=EDGE_CURVE('',#3395,#3394,#1866,.T.);
#4188=EDGE_CURVE('',#3383,#3396,#1867,.T.);
#4189=EDGE_CURVE('',#3396,#3395,#1868,.T.);
#4190=EDGE_CURVE('',#3382,#3397,#1869,.T.);
#4191=EDGE_CURVE('',#3397,#3396,#1870,.T.);
#4192=EDGE_CURVE('',#3381,#3398,#1871,.T.);
#4193=EDGE_CURVE('',#3398,#3397,#1872,.T.);
#4194=EDGE_CURVE('',#3380,#3399,#1873,.T.);
#4195=EDGE_CURVE('',#3399,#3398,#1874,.T.);
#4196=EDGE_CURVE('',#3379,#3400,#1875,.T.);
#4197=EDGE_CURVE('',#3400,#3399,#1876,.T.);
#4198=EDGE_CURVE('',#3378,#3401,#1877,.T.);
#4199=EDGE_CURVE('',#3401,#3400,#1878,.T.);
#4200=EDGE_CURVE('',#3377,#3402,#1879,.T.);
#4201=EDGE_CURVE('',#3402,#3401,#1880,.T.);
#4202=EDGE_CURVE('',#3393,#3402,#1881,.T.);
#4203=EDGE_CURVE('',#3371,#3403,#1882,.T.);
#4204=EDGE_CURVE('',#3403,#3404,#1883,.T.);
#4205=EDGE_CURVE('',#3372,#3404,#1884,.T.);
#4206=EDGE_CURVE('',#3374,#3405,#1885,.T.);
#4207=EDGE_CURVE('',#3405,#3403,#1886,.T.);
#4208=EDGE_CURVE('',#3373,#3406,#1887,.T.);
#4209=EDGE_CURVE('',#3406,#3405,#1888,.T.);
#4210=EDGE_CURVE('',#3404,#3406,#1889,.T.);
#4211=EDGE_CURVE('',#3407,#3408,#415,.T.);
#4212=EDGE_CURVE('',#3407,#3409,#1890,.T.);
#4213=EDGE_CURVE('',#3409,#3410,#416,.T.);
#4214=EDGE_CURVE('',#3408,#3410,#1891,.T.);
#4215=EDGE_CURVE('',#3408,#3411,#417,.T.);
#4216=EDGE_CURVE('',#3410,#3412,#418,.T.);
#4217=EDGE_CURVE('',#3411,#3412,#1892,.T.);
#4218=EDGE_CURVE('',#3411,#3413,#419,.T.);
#4219=EDGE_CURVE('',#3412,#3414,#420,.T.);
#4220=EDGE_CURVE('',#3413,#3414,#1893,.T.);
#4221=EDGE_CURVE('',#3413,#3415,#421,.T.);
#4222=EDGE_CURVE('',#3414,#3416,#422,.T.);
#4223=EDGE_CURVE('',#3415,#3416,#1894,.T.);
#4224=EDGE_CURVE('',#3415,#3417,#423,.T.);
#4225=EDGE_CURVE('',#3416,#3418,#424,.T.);
#4226=EDGE_CURVE('',#3417,#3418,#1895,.T.);
#4227=EDGE_CURVE('',#3417,#3419,#425,.T.);
#4228=EDGE_CURVE('',#3418,#3420,#426,.T.);
#4229=EDGE_CURVE('',#3419,#3420,#1896,.T.);
#4230=EDGE_CURVE('',#3419,#3421,#427,.T.);
#4231=EDGE_CURVE('',#3420,#3422,#428,.T.);
#4232=EDGE_CURVE('',#3421,#3422,#1897,.T.);
#4233=EDGE_CURVE('',#3421,#3407,#429,.T.);
#4234=EDGE_CURVE('',#3422,#3409,#430,.T.);
#4235=EDGE_CURVE('',#3367,#3423,#1898,.T.);
#4236=EDGE_CURVE('',#3423,#3424,#431,.T.);
#4237=EDGE_CURVE('',#3368,#3424,#1899,.T.);
#4238=EDGE_CURVE('',#3370,#3425,#1900,.T.);
#4239=EDGE_CURVE('',#3425,#3423,#432,.T.);
#4240=EDGE_CURVE('',#3369,#3426,#1901,.T.);
#4241=EDGE_CURVE('',#3426,#3425,#433,.T.);
#4242=EDGE_CURVE('',#3424,#3426,#434,.T.);
#4243=EDGE_CURVE('',#3363,#3427,#1902,.T.);
#4244=EDGE_CURVE('',#3427,#3428,#1903,.T.);
#4245=EDGE_CURVE('',#3364,#3428,#1904,.T.);
#4246=EDGE_CURVE('',#3366,#3429,#1905,.T.);
#4247=EDGE_CURVE('',#3429,#3427,#1906,.T.);
#4248=EDGE_CURVE('',#3365,#3430,#1907,.T.);
#4249=EDGE_CURVE('',#3430,#3429,#1908,.T.);
#4250=EDGE_CURVE('',#3428,#3430,#1909,.T.);
#4251=EDGE_CURVE('',#3353,#3431,#1910,.T.);
#4252=EDGE_CURVE('',#3431,#3432,#1911,.T.);
#4253=EDGE_CURVE('',#3354,#3432,#1912,.T.);
#4254=EDGE_CURVE('',#3362,#3433,#1913,.T.);
#4255=EDGE_CURVE('',#3433,#3431,#1914,.T.);
#4256=EDGE_CURVE('',#3361,#3434,#1915,.T.);
#4257=EDGE_CURVE('',#3434,#3433,#1916,.T.);
#4258=EDGE_CURVE('',#3360,#3435,#1917,.T.);
#4259=EDGE_CURVE('',#3435,#3434,#1918,.T.);
#4260=EDGE_CURVE('',#3359,#3436,#1919,.T.);
#4261=EDGE_CURVE('',#3436,#3435,#1920,.T.);
#4262=EDGE_CURVE('',#3358,#3437,#1921,.T.);
#4263=EDGE_CURVE('',#3437,#3436,#1922,.T.);
#4264=EDGE_CURVE('',#3357,#3438,#1923,.T.);
#4265=EDGE_CURVE('',#3438,#3437,#1924,.T.);
#4266=EDGE_CURVE('',#3356,#3439,#1925,.T.);
#4267=EDGE_CURVE('',#3439,#3438,#1926,.T.);
#4268=EDGE_CURVE('',#3355,#3440,#1927,.T.);
#4269=EDGE_CURVE('',#3440,#3439,#1928,.T.);
#4270=EDGE_CURVE('',#3432,#3440,#1929,.T.);
#4271=EDGE_CURVE('',#3441,#3442,#351,.T.);
#4272=EDGE_CURVE('',#3441,#3443,#1930,.T.);
#4273=EDGE_CURVE('',#3443,#3444,#352,.T.);
#4274=EDGE_CURVE('',#3442,#3444,#1931,.T.);
#4275=EDGE_CURVE('',#3442,#3445,#435,.T.);
#4276=EDGE_CURVE('',#3444,#3446,#436,.T.);
#4277=EDGE_CURVE('',#3445,#3446,#1932,.T.);
#4278=EDGE_CURVE('',#3445,#3447,#353,.T.);
#4279=EDGE_CURVE('',#3446,#3448,#354,.T.);
#4280=EDGE_CURVE('',#3447,#3448,#1933,.T.);
#4281=EDGE_CURVE('',#3447,#3449,#437,.T.);
#4282=EDGE_CURVE('',#3448,#3450,#438,.T.);
#4283=EDGE_CURVE('',#3449,#3450,#1934,.T.);
#4284=EDGE_CURVE('',#3449,#3451,#439,.T.);
#4285=EDGE_CURVE('',#3450,#3452,#440,.T.);
#4286=EDGE_CURVE('',#3451,#3452,#1935,.T.);
#4287=EDGE_CURVE('',#3451,#3441,#441,.T.);
#4288=EDGE_CURVE('',#3452,#3443,#442,.T.);
#4289=EDGE_CURVE('',#3338,#3453,#1936,.T.);
#4290=EDGE_CURVE('',#3453,#3454,#1937,.T.);
#4291=EDGE_CURVE('',#3339,#3454,#1938,.T.);
#4292=EDGE_CURVE('',#3352,#3455,#1939,.T.);
#4293=EDGE_CURVE('',#3455,#3453,#1940,.T.);
#4294=EDGE_CURVE('',#3351,#3456,#1941,.T.);
#4295=EDGE_CURVE('',#3456,#3455,#443,.T.);
#4296=EDGE_CURVE('',#3350,#3457,#1942,.T.);
#4297=EDGE_CURVE('',#3457,#3456,#444,.T.);
#4298=EDGE_CURVE('',#3349,#3458,#1943,.T.);
#4299=EDGE_CURVE('',#3458,#3457,#355,.T.);
#4300=EDGE_CURVE('',#3348,#3459,#1944,.T.);
#4301=EDGE_CURVE('',#3459,#3458,#445,.T.);
#4302=EDGE_CURVE('',#3347,#3460,#1945,.T.);
#4303=EDGE_CURVE('',#3460,#3459,#446,.T.);
#4304=EDGE_CURVE('',#3346,#3461,#1946,.T.);
#4305=EDGE_CURVE('',#3461,#3460,#447,.T.);
#4306=EDGE_CURVE('',#3345,#3462,#1947,.T.);
#4307=EDGE_CURVE('',#3462,#3461,#356,.T.);
#4308=EDGE_CURVE('',#3344,#3463,#1948,.T.);
#4309=EDGE_CURVE('',#3463,#3462,#448,.T.);
#4310=EDGE_CURVE('',#3343,#3464,#1949,.T.);
#4311=EDGE_CURVE('',#3464,#3463,#449,.T.);
#4312=EDGE_CURVE('',#3342,#3465,#1950,.T.);
#4313=EDGE_CURVE('',#3465,#3464,#357,.T.);
#4314=EDGE_CURVE('',#3341,#3466,#1951,.T.);
#4315=EDGE_CURVE('',#3466,#3465,#1952,.T.);
#4316=EDGE_CURVE('',#3340,#3467,#1953,.T.);
#4317=EDGE_CURVE('',#3467,#3466,#450,.T.);
#4318=EDGE_CURVE('',#3454,#3467,#358,.T.);
#4319=EDGE_CURVE('',#3468,#3469,#451,.T.);
#4320=EDGE_CURVE('',#3468,#3470,#1954,.T.);
#4321=EDGE_CURVE('',#3470,#3471,#452,.T.);
#4322=EDGE_CURVE('',#3469,#3471,#1955,.T.);
#4323=EDGE_CURVE('',#3469,#3472,#453,.T.);
#4324=EDGE_CURVE('',#3471,#3473,#454,.T.);
#4325=EDGE_CURVE('',#3472,#3473,#1956,.T.);
#4326=EDGE_CURVE('',#3472,#3474,#455,.T.);
#4327=EDGE_CURVE('',#3473,#3475,#456,.T.);
#4328=EDGE_CURVE('',#3474,#3475,#1957,.T.);
#4329=EDGE_CURVE('',#3474,#3476,#457,.T.);
#4330=EDGE_CURVE('',#3475,#3477,#458,.T.);
#4331=EDGE_CURVE('',#3476,#3477,#1958,.T.);
#4332=EDGE_CURVE('',#3476,#3478,#459,.T.);
#4333=EDGE_CURVE('',#3477,#3479,#460,.T.);
#4334=EDGE_CURVE('',#3478,#3479,#1959,.T.);
#4335=EDGE_CURVE('',#3478,#3480,#461,.T.);
#4336=EDGE_CURVE('',#3479,#3481,#462,.T.);
#4337=EDGE_CURVE('',#3480,#3481,#1960,.T.);
#4338=EDGE_CURVE('',#3480,#3482,#463,.T.);
#4339=EDGE_CURVE('',#3481,#3483,#464,.T.);
#4340=EDGE_CURVE('',#3482,#3483,#1961,.T.);
#4341=EDGE_CURVE('',#3482,#3468,#465,.T.);
#4342=EDGE_CURVE('',#3483,#3470,#466,.T.);
#4343=EDGE_CURVE('',#3334,#3484,#1962,.T.);
#4344=EDGE_CURVE('',#3484,#3485,#467,.T.);
#4345=EDGE_CURVE('',#3335,#3485,#1963,.T.);
#4346=EDGE_CURVE('',#3337,#3486,#1964,.T.);
#4347=EDGE_CURVE('',#3486,#3484,#468,.T.);
#4348=EDGE_CURVE('',#3336,#3487,#1965,.T.);
#4349=EDGE_CURVE('',#3487,#3486,#469,.T.);
#4350=EDGE_CURVE('',#3485,#3487,#470,.T.);
#4351=EDGE_CURVE('',#3330,#3488,#1966,.T.);
#4352=EDGE_CURVE('',#3488,#3489,#1967,.T.);
#4353=EDGE_CURVE('',#3331,#3489,#1968,.T.);
#4354=EDGE_CURVE('',#3333,#3490,#1969,.T.);
#4355=EDGE_CURVE('',#3490,#3488,#1970,.T.);
#4356=EDGE_CURVE('',#3332,#3491,#1971,.T.);
#4357=EDGE_CURVE('',#3491,#3490,#1972,.T.);
#4358=EDGE_CURVE('',#3489,#3491,#1973,.T.);
#4359=EDGE_CURVE('',#3492,#3493,#471,.T.);
#4360=EDGE_CURVE('',#3492,#3494,#1974,.T.);
#4361=EDGE_CURVE('',#3494,#3495,#472,.T.);
#4362=EDGE_CURVE('',#3493,#3495,#1975,.T.);
#4363=EDGE_CURVE('',#3493,#3496,#1976,.T.);
#4364=EDGE_CURVE('',#3495,#3497,#1977,.T.);
#4365=EDGE_CURVE('',#3496,#3497,#1978,.T.);
#4366=EDGE_CURVE('',#3496,#3498,#1979,.T.);
#4367=EDGE_CURVE('',#3497,#3499,#1980,.T.);
#4368=EDGE_CURVE('',#3498,#3499,#1981,.T.);
#4369=EDGE_CURVE('',#3498,#3500,#1982,.T.);
#4370=EDGE_CURVE('',#3499,#3501,#1983,.T.);
#4371=EDGE_CURVE('',#3500,#3501,#1984,.T.);
#4372=EDGE_CURVE('',#3500,#3502,#473,.T.);
#4373=EDGE_CURVE('',#3501,#3503,#474,.T.);
#4374=EDGE_CURVE('',#3502,#3503,#1985,.T.);
#4375=EDGE_CURVE('',#3502,#3504,#475,.T.);
#4376=EDGE_CURVE('',#3503,#3505,#476,.T.);
#4377=EDGE_CURVE('',#3504,#3505,#1986,.T.);
#4378=EDGE_CURVE('',#3504,#3492,#359,.T.);
#4379=EDGE_CURVE('',#3505,#3494,#360,.T.);
#4380=EDGE_CURVE('',#3323,#3506,#1987,.T.);
#4381=EDGE_CURVE('',#3506,#3507,#477,.T.);
#4382=EDGE_CURVE('',#3324,#3507,#1988,.T.);
#4383=EDGE_CURVE('',#3329,#3508,#1989,.T.);
#4384=EDGE_CURVE('',#3508,#3506,#478,.T.);
#4385=EDGE_CURVE('',#3328,#3509,#1990,.T.);
#4386=EDGE_CURVE('',#3509,#3508,#1991,.T.);
#4387=EDGE_CURVE('',#3327,#3510,#1992,.T.);
#4388=EDGE_CURVE('',#3510,#3509,#1993,.T.);
#4389=EDGE_CURVE('',#3326,#3511,#1994,.T.);
#4390=EDGE_CURVE('',#3511,#3510,#1995,.T.);
#4391=EDGE_CURVE('',#3325,#3512,#1996,.T.);
#4392=EDGE_CURVE('',#3512,#3511,#479,.T.);
#4393=EDGE_CURVE('',#3507,#3512,#480,.T.);
#4394=EDGE_CURVE('',#3513,#3513,#613,.T.);
#4395=EDGE_CURVE('',#3308,#3514,#1997,.T.);
#4396=EDGE_CURVE('',#3514,#3515,#481,.T.);
#4397=EDGE_CURVE('',#3309,#3515,#1998,.T.);
#4398=EDGE_CURVE('',#3321,#3516,#1999,.T.);
#4399=EDGE_CURVE('',#3516,#3514,#482,.T.);
#4400=EDGE_CURVE('',#3320,#3517,#2000,.T.);
#4401=EDGE_CURVE('',#3517,#3516,#2001,.T.);
#4402=EDGE_CURVE('',#3319,#3518,#2002,.T.);
#4403=EDGE_CURVE('',#3518,#3517,#2003,.T.);
#4404=EDGE_CURVE('',#3318,#3519,#2004,.T.);
#4405=EDGE_CURVE('',#3519,#3518,#2005,.T.);
#4406=EDGE_CURVE('',#3317,#3520,#2006,.T.);
#4407=EDGE_CURVE('',#3520,#3519,#483,.T.);
#4408=EDGE_CURVE('',#3316,#3521,#2007,.T.);
#4409=EDGE_CURVE('',#3521,#3520,#484,.T.);
#4410=EDGE_CURVE('',#3315,#3522,#2008,.T.);
#4411=EDGE_CURVE('',#3522,#3521,#485,.T.);
#4412=EDGE_CURVE('',#3314,#3523,#2009,.T.);
#4413=EDGE_CURVE('',#3523,#3522,#486,.T.);
#4414=EDGE_CURVE('',#3313,#3524,#2010,.T.);
#4415=EDGE_CURVE('',#3524,#3523,#2011,.T.);
#4416=EDGE_CURVE('',#3312,#3525,#2012,.T.);
#4417=EDGE_CURVE('',#3525,#3524,#2013,.T.);
#4418=EDGE_CURVE('',#3311,#3526,#2014,.T.);
#4419=EDGE_CURVE('',#3526,#3525,#2015,.T.);
#4420=EDGE_CURVE('',#3310,#3527,#2016,.T.);
#4421=EDGE_CURVE('',#3527,#3526,#487,.T.);
#4422=EDGE_CURVE('',#3515,#3527,#488,.T.);
#4423=EDGE_CURVE('',#3291,#3528,#2017,.T.);
#4424=EDGE_CURVE('',#3528,#3529,#2018,.T.);
#4425=EDGE_CURVE('',#3292,#3529,#2019,.T.);
#4426=EDGE_CURVE('',#3307,#3530,#2020,.T.);
#4427=EDGE_CURVE('',#3530,#3528,#2021,.T.);
#4428=EDGE_CURVE('',#3306,#3531,#2022,.T.);
#4429=EDGE_CURVE('',#3531,#3530,#489,.T.);
#4430=EDGE_CURVE('',#3305,#3532,#2023,.T.);
#4431=EDGE_CURVE('',#3532,#3531,#490,.T.);
#4432=EDGE_CURVE('',#3304,#3533,#2024,.T.);
#4433=EDGE_CURVE('',#3533,#3532,#491,.T.);
#4434=EDGE_CURVE('',#3303,#3534,#2025,.T.);
#4435=EDGE_CURVE('',#3534,#3533,#492,.T.);
#4436=EDGE_CURVE('',#3302,#3535,#2026,.T.);
#4437=EDGE_CURVE('',#3535,#3534,#493,.T.);
#4438=EDGE_CURVE('',#3301,#3536,#2027,.T.);
#4439=EDGE_CURVE('',#3536,#3535,#2028,.T.);
#4440=EDGE_CURVE('',#3300,#3537,#2029,.T.);
#4441=EDGE_CURVE('',#3537,#3536,#2030,.T.);
#4442=EDGE_CURVE('',#3299,#3538,#2031,.T.);
#4443=EDGE_CURVE('',#3538,#3537,#494,.T.);
#4444=EDGE_CURVE('',#3298,#3539,#2032,.T.);
#4445=EDGE_CURVE('',#3539,#3538,#495,.T.);
#4446=EDGE_CURVE('',#3297,#3540,#2033,.T.);
#4447=EDGE_CURVE('',#3540,#3539,#361,.T.);
#4448=EDGE_CURVE('',#3296,#3541,#2034,.T.);
#4449=EDGE_CURVE('',#3541,#3540,#496,.T.);
#4450=EDGE_CURVE('',#3295,#3542,#2035,.T.);
#4451=EDGE_CURVE('',#3542,#3541,#497,.T.);
#4452=EDGE_CURVE('',#3294,#3543,#2036,.T.);
#4453=EDGE_CURVE('',#3543,#3542,#498,.T.);
#4454=EDGE_CURVE('',#3293,#3544,#2037,.T.);
#4455=EDGE_CURVE('',#3544,#3543,#2038,.T.);
#4456=EDGE_CURVE('',#3529,#3544,#2039,.T.);
#4457=EDGE_CURVE('',#3281,#3545,#2040,.T.);
#4458=EDGE_CURVE('',#3545,#3546,#2041,.T.);
#4459=EDGE_CURVE('',#3282,#3546,#2042,.T.);
#4460=EDGE_CURVE('',#3290,#3547,#2043,.T.);
#4461=EDGE_CURVE('',#3547,#3545,#2044,.T.);
#4462=EDGE_CURVE('',#3289,#3548,#2045,.T.);
#4463=EDGE_CURVE('',#3548,#3547,#2046,.T.);
#4464=EDGE_CURVE('',#3288,#3549,#2047,.T.);
#4465=EDGE_CURVE('',#3549,#3548,#2048,.T.);
#4466=EDGE_CURVE('',#3287,#3550,#2049,.T.);
#4467=EDGE_CURVE('',#3550,#3549,#2050,.T.);
#4468=EDGE_CURVE('',#3286,#3551,#2051,.T.);
#4469=EDGE_CURVE('',#3551,#3550,#2052,.T.);
#4470=EDGE_CURVE('',#3285,#3552,#2053,.T.);
#4471=EDGE_CURVE('',#3552,#3551,#2054,.T.);
#4472=EDGE_CURVE('',#3284,#3553,#2055,.T.);
#4473=EDGE_CURVE('',#3553,#3552,#2056,.T.);
#4474=EDGE_CURVE('',#3283,#3554,#2057,.T.);
#4475=EDGE_CURVE('',#3554,#3553,#2058,.T.);
#4476=EDGE_CURVE('',#3546,#3554,#2059,.T.);
#4477=EDGE_CURVE('',#3264,#3555,#2060,.T.);
#4478=EDGE_CURVE('',#3555,#3556,#2061,.T.);
#4479=EDGE_CURVE('',#3265,#3556,#2062,.T.);
#4480=EDGE_CURVE('',#3280,#3557,#2063,.T.);
#4481=EDGE_CURVE('',#3557,#3555,#2064,.T.);
#4482=EDGE_CURVE('',#3279,#3558,#2065,.T.);
#4483=EDGE_CURVE('',#3558,#3557,#499,.T.);
#4484=EDGE_CURVE('',#3278,#3559,#2066,.T.);
#4485=EDGE_CURVE('',#3559,#3558,#500,.T.);
#4486=EDGE_CURVE('',#3277,#3560,#2067,.T.);
#4487=EDGE_CURVE('',#3560,#3559,#501,.T.);
#4488=EDGE_CURVE('',#3276,#3561,#2068,.T.);
#4489=EDGE_CURVE('',#3561,#3560,#502,.T.);
#4490=EDGE_CURVE('',#3275,#3562,#2069,.T.);
#4491=EDGE_CURVE('',#3562,#3561,#503,.T.);
#4492=EDGE_CURVE('',#3274,#3563,#2070,.T.);
#4493=EDGE_CURVE('',#3563,#3562,#2071,.T.);
#4494=EDGE_CURVE('',#3273,#3564,#2072,.T.);
#4495=EDGE_CURVE('',#3564,#3563,#2073,.T.);
#4496=EDGE_CURVE('',#3272,#3565,#2074,.T.);
#4497=EDGE_CURVE('',#3565,#3564,#504,.T.);
#4498=EDGE_CURVE('',#3271,#3566,#2075,.T.);
#4499=EDGE_CURVE('',#3566,#3565,#505,.T.);
#4500=EDGE_CURVE('',#3270,#3567,#2076,.T.);
#4501=EDGE_CURVE('',#3567,#3566,#362,.T.);
#4502=EDGE_CURVE('',#3269,#3568,#2077,.T.);
#4503=EDGE_CURVE('',#3568,#3567,#506,.T.);
#4504=EDGE_CURVE('',#3268,#3569,#2078,.T.);
#4505=EDGE_CURVE('',#3569,#3568,#507,.T.);
#4506=EDGE_CURVE('',#3267,#3570,#2079,.T.);
#4507=EDGE_CURVE('',#3570,#3569,#508,.T.);
#4508=EDGE_CURVE('',#3266,#3571,#2080,.T.);
#4509=EDGE_CURVE('',#3571,#3570,#2081,.T.);
#4510=EDGE_CURVE('',#3556,#3571,#2082,.T.);
#4511=EDGE_CURVE('',#3572,#3573,#509,.T.);
#4512=EDGE_CURVE('',#3572,#3574,#2083,.T.);
#4513=EDGE_CURVE('',#3574,#3575,#510,.T.);
#4514=EDGE_CURVE('',#3573,#3575,#2084,.T.);
#4515=EDGE_CURVE('',#3573,#3576,#511,.T.);
#4516=EDGE_CURVE('',#3575,#3577,#512,.T.);
#4517=EDGE_CURVE('',#3576,#3577,#2085,.T.);
#4518=EDGE_CURVE('',#3576,#3578,#513,.T.);
#4519=EDGE_CURVE('',#3577,#3579,#514,.T.);
#4520=EDGE_CURVE('',#3578,#3579,#2086,.T.);
#4521=EDGE_CURVE('',#3578,#3580,#515,.T.);
#4522=EDGE_CURVE('',#3579,#3581,#516,.T.);
#4523=EDGE_CURVE('',#3580,#3581,#2087,.T.);
#4524=EDGE_CURVE('',#3580,#3582,#517,.T.);
#4525=EDGE_CURVE('',#3581,#3583,#518,.T.);
#4526=EDGE_CURVE('',#3582,#3583,#2088,.T.);
#4527=EDGE_CURVE('',#3582,#3584,#519,.T.);
#4528=EDGE_CURVE('',#3583,#3585,#520,.T.);
#4529=EDGE_CURVE('',#3584,#3585,#2089,.T.);
#4530=EDGE_CURVE('',#3584,#3586,#521,.T.);
#4531=EDGE_CURVE('',#3585,#3587,#522,.T.);
#4532=EDGE_CURVE('',#3586,#3587,#2090,.T.);
#4533=EDGE_CURVE('',#3586,#3572,#523,.T.);
#4534=EDGE_CURVE('',#3587,#3574,#524,.T.);
#4535=EDGE_CURVE('',#3260,#3588,#2091,.T.);
#4536=EDGE_CURVE('',#3588,#3589,#525,.T.);
#4537=EDGE_CURVE('',#3261,#3589,#2092,.T.);
#4538=EDGE_CURVE('',#3263,#3590,#2093,.T.);
#4539=EDGE_CURVE('',#3590,#3588,#526,.T.);
#4540=EDGE_CURVE('',#3262,#3591,#2094,.T.);
#4541=EDGE_CURVE('',#3591,#3590,#527,.T.);
#4542=EDGE_CURVE('',#3589,#3591,#528,.T.);
#4543=EDGE_CURVE('',#3256,#3592,#2095,.T.);
#4544=EDGE_CURVE('',#3592,#3593,#2096,.T.);
#4545=EDGE_CURVE('',#3257,#3593,#2097,.T.);
#4546=EDGE_CURVE('',#3259,#3594,#2098,.T.);
#4547=EDGE_CURVE('',#3594,#3592,#2099,.T.);
#4548=EDGE_CURVE('',#3258,#3595,#2100,.T.);
#4549=EDGE_CURVE('',#3595,#3594,#2101,.T.);
#4550=EDGE_CURVE('',#3593,#3595,#2102,.T.);
#4551=EDGE_CURVE('',#3596,#3597,#2103,.T.);
#4552=EDGE_CURVE('',#3597,#3598,#2104,.T.);
#4553=EDGE_CURVE('',#3598,#3599,#2105,.T.);
#4554=EDGE_CURVE('',#3599,#3596,#2106,.T.);
#4555=EDGE_CURVE('',#3600,#3598,#2107,.T.);
#4556=EDGE_CURVE('',#3601,#3600,#2108,.T.);
#4557=EDGE_CURVE('',#3602,#3601,#2109,.T.);
#4558=EDGE_CURVE('',#3599,#3602,#2110,.T.);
#4559=EDGE_CURVE('',#3603,#3597,#2111,.T.);
#4560=EDGE_CURVE('',#3600,#3603,#2112,.T.);
#4561=EDGE_CURVE('',#3602,#3604,#2113,.T.);
#4562=EDGE_CURVE('',#3596,#3604,#2114,.T.);
#4563=EDGE_CURVE('',#3605,#3603,#2115,.T.);
#4564=EDGE_CURVE('',#3601,#3605,#2116,.T.);
#4565=EDGE_CURVE('',#3604,#3605,#2117,.T.);
#4566=EDGE_CURVE('',#3606,#3607,#2118,.T.);
#4567=EDGE_CURVE('',#3606,#3608,#2119,.T.);
#4568=EDGE_CURVE('',#3609,#3608,#2120,.T.);
#4569=EDGE_CURVE('',#3607,#3609,#2121,.T.);
#4570=EDGE_CURVE('',#3607,#3610,#2122,.T.);
#4571=EDGE_CURVE('',#3611,#3609,#2123,.T.);
#4572=EDGE_CURVE('',#3610,#3611,#2124,.T.);
#4573=EDGE_CURVE('',#3610,#3612,#614,.T.);
#4574=EDGE_CURVE('',#3613,#3611,#615,.T.);
#4575=EDGE_CURVE('',#3612,#3613,#2125,.T.);
#4576=EDGE_CURVE('',#3612,#3606,#2126,.T.);
#4577=EDGE_CURVE('',#3608,#3613,#2127,.T.);
#4578=EDGE_CURVE('',#3614,#3615,#2128,.T.);
#4579=EDGE_CURVE('',#3614,#3616,#2129,.T.);
#4580=EDGE_CURVE('',#3617,#3616,#2130,.T.);
#4581=EDGE_CURVE('',#3615,#3617,#2131,.T.);
#4582=EDGE_CURVE('',#3615,#3618,#2132,.T.);
#4583=EDGE_CURVE('',#3619,#3617,#2133,.T.);
#4584=EDGE_CURVE('',#3618,#3619,#2134,.T.);
#4585=EDGE_CURVE('',#3618,#3620,#616,.T.);
#4586=EDGE_CURVE('',#3621,#3619,#617,.T.);
#4587=EDGE_CURVE('',#3620,#3621,#2135,.T.);
#4588=EDGE_CURVE('',#3620,#3614,#2136,.T.);
#4589=EDGE_CURVE('',#3616,#3621,#2137,.T.);
#4590=EDGE_CURVE('',#3622,#3623,#618,.T.);
#4591=EDGE_CURVE('',#3623,#3624,#2138,.T.);
#4592=EDGE_CURVE('',#3625,#3624,#619,.T.);
#4593=EDGE_CURVE('',#3622,#3625,#2139,.T.);
#4594=EDGE_CURVE('',#3626,#3622,#2140,.T.);
#4595=EDGE_CURVE('',#3627,#3625,#2141,.T.);
#4596=EDGE_CURVE('',#3626,#3627,#2142,.T.);
#4597=EDGE_CURVE('',#3628,#3626,#2143,.T.);
#4598=EDGE_CURVE('',#3629,#3627,#2144,.T.);
#4599=EDGE_CURVE('',#3628,#3629,#2145,.T.);
#4600=EDGE_CURVE('',#3623,#3628,#2146,.T.);
#4601=EDGE_CURVE('',#3624,#3629,#2147,.T.);
#4602=EDGE_CURVE('',#3630,#3631,#620,.T.);
#4603=EDGE_CURVE('',#3631,#3632,#2148,.T.);
#4604=EDGE_CURVE('',#3633,#3632,#621,.T.);
#4605=EDGE_CURVE('',#3630,#3633,#2149,.T.);
#4606=EDGE_CURVE('',#3634,#3630,#2150,.T.);
#4607=EDGE_CURVE('',#3635,#3633,#2151,.T.);
#4608=EDGE_CURVE('',#3634,#3635,#2152,.T.);
#4609=EDGE_CURVE('',#3636,#3634,#2153,.T.);
#4610=EDGE_CURVE('',#3637,#3635,#2154,.T.);
#4611=EDGE_CURVE('',#3636,#3637,#2155,.T.);
#4612=EDGE_CURVE('',#3631,#3636,#2156,.T.);
#4613=EDGE_CURVE('',#3632,#3637,#2157,.T.);
#4614=EDGE_CURVE('',#3638,#3639,#622,.T.);
#4615=EDGE_CURVE('',#3638,#3640,#2158,.T.);
#4616=EDGE_CURVE('',#3641,#3640,#623,.T.);
#4617=EDGE_CURVE('',#3639,#3641,#2159,.T.);
#4618=EDGE_CURVE('',#3639,#3642,#2160,.T.);
#4619=EDGE_CURVE('',#3643,#3641,#2161,.T.);
#4620=EDGE_CURVE('',#3642,#3643,#2162,.T.);
#4621=EDGE_CURVE('',#3642,#3644,#2163,.T.);
#4622=EDGE_CURVE('',#3645,#3643,#2164,.T.);
#4623=EDGE_CURVE('',#3644,#3645,#2165,.T.);
#4624=EDGE_CURVE('',#3644,#3638,#2166,.T.);
#4625=EDGE_CURVE('',#3640,#3645,#2167,.T.);
#4626=EDGE_CURVE('',#3646,#3647,#624,.T.);
#4627=EDGE_CURVE('',#3646,#3648,#2168,.T.);
#4628=EDGE_CURVE('',#3649,#3648,#625,.T.);
#4629=EDGE_CURVE('',#3647,#3649,#2169,.T.);
#4630=EDGE_CURVE('',#3647,#3650,#2170,.T.);
#4631=EDGE_CURVE('',#3651,#3649,#2171,.T.);
#4632=EDGE_CURVE('',#3650,#3651,#2172,.T.);
#4633=EDGE_CURVE('',#3650,#3652,#2173,.T.);
#4634=EDGE_CURVE('',#3653,#3651,#2174,.T.);
#4635=EDGE_CURVE('',#3652,#3653,#2175,.T.);
#4636=EDGE_CURVE('',#3652,#3646,#2176,.T.);
#4637=EDGE_CURVE('',#3648,#3653,#2177,.T.);
#4638=EDGE_CURVE('',#3654,#3655,#626,.T.);
#4639=EDGE_CURVE('',#3654,#3656,#2178,.T.);
#4640=EDGE_CURVE('',#3657,#3656,#627,.T.);
#4641=EDGE_CURVE('',#3655,#3657,#2179,.T.);
#4642=EDGE_CURVE('',#3655,#3658,#2180,.T.);
#4643=EDGE_CURVE('',#3659,#3657,#2181,.T.);
#4644=EDGE_CURVE('',#3658,#3659,#2182,.T.);
#4645=EDGE_CURVE('',#3658,#3660,#2183,.T.);
#4646=EDGE_CURVE('',#3661,#3659,#2184,.T.);
#4647=EDGE_CURVE('',#3660,#3661,#2185,.T.);
#4648=EDGE_CURVE('',#3660,#3654,#2186,.T.);
#4649=EDGE_CURVE('',#3656,#3661,#2187,.T.);
#4650=EDGE_CURVE('',#3662,#3663,#2188,.T.);
#4651=EDGE_CURVE('',#3662,#3664,#2189,.T.);
#4652=EDGE_CURVE('',#3665,#3664,#2190,.T.);
#4653=EDGE_CURVE('',#3663,#3665,#2191,.T.);
#4654=EDGE_CURVE('',#3663,#3666,#2192,.T.);
#4655=EDGE_CURVE('',#3667,#3665,#2193,.T.);
#4656=EDGE_CURVE('',#3666,#3667,#2194,.T.);
#4657=EDGE_CURVE('',#3666,#3668,#628,.T.);
#4658=EDGE_CURVE('',#3669,#3667,#629,.T.);
#4659=EDGE_CURVE('',#3668,#3669,#2195,.T.);
#4660=EDGE_CURVE('',#3668,#3662,#2196,.T.);
#4661=EDGE_CURVE('',#3664,#3669,#2197,.T.);
#4662=EDGE_CURVE('',#3670,#3671,#2198,.T.);
#4663=EDGE_CURVE('',#3670,#3672,#2199,.T.);
#4664=EDGE_CURVE('',#3673,#3672,#2200,.T.);
#4665=EDGE_CURVE('',#3671,#3673,#2201,.T.);
#4666=EDGE_CURVE('',#3671,#3674,#2202,.T.);
#4667=EDGE_CURVE('',#3675,#3673,#2203,.T.);
#4668=EDGE_CURVE('',#3674,#3675,#2204,.T.);
#4669=EDGE_CURVE('',#3674,#3676,#630,.T.);
#4670=EDGE_CURVE('',#3677,#3675,#631,.T.);
#4671=EDGE_CURVE('',#3676,#3677,#2205,.T.);
#4672=EDGE_CURVE('',#3676,#3670,#2206,.T.);
#4673=EDGE_CURVE('',#3672,#3677,#2207,.T.);
#4674=EDGE_CURVE('',#3678,#3679,#632,.T.);
#4675=EDGE_CURVE('',#3678,#3680,#2208,.T.);
#4676=EDGE_CURVE('',#3681,#3680,#633,.T.);
#4677=EDGE_CURVE('',#3679,#3681,#2209,.T.);
#4678=EDGE_CURVE('',#3679,#3682,#2210,.T.);
#4679=EDGE_CURVE('',#3683,#3681,#2211,.T.);
#4680=EDGE_CURVE('',#3682,#3683,#2212,.T.);
#4681=EDGE_CURVE('',#3682,#3684,#2213,.T.);
#4682=EDGE_CURVE('',#3685,#3683,#2214,.T.);
#4683=EDGE_CURVE('',#3684,#3685,#2215,.T.);
#4684=EDGE_CURVE('',#3684,#3678,#2216,.T.);
#4685=EDGE_CURVE('',#3680,#3685,#2217,.T.);
#4686=EDGE_CURVE('',#3686,#3687,#2218,.T.);
#4687=EDGE_CURVE('',#3687,#3688,#2219,.T.);
#4688=EDGE_CURVE('',#3689,#3688,#2220,.T.);
#4689=EDGE_CURVE('',#3686,#3689,#2221,.T.);
#4690=EDGE_CURVE('',#3690,#3686,#2222,.T.);
#4691=EDGE_CURVE('',#3691,#3689,#2223,.T.);
#4692=EDGE_CURVE('',#3690,#3691,#2224,.T.);
#4693=EDGE_CURVE('',#3692,#3690,#634,.T.);
#4694=EDGE_CURVE('',#3693,#3691,#635,.T.);
#4695=EDGE_CURVE('',#3692,#3693,#2225,.T.);
#4696=EDGE_CURVE('',#3687,#3692,#2226,.T.);
#4697=EDGE_CURVE('',#3688,#3693,#2227,.T.);
#4698=EDGE_CURVE('',#3694,#3695,#2228,.T.);
#4699=EDGE_CURVE('',#3694,#3696,#2229,.T.);
#4700=EDGE_CURVE('',#3697,#3696,#2230,.T.);
#4701=EDGE_CURVE('',#3695,#3697,#2231,.T.);
#4702=EDGE_CURVE('',#3695,#3698,#2232,.T.);
#4703=EDGE_CURVE('',#3699,#3697,#2233,.T.);
#4704=EDGE_CURVE('',#3698,#3699,#2234,.T.);
#4705=EDGE_CURVE('',#3698,#3700,#636,.T.);
#4706=EDGE_CURVE('',#3701,#3699,#637,.T.);
#4707=EDGE_CURVE('',#3700,#3701,#2235,.T.);
#4708=EDGE_CURVE('',#3700,#3694,#2236,.T.);
#4709=EDGE_CURVE('',#3696,#3701,#2237,.T.);
#4710=EDGE_CURVE('',#3702,#3703,#2238,.T.);
#4711=EDGE_CURVE('',#3702,#3704,#2239,.T.);
#4712=EDGE_CURVE('',#3705,#3704,#2240,.T.);
#4713=EDGE_CURVE('',#3703,#3705,#2241,.T.);
#4714=EDGE_CURVE('',#3703,#3706,#2242,.T.);
#4715=EDGE_CURVE('',#3707,#3705,#2243,.T.);
#4716=EDGE_CURVE('',#3706,#3707,#2244,.T.);
#4717=EDGE_CURVE('',#3706,#3708,#638,.T.);
#4718=EDGE_CURVE('',#3709,#3707,#639,.T.);
#4719=EDGE_CURVE('',#3708,#3709,#2245,.T.);
#4720=EDGE_CURVE('',#3708,#3702,#2246,.T.);
#4721=EDGE_CURVE('',#3704,#3709,#2247,.T.);
#4722=EDGE_CURVE('',#3710,#3711,#640,.T.);
#4723=EDGE_CURVE('',#3710,#3712,#2248,.T.);
#4724=EDGE_CURVE('',#3713,#3712,#641,.T.);
#4725=EDGE_CURVE('',#3711,#3713,#2249,.T.);
#4726=EDGE_CURVE('',#3711,#3714,#2250,.T.);
#4727=EDGE_CURVE('',#3715,#3713,#2251,.T.);
#4728=EDGE_CURVE('',#3714,#3715,#2252,.T.);
#4729=EDGE_CURVE('',#3714,#3716,#2253,.T.);
#4730=EDGE_CURVE('',#3717,#3715,#2254,.T.);
#4731=EDGE_CURVE('',#3716,#3717,#2255,.T.);
#4732=EDGE_CURVE('',#3716,#3710,#2256,.T.);
#4733=EDGE_CURVE('',#3712,#3717,#2257,.T.);
#4734=EDGE_CURVE('',#3718,#3719,#642,.T.);
#4735=EDGE_CURVE('',#3718,#3720,#2258,.T.);
#4736=EDGE_CURVE('',#3721,#3720,#643,.T.);
#4737=EDGE_CURVE('',#3719,#3721,#2259,.T.);
#4738=EDGE_CURVE('',#3719,#3722,#2260,.T.);
#4739=EDGE_CURVE('',#3723,#3721,#2261,.T.);
#4740=EDGE_CURVE('',#3722,#3723,#2262,.T.);
#4741=EDGE_CURVE('',#3722,#3724,#2263,.T.);
#4742=EDGE_CURVE('',#3725,#3723,#2264,.T.);
#4743=EDGE_CURVE('',#3724,#3725,#2265,.T.);
#4744=EDGE_CURVE('',#3724,#3718,#2266,.T.);
#4745=EDGE_CURVE('',#3720,#3725,#2267,.T.);
#4746=EDGE_CURVE('',#3726,#3727,#2268,.T.);
#4747=EDGE_CURVE('',#3727,#3728,#2269,.T.);
#4748=EDGE_CURVE('',#3729,#3728,#2270,.T.);
#4749=EDGE_CURVE('',#3726,#3729,#2271,.T.);
#4750=EDGE_CURVE('',#3730,#3726,#2272,.T.);
#4751=EDGE_CURVE('',#3731,#3729,#2273,.T.);
#4752=EDGE_CURVE('',#3730,#3731,#2274,.T.);
#4753=EDGE_CURVE('',#3732,#3730,#644,.T.);
#4754=EDGE_CURVE('',#3733,#3731,#645,.T.);
#4755=EDGE_CURVE('',#3732,#3733,#2275,.T.);
#4756=EDGE_CURVE('',#3727,#3732,#2276,.T.);
#4757=EDGE_CURVE('',#3728,#3733,#2277,.T.);
#4758=EDGE_CURVE('',#3734,#3735,#646,.T.);
#4759=EDGE_CURVE('',#3735,#3736,#2278,.T.);
#4760=EDGE_CURVE('',#3737,#3736,#647,.T.);
#4761=EDGE_CURVE('',#3734,#3737,#2279,.T.);
#4762=EDGE_CURVE('',#3738,#3734,#2280,.T.);
#4763=EDGE_CURVE('',#3739,#3737,#2281,.T.);
#4764=EDGE_CURVE('',#3738,#3739,#2282,.T.);
#4765=EDGE_CURVE('',#3740,#3738,#2283,.T.);
#4766=EDGE_CURVE('',#3741,#3739,#2284,.T.);
#4767=EDGE_CURVE('',#3740,#3741,#2285,.T.);
#4768=EDGE_CURVE('',#3735,#3740,#2286,.T.);
#4769=EDGE_CURVE('',#3736,#3741,#2287,.T.);
#4770=EDGE_CURVE('',#3742,#3743,#2288,.T.);
#4771=EDGE_CURVE('',#3742,#3744,#2289,.T.);
#4772=EDGE_CURVE('',#3745,#3744,#2290,.T.);
#4773=EDGE_CURVE('',#3743,#3745,#2291,.T.);
#4774=EDGE_CURVE('',#3743,#3746,#2292,.T.);
#4775=EDGE_CURVE('',#3747,#3745,#2293,.T.);
#4776=EDGE_CURVE('',#3746,#3747,#2294,.T.);
#4777=EDGE_CURVE('',#3746,#3748,#2295,.T.);
#4778=EDGE_CURVE('',#3749,#3747,#2296,.T.);
#4779=EDGE_CURVE('',#3748,#3749,#2297,.T.);
#4780=EDGE_CURVE('',#3748,#3742,#648,.T.);
#4781=EDGE_CURVE('',#3744,#3749,#649,.T.);
#4782=EDGE_CURVE('',#3750,#3751,#2298,.T.);
#4783=EDGE_CURVE('',#3750,#3752,#2299,.T.);
#4784=EDGE_CURVE('',#3753,#3752,#2300,.T.);
#4785=EDGE_CURVE('',#3751,#3753,#2301,.T.);
#4786=EDGE_CURVE('',#3751,#3754,#2302,.T.);
#4787=EDGE_CURVE('',#3755,#3753,#2303,.T.);
#4788=EDGE_CURVE('',#3754,#3755,#2304,.T.);
#4789=EDGE_CURVE('',#3754,#3756,#650,.T.);
#4790=EDGE_CURVE('',#3757,#3755,#651,.T.);
#4791=EDGE_CURVE('',#3756,#3757,#2305,.T.);
#4792=EDGE_CURVE('',#3756,#3750,#2306,.T.);
#4793=EDGE_CURVE('',#3752,#3757,#2307,.T.);
#4794=EDGE_CURVE('',#3758,#3759,#2308,.T.);
#4795=EDGE_CURVE('',#3758,#3760,#2309,.T.);
#4796=EDGE_CURVE('',#3761,#3760,#2310,.T.);
#4797=EDGE_CURVE('',#3759,#3761,#2311,.T.);
#4798=EDGE_CURVE('',#3759,#3762,#2312,.T.);
#4799=EDGE_CURVE('',#3763,#3761,#2313,.T.);
#4800=EDGE_CURVE('',#3762,#3763,#2314,.T.);
#4801=EDGE_CURVE('',#3762,#3764,#652,.T.);
#4802=EDGE_CURVE('',#3765,#3763,#653,.T.);
#4803=EDGE_CURVE('',#3764,#3765,#2315,.T.);
#4804=EDGE_CURVE('',#3764,#3758,#2316,.T.);
#4805=EDGE_CURVE('',#3760,#3765,#2317,.T.);
#4806=ORIENTED_EDGE('',*,*,#3766,.F.);
#4807=ORIENTED_EDGE('',*,*,#3767,.T.);
#4808=ORIENTED_EDGE('',*,*,#3768,.T.);
#4809=ORIENTED_EDGE('',*,*,#3769,.F.);
#4810=ORIENTED_EDGE('',*,*,#3770,.F.);
#4811=ORIENTED_EDGE('',*,*,#3771,.T.);
#4812=ORIENTED_EDGE('',*,*,#3772,.T.);
#4813=ORIENTED_EDGE('',*,*,#3767,.F.);
#4814=ORIENTED_EDGE('',*,*,#3773,.F.);
#4815=ORIENTED_EDGE('',*,*,#3774,.F.);
#4816=ORIENTED_EDGE('',*,*,#3775,.T.);
#4817=ORIENTED_EDGE('',*,*,#3771,.F.);
#4818=ORIENTED_EDGE('',*,*,#3775,.F.);
#4819=ORIENTED_EDGE('',*,*,#3776,.F.);
#4820=ORIENTED_EDGE('',*,*,#3768,.F.);
#4821=ORIENTED_EDGE('',*,*,#3772,.F.);
#4822=ORIENTED_EDGE('',*,*,#3777,.F.);
#4823=ORIENTED_EDGE('',*,*,#3778,.T.);
#4824=ORIENTED_EDGE('',*,*,#3779,.T.);
#4825=ORIENTED_EDGE('',*,*,#3780,.F.);
#4826=ORIENTED_EDGE('',*,*,#3781,.F.);
#4827=ORIENTED_EDGE('',*,*,#3782,.T.);
#4828=ORIENTED_EDGE('',*,*,#3783,.T.);
#4829=ORIENTED_EDGE('',*,*,#3778,.F.);
#4830=ORIENTED_EDGE('',*,*,#3784,.F.);
#4831=ORIENTED_EDGE('',*,*,#3785,.F.);
#4832=ORIENTED_EDGE('',*,*,#3786,.T.);
#4833=ORIENTED_EDGE('',*,*,#3782,.F.);
#4834=ORIENTED_EDGE('',*,*,#3786,.F.);
#4835=ORIENTED_EDGE('',*,*,#3787,.F.);
#4836=ORIENTED_EDGE('',*,*,#3779,.F.);
#4837=ORIENTED_EDGE('',*,*,#3783,.F.);
#4838=ORIENTED_EDGE('',*,*,#3788,.F.);
#4839=ORIENTED_EDGE('',*,*,#3789,.T.);
#4840=ORIENTED_EDGE('',*,*,#3790,.T.);
#4841=ORIENTED_EDGE('',*,*,#3791,.F.);
#4842=ORIENTED_EDGE('',*,*,#3792,.F.);
#4843=ORIENTED_EDGE('',*,*,#3793,.T.);
#4844=ORIENTED_EDGE('',*,*,#3794,.T.);
#4845=ORIENTED_EDGE('',*,*,#3789,.F.);
#4846=ORIENTED_EDGE('',*,*,#3795,.F.);
#4847=ORIENTED_EDGE('',*,*,#3796,.F.);
#4848=ORIENTED_EDGE('',*,*,#3797,.T.);
#4849=ORIENTED_EDGE('',*,*,#3793,.F.);
#4850=ORIENTED_EDGE('',*,*,#3797,.F.);
#4851=ORIENTED_EDGE('',*,*,#3798,.F.);
#4852=ORIENTED_EDGE('',*,*,#3790,.F.);
#4853=ORIENTED_EDGE('',*,*,#3794,.F.);
#4854=ORIENTED_EDGE('',*,*,#3799,.F.);
#4855=ORIENTED_EDGE('',*,*,#3800,.T.);
#4856=ORIENTED_EDGE('',*,*,#3801,.T.);
#4857=ORIENTED_EDGE('',*,*,#3802,.F.);
#4858=ORIENTED_EDGE('',*,*,#3803,.F.);
#4859=ORIENTED_EDGE('',*,*,#3804,.T.);
#4860=ORIENTED_EDGE('',*,*,#3805,.T.);
#4861=ORIENTED_EDGE('',*,*,#3800,.F.);
#4862=ORIENTED_EDGE('',*,*,#3806,.F.);
#4863=ORIENTED_EDGE('',*,*,#3807,.F.);
#4864=ORIENTED_EDGE('',*,*,#3808,.T.);
#4865=ORIENTED_EDGE('',*,*,#3804,.F.);
#4866=ORIENTED_EDGE('',*,*,#3808,.F.);
#4867=ORIENTED_EDGE('',*,*,#3809,.F.);
#4868=ORIENTED_EDGE('',*,*,#3801,.F.);
#4869=ORIENTED_EDGE('',*,*,#3805,.F.);
#4870=ORIENTED_EDGE('',*,*,#3773,.T.);
#4871=ORIENTED_EDGE('',*,*,#3770,.T.);
#4872=ORIENTED_EDGE('',*,*,#3766,.T.);
#4873=ORIENTED_EDGE('',*,*,#3810,.F.);
#4874=ORIENTED_EDGE('',*,*,#3784,.T.);
#4875=ORIENTED_EDGE('',*,*,#3781,.T.);
#4876=ORIENTED_EDGE('',*,*,#3777,.T.);
#4877=ORIENTED_EDGE('',*,*,#3811,.F.);
#4878=ORIENTED_EDGE('',*,*,#3795,.T.);
#4879=ORIENTED_EDGE('',*,*,#3792,.T.);
#4880=ORIENTED_EDGE('',*,*,#3788,.T.);
#4881=ORIENTED_EDGE('',*,*,#3812,.F.);
#4882=ORIENTED_EDGE('',*,*,#3806,.T.);
#4883=ORIENTED_EDGE('',*,*,#3803,.T.);
#4884=ORIENTED_EDGE('',*,*,#3799,.T.);
#4885=ORIENTED_EDGE('',*,*,#3813,.F.);
#4886=ORIENTED_EDGE('',*,*,#3814,.T.);
#4887=ORIENTED_EDGE('',*,*,#3815,.T.);
#4888=ORIENTED_EDGE('',*,*,#3816,.T.);
#4889=ORIENTED_EDGE('',*,*,#3817,.F.);
#4890=ORIENTED_EDGE('',*,*,#3818,.F.);
#4891=ORIENTED_EDGE('',*,*,#3819,.F.);
#4892=ORIENTED_EDGE('',*,*,#3820,.T.);
#4893=ORIENTED_EDGE('',*,*,#3821,.T.);
#4894=ORIENTED_EDGE('',*,*,#3822,.T.);
#4895=ORIENTED_EDGE('',*,*,#3823,.F.);
#4896=ORIENTED_EDGE('',*,*,#3824,.T.);
#4897=ORIENTED_EDGE('',*,*,#3825,.T.);
#4898=ORIENTED_EDGE('',*,*,#3826,.T.);
#4899=ORIENTED_EDGE('',*,*,#3827,.F.);
#4900=ORIENTED_EDGE('',*,*,#3828,.T.);
#4901=ORIENTED_EDGE('',*,*,#3829,.T.);
#4902=ORIENTED_EDGE('',*,*,#3830,.T.);
#4903=ORIENTED_EDGE('',*,*,#3831,.F.);
#4904=ORIENTED_EDGE('',*,*,#3832,.T.);
#4905=ORIENTED_EDGE('',*,*,#3833,.T.);
#4906=ORIENTED_EDGE('',*,*,#3834,.T.);
#4907=ORIENTED_EDGE('',*,*,#3835,.F.);
#4908=ORIENTED_EDGE('',*,*,#3836,.T.);
#4909=ORIENTED_EDGE('',*,*,#3837,.T.);
#4910=ORIENTED_EDGE('',*,*,#3838,.T.);
#4911=ORIENTED_EDGE('',*,*,#3839,.F.);
#4912=ORIENTED_EDGE('',*,*,#3840,.F.);
#4913=ORIENTED_EDGE('',*,*,#3841,.F.);
#4914=ORIENTED_EDGE('',*,*,#3842,.T.);
#4915=ORIENTED_EDGE('',*,*,#3843,.T.);
#4916=ORIENTED_EDGE('',*,*,#3844,.T.);
#4917=ORIENTED_EDGE('',*,*,#3845,.F.);
#4918=ORIENTED_EDGE('',*,*,#3846,.T.);
#4919=ORIENTED_EDGE('',*,*,#3847,.T.);
#4920=ORIENTED_EDGE('',*,*,#3848,.T.);
#4921=ORIENTED_EDGE('',*,*,#3849,.F.);
#4922=ORIENTED_EDGE('',*,*,#3850,.T.);
#4923=ORIENTED_EDGE('',*,*,#3851,.T.);
#4924=ORIENTED_EDGE('',*,*,#3852,.T.);
#4925=ORIENTED_EDGE('',*,*,#3853,.F.);
#4926=ORIENTED_EDGE('',*,*,#3854,.T.);
#4927=ORIENTED_EDGE('',*,*,#3855,.T.);
#4928=ORIENTED_EDGE('',*,*,#3856,.T.);
#4929=ORIENTED_EDGE('',*,*,#3857,.F.);
#4930=ORIENTED_EDGE('',*,*,#3858,.T.);
#4931=ORIENTED_EDGE('',*,*,#3859,.T.);
#4932=ORIENTED_EDGE('',*,*,#3860,.T.);
#4933=ORIENTED_EDGE('',*,*,#3861,.F.);
#4934=ORIENTED_EDGE('',*,*,#3862,.F.);
#4935=ORIENTED_EDGE('',*,*,#3863,.F.);
#4936=ORIENTED_EDGE('',*,*,#3864,.T.);
#4937=ORIENTED_EDGE('',*,*,#3865,.T.);
#4938=ORIENTED_EDGE('',*,*,#3866,.T.);
#4939=ORIENTED_EDGE('',*,*,#3867,.F.);
#4940=ORIENTED_EDGE('',*,*,#3868,.T.);
#4941=ORIENTED_EDGE('',*,*,#3869,.T.);
#4942=ORIENTED_EDGE('',*,*,#3870,.T.);
#4943=ORIENTED_EDGE('',*,*,#3871,.F.);
#4944=ORIENTED_EDGE('',*,*,#3872,.T.);
#4945=ORIENTED_EDGE('',*,*,#3873,.T.);
#4946=ORIENTED_EDGE('',*,*,#3874,.T.);
#4947=ORIENTED_EDGE('',*,*,#3875,.F.);
#4948=ORIENTED_EDGE('',*,*,#3876,.T.);
#4949=ORIENTED_EDGE('',*,*,#3877,.T.);
#4950=ORIENTED_EDGE('',*,*,#3878,.T.);
#4951=ORIENTED_EDGE('',*,*,#3879,.F.);
#4952=ORIENTED_EDGE('',*,*,#3880,.T.);
#4953=ORIENTED_EDGE('',*,*,#3881,.T.);
#4954=ORIENTED_EDGE('',*,*,#3882,.T.);
#4955=ORIENTED_EDGE('',*,*,#3883,.F.);
#4956=ORIENTED_EDGE('',*,*,#3884,.F.);
#4957=ORIENTED_EDGE('',*,*,#3885,.F.);
#4958=ORIENTED_EDGE('',*,*,#3822,.F.);
#4959=ORIENTED_EDGE('',*,*,#3886,.T.);
#4960=ORIENTED_EDGE('',*,*,#3887,.T.);
#4961=ORIENTED_EDGE('',*,*,#3888,.F.);
#4962=ORIENTED_EDGE('',*,*,#3821,.F.);
#4963=ORIENTED_EDGE('',*,*,#3889,.T.);
#4964=ORIENTED_EDGE('',*,*,#3890,.T.);
#4965=ORIENTED_EDGE('',*,*,#3886,.F.);
#4966=ORIENTED_EDGE('',*,*,#3820,.F.);
#4967=ORIENTED_EDGE('',*,*,#3891,.F.);
#4968=ORIENTED_EDGE('',*,*,#3892,.T.);
#4969=ORIENTED_EDGE('',*,*,#3889,.F.);
#4970=ORIENTED_EDGE('',*,*,#3892,.F.);
#4971=ORIENTED_EDGE('',*,*,#3893,.F.);
#4972=ORIENTED_EDGE('',*,*,#3887,.F.);
#4973=ORIENTED_EDGE('',*,*,#3890,.F.);
#4974=ORIENTED_EDGE('',*,*,#3826,.F.);
#4975=ORIENTED_EDGE('',*,*,#3894,.T.);
#4976=ORIENTED_EDGE('',*,*,#3895,.T.);
#4977=ORIENTED_EDGE('',*,*,#3896,.F.);
#4978=ORIENTED_EDGE('',*,*,#3825,.F.);
#4979=ORIENTED_EDGE('',*,*,#3897,.T.);
#4980=ORIENTED_EDGE('',*,*,#3898,.T.);
#4981=ORIENTED_EDGE('',*,*,#3894,.F.);
#4982=ORIENTED_EDGE('',*,*,#3824,.F.);
#4983=ORIENTED_EDGE('',*,*,#3899,.F.);
#4984=ORIENTED_EDGE('',*,*,#3900,.T.);
#4985=ORIENTED_EDGE('',*,*,#3897,.F.);
#4986=ORIENTED_EDGE('',*,*,#3900,.F.);
#4987=ORIENTED_EDGE('',*,*,#3901,.F.);
#4988=ORIENTED_EDGE('',*,*,#3895,.F.);
#4989=ORIENTED_EDGE('',*,*,#3898,.F.);
#4990=ORIENTED_EDGE('',*,*,#3830,.F.);
#4991=ORIENTED_EDGE('',*,*,#3902,.T.);
#4992=ORIENTED_EDGE('',*,*,#3903,.T.);
#4993=ORIENTED_EDGE('',*,*,#3904,.F.);
#4994=ORIENTED_EDGE('',*,*,#3829,.F.);
#4995=ORIENTED_EDGE('',*,*,#3905,.T.);
#4996=ORIENTED_EDGE('',*,*,#3906,.T.);
#4997=ORIENTED_EDGE('',*,*,#3902,.F.);
#4998=ORIENTED_EDGE('',*,*,#3828,.F.);
#4999=ORIENTED_EDGE('',*,*,#3907,.F.);
#5000=ORIENTED_EDGE('',*,*,#3908,.T.);
#5001=ORIENTED_EDGE('',*,*,#3905,.F.);
#5002=ORIENTED_EDGE('',*,*,#3908,.F.);
#5003=ORIENTED_EDGE('',*,*,#3909,.F.);
#5004=ORIENTED_EDGE('',*,*,#3903,.F.);
#5005=ORIENTED_EDGE('',*,*,#3906,.F.);
#5006=ORIENTED_EDGE('',*,*,#3834,.F.);
#5007=ORIENTED_EDGE('',*,*,#3910,.T.);
#5008=ORIENTED_EDGE('',*,*,#3911,.T.);
#5009=ORIENTED_EDGE('',*,*,#3912,.F.);
#5010=ORIENTED_EDGE('',*,*,#3833,.F.);
#5011=ORIENTED_EDGE('',*,*,#3913,.T.);
#5012=ORIENTED_EDGE('',*,*,#3914,.T.);
#5013=ORIENTED_EDGE('',*,*,#3910,.F.);
#5014=ORIENTED_EDGE('',*,*,#3832,.F.);
#5015=ORIENTED_EDGE('',*,*,#3915,.F.);
#5016=ORIENTED_EDGE('',*,*,#3916,.T.);
#5017=ORIENTED_EDGE('',*,*,#3913,.F.);
#5018=ORIENTED_EDGE('',*,*,#3916,.F.);
#5019=ORIENTED_EDGE('',*,*,#3917,.F.);
#5020=ORIENTED_EDGE('',*,*,#3911,.F.);
#5021=ORIENTED_EDGE('',*,*,#3914,.F.);
#5022=ORIENTED_EDGE('',*,*,#3844,.F.);
#5023=ORIENTED_EDGE('',*,*,#3918,.T.);
#5024=ORIENTED_EDGE('',*,*,#3919,.T.);
#5025=ORIENTED_EDGE('',*,*,#3920,.F.);
#5026=ORIENTED_EDGE('',*,*,#3843,.F.);
#5027=ORIENTED_EDGE('',*,*,#3921,.T.);
#5028=ORIENTED_EDGE('',*,*,#3922,.T.);
#5029=ORIENTED_EDGE('',*,*,#3918,.F.);
#5030=ORIENTED_EDGE('',*,*,#3842,.F.);
#5031=ORIENTED_EDGE('',*,*,#3923,.F.);
#5032=ORIENTED_EDGE('',*,*,#3924,.T.);
#5033=ORIENTED_EDGE('',*,*,#3921,.F.);
#5034=ORIENTED_EDGE('',*,*,#3924,.F.);
#5035=ORIENTED_EDGE('',*,*,#3925,.F.);
#5036=ORIENTED_EDGE('',*,*,#3919,.F.);
#5037=ORIENTED_EDGE('',*,*,#3922,.F.);
#5038=ORIENTED_EDGE('',*,*,#3848,.F.);
#5039=ORIENTED_EDGE('',*,*,#3926,.T.);
#5040=ORIENTED_EDGE('',*,*,#3927,.T.);
#5041=ORIENTED_EDGE('',*,*,#3928,.F.);
#5042=ORIENTED_EDGE('',*,*,#3847,.F.);
#5043=ORIENTED_EDGE('',*,*,#3929,.T.);
#5044=ORIENTED_EDGE('',*,*,#3930,.T.);
#5045=ORIENTED_EDGE('',*,*,#3926,.F.);
#5046=ORIENTED_EDGE('',*,*,#3846,.F.);
#5047=ORIENTED_EDGE('',*,*,#3931,.F.);
#5048=ORIENTED_EDGE('',*,*,#3932,.T.);
#5049=ORIENTED_EDGE('',*,*,#3929,.F.);
#5050=ORIENTED_EDGE('',*,*,#3932,.F.);
#5051=ORIENTED_EDGE('',*,*,#3933,.F.);
#5052=ORIENTED_EDGE('',*,*,#3927,.F.);
#5053=ORIENTED_EDGE('',*,*,#3930,.F.);
#5054=ORIENTED_EDGE('',*,*,#3852,.F.);
#5055=ORIENTED_EDGE('',*,*,#3934,.T.);
#5056=ORIENTED_EDGE('',*,*,#3935,.T.);
#5057=ORIENTED_EDGE('',*,*,#3936,.F.);
#5058=ORIENTED_EDGE('',*,*,#3851,.F.);
#5059=ORIENTED_EDGE('',*,*,#3937,.T.);
#5060=ORIENTED_EDGE('',*,*,#3938,.T.);
#5061=ORIENTED_EDGE('',*,*,#3934,.F.);
#5062=ORIENTED_EDGE('',*,*,#3850,.F.);
#5063=ORIENTED_EDGE('',*,*,#3939,.F.);
#5064=ORIENTED_EDGE('',*,*,#3940,.T.);
#5065=ORIENTED_EDGE('',*,*,#3937,.F.);
#5066=ORIENTED_EDGE('',*,*,#3940,.F.);
#5067=ORIENTED_EDGE('',*,*,#3941,.F.);
#5068=ORIENTED_EDGE('',*,*,#3935,.F.);
#5069=ORIENTED_EDGE('',*,*,#3938,.F.);
#5070=ORIENTED_EDGE('',*,*,#3856,.F.);
#5071=ORIENTED_EDGE('',*,*,#3942,.T.);
#5072=ORIENTED_EDGE('',*,*,#3943,.T.);
#5073=ORIENTED_EDGE('',*,*,#3944,.F.);
#5074=ORIENTED_EDGE('',*,*,#3855,.F.);
#5075=ORIENTED_EDGE('',*,*,#3945,.T.);
#5076=ORIENTED_EDGE('',*,*,#3946,.T.);
#5077=ORIENTED_EDGE('',*,*,#3942,.F.);
#5078=ORIENTED_EDGE('',*,*,#3854,.F.);
#5079=ORIENTED_EDGE('',*,*,#3947,.F.);
#5080=ORIENTED_EDGE('',*,*,#3948,.T.);
#5081=ORIENTED_EDGE('',*,*,#3945,.F.);
#5082=ORIENTED_EDGE('',*,*,#3948,.F.);
#5083=ORIENTED_EDGE('',*,*,#3949,.F.);
#5084=ORIENTED_EDGE('',*,*,#3943,.F.);
#5085=ORIENTED_EDGE('',*,*,#3946,.F.);
#5086=ORIENTED_EDGE('',*,*,#3816,.F.);
#5087=ORIENTED_EDGE('',*,*,#3950,.T.);
#5088=ORIENTED_EDGE('',*,*,#3951,.T.);
#5089=ORIENTED_EDGE('',*,*,#3952,.F.);
#5090=ORIENTED_EDGE('',*,*,#3815,.F.);
#5091=ORIENTED_EDGE('',*,*,#3953,.T.);
#5092=ORIENTED_EDGE('',*,*,#3954,.T.);
#5093=ORIENTED_EDGE('',*,*,#3950,.F.);
#5094=ORIENTED_EDGE('',*,*,#3814,.F.);
#5095=ORIENTED_EDGE('',*,*,#3955,.F.);
#5096=ORIENTED_EDGE('',*,*,#3956,.T.);
#5097=ORIENTED_EDGE('',*,*,#3953,.F.);
#5098=ORIENTED_EDGE('',*,*,#3956,.F.);
#5099=ORIENTED_EDGE('',*,*,#3957,.F.);
#5100=ORIENTED_EDGE('',*,*,#3951,.F.);
#5101=ORIENTED_EDGE('',*,*,#3954,.F.);
#5102=ORIENTED_EDGE('',*,*,#3838,.F.);
#5103=ORIENTED_EDGE('',*,*,#3958,.T.);
#5104=ORIENTED_EDGE('',*,*,#3959,.T.);
#5105=ORIENTED_EDGE('',*,*,#3960,.F.);
#5106=ORIENTED_EDGE('',*,*,#3837,.F.);
#5107=ORIENTED_EDGE('',*,*,#3961,.T.);
#5108=ORIENTED_EDGE('',*,*,#3962,.T.);
#5109=ORIENTED_EDGE('',*,*,#3958,.F.);
#5110=ORIENTED_EDGE('',*,*,#3836,.F.);
#5111=ORIENTED_EDGE('',*,*,#3963,.F.);
#5112=ORIENTED_EDGE('',*,*,#3964,.T.);
#5113=ORIENTED_EDGE('',*,*,#3961,.F.);
#5114=ORIENTED_EDGE('',*,*,#3964,.F.);
#5115=ORIENTED_EDGE('',*,*,#3965,.F.);
#5116=ORIENTED_EDGE('',*,*,#3959,.F.);
#5117=ORIENTED_EDGE('',*,*,#3962,.F.);
#5118=ORIENTED_EDGE('',*,*,#3860,.F.);
#5119=ORIENTED_EDGE('',*,*,#3966,.T.);
#5120=ORIENTED_EDGE('',*,*,#3967,.T.);
#5121=ORIENTED_EDGE('',*,*,#3968,.F.);
#5122=ORIENTED_EDGE('',*,*,#3859,.F.);
#5123=ORIENTED_EDGE('',*,*,#3969,.T.);
#5124=ORIENTED_EDGE('',*,*,#3970,.T.);
#5125=ORIENTED_EDGE('',*,*,#3966,.F.);
#5126=ORIENTED_EDGE('',*,*,#3858,.F.);
#5127=ORIENTED_EDGE('',*,*,#3971,.F.);
#5128=ORIENTED_EDGE('',*,*,#3972,.T.);
#5129=ORIENTED_EDGE('',*,*,#3969,.F.);
#5130=ORIENTED_EDGE('',*,*,#3972,.F.);
#5131=ORIENTED_EDGE('',*,*,#3973,.F.);
#5132=ORIENTED_EDGE('',*,*,#3967,.F.);
#5133=ORIENTED_EDGE('',*,*,#3970,.F.);
#5134=ORIENTED_EDGE('',*,*,#3866,.F.);
#5135=ORIENTED_EDGE('',*,*,#3974,.T.);
#5136=ORIENTED_EDGE('',*,*,#3975,.T.);
#5137=ORIENTED_EDGE('',*,*,#3976,.F.);
#5138=ORIENTED_EDGE('',*,*,#3865,.F.);
#5139=ORIENTED_EDGE('',*,*,#3977,.T.);
#5140=ORIENTED_EDGE('',*,*,#3978,.T.);
#5141=ORIENTED_EDGE('',*,*,#3974,.F.);
#5142=ORIENTED_EDGE('',*,*,#3864,.F.);
#5143=ORIENTED_EDGE('',*,*,#3979,.F.);
#5144=ORIENTED_EDGE('',*,*,#3980,.T.);
#5145=ORIENTED_EDGE('',*,*,#3977,.F.);
#5146=ORIENTED_EDGE('',*,*,#3980,.F.);
#5147=ORIENTED_EDGE('',*,*,#3981,.F.);
#5148=ORIENTED_EDGE('',*,*,#3975,.F.);
#5149=ORIENTED_EDGE('',*,*,#3978,.F.);
#5150=ORIENTED_EDGE('',*,*,#3870,.F.);
#5151=ORIENTED_EDGE('',*,*,#3982,.T.);
#5152=ORIENTED_EDGE('',*,*,#3983,.T.);
#5153=ORIENTED_EDGE('',*,*,#3984,.F.);
#5154=ORIENTED_EDGE('',*,*,#3869,.F.);
#5155=ORIENTED_EDGE('',*,*,#3985,.T.);
#5156=ORIENTED_EDGE('',*,*,#3986,.T.);
#5157=ORIENTED_EDGE('',*,*,#3982,.F.);
#5158=ORIENTED_EDGE('',*,*,#3868,.F.);
#5159=ORIENTED_EDGE('',*,*,#3987,.F.);
#5160=ORIENTED_EDGE('',*,*,#3988,.T.);
#5161=ORIENTED_EDGE('',*,*,#3985,.F.);
#5162=ORIENTED_EDGE('',*,*,#3988,.F.);
#5163=ORIENTED_EDGE('',*,*,#3989,.F.);
#5164=ORIENTED_EDGE('',*,*,#3983,.F.);
#5165=ORIENTED_EDGE('',*,*,#3986,.F.);
#5166=ORIENTED_EDGE('',*,*,#3874,.F.);
#5167=ORIENTED_EDGE('',*,*,#3990,.T.);
#5168=ORIENTED_EDGE('',*,*,#3991,.T.);
#5169=ORIENTED_EDGE('',*,*,#3992,.F.);
#5170=ORIENTED_EDGE('',*,*,#3873,.F.);
#5171=ORIENTED_EDGE('',*,*,#3993,.T.);
#5172=ORIENTED_EDGE('',*,*,#3994,.T.);
#5173=ORIENTED_EDGE('',*,*,#3990,.F.);
#5174=ORIENTED_EDGE('',*,*,#3872,.F.);
#5175=ORIENTED_EDGE('',*,*,#3995,.F.);
#5176=ORIENTED_EDGE('',*,*,#3996,.T.);
#5177=ORIENTED_EDGE('',*,*,#3993,.F.);
#5178=ORIENTED_EDGE('',*,*,#3996,.F.);
#5179=ORIENTED_EDGE('',*,*,#3997,.F.);
#5180=ORIENTED_EDGE('',*,*,#3991,.F.);
#5181=ORIENTED_EDGE('',*,*,#3994,.F.);
#5182=ORIENTED_EDGE('',*,*,#3878,.F.);
#5183=ORIENTED_EDGE('',*,*,#3998,.T.);
#5184=ORIENTED_EDGE('',*,*,#3999,.T.);
#5185=ORIENTED_EDGE('',*,*,#4000,.F.);
#5186=ORIENTED_EDGE('',*,*,#3877,.F.);
#5187=ORIENTED_EDGE('',*,*,#4001,.T.);
#5188=ORIENTED_EDGE('',*,*,#4002,.T.);
#5189=ORIENTED_EDGE('',*,*,#3998,.F.);
#5190=ORIENTED_EDGE('',*,*,#3876,.F.);
#5191=ORIENTED_EDGE('',*,*,#4003,.F.);
#5192=ORIENTED_EDGE('',*,*,#4004,.T.);
#5193=ORIENTED_EDGE('',*,*,#4001,.F.);
#5194=ORIENTED_EDGE('',*,*,#4004,.F.);
#5195=ORIENTED_EDGE('',*,*,#4005,.F.);
#5196=ORIENTED_EDGE('',*,*,#3999,.F.);
#5197=ORIENTED_EDGE('',*,*,#4002,.F.);
#5198=ORIENTED_EDGE('',*,*,#3882,.F.);
#5199=ORIENTED_EDGE('',*,*,#4006,.T.);
#5200=ORIENTED_EDGE('',*,*,#4007,.T.);
#5201=ORIENTED_EDGE('',*,*,#4008,.F.);
#5202=ORIENTED_EDGE('',*,*,#3881,.F.);
#5203=ORIENTED_EDGE('',*,*,#4009,.T.);
#5204=ORIENTED_EDGE('',*,*,#4010,.T.);
#5205=ORIENTED_EDGE('',*,*,#4006,.F.);
#5206=ORIENTED_EDGE('',*,*,#3880,.F.);
#5207=ORIENTED_EDGE('',*,*,#4011,.F.);
#5208=ORIENTED_EDGE('',*,*,#4012,.T.);
#5209=ORIENTED_EDGE('',*,*,#4009,.F.);
#5210=ORIENTED_EDGE('',*,*,#4012,.F.);
#5211=ORIENTED_EDGE('',*,*,#4013,.F.);
#5212=ORIENTED_EDGE('',*,*,#4007,.F.);
#5213=ORIENTED_EDGE('',*,*,#4010,.F.);
#5214=ORIENTED_EDGE('',*,*,#4014,.F.);
#5215=ORIENTED_EDGE('',*,*,#4015,.F.);
#5216=ORIENTED_EDGE('',*,*,#4016,.F.);
#5217=ORIENTED_EDGE('',*,*,#3840,.T.);
#5218=ORIENTED_EDGE('',*,*,#4017,.T.);
#5219=ORIENTED_EDGE('',*,*,#4015,.T.);
#5220=ORIENTED_EDGE('',*,*,#4018,.T.);
#5221=ORIENTED_EDGE('',*,*,#4019,.F.);
#5222=ORIENTED_EDGE('',*,*,#4020,.F.);
#5223=ORIENTED_EDGE('',*,*,#4021,.F.);
#5224=ORIENTED_EDGE('',*,*,#3862,.T.);
#5225=ORIENTED_EDGE('',*,*,#4022,.T.);
#5226=ORIENTED_EDGE('',*,*,#4020,.T.);
#5227=ORIENTED_EDGE('',*,*,#4023,.T.);
#5228=ORIENTED_EDGE('',*,*,#4014,.T.);
#5229=ORIENTED_EDGE('',*,*,#4024,.T.);
#5230=ORIENTED_EDGE('',*,*,#4021,.T.);
#5231=ORIENTED_EDGE('',*,*,#4025,.T.);
#5232=ORIENTED_EDGE('',*,*,#4026,.F.);
#5233=ORIENTED_EDGE('',*,*,#4027,.F.);
#5234=ORIENTED_EDGE('',*,*,#4028,.F.);
#5235=ORIENTED_EDGE('',*,*,#3818,.T.);
#5236=ORIENTED_EDGE('',*,*,#4029,.T.);
#5237=ORIENTED_EDGE('',*,*,#4027,.T.);
#5238=ORIENTED_EDGE('',*,*,#4030,.T.);
#5239=ORIENTED_EDGE('',*,*,#4031,.F.);
#5240=ORIENTED_EDGE('',*,*,#4032,.F.);
#5241=ORIENTED_EDGE('',*,*,#4033,.F.);
#5242=ORIENTED_EDGE('',*,*,#3884,.T.);
#5243=ORIENTED_EDGE('',*,*,#4034,.T.);
#5244=ORIENTED_EDGE('',*,*,#4032,.T.);
#5245=ORIENTED_EDGE('',*,*,#4035,.T.);
#5246=ORIENTED_EDGE('',*,*,#4019,.T.);
#5247=ORIENTED_EDGE('',*,*,#4036,.T.);
#5248=ORIENTED_EDGE('',*,*,#4033,.T.);
#5249=ORIENTED_EDGE('',*,*,#4037,.T.);
#5250=ORIENTED_EDGE('',*,*,#4031,.T.);
#5251=ORIENTED_EDGE('',*,*,#4038,.T.);
#5252=ORIENTED_EDGE('',*,*,#4028,.T.);
#5253=ORIENTED_EDGE('',*,*,#4039,.T.);
#5254=ORIENTED_EDGE('',*,*,#4026,.T.);
#5255=ORIENTED_EDGE('',*,*,#4040,.T.);
#5256=ORIENTED_EDGE('',*,*,#4016,.T.);
#5257=ORIENTED_EDGE('',*,*,#4041,.T.);
#5258=ORIENTED_EDGE('',*,*,#3923,.T.);
#5259=ORIENTED_EDGE('',*,*,#3841,.T.);
#5260=ORIENTED_EDGE('',*,*,#4018,.F.);
#5261=ORIENTED_EDGE('',*,*,#4025,.F.);
#5262=ORIENTED_EDGE('',*,*,#4022,.F.);
#5263=ORIENTED_EDGE('',*,*,#3861,.T.);
#5264=ORIENTED_EDGE('',*,*,#3968,.T.);
#5265=ORIENTED_EDGE('',*,*,#3973,.T.);
#5266=ORIENTED_EDGE('',*,*,#3971,.T.);
#5267=ORIENTED_EDGE('',*,*,#3857,.T.);
#5268=ORIENTED_EDGE('',*,*,#3944,.T.);
#5269=ORIENTED_EDGE('',*,*,#3949,.T.);
#5270=ORIENTED_EDGE('',*,*,#3947,.T.);
#5271=ORIENTED_EDGE('',*,*,#3853,.T.);
#5272=ORIENTED_EDGE('',*,*,#3936,.T.);
#5273=ORIENTED_EDGE('',*,*,#3941,.T.);
#5274=ORIENTED_EDGE('',*,*,#3939,.T.);
#5275=ORIENTED_EDGE('',*,*,#3849,.T.);
#5276=ORIENTED_EDGE('',*,*,#3928,.T.);
#5277=ORIENTED_EDGE('',*,*,#3933,.T.);
#5278=ORIENTED_EDGE('',*,*,#3931,.T.);
#5279=ORIENTED_EDGE('',*,*,#3845,.T.);
#5280=ORIENTED_EDGE('',*,*,#3920,.T.);
#5281=ORIENTED_EDGE('',*,*,#3925,.T.);
#5282=ORIENTED_EDGE('',*,*,#3979,.T.);
#5283=ORIENTED_EDGE('',*,*,#3863,.T.);
#5284=ORIENTED_EDGE('',*,*,#4023,.F.);
#5285=ORIENTED_EDGE('',*,*,#4037,.F.);
#5286=ORIENTED_EDGE('',*,*,#4034,.F.);
#5287=ORIENTED_EDGE('',*,*,#3883,.T.);
#5288=ORIENTED_EDGE('',*,*,#4008,.T.);
#5289=ORIENTED_EDGE('',*,*,#4013,.T.);
#5290=ORIENTED_EDGE('',*,*,#4011,.T.);
#5291=ORIENTED_EDGE('',*,*,#3879,.T.);
#5292=ORIENTED_EDGE('',*,*,#4000,.T.);
#5293=ORIENTED_EDGE('',*,*,#4005,.T.);
#5294=ORIENTED_EDGE('',*,*,#4003,.T.);
#5295=ORIENTED_EDGE('',*,*,#3875,.T.);
#5296=ORIENTED_EDGE('',*,*,#3992,.T.);
#5297=ORIENTED_EDGE('',*,*,#3997,.T.);
#5298=ORIENTED_EDGE('',*,*,#3995,.T.);
#5299=ORIENTED_EDGE('',*,*,#3871,.T.);
#5300=ORIENTED_EDGE('',*,*,#3984,.T.);
#5301=ORIENTED_EDGE('',*,*,#3989,.T.);
#5302=ORIENTED_EDGE('',*,*,#3987,.T.);
#5303=ORIENTED_EDGE('',*,*,#3867,.T.);
#5304=ORIENTED_EDGE('',*,*,#3976,.T.);
#5305=ORIENTED_EDGE('',*,*,#3981,.T.);
#5306=ORIENTED_EDGE('',*,*,#4024,.F.);
#5307=ORIENTED_EDGE('',*,*,#4040,.F.);
#5308=ORIENTED_EDGE('',*,*,#4038,.F.);
#5309=ORIENTED_EDGE('',*,*,#4036,.F.);
#5310=ORIENTED_EDGE('',*,*,#4042,.T.);
#5311=ORIENTED_EDGE('',*,*,#4043,.T.);
#5312=ORIENTED_EDGE('',*,*,#4044,.T.);
#5313=ORIENTED_EDGE('',*,*,#4045,.T.);
#5314=ORIENTED_EDGE('',*,*,#4046,.T.);
#5315=ORIENTED_EDGE('',*,*,#4047,.T.);
#5316=ORIENTED_EDGE('',*,*,#4048,.T.);
#5317=ORIENTED_EDGE('',*,*,#4049,.T.);
#5318=ORIENTED_EDGE('',*,*,#4050,.T.);
#5319=ORIENTED_EDGE('',*,*,#4051,.T.);
#5320=ORIENTED_EDGE('',*,*,#4052,.T.);
#5321=ORIENTED_EDGE('',*,*,#4053,.T.);
#5322=ORIENTED_EDGE('',*,*,#4054,.T.);
#5323=ORIENTED_EDGE('',*,*,#4055,.T.);
#5324=ORIENTED_EDGE('',*,*,#4056,.T.);
#5325=ORIENTED_EDGE('',*,*,#4057,.T.);
#5326=ORIENTED_EDGE('',*,*,#4058,.T.);
#5327=ORIENTED_EDGE('',*,*,#4059,.T.);
#5328=ORIENTED_EDGE('',*,*,#4060,.T.);
#5329=ORIENTED_EDGE('',*,*,#4061,.T.);
#5330=ORIENTED_EDGE('',*,*,#4062,.T.);
#5331=ORIENTED_EDGE('',*,*,#4063,.T.);
#5332=ORIENTED_EDGE('',*,*,#4064,.T.);
#5333=ORIENTED_EDGE('',*,*,#4065,.T.);
#5334=ORIENTED_EDGE('',*,*,#4066,.T.);
#5335=ORIENTED_EDGE('',*,*,#4067,.T.);
#5336=ORIENTED_EDGE('',*,*,#4068,.T.);
#5337=ORIENTED_EDGE('',*,*,#4069,.T.);
#5338=ORIENTED_EDGE('',*,*,#4070,.T.);
#5339=ORIENTED_EDGE('',*,*,#4071,.T.);
#5340=ORIENTED_EDGE('',*,*,#4072,.T.);
#5341=ORIENTED_EDGE('',*,*,#4073,.T.);
#5342=ORIENTED_EDGE('',*,*,#4074,.T.);
#5343=ORIENTED_EDGE('',*,*,#4075,.T.);
#5344=ORIENTED_EDGE('',*,*,#4076,.T.);
#5345=ORIENTED_EDGE('',*,*,#4077,.T.);
#5346=ORIENTED_EDGE('',*,*,#4078,.T.);
#5347=ORIENTED_EDGE('',*,*,#4079,.T.);
#5348=ORIENTED_EDGE('',*,*,#4080,.T.);
#5349=ORIENTED_EDGE('',*,*,#4081,.T.);
#5350=ORIENTED_EDGE('',*,*,#4082,.T.);
#5351=ORIENTED_EDGE('',*,*,#4083,.T.);
#5352=ORIENTED_EDGE('',*,*,#4084,.T.);
#5353=ORIENTED_EDGE('',*,*,#4085,.T.);
#5354=ORIENTED_EDGE('',*,*,#4086,.T.);
#5355=ORIENTED_EDGE('',*,*,#4087,.T.);
#5356=ORIENTED_EDGE('',*,*,#4088,.T.);
#5357=ORIENTED_EDGE('',*,*,#4089,.T.);
#5358=ORIENTED_EDGE('',*,*,#4090,.T.);
#5359=ORIENTED_EDGE('',*,*,#4091,.T.);
#5360=ORIENTED_EDGE('',*,*,#4092,.T.);
#5361=ORIENTED_EDGE('',*,*,#4093,.T.);
#5362=ORIENTED_EDGE('',*,*,#4094,.T.);
#5363=ORIENTED_EDGE('',*,*,#4095,.T.);
#5364=ORIENTED_EDGE('',*,*,#4096,.T.);
#5365=ORIENTED_EDGE('',*,*,#4097,.T.);
#5366=ORIENTED_EDGE('',*,*,#4098,.T.);
#5367=ORIENTED_EDGE('',*,*,#4099,.T.);
#5368=ORIENTED_EDGE('',*,*,#4100,.T.);
#5369=ORIENTED_EDGE('',*,*,#4101,.T.);
#5370=ORIENTED_EDGE('',*,*,#4102,.T.);
#5371=ORIENTED_EDGE('',*,*,#4103,.T.);
#5372=ORIENTED_EDGE('',*,*,#4104,.T.);
#5373=ORIENTED_EDGE('',*,*,#4105,.T.);
#5374=ORIENTED_EDGE('',*,*,#4106,.T.);
#5375=ORIENTED_EDGE('',*,*,#4107,.T.);
#5376=ORIENTED_EDGE('',*,*,#4108,.T.);
#5377=ORIENTED_EDGE('',*,*,#4109,.T.);
#5378=ORIENTED_EDGE('',*,*,#4110,.T.);
#5379=ORIENTED_EDGE('',*,*,#4111,.T.);
#5380=ORIENTED_EDGE('',*,*,#4112,.T.);
#5381=ORIENTED_EDGE('',*,*,#4113,.T.);
#5382=ORIENTED_EDGE('',*,*,#4114,.T.);
#5383=ORIENTED_EDGE('',*,*,#4115,.T.);
#5384=ORIENTED_EDGE('',*,*,#4116,.T.);
#5385=ORIENTED_EDGE('',*,*,#4117,.T.);
#5386=ORIENTED_EDGE('',*,*,#4118,.T.);
#5387=ORIENTED_EDGE('',*,*,#4119,.T.);
#5388=ORIENTED_EDGE('',*,*,#4120,.T.);
#5389=ORIENTED_EDGE('',*,*,#4121,.T.);
#5390=ORIENTED_EDGE('',*,*,#4122,.T.);
#5391=ORIENTED_EDGE('',*,*,#4123,.T.);
#5392=ORIENTED_EDGE('',*,*,#4124,.T.);
#5393=ORIENTED_EDGE('',*,*,#4125,.T.);
#5394=ORIENTED_EDGE('',*,*,#4126,.T.);
#5395=ORIENTED_EDGE('',*,*,#4127,.T.);
#5396=ORIENTED_EDGE('',*,*,#4128,.T.);
#5397=ORIENTED_EDGE('',*,*,#4129,.T.);
#5398=ORIENTED_EDGE('',*,*,#4130,.T.);
#5399=ORIENTED_EDGE('',*,*,#4131,.T.);
#5400=ORIENTED_EDGE('',*,*,#4132,.T.);
#5401=ORIENTED_EDGE('',*,*,#4133,.T.);
#5402=ORIENTED_EDGE('',*,*,#4134,.T.);
#5403=ORIENTED_EDGE('',*,*,#4135,.T.);
#5404=ORIENTED_EDGE('',*,*,#4136,.T.);
#5405=ORIENTED_EDGE('',*,*,#4137,.T.);
#5406=ORIENTED_EDGE('',*,*,#4138,.T.);
#5407=ORIENTED_EDGE('',*,*,#4139,.T.);
#5408=ORIENTED_EDGE('',*,*,#4140,.T.);
#5409=ORIENTED_EDGE('',*,*,#4141,.T.);
#5410=ORIENTED_EDGE('',*,*,#4142,.T.);
#5411=ORIENTED_EDGE('',*,*,#4143,.T.);
#5412=ORIENTED_EDGE('',*,*,#4144,.T.);
#5413=ORIENTED_EDGE('',*,*,#4145,.T.);
#5414=ORIENTED_EDGE('',*,*,#4146,.T.);
#5415=ORIENTED_EDGE('',*,*,#4147,.T.);
#5416=ORIENTED_EDGE('',*,*,#4148,.T.);
#5417=ORIENTED_EDGE('',*,*,#4149,.T.);
#5418=ORIENTED_EDGE('',*,*,#4150,.T.);
#5419=ORIENTED_EDGE('',*,*,#4151,.T.);
#5420=ORIENTED_EDGE('',*,*,#4152,.T.);
#5421=ORIENTED_EDGE('',*,*,#4153,.T.);
#5422=ORIENTED_EDGE('',*,*,#4154,.T.);
#5423=ORIENTED_EDGE('',*,*,#4155,.T.);
#5424=ORIENTED_EDGE('',*,*,#4156,.T.);
#5425=ORIENTED_EDGE('',*,*,#4157,.T.);
#5426=ORIENTED_EDGE('',*,*,#4158,.T.);
#5427=ORIENTED_EDGE('',*,*,#4159,.T.);
#5428=ORIENTED_EDGE('',*,*,#4160,.T.);
#5429=ORIENTED_EDGE('',*,*,#4161,.T.);
#5430=ORIENTED_EDGE('',*,*,#4162,.T.);
#5431=ORIENTED_EDGE('',*,*,#4163,.T.);
#5432=ORIENTED_EDGE('',*,*,#4164,.T.);
#5433=ORIENTED_EDGE('',*,*,#4165,.T.);
#5434=ORIENTED_EDGE('',*,*,#4166,.T.);
#5435=ORIENTED_EDGE('',*,*,#4167,.T.);
#5436=ORIENTED_EDGE('',*,*,#4168,.T.);
#5437=ORIENTED_EDGE('',*,*,#4169,.T.);
#5438=ORIENTED_EDGE('',*,*,#4170,.T.);
#5439=ORIENTED_EDGE('',*,*,#4171,.T.);
#5440=ORIENTED_EDGE('',*,*,#4172,.F.);
#5441=ORIENTED_EDGE('',*,*,#4173,.T.);
#5442=ORIENTED_EDGE('',*,*,#4174,.T.);
#5443=ORIENTED_EDGE('',*,*,#4175,.F.);
#5444=ORIENTED_EDGE('',*,*,#4176,.F.);
#5445=ORIENTED_EDGE('',*,*,#4175,.T.);
#5446=ORIENTED_EDGE('',*,*,#4177,.T.);
#5447=ORIENTED_EDGE('',*,*,#4178,.F.);
#5448=ORIENTED_EDGE('',*,*,#4179,.F.);
#5449=ORIENTED_EDGE('',*,*,#4178,.T.);
#5450=ORIENTED_EDGE('',*,*,#4180,.T.);
#5451=ORIENTED_EDGE('',*,*,#4173,.F.);
#5452=ORIENTED_EDGE('',*,*,#4161,.F.);
#5453=ORIENTED_EDGE('',*,*,#4181,.T.);
#5454=ORIENTED_EDGE('',*,*,#4182,.T.);
#5455=ORIENTED_EDGE('',*,*,#4183,.F.);
#5456=ORIENTED_EDGE('',*,*,#4171,.F.);
#5457=ORIENTED_EDGE('',*,*,#4184,.T.);
#5458=ORIENTED_EDGE('',*,*,#4185,.T.);
#5459=ORIENTED_EDGE('',*,*,#4181,.F.);
#5460=ORIENTED_EDGE('',*,*,#4170,.F.);
#5461=ORIENTED_EDGE('',*,*,#4186,.T.);
#5462=ORIENTED_EDGE('',*,*,#4187,.T.);
#5463=ORIENTED_EDGE('',*,*,#4184,.F.);
#5464=ORIENTED_EDGE('',*,*,#4169,.F.);
#5465=ORIENTED_EDGE('',*,*,#4188,.T.);
#5466=ORIENTED_EDGE('',*,*,#4189,.T.);
#5467=ORIENTED_EDGE('',*,*,#4186,.F.);
#5468=ORIENTED_EDGE('',*,*,#4168,.F.);
#5469=ORIENTED_EDGE('',*,*,#4190,.T.);
#5470=ORIENTED_EDGE('',*,*,#4191,.T.);
#5471=ORIENTED_EDGE('',*,*,#4188,.F.);
#5472=ORIENTED_EDGE('',*,*,#4167,.F.);
#5473=ORIENTED_EDGE('',*,*,#4192,.T.);
#5474=ORIENTED_EDGE('',*,*,#4193,.T.);
#5475=ORIENTED_EDGE('',*,*,#4190,.F.);
#5476=ORIENTED_EDGE('',*,*,#4166,.F.);
#5477=ORIENTED_EDGE('',*,*,#4194,.T.);
#5478=ORIENTED_EDGE('',*,*,#4195,.T.);
#5479=ORIENTED_EDGE('',*,*,#4192,.F.);
#5480=ORIENTED_EDGE('',*,*,#4165,.F.);
#5481=ORIENTED_EDGE('',*,*,#4196,.T.);
#5482=ORIENTED_EDGE('',*,*,#4197,.T.);
#5483=ORIENTED_EDGE('',*,*,#4194,.F.);
#5484=ORIENTED_EDGE('',*,*,#4164,.F.);
#5485=ORIENTED_EDGE('',*,*,#4198,.T.);
#5486=ORIENTED_EDGE('',*,*,#4199,.T.);
#5487=ORIENTED_EDGE('',*,*,#4196,.F.);
#5488=ORIENTED_EDGE('',*,*,#4163,.F.);
#5489=ORIENTED_EDGE('',*,*,#4200,.T.);
#5490=ORIENTED_EDGE('',*,*,#4201,.T.);
#5491=ORIENTED_EDGE('',*,*,#4198,.F.);
#5492=ORIENTED_EDGE('',*,*,#4162,.F.);
#5493=ORIENTED_EDGE('',*,*,#4183,.T.);
#5494=ORIENTED_EDGE('',*,*,#4202,.T.);
#5495=ORIENTED_EDGE('',*,*,#4200,.F.);
#5496=ORIENTED_EDGE('',*,*,#4202,.F.);
#5497=ORIENTED_EDGE('',*,*,#4182,.F.);
#5498=ORIENTED_EDGE('',*,*,#4185,.F.);
#5499=ORIENTED_EDGE('',*,*,#4187,.F.);
#5500=ORIENTED_EDGE('',*,*,#4189,.F.);
#5501=ORIENTED_EDGE('',*,*,#4191,.F.);
#5502=ORIENTED_EDGE('',*,*,#4193,.F.);
#5503=ORIENTED_EDGE('',*,*,#4195,.F.);
#5504=ORIENTED_EDGE('',*,*,#4197,.F.);
#5505=ORIENTED_EDGE('',*,*,#4199,.F.);
#5506=ORIENTED_EDGE('',*,*,#4201,.F.);
#5507=ORIENTED_EDGE('',*,*,#4174,.F.);
#5508=ORIENTED_EDGE('',*,*,#4180,.F.);
#5509=ORIENTED_EDGE('',*,*,#4177,.F.);
#5510=ORIENTED_EDGE('',*,*,#4157,.F.);
#5511=ORIENTED_EDGE('',*,*,#4203,.T.);
#5512=ORIENTED_EDGE('',*,*,#4204,.T.);
#5513=ORIENTED_EDGE('',*,*,#4205,.F.);
#5514=ORIENTED_EDGE('',*,*,#4160,.F.);
#5515=ORIENTED_EDGE('',*,*,#4206,.T.);
#5516=ORIENTED_EDGE('',*,*,#4207,.T.);
#5517=ORIENTED_EDGE('',*,*,#4203,.F.);
#5518=ORIENTED_EDGE('',*,*,#4159,.F.);
#5519=ORIENTED_EDGE('',*,*,#4208,.T.);
#5520=ORIENTED_EDGE('',*,*,#4209,.T.);
#5521=ORIENTED_EDGE('',*,*,#4206,.F.);
#5522=ORIENTED_EDGE('',*,*,#4158,.F.);
#5523=ORIENTED_EDGE('',*,*,#4205,.T.);
#5524=ORIENTED_EDGE('',*,*,#4210,.T.);
#5525=ORIENTED_EDGE('',*,*,#4208,.F.);
#5526=ORIENTED_EDGE('',*,*,#4210,.F.);
#5527=ORIENTED_EDGE('',*,*,#4204,.F.);
#5528=ORIENTED_EDGE('',*,*,#4207,.F.);
#5529=ORIENTED_EDGE('',*,*,#4209,.F.);
#5530=ORIENTED_EDGE('',*,*,#4211,.F.);
#5531=ORIENTED_EDGE('',*,*,#4212,.T.);
#5532=ORIENTED_EDGE('',*,*,#4213,.T.);
#5533=ORIENTED_EDGE('',*,*,#4214,.F.);
#5534=ORIENTED_EDGE('',*,*,#4215,.F.);
#5535=ORIENTED_EDGE('',*,*,#4214,.T.);
#5536=ORIENTED_EDGE('',*,*,#4216,.T.);
#5537=ORIENTED_EDGE('',*,*,#4217,.F.);
#5538=ORIENTED_EDGE('',*,*,#4218,.F.);
#5539=ORIENTED_EDGE('',*,*,#4217,.T.);
#5540=ORIENTED_EDGE('',*,*,#4219,.T.);
#5541=ORIENTED_EDGE('',*,*,#4220,.F.);
#5542=ORIENTED_EDGE('',*,*,#4221,.F.);
#5543=ORIENTED_EDGE('',*,*,#4220,.T.);
#5544=ORIENTED_EDGE('',*,*,#4222,.T.);
#5545=ORIENTED_EDGE('',*,*,#4223,.F.);
#5546=ORIENTED_EDGE('',*,*,#4224,.F.);
#5547=ORIENTED_EDGE('',*,*,#4223,.T.);
#5548=ORIENTED_EDGE('',*,*,#4225,.T.);
#5549=ORIENTED_EDGE('',*,*,#4226,.F.);
#5550=ORIENTED_EDGE('',*,*,#4227,.F.);
#5551=ORIENTED_EDGE('',*,*,#4226,.T.);
#5552=ORIENTED_EDGE('',*,*,#4228,.T.);
#5553=ORIENTED_EDGE('',*,*,#4229,.F.);
#5554=ORIENTED_EDGE('',*,*,#4230,.F.);
#5555=ORIENTED_EDGE('',*,*,#4229,.T.);
#5556=ORIENTED_EDGE('',*,*,#4231,.T.);
#5557=ORIENTED_EDGE('',*,*,#4232,.F.);
#5558=ORIENTED_EDGE('',*,*,#4233,.F.);
#5559=ORIENTED_EDGE('',*,*,#4232,.T.);
#5560=ORIENTED_EDGE('',*,*,#4234,.T.);
#5561=ORIENTED_EDGE('',*,*,#4212,.F.);
#5562=ORIENTED_EDGE('',*,*,#4153,.F.);
#5563=ORIENTED_EDGE('',*,*,#4235,.T.);
#5564=ORIENTED_EDGE('',*,*,#4236,.T.);
#5565=ORIENTED_EDGE('',*,*,#4237,.F.);
#5566=ORIENTED_EDGE('',*,*,#4156,.F.);
#5567=ORIENTED_EDGE('',*,*,#4238,.T.);
#5568=ORIENTED_EDGE('',*,*,#4239,.T.);
#5569=ORIENTED_EDGE('',*,*,#4235,.F.);
#5570=ORIENTED_EDGE('',*,*,#4155,.F.);
#5571=ORIENTED_EDGE('',*,*,#4240,.T.);
#5572=ORIENTED_EDGE('',*,*,#4241,.T.);
#5573=ORIENTED_EDGE('',*,*,#4238,.F.);
#5574=ORIENTED_EDGE('',*,*,#4154,.F.);
#5575=ORIENTED_EDGE('',*,*,#4237,.T.);
#5576=ORIENTED_EDGE('',*,*,#4242,.T.);
#5577=ORIENTED_EDGE('',*,*,#4240,.F.);
#5578=ORIENTED_EDGE('',*,*,#4242,.F.);
#5579=ORIENTED_EDGE('',*,*,#4236,.F.);
#5580=ORIENTED_EDGE('',*,*,#4239,.F.);
#5581=ORIENTED_EDGE('',*,*,#4241,.F.);
#5582=ORIENTED_EDGE('',*,*,#4213,.F.);
#5583=ORIENTED_EDGE('',*,*,#4234,.F.);
#5584=ORIENTED_EDGE('',*,*,#4231,.F.);
#5585=ORIENTED_EDGE('',*,*,#4228,.F.);
#5586=ORIENTED_EDGE('',*,*,#4225,.F.);
#5587=ORIENTED_EDGE('',*,*,#4222,.F.);
#5588=ORIENTED_EDGE('',*,*,#4219,.F.);
#5589=ORIENTED_EDGE('',*,*,#4216,.F.);
#5590=ORIENTED_EDGE('',*,*,#4149,.F.);
#5591=ORIENTED_EDGE('',*,*,#4243,.T.);
#5592=ORIENTED_EDGE('',*,*,#4244,.T.);
#5593=ORIENTED_EDGE('',*,*,#4245,.F.);
#5594=ORIENTED_EDGE('',*,*,#4152,.F.);
#5595=ORIENTED_EDGE('',*,*,#4246,.T.);
#5596=ORIENTED_EDGE('',*,*,#4247,.T.);
#5597=ORIENTED_EDGE('',*,*,#4243,.F.);
#5598=ORIENTED_EDGE('',*,*,#4151,.F.);
#5599=ORIENTED_EDGE('',*,*,#4248,.T.);
#5600=ORIENTED_EDGE('',*,*,#4249,.T.);
#5601=ORIENTED_EDGE('',*,*,#4246,.F.);
#5602=ORIENTED_EDGE('',*,*,#4150,.F.);
#5603=ORIENTED_EDGE('',*,*,#4245,.T.);
#5604=ORIENTED_EDGE('',*,*,#4250,.T.);
#5605=ORIENTED_EDGE('',*,*,#4248,.F.);
#5606=ORIENTED_EDGE('',*,*,#4250,.F.);
#5607=ORIENTED_EDGE('',*,*,#4244,.F.);
#5608=ORIENTED_EDGE('',*,*,#4247,.F.);
#5609=ORIENTED_EDGE('',*,*,#4249,.F.);
#5610=ORIENTED_EDGE('',*,*,#4139,.F.);
#5611=ORIENTED_EDGE('',*,*,#4251,.T.);
#5612=ORIENTED_EDGE('',*,*,#4252,.T.);
#5613=ORIENTED_EDGE('',*,*,#4253,.F.);
#5614=ORIENTED_EDGE('',*,*,#4148,.F.);
#5615=ORIENTED_EDGE('',*,*,#4254,.T.);
#5616=ORIENTED_EDGE('',*,*,#4255,.T.);
#5617=ORIENTED_EDGE('',*,*,#4251,.F.);
#5618=ORIENTED_EDGE('',*,*,#4147,.F.);
#5619=ORIENTED_EDGE('',*,*,#4256,.T.);
#5620=ORIENTED_EDGE('',*,*,#4257,.T.);
#5621=ORIENTED_EDGE('',*,*,#4254,.F.);
#5622=ORIENTED_EDGE('',*,*,#4146,.F.);
#5623=ORIENTED_EDGE('',*,*,#4258,.T.);
#5624=ORIENTED_EDGE('',*,*,#4259,.T.);
#5625=ORIENTED_EDGE('',*,*,#4256,.F.);
#5626=ORIENTED_EDGE('',*,*,#4145,.F.);
#5627=ORIENTED_EDGE('',*,*,#4260,.T.);
#5628=ORIENTED_EDGE('',*,*,#4261,.T.);
#5629=ORIENTED_EDGE('',*,*,#4258,.F.);
#5630=ORIENTED_EDGE('',*,*,#4144,.F.);
#5631=ORIENTED_EDGE('',*,*,#4262,.T.);
#5632=ORIENTED_EDGE('',*,*,#4263,.T.);
#5633=ORIENTED_EDGE('',*,*,#4260,.F.);
#5634=ORIENTED_EDGE('',*,*,#4143,.F.);
#5635=ORIENTED_EDGE('',*,*,#4264,.T.);
#5636=ORIENTED_EDGE('',*,*,#4265,.T.);
#5637=ORIENTED_EDGE('',*,*,#4262,.F.);
#5638=ORIENTED_EDGE('',*,*,#4142,.F.);
#5639=ORIENTED_EDGE('',*,*,#4266,.T.);
#5640=ORIENTED_EDGE('',*,*,#4267,.T.);
#5641=ORIENTED_EDGE('',*,*,#4264,.F.);
#5642=ORIENTED_EDGE('',*,*,#4141,.F.);
#5643=ORIENTED_EDGE('',*,*,#4268,.T.);
#5644=ORIENTED_EDGE('',*,*,#4269,.T.);
#5645=ORIENTED_EDGE('',*,*,#4266,.F.);
#5646=ORIENTED_EDGE('',*,*,#4140,.F.);
#5647=ORIENTED_EDGE('',*,*,#4253,.T.);
#5648=ORIENTED_EDGE('',*,*,#4270,.T.);
#5649=ORIENTED_EDGE('',*,*,#4268,.F.);
#5650=ORIENTED_EDGE('',*,*,#4270,.F.);
#5651=ORIENTED_EDGE('',*,*,#4252,.F.);
#5652=ORIENTED_EDGE('',*,*,#4255,.F.);
#5653=ORIENTED_EDGE('',*,*,#4257,.F.);
#5654=ORIENTED_EDGE('',*,*,#4259,.F.);
#5655=ORIENTED_EDGE('',*,*,#4261,.F.);
#5656=ORIENTED_EDGE('',*,*,#4263,.F.);
#5657=ORIENTED_EDGE('',*,*,#4265,.F.);
#5658=ORIENTED_EDGE('',*,*,#4267,.F.);
#5659=ORIENTED_EDGE('',*,*,#4269,.F.);
#5660=ORIENTED_EDGE('',*,*,#4271,.F.);
#5661=ORIENTED_EDGE('',*,*,#4272,.T.);
#5662=ORIENTED_EDGE('',*,*,#4273,.T.);
#5663=ORIENTED_EDGE('',*,*,#4274,.F.);
#5664=ORIENTED_EDGE('',*,*,#4275,.F.);
#5665=ORIENTED_EDGE('',*,*,#4274,.T.);
#5666=ORIENTED_EDGE('',*,*,#4276,.T.);
#5667=ORIENTED_EDGE('',*,*,#4277,.F.);
#5668=ORIENTED_EDGE('',*,*,#4278,.F.);
#5669=ORIENTED_EDGE('',*,*,#4277,.T.);
#5670=ORIENTED_EDGE('',*,*,#4279,.T.);
#5671=ORIENTED_EDGE('',*,*,#4280,.F.);
#5672=ORIENTED_EDGE('',*,*,#4281,.F.);
#5673=ORIENTED_EDGE('',*,*,#4280,.T.);
#5674=ORIENTED_EDGE('',*,*,#4282,.T.);
#5675=ORIENTED_EDGE('',*,*,#4283,.F.);
#5676=ORIENTED_EDGE('',*,*,#4284,.F.);
#5677=ORIENTED_EDGE('',*,*,#4283,.T.);
#5678=ORIENTED_EDGE('',*,*,#4285,.T.);
#5679=ORIENTED_EDGE('',*,*,#4286,.F.);
#5680=ORIENTED_EDGE('',*,*,#4287,.F.);
#5681=ORIENTED_EDGE('',*,*,#4286,.T.);
#5682=ORIENTED_EDGE('',*,*,#4288,.T.);
#5683=ORIENTED_EDGE('',*,*,#4272,.F.);
#5684=ORIENTED_EDGE('',*,*,#4124,.F.);
#5685=ORIENTED_EDGE('',*,*,#4289,.T.);
#5686=ORIENTED_EDGE('',*,*,#4290,.T.);
#5687=ORIENTED_EDGE('',*,*,#4291,.F.);
#5688=ORIENTED_EDGE('',*,*,#4138,.F.);
#5689=ORIENTED_EDGE('',*,*,#4292,.T.);
#5690=ORIENTED_EDGE('',*,*,#4293,.T.);
#5691=ORIENTED_EDGE('',*,*,#4289,.F.);
#5692=ORIENTED_EDGE('',*,*,#4137,.F.);
#5693=ORIENTED_EDGE('',*,*,#4294,.T.);
#5694=ORIENTED_EDGE('',*,*,#4295,.T.);
#5695=ORIENTED_EDGE('',*,*,#4292,.F.);
#5696=ORIENTED_EDGE('',*,*,#4136,.F.);
#5697=ORIENTED_EDGE('',*,*,#4296,.T.);
#5698=ORIENTED_EDGE('',*,*,#4297,.T.);
#5699=ORIENTED_EDGE('',*,*,#4294,.F.);
#5700=ORIENTED_EDGE('',*,*,#4135,.F.);
#5701=ORIENTED_EDGE('',*,*,#4298,.T.);
#5702=ORIENTED_EDGE('',*,*,#4299,.T.);
#5703=ORIENTED_EDGE('',*,*,#4296,.F.);
#5704=ORIENTED_EDGE('',*,*,#4134,.F.);
#5705=ORIENTED_EDGE('',*,*,#4300,.T.);
#5706=ORIENTED_EDGE('',*,*,#4301,.T.);
#5707=ORIENTED_EDGE('',*,*,#4298,.F.);
#5708=ORIENTED_EDGE('',*,*,#4133,.F.);
#5709=ORIENTED_EDGE('',*,*,#4302,.T.);
#5710=ORIENTED_EDGE('',*,*,#4303,.T.);
#5711=ORIENTED_EDGE('',*,*,#4300,.F.);
#5712=ORIENTED_EDGE('',*,*,#4132,.F.);
#5713=ORIENTED_EDGE('',*,*,#4304,.T.);
#5714=ORIENTED_EDGE('',*,*,#4305,.T.);
#5715=ORIENTED_EDGE('',*,*,#4302,.F.);
#5716=ORIENTED_EDGE('',*,*,#4131,.F.);
#5717=ORIENTED_EDGE('',*,*,#4306,.T.);
#5718=ORIENTED_EDGE('',*,*,#4307,.T.);
#5719=ORIENTED_EDGE('',*,*,#4304,.F.);
#5720=ORIENTED_EDGE('',*,*,#4130,.F.);
#5721=ORIENTED_EDGE('',*,*,#4308,.T.);
#5722=ORIENTED_EDGE('',*,*,#4309,.T.);
#5723=ORIENTED_EDGE('',*,*,#4306,.F.);
#5724=ORIENTED_EDGE('',*,*,#4129,.F.);
#5725=ORIENTED_EDGE('',*,*,#4310,.T.);
#5726=ORIENTED_EDGE('',*,*,#4311,.T.);
#5727=ORIENTED_EDGE('',*,*,#4308,.F.);
#5728=ORIENTED_EDGE('',*,*,#4128,.F.);
#5729=ORIENTED_EDGE('',*,*,#4312,.T.);
#5730=ORIENTED_EDGE('',*,*,#4313,.T.);
#5731=ORIENTED_EDGE('',*,*,#4310,.F.);
#5732=ORIENTED_EDGE('',*,*,#4127,.F.);
#5733=ORIENTED_EDGE('',*,*,#4314,.T.);
#5734=ORIENTED_EDGE('',*,*,#4315,.T.);
#5735=ORIENTED_EDGE('',*,*,#4312,.F.);
#5736=ORIENTED_EDGE('',*,*,#4126,.F.);
#5737=ORIENTED_EDGE('',*,*,#4316,.T.);
#5738=ORIENTED_EDGE('',*,*,#4317,.T.);
#5739=ORIENTED_EDGE('',*,*,#4314,.F.);
#5740=ORIENTED_EDGE('',*,*,#4125,.F.);
#5741=ORIENTED_EDGE('',*,*,#4291,.T.);
#5742=ORIENTED_EDGE('',*,*,#4318,.T.);
#5743=ORIENTED_EDGE('',*,*,#4316,.F.);
#5744=ORIENTED_EDGE('',*,*,#4318,.F.);
#5745=ORIENTED_EDGE('',*,*,#4290,.F.);
#5746=ORIENTED_EDGE('',*,*,#4293,.F.);
#5747=ORIENTED_EDGE('',*,*,#4295,.F.);
#5748=ORIENTED_EDGE('',*,*,#4297,.F.);
#5749=ORIENTED_EDGE('',*,*,#4299,.F.);
#5750=ORIENTED_EDGE('',*,*,#4301,.F.);
#5751=ORIENTED_EDGE('',*,*,#4303,.F.);
#5752=ORIENTED_EDGE('',*,*,#4305,.F.);
#5753=ORIENTED_EDGE('',*,*,#4307,.F.);
#5754=ORIENTED_EDGE('',*,*,#4309,.F.);
#5755=ORIENTED_EDGE('',*,*,#4311,.F.);
#5756=ORIENTED_EDGE('',*,*,#4313,.F.);
#5757=ORIENTED_EDGE('',*,*,#4315,.F.);
#5758=ORIENTED_EDGE('',*,*,#4317,.F.);
#5759=ORIENTED_EDGE('',*,*,#4273,.F.);
#5760=ORIENTED_EDGE('',*,*,#4288,.F.);
#5761=ORIENTED_EDGE('',*,*,#4285,.F.);
#5762=ORIENTED_EDGE('',*,*,#4282,.F.);
#5763=ORIENTED_EDGE('',*,*,#4279,.F.);
#5764=ORIENTED_EDGE('',*,*,#4276,.F.);
#5765=ORIENTED_EDGE('',*,*,#4319,.F.);
#5766=ORIENTED_EDGE('',*,*,#4320,.T.);
#5767=ORIENTED_EDGE('',*,*,#4321,.T.);
#5768=ORIENTED_EDGE('',*,*,#4322,.F.);
#5769=ORIENTED_EDGE('',*,*,#4323,.F.);
#5770=ORIENTED_EDGE('',*,*,#4322,.T.);
#5771=ORIENTED_EDGE('',*,*,#4324,.T.);
#5772=ORIENTED_EDGE('',*,*,#4325,.F.);
#5773=ORIENTED_EDGE('',*,*,#4326,.F.);
#5774=ORIENTED_EDGE('',*,*,#4325,.T.);
#5775=ORIENTED_EDGE('',*,*,#4327,.T.);
#5776=ORIENTED_EDGE('',*,*,#4328,.F.);
#5777=ORIENTED_EDGE('',*,*,#4329,.F.);
#5778=ORIENTED_EDGE('',*,*,#4328,.T.);
#5779=ORIENTED_EDGE('',*,*,#4330,.T.);
#5780=ORIENTED_EDGE('',*,*,#4331,.F.);
#5781=ORIENTED_EDGE('',*,*,#4332,.F.);
#5782=ORIENTED_EDGE('',*,*,#4331,.T.);
#5783=ORIENTED_EDGE('',*,*,#4333,.T.);
#5784=ORIENTED_EDGE('',*,*,#4334,.F.);
#5785=ORIENTED_EDGE('',*,*,#4335,.F.);
#5786=ORIENTED_EDGE('',*,*,#4334,.T.);
#5787=ORIENTED_EDGE('',*,*,#4336,.T.);
#5788=ORIENTED_EDGE('',*,*,#4337,.F.);
#5789=ORIENTED_EDGE('',*,*,#4338,.F.);
#5790=ORIENTED_EDGE('',*,*,#4337,.T.);
#5791=ORIENTED_EDGE('',*,*,#4339,.T.);
#5792=ORIENTED_EDGE('',*,*,#4340,.F.);
#5793=ORIENTED_EDGE('',*,*,#4341,.F.);
#5794=ORIENTED_EDGE('',*,*,#4340,.T.);
#5795=ORIENTED_EDGE('',*,*,#4342,.T.);
#5796=ORIENTED_EDGE('',*,*,#4320,.F.);
#5797=ORIENTED_EDGE('',*,*,#4120,.F.);
#5798=ORIENTED_EDGE('',*,*,#4343,.T.);
#5799=ORIENTED_EDGE('',*,*,#4344,.T.);
#5800=ORIENTED_EDGE('',*,*,#4345,.F.);
#5801=ORIENTED_EDGE('',*,*,#4123,.F.);
#5802=ORIENTED_EDGE('',*,*,#4346,.T.);
#5803=ORIENTED_EDGE('',*,*,#4347,.T.);
#5804=ORIENTED_EDGE('',*,*,#4343,.F.);
#5805=ORIENTED_EDGE('',*,*,#4122,.F.);
#5806=ORIENTED_EDGE('',*,*,#4348,.T.);
#5807=ORIENTED_EDGE('',*,*,#4349,.T.);
#5808=ORIENTED_EDGE('',*,*,#4346,.F.);
#5809=ORIENTED_EDGE('',*,*,#4121,.F.);
#5810=ORIENTED_EDGE('',*,*,#4345,.T.);
#5811=ORIENTED_EDGE('',*,*,#4350,.T.);
#5812=ORIENTED_EDGE('',*,*,#4348,.F.);
#5813=ORIENTED_EDGE('',*,*,#4350,.F.);
#5814=ORIENTED_EDGE('',*,*,#4344,.F.);
#5815=ORIENTED_EDGE('',*,*,#4347,.F.);
#5816=ORIENTED_EDGE('',*,*,#4349,.F.);
#5817=ORIENTED_EDGE('',*,*,#4321,.F.);
#5818=ORIENTED_EDGE('',*,*,#4342,.F.);
#5819=ORIENTED_EDGE('',*,*,#4339,.F.);
#5820=ORIENTED_EDGE('',*,*,#4336,.F.);
#5821=ORIENTED_EDGE('',*,*,#4333,.F.);
#5822=ORIENTED_EDGE('',*,*,#4330,.F.);
#5823=ORIENTED_EDGE('',*,*,#4327,.F.);
#5824=ORIENTED_EDGE('',*,*,#4324,.F.);
#5825=ORIENTED_EDGE('',*,*,#4116,.F.);
#5826=ORIENTED_EDGE('',*,*,#4351,.T.);
#5827=ORIENTED_EDGE('',*,*,#4352,.T.);
#5828=ORIENTED_EDGE('',*,*,#4353,.F.);
#5829=ORIENTED_EDGE('',*,*,#4119,.F.);
#5830=ORIENTED_EDGE('',*,*,#4354,.T.);
#5831=ORIENTED_EDGE('',*,*,#4355,.T.);
#5832=ORIENTED_EDGE('',*,*,#4351,.F.);
#5833=ORIENTED_EDGE('',*,*,#4118,.F.);
#5834=ORIENTED_EDGE('',*,*,#4356,.T.);
#5835=ORIENTED_EDGE('',*,*,#4357,.T.);
#5836=ORIENTED_EDGE('',*,*,#4354,.F.);
#5837=ORIENTED_EDGE('',*,*,#4117,.F.);
#5838=ORIENTED_EDGE('',*,*,#4353,.T.);
#5839=ORIENTED_EDGE('',*,*,#4358,.T.);
#5840=ORIENTED_EDGE('',*,*,#4356,.F.);
#5841=ORIENTED_EDGE('',*,*,#4358,.F.);
#5842=ORIENTED_EDGE('',*,*,#4352,.F.);
#5843=ORIENTED_EDGE('',*,*,#4355,.F.);
#5844=ORIENTED_EDGE('',*,*,#4357,.F.);
#5845=ORIENTED_EDGE('',*,*,#4359,.F.);
#5846=ORIENTED_EDGE('',*,*,#4360,.T.);
#5847=ORIENTED_EDGE('',*,*,#4361,.T.);
#5848=ORIENTED_EDGE('',*,*,#4362,.F.);
#5849=ORIENTED_EDGE('',*,*,#4363,.F.);
#5850=ORIENTED_EDGE('',*,*,#4362,.T.);
#5851=ORIENTED_EDGE('',*,*,#4364,.T.);
#5852=ORIENTED_EDGE('',*,*,#4365,.F.);
#5853=ORIENTED_EDGE('',*,*,#4366,.F.);
#5854=ORIENTED_EDGE('',*,*,#4365,.T.);
#5855=ORIENTED_EDGE('',*,*,#4367,.T.);
#5856=ORIENTED_EDGE('',*,*,#4368,.F.);
#5857=ORIENTED_EDGE('',*,*,#4369,.F.);
#5858=ORIENTED_EDGE('',*,*,#4368,.T.);
#5859=ORIENTED_EDGE('',*,*,#4370,.T.);
#5860=ORIENTED_EDGE('',*,*,#4371,.F.);
#5861=ORIENTED_EDGE('',*,*,#4372,.F.);
#5862=ORIENTED_EDGE('',*,*,#4371,.T.);
#5863=ORIENTED_EDGE('',*,*,#4373,.T.);
#5864=ORIENTED_EDGE('',*,*,#4374,.F.);
#5865=ORIENTED_EDGE('',*,*,#4375,.F.);
#5866=ORIENTED_EDGE('',*,*,#4374,.T.);
#5867=ORIENTED_EDGE('',*,*,#4376,.T.);
#5868=ORIENTED_EDGE('',*,*,#4377,.F.);
#5869=ORIENTED_EDGE('',*,*,#4378,.F.);
#5870=ORIENTED_EDGE('',*,*,#4377,.T.);
#5871=ORIENTED_EDGE('',*,*,#4379,.T.);
#5872=ORIENTED_EDGE('',*,*,#4360,.F.);
#5873=ORIENTED_EDGE('',*,*,#4109,.F.);
#5874=ORIENTED_EDGE('',*,*,#4380,.T.);
#5875=ORIENTED_EDGE('',*,*,#4381,.T.);
#5876=ORIENTED_EDGE('',*,*,#4382,.F.);
#5877=ORIENTED_EDGE('',*,*,#4115,.F.);
#5878=ORIENTED_EDGE('',*,*,#4383,.T.);
#5879=ORIENTED_EDGE('',*,*,#4384,.T.);
#5880=ORIENTED_EDGE('',*,*,#4380,.F.);
#5881=ORIENTED_EDGE('',*,*,#4114,.F.);
#5882=ORIENTED_EDGE('',*,*,#4385,.T.);
#5883=ORIENTED_EDGE('',*,*,#4386,.T.);
#5884=ORIENTED_EDGE('',*,*,#4383,.F.);
#5885=ORIENTED_EDGE('',*,*,#4113,.F.);
#5886=ORIENTED_EDGE('',*,*,#4387,.T.);
#5887=ORIENTED_EDGE('',*,*,#4388,.T.);
#5888=ORIENTED_EDGE('',*,*,#4385,.F.);
#5889=ORIENTED_EDGE('',*,*,#4112,.F.);
#5890=ORIENTED_EDGE('',*,*,#4389,.T.);
#5891=ORIENTED_EDGE('',*,*,#4390,.T.);
#5892=ORIENTED_EDGE('',*,*,#4387,.F.);
#5893=ORIENTED_EDGE('',*,*,#4111,.F.);
#5894=ORIENTED_EDGE('',*,*,#4391,.T.);
#5895=ORIENTED_EDGE('',*,*,#4392,.T.);
#5896=ORIENTED_EDGE('',*,*,#4389,.F.);
#5897=ORIENTED_EDGE('',*,*,#4110,.F.);
#5898=ORIENTED_EDGE('',*,*,#4382,.T.);
#5899=ORIENTED_EDGE('',*,*,#4393,.T.);
#5900=ORIENTED_EDGE('',*,*,#4391,.F.);
#5901=ORIENTED_EDGE('',*,*,#4393,.F.);
#5902=ORIENTED_EDGE('',*,*,#4381,.F.);
#5903=ORIENTED_EDGE('',*,*,#4384,.F.);
#5904=ORIENTED_EDGE('',*,*,#4386,.F.);
#5905=ORIENTED_EDGE('',*,*,#4388,.F.);
#5906=ORIENTED_EDGE('',*,*,#4390,.F.);
#5907=ORIENTED_EDGE('',*,*,#4392,.F.);
#5908=ORIENTED_EDGE('',*,*,#4361,.F.);
#5909=ORIENTED_EDGE('',*,*,#4379,.F.);
#5910=ORIENTED_EDGE('',*,*,#4376,.F.);
#5911=ORIENTED_EDGE('',*,*,#4373,.F.);
#5912=ORIENTED_EDGE('',*,*,#4370,.F.);
#5913=ORIENTED_EDGE('',*,*,#4367,.F.);
#5914=ORIENTED_EDGE('',*,*,#4364,.F.);
#5915=ORIENTED_EDGE('',*,*,#4394,.T.);
#5916=ORIENTED_EDGE('',*,*,#4108,.F.);
#5917=ORIENTED_EDGE('',*,*,#4394,.F.);
#5918=ORIENTED_EDGE('',*,*,#4094,.F.);
#5919=ORIENTED_EDGE('',*,*,#4395,.T.);
#5920=ORIENTED_EDGE('',*,*,#4396,.T.);
#5921=ORIENTED_EDGE('',*,*,#4397,.F.);
#5922=ORIENTED_EDGE('',*,*,#4107,.F.);
#5923=ORIENTED_EDGE('',*,*,#4398,.T.);
#5924=ORIENTED_EDGE('',*,*,#4399,.T.);
#5925=ORIENTED_EDGE('',*,*,#4395,.F.);
#5926=ORIENTED_EDGE('',*,*,#4106,.F.);
#5927=ORIENTED_EDGE('',*,*,#4400,.T.);
#5928=ORIENTED_EDGE('',*,*,#4401,.T.);
#5929=ORIENTED_EDGE('',*,*,#4398,.F.);
#5930=ORIENTED_EDGE('',*,*,#4105,.F.);
#5931=ORIENTED_EDGE('',*,*,#4402,.T.);
#5932=ORIENTED_EDGE('',*,*,#4403,.T.);
#5933=ORIENTED_EDGE('',*,*,#4400,.F.);
#5934=ORIENTED_EDGE('',*,*,#4104,.F.);
#5935=ORIENTED_EDGE('',*,*,#4404,.T.);
#5936=ORIENTED_EDGE('',*,*,#4405,.T.);
#5937=ORIENTED_EDGE('',*,*,#4402,.F.);
#5938=ORIENTED_EDGE('',*,*,#4103,.F.);
#5939=ORIENTED_EDGE('',*,*,#4406,.T.);
#5940=ORIENTED_EDGE('',*,*,#4407,.T.);
#5941=ORIENTED_EDGE('',*,*,#4404,.F.);
#5942=ORIENTED_EDGE('',*,*,#4102,.F.);
#5943=ORIENTED_EDGE('',*,*,#4408,.T.);
#5944=ORIENTED_EDGE('',*,*,#4409,.T.);
#5945=ORIENTED_EDGE('',*,*,#4406,.F.);
#5946=ORIENTED_EDGE('',*,*,#4101,.F.);
#5947=ORIENTED_EDGE('',*,*,#4410,.T.);
#5948=ORIENTED_EDGE('',*,*,#4411,.T.);
#5949=ORIENTED_EDGE('',*,*,#4408,.F.);
#5950=ORIENTED_EDGE('',*,*,#4100,.F.);
#5951=ORIENTED_EDGE('',*,*,#4412,.T.);
#5952=ORIENTED_EDGE('',*,*,#4413,.T.);
#5953=ORIENTED_EDGE('',*,*,#4410,.F.);
#5954=ORIENTED_EDGE('',*,*,#4099,.F.);
#5955=ORIENTED_EDGE('',*,*,#4414,.T.);
#5956=ORIENTED_EDGE('',*,*,#4415,.T.);
#5957=ORIENTED_EDGE('',*,*,#4412,.F.);
#5958=ORIENTED_EDGE('',*,*,#4098,.F.);
#5959=ORIENTED_EDGE('',*,*,#4416,.T.);
#5960=ORIENTED_EDGE('',*,*,#4417,.T.);
#5961=ORIENTED_EDGE('',*,*,#4414,.F.);
#5962=ORIENTED_EDGE('',*,*,#4097,.F.);
#5963=ORIENTED_EDGE('',*,*,#4418,.T.);
#5964=ORIENTED_EDGE('',*,*,#4419,.T.);
#5965=ORIENTED_EDGE('',*,*,#4416,.F.);
#5966=ORIENTED_EDGE('',*,*,#4096,.F.);
#5967=ORIENTED_EDGE('',*,*,#4420,.T.);
#5968=ORIENTED_EDGE('',*,*,#4421,.T.);
#5969=ORIENTED_EDGE('',*,*,#4418,.F.);
#5970=ORIENTED_EDGE('',*,*,#4095,.F.);
#5971=ORIENTED_EDGE('',*,*,#4397,.T.);
#5972=ORIENTED_EDGE('',*,*,#4422,.T.);
#5973=ORIENTED_EDGE('',*,*,#4420,.F.);
#5974=ORIENTED_EDGE('',*,*,#4422,.F.);
#5975=ORIENTED_EDGE('',*,*,#4396,.F.);
#5976=ORIENTED_EDGE('',*,*,#4399,.F.);
#5977=ORIENTED_EDGE('',*,*,#4401,.F.);
#5978=ORIENTED_EDGE('',*,*,#4403,.F.);
#5979=ORIENTED_EDGE('',*,*,#4405,.F.);
#5980=ORIENTED_EDGE('',*,*,#4407,.F.);
#5981=ORIENTED_EDGE('',*,*,#4409,.F.);
#5982=ORIENTED_EDGE('',*,*,#4411,.F.);
#5983=ORIENTED_EDGE('',*,*,#4413,.F.);
#5984=ORIENTED_EDGE('',*,*,#4415,.F.);
#5985=ORIENTED_EDGE('',*,*,#4417,.F.);
#5986=ORIENTED_EDGE('',*,*,#4419,.F.);
#5987=ORIENTED_EDGE('',*,*,#4421,.F.);
#5988=ORIENTED_EDGE('',*,*,#4077,.F.);
#5989=ORIENTED_EDGE('',*,*,#4423,.T.);
#5990=ORIENTED_EDGE('',*,*,#4424,.T.);
#5991=ORIENTED_EDGE('',*,*,#4425,.F.);
#5992=ORIENTED_EDGE('',*,*,#4093,.F.);
#5993=ORIENTED_EDGE('',*,*,#4426,.T.);
#5994=ORIENTED_EDGE('',*,*,#4427,.T.);
#5995=ORIENTED_EDGE('',*,*,#4423,.F.);
#5996=ORIENTED_EDGE('',*,*,#4092,.F.);
#5997=ORIENTED_EDGE('',*,*,#4428,.T.);
#5998=ORIENTED_EDGE('',*,*,#4429,.T.);
#5999=ORIENTED_EDGE('',*,*,#4426,.F.);
#6000=ORIENTED_EDGE('',*,*,#4091,.F.);
#6001=ORIENTED_EDGE('',*,*,#4430,.T.);
#6002=ORIENTED_EDGE('',*,*,#4431,.T.);
#6003=ORIENTED_EDGE('',*,*,#4428,.F.);
#6004=ORIENTED_EDGE('',*,*,#4090,.F.);
#6005=ORIENTED_EDGE('',*,*,#4432,.T.);
#6006=ORIENTED_EDGE('',*,*,#4433,.T.);
#6007=ORIENTED_EDGE('',*,*,#4430,.F.);
#6008=ORIENTED_EDGE('',*,*,#4089,.F.);
#6009=ORIENTED_EDGE('',*,*,#4434,.T.);
#6010=ORIENTED_EDGE('',*,*,#4435,.T.);
#6011=ORIENTED_EDGE('',*,*,#4432,.F.);
#6012=ORIENTED_EDGE('',*,*,#4088,.F.);
#6013=ORIENTED_EDGE('',*,*,#4436,.T.);
#6014=ORIENTED_EDGE('',*,*,#4437,.T.);
#6015=ORIENTED_EDGE('',*,*,#4434,.F.);
#6016=ORIENTED_EDGE('',*,*,#4087,.F.);
#6017=ORIENTED_EDGE('',*,*,#4438,.T.);
#6018=ORIENTED_EDGE('',*,*,#4439,.T.);
#6019=ORIENTED_EDGE('',*,*,#4436,.F.);
#6020=ORIENTED_EDGE('',*,*,#4086,.F.);
#6021=ORIENTED_EDGE('',*,*,#4440,.T.);
#6022=ORIENTED_EDGE('',*,*,#4441,.T.);
#6023=ORIENTED_EDGE('',*,*,#4438,.F.);
#6024=ORIENTED_EDGE('',*,*,#4085,.F.);
#6025=ORIENTED_EDGE('',*,*,#4442,.T.);
#6026=ORIENTED_EDGE('',*,*,#4443,.T.);
#6027=ORIENTED_EDGE('',*,*,#4440,.F.);
#6028=ORIENTED_EDGE('',*,*,#4084,.F.);
#6029=ORIENTED_EDGE('',*,*,#4444,.T.);
#6030=ORIENTED_EDGE('',*,*,#4445,.T.);
#6031=ORIENTED_EDGE('',*,*,#4442,.F.);
#6032=ORIENTED_EDGE('',*,*,#4083,.F.);
#6033=ORIENTED_EDGE('',*,*,#4446,.T.);
#6034=ORIENTED_EDGE('',*,*,#4447,.T.);
#6035=ORIENTED_EDGE('',*,*,#4444,.F.);
#6036=ORIENTED_EDGE('',*,*,#4082,.F.);
#6037=ORIENTED_EDGE('',*,*,#4448,.T.);
#6038=ORIENTED_EDGE('',*,*,#4449,.T.);
#6039=ORIENTED_EDGE('',*,*,#4446,.F.);
#6040=ORIENTED_EDGE('',*,*,#4081,.F.);
#6041=ORIENTED_EDGE('',*,*,#4450,.T.);
#6042=ORIENTED_EDGE('',*,*,#4451,.T.);
#6043=ORIENTED_EDGE('',*,*,#4448,.F.);
#6044=ORIENTED_EDGE('',*,*,#4080,.F.);
#6045=ORIENTED_EDGE('',*,*,#4452,.T.);
#6046=ORIENTED_EDGE('',*,*,#4453,.T.);
#6047=ORIENTED_EDGE('',*,*,#4450,.F.);
#6048=ORIENTED_EDGE('',*,*,#4079,.F.);
#6049=ORIENTED_EDGE('',*,*,#4454,.T.);
#6050=ORIENTED_EDGE('',*,*,#4455,.T.);
#6051=ORIENTED_EDGE('',*,*,#4452,.F.);
#6052=ORIENTED_EDGE('',*,*,#4078,.F.);
#6053=ORIENTED_EDGE('',*,*,#4425,.T.);
#6054=ORIENTED_EDGE('',*,*,#4456,.T.);
#6055=ORIENTED_EDGE('',*,*,#4454,.F.);
#6056=ORIENTED_EDGE('',*,*,#4456,.F.);
#6057=ORIENTED_EDGE('',*,*,#4424,.F.);
#6058=ORIENTED_EDGE('',*,*,#4427,.F.);
#6059=ORIENTED_EDGE('',*,*,#4429,.F.);
#6060=ORIENTED_EDGE('',*,*,#4431,.F.);
#6061=ORIENTED_EDGE('',*,*,#4433,.F.);
#6062=ORIENTED_EDGE('',*,*,#4435,.F.);
#6063=ORIENTED_EDGE('',*,*,#4437,.F.);
#6064=ORIENTED_EDGE('',*,*,#4439,.F.);
#6065=ORIENTED_EDGE('',*,*,#4441,.F.);
#6066=ORIENTED_EDGE('',*,*,#4443,.F.);
#6067=ORIENTED_EDGE('',*,*,#4445,.F.);
#6068=ORIENTED_EDGE('',*,*,#4447,.F.);
#6069=ORIENTED_EDGE('',*,*,#4449,.F.);
#6070=ORIENTED_EDGE('',*,*,#4451,.F.);
#6071=ORIENTED_EDGE('',*,*,#4453,.F.);
#6072=ORIENTED_EDGE('',*,*,#4455,.F.);
#6073=ORIENTED_EDGE('',*,*,#4067,.F.);
#6074=ORIENTED_EDGE('',*,*,#4457,.T.);
#6075=ORIENTED_EDGE('',*,*,#4458,.T.);
#6076=ORIENTED_EDGE('',*,*,#4459,.F.);
#6077=ORIENTED_EDGE('',*,*,#4076,.F.);
#6078=ORIENTED_EDGE('',*,*,#4460,.T.);
#6079=ORIENTED_EDGE('',*,*,#4461,.T.);
#6080=ORIENTED_EDGE('',*,*,#4457,.F.);
#6081=ORIENTED_EDGE('',*,*,#4075,.F.);
#6082=ORIENTED_EDGE('',*,*,#4462,.T.);
#6083=ORIENTED_EDGE('',*,*,#4463,.T.);
#6084=ORIENTED_EDGE('',*,*,#4460,.F.);
#6085=ORIENTED_EDGE('',*,*,#4074,.F.);
#6086=ORIENTED_EDGE('',*,*,#4464,.T.);
#6087=ORIENTED_EDGE('',*,*,#4465,.T.);
#6088=ORIENTED_EDGE('',*,*,#4462,.F.);
#6089=ORIENTED_EDGE('',*,*,#4073,.F.);
#6090=ORIENTED_EDGE('',*,*,#4466,.T.);
#6091=ORIENTED_EDGE('',*,*,#4467,.T.);
#6092=ORIENTED_EDGE('',*,*,#4464,.F.);
#6093=ORIENTED_EDGE('',*,*,#4072,.F.);
#6094=ORIENTED_EDGE('',*,*,#4468,.T.);
#6095=ORIENTED_EDGE('',*,*,#4469,.T.);
#6096=ORIENTED_EDGE('',*,*,#4466,.F.);
#6097=ORIENTED_EDGE('',*,*,#4071,.F.);
#6098=ORIENTED_EDGE('',*,*,#4470,.T.);
#6099=ORIENTED_EDGE('',*,*,#4471,.T.);
#6100=ORIENTED_EDGE('',*,*,#4468,.F.);
#6101=ORIENTED_EDGE('',*,*,#4070,.F.);
#6102=ORIENTED_EDGE('',*,*,#4472,.T.);
#6103=ORIENTED_EDGE('',*,*,#4473,.T.);
#6104=ORIENTED_EDGE('',*,*,#4470,.F.);
#6105=ORIENTED_EDGE('',*,*,#4069,.F.);
#6106=ORIENTED_EDGE('',*,*,#4474,.T.);
#6107=ORIENTED_EDGE('',*,*,#4475,.T.);
#6108=ORIENTED_EDGE('',*,*,#4472,.F.);
#6109=ORIENTED_EDGE('',*,*,#4068,.F.);
#6110=ORIENTED_EDGE('',*,*,#4459,.T.);
#6111=ORIENTED_EDGE('',*,*,#4476,.T.);
#6112=ORIENTED_EDGE('',*,*,#4474,.F.);
#6113=ORIENTED_EDGE('',*,*,#4476,.F.);
#6114=ORIENTED_EDGE('',*,*,#4458,.F.);
#6115=ORIENTED_EDGE('',*,*,#4461,.F.);
#6116=ORIENTED_EDGE('',*,*,#4463,.F.);
#6117=ORIENTED_EDGE('',*,*,#4465,.F.);
#6118=ORIENTED_EDGE('',*,*,#4467,.F.);
#6119=ORIENTED_EDGE('',*,*,#4469,.F.);
#6120=ORIENTED_EDGE('',*,*,#4471,.F.);
#6121=ORIENTED_EDGE('',*,*,#4473,.F.);
#6122=ORIENTED_EDGE('',*,*,#4475,.F.);
#6123=ORIENTED_EDGE('',*,*,#4050,.F.);
#6124=ORIENTED_EDGE('',*,*,#4477,.T.);
#6125=ORIENTED_EDGE('',*,*,#4478,.T.);
#6126=ORIENTED_EDGE('',*,*,#4479,.F.);
#6127=ORIENTED_EDGE('',*,*,#4066,.F.);
#6128=ORIENTED_EDGE('',*,*,#4480,.T.);
#6129=ORIENTED_EDGE('',*,*,#4481,.T.);
#6130=ORIENTED_EDGE('',*,*,#4477,.F.);
#6131=ORIENTED_EDGE('',*,*,#4065,.F.);
#6132=ORIENTED_EDGE('',*,*,#4482,.T.);
#6133=ORIENTED_EDGE('',*,*,#4483,.T.);
#6134=ORIENTED_EDGE('',*,*,#4480,.F.);
#6135=ORIENTED_EDGE('',*,*,#4064,.F.);
#6136=ORIENTED_EDGE('',*,*,#4484,.T.);
#6137=ORIENTED_EDGE('',*,*,#4485,.T.);
#6138=ORIENTED_EDGE('',*,*,#4482,.F.);
#6139=ORIENTED_EDGE('',*,*,#4063,.F.);
#6140=ORIENTED_EDGE('',*,*,#4486,.T.);
#6141=ORIENTED_EDGE('',*,*,#4487,.T.);
#6142=ORIENTED_EDGE('',*,*,#4484,.F.);
#6143=ORIENTED_EDGE('',*,*,#4062,.F.);
#6144=ORIENTED_EDGE('',*,*,#4488,.T.);
#6145=ORIENTED_EDGE('',*,*,#4489,.T.);
#6146=ORIENTED_EDGE('',*,*,#4486,.F.);
#6147=ORIENTED_EDGE('',*,*,#4061,.F.);
#6148=ORIENTED_EDGE('',*,*,#4490,.T.);
#6149=ORIENTED_EDGE('',*,*,#4491,.T.);
#6150=ORIENTED_EDGE('',*,*,#4488,.F.);
#6151=ORIENTED_EDGE('',*,*,#4060,.F.);
#6152=ORIENTED_EDGE('',*,*,#4492,.T.);
#6153=ORIENTED_EDGE('',*,*,#4493,.T.);
#6154=ORIENTED_EDGE('',*,*,#4490,.F.);
#6155=ORIENTED_EDGE('',*,*,#4059,.F.);
#6156=ORIENTED_EDGE('',*,*,#4494,.T.);
#6157=ORIENTED_EDGE('',*,*,#4495,.T.);
#6158=ORIENTED_EDGE('',*,*,#4492,.F.);
#6159=ORIENTED_EDGE('',*,*,#4058,.F.);
#6160=ORIENTED_EDGE('',*,*,#4496,.T.);
#6161=ORIENTED_EDGE('',*,*,#4497,.T.);
#6162=ORIENTED_EDGE('',*,*,#4494,.F.);
#6163=ORIENTED_EDGE('',*,*,#4057,.F.);
#6164=ORIENTED_EDGE('',*,*,#4498,.T.);
#6165=ORIENTED_EDGE('',*,*,#4499,.T.);
#6166=ORIENTED_EDGE('',*,*,#4496,.F.);
#6167=ORIENTED_EDGE('',*,*,#4056,.F.);
#6168=ORIENTED_EDGE('',*,*,#4500,.T.);
#6169=ORIENTED_EDGE('',*,*,#4501,.T.);
#6170=ORIENTED_EDGE('',*,*,#4498,.F.);
#6171=ORIENTED_EDGE('',*,*,#4055,.F.);
#6172=ORIENTED_EDGE('',*,*,#4502,.T.);
#6173=ORIENTED_EDGE('',*,*,#4503,.T.);
#6174=ORIENTED_EDGE('',*,*,#4500,.F.);
#6175=ORIENTED_EDGE('',*,*,#4054,.F.);
#6176=ORIENTED_EDGE('',*,*,#4504,.T.);
#6177=ORIENTED_EDGE('',*,*,#4505,.T.);
#6178=ORIENTED_EDGE('',*,*,#4502,.F.);
#6179=ORIENTED_EDGE('',*,*,#4053,.F.);
#6180=ORIENTED_EDGE('',*,*,#4506,.T.);
#6181=ORIENTED_EDGE('',*,*,#4507,.T.);
#6182=ORIENTED_EDGE('',*,*,#4504,.F.);
#6183=ORIENTED_EDGE('',*,*,#4052,.F.);
#6184=ORIENTED_EDGE('',*,*,#4508,.T.);
#6185=ORIENTED_EDGE('',*,*,#4509,.T.);
#6186=ORIENTED_EDGE('',*,*,#4506,.F.);
#6187=ORIENTED_EDGE('',*,*,#4051,.F.);
#6188=ORIENTED_EDGE('',*,*,#4479,.T.);
#6189=ORIENTED_EDGE('',*,*,#4510,.T.);
#6190=ORIENTED_EDGE('',*,*,#4508,.F.);
#6191=ORIENTED_EDGE('',*,*,#4510,.F.);
#6192=ORIENTED_EDGE('',*,*,#4478,.F.);
#6193=ORIENTED_EDGE('',*,*,#4481,.F.);
#6194=ORIENTED_EDGE('',*,*,#4483,.F.);
#6195=ORIENTED_EDGE('',*,*,#4485,.F.);
#6196=ORIENTED_EDGE('',*,*,#4487,.F.);
#6197=ORIENTED_EDGE('',*,*,#4489,.F.);
#6198=ORIENTED_EDGE('',*,*,#4491,.F.);
#6199=ORIENTED_EDGE('',*,*,#4493,.F.);
#6200=ORIENTED_EDGE('',*,*,#4495,.F.);
#6201=ORIENTED_EDGE('',*,*,#4497,.F.);
#6202=ORIENTED_EDGE('',*,*,#4499,.F.);
#6203=ORIENTED_EDGE('',*,*,#4501,.F.);
#6204=ORIENTED_EDGE('',*,*,#4503,.F.);
#6205=ORIENTED_EDGE('',*,*,#4505,.F.);
#6206=ORIENTED_EDGE('',*,*,#4507,.F.);
#6207=ORIENTED_EDGE('',*,*,#4509,.F.);
#6208=ORIENTED_EDGE('',*,*,#4511,.F.);
#6209=ORIENTED_EDGE('',*,*,#4512,.T.);
#6210=ORIENTED_EDGE('',*,*,#4513,.T.);
#6211=ORIENTED_EDGE('',*,*,#4514,.F.);
#6212=ORIENTED_EDGE('',*,*,#4515,.F.);
#6213=ORIENTED_EDGE('',*,*,#4514,.T.);
#6214=ORIENTED_EDGE('',*,*,#4516,.T.);
#6215=ORIENTED_EDGE('',*,*,#4517,.F.);
#6216=ORIENTED_EDGE('',*,*,#4518,.F.);
#6217=ORIENTED_EDGE('',*,*,#4517,.T.);
#6218=ORIENTED_EDGE('',*,*,#4519,.T.);
#6219=ORIENTED_EDGE('',*,*,#4520,.F.);
#6220=ORIENTED_EDGE('',*,*,#4521,.F.);
#6221=ORIENTED_EDGE('',*,*,#4520,.T.);
#6222=ORIENTED_EDGE('',*,*,#4522,.T.);
#6223=ORIENTED_EDGE('',*,*,#4523,.F.);
#6224=ORIENTED_EDGE('',*,*,#4524,.F.);
#6225=ORIENTED_EDGE('',*,*,#4523,.T.);
#6226=ORIENTED_EDGE('',*,*,#4525,.T.);
#6227=ORIENTED_EDGE('',*,*,#4526,.F.);
#6228=ORIENTED_EDGE('',*,*,#4527,.F.);
#6229=ORIENTED_EDGE('',*,*,#4526,.T.);
#6230=ORIENTED_EDGE('',*,*,#4528,.T.);
#6231=ORIENTED_EDGE('',*,*,#4529,.F.);
#6232=ORIENTED_EDGE('',*,*,#4530,.F.);
#6233=ORIENTED_EDGE('',*,*,#4529,.T.);
#6234=ORIENTED_EDGE('',*,*,#4531,.T.);
#6235=ORIENTED_EDGE('',*,*,#4532,.F.);
#6236=ORIENTED_EDGE('',*,*,#4533,.F.);
#6237=ORIENTED_EDGE('',*,*,#4532,.T.);
#6238=ORIENTED_EDGE('',*,*,#4534,.T.);
#6239=ORIENTED_EDGE('',*,*,#4512,.F.);
#6240=ORIENTED_EDGE('',*,*,#4046,.F.);
#6241=ORIENTED_EDGE('',*,*,#4535,.T.);
#6242=ORIENTED_EDGE('',*,*,#4536,.T.);
#6243=ORIENTED_EDGE('',*,*,#4537,.F.);
#6244=ORIENTED_EDGE('',*,*,#4049,.F.);
#6245=ORIENTED_EDGE('',*,*,#4538,.T.);
#6246=ORIENTED_EDGE('',*,*,#4539,.T.);
#6247=ORIENTED_EDGE('',*,*,#4535,.F.);
#6248=ORIENTED_EDGE('',*,*,#4048,.F.);
#6249=ORIENTED_EDGE('',*,*,#4540,.T.);
#6250=ORIENTED_EDGE('',*,*,#4541,.T.);
#6251=ORIENTED_EDGE('',*,*,#4538,.F.);
#6252=ORIENTED_EDGE('',*,*,#4047,.F.);
#6253=ORIENTED_EDGE('',*,*,#4537,.T.);
#6254=ORIENTED_EDGE('',*,*,#4542,.T.);
#6255=ORIENTED_EDGE('',*,*,#4540,.F.);
#6256=ORIENTED_EDGE('',*,*,#4542,.F.);
#6257=ORIENTED_EDGE('',*,*,#4536,.F.);
#6258=ORIENTED_EDGE('',*,*,#4539,.F.);
#6259=ORIENTED_EDGE('',*,*,#4541,.F.);
#6260=ORIENTED_EDGE('',*,*,#4513,.F.);
#6261=ORIENTED_EDGE('',*,*,#4534,.F.);
#6262=ORIENTED_EDGE('',*,*,#4531,.F.);
#6263=ORIENTED_EDGE('',*,*,#4528,.F.);
#6264=ORIENTED_EDGE('',*,*,#4525,.F.);
#6265=ORIENTED_EDGE('',*,*,#4522,.F.);
#6266=ORIENTED_EDGE('',*,*,#4519,.F.);
#6267=ORIENTED_EDGE('',*,*,#4516,.F.);
#6268=ORIENTED_EDGE('',*,*,#4042,.F.);
#6269=ORIENTED_EDGE('',*,*,#4543,.T.);
#6270=ORIENTED_EDGE('',*,*,#4544,.T.);
#6271=ORIENTED_EDGE('',*,*,#4545,.F.);
#6272=ORIENTED_EDGE('',*,*,#4045,.F.);
#6273=ORIENTED_EDGE('',*,*,#4546,.T.);
#6274=ORIENTED_EDGE('',*,*,#4547,.T.);
#6275=ORIENTED_EDGE('',*,*,#4543,.F.);
#6276=ORIENTED_EDGE('',*,*,#4044,.F.);
#6277=ORIENTED_EDGE('',*,*,#4548,.T.);
#6278=ORIENTED_EDGE('',*,*,#4549,.T.);
#6279=ORIENTED_EDGE('',*,*,#4546,.F.);
#6280=ORIENTED_EDGE('',*,*,#4043,.F.);
#6281=ORIENTED_EDGE('',*,*,#4545,.T.);
#6282=ORIENTED_EDGE('',*,*,#4550,.T.);
#6283=ORIENTED_EDGE('',*,*,#4548,.F.);
#6284=ORIENTED_EDGE('',*,*,#4550,.F.);
#6285=ORIENTED_EDGE('',*,*,#4544,.F.);
#6286=ORIENTED_EDGE('',*,*,#4547,.F.);
#6287=ORIENTED_EDGE('',*,*,#4549,.F.);
#6288=ORIENTED_EDGE('',*,*,#4511,.T.);
#6289=ORIENTED_EDGE('',*,*,#4515,.T.);
#6290=ORIENTED_EDGE('',*,*,#4518,.T.);
#6291=ORIENTED_EDGE('',*,*,#4521,.T.);
#6292=ORIENTED_EDGE('',*,*,#4524,.T.);
#6293=ORIENTED_EDGE('',*,*,#4527,.T.);
#6294=ORIENTED_EDGE('',*,*,#4530,.T.);
#6295=ORIENTED_EDGE('',*,*,#4533,.T.);
#6296=ORIENTED_EDGE('',*,*,#4359,.T.);
#6297=ORIENTED_EDGE('',*,*,#4363,.T.);
#6298=ORIENTED_EDGE('',*,*,#4366,.T.);
#6299=ORIENTED_EDGE('',*,*,#4369,.T.);
#6300=ORIENTED_EDGE('',*,*,#4372,.T.);
#6301=ORIENTED_EDGE('',*,*,#4375,.T.);
#6302=ORIENTED_EDGE('',*,*,#4378,.T.);
#6303=ORIENTED_EDGE('',*,*,#4319,.T.);
#6304=ORIENTED_EDGE('',*,*,#4323,.T.);
#6305=ORIENTED_EDGE('',*,*,#4326,.T.);
#6306=ORIENTED_EDGE('',*,*,#4329,.T.);
#6307=ORIENTED_EDGE('',*,*,#4332,.T.);
#6308=ORIENTED_EDGE('',*,*,#4335,.T.);
#6309=ORIENTED_EDGE('',*,*,#4338,.T.);
#6310=ORIENTED_EDGE('',*,*,#4341,.T.);
#6311=ORIENTED_EDGE('',*,*,#4271,.T.);
#6312=ORIENTED_EDGE('',*,*,#4275,.T.);
#6313=ORIENTED_EDGE('',*,*,#4278,.T.);
#6314=ORIENTED_EDGE('',*,*,#4281,.T.);
#6315=ORIENTED_EDGE('',*,*,#4284,.T.);
#6316=ORIENTED_EDGE('',*,*,#4287,.T.);
#6317=ORIENTED_EDGE('',*,*,#4211,.T.);
#6318=ORIENTED_EDGE('',*,*,#4215,.T.);
#6319=ORIENTED_EDGE('',*,*,#4218,.T.);
#6320=ORIENTED_EDGE('',*,*,#4221,.T.);
#6321=ORIENTED_EDGE('',*,*,#4224,.T.);
#6322=ORIENTED_EDGE('',*,*,#4227,.T.);
#6323=ORIENTED_EDGE('',*,*,#4230,.T.);
#6324=ORIENTED_EDGE('',*,*,#4233,.T.);
#6325=ORIENTED_EDGE('',*,*,#3774,.T.);
#6326=ORIENTED_EDGE('',*,*,#3885,.T.);
#6327=ORIENTED_EDGE('',*,*,#4035,.F.);
#6328=ORIENTED_EDGE('',*,*,#4039,.F.);
#6329=ORIENTED_EDGE('',*,*,#4029,.F.);
#6330=ORIENTED_EDGE('',*,*,#3817,.T.);
#6331=ORIENTED_EDGE('',*,*,#3952,.T.);
#6332=ORIENTED_EDGE('',*,*,#3957,.T.);
#6333=ORIENTED_EDGE('',*,*,#3955,.T.);
#6334=ORIENTED_EDGE('',*,*,#3813,.T.);
#6335=ORIENTED_EDGE('',*,*,#3802,.T.);
#6336=ORIENTED_EDGE('',*,*,#3809,.T.);
#6337=ORIENTED_EDGE('',*,*,#3807,.T.);
#6338=ORIENTED_EDGE('',*,*,#3812,.T.);
#6339=ORIENTED_EDGE('',*,*,#3791,.T.);
#6340=ORIENTED_EDGE('',*,*,#3798,.T.);
#6341=ORIENTED_EDGE('',*,*,#3796,.T.);
#6342=ORIENTED_EDGE('',*,*,#3811,.T.);
#6343=ORIENTED_EDGE('',*,*,#3780,.T.);
#6344=ORIENTED_EDGE('',*,*,#3787,.T.);
#6345=ORIENTED_EDGE('',*,*,#3785,.T.);
#6346=ORIENTED_EDGE('',*,*,#3810,.T.);
#6347=ORIENTED_EDGE('',*,*,#3769,.T.);
#6348=ORIENTED_EDGE('',*,*,#3776,.T.);
#6349=ORIENTED_EDGE('',*,*,#3891,.T.);
#6350=ORIENTED_EDGE('',*,*,#3819,.T.);
#6351=ORIENTED_EDGE('',*,*,#4030,.F.);
#6352=ORIENTED_EDGE('',*,*,#4041,.F.);
#6353=ORIENTED_EDGE('',*,*,#4017,.F.);
#6354=ORIENTED_EDGE('',*,*,#3839,.T.);
#6355=ORIENTED_EDGE('',*,*,#3960,.T.);
#6356=ORIENTED_EDGE('',*,*,#3965,.T.);
#6357=ORIENTED_EDGE('',*,*,#3963,.T.);
#6358=ORIENTED_EDGE('',*,*,#3835,.T.);
#6359=ORIENTED_EDGE('',*,*,#3912,.T.);
#6360=ORIENTED_EDGE('',*,*,#3917,.T.);
#6361=ORIENTED_EDGE('',*,*,#3915,.T.);
#6362=ORIENTED_EDGE('',*,*,#3831,.T.);
#6363=ORIENTED_EDGE('',*,*,#3904,.T.);
#6364=ORIENTED_EDGE('',*,*,#3909,.T.);
#6365=ORIENTED_EDGE('',*,*,#3907,.T.);
#6366=ORIENTED_EDGE('',*,*,#3827,.T.);
#6367=ORIENTED_EDGE('',*,*,#3896,.T.);
#6368=ORIENTED_EDGE('',*,*,#3901,.T.);
#6369=ORIENTED_EDGE('',*,*,#3899,.T.);
#6370=ORIENTED_EDGE('',*,*,#3823,.T.);
#6371=ORIENTED_EDGE('',*,*,#3888,.T.);
#6372=ORIENTED_EDGE('',*,*,#3893,.T.);
#6373=ORIENTED_EDGE('',*,*,#4172,.T.);
#6374=ORIENTED_EDGE('',*,*,#4176,.T.);
#6375=ORIENTED_EDGE('',*,*,#4179,.T.);
#6376=ORIENTED_EDGE('',*,*,#4551,.T.);
#6377=ORIENTED_EDGE('',*,*,#4552,.T.);
#6378=ORIENTED_EDGE('',*,*,#4553,.T.);
#6379=ORIENTED_EDGE('',*,*,#4554,.T.);
#6380=ORIENTED_EDGE('',*,*,#4553,.F.);
#6381=ORIENTED_EDGE('',*,*,#4555,.F.);
#6382=ORIENTED_EDGE('',*,*,#4556,.F.);
#6383=ORIENTED_EDGE('',*,*,#4557,.F.);
#6384=ORIENTED_EDGE('',*,*,#4558,.F.);
#6385=ORIENTED_EDGE('',*,*,#4552,.F.);
#6386=ORIENTED_EDGE('',*,*,#4559,.F.);
#6387=ORIENTED_EDGE('',*,*,#4560,.F.);
#6388=ORIENTED_EDGE('',*,*,#4555,.T.);
#6389=ORIENTED_EDGE('',*,*,#4554,.F.);
#6390=ORIENTED_EDGE('',*,*,#4558,.T.);
#6391=ORIENTED_EDGE('',*,*,#4561,.T.);
#6392=ORIENTED_EDGE('',*,*,#4562,.F.);
#6393=ORIENTED_EDGE('',*,*,#4556,.T.);
#6394=ORIENTED_EDGE('',*,*,#4560,.T.);
#6395=ORIENTED_EDGE('',*,*,#4563,.F.);
#6396=ORIENTED_EDGE('',*,*,#4564,.F.);
#6397=ORIENTED_EDGE('',*,*,#4557,.T.);
#6398=ORIENTED_EDGE('',*,*,#4564,.T.);
#6399=ORIENTED_EDGE('',*,*,#4565,.F.);
#6400=ORIENTED_EDGE('',*,*,#4561,.F.);
#6401=ORIENTED_EDGE('',*,*,#4551,.F.);
#6402=ORIENTED_EDGE('',*,*,#4562,.T.);
#6403=ORIENTED_EDGE('',*,*,#4565,.T.);
#6404=ORIENTED_EDGE('',*,*,#4563,.T.);
#6405=ORIENTED_EDGE('',*,*,#4559,.T.);
#6406=ORIENTED_EDGE('',*,*,#4566,.F.);
#6407=ORIENTED_EDGE('',*,*,#4567,.T.);
#6408=ORIENTED_EDGE('',*,*,#4568,.F.);
#6409=ORIENTED_EDGE('',*,*,#4569,.F.);
#6410=ORIENTED_EDGE('',*,*,#4570,.F.);
#6411=ORIENTED_EDGE('',*,*,#4569,.T.);
#6412=ORIENTED_EDGE('',*,*,#4571,.F.);
#6413=ORIENTED_EDGE('',*,*,#4572,.F.);
#6414=ORIENTED_EDGE('',*,*,#4573,.F.);
#6415=ORIENTED_EDGE('',*,*,#4572,.T.);
#6416=ORIENTED_EDGE('',*,*,#4574,.F.);
#6417=ORIENTED_EDGE('',*,*,#4575,.F.);
#6418=ORIENTED_EDGE('',*,*,#4576,.F.);
#6419=ORIENTED_EDGE('',*,*,#4575,.T.);
#6420=ORIENTED_EDGE('',*,*,#4577,.F.);
#6421=ORIENTED_EDGE('',*,*,#4567,.F.);
#6422=ORIENTED_EDGE('',*,*,#4576,.T.);
#6423=ORIENTED_EDGE('',*,*,#4566,.T.);
#6424=ORIENTED_EDGE('',*,*,#4570,.T.);
#6425=ORIENTED_EDGE('',*,*,#4573,.T.);
#6426=ORIENTED_EDGE('',*,*,#4577,.T.);
#6427=ORIENTED_EDGE('',*,*,#4574,.T.);
#6428=ORIENTED_EDGE('',*,*,#4571,.T.);
#6429=ORIENTED_EDGE('',*,*,#4568,.T.);
#6430=ORIENTED_EDGE('',*,*,#4578,.F.);
#6431=ORIENTED_EDGE('',*,*,#4579,.T.);
#6432=ORIENTED_EDGE('',*,*,#4580,.F.);
#6433=ORIENTED_EDGE('',*,*,#4581,.F.);
#6434=ORIENTED_EDGE('',*,*,#4582,.F.);
#6435=ORIENTED_EDGE('',*,*,#4581,.T.);
#6436=ORIENTED_EDGE('',*,*,#4583,.F.);
#6437=ORIENTED_EDGE('',*,*,#4584,.F.);
#6438=ORIENTED_EDGE('',*,*,#4585,.F.);
#6439=ORIENTED_EDGE('',*,*,#4584,.T.);
#6440=ORIENTED_EDGE('',*,*,#4586,.F.);
#6441=ORIENTED_EDGE('',*,*,#4587,.F.);
#6442=ORIENTED_EDGE('',*,*,#4588,.F.);
#6443=ORIENTED_EDGE('',*,*,#4587,.T.);
#6444=ORIENTED_EDGE('',*,*,#4589,.F.);
#6445=ORIENTED_EDGE('',*,*,#4579,.F.);
#6446=ORIENTED_EDGE('',*,*,#4588,.T.);
#6447=ORIENTED_EDGE('',*,*,#4578,.T.);
#6448=ORIENTED_EDGE('',*,*,#4582,.T.);
#6449=ORIENTED_EDGE('',*,*,#4585,.T.);
#6450=ORIENTED_EDGE('',*,*,#4589,.T.);
#6451=ORIENTED_EDGE('',*,*,#4586,.T.);
#6452=ORIENTED_EDGE('',*,*,#4583,.T.);
#6453=ORIENTED_EDGE('',*,*,#4580,.T.);
#6454=ORIENTED_EDGE('',*,*,#4590,.T.);
#6455=ORIENTED_EDGE('',*,*,#4591,.T.);
#6456=ORIENTED_EDGE('',*,*,#4592,.F.);
#6457=ORIENTED_EDGE('',*,*,#4593,.F.);
#6458=ORIENTED_EDGE('',*,*,#4594,.T.);
#6459=ORIENTED_EDGE('',*,*,#4593,.T.);
#6460=ORIENTED_EDGE('',*,*,#4595,.F.);
#6461=ORIENTED_EDGE('',*,*,#4596,.F.);
#6462=ORIENTED_EDGE('',*,*,#4597,.T.);
#6463=ORIENTED_EDGE('',*,*,#4596,.T.);
#6464=ORIENTED_EDGE('',*,*,#4598,.F.);
#6465=ORIENTED_EDGE('',*,*,#4599,.F.);
#6466=ORIENTED_EDGE('',*,*,#4600,.T.);
#6467=ORIENTED_EDGE('',*,*,#4599,.T.);
#6468=ORIENTED_EDGE('',*,*,#4601,.F.);
#6469=ORIENTED_EDGE('',*,*,#4591,.F.);
#6470=ORIENTED_EDGE('',*,*,#4601,.T.);
#6471=ORIENTED_EDGE('',*,*,#4598,.T.);
#6472=ORIENTED_EDGE('',*,*,#4595,.T.);
#6473=ORIENTED_EDGE('',*,*,#4592,.T.);
#6474=ORIENTED_EDGE('',*,*,#4600,.F.);
#6475=ORIENTED_EDGE('',*,*,#4590,.F.);
#6476=ORIENTED_EDGE('',*,*,#4594,.F.);
#6477=ORIENTED_EDGE('',*,*,#4597,.F.);
#6478=ORIENTED_EDGE('',*,*,#4602,.T.);
#6479=ORIENTED_EDGE('',*,*,#4603,.T.);
#6480=ORIENTED_EDGE('',*,*,#4604,.F.);
#6481=ORIENTED_EDGE('',*,*,#4605,.F.);
#6482=ORIENTED_EDGE('',*,*,#4606,.T.);
#6483=ORIENTED_EDGE('',*,*,#4605,.T.);
#6484=ORIENTED_EDGE('',*,*,#4607,.F.);
#6485=ORIENTED_EDGE('',*,*,#4608,.F.);
#6486=ORIENTED_EDGE('',*,*,#4609,.T.);
#6487=ORIENTED_EDGE('',*,*,#4608,.T.);
#6488=ORIENTED_EDGE('',*,*,#4610,.F.);
#6489=ORIENTED_EDGE('',*,*,#4611,.F.);
#6490=ORIENTED_EDGE('',*,*,#4612,.T.);
#6491=ORIENTED_EDGE('',*,*,#4611,.T.);
#6492=ORIENTED_EDGE('',*,*,#4613,.F.);
#6493=ORIENTED_EDGE('',*,*,#4603,.F.);
#6494=ORIENTED_EDGE('',*,*,#4613,.T.);
#6495=ORIENTED_EDGE('',*,*,#4610,.T.);
#6496=ORIENTED_EDGE('',*,*,#4607,.T.);
#6497=ORIENTED_EDGE('',*,*,#4604,.T.);
#6498=ORIENTED_EDGE('',*,*,#4612,.F.);
#6499=ORIENTED_EDGE('',*,*,#4602,.F.);
#6500=ORIENTED_EDGE('',*,*,#4606,.F.);
#6501=ORIENTED_EDGE('',*,*,#4609,.F.);
#6502=ORIENTED_EDGE('',*,*,#4614,.F.);
#6503=ORIENTED_EDGE('',*,*,#4615,.T.);
#6504=ORIENTED_EDGE('',*,*,#4616,.F.);
#6505=ORIENTED_EDGE('',*,*,#4617,.F.);
#6506=ORIENTED_EDGE('',*,*,#4618,.F.);
#6507=ORIENTED_EDGE('',*,*,#4617,.T.);
#6508=ORIENTED_EDGE('',*,*,#4619,.F.);
#6509=ORIENTED_EDGE('',*,*,#4620,.F.);
#6510=ORIENTED_EDGE('',*,*,#4621,.F.);
#6511=ORIENTED_EDGE('',*,*,#4620,.T.);
#6512=ORIENTED_EDGE('',*,*,#4622,.F.);
#6513=ORIENTED_EDGE('',*,*,#4623,.F.);
#6514=ORIENTED_EDGE('',*,*,#4624,.F.);
#6515=ORIENTED_EDGE('',*,*,#4623,.T.);
#6516=ORIENTED_EDGE('',*,*,#4625,.F.);
#6517=ORIENTED_EDGE('',*,*,#4615,.F.);
#6518=ORIENTED_EDGE('',*,*,#4624,.T.);
#6519=ORIENTED_EDGE('',*,*,#4614,.T.);
#6520=ORIENTED_EDGE('',*,*,#4618,.T.);
#6521=ORIENTED_EDGE('',*,*,#4621,.T.);
#6522=ORIENTED_EDGE('',*,*,#4625,.T.);
#6523=ORIENTED_EDGE('',*,*,#4622,.T.);
#6524=ORIENTED_EDGE('',*,*,#4619,.T.);
#6525=ORIENTED_EDGE('',*,*,#4616,.T.);
#6526=ORIENTED_EDGE('',*,*,#4626,.F.);
#6527=ORIENTED_EDGE('',*,*,#4627,.T.);
#6528=ORIENTED_EDGE('',*,*,#4628,.F.);
#6529=ORIENTED_EDGE('',*,*,#4629,.F.);
#6530=ORIENTED_EDGE('',*,*,#4630,.F.);
#6531=ORIENTED_EDGE('',*,*,#4629,.T.);
#6532=ORIENTED_EDGE('',*,*,#4631,.F.);
#6533=ORIENTED_EDGE('',*,*,#4632,.F.);
#6534=ORIENTED_EDGE('',*,*,#4633,.F.);
#6535=ORIENTED_EDGE('',*,*,#4632,.T.);
#6536=ORIENTED_EDGE('',*,*,#4634,.F.);
#6537=ORIENTED_EDGE('',*,*,#4635,.F.);
#6538=ORIENTED_EDGE('',*,*,#4636,.F.);
#6539=ORIENTED_EDGE('',*,*,#4635,.T.);
#6540=ORIENTED_EDGE('',*,*,#4637,.F.);
#6541=ORIENTED_EDGE('',*,*,#4627,.F.);
#6542=ORIENTED_EDGE('',*,*,#4636,.T.);
#6543=ORIENTED_EDGE('',*,*,#4626,.T.);
#6544=ORIENTED_EDGE('',*,*,#4630,.T.);
#6545=ORIENTED_EDGE('',*,*,#4633,.T.);
#6546=ORIENTED_EDGE('',*,*,#4637,.T.);
#6547=ORIENTED_EDGE('',*,*,#4634,.T.);
#6548=ORIENTED_EDGE('',*,*,#4631,.T.);
#6549=ORIENTED_EDGE('',*,*,#4628,.T.);
#6550=ORIENTED_EDGE('',*,*,#4638,.F.);
#6551=ORIENTED_EDGE('',*,*,#4639,.T.);
#6552=ORIENTED_EDGE('',*,*,#4640,.F.);
#6553=ORIENTED_EDGE('',*,*,#4641,.F.);
#6554=ORIENTED_EDGE('',*,*,#4642,.F.);
#6555=ORIENTED_EDGE('',*,*,#4641,.T.);
#6556=ORIENTED_EDGE('',*,*,#4643,.F.);
#6557=ORIENTED_EDGE('',*,*,#4644,.F.);
#6558=ORIENTED_EDGE('',*,*,#4645,.F.);
#6559=ORIENTED_EDGE('',*,*,#4644,.T.);
#6560=ORIENTED_EDGE('',*,*,#4646,.F.);
#6561=ORIENTED_EDGE('',*,*,#4647,.F.);
#6562=ORIENTED_EDGE('',*,*,#4648,.F.);
#6563=ORIENTED_EDGE('',*,*,#4647,.T.);
#6564=ORIENTED_EDGE('',*,*,#4649,.F.);
#6565=ORIENTED_EDGE('',*,*,#4639,.F.);
#6566=ORIENTED_EDGE('',*,*,#4648,.T.);
#6567=ORIENTED_EDGE('',*,*,#4638,.T.);
#6568=ORIENTED_EDGE('',*,*,#4642,.T.);
#6569=ORIENTED_EDGE('',*,*,#4645,.T.);
#6570=ORIENTED_EDGE('',*,*,#4649,.T.);
#6571=ORIENTED_EDGE('',*,*,#4646,.T.);
#6572=ORIENTED_EDGE('',*,*,#4643,.T.);
#6573=ORIENTED_EDGE('',*,*,#4640,.T.);
#6574=ORIENTED_EDGE('',*,*,#4650,.F.);
#6575=ORIENTED_EDGE('',*,*,#4651,.T.);
#6576=ORIENTED_EDGE('',*,*,#4652,.F.);
#6577=ORIENTED_EDGE('',*,*,#4653,.F.);
#6578=ORIENTED_EDGE('',*,*,#4654,.F.);
#6579=ORIENTED_EDGE('',*,*,#4653,.T.);
#6580=ORIENTED_EDGE('',*,*,#4655,.F.);
#6581=ORIENTED_EDGE('',*,*,#4656,.F.);
#6582=ORIENTED_EDGE('',*,*,#4657,.F.);
#6583=ORIENTED_EDGE('',*,*,#4656,.T.);
#6584=ORIENTED_EDGE('',*,*,#4658,.F.);
#6585=ORIENTED_EDGE('',*,*,#4659,.F.);
#6586=ORIENTED_EDGE('',*,*,#4660,.F.);
#6587=ORIENTED_EDGE('',*,*,#4659,.T.);
#6588=ORIENTED_EDGE('',*,*,#4661,.F.);
#6589=ORIENTED_EDGE('',*,*,#4651,.F.);
#6590=ORIENTED_EDGE('',*,*,#4660,.T.);
#6591=ORIENTED_EDGE('',*,*,#4650,.T.);
#6592=ORIENTED_EDGE('',*,*,#4654,.T.);
#6593=ORIENTED_EDGE('',*,*,#4657,.T.);
#6594=ORIENTED_EDGE('',*,*,#4661,.T.);
#6595=ORIENTED_EDGE('',*,*,#4658,.T.);
#6596=ORIENTED_EDGE('',*,*,#4655,.T.);
#6597=ORIENTED_EDGE('',*,*,#4652,.T.);
#6598=ORIENTED_EDGE('',*,*,#4662,.F.);
#6599=ORIENTED_EDGE('',*,*,#4663,.T.);
#6600=ORIENTED_EDGE('',*,*,#4664,.F.);
#6601=ORIENTED_EDGE('',*,*,#4665,.F.);
#6602=ORIENTED_EDGE('',*,*,#4666,.F.);
#6603=ORIENTED_EDGE('',*,*,#4665,.T.);
#6604=ORIENTED_EDGE('',*,*,#4667,.F.);
#6605=ORIENTED_EDGE('',*,*,#4668,.F.);
#6606=ORIENTED_EDGE('',*,*,#4669,.F.);
#6607=ORIENTED_EDGE('',*,*,#4668,.T.);
#6608=ORIENTED_EDGE('',*,*,#4670,.F.);
#6609=ORIENTED_EDGE('',*,*,#4671,.F.);
#6610=ORIENTED_EDGE('',*,*,#4672,.F.);
#6611=ORIENTED_EDGE('',*,*,#4671,.T.);
#6612=ORIENTED_EDGE('',*,*,#4673,.F.);
#6613=ORIENTED_EDGE('',*,*,#4663,.F.);
#6614=ORIENTED_EDGE('',*,*,#4672,.T.);
#6615=ORIENTED_EDGE('',*,*,#4662,.T.);
#6616=ORIENTED_EDGE('',*,*,#4666,.T.);
#6617=ORIENTED_EDGE('',*,*,#4669,.T.);
#6618=ORIENTED_EDGE('',*,*,#4673,.T.);
#6619=ORIENTED_EDGE('',*,*,#4670,.T.);
#6620=ORIENTED_EDGE('',*,*,#4667,.T.);
#6621=ORIENTED_EDGE('',*,*,#4664,.T.);
#6622=ORIENTED_EDGE('',*,*,#4674,.F.);
#6623=ORIENTED_EDGE('',*,*,#4675,.T.);
#6624=ORIENTED_EDGE('',*,*,#4676,.F.);
#6625=ORIENTED_EDGE('',*,*,#4677,.F.);
#6626=ORIENTED_EDGE('',*,*,#4678,.F.);
#6627=ORIENTED_EDGE('',*,*,#4677,.T.);
#6628=ORIENTED_EDGE('',*,*,#4679,.F.);
#6629=ORIENTED_EDGE('',*,*,#4680,.F.);
#6630=ORIENTED_EDGE('',*,*,#4681,.F.);
#6631=ORIENTED_EDGE('',*,*,#4680,.T.);
#6632=ORIENTED_EDGE('',*,*,#4682,.F.);
#6633=ORIENTED_EDGE('',*,*,#4683,.F.);
#6634=ORIENTED_EDGE('',*,*,#4684,.F.);
#6635=ORIENTED_EDGE('',*,*,#4683,.T.);
#6636=ORIENTED_EDGE('',*,*,#4685,.F.);
#6637=ORIENTED_EDGE('',*,*,#4675,.F.);
#6638=ORIENTED_EDGE('',*,*,#4684,.T.);
#6639=ORIENTED_EDGE('',*,*,#4674,.T.);
#6640=ORIENTED_EDGE('',*,*,#4678,.T.);
#6641=ORIENTED_EDGE('',*,*,#4681,.T.);
#6642=ORIENTED_EDGE('',*,*,#4685,.T.);
#6643=ORIENTED_EDGE('',*,*,#4682,.T.);
#6644=ORIENTED_EDGE('',*,*,#4679,.T.);
#6645=ORIENTED_EDGE('',*,*,#4676,.T.);
#6646=ORIENTED_EDGE('',*,*,#4686,.T.);
#6647=ORIENTED_EDGE('',*,*,#4687,.T.);
#6648=ORIENTED_EDGE('',*,*,#4688,.F.);
#6649=ORIENTED_EDGE('',*,*,#4689,.F.);
#6650=ORIENTED_EDGE('',*,*,#4690,.T.);
#6651=ORIENTED_EDGE('',*,*,#4689,.T.);
#6652=ORIENTED_EDGE('',*,*,#4691,.F.);
#6653=ORIENTED_EDGE('',*,*,#4692,.F.);
#6654=ORIENTED_EDGE('',*,*,#4693,.T.);
#6655=ORIENTED_EDGE('',*,*,#4692,.T.);
#6656=ORIENTED_EDGE('',*,*,#4694,.F.);
#6657=ORIENTED_EDGE('',*,*,#4695,.F.);
#6658=ORIENTED_EDGE('',*,*,#4696,.T.);
#6659=ORIENTED_EDGE('',*,*,#4695,.T.);
#6660=ORIENTED_EDGE('',*,*,#4697,.F.);
#6661=ORIENTED_EDGE('',*,*,#4687,.F.);
#6662=ORIENTED_EDGE('',*,*,#4697,.T.);
#6663=ORIENTED_EDGE('',*,*,#4694,.T.);
#6664=ORIENTED_EDGE('',*,*,#4691,.T.);
#6665=ORIENTED_EDGE('',*,*,#4688,.T.);
#6666=ORIENTED_EDGE('',*,*,#4696,.F.);
#6667=ORIENTED_EDGE('',*,*,#4686,.F.);
#6668=ORIENTED_EDGE('',*,*,#4690,.F.);
#6669=ORIENTED_EDGE('',*,*,#4693,.F.);
#6670=ORIENTED_EDGE('',*,*,#4698,.F.);
#6671=ORIENTED_EDGE('',*,*,#4699,.T.);
#6672=ORIENTED_EDGE('',*,*,#4700,.F.);
#6673=ORIENTED_EDGE('',*,*,#4701,.F.);
#6674=ORIENTED_EDGE('',*,*,#4702,.F.);
#6675=ORIENTED_EDGE('',*,*,#4701,.T.);
#6676=ORIENTED_EDGE('',*,*,#4703,.F.);
#6677=ORIENTED_EDGE('',*,*,#4704,.F.);
#6678=ORIENTED_EDGE('',*,*,#4705,.F.);
#6679=ORIENTED_EDGE('',*,*,#4704,.T.);
#6680=ORIENTED_EDGE('',*,*,#4706,.F.);
#6681=ORIENTED_EDGE('',*,*,#4707,.F.);
#6682=ORIENTED_EDGE('',*,*,#4708,.F.);
#6683=ORIENTED_EDGE('',*,*,#4707,.T.);
#6684=ORIENTED_EDGE('',*,*,#4709,.F.);
#6685=ORIENTED_EDGE('',*,*,#4699,.F.);
#6686=ORIENTED_EDGE('',*,*,#4708,.T.);
#6687=ORIENTED_EDGE('',*,*,#4698,.T.);
#6688=ORIENTED_EDGE('',*,*,#4702,.T.);
#6689=ORIENTED_EDGE('',*,*,#4705,.T.);
#6690=ORIENTED_EDGE('',*,*,#4709,.T.);
#6691=ORIENTED_EDGE('',*,*,#4706,.T.);
#6692=ORIENTED_EDGE('',*,*,#4703,.T.);
#6693=ORIENTED_EDGE('',*,*,#4700,.T.);
#6694=ORIENTED_EDGE('',*,*,#4710,.F.);
#6695=ORIENTED_EDGE('',*,*,#4711,.T.);
#6696=ORIENTED_EDGE('',*,*,#4712,.F.);
#6697=ORIENTED_EDGE('',*,*,#4713,.F.);
#6698=ORIENTED_EDGE('',*,*,#4714,.F.);
#6699=ORIENTED_EDGE('',*,*,#4713,.T.);
#6700=ORIENTED_EDGE('',*,*,#4715,.F.);
#6701=ORIENTED_EDGE('',*,*,#4716,.F.);
#6702=ORIENTED_EDGE('',*,*,#4717,.F.);
#6703=ORIENTED_EDGE('',*,*,#4716,.T.);
#6704=ORIENTED_EDGE('',*,*,#4718,.F.);
#6705=ORIENTED_EDGE('',*,*,#4719,.F.);
#6706=ORIENTED_EDGE('',*,*,#4720,.F.);
#6707=ORIENTED_EDGE('',*,*,#4719,.T.);
#6708=ORIENTED_EDGE('',*,*,#4721,.F.);
#6709=ORIENTED_EDGE('',*,*,#4711,.F.);
#6710=ORIENTED_EDGE('',*,*,#4720,.T.);
#6711=ORIENTED_EDGE('',*,*,#4710,.T.);
#6712=ORIENTED_EDGE('',*,*,#4714,.T.);
#6713=ORIENTED_EDGE('',*,*,#4717,.T.);
#6714=ORIENTED_EDGE('',*,*,#4721,.T.);
#6715=ORIENTED_EDGE('',*,*,#4718,.T.);
#6716=ORIENTED_EDGE('',*,*,#4715,.T.);
#6717=ORIENTED_EDGE('',*,*,#4712,.T.);
#6718=ORIENTED_EDGE('',*,*,#4722,.F.);
#6719=ORIENTED_EDGE('',*,*,#4723,.T.);
#6720=ORIENTED_EDGE('',*,*,#4724,.F.);
#6721=ORIENTED_EDGE('',*,*,#4725,.F.);
#6722=ORIENTED_EDGE('',*,*,#4726,.F.);
#6723=ORIENTED_EDGE('',*,*,#4725,.T.);
#6724=ORIENTED_EDGE('',*,*,#4727,.F.);
#6725=ORIENTED_EDGE('',*,*,#4728,.F.);
#6726=ORIENTED_EDGE('',*,*,#4729,.F.);
#6727=ORIENTED_EDGE('',*,*,#4728,.T.);
#6728=ORIENTED_EDGE('',*,*,#4730,.F.);
#6729=ORIENTED_EDGE('',*,*,#4731,.F.);
#6730=ORIENTED_EDGE('',*,*,#4732,.F.);
#6731=ORIENTED_EDGE('',*,*,#4731,.T.);
#6732=ORIENTED_EDGE('',*,*,#4733,.F.);
#6733=ORIENTED_EDGE('',*,*,#4723,.F.);
#6734=ORIENTED_EDGE('',*,*,#4732,.T.);
#6735=ORIENTED_EDGE('',*,*,#4722,.T.);
#6736=ORIENTED_EDGE('',*,*,#4726,.T.);
#6737=ORIENTED_EDGE('',*,*,#4729,.T.);
#6738=ORIENTED_EDGE('',*,*,#4733,.T.);
#6739=ORIENTED_EDGE('',*,*,#4730,.T.);
#6740=ORIENTED_EDGE('',*,*,#4727,.T.);
#6741=ORIENTED_EDGE('',*,*,#4724,.T.);
#6742=ORIENTED_EDGE('',*,*,#4734,.F.);
#6743=ORIENTED_EDGE('',*,*,#4735,.T.);
#6744=ORIENTED_EDGE('',*,*,#4736,.F.);
#6745=ORIENTED_EDGE('',*,*,#4737,.F.);
#6746=ORIENTED_EDGE('',*,*,#4738,.F.);
#6747=ORIENTED_EDGE('',*,*,#4737,.T.);
#6748=ORIENTED_EDGE('',*,*,#4739,.F.);
#6749=ORIENTED_EDGE('',*,*,#4740,.F.);
#6750=ORIENTED_EDGE('',*,*,#4741,.F.);
#6751=ORIENTED_EDGE('',*,*,#4740,.T.);
#6752=ORIENTED_EDGE('',*,*,#4742,.F.);
#6753=ORIENTED_EDGE('',*,*,#4743,.F.);
#6754=ORIENTED_EDGE('',*,*,#4744,.F.);
#6755=ORIENTED_EDGE('',*,*,#4743,.T.);
#6756=ORIENTED_EDGE('',*,*,#4745,.F.);
#6757=ORIENTED_EDGE('',*,*,#4735,.F.);
#6758=ORIENTED_EDGE('',*,*,#4744,.T.);
#6759=ORIENTED_EDGE('',*,*,#4734,.T.);
#6760=ORIENTED_EDGE('',*,*,#4738,.T.);
#6761=ORIENTED_EDGE('',*,*,#4741,.T.);
#6762=ORIENTED_EDGE('',*,*,#4745,.T.);
#6763=ORIENTED_EDGE('',*,*,#4742,.T.);
#6764=ORIENTED_EDGE('',*,*,#4739,.T.);
#6765=ORIENTED_EDGE('',*,*,#4736,.T.);
#6766=ORIENTED_EDGE('',*,*,#4746,.T.);
#6767=ORIENTED_EDGE('',*,*,#4747,.T.);
#6768=ORIENTED_EDGE('',*,*,#4748,.F.);
#6769=ORIENTED_EDGE('',*,*,#4749,.F.);
#6770=ORIENTED_EDGE('',*,*,#4750,.T.);
#6771=ORIENTED_EDGE('',*,*,#4749,.T.);
#6772=ORIENTED_EDGE('',*,*,#4751,.F.);
#6773=ORIENTED_EDGE('',*,*,#4752,.F.);
#6774=ORIENTED_EDGE('',*,*,#4753,.T.);
#6775=ORIENTED_EDGE('',*,*,#4752,.T.);
#6776=ORIENTED_EDGE('',*,*,#4754,.F.);
#6777=ORIENTED_EDGE('',*,*,#4755,.F.);
#6778=ORIENTED_EDGE('',*,*,#4756,.T.);
#6779=ORIENTED_EDGE('',*,*,#4755,.T.);
#6780=ORIENTED_EDGE('',*,*,#4757,.F.);
#6781=ORIENTED_EDGE('',*,*,#4747,.F.);
#6782=ORIENTED_EDGE('',*,*,#4757,.T.);
#6783=ORIENTED_EDGE('',*,*,#4754,.T.);
#6784=ORIENTED_EDGE('',*,*,#4751,.T.);
#6785=ORIENTED_EDGE('',*,*,#4748,.T.);
#6786=ORIENTED_EDGE('',*,*,#4756,.F.);
#6787=ORIENTED_EDGE('',*,*,#4746,.F.);
#6788=ORIENTED_EDGE('',*,*,#4750,.F.);
#6789=ORIENTED_EDGE('',*,*,#4753,.F.);
#6790=ORIENTED_EDGE('',*,*,#4758,.T.);
#6791=ORIENTED_EDGE('',*,*,#4759,.T.);
#6792=ORIENTED_EDGE('',*,*,#4760,.F.);
#6793=ORIENTED_EDGE('',*,*,#4761,.F.);
#6794=ORIENTED_EDGE('',*,*,#4762,.T.);
#6795=ORIENTED_EDGE('',*,*,#4761,.T.);
#6796=ORIENTED_EDGE('',*,*,#4763,.F.);
#6797=ORIENTED_EDGE('',*,*,#4764,.F.);
#6798=ORIENTED_EDGE('',*,*,#4765,.T.);
#6799=ORIENTED_EDGE('',*,*,#4764,.T.);
#6800=ORIENTED_EDGE('',*,*,#4766,.F.);
#6801=ORIENTED_EDGE('',*,*,#4767,.F.);
#6802=ORIENTED_EDGE('',*,*,#4768,.T.);
#6803=ORIENTED_EDGE('',*,*,#4767,.T.);
#6804=ORIENTED_EDGE('',*,*,#4769,.F.);
#6805=ORIENTED_EDGE('',*,*,#4759,.F.);
#6806=ORIENTED_EDGE('',*,*,#4769,.T.);
#6807=ORIENTED_EDGE('',*,*,#4766,.T.);
#6808=ORIENTED_EDGE('',*,*,#4763,.T.);
#6809=ORIENTED_EDGE('',*,*,#4760,.T.);
#6810=ORIENTED_EDGE('',*,*,#4768,.F.);
#6811=ORIENTED_EDGE('',*,*,#4758,.F.);
#6812=ORIENTED_EDGE('',*,*,#4762,.F.);
#6813=ORIENTED_EDGE('',*,*,#4765,.F.);
#6814=ORIENTED_EDGE('',*,*,#4770,.F.);
#6815=ORIENTED_EDGE('',*,*,#4771,.T.);
#6816=ORIENTED_EDGE('',*,*,#4772,.F.);
#6817=ORIENTED_EDGE('',*,*,#4773,.F.);
#6818=ORIENTED_EDGE('',*,*,#4774,.F.);
#6819=ORIENTED_EDGE('',*,*,#4773,.T.);
#6820=ORIENTED_EDGE('',*,*,#4775,.F.);
#6821=ORIENTED_EDGE('',*,*,#4776,.F.);
#6822=ORIENTED_EDGE('',*,*,#4777,.F.);
#6823=ORIENTED_EDGE('',*,*,#4776,.T.);
#6824=ORIENTED_EDGE('',*,*,#4778,.F.);
#6825=ORIENTED_EDGE('',*,*,#4779,.F.);
#6826=ORIENTED_EDGE('',*,*,#4780,.F.);
#6827=ORIENTED_EDGE('',*,*,#4779,.T.);
#6828=ORIENTED_EDGE('',*,*,#4781,.F.);
#6829=ORIENTED_EDGE('',*,*,#4771,.F.);
#6830=ORIENTED_EDGE('',*,*,#4780,.T.);
#6831=ORIENTED_EDGE('',*,*,#4770,.T.);
#6832=ORIENTED_EDGE('',*,*,#4774,.T.);
#6833=ORIENTED_EDGE('',*,*,#4777,.T.);
#6834=ORIENTED_EDGE('',*,*,#4781,.T.);
#6835=ORIENTED_EDGE('',*,*,#4778,.T.);
#6836=ORIENTED_EDGE('',*,*,#4775,.T.);
#6837=ORIENTED_EDGE('',*,*,#4772,.T.);
#6838=ORIENTED_EDGE('',*,*,#4782,.F.);
#6839=ORIENTED_EDGE('',*,*,#4783,.T.);
#6840=ORIENTED_EDGE('',*,*,#4784,.F.);
#6841=ORIENTED_EDGE('',*,*,#4785,.F.);
#6842=ORIENTED_EDGE('',*,*,#4786,.F.);
#6843=ORIENTED_EDGE('',*,*,#4785,.T.);
#6844=ORIENTED_EDGE('',*,*,#4787,.F.);
#6845=ORIENTED_EDGE('',*,*,#4788,.F.);
#6846=ORIENTED_EDGE('',*,*,#4789,.F.);
#6847=ORIENTED_EDGE('',*,*,#4788,.T.);
#6848=ORIENTED_EDGE('',*,*,#4790,.F.);
#6849=ORIENTED_EDGE('',*,*,#4791,.F.);
#6850=ORIENTED_EDGE('',*,*,#4792,.F.);
#6851=ORIENTED_EDGE('',*,*,#4791,.T.);
#6852=ORIENTED_EDGE('',*,*,#4793,.F.);
#6853=ORIENTED_EDGE('',*,*,#4783,.F.);
#6854=ORIENTED_EDGE('',*,*,#4792,.T.);
#6855=ORIENTED_EDGE('',*,*,#4782,.T.);
#6856=ORIENTED_EDGE('',*,*,#4786,.T.);
#6857=ORIENTED_EDGE('',*,*,#4789,.T.);
#6858=ORIENTED_EDGE('',*,*,#4793,.T.);
#6859=ORIENTED_EDGE('',*,*,#4790,.T.);
#6860=ORIENTED_EDGE('',*,*,#4787,.T.);
#6861=ORIENTED_EDGE('',*,*,#4784,.T.);
#6862=ORIENTED_EDGE('',*,*,#4794,.F.);
#6863=ORIENTED_EDGE('',*,*,#4795,.T.);
#6864=ORIENTED_EDGE('',*,*,#4796,.F.);
#6865=ORIENTED_EDGE('',*,*,#4797,.F.);
#6866=ORIENTED_EDGE('',*,*,#4798,.F.);
#6867=ORIENTED_EDGE('',*,*,#4797,.T.);
#6868=ORIENTED_EDGE('',*,*,#4799,.F.);
#6869=ORIENTED_EDGE('',*,*,#4800,.F.);
#6870=ORIENTED_EDGE('',*,*,#4801,.F.);
#6871=ORIENTED_EDGE('',*,*,#4800,.T.);
#6872=ORIENTED_EDGE('',*,*,#4802,.F.);
#6873=ORIENTED_EDGE('',*,*,#4803,.F.);
#6874=ORIENTED_EDGE('',*,*,#4804,.F.);
#6875=ORIENTED_EDGE('',*,*,#4803,.T.);
#6876=ORIENTED_EDGE('',*,*,#4805,.F.);
#6877=ORIENTED_EDGE('',*,*,#4795,.F.);
#6878=ORIENTED_EDGE('',*,*,#4804,.T.);
#6879=ORIENTED_EDGE('',*,*,#4794,.T.);
#6880=ORIENTED_EDGE('',*,*,#4798,.T.);
#6881=ORIENTED_EDGE('',*,*,#4801,.T.);
#6882=ORIENTED_EDGE('',*,*,#4805,.T.);
#6883=ORIENTED_EDGE('',*,*,#4802,.T.);
#6884=ORIENTED_EDGE('',*,*,#4799,.T.);
#6885=ORIENTED_EDGE('',*,*,#4796,.T.);
#6886=PLANE('',#7620);
#6887=PLANE('',#7624);
#6888=PLANE('',#7625);
#6889=PLANE('',#7626);
#6890=PLANE('',#7630);
#6891=PLANE('',#7631);
#6892=PLANE('',#7632);
#6893=PLANE('',#7636);
#6894=PLANE('',#7637);
#6895=PLANE('',#7638);
#6896=PLANE('',#7642);
#6897=PLANE('',#7643);
#6898=PLANE('',#7644);
#6899=PLANE('',#7665);
#6900=PLANE('',#7668);
#6901=PLANE('',#7669);
#6902=PLANE('',#7670);
#6903=PLANE('',#7673);
#6904=PLANE('',#7674);
#6905=PLANE('',#7675);
#6906=PLANE('',#7678);
#6907=PLANE('',#7679);
#6908=PLANE('',#7680);
#6909=PLANE('',#7683);
#6910=PLANE('',#7684);
#6911=PLANE('',#7685);
#6912=PLANE('',#7688);
#6913=PLANE('',#7689);
#6914=PLANE('',#7690);
#6915=PLANE('',#7693);
#6916=PLANE('',#7694);
#6917=PLANE('',#7695);
#6918=PLANE('',#7698);
#6919=PLANE('',#7699);
#6920=PLANE('',#7700);
#6921=PLANE('',#7703);
#6922=PLANE('',#7704);
#6923=PLANE('',#7705);
#6924=PLANE('',#7708);
#6925=PLANE('',#7709);
#6926=PLANE('',#7710);
#6927=PLANE('',#7713);
#6928=PLANE('',#7714);
#6929=PLANE('',#7715);
#6930=PLANE('',#7718);
#6931=PLANE('',#7719);
#6932=PLANE('',#7720);
#6933=PLANE('',#7723);
#6934=PLANE('',#7724);
#6935=PLANE('',#7725);
#6936=PLANE('',#7728);
#6937=PLANE('',#7729);
#6938=PLANE('',#7730);
#6939=PLANE('',#7733);
#6940=PLANE('',#7734);
#6941=PLANE('',#7735);
#6942=PLANE('',#7738);
#6943=PLANE('',#7739);
#6944=PLANE('',#7740);
#6945=PLANE('',#7743);
#6946=PLANE('',#7744);
#6947=PLANE('',#7769);
#6948=PLANE('',#7770);
#6949=PLANE('',#7771);
#6950=PLANE('',#7779);
#6951=PLANE('',#7780);
#6952=PLANE('',#7781);
#6953=PLANE('',#7782);
#6954=PLANE('',#7783);
#6955=PLANE('',#7784);
#6956=PLANE('',#7785);
#6957=PLANE('',#7786);
#6958=PLANE('',#7787);
#6959=PLANE('',#7788);
#6960=PLANE('',#7789);
#6961=PLANE('',#7790);
#6962=PLANE('',#7791);
#6963=PLANE('',#7792);
#6964=PLANE('',#7793);
#6965=PLANE('',#7794);
#6966=PLANE('',#7795);
#6967=PLANE('',#7796);
#6968=PLANE('',#7797);
#6969=PLANE('',#7798);
#6970=PLANE('',#7799);
#6971=PLANE('',#7800);
#6972=PLANE('',#7801);
#6973=PLANE('',#7802);
#6974=PLANE('',#7803);
#6975=PLANE('',#7804);
#6976=PLANE('',#7805);
#6977=PLANE('',#7806);
#6978=PLANE('',#7807);
#6979=PLANE('',#7808);
#6980=PLANE('',#7809);
#6981=PLANE('',#7810);
#6982=PLANE('',#7811);
#6983=PLANE('',#7812);
#6984=PLANE('',#7813);
#6985=PLANE('',#7814);
#6986=PLANE('',#7815);
#6987=PLANE('',#7820);
#6988=PLANE('',#7821);
#6989=PLANE('',#7825);
#6990=PLANE('',#7827);
#6991=PLANE('',#7828);
#6992=PLANE('',#7829);
#6993=PLANE('',#7830);
#6994=PLANE('',#7831);
#6995=PLANE('',#7832);
#6996=PLANE('',#7833);
#6997=PLANE('',#7834);
#6998=PLANE('',#7835);
#6999=PLANE('',#7836);
#7000=PLANE('',#7839);
#7001=PLANE('',#7840);
#7002=PLANE('',#7841);
#7003=PLANE('',#7842);
#7004=PLANE('',#7845);
#7005=PLANE('',#7846);
#7006=PLANE('',#7847);
#7007=PLANE('',#7848);
#7008=PLANE('',#7849);
#7009=PLANE('',#7850);
#7010=PLANE('',#7851);
#7011=PLANE('',#7852);
#7012=PLANE('',#7853);
#7013=PLANE('',#7854);
#7014=PLANE('',#7855);
#7015=PLANE('',#7856);
#7016=PLANE('',#7858);
#7017=PLANE('',#7859);
#7018=PLANE('',#7860);
#7019=PLANE('',#7861);
#7020=PLANE('',#7862);
#7021=PLANE('',#7863);
#7022=PLANE('',#7864);
#7023=PLANE('',#7865);
#7024=PLANE('',#7866);
#7025=PLANE('',#7867);
#7026=PLANE('',#7868);
#7027=PLANE('',#7869);
#7028=PLANE('',#7870);
#7029=PLANE('',#7871);
#7030=PLANE('',#7872);
#7031=PLANE('',#7873);
#7032=PLANE('',#7874);
#7033=PLANE('',#7875);
#7034=PLANE('',#7877);
#7035=PLANE('',#7878);
#7036=PLANE('',#7879);
#7037=PLANE('',#7880);
#7038=PLANE('',#7881);
#7039=PLANE('',#7882);
#7040=PLANE('',#7883);
#7041=PLANE('',#7884);
#7042=PLANE('',#7885);
#7043=PLANE('',#7886);
#7044=PLANE('',#7887);
#7045=PLANE('',#7888);
#7046=PLANE('',#7889);
#7047=PLANE('',#7890);
#7048=PLANE('',#7891);
#7049=PLANE('',#7892);
#7050=PLANE('',#7893);
#7051=PLANE('',#7895);
#7052=PLANE('',#7896);
#7053=PLANE('',#7897);
#7054=PLANE('',#7898);
#7055=PLANE('',#7899);
#7056=PLANE('',#7900);
#7057=PLANE('',#7901);
#7058=PLANE('',#7902);
#7059=PLANE('',#7903);
#7060=PLANE('',#7907);
#7061=PLANE('',#7908);
#7062=PLANE('',#7909);
#7063=PLANE('',#7910);
#7064=PLANE('',#7911);
#7065=PLANE('',#7915);
#7066=PLANE('',#7916);
#7067=PLANE('',#7917);
#7068=PLANE('',#7921);
#7069=PLANE('',#7922);
#7070=PLANE('',#7923);
#7071=PLANE('',#7924);
#7072=PLANE('',#7925);
#7073=PLANE('',#7929);
#7074=PLANE('',#7930);
#7075=PLANE('',#7931);
#7076=PLANE('',#7932);
#7077=PLANE('',#7933);
#7078=PLANE('',#7937);
#7079=PLANE('',#7938);
#7080=PLANE('',#7939);
#7081=PLANE('',#7940);
#7082=PLANE('',#7941);
#7083=PLANE('',#7945);
#7084=PLANE('',#7946);
#7085=PLANE('',#7947);
#7086=PLANE('',#7948);
#7087=PLANE('',#7949);
#7088=PLANE('',#7953);
#7089=PLANE('',#7954);
#7090=PLANE('',#7955);
#7091=PLANE('',#7956);
#7092=PLANE('',#7957);
#7093=PLANE('',#7958);
#7094=PLANE('',#7959);
#7095=PLANE('',#7963);
#7096=PLANE('',#7964);
#7097=PLANE('',#7965);
#7098=PLANE('',#7966);
#7099=PLANE('',#7967);
#7100=PLANE('',#7971);
#7101=PLANE('',#7972);
#7102=PLANE('',#7973);
#7103=PLANE('',#7977);
#7104=PLANE('',#7978);
#7105=PLANE('',#7979);
#7106=PLANE('',#7980);
#7107=PLANE('',#7981);
#7108=PLANE('',#7982);
#7109=PLANE('',#7983);
#7110=PLANE('',#7987);
#7111=PLANE('',#7988);
#7112=PLANE('',#7989);
#7113=PLANE('',#7990);
#7114=PLANE('',#7991);
#7115=PLANE('',#7995);
#7116=PLANE('',#7996);
#7117=PLANE('',#7997);
#7118=PLANE('',#7998);
#7119=PLANE('',#7999);
#7120=PLANE('',#8003);
#7121=PLANE('',#8004);
#7122=PLANE('',#8005);
#7123=PLANE('',#8009);
#7124=PLANE('',#8010);
#7125=PLANE('',#8011);
#7126=PLANE('',#8012);
#7127=PLANE('',#8013);
#7128=PLANE('',#8017);
#7129=PLANE('',#8018);
#7130=PLANE('',#8019);
#7131=PLANE('',#8020);
#7132=PLANE('',#8021);
#7133=PLANE('',#8022);
#7134=PLANE('',#8023);
#7135=PLANE('',#8027);
#7136=PLANE('',#8028);
#7137=PLANE('',#8029);
#7138=PLANE('',#8033);
#7139=PLANE('',#8034);
#7140=PLANE('',#8035);
#7141=PLANE('',#8036);
#7142=PLANE('',#8037);
#7143=PLANE('',#8038);
#7144=PLANE('',#8039);
#7145=PLANE('',#8040);
#7146=PLANE('',#8044);
#7147=PLANE('',#8045);
#7148=PLANE('',#8046);
#7149=PLANE('',#8047);
#7150=PLANE('',#8051);
#7151=PLANE('',#8052);
#7152=PLANE('',#8053);
#7153=PLANE('',#8054);
#7154=PLANE('',#8055);
#7155=PLANE('',#8059);
#7156=PLANE('',#8060);
#7157=PLANE('',#8061);
#7158=ADVANCED_FACE('',(#703),#6886,.F.);
#7159=ADVANCED_FACE('',(#704),#654,.F.);
#7160=ADVANCED_FACE('',(#705),#6887,.F.);
#7161=ADVANCED_FACE('',(#706),#6888,.T.);
#7162=ADVANCED_FACE('',(#707),#6889,.F.);
#7163=ADVANCED_FACE('',(#708),#655,.F.);
#7164=ADVANCED_FACE('',(#709),#6890,.F.);
#7165=ADVANCED_FACE('',(#710),#6891,.T.);
#7166=ADVANCED_FACE('',(#711),#6892,.F.);
#7167=ADVANCED_FACE('',(#712),#656,.F.);
#7168=ADVANCED_FACE('',(#713),#6893,.F.);
#7169=ADVANCED_FACE('',(#714),#6894,.T.);
#7170=ADVANCED_FACE('',(#715),#6895,.F.);
#7171=ADVANCED_FACE('',(#716),#657,.F.);
#7172=ADVANCED_FACE('',(#717),#6896,.F.);
#7173=ADVANCED_FACE('',(#718),#6897,.T.);
#7174=ADVANCED_FACE('',(#719),#6898,.F.);
#7175=ADVANCED_FACE('',(#720),#6899,.F.);
#7176=ADVANCED_FACE('',(#721),#658,.F.);
#7177=ADVANCED_FACE('',(#722),#6900,.F.);
#7178=ADVANCED_FACE('',(#723),#6901,.T.);
#7179=ADVANCED_FACE('',(#724),#6902,.F.);
#7180=ADVANCED_FACE('',(#725),#659,.F.);
#7181=ADVANCED_FACE('',(#726),#6903,.F.);
#7182=ADVANCED_FACE('',(#727),#6904,.T.);
#7183=ADVANCED_FACE('',(#728),#6905,.F.);
#7184=ADVANCED_FACE('',(#729),#660,.F.);
#7185=ADVANCED_FACE('',(#730),#6906,.F.);
#7186=ADVANCED_FACE('',(#731),#6907,.T.);
#7187=ADVANCED_FACE('',(#732),#6908,.F.);
#7188=ADVANCED_FACE('',(#733),#661,.F.);
#7189=ADVANCED_FACE('',(#734),#6909,.F.);
#7190=ADVANCED_FACE('',(#735),#6910,.T.);
#7191=ADVANCED_FACE('',(#736),#6911,.F.);
#7192=ADVANCED_FACE('',(#737),#662,.F.);
#7193=ADVANCED_FACE('',(#738),#6912,.F.);
#7194=ADVANCED_FACE('',(#739),#6913,.T.);
#7195=ADVANCED_FACE('',(#740),#6914,.F.);
#7196=ADVANCED_FACE('',(#741),#663,.F.);
#7197=ADVANCED_FACE('',(#742),#6915,.F.);
#7198=ADVANCED_FACE('',(#743),#6916,.T.);
#7199=ADVANCED_FACE('',(#744),#6917,.F.);
#7200=ADVANCED_FACE('',(#745),#664,.F.);
#7201=ADVANCED_FACE('',(#746),#6918,.F.);
#7202=ADVANCED_FACE('',(#747),#6919,.T.);
#7203=ADVANCED_FACE('',(#748),#6920,.F.);
#7204=ADVANCED_FACE('',(#749),#665,.F.);
#7205=ADVANCED_FACE('',(#750),#6921,.F.);
#7206=ADVANCED_FACE('',(#751),#6922,.T.);
#7207=ADVANCED_FACE('',(#752),#6923,.F.);
#7208=ADVANCED_FACE('',(#753),#666,.F.);
#7209=ADVANCED_FACE('',(#754),#6924,.F.);
#7210=ADVANCED_FACE('',(#755),#6925,.T.);
#7211=ADVANCED_FACE('',(#756),#6926,.F.);
#7212=ADVANCED_FACE('',(#757),#667,.F.);
#7213=ADVANCED_FACE('',(#758),#6927,.F.);
#7214=ADVANCED_FACE('',(#759),#6928,.T.);
#7215=ADVANCED_FACE('',(#760),#6929,.F.);
#7216=ADVANCED_FACE('',(#761),#668,.F.);
#7217=ADVANCED_FACE('',(#762),#6930,.F.);
#7218=ADVANCED_FACE('',(#763),#6931,.T.);
#7219=ADVANCED_FACE('',(#764),#6932,.F.);
#7220=ADVANCED_FACE('',(#765),#669,.F.);
#7221=ADVANCED_FACE('',(#766),#6933,.F.);
#7222=ADVANCED_FACE('',(#767),#6934,.T.);
#7223=ADVANCED_FACE('',(#768),#6935,.F.);
#7224=ADVANCED_FACE('',(#769),#670,.F.);
#7225=ADVANCED_FACE('',(#770),#6936,.F.);
#7226=ADVANCED_FACE('',(#771),#6937,.T.);
#7227=ADVANCED_FACE('',(#772),#6938,.F.);
#7228=ADVANCED_FACE('',(#773),#671,.F.);
#7229=ADVANCED_FACE('',(#774),#6939,.F.);
#7230=ADVANCED_FACE('',(#775),#6940,.T.);
#7231=ADVANCED_FACE('',(#776),#6941,.F.);
#7232=ADVANCED_FACE('',(#777),#672,.F.);
#7233=ADVANCED_FACE('',(#778),#6942,.F.);
#7234=ADVANCED_FACE('',(#779),#6943,.T.);
#7235=ADVANCED_FACE('',(#780),#6944,.F.);
#7236=ADVANCED_FACE('',(#781),#673,.F.);
#7237=ADVANCED_FACE('',(#782),#6945,.F.);
#7238=ADVANCED_FACE('',(#783),#6946,.T.);
#7239=ADVANCED_FACE('',(#784),#552,.T.);
#7240=ADVANCED_FACE('',(#785),#674,.T.);
#7241=ADVANCED_FACE('',(#786),#553,.T.);
#7242=ADVANCED_FACE('',(#787),#675,.T.);
#7243=ADVANCED_FACE('',(#788),#676,.T.);
#7244=ADVANCED_FACE('',(#789),#554,.T.);
#7245=ADVANCED_FACE('',(#790),#677,.T.);
#7246=ADVANCED_FACE('',(#791),#555,.T.);
#7247=ADVANCED_FACE('',(#792),#678,.T.);
#7248=ADVANCED_FACE('',(#793),#679,.T.);
#7249=ADVANCED_FACE('',(#794),#680,.T.);
#7250=ADVANCED_FACE('',(#795),#681,.T.);
#7251=ADVANCED_FACE('',(#796),#6947,.T.);
#7252=ADVANCED_FACE('',(#797),#6948,.T.);
#7253=ADVANCED_FACE('',(#798,#529,#530,#531,#532,#533,#534,#535,#536,#537,
#538,#539,#540,#541,#542,#543,#544),#6949,.T.);
#7254=ADVANCED_FACE('',(#799),#6950,.T.);
#7255=ADVANCED_FACE('',(#800),#6951,.T.);
#7256=ADVANCED_FACE('',(#801),#6952,.T.);
#7257=ADVANCED_FACE('',(#802),#6953,.F.);
#7258=ADVANCED_FACE('',(#803),#6954,.F.);
#7259=ADVANCED_FACE('',(#804),#6955,.F.);
#7260=ADVANCED_FACE('',(#805),#6956,.F.);
#7261=ADVANCED_FACE('',(#806),#6957,.F.);
#7262=ADVANCED_FACE('',(#807),#6958,.F.);
#7263=ADVANCED_FACE('',(#808),#6959,.F.);
#7264=ADVANCED_FACE('',(#809),#6960,.F.);
#7265=ADVANCED_FACE('',(#810),#6961,.F.);
#7266=ADVANCED_FACE('',(#811),#6962,.F.);
#7267=ADVANCED_FACE('',(#812),#6963,.F.);
#7268=ADVANCED_FACE('',(#813,#545),#6964,.F.);
#7269=ADVANCED_FACE('',(#814),#6965,.F.);
#7270=ADVANCED_FACE('',(#815),#6966,.F.);
#7271=ADVANCED_FACE('',(#816),#6967,.F.);
#7272=ADVANCED_FACE('',(#817),#6968,.F.);
#7273=ADVANCED_FACE('',(#818),#6969,.F.);
#7274=ADVANCED_FACE('',(#819),#45,.T.);
#7275=ADVANCED_FACE('',(#820),#46,.T.);
#7276=ADVANCED_FACE('',(#821),#47,.T.);
#7277=ADVANCED_FACE('',(#822),#48,.T.);
#7278=ADVANCED_FACE('',(#823),#49,.T.);
#7279=ADVANCED_FACE('',(#824),#50,.T.);
#7280=ADVANCED_FACE('',(#825),#51,.T.);
#7281=ADVANCED_FACE('',(#826),#52,.T.);
#7282=ADVANCED_FACE('',(#827),#53,.F.);
#7283=ADVANCED_FACE('',(#828),#54,.F.);
#7284=ADVANCED_FACE('',(#829),#55,.F.);
#7285=ADVANCED_FACE('',(#830),#56,.F.);
#7286=ADVANCED_FACE('',(#831,#546),#6970,.F.);
#7287=ADVANCED_FACE('',(#832),#6971,.F.);
#7288=ADVANCED_FACE('',(#833),#6972,.F.);
#7289=ADVANCED_FACE('',(#834),#6973,.F.);
#7290=ADVANCED_FACE('',(#835),#6974,.F.);
#7291=ADVANCED_FACE('',(#836),#6975,.F.);
#7292=ADVANCED_FACE('',(#837),#6976,.F.);
#7293=ADVANCED_FACE('',(#838),#6977,.F.);
#7294=ADVANCED_FACE('',(#839),#6978,.F.);
#7295=ADVANCED_FACE('',(#840),#6979,.F.);
#7296=ADVANCED_FACE('',(#841),#6980,.F.);
#7297=ADVANCED_FACE('',(#842),#6981,.F.);
#7298=ADVANCED_FACE('',(#843),#6982,.F.);
#7299=ADVANCED_FACE('',(#844),#6983,.F.);
#7300=ADVANCED_FACE('',(#845),#6984,.F.);
#7301=ADVANCED_FACE('',(#846),#6985,.F.);
#7302=ADVANCED_FACE('',(#847),#6986,.F.);
#7303=ADVANCED_FACE('',(#848),#57,.T.);
#7304=ADVANCED_FACE('',(#849),#58,.T.);
#7305=ADVANCED_FACE('',(#850),#59,.T.);
#7306=ADVANCED_FACE('',(#851),#60,.T.);
#7307=ADVANCED_FACE('',(#852),#61,.T.);
#7308=ADVANCED_FACE('',(#853),#62,.T.);
#7309=ADVANCED_FACE('',(#854),#6987,.F.);
#7310=ADVANCED_FACE('',(#855),#6988,.F.);
#7311=ADVANCED_FACE('',(#856),#63,.F.);
#7312=ADVANCED_FACE('',(#857),#64,.F.);
#7313=ADVANCED_FACE('',(#858),#65,.F.);
#7314=ADVANCED_FACE('',(#859),#66,.F.);
#7315=ADVANCED_FACE('',(#860),#67,.F.);
#7316=ADVANCED_FACE('',(#861),#68,.F.);
#7317=ADVANCED_FACE('',(#862),#69,.F.);
#7318=ADVANCED_FACE('',(#863),#70,.F.);
#7319=ADVANCED_FACE('',(#864),#71,.F.);
#7320=ADVANCED_FACE('',(#865),#72,.F.);
#7321=ADVANCED_FACE('',(#866),#6989,.F.);
#7322=ADVANCED_FACE('',(#867),#73,.F.);
#7323=ADVANCED_FACE('',(#868),#74,.F.);
#7324=ADVANCED_FACE('',(#869,#547),#6990,.F.);
#7325=ADVANCED_FACE('',(#870),#75,.T.);
#7326=ADVANCED_FACE('',(#871),#76,.T.);
#7327=ADVANCED_FACE('',(#872),#77,.T.);
#7328=ADVANCED_FACE('',(#873),#78,.T.);
#7329=ADVANCED_FACE('',(#874),#79,.T.);
#7330=ADVANCED_FACE('',(#875),#80,.T.);
#7331=ADVANCED_FACE('',(#876),#81,.T.);
#7332=ADVANCED_FACE('',(#877),#82,.T.);
#7333=ADVANCED_FACE('',(#878),#83,.F.);
#7334=ADVANCED_FACE('',(#879),#84,.F.);
#7335=ADVANCED_FACE('',(#880),#85,.F.);
#7336=ADVANCED_FACE('',(#881),#86,.F.);
#7337=ADVANCED_FACE('',(#882,#548),#6991,.F.);
#7338=ADVANCED_FACE('',(#883),#6992,.F.);
#7339=ADVANCED_FACE('',(#884),#6993,.F.);
#7340=ADVANCED_FACE('',(#885),#6994,.F.);
#7341=ADVANCED_FACE('',(#886),#6995,.F.);
#7342=ADVANCED_FACE('',(#887),#6996,.F.);
#7343=ADVANCED_FACE('',(#888),#87,.T.);
#7344=ADVANCED_FACE('',(#889),#6997,.T.);
#7345=ADVANCED_FACE('',(#890),#6998,.T.);
#7346=ADVANCED_FACE('',(#891),#6999,.T.);
#7347=ADVANCED_FACE('',(#892),#88,.T.);
#7348=ADVANCED_FACE('',(#893),#89,.T.);
#7349=ADVANCED_FACE('',(#894),#90,.T.);
#7350=ADVANCED_FACE('',(#895),#91,.F.);
#7351=ADVANCED_FACE('',(#896),#92,.F.);
#7352=ADVANCED_FACE('',(#897),#7000,.F.);
#7353=ADVANCED_FACE('',(#898),#7001,.F.);
#7354=ADVANCED_FACE('',(#899),#7002,.F.);
#7355=ADVANCED_FACE('',(#900),#93,.F.);
#7356=ADVANCED_FACE('',(#901),#94,.F.);
#7357=ADVANCED_FACE('',(#902,#549),#7003,.T.);
#7358=ADVANCED_FACE('',(#903,#550),#682,.F.);
#7359=ADVANCED_FACE('',(#904),#7004,.T.);
#7360=ADVANCED_FACE('',(#905),#95,.F.);
#7361=ADVANCED_FACE('',(#906),#96,.F.);
#7362=ADVANCED_FACE('',(#907),#7005,.F.);
#7363=ADVANCED_FACE('',(#908),#7006,.F.);
#7364=ADVANCED_FACE('',(#909),#7007,.F.);
#7365=ADVANCED_FACE('',(#910),#97,.F.);
#7366=ADVANCED_FACE('',(#911),#98,.F.);
#7367=ADVANCED_FACE('',(#912),#99,.F.);
#7368=ADVANCED_FACE('',(#913),#100,.F.);
#7369=ADVANCED_FACE('',(#914),#7008,.F.);
#7370=ADVANCED_FACE('',(#915),#7009,.F.);
#7371=ADVANCED_FACE('',(#916),#7010,.F.);
#7372=ADVANCED_FACE('',(#917),#101,.F.);
#7373=ADVANCED_FACE('',(#918),#102,.F.);
#7374=ADVANCED_FACE('',(#919),#7011,.T.);
#7375=ADVANCED_FACE('',(#920),#7012,.F.);
#7376=ADVANCED_FACE('',(#921),#7013,.F.);
#7377=ADVANCED_FACE('',(#922),#103,.F.);
#7378=ADVANCED_FACE('',(#923),#104,.F.);
#7379=ADVANCED_FACE('',(#924),#105,.F.);
#7380=ADVANCED_FACE('',(#925),#106,.F.);
#7381=ADVANCED_FACE('',(#926),#107,.F.);
#7382=ADVANCED_FACE('',(#927),#7014,.F.);
#7383=ADVANCED_FACE('',(#928),#7015,.F.);
#7384=ADVANCED_FACE('',(#929),#108,.F.);
#7385=ADVANCED_FACE('',(#930),#109,.F.);
#7386=ADVANCED_FACE('',(#931),#110,.F.);
#7387=ADVANCED_FACE('',(#932),#111,.F.);
#7388=ADVANCED_FACE('',(#933),#112,.F.);
#7389=ADVANCED_FACE('',(#934),#113,.F.);
#7390=ADVANCED_FACE('',(#935),#7016,.F.);
#7391=ADVANCED_FACE('',(#936),#7017,.F.);
#7392=ADVANCED_FACE('',(#937),#7018,.T.);
#7393=ADVANCED_FACE('',(#938),#7019,.F.);
#7394=ADVANCED_FACE('',(#939),#7020,.F.);
#7395=ADVANCED_FACE('',(#940),#7021,.F.);
#7396=ADVANCED_FACE('',(#941),#7022,.F.);
#7397=ADVANCED_FACE('',(#942),#7023,.F.);
#7398=ADVANCED_FACE('',(#943),#7024,.F.);
#7399=ADVANCED_FACE('',(#944),#7025,.F.);
#7400=ADVANCED_FACE('',(#945),#7026,.F.);
#7401=ADVANCED_FACE('',(#946),#7027,.F.);
#7402=ADVANCED_FACE('',(#947),#7028,.F.);
#7403=ADVANCED_FACE('',(#948),#7029,.F.);
#7404=ADVANCED_FACE('',(#949),#7030,.F.);
#7405=ADVANCED_FACE('',(#950),#7031,.F.);
#7406=ADVANCED_FACE('',(#951),#114,.F.);
#7407=ADVANCED_FACE('',(#952),#115,.F.);
#7408=ADVANCED_FACE('',(#953),#116,.F.);
#7409=ADVANCED_FACE('',(#954),#117,.F.);
#7410=ADVANCED_FACE('',(#955),#118,.F.);
#7411=ADVANCED_FACE('',(#956),#7032,.F.);
#7412=ADVANCED_FACE('',(#957),#7033,.F.);
#7413=ADVANCED_FACE('',(#958),#119,.F.);
#7414=ADVANCED_FACE('',(#959),#120,.F.);
#7415=ADVANCED_FACE('',(#960),#121,.F.);
#7416=ADVANCED_FACE('',(#961),#122,.F.);
#7417=ADVANCED_FACE('',(#962),#123,.F.);
#7418=ADVANCED_FACE('',(#963),#124,.F.);
#7419=ADVANCED_FACE('',(#964),#7034,.F.);
#7420=ADVANCED_FACE('',(#965),#7035,.F.);
#7421=ADVANCED_FACE('',(#966),#7036,.T.);
#7422=ADVANCED_FACE('',(#967),#125,.T.);
#7423=ADVANCED_FACE('',(#968),#126,.T.);
#7424=ADVANCED_FACE('',(#969),#127,.T.);
#7425=ADVANCED_FACE('',(#970),#128,.T.);
#7426=ADVANCED_FACE('',(#971),#129,.T.);
#7427=ADVANCED_FACE('',(#972),#130,.T.);
#7428=ADVANCED_FACE('',(#973),#131,.T.);
#7429=ADVANCED_FACE('',(#974),#132,.T.);
#7430=ADVANCED_FACE('',(#975),#133,.F.);
#7431=ADVANCED_FACE('',(#976),#134,.F.);
#7432=ADVANCED_FACE('',(#977),#135,.F.);
#7433=ADVANCED_FACE('',(#978),#136,.F.);
#7434=ADVANCED_FACE('',(#979,#551),#7037,.F.);
#7435=ADVANCED_FACE('',(#980),#7038,.F.);
#7436=ADVANCED_FACE('',(#981),#7039,.F.);
#7437=ADVANCED_FACE('',(#982),#7040,.F.);
#7438=ADVANCED_FACE('',(#983),#7041,.F.);
#7439=ADVANCED_FACE('',(#984),#7042,.F.);
#7440=ADVANCED_FACE('',(#985),#7043,.T.);
#7441=ADVANCED_FACE('',(#986),#7044,.T.);
#7442=ADVANCED_FACE('',(#987),#7045,.T.);
#7443=ADVANCED_FACE('',(#988),#7046,.T.);
#7444=ADVANCED_FACE('',(#989),#7047,.T.);
#7445=ADVANCED_FACE('',(#990),#7048,.T.);
#7446=ADVANCED_FACE('',(#991),#7049,.T.);
#7447=ADVANCED_FACE('',(#992),#7050,.T.);
#7448=ADVANCED_FACE('',(#993),#7051,.T.);
#7449=ADVANCED_FACE('',(#994),#7052,.F.);
#7450=ADVANCED_FACE('',(#995),#7053,.T.);
#7451=ADVANCED_FACE('',(#996),#7054,.T.);
#7452=ADVANCED_FACE('',(#997),#7055,.T.);
#7453=ADVANCED_FACE('',(#998),#7056,.T.);
#7454=ADVANCED_FACE('',(#999),#7057,.T.);
#7455=ADVANCED_FACE('',(#1000),#7058,.T.);
#7456=ADVANCED_FACE('',(#1001),#7059,.T.);
#7457=ADVANCED_FACE('',(#1002),#683,.T.);
#7458=ADVANCED_FACE('',(#1003),#7060,.T.);
#7459=ADVANCED_FACE('',(#1004),#7061,.F.);
#7460=ADVANCED_FACE('',(#1005),#7062,.T.);
#7461=ADVANCED_FACE('',(#1006),#7063,.T.);
#7462=ADVANCED_FACE('',(#1007),#7064,.T.);
#7463=ADVANCED_FACE('',(#1008),#684,.T.);
#7464=ADVANCED_FACE('',(#1009),#7065,.T.);
#7465=ADVANCED_FACE('',(#1010),#7066,.F.);
#7466=ADVANCED_FACE('',(#1011),#7067,.T.);
#7467=ADVANCED_FACE('',(#1012),#685,.T.);
#7468=ADVANCED_FACE('',(#1013),#7068,.T.);
#7469=ADVANCED_FACE('',(#1014),#7069,.T.);
#7470=ADVANCED_FACE('',(#1015),#7070,.T.);
#7471=ADVANCED_FACE('',(#1016),#7071,.F.);
#7472=ADVANCED_FACE('',(#1017),#7072,.T.);
#7473=ADVANCED_FACE('',(#1018),#686,.T.);
#7474=ADVANCED_FACE('',(#1019),#7073,.T.);
#7475=ADVANCED_FACE('',(#1020),#7074,.T.);
#7476=ADVANCED_FACE('',(#1021),#7075,.T.);
#7477=ADVANCED_FACE('',(#1022),#7076,.F.);
#7478=ADVANCED_FACE('',(#1023),#7077,.T.);
#7479=ADVANCED_FACE('',(#1024),#687,.T.);
#7480=ADVANCED_FACE('',(#1025),#7078,.T.);
#7481=ADVANCED_FACE('',(#1026),#7079,.T.);
#7482=ADVANCED_FACE('',(#1027),#7080,.T.);
#7483=ADVANCED_FACE('',(#1028),#7081,.F.);
#7484=ADVANCED_FACE('',(#1029),#7082,.T.);
#7485=ADVANCED_FACE('',(#1030),#688,.T.);
#7486=ADVANCED_FACE('',(#1031),#7083,.T.);
#7487=ADVANCED_FACE('',(#1032),#7084,.T.);
#7488=ADVANCED_FACE('',(#1033),#7085,.T.);
#7489=ADVANCED_FACE('',(#1034),#7086,.F.);
#7490=ADVANCED_FACE('',(#1035),#7087,.T.);
#7491=ADVANCED_FACE('',(#1036),#689,.T.);
#7492=ADVANCED_FACE('',(#1037),#7088,.T.);
#7493=ADVANCED_FACE('',(#1038),#7089,.T.);
#7494=ADVANCED_FACE('',(#1039),#7090,.T.);
#7495=ADVANCED_FACE('',(#1040),#7091,.F.);
#7496=ADVANCED_FACE('',(#1041),#7092,.T.);
#7497=ADVANCED_FACE('',(#1042),#7093,.T.);
#7498=ADVANCED_FACE('',(#1043),#7094,.T.);
#7499=ADVANCED_FACE('',(#1044),#690,.T.);
#7500=ADVANCED_FACE('',(#1045),#7095,.T.);
#7501=ADVANCED_FACE('',(#1046),#7096,.F.);
#7502=ADVANCED_FACE('',(#1047),#7097,.T.);
#7503=ADVANCED_FACE('',(#1048),#7098,.T.);
#7504=ADVANCED_FACE('',(#1049),#7099,.T.);
#7505=ADVANCED_FACE('',(#1050),#691,.T.);
#7506=ADVANCED_FACE('',(#1051),#7100,.T.);
#7507=ADVANCED_FACE('',(#1052),#7101,.F.);
#7508=ADVANCED_FACE('',(#1053),#7102,.T.);
#7509=ADVANCED_FACE('',(#1054),#692,.T.);
#7510=ADVANCED_FACE('',(#1055),#7103,.T.);
#7511=ADVANCED_FACE('',(#1056),#7104,.T.);
#7512=ADVANCED_FACE('',(#1057),#7105,.T.);
#7513=ADVANCED_FACE('',(#1058),#7106,.T.);
#7514=ADVANCED_FACE('',(#1059),#7107,.F.);
#7515=ADVANCED_FACE('',(#1060),#7108,.T.);
#7516=ADVANCED_FACE('',(#1061),#7109,.T.);
#7517=ADVANCED_FACE('',(#1062),#693,.T.);
#7518=ADVANCED_FACE('',(#1063),#7110,.T.);
#7519=ADVANCED_FACE('',(#1064),#7111,.T.);
#7520=ADVANCED_FACE('',(#1065),#7112,.F.);
#7521=ADVANCED_FACE('',(#1066),#7113,.T.);
#7522=ADVANCED_FACE('',(#1067),#7114,.T.);
#7523=ADVANCED_FACE('',(#1068),#694,.T.);
#7524=ADVANCED_FACE('',(#1069),#7115,.T.);
#7525=ADVANCED_FACE('',(#1070),#7116,.F.);
#7526=ADVANCED_FACE('',(#1071),#7117,.T.);
#7527=ADVANCED_FACE('',(#1072),#7118,.T.);
#7528=ADVANCED_FACE('',(#1073),#7119,.T.);
#7529=ADVANCED_FACE('',(#1074),#695,.T.);
#7530=ADVANCED_FACE('',(#1075),#7120,.T.);
#7531=ADVANCED_FACE('',(#1076),#7121,.F.);
#7532=ADVANCED_FACE('',(#1077),#7122,.T.);
#7533=ADVANCED_FACE('',(#1078),#696,.T.);
#7534=ADVANCED_FACE('',(#1079),#7123,.T.);
#7535=ADVANCED_FACE('',(#1080),#7124,.T.);
#7536=ADVANCED_FACE('',(#1081),#7125,.T.);
#7537=ADVANCED_FACE('',(#1082),#7126,.T.);
#7538=ADVANCED_FACE('',(#1083),#7127,.F.);
#7539=ADVANCED_FACE('',(#1084),#697,.T.);
#7540=ADVANCED_FACE('',(#1085),#7128,.T.);
#7541=ADVANCED_FACE('',(#1086),#7129,.T.);
#7542=ADVANCED_FACE('',(#1087),#7130,.T.);
#7543=ADVANCED_FACE('',(#1088),#7131,.T.);
#7544=ADVANCED_FACE('',(#1089),#7132,.F.);
#7545=ADVANCED_FACE('',(#1090),#7133,.T.);
#7546=ADVANCED_FACE('',(#1091),#7134,.T.);
#7547=ADVANCED_FACE('',(#1092),#698,.T.);
#7548=ADVANCED_FACE('',(#1093),#7135,.T.);
#7549=ADVANCED_FACE('',(#1094),#7136,.T.);
#7550=ADVANCED_FACE('',(#1095),#7137,.F.);
#7551=ADVANCED_FACE('',(#1096),#699,.T.);
#7552=ADVANCED_FACE('',(#1097),#7138,.T.);
#7553=ADVANCED_FACE('',(#1098),#7139,.T.);
#7554=ADVANCED_FACE('',(#1099),#7140,.T.);
#7555=ADVANCED_FACE('',(#1100),#7141,.F.);
#7556=ADVANCED_FACE('',(#1101),#7142,.T.);
#7557=ADVANCED_FACE('',(#1102),#7143,.T.);
#7558=ADVANCED_FACE('',(#1103),#7144,.T.);
#7559=ADVANCED_FACE('',(#1104),#7145,.T.);
#7560=ADVANCED_FACE('',(#1105),#700,.T.);
#7561=ADVANCED_FACE('',(#1106),#7146,.T.);
#7562=ADVANCED_FACE('',(#1107),#7147,.F.);
#7563=ADVANCED_FACE('',(#1108),#7148,.T.);
#7564=ADVANCED_FACE('',(#1109),#7149,.T.);
#7565=ADVANCED_FACE('',(#1110),#701,.T.);
#7566=ADVANCED_FACE('',(#1111),#7150,.T.);
#7567=ADVANCED_FACE('',(#1112),#7151,.F.);
#7568=ADVANCED_FACE('',(#1113),#7152,.T.);
#7569=ADVANCED_FACE('',(#1114),#7153,.T.);
#7570=ADVANCED_FACE('',(#1115),#7154,.T.);
#7571=ADVANCED_FACE('',(#1116),#702,.T.);
#7572=ADVANCED_FACE('',(#1117),#7155,.T.);
#7573=ADVANCED_FACE('',(#1118),#7156,.F.);
#7574=ADVANCED_FACE('',(#1119),#7157,.T.);
#7575=CLOSED_SHELL('',(#7158,#7159,#7160,#7161,#7162,#7163,#7164,#7165,
#7166,#7167,#7168,#7169,#7170,#7171,#7172,#7173,#7174,#7175,#7176,#7177,
#7178,#7179,#7180,#7181,#7182,#7183,#7184,#7185,#7186,#7187,#7188,#7189,
#7190,#7191,#7192,#7193,#7194,#7195,#7196,#7197,#7198,#7199,#7200,#7201,
#7202,#7203,#7204,#7205,#7206,#7207,#7208,#7209,#7210,#7211,#7212,#7213,
#7214,#7215,#7216,#7217,#7218,#7219,#7220,#7221,#7222,#7223,#7224,#7225,
#7226,#7227,#7228,#7229,#7230,#7231,#7232,#7233,#7234,#7235,#7236,#7237,
#7238,#7239,#7240,#7241,#7242,#7243,#7244,#7245,#7246,#7247,#7248,#7249,
#7250,#7251,#7252,#7253,#7254,#7255,#7256,#7257,#7258,#7259,#7260,#7261,
#7262,#7263,#7264,#7265,#7266,#7267,#7268,#7269,#7270,#7271,#7272,#7273,
#7274,#7275,#7276,#7277,#7278,#7279,#7280,#7281,#7282,#7283,#7284,#7285,
#7286,#7287,#7288,#7289,#7290,#7291,#7292,#7293,#7294,#7295,#7296,#7297,
#7298,#7299,#7300,#7301,#7302,#7303,#7304,#7305,#7306,#7307,#7308,#7309,
#7310,#7311,#7312,#7313,#7314,#7315,#7316,#7317,#7318,#7319,#7320,#7321,
#7322,#7323,#7324,#7325,#7326,#7327,#7328,#7329,#7330,#7331,#7332,#7333,
#7334,#7335,#7336,#7337,#7338,#7339,#7340,#7341,#7342,#7343,#7344,#7345,
#7346,#7347,#7348,#7349,#7350,#7351,#7352,#7353,#7354,#7355,#7356,#7357,
#7358,#7359,#7360,#7361,#7362,#7363,#7364,#7365,#7366,#7367,#7368,#7369,
#7370,#7371,#7372,#7373,#7374,#7375,#7376,#7377,#7378,#7379,#7380,#7381,
#7382,#7383,#7384,#7385,#7386,#7387,#7388,#7389,#7390,#7391,#7392,#7393,
#7394,#7395,#7396,#7397,#7398,#7399,#7400,#7401,#7402,#7403,#7404,#7405,
#7406,#7407,#7408,#7409,#7410,#7411,#7412,#7413,#7414,#7415,#7416,#7417,
#7418,#7419,#7420,#7421,#7422,#7423,#7424,#7425,#7426,#7427,#7428,#7429,
#7430,#7431,#7432,#7433,#7434,#7435,#7436,#7437,#7438,#7439,#7440,#7441,
#7442,#7443,#7444,#7445,#7446,#7447));
#7576=CLOSED_SHELL('',(#7448,#7449,#7450,#7451,#7452,#7453,#7454));
#7577=CLOSED_SHELL('',(#7455,#7456,#7457,#7458,#7459,#7460));
#7578=CLOSED_SHELL('',(#7461,#7462,#7463,#7464,#7465,#7466));
#7579=CLOSED_SHELL('',(#7467,#7468,#7469,#7470,#7471,#7472));
#7580=CLOSED_SHELL('',(#7473,#7474,#7475,#7476,#7477,#7478));
#7581=CLOSED_SHELL('',(#7479,#7480,#7481,#7482,#7483,#7484));
#7582=CLOSED_SHELL('',(#7485,#7486,#7487,#7488,#7489,#7490));
#7583=CLOSED_SHELL('',(#7491,#7492,#7493,#7494,#7495,#7496));
#7584=CLOSED_SHELL('',(#7497,#7498,#7499,#7500,#7501,#7502));
#7585=CLOSED_SHELL('',(#7503,#7504,#7505,#7506,#7507,#7508));
#7586=CLOSED_SHELL('',(#7509,#7510,#7511,#7512,#7513,#7514));
#7587=CLOSED_SHELL('',(#7515,#7516,#7517,#7518,#7519,#7520));
#7588=CLOSED_SHELL('',(#7521,#7522,#7523,#7524,#7525,#7526));
#7589=CLOSED_SHELL('',(#7527,#7528,#7529,#7530,#7531,#7532));
#7590=CLOSED_SHELL('',(#7533,#7534,#7535,#7536,#7537,#7538));
#7591=CLOSED_SHELL('',(#7539,#7540,#7541,#7542,#7543,#7544));
#7592=CLOSED_SHELL('',(#7545,#7546,#7547,#7548,#7549,#7550));
#7593=CLOSED_SHELL('',(#7551,#7552,#7553,#7554,#7555,#7556));
#7594=CLOSED_SHELL('',(#7557,#7558,#7559,#7560,#7561,#7562));
#7595=CLOSED_SHELL('',(#7563,#7564,#7565,#7566,#7567,#7568));
#7596=CLOSED_SHELL('',(#7569,#7570,#7571,#7572,#7573,#7574));
#7597=PRESENTATION_STYLE_ASSIGNMENT((#7600));
#7598=PRESENTATION_STYLE_ASSIGNMENT((#7601));
#7599=PRESENTATION_STYLE_ASSIGNMENT((#7602));
#7600=SURFACE_STYLE_USAGE(.BOTH.,#7603);
#7601=SURFACE_STYLE_USAGE(.BOTH.,#7604);
#7602=SURFACE_STYLE_USAGE(.BOTH.,#7605);
#7603=SURFACE_SIDE_STYLE('',(#7606));
#7604=SURFACE_SIDE_STYLE('',(#7607));
#7605=SURFACE_SIDE_STYLE('',(#7608));
#7606=SURFACE_STYLE_FILL_AREA(#7609);
#7607=SURFACE_STYLE_FILL_AREA(#7610);
#7608=SURFACE_STYLE_FILL_AREA(#7611);
#7609=FILL_AREA_STYLE('',(#7612));
#7610=FILL_AREA_STYLE('',(#7613));
#7611=FILL_AREA_STYLE('',(#7614));
#7612=FILL_AREA_STYLE_COLOUR('',#7615);
#7613=FILL_AREA_STYLE_COLOUR('',#7616);
#7614=FILL_AREA_STYLE_COLOUR('',#7617);
#7615=COLOUR_RGB('',0.270588235294118,0.270588235294118,0.270588235294118);
#7616=COLOUR_RGB('',0.6,0.6,0.6);
#7617=COLOUR_RGB('',0.745098039215686,0.737254901960784,0.729411764705882);
#7618=AXIS2_PLACEMENT_3D('placement',#9714,#8064,#8065);
#7619=AXIS2_PLACEMENT_3D('placement',#9715,#8066,#8067);
#7620=AXIS2_PLACEMENT_3D('',#9716,#8068,#8069);
#7621=AXIS2_PLACEMENT_3D('',#9725,#8074,#8075);
#7622=AXIS2_PLACEMENT_3D('',#9727,#8076,#8077);
#7623=AXIS2_PLACEMENT_3D('',#9730,#8079,#8080);
#7624=AXIS2_PLACEMENT_3D('',#9731,#8081,#8082);
#7625=AXIS2_PLACEMENT_3D('',#9737,#8086,#8087);
#7626=AXIS2_PLACEMENT_3D('',#9739,#8089,#8090);
#7627=AXIS2_PLACEMENT_3D('',#9748,#8095,#8096);
#7628=AXIS2_PLACEMENT_3D('',#9750,#8097,#8098);
#7629=AXIS2_PLACEMENT_3D('',#9753,#8100,#8101);
#7630=AXIS2_PLACEMENT_3D('',#9754,#8102,#8103);
#7631=AXIS2_PLACEMENT_3D('',#9760,#8107,#8108);
#7632=AXIS2_PLACEMENT_3D('',#9762,#8110,#8111);
#7633=AXIS2_PLACEMENT_3D('',#9771,#8116,#8117);
#7634=AXIS2_PLACEMENT_3D('',#9773,#8118,#8119);
#7635=AXIS2_PLACEMENT_3D('',#9776,#8121,#8122);
#7636=AXIS2_PLACEMENT_3D('',#9777,#8123,#8124);
#7637=AXIS2_PLACEMENT_3D('',#9783,#8128,#8129);
#7638=AXIS2_PLACEMENT_3D('',#9785,#8131,#8132);
#7639=AXIS2_PLACEMENT_3D('',#9794,#8137,#8138);
#7640=AXIS2_PLACEMENT_3D('',#9796,#8139,#8140);
#7641=AXIS2_PLACEMENT_3D('',#9799,#8142,#8143);
#7642=AXIS2_PLACEMENT_3D('',#9800,#8144,#8145);
#7643=AXIS2_PLACEMENT_3D('',#9806,#8149,#8150);
#7644=AXIS2_PLACEMENT_3D('',#9808,#8152,#8153);
#7645=AXIS2_PLACEMENT_3D('',#9817,#8159,#8160);
#7646=AXIS2_PLACEMENT_3D('',#9823,#8163,#8164);
#7647=AXIS2_PLACEMENT_3D('',#9829,#8167,#8168);
#7648=AXIS2_PLACEMENT_3D('',#9837,#8172,#8173);
#7649=AXIS2_PLACEMENT_3D('',#9845,#8177,#8178);
#7650=AXIS2_PLACEMENT_3D('',#9853,#8182,#8183);
#7651=AXIS2_PLACEMENT_3D('',#9861,#8187,#8188);
#7652=AXIS2_PLACEMENT_3D('',#9867,#8191,#8192);
#7653=AXIS2_PLACEMENT_3D('',#9873,#8195,#8196);
#7654=AXIS2_PLACEMENT_3D('',#9881,#8200,#8201);
#7655=AXIS2_PLACEMENT_3D('',#9889,#8205,#8206);
#7656=AXIS2_PLACEMENT_3D('',#9897,#8210,#8211);
#7657=AXIS2_PLACEMENT_3D('',#9905,#8215,#8216);
#7658=AXIS2_PLACEMENT_3D('',#9911,#8219,#8220);
#7659=AXIS2_PLACEMENT_3D('',#9917,#8223,#8224);
#7660=AXIS2_PLACEMENT_3D('',#9925,#8228,#8229);
#7661=AXIS2_PLACEMENT_3D('',#9933,#8233,#8234);
#7662=AXIS2_PLACEMENT_3D('',#9941,#8238,#8239);
#7663=AXIS2_PLACEMENT_3D('',#9949,#8243,#8244);
#7664=AXIS2_PLACEMENT_3D('',#9955,#8247,#8248);
#7665=AXIS2_PLACEMENT_3D('',#9957,#8250,#8251);
#7666=AXIS2_PLACEMENT_3D('',#9963,#8255,#8256);
#7667=AXIS2_PLACEMENT_3D('',#9966,#8258,#8259);
#7668=AXIS2_PLACEMENT_3D('',#9967,#8260,#8261);
#7669=AXIS2_PLACEMENT_3D('',#9971,#8264,#8265);
#7670=AXIS2_PLACEMENT_3D('',#9973,#8267,#8268);
#7671=AXIS2_PLACEMENT_3D('',#9979,#8272,#8273);
#7672=AXIS2_PLACEMENT_3D('',#9982,#8275,#8276);
#7673=AXIS2_PLACEMENT_3D('',#9983,#8277,#8278);
#7674=AXIS2_PLACEMENT_3D('',#9987,#8281,#8282);
#7675=AXIS2_PLACEMENT_3D('',#9989,#8284,#8285);
#7676=AXIS2_PLACEMENT_3D('',#9995,#8289,#8290);
#7677=AXIS2_PLACEMENT_3D('',#9998,#8292,#8293);
#7678=AXIS2_PLACEMENT_3D('',#9999,#8294,#8295);
#7679=AXIS2_PLACEMENT_3D('',#10003,#8298,#8299);
#7680=AXIS2_PLACEMENT_3D('',#10005,#8301,#8302);
#7681=AXIS2_PLACEMENT_3D('',#10011,#8306,#8307);
#7682=AXIS2_PLACEMENT_3D('',#10014,#8309,#8310);
#7683=AXIS2_PLACEMENT_3D('',#10015,#8311,#8312);
#7684=AXIS2_PLACEMENT_3D('',#10019,#8315,#8316);
#7685=AXIS2_PLACEMENT_3D('',#10021,#8318,#8319);
#7686=AXIS2_PLACEMENT_3D('',#10027,#8323,#8324);
#7687=AXIS2_PLACEMENT_3D('',#10030,#8326,#8327);
#7688=AXIS2_PLACEMENT_3D('',#10031,#8328,#8329);
#7689=AXIS2_PLACEMENT_3D('',#10035,#8332,#8333);
#7690=AXIS2_PLACEMENT_3D('',#10037,#8335,#8336);
#7691=AXIS2_PLACEMENT_3D('',#10043,#8340,#8341);
#7692=AXIS2_PLACEMENT_3D('',#10046,#8343,#8344);
#7693=AXIS2_PLACEMENT_3D('',#10047,#8345,#8346);
#7694=AXIS2_PLACEMENT_3D('',#10051,#8349,#8350);
#7695=AXIS2_PLACEMENT_3D('',#10053,#8352,#8353);
#7696=AXIS2_PLACEMENT_3D('',#10059,#8357,#8358);
#7697=AXIS2_PLACEMENT_3D('',#10062,#8360,#8361);
#7698=AXIS2_PLACEMENT_3D('',#10063,#8362,#8363);
#7699=AXIS2_PLACEMENT_3D('',#10067,#8366,#8367);
#7700=AXIS2_PLACEMENT_3D('',#10069,#8369,#8370);
#7701=AXIS2_PLACEMENT_3D('',#10075,#8374,#8375);
#7702=AXIS2_PLACEMENT_3D('',#10078,#8377,#8378);
#7703=AXIS2_PLACEMENT_3D('',#10079,#8379,#8380);
#7704=AXIS2_PLACEMENT_3D('',#10083,#8383,#8384);
#7705=AXIS2_PLACEMENT_3D('',#10085,#8386,#8387);
#7706=AXIS2_PLACEMENT_3D('',#10091,#8391,#8392);
#7707=AXIS2_PLACEMENT_3D('',#10094,#8394,#8395);
#7708=AXIS2_PLACEMENT_3D('',#10095,#8396,#8397);
#7709=AXIS2_PLACEMENT_3D('',#10099,#8400,#8401);
#7710=AXIS2_PLACEMENT_3D('',#10101,#8403,#8404);
#7711=AXIS2_PLACEMENT_3D('',#10107,#8408,#8409);
#7712=AXIS2_PLACEMENT_3D('',#10110,#8411,#8412);
#7713=AXIS2_PLACEMENT_3D('',#10111,#8413,#8414);
#7714=AXIS2_PLACEMENT_3D('',#10115,#8417,#8418);
#7715=AXIS2_PLACEMENT_3D('',#10117,#8420,#8421);
#7716=AXIS2_PLACEMENT_3D('',#10123,#8425,#8426);
#7717=AXIS2_PLACEMENT_3D('',#10126,#8428,#8429);
#7718=AXIS2_PLACEMENT_3D('',#10127,#8430,#8431);
#7719=AXIS2_PLACEMENT_3D('',#10131,#8434,#8435);
#7720=AXIS2_PLACEMENT_3D('',#10133,#8437,#8438);
#7721=AXIS2_PLACEMENT_3D('',#10139,#8442,#8443);
#7722=AXIS2_PLACEMENT_3D('',#10142,#8445,#8446);
#7723=AXIS2_PLACEMENT_3D('',#10143,#8447,#8448);
#7724=AXIS2_PLACEMENT_3D('',#10147,#8451,#8452);
#7725=AXIS2_PLACEMENT_3D('',#10149,#8454,#8455);
#7726=AXIS2_PLACEMENT_3D('',#10155,#8459,#8460);
#7727=AXIS2_PLACEMENT_3D('',#10158,#8462,#8463);
#7728=AXIS2_PLACEMENT_3D('',#10159,#8464,#8465);
#7729=AXIS2_PLACEMENT_3D('',#10163,#8468,#8469);
#7730=AXIS2_PLACEMENT_3D('',#10165,#8471,#8472);
#7731=AXIS2_PLACEMENT_3D('',#10171,#8476,#8477);
#7732=AXIS2_PLACEMENT_3D('',#10174,#8479,#8480);
#7733=AXIS2_PLACEMENT_3D('',#10175,#8481,#8482);
#7734=AXIS2_PLACEMENT_3D('',#10179,#8485,#8486);
#7735=AXIS2_PLACEMENT_3D('',#10181,#8488,#8489);
#7736=AXIS2_PLACEMENT_3D('',#10187,#8493,#8494);
#7737=AXIS2_PLACEMENT_3D('',#10190,#8496,#8497);
#7738=AXIS2_PLACEMENT_3D('',#10191,#8498,#8499);
#7739=AXIS2_PLACEMENT_3D('',#10195,#8502,#8503);
#7740=AXIS2_PLACEMENT_3D('',#10197,#8505,#8506);
#7741=AXIS2_PLACEMENT_3D('',#10203,#8510,#8511);
#7742=AXIS2_PLACEMENT_3D('',#10206,#8513,#8514);
#7743=AXIS2_PLACEMENT_3D('',#10207,#8515,#8516);
#7744=AXIS2_PLACEMENT_3D('',#10211,#8519,#8520);
#7745=AXIS2_PLACEMENT_3D('',#10213,#8522,#8523);
#7746=AXIS2_PLACEMENT_3D('',#10216,#8524,#8525);
#7747=AXIS2_PLACEMENT_3D('',#10218,#8526,#8527);
#7748=AXIS2_PLACEMENT_3D('',#10219,#8528,#8529);
#7749=AXIS2_PLACEMENT_3D('',#10220,#8530,#8531);
#7750=AXIS2_PLACEMENT_3D('',#10223,#8534,#8535);
#7751=AXIS2_PLACEMENT_3D('',#10226,#8536,#8537);
#7752=AXIS2_PLACEMENT_3D('',#10228,#8538,#8539);
#7753=AXIS2_PLACEMENT_3D('',#10229,#8540,#8541);
#7754=AXIS2_PLACEMENT_3D('',#10230,#8542,#8543);
#7755=AXIS2_PLACEMENT_3D('',#10233,#8546,#8547);
#7756=AXIS2_PLACEMENT_3D('',#10236,#8550,#8551);
#7757=AXIS2_PLACEMENT_3D('',#10239,#8552,#8553);
#7758=AXIS2_PLACEMENT_3D('',#10241,#8554,#8555);
#7759=AXIS2_PLACEMENT_3D('',#10242,#8556,#8557);
#7760=AXIS2_PLACEMENT_3D('',#10243,#8558,#8559);
#7761=AXIS2_PLACEMENT_3D('',#10246,#8562,#8563);
#7762=AXIS2_PLACEMENT_3D('',#10249,#8564,#8565);
#7763=AXIS2_PLACEMENT_3D('',#10251,#8566,#8567);
#7764=AXIS2_PLACEMENT_3D('',#10252,#8568,#8569);
#7765=AXIS2_PLACEMENT_3D('',#10253,#8570,#8571);
#7766=AXIS2_PLACEMENT_3D('',#10256,#8574,#8575);
#7767=AXIS2_PLACEMENT_3D('',#10259,#8578,#8579);
#7768=AXIS2_PLACEMENT_3D('',#10262,#8582,#8583);
#7769=AXIS2_PLACEMENT_3D('',#10265,#8586,#8587);
#7770=AXIS2_PLACEMENT_3D('',#10266,#8588,#8589);
#7771=AXIS2_PLACEMENT_3D('',#10267,#8590,#8591);
#7772=AXIS2_PLACEMENT_3D('',#10319,#8599,#8600);
#7773=AXIS2_PLACEMENT_3D('',#10403,#8617,#8618);
#7774=AXIS2_PLACEMENT_3D('',#10497,#8628,#8629);
#7775=AXIS2_PLACEMENT_3D('',#10556,#8638,#8639);
#7776=AXIS2_PLACEMENT_3D('',#10565,#8641,#8642);
#7777=AXIS2_PLACEMENT_3D('',#10577,#8643,#8644);
#7778=AXIS2_PLACEMENT_3D('',#10594,#8645,#8646);
#7779=AXIS2_PLACEMENT_3D('',#10684,#8677,#8678);
#7780=AXIS2_PLACEMENT_3D('',#10693,#8683,#8684);
#7781=AXIS2_PLACEMENT_3D('',#10699,#8688,#8689);
#7782=AXIS2_PLACEMENT_3D('',#10702,#8692,#8693);
#7783=AXIS2_PLACEMENT_3D('',#10708,#8697,#8698);
#7784=AXIS2_PLACEMENT_3D('',#10712,#8701,#8702);
#7785=AXIS2_PLACEMENT_3D('',#10716,#8705,#8706);
#7786=AXIS2_PLACEMENT_3D('',#10720,#8709,#8710);
#7787=AXIS2_PLACEMENT_3D('',#10724,#8713,#8714);
#7788=AXIS2_PLACEMENT_3D('',#10728,#8717,#8718);
#7789=AXIS2_PLACEMENT_3D('',#10732,#8721,#8722);
#7790=AXIS2_PLACEMENT_3D('',#10736,#8725,#8726);
#7791=AXIS2_PLACEMENT_3D('',#10740,#8729,#8730);
#7792=AXIS2_PLACEMENT_3D('',#10744,#8733,#8734);
#7793=AXIS2_PLACEMENT_3D('',#10746,#8736,#8737);
#7794=AXIS2_PLACEMENT_3D('',#10747,#8738,#8739);
#7795=AXIS2_PLACEMENT_3D('',#10753,#8743,#8744);
#7796=AXIS2_PLACEMENT_3D('',#10757,#8747,#8748);
#7797=AXIS2_PLACEMENT_3D('',#10761,#8751,#8752);
#7798=AXIS2_PLACEMENT_3D('',#10763,#8754,#8755);
#7799=AXIS2_PLACEMENT_3D('',#10972,#8768,#8769);
#7800=AXIS2_PLACEMENT_3D('',#10973,#8770,#8771);
#7801=AXIS2_PLACEMENT_3D('',#10979,#8775,#8776);
#7802=AXIS2_PLACEMENT_3D('',#10983,#8779,#8780);
#7803=AXIS2_PLACEMENT_3D('',#10987,#8783,#8784);
#7804=AXIS2_PLACEMENT_3D('',#10989,#8786,#8787);
#7805=AXIS2_PLACEMENT_3D('',#10990,#8788,#8789);
#7806=AXIS2_PLACEMENT_3D('',#10996,#8793,#8794);
#7807=AXIS2_PLACEMENT_3D('',#11000,#8797,#8798);
#7808=AXIS2_PLACEMENT_3D('',#11004,#8801,#8802);
#7809=AXIS2_PLACEMENT_3D('',#11008,#8805,#8806);
#7810=AXIS2_PLACEMENT_3D('',#11012,#8809,#8810);
#7811=AXIS2_PLACEMENT_3D('',#11016,#8813,#8814);
#7812=AXIS2_PLACEMENT_3D('',#11020,#8817,#8818);
#7813=AXIS2_PLACEMENT_3D('',#11024,#8821,#8822);
#7814=AXIS2_PLACEMENT_3D('',#11028,#8825,#8826);
#7815=AXIS2_PLACEMENT_3D('',#11030,#8828,#8829);
#7816=AXIS2_PLACEMENT_3D('',#11041,#8830,#8831);
#7817=AXIS2_PLACEMENT_3D('',#11045,#8833,#8834);
#7818=AXIS2_PLACEMENT_3D('',#11075,#8837,#8838);
#7819=AXIS2_PLACEMENT_3D('',#11077,#8839,#8840);
#7820=AXIS2_PLACEMENT_3D('',#11133,#8844,#8845);
#7821=AXIS2_PLACEMENT_3D('',#11139,#8849,#8850);
#7822=AXIS2_PLACEMENT_3D('',#11181,#8856,#8857);
#7823=AXIS2_PLACEMENT_3D('',#11234,#8862,#8863);
#7824=AXIS2_PLACEMENT_3D('',#11273,#8867,#8868);
#7825=AXIS2_PLACEMENT_3D('',#11274,#8869,#8870);
#7826=AXIS2_PLACEMENT_3D('',#11300,#8874,#8875);
#7827=AXIS2_PLACEMENT_3D('',#11301,#8876,#8877);
#7828=AXIS2_PLACEMENT_3D('',#11510,#8890,#8891);
#7829=AXIS2_PLACEMENT_3D('',#11511,#8892,#8893);
#7830=AXIS2_PLACEMENT_3D('',#11517,#8897,#8898);
#7831=AXIS2_PLACEMENT_3D('',#11521,#8901,#8902);
#7832=AXIS2_PLACEMENT_3D('',#11525,#8905,#8906);
#7833=AXIS2_PLACEMENT_3D('',#11527,#8908,#8909);
#7834=AXIS2_PLACEMENT_3D('',#11550,#8912,#8913);
#7835=AXIS2_PLACEMENT_3D('',#11556,#8917,#8918);
#7836=AXIS2_PLACEMENT_3D('',#11562,#8922,#8923);
#7837=AXIS2_PLACEMENT_3D('',#11614,#8929,#8930);
#7838=AXIS2_PLACEMENT_3D('',#11615,#8931,#8932);
#7839=AXIS2_PLACEMENT_3D('',#11646,#8936,#8937);
#7840=AXIS2_PLACEMENT_3D('',#11650,#8940,#8941);
#7841=AXIS2_PLACEMENT_3D('',#11654,#8944,#8945);
#7842=AXIS2_PLACEMENT_3D('',#11684,#8949,#8950);
#7843=AXIS2_PLACEMENT_3D('',#11685,#8951,#8952);
#7844=AXIS2_PLACEMENT_3D('',#11687,#8953,#8954);
#7845=AXIS2_PLACEMENT_3D('',#11688,#8955,#8956);
#7846=AXIS2_PLACEMENT_3D('',#11719,#8960,#8961);
#7847=AXIS2_PLACEMENT_3D('',#11723,#8964,#8965);
#7848=AXIS2_PLACEMENT_3D('',#11727,#8968,#8969);
#7849=AXIS2_PLACEMENT_3D('',#11787,#8976,#8977);
#7850=AXIS2_PLACEMENT_3D('',#11791,#8980,#8981);
#7851=AXIS2_PLACEMENT_3D('',#11795,#8984,#8985);
#7852=AXIS2_PLACEMENT_3D('',#11825,#8989,#8990);
#7853=AXIS2_PLACEMENT_3D('',#11826,#8991,#8992);
#7854=AXIS2_PLACEMENT_3D('',#11832,#8996,#8997);
#7855=AXIS2_PLACEMENT_3D('',#11906,#9005,#9006);
#7856=AXIS2_PLACEMENT_3D('',#11910,#9009,#9010);
#7857=AXIS2_PLACEMENT_3D('',#11952,#9016,#9017);
#7858=AXIS2_PLACEMENT_3D('',#11995,#9021,#9022);
#7859=AXIS2_PLACEMENT_3D('',#11999,#9025,#9026);
#7860=AXIS2_PLACEMENT_3D('',#12001,#9028,#9029);
#7861=AXIS2_PLACEMENT_3D('',#12002,#9030,#9031);
#7862=AXIS2_PLACEMENT_3D('',#12008,#9035,#9036);
#7863=AXIS2_PLACEMENT_3D('',#12012,#9039,#9040);
#7864=AXIS2_PLACEMENT_3D('',#12016,#9043,#9044);
#7865=AXIS2_PLACEMENT_3D('',#12020,#9047,#9048);
#7866=AXIS2_PLACEMENT_3D('',#12024,#9051,#9052);
#7867=AXIS2_PLACEMENT_3D('',#12028,#9055,#9056);
#7868=AXIS2_PLACEMENT_3D('',#12032,#9059,#9060);
#7869=AXIS2_PLACEMENT_3D('',#12036,#9063,#9064);
#7870=AXIS2_PLACEMENT_3D('',#12040,#9067,#9068);
#7871=AXIS2_PLACEMENT_3D('',#12042,#9070,#9071);
#7872=AXIS2_PLACEMENT_3D('',#12043,#9072,#9073);
#7873=AXIS2_PLACEMENT_3D('',#12049,#9077,#9078);
#7874=AXIS2_PLACEMENT_3D('',#12123,#9086,#9087);
#7875=AXIS2_PLACEMENT_3D('',#12127,#9090,#9091);
#7876=AXIS2_PLACEMENT_3D('',#12169,#9097,#9098);
#7877=AXIS2_PLACEMENT_3D('',#12212,#9102,#9103);
#7878=AXIS2_PLACEMENT_3D('',#12216,#9106,#9107);
#7879=AXIS2_PLACEMENT_3D('',#12218,#9109,#9110);
#7880=AXIS2_PLACEMENT_3D('',#12427,#9123,#9124);
#7881=AXIS2_PLACEMENT_3D('',#12428,#9125,#9126);
#7882=AXIS2_PLACEMENT_3D('',#12434,#9130,#9131);
#7883=AXIS2_PLACEMENT_3D('',#12438,#9134,#9135);
#7884=AXIS2_PLACEMENT_3D('',#12442,#9138,#9139);
#7885=AXIS2_PLACEMENT_3D('',#12444,#9141,#9142);
#7886=AXIS2_PLACEMENT_3D('',#12445,#9143,#9144);
#7887=AXIS2_PLACEMENT_3D('',#12446,#9145,#9146);
#7888=AXIS2_PLACEMENT_3D('',#12447,#9147,#9148);
#7889=AXIS2_PLACEMENT_3D('',#12448,#9149,#9150);
#7890=AXIS2_PLACEMENT_3D('',#12449,#9151,#9152);
#7891=AXIS2_PLACEMENT_3D('',#12450,#9153,#9154);
#7892=AXIS2_PLACEMENT_3D('',#12451,#9155,#9156);
#7893=AXIS2_PLACEMENT_3D('',#12452,#9157,#9158);
#7894=AXIS2_PLACEMENT_3D('placement',#12453,#9159,#9160);
#7895=AXIS2_PLACEMENT_3D('',#12454,#9161,#9162);
#7896=AXIS2_PLACEMENT_3D('',#12463,#9167,#9168);
#7897=AXIS2_PLACEMENT_3D('',#12471,#9173,#9174);
#7898=AXIS2_PLACEMENT_3D('',#12475,#9177,#9178);
#7899=AXIS2_PLACEMENT_3D('',#12479,#9181,#9182);
#7900=AXIS2_PLACEMENT_3D('',#12483,#9185,#9186);
#7901=AXIS2_PLACEMENT_3D('',#12485,#9188,#9189);
#7902=AXIS2_PLACEMENT_3D('',#12486,#9190,#9191);
#7903=AXIS2_PLACEMENT_3D('',#12495,#9196,#9197);
#7904=AXIS2_PLACEMENT_3D('',#12501,#9201,#9202);
#7905=AXIS2_PLACEMENT_3D('',#12503,#9203,#9204);
#7906=AXIS2_PLACEMENT_3D('',#12505,#9205,#9206);
#7907=AXIS2_PLACEMENT_3D('',#12507,#9208,#9209);
#7908=AXIS2_PLACEMENT_3D('',#12510,#9212,#9213);
#7909=AXIS2_PLACEMENT_3D('',#12511,#9214,#9215);
#7910=AXIS2_PLACEMENT_3D('',#12512,#9216,#9217);
#7911=AXIS2_PLACEMENT_3D('',#12521,#9222,#9223);
#7912=AXIS2_PLACEMENT_3D('',#12527,#9227,#9228);
#7913=AXIS2_PLACEMENT_3D('',#12529,#9229,#9230);
#7914=AXIS2_PLACEMENT_3D('',#12531,#9231,#9232);
#7915=AXIS2_PLACEMENT_3D('',#12533,#9234,#9235);
#7916=AXIS2_PLACEMENT_3D('',#12536,#9238,#9239);
#7917=AXIS2_PLACEMENT_3D('',#12537,#9240,#9241);
#7918=AXIS2_PLACEMENT_3D('',#12538,#9242,#9243);
#7919=AXIS2_PLACEMENT_3D('',#12541,#9244,#9245);
#7920=AXIS2_PLACEMENT_3D('',#12545,#9247,#9248);
#7921=AXIS2_PLACEMENT_3D('',#12547,#9250,#9251);
#7922=AXIS2_PLACEMENT_3D('',#12553,#9255,#9256);
#7923=AXIS2_PLACEMENT_3D('',#12559,#9260,#9261);
#7924=AXIS2_PLACEMENT_3D('',#12562,#9264,#9265);
#7925=AXIS2_PLACEMENT_3D('',#12563,#9266,#9267);
#7926=AXIS2_PLACEMENT_3D('',#12564,#9268,#9269);
#7927=AXIS2_PLACEMENT_3D('',#12567,#9270,#9271);
#7928=AXIS2_PLACEMENT_3D('',#12571,#9273,#9274);
#7929=AXIS2_PLACEMENT_3D('',#12573,#9276,#9277);
#7930=AXIS2_PLACEMENT_3D('',#12579,#9281,#9282);
#7931=AXIS2_PLACEMENT_3D('',#12585,#9286,#9287);
#7932=AXIS2_PLACEMENT_3D('',#12588,#9290,#9291);
#7933=AXIS2_PLACEMENT_3D('',#12589,#9292,#9293);
#7934=AXIS2_PLACEMENT_3D('',#12590,#9294,#9295);
#7935=AXIS2_PLACEMENT_3D('',#12593,#9296,#9297);
#7936=AXIS2_PLACEMENT_3D('',#12597,#9299,#9300);
#7937=AXIS2_PLACEMENT_3D('',#12599,#9302,#9303);
#7938=AXIS2_PLACEMENT_3D('',#12605,#9307,#9308);
#7939=AXIS2_PLACEMENT_3D('',#12611,#9312,#9313);
#7940=AXIS2_PLACEMENT_3D('',#12614,#9316,#9317);
#7941=AXIS2_PLACEMENT_3D('',#12615,#9318,#9319);
#7942=AXIS2_PLACEMENT_3D('',#12616,#9320,#9321);
#7943=AXIS2_PLACEMENT_3D('',#12619,#9322,#9323);
#7944=AXIS2_PLACEMENT_3D('',#12623,#9325,#9326);
#7945=AXIS2_PLACEMENT_3D('',#12625,#9328,#9329);
#7946=AXIS2_PLACEMENT_3D('',#12631,#9333,#9334);
#7947=AXIS2_PLACEMENT_3D('',#12637,#9338,#9339);
#7948=AXIS2_PLACEMENT_3D('',#12640,#9342,#9343);
#7949=AXIS2_PLACEMENT_3D('',#12641,#9344,#9345);
#7950=AXIS2_PLACEMENT_3D('',#12642,#9346,#9347);
#7951=AXIS2_PLACEMENT_3D('',#12645,#9348,#9349);
#7952=AXIS2_PLACEMENT_3D('',#12649,#9351,#9352);
#7953=AXIS2_PLACEMENT_3D('',#12651,#9354,#9355);
#7954=AXIS2_PLACEMENT_3D('',#12657,#9359,#9360);
#7955=AXIS2_PLACEMENT_3D('',#12663,#9364,#9365);
#7956=AXIS2_PLACEMENT_3D('',#12666,#9368,#9369);
#7957=AXIS2_PLACEMENT_3D('',#12667,#9370,#9371);
#7958=AXIS2_PLACEMENT_3D('',#12668,#9372,#9373);
#7959=AXIS2_PLACEMENT_3D('',#12677,#9378,#9379);
#7960=AXIS2_PLACEMENT_3D('',#12683,#9383,#9384);
#7961=AXIS2_PLACEMENT_3D('',#12685,#9385,#9386);
#7962=AXIS2_PLACEMENT_3D('',#12687,#9387,#9388);
#7963=AXIS2_PLACEMENT_3D('',#12689,#9390,#9391);
#7964=AXIS2_PLACEMENT_3D('',#12692,#9394,#9395);
#7965=AXIS2_PLACEMENT_3D('',#12693,#9396,#9397);
#7966=AXIS2_PLACEMENT_3D('',#12694,#9398,#9399);
#7967=AXIS2_PLACEMENT_3D('',#12703,#9404,#9405);
#7968=AXIS2_PLACEMENT_3D('',#12709,#9409,#9410);
#7969=AXIS2_PLACEMENT_3D('',#12711,#9411,#9412);
#7970=AXIS2_PLACEMENT_3D('',#12713,#9413,#9414);
#7971=AXIS2_PLACEMENT_3D('',#12715,#9416,#9417);
#7972=AXIS2_PLACEMENT_3D('',#12718,#9420,#9421);
#7973=AXIS2_PLACEMENT_3D('',#12719,#9422,#9423);
#7974=AXIS2_PLACEMENT_3D('',#12720,#9424,#9425);
#7975=AXIS2_PLACEMENT_3D('',#12723,#9426,#9427);
#7976=AXIS2_PLACEMENT_3D('',#12727,#9429,#9430);
#7977=AXIS2_PLACEMENT_3D('',#12729,#9432,#9433);
#7978=AXIS2_PLACEMENT_3D('',#12735,#9437,#9438);
#7979=AXIS2_PLACEMENT_3D('',#12741,#9442,#9443);
#7980=AXIS2_PLACEMENT_3D('',#12744,#9446,#9447);
#7981=AXIS2_PLACEMENT_3D('',#12745,#9448,#9449);
#7982=AXIS2_PLACEMENT_3D('',#12746,#9450,#9451);
#7983=AXIS2_PLACEMENT_3D('',#12755,#9456,#9457);
#7984=AXIS2_PLACEMENT_3D('',#12761,#9461,#9462);
#7985=AXIS2_PLACEMENT_3D('',#12763,#9463,#9464);
#7986=AXIS2_PLACEMENT_3D('',#12765,#9465,#9466);
#7987=AXIS2_PLACEMENT_3D('',#12767,#9468,#9469);
#7988=AXIS2_PLACEMENT_3D('',#12770,#9472,#9473);
#7989=AXIS2_PLACEMENT_3D('',#12771,#9474,#9475);
#7990=AXIS2_PLACEMENT_3D('',#12772,#9476,#9477);
#7991=AXIS2_PLACEMENT_3D('',#12781,#9482,#9483);
#7992=AXIS2_PLACEMENT_3D('',#12787,#9487,#9488);
#7993=AXIS2_PLACEMENT_3D('',#12789,#9489,#9490);
#7994=AXIS2_PLACEMENT_3D('',#12791,#9491,#9492);
#7995=AXIS2_PLACEMENT_3D('',#12793,#9494,#9495);
#7996=AXIS2_PLACEMENT_3D('',#12796,#9498,#9499);
#7997=AXIS2_PLACEMENT_3D('',#12797,#9500,#9501);
#7998=AXIS2_PLACEMENT_3D('',#12798,#9502,#9503);
#7999=AXIS2_PLACEMENT_3D('',#12807,#9508,#9509);
#8000=AXIS2_PLACEMENT_3D('',#12813,#9513,#9514);
#8001=AXIS2_PLACEMENT_3D('',#12815,#9515,#9516);
#8002=AXIS2_PLACEMENT_3D('',#12817,#9517,#9518);
#8003=AXIS2_PLACEMENT_3D('',#12819,#9520,#9521);
#8004=AXIS2_PLACEMENT_3D('',#12822,#9524,#9525);
#8005=AXIS2_PLACEMENT_3D('',#12823,#9526,#9527);
#8006=AXIS2_PLACEMENT_3D('',#12824,#9528,#9529);
#8007=AXIS2_PLACEMENT_3D('',#12827,#9530,#9531);
#8008=AXIS2_PLACEMENT_3D('',#12831,#9533,#9534);
#8009=AXIS2_PLACEMENT_3D('',#12833,#9536,#9537);
#8010=AXIS2_PLACEMENT_3D('',#12839,#9541,#9542);
#8011=AXIS2_PLACEMENT_3D('',#12845,#9546,#9547);
#8012=AXIS2_PLACEMENT_3D('',#12848,#9550,#9551);
#8013=AXIS2_PLACEMENT_3D('',#12849,#9552,#9553);
#8014=AXIS2_PLACEMENT_3D('',#12850,#9554,#9555);
#8015=AXIS2_PLACEMENT_3D('',#12853,#9556,#9557);
#8016=AXIS2_PLACEMENT_3D('',#12857,#9559,#9560);
#8017=AXIS2_PLACEMENT_3D('',#12859,#9562,#9563);
#8018=AXIS2_PLACEMENT_3D('',#12865,#9567,#9568);
#8019=AXIS2_PLACEMENT_3D('',#12871,#9572,#9573);
#8020=AXIS2_PLACEMENT_3D('',#12874,#9576,#9577);
#8021=AXIS2_PLACEMENT_3D('',#12875,#9578,#9579);
#8022=AXIS2_PLACEMENT_3D('',#12876,#9580,#9581);
#8023=AXIS2_PLACEMENT_3D('',#12885,#9586,#9587);
#8024=AXIS2_PLACEMENT_3D('',#12891,#9591,#9592);
#8025=AXIS2_PLACEMENT_3D('',#12893,#9593,#9594);
#8026=AXIS2_PLACEMENT_3D('',#12895,#9595,#9596);
#8027=AXIS2_PLACEMENT_3D('',#12897,#9598,#9599);
#8028=AXIS2_PLACEMENT_3D('',#12900,#9602,#9603);
#8029=AXIS2_PLACEMENT_3D('',#12901,#9604,#9605);
#8030=AXIS2_PLACEMENT_3D('',#12902,#9606,#9607);
#8031=AXIS2_PLACEMENT_3D('',#12905,#9608,#9609);
#8032=AXIS2_PLACEMENT_3D('',#12909,#9611,#9612);
#8033=AXIS2_PLACEMENT_3D('',#12911,#9614,#9615);
#8034=AXIS2_PLACEMENT_3D('',#12917,#9619,#9620);
#8035=AXIS2_PLACEMENT_3D('',#12923,#9624,#9625);
#8036=AXIS2_PLACEMENT_3D('',#12926,#9628,#9629);
#8037=AXIS2_PLACEMENT_3D('',#12927,#9630,#9631);
#8038=AXIS2_PLACEMENT_3D('',#12928,#9632,#9633);
#8039=AXIS2_PLACEMENT_3D('',#12937,#9638,#9639);
#8040=AXIS2_PLACEMENT_3D('',#12943,#9643,#9644);
#8041=AXIS2_PLACEMENT_3D('',#12949,#9648,#9649);
#8042=AXIS2_PLACEMENT_3D('',#12950,#9650,#9651);
#8043=AXIS2_PLACEMENT_3D('',#12951,#9652,#9653);
#8044=AXIS2_PLACEMENT_3D('',#12952,#9654,#9655);
#8045=AXIS2_PLACEMENT_3D('',#12953,#9656,#9657);
#8046=AXIS2_PLACEMENT_3D('',#12954,#9658,#9659);
#8047=AXIS2_PLACEMENT_3D('',#12963,#9664,#9665);
#8048=AXIS2_PLACEMENT_3D('',#12969,#9669,#9670);
#8049=AXIS2_PLACEMENT_3D('',#12971,#9671,#9672);
#8050=AXIS2_PLACEMENT_3D('',#12973,#9673,#9674);
#8051=AXIS2_PLACEMENT_3D('',#12975,#9676,#9677);
#8052=AXIS2_PLACEMENT_3D('',#12978,#9680,#9681);
#8053=AXIS2_PLACEMENT_3D('',#12979,#9682,#9683);
#8054=AXIS2_PLACEMENT_3D('',#12980,#9684,#9685);
#8055=AXIS2_PLACEMENT_3D('',#12989,#9690,#9691);
#8056=AXIS2_PLACEMENT_3D('',#12995,#9695,#9696);
#8057=AXIS2_PLACEMENT_3D('',#12997,#9697,#9698);
#8058=AXIS2_PLACEMENT_3D('',#12999,#9699,#9700);
#8059=AXIS2_PLACEMENT_3D('',#13001,#9702,#9703);
#8060=AXIS2_PLACEMENT_3D('',#13004,#9706,#9707);
#8061=AXIS2_PLACEMENT_3D('',#13005,#9708,#9709);
#8062=AXIS2_PLACEMENT_3D('',#13006,#9710,#9711);
#8063=AXIS2_PLACEMENT_3D('',#13007,#9712,#9713);
#8064=DIRECTION('axis',(0.,0.,1.));
#8065=DIRECTION('refdir',(1.,0.,0.));
#8066=DIRECTION('axis',(0.,0.,1.));
#8067=DIRECTION('refdir',(1.,0.,0.));
#8068=DIRECTION('center_axis',(1.,0.,6.8463753185218E-16));
#8069=DIRECTION('ref_axis',(6.88338275267597E-16,0.,-1.));
#8070=DIRECTION('',(6.8463753185218E-16,0.,-1.));
#8071=DIRECTION('',(0.,1.,0.));
#8072=DIRECTION('',(6.8463753185218E-16,0.,-1.));
#8073=DIRECTION('',(0.,1.,0.));
#8074=DIRECTION('center_axis',(0.,1.,0.));
#8075=DIRECTION('ref_axis',(2.22044604925031E-16,0.,-1.));
#8076=DIRECTION('center_axis',(0.,1.,0.));
#8077=DIRECTION('ref_axis',(2.22044604925031E-16,0.,-1.));
#8078=DIRECTION('',(0.,1.,0.));
#8079=DIRECTION('center_axis',(0.,1.,0.));
#8080=DIRECTION('ref_axis',(2.22044604925031E-16,0.,-1.));
#8081=DIRECTION('center_axis',(-1.,0.,-2.22044604925031E-16));
#8082=DIRECTION('ref_axis',(-2.22044604925031E-16,0.,1.));
#8083=DIRECTION('',(-2.22044604925031E-16,0.,1.));
#8084=DIRECTION('',(0.,-1.,0.));
#8085=DIRECTION('',(-2.22044604925031E-16,0.,1.));
#8086=DIRECTION('center_axis',(0.,-1.,0.));
#8087=DIRECTION('ref_axis',(1.,0.,2.22044604925031E-16));
#8088=DIRECTION('',(-1.,0.,0.));
#8089=DIRECTION('center_axis',(1.,0.,6.8463753185218E-16));
#8090=DIRECTION('ref_axis',(6.82787160144471E-16,0.,-1.));
#8091=DIRECTION('',(6.8463753185218E-16,0.,-1.));
#8092=DIRECTION('',(0.,1.,0.));
#8093=DIRECTION('',(6.8463753185218E-16,0.,-1.));
#8094=DIRECTION('',(0.,1.,0.));
#8095=DIRECTION('center_axis',(0.,1.,0.));
#8096=DIRECTION('ref_axis',(2.22044604925031E-16,0.,-1.));
#8097=DIRECTION('center_axis',(0.,1.,0.));
#8098=DIRECTION('ref_axis',(2.22044604925031E-16,0.,-1.));
#8099=DIRECTION('',(0.,1.,0.));
#8100=DIRECTION('center_axis',(0.,1.,0.));
#8101=DIRECTION('ref_axis',(2.22044604925031E-16,0.,-1.));
#8102=DIRECTION('center_axis',(-1.,0.,-2.22044604925031E-16));
#8103=DIRECTION('ref_axis',(-2.16493489801906E-16,0.,1.));
#8104=DIRECTION('',(-2.22044604925031E-16,0.,1.));
#8105=DIRECTION('',(0.,-1.,0.));
#8106=DIRECTION('',(-2.22044604925031E-16,0.,1.));
#8107=DIRECTION('center_axis',(0.,-1.,0.));
#8108=DIRECTION('ref_axis',(1.,0.,2.22044604925031E-16));
#8109=DIRECTION('',(-1.,0.,0.));
#8110=DIRECTION('center_axis',(1.,0.,6.8463753185218E-16));
#8111=DIRECTION('ref_axis',(6.84174938925253E-16,0.,-1.));
#8112=DIRECTION('',(6.8463753185218E-16,0.,-1.));
#8113=DIRECTION('',(0.,1.,0.));
#8114=DIRECTION('',(6.8463753185218E-16,0.,-1.));
#8115=DIRECTION('',(0.,1.,0.));
#8116=DIRECTION('center_axis',(0.,1.,0.));
#8117=DIRECTION('ref_axis',(2.22044604925031E-16,0.,-1.));
#8118=DIRECTION('center_axis',(0.,1.,0.));
#8119=DIRECTION('ref_axis',(2.22044604925031E-16,0.,-1.));
#8120=DIRECTION('',(0.,1.,0.));
#8121=DIRECTION('center_axis',(0.,1.,0.));
#8122=DIRECTION('ref_axis',(2.22044604925031E-16,0.,-1.));
#8123=DIRECTION('center_axis',(-1.,0.,-2.22044604925031E-16));
#8124=DIRECTION('ref_axis',(-2.22044604925031E-16,0.,1.));
#8125=DIRECTION('',(-2.22044604925031E-16,0.,1.));
#8126=DIRECTION('',(0.,-1.,0.));
#8127=DIRECTION('',(-2.22044604925031E-16,0.,1.));
#8128=DIRECTION('center_axis',(0.,-1.,0.));
#8129=DIRECTION('ref_axis',(1.,0.,2.22044604925031E-16));
#8130=DIRECTION('',(-1.,0.,0.));
#8131=DIRECTION('center_axis',(1.,0.,6.8463753185218E-16));
#8132=DIRECTION('ref_axis',(6.88338275267597E-16,0.,-1.));
#8133=DIRECTION('',(6.8463753185218E-16,0.,-1.));
#8134=DIRECTION('',(0.,1.,0.));
#8135=DIRECTION('',(6.8463753185218E-16,0.,-1.));
#8136=DIRECTION('',(0.,1.,0.));
#8137=DIRECTION('center_axis',(0.,1.,0.));
#8138=DIRECTION('ref_axis',(2.22044604925031E-16,0.,-1.));
#8139=DIRECTION('center_axis',(0.,1.,0.));
#8140=DIRECTION('ref_axis',(2.22044604925031E-16,0.,-1.));
#8141=DIRECTION('',(0.,1.,0.));
#8142=DIRECTION('center_axis',(0.,1.,0.));
#8143=DIRECTION('ref_axis',(2.22044604925031E-16,0.,-1.));
#8144=DIRECTION('center_axis',(-1.,0.,-2.22044604925031E-16));
#8145=DIRECTION('ref_axis',(-2.22044604925031E-16,0.,1.));
#8146=DIRECTION('',(-2.22044604925031E-16,0.,1.));
#8147=DIRECTION('',(0.,-1.,0.));
#8148=DIRECTION('',(-2.22044604925031E-16,0.,1.));
#8149=DIRECTION('center_axis',(0.,-1.,0.));
#8150=DIRECTION('ref_axis',(1.,0.,2.22044604925031E-16));
#8151=DIRECTION('',(-1.,0.,0.));
#8152=DIRECTION('center_axis',(0.,1.,0.));
#8153=DIRECTION('ref_axis',(0.,0.,1.));
#8154=DIRECTION('',(-1.,0.,0.));
#8155=DIRECTION('',(-1.,0.,0.));
#8156=DIRECTION('',(-1.,0.,0.));
#8157=DIRECTION('',(-1.,0.,0.));
#8158=DIRECTION('',(-1.83697019872103E-16,0.,1.));
#8159=DIRECTION('center_axis',(0.,1.,0.));
#8160=DIRECTION('ref_axis',(1.83697019872103E-16,0.,-1.));
#8161=DIRECTION('',(6.46289946799252E-16,0.,-1.));
#8162=DIRECTION('',(-1.,0.,0.));
#8163=DIRECTION('center_axis',(0.,1.,0.));
#8164=DIRECTION('ref_axis',(0.707106781186548,0.,-0.707106781186548));
#8165=DIRECTION('',(0.,0.,-1.));
#8166=DIRECTION('',(-1.,0.,-1.22464679914735E-16));
#8167=DIRECTION('center_axis',(0.,1.,0.));
#8168=DIRECTION('ref_axis',(1.,0.,1.22464679914735E-16));
#8169=DIRECTION('',(1.,0.,5.85057606841884E-16));
#8170=DIRECTION('',(0.,0.,-1.));
#8171=DIRECTION('',(-1.,0.,-1.22464679914735E-16));
#8172=DIRECTION('center_axis',(0.,1.,0.));
#8173=DIRECTION('ref_axis',(1.,0.,1.22464679914735E-16));
#8174=DIRECTION('',(1.,0.,5.85057606841884E-16));
#8175=DIRECTION('',(0.,0.,-1.));
#8176=DIRECTION('',(-1.,0.,-1.22464679914735E-16));
#8177=DIRECTION('center_axis',(0.,1.,0.));
#8178=DIRECTION('ref_axis',(1.,0.,1.22464679914735E-16));
#8179=DIRECTION('',(1.,0.,5.85057606841884E-16));
#8180=DIRECTION('',(0.,0.,-1.));
#8181=DIRECTION('',(-1.,0.,-1.22464679914735E-16));
#8182=DIRECTION('center_axis',(0.,1.,0.));
#8183=DIRECTION('ref_axis',(1.,0.,1.22464679914735E-16));
#8184=DIRECTION('',(1.,0.,5.85057606841884E-16));
#8185=DIRECTION('',(0.,0.,-1.));
#8186=DIRECTION('',(-1.,0.,-1.22464679914735E-16));
#8187=DIRECTION('center_axis',(0.,1.,0.));
#8188=DIRECTION('ref_axis',(1.,0.,1.22464679914735E-16));
#8189=DIRECTION('',(1.,0.,5.85057606841884E-16));
#8190=DIRECTION('',(0.,0.,-1.));
#8191=DIRECTION('center_axis',(0.,1.,0.));
#8192=DIRECTION('ref_axis',(0.707106781186548,0.,0.707106781186548));
#8193=DIRECTION('',(1.,0.,0.));
#8194=DIRECTION('',(-2.22044604925031E-16,0.,-1.));
#8195=DIRECTION('center_axis',(0.,1.,0.));
#8196=DIRECTION('ref_axis',(2.22044604925031E-16,0.,1.));
#8197=DIRECTION('',(-2.40548322002118E-16,0.,1.));
#8198=DIRECTION('',(1.,0.,0.));
#8199=DIRECTION('',(-2.22044604925031E-16,0.,-1.));
#8200=DIRECTION('center_axis',(0.,1.,0.));
#8201=DIRECTION('ref_axis',(2.22044604925031E-16,0.,1.));
#8202=DIRECTION('',(-2.40548322002118E-16,0.,1.));
#8203=DIRECTION('',(1.,0.,0.));
#8204=DIRECTION('',(-2.22044604925031E-16,0.,-1.));
#8205=DIRECTION('center_axis',(0.,1.,0.));
#8206=DIRECTION('ref_axis',(2.22044604925031E-16,0.,1.));
#8207=DIRECTION('',(-2.40548322002118E-16,0.,1.));
#8208=DIRECTION('',(1.,0.,0.));
#8209=DIRECTION('',(-2.22044604925031E-16,0.,-1.));
#8210=DIRECTION('center_axis',(0.,1.,0.));
#8211=DIRECTION('ref_axis',(2.22044604925031E-16,0.,1.));
#8212=DIRECTION('',(-2.40548322002118E-16,0.,1.));
#8213=DIRECTION('',(1.,0.,0.));
#8214=DIRECTION('',(6.12323399573677E-17,0.,-1.));
#8215=DIRECTION('center_axis',(0.,1.,0.));
#8216=DIRECTION('ref_axis',(-6.12323399573677E-17,0.,1.));
#8217=DIRECTION('',(-5.23825266884517E-16,0.,1.));
#8218=DIRECTION('',(1.,0.,0.));
#8219=DIRECTION('center_axis',(0.,1.,0.));
#8220=DIRECTION('ref_axis',(-0.707106781186548,0.,0.707106781186548));
#8221=DIRECTION('',(0.,0.,1.));
#8222=DIRECTION('',(1.,0.,0.));
#8223=DIRECTION('center_axis',(0.,1.,0.));
#8224=DIRECTION('ref_axis',(-1.,0.,0.));
#8225=DIRECTION('',(-1.,0.,-4.62592926927149E-16));
#8226=DIRECTION('',(0.,0.,1.));
#8227=DIRECTION('',(1.,0.,0.));
#8228=DIRECTION('center_axis',(0.,1.,0.));
#8229=DIRECTION('ref_axis',(-1.,0.,0.));
#8230=DIRECTION('',(-1.,0.,-4.62592926927149E-16));
#8231=DIRECTION('',(0.,0.,1.));
#8232=DIRECTION('',(1.,0.,0.));
#8233=DIRECTION('center_axis',(0.,1.,0.));
#8234=DIRECTION('ref_axis',(-1.,0.,0.));
#8235=DIRECTION('',(-1.,0.,-4.62592926927149E-16));
#8236=DIRECTION('',(0.,0.,1.));
#8237=DIRECTION('',(1.,0.,0.));
#8238=DIRECTION('center_axis',(0.,1.,0.));
#8239=DIRECTION('ref_axis',(-1.,0.,0.));
#8240=DIRECTION('',(-1.,0.,-4.62592926927149E-16));
#8241=DIRECTION('',(0.,0.,1.));
#8242=DIRECTION('',(1.,0.,0.));
#8243=DIRECTION('center_axis',(0.,1.,0.));
#8244=DIRECTION('ref_axis',(-1.,0.,0.));
#8245=DIRECTION('',(-1.,0.,-4.62592926927149E-16));
#8246=DIRECTION('',(0.,0.,1.));
#8247=DIRECTION('center_axis',(0.,1.,0.));
#8248=DIRECTION('ref_axis',(-0.707106781186548,0.,-0.707106781186548));
#8249=DIRECTION('',(-1.,0.,0.));
#8250=DIRECTION('center_axis',(-5.85057606841884E-16,0.,1.));
#8251=DIRECTION('ref_axis',(1.,0.,5.88418203051333E-16));
#8252=DIRECTION('',(0.,1.,0.));
#8253=DIRECTION('',(1.,0.,5.85057606841884E-16));
#8254=DIRECTION('',(0.,1.,0.));
#8255=DIRECTION('center_axis',(0.,1.,0.));
#8256=DIRECTION('ref_axis',(1.,0.,1.22464679914735E-16));
#8257=DIRECTION('',(0.,1.,0.));
#8258=DIRECTION('center_axis',(0.,1.,0.));
#8259=DIRECTION('ref_axis',(1.,0.,1.22464679914735E-16));
#8260=DIRECTION('center_axis',(1.22464679914735E-16,0.,-1.));
#8261=DIRECTION('ref_axis',(-1.,0.,-1.22124532708767E-16));
#8262=DIRECTION('',(0.,-1.,0.));
#8263=DIRECTION('',(-1.,0.,-1.22464679914735E-16));
#8264=DIRECTION('center_axis',(0.,-1.,0.));
#8265=DIRECTION('ref_axis',(-1.33226762955019E-16,0.,1.));
#8266=DIRECTION('',(0.,0.,-1.));
#8267=DIRECTION('center_axis',(-5.85057606841884E-16,0.,1.));
#8268=DIRECTION('ref_axis',(1.,0.,5.82867087928207E-16));
#8269=DIRECTION('',(0.,1.,0.));
#8270=DIRECTION('',(1.,0.,5.85057606841884E-16));
#8271=DIRECTION('',(0.,1.,0.));
#8272=DIRECTION('center_axis',(0.,1.,0.));
#8273=DIRECTION('ref_axis',(1.,0.,1.22464679914735E-16));
#8274=DIRECTION('',(0.,1.,0.));
#8275=DIRECTION('center_axis',(0.,1.,0.));
#8276=DIRECTION('ref_axis',(1.,0.,1.22464679914735E-16));
#8277=DIRECTION('center_axis',(1.22464679914735E-16,0.,-1.));
#8278=DIRECTION('ref_axis',(-1.,0.,-1.27675647831893E-16));
#8279=DIRECTION('',(0.,-1.,0.));
#8280=DIRECTION('',(-1.,0.,-1.22464679914735E-16));
#8281=DIRECTION('center_axis',(0.,-1.,0.));
#8282=DIRECTION('ref_axis',(-1.33226762955019E-16,0.,1.));
#8283=DIRECTION('',(0.,0.,-1.));
#8284=DIRECTION('center_axis',(-5.85057606841884E-16,0.,1.));
#8285=DIRECTION('ref_axis',(1.,0.,5.8564264548977E-16));
#8286=DIRECTION('',(0.,1.,0.));
#8287=DIRECTION('',(1.,0.,5.85057606841884E-16));
#8288=DIRECTION('',(0.,1.,0.));
#8289=DIRECTION('center_axis',(0.,1.,0.));
#8290=DIRECTION('ref_axis',(1.,0.,1.22464679914735E-16));
#8291=DIRECTION('',(0.,1.,0.));
#8292=DIRECTION('center_axis',(0.,1.,0.));
#8293=DIRECTION('ref_axis',(1.,0.,1.22464679914735E-16));
#8294=DIRECTION('center_axis',(1.22464679914735E-16,0.,-1.));
#8295=DIRECTION('ref_axis',(-1.,0.,-1.22124532708767E-16));
#8296=DIRECTION('',(0.,-1.,0.));
#8297=DIRECTION('',(-1.,0.,-1.22464679914735E-16));
#8298=DIRECTION('center_axis',(0.,-1.,0.));
#8299=DIRECTION('ref_axis',(-1.33226762955019E-16,0.,1.));
#8300=DIRECTION('',(0.,0.,-1.));
#8301=DIRECTION('center_axis',(-5.85057606841884E-16,0.,1.));
#8302=DIRECTION('ref_axis',(1.,0.,5.88418203051333E-16));
#8303=DIRECTION('',(0.,1.,0.));
#8304=DIRECTION('',(1.,0.,5.85057606841884E-16));
#8305=DIRECTION('',(0.,1.,0.));
#8306=DIRECTION('center_axis',(0.,1.,0.));
#8307=DIRECTION('ref_axis',(1.,0.,1.22464679914735E-16));
#8308=DIRECTION('',(0.,1.,0.));
#8309=DIRECTION('center_axis',(0.,1.,0.));
#8310=DIRECTION('ref_axis',(1.,0.,1.22464679914735E-16));
#8311=DIRECTION('center_axis',(1.22464679914735E-16,0.,-1.));
#8312=DIRECTION('ref_axis',(-1.,0.,-1.22124532708767E-16));
#8313=DIRECTION('',(0.,-1.,0.));
#8314=DIRECTION('',(-1.,0.,-1.22464679914735E-16));
#8315=DIRECTION('center_axis',(0.,-1.,0.));
#8316=DIRECTION('ref_axis',(-1.33226762955019E-16,0.,1.));
#8317=DIRECTION('',(0.,0.,-1.));
#8318=DIRECTION('center_axis',(-1.,0.,-2.40548322002118E-16));
#8319=DIRECTION('ref_axis',(-2.44249065417534E-16,0.,1.));
#8320=DIRECTION('',(0.,1.,0.));
#8321=DIRECTION('',(-2.40548322002118E-16,0.,1.));
#8322=DIRECTION('',(0.,1.,0.));
#8323=DIRECTION('center_axis',(0.,1.,0.));
#8324=DIRECTION('ref_axis',(2.22044604925031E-16,0.,1.));
#8325=DIRECTION('',(0.,1.,0.));
#8326=DIRECTION('center_axis',(0.,1.,0.));
#8327=DIRECTION('ref_axis',(2.22044604925031E-16,0.,1.));
#8328=DIRECTION('center_axis',(1.,0.,-2.22044604925031E-16));
#8329=DIRECTION('ref_axis',(-2.22044604925031E-16,0.,-1.));
#8330=DIRECTION('',(0.,-1.,0.));
#8331=DIRECTION('',(-2.22044604925031E-16,0.,-1.));
#8332=DIRECTION('center_axis',(0.,-1.,0.));
#8333=DIRECTION('ref_axis',(-1.,0.,2.22044604925031E-16));
#8334=DIRECTION('',(1.,0.,0.));
#8335=DIRECTION('center_axis',(-1.,0.,-2.40548322002118E-16));
#8336=DIRECTION('ref_axis',(-2.38697950294409E-16,0.,1.));
#8337=DIRECTION('',(0.,1.,0.));
#8338=DIRECTION('',(-2.40548322002118E-16,0.,1.));
#8339=DIRECTION('',(0.,1.,0.));
#8340=DIRECTION('center_axis',(0.,1.,0.));
#8341=DIRECTION('ref_axis',(2.22044604925031E-16,0.,1.));
#8342=DIRECTION('',(0.,1.,0.));
#8343=DIRECTION('center_axis',(0.,1.,0.));
#8344=DIRECTION('ref_axis',(2.22044604925031E-16,0.,1.));
#8345=DIRECTION('center_axis',(1.,0.,-2.22044604925031E-16));
#8346=DIRECTION('ref_axis',(-2.22044604925031E-16,0.,-1.));
#8347=DIRECTION('',(0.,-1.,0.));
#8348=DIRECTION('',(-2.22044604925031E-16,0.,-1.));
#8349=DIRECTION('center_axis',(0.,-1.,0.));
#8350=DIRECTION('ref_axis',(-1.,0.,2.22044604925031E-16));
#8351=DIRECTION('',(1.,0.,0.));
#8352=DIRECTION('center_axis',(-1.,0.,-2.40548322002118E-16));
#8353=DIRECTION('ref_axis',(-2.4008572907519E-16,0.,1.));
#8354=DIRECTION('',(0.,1.,0.));
#8355=DIRECTION('',(-2.40548322002118E-16,0.,1.));
#8356=DIRECTION('',(0.,1.,0.));
#8357=DIRECTION('center_axis',(0.,1.,0.));
#8358=DIRECTION('ref_axis',(2.22044604925031E-16,0.,1.));
#8359=DIRECTION('',(0.,1.,0.));
#8360=DIRECTION('center_axis',(0.,1.,0.));
#8361=DIRECTION('ref_axis',(2.22044604925031E-16,0.,1.));
#8362=DIRECTION('center_axis',(1.,0.,-2.22044604925031E-16));
#8363=DIRECTION('ref_axis',(-2.22044604925031E-16,0.,-1.));
#8364=DIRECTION('',(0.,-1.,0.));
#8365=DIRECTION('',(-2.22044604925031E-16,0.,-1.));
#8366=DIRECTION('center_axis',(0.,-1.,0.));
#8367=DIRECTION('ref_axis',(-1.,0.,2.22044604925031E-16));
#8368=DIRECTION('',(1.,0.,0.));
#8369=DIRECTION('center_axis',(-1.,0.,-2.40548322002118E-16));
#8370=DIRECTION('ref_axis',(-2.38697950294409E-16,0.,1.));
#8371=DIRECTION('',(0.,1.,0.));
#8372=DIRECTION('',(-2.40548322002118E-16,0.,1.));
#8373=DIRECTION('',(0.,1.,0.));
#8374=DIRECTION('center_axis',(0.,1.,0.));
#8375=DIRECTION('ref_axis',(2.22044604925031E-16,0.,1.));
#8376=DIRECTION('',(0.,1.,0.));
#8377=DIRECTION('center_axis',(0.,1.,0.));
#8378=DIRECTION('ref_axis',(2.22044604925031E-16,0.,1.));
#8379=DIRECTION('center_axis',(1.,0.,-2.22044604925031E-16));
#8380=DIRECTION('ref_axis',(-2.22044604925031E-16,0.,-1.));
#8381=DIRECTION('',(0.,-1.,0.));
#8382=DIRECTION('',(-2.22044604925031E-16,0.,-1.));
#8383=DIRECTION('center_axis',(0.,-1.,0.));
#8384=DIRECTION('ref_axis',(-1.,0.,2.22044604925031E-16));
#8385=DIRECTION('',(1.,0.,0.));
#8386=DIRECTION('center_axis',(1.,0.,6.46289946799252E-16));
#8387=DIRECTION('ref_axis',(6.43929354282591E-16,0.,-1.));
#8388=DIRECTION('',(0.,1.,0.));
#8389=DIRECTION('',(6.46289946799252E-16,0.,-1.));
#8390=DIRECTION('',(0.,1.,0.));
#8391=DIRECTION('center_axis',(0.,1.,0.));
#8392=DIRECTION('ref_axis',(1.83697019872103E-16,0.,-1.));
#8393=DIRECTION('',(0.,1.,0.));
#8394=DIRECTION('center_axis',(0.,1.,0.));
#8395=DIRECTION('ref_axis',(1.83697019872103E-16,0.,-1.));
#8396=DIRECTION('center_axis',(-1.,0.,-1.83697019872103E-16));
#8397=DIRECTION('ref_axis',(-1.88737914186277E-16,0.,1.));
#8398=DIRECTION('',(0.,-1.,0.));
#8399=DIRECTION('',(-1.83697019872103E-16,0.,1.));
#8400=DIRECTION('center_axis',(0.,-1.,0.));
#8401=DIRECTION('ref_axis',(1.,0.,1.77635683940025E-16));
#8402=DIRECTION('',(-1.,0.,0.));
#8403=DIRECTION('center_axis',(-5.85057606841884E-16,0.,1.));
#8404=DIRECTION('ref_axis',(1.,0.,5.88418203051333E-16));
#8405=DIRECTION('',(0.,1.,0.));
#8406=DIRECTION('',(1.,0.,5.85057606841884E-16));
#8407=DIRECTION('',(0.,1.,0.));
#8408=DIRECTION('center_axis',(0.,1.,0.));
#8409=DIRECTION('ref_axis',(1.,0.,1.22464679914735E-16));
#8410=DIRECTION('',(0.,1.,0.));
#8411=DIRECTION('center_axis',(0.,1.,0.));
#8412=DIRECTION('ref_axis',(1.,0.,1.22464679914735E-16));
#8413=DIRECTION('center_axis',(1.22464679914735E-16,0.,-1.));
#8414=DIRECTION('ref_axis',(-1.,0.,-1.22124532708767E-16));
#8415=DIRECTION('',(0.,-1.,0.));
#8416=DIRECTION('',(-1.,0.,-1.22464679914735E-16));
#8417=DIRECTION('center_axis',(0.,-1.,0.));
#8418=DIRECTION('ref_axis',(-1.33226762955019E-16,0.,1.));
#8419=DIRECTION('',(0.,0.,-1.));
#8420=DIRECTION('center_axis',(-1.,0.,-5.23825266884517E-16));
#8421=DIRECTION('ref_axis',(-5.21804821573824E-16,0.,1.));
#8422=DIRECTION('',(0.,1.,0.));
#8423=DIRECTION('',(-5.23825266884517E-16,0.,1.));
#8424=DIRECTION('',(0.,1.,0.));
#8425=DIRECTION('center_axis',(0.,1.,0.));
#8426=DIRECTION('ref_axis',(-6.12323399573677E-17,0.,1.));
#8427=DIRECTION('',(0.,1.,0.));
#8428=DIRECTION('center_axis',(0.,1.,0.));
#8429=DIRECTION('ref_axis',(-6.12323399573677E-17,0.,1.));
#8430=DIRECTION('center_axis',(1.,0.,6.12323399573677E-17));
#8431=DIRECTION('ref_axis',(6.66133814775094E-17,0.,-1.));
#8432=DIRECTION('',(0.,-1.,0.));
#8433=DIRECTION('',(6.12323399573677E-17,0.,-1.));
#8434=DIRECTION('center_axis',(0.,-1.,0.));
#8435=DIRECTION('ref_axis',(-1.,0.,-6.66133814775094E-17));
#8436=DIRECTION('',(1.,0.,0.));
#8437=DIRECTION('center_axis',(4.62592926927149E-16,0.,-1.));
#8438=DIRECTION('ref_axis',(-1.,0.,-4.66293670342566E-16));
#8439=DIRECTION('',(0.,1.,0.));
#8440=DIRECTION('',(-1.,0.,-4.62592926927149E-16));
#8441=DIRECTION('',(0.,1.,0.));
#8442=DIRECTION('center_axis',(0.,1.,0.));
#8443=DIRECTION('ref_axis',(-1.,0.,0.));
#8444=DIRECTION('',(0.,1.,0.));
#8445=DIRECTION('center_axis',(0.,1.,0.));
#8446=DIRECTION('ref_axis',(-1.,0.,0.));
#8447=DIRECTION('center_axis',(0.,0.,1.));
#8448=DIRECTION('ref_axis',(1.,0.,0.));
#8449=DIRECTION('',(0.,-1.,0.));
#8450=DIRECTION('',(1.,0.,0.));
#8451=DIRECTION('center_axis',(0.,-1.,0.));
#8452=DIRECTION('ref_axis',(0.,0.,-1.));
#8453=DIRECTION('',(0.,0.,1.));
#8454=DIRECTION('center_axis',(4.62592926927149E-16,0.,-1.));
#8455=DIRECTION('ref_axis',(-1.,0.,-4.6074255521944E-16));
#8456=DIRECTION('',(0.,1.,0.));
#8457=DIRECTION('',(-1.,0.,-4.62592926927149E-16));
#8458=DIRECTION('',(0.,1.,0.));
#8459=DIRECTION('center_axis',(0.,1.,0.));
#8460=DIRECTION('ref_axis',(-1.,0.,0.));
#8461=DIRECTION('',(0.,1.,0.));
#8462=DIRECTION('center_axis',(0.,1.,0.));
#8463=DIRECTION('ref_axis',(-1.,0.,0.));
#8464=DIRECTION('center_axis',(0.,0.,1.));
#8465=DIRECTION('ref_axis',(1.,0.,0.));
#8466=DIRECTION('',(0.,-1.,0.));
#8467=DIRECTION('',(1.,0.,0.));
#8468=DIRECTION('center_axis',(0.,-1.,0.));
#8469=DIRECTION('ref_axis',(0.,0.,-1.));
#8470=DIRECTION('',(0.,0.,1.));
#8471=DIRECTION('center_axis',(4.62592926927149E-16,0.,-1.));
#8472=DIRECTION('ref_axis',(-1.,0.,-4.62130334000221E-16));
#8473=DIRECTION('',(0.,1.,0.));
#8474=DIRECTION('',(-1.,0.,-4.62592926927149E-16));
#8475=DIRECTION('',(0.,1.,0.));
#8476=DIRECTION('center_axis',(0.,1.,0.));
#8477=DIRECTION('ref_axis',(-1.,0.,0.));
#8478=DIRECTION('',(0.,1.,0.));
#8479=DIRECTION('center_axis',(0.,1.,0.));
#8480=DIRECTION('ref_axis',(-1.,0.,0.));
#8481=DIRECTION('center_axis',(0.,0.,1.));
#8482=DIRECTION('ref_axis',(1.,0.,0.));
#8483=DIRECTION('',(0.,-1.,0.));
#8484=DIRECTION('',(1.,0.,0.));
#8485=DIRECTION('center_axis',(0.,-1.,0.));
#8486=DIRECTION('ref_axis',(0.,0.,-1.));
#8487=DIRECTION('',(0.,0.,1.));
#8488=DIRECTION('center_axis',(4.62592926927149E-16,0.,-1.));
#8489=DIRECTION('ref_axis',(-1.,0.,-4.66293670342566E-16));
#8490=DIRECTION('',(0.,1.,0.));
#8491=DIRECTION('',(-1.,0.,-4.62592926927149E-16));
#8492=DIRECTION('',(0.,1.,0.));
#8493=DIRECTION('center_axis',(0.,1.,0.));
#8494=DIRECTION('ref_axis',(-1.,0.,0.));
#8495=DIRECTION('',(0.,1.,0.));
#8496=DIRECTION('center_axis',(0.,1.,0.));
#8497=DIRECTION('ref_axis',(-1.,0.,0.));
#8498=DIRECTION('center_axis',(0.,0.,1.));
#8499=DIRECTION('ref_axis',(1.,0.,0.));
#8500=DIRECTION('',(0.,-1.,0.));
#8501=DIRECTION('',(1.,0.,0.));
#8502=DIRECTION('center_axis',(0.,-1.,0.));
#8503=DIRECTION('ref_axis',(0.,0.,-1.));
#8504=DIRECTION('',(0.,0.,1.));
#8505=DIRECTION('center_axis',(4.62592926927149E-16,0.,-1.));
#8506=DIRECTION('ref_axis',(-1.,0.,-4.66293670342566E-16));
#8507=DIRECTION('',(0.,1.,0.));
#8508=DIRECTION('',(-1.,0.,-4.62592926927149E-16));
#8509=DIRECTION('',(0.,1.,0.));
#8510=DIRECTION('center_axis',(0.,1.,0.));
#8511=DIRECTION('ref_axis',(-1.,0.,0.));
#8512=DIRECTION('',(0.,1.,0.));
#8513=DIRECTION('center_axis',(0.,1.,0.));
#8514=DIRECTION('ref_axis',(-1.,0.,0.));
#8515=DIRECTION('center_axis',(0.,0.,1.));
#8516=DIRECTION('ref_axis',(1.,0.,0.));
#8517=DIRECTION('',(0.,-1.,0.));
#8518=DIRECTION('',(1.,0.,0.));
#8519=DIRECTION('center_axis',(0.,-1.,0.));
#8520=DIRECTION('ref_axis',(0.,0.,-1.));
#8521=DIRECTION('',(0.,0.,1.));
#8522=DIRECTION('center_axis',(0.408248290463864,-0.816496580927725,0.408248290463864));
#8523=DIRECTION('ref_axis',(0.577350269189626,0.577350269189626,0.577350269189626));
#8524=DIRECTION('center_axis',(1.,0.,0.));
#8525=DIRECTION('ref_axis',(0.,0.,1.));
#8526=DIRECTION('center_axis',(0.,1.,0.));
#8527=DIRECTION('ref_axis',(1.,0.,0.));
#8528=DIRECTION('center_axis',(0.,0.,1.));
#8529=DIRECTION('ref_axis',(0.,1.,0.));
#8530=DIRECTION('center_axis',(0.,1.,0.));
#8531=DIRECTION('ref_axis',(0.707106781186548,0.,0.707106781186548));
#8532=DIRECTION('',(0.,1.,0.));
#8533=DIRECTION('',(0.,-1.,0.));
#8534=DIRECTION('center_axis',(-0.408248290463864,-0.816496580927725,0.408248290463864));
#8535=DIRECTION('ref_axis',(-0.577350269189626,0.577350269189626,0.577350269189626));
#8536=DIRECTION('center_axis',(0.,0.,1.));
#8537=DIRECTION('ref_axis',(-1.,0.,0.));
#8538=DIRECTION('center_axis',(0.,1.,0.));
#8539=DIRECTION('ref_axis',(0.,0.,1.));
#8540=DIRECTION('center_axis',(-1.,0.,0.));
#8541=DIRECTION('ref_axis',(0.,1.,0.));
#8542=DIRECTION('center_axis',(0.,1.,0.));
#8543=DIRECTION('ref_axis',(-0.707106781186548,0.,0.707106781186548));
#8544=DIRECTION('',(0.,1.,0.));
#8545=DIRECTION('',(0.,-1.,0.));
#8546=DIRECTION('center_axis',(1.,0.,0.));
#8547=DIRECTION('ref_axis',(0.,0.707106781186548,0.707106781186548));
#8548=DIRECTION('',(-1.,0.,0.));
#8549=DIRECTION('',(1.,0.,0.));
#8550=DIRECTION('center_axis',(0.408248290463864,-0.816496580927725,-0.408248290463864));
#8551=DIRECTION('ref_axis',(0.577350269189626,0.577350269189626,-0.577350269189626));
#8552=DIRECTION('center_axis',(0.,0.,-1.));
#8553=DIRECTION('ref_axis',(1.,0.,0.));
#8554=DIRECTION('center_axis',(0.,1.,0.));
#8555=DIRECTION('ref_axis',(0.,0.,-1.));
#8556=DIRECTION('center_axis',(1.,0.,0.));
#8557=DIRECTION('ref_axis',(0.,1.,0.));
#8558=DIRECTION('center_axis',(0.,1.,0.));
#8559=DIRECTION('ref_axis',(0.707106781186548,0.,-0.707106781186548));
#8560=DIRECTION('',(0.,1.,0.));
#8561=DIRECTION('',(0.,-1.,0.));
#8562=DIRECTION('center_axis',(-0.408248290463864,-0.816496580927725,-0.408248290463864));
#8563=DIRECTION('ref_axis',(-0.577350269189626,0.577350269189626,-0.577350269189626));
#8564=DIRECTION('center_axis',(-1.,0.,0.));
#8565=DIRECTION('ref_axis',(0.,0.,-1.));
#8566=DIRECTION('center_axis',(0.,1.,0.));
#8567=DIRECTION('ref_axis',(-1.,0.,0.));
#8568=DIRECTION('center_axis',(0.,0.,-1.));
#8569=DIRECTION('ref_axis',(0.,1.,0.));
#8570=DIRECTION('center_axis',(0.,1.,0.));
#8571=DIRECTION('ref_axis',(-0.707106781186548,0.,-0.707106781186548));
#8572=DIRECTION('',(0.,1.,0.));
#8573=DIRECTION('',(0.,-1.,0.));
#8574=DIRECTION('center_axis',(0.,0.,1.));
#8575=DIRECTION('ref_axis',(-0.707106781186548,0.707106781186548,0.));
#8576=DIRECTION('',(0.,0.,-1.));
#8577=DIRECTION('',(0.,0.,1.));
#8578=DIRECTION('center_axis',(-1.,0.,0.));
#8579=DIRECTION('ref_axis',(0.,0.707106781186548,-0.707106781186548));
#8580=DIRECTION('',(1.,0.,0.));
#8581=DIRECTION('',(-1.,0.,0.));
#8582=DIRECTION('center_axis',(0.,0.,-1.));
#8583=DIRECTION('ref_axis',(0.707106781186548,0.707106781186548,0.));
#8584=DIRECTION('',(0.,0.,1.));
#8585=DIRECTION('',(0.,0.,-1.));
#8586=DIRECTION('center_axis',(0.,0.,1.));
#8587=DIRECTION('ref_axis',(1.,0.,0.));
#8588=DIRECTION('center_axis',(-1.,0.,0.));
#8589=DIRECTION('ref_axis',(0.,0.,1.));
#8590=DIRECTION('center_axis',(0.,1.,0.));
#8591=DIRECTION('ref_axis',(0.,0.,1.));
#8592=DIRECTION('',(0.,0.,1.));
#8593=DIRECTION('',(-1.,0.,0.));
#8594=DIRECTION('',(0.,0.,-1.));
#8595=DIRECTION('',(1.,0.,0.));
#8596=DIRECTION('',(0.,0.,1.));
#8597=DIRECTION('',(-1.,0.,0.));
#8598=DIRECTION('',(0.,0.,-1.));
#8599=DIRECTION('center_axis',(0.,1.,0.));
#8600=DIRECTION('ref_axis',(-0.628907869254625,0.,0.77747983381539));
#8601=DIRECTION('',(-1.,0.,0.));
#8602=DIRECTION('',(0.,0.,-1.));
#8603=DIRECTION('',(1.,0.,0.));
#8604=DIRECTION('',(0.,0.,1.));
#8605=DIRECTION('',(-1.,0.,0.));
#8606=DIRECTION('',(-0.456554296231786,0.,-0.889695551631174));
#8607=DIRECTION('',(0.,0.,1.));
#8608=DIRECTION('',(-1.,0.,0.));
#8609=DIRECTION('',(0.,0.,-1.));
#8610=DIRECTION('',(1.,0.,0.));
#8611=DIRECTION('',(0.453406386913821,0.,0.891303903450307));
#8612=DIRECTION('',(0.,0.,-1.));
#8613=DIRECTION('',(1.,0.,0.));
#8614=DIRECTION('',(0.,0.,1.));
#8615=DIRECTION('',(-1.,0.,0.));
#8616=DIRECTION('',(0.,0.,-1.));
#8617=DIRECTION('center_axis',(0.,1.,0.));
#8618=DIRECTION('ref_axis',(-0.628907869254547,0.,0.777479833815454));
#8619=DIRECTION('',(-1.,0.,0.));
#8620=DIRECTION('',(0.,0.,-1.));
#8621=DIRECTION('',(1.,0.,0.));
#8622=DIRECTION('',(0.,0.,-1.));
#8623=DIRECTION('',(1.,0.,0.));
#8624=DIRECTION('',(0.,0.,1.));
#8625=DIRECTION('',(0.,0.,-1.));
#8626=DIRECTION('',(1.,0.,0.));
#8627=DIRECTION('',(0.,0.,1.));
#8628=DIRECTION('center_axis',(0.,-1.,0.));
#8629=DIRECTION('ref_axis',(-1.,0.,0.));
#8630=DIRECTION('',(-1.,0.,0.));
#8631=DIRECTION('',(0.,0.,-1.));
#8632=DIRECTION('',(1.,0.,0.));
#8633=DIRECTION('',(0.,0.,1.));
#8634=DIRECTION('',(-1.,0.,0.));
#8635=DIRECTION('',(0.,0.,-1.));
#8636=DIRECTION('',(1.,0.,0.));
#8637=DIRECTION('',(0.,0.,1.));
#8638=DIRECTION('center_axis',(0.,-1.,0.));
#8639=DIRECTION('ref_axis',(0.9924964659188,0.,-0.122273321451134));
#8640=DIRECTION('',(-1.,0.,0.));
#8641=DIRECTION('center_axis',(0.,-1.,0.));
#8642=DIRECTION('ref_axis',(0.582720032765326,0.,-0.812672974457732));
#8643=DIRECTION('center_axis',(0.,-1.,0.));
#8644=DIRECTION('ref_axis',(-0.592557476966608,0.,-0.80552817237572));
#8645=DIRECTION('center_axis',(0.,1.,0.));
#8646=DIRECTION('ref_axis',(-0.0337351542959314,0.,0.999430807692373));
#8647=DIRECTION('',(1.,0.,0.));
#8648=DIRECTION('',(0.,0.,1.));
#8649=DIRECTION('',(-1.,0.,0.));
#8650=DIRECTION('',(0.,0.,1.));
#8651=DIRECTION('',(1.,0.,0.));
#8652=DIRECTION('',(0.,0.,1.));
#8653=DIRECTION('',(-1.,0.,0.));
#8654=DIRECTION('',(0.,0.,1.));
#8655=DIRECTION('',(-1.,0.,0.));
#8656=DIRECTION('',(0.,0.,-1.));
#8657=DIRECTION('',(1.,0.,0.));
#8658=DIRECTION('',(0.,0.,1.));
#8659=DIRECTION('',(-1.,0.,0.));
#8660=DIRECTION('',(0.,0.,-1.));
#8661=DIRECTION('',(1.,0.,0.));
#8662=DIRECTION('',(0.,0.,1.));
#8663=DIRECTION('',(-1.,0.,0.));
#8664=DIRECTION('',(0.,0.,-1.));
#8665=DIRECTION('',(1.,0.,0.));
#8666=DIRECTION('',(0.,0.,1.));
#8667=DIRECTION('',(-1.,0.,0.));
#8668=DIRECTION('',(0.,0.,1.));
#8669=DIRECTION('',(-1.,0.,0.));
#8670=DIRECTION('',(0.,0.,-1.));
#8671=DIRECTION('',(-1.,0.,0.));
#8672=DIRECTION('',(0.,0.,-1.));
#8673=DIRECTION('',(0.655472859888769,0.,-0.755218729871842));
#8674=DIRECTION('',(1.,0.,0.));
#8675=DIRECTION('',(0.,0.,1.));
#8676=DIRECTION('',(1.,0.,0.));
#8677=DIRECTION('center_axis',(-0.757811989834385,0.,-0.652472978799314));
#8678=DIRECTION('ref_axis',(0.652472978799315,0.,-0.757811989834385));
#8679=DIRECTION('',(-0.652472978799314,0.,0.757811989834385));
#8680=DIRECTION('',(0.,-1.,0.));
#8681=DIRECTION('',(-0.652472978799314,0.,0.757811989834385));
#8682=DIRECTION('',(0.,-1.,0.));
#8683=DIRECTION('center_axis',(0.,0.,1.));
#8684=DIRECTION('ref_axis',(-1.,0.,0.));
#8685=DIRECTION('',(1.,0.,0.));
#8686=DIRECTION('',(1.,0.,0.));
#8687=DIRECTION('',(0.,-1.,0.));
#8688=DIRECTION('center_axis',(1.,0.,0.));
#8689=DIRECTION('ref_axis',(0.,0.,1.));
#8690=DIRECTION('',(0.,0.,-1.));
#8691=DIRECTION('',(0.,0.,-1.));
#8692=DIRECTION('center_axis',(1.,0.,0.));
#8693=DIRECTION('ref_axis',(0.,0.,1.));
#8694=DIRECTION('',(0.,-1.,0.));
#8695=DIRECTION('',(0.,0.,1.));
#8696=DIRECTION('',(0.,-1.,0.));
#8697=DIRECTION('center_axis',(0.,0.,-1.));
#8698=DIRECTION('ref_axis',(1.,0.,0.));
#8699=DIRECTION('',(0.,-1.,0.));
#8700=DIRECTION('',(1.,0.,0.));
#8701=DIRECTION('center_axis',(1.,0.,0.));
#8702=DIRECTION('ref_axis',(0.,0.,1.));
#8703=DIRECTION('',(0.,-1.,0.));
#8704=DIRECTION('',(0.,0.,1.));
#8705=DIRECTION('center_axis',(0.,0.,-1.));
#8706=DIRECTION('ref_axis',(1.,0.,0.));
#8707=DIRECTION('',(0.,-1.,0.));
#8708=DIRECTION('',(1.,0.,0.));
#8709=DIRECTION('center_axis',(-0.755218729871842,0.,-0.655472859888769));
#8710=DIRECTION('ref_axis',(0.655472859888769,0.,-0.755218729871842));
#8711=DIRECTION('',(0.,-1.,0.));
#8712=DIRECTION('',(0.655472859888769,0.,-0.755218729871842));
#8713=DIRECTION('center_axis',(-1.,0.,0.));
#8714=DIRECTION('ref_axis',(0.,0.,-1.));
#8715=DIRECTION('',(0.,-1.,0.));
#8716=DIRECTION('',(0.,0.,-1.));
#8717=DIRECTION('center_axis',(0.,0.,1.));
#8718=DIRECTION('ref_axis',(-1.,0.,0.));
#8719=DIRECTION('',(0.,-1.,0.));
#8720=DIRECTION('',(-1.,0.,0.));
#8721=DIRECTION('center_axis',(-1.,0.,0.));
#8722=DIRECTION('ref_axis',(0.,0.,-1.));
#8723=DIRECTION('',(0.,-1.,0.));
#8724=DIRECTION('',(0.,0.,-1.));
#8725=DIRECTION('center_axis',(0.,0.,1.));
#8726=DIRECTION('ref_axis',(-1.,0.,0.));
#8727=DIRECTION('',(0.,-1.,0.));
#8728=DIRECTION('',(-1.,0.,0.));
#8729=DIRECTION('center_axis',(1.,0.,0.));
#8730=DIRECTION('ref_axis',(0.,0.,1.));
#8731=DIRECTION('',(0.,-1.,0.));
#8732=DIRECTION('',(0.,0.,1.));
#8733=DIRECTION('center_axis',(0.,0.,1.));
#8734=DIRECTION('ref_axis',(-1.,0.,0.));
#8735=DIRECTION('',(-1.,0.,0.));
#8736=DIRECTION('center_axis',(0.,-1.,0.));
#8737=DIRECTION('ref_axis',(0.,0.,-1.));
#8738=DIRECTION('center_axis',(1.,0.,0.));
#8739=DIRECTION('ref_axis',(0.,0.,1.));
#8740=DIRECTION('',(0.,-1.,0.));
#8741=DIRECTION('',(0.,0.,1.));
#8742=DIRECTION('',(0.,-1.,0.));
#8743=DIRECTION('center_axis',(0.,0.,-1.));
#8744=DIRECTION('ref_axis',(1.,0.,0.));
#8745=DIRECTION('',(0.,-1.,0.));
#8746=DIRECTION('',(1.,0.,0.));
#8747=DIRECTION('center_axis',(-1.,0.,0.));
#8748=DIRECTION('ref_axis',(0.,0.,-1.));
#8749=DIRECTION('',(0.,-1.,0.));
#8750=DIRECTION('',(0.,0.,-1.));
#8751=DIRECTION('center_axis',(0.,0.,1.));
#8752=DIRECTION('ref_axis',(-1.,0.,0.));
#8753=DIRECTION('',(-1.,0.,0.));
#8754=DIRECTION('center_axis',(0.,-1.,0.));
#8755=DIRECTION('ref_axis',(0.,0.,-1.));
#8756=DIRECTION('',(0.,-1.,0.));
#8757=DIRECTION('',(0.,-1.,0.));
#8758=DIRECTION('',(0.,-1.,0.));
#8759=DIRECTION('',(0.,-1.,0.));
#8760=DIRECTION('',(0.,-1.,0.));
#8761=DIRECTION('',(0.,-1.,0.));
#8762=DIRECTION('',(0.,-1.,0.));
#8763=DIRECTION('',(0.,-1.,0.));
#8764=DIRECTION('',(0.,-1.,0.));
#8765=DIRECTION('',(0.,-1.,0.));
#8766=DIRECTION('',(0.,-1.,0.));
#8767=DIRECTION('',(0.,-1.,0.));
#8768=DIRECTION('center_axis',(0.,-1.,0.));
#8769=DIRECTION('ref_axis',(0.,0.,-1.));
#8770=DIRECTION('center_axis',(1.,0.,0.));
#8771=DIRECTION('ref_axis',(0.,0.,1.));
#8772=DIRECTION('',(0.,-1.,0.));
#8773=DIRECTION('',(0.,0.,1.));
#8774=DIRECTION('',(0.,-1.,0.));
#8775=DIRECTION('center_axis',(0.,0.,-1.));
#8776=DIRECTION('ref_axis',(1.,0.,0.));
#8777=DIRECTION('',(0.,-1.,0.));
#8778=DIRECTION('',(1.,0.,0.));
#8779=DIRECTION('center_axis',(-1.,0.,0.));
#8780=DIRECTION('ref_axis',(0.,0.,-1.));
#8781=DIRECTION('',(0.,-1.,0.));
#8782=DIRECTION('',(0.,0.,-1.));
#8783=DIRECTION('center_axis',(0.,0.,1.));
#8784=DIRECTION('ref_axis',(-1.,0.,0.));
#8785=DIRECTION('',(-1.,0.,0.));
#8786=DIRECTION('center_axis',(0.,-1.,0.));
#8787=DIRECTION('ref_axis',(0.,0.,-1.));
#8788=DIRECTION('center_axis',(1.,0.,0.));
#8789=DIRECTION('ref_axis',(0.,0.,1.));
#8790=DIRECTION('',(0.,-1.,0.));
#8791=DIRECTION('',(0.,0.,1.));
#8792=DIRECTION('',(0.,-1.,0.));
#8793=DIRECTION('center_axis',(0.,0.,-1.));
#8794=DIRECTION('ref_axis',(1.,0.,0.));
#8795=DIRECTION('',(0.,-1.,0.));
#8796=DIRECTION('',(1.,0.,0.));
#8797=DIRECTION('center_axis',(-1.,0.,0.));
#8798=DIRECTION('ref_axis',(0.,0.,-1.));
#8799=DIRECTION('',(0.,-1.,0.));
#8800=DIRECTION('',(0.,0.,-1.));
#8801=DIRECTION('center_axis',(0.,0.,1.));
#8802=DIRECTION('ref_axis',(-1.,0.,0.));
#8803=DIRECTION('',(0.,-1.,0.));
#8804=DIRECTION('',(-1.,0.,0.));
#8805=DIRECTION('center_axis',(1.,0.,0.));
#8806=DIRECTION('ref_axis',(0.,0.,1.));
#8807=DIRECTION('',(0.,-1.,0.));
#8808=DIRECTION('',(0.,0.,1.));
#8809=DIRECTION('center_axis',(0.,0.,1.));
#8810=DIRECTION('ref_axis',(-1.,0.,0.));
#8811=DIRECTION('',(0.,-1.,0.));
#8812=DIRECTION('',(-1.,0.,0.));
#8813=DIRECTION('center_axis',(1.,0.,0.));
#8814=DIRECTION('ref_axis',(0.,0.,1.));
#8815=DIRECTION('',(0.,-1.,0.));
#8816=DIRECTION('',(0.,0.,1.));
#8817=DIRECTION('center_axis',(0.,0.,-1.));
#8818=DIRECTION('ref_axis',(1.,0.,0.));
#8819=DIRECTION('',(0.,-1.,0.));
#8820=DIRECTION('',(1.,0.,0.));
#8821=DIRECTION('center_axis',(1.,0.,0.));
#8822=DIRECTION('ref_axis',(0.,0.,1.));
#8823=DIRECTION('',(0.,-1.,0.));
#8824=DIRECTION('',(0.,0.,1.));
#8825=DIRECTION('center_axis',(0.,0.,1.));
#8826=DIRECTION('ref_axis',(-1.,0.,0.));
#8827=DIRECTION('',(-1.,0.,0.));
#8828=DIRECTION('center_axis',(0.,-1.,0.));
#8829=DIRECTION('ref_axis',(0.,0.,-1.));
#8830=DIRECTION('center_axis',(0.,1.,0.));
#8831=DIRECTION('ref_axis',(-0.541807392230496,0.,0.840502676809771));
#8832=DIRECTION('',(0.,-1.,0.));
#8833=DIRECTION('center_axis',(0.,1.,0.));
#8834=DIRECTION('ref_axis',(-0.541807392230496,0.,0.840502676809771));
#8835=DIRECTION('',(0.,-1.,0.));
#8836=DIRECTION('',(0.,-1.,0.));
#8837=DIRECTION('center_axis',(0.,1.,0.));
#8838=DIRECTION('ref_axis',(0.289568067002571,0.,0.957157424132726));
#8839=DIRECTION('center_axis',(0.,1.,0.));
#8840=DIRECTION('ref_axis',(0.289568067002571,0.,0.957157424132726));
#8841=DIRECTION('',(0.,-1.,0.));
#8842=DIRECTION('',(0.,-1.,0.));
#8843=DIRECTION('',(0.,-1.,0.));
#8844=DIRECTION('center_axis',(1.,0.,0.));
#8845=DIRECTION('ref_axis',(0.,0.,1.));
#8846=DIRECTION('',(0.,-1.,0.));
#8847=DIRECTION('',(0.,0.,1.));
#8848=DIRECTION('',(0.,-1.,0.));
#8849=DIRECTION('center_axis',(0.,0.,-1.));
#8850=DIRECTION('ref_axis',(1.,0.,0.));
#8851=DIRECTION('',(0.,-1.,0.));
#8852=DIRECTION('',(1.,0.,0.));
#8853=DIRECTION('',(0.,-1.,0.));
#8854=DIRECTION('',(0.,-1.,0.));
#8855=DIRECTION('',(0.,-1.,0.));
#8856=DIRECTION('center_axis',(0.,1.,0.));
#8857=DIRECTION('ref_axis',(-0.0337351542959314,0.,0.999430807692373));
#8858=DIRECTION('',(0.,-1.,0.));
#8859=DIRECTION('',(0.,-1.,0.));
#8860=DIRECTION('',(0.,-1.,0.));
#8861=DIRECTION('',(0.,-1.,0.));
#8862=DIRECTION('center_axis',(0.,-1.,0.));
#8863=DIRECTION('ref_axis',(-0.592557476966608,0.,-0.80552817237572));
#8864=DIRECTION('',(0.,-1.,0.));
#8865=DIRECTION('',(0.,-1.,0.));
#8866=DIRECTION('',(0.,-1.,0.));
#8867=DIRECTION('center_axis',(0.,-1.,0.));
#8868=DIRECTION('ref_axis',(0.582720032765326,0.,-0.812672974457732));
#8869=DIRECTION('center_axis',(0.,0.,1.));
#8870=DIRECTION('ref_axis',(-1.,0.,0.));
#8871=DIRECTION('',(0.,-1.,0.));
#8872=DIRECTION('',(-1.,0.,0.));
#8873=DIRECTION('',(0.,-1.,0.));
#8874=DIRECTION('center_axis',(0.,-1.,0.));
#8875=DIRECTION('ref_axis',(0.9924964659188,0.,-0.122273321451134));
#8876=DIRECTION('center_axis',(0.,-1.,0.));
#8877=DIRECTION('ref_axis',(0.,0.,-1.));
#8878=DIRECTION('',(0.,-1.,0.));
#8879=DIRECTION('',(0.,-1.,0.));
#8880=DIRECTION('',(0.,-1.,0.));
#8881=DIRECTION('',(0.,-1.,0.));
#8882=DIRECTION('',(0.,-1.,0.));
#8883=DIRECTION('',(0.,-1.,0.));
#8884=DIRECTION('',(0.,-1.,0.));
#8885=DIRECTION('',(0.,-1.,0.));
#8886=DIRECTION('',(0.,-1.,0.));
#8887=DIRECTION('',(0.,-1.,0.));
#8888=DIRECTION('',(0.,-1.,0.));
#8889=DIRECTION('',(0.,-1.,0.));
#8890=DIRECTION('center_axis',(0.,-1.,0.));
#8891=DIRECTION('ref_axis',(0.,0.,-1.));
#8892=DIRECTION('center_axis',(1.,0.,0.));
#8893=DIRECTION('ref_axis',(0.,0.,1.));
#8894=DIRECTION('',(0.,-1.,0.));
#8895=DIRECTION('',(0.,0.,1.));
#8896=DIRECTION('',(0.,-1.,0.));
#8897=DIRECTION('center_axis',(0.,0.,-1.));
#8898=DIRECTION('ref_axis',(1.,0.,0.));
#8899=DIRECTION('',(0.,-1.,0.));
#8900=DIRECTION('',(1.,0.,0.));
#8901=DIRECTION('center_axis',(-1.,0.,0.));
#8902=DIRECTION('ref_axis',(0.,0.,-1.));
#8903=DIRECTION('',(0.,-1.,0.));
#8904=DIRECTION('',(0.,0.,-1.));
#8905=DIRECTION('center_axis',(0.,0.,1.));
#8906=DIRECTION('ref_axis',(-1.,0.,0.));
#8907=DIRECTION('',(-1.,0.,0.));
#8908=DIRECTION('center_axis',(0.,-1.,0.));
#8909=DIRECTION('ref_axis',(0.,0.,-1.));
#8910=DIRECTION('',(0.,-1.,0.));
#8911=DIRECTION('',(0.,-1.,0.));
#8912=DIRECTION('center_axis',(0.,0.,-1.));
#8913=DIRECTION('ref_axis',(1.,0.,0.));
#8914=DIRECTION('',(-1.,0.,0.));
#8915=DIRECTION('',(-1.,0.,0.));
#8916=DIRECTION('',(0.,-1.,0.));
#8917=DIRECTION('center_axis',(-1.,0.,0.));
#8918=DIRECTION('ref_axis',(0.,0.,-1.));
#8919=DIRECTION('',(0.,0.,1.));
#8920=DIRECTION('',(0.,0.,1.));
#8921=DIRECTION('',(0.,-1.,0.));
#8922=DIRECTION('center_axis',(0.,0.,1.));
#8923=DIRECTION('ref_axis',(-1.,0.,0.));
#8924=DIRECTION('',(1.,0.,0.));
#8925=DIRECTION('',(1.,0.,0.));
#8926=DIRECTION('',(0.,-1.,0.));
#8927=DIRECTION('',(0.,-1.,0.));
#8928=DIRECTION('',(0.,-1.,0.));
#8929=DIRECTION('center_axis',(0.,1.,0.));
#8930=DIRECTION('ref_axis',(0.721040329365307,0.,-0.692893096681421));
#8931=DIRECTION('center_axis',(0.,1.,0.));
#8932=DIRECTION('ref_axis',(0.721040329365307,0.,-0.692893096681421));
#8933=DIRECTION('',(0.,-1.,0.));
#8934=DIRECTION('',(0.,-1.,0.));
#8935=DIRECTION('',(0.,-1.,0.));
#8936=DIRECTION('center_axis',(0.,0.,-1.));
#8937=DIRECTION('ref_axis',(1.,0.,0.));
#8938=DIRECTION('',(0.,-1.,0.));
#8939=DIRECTION('',(1.,0.,0.));
#8940=DIRECTION('center_axis',(-1.,0.,0.));
#8941=DIRECTION('ref_axis',(0.,0.,-1.));
#8942=DIRECTION('',(0.,-1.,0.));
#8943=DIRECTION('',(0.,0.,-1.));
#8944=DIRECTION('center_axis',(0.,0.,1.));
#8945=DIRECTION('ref_axis',(-1.,0.,0.));
#8946=DIRECTION('',(0.,-1.,0.));
#8947=DIRECTION('',(-1.,0.,0.));
#8948=DIRECTION('',(0.,-1.,0.));
#8949=DIRECTION('center_axis',(0.,1.,0.));
#8950=DIRECTION('ref_axis',(0.,0.,1.));
#8951=DIRECTION('center_axis',(0.,-1.,0.));
#8952=DIRECTION('ref_axis',(-1.,0.,0.));
#8953=DIRECTION('center_axis',(0.,-1.,0.));
#8954=DIRECTION('ref_axis',(-1.,0.,0.));
#8955=DIRECTION('center_axis',(0.,1.,0.));
#8956=DIRECTION('ref_axis',(0.,0.,1.));
#8957=DIRECTION('',(0.,-1.,0.));
#8958=DIRECTION('',(0.,-1.,0.));
#8959=DIRECTION('',(0.,-1.,0.));
#8960=DIRECTION('center_axis',(1.,0.,0.));
#8961=DIRECTION('ref_axis',(0.,0.,1.));
#8962=DIRECTION('',(0.,-1.,0.));
#8963=DIRECTION('',(0.,0.,1.));
#8964=DIRECTION('center_axis',(0.,0.,-1.));
#8965=DIRECTION('ref_axis',(1.,0.,0.));
#8966=DIRECTION('',(0.,-1.,0.));
#8967=DIRECTION('',(1.,0.,0.));
#8968=DIRECTION('center_axis',(-1.,0.,0.));
#8969=DIRECTION('ref_axis',(0.,0.,-1.));
#8970=DIRECTION('',(0.,-1.,0.));
#8971=DIRECTION('',(0.,0.,-1.));
#8972=DIRECTION('',(0.,-1.,0.));
#8973=DIRECTION('',(0.,-1.,0.));
#8974=DIRECTION('',(0.,-1.,0.));
#8975=DIRECTION('',(0.,-1.,0.));
#8976=DIRECTION('center_axis',(1.,0.,0.));
#8977=DIRECTION('ref_axis',(0.,0.,1.));
#8978=DIRECTION('',(0.,-1.,0.));
#8979=DIRECTION('',(0.,0.,1.));
#8980=DIRECTION('center_axis',(0.,0.,-1.));
#8981=DIRECTION('ref_axis',(1.,0.,0.));
#8982=DIRECTION('',(0.,-1.,0.));
#8983=DIRECTION('',(1.,0.,0.));
#8984=DIRECTION('center_axis',(-1.,0.,0.));
#8985=DIRECTION('ref_axis',(0.,0.,-1.));
#8986=DIRECTION('',(0.,-1.,0.));
#8987=DIRECTION('',(0.,0.,-1.));
#8988=DIRECTION('',(0.,-1.,0.));
#8989=DIRECTION('center_axis',(0.,1.,0.));
#8990=DIRECTION('ref_axis',(0.,0.,1.));
#8991=DIRECTION('center_axis',(1.,0.,0.));
#8992=DIRECTION('ref_axis',(0.,0.,1.));
#8993=DIRECTION('',(0.,-1.,0.));
#8994=DIRECTION('',(0.,0.,1.));
#8995=DIRECTION('',(0.,-1.,0.));
#8996=DIRECTION('center_axis',(0.,0.,-1.));
#8997=DIRECTION('ref_axis',(1.,0.,0.));
#8998=DIRECTION('',(0.,-1.,0.));
#8999=DIRECTION('',(1.,0.,0.));
#9000=DIRECTION('',(0.,-1.,0.));
#9001=DIRECTION('',(0.,-1.,0.));
#9002=DIRECTION('',(0.,-1.,0.));
#9003=DIRECTION('',(0.,-1.,0.));
#9004=DIRECTION('',(0.,-1.,0.));
#9005=DIRECTION('center_axis',(-1.,0.,0.));
#9006=DIRECTION('ref_axis',(0.,0.,-1.));
#9007=DIRECTION('',(0.,-1.,0.));
#9008=DIRECTION('',(0.,0.,-1.));
#9009=DIRECTION('center_axis',(0.,0.,1.));
#9010=DIRECTION('ref_axis',(-1.,0.,0.));
#9011=DIRECTION('',(0.,-1.,0.));
#9012=DIRECTION('',(-1.,0.,0.));
#9013=DIRECTION('',(0.,-1.,0.));
#9014=DIRECTION('',(0.,-1.,0.));
#9015=DIRECTION('',(0.,-1.,0.));
#9016=DIRECTION('center_axis',(0.,1.,0.));
#9017=DIRECTION('ref_axis',(-0.628907869254547,0.,0.777479833815454));
#9018=DIRECTION('',(0.,-1.,0.));
#9019=DIRECTION('',(0.,-1.,0.));
#9020=DIRECTION('',(0.,-1.,0.));
#9021=DIRECTION('center_axis',(-1.,0.,0.));
#9022=DIRECTION('ref_axis',(0.,0.,-1.));
#9023=DIRECTION('',(0.,-1.,0.));
#9024=DIRECTION('',(0.,0.,-1.));
#9025=DIRECTION('center_axis',(0.,0.,1.));
#9026=DIRECTION('ref_axis',(-1.,0.,0.));
#9027=DIRECTION('',(-1.,0.,0.));
#9028=DIRECTION('center_axis',(0.,1.,0.));
#9029=DIRECTION('ref_axis',(0.,0.,1.));
#9030=DIRECTION('center_axis',(1.,0.,0.));
#9031=DIRECTION('ref_axis',(0.,0.,1.));
#9032=DIRECTION('',(0.,-1.,0.));
#9033=DIRECTION('',(0.,0.,1.));
#9034=DIRECTION('',(0.,-1.,0.));
#9035=DIRECTION('center_axis',(0.,0.,-1.));
#9036=DIRECTION('ref_axis',(1.,0.,0.));
#9037=DIRECTION('',(0.,-1.,0.));
#9038=DIRECTION('',(1.,0.,0.));
#9039=DIRECTION('center_axis',(-1.,0.,0.));
#9040=DIRECTION('ref_axis',(0.,0.,-1.));
#9041=DIRECTION('',(0.,-1.,0.));
#9042=DIRECTION('',(0.,0.,-1.));
#9043=DIRECTION('center_axis',(0.891303903450307,0.,-0.453406386913821));
#9044=DIRECTION('ref_axis',(0.453406386913821,0.,0.891303903450307));
#9045=DIRECTION('',(0.,-1.,0.));
#9046=DIRECTION('',(0.453406386913821,0.,0.891303903450307));
#9047=DIRECTION('center_axis',(0.,0.,-1.));
#9048=DIRECTION('ref_axis',(1.,0.,0.));
#9049=DIRECTION('',(0.,-1.,0.));
#9050=DIRECTION('',(1.,0.,0.));
#9051=DIRECTION('center_axis',(-1.,0.,0.));
#9052=DIRECTION('ref_axis',(0.,0.,-1.));
#9053=DIRECTION('',(0.,-1.,0.));
#9054=DIRECTION('',(0.,0.,-1.));
#9055=DIRECTION('center_axis',(0.,0.,1.));
#9056=DIRECTION('ref_axis',(-1.,0.,0.));
#9057=DIRECTION('',(0.,-1.,0.));
#9058=DIRECTION('',(-1.,0.,0.));
#9059=DIRECTION('center_axis',(1.,0.,0.));
#9060=DIRECTION('ref_axis',(0.,0.,1.));
#9061=DIRECTION('',(0.,-1.,0.));
#9062=DIRECTION('',(0.,0.,1.));
#9063=DIRECTION('center_axis',(-0.889695551631174,0.,0.456554296231786));
#9064=DIRECTION('ref_axis',(-0.456554296231786,0.,-0.889695551631174));
#9065=DIRECTION('',(0.,-1.,0.));
#9066=DIRECTION('',(-0.456554296231786,0.,-0.889695551631174));
#9067=DIRECTION('center_axis',(0.,0.,1.));
#9068=DIRECTION('ref_axis',(-1.,0.,0.));
#9069=DIRECTION('',(-1.,0.,0.));
#9070=DIRECTION('center_axis',(0.,-1.,0.));
#9071=DIRECTION('ref_axis',(0.,0.,-1.));
#9072=DIRECTION('center_axis',(1.,0.,0.));
#9073=DIRECTION('ref_axis',(0.,0.,1.));
#9074=DIRECTION('',(0.,-1.,0.));
#9075=DIRECTION('',(0.,0.,1.));
#9076=DIRECTION('',(0.,-1.,0.));
#9077=DIRECTION('center_axis',(0.,0.,-1.));
#9078=DIRECTION('ref_axis',(1.,0.,0.));
#9079=DIRECTION('',(0.,-1.,0.));
#9080=DIRECTION('',(1.,0.,0.));
#9081=DIRECTION('',(0.,-1.,0.));
#9082=DIRECTION('',(0.,-1.,0.));
#9083=DIRECTION('',(0.,-1.,0.));
#9084=DIRECTION('',(0.,-1.,0.));
#9085=DIRECTION('',(0.,-1.,0.));
#9086=DIRECTION('center_axis',(-1.,0.,0.));
#9087=DIRECTION('ref_axis',(0.,0.,-1.));
#9088=DIRECTION('',(0.,-1.,0.));
#9089=DIRECTION('',(0.,0.,-1.));
#9090=DIRECTION('center_axis',(0.,0.,1.));
#9091=DIRECTION('ref_axis',(-1.,0.,0.));
#9092=DIRECTION('',(0.,-1.,0.));
#9093=DIRECTION('',(-1.,0.,0.));
#9094=DIRECTION('',(0.,-1.,0.));
#9095=DIRECTION('',(0.,-1.,0.));
#9096=DIRECTION('',(0.,-1.,0.));
#9097=DIRECTION('center_axis',(0.,1.,0.));
#9098=DIRECTION('ref_axis',(-0.628907869254625,0.,0.77747983381539));
#9099=DIRECTION('',(0.,-1.,0.));
#9100=DIRECTION('',(0.,-1.,0.));
#9101=DIRECTION('',(0.,-1.,0.));
#9102=DIRECTION('center_axis',(-1.,0.,0.));
#9103=DIRECTION('ref_axis',(0.,0.,-1.));
#9104=DIRECTION('',(0.,-1.,0.));
#9105=DIRECTION('',(0.,0.,-1.));
#9106=DIRECTION('center_axis',(0.,0.,1.));
#9107=DIRECTION('ref_axis',(-1.,0.,0.));
#9108=DIRECTION('',(-1.,0.,0.));
#9109=DIRECTION('center_axis',(0.,1.,0.));
#9110=DIRECTION('ref_axis',(0.,0.,1.));
#9111=DIRECTION('',(0.,-1.,0.));
#9112=DIRECTION('',(0.,-1.,0.));
#9113=DIRECTION('',(0.,-1.,0.));
#9114=DIRECTION('',(0.,-1.,0.));
#9115=DIRECTION('',(0.,-1.,0.));
#9116=DIRECTION('',(0.,-1.,0.));
#9117=DIRECTION('',(0.,-1.,0.));
#9118=DIRECTION('',(0.,-1.,0.));
#9119=DIRECTION('',(0.,-1.,0.));
#9120=DIRECTION('',(0.,-1.,0.));
#9121=DIRECTION('',(0.,-1.,0.));
#9122=DIRECTION('',(0.,-1.,0.));
#9123=DIRECTION('center_axis',(-1.06820007702663E-16,-1.,4.84194038003875E-19));
#9124=DIRECTION('ref_axis',(0.,0.,-1.));
#9125=DIRECTION('center_axis',(1.,0.,0.));
#9126=DIRECTION('ref_axis',(0.,0.,1.));
#9127=DIRECTION('',(0.,-1.,0.));
#9128=DIRECTION('',(0.,0.,1.));
#9129=DIRECTION('',(0.,-1.,0.));
#9130=DIRECTION('center_axis',(0.,0.,-1.));
#9131=DIRECTION('ref_axis',(1.,0.,0.));
#9132=DIRECTION('',(0.,-1.,0.));
#9133=DIRECTION('',(1.,0.,0.));
#9134=DIRECTION('center_axis',(-1.,0.,0.));
#9135=DIRECTION('ref_axis',(0.,0.,-1.));
#9136=DIRECTION('',(0.,-1.,0.));
#9137=DIRECTION('',(0.,0.,-1.));
#9138=DIRECTION('center_axis',(0.,0.,1.));
#9139=DIRECTION('ref_axis',(-1.,0.,0.));
#9140=DIRECTION('',(-1.,0.,0.));
#9141=DIRECTION('center_axis',(0.,-1.,0.));
#9142=DIRECTION('ref_axis',(0.,0.,-1.));
#9143=DIRECTION('center_axis',(0.,1.,0.));
#9144=DIRECTION('ref_axis',(0.,0.,1.));
#9145=DIRECTION('center_axis',(0.,1.,0.));
#9146=DIRECTION('ref_axis',(0.,0.,1.));
#9147=DIRECTION('center_axis',(0.,1.,0.));
#9148=DIRECTION('ref_axis',(0.,0.,1.));
#9149=DIRECTION('center_axis',(0.,1.,0.));
#9150=DIRECTION('ref_axis',(0.,0.,1.));
#9151=DIRECTION('center_axis',(0.,1.,0.));
#9152=DIRECTION('ref_axis',(0.,0.,1.));
#9153=DIRECTION('center_axis',(0.,0.,-1.));
#9154=DIRECTION('ref_axis',(-1.,0.,0.));
#9155=DIRECTION('center_axis',(1.,0.,0.));
#9156=DIRECTION('ref_axis',(0.,0.,-1.));
#9157=DIRECTION('center_axis',(0.,1.,0.));
#9158=DIRECTION('ref_axis',(0.,0.,1.));
#9159=DIRECTION('axis',(0.,0.,1.));
#9160=DIRECTION('refdir',(1.,0.,0.));
#9161=DIRECTION('center_axis',(-0.707106781186548,0.,-0.707106781186548));
#9162=DIRECTION('ref_axis',(-0.707106781186548,0.,0.707106781186548));
#9163=DIRECTION('',(0.707106781186548,0.,-0.707106781186548));
#9164=DIRECTION('',(0.,-1.,0.));
#9165=DIRECTION('',(-0.707106781186548,0.,0.707106781186548));
#9166=DIRECTION('',(0.,1.,0.));
#9167=DIRECTION('center_axis',(0.,1.,0.));
#9168=DIRECTION('ref_axis',(0.,0.,1.));
#9169=DIRECTION('',(-1.,0.,0.));
#9170=DIRECTION('',(0.,0.,-1.));
#9171=DIRECTION('',(1.,0.,0.));
#9172=DIRECTION('',(0.,0.,1.));
#9173=DIRECTION('center_axis',(0.,0.,-1.));
#9174=DIRECTION('ref_axis',(-1.,0.,0.));
#9175=DIRECTION('',(-1.,0.,0.));
#9176=DIRECTION('',(0.,1.,0.));
#9177=DIRECTION('center_axis',(-1.,0.,0.));
#9178=DIRECTION('ref_axis',(0.,0.,1.));
#9179=DIRECTION('',(0.,1.,0.));
#9180=DIRECTION('',(0.,0.,1.));
#9181=DIRECTION('center_axis',(1.,0.,0.));
#9182=DIRECTION('ref_axis',(0.,0.,-1.));
#9183=DIRECTION('',(0.,0.,-1.));
#9184=DIRECTION('',(0.,1.,0.));
#9185=DIRECTION('center_axis',(0.,0.,1.));
#9186=DIRECTION('ref_axis',(1.,0.,0.));
#9187=DIRECTION('',(1.,0.,0.));
#9188=DIRECTION('center_axis',(0.,1.,0.));
#9189=DIRECTION('ref_axis',(0.,0.,1.));
#9190=DIRECTION('center_axis',(0.,0.,1.));
#9191=DIRECTION('ref_axis',(1.,0.,0.));
#9192=DIRECTION('',(-1.,0.,0.));
#9193=DIRECTION('',(0.,1.,0.));
#9194=DIRECTION('',(1.,0.,0.));
#9195=DIRECTION('',(0.,1.,0.));
#9196=DIRECTION('center_axis',(-1.,0.,0.));
#9197=DIRECTION('ref_axis',(0.,0.,1.));
#9198=DIRECTION('',(0.,0.,-1.));
#9199=DIRECTION('',(0.,0.,1.));
#9200=DIRECTION('',(0.,1.,0.));
#9201=DIRECTION('center_axis',(0.,1.,0.));
#9202=DIRECTION('ref_axis',(-1.,0.,0.));
#9203=DIRECTION('center_axis',(0.,-1.,0.));
#9204=DIRECTION('ref_axis',(0.,0.,1.));
#9205=DIRECTION('center_axis',(0.,1.,0.));
#9206=DIRECTION('ref_axis',(-1.,0.,0.));
#9207=DIRECTION('',(0.,1.,0.));
#9208=DIRECTION('center_axis',(1.,0.,0.));
#9209=DIRECTION('ref_axis',(0.,0.,-1.));
#9210=DIRECTION('',(0.,0.,1.));
#9211=DIRECTION('',(0.,0.,-1.));
#9212=DIRECTION('center_axis',(0.,1.,0.));
#9213=DIRECTION('ref_axis',(0.,0.,1.));
#9214=DIRECTION('center_axis',(0.,1.,0.));
#9215=DIRECTION('ref_axis',(0.,0.,1.));
#9216=DIRECTION('center_axis',(0.,0.,1.));
#9217=DIRECTION('ref_axis',(1.,0.,0.));
#9218=DIRECTION('',(-1.,0.,0.));
#9219=DIRECTION('',(0.,1.,0.));
#9220=DIRECTION('',(1.,0.,0.));
#9221=DIRECTION('',(0.,1.,0.));
#9222=DIRECTION('center_axis',(-1.,0.,-1.73472347597681E-16));
#9223=DIRECTION('ref_axis',(-1.73472347597681E-16,0.,1.));
#9224=DIRECTION('',(1.73472347597681E-16,0.,-1.));
#9225=DIRECTION('',(-1.73472347597681E-16,0.,1.));
#9226=DIRECTION('',(0.,1.,0.));
#9227=DIRECTION('center_axis',(0.,1.,0.));
#9228=DIRECTION('ref_axis',(-1.,0.,0.));
#9229=DIRECTION('center_axis',(0.,-1.,0.));
#9230=DIRECTION('ref_axis',(-1.22464679914735E-16,0.,1.));
#9231=DIRECTION('center_axis',(0.,1.,0.));
#9232=DIRECTION('ref_axis',(-1.,0.,0.));
#9233=DIRECTION('',(0.,1.,0.));
#9234=DIRECTION('center_axis',(1.,0.,1.73472347597681E-16));
#9235=DIRECTION('ref_axis',(1.73472347597681E-16,0.,-1.));
#9236=DIRECTION('',(-1.73472347597681E-16,0.,1.));
#9237=DIRECTION('',(1.73472347597681E-16,0.,-1.));
#9238=DIRECTION('center_axis',(0.,1.,0.));
#9239=DIRECTION('ref_axis',(0.,0.,1.));
#9240=DIRECTION('center_axis',(0.,1.,0.));
#9241=DIRECTION('ref_axis',(0.,0.,1.));
#9242=DIRECTION('center_axis',(0.,1.,0.));
#9243=DIRECTION('ref_axis',(1.38777878078145E-15,0.,-1.));
#9244=DIRECTION('center_axis',(0.,1.,0.));
#9245=DIRECTION('ref_axis',(1.38777878078145E-15,0.,-1.));
#9246=DIRECTION('',(0.,1.,0.));
#9247=DIRECTION('center_axis',(0.,1.,0.));
#9248=DIRECTION('ref_axis',(1.38777878078145E-15,0.,-1.));
#9249=DIRECTION('',(0.,1.,0.));
#9250=DIRECTION('center_axis',(-2.31296463463574E-16,0.,-1.));
#9251=DIRECTION('ref_axis',(-1.,0.,2.33146835171283E-16));
#9252=DIRECTION('',(-1.,0.,2.31296463463574E-16));
#9253=DIRECTION('',(-1.,0.,2.31296463463574E-16));
#9254=DIRECTION('',(0.,1.,0.));
#9255=DIRECTION('center_axis',(1.,0.,0.));
#9256=DIRECTION('ref_axis',(0.,0.,-1.));
#9257=DIRECTION('',(0.,0.,-1.));
#9258=DIRECTION('',(0.,0.,-1.));
#9259=DIRECTION('',(0.,1.,0.));
#9260=DIRECTION('center_axis',(-5.78241158658935E-16,0.,1.));
#9261=DIRECTION('ref_axis',(1.,0.,5.77315972805081E-16));
#9262=DIRECTION('',(1.,0.,5.78241158658935E-16));
#9263=DIRECTION('',(1.,0.,5.78241158658935E-16));
#9264=DIRECTION('center_axis',(0.,-1.,0.));
#9265=DIRECTION('ref_axis',(0.,0.,-1.));
#9266=DIRECTION('center_axis',(0.,-1.,0.));
#9267=DIRECTION('ref_axis',(0.,0.,-1.));
#9268=DIRECTION('center_axis',(0.,1.,0.));
#9269=DIRECTION('ref_axis',(1.38777878078145E-15,0.,-1.));
#9270=DIRECTION('center_axis',(0.,1.,0.));
#9271=DIRECTION('ref_axis',(1.38777878078145E-15,0.,-1.));
#9272=DIRECTION('',(0.,1.,0.));
#9273=DIRECTION('center_axis',(0.,1.,0.));
#9274=DIRECTION('ref_axis',(1.38777878078145E-15,0.,-1.));
#9275=DIRECTION('',(0.,1.,0.));
#9276=DIRECTION('center_axis',(-3.46944695195361E-16,0.,-1.));
#9277=DIRECTION('ref_axis',(-1.,0.,3.44169137633799E-16));
#9278=DIRECTION('',(-1.,0.,3.46944695195361E-16));
#9279=DIRECTION('',(-1.,0.,3.46944695195361E-16));
#9280=DIRECTION('',(0.,1.,0.));
#9281=DIRECTION('center_axis',(1.,0.,0.));
#9282=DIRECTION('ref_axis',(0.,0.,-1.));
#9283=DIRECTION('',(0.,0.,-1.));
#9284=DIRECTION('',(0.,0.,-1.));
#9285=DIRECTION('',(0.,1.,0.));
#9286=DIRECTION('center_axis',(-6.93889390390722E-16,0.,1.));
#9287=DIRECTION('ref_axis',(1.,0.,6.88338275267597E-16));
#9288=DIRECTION('',(1.,0.,6.93889390390722E-16));
#9289=DIRECTION('',(1.,0.,6.93889390390722E-16));
#9290=DIRECTION('center_axis',(0.,-1.,0.));
#9291=DIRECTION('ref_axis',(0.,0.,-1.));
#9292=DIRECTION('center_axis',(0.,-1.,0.));
#9293=DIRECTION('ref_axis',(0.,0.,-1.));
#9294=DIRECTION('center_axis',(0.,1.,0.));
#9295=DIRECTION('ref_axis',(-1.38777878078145E-15,0.,1.));
#9296=DIRECTION('center_axis',(0.,-1.,0.));
#9297=DIRECTION('ref_axis',(1.,0.,0.));
#9298=DIRECTION('',(0.,1.,0.));
#9299=DIRECTION('center_axis',(0.,1.,0.));
#9300=DIRECTION('ref_axis',(-1.38777878078145E-15,0.,1.));
#9301=DIRECTION('',(0.,1.,0.));
#9302=DIRECTION('center_axis',(-4.62592926927148E-16,0.,-1.));
#9303=DIRECTION('ref_axis',(-1.,0.,4.66293670342566E-16));
#9304=DIRECTION('',(1.,0.,-4.62592926927148E-16));
#9305=DIRECTION('',(-1.,0.,4.62592926927148E-16));
#9306=DIRECTION('',(0.,1.,0.));
#9307=DIRECTION('center_axis',(1.,0.,0.));
#9308=DIRECTION('ref_axis',(0.,0.,-1.));
#9309=DIRECTION('',(0.,0.,1.));
#9310=DIRECTION('',(0.,0.,-1.));
#9311=DIRECTION('',(0.,1.,0.));
#9312=DIRECTION('center_axis',(-4.62592926927148E-16,0.,1.));
#9313=DIRECTION('ref_axis',(1.,0.,4.66293670342566E-16));
#9314=DIRECTION('',(-1.,0.,-4.62592926927148E-16));
#9315=DIRECTION('',(1.,0.,4.62592926927148E-16));
#9316=DIRECTION('center_axis',(7.40148683083438E-17,1.,0.));
#9317=DIRECTION('ref_axis',(0.,0.,1.));
#9318=DIRECTION('center_axis',(7.40148683083438E-17,1.,0.));
#9319=DIRECTION('ref_axis',(0.,0.,1.));
#9320=DIRECTION('center_axis',(0.,1.,0.));
#9321=DIRECTION('ref_axis',(1.38777878078145E-15,0.,-1.));
#9322=DIRECTION('center_axis',(0.,-1.,0.));
#9323=DIRECTION('ref_axis',(-1.,0.,0.));
#9324=DIRECTION('',(0.,1.,0.));
#9325=DIRECTION('center_axis',(0.,1.,0.));
#9326=DIRECTION('ref_axis',(1.38777878078145E-15,0.,-1.));
#9327=DIRECTION('',(0.,1.,0.));
#9328=DIRECTION('center_axis',(4.62592926927148E-16,0.,1.));
#9329=DIRECTION('ref_axis',(1.,0.,-4.6074255521944E-16));
#9330=DIRECTION('',(-1.,0.,4.62592926927148E-16));
#9331=DIRECTION('',(1.,0.,-4.62592926927148E-16));
#9332=DIRECTION('',(0.,1.,0.));
#9333=DIRECTION('center_axis',(-1.,0.,0.));
#9334=DIRECTION('ref_axis',(0.,0.,1.));
#9335=DIRECTION('',(0.,0.,-1.));
#9336=DIRECTION('',(0.,0.,1.));
#9337=DIRECTION('',(0.,1.,0.));
#9338=DIRECTION('center_axis',(4.62592926927148E-16,0.,-1.));
#9339=DIRECTION('ref_axis',(-1.,0.,-4.6074255521944E-16));
#9340=DIRECTION('',(1.,0.,4.62592926927148E-16));
#9341=DIRECTION('',(-1.,0.,-4.62592926927148E-16));
#9342=DIRECTION('center_axis',(7.40148683083438E-17,1.,0.));
#9343=DIRECTION('ref_axis',(0.,0.,1.));
#9344=DIRECTION('center_axis',(7.40148683083438E-17,1.,0.));
#9345=DIRECTION('ref_axis',(0.,0.,1.));
#9346=DIRECTION('center_axis',(0.,1.,0.));
#9347=DIRECTION('ref_axis',(1.38777878078145E-15,0.,-1.));
#9348=DIRECTION('center_axis',(0.,-1.,0.));
#9349=DIRECTION('ref_axis',(-1.,0.,0.));
#9350=DIRECTION('',(0.,1.,0.));
#9351=DIRECTION('center_axis',(0.,1.,0.));
#9352=DIRECTION('ref_axis',(1.38777878078145E-15,0.,-1.));
#9353=DIRECTION('',(0.,1.,0.));
#9354=DIRECTION('center_axis',(4.62592926927148E-16,0.,1.));
#9355=DIRECTION('ref_axis',(1.,0.,-4.6074255521944E-16));
#9356=DIRECTION('',(-1.,0.,4.62592926927148E-16));
#9357=DIRECTION('',(1.,0.,-4.62592926927148E-16));
#9358=DIRECTION('',(0.,1.,0.));
#9359=DIRECTION('center_axis',(-1.,0.,0.));
#9360=DIRECTION('ref_axis',(0.,0.,1.));
#9361=DIRECTION('',(0.,0.,-1.));
#9362=DIRECTION('',(0.,0.,1.));
#9363=DIRECTION('',(0.,1.,0.));
#9364=DIRECTION('center_axis',(4.62592926927148E-16,0.,-1.));
#9365=DIRECTION('ref_axis',(-1.,0.,-4.66293670342566E-16));
#9366=DIRECTION('',(1.,0.,4.62592926927148E-16));
#9367=DIRECTION('',(-1.,0.,-4.62592926927148E-16));
#9368=DIRECTION('center_axis',(7.40148683083438E-17,1.,0.));
#9369=DIRECTION('ref_axis',(0.,0.,1.));
#9370=DIRECTION('center_axis',(7.40148683083438E-17,1.,0.));
#9371=DIRECTION('ref_axis',(0.,0.,1.));
#9372=DIRECTION('center_axis',(0.,0.,-1.));
#9373=DIRECTION('ref_axis',(-1.,0.,0.));
#9374=DIRECTION('',(1.,0.,0.));
#9375=DIRECTION('',(0.,1.,0.));
#9376=DIRECTION('',(-1.,0.,0.));
#9377=DIRECTION('',(0.,1.,0.));
#9378=DIRECTION('center_axis',(1.,0.,0.));
#9379=DIRECTION('ref_axis',(0.,0.,-1.));
#9380=DIRECTION('',(0.,0.,1.));
#9381=DIRECTION('',(0.,0.,-1.));
#9382=DIRECTION('',(0.,1.,0.));
#9383=DIRECTION('center_axis',(0.,1.,0.));
#9384=DIRECTION('ref_axis',(1.,0.,0.));
#9385=DIRECTION('center_axis',(0.,-1.,0.));
#9386=DIRECTION('ref_axis',(0.,0.,-1.));
#9387=DIRECTION('center_axis',(0.,1.,0.));
#9388=DIRECTION('ref_axis',(1.,0.,0.));
#9389=DIRECTION('',(0.,1.,0.));
#9390=DIRECTION('center_axis',(-1.,0.,0.));
#9391=DIRECTION('ref_axis',(0.,0.,1.));
#9392=DIRECTION('',(0.,0.,-1.));
#9393=DIRECTION('',(0.,0.,1.));
#9394=DIRECTION('center_axis',(0.,1.,0.));
#9395=DIRECTION('ref_axis',(0.,0.,1.));
#9396=DIRECTION('center_axis',(0.,1.,0.));
#9397=DIRECTION('ref_axis',(0.,0.,1.));
#9398=DIRECTION('center_axis',(0.,0.,-1.));
#9399=DIRECTION('ref_axis',(-1.,0.,0.));
#9400=DIRECTION('',(1.,0.,0.));
#9401=DIRECTION('',(0.,1.,0.));
#9402=DIRECTION('',(-1.,0.,0.));
#9403=DIRECTION('',(0.,1.,0.));
#9404=DIRECTION('center_axis',(1.,0.,0.));
#9405=DIRECTION('ref_axis',(0.,0.,-1.));
#9406=DIRECTION('',(0.,0.,1.));
#9407=DIRECTION('',(0.,0.,-1.));
#9408=DIRECTION('',(0.,1.,0.));
#9409=DIRECTION('center_axis',(0.,1.,0.));
#9410=DIRECTION('ref_axis',(1.,0.,0.));
#9411=DIRECTION('center_axis',(0.,-1.,0.));
#9412=DIRECTION('ref_axis',(0.,0.,-1.));
#9413=DIRECTION('center_axis',(0.,1.,0.));
#9414=DIRECTION('ref_axis',(1.,0.,0.));
#9415=DIRECTION('',(0.,1.,0.));
#9416=DIRECTION('center_axis',(-1.,0.,0.));
#9417=DIRECTION('ref_axis',(0.,0.,1.));
#9418=DIRECTION('',(0.,0.,-1.));
#9419=DIRECTION('',(0.,0.,1.));
#9420=DIRECTION('center_axis',(0.,1.,0.));
#9421=DIRECTION('ref_axis',(0.,0.,1.));
#9422=DIRECTION('center_axis',(0.,1.,0.));
#9423=DIRECTION('ref_axis',(0.,0.,1.));
#9424=DIRECTION('center_axis',(0.,1.,0.));
#9425=DIRECTION('ref_axis',(1.38777878078145E-15,0.,-1.));
#9426=DIRECTION('center_axis',(0.,-1.,0.));
#9427=DIRECTION('ref_axis',(-1.,0.,0.));
#9428=DIRECTION('',(0.,1.,0.));
#9429=DIRECTION('center_axis',(0.,1.,0.));
#9430=DIRECTION('ref_axis',(1.38777878078145E-15,0.,-1.));
#9431=DIRECTION('',(0.,1.,0.));
#9432=DIRECTION('center_axis',(4.62592926927149E-16,0.,1.));
#9433=DIRECTION('ref_axis',(1.,0.,-4.66293670342566E-16));
#9434=DIRECTION('',(-1.,0.,4.62592926927149E-16));
#9435=DIRECTION('',(1.,0.,-4.62592926927149E-16));
#9436=DIRECTION('',(0.,1.,0.));
#9437=DIRECTION('center_axis',(-1.,0.,0.));
#9438=DIRECTION('ref_axis',(0.,0.,1.));
#9439=DIRECTION('',(0.,0.,-1.));
#9440=DIRECTION('',(0.,0.,1.));
#9441=DIRECTION('',(0.,1.,0.));
#9442=DIRECTION('center_axis',(4.62592926927148E-16,0.,-1.));
#9443=DIRECTION('ref_axis',(-1.,0.,-4.66293670342566E-16));
#9444=DIRECTION('',(1.,0.,4.62592926927148E-16));
#9445=DIRECTION('',(-1.,0.,-4.62592926927148E-16));
#9446=DIRECTION('center_axis',(0.,-1.,0.));
#9447=DIRECTION('ref_axis',(0.,0.,-1.));
#9448=DIRECTION('center_axis',(0.,-1.,0.));
#9449=DIRECTION('ref_axis',(0.,0.,-1.));
#9450=DIRECTION('center_axis',(0.,0.,-1.));
#9451=DIRECTION('ref_axis',(-1.,0.,0.));
#9452=DIRECTION('',(-1.,0.,0.));
#9453=DIRECTION('',(0.,1.,0.));
#9454=DIRECTION('',(-1.,0.,0.));
#9455=DIRECTION('',(0.,1.,0.));
#9456=DIRECTION('center_axis',(1.,0.,0.));
#9457=DIRECTION('ref_axis',(0.,0.,-1.));
#9458=DIRECTION('',(0.,0.,-1.));
#9459=DIRECTION('',(0.,0.,-1.));
#9460=DIRECTION('',(0.,1.,0.));
#9461=DIRECTION('center_axis',(0.,1.,0.));
#9462=DIRECTION('ref_axis',(-1.,0.,0.));
#9463=DIRECTION('center_axis',(0.,1.,0.));
#9464=DIRECTION('ref_axis',(-1.,0.,0.));
#9465=DIRECTION('center_axis',(0.,1.,0.));
#9466=DIRECTION('ref_axis',(-1.,0.,0.));
#9467=DIRECTION('',(0.,1.,0.));
#9468=DIRECTION('center_axis',(-1.,0.,0.));
#9469=DIRECTION('ref_axis',(0.,0.,1.));
#9470=DIRECTION('',(0.,0.,1.));
#9471=DIRECTION('',(0.,0.,1.));
#9472=DIRECTION('center_axis',(0.,1.,0.));
#9473=DIRECTION('ref_axis',(0.,0.,1.));
#9474=DIRECTION('center_axis',(0.,1.,0.));
#9475=DIRECTION('ref_axis',(0.,0.,1.));
#9476=DIRECTION('center_axis',(0.,0.,-1.));
#9477=DIRECTION('ref_axis',(-1.,0.,0.));
#9478=DIRECTION('',(1.,0.,0.));
#9479=DIRECTION('',(0.,1.,0.));
#9480=DIRECTION('',(-1.,0.,0.));
#9481=DIRECTION('',(0.,1.,0.));
#9482=DIRECTION('center_axis',(1.,0.,0.));
#9483=DIRECTION('ref_axis',(0.,0.,-1.));
#9484=DIRECTION('',(0.,0.,1.));
#9485=DIRECTION('',(0.,0.,-1.));
#9486=DIRECTION('',(0.,1.,0.));
#9487=DIRECTION('center_axis',(0.,1.,0.));
#9488=DIRECTION('ref_axis',(1.,0.,0.));
#9489=DIRECTION('center_axis',(0.,-1.,0.));
#9490=DIRECTION('ref_axis',(0.,0.,-1.));
#9491=DIRECTION('center_axis',(0.,1.,0.));
#9492=DIRECTION('ref_axis',(1.,0.,0.));
#9493=DIRECTION('',(0.,1.,0.));
#9494=DIRECTION('center_axis',(-1.,0.,0.));
#9495=DIRECTION('ref_axis',(0.,0.,1.));
#9496=DIRECTION('',(0.,0.,-1.));
#9497=DIRECTION('',(0.,0.,1.));
#9498=DIRECTION('center_axis',(0.,1.,0.));
#9499=DIRECTION('ref_axis',(0.,0.,1.));
#9500=DIRECTION('center_axis',(0.,1.,0.));
#9501=DIRECTION('ref_axis',(0.,0.,1.));
#9502=DIRECTION('center_axis',(0.,0.,-1.));
#9503=DIRECTION('ref_axis',(-1.,0.,0.));
#9504=DIRECTION('',(1.,0.,0.));
#9505=DIRECTION('',(0.,1.,0.));
#9506=DIRECTION('',(-1.,0.,0.));
#9507=DIRECTION('',(0.,1.,0.));
#9508=DIRECTION('center_axis',(1.,0.,0.));
#9509=DIRECTION('ref_axis',(0.,0.,-1.));
#9510=DIRECTION('',(0.,0.,1.));
#9511=DIRECTION('',(0.,0.,-1.));
#9512=DIRECTION('',(0.,1.,0.));
#9513=DIRECTION('center_axis',(0.,1.,0.));
#9514=DIRECTION('ref_axis',(1.,0.,0.));
#9515=DIRECTION('center_axis',(0.,-1.,0.));
#9516=DIRECTION('ref_axis',(0.,0.,-1.));
#9517=DIRECTION('center_axis',(0.,1.,0.));
#9518=DIRECTION('ref_axis',(1.,0.,0.));
#9519=DIRECTION('',(0.,1.,0.));
#9520=DIRECTION('center_axis',(-1.,0.,0.));
#9521=DIRECTION('ref_axis',(0.,0.,1.));
#9522=DIRECTION('',(0.,0.,-1.));
#9523=DIRECTION('',(0.,0.,1.));
#9524=DIRECTION('center_axis',(0.,1.,0.));
#9525=DIRECTION('ref_axis',(0.,0.,1.));
#9526=DIRECTION('center_axis',(0.,1.,0.));
#9527=DIRECTION('ref_axis',(0.,0.,1.));
#9528=DIRECTION('center_axis',(0.,1.,0.));
#9529=DIRECTION('ref_axis',(1.38777878078145E-15,0.,-1.));
#9530=DIRECTION('center_axis',(0.,-1.,0.));
#9531=DIRECTION('ref_axis',(-1.,0.,0.));
#9532=DIRECTION('',(0.,1.,0.));
#9533=DIRECTION('center_axis',(0.,1.,0.));
#9534=DIRECTION('ref_axis',(1.38777878078145E-15,0.,-1.));
#9535=DIRECTION('',(0.,1.,0.));
#9536=DIRECTION('center_axis',(4.62592926927149E-16,0.,1.));
#9537=DIRECTION('ref_axis',(1.,0.,-4.62130334000221E-16));
#9538=DIRECTION('',(-1.,0.,4.62592926927149E-16));
#9539=DIRECTION('',(1.,0.,-4.62592926927149E-16));
#9540=DIRECTION('',(0.,1.,0.));
#9541=DIRECTION('center_axis',(-1.,0.,0.));
#9542=DIRECTION('ref_axis',(0.,0.,1.));
#9543=DIRECTION('',(0.,0.,-1.));
#9544=DIRECTION('',(0.,0.,1.));
#9545=DIRECTION('',(0.,1.,0.));
#9546=DIRECTION('center_axis',(4.62592926927148E-16,0.,-1.));
#9547=DIRECTION('ref_axis',(-1.,0.,-4.62130334000221E-16));
#9548=DIRECTION('',(1.,0.,4.62592926927148E-16));
#9549=DIRECTION('',(-1.,0.,-4.62592926927148E-16));
#9550=DIRECTION('center_axis',(0.,-1.,0.));
#9551=DIRECTION('ref_axis',(0.,0.,-1.));
#9552=DIRECTION('center_axis',(0.,-1.,0.));
#9553=DIRECTION('ref_axis',(0.,0.,-1.));
#9554=DIRECTION('center_axis',(0.,1.,0.));
#9555=DIRECTION('ref_axis',(1.38777878078145E-15,0.,-1.));
#9556=DIRECTION('center_axis',(0.,-1.,0.));
#9557=DIRECTION('ref_axis',(-1.,0.,0.));
#9558=DIRECTION('',(0.,1.,0.));
#9559=DIRECTION('center_axis',(0.,1.,0.));
#9560=DIRECTION('ref_axis',(1.38777878078145E-15,0.,-1.));
#9561=DIRECTION('',(0.,1.,0.));
#9562=DIRECTION('center_axis',(4.62592926927149E-16,0.,1.));
#9563=DIRECTION('ref_axis',(1.,0.,-4.66293670342566E-16));
#9564=DIRECTION('',(-1.,0.,4.62592926927149E-16));
#9565=DIRECTION('',(1.,0.,-4.62592926927149E-16));
#9566=DIRECTION('',(0.,1.,0.));
#9567=DIRECTION('center_axis',(-1.,0.,0.));
#9568=DIRECTION('ref_axis',(0.,0.,1.));
#9569=DIRECTION('',(0.,0.,-1.));
#9570=DIRECTION('',(0.,0.,1.));
#9571=DIRECTION('',(0.,1.,0.));
#9572=DIRECTION('center_axis',(4.62592926927148E-16,0.,-1.));
#9573=DIRECTION('ref_axis',(-1.,0.,-4.66293670342566E-16));
#9574=DIRECTION('',(1.,0.,4.62592926927148E-16));
#9575=DIRECTION('',(-1.,0.,-4.62592926927148E-16));
#9576=DIRECTION('center_axis',(0.,-1.,0.));
#9577=DIRECTION('ref_axis',(0.,0.,-1.));
#9578=DIRECTION('center_axis',(0.,-1.,0.));
#9579=DIRECTION('ref_axis',(0.,0.,-1.));
#9580=DIRECTION('center_axis',(0.,0.,1.));
#9581=DIRECTION('ref_axis',(1.,0.,0.));
#9582=DIRECTION('',(1.,0.,0.));
#9583=DIRECTION('',(0.,1.,0.));
#9584=DIRECTION('',(1.,0.,0.));
#9585=DIRECTION('',(0.,1.,0.));
#9586=DIRECTION('center_axis',(-1.,0.,0.));
#9587=DIRECTION('ref_axis',(0.,0.,1.));
#9588=DIRECTION('',(0.,0.,1.));
#9589=DIRECTION('',(0.,0.,1.));
#9590=DIRECTION('',(0.,1.,0.));
#9591=DIRECTION('center_axis',(0.,1.,0.));
#9592=DIRECTION('ref_axis',(1.,0.,0.));
#9593=DIRECTION('center_axis',(0.,1.,0.));
#9594=DIRECTION('ref_axis',(1.,0.,0.));
#9595=DIRECTION('center_axis',(0.,1.,0.));
#9596=DIRECTION('ref_axis',(1.,0.,0.));
#9597=DIRECTION('',(0.,1.,0.));
#9598=DIRECTION('center_axis',(1.,0.,0.));
#9599=DIRECTION('ref_axis',(0.,0.,-1.));
#9600=DIRECTION('',(0.,0.,-1.));
#9601=DIRECTION('',(0.,0.,-1.));
#9602=DIRECTION('center_axis',(0.,1.,0.));
#9603=DIRECTION('ref_axis',(0.,0.,1.));
#9604=DIRECTION('center_axis',(0.,1.,0.));
#9605=DIRECTION('ref_axis',(0.,0.,1.));
#9606=DIRECTION('center_axis',(0.,1.,0.));
#9607=DIRECTION('ref_axis',(1.38777878078145E-15,0.,-1.));
#9608=DIRECTION('center_axis',(0.,1.,0.));
#9609=DIRECTION('ref_axis',(1.38777878078145E-15,0.,-1.));
#9610=DIRECTION('',(0.,1.,0.));
#9611=DIRECTION('center_axis',(0.,1.,0.));
#9612=DIRECTION('ref_axis',(1.38777878078145E-15,0.,-1.));
#9613=DIRECTION('',(0.,1.,0.));
#9614=DIRECTION('center_axis',(-2.89120579329468E-16,0.,-1.));
#9615=DIRECTION('ref_axis',(-1.,0.,2.88657986402541E-16));
#9616=DIRECTION('',(-1.,0.,2.89120579329468E-16));
#9617=DIRECTION('',(-1.,0.,2.89120579329468E-16));
#9618=DIRECTION('',(0.,1.,0.));
#9619=DIRECTION('center_axis',(1.,0.,0.));
#9620=DIRECTION('ref_axis',(0.,0.,-1.));
#9621=DIRECTION('',(0.,0.,-1.));
#9622=DIRECTION('',(0.,0.,-1.));
#9623=DIRECTION('',(0.,1.,0.));
#9624=DIRECTION('center_axis',(-6.36065274524829E-16,0.,1.));
#9625=DIRECTION('ref_axis',(1.,0.,6.35602681597902E-16));
#9626=DIRECTION('',(1.,0.,6.36065274524829E-16));
#9627=DIRECTION('',(1.,0.,6.36065274524829E-16));
#9628=DIRECTION('center_axis',(0.,-1.,0.));
#9629=DIRECTION('ref_axis',(0.,0.,-1.));
#9630=DIRECTION('center_axis',(0.,-1.,0.));
#9631=DIRECTION('ref_axis',(0.,0.,-1.));
#9632=DIRECTION('center_axis',(-4.62592926927149E-16,0.,-1.));
#9633=DIRECTION('ref_axis',(-1.,0.,4.66293670342566E-16));
#9634=DIRECTION('',(1.,0.,-4.62592926927149E-16));
#9635=DIRECTION('',(0.,1.,0.));
#9636=DIRECTION('',(-1.,0.,4.62592926927149E-16));
#9637=DIRECTION('',(0.,1.,0.));
#9638=DIRECTION('center_axis',(1.,0.,0.));
#9639=DIRECTION('ref_axis',(0.,0.,-1.));
#9640=DIRECTION('',(0.,0.,1.));
#9641=DIRECTION('',(0.,0.,-1.));
#9642=DIRECTION('',(0.,1.,0.));
#9643=DIRECTION('center_axis',(-4.62592926927149E-16,0.,1.));
#9644=DIRECTION('ref_axis',(1.,0.,4.66293670342566E-16));
#9645=DIRECTION('',(-1.,0.,-4.62592926927149E-16));
#9646=DIRECTION('',(1.,0.,4.62592926927149E-16));
#9647=DIRECTION('',(0.,1.,0.));
#9648=DIRECTION('center_axis',(0.,1.,0.));
#9649=DIRECTION('ref_axis',(-1.38777878078145E-15,0.,1.));
#9650=DIRECTION('center_axis',(0.,-1.,0.));
#9651=DIRECTION('ref_axis',(-1.38777878078145E-15,0.,1.));
#9652=DIRECTION('center_axis',(0.,1.,0.));
#9653=DIRECTION('ref_axis',(-1.38777878078145E-15,0.,1.));
#9654=DIRECTION('center_axis',(0.,-1.,0.));
#9655=DIRECTION('ref_axis',(0.,0.,-1.));
#9656=DIRECTION('center_axis',(0.,-1.,0.));
#9657=DIRECTION('ref_axis',(0.,0.,-1.));
#9658=DIRECTION('center_axis',(0.,0.,1.));
#9659=DIRECTION('ref_axis',(1.,0.,0.));
#9660=DIRECTION('',(-1.,0.,0.));
#9661=DIRECTION('',(0.,1.,0.));
#9662=DIRECTION('',(1.,0.,0.));
#9663=DIRECTION('',(0.,1.,0.));
#9664=DIRECTION('center_axis',(-1.,0.,-2.31296463463574E-16));
#9665=DIRECTION('ref_axis',(-2.33146835171283E-16,0.,1.));
#9666=DIRECTION('',(2.31296463463574E-16,0.,-1.));
#9667=DIRECTION('',(-2.31296463463574E-16,0.,1.));
#9668=DIRECTION('',(0.,1.,0.));
#9669=DIRECTION('center_axis',(0.,1.,0.));
#9670=DIRECTION('ref_axis',(-1.,0.,0.));
#9671=DIRECTION('center_axis',(0.,-1.,0.));
#9672=DIRECTION('ref_axis',(0.,0.,1.));
#9673=DIRECTION('center_axis',(0.,1.,0.));
#9674=DIRECTION('ref_axis',(-1.,0.,0.));
#9675=DIRECTION('',(0.,1.,0.));
#9676=DIRECTION('center_axis',(1.,0.,1.15648231731787E-16));
#9677=DIRECTION('ref_axis',(1.16573417585641E-16,0.,-1.));
#9678=DIRECTION('',(-1.15648231731787E-16,0.,1.));
#9679=DIRECTION('',(1.15648231731787E-16,0.,-1.));
#9680=DIRECTION('center_axis',(0.,1.,0.));
#9681=DIRECTION('ref_axis',(0.,0.,1.));
#9682=DIRECTION('center_axis',(0.,1.,0.));
#9683=DIRECTION('ref_axis',(0.,0.,1.));
#9684=DIRECTION('center_axis',(0.,0.,1.));
#9685=DIRECTION('ref_axis',(1.,0.,0.));
#9686=DIRECTION('',(-1.,0.,0.));
#9687=DIRECTION('',(0.,1.,0.));
#9688=DIRECTION('',(1.,0.,0.));
#9689=DIRECTION('',(0.,1.,0.));
#9690=DIRECTION('center_axis',(-1.,0.,-1.15648231731787E-16));
#9691=DIRECTION('ref_axis',(-1.16573417585641E-16,0.,1.));
#9692=DIRECTION('',(1.15648231731787E-16,0.,-1.));
#9693=DIRECTION('',(-1.15648231731787E-16,0.,1.));
#9694=DIRECTION('',(0.,1.,0.));
#9695=DIRECTION('center_axis',(0.,1.,0.));
#9696=DIRECTION('ref_axis',(-1.,0.,0.));
#9697=DIRECTION('center_axis',(0.,-1.,0.));
#9698=DIRECTION('ref_axis',(0.,0.,1.));
#9699=DIRECTION('center_axis',(0.,1.,0.));
#9700=DIRECTION('ref_axis',(-1.,0.,0.));
#9701=DIRECTION('',(0.,1.,0.));
#9702=DIRECTION('center_axis',(1.,0.,2.31296463463574E-16));
#9703=DIRECTION('ref_axis',(2.27595720048157E-16,0.,-1.));
#9704=DIRECTION('',(-2.31296463463574E-16,0.,1.));
#9705=DIRECTION('',(2.31296463463574E-16,0.,-1.));
#9706=DIRECTION('center_axis',(0.,1.,0.));
#9707=DIRECTION('ref_axis',(0.,0.,1.));
#9708=DIRECTION('center_axis',(0.,1.,0.));
#9709=DIRECTION('ref_axis',(0.,0.,1.));
#9710=DIRECTION('',(1.6755512786157E-16,-8.67361737988406E-18,1.));
#9711=DIRECTION('',(1.,3.22658566531686E-16,-1.6755512786157E-16));
#9712=DIRECTION('',(1.6755512786157E-16,-8.67361737988404E-18,1.));
#9713=DIRECTION('',(1.,9.36750677027469E-17,-1.6755512786157E-16));
#9714=CARTESIAN_POINT('',(0.,0.,0.));
#9715=CARTESIAN_POINT('',(0.,0.,0.));
#9716=CARTESIAN_POINT('Origin',(-0.7,0.02,-1.2));
#9717=CARTESIAN_POINT('',(-0.7,0.02,-1.2));
#9718=CARTESIAN_POINT('',(-0.7,0.02,-1.5));
#9719=CARTESIAN_POINT('',(-0.700000000000001,0.02,-0.6));
#9720=CARTESIAN_POINT('',(-0.7,0.2,-1.2));
#9721=CARTESIAN_POINT('',(-0.7,0.02,-1.2));
#9722=CARTESIAN_POINT('',(-0.7,0.2,-1.5));
#9723=CARTESIAN_POINT('',(-0.7,0.2,-1.2));
#9724=CARTESIAN_POINT('',(-0.7,0.02,-1.5));
#9725=CARTESIAN_POINT('Origin',(-0.8,0.02,-1.2));
#9726=CARTESIAN_POINT('',(-0.9,0.02,-1.2));
#9727=CARTESIAN_POINT('Origin',(-0.8,0.02,-1.2));
#9728=CARTESIAN_POINT('',(-0.9,0.2,-1.2));
#9729=CARTESIAN_POINT('',(-0.9,0.02,-1.2));
#9730=CARTESIAN_POINT('Origin',(-0.8,0.2,-1.2));
#9731=CARTESIAN_POINT('Origin',(-0.9,0.02,-1.5));
#9732=CARTESIAN_POINT('',(-0.9,0.02,-1.5));
#9733=CARTESIAN_POINT('',(-0.9,0.02,-0.75));
#9734=CARTESIAN_POINT('',(-0.9,0.2,-1.5));
#9735=CARTESIAN_POINT('',(-0.9,0.02,-1.5));
#9736=CARTESIAN_POINT('',(-0.9,0.2,-1.5));
#9737=CARTESIAN_POINT('Origin',(-0.8,0.2,-1.33035675641045));
#9738=CARTESIAN_POINT('',(0.35,0.2,-1.5));
#9739=CARTESIAN_POINT('Origin',(-0.3,0.02,-1.2));
#9740=CARTESIAN_POINT('',(-0.3,0.02,-1.2));
#9741=CARTESIAN_POINT('',(-0.3,0.02,-1.5));
#9742=CARTESIAN_POINT('',(-0.3,0.02,-0.6));
#9743=CARTESIAN_POINT('',(-0.3,0.2,-1.2));
#9744=CARTESIAN_POINT('',(-0.3,0.02,-1.2));
#9745=CARTESIAN_POINT('',(-0.3,0.2,-1.5));
#9746=CARTESIAN_POINT('',(-0.3,0.2,-1.2));
#9747=CARTESIAN_POINT('',(-0.3,0.02,-1.5));
#9748=CARTESIAN_POINT('Origin',(-0.4,0.02,-1.2));
#9749=CARTESIAN_POINT('',(-0.5,0.02,-1.2));
#9750=CARTESIAN_POINT('Origin',(-0.4,0.02,-1.2));
#9751=CARTESIAN_POINT('',(-0.5,0.2,-1.2));
#9752=CARTESIAN_POINT('',(-0.5,0.02,-1.2));
#9753=CARTESIAN_POINT('Origin',(-0.4,0.2,-1.2));
#9754=CARTESIAN_POINT('Origin',(-0.5,0.02,-1.5));
#9755=CARTESIAN_POINT('',(-0.5,0.02,-1.5));
#9756=CARTESIAN_POINT('',(-0.5,0.02,-0.75));
#9757=CARTESIAN_POINT('',(-0.5,0.2,-1.5));
#9758=CARTESIAN_POINT('',(-0.5,0.02,-1.5));
#9759=CARTESIAN_POINT('',(-0.5,0.2,-1.5));
#9760=CARTESIAN_POINT('Origin',(-0.4,0.2,-1.33035675641045));
#9761=CARTESIAN_POINT('',(0.55,0.2,-1.5));
#9762=CARTESIAN_POINT('Origin',(0.1,0.02,-1.2));
#9763=CARTESIAN_POINT('',(0.1,0.02,-1.2));
#9764=CARTESIAN_POINT('',(0.1,0.02,-1.5));
#9765=CARTESIAN_POINT('',(0.0999999999999997,0.02,-0.6));
#9766=CARTESIAN_POINT('',(0.1,0.2,-1.2));
#9767=CARTESIAN_POINT('',(0.1,0.02,-1.2));
#9768=CARTESIAN_POINT('',(0.1,0.2,-1.5));
#9769=CARTESIAN_POINT('',(0.1,0.2,-1.2));
#9770=CARTESIAN_POINT('',(0.1,0.02,-1.5));
#9771=CARTESIAN_POINT('Origin',(2.77555756156289E-16,0.02,-1.2));
#9772=CARTESIAN_POINT('',(-0.0999999999999998,0.02,-1.2));
#9773=CARTESIAN_POINT('Origin',(2.77555756156289E-16,0.02,-1.2));
#9774=CARTESIAN_POINT('',(-0.0999999999999998,0.2,-1.2));
#9775=CARTESIAN_POINT('',(-0.0999999999999998,0.02,-1.2));
#9776=CARTESIAN_POINT('Origin',(2.77555756156289E-16,0.2,-1.2));
#9777=CARTESIAN_POINT('Origin',(-0.0999999999999997,0.02,-1.5));
#9778=CARTESIAN_POINT('',(-0.0999999999999997,0.02,-1.5));
#9779=CARTESIAN_POINT('',(-0.0999999999999999,0.02,-0.75));
#9780=CARTESIAN_POINT('',(-0.0999999999999997,0.2,-1.5));
#9781=CARTESIAN_POINT('',(-0.0999999999999998,0.02,-1.5));
#9782=CARTESIAN_POINT('',(-0.0999999999999997,0.2,-1.5));
#9783=CARTESIAN_POINT('Origin',(1.38777878078145E-16,0.2,-1.33035675641045));
#9784=CARTESIAN_POINT('',(0.75,0.2,-1.5));
#9785=CARTESIAN_POINT('Origin',(0.5,0.02,-1.2));
#9786=CARTESIAN_POINT('',(0.5,0.02,-1.2));
#9787=CARTESIAN_POINT('',(0.5,0.02,-1.5));
#9788=CARTESIAN_POINT('',(0.5,0.02,-0.6));
#9789=CARTESIAN_POINT('',(0.5,0.2,-1.2));
#9790=CARTESIAN_POINT('',(0.5,0.02,-1.2));
#9791=CARTESIAN_POINT('',(0.5,0.2,-1.5));
#9792=CARTESIAN_POINT('',(0.5,0.2,-1.2));
#9793=CARTESIAN_POINT('',(0.5,0.02,-1.5));
#9794=CARTESIAN_POINT('Origin',(0.4,0.02,-1.2));
#9795=CARTESIAN_POINT('',(0.3,0.02,-1.2));
#9796=CARTESIAN_POINT('Origin',(0.4,0.02,-1.2));
#9797=CARTESIAN_POINT('',(0.3,0.2,-1.2));
#9798=CARTESIAN_POINT('',(0.3,0.02,-1.2));
#9799=CARTESIAN_POINT('Origin',(0.4,0.2,-1.2));
#9800=CARTESIAN_POINT('Origin',(0.3,0.02,-1.5));
#9801=CARTESIAN_POINT('',(0.3,0.02,-1.5));
#9802=CARTESIAN_POINT('',(0.3,0.02,-0.75));
#9803=CARTESIAN_POINT('',(0.3,0.2,-1.5));
#9804=CARTESIAN_POINT('',(0.3,0.02,-1.5));
#9805=CARTESIAN_POINT('',(0.3,0.2,-1.5));
#9806=CARTESIAN_POINT('Origin',(0.4,0.2,-1.33035675641045));
#9807=CARTESIAN_POINT('',(0.95,0.2,-1.5));
#9808=CARTESIAN_POINT('Origin',(0.,0.02,0.));
#9809=CARTESIAN_POINT('',(1.5,0.02,-1.5));
#9810=CARTESIAN_POINT('',(1.5,0.02,-1.5));
#9811=CARTESIAN_POINT('',(1.5,0.02,-1.5));
#9812=CARTESIAN_POINT('',(0.7,0.02,-1.5));
#9813=CARTESIAN_POINT('',(1.5,0.02,-1.5));
#9814=CARTESIAN_POINT('',(0.7,0.02,-1.2));
#9815=CARTESIAN_POINT('',(0.7,0.02,-0.75));
#9816=CARTESIAN_POINT('',(0.9,0.02,-1.2));
#9817=CARTESIAN_POINT('Origin',(0.8,0.02,-1.2));
#9818=CARTESIAN_POINT('',(0.9,0.02,-1.5));
#9819=CARTESIAN_POINT('',(0.9,0.02,-0.6));
#9820=CARTESIAN_POINT('',(1.45,0.02,-1.5));
#9821=CARTESIAN_POINT('',(1.5,0.02,-1.5));
#9822=CARTESIAN_POINT('',(1.5,0.02,-1.45));
#9823=CARTESIAN_POINT('Origin',(1.45,0.02,-1.45));
#9824=CARTESIAN_POINT('',(1.5,0.02,-0.9));
#9825=CARTESIAN_POINT('',(1.5,0.02,1.5));
#9826=CARTESIAN_POINT('',(1.2,0.02,-0.9));
#9827=CARTESIAN_POINT('',(0.75,0.02,-0.9));
#9828=CARTESIAN_POINT('',(1.2,0.02,-0.7));
#9829=CARTESIAN_POINT('Origin',(1.2,0.02,-0.8));
#9830=CARTESIAN_POINT('',(1.5,0.02,-0.7));
#9831=CARTESIAN_POINT('',(0.6,0.02,-0.700000000000001));
#9832=CARTESIAN_POINT('',(1.5,0.02,-0.5));
#9833=CARTESIAN_POINT('',(1.5,0.02,1.5));
#9834=CARTESIAN_POINT('',(1.2,0.02,-0.5));
#9835=CARTESIAN_POINT('',(0.75,0.02,-0.5));
#9836=CARTESIAN_POINT('',(1.2,0.02,-0.3));
#9837=CARTESIAN_POINT('Origin',(1.2,0.02,-0.4));
#9838=CARTESIAN_POINT('',(1.5,0.02,-0.3));
#9839=CARTESIAN_POINT('',(0.6,0.02,-0.3));
#9840=CARTESIAN_POINT('',(1.5,0.02,-0.0999999999999999));
#9841=CARTESIAN_POINT('',(1.5,0.02,1.5));
#9842=CARTESIAN_POINT('',(1.2,0.02,-0.1));
#9843=CARTESIAN_POINT('',(0.75,0.02,-0.1));
#9844=CARTESIAN_POINT('',(1.2,0.02,0.1));
#9845=CARTESIAN_POINT('Origin',(1.2,0.02,1.38777878078145E-16));
#9846=CARTESIAN_POINT('',(1.5,0.02,0.1));
#9847=CARTESIAN_POINT('',(0.6,0.02,0.0999999999999996));
#9848=CARTESIAN_POINT('',(1.5,0.02,0.3));
#9849=CARTESIAN_POINT('',(1.5,0.02,1.5));
#9850=CARTESIAN_POINT('',(1.2,0.02,0.3));
#9851=CARTESIAN_POINT('',(0.75,0.02,0.3));
#9852=CARTESIAN_POINT('',(1.2,0.02,0.5));
#9853=CARTESIAN_POINT('Origin',(1.2,0.02,0.4));
#9854=CARTESIAN_POINT('',(1.5,0.02,0.5));
#9855=CARTESIAN_POINT('',(0.6,0.02,0.5));
#9856=CARTESIAN_POINT('',(1.5,0.02,0.7));
#9857=CARTESIAN_POINT('',(1.5,0.02,1.5));
#9858=CARTESIAN_POINT('',(1.2,0.02,0.7));
#9859=CARTESIAN_POINT('',(0.75,0.02,0.7));
#9860=CARTESIAN_POINT('',(1.2,0.02,0.9));
#9861=CARTESIAN_POINT('Origin',(1.2,0.02,0.8));
#9862=CARTESIAN_POINT('',(1.5,0.02,0.9));
#9863=CARTESIAN_POINT('',(0.6,0.02,0.9));
#9864=CARTESIAN_POINT('',(1.5,0.02,1.45));
#9865=CARTESIAN_POINT('',(1.5,0.02,1.5));
#9866=CARTESIAN_POINT('',(1.45,0.02,1.5));
#9867=CARTESIAN_POINT('Origin',(1.45,0.02,1.45));
#9868=CARTESIAN_POINT('',(0.900000000000001,0.02,1.5));
#9869=CARTESIAN_POINT('',(-1.5,0.02,1.5));
#9870=CARTESIAN_POINT('',(0.900000000000001,0.02,1.2));
#9871=CARTESIAN_POINT('',(0.9,0.02,0.75));
#9872=CARTESIAN_POINT('',(0.700000000000001,0.02,1.2));
#9873=CARTESIAN_POINT('Origin',(0.8,0.02,1.2));
#9874=CARTESIAN_POINT('',(0.700000000000001,0.02,1.5));
#9875=CARTESIAN_POINT('',(0.700000000000001,0.02,0.6));
#9876=CARTESIAN_POINT('',(0.500000000000001,0.02,1.5));
#9877=CARTESIAN_POINT('',(-1.5,0.02,1.5));
#9878=CARTESIAN_POINT('',(0.5,0.02,1.2));
#9879=CARTESIAN_POINT('',(0.5,0.02,0.75));
#9880=CARTESIAN_POINT('',(0.300000000000001,0.02,1.2));
#9881=CARTESIAN_POINT('Origin',(0.4,0.02,1.2));
#9882=CARTESIAN_POINT('',(0.3,0.02,1.5));
#9883=CARTESIAN_POINT('',(0.300000000000001,0.02,0.6));
#9884=CARTESIAN_POINT('',(0.1,0.02,1.5));
#9885=CARTESIAN_POINT('',(-1.5,0.02,1.5));
#9886=CARTESIAN_POINT('',(0.1,0.02,1.2));
#9887=CARTESIAN_POINT('',(0.1,0.02,0.75));
#9888=CARTESIAN_POINT('',(-0.0999999999999995,0.02,1.2));
#9889=CARTESIAN_POINT('Origin',(2.77555756156289E-16,0.02,1.2));
#9890=CARTESIAN_POINT('',(-0.0999999999999996,0.02,1.5));
#9891=CARTESIAN_POINT('',(-0.0999999999999994,0.02,0.6));
#9892=CARTESIAN_POINT('',(-0.3,0.02,1.5));
#9893=CARTESIAN_POINT('',(-1.5,0.02,1.5));
#9894=CARTESIAN_POINT('',(-0.3,0.02,1.2));
#9895=CARTESIAN_POINT('',(-0.3,0.02,0.75));
#9896=CARTESIAN_POINT('',(-0.5,0.02,1.2));
#9897=CARTESIAN_POINT('Origin',(-0.4,0.02,1.2));
#9898=CARTESIAN_POINT('',(-0.5,0.02,1.5));
#9899=CARTESIAN_POINT('',(-0.499999999999999,0.02,0.6));
#9900=CARTESIAN_POINT('',(-0.7,0.02,1.5));
#9901=CARTESIAN_POINT('',(-1.5,0.02,1.5));
#9902=CARTESIAN_POINT('',(-0.7,0.02,1.2));
#9903=CARTESIAN_POINT('',(-0.7,0.02,0.75));
#9904=CARTESIAN_POINT('',(-0.9,0.02,1.2));
#9905=CARTESIAN_POINT('Origin',(-0.8,0.02,1.2));
#9906=CARTESIAN_POINT('',(-0.9,0.02,1.5));
#9907=CARTESIAN_POINT('',(-0.9,0.02,0.6));
#9908=CARTESIAN_POINT('',(-1.45,0.02,1.5));
#9909=CARTESIAN_POINT('',(-1.5,0.02,1.5));
#9910=CARTESIAN_POINT('',(-1.5,0.02,1.45));
#9911=CARTESIAN_POINT('Origin',(-1.45,0.02,1.45));
#9912=CARTESIAN_POINT('',(-1.5,0.02,0.9));
#9913=CARTESIAN_POINT('',(-1.5,0.02,-1.5));
#9914=CARTESIAN_POINT('',(-1.2,0.02,0.9));
#9915=CARTESIAN_POINT('',(-0.75,0.02,0.9));
#9916=CARTESIAN_POINT('',(-1.2,0.02,0.7));
#9917=CARTESIAN_POINT('Origin',(-1.2,0.02,0.8));
#9918=CARTESIAN_POINT('',(-1.5,0.02,0.7));
#9919=CARTESIAN_POINT('',(-0.6,0.02,0.700000000000001));
#9920=CARTESIAN_POINT('',(-1.5,0.02,0.5));
#9921=CARTESIAN_POINT('',(-1.5,0.02,-1.5));
#9922=CARTESIAN_POINT('',(-1.2,0.02,0.5));
#9923=CARTESIAN_POINT('',(-0.75,0.02,0.5));
#9924=CARTESIAN_POINT('',(-1.2,0.02,0.3));
#9925=CARTESIAN_POINT('Origin',(-1.2,0.02,0.4));
#9926=CARTESIAN_POINT('',(-1.5,0.02,0.3));
#9927=CARTESIAN_POINT('',(-0.6,0.02,0.300000000000001));
#9928=CARTESIAN_POINT('',(-1.5,0.02,0.1));
#9929=CARTESIAN_POINT('',(-1.5,0.02,-1.5));
#9930=CARTESIAN_POINT('',(-1.2,0.02,0.1));
#9931=CARTESIAN_POINT('',(-0.75,0.02,0.1));
#9932=CARTESIAN_POINT('',(-1.2,0.02,-0.0999999999999998));
#9933=CARTESIAN_POINT('Origin',(-1.2,0.02,0.));
#9934=CARTESIAN_POINT('',(-1.5,0.02,-0.1));
#9935=CARTESIAN_POINT('',(-0.6,0.02,-0.0999999999999995));
#9936=CARTESIAN_POINT('',(-1.5,0.02,-0.3));
#9937=CARTESIAN_POINT('',(-1.5,0.02,-1.5));
#9938=CARTESIAN_POINT('',(-1.2,0.02,-0.3));
#9939=CARTESIAN_POINT('',(-0.75,0.02,-0.3));
#9940=CARTESIAN_POINT('',(-1.2,0.02,-0.5));
#9941=CARTESIAN_POINT('Origin',(-1.2,0.02,-0.4));
#9942=CARTESIAN_POINT('',(-1.5,0.02,-0.5));
#9943=CARTESIAN_POINT('',(-0.6,0.02,-0.5));
#9944=CARTESIAN_POINT('',(-1.5,0.02,-0.7));
#9945=CARTESIAN_POINT('',(-1.5,0.02,-1.5));
#9946=CARTESIAN_POINT('',(-1.2,0.02,-0.7));
#9947=CARTESIAN_POINT('',(-0.75,0.02,-0.7));
#9948=CARTESIAN_POINT('',(-1.2,0.02,-0.9));
#9949=CARTESIAN_POINT('Origin',(-1.2,0.02,-0.8));
#9950=CARTESIAN_POINT('',(-1.5,0.02,-0.9));
#9951=CARTESIAN_POINT('',(-0.6,0.02,-0.9));
#9952=CARTESIAN_POINT('',(-1.5,0.02,-1.45));
#9953=CARTESIAN_POINT('',(-1.5,0.02,-1.5));
#9954=CARTESIAN_POINT('',(-1.45,0.02,-1.5));
#9955=CARTESIAN_POINT('Origin',(-1.45,0.02,-1.45));
#9956=CARTESIAN_POINT('',(1.5,0.02,-1.5));
#9957=CARTESIAN_POINT('Origin',(1.2,0.02,-0.7));
#9958=CARTESIAN_POINT('',(1.2,0.2,-0.7));
#9959=CARTESIAN_POINT('',(1.2,0.02,-0.7));
#9960=CARTESIAN_POINT('',(1.5,0.2,-0.7));
#9961=CARTESIAN_POINT('',(1.2,0.2,-0.7));
#9962=CARTESIAN_POINT('',(1.5,0.02,-0.7));
#9963=CARTESIAN_POINT('Origin',(1.2,0.02,-0.8));
#9964=CARTESIAN_POINT('',(1.2,0.2,-0.9));
#9965=CARTESIAN_POINT('',(1.2,0.02,-0.9));
#9966=CARTESIAN_POINT('Origin',(1.2,0.2,-0.8));
#9967=CARTESIAN_POINT('Origin',(1.5,0.02,-0.9));
#9968=CARTESIAN_POINT('',(1.5,0.2,-0.9));
#9969=CARTESIAN_POINT('',(1.5,0.02,-0.9));
#9970=CARTESIAN_POINT('',(1.5,0.2,-0.9));
#9971=CARTESIAN_POINT('Origin',(1.33035675641045,0.2,-0.8));
#9972=CARTESIAN_POINT('',(1.5,0.2,0.35));
#9973=CARTESIAN_POINT('Origin',(1.2,0.02,-0.3));
#9974=CARTESIAN_POINT('',(1.2,0.2,-0.3));
#9975=CARTESIAN_POINT('',(1.2,0.02,-0.3));
#9976=CARTESIAN_POINT('',(1.5,0.2,-0.3));
#9977=CARTESIAN_POINT('',(1.2,0.2,-0.3));
#9978=CARTESIAN_POINT('',(1.5,0.02,-0.3));
#9979=CARTESIAN_POINT('Origin',(1.2,0.02,-0.4));
#9980=CARTESIAN_POINT('',(1.2,0.2,-0.5));
#9981=CARTESIAN_POINT('',(1.2,0.02,-0.5));
#9982=CARTESIAN_POINT('Origin',(1.2,0.2,-0.4));
#9983=CARTESIAN_POINT('Origin',(1.5,0.02,-0.5));
#9984=CARTESIAN_POINT('',(1.5,0.2,-0.5));
#9985=CARTESIAN_POINT('',(1.5,0.02,-0.5));
#9986=CARTESIAN_POINT('',(1.5,0.2,-0.5));
#9987=CARTESIAN_POINT('Origin',(1.33035675641045,0.2,-0.4));
#9988=CARTESIAN_POINT('',(1.5,0.2,0.55));
#9989=CARTESIAN_POINT('Origin',(1.2,0.02,0.1));
#9990=CARTESIAN_POINT('',(1.2,0.2,0.1));
#9991=CARTESIAN_POINT('',(1.2,0.02,0.1));
#9992=CARTESIAN_POINT('',(1.5,0.2,0.1));
#9993=CARTESIAN_POINT('',(1.2,0.2,0.1));
#9994=CARTESIAN_POINT('',(1.5,0.02,0.1));
#9995=CARTESIAN_POINT('Origin',(1.2,0.02,1.38777878078145E-16));
#9996=CARTESIAN_POINT('',(1.2,0.2,-0.1));
#9997=CARTESIAN_POINT('',(1.2,0.02,-0.1));
#9998=CARTESIAN_POINT('Origin',(1.2,0.2,1.38777878078145E-16));
#9999=CARTESIAN_POINT('Origin',(1.5,0.02,-0.0999999999999999));
#10000=CARTESIAN_POINT('',(1.5,0.2,-0.0999999999999999));
#10001=CARTESIAN_POINT('',(1.5,0.02,-0.0999999999999998));
#10002=CARTESIAN_POINT('',(1.5,0.2,-0.0999999999999999));
#10003=CARTESIAN_POINT('Origin',(1.33035675641045,0.2,0.));
#10004=CARTESIAN_POINT('',(1.5,0.2,0.75));
#10005=CARTESIAN_POINT('Origin',(1.2,0.02,0.5));
#10006=CARTESIAN_POINT('',(1.2,0.2,0.5));
#10007=CARTESIAN_POINT('',(1.2,0.02,0.5));
#10008=CARTESIAN_POINT('',(1.5,0.2,0.5));
#10009=CARTESIAN_POINT('',(1.2,0.2,0.5));
#10010=CARTESIAN_POINT('',(1.5,0.02,0.5));
#10011=CARTESIAN_POINT('Origin',(1.2,0.02,0.4));
#10012=CARTESIAN_POINT('',(1.2,0.2,0.3));
#10013=CARTESIAN_POINT('',(1.2,0.02,0.3));
#10014=CARTESIAN_POINT('Origin',(1.2,0.2,0.4));
#10015=CARTESIAN_POINT('Origin',(1.5,0.02,0.3));
#10016=CARTESIAN_POINT('',(1.5,0.2,0.3));
#10017=CARTESIAN_POINT('',(1.5,0.02,0.3));
#10018=CARTESIAN_POINT('',(1.5,0.2,0.3));
#10019=CARTESIAN_POINT('Origin',(1.33035675641045,0.2,0.4));
#10020=CARTESIAN_POINT('',(1.5,0.2,0.95));
#10021=CARTESIAN_POINT('Origin',(0.700000000000001,0.02,1.2));
#10022=CARTESIAN_POINT('',(0.700000000000001,0.2,1.2));
#10023=CARTESIAN_POINT('',(0.700000000000001,0.02,1.2));
#10024=CARTESIAN_POINT('',(0.700000000000001,0.2,1.5));
#10025=CARTESIAN_POINT('',(0.700000000000001,0.2,1.2));
#10026=CARTESIAN_POINT('',(0.700000000000001,0.02,1.5));
#10027=CARTESIAN_POINT('Origin',(0.8,0.02,1.2));
#10028=CARTESIAN_POINT('',(0.900000000000001,0.2,1.2));
#10029=CARTESIAN_POINT('',(0.900000000000001,0.02,1.2));
#10030=CARTESIAN_POINT('Origin',(0.8,0.2,1.2));
#10031=CARTESIAN_POINT('Origin',(0.900000000000001,0.02,1.5));
#10032=CARTESIAN_POINT('',(0.900000000000001,0.2,1.5));
#10033=CARTESIAN_POINT('',(0.900000000000001,0.02,1.5));
#10034=CARTESIAN_POINT('',(0.900000000000001,0.2,1.5));
#10035=CARTESIAN_POINT('Origin',(0.800000000000001,0.2,1.33035675641045));
#10036=CARTESIAN_POINT('',(-0.35,0.2,1.5));
#10037=CARTESIAN_POINT('Origin',(0.300000000000001,0.02,1.2));
#10038=CARTESIAN_POINT('',(0.300000000000001,0.2,1.2));
#10039=CARTESIAN_POINT('',(0.300000000000001,0.02,1.2));
#10040=CARTESIAN_POINT('',(0.3,0.2,1.5));
#10041=CARTESIAN_POINT('',(0.300000000000001,0.2,1.2));
#10042=CARTESIAN_POINT('',(0.3,0.02,1.5));
#10043=CARTESIAN_POINT('Origin',(0.4,0.02,1.2));
#10044=CARTESIAN_POINT('',(0.5,0.2,1.2));
#10045=CARTESIAN_POINT('',(0.5,0.02,1.2));
#10046=CARTESIAN_POINT('Origin',(0.4,0.2,1.2));
#10047=CARTESIAN_POINT('Origin',(0.500000000000001,0.02,1.5));
#10048=CARTESIAN_POINT('',(0.500000000000001,0.2,1.5));
#10049=CARTESIAN_POINT('',(0.5,0.02,1.5));
#10050=CARTESIAN_POINT('',(0.500000000000001,0.2,1.5));
#10051=CARTESIAN_POINT('Origin',(0.4,0.2,1.33035675641045));
#10052=CARTESIAN_POINT('',(-0.55,0.2,1.5));
#10053=CARTESIAN_POINT('Origin',(-0.0999999999999995,0.02,1.2));
#10054=CARTESIAN_POINT('',(-0.0999999999999995,0.2,1.2));
#10055=CARTESIAN_POINT('',(-0.0999999999999995,0.02,1.2));
#10056=CARTESIAN_POINT('',(-0.0999999999999996,0.2,1.5));
#10057=CARTESIAN_POINT('',(-0.0999999999999995,0.2,1.2));
#10058=CARTESIAN_POINT('',(-0.0999999999999996,0.02,1.5));
#10059=CARTESIAN_POINT('Origin',(2.77555756156289E-16,0.02,1.2));
#10060=CARTESIAN_POINT('',(0.1,0.2,1.2));
#10061=CARTESIAN_POINT('',(0.1,0.02,1.2));
#10062=CARTESIAN_POINT('Origin',(2.77555756156289E-16,0.2,1.2));
#10063=CARTESIAN_POINT('Origin',(0.1,0.02,1.5));
#10064=CARTESIAN_POINT('',(0.1,0.2,1.5));
#10065=CARTESIAN_POINT('',(0.1,0.02,1.5));
#10066=CARTESIAN_POINT('',(0.1,0.2,1.5));
#10067=CARTESIAN_POINT('Origin',(4.16333634234434E-16,0.2,1.33035675641045));
#10068=CARTESIAN_POINT('',(-0.75,0.2,1.5));
#10069=CARTESIAN_POINT('Origin',(-0.5,0.02,1.2));
#10070=CARTESIAN_POINT('',(-0.5,0.2,1.2));
#10071=CARTESIAN_POINT('',(-0.5,0.02,1.2));
#10072=CARTESIAN_POINT('',(-0.5,0.2,1.5));
#10073=CARTESIAN_POINT('',(-0.5,0.2,1.2));
#10074=CARTESIAN_POINT('',(-0.5,0.02,1.5));
#10075=CARTESIAN_POINT('Origin',(-0.4,0.02,1.2));
#10076=CARTESIAN_POINT('',(-0.3,0.2,1.2));
#10077=CARTESIAN_POINT('',(-0.3,0.02,1.2));
#10078=CARTESIAN_POINT('Origin',(-0.4,0.2,1.2));
#10079=CARTESIAN_POINT('Origin',(-0.3,0.02,1.5));
#10080=CARTESIAN_POINT('',(-0.3,0.2,1.5));
#10081=CARTESIAN_POINT('',(-0.3,0.02,1.5));
#10082=CARTESIAN_POINT('',(-0.3,0.2,1.5));
#10083=CARTESIAN_POINT('Origin',(-0.4,0.2,1.33035675641045));
#10084=CARTESIAN_POINT('',(-0.95,0.2,1.5));
#10085=CARTESIAN_POINT('Origin',(0.9,0.02,-1.2));
#10086=CARTESIAN_POINT('',(0.9,0.2,-1.2));
#10087=CARTESIAN_POINT('',(0.9,0.02,-1.2));
#10088=CARTESIAN_POINT('',(0.9,0.2,-1.5));
#10089=CARTESIAN_POINT('',(0.9,0.2,-1.2));
#10090=CARTESIAN_POINT('',(0.900000000000001,0.02,-1.5));
#10091=CARTESIAN_POINT('Origin',(0.8,0.02,-1.2));
#10092=CARTESIAN_POINT('',(0.7,0.2,-1.2));
#10093=CARTESIAN_POINT('',(0.7,0.02,-1.2));
#10094=CARTESIAN_POINT('Origin',(0.8,0.2,-1.2));
#10095=CARTESIAN_POINT('Origin',(0.7,0.02,-1.5));
#10096=CARTESIAN_POINT('',(0.7,0.2,-1.5));
#10097=CARTESIAN_POINT('',(0.7,0.02,-1.5));
#10098=CARTESIAN_POINT('',(0.7,0.2,-1.5));
#10099=CARTESIAN_POINT('Origin',(0.8,0.2,-1.33035675641045));
#10100=CARTESIAN_POINT('',(1.15,0.2,-1.5));
#10101=CARTESIAN_POINT('Origin',(1.2,0.02,0.9));
#10102=CARTESIAN_POINT('',(1.2,0.2,0.9));
#10103=CARTESIAN_POINT('',(1.2,0.02,0.9));
#10104=CARTESIAN_POINT('',(1.5,0.2,0.9));
#10105=CARTESIAN_POINT('',(1.2,0.2,0.9));
#10106=CARTESIAN_POINT('',(1.5,0.02,0.900000000000001));
#10107=CARTESIAN_POINT('Origin',(1.2,0.02,0.8));
#10108=CARTESIAN_POINT('',(1.2,0.2,0.7));
#10109=CARTESIAN_POINT('',(1.2,0.02,0.7));
#10110=CARTESIAN_POINT('Origin',(1.2,0.2,0.8));
#10111=CARTESIAN_POINT('Origin',(1.5,0.02,0.7));
#10112=CARTESIAN_POINT('',(1.5,0.2,0.7));
#10113=CARTESIAN_POINT('',(1.5,0.02,0.7));
#10114=CARTESIAN_POINT('',(1.5,0.2,0.7));
#10115=CARTESIAN_POINT('Origin',(1.33035675641045,0.2,0.8));
#10116=CARTESIAN_POINT('',(1.5,0.2,1.15));
#10117=CARTESIAN_POINT('Origin',(-0.9,0.02,1.2));
#10118=CARTESIAN_POINT('',(-0.9,0.2,1.2));
#10119=CARTESIAN_POINT('',(-0.9,0.02,1.2));
#10120=CARTESIAN_POINT('',(-0.9,0.2,1.5));
#10121=CARTESIAN_POINT('',(-0.9,0.2,1.2));
#10122=CARTESIAN_POINT('',(-0.9,0.02,1.5));
#10123=CARTESIAN_POINT('Origin',(-0.8,0.02,1.2));
#10124=CARTESIAN_POINT('',(-0.7,0.2,1.2));
#10125=CARTESIAN_POINT('',(-0.7,0.02,1.2));
#10126=CARTESIAN_POINT('Origin',(-0.8,0.2,1.2));
#10127=CARTESIAN_POINT('Origin',(-0.7,0.02,1.5));
#10128=CARTESIAN_POINT('',(-0.7,0.2,1.5));
#10129=CARTESIAN_POINT('',(-0.7,0.02,1.5));
#10130=CARTESIAN_POINT('',(-0.7,0.2,1.5));
#10131=CARTESIAN_POINT('Origin',(-0.8,0.2,1.33035675641045));
#10132=CARTESIAN_POINT('',(-1.15,0.2,1.5));
#10133=CARTESIAN_POINT('Origin',(-1.2,0.02,0.7));
#10134=CARTESIAN_POINT('',(-1.2,0.2,0.7));
#10135=CARTESIAN_POINT('',(-1.2,0.02,0.7));
#10136=CARTESIAN_POINT('',(-1.5,0.2,0.7));
#10137=CARTESIAN_POINT('',(-1.2,0.2,0.7));
#10138=CARTESIAN_POINT('',(-1.5,0.02,0.7));
#10139=CARTESIAN_POINT('Origin',(-1.2,0.02,0.8));
#10140=CARTESIAN_POINT('',(-1.2,0.2,0.9));
#10141=CARTESIAN_POINT('',(-1.2,0.02,0.9));
#10142=CARTESIAN_POINT('Origin',(-1.2,0.2,0.8));
#10143=CARTESIAN_POINT('Origin',(-1.5,0.02,0.9));
#10144=CARTESIAN_POINT('',(-1.5,0.2,0.9));
#10145=CARTESIAN_POINT('',(-1.5,0.02,0.9));
#10146=CARTESIAN_POINT('',(-1.5,0.2,0.9));
#10147=CARTESIAN_POINT('Origin',(-1.33035675641045,0.2,0.8));
#10148=CARTESIAN_POINT('',(-1.5,0.2,-0.35));
#10149=CARTESIAN_POINT('Origin',(-1.2,0.02,0.3));
#10150=CARTESIAN_POINT('',(-1.2,0.2,0.3));
#10151=CARTESIAN_POINT('',(-1.2,0.02,0.3));
#10152=CARTESIAN_POINT('',(-1.5,0.2,0.3));
#10153=CARTESIAN_POINT('',(-1.2,0.2,0.3));
#10154=CARTESIAN_POINT('',(-1.5,0.02,0.3));
#10155=CARTESIAN_POINT('Origin',(-1.2,0.02,0.4));
#10156=CARTESIAN_POINT('',(-1.2,0.2,0.5));
#10157=CARTESIAN_POINT('',(-1.2,0.02,0.5));
#10158=CARTESIAN_POINT('Origin',(-1.2,0.2,0.4));
#10159=CARTESIAN_POINT('Origin',(-1.5,0.02,0.5));
#10160=CARTESIAN_POINT('',(-1.5,0.2,0.5));
#10161=CARTESIAN_POINT('',(-1.5,0.02,0.5));
#10162=CARTESIAN_POINT('',(-1.5,0.2,0.5));
#10163=CARTESIAN_POINT('Origin',(-1.33035675641045,0.2,0.4));
#10164=CARTESIAN_POINT('',(-1.5,0.2,-0.55));
#10165=CARTESIAN_POINT('Origin',(-1.2,0.02,-0.0999999999999998));
#10166=CARTESIAN_POINT('',(-1.2,0.2,-0.0999999999999998));
#10167=CARTESIAN_POINT('',(-1.2,0.02,-0.0999999999999998));
#10168=CARTESIAN_POINT('',(-1.5,0.2,-0.1));
#10169=CARTESIAN_POINT('',(-1.2,0.2,-0.0999999999999998));
#10170=CARTESIAN_POINT('',(-1.5,0.02,-0.1));
#10171=CARTESIAN_POINT('Origin',(-1.2,0.02,0.));
#10172=CARTESIAN_POINT('',(-1.2,0.2,0.1));
#10173=CARTESIAN_POINT('',(-1.2,0.02,0.1));
#10174=CARTESIAN_POINT('Origin',(-1.2,0.2,0.));
#10175=CARTESIAN_POINT('Origin',(-1.5,0.02,0.1));
#10176=CARTESIAN_POINT('',(-1.5,0.2,0.1));
#10177=CARTESIAN_POINT('',(-1.5,0.02,0.1));
#10178=CARTESIAN_POINT('',(-1.5,0.2,0.1));
#10179=CARTESIAN_POINT('Origin',(-1.33035675641045,0.2,1.38777878078145E-16));
#10180=CARTESIAN_POINT('',(-1.5,0.2,-0.75));
#10181=CARTESIAN_POINT('Origin',(-1.2,0.02,-0.5));
#10182=CARTESIAN_POINT('',(-1.2,0.2,-0.5));
#10183=CARTESIAN_POINT('',(-1.2,0.02,-0.5));
#10184=CARTESIAN_POINT('',(-1.5,0.2,-0.5));
#10185=CARTESIAN_POINT('',(-1.2,0.2,-0.5));
#10186=CARTESIAN_POINT('',(-1.5,0.02,-0.5));
#10187=CARTESIAN_POINT('Origin',(-1.2,0.02,-0.4));
#10188=CARTESIAN_POINT('',(-1.2,0.2,-0.3));
#10189=CARTESIAN_POINT('',(-1.2,0.02,-0.3));
#10190=CARTESIAN_POINT('Origin',(-1.2,0.2,-0.4));
#10191=CARTESIAN_POINT('Origin',(-1.5,0.02,-0.3));
#10192=CARTESIAN_POINT('',(-1.5,0.2,-0.3));
#10193=CARTESIAN_POINT('',(-1.5,0.02,-0.3));
#10194=CARTESIAN_POINT('',(-1.5,0.2,-0.3));
#10195=CARTESIAN_POINT('Origin',(-1.33035675641045,0.2,-0.4));
#10196=CARTESIAN_POINT('',(-1.5,0.2,-0.95));
#10197=CARTESIAN_POINT('Origin',(-1.2,0.02,-0.9));
#10198=CARTESIAN_POINT('',(-1.2,0.2,-0.9));
#10199=CARTESIAN_POINT('',(-1.2,0.02,-0.9));
#10200=CARTESIAN_POINT('',(-1.5,0.2,-0.9));
#10201=CARTESIAN_POINT('',(-1.2,0.2,-0.9));
#10202=CARTESIAN_POINT('',(-1.5,0.02,-0.9));
#10203=CARTESIAN_POINT('Origin',(-1.2,0.02,-0.8));
#10204=CARTESIAN_POINT('',(-1.2,0.2,-0.7));
#10205=CARTESIAN_POINT('',(-1.2,0.02,-0.7));
#10206=CARTESIAN_POINT('Origin',(-1.2,0.2,-0.8));
#10207=CARTESIAN_POINT('Origin',(-1.5,0.02,-0.7));
#10208=CARTESIAN_POINT('',(-1.5,0.2,-0.7));
#10209=CARTESIAN_POINT('',(-1.5,0.02,-0.7));
#10210=CARTESIAN_POINT('',(-1.5,0.2,-0.7));
#10211=CARTESIAN_POINT('Origin',(-1.33035675641045,0.2,-0.8));
#10212=CARTESIAN_POINT('',(-1.5,0.2,-1.15));
#10213=CARTESIAN_POINT('Origin',(1.45,0.75,1.45));
#10214=CARTESIAN_POINT('',(1.45,0.75,1.5));
#10215=CARTESIAN_POINT('',(1.45,0.8,1.45));
#10216=CARTESIAN_POINT('Origin',(1.45,0.75,1.45));
#10217=CARTESIAN_POINT('',(1.5,0.75,1.45));
#10218=CARTESIAN_POINT('Origin',(1.45,0.75,1.45));
#10219=CARTESIAN_POINT('Origin',(1.45,0.75,1.45));
#10220=CARTESIAN_POINT('Origin',(1.45,0.02,1.45));
#10221=CARTESIAN_POINT('',(1.5,0.02,1.45));
#10222=CARTESIAN_POINT('',(1.45,0.02,1.5));
#10223=CARTESIAN_POINT('Origin',(-1.45,0.75,1.45));
#10224=CARTESIAN_POINT('',(-1.5,0.75,1.45));
#10225=CARTESIAN_POINT('',(-1.45,0.8,1.45));
#10226=CARTESIAN_POINT('Origin',(-1.45,0.75,1.45));
#10227=CARTESIAN_POINT('',(-1.45,0.75,1.5));
#10228=CARTESIAN_POINT('Origin',(-1.45,0.75,1.45));
#10229=CARTESIAN_POINT('Origin',(-1.45,0.75,1.45));
#10230=CARTESIAN_POINT('Origin',(-1.45,0.02,1.45));
#10231=CARTESIAN_POINT('',(-1.45,0.02,1.5));
#10232=CARTESIAN_POINT('',(-1.5,0.02,1.45));
#10233=CARTESIAN_POINT('Origin',(-0.75,0.75,1.45));
#10234=CARTESIAN_POINT('',(-0.75,0.8,1.45));
#10235=CARTESIAN_POINT('',(-0.75,0.75,1.5));
#10236=CARTESIAN_POINT('Origin',(1.45,0.75,-1.45));
#10237=CARTESIAN_POINT('',(1.5,0.75,-1.45));
#10238=CARTESIAN_POINT('',(1.45,0.8,-1.45));
#10239=CARTESIAN_POINT('Origin',(1.45,0.75,-1.45));
#10240=CARTESIAN_POINT('',(1.45,0.75,-1.5));
#10241=CARTESIAN_POINT('Origin',(1.45,0.75,-1.45));
#10242=CARTESIAN_POINT('Origin',(1.45,0.75,-1.45));
#10243=CARTESIAN_POINT('Origin',(1.45,0.02,-1.45));
#10244=CARTESIAN_POINT('',(1.45,0.02,-1.5));
#10245=CARTESIAN_POINT('',(1.5,0.02,-1.45));
#10246=CARTESIAN_POINT('Origin',(-1.45,0.75,-1.45));
#10247=CARTESIAN_POINT('',(-1.45,0.75,-1.5));
#10248=CARTESIAN_POINT('',(-1.45,0.8,-1.45));
#10249=CARTESIAN_POINT('Origin',(-1.45,0.75,-1.45));
#10250=CARTESIAN_POINT('',(-1.5,0.75,-1.45));
#10251=CARTESIAN_POINT('Origin',(-1.45,0.75,-1.45));
#10252=CARTESIAN_POINT('Origin',(-1.45,0.75,-1.45));
#10253=CARTESIAN_POINT('Origin',(-1.45,0.02,-1.45));
#10254=CARTESIAN_POINT('',(-1.5,0.02,-1.45));
#10255=CARTESIAN_POINT('',(-1.45,0.02,-1.5));
#10256=CARTESIAN_POINT('Origin',(-1.45,0.75,-0.75));
#10257=CARTESIAN_POINT('',(-1.45,0.8,-0.75));
#10258=CARTESIAN_POINT('',(-1.5,0.75,-0.75));
#10259=CARTESIAN_POINT('Origin',(0.75,0.75,-1.45));
#10260=CARTESIAN_POINT('',(0.75,0.8,-1.45));
#10261=CARTESIAN_POINT('',(0.75,0.75,-1.5));
#10262=CARTESIAN_POINT('Origin',(1.45,0.75,0.75));
#10263=CARTESIAN_POINT('',(1.45,0.8,0.75));
#10264=CARTESIAN_POINT('',(1.5,0.75,0.75));
#10265=CARTESIAN_POINT('Origin',(-1.5,0.02,1.5));
#10266=CARTESIAN_POINT('Origin',(-1.5,0.02,-1.5));
#10267=CARTESIAN_POINT('Origin',(0.,0.8,0.));
#10268=CARTESIAN_POINT('',(0.789991841082441,0.8,0.303251414395253));
#10269=CARTESIAN_POINT('',(0.789991841082441,0.8,0.360625805333256));
#10270=CARTESIAN_POINT('',(0.789991841082441,0.8,0.151625707197626));
#10271=CARTESIAN_POINT('',(0.74185569953276,0.8,0.360625805333256));
#10272=CARTESIAN_POINT('',(0.394995920541221,0.8,0.360625805333256));
#10273=CARTESIAN_POINT('',(0.74185569953276,0.8,0.303251414395253));
#10274=CARTESIAN_POINT('',(0.74185569953276,0.8,0.180312902666628));
#10275=CARTESIAN_POINT('',(0.37092784976638,0.8,0.303251414395253));
#10276=CARTESIAN_POINT('',(0.591369479233505,0.8,0.0545480163885667));
#10277=CARTESIAN_POINT('',(0.68715553868085,0.8,0.210625808686018));
#10278=CARTESIAN_POINT('Ctrl Pts',(0.591369479233505,0.8,0.0545480163885667));
#10279=CARTESIAN_POINT('Ctrl Pts',(0.640721179913228,0.8,0.0545480163885667));
#10280=CARTESIAN_POINT('Ctrl Pts',(0.68715553868085,0.8,0.132343800711284));
#10281=CARTESIAN_POINT('Ctrl Pts',(0.68715553868085,0.8,0.210625808686018));
#10282=CARTESIAN_POINT('',(0.591369479233505,0.8,0.366946712809477));
#10283=CARTESIAN_POINT('Ctrl Pts',(0.68715553868085,0.8,0.210625808686018));
#10284=CARTESIAN_POINT('Ctrl Pts',(0.68715553868085,0.8,0.291338934920837));
#10285=CARTESIAN_POINT('Ctrl Pts',(0.640234956261211,0.8,0.366946712809477));
#10286=CARTESIAN_POINT('Ctrl Pts',(0.591369479233505,0.8,0.366946712809477));
#10287=CARTESIAN_POINT('',(0.495340307960151,0.8,0.210868920512026));
#10288=CARTESIAN_POINT('Ctrl Pts',(0.591369479233505,0.8,0.366946712809477));
#10289=CARTESIAN_POINT('Ctrl Pts',(0.541774666727773,0.8,0.366946712809477));
#10290=CARTESIAN_POINT('Ctrl Pts',(0.495340307960151,0.8,0.289880263964786));
#10291=CARTESIAN_POINT('Ctrl Pts',(0.495340307960151,0.8,0.210868920512026));
#10292=CARTESIAN_POINT('Ctrl Pts',(0.495340307960151,0.8,0.210868920512026));
#10293=CARTESIAN_POINT('Ctrl Pts',(0.495340307960151,0.8,0.12966957062519));
#10294=CARTESIAN_POINT('Ctrl Pts',(0.54226089037979,0.8,0.0545480163885667));
#10295=CARTESIAN_POINT('Ctrl Pts',(0.591369479233505,0.8,0.0545480163885667));
#10296=CARTESIAN_POINT('',(0.0854537693098357,0.8,0.325860814214042));
#10297=CARTESIAN_POINT('',(0.0854537693098357,0.8,0.360625805333256));
#10298=CARTESIAN_POINT('',(0.0854537693098357,0.8,0.162930407107021));
#10299=CARTESIAN_POINT('',(-0.0995543302826257,0.8,0.360625805333256));
#10300=CARTESIAN_POINT('',(0.0427268846549178,0.8,0.360625805333256));
#10301=CARTESIAN_POINT('',(-0.0995543302826257,0.8,0.318081235781771));
#10302=CARTESIAN_POINT('',(-0.0995543302826257,0.8,0.180312902666628));
#10303=CARTESIAN_POINT('',(-0.0271070061320955,0.8,0.245877023457249));
#10304=CARTESIAN_POINT('Ctrl Pts',(-0.0995543302826257,0.8,0.318081235781771));
#10305=CARTESIAN_POINT('Ctrl Pts',(-0.0796191605499295,0.8,0.299361625179117));
#10306=CARTESIAN_POINT('Ctrl Pts',(-0.0441248339526898,0.8,0.264596634059903));
#10307=CARTESIAN_POINT('Ctrl Pts',(-0.0271070061320955,0.8,0.245877023457249));
#10308=CARTESIAN_POINT('',(0.0322122794139762,0.8,0.138907820013513));
#10309=CARTESIAN_POINT('Ctrl Pts',(-0.0271070061320955,0.8,0.245877023457249));
#10310=CARTESIAN_POINT('Ctrl Pts',(0.00717176133510168,0.8,0.208194690425933));
#10311=CARTESIAN_POINT('Ctrl Pts',(0.0322122794139762,0.8,0.162975890788354));
#10312=CARTESIAN_POINT('Ctrl Pts',(0.0322122794139762,0.8,0.138907820013513));
#10313=CARTESIAN_POINT('',(0.0173824580274583,0.8,0.101225486982197));
#10314=CARTESIAN_POINT('Ctrl Pts',(0.0322122794139762,0.8,0.138907820013513));
#10315=CARTESIAN_POINT('Ctrl Pts',(0.0322122794139762,0.8,0.126266005061071));
#10316=CARTESIAN_POINT('Ctrl Pts',(0.0244327009817045,0.8,0.107303282632409));
#10317=CARTESIAN_POINT('Ctrl Pts',(0.0173824580274583,0.8,0.101225486982197));
#10318=CARTESIAN_POINT('',(-0.0193274276998238,0.8,0.0890698956817724));
#10319=CARTESIAN_POINT('Origin',(-0.148997236312811,0.8,0.3045522791115));
#10320=CARTESIAN_POINT('',(-0.0618719972513097,0.8,0.0985512568961035));
#10321=CARTESIAN_POINT('Ctrl Pts',(-0.0193274276998238,0.8,0.0890698956817724));
#10322=CARTESIAN_POINT('Ctrl Pts',(-0.0300243480441974,0.8,0.0890698956817724));
#10323=CARTESIAN_POINT('Ctrl Pts',(-0.0519044123849615,0.8,0.0944183558539592));
#10324=CARTESIAN_POINT('Ctrl Pts',(-0.0618719972513097,0.8,0.0985512568961035));
#10325=CARTESIAN_POINT('',(-0.0910454163723285,0.8,0.115082861064681));
#10326=CARTESIAN_POINT('Ctrl Pts',(-0.0618719972513097,0.8,0.0985512568961035));
#10327=CARTESIAN_POINT('Ctrl Pts',(-0.0703809111616068,0.8,0.101954822460222));
#10328=CARTESIAN_POINT('Ctrl Pts',(-0.0861831798521587,0.8,0.111679295500562));
#10329=CARTESIAN_POINT('Ctrl Pts',(-0.0910454163723285,0.8,0.115082861064681));
#10330=CARTESIAN_POINT('',(-0.093233422806405,0.8,0.115082861064681));
#10331=CARTESIAN_POINT('',(-0.0455227081861643,0.8,0.115082861064681));
#10332=CARTESIAN_POINT('',(-0.093233422806405,0.8,0.0722951796871865));
#10333=CARTESIAN_POINT('',(-0.093233422806405,0.8,0.0575414305323404));
#10334=CARTESIAN_POINT('',(-0.0164100857877219,0.8,0.0543049045625582));
#10335=CARTESIAN_POINT('Ctrl Pts',(-0.093233422806405,0.8,0.0722951796871865));
#10336=CARTESIAN_POINT('Ctrl Pts',(-0.0808347196799719,0.8,0.0662173840369743));
#10337=CARTESIAN_POINT('Ctrl Pts',(-0.0363452555204181,0.8,0.0543049045625582));
#10338=CARTESIAN_POINT('Ctrl Pts',(-0.0164100857877219,0.8,0.0543049045625582));
#10339=CARTESIAN_POINT('',(0.0730550661834027,0.8,0.136719813579437));
#10340=CARTESIAN_POINT('Ctrl Pts',(-0.0164100857877219,0.8,0.0543049045625582));
#10341=CARTESIAN_POINT('Ctrl Pts',(0.025648260111747,0.8,0.0543049045625582));
#10342=CARTESIAN_POINT('Ctrl Pts',(0.0730550661834027,0.8,0.098794368722112));
#10343=CARTESIAN_POINT('Ctrl Pts',(0.0730550661834027,0.8,0.136719813579437));
#10344=CARTESIAN_POINT('',(0.0574959093188592,0.8,0.196768434603534));
#10345=CARTESIAN_POINT('Ctrl Pts',(0.0730550661834027,0.8,0.136719813579437));
#10346=CARTESIAN_POINT('Ctrl Pts',(0.0730550661834027,0.8,0.154466976878056));
#10347=CARTESIAN_POINT('Ctrl Pts',(0.064789264099114,0.8,0.184126619651092));
#10348=CARTESIAN_POINT('Ctrl Pts',(0.0574959093188592,0.8,0.196768434603534));
#10349=CARTESIAN_POINT('',(0.0173824580274583,0.8,0.248065029891325));
#10350=CARTESIAN_POINT('Ctrl Pts',(0.0574959093188592,0.8,0.196768434603534));
#10351=CARTESIAN_POINT('Ctrl Pts',(0.0502025545386045,0.8,0.209896473207992));
#10352=CARTESIAN_POINT('Ctrl Pts',(0.0290518256758658,0.8,0.235666326764892));
#10353=CARTESIAN_POINT('Ctrl Pts',(0.0173824580274583,0.8,0.248065029891325));
#10354=CARTESIAN_POINT('',(-0.0618719972513097,0.8,0.325860814214042));
#10355=CARTESIAN_POINT('Ctrl Pts',(0.0173824580274583,0.8,0.248065029891325));
#10356=CARTESIAN_POINT('Ctrl Pts',(-0.00158026440120399,0.8,0.268729535102047));
#10357=CARTESIAN_POINT('Ctrl Pts',(-0.0480146231688257,0.8,0.312975887435592));
#10358=CARTESIAN_POINT('Ctrl Pts',(-0.0618719972513097,0.8,0.325860814214042));
#10359=CARTESIAN_POINT('',(-0.0309359986256548,0.8,0.325860814214042));
#10360=CARTESIAN_POINT('',(-0.301580257695681,0.8,0.060625812038779));
#10361=CARTESIAN_POINT('',(-0.301580257695681,0.8,0.360625805333256));
#10362=CARTESIAN_POINT('',(-0.301580257695681,0.8,0.0303129060193895));
#10363=CARTESIAN_POINT('',(-0.346312833681244,0.8,0.360625805333256));
#10364=CARTESIAN_POINT('',(-0.150790128847841,0.8,0.360625805333256));
#10365=CARTESIAN_POINT('',(-0.47905189068188,0.8,0.101954822460222));
#10366=CARTESIAN_POINT('',(-0.383461872120233,0.8,0.288232807349586));
#10367=CARTESIAN_POINT('',(-0.47905189068188,0.8,0.360625805333256));
#10368=CARTESIAN_POINT('',(-0.47905189068188,0.8,0.0509774112301112));
#10369=CARTESIAN_POINT('',(-0.516248000061179,0.8,0.360625805333256));
#10370=CARTESIAN_POINT('',(-0.23952594534094,0.8,0.360625805333256));
#10371=CARTESIAN_POINT('',(-0.516248000061179,0.8,0.060625812038779));
#10372=CARTESIAN_POINT('',(-0.516248000061179,0.8,0.180312902666628));
#10373=CARTESIAN_POINT('',(-0.4596029446012,0.8,0.060625812038779));
#10374=CARTESIAN_POINT('',(-0.258124000030589,0.8,0.060625812038779));
#10375=CARTESIAN_POINT('',(-0.33877636707498,0.8,0.298146066049074));
#10376=CARTESIAN_POINT('',(-0.424611105467881,0.8,0.129412586351159));
#10377=CARTESIAN_POINT('',(-0.33877636707498,0.8,0.060625812038779));
#10378=CARTESIAN_POINT('',(-0.33877636707498,0.8,0.149073033024537));
#10379=CARTESIAN_POINT('',(-0.16938818353749,0.8,0.060625812038779));
#10380=CARTESIAN_POINT('',(0.331847631120435,0.8,-0.168081237911889));
#10381=CARTESIAN_POINT('',(0.331847631120435,0.8,-0.133316246792674));
#10382=CARTESIAN_POINT('',(0.331847631120435,0.8,-0.0840406189559443));
#10383=CARTESIAN_POINT('',(0.146839531527974,0.8,-0.133316246792674));
#10384=CARTESIAN_POINT('',(0.165923815560218,0.8,-0.133316246792674));
#10385=CARTESIAN_POINT('',(0.146839531527974,0.8,-0.17586081634416));
#10386=CARTESIAN_POINT('',(0.146839531527974,0.8,-0.0666581233963372));
#10387=CARTESIAN_POINT('',(0.219286855678504,0.8,-0.248065028668682));
#10388=CARTESIAN_POINT('Ctrl Pts',(0.146839531527974,0.8,-0.17586081634416));
#10389=CARTESIAN_POINT('Ctrl Pts',(0.16677470126067,0.8,-0.194580426946814));
#10390=CARTESIAN_POINT('Ctrl Pts',(0.20226902785791,0.8,-0.229345418066028));
#10391=CARTESIAN_POINT('Ctrl Pts',(0.219286855678504,0.8,-0.248065028668682));
#10392=CARTESIAN_POINT('',(0.278606141224576,0.8,-0.355034232112418));
#10393=CARTESIAN_POINT('Ctrl Pts',(0.219286855678504,0.8,-0.248065028668682));
#10394=CARTESIAN_POINT('Ctrl Pts',(0.253565623145701,0.8,-0.285747361699998));
#10395=CARTESIAN_POINT('Ctrl Pts',(0.278606141224576,0.8,-0.330966161337577));
#10396=CARTESIAN_POINT('Ctrl Pts',(0.278606141224576,0.8,-0.355034232112418));
#10397=CARTESIAN_POINT('',(0.263776319838058,0.8,-0.392716565143734));
#10398=CARTESIAN_POINT('Ctrl Pts',(0.278606141224576,0.8,-0.355034232112418));
#10399=CARTESIAN_POINT('Ctrl Pts',(0.278606141224576,0.8,-0.367676047064859));
#10400=CARTESIAN_POINT('Ctrl Pts',(0.270826562792304,0.8,-0.386638769493522));
#10401=CARTESIAN_POINT('Ctrl Pts',(0.263776319838058,0.8,-0.392716565143734));
#10402=CARTESIAN_POINT('',(0.227066434110776,0.8,-0.404872156444158));
#10403=CARTESIAN_POINT('Origin',(0.0973966254975867,0.8,-0.189389773014147));
#10404=CARTESIAN_POINT('',(0.18452186455929,0.8,-0.395390795229827));
#10405=CARTESIAN_POINT('Ctrl Pts',(0.227066434110776,0.8,-0.404872156444158));
#10406=CARTESIAN_POINT('Ctrl Pts',(0.216369513766402,0.8,-0.404872156444158));
#10407=CARTESIAN_POINT('Ctrl Pts',(0.194489449425638,0.8,-0.399523696271972));
#10408=CARTESIAN_POINT('Ctrl Pts',(0.18452186455929,0.8,-0.395390795229827));
#10409=CARTESIAN_POINT('',(0.155348445438271,0.8,-0.37885919106125));
#10410=CARTESIAN_POINT('Ctrl Pts',(0.18452186455929,0.8,-0.395390795229827));
#10411=CARTESIAN_POINT('Ctrl Pts',(0.176012950648993,0.8,-0.391987229665708));
#10412=CARTESIAN_POINT('Ctrl Pts',(0.160210681958441,0.8,-0.382262756625369));
#10413=CARTESIAN_POINT('Ctrl Pts',(0.155348445438271,0.8,-0.37885919106125));
#10414=CARTESIAN_POINT('',(0.153160439004195,0.8,-0.37885919106125));
#10415=CARTESIAN_POINT('',(0.0776742227191356,0.8,-0.37885919106125));
#10416=CARTESIAN_POINT('',(0.153160439004195,0.8,-0.421646872438744));
#10417=CARTESIAN_POINT('',(0.153160439004195,0.8,-0.189429595530625));
#10418=CARTESIAN_POINT('',(0.229983776022878,0.8,-0.439637147563373));
#10419=CARTESIAN_POINT('Ctrl Pts',(0.153160439004195,0.8,-0.421646872438744));
#10420=CARTESIAN_POINT('Ctrl Pts',(0.165559142130628,0.8,-0.427724668088957));
#10421=CARTESIAN_POINT('Ctrl Pts',(0.210048606290182,0.8,-0.439637147563373));
#10422=CARTESIAN_POINT('Ctrl Pts',(0.229983776022878,0.8,-0.439637147563373));
#10423=CARTESIAN_POINT('',(0.319448927994002,0.8,-0.357222238546494));
#10424=CARTESIAN_POINT('Ctrl Pts',(0.229983776022878,0.8,-0.439637147563373));
#10425=CARTESIAN_POINT('Ctrl Pts',(0.272042121922347,0.8,-0.439637147563373));
#10426=CARTESIAN_POINT('Ctrl Pts',(0.319448927994002,0.8,-0.395147683403819));
#10427=CARTESIAN_POINT('Ctrl Pts',(0.319448927994002,0.8,-0.357222238546494));
#10428=CARTESIAN_POINT('',(0.303889771129459,0.8,-0.297173617522397));
#10429=CARTESIAN_POINT('Ctrl Pts',(0.319448927994002,0.8,-0.357222238546494));
#10430=CARTESIAN_POINT('Ctrl Pts',(0.319448927994002,0.8,-0.339475075247874));
#10431=CARTESIAN_POINT('Ctrl Pts',(0.311183125909714,0.8,-0.309815432474839));
#10432=CARTESIAN_POINT('Ctrl Pts',(0.303889771129459,0.8,-0.297173617522397));
#10433=CARTESIAN_POINT('',(0.263776319838058,0.8,-0.245877022234605));
#10434=CARTESIAN_POINT('Ctrl Pts',(0.303889771129459,0.8,-0.297173617522397));
#10435=CARTESIAN_POINT('Ctrl Pts',(0.296596416349204,0.8,-0.284045578917939));
#10436=CARTESIAN_POINT('Ctrl Pts',(0.275445687486466,0.8,-0.258275725361039));
#10437=CARTESIAN_POINT('Ctrl Pts',(0.263776319838058,0.8,-0.245877022234606));
#10438=CARTESIAN_POINT('',(0.18452186455929,0.8,-0.168081237911888));
#10439=CARTESIAN_POINT('Ctrl Pts',(0.263776319838058,0.8,-0.245877022234606));
#10440=CARTESIAN_POINT('Ctrl Pts',(0.244813597409396,0.8,-0.225212517023884));
#10441=CARTESIAN_POINT('Ctrl Pts',(0.198379238641774,0.8,-0.180966164690338));
#10442=CARTESIAN_POINT('Ctrl Pts',(0.18452186455929,0.8,-0.168081237911889));
#10443=CARTESIAN_POINT('',(0.092260932279645,0.8,-0.168081237911889));
#10444=CARTESIAN_POINT('',(-0.360048625699729,0.8,-0.154710087481422));
#10445=CARTESIAN_POINT('',(-0.440032416456522,0.8,-0.126995339316454));
#10446=CARTESIAN_POINT('Ctrl Pts',(-0.360048625699729,0.8,-0.154710087481422));
#10447=CARTESIAN_POINT('Ctrl Pts',(-0.37439222343423,0.8,-0.140609601572929));
#10448=CARTESIAN_POINT('Ctrl Pts',(-0.412317668291554,0.8,-0.126995339316454));
#10449=CARTESIAN_POINT('Ctrl Pts',(-0.440032416456522,0.8,-0.126995339316454));
#10450=CARTESIAN_POINT('',(-0.519773095387307,0.8,-0.154710087481422));
#10451=CARTESIAN_POINT('Ctrl Pts',(-0.440032416456522,0.8,-0.126995339316454));
#10452=CARTESIAN_POINT('Ctrl Pts',(-0.466531605491448,0.8,-0.126995339316454));
#10453=CARTESIAN_POINT('Ctrl Pts',(-0.505915721304823,0.8,-0.140852713398938));
#10454=CARTESIAN_POINT('Ctrl Pts',(-0.519773095387307,0.8,-0.154710087481422));
#10455=CARTESIAN_POINT('',(-0.548460290856309,0.8,-0.246120134060614));
#10456=CARTESIAN_POINT('Ctrl Pts',(-0.519773095387307,0.8,-0.154710087481422));
#10457=CARTESIAN_POINT('Ctrl Pts',(-0.535575364077859,0.8,-0.170269244345965));
#10458=CARTESIAN_POINT('Ctrl Pts',(-0.548460290856309,0.8,-0.214029373027493));
#10459=CARTESIAN_POINT('Ctrl Pts',(-0.548460290856309,0.8,-0.246120134060614));
#10460=CARTESIAN_POINT('',(-0.548460290856309,0.8,-0.433316240087152));
#10461=CARTESIAN_POINT('',(-0.548460290856309,0.8,-0.123060067030307));
#10462=CARTESIAN_POINT('',(-0.508589951390917,0.8,-0.433316240087152));
#10463=CARTESIAN_POINT('',(-0.274230145428155,0.8,-0.433316240087152));
#10464=CARTESIAN_POINT('',(-0.508589951390917,0.8,-0.246120134060614));
#10465=CARTESIAN_POINT('',(-0.508589951390917,0.8,-0.216658120043576));
#10466=CARTESIAN_POINT('',(-0.495705024612467,0.8,-0.1855852893845));
#10467=CARTESIAN_POINT('Ctrl Pts',(-0.508589951390917,0.8,-0.246120134060614));
#10468=CARTESIAN_POINT('Ctrl Pts',(-0.508589951390917,0.8,-0.225212517023884));
#10469=CARTESIAN_POINT('Ctrl Pts',(-0.50324149121873,0.8,-0.197011545206899));
#10470=CARTESIAN_POINT('Ctrl Pts',(-0.495705024612467,0.8,-0.1855852893845));
#10471=CARTESIAN_POINT('',(-0.440032416456522,0.8,-0.161030994957642));
#10472=CARTESIAN_POINT('Ctrl Pts',(-0.495705024612467,0.8,-0.1855852893845));
#10473=CARTESIAN_POINT('Ctrl Pts',(-0.487682334354187,0.8,-0.173429698084075));
#10474=CARTESIAN_POINT('Ctrl Pts',(-0.459967586189219,0.8,-0.161030994957642));
#10475=CARTESIAN_POINT('Ctrl Pts',(-0.440032416456522,0.8,-0.161030994957642));
#10476=CARTESIAN_POINT('',(-0.38411669647457,0.8,-0.1855852893845));
#10477=CARTESIAN_POINT('Ctrl Pts',(-0.440032416456522,0.8,-0.161030994957642));
#10478=CARTESIAN_POINT('Ctrl Pts',(-0.421312805853869,0.8,-0.161030994957642));
#10479=CARTESIAN_POINT('Ctrl Pts',(-0.39213938673285,0.8,-0.173429698084075));
#10480=CARTESIAN_POINT('Ctrl Pts',(-0.38411669647457,0.8,-0.1855852893845));
#10481=CARTESIAN_POINT('',(-0.37123176969612,0.8,-0.24514768675658));
#10482=CARTESIAN_POINT('Ctrl Pts',(-0.38411669647457,0.8,-0.1855852893845));
#10483=CARTESIAN_POINT('Ctrl Pts',(-0.376580229868306,0.8,-0.197011545206899));
#10484=CARTESIAN_POINT('Ctrl Pts',(-0.37123176969612,0.8,-0.224969405197875));
#10485=CARTESIAN_POINT('Ctrl Pts',(-0.37123176969612,0.8,-0.24514768675658));
#10486=CARTESIAN_POINT('',(-0.37123176969612,0.8,-0.433316240087152));
#10487=CARTESIAN_POINT('',(-0.37123176969612,0.8,-0.12257384337829));
#10488=CARTESIAN_POINT('',(-0.331361430230727,0.8,-0.433316240087152));
#10489=CARTESIAN_POINT('',(-0.18561588484806,0.8,-0.433316240087152));
#10490=CARTESIAN_POINT('',(-0.331361430230727,0.8,-0.246120134060614));
#10491=CARTESIAN_POINT('',(-0.331361430230727,0.8,-0.216658120043576));
#10492=CARTESIAN_POINT('Ctrl Pts',(-0.331361430230727,0.8,-0.246120134060614));
#10493=CARTESIAN_POINT('Ctrl Pts',(-0.331361430230727,0.8,-0.214758708505519));
#10494=CARTESIAN_POINT('Ctrl Pts',(-0.344003245183169,0.8,-0.170026132519956));
#10495=CARTESIAN_POINT('Ctrl Pts',(-0.360048625699729,0.8,-0.154710087481422));
#10496=CARTESIAN_POINT('',(-0.9,0.8,-1.05));
#10497=CARTESIAN_POINT('Origin',(-1.05,0.8,-1.05));
#10498=CARTESIAN_POINT('',(-0.098460300914593,0.8,-0.40949128113832));
#10499=CARTESIAN_POINT('',(-0.0376823444124704,0.8,-0.283073131613905));
#10500=CARTESIAN_POINT('Ctrl Pts',(-0.098460300914593,0.8,-0.40949128113832));
#10501=CARTESIAN_POINT('Ctrl Pts',(-0.0695299936195827,0.8,-0.390285446883649));
#10502=CARTESIAN_POINT('Ctrl Pts',(-0.0376823444124704,0.8,-0.326833260295433));
#10503=CARTESIAN_POINT('Ctrl Pts',(-0.0376823444124704,0.8,-0.283073131613905));
#10504=CARTESIAN_POINT('',(-0.09894652456661,0.8,-0.157384317567515));
#10505=CARTESIAN_POINT('Ctrl Pts',(-0.0376823444124704,0.8,-0.283073131613905));
#10506=CARTESIAN_POINT('Ctrl Pts',(-0.0376823444124704,0.8,-0.24198723301847));
#10507=CARTESIAN_POINT('Ctrl Pts',(-0.0709886645756336,0.8,-0.17586081634416));
#10508=CARTESIAN_POINT('Ctrl Pts',(-0.09894652456661,0.8,-0.157384317567515));
#10509=CARTESIAN_POINT('',(-0.20518639253232,0.8,-0.133316246792674));
#10510=CARTESIAN_POINT('Ctrl Pts',(-0.09894652456661,0.8,-0.157384317567515));
#10511=CARTESIAN_POINT('Ctrl Pts',(-0.121799036211408,0.8,-0.143040719833014));
#10512=CARTESIAN_POINT('Ctrl Pts',(-0.168719618631047,0.8,-0.133316246792674));
#10513=CARTESIAN_POINT('Ctrl Pts',(-0.20518639253232,0.8,-0.133316246792674));
#10514=CARTESIAN_POINT('',(-0.274230151118732,0.8,-0.133316246792674));
#10515=CARTESIAN_POINT('',(-0.10259319626616,0.8,-0.133316246792674));
#10516=CARTESIAN_POINT('',(-0.274230151118732,0.8,-0.433316240087152));
#10517=CARTESIAN_POINT('',(-0.274230151118732,0.8,-0.0666581233963372));
#10518=CARTESIAN_POINT('',(-0.205915728010346,0.8,-0.433316240087152));
#10519=CARTESIAN_POINT('',(-0.137115075559366,0.8,-0.433316240087152));
#10520=CARTESIAN_POINT('Ctrl Pts',(-0.205915728010346,0.8,-0.433316240087152));
#10521=CARTESIAN_POINT('Ctrl Pts',(-0.163614270284869,0.8,-0.433316240087152));
#10522=CARTESIAN_POINT('Ctrl Pts',(-0.115478128735187,0.8,-0.42067442513471));
#10523=CARTESIAN_POINT('Ctrl Pts',(-0.098460300914593,0.8,-0.40949128113832));
#10524=CARTESIAN_POINT('',(0.106969192062582,0.8,-0.282830019787896));
#10525=CARTESIAN_POINT('',(0.106969192062582,0.8,-0.246363245886622));
#10526=CARTESIAN_POINT('',(0.106969192062582,0.8,-0.141415009893948));
#10527=CARTESIAN_POINT('',(-0.00656403068338357,0.8,-0.246363245886622));
#10528=CARTESIAN_POINT('',(0.0534845960312908,0.8,-0.246363245886622));
#10529=CARTESIAN_POINT('',(-0.00656403068338357,0.8,-0.282830019787896));
#10530=CARTESIAN_POINT('',(-0.00656403068338357,0.8,-0.123181622943311));
#10531=CARTESIAN_POINT('',(-0.00328201534169178,0.8,-0.282830019787896));
#10532=CARTESIAN_POINT('',(0.462884905339012,0.8,-0.439394035737364));
#10533=CARTESIAN_POINT('',(0.558670964786357,0.8,-0.283316243439913));
#10534=CARTESIAN_POINT('Ctrl Pts',(0.462884905339012,0.8,-0.439394035737364));
#10535=CARTESIAN_POINT('Ctrl Pts',(0.512236606018735,0.8,-0.439394035737364));
#10536=CARTESIAN_POINT('Ctrl Pts',(0.558670964786357,0.8,-0.361598251414647));
#10537=CARTESIAN_POINT('Ctrl Pts',(0.558670964786357,0.8,-0.283316243439913));
#10538=CARTESIAN_POINT('',(0.462884905339012,0.8,-0.126995339316454));
#10539=CARTESIAN_POINT('Ctrl Pts',(0.558670964786357,0.8,-0.283316243439913));
#10540=CARTESIAN_POINT('Ctrl Pts',(0.558670964786357,0.8,-0.202603117205094));
#10541=CARTESIAN_POINT('Ctrl Pts',(0.511750382366718,0.8,-0.126995339316454));
#10542=CARTESIAN_POINT('Ctrl Pts',(0.462884905339012,0.8,-0.126995339316454));
#10543=CARTESIAN_POINT('',(0.366855734065658,0.8,-0.283073131613905));
#10544=CARTESIAN_POINT('Ctrl Pts',(0.462884905339012,0.8,-0.126995339316454));
#10545=CARTESIAN_POINT('Ctrl Pts',(0.41329009283328,0.8,-0.126995339316454));
#10546=CARTESIAN_POINT('Ctrl Pts',(0.366855734065658,0.8,-0.204061788161145));
#10547=CARTESIAN_POINT('Ctrl Pts',(0.366855734065658,0.8,-0.283073131613905));
#10548=CARTESIAN_POINT('Ctrl Pts',(0.366855734065658,0.8,-0.283073131613905));
#10549=CARTESIAN_POINT('Ctrl Pts',(0.366855734065658,0.8,-0.36427248150074));
#10550=CARTESIAN_POINT('Ctrl Pts',(0.413776316485297,0.8,-0.439394035737364));
#10551=CARTESIAN_POINT('Ctrl Pts',(0.462884905339012,0.8,-0.439394035737364));
#10552=CARTESIAN_POINT('',(-0.774189647456187,0.8,0.397821914712556));
#10553=CARTESIAN_POINT('',(-0.774189647456187,0.8,0.434045576787821));
#10554=CARTESIAN_POINT('',(-0.774189647456187,0.8,0.198910957356278));
#10555=CARTESIAN_POINT('',(-0.820867118049817,0.8,0.439637148786016));
#10556=CARTESIAN_POINT('Origin',(-0.799816087073566,0.8,0.412952753492263));
#10557=CARTESIAN_POINT('',(-0.898662902372535,0.8,0.366946712809477));
#10558=CARTESIAN_POINT('Ctrl Pts',(-0.820867118049817,0.8,0.439637148786016));
#10559=CARTESIAN_POINT('Ctrl Pts',(-0.854659661864998,0.8,0.439637148786016));
#10560=CARTESIAN_POINT('Ctrl Pts',(-0.896718007764467,0.8,0.4019548157547));
#10561=CARTESIAN_POINT('Ctrl Pts',(-0.898662902372535,0.8,0.366946712809477));
#10562=CARTESIAN_POINT('',(-0.907901151760857,0.8,0.366946712809477));
#10563=CARTESIAN_POINT('',(-0.449331451186267,0.8,0.366946712809477));
#10564=CARTESIAN_POINT('',(-1.00465965851224,0.8,0.326103926040051));
#10565=CARTESIAN_POINT('Origin',(-0.730389493223441,0.8,-0.0105829495968004));
#10566=CARTESIAN_POINT('',(-1.04039709693548,0.8,0.210868920512026));
#10567=CARTESIAN_POINT('Ctrl Pts',(-1.00465965851224,0.8,0.326103926040051));
#10568=CARTESIAN_POINT('Ctrl Pts',(-1.02192059815884,0.8,0.306168756307355));
#10569=CARTESIAN_POINT('Ctrl Pts',(-1.04039709693548,0.8,0.247821918065317));
#10570=CARTESIAN_POINT('Ctrl Pts',(-1.04039709693548,0.8,0.210868920512026));
#10571=CARTESIAN_POINT('',(-1.00441654668623,0.8,0.0951476913319847));
#10572=CARTESIAN_POINT('Ctrl Pts',(-1.04039709693548,0.8,0.210868920512026));
#10573=CARTESIAN_POINT('Ctrl Pts',(-1.04039709693548,0.8,0.172943475654702));
#10574=CARTESIAN_POINT('Ctrl Pts',(-1.02167748633283,0.8,0.115569084716698));
#10575=CARTESIAN_POINT('Ctrl Pts',(-1.00441654668623,0.8,0.0951476913319847));
#10576=CARTESIAN_POINT('',(-0.907901151760857,0.8,0.0543049045625582));
#10577=CARTESIAN_POINT('Origin',(-0.768987220015755,0.8,0.372420405115733));
#10578=CARTESIAN_POINT('',(-0.811142645009478,0.8,0.0951476913319847));
#10579=CARTESIAN_POINT('Ctrl Pts',(-0.907901151760857,0.8,0.0543049045625582));
#10580=CARTESIAN_POINT('Ctrl Pts',(-0.877269061683787,0.8,0.0543049045625582));
#10581=CARTESIAN_POINT('Ctrl Pts',(-0.828160472830072,0.8,0.0756987452513054));
#10582=CARTESIAN_POINT('Ctrl Pts',(-0.811142645009478,0.8,0.0951476913319847));
#10583=CARTESIAN_POINT('',(-0.775162094760221,0.8,0.210868920512026));
#10584=CARTESIAN_POINT('Ctrl Pts',(-0.811142645009478,0.8,0.0951476913319847));
#10585=CARTESIAN_POINT('Ctrl Pts',(-0.794124817188884,0.8,0.114839749238672));
#10586=CARTESIAN_POINT('Ctrl Pts',(-0.775162094760221,0.8,0.173429699306719));
#10587=CARTESIAN_POINT('Ctrl Pts',(-0.775162094760221,0.8,0.210868920512026));
#10588=CARTESIAN_POINT('',(-0.860251233863193,0.8,0.35843779889918));
#10589=CARTESIAN_POINT('Ctrl Pts',(-0.775162094760221,0.8,0.210868920512026));
#10590=CARTESIAN_POINT('Ctrl Pts',(-0.775162094760221,0.8,0.269215758754064));
#10591=CARTESIAN_POINT('Ctrl Pts',(-0.820624006223809,0.8,0.345066648468713));
#10592=CARTESIAN_POINT('Ctrl Pts',(-0.860251233863193,0.8,0.35843779889918));
#10593=CARTESIAN_POINT('',(-0.848824978040794,0.8,0.392716566366377));
#10594=CARTESIAN_POINT('Origin',(-0.838731186228883,0.8,0.344520425727568));
#10595=CARTESIAN_POINT('',(-0.814303098747588,0.8,0.404872157666802));
#10596=CARTESIAN_POINT('Ctrl Pts',(-0.848824978040794,0.8,0.392716566366377));
#10597=CARTESIAN_POINT('Ctrl Pts',(-0.843233406042599,0.8,0.399037473842598));
#10598=CARTESIAN_POINT('Ctrl Pts',(-0.827917361004064,0.8,0.404872157666802));
#10599=CARTESIAN_POINT('Ctrl Pts',(-0.814303098747588,0.8,0.404872157666802));
#10600=CARTESIAN_POINT('',(-0.779538107628374,0.8,0.397821914712556));
#10601=CARTESIAN_POINT('Ctrl Pts',(-0.814303098747588,0.8,0.404872157666802));
#10602=CARTESIAN_POINT('Ctrl Pts',(-0.806280408489308,0.8,0.404872157666802));
#10603=CARTESIAN_POINT('Ctrl Pts',(-0.784400344148544,0.8,0.399766809320623));
#10604=CARTESIAN_POINT('Ctrl Pts',(-0.779538107628374,0.8,0.397821914712556));
#10605=CARTESIAN_POINT('',(-0.389769053814187,0.8,0.397821914712556));
#10606=CARTESIAN_POINT('',(-0.551985438484427,0.8,0.060625812038779));
#10607=CARTESIAN_POINT('',(-0.551985438484427,0.8,0.0961201386360186));
#10608=CARTESIAN_POINT('',(-0.551985438484427,0.8,0.0303129060193895));
#10609=CARTESIAN_POINT('',(-0.6915316266133,0.8,0.0961201386360186));
#10610=CARTESIAN_POINT('',(-0.275992719242213,0.8,0.0961201386360186));
#10611=CARTESIAN_POINT('',(-0.6915316266133,0.8,0.180723054086973));
#10612=CARTESIAN_POINT('',(-0.6915316266133,0.8,0.0480600693180093));
#10613=CARTESIAN_POINT('',(-0.557820122308631,0.8,0.180723054086973));
#10614=CARTESIAN_POINT('',(-0.34576581330665,0.8,0.180723054086973));
#10615=CARTESIAN_POINT('',(-0.557820122308631,0.8,0.216217380684213));
#10616=CARTESIAN_POINT('',(-0.557820122308631,0.8,0.0903615270434867));
#10617=CARTESIAN_POINT('',(-0.6915316266133,0.8,0.216217380684213));
#10618=CARTESIAN_POINT('',(-0.278910061154315,0.8,0.216217380684213));
#10619=CARTESIAN_POINT('',(-0.6915316266133,0.8,0.360625805333256));
#10620=CARTESIAN_POINT('',(-0.6915316266133,0.8,0.108108690342106));
#10621=CARTESIAN_POINT('',(-0.731401966078693,0.8,0.360625805333256));
#10622=CARTESIAN_POINT('',(-0.34576581330665,0.8,0.360625805333256));
#10623=CARTESIAN_POINT('',(-0.731401966078693,0.8,0.060625812038779));
#10624=CARTESIAN_POINT('',(-0.731401966078693,0.8,0.180312902666628));
#10625=CARTESIAN_POINT('',(-0.365700983039346,0.8,0.060625812038779));
#10626=CARTESIAN_POINT('',(-0.139424669748018,0.8,0.211112032338035));
#10627=CARTESIAN_POINT('',(-0.139424669748018,0.8,0.247578806239308));
#10628=CARTESIAN_POINT('',(-0.139424669748018,0.8,0.105556016169017));
#10629=CARTESIAN_POINT('',(-0.252957892493983,0.8,0.247578806239308));
#10630=CARTESIAN_POINT('',(-0.0697123348740091,0.8,0.247578806239308));
#10631=CARTESIAN_POINT('',(-0.252957892493983,0.8,0.211112032338035));
#10632=CARTESIAN_POINT('',(-0.252957892493983,0.8,0.123789403119654));
#10633=CARTESIAN_POINT('',(-0.126478946246992,0.8,0.211112032338035));
#10634=CARTESIAN_POINT('',(0.216491043528412,0.8,0.0545480163885667));
#10635=CARTESIAN_POINT('',(0.312277102975758,0.8,0.210625808686018));
#10636=CARTESIAN_POINT('Ctrl Pts',(0.216491043528412,0.8,0.0545480163885667));
#10637=CARTESIAN_POINT('Ctrl Pts',(0.265842744208136,0.8,0.0545480163885667));
#10638=CARTESIAN_POINT('Ctrl Pts',(0.312277102975758,0.8,0.132343800711284));
#10639=CARTESIAN_POINT('Ctrl Pts',(0.312277102975758,0.8,0.210625808686018));
#10640=CARTESIAN_POINT('',(0.216491043528412,0.8,0.366946712809477));
#10641=CARTESIAN_POINT('Ctrl Pts',(0.312277102975758,0.8,0.210625808686018));
#10642=CARTESIAN_POINT('Ctrl Pts',(0.312277102975758,0.8,0.291338934920837));
#10643=CARTESIAN_POINT('Ctrl Pts',(0.265356520556119,0.8,0.366946712809477));
#10644=CARTESIAN_POINT('Ctrl Pts',(0.216491043528412,0.8,0.366946712809477));
#10645=CARTESIAN_POINT('',(0.120461872255058,0.8,0.210868920512026));
#10646=CARTESIAN_POINT('Ctrl Pts',(0.216491043528412,0.8,0.366946712809477));
#10647=CARTESIAN_POINT('Ctrl Pts',(0.16689623102268,0.8,0.366946712809477));
#10648=CARTESIAN_POINT('Ctrl Pts',(0.120461872255058,0.8,0.289880263964786));
#10649=CARTESIAN_POINT('Ctrl Pts',(0.120461872255058,0.8,0.210868920512026));
#10650=CARTESIAN_POINT('Ctrl Pts',(0.120461872255058,0.8,0.210868920512026));
#10651=CARTESIAN_POINT('Ctrl Pts',(0.120461872255058,0.8,0.12966957062519));
#10652=CARTESIAN_POINT('Ctrl Pts',(0.167382454674697,0.8,0.0545480163885667));
#10653=CARTESIAN_POINT('Ctrl Pts',(0.216491043528412,0.8,0.0545480163885667));
#10654=CARTESIAN_POINT('',(0.460575316840937,0.8,0.211112032338035));
#10655=CARTESIAN_POINT('',(0.460575316840937,0.8,0.247578806239308));
#10656=CARTESIAN_POINT('',(0.460575316840937,0.8,0.105556016169017));
#10657=CARTESIAN_POINT('',(0.347042094094972,0.8,0.247578806239308));
#10658=CARTESIAN_POINT('',(0.230287658420468,0.8,0.247578806239308));
#10659=CARTESIAN_POINT('',(0.347042094094972,0.8,0.211112032338035));
#10660=CARTESIAN_POINT('',(0.347042094094972,0.8,0.123789403119654));
#10661=CARTESIAN_POINT('',(0.173521047047486,0.8,0.211112032338035));
#10662=CARTESIAN_POINT('',(1.0435574756093,0.8,0.225212518246527));
#10663=CARTESIAN_POINT('',(1.0435574756093,0.8,0.257546391105656));
#10664=CARTESIAN_POINT('',(1.0435574756093,0.8,0.112606259123264));
#10665=CARTESIAN_POINT('',(1.00782003718605,0.8,0.257546391105656));
#10666=CARTESIAN_POINT('',(0.521778737804649,0.8,0.257546391105656));
#10667=CARTESIAN_POINT('',(1.00782003718605,0.8,0.360625805333256));
#10668=CARTESIAN_POINT('',(1.00782003718605,0.8,0.128773195552828));
#10669=CARTESIAN_POINT('',(0.969165256850699,0.8,0.360625805333256));
#10670=CARTESIAN_POINT('',(0.503910018593025,0.8,0.360625805333256));
#10671=CARTESIAN_POINT('',(0.969165256850699,0.8,0.257546391105656));
#10672=CARTESIAN_POINT('',(0.969165256850699,0.8,0.180312902666628));
#10673=CARTESIAN_POINT('',(0.836669311676072,0.8,0.257546391105656));
#10674=CARTESIAN_POINT('',(0.48458262842535,0.8,0.257546391105656));
#10675=CARTESIAN_POINT('',(0.836669311676072,0.8,0.215244933380179));
#10676=CARTESIAN_POINT('',(0.836669311676072,0.8,0.128773195552828));
#10677=CARTESIAN_POINT('',(0.970867039632759,0.8,0.060625812038779));
#10678=CARTESIAN_POINT('',(0.710209909044022,0.8,0.360948158151889));
#10679=CARTESIAN_POINT('',(1.00782003718605,0.8,0.060625812038779));
#10680=CARTESIAN_POINT('',(0.485433519816379,0.8,0.060625812038779));
#10681=CARTESIAN_POINT('',(1.00782003718605,0.8,0.225212518246527));
#10682=CARTESIAN_POINT('',(1.00782003718605,0.8,0.0303129060193895));
#10683=CARTESIAN_POINT('',(0.503910018593025,0.8,0.225212518246527));
#10684=CARTESIAN_POINT('Origin',(0.868273849057176,0.8,0.225212518246527));
#10685=CARTESIAN_POINT('',(0.969165256850699,0.8,0.108032618110435));
#10686=CARTESIAN_POINT('',(0.868273849057176,0.8,0.225212518246527));
#10687=CARTESIAN_POINT('',(0.739131021329238,0.8,0.375204910932952));
#10688=CARTESIAN_POINT('',(0.969165256850699,0.799,0.108032618110435));
#10689=CARTESIAN_POINT('',(0.969165256850699,0.8,0.108032618110435));
#10690=CARTESIAN_POINT('',(0.868273849057176,0.799,0.225212518246527));
#10691=CARTESIAN_POINT('',(0.889846949129447,0.799,0.200156532138491));
#10692=CARTESIAN_POINT('',(0.868273849057176,0.8,0.225212518246527));
#10693=CARTESIAN_POINT('Origin',(0.969165256850699,0.8,0.225212518246527));
#10694=CARTESIAN_POINT('',(0.969165256850699,0.8,0.225212518246527));
#10695=CARTESIAN_POINT('',(0.48458262842535,0.8,0.225212518246527));
#10696=CARTESIAN_POINT('',(0.969165256850699,0.799,0.225212518246527));
#10697=CARTESIAN_POINT('',(0.964063220346152,0.799,0.225212518246527));
#10698=CARTESIAN_POINT('',(0.969165256850699,0.8,0.225212518246527));
#10699=CARTESIAN_POINT('Origin',(0.969165256850699,0.8,0.108032618110435));
#10700=CARTESIAN_POINT('',(0.969165256850699,0.8,0.0540163090552173));
#10701=CARTESIAN_POINT('',(0.969165256850699,0.799,0.162032941899856));
#10702=CARTESIAN_POINT('Origin',(1.0435574756093,0.8,0.225212518246527));
#10703=CARTESIAN_POINT('',(1.0435574756093,0.799,0.225212518246527));
#10704=CARTESIAN_POINT('',(1.0435574756093,0.8,0.225212518246527));
#10705=CARTESIAN_POINT('',(1.0435574756093,0.799,0.257546391105656));
#10706=CARTESIAN_POINT('',(1.0435574756093,0.799,0.225212518246527));
#10707=CARTESIAN_POINT('',(1.0435574756093,0.8,0.257546391105656));
#10708=CARTESIAN_POINT('Origin',(1.00782003718605,0.8,0.225212518246527));
#10709=CARTESIAN_POINT('',(1.00782003718605,0.799,0.225212518246527));
#10710=CARTESIAN_POINT('',(1.00782003718605,0.8,0.225212518246527));
#10711=CARTESIAN_POINT('',(1.00782003718605,0.799,0.225212518246527));
#10712=CARTESIAN_POINT('Origin',(1.00782003718605,0.8,0.060625812038779));
#10713=CARTESIAN_POINT('',(1.00782003718605,0.799,0.060625812038779));
#10714=CARTESIAN_POINT('',(1.00782003718605,0.8,0.060625812038779));
#10715=CARTESIAN_POINT('',(1.00782003718605,0.799,0.060625812038779));
#10716=CARTESIAN_POINT('Origin',(0.970867039632759,0.8,0.060625812038779));
#10717=CARTESIAN_POINT('',(0.970867039632759,0.799,0.060625812038779));
#10718=CARTESIAN_POINT('',(0.970867039632759,0.8,0.060625812038779));
#10719=CARTESIAN_POINT('',(0.970867039632759,0.799,0.060625812038779));
#10720=CARTESIAN_POINT('Origin',(0.836669311676072,0.8,0.215244933380179));
#10721=CARTESIAN_POINT('',(0.836669311676072,0.799,0.215244933380179));
#10722=CARTESIAN_POINT('',(0.836669311676072,0.8,0.215244933380179));
#10723=CARTESIAN_POINT('',(0.836669311676072,0.799,0.215244933380179));
#10724=CARTESIAN_POINT('Origin',(0.836669311676072,0.8,0.257546391105656));
#10725=CARTESIAN_POINT('',(0.836669311676072,0.799,0.257546391105656));
#10726=CARTESIAN_POINT('',(0.836669311676072,0.8,0.257546391105656));
#10727=CARTESIAN_POINT('',(0.836669311676072,0.799,0.257546391105656));
#10728=CARTESIAN_POINT('Origin',(0.969165256850699,0.8,0.257546391105656));
#10729=CARTESIAN_POINT('',(0.969165256850699,0.799,0.257546391105656));
#10730=CARTESIAN_POINT('',(0.969165256850699,0.8,0.257546391105656));
#10731=CARTESIAN_POINT('',(0.969165256850699,0.799,0.257546391105656));
#10732=CARTESIAN_POINT('Origin',(0.969165256850699,0.8,0.360625805333256));
#10733=CARTESIAN_POINT('',(0.969165256850699,0.799,0.360625805333256));
#10734=CARTESIAN_POINT('',(0.969165256850699,0.8,0.360625805333256));
#10735=CARTESIAN_POINT('',(0.969165256850699,0.799,0.360625805333256));
#10736=CARTESIAN_POINT('Origin',(1.00782003718605,0.8,0.360625805333256));
#10737=CARTESIAN_POINT('',(1.00782003718605,0.799,0.360625805333256));
#10738=CARTESIAN_POINT('',(1.00782003718605,0.8,0.360625805333256));
#10739=CARTESIAN_POINT('',(1.00782003718605,0.799,0.360625805333256));
#10740=CARTESIAN_POINT('Origin',(1.00782003718605,0.8,0.257546391105656));
#10741=CARTESIAN_POINT('',(1.00782003718605,0.799,0.257546391105656));
#10742=CARTESIAN_POINT('',(1.00782003718605,0.8,0.257546391105656));
#10743=CARTESIAN_POINT('',(1.00782003718605,0.799,0.257546391105656));
#10744=CARTESIAN_POINT('Origin',(1.0435574756093,0.8,0.257546391105656));
#10745=CARTESIAN_POINT('',(1.0435574756093,0.799,0.257546391105656));
#10746=CARTESIAN_POINT('Origin',(0.958961183841605,0.799,0.216033265689278));
#10747=CARTESIAN_POINT('Origin',(0.460575316840937,0.8,0.211112032338035));
#10748=CARTESIAN_POINT('',(0.460575316840937,0.799,0.211112032338035));
#10749=CARTESIAN_POINT('',(0.460575316840937,0.8,0.211112032338035));
#10750=CARTESIAN_POINT('',(0.460575316840937,0.799,0.247578806239308));
#10751=CARTESIAN_POINT('',(0.460575316840937,0.799,0.211112032338035));
#10752=CARTESIAN_POINT('',(0.460575316840937,0.8,0.247578806239308));
#10753=CARTESIAN_POINT('Origin',(0.347042094094972,0.8,0.211112032338035));
#10754=CARTESIAN_POINT('',(0.347042094094972,0.799,0.211112032338035));
#10755=CARTESIAN_POINT('',(0.347042094094972,0.8,0.211112032338035));
#10756=CARTESIAN_POINT('',(0.347042094094972,0.799,0.211112032338035));
#10757=CARTESIAN_POINT('Origin',(0.347042094094972,0.8,0.247578806239308));
#10758=CARTESIAN_POINT('',(0.347042094094972,0.799,0.247578806239308));
#10759=CARTESIAN_POINT('',(0.347042094094972,0.8,0.247578806239308));
#10760=CARTESIAN_POINT('',(0.347042094094972,0.799,0.247578806239308));
#10761=CARTESIAN_POINT('Origin',(0.460575316840937,0.8,0.247578806239308));
#10762=CARTESIAN_POINT('',(0.460575316840937,0.799,0.247578806239308));
#10763=CARTESIAN_POINT('Origin',(0.403808705467954,0.799,0.229345419288672));
#10764=CARTESIAN_POINT('Ctrl Pts',(0.260494284035949,0.8,0.118972650280817));
#10765=CARTESIAN_POINT('Ctrl Pts',(0.260494284035949,0.799,0.118972650280817));
#10766=CARTESIAN_POINT('Ctrl Pts',(0.266572079686161,0.8,0.134288695319352));
#10767=CARTESIAN_POINT('Ctrl Pts',(0.266572079686161,0.799,0.134288695319352));
#10768=CARTESIAN_POINT('Ctrl Pts',(0.271434316206331,0.8,0.179750606782939));
#10769=CARTESIAN_POINT('Ctrl Pts',(0.271434316206331,0.799,0.179750606782939));
#10770=CARTESIAN_POINT('Ctrl Pts',(0.271434316206331,0.8,0.210625808686018));
#10771=CARTESIAN_POINT('Ctrl Pts',(0.271434316206331,0.799,0.210625808686018));
#10772=CARTESIAN_POINT('',(0.271434316206331,0.8,0.210625808686018));
#10773=CARTESIAN_POINT('',(0.260494284035949,0.8,0.118972650280817));
#10774=CARTESIAN_POINT('Ctrl Pts',(0.271434316206331,0.8,0.210625808686018));
#10775=CARTESIAN_POINT('Ctrl Pts',(0.271434316206331,0.8,0.179750606782939));
#10776=CARTESIAN_POINT('Ctrl Pts',(0.266572079686161,0.8,0.134288695319352));
#10777=CARTESIAN_POINT('Ctrl Pts',(0.260494284035949,0.8,0.118972650280817));
#10778=CARTESIAN_POINT('',(0.271434316206331,0.799,0.210625808686018));
#10779=CARTESIAN_POINT('',(0.271434316206331,0.8,0.210625808686018));
#10780=CARTESIAN_POINT('',(0.260494284035949,0.799,0.118972650280817));
#10781=CARTESIAN_POINT('Ctrl Pts',(0.271434316206331,0.799,0.210625808686018));
#10782=CARTESIAN_POINT('Ctrl Pts',(0.271434316206331,0.799,0.179750606782939));
#10783=CARTESIAN_POINT('Ctrl Pts',(0.266572079686161,0.799,0.134288695319352));
#10784=CARTESIAN_POINT('Ctrl Pts',(0.260494284035949,0.799,0.118972650280817));
#10785=CARTESIAN_POINT('',(0.260494284035949,0.8,0.118972650280817));
#10786=CARTESIAN_POINT('Ctrl Pts',(0.216491043528412,0.8,0.0878543365517299));
#10787=CARTESIAN_POINT('Ctrl Pts',(0.216491043528412,0.799,0.0878543365517299));
#10788=CARTESIAN_POINT('Ctrl Pts',(0.233265759522998,0.8,0.0878543365517299));
#10789=CARTESIAN_POINT('Ctrl Pts',(0.233265759522998,0.799,0.0878543365517299));
#10790=CARTESIAN_POINT('Ctrl Pts',(0.254416488385737,0.8,0.103656605242282));
#10791=CARTESIAN_POINT('Ctrl Pts',(0.254416488385737,0.799,0.103656605242282));
#10792=CARTESIAN_POINT('Ctrl Pts',(0.260494284035949,0.8,0.118972650280817));
#10793=CARTESIAN_POINT('Ctrl Pts',(0.260494284035949,0.799,0.118972650280817));
#10794=CARTESIAN_POINT('',(0.216491043528412,0.8,0.0878543365517299));
#10795=CARTESIAN_POINT('Ctrl Pts',(0.260494284035949,0.8,0.118972650280817));
#10796=CARTESIAN_POINT('Ctrl Pts',(0.254416488385737,0.8,0.103656605242282));
#10797=CARTESIAN_POINT('Ctrl Pts',(0.233265759522998,0.8,0.0878543365517299));
#10798=CARTESIAN_POINT('Ctrl Pts',(0.216491043528412,0.8,0.0878543365517299));
#10799=CARTESIAN_POINT('',(0.216491043528412,0.799,0.0878543365517299));
#10800=CARTESIAN_POINT('Ctrl Pts',(0.260494284035949,0.799,0.118972650280817));
#10801=CARTESIAN_POINT('Ctrl Pts',(0.254416488385737,0.799,0.103656605242282));
#10802=CARTESIAN_POINT('Ctrl Pts',(0.233265759522998,0.799,0.0878543365517299));
#10803=CARTESIAN_POINT('Ctrl Pts',(0.216491043528412,0.799,0.0878543365517299));
#10804=CARTESIAN_POINT('',(0.216491043528412,0.8,0.0878543365517299));
#10805=CARTESIAN_POINT('Ctrl Pts',(0.17175846754285,0.8,0.119458873932834));
#10806=CARTESIAN_POINT('Ctrl Pts',(0.17175846754285,0.799,0.119458873932834));
#10807=CARTESIAN_POINT('Ctrl Pts',(0.178079375019071,0.8,0.103656605242282));
#10808=CARTESIAN_POINT('Ctrl Pts',(0.178079375019071,0.799,0.103656605242282));
#10809=CARTESIAN_POINT('Ctrl Pts',(0.199716327533826,0.8,0.0878543365517299));
#10810=CARTESIAN_POINT('Ctrl Pts',(0.199716327533826,0.799,0.0878543365517299));
#10811=CARTESIAN_POINT('Ctrl Pts',(0.216491043528412,0.8,0.0878543365517299));
#10812=CARTESIAN_POINT('Ctrl Pts',(0.216491043528412,0.799,0.0878543365517299));
#10813=CARTESIAN_POINT('',(0.17175846754285,0.8,0.119458873932834));
#10814=CARTESIAN_POINT('Ctrl Pts',(0.216491043528412,0.8,0.0878543365517299));
#10815=CARTESIAN_POINT('Ctrl Pts',(0.199716327533826,0.8,0.0878543365517299));
#10816=CARTESIAN_POINT('Ctrl Pts',(0.178079375019071,0.8,0.103656605242282));
#10817=CARTESIAN_POINT('Ctrl Pts',(0.17175846754285,0.8,0.119458873932834));
#10818=CARTESIAN_POINT('',(0.17175846754285,0.799,0.119458873932834));
#10819=CARTESIAN_POINT('Ctrl Pts',(0.216491043528412,0.799,0.0878543365517299));
#10820=CARTESIAN_POINT('Ctrl Pts',(0.199716327533826,0.799,0.0878543365517299));
#10821=CARTESIAN_POINT('Ctrl Pts',(0.178079375019071,0.799,0.103656605242282));
#10822=CARTESIAN_POINT('Ctrl Pts',(0.17175846754285,0.799,0.119458873932834));
#10823=CARTESIAN_POINT('',(0.17175846754285,0.8,0.119458873932834));
#10824=CARTESIAN_POINT('Ctrl Pts',(0.161304659024485,0.8,0.210868920512026));
#10825=CARTESIAN_POINT('Ctrl Pts',(0.161304659024485,0.799,0.210868920512026));
#10826=CARTESIAN_POINT('Ctrl Pts',(0.161304659024485,0.8,0.181452389564999));
#10827=CARTESIAN_POINT('Ctrl Pts',(0.161304659024485,0.799,0.181452389564999));
#10828=CARTESIAN_POINT('Ctrl Pts',(0.165680671892638,0.8,0.134774918971369));
#10829=CARTESIAN_POINT('Ctrl Pts',(0.165680671892638,0.799,0.134774918971369));
#10830=CARTESIAN_POINT('Ctrl Pts',(0.17175846754285,0.8,0.119458873932834));
#10831=CARTESIAN_POINT('Ctrl Pts',(0.17175846754285,0.799,0.119458873932834));
#10832=CARTESIAN_POINT('',(0.161304659024485,0.8,0.210868920512026));
#10833=CARTESIAN_POINT('Ctrl Pts',(0.17175846754285,0.8,0.119458873932834));
#10834=CARTESIAN_POINT('Ctrl Pts',(0.165680671892638,0.8,0.134774918971369));
#10835=CARTESIAN_POINT('Ctrl Pts',(0.161304659024485,0.8,0.181452389564999));
#10836=CARTESIAN_POINT('Ctrl Pts',(0.161304659024485,0.8,0.210868920512026));
#10837=CARTESIAN_POINT('',(0.161304659024485,0.799,0.210868920512026));
#10838=CARTESIAN_POINT('Ctrl Pts',(0.17175846754285,0.799,0.119458873932834));
#10839=CARTESIAN_POINT('Ctrl Pts',(0.165680671892638,0.799,0.134774918971369));
#10840=CARTESIAN_POINT('Ctrl Pts',(0.161304659024485,0.799,0.181452389564999));
#10841=CARTESIAN_POINT('Ctrl Pts',(0.161304659024485,0.799,0.210868920512026));
#10842=CARTESIAN_POINT('',(0.161304659024485,0.8,0.210868920512026));
#10843=CARTESIAN_POINT('Ctrl Pts',(0.171515355716841,0.8,0.301306519787185));
#10844=CARTESIAN_POINT('Ctrl Pts',(0.171515355716841,0.799,0.301306519787185));
#10845=CARTESIAN_POINT('Ctrl Pts',(0.165194448240621,0.8,0.284774915618607));
#10846=CARTESIAN_POINT('Ctrl Pts',(0.165194448240621,0.799,0.284774915618607));
#10847=CARTESIAN_POINT('Ctrl Pts',(0.161304659024485,0.8,0.24247345789313));
#10848=CARTESIAN_POINT('Ctrl Pts',(0.161304659024485,0.799,0.24247345789313));
#10849=CARTESIAN_POINT('Ctrl Pts',(0.161304659024485,0.8,0.210868920512026));
#10850=CARTESIAN_POINT('Ctrl Pts',(0.161304659024485,0.799,0.210868920512026));
#10851=CARTESIAN_POINT('',(0.171515355716841,0.8,0.301306519787185));
#10852=CARTESIAN_POINT('Ctrl Pts',(0.161304659024485,0.8,0.210868920512026));
#10853=CARTESIAN_POINT('Ctrl Pts',(0.161304659024485,0.8,0.24247345789313));
#10854=CARTESIAN_POINT('Ctrl Pts',(0.165194448240621,0.8,0.284774915618607));
#10855=CARTESIAN_POINT('Ctrl Pts',(0.171515355716841,0.8,0.301306519787185));
#10856=CARTESIAN_POINT('',(0.171515355716841,0.799,0.301306519787185));
#10857=CARTESIAN_POINT('Ctrl Pts',(0.161304659024485,0.799,0.210868920512026));
#10858=CARTESIAN_POINT('Ctrl Pts',(0.161304659024485,0.799,0.24247345789313));
#10859=CARTESIAN_POINT('Ctrl Pts',(0.165194448240621,0.799,0.284774915618607));
#10860=CARTESIAN_POINT('Ctrl Pts',(0.171515355716841,0.799,0.301306519787185));
#10861=CARTESIAN_POINT('',(0.171515355716841,0.8,0.301306519787185));
#10862=CARTESIAN_POINT('Ctrl Pts',(0.216491043528412,0.8,0.333640392646314));
#10863=CARTESIAN_POINT('Ctrl Pts',(0.216491043528412,0.799,0.333640392646314));
#10864=CARTESIAN_POINT('Ctrl Pts',(0.198986992055801,0.8,0.333640392646314));
#10865=CARTESIAN_POINT('Ctrl Pts',(0.198986992055801,0.799,0.333640392646314));
#10866=CARTESIAN_POINT('Ctrl Pts',(0.177350039541045,0.8,0.316865676651728));
#10867=CARTESIAN_POINT('Ctrl Pts',(0.177350039541045,0.799,0.316865676651728));
#10868=CARTESIAN_POINT('Ctrl Pts',(0.171515355716841,0.8,0.301306519787185));
#10869=CARTESIAN_POINT('Ctrl Pts',(0.171515355716841,0.799,0.301306519787185));
#10870=CARTESIAN_POINT('',(0.216491043528412,0.8,0.333640392646314));
#10871=CARTESIAN_POINT('Ctrl Pts',(0.171515355716841,0.8,0.301306519787185));
#10872=CARTESIAN_POINT('Ctrl Pts',(0.177350039541045,0.8,0.316865676651728));
#10873=CARTESIAN_POINT('Ctrl Pts',(0.198986992055801,0.8,0.333640392646314));
#10874=CARTESIAN_POINT('Ctrl Pts',(0.216491043528412,0.8,0.333640392646314));
#10875=CARTESIAN_POINT('',(0.216491043528412,0.799,0.333640392646314));
#10876=CARTESIAN_POINT('Ctrl Pts',(0.171515355716841,0.799,0.301306519787185));
#10877=CARTESIAN_POINT('Ctrl Pts',(0.177350039541045,0.799,0.316865676651728));
#10878=CARTESIAN_POINT('Ctrl Pts',(0.198986992055801,0.799,0.333640392646314));
#10879=CARTESIAN_POINT('Ctrl Pts',(0.216491043528412,0.799,0.333640392646314));
#10880=CARTESIAN_POINT('',(0.216491043528412,0.8,0.333640392646314));
#10881=CARTESIAN_POINT('Ctrl Pts',(0.260737395861957,0.8,0.30203585526521));
#10882=CARTESIAN_POINT('Ctrl Pts',(0.260737395861957,0.799,0.30203585526521));
#10883=CARTESIAN_POINT('Ctrl Pts',(0.254659600211745,0.8,0.317838123955762));
#10884=CARTESIAN_POINT('Ctrl Pts',(0.254659600211745,0.799,0.317838123955762));
#10885=CARTESIAN_POINT('Ctrl Pts',(0.233022647696989,0.8,0.333640392646314));
#10886=CARTESIAN_POINT('Ctrl Pts',(0.233022647696989,0.799,0.333640392646314));
#10887=CARTESIAN_POINT('Ctrl Pts',(0.216491043528412,0.8,0.333640392646314));
#10888=CARTESIAN_POINT('Ctrl Pts',(0.216491043528412,0.799,0.333640392646314));
#10889=CARTESIAN_POINT('',(0.260737395861957,0.8,0.30203585526521));
#10890=CARTESIAN_POINT('Ctrl Pts',(0.216491043528412,0.8,0.333640392646314));
#10891=CARTESIAN_POINT('Ctrl Pts',(0.233022647696989,0.8,0.333640392646314));
#10892=CARTESIAN_POINT('Ctrl Pts',(0.254659600211745,0.8,0.317838123955762));
#10893=CARTESIAN_POINT('Ctrl Pts',(0.260737395861957,0.8,0.30203585526521));
#10894=CARTESIAN_POINT('',(0.260737395861957,0.799,0.30203585526521));
#10895=CARTESIAN_POINT('Ctrl Pts',(0.216491043528412,0.799,0.333640392646314));
#10896=CARTESIAN_POINT('Ctrl Pts',(0.233022647696989,0.799,0.333640392646314));
#10897=CARTESIAN_POINT('Ctrl Pts',(0.254659600211745,0.799,0.317838123955762));
#10898=CARTESIAN_POINT('Ctrl Pts',(0.260737395861957,0.799,0.30203585526521));
#10899=CARTESIAN_POINT('',(0.260737395861957,0.8,0.30203585526521));
#10900=CARTESIAN_POINT('Ctrl Pts',(0.271434316206331,0.8,0.210625808686018));
#10901=CARTESIAN_POINT('Ctrl Pts',(0.271434316206331,0.799,0.210625808686018));
#10902=CARTESIAN_POINT('Ctrl Pts',(0.271434316206331,0.8,0.241501010589096));
#10903=CARTESIAN_POINT('Ctrl Pts',(0.271434316206331,0.799,0.241501010589096));
#10904=CARTESIAN_POINT('Ctrl Pts',(0.266572079686161,0.8,0.287206033878692));
#10905=CARTESIAN_POINT('Ctrl Pts',(0.266572079686161,0.799,0.287206033878692));
#10906=CARTESIAN_POINT('Ctrl Pts',(0.260737395861957,0.8,0.30203585526521));
#10907=CARTESIAN_POINT('Ctrl Pts',(0.260737395861957,0.799,0.30203585526521));
#10908=CARTESIAN_POINT('Ctrl Pts',(0.260737395861957,0.8,0.30203585526521));
#10909=CARTESIAN_POINT('Ctrl Pts',(0.266572079686161,0.8,0.287206033878692));
#10910=CARTESIAN_POINT('Ctrl Pts',(0.271434316206331,0.8,0.241501010589096));
#10911=CARTESIAN_POINT('Ctrl Pts',(0.271434316206331,0.8,0.210625808686018));
#10912=CARTESIAN_POINT('Ctrl Pts',(0.260737395861957,0.799,0.30203585526521));
#10913=CARTESIAN_POINT('Ctrl Pts',(0.266572079686161,0.799,0.287206033878692));
#10914=CARTESIAN_POINT('Ctrl Pts',(0.271434316206331,0.799,0.241501010589096));
#10915=CARTESIAN_POINT('Ctrl Pts',(0.271434316206331,0.799,0.210625808686018));
#10916=CARTESIAN_POINT('Ctrl Pts',(0.216491043528412,0.8,0.0545480163885667));
#10917=CARTESIAN_POINT('Ctrl Pts',(0.216491043528412,0.799,0.0545480163885667));
#10918=CARTESIAN_POINT('Ctrl Pts',(0.265842744208136,0.8,0.0545480163885667));
#10919=CARTESIAN_POINT('Ctrl Pts',(0.265842744208136,0.799,0.0545480163885667));
#10920=CARTESIAN_POINT('Ctrl Pts',(0.312277102975758,0.8,0.132343800711284));
#10921=CARTESIAN_POINT('Ctrl Pts',(0.312277102975758,0.799,0.132343800711284));
#10922=CARTESIAN_POINT('Ctrl Pts',(0.312277102975758,0.8,0.210625808686018));
#10923=CARTESIAN_POINT('Ctrl Pts',(0.312277102975758,0.799,0.210625808686018));
#10924=CARTESIAN_POINT('',(0.216491043528412,0.799,0.0545480163885667));
#10925=CARTESIAN_POINT('',(0.216491043528412,0.8,0.0545480163885667));
#10926=CARTESIAN_POINT('',(0.312277102975758,0.799,0.210625808686018));
#10927=CARTESIAN_POINT('Ctrl Pts',(0.216491043528412,0.799,0.0545480163885667));
#10928=CARTESIAN_POINT('Ctrl Pts',(0.265842744208136,0.799,0.0545480163885667));
#10929=CARTESIAN_POINT('Ctrl Pts',(0.312277102975758,0.799,0.132343800711284));
#10930=CARTESIAN_POINT('Ctrl Pts',(0.312277102975758,0.799,0.210625808686018));
#10931=CARTESIAN_POINT('',(0.312277102975758,0.8,0.210625808686018));
#10932=CARTESIAN_POINT('Ctrl Pts',(0.120461872255058,0.8,0.210868920512026));
#10933=CARTESIAN_POINT('Ctrl Pts',(0.120461872255058,0.799,0.210868920512026));
#10934=CARTESIAN_POINT('Ctrl Pts',(0.120461872255058,0.8,0.12966957062519));
#10935=CARTESIAN_POINT('Ctrl Pts',(0.120461872255058,0.799,0.12966957062519));
#10936=CARTESIAN_POINT('Ctrl Pts',(0.167382454674697,0.8,0.0545480163885667));
#10937=CARTESIAN_POINT('Ctrl Pts',(0.167382454674697,0.799,0.0545480163885667));
#10938=CARTESIAN_POINT('Ctrl Pts',(0.216491043528412,0.8,0.0545480163885667));
#10939=CARTESIAN_POINT('Ctrl Pts',(0.216491043528412,0.799,0.0545480163885667));
#10940=CARTESIAN_POINT('',(0.120461872255058,0.799,0.210868920512026));
#10941=CARTESIAN_POINT('',(0.120461872255058,0.8,0.210868920512026));
#10942=CARTESIAN_POINT('Ctrl Pts',(0.120461872255058,0.799,0.210868920512026));
#10943=CARTESIAN_POINT('Ctrl Pts',(0.120461872255058,0.799,0.12966957062519));
#10944=CARTESIAN_POINT('Ctrl Pts',(0.167382454674697,0.799,0.0545480163885667));
#10945=CARTESIAN_POINT('Ctrl Pts',(0.216491043528412,0.799,0.0545480163885667));
#10946=CARTESIAN_POINT('Ctrl Pts',(0.216491043528412,0.8,0.366946712809477));
#10947=CARTESIAN_POINT('Ctrl Pts',(0.216491043528412,0.799,0.366946712809477));
#10948=CARTESIAN_POINT('Ctrl Pts',(0.16689623102268,0.8,0.366946712809477));
#10949=CARTESIAN_POINT('Ctrl Pts',(0.16689623102268,0.799,0.366946712809477));
#10950=CARTESIAN_POINT('Ctrl Pts',(0.120461872255058,0.8,0.289880263964786));
#10951=CARTESIAN_POINT('Ctrl Pts',(0.120461872255058,0.799,0.289880263964786));
#10952=CARTESIAN_POINT('Ctrl Pts',(0.120461872255058,0.8,0.210868920512026));
#10953=CARTESIAN_POINT('Ctrl Pts',(0.120461872255058,0.799,0.210868920512026));
#10954=CARTESIAN_POINT('',(0.216491043528412,0.799,0.366946712809477));
#10955=CARTESIAN_POINT('',(0.216491043528412,0.8,0.366946712809477));
#10956=CARTESIAN_POINT('Ctrl Pts',(0.216491043528412,0.799,0.366946712809477));
#10957=CARTESIAN_POINT('Ctrl Pts',(0.16689623102268,0.799,0.366946712809477));
#10958=CARTESIAN_POINT('Ctrl Pts',(0.120461872255058,0.799,0.289880263964786));
#10959=CARTESIAN_POINT('Ctrl Pts',(0.120461872255058,0.799,0.210868920512026));
#10960=CARTESIAN_POINT('Ctrl Pts',(0.312277102975758,0.8,0.210625808686018));
#10961=CARTESIAN_POINT('Ctrl Pts',(0.312277102975758,0.799,0.210625808686018));
#10962=CARTESIAN_POINT('Ctrl Pts',(0.312277102975758,0.8,0.291338934920837));
#10963=CARTESIAN_POINT('Ctrl Pts',(0.312277102975758,0.799,0.291338934920837));
#10964=CARTESIAN_POINT('Ctrl Pts',(0.265356520556119,0.8,0.366946712809477));
#10965=CARTESIAN_POINT('Ctrl Pts',(0.265356520556119,0.799,0.366946712809477));
#10966=CARTESIAN_POINT('Ctrl Pts',(0.216491043528412,0.8,0.366946712809477));
#10967=CARTESIAN_POINT('Ctrl Pts',(0.216491043528412,0.799,0.366946712809477));
#10968=CARTESIAN_POINT('Ctrl Pts',(0.312277102975758,0.799,0.210625808686018));
#10969=CARTESIAN_POINT('Ctrl Pts',(0.312277102975758,0.799,0.291338934920837));
#10970=CARTESIAN_POINT('Ctrl Pts',(0.265356520556119,0.799,0.366946712809477));
#10971=CARTESIAN_POINT('Ctrl Pts',(0.216491043528412,0.799,0.366946712809477));
#10972=CARTESIAN_POINT('Origin',(0.216323720940516,0.799,0.210757288729106));
#10973=CARTESIAN_POINT('Origin',(-0.139424669748018,0.8,0.211112032338035));
#10974=CARTESIAN_POINT('',(-0.139424669748018,0.799,0.211112032338035));
#10975=CARTESIAN_POINT('',(-0.139424669748018,0.8,0.211112032338035));
#10976=CARTESIAN_POINT('',(-0.139424669748018,0.799,0.247578806239308));
#10977=CARTESIAN_POINT('',(-0.139424669748018,0.799,0.211112032338035));
#10978=CARTESIAN_POINT('',(-0.139424669748018,0.8,0.247578806239308));
#10979=CARTESIAN_POINT('Origin',(-0.252957892493983,0.8,0.211112032338035));
#10980=CARTESIAN_POINT('',(-0.252957892493983,0.799,0.211112032338035));
#10981=CARTESIAN_POINT('',(-0.252957892493983,0.8,0.211112032338035));
#10982=CARTESIAN_POINT('',(-0.252957892493983,0.799,0.211112032338035));
#10983=CARTESIAN_POINT('Origin',(-0.252957892493983,0.8,0.247578806239308));
#10984=CARTESIAN_POINT('',(-0.252957892493983,0.799,0.247578806239308));
#10985=CARTESIAN_POINT('',(-0.252957892493983,0.8,0.247578806239308));
#10986=CARTESIAN_POINT('',(-0.252957892493983,0.799,0.247578806239308));
#10987=CARTESIAN_POINT('Origin',(-0.139424669748018,0.8,0.247578806239308));
#10988=CARTESIAN_POINT('',(-0.139424669748018,0.799,0.247578806239308));
#10989=CARTESIAN_POINT('Origin',(-0.196191281121001,0.799,0.229345419288672));
#10990=CARTESIAN_POINT('Origin',(-0.551985438484427,0.8,0.060625812038779));
#10991=CARTESIAN_POINT('',(-0.551985438484427,0.799,0.060625812038779));
#10992=CARTESIAN_POINT('',(-0.551985438484427,0.8,0.060625812038779));
#10993=CARTESIAN_POINT('',(-0.551985438484427,0.799,0.0961201386360186));
#10994=CARTESIAN_POINT('',(-0.551985438484427,0.799,0.060625812038779));
#10995=CARTESIAN_POINT('',(-0.551985438484427,0.8,0.0961201386360186));
#10996=CARTESIAN_POINT('Origin',(-0.731401966078693,0.8,0.060625812038779));
#10997=CARTESIAN_POINT('',(-0.731401966078693,0.799,0.060625812038779));
#10998=CARTESIAN_POINT('',(-0.731401966078693,0.8,0.060625812038779));
#10999=CARTESIAN_POINT('',(-0.731401966078693,0.799,0.060625812038779));
#11000=CARTESIAN_POINT('Origin',(-0.731401966078693,0.8,0.360625805333256));
#11001=CARTESIAN_POINT('',(-0.731401966078693,0.799,0.360625805333256));
#11002=CARTESIAN_POINT('',(-0.731401966078693,0.8,0.360625805333256));
#11003=CARTESIAN_POINT('',(-0.731401966078693,0.799,0.360625805333256));
#11004=CARTESIAN_POINT('Origin',(-0.6915316266133,0.8,0.360625805333256));
#11005=CARTESIAN_POINT('',(-0.6915316266133,0.799,0.360625805333256));
#11006=CARTESIAN_POINT('',(-0.6915316266133,0.8,0.360625805333256));
#11007=CARTESIAN_POINT('',(-0.6915316266133,0.799,0.360625805333256));
#11008=CARTESIAN_POINT('Origin',(-0.6915316266133,0.8,0.216217380684213));
#11009=CARTESIAN_POINT('',(-0.6915316266133,0.799,0.216217380684213));
#11010=CARTESIAN_POINT('',(-0.6915316266133,0.8,0.216217380684213));
#11011=CARTESIAN_POINT('',(-0.6915316266133,0.799,0.216217380684213));
#11012=CARTESIAN_POINT('Origin',(-0.557820122308631,0.8,0.216217380684213));
#11013=CARTESIAN_POINT('',(-0.557820122308631,0.799,0.216217380684213));
#11014=CARTESIAN_POINT('',(-0.557820122308631,0.8,0.216217380684213));
#11015=CARTESIAN_POINT('',(-0.557820122308631,0.799,0.216217380684213));
#11016=CARTESIAN_POINT('Origin',(-0.557820122308631,0.8,0.180723054086973));
#11017=CARTESIAN_POINT('',(-0.557820122308631,0.799,0.180723054086973));
#11018=CARTESIAN_POINT('',(-0.557820122308631,0.8,0.180723054086973));
#11019=CARTESIAN_POINT('',(-0.557820122308631,0.799,0.180723054086973));
#11020=CARTESIAN_POINT('Origin',(-0.6915316266133,0.8,0.180723054086973));
#11021=CARTESIAN_POINT('',(-0.6915316266133,0.799,0.180723054086973));
#11022=CARTESIAN_POINT('',(-0.6915316266133,0.8,0.180723054086973));
#11023=CARTESIAN_POINT('',(-0.6915316266133,0.799,0.180723054086973));
#11024=CARTESIAN_POINT('Origin',(-0.6915316266133,0.8,0.0961201386360186));
#11025=CARTESIAN_POINT('',(-0.6915316266133,0.799,0.0961201386360186));
#11026=CARTESIAN_POINT('',(-0.6915316266133,0.8,0.0961201386360186));
#11027=CARTESIAN_POINT('',(-0.6915316266133,0.799,0.0961201386360186));
#11028=CARTESIAN_POINT('Origin',(-0.551985438484427,0.8,0.0961201386360186));
#11029=CARTESIAN_POINT('',(-0.551985438484427,0.799,0.0961201386360186));
#11030=CARTESIAN_POINT('Origin',(-0.664212489445136,0.799,0.177874539234257));
#11031=CARTESIAN_POINT('Ctrl Pts',(-0.907658039934849,0.8,0.0888267838557639));
#11032=CARTESIAN_POINT('Ctrl Pts',(-0.907658039934849,0.799,0.0888267838557639));
#11033=CARTESIAN_POINT('Ctrl Pts',(-0.886750422898118,0.8,0.0888267838557639));
#11034=CARTESIAN_POINT('Ctrl Pts',(-0.886750422898118,0.799,0.0888267838557639));
#11035=CARTESIAN_POINT('Ctrl Pts',(-0.853200990908947,0.8,0.104385940720307));
#11036=CARTESIAN_POINT('Ctrl Pts',(-0.853200990908947,0.799,0.104385940720307));
#11037=CARTESIAN_POINT('Ctrl Pts',(-0.841288511434531,0.8,0.119945097584851));
#11038=CARTESIAN_POINT('Ctrl Pts',(-0.841288511434531,0.799,0.119945097584851));
#11039=CARTESIAN_POINT('',(-0.841288511434531,0.8,0.119945097584851));
#11040=CARTESIAN_POINT('',(-0.907658039934849,0.8,0.0888267838557639));
#11041=CARTESIAN_POINT('Origin',(-1.07802833510668,0.8,0.438201178509626));
#11042=CARTESIAN_POINT('',(-0.841288511434531,0.799,0.119945097584851));
#11043=CARTESIAN_POINT('',(-0.841288511434531,0.8,0.119945097584851));
#11044=CARTESIAN_POINT('',(-0.907658039934849,0.799,0.0888267838557639));
#11045=CARTESIAN_POINT('Origin',(-1.07802833510668,0.799,0.438201178509626));
#11046=CARTESIAN_POINT('',(-0.907658039934849,0.8,0.0888267838557639));
#11047=CARTESIAN_POINT('Ctrl Pts',(-0.974270680261175,0.8,0.119945097584851));
#11048=CARTESIAN_POINT('Ctrl Pts',(-0.974270680261175,0.799,0.119945097584851));
#11049=CARTESIAN_POINT('Ctrl Pts',(-0.961871977134742,0.8,0.10389971706829));
#11050=CARTESIAN_POINT('Ctrl Pts',(-0.961871977134742,0.799,0.10389971706829));
#11051=CARTESIAN_POINT('Ctrl Pts',(-0.929294992449604,0.8,0.0888267838557639));
#11052=CARTESIAN_POINT('Ctrl Pts',(-0.929294992449604,0.799,0.0888267838557639));
#11053=CARTESIAN_POINT('Ctrl Pts',(-0.907658039934849,0.8,0.0888267838557639));
#11054=CARTESIAN_POINT('Ctrl Pts',(-0.907658039934849,0.799,0.0888267838557639));
#11055=CARTESIAN_POINT('',(-0.974270680261175,0.8,0.119945097584851));
#11056=CARTESIAN_POINT('Ctrl Pts',(-0.907658039934849,0.8,0.0888267838557639));
#11057=CARTESIAN_POINT('Ctrl Pts',(-0.929294992449604,0.8,0.0888267838557639));
#11058=CARTESIAN_POINT('Ctrl Pts',(-0.961871977134742,0.8,0.10389971706829));
#11059=CARTESIAN_POINT('Ctrl Pts',(-0.974270680261175,0.8,0.119945097584851));
#11060=CARTESIAN_POINT('',(-0.974270680261175,0.799,0.119945097584851));
#11061=CARTESIAN_POINT('Ctrl Pts',(-0.907658039934849,0.799,0.0888267838557639));
#11062=CARTESIAN_POINT('Ctrl Pts',(-0.929294992449604,0.799,0.0888267838557639));
#11063=CARTESIAN_POINT('Ctrl Pts',(-0.961871977134742,0.799,0.10389971706829));
#11064=CARTESIAN_POINT('Ctrl Pts',(-0.974270680261175,0.799,0.119945097584851));
#11065=CARTESIAN_POINT('',(-0.974270680261175,0.8,0.119945097584851));
#11066=CARTESIAN_POINT('Ctrl Pts',(-0.998824974688033,0.8,0.210868920512026));
#11067=CARTESIAN_POINT('Ctrl Pts',(-0.998824974688033,0.799,0.210868920512026));
#11068=CARTESIAN_POINT('Ctrl Pts',(-0.998824974688033,0.8,0.181695501391007));
#11069=CARTESIAN_POINT('Ctrl Pts',(-0.998824974688033,0.799,0.181695501391007));
#11070=CARTESIAN_POINT('Ctrl Pts',(-0.986183159735591,0.8,0.135261142623386));
#11071=CARTESIAN_POINT('Ctrl Pts',(-0.986183159735591,0.799,0.135261142623386));
#11072=CARTESIAN_POINT('Ctrl Pts',(-0.974270680261175,0.8,0.119945097584851));
#11073=CARTESIAN_POINT('Ctrl Pts',(-0.974270680261175,0.799,0.119945097584851));
#11074=CARTESIAN_POINT('',(-0.998824974688033,0.8,0.210868920512026));
#11075=CARTESIAN_POINT('Origin',(-0.893422747352948,0.8,0.269697062348305));
#11076=CARTESIAN_POINT('',(-0.998824974688033,0.799,0.210868920512026));
#11077=CARTESIAN_POINT('Origin',(-0.893422747352948,0.799,0.269697062348305));
#11078=CARTESIAN_POINT('',(-0.998824974688033,0.8,0.210868920512026));
#11079=CARTESIAN_POINT('Ctrl Pts',(-0.907658039934849,0.8,0.332911057168289));
#11080=CARTESIAN_POINT('Ctrl Pts',(-0.907658039934849,0.799,0.332911057168289));
#11081=CARTESIAN_POINT('Ctrl Pts',(-0.949230162182301,0.8,0.332911057168289));
#11082=CARTESIAN_POINT('Ctrl Pts',(-0.949230162182301,0.799,0.332911057168289));
#11083=CARTESIAN_POINT('Ctrl Pts',(-0.998824974688033,0.8,0.269945094232089));
#11084=CARTESIAN_POINT('Ctrl Pts',(-0.998824974688033,0.799,0.269945094232089));
#11085=CARTESIAN_POINT('Ctrl Pts',(-0.998824974688033,0.8,0.210868920512026));
#11086=CARTESIAN_POINT('Ctrl Pts',(-0.998824974688033,0.799,0.210868920512026));
#11087=CARTESIAN_POINT('',(-0.907658039934849,0.8,0.332911057168289));
#11088=CARTESIAN_POINT('Ctrl Pts',(-0.998824974688033,0.8,0.210868920512026));
#11089=CARTESIAN_POINT('Ctrl Pts',(-0.998824974688033,0.8,0.269945094232089));
#11090=CARTESIAN_POINT('Ctrl Pts',(-0.949230162182301,0.8,0.332911057168289));
#11091=CARTESIAN_POINT('Ctrl Pts',(-0.907658039934849,0.8,0.332911057168289));
#11092=CARTESIAN_POINT('',(-0.907658039934849,0.799,0.332911057168289));
#11093=CARTESIAN_POINT('Ctrl Pts',(-0.998824974688033,0.799,0.210868920512026));
#11094=CARTESIAN_POINT('Ctrl Pts',(-0.998824974688033,0.799,0.269945094232089));
#11095=CARTESIAN_POINT('Ctrl Pts',(-0.949230162182301,0.799,0.332911057168289));
#11096=CARTESIAN_POINT('Ctrl Pts',(-0.907658039934849,0.799,0.332911057168289));
#11097=CARTESIAN_POINT('',(-0.907658039934849,0.8,0.332911057168289));
#11098=CARTESIAN_POINT('Ctrl Pts',(-0.816734217007673,0.8,0.210868920512026));
#11099=CARTESIAN_POINT('Ctrl Pts',(-0.816734217007673,0.799,0.210868920512026));
#11100=CARTESIAN_POINT('Ctrl Pts',(-0.816734217007673,0.8,0.269945094232089));
#11101=CARTESIAN_POINT('Ctrl Pts',(-0.816734217007673,0.799,0.269945094232089));
#11102=CARTESIAN_POINT('Ctrl Pts',(-0.866085917687397,0.8,0.332911057168289));
#11103=CARTESIAN_POINT('Ctrl Pts',(-0.866085917687397,0.799,0.332911057168289));
#11104=CARTESIAN_POINT('Ctrl Pts',(-0.907658039934849,0.8,0.332911057168289));
#11105=CARTESIAN_POINT('Ctrl Pts',(-0.907658039934849,0.799,0.332911057168289));
#11106=CARTESIAN_POINT('',(-0.816734217007673,0.8,0.210868920512026));
#11107=CARTESIAN_POINT('Ctrl Pts',(-0.907658039934849,0.8,0.332911057168289));
#11108=CARTESIAN_POINT('Ctrl Pts',(-0.866085917687397,0.8,0.332911057168289));
#11109=CARTESIAN_POINT('Ctrl Pts',(-0.816734217007673,0.8,0.269945094232089));
#11110=CARTESIAN_POINT('Ctrl Pts',(-0.816734217007673,0.8,0.210868920512026));
#11111=CARTESIAN_POINT('',(-0.816734217007673,0.799,0.210868920512026));
#11112=CARTESIAN_POINT('Ctrl Pts',(-0.907658039934849,0.799,0.332911057168289));
#11113=CARTESIAN_POINT('Ctrl Pts',(-0.866085917687397,0.799,0.332911057168289));
#11114=CARTESIAN_POINT('Ctrl Pts',(-0.816734217007673,0.799,0.269945094232089));
#11115=CARTESIAN_POINT('Ctrl Pts',(-0.816734217007673,0.799,0.210868920512026));
#11116=CARTESIAN_POINT('',(-0.816734217007673,0.8,0.210868920512026));
#11117=CARTESIAN_POINT('Ctrl Pts',(-0.841288511434531,0.8,0.119945097584851));
#11118=CARTESIAN_POINT('Ctrl Pts',(-0.841288511434531,0.799,0.119945097584851));
#11119=CARTESIAN_POINT('Ctrl Pts',(-0.829619143786123,0.8,0.135018030797377));
#11120=CARTESIAN_POINT('Ctrl Pts',(-0.829619143786123,0.799,0.135018030797377));
#11121=CARTESIAN_POINT('Ctrl Pts',(-0.816734217007673,0.8,0.180966165912982));
#11122=CARTESIAN_POINT('Ctrl Pts',(-0.816734217007673,0.799,0.180966165912982));
#11123=CARTESIAN_POINT('Ctrl Pts',(-0.816734217007673,0.8,0.210868920512026));
#11124=CARTESIAN_POINT('Ctrl Pts',(-0.816734217007673,0.799,0.210868920512026));
#11125=CARTESIAN_POINT('Ctrl Pts',(-0.816734217007673,0.8,0.210868920512026));
#11126=CARTESIAN_POINT('Ctrl Pts',(-0.816734217007673,0.8,0.180966165912982));
#11127=CARTESIAN_POINT('Ctrl Pts',(-0.829619143786123,0.8,0.135018030797377));
#11128=CARTESIAN_POINT('Ctrl Pts',(-0.841288511434531,0.8,0.119945097584851));
#11129=CARTESIAN_POINT('Ctrl Pts',(-0.816734217007673,0.799,0.210868920512026));
#11130=CARTESIAN_POINT('Ctrl Pts',(-0.816734217007673,0.799,0.180966165912982));
#11131=CARTESIAN_POINT('Ctrl Pts',(-0.829619143786123,0.799,0.135018030797377));
#11132=CARTESIAN_POINT('Ctrl Pts',(-0.841288511434531,0.799,0.119945097584851));
#11133=CARTESIAN_POINT('Origin',(-0.774189647456187,0.8,0.397821914712556));
#11134=CARTESIAN_POINT('',(-0.774189647456187,0.799,0.397821914712556));
#11135=CARTESIAN_POINT('',(-0.774189647456187,0.8,0.397821914712556));
#11136=CARTESIAN_POINT('',(-0.774189647456187,0.799,0.434045576787821));
#11137=CARTESIAN_POINT('',(-0.774189647456187,0.799,0.397821914712556));
#11138=CARTESIAN_POINT('',(-0.774189647456187,0.8,0.434045576787821));
#11139=CARTESIAN_POINT('Origin',(-0.779538107628374,0.8,0.397821914712556));
#11140=CARTESIAN_POINT('',(-0.779538107628374,0.799,0.397821914712556));
#11141=CARTESIAN_POINT('',(-0.779538107628374,0.8,0.397821914712556));
#11142=CARTESIAN_POINT('',(-0.779538107628374,0.799,0.397821914712556));
#11143=CARTESIAN_POINT('Ctrl Pts',(-0.814303098747588,0.8,0.404872157666802));
#11144=CARTESIAN_POINT('Ctrl Pts',(-0.814303098747588,0.799,0.404872157666802));
#11145=CARTESIAN_POINT('Ctrl Pts',(-0.806280408489308,0.8,0.404872157666802));
#11146=CARTESIAN_POINT('Ctrl Pts',(-0.806280408489308,0.799,0.404872157666802));
#11147=CARTESIAN_POINT('Ctrl Pts',(-0.784400344148544,0.8,0.399766809320623));
#11148=CARTESIAN_POINT('Ctrl Pts',(-0.784400344148544,0.799,0.399766809320623));
#11149=CARTESIAN_POINT('Ctrl Pts',(-0.779538107628374,0.8,0.397821914712556));
#11150=CARTESIAN_POINT('Ctrl Pts',(-0.779538107628374,0.799,0.397821914712556));
#11151=CARTESIAN_POINT('',(-0.814303098747588,0.799,0.404872157666802));
#11152=CARTESIAN_POINT('',(-0.814303098747588,0.8,0.404872157666802));
#11153=CARTESIAN_POINT('Ctrl Pts',(-0.814303098747588,0.799,0.404872157666802));
#11154=CARTESIAN_POINT('Ctrl Pts',(-0.806280408489308,0.799,0.404872157666802));
#11155=CARTESIAN_POINT('Ctrl Pts',(-0.784400344148544,0.799,0.399766809320623));
#11156=CARTESIAN_POINT('Ctrl Pts',(-0.779538107628374,0.799,0.397821914712556));
#11157=CARTESIAN_POINT('Ctrl Pts',(-0.848824978040794,0.8,0.392716566366377));
#11158=CARTESIAN_POINT('Ctrl Pts',(-0.848824978040794,0.799,0.392716566366377));
#11159=CARTESIAN_POINT('Ctrl Pts',(-0.843233406042599,0.8,0.399037473842598));
#11160=CARTESIAN_POINT('Ctrl Pts',(-0.843233406042599,0.799,0.399037473842598));
#11161=CARTESIAN_POINT('Ctrl Pts',(-0.827917361004064,0.8,0.404872157666802));
#11162=CARTESIAN_POINT('Ctrl Pts',(-0.827917361004064,0.799,0.404872157666802));
#11163=CARTESIAN_POINT('Ctrl Pts',(-0.814303098747588,0.8,0.404872157666802));
#11164=CARTESIAN_POINT('Ctrl Pts',(-0.814303098747588,0.799,0.404872157666802));
#11165=CARTESIAN_POINT('',(-0.848824978040794,0.799,0.392716566366377));
#11166=CARTESIAN_POINT('',(-0.848824978040794,0.8,0.392716566366377));
#11167=CARTESIAN_POINT('Ctrl Pts',(-0.848824978040794,0.799,0.392716566366377));
#11168=CARTESIAN_POINT('Ctrl Pts',(-0.843233406042599,0.799,0.399037473842598));
#11169=CARTESIAN_POINT('Ctrl Pts',(-0.827917361004064,0.799,0.404872157666802));
#11170=CARTESIAN_POINT('Ctrl Pts',(-0.814303098747588,0.799,0.404872157666802));
#11171=CARTESIAN_POINT('Ctrl Pts',(-0.860251233863193,0.8,0.35843779889918));
#11172=CARTESIAN_POINT('Ctrl Pts',(-0.860251233863193,0.799,0.35843779889918));
#11173=CARTESIAN_POINT('Ctrl Pts',(-0.859278786559159,0.8,0.369620942895571));
#11174=CARTESIAN_POINT('Ctrl Pts',(-0.859278786559159,0.799,0.369620942895571));
#11175=CARTESIAN_POINT('Ctrl Pts',(-0.853444102734955,0.8,0.387611218020199));
#11176=CARTESIAN_POINT('Ctrl Pts',(-0.853444102734955,0.799,0.387611218020199));
#11177=CARTESIAN_POINT('Ctrl Pts',(-0.848824978040794,0.8,0.392716566366377));
#11178=CARTESIAN_POINT('Ctrl Pts',(-0.848824978040794,0.799,0.392716566366377));
#11179=CARTESIAN_POINT('',(-0.860251233863193,0.799,0.35843779889918));
#11180=CARTESIAN_POINT('',(-0.860251233863193,0.8,0.35843779889918));
#11181=CARTESIAN_POINT('Origin',(-0.838731186228883,0.799,0.344520425727568));
#11182=CARTESIAN_POINT('Ctrl Pts',(-0.775162094760221,0.8,0.210868920512026));
#11183=CARTESIAN_POINT('Ctrl Pts',(-0.775162094760221,0.799,0.210868920512026));
#11184=CARTESIAN_POINT('Ctrl Pts',(-0.775162094760221,0.8,0.269215758754064));
#11185=CARTESIAN_POINT('Ctrl Pts',(-0.775162094760221,0.799,0.269215758754064));
#11186=CARTESIAN_POINT('Ctrl Pts',(-0.820624006223809,0.8,0.345066648468713));
#11187=CARTESIAN_POINT('Ctrl Pts',(-0.820624006223809,0.799,0.345066648468713));
#11188=CARTESIAN_POINT('Ctrl Pts',(-0.860251233863193,0.8,0.35843779889918));
#11189=CARTESIAN_POINT('Ctrl Pts',(-0.860251233863193,0.799,0.35843779889918));
#11190=CARTESIAN_POINT('',(-0.775162094760221,0.799,0.210868920512026));
#11191=CARTESIAN_POINT('',(-0.775162094760221,0.8,0.210868920512026));
#11192=CARTESIAN_POINT('Ctrl Pts',(-0.775162094760221,0.799,0.210868920512026));
#11193=CARTESIAN_POINT('Ctrl Pts',(-0.775162094760221,0.799,0.269215758754064));
#11194=CARTESIAN_POINT('Ctrl Pts',(-0.820624006223809,0.799,0.345066648468713));
#11195=CARTESIAN_POINT('Ctrl Pts',(-0.860251233863193,0.799,0.35843779889918));
#11196=CARTESIAN_POINT('Ctrl Pts',(-0.811142645009478,0.8,0.0951476913319847));
#11197=CARTESIAN_POINT('Ctrl Pts',(-0.811142645009478,0.799,0.0951476913319847));
#11198=CARTESIAN_POINT('Ctrl Pts',(-0.794124817188884,0.8,0.114839749238672));
#11199=CARTESIAN_POINT('Ctrl Pts',(-0.794124817188884,0.799,0.114839749238672));
#11200=CARTESIAN_POINT('Ctrl Pts',(-0.775162094760221,0.8,0.173429699306719));
#11201=CARTESIAN_POINT('Ctrl Pts',(-0.775162094760221,0.799,0.173429699306719));
#11202=CARTESIAN_POINT('Ctrl Pts',(-0.775162094760221,0.8,0.210868920512026));
#11203=CARTESIAN_POINT('Ctrl Pts',(-0.775162094760221,0.799,0.210868920512026));
#11204=CARTESIAN_POINT('',(-0.811142645009478,0.799,0.0951476913319847));
#11205=CARTESIAN_POINT('',(-0.811142645009478,0.8,0.0951476913319847));
#11206=CARTESIAN_POINT('Ctrl Pts',(-0.811142645009478,0.799,0.0951476913319847));
#11207=CARTESIAN_POINT('Ctrl Pts',(-0.794124817188884,0.799,0.114839749238672));
#11208=CARTESIAN_POINT('Ctrl Pts',(-0.775162094760221,0.799,0.173429699306719));
#11209=CARTESIAN_POINT('Ctrl Pts',(-0.775162094760221,0.799,0.210868920512026));
#11210=CARTESIAN_POINT('Ctrl Pts',(-0.907901151760857,0.8,0.0543049045625582));
#11211=CARTESIAN_POINT('Ctrl Pts',(-0.907901151760857,0.799,0.0543049045625582));
#11212=CARTESIAN_POINT('Ctrl Pts',(-0.877269061683787,0.8,0.0543049045625582));
#11213=CARTESIAN_POINT('Ctrl Pts',(-0.877269061683787,0.799,0.0543049045625582));
#11214=CARTESIAN_POINT('Ctrl Pts',(-0.828160472830072,0.8,0.0756987452513054));
#11215=CARTESIAN_POINT('Ctrl Pts',(-0.828160472830072,0.799,0.0756987452513054));
#11216=CARTESIAN_POINT('Ctrl Pts',(-0.811142645009478,0.8,0.0951476913319847));
#11217=CARTESIAN_POINT('Ctrl Pts',(-0.811142645009478,0.799,0.0951476913319847));
#11218=CARTESIAN_POINT('',(-0.907901151760857,0.799,0.0543049045625583));
#11219=CARTESIAN_POINT('',(-0.907901151760857,0.8,0.0543049045625582));
#11220=CARTESIAN_POINT('Ctrl Pts',(-0.907901151760857,0.799,0.0543049045625582));
#11221=CARTESIAN_POINT('Ctrl Pts',(-0.877269061683787,0.799,0.0543049045625582));
#11222=CARTESIAN_POINT('Ctrl Pts',(-0.828160472830072,0.799,0.0756987452513054));
#11223=CARTESIAN_POINT('Ctrl Pts',(-0.811142645009478,0.799,0.0951476913319847));
#11224=CARTESIAN_POINT('Ctrl Pts',(-1.00441654668623,0.8,0.0951476913319847));
#11225=CARTESIAN_POINT('Ctrl Pts',(-1.00441654668623,0.799,0.0951476913319847));
#11226=CARTESIAN_POINT('Ctrl Pts',(-0.986912495213617,0.8,0.0749694097732799));
#11227=CARTESIAN_POINT('Ctrl Pts',(-0.986912495213617,0.799,0.0749694097732799));
#11228=CARTESIAN_POINT('Ctrl Pts',(-0.93804701818591,0.8,0.0543049045625582));
#11229=CARTESIAN_POINT('Ctrl Pts',(-0.93804701818591,0.799,0.0543049045625582));
#11230=CARTESIAN_POINT('Ctrl Pts',(-0.907901151760857,0.8,0.0543049045625582));
#11231=CARTESIAN_POINT('Ctrl Pts',(-0.907901151760857,0.799,0.0543049045625582));
#11232=CARTESIAN_POINT('',(-1.00441654668623,0.799,0.0951476913319847));
#11233=CARTESIAN_POINT('',(-1.00441654668623,0.8,0.0951476913319847));
#11234=CARTESIAN_POINT('Origin',(-0.768987220015755,0.799,0.372420405115733));
#11235=CARTESIAN_POINT('Ctrl Pts',(-1.04039709693548,0.8,0.210868920512026));
#11236=CARTESIAN_POINT('Ctrl Pts',(-1.04039709693548,0.799,0.210868920512026));
#11237=CARTESIAN_POINT('Ctrl Pts',(-1.04039709693548,0.8,0.172943475654702));
#11238=CARTESIAN_POINT('Ctrl Pts',(-1.04039709693548,0.799,0.172943475654702));
#11239=CARTESIAN_POINT('Ctrl Pts',(-1.02167748633283,0.8,0.115569084716698));
#11240=CARTESIAN_POINT('Ctrl Pts',(-1.02167748633283,0.799,0.115569084716698));
#11241=CARTESIAN_POINT('Ctrl Pts',(-1.00441654668623,0.8,0.0951476913319847));
#11242=CARTESIAN_POINT('Ctrl Pts',(-1.00441654668623,0.799,0.0951476913319847));
#11243=CARTESIAN_POINT('',(-1.04039709693548,0.799,0.210868920512026));
#11244=CARTESIAN_POINT('',(-1.04039709693548,0.8,0.210868920512026));
#11245=CARTESIAN_POINT('Ctrl Pts',(-1.04039709693548,0.799,0.210868920512026));
#11246=CARTESIAN_POINT('Ctrl Pts',(-1.04039709693548,0.799,0.172943475654702));
#11247=CARTESIAN_POINT('Ctrl Pts',(-1.02167748633283,0.799,0.115569084716698));
#11248=CARTESIAN_POINT('Ctrl Pts',(-1.00441654668623,0.799,0.0951476913319847));
#11249=CARTESIAN_POINT('Ctrl Pts',(-1.00465965851224,0.8,0.326103926040051));
#11250=CARTESIAN_POINT('Ctrl Pts',(-1.00465965851224,0.799,0.326103926040051));
#11251=CARTESIAN_POINT('Ctrl Pts',(-1.02192059815884,0.8,0.306168756307355));
#11252=CARTESIAN_POINT('Ctrl Pts',(-1.02192059815884,0.799,0.306168756307355));
#11253=CARTESIAN_POINT('Ctrl Pts',(-1.04039709693548,0.8,0.247821918065317));
#11254=CARTESIAN_POINT('Ctrl Pts',(-1.04039709693548,0.799,0.247821918065317));
#11255=CARTESIAN_POINT('Ctrl Pts',(-1.04039709693548,0.8,0.210868920512026));
#11256=CARTESIAN_POINT('Ctrl Pts',(-1.04039709693548,0.799,0.210868920512026));
#11257=CARTESIAN_POINT('',(-1.00465965851224,0.799,0.326103926040051));
#11258=CARTESIAN_POINT('',(-1.00465965851224,0.8,0.326103926040051));
#11259=CARTESIAN_POINT('Ctrl Pts',(-1.00465965851224,0.799,0.326103926040051));
#11260=CARTESIAN_POINT('Ctrl Pts',(-1.02192059815884,0.799,0.306168756307355));
#11261=CARTESIAN_POINT('Ctrl Pts',(-1.04039709693548,0.799,0.247821918065317));
#11262=CARTESIAN_POINT('Ctrl Pts',(-1.04039709693548,0.799,0.210868920512026));
#11263=CARTESIAN_POINT('Ctrl Pts',(-0.907901151760857,0.8,0.366946712809477));
#11264=CARTESIAN_POINT('Ctrl Pts',(-0.907901151760857,0.799,0.366946712809477));
#11265=CARTESIAN_POINT('Ctrl Pts',(-0.938290130011918,0.8,0.366946712809477));
#11266=CARTESIAN_POINT('Ctrl Pts',(-0.938290130011918,0.799,0.366946712809477));
#11267=CARTESIAN_POINT('Ctrl Pts',(-0.987155607039625,0.8,0.346282207598755));
#11268=CARTESIAN_POINT('Ctrl Pts',(-0.987155607039625,0.799,0.346282207598755));
#11269=CARTESIAN_POINT('Ctrl Pts',(-1.00465965851224,0.8,0.326103926040051));
#11270=CARTESIAN_POINT('Ctrl Pts',(-1.00465965851224,0.799,0.326103926040051));
#11271=CARTESIAN_POINT('',(-0.907901151760857,0.799,0.366946712809477));
#11272=CARTESIAN_POINT('',(-0.907901151760857,0.8,0.366946712809477));
#11273=CARTESIAN_POINT('Origin',(-0.730389493223441,0.799,-0.0105829495968004));
#11274=CARTESIAN_POINT('Origin',(-0.898662902372535,0.8,0.366946712809477));
#11275=CARTESIAN_POINT('',(-0.898662902372535,0.799,0.366946712809477));
#11276=CARTESIAN_POINT('',(-0.898662902372535,0.8,0.366946712809477));
#11277=CARTESIAN_POINT('',(-0.898662902372535,0.799,0.366946712809477));
#11278=CARTESIAN_POINT('Ctrl Pts',(-0.820867118049817,0.8,0.439637148786016));
#11279=CARTESIAN_POINT('Ctrl Pts',(-0.820867118049817,0.799,0.439637148786016));
#11280=CARTESIAN_POINT('Ctrl Pts',(-0.854659661864998,0.8,0.439637148786016));
#11281=CARTESIAN_POINT('Ctrl Pts',(-0.854659661864998,0.799,0.439637148786016));
#11282=CARTESIAN_POINT('Ctrl Pts',(-0.896718007764467,0.8,0.4019548157547));
#11283=CARTESIAN_POINT('Ctrl Pts',(-0.896718007764467,0.799,0.4019548157547));
#11284=CARTESIAN_POINT('Ctrl Pts',(-0.898662902372535,0.8,0.366946712809477));
#11285=CARTESIAN_POINT('Ctrl Pts',(-0.898662902372535,0.799,0.366946712809477));
#11286=CARTESIAN_POINT('',(-0.820867118049817,0.799,0.439637148786016));
#11287=CARTESIAN_POINT('',(-0.820867118049817,0.8,0.439637148786016));
#11288=CARTESIAN_POINT('Ctrl Pts',(-0.820867118049817,0.799,0.439637148786016));
#11289=CARTESIAN_POINT('Ctrl Pts',(-0.854659661864998,0.799,0.439637148786016));
#11290=CARTESIAN_POINT('Ctrl Pts',(-0.896718007764467,0.799,0.4019548157547));
#11291=CARTESIAN_POINT('Ctrl Pts',(-0.898662902372535,0.799,0.366946712809477));
#11292=CARTESIAN_POINT('Ctrl Pts',(-0.774189647456187,0.8,0.434045576787821));
#11293=CARTESIAN_POINT('Ctrl Pts',(-0.774189647456187,0.799,0.434045576787821));
#11294=CARTESIAN_POINT('Ctrl Pts',(-0.785129679626569,0.8,0.436719806873914));
#11295=CARTESIAN_POINT('Ctrl Pts',(-0.785129679626569,0.799,0.436719806873914));
#11296=CARTESIAN_POINT('Ctrl Pts',(-0.808954638575402,0.8,0.439637148786016));
#11297=CARTESIAN_POINT('Ctrl Pts',(-0.808954638575402,0.799,0.439637148786016));
#11298=CARTESIAN_POINT('Ctrl Pts',(-0.820867118049817,0.8,0.439637148786016));
#11299=CARTESIAN_POINT('Ctrl Pts',(-0.820867118049817,0.799,0.439637148786016));
#11300=CARTESIAN_POINT('Origin',(-0.799816087073566,0.799,0.412952753492263));
#11301=CARTESIAN_POINT('Origin',(-0.887665033714295,0.799,0.260100171352103));
#11302=CARTESIAN_POINT('Ctrl Pts',(0.506888145846549,0.8,-0.374969401845114));
#11303=CARTESIAN_POINT('Ctrl Pts',(0.506888145846549,0.799,-0.374969401845114));
#11304=CARTESIAN_POINT('Ctrl Pts',(0.512965941496761,0.8,-0.359653356806579));
#11305=CARTESIAN_POINT('Ctrl Pts',(0.512965941496761,0.799,-0.359653356806579));
#11306=CARTESIAN_POINT('Ctrl Pts',(0.517828178016931,0.8,-0.314191445342991));
#11307=CARTESIAN_POINT('Ctrl Pts',(0.517828178016931,0.799,-0.314191445342991));
#11308=CARTESIAN_POINT('Ctrl Pts',(0.517828178016931,0.8,-0.283316243439913));
#11309=CARTESIAN_POINT('Ctrl Pts',(0.517828178016931,0.799,-0.283316243439913));
#11310=CARTESIAN_POINT('',(0.517828178016931,0.8,-0.283316243439913));
#11311=CARTESIAN_POINT('',(0.506888145846549,0.8,-0.374969401845114));
#11312=CARTESIAN_POINT('Ctrl Pts',(0.517828178016931,0.8,-0.283316243439913));
#11313=CARTESIAN_POINT('Ctrl Pts',(0.517828178016931,0.8,-0.314191445342991));
#11314=CARTESIAN_POINT('Ctrl Pts',(0.512965941496761,0.8,-0.359653356806579));
#11315=CARTESIAN_POINT('Ctrl Pts',(0.506888145846549,0.8,-0.374969401845114));
#11316=CARTESIAN_POINT('',(0.517828178016931,0.799,-0.283316243439913));
#11317=CARTESIAN_POINT('',(0.517828178016931,0.8,-0.283316243439913));
#11318=CARTESIAN_POINT('',(0.506888145846549,0.799,-0.374969401845114));
#11319=CARTESIAN_POINT('Ctrl Pts',(0.517828178016931,0.799,-0.283316243439913));
#11320=CARTESIAN_POINT('Ctrl Pts',(0.517828178016931,0.799,-0.314191445342991));
#11321=CARTESIAN_POINT('Ctrl Pts',(0.512965941496761,0.799,-0.359653356806579));
#11322=CARTESIAN_POINT('Ctrl Pts',(0.506888145846549,0.799,-0.374969401845114));
#11323=CARTESIAN_POINT('',(0.506888145846549,0.8,-0.374969401845114));
#11324=CARTESIAN_POINT('Ctrl Pts',(0.462884905339012,0.8,-0.406087715574201));
#11325=CARTESIAN_POINT('Ctrl Pts',(0.462884905339012,0.799,-0.406087715574201));
#11326=CARTESIAN_POINT('Ctrl Pts',(0.479659621333598,0.8,-0.406087715574201));
#11327=CARTESIAN_POINT('Ctrl Pts',(0.479659621333598,0.799,-0.406087715574201));
#11328=CARTESIAN_POINT('Ctrl Pts',(0.500810350196336,0.8,-0.390285446883649));
#11329=CARTESIAN_POINT('Ctrl Pts',(0.500810350196336,0.799,-0.390285446883649));
#11330=CARTESIAN_POINT('Ctrl Pts',(0.506888145846549,0.8,-0.374969401845114));
#11331=CARTESIAN_POINT('Ctrl Pts',(0.506888145846549,0.799,-0.374969401845114));
#11332=CARTESIAN_POINT('',(0.462884905339012,0.8,-0.406087715574201));
#11333=CARTESIAN_POINT('Ctrl Pts',(0.506888145846549,0.8,-0.374969401845114));
#11334=CARTESIAN_POINT('Ctrl Pts',(0.500810350196336,0.8,-0.390285446883649));
#11335=CARTESIAN_POINT('Ctrl Pts',(0.479659621333598,0.8,-0.406087715574201));
#11336=CARTESIAN_POINT('Ctrl Pts',(0.462884905339012,0.8,-0.406087715574201));
#11337=CARTESIAN_POINT('',(0.462884905339012,0.799,-0.406087715574201));
#11338=CARTESIAN_POINT('Ctrl Pts',(0.506888145846549,0.799,-0.374969401845114));
#11339=CARTESIAN_POINT('Ctrl Pts',(0.500810350196336,0.799,-0.390285446883649));
#11340=CARTESIAN_POINT('Ctrl Pts',(0.479659621333598,0.799,-0.406087715574201));
#11341=CARTESIAN_POINT('Ctrl Pts',(0.462884905339012,0.799,-0.406087715574201));
#11342=CARTESIAN_POINT('',(0.462884905339012,0.8,-0.406087715574201));
#11343=CARTESIAN_POINT('Ctrl Pts',(0.41815232935345,0.8,-0.374483178193097));
#11344=CARTESIAN_POINT('Ctrl Pts',(0.41815232935345,0.799,-0.374483178193097));
#11345=CARTESIAN_POINT('Ctrl Pts',(0.42447323682967,0.8,-0.390285446883649));
#11346=CARTESIAN_POINT('Ctrl Pts',(0.42447323682967,0.799,-0.390285446883649));
#11347=CARTESIAN_POINT('Ctrl Pts',(0.446110189344426,0.8,-0.406087715574201));
#11348=CARTESIAN_POINT('Ctrl Pts',(0.446110189344426,0.799,-0.406087715574201));
#11349=CARTESIAN_POINT('Ctrl Pts',(0.462884905339012,0.8,-0.406087715574201));
#11350=CARTESIAN_POINT('Ctrl Pts',(0.462884905339012,0.799,-0.406087715574201));
#11351=CARTESIAN_POINT('',(0.41815232935345,0.8,-0.374483178193097));
#11352=CARTESIAN_POINT('Ctrl Pts',(0.462884905339012,0.8,-0.406087715574201));
#11353=CARTESIAN_POINT('Ctrl Pts',(0.446110189344426,0.8,-0.406087715574201));
#11354=CARTESIAN_POINT('Ctrl Pts',(0.42447323682967,0.8,-0.390285446883649));
#11355=CARTESIAN_POINT('Ctrl Pts',(0.41815232935345,0.8,-0.374483178193097));
#11356=CARTESIAN_POINT('',(0.41815232935345,0.799,-0.374483178193097));
#11357=CARTESIAN_POINT('Ctrl Pts',(0.462884905339012,0.799,-0.406087715574201));
#11358=CARTESIAN_POINT('Ctrl Pts',(0.446110189344426,0.799,-0.406087715574201));
#11359=CARTESIAN_POINT('Ctrl Pts',(0.42447323682967,0.799,-0.390285446883649));
#11360=CARTESIAN_POINT('Ctrl Pts',(0.41815232935345,0.799,-0.374483178193097));
#11361=CARTESIAN_POINT('',(0.41815232935345,0.8,-0.374483178193097));
#11362=CARTESIAN_POINT('Ctrl Pts',(0.407698520835085,0.8,-0.283073131613905));
#11363=CARTESIAN_POINT('Ctrl Pts',(0.407698520835085,0.799,-0.283073131613905));
#11364=CARTESIAN_POINT('Ctrl Pts',(0.407698520835085,0.8,-0.312489662560932));
#11365=CARTESIAN_POINT('Ctrl Pts',(0.407698520835085,0.799,-0.312489662560932));
#11366=CARTESIAN_POINT('Ctrl Pts',(0.412074533703237,0.8,-0.359167133154562));
#11367=CARTESIAN_POINT('Ctrl Pts',(0.412074533703237,0.799,-0.359167133154562));
#11368=CARTESIAN_POINT('Ctrl Pts',(0.41815232935345,0.8,-0.374483178193097));
#11369=CARTESIAN_POINT('Ctrl Pts',(0.41815232935345,0.799,-0.374483178193097));
#11370=CARTESIAN_POINT('',(0.407698520835085,0.8,-0.283073131613905));
#11371=CARTESIAN_POINT('Ctrl Pts',(0.41815232935345,0.8,-0.374483178193097));
#11372=CARTESIAN_POINT('Ctrl Pts',(0.412074533703237,0.8,-0.359167133154562));
#11373=CARTESIAN_POINT('Ctrl Pts',(0.407698520835085,0.8,-0.312489662560932));
#11374=CARTESIAN_POINT('Ctrl Pts',(0.407698520835085,0.8,-0.283073131613905));
#11375=CARTESIAN_POINT('',(0.407698520835085,0.799,-0.283073131613905));
#11376=CARTESIAN_POINT('Ctrl Pts',(0.41815232935345,0.799,-0.374483178193097));
#11377=CARTESIAN_POINT('Ctrl Pts',(0.412074533703237,0.799,-0.359167133154562));
#11378=CARTESIAN_POINT('Ctrl Pts',(0.407698520835085,0.799,-0.312489662560932));
#11379=CARTESIAN_POINT('Ctrl Pts',(0.407698520835085,0.799,-0.283073131613905));
#11380=CARTESIAN_POINT('',(0.407698520835085,0.8,-0.283073131613905));
#11381=CARTESIAN_POINT('Ctrl Pts',(0.417909217527441,0.8,-0.192635532338746));
#11382=CARTESIAN_POINT('Ctrl Pts',(0.417909217527441,0.799,-0.192635532338746));
#11383=CARTESIAN_POINT('Ctrl Pts',(0.41158831005122,0.8,-0.209167136507323));
#11384=CARTESIAN_POINT('Ctrl Pts',(0.41158831005122,0.799,-0.209167136507323));
#11385=CARTESIAN_POINT('Ctrl Pts',(0.407698520835085,0.8,-0.251468594232801));
#11386=CARTESIAN_POINT('Ctrl Pts',(0.407698520835085,0.799,-0.251468594232801));
#11387=CARTESIAN_POINT('Ctrl Pts',(0.407698520835085,0.8,-0.283073131613905));
#11388=CARTESIAN_POINT('Ctrl Pts',(0.407698520835085,0.799,-0.283073131613905));
#11389=CARTESIAN_POINT('',(0.417909217527441,0.8,-0.192635532338746));
#11390=CARTESIAN_POINT('Ctrl Pts',(0.407698520835085,0.8,-0.283073131613905));
#11391=CARTESIAN_POINT('Ctrl Pts',(0.407698520835085,0.8,-0.251468594232801));
#11392=CARTESIAN_POINT('Ctrl Pts',(0.41158831005122,0.8,-0.209167136507323));
#11393=CARTESIAN_POINT('Ctrl Pts',(0.417909217527441,0.8,-0.192635532338746));
#11394=CARTESIAN_POINT('',(0.417909217527441,0.799,-0.192635532338746));
#11395=CARTESIAN_POINT('Ctrl Pts',(0.407698520835085,0.799,-0.283073131613905));
#11396=CARTESIAN_POINT('Ctrl Pts',(0.407698520835085,0.799,-0.251468594232801));
#11397=CARTESIAN_POINT('Ctrl Pts',(0.41158831005122,0.799,-0.209167136507323));
#11398=CARTESIAN_POINT('Ctrl Pts',(0.417909217527441,0.799,-0.192635532338746));
#11399=CARTESIAN_POINT('',(0.417909217527441,0.8,-0.192635532338746));
#11400=CARTESIAN_POINT('Ctrl Pts',(0.462884905339012,0.8,-0.160301659479617));
#11401=CARTESIAN_POINT('Ctrl Pts',(0.462884905339012,0.799,-0.160301659479617));
#11402=CARTESIAN_POINT('Ctrl Pts',(0.445380853866401,0.8,-0.160301659479617));
#11403=CARTESIAN_POINT('Ctrl Pts',(0.445380853866401,0.799,-0.160301659479617));
#11404=CARTESIAN_POINT('Ctrl Pts',(0.423743901351645,0.8,-0.177076375474203));
#11405=CARTESIAN_POINT('Ctrl Pts',(0.423743901351645,0.799,-0.177076375474203));
#11406=CARTESIAN_POINT('Ctrl Pts',(0.417909217527441,0.8,-0.192635532338746));
#11407=CARTESIAN_POINT('Ctrl Pts',(0.417909217527441,0.799,-0.192635532338746));
#11408=CARTESIAN_POINT('',(0.462884905339012,0.8,-0.160301659479617));
#11409=CARTESIAN_POINT('Ctrl Pts',(0.417909217527441,0.8,-0.192635532338746));
#11410=CARTESIAN_POINT('Ctrl Pts',(0.423743901351645,0.8,-0.177076375474203));
#11411=CARTESIAN_POINT('Ctrl Pts',(0.445380853866401,0.8,-0.160301659479617));
#11412=CARTESIAN_POINT('Ctrl Pts',(0.462884905339012,0.8,-0.160301659479617));
#11413=CARTESIAN_POINT('',(0.462884905339012,0.799,-0.160301659479617));
#11414=CARTESIAN_POINT('Ctrl Pts',(0.417909217527441,0.799,-0.192635532338746));
#11415=CARTESIAN_POINT('Ctrl Pts',(0.423743901351645,0.799,-0.177076375474203));
#11416=CARTESIAN_POINT('Ctrl Pts',(0.445380853866401,0.799,-0.160301659479617));
#11417=CARTESIAN_POINT('Ctrl Pts',(0.462884905339012,0.799,-0.160301659479617));
#11418=CARTESIAN_POINT('',(0.462884905339012,0.8,-0.160301659479617));
#11419=CARTESIAN_POINT('Ctrl Pts',(0.507131257672557,0.8,-0.191906196860721));
#11420=CARTESIAN_POINT('Ctrl Pts',(0.507131257672557,0.799,-0.191906196860721));
#11421=CARTESIAN_POINT('Ctrl Pts',(0.501053462022345,0.8,-0.176103928170169));
#11422=CARTESIAN_POINT('Ctrl Pts',(0.501053462022345,0.799,-0.176103928170169));
#11423=CARTESIAN_POINT('Ctrl Pts',(0.479416509507589,0.8,-0.160301659479617));
#11424=CARTESIAN_POINT('Ctrl Pts',(0.479416509507589,0.799,-0.160301659479617));
#11425=CARTESIAN_POINT('Ctrl Pts',(0.462884905339012,0.8,-0.160301659479617));
#11426=CARTESIAN_POINT('Ctrl Pts',(0.462884905339012,0.799,-0.160301659479617));
#11427=CARTESIAN_POINT('',(0.507131257672557,0.8,-0.191906196860721));
#11428=CARTESIAN_POINT('Ctrl Pts',(0.462884905339012,0.8,-0.160301659479617));
#11429=CARTESIAN_POINT('Ctrl Pts',(0.479416509507589,0.8,-0.160301659479617));
#11430=CARTESIAN_POINT('Ctrl Pts',(0.501053462022345,0.8,-0.176103928170169));
#11431=CARTESIAN_POINT('Ctrl Pts',(0.507131257672557,0.8,-0.191906196860721));
#11432=CARTESIAN_POINT('',(0.507131257672557,0.799,-0.191906196860721));
#11433=CARTESIAN_POINT('Ctrl Pts',(0.462884905339012,0.799,-0.160301659479617));
#11434=CARTESIAN_POINT('Ctrl Pts',(0.479416509507589,0.799,-0.160301659479617));
#11435=CARTESIAN_POINT('Ctrl Pts',(0.501053462022345,0.799,-0.176103928170169));
#11436=CARTESIAN_POINT('Ctrl Pts',(0.507131257672557,0.799,-0.191906196860721));
#11437=CARTESIAN_POINT('',(0.507131257672557,0.8,-0.191906196860721));
#11438=CARTESIAN_POINT('Ctrl Pts',(0.517828178016931,0.8,-0.283316243439913));
#11439=CARTESIAN_POINT('Ctrl Pts',(0.517828178016931,0.799,-0.283316243439913));
#11440=CARTESIAN_POINT('Ctrl Pts',(0.517828178016931,0.8,-0.252441041536835));
#11441=CARTESIAN_POINT('Ctrl Pts',(0.517828178016931,0.799,-0.252441041536835));
#11442=CARTESIAN_POINT('Ctrl Pts',(0.512965941496761,0.8,-0.206736018247239));
#11443=CARTESIAN_POINT('Ctrl Pts',(0.512965941496761,0.799,-0.206736018247239));
#11444=CARTESIAN_POINT('Ctrl Pts',(0.507131257672557,0.8,-0.191906196860721));
#11445=CARTESIAN_POINT('Ctrl Pts',(0.507131257672557,0.799,-0.191906196860721));
#11446=CARTESIAN_POINT('Ctrl Pts',(0.507131257672557,0.8,-0.191906196860721));
#11447=CARTESIAN_POINT('Ctrl Pts',(0.512965941496761,0.8,-0.206736018247239));
#11448=CARTESIAN_POINT('Ctrl Pts',(0.517828178016931,0.8,-0.252441041536835));
#11449=CARTESIAN_POINT('Ctrl Pts',(0.517828178016931,0.8,-0.283316243439913));
#11450=CARTESIAN_POINT('Ctrl Pts',(0.507131257672557,0.799,-0.191906196860721));
#11451=CARTESIAN_POINT('Ctrl Pts',(0.512965941496761,0.799,-0.206736018247239));
#11452=CARTESIAN_POINT('Ctrl Pts',(0.517828178016931,0.799,-0.252441041536835));
#11453=CARTESIAN_POINT('Ctrl Pts',(0.517828178016931,0.799,-0.283316243439913));
#11454=CARTESIAN_POINT('Ctrl Pts',(0.462884905339012,0.8,-0.439394035737364));
#11455=CARTESIAN_POINT('Ctrl Pts',(0.462884905339012,0.799,-0.439394035737364));
#11456=CARTESIAN_POINT('Ctrl Pts',(0.512236606018735,0.8,-0.439394035737364));
#11457=CARTESIAN_POINT('Ctrl Pts',(0.512236606018735,0.799,-0.439394035737364));
#11458=CARTESIAN_POINT('Ctrl Pts',(0.558670964786357,0.8,-0.361598251414647));
#11459=CARTESIAN_POINT('Ctrl Pts',(0.558670964786357,0.799,-0.361598251414647));
#11460=CARTESIAN_POINT('Ctrl Pts',(0.558670964786357,0.8,-0.283316243439913));
#11461=CARTESIAN_POINT('Ctrl Pts',(0.558670964786357,0.799,-0.283316243439913));
#11462=CARTESIAN_POINT('',(0.462884905339012,0.799,-0.439394035737364));
#11463=CARTESIAN_POINT('',(0.462884905339012,0.8,-0.439394035737364));
#11464=CARTESIAN_POINT('',(0.558670964786357,0.799,-0.283316243439913));
#11465=CARTESIAN_POINT('Ctrl Pts',(0.462884905339012,0.799,-0.439394035737364));
#11466=CARTESIAN_POINT('Ctrl Pts',(0.512236606018735,0.799,-0.439394035737364));
#11467=CARTESIAN_POINT('Ctrl Pts',(0.558670964786357,0.799,-0.361598251414647));
#11468=CARTESIAN_POINT('Ctrl Pts',(0.558670964786357,0.799,-0.283316243439913));
#11469=CARTESIAN_POINT('',(0.558670964786357,0.8,-0.283316243439913));
#11470=CARTESIAN_POINT('Ctrl Pts',(0.366855734065658,0.8,-0.283073131613905));
#11471=CARTESIAN_POINT('Ctrl Pts',(0.366855734065658,0.799,-0.283073131613905));
#11472=CARTESIAN_POINT('Ctrl Pts',(0.366855734065658,0.8,-0.36427248150074));
#11473=CARTESIAN_POINT('Ctrl Pts',(0.366855734065658,0.799,-0.36427248150074));
#11474=CARTESIAN_POINT('Ctrl Pts',(0.413776316485297,0.8,-0.439394035737364));
#11475=CARTESIAN_POINT('Ctrl Pts',(0.413776316485297,0.799,-0.439394035737364));
#11476=CARTESIAN_POINT('Ctrl Pts',(0.462884905339012,0.8,-0.439394035737364));
#11477=CARTESIAN_POINT('Ctrl Pts',(0.462884905339012,0.799,-0.439394035737364));
#11478=CARTESIAN_POINT('',(0.366855734065658,0.799,-0.283073131613905));
#11479=CARTESIAN_POINT('',(0.366855734065658,0.8,-0.283073131613905));
#11480=CARTESIAN_POINT('Ctrl Pts',(0.366855734065658,0.799,-0.283073131613905));
#11481=CARTESIAN_POINT('Ctrl Pts',(0.366855734065658,0.799,-0.36427248150074));
#11482=CARTESIAN_POINT('Ctrl Pts',(0.413776316485297,0.799,-0.439394035737364));
#11483=CARTESIAN_POINT('Ctrl Pts',(0.462884905339012,0.799,-0.439394035737364));
#11484=CARTESIAN_POINT('Ctrl Pts',(0.462884905339012,0.8,-0.126995339316454));
#11485=CARTESIAN_POINT('Ctrl Pts',(0.462884905339012,0.799,-0.126995339316454));
#11486=CARTESIAN_POINT('Ctrl Pts',(0.41329009283328,0.8,-0.126995339316454));
#11487=CARTESIAN_POINT('Ctrl Pts',(0.41329009283328,0.799,-0.126995339316454));
#11488=CARTESIAN_POINT('Ctrl Pts',(0.366855734065658,0.8,-0.204061788161145));
#11489=CARTESIAN_POINT('Ctrl Pts',(0.366855734065658,0.799,-0.204061788161145));
#11490=CARTESIAN_POINT('Ctrl Pts',(0.366855734065658,0.8,-0.283073131613905));
#11491=CARTESIAN_POINT('Ctrl Pts',(0.366855734065658,0.799,-0.283073131613905));
#11492=CARTESIAN_POINT('',(0.462884905339012,0.799,-0.126995339316454));
#11493=CARTESIAN_POINT('',(0.462884905339012,0.8,-0.126995339316454));
#11494=CARTESIAN_POINT('Ctrl Pts',(0.462884905339012,0.799,-0.126995339316454));
#11495=CARTESIAN_POINT('Ctrl Pts',(0.41329009283328,0.799,-0.126995339316454));
#11496=CARTESIAN_POINT('Ctrl Pts',(0.366855734065658,0.799,-0.204061788161145));
#11497=CARTESIAN_POINT('Ctrl Pts',(0.366855734065658,0.799,-0.283073131613905));
#11498=CARTESIAN_POINT('Ctrl Pts',(0.558670964786357,0.8,-0.283316243439913));
#11499=CARTESIAN_POINT('Ctrl Pts',(0.558670964786357,0.799,-0.283316243439913));
#11500=CARTESIAN_POINT('Ctrl Pts',(0.558670964786357,0.8,-0.202603117205094));
#11501=CARTESIAN_POINT('Ctrl Pts',(0.558670964786357,0.799,-0.202603117205094));
#11502=CARTESIAN_POINT('Ctrl Pts',(0.511750382366718,0.8,-0.126995339316454));
#11503=CARTESIAN_POINT('Ctrl Pts',(0.511750382366718,0.799,-0.126995339316454));
#11504=CARTESIAN_POINT('Ctrl Pts',(0.462884905339012,0.8,-0.126995339316454));
#11505=CARTESIAN_POINT('Ctrl Pts',(0.462884905339012,0.799,-0.126995339316454));
#11506=CARTESIAN_POINT('Ctrl Pts',(0.558670964786357,0.799,-0.283316243439913));
#11507=CARTESIAN_POINT('Ctrl Pts',(0.558670964786357,0.799,-0.202603117205094));
#11508=CARTESIAN_POINT('Ctrl Pts',(0.511750382366718,0.799,-0.126995339316454));
#11509=CARTESIAN_POINT('Ctrl Pts',(0.462884905339012,0.799,-0.126995339316454));
#11510=CARTESIAN_POINT('Origin',(0.462717582751116,0.799,-0.283184763396824));
#11511=CARTESIAN_POINT('Origin',(0.106969192062582,0.8,-0.282830019787896));
#11512=CARTESIAN_POINT('',(0.106969192062582,0.799,-0.282830019787896));
#11513=CARTESIAN_POINT('',(0.106969192062582,0.8,-0.282830019787896));
#11514=CARTESIAN_POINT('',(0.106969192062582,0.799,-0.246363245886622));
#11515=CARTESIAN_POINT('',(0.106969192062582,0.799,-0.282830019787896));
#11516=CARTESIAN_POINT('',(0.106969192062582,0.8,-0.246363245886622));
#11517=CARTESIAN_POINT('Origin',(-0.00656403068338357,0.8,-0.282830019787896));
#11518=CARTESIAN_POINT('',(-0.00656403068338357,0.799,-0.282830019787896));
#11519=CARTESIAN_POINT('',(-0.00656403068338357,0.8,-0.282830019787896));
#11520=CARTESIAN_POINT('',(-0.00656403068338357,0.799,-0.282830019787896));
#11521=CARTESIAN_POINT('Origin',(-0.00656403068338357,0.8,-0.246363245886622));
#11522=CARTESIAN_POINT('',(-0.00656403068338357,0.799,-0.246363245886622));
#11523=CARTESIAN_POINT('',(-0.00656403068338357,0.8,-0.246363245886622));
#11524=CARTESIAN_POINT('',(-0.00656403068338357,0.799,-0.246363245886622));
#11525=CARTESIAN_POINT('Origin',(0.106969192062582,0.8,-0.246363245886622));
#11526=CARTESIAN_POINT('',(0.106969192062582,0.799,-0.246363245886622));
#11527=CARTESIAN_POINT('Origin',(0.050202580689599,0.799,-0.264596632837259));
#11528=CARTESIAN_POINT('Ctrl Pts',(-0.203970833402278,0.8,-0.398794360793946));
#11529=CARTESIAN_POINT('Ctrl Pts',(-0.203970833402278,0.799,-0.398794360793946));
#11530=CARTESIAN_POINT('Ctrl Pts',(-0.176985420715336,0.8,-0.398794360793946));
#11531=CARTESIAN_POINT('Ctrl Pts',(-0.176985420715336,0.799,-0.398794360793946));
#11532=CARTESIAN_POINT('Ctrl Pts',(-0.14076175864007,0.8,-0.390285446883649));
#11533=CARTESIAN_POINT('Ctrl Pts',(-0.14076175864007,0.799,-0.390285446883649));
#11534=CARTESIAN_POINT('Ctrl Pts',(-0.12471637812351,0.8,-0.380804085669318));
#11535=CARTESIAN_POINT('Ctrl Pts',(-0.12471637812351,0.799,-0.380804085669318));
#11536=CARTESIAN_POINT('',(-0.12471637812351,0.8,-0.380804085669318));
#11537=CARTESIAN_POINT('',(-0.203970833402278,0.8,-0.398794360793946));
#11538=CARTESIAN_POINT('Ctrl Pts',(-0.12471637812351,0.8,-0.380804085669318));
#11539=CARTESIAN_POINT('Ctrl Pts',(-0.14076175864007,0.8,-0.390285446883649));
#11540=CARTESIAN_POINT('Ctrl Pts',(-0.176985420715336,0.8,-0.398794360793946));
#11541=CARTESIAN_POINT('Ctrl Pts',(-0.203970833402278,0.8,-0.398794360793946));
#11542=CARTESIAN_POINT('',(-0.12471637812351,0.799,-0.380804085669318));
#11543=CARTESIAN_POINT('',(-0.12471637812351,0.8,-0.380804085669318));
#11544=CARTESIAN_POINT('',(-0.203970833402278,0.799,-0.398794360793946));
#11545=CARTESIAN_POINT('Ctrl Pts',(-0.12471637812351,0.799,-0.380804085669318));
#11546=CARTESIAN_POINT('Ctrl Pts',(-0.14076175864007,0.799,-0.390285446883649));
#11547=CARTESIAN_POINT('Ctrl Pts',(-0.176985420715336,0.799,-0.398794360793946));
#11548=CARTESIAN_POINT('Ctrl Pts',(-0.203970833402278,0.799,-0.398794360793946));
#11549=CARTESIAN_POINT('',(-0.203970833402278,0.8,-0.398794360793946));
#11550=CARTESIAN_POINT('Origin',(-0.234359811653339,0.8,-0.398794360793946));
#11551=CARTESIAN_POINT('',(-0.234359811653339,0.8,-0.398794360793946));
#11552=CARTESIAN_POINT('',(-0.11717990582667,0.8,-0.398794360793946));
#11553=CARTESIAN_POINT('',(-0.234359811653339,0.799,-0.398794360793946));
#11554=CARTESIAN_POINT('',(-0.210096828775973,0.799,-0.398794360793946));
#11555=CARTESIAN_POINT('',(-0.234359811653339,0.8,-0.398794360793946));
#11556=CARTESIAN_POINT('Origin',(-0.234359811653339,0.8,-0.16783812608588));
#11557=CARTESIAN_POINT('',(-0.234359811653339,0.8,-0.16783812608588));
#11558=CARTESIAN_POINT('',(-0.234359811653339,0.8,-0.08391906304294));
#11559=CARTESIAN_POINT('',(-0.234359811653339,0.799,-0.16783812608588));
#11560=CARTESIAN_POINT('',(-0.234359811653339,0.799,-0.225611273868614));
#11561=CARTESIAN_POINT('',(-0.234359811653339,0.8,-0.16783812608588));
#11562=CARTESIAN_POINT('Origin',(-0.203970833402278,0.8,-0.16783812608588));
#11563=CARTESIAN_POINT('',(-0.203970833402278,0.8,-0.16783812608588));
#11564=CARTESIAN_POINT('',(-0.101985416701139,0.8,-0.16783812608588));
#11565=CARTESIAN_POINT('',(-0.203970833402278,0.799,-0.16783812608588));
#11566=CARTESIAN_POINT('',(-0.194902339650443,0.799,-0.16783812608588));
#11567=CARTESIAN_POINT('',(-0.203970833402278,0.8,-0.16783812608588));
#11568=CARTESIAN_POINT('Ctrl Pts',(-0.121069700733383,0.8,-0.187773295818576));
#11569=CARTESIAN_POINT('Ctrl Pts',(-0.121069700733383,0.799,-0.187773295818576));
#11570=CARTESIAN_POINT('Ctrl Pts',(-0.137358193075952,0.8,-0.176347039996177));
#11571=CARTESIAN_POINT('Ctrl Pts',(-0.137358193075952,0.799,-0.176347039996177));
#11572=CARTESIAN_POINT('Ctrl Pts',(-0.177471644367352,0.8,-0.16783812608588));
#11573=CARTESIAN_POINT('Ctrl Pts',(-0.177471644367352,0.799,-0.16783812608588));
#11574=CARTESIAN_POINT('Ctrl Pts',(-0.203970833402278,0.8,-0.16783812608588));
#11575=CARTESIAN_POINT('Ctrl Pts',(-0.203970833402278,0.799,-0.16783812608588));
#11576=CARTESIAN_POINT('',(-0.121069700733383,0.8,-0.187773295818576));
#11577=CARTESIAN_POINT('Ctrl Pts',(-0.203970833402278,0.8,-0.16783812608588));
#11578=CARTESIAN_POINT('Ctrl Pts',(-0.177471644367352,0.8,-0.16783812608588));
#11579=CARTESIAN_POINT('Ctrl Pts',(-0.137358193075952,0.8,-0.176347039996177));
#11580=CARTESIAN_POINT('Ctrl Pts',(-0.121069700733383,0.8,-0.187773295818576));
#11581=CARTESIAN_POINT('',(-0.121069700733383,0.799,-0.187773295818576));
#11582=CARTESIAN_POINT('Ctrl Pts',(-0.203970833402278,0.799,-0.16783812608588));
#11583=CARTESIAN_POINT('Ctrl Pts',(-0.177471644367352,0.799,-0.16783812608588));
#11584=CARTESIAN_POINT('Ctrl Pts',(-0.137358193075952,0.799,-0.176347039996177));
#11585=CARTESIAN_POINT('Ctrl Pts',(-0.121069700733383,0.799,-0.187773295818576));
#11586=CARTESIAN_POINT('',(-0.121069700733383,0.8,-0.187773295818576));
#11587=CARTESIAN_POINT('Ctrl Pts',(-0.0792544666599223,0.8,-0.283559355265922));
#11588=CARTESIAN_POINT('Ctrl Pts',(-0.0792544666599223,0.799,-0.283559355265922));
#11589=CARTESIAN_POINT('Ctrl Pts',(-0.0792544666599223,0.8,-0.248551252320699));
#11590=CARTESIAN_POINT('Ctrl Pts',(-0.0792544666599223,0.799,-0.248551252320699));
#11591=CARTESIAN_POINT('Ctrl Pts',(-0.100162083696652,0.8,-0.201873781727069));
#11592=CARTESIAN_POINT('Ctrl Pts',(-0.100162083696652,0.799,-0.201873781727069));
#11593=CARTESIAN_POINT('Ctrl Pts',(-0.121069700733383,0.8,-0.187773295818576));
#11594=CARTESIAN_POINT('Ctrl Pts',(-0.121069700733383,0.799,-0.187773295818576));
#11595=CARTESIAN_POINT('',(-0.0792544666599223,0.8,-0.283559355265922));
#11596=CARTESIAN_POINT('Ctrl Pts',(-0.121069700733383,0.8,-0.187773295818576));
#11597=CARTESIAN_POINT('Ctrl Pts',(-0.100162083696652,0.8,-0.201873781727069));
#11598=CARTESIAN_POINT('Ctrl Pts',(-0.0792544666599223,0.8,-0.248551252320699));
#11599=CARTESIAN_POINT('Ctrl Pts',(-0.0792544666599223,0.8,-0.283559355265922));
#11600=CARTESIAN_POINT('',(-0.0792544666599223,0.799,-0.283559355265922));
#11601=CARTESIAN_POINT('Ctrl Pts',(-0.121069700733383,0.799,-0.187773295818576));
#11602=CARTESIAN_POINT('Ctrl Pts',(-0.100162083696652,0.799,-0.201873781727069));
#11603=CARTESIAN_POINT('Ctrl Pts',(-0.0792544666599223,0.799,-0.248551252320699));
#11604=CARTESIAN_POINT('Ctrl Pts',(-0.0792544666599223,0.799,-0.283559355265922));
#11605=CARTESIAN_POINT('',(-0.0792544666599223,0.8,-0.283559355265922));
#11606=CARTESIAN_POINT('Ctrl Pts',(-0.12471637812351,0.8,-0.380804085669318));
#11607=CARTESIAN_POINT('Ctrl Pts',(-0.12471637812351,0.799,-0.380804085669318));
#11608=CARTESIAN_POINT('Ctrl Pts',(-0.10210697830472,0.8,-0.366946711586834));
#11609=CARTESIAN_POINT('Ctrl Pts',(-0.10210697830472,0.799,-0.366946711586834));
#11610=CARTESIAN_POINT('Ctrl Pts',(-0.0792544666599223,0.8,-0.318081234559127));
#11611=CARTESIAN_POINT('Ctrl Pts',(-0.0792544666599223,0.799,-0.318081234559127));
#11612=CARTESIAN_POINT('Ctrl Pts',(-0.0792544666599223,0.8,-0.283559355265922));
#11613=CARTESIAN_POINT('Ctrl Pts',(-0.0792544666599223,0.799,-0.283559355265922));
#11614=CARTESIAN_POINT('Origin',(-0.926128363030977,0.8,0.420240944582285));
#11615=CARTESIAN_POINT('Origin',(-0.926128363030977,0.799,0.420240944582285));
#11616=CARTESIAN_POINT('Ctrl Pts',(-0.098460300914593,0.8,-0.40949128113832));
#11617=CARTESIAN_POINT('Ctrl Pts',(-0.098460300914593,0.799,-0.40949128113832));
#11618=CARTESIAN_POINT('Ctrl Pts',(-0.0695299936195827,0.8,-0.390285446883649));
#11619=CARTESIAN_POINT('Ctrl Pts',(-0.0695299936195827,0.799,-0.390285446883649));
#11620=CARTESIAN_POINT('Ctrl Pts',(-0.0376823444124704,0.8,-0.326833260295433));
#11621=CARTESIAN_POINT('Ctrl Pts',(-0.0376823444124704,0.799,-0.326833260295433));
#11622=CARTESIAN_POINT('Ctrl Pts',(-0.0376823444124704,0.8,-0.283073131613905));
#11623=CARTESIAN_POINT('Ctrl Pts',(-0.0376823444124704,0.799,-0.283073131613905));
#11624=CARTESIAN_POINT('',(-0.098460300914593,0.799,-0.40949128113832));
#11625=CARTESIAN_POINT('',(-0.098460300914593,0.8,-0.40949128113832));
#11626=CARTESIAN_POINT('',(-0.0376823444124704,0.799,-0.283073131613905));
#11627=CARTESIAN_POINT('Ctrl Pts',(-0.098460300914593,0.799,-0.40949128113832));
#11628=CARTESIAN_POINT('Ctrl Pts',(-0.0695299936195827,0.799,-0.390285446883649));
#11629=CARTESIAN_POINT('Ctrl Pts',(-0.0376823444124704,0.799,-0.326833260295433));
#11630=CARTESIAN_POINT('Ctrl Pts',(-0.0376823444124704,0.799,-0.283073131613905));
#11631=CARTESIAN_POINT('',(-0.0376823444124704,0.8,-0.283073131613905));
#11632=CARTESIAN_POINT('Ctrl Pts',(-0.205915728010346,0.8,-0.433316240087152));
#11633=CARTESIAN_POINT('Ctrl Pts',(-0.205915728010346,0.799,-0.433316240087152));
#11634=CARTESIAN_POINT('Ctrl Pts',(-0.163614270284869,0.8,-0.433316240087152));
#11635=CARTESIAN_POINT('Ctrl Pts',(-0.163614270284869,0.799,-0.433316240087152));
#11636=CARTESIAN_POINT('Ctrl Pts',(-0.115478128735187,0.8,-0.42067442513471));
#11637=CARTESIAN_POINT('Ctrl Pts',(-0.115478128735187,0.799,-0.42067442513471));
#11638=CARTESIAN_POINT('Ctrl Pts',(-0.098460300914593,0.8,-0.40949128113832));
#11639=CARTESIAN_POINT('Ctrl Pts',(-0.098460300914593,0.799,-0.40949128113832));
#11640=CARTESIAN_POINT('',(-0.205915728010346,0.799,-0.433316240087152));
#11641=CARTESIAN_POINT('',(-0.205915728010346,0.8,-0.433316240087152));
#11642=CARTESIAN_POINT('Ctrl Pts',(-0.205915728010346,0.799,-0.433316240087152));
#11643=CARTESIAN_POINT('Ctrl Pts',(-0.163614270284869,0.799,-0.433316240087152));
#11644=CARTESIAN_POINT('Ctrl Pts',(-0.115478128735187,0.799,-0.42067442513471));
#11645=CARTESIAN_POINT('Ctrl Pts',(-0.098460300914593,0.799,-0.40949128113832));
#11646=CARTESIAN_POINT('Origin',(-0.274230151118732,0.8,-0.433316240087152));
#11647=CARTESIAN_POINT('',(-0.274230151118732,0.799,-0.433316240087152));
#11648=CARTESIAN_POINT('',(-0.274230151118732,0.8,-0.433316240087152));
#11649=CARTESIAN_POINT('',(-0.274230151118732,0.799,-0.433316240087152));
#11650=CARTESIAN_POINT('Origin',(-0.274230151118732,0.8,-0.133316246792674));
#11651=CARTESIAN_POINT('',(-0.274230151118732,0.799,-0.133316246792674));
#11652=CARTESIAN_POINT('',(-0.274230151118732,0.8,-0.133316246792674));
#11653=CARTESIAN_POINT('',(-0.274230151118732,0.799,-0.133316246792674));
#11654=CARTESIAN_POINT('Origin',(-0.20518639253232,0.8,-0.133316246792674));
#11655=CARTESIAN_POINT('',(-0.20518639253232,0.799,-0.133316246792674));
#11656=CARTESIAN_POINT('',(-0.20518639253232,0.8,-0.133316246792674));
#11657=CARTESIAN_POINT('',(-0.20518639253232,0.799,-0.133316246792674));
#11658=CARTESIAN_POINT('Ctrl Pts',(-0.09894652456661,0.8,-0.157384317567515));
#11659=CARTESIAN_POINT('Ctrl Pts',(-0.09894652456661,0.799,-0.157384317567515));
#11660=CARTESIAN_POINT('Ctrl Pts',(-0.121799036211408,0.8,-0.143040719833014));
#11661=CARTESIAN_POINT('Ctrl Pts',(-0.121799036211408,0.799,-0.143040719833014));
#11662=CARTESIAN_POINT('Ctrl Pts',(-0.168719618631047,0.8,-0.133316246792674));
#11663=CARTESIAN_POINT('Ctrl Pts',(-0.168719618631047,0.799,-0.133316246792674));
#11664=CARTESIAN_POINT('Ctrl Pts',(-0.20518639253232,0.8,-0.133316246792674));
#11665=CARTESIAN_POINT('Ctrl Pts',(-0.20518639253232,0.799,-0.133316246792674));
#11666=CARTESIAN_POINT('',(-0.09894652456661,0.799,-0.157384317567515));
#11667=CARTESIAN_POINT('',(-0.09894652456661,0.8,-0.157384317567515));
#11668=CARTESIAN_POINT('Ctrl Pts',(-0.09894652456661,0.799,-0.157384317567515));
#11669=CARTESIAN_POINT('Ctrl Pts',(-0.121799036211408,0.799,-0.143040719833014));
#11670=CARTESIAN_POINT('Ctrl Pts',(-0.168719618631047,0.799,-0.133316246792674));
#11671=CARTESIAN_POINT('Ctrl Pts',(-0.20518639253232,0.799,-0.133316246792674));
#11672=CARTESIAN_POINT('Ctrl Pts',(-0.0376823444124704,0.8,-0.283073131613905));
#11673=CARTESIAN_POINT('Ctrl Pts',(-0.0376823444124704,0.799,-0.283073131613905));
#11674=CARTESIAN_POINT('Ctrl Pts',(-0.0376823444124704,0.8,-0.24198723301847));
#11675=CARTESIAN_POINT('Ctrl Pts',(-0.0376823444124704,0.799,-0.24198723301847));
#11676=CARTESIAN_POINT('Ctrl Pts',(-0.0709886645756336,0.8,-0.17586081634416));
#11677=CARTESIAN_POINT('Ctrl Pts',(-0.0709886645756336,0.799,-0.17586081634416));
#11678=CARTESIAN_POINT('Ctrl Pts',(-0.09894652456661,0.8,-0.157384317567515));
#11679=CARTESIAN_POINT('Ctrl Pts',(-0.09894652456661,0.799,-0.157384317567515));
#11680=CARTESIAN_POINT('Ctrl Pts',(-0.0376823444124704,0.799,-0.283073131613905));
#11681=CARTESIAN_POINT('Ctrl Pts',(-0.0376823444124704,0.799,-0.24198723301847));
#11682=CARTESIAN_POINT('Ctrl Pts',(-0.0709886645756336,0.799,-0.17586081634416));
#11683=CARTESIAN_POINT('Ctrl Pts',(-0.09894652456661,0.799,-0.157384317567515));
#11684=CARTESIAN_POINT('Origin',(-0.185833845898607,0.799,-0.283384421651348));
#11685=CARTESIAN_POINT('Origin',(-1.05,0.8,-1.05));
#11686=CARTESIAN_POINT('',(-0.9,0.799,-1.05));
#11687=CARTESIAN_POINT('Origin',(-1.05,0.799,-1.05));
#11688=CARTESIAN_POINT('Origin',(-1.05,0.799,-1.05));
#11689=CARTESIAN_POINT('Ctrl Pts',(-0.360048625699729,0.8,-0.154710087481422));
#11690=CARTESIAN_POINT('Ctrl Pts',(-0.360048625699729,0.799,-0.154710087481422));
#11691=CARTESIAN_POINT('Ctrl Pts',(-0.37439222343423,0.8,-0.140609601572929));
#11692=CARTESIAN_POINT('Ctrl Pts',(-0.37439222343423,0.799,-0.140609601572929));
#11693=CARTESIAN_POINT('Ctrl Pts',(-0.412317668291554,0.8,-0.126995339316454));
#11694=CARTESIAN_POINT('Ctrl Pts',(-0.412317668291554,0.799,-0.126995339316454));
#11695=CARTESIAN_POINT('Ctrl Pts',(-0.440032416456522,0.8,-0.126995339316454));
#11696=CARTESIAN_POINT('Ctrl Pts',(-0.440032416456522,0.799,-0.126995339316454));
#11697=CARTESIAN_POINT('',(-0.360048625699729,0.799,-0.154710087481422));
#11698=CARTESIAN_POINT('',(-0.360048625699729,0.8,-0.154710087481422));
#11699=CARTESIAN_POINT('',(-0.440032416456522,0.799,-0.126995339316454));
#11700=CARTESIAN_POINT('Ctrl Pts',(-0.360048625699729,0.799,-0.154710087481422));
#11701=CARTESIAN_POINT('Ctrl Pts',(-0.37439222343423,0.799,-0.140609601572929));
#11702=CARTESIAN_POINT('Ctrl Pts',(-0.412317668291554,0.799,-0.126995339316454));
#11703=CARTESIAN_POINT('Ctrl Pts',(-0.440032416456522,0.799,-0.126995339316454));
#11704=CARTESIAN_POINT('',(-0.440032416456522,0.8,-0.126995339316454));
#11705=CARTESIAN_POINT('Ctrl Pts',(-0.331361430230727,0.8,-0.246120134060614));
#11706=CARTESIAN_POINT('Ctrl Pts',(-0.331361430230727,0.799,-0.246120134060614));
#11707=CARTESIAN_POINT('Ctrl Pts',(-0.331361430230727,0.8,-0.214758708505519));
#11708=CARTESIAN_POINT('Ctrl Pts',(-0.331361430230727,0.799,-0.214758708505519));
#11709=CARTESIAN_POINT('Ctrl Pts',(-0.344003245183169,0.8,-0.170026132519956));
#11710=CARTESIAN_POINT('Ctrl Pts',(-0.344003245183169,0.799,-0.170026132519956));
#11711=CARTESIAN_POINT('Ctrl Pts',(-0.360048625699729,0.8,-0.154710087481422));
#11712=CARTESIAN_POINT('Ctrl Pts',(-0.360048625699729,0.799,-0.154710087481422));
#11713=CARTESIAN_POINT('',(-0.331361430230727,0.799,-0.246120134060614));
#11714=CARTESIAN_POINT('',(-0.331361430230727,0.8,-0.246120134060614));
#11715=CARTESIAN_POINT('Ctrl Pts',(-0.331361430230727,0.799,-0.246120134060614));
#11716=CARTESIAN_POINT('Ctrl Pts',(-0.331361430230727,0.799,-0.214758708505519));
#11717=CARTESIAN_POINT('Ctrl Pts',(-0.344003245183169,0.799,-0.170026132519956));
#11718=CARTESIAN_POINT('Ctrl Pts',(-0.360048625699729,0.799,-0.154710087481422));
#11719=CARTESIAN_POINT('Origin',(-0.331361430230727,0.8,-0.433316240087152));
#11720=CARTESIAN_POINT('',(-0.331361430230727,0.799,-0.433316240087152));
#11721=CARTESIAN_POINT('',(-0.331361430230727,0.8,-0.433316240087152));
#11722=CARTESIAN_POINT('',(-0.331361430230727,0.799,-0.433316240087152));
#11723=CARTESIAN_POINT('Origin',(-0.37123176969612,0.8,-0.433316240087152));
#11724=CARTESIAN_POINT('',(-0.37123176969612,0.799,-0.433316240087152));
#11725=CARTESIAN_POINT('',(-0.37123176969612,0.8,-0.433316240087152));
#11726=CARTESIAN_POINT('',(-0.37123176969612,0.799,-0.433316240087152));
#11727=CARTESIAN_POINT('Origin',(-0.37123176969612,0.8,-0.24514768675658));
#11728=CARTESIAN_POINT('',(-0.37123176969612,0.799,-0.24514768675658));
#11729=CARTESIAN_POINT('',(-0.37123176969612,0.8,-0.24514768675658));
#11730=CARTESIAN_POINT('',(-0.37123176969612,0.799,-0.24514768675658));
#11731=CARTESIAN_POINT('Ctrl Pts',(-0.38411669647457,0.8,-0.1855852893845));
#11732=CARTESIAN_POINT('Ctrl Pts',(-0.38411669647457,0.799,-0.1855852893845));
#11733=CARTESIAN_POINT('Ctrl Pts',(-0.376580229868306,0.8,-0.197011545206899));
#11734=CARTESIAN_POINT('Ctrl Pts',(-0.376580229868306,0.799,-0.197011545206899));
#11735=CARTESIAN_POINT('Ctrl Pts',(-0.37123176969612,0.8,-0.224969405197875));
#11736=CARTESIAN_POINT('Ctrl Pts',(-0.37123176969612,0.799,-0.224969405197875));
#11737=CARTESIAN_POINT('Ctrl Pts',(-0.37123176969612,0.8,-0.24514768675658));
#11738=CARTESIAN_POINT('Ctrl Pts',(-0.37123176969612,0.799,-0.24514768675658));
#11739=CARTESIAN_POINT('',(-0.38411669647457,0.799,-0.1855852893845));
#11740=CARTESIAN_POINT('',(-0.38411669647457,0.8,-0.1855852893845));
#11741=CARTESIAN_POINT('Ctrl Pts',(-0.38411669647457,0.799,-0.1855852893845));
#11742=CARTESIAN_POINT('Ctrl Pts',(-0.376580229868306,0.799,-0.197011545206899));
#11743=CARTESIAN_POINT('Ctrl Pts',(-0.37123176969612,0.799,-0.224969405197875));
#11744=CARTESIAN_POINT('Ctrl Pts',(-0.37123176969612,0.799,-0.24514768675658));
#11745=CARTESIAN_POINT('Ctrl Pts',(-0.440032416456522,0.8,-0.161030994957642));
#11746=CARTESIAN_POINT('Ctrl Pts',(-0.440032416456522,0.799,-0.161030994957642));
#11747=CARTESIAN_POINT('Ctrl Pts',(-0.421312805853869,0.8,-0.161030994957642));
#11748=CARTESIAN_POINT('Ctrl Pts',(-0.421312805853869,0.799,-0.161030994957642));
#11749=CARTESIAN_POINT('Ctrl Pts',(-0.39213938673285,0.8,-0.173429698084075));
#11750=CARTESIAN_POINT('Ctrl Pts',(-0.39213938673285,0.799,-0.173429698084075));
#11751=CARTESIAN_POINT('Ctrl Pts',(-0.38411669647457,0.8,-0.1855852893845));
#11752=CARTESIAN_POINT('Ctrl Pts',(-0.38411669647457,0.799,-0.1855852893845));
#11753=CARTESIAN_POINT('',(-0.440032416456522,0.799,-0.161030994957642));
#11754=CARTESIAN_POINT('',(-0.440032416456522,0.8,-0.161030994957642));
#11755=CARTESIAN_POINT('Ctrl Pts',(-0.440032416456522,0.799,-0.161030994957642));
#11756=CARTESIAN_POINT('Ctrl Pts',(-0.421312805853869,0.799,-0.161030994957642));
#11757=CARTESIAN_POINT('Ctrl Pts',(-0.39213938673285,0.799,-0.173429698084075));
#11758=CARTESIAN_POINT('Ctrl Pts',(-0.38411669647457,0.799,-0.1855852893845));
#11759=CARTESIAN_POINT('Ctrl Pts',(-0.495705024612467,0.8,-0.1855852893845));
#11760=CARTESIAN_POINT('Ctrl Pts',(-0.495705024612467,0.799,-0.1855852893845));
#11761=CARTESIAN_POINT('Ctrl Pts',(-0.487682334354187,0.8,-0.173429698084075));
#11762=CARTESIAN_POINT('Ctrl Pts',(-0.487682334354187,0.799,-0.173429698084075));
#11763=CARTESIAN_POINT('Ctrl Pts',(-0.459967586189219,0.8,-0.161030994957642));
#11764=CARTESIAN_POINT('Ctrl Pts',(-0.459967586189219,0.799,-0.161030994957642));
#11765=CARTESIAN_POINT('Ctrl Pts',(-0.440032416456522,0.8,-0.161030994957642));
#11766=CARTESIAN_POINT('Ctrl Pts',(-0.440032416456522,0.799,-0.161030994957642));
#11767=CARTESIAN_POINT('',(-0.495705024612467,0.799,-0.1855852893845));
#11768=CARTESIAN_POINT('',(-0.495705024612467,0.8,-0.1855852893845));
#11769=CARTESIAN_POINT('Ctrl Pts',(-0.495705024612467,0.799,-0.1855852893845));
#11770=CARTESIAN_POINT('Ctrl Pts',(-0.487682334354187,0.799,-0.173429698084075));
#11771=CARTESIAN_POINT('Ctrl Pts',(-0.459967586189219,0.799,-0.161030994957642));
#11772=CARTESIAN_POINT('Ctrl Pts',(-0.440032416456522,0.799,-0.161030994957642));
#11773=CARTESIAN_POINT('Ctrl Pts',(-0.508589951390917,0.8,-0.246120134060614));
#11774=CARTESIAN_POINT('Ctrl Pts',(-0.508589951390917,0.799,-0.246120134060614));
#11775=CARTESIAN_POINT('Ctrl Pts',(-0.508589951390917,0.8,-0.225212517023884));
#11776=CARTESIAN_POINT('Ctrl Pts',(-0.508589951390917,0.799,-0.225212517023884));
#11777=CARTESIAN_POINT('Ctrl Pts',(-0.50324149121873,0.8,-0.197011545206899));
#11778=CARTESIAN_POINT('Ctrl Pts',(-0.50324149121873,0.799,-0.197011545206899));
#11779=CARTESIAN_POINT('Ctrl Pts',(-0.495705024612467,0.8,-0.1855852893845));
#11780=CARTESIAN_POINT('Ctrl Pts',(-0.495705024612467,0.799,-0.1855852893845));
#11781=CARTESIAN_POINT('',(-0.508589951390917,0.799,-0.246120134060614));
#11782=CARTESIAN_POINT('',(-0.508589951390917,0.8,-0.246120134060614));
#11783=CARTESIAN_POINT('Ctrl Pts',(-0.508589951390917,0.799,-0.246120134060614));
#11784=CARTESIAN_POINT('Ctrl Pts',(-0.508589951390917,0.799,-0.225212517023884));
#11785=CARTESIAN_POINT('Ctrl Pts',(-0.50324149121873,0.799,-0.197011545206899));
#11786=CARTESIAN_POINT('Ctrl Pts',(-0.495705024612467,0.799,-0.1855852893845));
#11787=CARTESIAN_POINT('Origin',(-0.508589951390917,0.8,-0.433316240087152));
#11788=CARTESIAN_POINT('',(-0.508589951390917,0.799,-0.433316240087152));
#11789=CARTESIAN_POINT('',(-0.508589951390917,0.8,-0.433316240087152));
#11790=CARTESIAN_POINT('',(-0.508589951390917,0.799,-0.433316240087152));
#11791=CARTESIAN_POINT('Origin',(-0.548460290856309,0.8,-0.433316240087152));
#11792=CARTESIAN_POINT('',(-0.548460290856309,0.799,-0.433316240087152));
#11793=CARTESIAN_POINT('',(-0.548460290856309,0.8,-0.433316240087152));
#11794=CARTESIAN_POINT('',(-0.548460290856309,0.799,-0.433316240087152));
#11795=CARTESIAN_POINT('Origin',(-0.548460290856309,0.8,-0.246120134060614));
#11796=CARTESIAN_POINT('',(-0.548460290856309,0.799,-0.246120134060614));
#11797=CARTESIAN_POINT('',(-0.548460290856309,0.8,-0.246120134060614));
#11798=CARTESIAN_POINT('',(-0.548460290856309,0.799,-0.246120134060614));
#11799=CARTESIAN_POINT('Ctrl Pts',(-0.519773095387307,0.8,-0.154710087481422));
#11800=CARTESIAN_POINT('Ctrl Pts',(-0.519773095387307,0.799,-0.154710087481422));
#11801=CARTESIAN_POINT('Ctrl Pts',(-0.535575364077859,0.8,-0.170269244345965));
#11802=CARTESIAN_POINT('Ctrl Pts',(-0.535575364077859,0.799,-0.170269244345965));
#11803=CARTESIAN_POINT('Ctrl Pts',(-0.548460290856309,0.8,-0.214029373027493));
#11804=CARTESIAN_POINT('Ctrl Pts',(-0.548460290856309,0.799,-0.214029373027493));
#11805=CARTESIAN_POINT('Ctrl Pts',(-0.548460290856309,0.8,-0.246120134060614));
#11806=CARTESIAN_POINT('Ctrl Pts',(-0.548460290856309,0.799,-0.246120134060614));
#11807=CARTESIAN_POINT('',(-0.519773095387307,0.799,-0.154710087481422));
#11808=CARTESIAN_POINT('',(-0.519773095387307,0.8,-0.154710087481422));
#11809=CARTESIAN_POINT('Ctrl Pts',(-0.519773095387307,0.799,-0.154710087481422));
#11810=CARTESIAN_POINT('Ctrl Pts',(-0.535575364077859,0.799,-0.170269244345965));
#11811=CARTESIAN_POINT('Ctrl Pts',(-0.548460290856309,0.799,-0.214029373027493));
#11812=CARTESIAN_POINT('Ctrl Pts',(-0.548460290856309,0.799,-0.246120134060614));
#11813=CARTESIAN_POINT('Ctrl Pts',(-0.440032416456522,0.8,-0.126995339316454));
#11814=CARTESIAN_POINT('Ctrl Pts',(-0.440032416456522,0.799,-0.126995339316454));
#11815=CARTESIAN_POINT('Ctrl Pts',(-0.466531605491448,0.8,-0.126995339316454));
#11816=CARTESIAN_POINT('Ctrl Pts',(-0.466531605491448,0.799,-0.126995339316454));
#11817=CARTESIAN_POINT('Ctrl Pts',(-0.505915721304823,0.8,-0.140852713398938));
#11818=CARTESIAN_POINT('Ctrl Pts',(-0.505915721304823,0.799,-0.140852713398938));
#11819=CARTESIAN_POINT('Ctrl Pts',(-0.519773095387307,0.8,-0.154710087481422));
#11820=CARTESIAN_POINT('Ctrl Pts',(-0.519773095387307,0.799,-0.154710087481422));
#11821=CARTESIAN_POINT('Ctrl Pts',(-0.440032416456522,0.799,-0.126995339316454));
#11822=CARTESIAN_POINT('Ctrl Pts',(-0.466531605491448,0.799,-0.126995339316454));
#11823=CARTESIAN_POINT('Ctrl Pts',(-0.505915721304823,0.799,-0.140852713398938));
#11824=CARTESIAN_POINT('Ctrl Pts',(-0.519773095387307,0.799,-0.154710087481422));
#11825=CARTESIAN_POINT('Origin',(-0.439893660505913,0.799,-0.287139380029268));
#11826=CARTESIAN_POINT('Origin',(0.331847631120435,0.8,-0.168081237911889));
#11827=CARTESIAN_POINT('',(0.331847631120435,0.799,-0.168081237911889));
#11828=CARTESIAN_POINT('',(0.331847631120435,0.8,-0.168081237911889));
#11829=CARTESIAN_POINT('',(0.331847631120435,0.799,-0.133316246792674));
#11830=CARTESIAN_POINT('',(0.331847631120435,0.799,-0.168081237911889));
#11831=CARTESIAN_POINT('',(0.331847631120435,0.8,-0.133316246792674));
#11832=CARTESIAN_POINT('Origin',(0.18452186455929,0.8,-0.168081237911889));
#11833=CARTESIAN_POINT('',(0.18452186455929,0.799,-0.168081237911888));
#11834=CARTESIAN_POINT('',(0.18452186455929,0.8,-0.168081237911888));
#11835=CARTESIAN_POINT('',(0.18452186455929,0.799,-0.168081237911889));
#11836=CARTESIAN_POINT('Ctrl Pts',(0.263776319838058,0.8,-0.245877022234606));
#11837=CARTESIAN_POINT('Ctrl Pts',(0.263776319838058,0.799,-0.245877022234606));
#11838=CARTESIAN_POINT('Ctrl Pts',(0.244813597409396,0.8,-0.225212517023884));
#11839=CARTESIAN_POINT('Ctrl Pts',(0.244813597409396,0.799,-0.225212517023884));
#11840=CARTESIAN_POINT('Ctrl Pts',(0.198379238641774,0.8,-0.180966164690338));
#11841=CARTESIAN_POINT('Ctrl Pts',(0.198379238641774,0.799,-0.180966164690338));
#11842=CARTESIAN_POINT('Ctrl Pts',(0.18452186455929,0.8,-0.168081237911889));
#11843=CARTESIAN_POINT('Ctrl Pts',(0.18452186455929,0.799,-0.168081237911889));
#11844=CARTESIAN_POINT('',(0.263776319838058,0.799,-0.245877022234605));
#11845=CARTESIAN_POINT('',(0.263776319838058,0.8,-0.245877022234605));
#11846=CARTESIAN_POINT('Ctrl Pts',(0.263776319838058,0.799,-0.245877022234606));
#11847=CARTESIAN_POINT('Ctrl Pts',(0.244813597409396,0.799,-0.225212517023884));
#11848=CARTESIAN_POINT('Ctrl Pts',(0.198379238641774,0.799,-0.180966164690338));
#11849=CARTESIAN_POINT('Ctrl Pts',(0.18452186455929,0.799,-0.168081237911889));
#11850=CARTESIAN_POINT('Ctrl Pts',(0.303889771129459,0.8,-0.297173617522397));
#11851=CARTESIAN_POINT('Ctrl Pts',(0.303889771129459,0.799,-0.297173617522397));
#11852=CARTESIAN_POINT('Ctrl Pts',(0.296596416349204,0.8,-0.284045578917939));
#11853=CARTESIAN_POINT('Ctrl Pts',(0.296596416349204,0.799,-0.284045578917939));
#11854=CARTESIAN_POINT('Ctrl Pts',(0.275445687486466,0.8,-0.258275725361039));
#11855=CARTESIAN_POINT('Ctrl Pts',(0.275445687486466,0.799,-0.258275725361039));
#11856=CARTESIAN_POINT('Ctrl Pts',(0.263776319838058,0.8,-0.245877022234606));
#11857=CARTESIAN_POINT('Ctrl Pts',(0.263776319838058,0.799,-0.245877022234606));
#11858=CARTESIAN_POINT('',(0.303889771129459,0.799,-0.297173617522397));
#11859=CARTESIAN_POINT('',(0.303889771129459,0.8,-0.297173617522397));
#11860=CARTESIAN_POINT('Ctrl Pts',(0.303889771129459,0.799,-0.297173617522397));
#11861=CARTESIAN_POINT('Ctrl Pts',(0.296596416349204,0.799,-0.284045578917939));
#11862=CARTESIAN_POINT('Ctrl Pts',(0.275445687486466,0.799,-0.258275725361039));
#11863=CARTESIAN_POINT('Ctrl Pts',(0.263776319838058,0.799,-0.245877022234606));
#11864=CARTESIAN_POINT('Ctrl Pts',(0.319448927994002,0.8,-0.357222238546494));
#11865=CARTESIAN_POINT('Ctrl Pts',(0.319448927994002,0.799,-0.357222238546494));
#11866=CARTESIAN_POINT('Ctrl Pts',(0.319448927994002,0.8,-0.339475075247874));
#11867=CARTESIAN_POINT('Ctrl Pts',(0.319448927994002,0.799,-0.339475075247874));
#11868=CARTESIAN_POINT('Ctrl Pts',(0.311183125909714,0.8,-0.309815432474839));
#11869=CARTESIAN_POINT('Ctrl Pts',(0.311183125909714,0.799,-0.309815432474839));
#11870=CARTESIAN_POINT('Ctrl Pts',(0.303889771129459,0.8,-0.297173617522397));
#11871=CARTESIAN_POINT('Ctrl Pts',(0.303889771129459,0.799,-0.297173617522397));
#11872=CARTESIAN_POINT('',(0.319448927994002,0.799,-0.357222238546494));
#11873=CARTESIAN_POINT('',(0.319448927994002,0.8,-0.357222238546494));
#11874=CARTESIAN_POINT('Ctrl Pts',(0.319448927994002,0.799,-0.357222238546494));
#11875=CARTESIAN_POINT('Ctrl Pts',(0.319448927994002,0.799,-0.339475075247874));
#11876=CARTESIAN_POINT('Ctrl Pts',(0.311183125909714,0.799,-0.309815432474839));
#11877=CARTESIAN_POINT('Ctrl Pts',(0.303889771129459,0.799,-0.297173617522397));
#11878=CARTESIAN_POINT('Ctrl Pts',(0.229983776022878,0.8,-0.439637147563373));
#11879=CARTESIAN_POINT('Ctrl Pts',(0.229983776022878,0.799,-0.439637147563373));
#11880=CARTESIAN_POINT('Ctrl Pts',(0.272042121922347,0.8,-0.439637147563373));
#11881=CARTESIAN_POINT('Ctrl Pts',(0.272042121922347,0.799,-0.439637147563373));
#11882=CARTESIAN_POINT('Ctrl Pts',(0.319448927994002,0.8,-0.395147683403819));
#11883=CARTESIAN_POINT('Ctrl Pts',(0.319448927994002,0.799,-0.395147683403819));
#11884=CARTESIAN_POINT('Ctrl Pts',(0.319448927994002,0.8,-0.357222238546494));
#11885=CARTESIAN_POINT('Ctrl Pts',(0.319448927994002,0.799,-0.357222238546494));
#11886=CARTESIAN_POINT('',(0.229983776022878,0.799,-0.439637147563373));
#11887=CARTESIAN_POINT('',(0.229983776022878,0.8,-0.439637147563373));
#11888=CARTESIAN_POINT('Ctrl Pts',(0.229983776022878,0.799,-0.439637147563373));
#11889=CARTESIAN_POINT('Ctrl Pts',(0.272042121922347,0.799,-0.439637147563373));
#11890=CARTESIAN_POINT('Ctrl Pts',(0.319448927994002,0.799,-0.395147683403819));
#11891=CARTESIAN_POINT('Ctrl Pts',(0.319448927994002,0.799,-0.357222238546494));
#11892=CARTESIAN_POINT('Ctrl Pts',(0.153160439004195,0.8,-0.421646872438744));
#11893=CARTESIAN_POINT('Ctrl Pts',(0.153160439004195,0.799,-0.421646872438744));
#11894=CARTESIAN_POINT('Ctrl Pts',(0.165559142130628,0.8,-0.427724668088957));
#11895=CARTESIAN_POINT('Ctrl Pts',(0.165559142130628,0.799,-0.427724668088957));
#11896=CARTESIAN_POINT('Ctrl Pts',(0.210048606290182,0.8,-0.439637147563373));
#11897=CARTESIAN_POINT('Ctrl Pts',(0.210048606290182,0.799,-0.439637147563373));
#11898=CARTESIAN_POINT('Ctrl Pts',(0.229983776022878,0.8,-0.439637147563373));
#11899=CARTESIAN_POINT('Ctrl Pts',(0.229983776022878,0.799,-0.439637147563373));
#11900=CARTESIAN_POINT('',(0.153160439004195,0.799,-0.421646872438744));
#11901=CARTESIAN_POINT('',(0.153160439004195,0.8,-0.421646872438744));
#11902=CARTESIAN_POINT('Ctrl Pts',(0.153160439004195,0.799,-0.421646872438744));
#11903=CARTESIAN_POINT('Ctrl Pts',(0.165559142130628,0.799,-0.427724668088957));
#11904=CARTESIAN_POINT('Ctrl Pts',(0.210048606290182,0.799,-0.439637147563373));
#11905=CARTESIAN_POINT('Ctrl Pts',(0.229983776022878,0.799,-0.439637147563373));
#11906=CARTESIAN_POINT('Origin',(0.153160439004195,0.8,-0.37885919106125));
#11907=CARTESIAN_POINT('',(0.153160439004195,0.799,-0.37885919106125));
#11908=CARTESIAN_POINT('',(0.153160439004195,0.8,-0.37885919106125));
#11909=CARTESIAN_POINT('',(0.153160439004195,0.799,-0.37885919106125));
#11910=CARTESIAN_POINT('Origin',(0.155348445438271,0.8,-0.37885919106125));
#11911=CARTESIAN_POINT('',(0.155348445438271,0.799,-0.37885919106125));
#11912=CARTESIAN_POINT('',(0.155348445438271,0.8,-0.37885919106125));
#11913=CARTESIAN_POINT('',(0.155348445438271,0.799,-0.37885919106125));
#11914=CARTESIAN_POINT('Ctrl Pts',(0.18452186455929,0.8,-0.395390795229827));
#11915=CARTESIAN_POINT('Ctrl Pts',(0.18452186455929,0.799,-0.395390795229827));
#11916=CARTESIAN_POINT('Ctrl Pts',(0.176012950648993,0.8,-0.391987229665708));
#11917=CARTESIAN_POINT('Ctrl Pts',(0.176012950648993,0.799,-0.391987229665708));
#11918=CARTESIAN_POINT('Ctrl Pts',(0.160210681958441,0.8,-0.382262756625369));
#11919=CARTESIAN_POINT('Ctrl Pts',(0.160210681958441,0.799,-0.382262756625369));
#11920=CARTESIAN_POINT('Ctrl Pts',(0.155348445438271,0.8,-0.37885919106125));
#11921=CARTESIAN_POINT('Ctrl Pts',(0.155348445438271,0.799,-0.37885919106125));
#11922=CARTESIAN_POINT('',(0.18452186455929,0.799,-0.395390795229827));
#11923=CARTESIAN_POINT('',(0.18452186455929,0.8,-0.395390795229827));
#11924=CARTESIAN_POINT('Ctrl Pts',(0.18452186455929,0.799,-0.395390795229827));
#11925=CARTESIAN_POINT('Ctrl Pts',(0.176012950648993,0.799,-0.391987229665708));
#11926=CARTESIAN_POINT('Ctrl Pts',(0.160210681958441,0.799,-0.382262756625369));
#11927=CARTESIAN_POINT('Ctrl Pts',(0.155348445438271,0.799,-0.37885919106125));
#11928=CARTESIAN_POINT('Ctrl Pts',(0.227066434110776,0.8,-0.404872156444158));
#11929=CARTESIAN_POINT('Ctrl Pts',(0.227066434110776,0.799,-0.404872156444158));
#11930=CARTESIAN_POINT('Ctrl Pts',(0.216369513766402,0.8,-0.404872156444158));
#11931=CARTESIAN_POINT('Ctrl Pts',(0.216369513766402,0.799,-0.404872156444158));
#11932=CARTESIAN_POINT('Ctrl Pts',(0.194489449425638,0.8,-0.399523696271972));
#11933=CARTESIAN_POINT('Ctrl Pts',(0.194489449425638,0.799,-0.399523696271972));
#11934=CARTESIAN_POINT('Ctrl Pts',(0.18452186455929,0.8,-0.395390795229827));
#11935=CARTESIAN_POINT('Ctrl Pts',(0.18452186455929,0.799,-0.395390795229827));
#11936=CARTESIAN_POINT('',(0.227066434110776,0.799,-0.404872156444158));
#11937=CARTESIAN_POINT('',(0.227066434110776,0.8,-0.404872156444158));
#11938=CARTESIAN_POINT('Ctrl Pts',(0.227066434110776,0.799,-0.404872156444158));
#11939=CARTESIAN_POINT('Ctrl Pts',(0.216369513766402,0.799,-0.404872156444158));
#11940=CARTESIAN_POINT('Ctrl Pts',(0.194489449425638,0.799,-0.399523696271972));
#11941=CARTESIAN_POINT('Ctrl Pts',(0.18452186455929,0.799,-0.395390795229827));
#11942=CARTESIAN_POINT('Ctrl Pts',(0.263776319838058,0.8,-0.392716565143734));
#11943=CARTESIAN_POINT('Ctrl Pts',(0.263776319838058,0.799,-0.392716565143734));
#11944=CARTESIAN_POINT('Ctrl Pts',(0.256726076883812,0.8,-0.398794360793946));
#11945=CARTESIAN_POINT('Ctrl Pts',(0.256726076883812,0.799,-0.398794360793946));
#11946=CARTESIAN_POINT('Ctrl Pts',(0.238249578107167,0.8,-0.404872156444158));
#11947=CARTESIAN_POINT('Ctrl Pts',(0.238249578107167,0.799,-0.404872156444158));
#11948=CARTESIAN_POINT('Ctrl Pts',(0.227066434110776,0.8,-0.404872156444158));
#11949=CARTESIAN_POINT('Ctrl Pts',(0.227066434110776,0.799,-0.404872156444158));
#11950=CARTESIAN_POINT('',(0.263776319838058,0.799,-0.392716565143734));
#11951=CARTESIAN_POINT('',(0.263776319838058,0.8,-0.392716565143734));
#11952=CARTESIAN_POINT('Origin',(0.0973966254975867,0.799,-0.189389773014147));
#11953=CARTESIAN_POINT('Ctrl Pts',(0.278606141224576,0.8,-0.355034232112418));
#11954=CARTESIAN_POINT('Ctrl Pts',(0.278606141224576,0.799,-0.355034232112418));
#11955=CARTESIAN_POINT('Ctrl Pts',(0.278606141224576,0.8,-0.367676047064859));
#11956=CARTESIAN_POINT('Ctrl Pts',(0.278606141224576,0.799,-0.367676047064859));
#11957=CARTESIAN_POINT('Ctrl Pts',(0.270826562792304,0.8,-0.386638769493522));
#11958=CARTESIAN_POINT('Ctrl Pts',(0.270826562792304,0.799,-0.386638769493522));
#11959=CARTESIAN_POINT('Ctrl Pts',(0.263776319838058,0.8,-0.392716565143734));
#11960=CARTESIAN_POINT('Ctrl Pts',(0.263776319838058,0.799,-0.392716565143734));
#11961=CARTESIAN_POINT('',(0.278606141224576,0.799,-0.355034232112418));
#11962=CARTESIAN_POINT('',(0.278606141224576,0.8,-0.355034232112418));
#11963=CARTESIAN_POINT('Ctrl Pts',(0.278606141224576,0.799,-0.355034232112418));
#11964=CARTESIAN_POINT('Ctrl Pts',(0.278606141224576,0.799,-0.367676047064859));
#11965=CARTESIAN_POINT('Ctrl Pts',(0.270826562792304,0.799,-0.386638769493522));
#11966=CARTESIAN_POINT('Ctrl Pts',(0.263776319838058,0.799,-0.392716565143734));
#11967=CARTESIAN_POINT('Ctrl Pts',(0.219286855678504,0.8,-0.248065028668682));
#11968=CARTESIAN_POINT('Ctrl Pts',(0.219286855678504,0.799,-0.248065028668682));
#11969=CARTESIAN_POINT('Ctrl Pts',(0.253565623145701,0.8,-0.285747361699998));
#11970=CARTESIAN_POINT('Ctrl Pts',(0.253565623145701,0.799,-0.285747361699998));
#11971=CARTESIAN_POINT('Ctrl Pts',(0.278606141224576,0.8,-0.330966161337577));
#11972=CARTESIAN_POINT('Ctrl Pts',(0.278606141224576,0.799,-0.330966161337577));
#11973=CARTESIAN_POINT('Ctrl Pts',(0.278606141224576,0.8,-0.355034232112418));
#11974=CARTESIAN_POINT('Ctrl Pts',(0.278606141224576,0.799,-0.355034232112418));
#11975=CARTESIAN_POINT('',(0.219286855678504,0.799,-0.248065028668682));
#11976=CARTESIAN_POINT('',(0.219286855678504,0.8,-0.248065028668682));
#11977=CARTESIAN_POINT('Ctrl Pts',(0.219286855678504,0.799,-0.248065028668682));
#11978=CARTESIAN_POINT('Ctrl Pts',(0.253565623145701,0.799,-0.285747361699998));
#11979=CARTESIAN_POINT('Ctrl Pts',(0.278606141224576,0.799,-0.330966161337577));
#11980=CARTESIAN_POINT('Ctrl Pts',(0.278606141224576,0.799,-0.355034232112418));
#11981=CARTESIAN_POINT('Ctrl Pts',(0.146839531527974,0.8,-0.17586081634416));
#11982=CARTESIAN_POINT('Ctrl Pts',(0.146839531527974,0.799,-0.17586081634416));
#11983=CARTESIAN_POINT('Ctrl Pts',(0.16677470126067,0.8,-0.194580426946814));
#11984=CARTESIAN_POINT('Ctrl Pts',(0.16677470126067,0.799,-0.194580426946814));
#11985=CARTESIAN_POINT('Ctrl Pts',(0.20226902785791,0.8,-0.229345418066028));
#11986=CARTESIAN_POINT('Ctrl Pts',(0.20226902785791,0.799,-0.229345418066028));
#11987=CARTESIAN_POINT('Ctrl Pts',(0.219286855678504,0.8,-0.248065028668682));
#11988=CARTESIAN_POINT('Ctrl Pts',(0.219286855678504,0.799,-0.248065028668682));
#11989=CARTESIAN_POINT('',(0.146839531527974,0.799,-0.17586081634416));
#11990=CARTESIAN_POINT('',(0.146839531527974,0.8,-0.17586081634416));
#11991=CARTESIAN_POINT('Ctrl Pts',(0.146839531527974,0.799,-0.17586081634416));
#11992=CARTESIAN_POINT('Ctrl Pts',(0.16677470126067,0.799,-0.194580426946814));
#11993=CARTESIAN_POINT('Ctrl Pts',(0.20226902785791,0.799,-0.229345418066028));
#11994=CARTESIAN_POINT('Ctrl Pts',(0.219286855678504,0.799,-0.248065028668682));
#11995=CARTESIAN_POINT('Origin',(0.146839531527974,0.8,-0.133316246792674));
#11996=CARTESIAN_POINT('',(0.146839531527974,0.799,-0.133316246792674));
#11997=CARTESIAN_POINT('',(0.146839531527974,0.8,-0.133316246792674));
#11998=CARTESIAN_POINT('',(0.146839531527974,0.799,-0.133316246792674));
#11999=CARTESIAN_POINT('Origin',(0.331847631120435,0.8,-0.133316246792674));
#12000=CARTESIAN_POINT('',(0.331847631120435,0.799,-0.133316246792674));
#12001=CARTESIAN_POINT('Origin',(0.239770865877633,0.799,-0.261585982114258));
#12002=CARTESIAN_POINT('Origin',(-0.301580257695681,0.8,0.060625812038779));
#12003=CARTESIAN_POINT('',(-0.301580257695681,0.799,0.060625812038779));
#12004=CARTESIAN_POINT('',(-0.301580257695681,0.8,0.060625812038779));
#12005=CARTESIAN_POINT('',(-0.301580257695681,0.799,0.360625805333256));
#12006=CARTESIAN_POINT('',(-0.301580257695681,0.799,0.060625812038779));
#12007=CARTESIAN_POINT('',(-0.301580257695681,0.8,0.360625805333256));
#12008=CARTESIAN_POINT('Origin',(-0.33877636707498,0.8,0.060625812038779));
#12009=CARTESIAN_POINT('',(-0.33877636707498,0.799,0.060625812038779));
#12010=CARTESIAN_POINT('',(-0.33877636707498,0.8,0.060625812038779));
#12011=CARTESIAN_POINT('',(-0.33877636707498,0.799,0.060625812038779));
#12012=CARTESIAN_POINT('Origin',(-0.33877636707498,0.8,0.298146066049074));
#12013=CARTESIAN_POINT('',(-0.33877636707498,0.799,0.298146066049074));
#12014=CARTESIAN_POINT('',(-0.33877636707498,0.8,0.298146066049074));
#12015=CARTESIAN_POINT('',(-0.33877636707498,0.799,0.298146066049074));
#12016=CARTESIAN_POINT('Origin',(-0.4596029446012,0.8,0.060625812038779));
#12017=CARTESIAN_POINT('',(-0.4596029446012,0.799,0.060625812038779));
#12018=CARTESIAN_POINT('',(-0.4596029446012,0.8,0.060625812038779));
#12019=CARTESIAN_POINT('',(-0.4596029446012,0.799,0.060625812038779));
#12020=CARTESIAN_POINT('Origin',(-0.516248000061179,0.8,0.060625812038779));
#12021=CARTESIAN_POINT('',(-0.516248000061179,0.799,0.060625812038779));
#12022=CARTESIAN_POINT('',(-0.516248000061179,0.8,0.060625812038779));
#12023=CARTESIAN_POINT('',(-0.516248000061179,0.799,0.060625812038779));
#12024=CARTESIAN_POINT('Origin',(-0.516248000061179,0.8,0.360625805333256));
#12025=CARTESIAN_POINT('',(-0.516248000061179,0.799,0.360625805333256));
#12026=CARTESIAN_POINT('',(-0.516248000061179,0.8,0.360625805333256));
#12027=CARTESIAN_POINT('',(-0.516248000061179,0.799,0.360625805333256));
#12028=CARTESIAN_POINT('Origin',(-0.47905189068188,0.8,0.360625805333256));
#12029=CARTESIAN_POINT('',(-0.47905189068188,0.799,0.360625805333256));
#12030=CARTESIAN_POINT('',(-0.47905189068188,0.8,0.360625805333256));
#12031=CARTESIAN_POINT('',(-0.47905189068188,0.799,0.360625805333256));
#12032=CARTESIAN_POINT('Origin',(-0.47905189068188,0.8,0.101954822460222));
#12033=CARTESIAN_POINT('',(-0.47905189068188,0.799,0.101954822460222));
#12034=CARTESIAN_POINT('',(-0.47905189068188,0.8,0.101954822460222));
#12035=CARTESIAN_POINT('',(-0.47905189068188,0.799,0.101954822460222));
#12036=CARTESIAN_POINT('Origin',(-0.346312833681244,0.8,0.360625805333256));
#12037=CARTESIAN_POINT('',(-0.346312833681244,0.799,0.360625805333256));
#12038=CARTESIAN_POINT('',(-0.346312833681244,0.8,0.360625805333256));
#12039=CARTESIAN_POINT('',(-0.346312833681244,0.799,0.360625805333256));
#12040=CARTESIAN_POINT('Origin',(-0.301580257695681,0.8,0.360625805333256));
#12041=CARTESIAN_POINT('',(-0.301580257695681,0.799,0.360625805333256));
#12042=CARTESIAN_POINT('Origin',(-0.409276250818253,0.799,0.207248002873448));
#12043=CARTESIAN_POINT('Origin',(0.0854537693098357,0.8,0.325860814214042));
#12044=CARTESIAN_POINT('',(0.0854537693098357,0.799,0.325860814214042));
#12045=CARTESIAN_POINT('',(0.0854537693098357,0.8,0.325860814214042));
#12046=CARTESIAN_POINT('',(0.0854537693098357,0.799,0.360625805333256));
#12047=CARTESIAN_POINT('',(0.0854537693098357,0.799,0.325860814214042));
#12048=CARTESIAN_POINT('',(0.0854537693098357,0.8,0.360625805333256));
#12049=CARTESIAN_POINT('Origin',(-0.0618719972513097,0.8,0.325860814214042));
#12050=CARTESIAN_POINT('',(-0.0618719972513097,0.799,0.325860814214042));
#12051=CARTESIAN_POINT('',(-0.0618719972513097,0.8,0.325860814214042));
#12052=CARTESIAN_POINT('',(-0.0618719972513097,0.799,0.325860814214042));
#12053=CARTESIAN_POINT('Ctrl Pts',(0.0173824580274583,0.8,0.248065029891325));
#12054=CARTESIAN_POINT('Ctrl Pts',(0.0173824580274583,0.799,0.248065029891325));
#12055=CARTESIAN_POINT('Ctrl Pts',(-0.00158026440120399,0.8,0.268729535102047));
#12056=CARTESIAN_POINT('Ctrl Pts',(-0.00158026440120399,0.799,0.268729535102047));
#12057=CARTESIAN_POINT('Ctrl Pts',(-0.0480146231688257,0.8,0.312975887435592));
#12058=CARTESIAN_POINT('Ctrl Pts',(-0.0480146231688257,0.799,0.312975887435592));
#12059=CARTESIAN_POINT('Ctrl Pts',(-0.0618719972513097,0.8,0.325860814214042));
#12060=CARTESIAN_POINT('Ctrl Pts',(-0.0618719972513097,0.799,0.325860814214042));
#12061=CARTESIAN_POINT('',(0.0173824580274583,0.799,0.248065029891325));
#12062=CARTESIAN_POINT('',(0.0173824580274583,0.8,0.248065029891325));
#12063=CARTESIAN_POINT('Ctrl Pts',(0.0173824580274583,0.799,0.248065029891325));
#12064=CARTESIAN_POINT('Ctrl Pts',(-0.00158026440120399,0.799,0.268729535102047));
#12065=CARTESIAN_POINT('Ctrl Pts',(-0.0480146231688257,0.799,0.312975887435592));
#12066=CARTESIAN_POINT('Ctrl Pts',(-0.0618719972513097,0.799,0.325860814214042));
#12067=CARTESIAN_POINT('Ctrl Pts',(0.0574959093188592,0.8,0.196768434603534));
#12068=CARTESIAN_POINT('Ctrl Pts',(0.0574959093188592,0.799,0.196768434603534));
#12069=CARTESIAN_POINT('Ctrl Pts',(0.0502025545386045,0.8,0.209896473207992));
#12070=CARTESIAN_POINT('Ctrl Pts',(0.0502025545386045,0.799,0.209896473207992));
#12071=CARTESIAN_POINT('Ctrl Pts',(0.0290518256758658,0.8,0.235666326764892));
#12072=CARTESIAN_POINT('Ctrl Pts',(0.0290518256758658,0.799,0.235666326764892));
#12073=CARTESIAN_POINT('Ctrl Pts',(0.0173824580274583,0.8,0.248065029891325));
#12074=CARTESIAN_POINT('Ctrl Pts',(0.0173824580274583,0.799,0.248065029891325));
#12075=CARTESIAN_POINT('',(0.0574959093188592,0.799,0.196768434603534));
#12076=CARTESIAN_POINT('',(0.0574959093188592,0.8,0.196768434603534));
#12077=CARTESIAN_POINT('Ctrl Pts',(0.0574959093188592,0.799,0.196768434603534));
#12078=CARTESIAN_POINT('Ctrl Pts',(0.0502025545386045,0.799,0.209896473207992));
#12079=CARTESIAN_POINT('Ctrl Pts',(0.0290518256758658,0.799,0.235666326764892));
#12080=CARTESIAN_POINT('Ctrl Pts',(0.0173824580274583,0.799,0.248065029891325));
#12081=CARTESIAN_POINT('Ctrl Pts',(0.0730550661834027,0.8,0.136719813579437));
#12082=CARTESIAN_POINT('Ctrl Pts',(0.0730550661834027,0.799,0.136719813579437));
#12083=CARTESIAN_POINT('Ctrl Pts',(0.0730550661834027,0.8,0.154466976878056));
#12084=CARTESIAN_POINT('Ctrl Pts',(0.0730550661834027,0.799,0.154466976878056));
#12085=CARTESIAN_POINT('Ctrl Pts',(0.064789264099114,0.8,0.184126619651092));
#12086=CARTESIAN_POINT('Ctrl Pts',(0.064789264099114,0.799,0.184126619651092));
#12087=CARTESIAN_POINT('Ctrl Pts',(0.0574959093188592,0.8,0.196768434603534));
#12088=CARTESIAN_POINT('Ctrl Pts',(0.0574959093188592,0.799,0.196768434603534));
#12089=CARTESIAN_POINT('',(0.0730550661834027,0.799,0.136719813579437));
#12090=CARTESIAN_POINT('',(0.0730550661834027,0.8,0.136719813579437));
#12091=CARTESIAN_POINT('Ctrl Pts',(0.0730550661834027,0.799,0.136719813579437));
#12092=CARTESIAN_POINT('Ctrl Pts',(0.0730550661834027,0.799,0.154466976878056));
#12093=CARTESIAN_POINT('Ctrl Pts',(0.064789264099114,0.799,0.184126619651092));
#12094=CARTESIAN_POINT('Ctrl Pts',(0.0574959093188592,0.799,0.196768434603534));
#12095=CARTESIAN_POINT('Ctrl Pts',(-0.0164100857877219,0.8,0.0543049045625582));
#12096=CARTESIAN_POINT('Ctrl Pts',(-0.0164100857877219,0.799,0.0543049045625582));
#12097=CARTESIAN_POINT('Ctrl Pts',(0.025648260111747,0.8,0.0543049045625582));
#12098=CARTESIAN_POINT('Ctrl Pts',(0.025648260111747,0.799,0.0543049045625582));
#12099=CARTESIAN_POINT('Ctrl Pts',(0.0730550661834027,0.8,0.098794368722112));
#12100=CARTESIAN_POINT('Ctrl Pts',(0.0730550661834027,0.799,0.098794368722112));
#12101=CARTESIAN_POINT('Ctrl Pts',(0.0730550661834027,0.8,0.136719813579437));
#12102=CARTESIAN_POINT('Ctrl Pts',(0.0730550661834027,0.799,0.136719813579437));
#12103=CARTESIAN_POINT('',(-0.0164100857877219,0.799,0.0543049045625582));
#12104=CARTESIAN_POINT('',(-0.0164100857877219,0.8,0.0543049045625582));
#12105=CARTESIAN_POINT('Ctrl Pts',(-0.0164100857877219,0.799,0.0543049045625582));
#12106=CARTESIAN_POINT('Ctrl Pts',(0.025648260111747,0.799,0.0543049045625582));
#12107=CARTESIAN_POINT('Ctrl Pts',(0.0730550661834027,0.799,0.098794368722112));
#12108=CARTESIAN_POINT('Ctrl Pts',(0.0730550661834027,0.799,0.136719813579437));
#12109=CARTESIAN_POINT('Ctrl Pts',(-0.093233422806405,0.8,0.0722951796871865));
#12110=CARTESIAN_POINT('Ctrl Pts',(-0.093233422806405,0.799,0.0722951796871865));
#12111=CARTESIAN_POINT('Ctrl Pts',(-0.0808347196799719,0.8,0.0662173840369743));
#12112=CARTESIAN_POINT('Ctrl Pts',(-0.0808347196799719,0.799,0.0662173840369743));
#12113=CARTESIAN_POINT('Ctrl Pts',(-0.0363452555204181,0.8,0.0543049045625582));
#12114=CARTESIAN_POINT('Ctrl Pts',(-0.0363452555204181,0.799,0.0543049045625582));
#12115=CARTESIAN_POINT('Ctrl Pts',(-0.0164100857877219,0.8,0.0543049045625582));
#12116=CARTESIAN_POINT('Ctrl Pts',(-0.0164100857877219,0.799,0.0543049045625582));
#12117=CARTESIAN_POINT('',(-0.093233422806405,0.799,0.0722951796871865));
#12118=CARTESIAN_POINT('',(-0.093233422806405,0.8,0.0722951796871865));
#12119=CARTESIAN_POINT('Ctrl Pts',(-0.093233422806405,0.799,0.0722951796871865));
#12120=CARTESIAN_POINT('Ctrl Pts',(-0.0808347196799719,0.799,0.0662173840369743));
#12121=CARTESIAN_POINT('Ctrl Pts',(-0.0363452555204181,0.799,0.0543049045625582));
#12122=CARTESIAN_POINT('Ctrl Pts',(-0.0164100857877219,0.799,0.0543049045625582));
#12123=CARTESIAN_POINT('Origin',(-0.093233422806405,0.8,0.115082861064681));
#12124=CARTESIAN_POINT('',(-0.093233422806405,0.799,0.115082861064681));
#12125=CARTESIAN_POINT('',(-0.093233422806405,0.8,0.115082861064681));
#12126=CARTESIAN_POINT('',(-0.093233422806405,0.799,0.115082861064681));
#12127=CARTESIAN_POINT('Origin',(-0.0910454163723285,0.8,0.115082861064681));
#12128=CARTESIAN_POINT('',(-0.0910454163723285,0.799,0.115082861064681));
#12129=CARTESIAN_POINT('',(-0.0910454163723285,0.8,0.115082861064681));
#12130=CARTESIAN_POINT('',(-0.0910454163723285,0.799,0.115082861064681));
#12131=CARTESIAN_POINT('Ctrl Pts',(-0.0618719972513097,0.8,0.0985512568961035));
#12132=CARTESIAN_POINT('Ctrl Pts',(-0.0618719972513097,0.799,0.0985512568961035));
#12133=CARTESIAN_POINT('Ctrl Pts',(-0.0703809111616068,0.8,0.101954822460222));
#12134=CARTESIAN_POINT('Ctrl Pts',(-0.0703809111616068,0.799,0.101954822460222));
#12135=CARTESIAN_POINT('Ctrl Pts',(-0.0861831798521587,0.8,0.111679295500562));
#12136=CARTESIAN_POINT('Ctrl Pts',(-0.0861831798521587,0.799,0.111679295500562));
#12137=CARTESIAN_POINT('Ctrl Pts',(-0.0910454163723285,0.8,0.115082861064681));
#12138=CARTESIAN_POINT('Ctrl Pts',(-0.0910454163723285,0.799,0.115082861064681));
#12139=CARTESIAN_POINT('',(-0.0618719972513097,0.799,0.0985512568961035));
#12140=CARTESIAN_POINT('',(-0.0618719972513097,0.8,0.0985512568961035));
#12141=CARTESIAN_POINT('Ctrl Pts',(-0.0618719972513097,0.799,0.0985512568961035));
#12142=CARTESIAN_POINT('Ctrl Pts',(-0.0703809111616068,0.799,0.101954822460222));
#12143=CARTESIAN_POINT('Ctrl Pts',(-0.0861831798521587,0.799,0.111679295500562));
#12144=CARTESIAN_POINT('Ctrl Pts',(-0.0910454163723285,0.799,0.115082861064681));
#12145=CARTESIAN_POINT('Ctrl Pts',(-0.0193274276998238,0.8,0.0890698956817724));
#12146=CARTESIAN_POINT('Ctrl Pts',(-0.0193274276998238,0.799,0.0890698956817724));
#12147=CARTESIAN_POINT('Ctrl Pts',(-0.0300243480441974,0.8,0.0890698956817724));
#12148=CARTESIAN_POINT('Ctrl Pts',(-0.0300243480441974,0.799,0.0890698956817724));
#12149=CARTESIAN_POINT('Ctrl Pts',(-0.0519044123849615,0.8,0.0944183558539592));
#12150=CARTESIAN_POINT('Ctrl Pts',(-0.0519044123849615,0.799,0.0944183558539592));
#12151=CARTESIAN_POINT('Ctrl Pts',(-0.0618719972513097,0.8,0.0985512568961035));
#12152=CARTESIAN_POINT('Ctrl Pts',(-0.0618719972513097,0.799,0.0985512568961035));
#12153=CARTESIAN_POINT('',(-0.0193274276998238,0.799,0.0890698956817724));
#12154=CARTESIAN_POINT('',(-0.0193274276998238,0.8,0.0890698956817724));
#12155=CARTESIAN_POINT('Ctrl Pts',(-0.0193274276998238,0.799,0.0890698956817724));
#12156=CARTESIAN_POINT('Ctrl Pts',(-0.0300243480441974,0.799,0.0890698956817724));
#12157=CARTESIAN_POINT('Ctrl Pts',(-0.0519044123849615,0.799,0.0944183558539592));
#12158=CARTESIAN_POINT('Ctrl Pts',(-0.0618719972513097,0.799,0.0985512568961035));
#12159=CARTESIAN_POINT('Ctrl Pts',(0.0173824580274583,0.8,0.101225486982197));
#12160=CARTESIAN_POINT('Ctrl Pts',(0.0173824580274583,0.799,0.101225486982197));
#12161=CARTESIAN_POINT('Ctrl Pts',(0.0103322150732121,0.8,0.0951476913319847));
#12162=CARTESIAN_POINT('Ctrl Pts',(0.0103322150732121,0.799,0.0951476913319847));
#12163=CARTESIAN_POINT('Ctrl Pts',(-0.00814428370343323,0.8,0.0890698956817724));
#12164=CARTESIAN_POINT('Ctrl Pts',(-0.00814428370343323,0.799,0.0890698956817724));
#12165=CARTESIAN_POINT('Ctrl Pts',(-0.0193274276998238,0.8,0.0890698956817724));
#12166=CARTESIAN_POINT('Ctrl Pts',(-0.0193274276998238,0.799,0.0890698956817724));
#12167=CARTESIAN_POINT('',(0.0173824580274583,0.799,0.101225486982197));
#12168=CARTESIAN_POINT('',(0.0173824580274583,0.8,0.101225486982197));
#12169=CARTESIAN_POINT('Origin',(-0.148997236312811,0.799,0.3045522791115));
#12170=CARTESIAN_POINT('Ctrl Pts',(0.0322122794139762,0.8,0.138907820013513));
#12171=CARTESIAN_POINT('Ctrl Pts',(0.0322122794139762,0.799,0.138907820013513));
#12172=CARTESIAN_POINT('Ctrl Pts',(0.0322122794139762,0.8,0.126266005061071));
#12173=CARTESIAN_POINT('Ctrl Pts',(0.0322122794139762,0.799,0.126266005061071));
#12174=CARTESIAN_POINT('Ctrl Pts',(0.0244327009817045,0.8,0.107303282632409));
#12175=CARTESIAN_POINT('Ctrl Pts',(0.0244327009817045,0.799,0.107303282632409));
#12176=CARTESIAN_POINT('Ctrl Pts',(0.0173824580274583,0.8,0.101225486982197));
#12177=CARTESIAN_POINT('Ctrl Pts',(0.0173824580274583,0.799,0.101225486982197));
#12178=CARTESIAN_POINT('',(0.0322122794139762,0.799,0.138907820013513));
#12179=CARTESIAN_POINT('',(0.0322122794139762,0.8,0.138907820013513));
#12180=CARTESIAN_POINT('Ctrl Pts',(0.0322122794139762,0.799,0.138907820013513));
#12181=CARTESIAN_POINT('Ctrl Pts',(0.0322122794139762,0.799,0.126266005061071));
#12182=CARTESIAN_POINT('Ctrl Pts',(0.0244327009817045,0.799,0.107303282632409));
#12183=CARTESIAN_POINT('Ctrl Pts',(0.0173824580274583,0.799,0.101225486982197));
#12184=CARTESIAN_POINT('Ctrl Pts',(-0.0271070061320955,0.8,0.245877023457249));
#12185=CARTESIAN_POINT('Ctrl Pts',(-0.0271070061320955,0.799,0.245877023457249));
#12186=CARTESIAN_POINT('Ctrl Pts',(0.00717176133510168,0.8,0.208194690425933));
#12187=CARTESIAN_POINT('Ctrl Pts',(0.00717176133510168,0.799,0.208194690425933));
#12188=CARTESIAN_POINT('Ctrl Pts',(0.0322122794139762,0.8,0.162975890788354));
#12189=CARTESIAN_POINT('Ctrl Pts',(0.0322122794139762,0.799,0.162975890788354));
#12190=CARTESIAN_POINT('Ctrl Pts',(0.0322122794139762,0.8,0.138907820013513));
#12191=CARTESIAN_POINT('Ctrl Pts',(0.0322122794139762,0.799,0.138907820013513));
#12192=CARTESIAN_POINT('',(-0.0271070061320955,0.799,0.245877023457249));
#12193=CARTESIAN_POINT('',(-0.0271070061320955,0.8,0.245877023457249));
#12194=CARTESIAN_POINT('Ctrl Pts',(-0.0271070061320955,0.799,0.245877023457249));
#12195=CARTESIAN_POINT('Ctrl Pts',(0.00717176133510168,0.799,0.208194690425933));
#12196=CARTESIAN_POINT('Ctrl Pts',(0.0322122794139762,0.799,0.162975890788354));
#12197=CARTESIAN_POINT('Ctrl Pts',(0.0322122794139762,0.799,0.138907820013513));
#12198=CARTESIAN_POINT('Ctrl Pts',(-0.0995543302826257,0.8,0.318081235781771));
#12199=CARTESIAN_POINT('Ctrl Pts',(-0.0995543302826257,0.799,0.318081235781771));
#12200=CARTESIAN_POINT('Ctrl Pts',(-0.0796191605499295,0.8,0.299361625179117));
#12201=CARTESIAN_POINT('Ctrl Pts',(-0.0796191605499295,0.799,0.299361625179117));
#12202=CARTESIAN_POINT('Ctrl Pts',(-0.0441248339526898,0.8,0.264596634059903));
#12203=CARTESIAN_POINT('Ctrl Pts',(-0.0441248339526898,0.799,0.264596634059903));
#12204=CARTESIAN_POINT('Ctrl Pts',(-0.0271070061320955,0.8,0.245877023457249));
#12205=CARTESIAN_POINT('Ctrl Pts',(-0.0271070061320955,0.799,0.245877023457249));
#12206=CARTESIAN_POINT('',(-0.0995543302826257,0.799,0.318081235781771));
#12207=CARTESIAN_POINT('',(-0.0995543302826257,0.8,0.318081235781771));
#12208=CARTESIAN_POINT('Ctrl Pts',(-0.0995543302826257,0.799,0.318081235781771));
#12209=CARTESIAN_POINT('Ctrl Pts',(-0.0796191605499295,0.799,0.299361625179117));
#12210=CARTESIAN_POINT('Ctrl Pts',(-0.0441248339526898,0.799,0.264596634059903));
#12211=CARTESIAN_POINT('Ctrl Pts',(-0.0271070061320955,0.799,0.245877023457249));
#12212=CARTESIAN_POINT('Origin',(-0.0995543302826257,0.8,0.360625805333256));
#12213=CARTESIAN_POINT('',(-0.0995543302826257,0.799,0.360625805333256));
#12214=CARTESIAN_POINT('',(-0.0995543302826257,0.8,0.360625805333256));
#12215=CARTESIAN_POINT('',(-0.0995543302826257,0.799,0.360625805333256));
#12216=CARTESIAN_POINT('Origin',(0.0854537693098357,0.8,0.360625805333256));
#12217=CARTESIAN_POINT('',(0.0854537693098357,0.799,0.360625805333256));
#12218=CARTESIAN_POINT('Origin',(-0.00662299593296653,0.799,0.232356070011673));
#12219=CARTESIAN_POINT('Ctrl Pts',(0.635372719741041,0.8,0.118972650280817));
#12220=CARTESIAN_POINT('Ctrl Pts',(0.635372719741041,0.799,0.118972650280817));
#12221=CARTESIAN_POINT('Ctrl Pts',(0.641450515391254,0.8,0.134288695319352));
#12222=CARTESIAN_POINT('Ctrl Pts',(0.641450515391254,0.799,0.134288695319352));
#12223=CARTESIAN_POINT('Ctrl Pts',(0.646312751911424,0.8,0.179750606782939));
#12224=CARTESIAN_POINT('Ctrl Pts',(0.646312751911424,0.799,0.179750606782939));
#12225=CARTESIAN_POINT('Ctrl Pts',(0.646312751911424,0.8,0.210625808686018));
#12226=CARTESIAN_POINT('Ctrl Pts',(0.646312751911424,0.799,0.210625808686018));
#12227=CARTESIAN_POINT('',(0.646312751911424,0.8,0.210625808686018));
#12228=CARTESIAN_POINT('',(0.635372719741041,0.8,0.118972650280817));
#12229=CARTESIAN_POINT('Ctrl Pts',(0.646312751911424,0.8,0.210625808686018));
#12230=CARTESIAN_POINT('Ctrl Pts',(0.646312751911424,0.8,0.179750606782939));
#12231=CARTESIAN_POINT('Ctrl Pts',(0.641450515391254,0.8,0.134288695319352));
#12232=CARTESIAN_POINT('Ctrl Pts',(0.635372719741041,0.8,0.118972650280817));
#12233=CARTESIAN_POINT('',(0.646312751911424,0.799,0.210625808686018));
#12234=CARTESIAN_POINT('',(0.646312751911424,0.8,0.210625808686018));
#12235=CARTESIAN_POINT('',(0.635372719741041,0.799,0.118972650280817));
#12236=CARTESIAN_POINT('Ctrl Pts',(0.646312751911424,0.799,0.210625808686018));
#12237=CARTESIAN_POINT('Ctrl Pts',(0.646312751911424,0.799,0.179750606782939));
#12238=CARTESIAN_POINT('Ctrl Pts',(0.641450515391254,0.799,0.134288695319352));
#12239=CARTESIAN_POINT('Ctrl Pts',(0.635372719741041,0.799,0.118972650280817));
#12240=CARTESIAN_POINT('',(0.635372719741041,0.8,0.118972650280817));
#12241=CARTESIAN_POINT('Ctrl Pts',(0.591369479233505,0.8,0.0878543365517299));
#12242=CARTESIAN_POINT('Ctrl Pts',(0.591369479233505,0.799,0.0878543365517299));
#12243=CARTESIAN_POINT('Ctrl Pts',(0.608144195228091,0.8,0.0878543365517299));
#12244=CARTESIAN_POINT('Ctrl Pts',(0.608144195228091,0.799,0.0878543365517299));
#12245=CARTESIAN_POINT('Ctrl Pts',(0.629294924090829,0.8,0.103656605242282));
#12246=CARTESIAN_POINT('Ctrl Pts',(0.629294924090829,0.799,0.103656605242282));
#12247=CARTESIAN_POINT('Ctrl Pts',(0.635372719741041,0.8,0.118972650280817));
#12248=CARTESIAN_POINT('Ctrl Pts',(0.635372719741041,0.799,0.118972650280817));
#12249=CARTESIAN_POINT('',(0.591369479233505,0.8,0.0878543365517299));
#12250=CARTESIAN_POINT('Ctrl Pts',(0.635372719741041,0.8,0.118972650280817));
#12251=CARTESIAN_POINT('Ctrl Pts',(0.629294924090829,0.8,0.103656605242282));
#12252=CARTESIAN_POINT('Ctrl Pts',(0.608144195228091,0.8,0.0878543365517299));
#12253=CARTESIAN_POINT('Ctrl Pts',(0.591369479233505,0.8,0.0878543365517299));
#12254=CARTESIAN_POINT('',(0.591369479233505,0.799,0.0878543365517299));
#12255=CARTESIAN_POINT('Ctrl Pts',(0.635372719741041,0.799,0.118972650280817));
#12256=CARTESIAN_POINT('Ctrl Pts',(0.629294924090829,0.799,0.103656605242282));
#12257=CARTESIAN_POINT('Ctrl Pts',(0.608144195228091,0.799,0.0878543365517299));
#12258=CARTESIAN_POINT('Ctrl Pts',(0.591369479233505,0.799,0.0878543365517299));
#12259=CARTESIAN_POINT('',(0.591369479233505,0.8,0.0878543365517299));
#12260=CARTESIAN_POINT('Ctrl Pts',(0.546636903247942,0.8,0.119458873932834));
#12261=CARTESIAN_POINT('Ctrl Pts',(0.546636903247942,0.799,0.119458873932834));
#12262=CARTESIAN_POINT('Ctrl Pts',(0.552957810724163,0.8,0.103656605242282));
#12263=CARTESIAN_POINT('Ctrl Pts',(0.552957810724163,0.799,0.103656605242282));
#12264=CARTESIAN_POINT('Ctrl Pts',(0.574594763238919,0.8,0.0878543365517299));
#12265=CARTESIAN_POINT('Ctrl Pts',(0.574594763238919,0.799,0.0878543365517299));
#12266=CARTESIAN_POINT('Ctrl Pts',(0.591369479233505,0.8,0.0878543365517299));
#12267=CARTESIAN_POINT('Ctrl Pts',(0.591369479233505,0.799,0.0878543365517299));
#12268=CARTESIAN_POINT('',(0.546636903247942,0.8,0.119458873932834));
#12269=CARTESIAN_POINT('Ctrl Pts',(0.591369479233505,0.8,0.0878543365517299));
#12270=CARTESIAN_POINT('Ctrl Pts',(0.574594763238919,0.8,0.0878543365517299));
#12271=CARTESIAN_POINT('Ctrl Pts',(0.552957810724163,0.8,0.103656605242282));
#12272=CARTESIAN_POINT('Ctrl Pts',(0.546636903247942,0.8,0.119458873932834));
#12273=CARTESIAN_POINT('',(0.546636903247942,0.799,0.119458873932834));
#12274=CARTESIAN_POINT('Ctrl Pts',(0.591369479233505,0.799,0.0878543365517299));
#12275=CARTESIAN_POINT('Ctrl Pts',(0.574594763238919,0.799,0.0878543365517299));
#12276=CARTESIAN_POINT('Ctrl Pts',(0.552957810724163,0.799,0.103656605242282));
#12277=CARTESIAN_POINT('Ctrl Pts',(0.546636903247942,0.799,0.119458873932834));
#12278=CARTESIAN_POINT('',(0.546636903247942,0.8,0.119458873932834));
#12279=CARTESIAN_POINT('Ctrl Pts',(0.536183094729577,0.8,0.210868920512026));
#12280=CARTESIAN_POINT('Ctrl Pts',(0.536183094729577,0.799,0.210868920512026));
#12281=CARTESIAN_POINT('Ctrl Pts',(0.536183094729577,0.8,0.181452389564999));
#12282=CARTESIAN_POINT('Ctrl Pts',(0.536183094729577,0.799,0.181452389564999));
#12283=CARTESIAN_POINT('Ctrl Pts',(0.54055910759773,0.8,0.134774918971369));
#12284=CARTESIAN_POINT('Ctrl Pts',(0.54055910759773,0.799,0.134774918971369));
#12285=CARTESIAN_POINT('Ctrl Pts',(0.546636903247942,0.8,0.119458873932834));
#12286=CARTESIAN_POINT('Ctrl Pts',(0.546636903247942,0.799,0.119458873932834));
#12287=CARTESIAN_POINT('',(0.536183094729577,0.8,0.210868920512026));
#12288=CARTESIAN_POINT('Ctrl Pts',(0.546636903247942,0.8,0.119458873932834));
#12289=CARTESIAN_POINT('Ctrl Pts',(0.54055910759773,0.8,0.134774918971369));
#12290=CARTESIAN_POINT('Ctrl Pts',(0.536183094729577,0.8,0.181452389564999));
#12291=CARTESIAN_POINT('Ctrl Pts',(0.536183094729577,0.8,0.210868920512026));
#12292=CARTESIAN_POINT('',(0.536183094729577,0.799,0.210868920512026));
#12293=CARTESIAN_POINT('Ctrl Pts',(0.546636903247942,0.799,0.119458873932834));
#12294=CARTESIAN_POINT('Ctrl Pts',(0.54055910759773,0.799,0.134774918971369));
#12295=CARTESIAN_POINT('Ctrl Pts',(0.536183094729577,0.799,0.181452389564999));
#12296=CARTESIAN_POINT('Ctrl Pts',(0.536183094729577,0.799,0.210868920512026));
#12297=CARTESIAN_POINT('',(0.536183094729577,0.8,0.210868920512026));
#12298=CARTESIAN_POINT('Ctrl Pts',(0.546393791421934,0.8,0.301306519787185));
#12299=CARTESIAN_POINT('Ctrl Pts',(0.546393791421934,0.799,0.301306519787185));
#12300=CARTESIAN_POINT('Ctrl Pts',(0.540072883945713,0.8,0.284774915618607));
#12301=CARTESIAN_POINT('Ctrl Pts',(0.540072883945713,0.799,0.284774915618607));
#12302=CARTESIAN_POINT('Ctrl Pts',(0.536183094729577,0.8,0.24247345789313));
#12303=CARTESIAN_POINT('Ctrl Pts',(0.536183094729577,0.799,0.24247345789313));
#12304=CARTESIAN_POINT('Ctrl Pts',(0.536183094729577,0.8,0.210868920512026));
#12305=CARTESIAN_POINT('Ctrl Pts',(0.536183094729577,0.799,0.210868920512026));
#12306=CARTESIAN_POINT('',(0.546393791421934,0.8,0.301306519787185));
#12307=CARTESIAN_POINT('Ctrl Pts',(0.536183094729577,0.8,0.210868920512026));
#12308=CARTESIAN_POINT('Ctrl Pts',(0.536183094729577,0.8,0.24247345789313));
#12309=CARTESIAN_POINT('Ctrl Pts',(0.540072883945713,0.8,0.284774915618607));
#12310=CARTESIAN_POINT('Ctrl Pts',(0.546393791421934,0.8,0.301306519787185));
#12311=CARTESIAN_POINT('',(0.546393791421934,0.799,0.301306519787185));
#12312=CARTESIAN_POINT('Ctrl Pts',(0.536183094729577,0.799,0.210868920512026));
#12313=CARTESIAN_POINT('Ctrl Pts',(0.536183094729577,0.799,0.24247345789313));
#12314=CARTESIAN_POINT('Ctrl Pts',(0.540072883945713,0.799,0.284774915618607));
#12315=CARTESIAN_POINT('Ctrl Pts',(0.546393791421934,0.799,0.301306519787185));
#12316=CARTESIAN_POINT('',(0.546393791421934,0.8,0.301306519787185));
#12317=CARTESIAN_POINT('Ctrl Pts',(0.591369479233505,0.8,0.333640392646314));
#12318=CARTESIAN_POINT('Ctrl Pts',(0.591369479233505,0.799,0.333640392646314));
#12319=CARTESIAN_POINT('Ctrl Pts',(0.573865427760893,0.8,0.333640392646314));
#12320=CARTESIAN_POINT('Ctrl Pts',(0.573865427760893,0.799,0.333640392646314));
#12321=CARTESIAN_POINT('Ctrl Pts',(0.552228475246138,0.8,0.316865676651728));
#12322=CARTESIAN_POINT('Ctrl Pts',(0.552228475246138,0.799,0.316865676651728));
#12323=CARTESIAN_POINT('Ctrl Pts',(0.546393791421934,0.8,0.301306519787185));
#12324=CARTESIAN_POINT('Ctrl Pts',(0.546393791421934,0.799,0.301306519787185));
#12325=CARTESIAN_POINT('',(0.591369479233505,0.8,0.333640392646314));
#12326=CARTESIAN_POINT('Ctrl Pts',(0.546393791421934,0.8,0.301306519787185));
#12327=CARTESIAN_POINT('Ctrl Pts',(0.552228475246138,0.8,0.316865676651728));
#12328=CARTESIAN_POINT('Ctrl Pts',(0.573865427760893,0.8,0.333640392646314));
#12329=CARTESIAN_POINT('Ctrl Pts',(0.591369479233505,0.8,0.333640392646314));
#12330=CARTESIAN_POINT('',(0.591369479233505,0.799,0.333640392646314));
#12331=CARTESIAN_POINT('Ctrl Pts',(0.546393791421934,0.799,0.301306519787185));
#12332=CARTESIAN_POINT('Ctrl Pts',(0.552228475246138,0.799,0.316865676651728));
#12333=CARTESIAN_POINT('Ctrl Pts',(0.573865427760893,0.799,0.333640392646314));
#12334=CARTESIAN_POINT('Ctrl Pts',(0.591369479233505,0.799,0.333640392646314));
#12335=CARTESIAN_POINT('',(0.591369479233505,0.8,0.333640392646314));
#12336=CARTESIAN_POINT('Ctrl Pts',(0.63561583156705,0.8,0.30203585526521));
#12337=CARTESIAN_POINT('Ctrl Pts',(0.63561583156705,0.799,0.30203585526521));
#12338=CARTESIAN_POINT('Ctrl Pts',(0.629538035916838,0.8,0.317838123955762));
#12339=CARTESIAN_POINT('Ctrl Pts',(0.629538035916838,0.799,0.317838123955762));
#12340=CARTESIAN_POINT('Ctrl Pts',(0.607901083402082,0.8,0.333640392646314));
#12341=CARTESIAN_POINT('Ctrl Pts',(0.607901083402082,0.799,0.333640392646314));
#12342=CARTESIAN_POINT('Ctrl Pts',(0.591369479233505,0.8,0.333640392646314));
#12343=CARTESIAN_POINT('Ctrl Pts',(0.591369479233505,0.799,0.333640392646314));
#12344=CARTESIAN_POINT('',(0.63561583156705,0.8,0.30203585526521));
#12345=CARTESIAN_POINT('Ctrl Pts',(0.591369479233505,0.8,0.333640392646314));
#12346=CARTESIAN_POINT('Ctrl Pts',(0.607901083402082,0.8,0.333640392646314));
#12347=CARTESIAN_POINT('Ctrl Pts',(0.629538035916838,0.8,0.317838123955762));
#12348=CARTESIAN_POINT('Ctrl Pts',(0.63561583156705,0.8,0.30203585526521));
#12349=CARTESIAN_POINT('',(0.63561583156705,0.799,0.30203585526521));
#12350=CARTESIAN_POINT('Ctrl Pts',(0.591369479233505,0.799,0.333640392646314));
#12351=CARTESIAN_POINT('Ctrl Pts',(0.607901083402082,0.799,0.333640392646314));
#12352=CARTESIAN_POINT('Ctrl Pts',(0.629538035916838,0.799,0.317838123955762));
#12353=CARTESIAN_POINT('Ctrl Pts',(0.63561583156705,0.799,0.30203585526521));
#12354=CARTESIAN_POINT('',(0.63561583156705,0.8,0.30203585526521));
#12355=CARTESIAN_POINT('Ctrl Pts',(0.646312751911424,0.8,0.210625808686018));
#12356=CARTESIAN_POINT('Ctrl Pts',(0.646312751911424,0.799,0.210625808686018));
#12357=CARTESIAN_POINT('Ctrl Pts',(0.646312751911424,0.8,0.241501010589096));
#12358=CARTESIAN_POINT('Ctrl Pts',(0.646312751911424,0.799,0.241501010589096));
#12359=CARTESIAN_POINT('Ctrl Pts',(0.641450515391254,0.8,0.287206033878692));
#12360=CARTESIAN_POINT('Ctrl Pts',(0.641450515391254,0.799,0.287206033878692));
#12361=CARTESIAN_POINT('Ctrl Pts',(0.63561583156705,0.8,0.30203585526521));
#12362=CARTESIAN_POINT('Ctrl Pts',(0.63561583156705,0.799,0.30203585526521));
#12363=CARTESIAN_POINT('Ctrl Pts',(0.63561583156705,0.8,0.30203585526521));
#12364=CARTESIAN_POINT('Ctrl Pts',(0.641450515391254,0.8,0.287206033878692));
#12365=CARTESIAN_POINT('Ctrl Pts',(0.646312751911424,0.8,0.241501010589096));
#12366=CARTESIAN_POINT('Ctrl Pts',(0.646312751911424,0.8,0.210625808686018));
#12367=CARTESIAN_POINT('Ctrl Pts',(0.63561583156705,0.799,0.30203585526521));
#12368=CARTESIAN_POINT('Ctrl Pts',(0.641450515391254,0.799,0.287206033878692));
#12369=CARTESIAN_POINT('Ctrl Pts',(0.646312751911424,0.799,0.241501010589096));
#12370=CARTESIAN_POINT('Ctrl Pts',(0.646312751911424,0.799,0.210625808686018));
#12371=CARTESIAN_POINT('Ctrl Pts',(0.591369479233505,0.8,0.0545480163885667));
#12372=CARTESIAN_POINT('Ctrl Pts',(0.591369479233505,0.799,0.0545480163885667));
#12373=CARTESIAN_POINT('Ctrl Pts',(0.640721179913228,0.8,0.0545480163885667));
#12374=CARTESIAN_POINT('Ctrl Pts',(0.640721179913228,0.799,0.0545480163885667));
#12375=CARTESIAN_POINT('Ctrl Pts',(0.68715553868085,0.8,0.132343800711284));
#12376=CARTESIAN_POINT('Ctrl Pts',(0.68715553868085,0.799,0.132343800711284));
#12377=CARTESIAN_POINT('Ctrl Pts',(0.68715553868085,0.8,0.210625808686018));
#12378=CARTESIAN_POINT('Ctrl Pts',(0.68715553868085,0.799,0.210625808686018));
#12379=CARTESIAN_POINT('',(0.591369479233505,0.799,0.0545480163885667));
#12380=CARTESIAN_POINT('',(0.591369479233505,0.8,0.0545480163885667));
#12381=CARTESIAN_POINT('',(0.68715553868085,0.799,0.210625808686018));
#12382=CARTESIAN_POINT('Ctrl Pts',(0.591369479233505,0.799,0.0545480163885667));
#12383=CARTESIAN_POINT('Ctrl Pts',(0.640721179913228,0.799,0.0545480163885667));
#12384=CARTESIAN_POINT('Ctrl Pts',(0.68715553868085,0.799,0.132343800711284));
#12385=CARTESIAN_POINT('Ctrl Pts',(0.68715553868085,0.799,0.210625808686018));
#12386=CARTESIAN_POINT('',(0.68715553868085,0.8,0.210625808686018));
#12387=CARTESIAN_POINT('Ctrl Pts',(0.495340307960151,0.8,0.210868920512026));
#12388=CARTESIAN_POINT('Ctrl Pts',(0.495340307960151,0.799,0.210868920512026));
#12389=CARTESIAN_POINT('Ctrl Pts',(0.495340307960151,0.8,0.12966957062519));
#12390=CARTESIAN_POINT('Ctrl Pts',(0.495340307960151,0.799,0.12966957062519));
#12391=CARTESIAN_POINT('Ctrl Pts',(0.54226089037979,0.8,0.0545480163885667));
#12392=CARTESIAN_POINT('Ctrl Pts',(0.54226089037979,0.799,0.0545480163885667));
#12393=CARTESIAN_POINT('Ctrl Pts',(0.591369479233505,0.8,0.0545480163885667));
#12394=CARTESIAN_POINT('Ctrl Pts',(0.591369479233505,0.799,0.0545480163885667));
#12395=CARTESIAN_POINT('',(0.495340307960151,0.799,0.210868920512026));
#12396=CARTESIAN_POINT('',(0.495340307960151,0.8,0.210868920512026));
#12397=CARTESIAN_POINT('Ctrl Pts',(0.495340307960151,0.799,0.210868920512026));
#12398=CARTESIAN_POINT('Ctrl Pts',(0.495340307960151,0.799,0.12966957062519));
#12399=CARTESIAN_POINT('Ctrl Pts',(0.54226089037979,0.799,0.0545480163885667));
#12400=CARTESIAN_POINT('Ctrl Pts',(0.591369479233505,0.799,0.0545480163885667));
#12401=CARTESIAN_POINT('Ctrl Pts',(0.591369479233505,0.8,0.366946712809477));
#12402=CARTESIAN_POINT('Ctrl Pts',(0.591369479233505,0.799,0.366946712809477));
#12403=CARTESIAN_POINT('Ctrl Pts',(0.541774666727773,0.8,0.366946712809477));
#12404=CARTESIAN_POINT('Ctrl Pts',(0.541774666727773,0.799,0.366946712809477));
#12405=CARTESIAN_POINT('Ctrl Pts',(0.495340307960151,0.8,0.289880263964786));
#12406=CARTESIAN_POINT('Ctrl Pts',(0.495340307960151,0.799,0.289880263964786));
#12407=CARTESIAN_POINT('Ctrl Pts',(0.495340307960151,0.8,0.210868920512026));
#12408=CARTESIAN_POINT('Ctrl Pts',(0.495340307960151,0.799,0.210868920512026));
#12409=CARTESIAN_POINT('',(0.591369479233505,0.799,0.366946712809477));
#12410=CARTESIAN_POINT('',(0.591369479233505,0.8,0.366946712809477));
#12411=CARTESIAN_POINT('Ctrl Pts',(0.591369479233505,0.799,0.366946712809477));
#12412=CARTESIAN_POINT('Ctrl Pts',(0.541774666727773,0.799,0.366946712809477));
#12413=CARTESIAN_POINT('Ctrl Pts',(0.495340307960151,0.799,0.289880263964786));
#12414=CARTESIAN_POINT('Ctrl Pts',(0.495340307960151,0.799,0.210868920512026));
#12415=CARTESIAN_POINT('Ctrl Pts',(0.68715553868085,0.8,0.210625808686018));
#12416=CARTESIAN_POINT('Ctrl Pts',(0.68715553868085,0.799,0.210625808686018));
#12417=CARTESIAN_POINT('Ctrl Pts',(0.68715553868085,0.8,0.291338934920837));
#12418=CARTESIAN_POINT('Ctrl Pts',(0.68715553868085,0.799,0.291338934920837));
#12419=CARTESIAN_POINT('Ctrl Pts',(0.640234956261211,0.8,0.366946712809477));
#12420=CARTESIAN_POINT('Ctrl Pts',(0.640234956261211,0.799,0.366946712809477));
#12421=CARTESIAN_POINT('Ctrl Pts',(0.591369479233505,0.8,0.366946712809477));
#12422=CARTESIAN_POINT('Ctrl Pts',(0.591369479233505,0.799,0.366946712809477));
#12423=CARTESIAN_POINT('Ctrl Pts',(0.68715553868085,0.799,0.210625808686018));
#12424=CARTESIAN_POINT('Ctrl Pts',(0.68715553868085,0.799,0.291338934920837));
#12425=CARTESIAN_POINT('Ctrl Pts',(0.640234956261211,0.799,0.366946712809477));
#12426=CARTESIAN_POINT('Ctrl Pts',(0.591369479233505,0.799,0.366946712809477));
#12427=CARTESIAN_POINT('Origin',(0.591202156645609,0.799,0.210757288729106));
#12428=CARTESIAN_POINT('Origin',(0.789991841082441,0.8,0.303251414395253));
#12429=CARTESIAN_POINT('',(0.789991841082441,0.799,0.303251414395253));
#12430=CARTESIAN_POINT('',(0.789991841082441,0.8,0.303251414395253));
#12431=CARTESIAN_POINT('',(0.789991841082441,0.799,0.360625805333256));
#12432=CARTESIAN_POINT('',(0.789991841082441,0.799,0.303251414395253));
#12433=CARTESIAN_POINT('',(0.789991841082441,0.8,0.360625805333256));
#12434=CARTESIAN_POINT('Origin',(0.74185569953276,0.8,0.303251414395253));
#12435=CARTESIAN_POINT('',(0.74185569953276,0.799,0.303251414395253));
#12436=CARTESIAN_POINT('',(0.74185569953276,0.8,0.303251414395253));
#12437=CARTESIAN_POINT('',(0.74185569953276,0.799,0.303251414395253));
#12438=CARTESIAN_POINT('Origin',(0.74185569953276,0.8,0.360625805333256));
#12439=CARTESIAN_POINT('',(0.74185569953276,0.799,0.360625805333256));
#12440=CARTESIAN_POINT('',(0.74185569953276,0.8,0.360625805333256));
#12441=CARTESIAN_POINT('',(0.74185569953276,0.799,0.360625805333256));
#12442=CARTESIAN_POINT('Origin',(0.789991841082441,0.8,0.360625805333256));
#12443=CARTESIAN_POINT('',(0.789991841082441,0.799,0.360625805333256));
#12444=CARTESIAN_POINT('Origin',(0.765923770307601,0.799,0.331938609864255));
#12445=CARTESIAN_POINT('Origin',(0.,0.8,0.));
#12446=CARTESIAN_POINT('Origin',(0.,0.8,0.));
#12447=CARTESIAN_POINT('Origin',(0.,0.8,0.));
#12448=CARTESIAN_POINT('Origin',(0.,0.8,0.));
#12449=CARTESIAN_POINT('Origin',(0.,0.8,0.));
#12450=CARTESIAN_POINT('Origin',(1.5,0.02,-1.5));
#12451=CARTESIAN_POINT('Origin',(1.5,0.02,1.5));
#12452=CARTESIAN_POINT('Origin',(0.,0.8,0.));
#12453=CARTESIAN_POINT('',(0.,0.,0.));
#12454=CARTESIAN_POINT('Origin',(-0.7,0.,-0.7));
#12455=CARTESIAN_POINT('',(-0.825,0.2,-0.575));
#12456=CARTESIAN_POINT('',(-0.575,0.2,-0.825));
#12457=CARTESIAN_POINT('',(-0.7,0.2,-0.7));
#12458=CARTESIAN_POINT('',(-0.575,0.,-0.825));
#12459=CARTESIAN_POINT('',(-0.575,0.,-0.825));
#12460=CARTESIAN_POINT('',(-0.825,0.,-0.575));
#12461=CARTESIAN_POINT('',(-0.7,0.,-0.7));
#12462=CARTESIAN_POINT('',(-0.825,0.,-0.575));
#12463=CARTESIAN_POINT('Origin',(0.,0.,0.));
#12464=CARTESIAN_POINT('',(0.825,0.,-0.825));
#12465=CARTESIAN_POINT('',(0.825,0.,-0.825));
#12466=CARTESIAN_POINT('',(0.825,0.,0.825));
#12467=CARTESIAN_POINT('',(0.825,0.,0.825));
#12468=CARTESIAN_POINT('',(-0.825,0.,0.825));
#12469=CARTESIAN_POINT('',(-0.825,0.,0.825));
#12470=CARTESIAN_POINT('',(-0.825,0.,-0.825));
#12471=CARTESIAN_POINT('Origin',(0.825,0.,-0.825));
#12472=CARTESIAN_POINT('',(0.825,0.2,-0.825));
#12473=CARTESIAN_POINT('',(0.825,0.2,-0.825));
#12474=CARTESIAN_POINT('',(0.825,0.,-0.825));
#12475=CARTESIAN_POINT('Origin',(-0.825,0.,-0.825));
#12476=CARTESIAN_POINT('',(-0.825,0.2,0.825));
#12477=CARTESIAN_POINT('',(-0.825,0.,0.825));
#12478=CARTESIAN_POINT('',(-0.825,0.2,-0.825));
#12479=CARTESIAN_POINT('Origin',(0.825,0.,0.825));
#12480=CARTESIAN_POINT('',(0.825,0.2,0.825));
#12481=CARTESIAN_POINT('',(0.825,0.2,0.825));
#12482=CARTESIAN_POINT('',(0.825,0.,0.825));
#12483=CARTESIAN_POINT('Origin',(-0.825,0.,0.825));
#12484=CARTESIAN_POINT('',(-0.825,0.2,0.825));
#12485=CARTESIAN_POINT('Origin',(0.,0.2,0.));
#12486=CARTESIAN_POINT('Origin',(-0.9,0.,1.5));
#12487=CARTESIAN_POINT('',(-0.7,0.,1.5));
#12488=CARTESIAN_POINT('',(-0.9,0.,1.5));
#12489=CARTESIAN_POINT('',(-0.7,0.,1.5));
#12490=CARTESIAN_POINT('',(-0.7,0.2,1.5));
#12491=CARTESIAN_POINT('',(-0.7,0.,1.5));
#12492=CARTESIAN_POINT('',(-0.9,0.2,1.5));
#12493=CARTESIAN_POINT('',(-0.7,0.2,1.5));
#12494=CARTESIAN_POINT('',(-0.9,0.,1.5));
#12495=CARTESIAN_POINT('Origin',(-0.9,0.,1.2));
#12496=CARTESIAN_POINT('',(-0.9,0.,1.2));
#12497=CARTESIAN_POINT('',(-0.9,0.,1.5));
#12498=CARTESIAN_POINT('',(-0.9,0.2,1.2));
#12499=CARTESIAN_POINT('',(-0.9,0.2,1.5));
#12500=CARTESIAN_POINT('',(-0.9,0.,1.2));
#12501=CARTESIAN_POINT('Origin',(-0.8,0.,1.2));
#12502=CARTESIAN_POINT('',(-0.7,0.,1.2));
#12503=CARTESIAN_POINT('Origin',(-0.8,0.,1.2));
#12504=CARTESIAN_POINT('',(-0.7,0.2,1.2));
#12505=CARTESIAN_POINT('Origin',(-0.8,0.2,1.2));
#12506=CARTESIAN_POINT('',(-0.7,0.,1.2));
#12507=CARTESIAN_POINT('Origin',(-0.7,0.,1.5));
#12508=CARTESIAN_POINT('',(-0.7,0.,1.2));
#12509=CARTESIAN_POINT('',(-0.7,0.2,1.2));
#12510=CARTESIAN_POINT('Origin',(-0.8,0.,1.33035675641045));
#12511=CARTESIAN_POINT('Origin',(-0.8,0.2,1.33035675641045));
#12512=CARTESIAN_POINT('Origin',(-0.1,0.,1.5));
#12513=CARTESIAN_POINT('',(0.0999999999999999,0.,1.5));
#12514=CARTESIAN_POINT('',(-0.1,0.,1.5));
#12515=CARTESIAN_POINT('',(0.0999999999999999,0.,1.5));
#12516=CARTESIAN_POINT('',(0.0999999999999999,0.2,1.5));
#12517=CARTESIAN_POINT('',(0.0999999999999999,0.,1.5));
#12518=CARTESIAN_POINT('',(-0.1,0.2,1.5));
#12519=CARTESIAN_POINT('',(0.0999999999999999,0.2,1.5));
#12520=CARTESIAN_POINT('',(-0.1,0.,1.5));
#12521=CARTESIAN_POINT('Origin',(-0.1,0.,1.2));
#12522=CARTESIAN_POINT('',(-0.1,0.,1.2));
#12523=CARTESIAN_POINT('',(-0.1,0.,1.5));
#12524=CARTESIAN_POINT('',(-0.1,0.2,1.2));
#12525=CARTESIAN_POINT('',(-0.1,0.2,1.5));
#12526=CARTESIAN_POINT('',(-0.1,0.,1.2));
#12527=CARTESIAN_POINT('Origin',(-1.46957615897682E-16,0.,1.2));
#12528=CARTESIAN_POINT('',(0.1,0.,1.2));
#12529=CARTESIAN_POINT('Origin',(-1.46957615897682E-16,0.,1.2));
#12530=CARTESIAN_POINT('',(0.1,0.2,1.2));
#12531=CARTESIAN_POINT('Origin',(-1.46957615897682E-16,0.2,1.2));
#12532=CARTESIAN_POINT('',(0.1,0.,1.2));
#12533=CARTESIAN_POINT('Origin',(0.0999999999999999,0.,1.5));
#12534=CARTESIAN_POINT('',(0.1,0.,1.2));
#12535=CARTESIAN_POINT('',(0.1,0.2,1.2));
#12536=CARTESIAN_POINT('Origin',(-1.82555236874128E-16,0.,1.33035675641045));
#12537=CARTESIAN_POINT('Origin',(-1.82555236874128E-16,0.2,1.33035675641045));
#12538=CARTESIAN_POINT('Origin',(1.2,0.,-0.4));
#12539=CARTESIAN_POINT('',(1.2,0.,-0.5));
#12540=CARTESIAN_POINT('',(1.2,0.,-0.3));
#12541=CARTESIAN_POINT('Origin',(1.2,0.,-0.4));
#12542=CARTESIAN_POINT('',(1.2,0.2,-0.3));
#12543=CARTESIAN_POINT('',(1.2,0.,-0.3));
#12544=CARTESIAN_POINT('',(1.2,0.2,-0.5));
#12545=CARTESIAN_POINT('Origin',(1.2,0.2,-0.4));
#12546=CARTESIAN_POINT('',(1.2,0.,-0.5));
#12547=CARTESIAN_POINT('Origin',(1.5,0.,-0.5));
#12548=CARTESIAN_POINT('',(1.5,0.,-0.5));
#12549=CARTESIAN_POINT('',(1.5,0.,-0.5));
#12550=CARTESIAN_POINT('',(1.5,0.2,-0.5));
#12551=CARTESIAN_POINT('',(1.5,0.2,-0.5));
#12552=CARTESIAN_POINT('',(1.5,0.,-0.5));
#12553=CARTESIAN_POINT('Origin',(1.5,0.,-0.3));
#12554=CARTESIAN_POINT('',(1.5,0.,-0.3));
#12555=CARTESIAN_POINT('',(1.5,0.,-0.3));
#12556=CARTESIAN_POINT('',(1.5,0.2,-0.3));
#12557=CARTESIAN_POINT('',(1.5,0.2,-0.3));
#12558=CARTESIAN_POINT('',(1.5,0.,-0.3));
#12559=CARTESIAN_POINT('Origin',(1.2,0.,-0.3));
#12560=CARTESIAN_POINT('',(1.2,0.,-0.3));
#12561=CARTESIAN_POINT('',(1.2,0.2,-0.3));
#12562=CARTESIAN_POINT('Origin',(1.33035675641045,0.2,-0.4));
#12563=CARTESIAN_POINT('Origin',(1.33035675641045,0.,-0.4));
#12564=CARTESIAN_POINT('Origin',(1.2,0.,0.4));
#12565=CARTESIAN_POINT('',(1.2,0.,0.3));
#12566=CARTESIAN_POINT('',(1.2,0.,0.5));
#12567=CARTESIAN_POINT('Origin',(1.2,0.,0.4));
#12568=CARTESIAN_POINT('',(1.2,0.2,0.5));
#12569=CARTESIAN_POINT('',(1.2,0.,0.5));
#12570=CARTESIAN_POINT('',(1.2,0.2,0.3));
#12571=CARTESIAN_POINT('Origin',(1.2,0.2,0.4));
#12572=CARTESIAN_POINT('',(1.2,0.,0.3));
#12573=CARTESIAN_POINT('Origin',(1.5,0.,0.3));
#12574=CARTESIAN_POINT('',(1.5,0.,0.3));
#12575=CARTESIAN_POINT('',(1.5,0.,0.3));
#12576=CARTESIAN_POINT('',(1.5,0.2,0.3));
#12577=CARTESIAN_POINT('',(1.5,0.2,0.3));
#12578=CARTESIAN_POINT('',(1.5,0.,0.3));
#12579=CARTESIAN_POINT('Origin',(1.5,0.,0.5));
#12580=CARTESIAN_POINT('',(1.5,0.,0.5));
#12581=CARTESIAN_POINT('',(1.5,0.,0.5));
#12582=CARTESIAN_POINT('',(1.5,0.2,0.5));
#12583=CARTESIAN_POINT('',(1.5,0.2,0.5));
#12584=CARTESIAN_POINT('',(1.5,0.,0.5));
#12585=CARTESIAN_POINT('Origin',(1.2,0.,0.5));
#12586=CARTESIAN_POINT('',(1.2,0.,0.5));
#12587=CARTESIAN_POINT('',(1.2,0.2,0.5));
#12588=CARTESIAN_POINT('Origin',(1.33035675641046,0.2,0.4));
#12589=CARTESIAN_POINT('Origin',(1.33035675641046,0.,0.4));
#12590=CARTESIAN_POINT('Origin',(1.2,0.,0.8));
#12591=CARTESIAN_POINT('',(1.2,0.,0.9));
#12592=CARTESIAN_POINT('',(1.2,0.,0.7));
#12593=CARTESIAN_POINT('Origin',(1.2,0.,0.8));
#12594=CARTESIAN_POINT('',(1.2,0.2,0.9));
#12595=CARTESIAN_POINT('',(1.2,0.,0.9));
#12596=CARTESIAN_POINT('',(1.2,0.2,0.7));
#12597=CARTESIAN_POINT('Origin',(1.2,0.2,0.8));
#12598=CARTESIAN_POINT('',(1.2,0.,0.7));
#12599=CARTESIAN_POINT('Origin',(1.5,0.,0.7));
#12600=CARTESIAN_POINT('',(1.5,0.,0.7));
#12601=CARTESIAN_POINT('',(1.2,0.,0.7));
#12602=CARTESIAN_POINT('',(1.5,0.2,0.7));
#12603=CARTESIAN_POINT('',(1.2,0.2,0.7));
#12604=CARTESIAN_POINT('',(1.5,0.,0.7));
#12605=CARTESIAN_POINT('Origin',(1.5,0.,0.9));
#12606=CARTESIAN_POINT('',(1.5,0.,0.9));
#12607=CARTESIAN_POINT('',(1.5,0.,0.7));
#12608=CARTESIAN_POINT('',(1.5,0.2,0.9));
#12609=CARTESIAN_POINT('',(1.5,0.2,0.7));
#12610=CARTESIAN_POINT('',(1.5,0.,0.9));
#12611=CARTESIAN_POINT('Origin',(1.2,0.,0.9));
#12612=CARTESIAN_POINT('',(1.5,0.,0.9));
#12613=CARTESIAN_POINT('',(1.5,0.2,0.9));
#12614=CARTESIAN_POINT('Origin',(1.33035675641045,0.,0.8));
#12615=CARTESIAN_POINT('Origin',(1.33035675641045,0.2,0.8));
#12616=CARTESIAN_POINT('Origin',(-1.2,0.,0.4));
#12617=CARTESIAN_POINT('',(-1.2,0.,0.3));
#12618=CARTESIAN_POINT('',(-1.2,0.,0.5));
#12619=CARTESIAN_POINT('Origin',(-1.2,0.,0.4));
#12620=CARTESIAN_POINT('',(-1.2,0.2,0.3));
#12621=CARTESIAN_POINT('',(-1.2,0.,0.3));
#12622=CARTESIAN_POINT('',(-1.2,0.2,0.5));
#12623=CARTESIAN_POINT('Origin',(-1.2,0.2,0.4));
#12624=CARTESIAN_POINT('',(-1.2,0.,0.5));
#12625=CARTESIAN_POINT('Origin',(-1.5,0.,0.5));
#12626=CARTESIAN_POINT('',(-1.5,0.,0.5));
#12627=CARTESIAN_POINT('',(-1.2,0.,0.5));
#12628=CARTESIAN_POINT('',(-1.5,0.2,0.5));
#12629=CARTESIAN_POINT('',(-1.2,0.2,0.5));
#12630=CARTESIAN_POINT('',(-1.5,0.,0.5));
#12631=CARTESIAN_POINT('Origin',(-1.5,0.,0.3));
#12632=CARTESIAN_POINT('',(-1.5,0.,0.3));
#12633=CARTESIAN_POINT('',(-1.5,0.,0.5));
#12634=CARTESIAN_POINT('',(-1.5,0.2,0.3));
#12635=CARTESIAN_POINT('',(-1.5,0.2,0.5));
#12636=CARTESIAN_POINT('',(-1.5,0.,0.3));
#12637=CARTESIAN_POINT('Origin',(-1.2,0.,0.3));
#12638=CARTESIAN_POINT('',(-1.5,0.,0.3));
#12639=CARTESIAN_POINT('',(-1.5,0.2,0.3));
#12640=CARTESIAN_POINT('Origin',(-1.33035675641045,0.,0.4));
#12641=CARTESIAN_POINT('Origin',(-1.33035675641045,0.2,0.4));
#12642=CARTESIAN_POINT('Origin',(-1.2,0.,-0.4));
#12643=CARTESIAN_POINT('',(-1.2,0.,-0.5));
#12644=CARTESIAN_POINT('',(-1.2,0.,-0.3));
#12645=CARTESIAN_POINT('Origin',(-1.2,0.,-0.4));
#12646=CARTESIAN_POINT('',(-1.2,0.2,-0.5));
#12647=CARTESIAN_POINT('',(-1.2,0.,-0.5));
#12648=CARTESIAN_POINT('',(-1.2,0.2,-0.3));
#12649=CARTESIAN_POINT('Origin',(-1.2,0.2,-0.4));
#12650=CARTESIAN_POINT('',(-1.2,0.,-0.3));
#12651=CARTESIAN_POINT('Origin',(-1.5,0.,-0.3));
#12652=CARTESIAN_POINT('',(-1.5,0.,-0.3));
#12653=CARTESIAN_POINT('',(-1.2,0.,-0.3));
#12654=CARTESIAN_POINT('',(-1.5,0.2,-0.3));
#12655=CARTESIAN_POINT('',(-1.2,0.2,-0.3));
#12656=CARTESIAN_POINT('',(-1.5,0.,-0.3));
#12657=CARTESIAN_POINT('Origin',(-1.5,0.,-0.5));
#12658=CARTESIAN_POINT('',(-1.5,0.,-0.5));
#12659=CARTESIAN_POINT('',(-1.5,0.,-0.3));
#12660=CARTESIAN_POINT('',(-1.5,0.2,-0.5));
#12661=CARTESIAN_POINT('',(-1.5,0.2,-0.3));
#12662=CARTESIAN_POINT('',(-1.5,0.,-0.5));
#12663=CARTESIAN_POINT('Origin',(-1.2,0.,-0.5));
#12664=CARTESIAN_POINT('',(-1.5,0.,-0.5));
#12665=CARTESIAN_POINT('',(-1.5,0.2,-0.5));
#12666=CARTESIAN_POINT('Origin',(-1.33035675641045,0.,-0.4));
#12667=CARTESIAN_POINT('Origin',(-1.33035675641045,0.2,-0.4));
#12668=CARTESIAN_POINT('Origin',(0.5,0.,-1.5));
#12669=CARTESIAN_POINT('',(0.3,0.,-1.5));
#12670=CARTESIAN_POINT('',(0.5,0.,-1.5));
#12671=CARTESIAN_POINT('',(0.3,0.,-1.5));
#12672=CARTESIAN_POINT('',(0.3,0.2,-1.5));
#12673=CARTESIAN_POINT('',(0.3,0.,-1.5));
#12674=CARTESIAN_POINT('',(0.5,0.2,-1.5));
#12675=CARTESIAN_POINT('',(0.3,0.2,-1.5));
#12676=CARTESIAN_POINT('',(0.5,0.,-1.5));
#12677=CARTESIAN_POINT('Origin',(0.5,0.,-1.2));
#12678=CARTESIAN_POINT('',(0.5,0.,-1.2));
#12679=CARTESIAN_POINT('',(0.5,0.,-1.5));
#12680=CARTESIAN_POINT('',(0.5,0.2,-1.2));
#12681=CARTESIAN_POINT('',(0.5,0.2,-1.5));
#12682=CARTESIAN_POINT('',(0.5,0.,-1.2));
#12683=CARTESIAN_POINT('Origin',(0.4,0.,-1.2));
#12684=CARTESIAN_POINT('',(0.3,0.,-1.2));
#12685=CARTESIAN_POINT('Origin',(0.4,0.,-1.2));
#12686=CARTESIAN_POINT('',(0.3,0.2,-1.2));
#12687=CARTESIAN_POINT('Origin',(0.4,0.2,-1.2));
#12688=CARTESIAN_POINT('',(0.3,0.,-1.2));
#12689=CARTESIAN_POINT('Origin',(0.3,0.,-1.5));
#12690=CARTESIAN_POINT('',(0.3,0.,-1.2));
#12691=CARTESIAN_POINT('',(0.3,0.2,-1.2));
#12692=CARTESIAN_POINT('Origin',(0.4,0.,-1.33035675641045));
#12693=CARTESIAN_POINT('Origin',(0.4,0.2,-1.33035675641045));
#12694=CARTESIAN_POINT('Origin',(-0.3,0.,-1.5));
#12695=CARTESIAN_POINT('',(-0.5,0.,-1.5));
#12696=CARTESIAN_POINT('',(-0.3,0.,-1.5));
#12697=CARTESIAN_POINT('',(-0.5,0.,-1.5));
#12698=CARTESIAN_POINT('',(-0.5,0.2,-1.5));
#12699=CARTESIAN_POINT('',(-0.5,0.,-1.5));
#12700=CARTESIAN_POINT('',(-0.3,0.2,-1.5));
#12701=CARTESIAN_POINT('',(-0.5,0.2,-1.5));
#12702=CARTESIAN_POINT('',(-0.3,0.,-1.5));
#12703=CARTESIAN_POINT('Origin',(-0.3,0.,-1.2));
#12704=CARTESIAN_POINT('',(-0.3,0.,-1.2));
#12705=CARTESIAN_POINT('',(-0.3,0.,-1.5));
#12706=CARTESIAN_POINT('',(-0.3,0.2,-1.2));
#12707=CARTESIAN_POINT('',(-0.3,0.2,-1.5));
#12708=CARTESIAN_POINT('',(-0.3,0.,-1.2));
#12709=CARTESIAN_POINT('Origin',(-0.4,0.,-1.2));
#12710=CARTESIAN_POINT('',(-0.5,0.,-1.2));
#12711=CARTESIAN_POINT('Origin',(-0.4,0.,-1.2));
#12712=CARTESIAN_POINT('',(-0.5,0.2,-1.2));
#12713=CARTESIAN_POINT('Origin',(-0.4,0.2,-1.2));
#12714=CARTESIAN_POINT('',(-0.5,0.,-1.2));
#12715=CARTESIAN_POINT('Origin',(-0.5,0.,-1.5));
#12716=CARTESIAN_POINT('',(-0.5,0.,-1.2));
#12717=CARTESIAN_POINT('',(-0.5,0.2,-1.2));
#12718=CARTESIAN_POINT('Origin',(-0.4,0.,-1.33035675641045));
#12719=CARTESIAN_POINT('Origin',(-0.4,0.2,-1.33035675641045));
#12720=CARTESIAN_POINT('Origin',(-1.2,0.,-0.8));
#12721=CARTESIAN_POINT('',(-1.2,0.,-0.9));
#12722=CARTESIAN_POINT('',(-1.2,0.,-0.7));
#12723=CARTESIAN_POINT('Origin',(-1.2,0.,-0.8));
#12724=CARTESIAN_POINT('',(-1.2,0.2,-0.9));
#12725=CARTESIAN_POINT('',(-1.2,0.,-0.9));
#12726=CARTESIAN_POINT('',(-1.2,0.2,-0.7));
#12727=CARTESIAN_POINT('Origin',(-1.2,0.2,-0.8));
#12728=CARTESIAN_POINT('',(-1.2,0.,-0.7));
#12729=CARTESIAN_POINT('Origin',(-1.5,0.,-0.7));
#12730=CARTESIAN_POINT('',(-1.5,0.,-0.7));
#12731=CARTESIAN_POINT('',(-1.2,0.,-0.7));
#12732=CARTESIAN_POINT('',(-1.5,0.2,-0.7));
#12733=CARTESIAN_POINT('',(-1.2,0.2,-0.7));
#12734=CARTESIAN_POINT('',(-1.5,0.,-0.7));
#12735=CARTESIAN_POINT('Origin',(-1.5,0.,-0.9));
#12736=CARTESIAN_POINT('',(-1.5,0.,-0.9));
#12737=CARTESIAN_POINT('',(-1.5,0.,-0.7));
#12738=CARTESIAN_POINT('',(-1.5,0.2,-0.9));
#12739=CARTESIAN_POINT('',(-1.5,0.2,-0.7));
#12740=CARTESIAN_POINT('',(-1.5,0.,-0.9));
#12741=CARTESIAN_POINT('Origin',(-1.2,0.,-0.9));
#12742=CARTESIAN_POINT('',(-1.5,0.,-0.9));
#12743=CARTESIAN_POINT('',(-1.5,0.2,-0.9));
#12744=CARTESIAN_POINT('Origin',(-1.33035675641045,0.,-0.8));
#12745=CARTESIAN_POINT('Origin',(-1.33035675641045,0.2,-0.8));
#12746=CARTESIAN_POINT('Origin',(-0.7,0.,-1.5));
#12747=CARTESIAN_POINT('',(-0.7,0.,-1.5));
#12748=CARTESIAN_POINT('',(-0.9,0.,-1.5));
#12749=CARTESIAN_POINT('',(-0.7,0.,-1.5));
#12750=CARTESIAN_POINT('',(-0.9,0.2,-1.5));
#12751=CARTESIAN_POINT('',(-0.9,0.,-1.5));
#12752=CARTESIAN_POINT('',(-0.7,0.2,-1.5));
#12753=CARTESIAN_POINT('',(-0.7,0.2,-1.5));
#12754=CARTESIAN_POINT('',(-0.7,0.,-1.5));
#12755=CARTESIAN_POINT('Origin',(-0.7,0.,-1.2));
#12756=CARTESIAN_POINT('',(-0.7,0.,-1.2));
#12757=CARTESIAN_POINT('',(-0.7,0.,-1.2));
#12758=CARTESIAN_POINT('',(-0.7,0.2,-1.2));
#12759=CARTESIAN_POINT('',(-0.7,0.2,-1.2));
#12760=CARTESIAN_POINT('',(-0.7,0.,-1.2));
#12761=CARTESIAN_POINT('Origin',(-0.8,0.,-1.2));
#12762=CARTESIAN_POINT('',(-0.9,0.,-1.2));
#12763=CARTESIAN_POINT('Origin',(-0.8,0.,-1.2));
#12764=CARTESIAN_POINT('',(-0.9,0.2,-1.2));
#12765=CARTESIAN_POINT('Origin',(-0.8,0.2,-1.2));
#12766=CARTESIAN_POINT('',(-0.9,0.,-1.2));
#12767=CARTESIAN_POINT('Origin',(-0.9,0.,-1.5));
#12768=CARTESIAN_POINT('',(-0.9,0.,-1.5));
#12769=CARTESIAN_POINT('',(-0.9,0.2,-1.5));
#12770=CARTESIAN_POINT('Origin',(-0.8,0.2,-1.33035675641045));
#12771=CARTESIAN_POINT('Origin',(-0.8,0.,-1.33035675641045));
#12772=CARTESIAN_POINT('Origin',(0.1,0.,-1.5));
#12773=CARTESIAN_POINT('',(-0.1,0.,-1.5));
#12774=CARTESIAN_POINT('',(0.1,0.,-1.5));
#12775=CARTESIAN_POINT('',(-0.1,0.,-1.5));
#12776=CARTESIAN_POINT('',(-0.1,0.2,-1.5));
#12777=CARTESIAN_POINT('',(-0.1,0.,-1.5));
#12778=CARTESIAN_POINT('',(0.1,0.2,-1.5));
#12779=CARTESIAN_POINT('',(-0.1,0.2,-1.5));
#12780=CARTESIAN_POINT('',(0.1,0.,-1.5));
#12781=CARTESIAN_POINT('Origin',(0.1,0.,-1.2));
#12782=CARTESIAN_POINT('',(0.1,0.,-1.2));
#12783=CARTESIAN_POINT('',(0.1,0.,-1.5));
#12784=CARTESIAN_POINT('',(0.1,0.2,-1.2));
#12785=CARTESIAN_POINT('',(0.1,0.2,-1.5));
#12786=CARTESIAN_POINT('',(0.1,0.,-1.2));
#12787=CARTESIAN_POINT('Origin',(0.,0.,-1.2));
#12788=CARTESIAN_POINT('',(-0.1,0.,-1.2));
#12789=CARTESIAN_POINT('Origin',(0.,0.,-1.2));
#12790=CARTESIAN_POINT('',(-0.1,0.2,-1.2));
#12791=CARTESIAN_POINT('Origin',(0.,0.2,-1.2));
#12792=CARTESIAN_POINT('',(-0.1,0.,-1.2));
#12793=CARTESIAN_POINT('Origin',(-0.1,0.,-1.5));
#12794=CARTESIAN_POINT('',(-0.1,0.,-1.2));
#12795=CARTESIAN_POINT('',(-0.1,0.2,-1.2));
#12796=CARTESIAN_POINT('Origin',(1.57036762902475E-17,0.,-1.33035675641045));
#12797=CARTESIAN_POINT('Origin',(1.57036762902475E-17,0.2,-1.33035675641045));
#12798=CARTESIAN_POINT('Origin',(0.9,0.,-1.5));
#12799=CARTESIAN_POINT('',(0.7,0.,-1.5));
#12800=CARTESIAN_POINT('',(0.9,0.,-1.5));
#12801=CARTESIAN_POINT('',(0.7,0.,-1.5));
#12802=CARTESIAN_POINT('',(0.7,0.2,-1.5));
#12803=CARTESIAN_POINT('',(0.7,0.,-1.5));
#12804=CARTESIAN_POINT('',(0.9,0.2,-1.5));
#12805=CARTESIAN_POINT('',(0.7,0.2,-1.5));
#12806=CARTESIAN_POINT('',(0.9,0.,-1.5));
#12807=CARTESIAN_POINT('Origin',(0.9,0.,-1.2));
#12808=CARTESIAN_POINT('',(0.9,0.,-1.2));
#12809=CARTESIAN_POINT('',(0.9,0.,-1.5));
#12810=CARTESIAN_POINT('',(0.9,0.2,-1.2));
#12811=CARTESIAN_POINT('',(0.9,0.2,-1.5));
#12812=CARTESIAN_POINT('',(0.9,0.,-1.2));
#12813=CARTESIAN_POINT('Origin',(0.8,0.,-1.2));
#12814=CARTESIAN_POINT('',(0.7,0.,-1.2));
#12815=CARTESIAN_POINT('Origin',(0.8,0.,-1.2));
#12816=CARTESIAN_POINT('',(0.7,0.2,-1.2));
#12817=CARTESIAN_POINT('Origin',(0.8,0.2,-1.2));
#12818=CARTESIAN_POINT('',(0.7,0.,-1.2));
#12819=CARTESIAN_POINT('Origin',(0.7,0.,-1.5));
#12820=CARTESIAN_POINT('',(0.7,0.,-1.2));
#12821=CARTESIAN_POINT('',(0.7,0.2,-1.2));
#12822=CARTESIAN_POINT('Origin',(0.8,0.,-1.33035675641045));
#12823=CARTESIAN_POINT('Origin',(0.8,0.2,-1.33035675641045));
#12824=CARTESIAN_POINT('Origin',(-1.2,0.,0.));
#12825=CARTESIAN_POINT('',(-1.2,0.,-0.1));
#12826=CARTESIAN_POINT('',(-1.2,0.,0.1));
#12827=CARTESIAN_POINT('Origin',(-1.2,0.,0.));
#12828=CARTESIAN_POINT('',(-1.2,0.2,-0.1));
#12829=CARTESIAN_POINT('',(-1.2,0.,-0.1));
#12830=CARTESIAN_POINT('',(-1.2,0.2,0.1));
#12831=CARTESIAN_POINT('Origin',(-1.2,0.2,0.));
#12832=CARTESIAN_POINT('',(-1.2,0.,0.1));
#12833=CARTESIAN_POINT('Origin',(-1.5,0.,0.1));
#12834=CARTESIAN_POINT('',(-1.5,0.,0.1));
#12835=CARTESIAN_POINT('',(-1.2,0.,0.1));
#12836=CARTESIAN_POINT('',(-1.5,0.2,0.1));
#12837=CARTESIAN_POINT('',(-1.2,0.2,0.1));
#12838=CARTESIAN_POINT('',(-1.5,0.,0.1));
#12839=CARTESIAN_POINT('Origin',(-1.5,0.,-0.1));
#12840=CARTESIAN_POINT('',(-1.5,0.,-0.1));
#12841=CARTESIAN_POINT('',(-1.5,0.,0.1));
#12842=CARTESIAN_POINT('',(-1.5,0.2,-0.1));
#12843=CARTESIAN_POINT('',(-1.5,0.2,0.1));
#12844=CARTESIAN_POINT('',(-1.5,0.,-0.1));
#12845=CARTESIAN_POINT('Origin',(-1.2,0.,-0.1));
#12846=CARTESIAN_POINT('',(-1.5,0.,-0.1));
#12847=CARTESIAN_POINT('',(-1.5,0.2,-0.1));
#12848=CARTESIAN_POINT('Origin',(-1.33035675641045,0.,0.));
#12849=CARTESIAN_POINT('Origin',(-1.33035675641045,0.2,0.));
#12850=CARTESIAN_POINT('Origin',(-1.2,0.,0.8));
#12851=CARTESIAN_POINT('',(-1.2,0.,0.7));
#12852=CARTESIAN_POINT('',(-1.2,0.,0.9));
#12853=CARTESIAN_POINT('Origin',(-1.2,0.,0.8));
#12854=CARTESIAN_POINT('',(-1.2,0.2,0.7));
#12855=CARTESIAN_POINT('',(-1.2,0.,0.7));
#12856=CARTESIAN_POINT('',(-1.2,0.2,0.9));
#12857=CARTESIAN_POINT('Origin',(-1.2,0.2,0.8));
#12858=CARTESIAN_POINT('',(-1.2,0.,0.9));
#12859=CARTESIAN_POINT('Origin',(-1.5,0.,0.9));
#12860=CARTESIAN_POINT('',(-1.5,0.,0.9));
#12861=CARTESIAN_POINT('',(-1.2,0.,0.9));
#12862=CARTESIAN_POINT('',(-1.5,0.2,0.9));
#12863=CARTESIAN_POINT('',(-1.2,0.2,0.9));
#12864=CARTESIAN_POINT('',(-1.5,0.,0.9));
#12865=CARTESIAN_POINT('Origin',(-1.5,0.,0.7));
#12866=CARTESIAN_POINT('',(-1.5,0.,0.7));
#12867=CARTESIAN_POINT('',(-1.5,0.,0.9));
#12868=CARTESIAN_POINT('',(-1.5,0.2,0.7));
#12869=CARTESIAN_POINT('',(-1.5,0.2,0.9));
#12870=CARTESIAN_POINT('',(-1.5,0.,0.7));
#12871=CARTESIAN_POINT('Origin',(-1.2,0.,0.7));
#12872=CARTESIAN_POINT('',(-1.5,0.,0.7));
#12873=CARTESIAN_POINT('',(-1.5,0.2,0.7));
#12874=CARTESIAN_POINT('Origin',(-1.33035675641045,0.,0.8));
#12875=CARTESIAN_POINT('Origin',(-1.33035675641045,0.2,0.8));
#12876=CARTESIAN_POINT('Origin',(0.7,0.,1.5));
#12877=CARTESIAN_POINT('',(0.7,0.,1.5));
#12878=CARTESIAN_POINT('',(0.9,0.,1.5));
#12879=CARTESIAN_POINT('',(0.7,0.,1.5));
#12880=CARTESIAN_POINT('',(0.9,0.2,1.5));
#12881=CARTESIAN_POINT('',(0.9,0.,1.5));
#12882=CARTESIAN_POINT('',(0.7,0.2,1.5));
#12883=CARTESIAN_POINT('',(0.7,0.2,1.5));
#12884=CARTESIAN_POINT('',(0.7,0.,1.5));
#12885=CARTESIAN_POINT('Origin',(0.7,0.,1.2));
#12886=CARTESIAN_POINT('',(0.7,0.,1.2));
#12887=CARTESIAN_POINT('',(0.7,0.,1.2));
#12888=CARTESIAN_POINT('',(0.7,0.2,1.2));
#12889=CARTESIAN_POINT('',(0.7,0.2,1.2));
#12890=CARTESIAN_POINT('',(0.7,0.,1.2));
#12891=CARTESIAN_POINT('Origin',(0.8,0.,1.2));
#12892=CARTESIAN_POINT('',(0.9,0.,1.2));
#12893=CARTESIAN_POINT('Origin',(0.8,0.,1.2));
#12894=CARTESIAN_POINT('',(0.9,0.2,1.2));
#12895=CARTESIAN_POINT('Origin',(0.8,0.2,1.2));
#12896=CARTESIAN_POINT('',(0.9,0.,1.2));
#12897=CARTESIAN_POINT('Origin',(0.9,0.,1.5));
#12898=CARTESIAN_POINT('',(0.9,0.,1.5));
#12899=CARTESIAN_POINT('',(0.9,0.2,1.5));
#12900=CARTESIAN_POINT('Origin',(0.8,0.2,1.33035675641045));
#12901=CARTESIAN_POINT('Origin',(0.8,0.,1.33035675641045));
#12902=CARTESIAN_POINT('Origin',(1.2,0.,1.46957615897682E-16));
#12903=CARTESIAN_POINT('',(1.2,0.,-0.0999999999999998));
#12904=CARTESIAN_POINT('',(1.2,0.,0.1));
#12905=CARTESIAN_POINT('Origin',(1.2,0.,1.46957615897682E-16));
#12906=CARTESIAN_POINT('',(1.2,0.2,0.1));
#12907=CARTESIAN_POINT('',(1.2,0.,0.1));
#12908=CARTESIAN_POINT('',(1.2,0.2,-0.0999999999999998));
#12909=CARTESIAN_POINT('Origin',(1.2,0.2,1.46957615897682E-16));
#12910=CARTESIAN_POINT('',(1.2,0.,-0.0999999999999998));
#12911=CARTESIAN_POINT('Origin',(1.5,0.,-0.0999999999999999));
#12912=CARTESIAN_POINT('',(1.5,0.,-0.0999999999999999));
#12913=CARTESIAN_POINT('',(1.5,0.,-0.0999999999999999));
#12914=CARTESIAN_POINT('',(1.5,0.2,-0.0999999999999999));
#12915=CARTESIAN_POINT('',(1.5,0.2,-0.0999999999999999));
#12916=CARTESIAN_POINT('',(1.5,0.,-0.0999999999999999));
#12917=CARTESIAN_POINT('Origin',(1.5,0.,0.1));
#12918=CARTESIAN_POINT('',(1.5,0.,0.1));
#12919=CARTESIAN_POINT('',(1.5,0.,0.1));
#12920=CARTESIAN_POINT('',(1.5,0.2,0.1));
#12921=CARTESIAN_POINT('',(1.5,0.2,0.1));
#12922=CARTESIAN_POINT('',(1.5,0.,0.1));
#12923=CARTESIAN_POINT('Origin',(1.2,0.,0.1));
#12924=CARTESIAN_POINT('',(1.2,0.,0.1));
#12925=CARTESIAN_POINT('',(1.2,0.2,0.1));
#12926=CARTESIAN_POINT('Origin',(1.33035675641045,0.2,1.78629317801566E-16));
#12927=CARTESIAN_POINT('Origin',(1.33035675641045,0.,1.78629317801566E-16));
#12928=CARTESIAN_POINT('Origin',(1.5,0.,-0.9));
#12929=CARTESIAN_POINT('',(1.2,0.,-0.9));
#12930=CARTESIAN_POINT('',(1.5,0.,-0.9));
#12931=CARTESIAN_POINT('',(1.2,0.,-0.9));
#12932=CARTESIAN_POINT('',(1.2,0.2,-0.9));
#12933=CARTESIAN_POINT('',(1.2,0.,-0.9));
#12934=CARTESIAN_POINT('',(1.5,0.2,-0.9));
#12935=CARTESIAN_POINT('',(1.2,0.2,-0.9));
#12936=CARTESIAN_POINT('',(1.5,0.,-0.9));
#12937=CARTESIAN_POINT('Origin',(1.5,0.,-0.7));
#12938=CARTESIAN_POINT('',(1.5,0.,-0.7));
#12939=CARTESIAN_POINT('',(1.5,0.,-0.9));
#12940=CARTESIAN_POINT('',(1.5,0.2,-0.7));
#12941=CARTESIAN_POINT('',(1.5,0.2,-0.9));
#12942=CARTESIAN_POINT('',(1.5,0.,-0.7));
#12943=CARTESIAN_POINT('Origin',(1.2,0.,-0.7));
#12944=CARTESIAN_POINT('',(1.2,0.,-0.7));
#12945=CARTESIAN_POINT('',(1.5,0.,-0.7));
#12946=CARTESIAN_POINT('',(1.2,0.2,-0.7));
#12947=CARTESIAN_POINT('',(1.5,0.2,-0.7));
#12948=CARTESIAN_POINT('',(1.2,0.,-0.7));
#12949=CARTESIAN_POINT('Origin',(1.2,0.,-0.8));
#12950=CARTESIAN_POINT('Origin',(1.2,0.,-0.8));
#12951=CARTESIAN_POINT('Origin',(1.2,0.2,-0.8));
#12952=CARTESIAN_POINT('Origin',(1.33035675641045,0.,-0.8));
#12953=CARTESIAN_POINT('Origin',(1.33035675641045,0.2,-0.8));
#12954=CARTESIAN_POINT('Origin',(-0.5,0.,1.5));
#12955=CARTESIAN_POINT('',(-0.3,0.,1.5));
#12956=CARTESIAN_POINT('',(-0.5,0.,1.5));
#12957=CARTESIAN_POINT('',(-0.3,0.,1.5));
#12958=CARTESIAN_POINT('',(-0.3,0.2,1.5));
#12959=CARTESIAN_POINT('',(-0.3,0.,1.5));
#12960=CARTESIAN_POINT('',(-0.5,0.2,1.5));
#12961=CARTESIAN_POINT('',(-0.3,0.2,1.5));
#12962=CARTESIAN_POINT('',(-0.5,0.,1.5));
#12963=CARTESIAN_POINT('Origin',(-0.5,0.,1.2));
#12964=CARTESIAN_POINT('',(-0.5,0.,1.2));
#12965=CARTESIAN_POINT('',(-0.5,0.,1.5));
#12966=CARTESIAN_POINT('',(-0.5,0.2,1.2));
#12967=CARTESIAN_POINT('',(-0.5,0.2,1.5));
#12968=CARTESIAN_POINT('',(-0.5,0.,1.2));
#12969=CARTESIAN_POINT('Origin',(-0.4,0.,1.2));
#12970=CARTESIAN_POINT('',(-0.3,0.,1.2));
#12971=CARTESIAN_POINT('Origin',(-0.4,0.,1.2));
#12972=CARTESIAN_POINT('',(-0.3,0.2,1.2));
#12973=CARTESIAN_POINT('Origin',(-0.4,0.2,1.2));
#12974=CARTESIAN_POINT('',(-0.3,0.,1.2));
#12975=CARTESIAN_POINT('Origin',(-0.3,0.,1.5));
#12976=CARTESIAN_POINT('',(-0.3,0.,1.2));
#12977=CARTESIAN_POINT('',(-0.3,0.2,1.2));
#12978=CARTESIAN_POINT('Origin',(-0.4,0.,1.33035675641045));
#12979=CARTESIAN_POINT('Origin',(-0.4,0.2,1.33035675641045));
#12980=CARTESIAN_POINT('Origin',(0.3,0.,1.5));
#12981=CARTESIAN_POINT('',(0.5,0.,1.5));
#12982=CARTESIAN_POINT('',(0.3,0.,1.5));
#12983=CARTESIAN_POINT('',(0.5,0.,1.5));
#12984=CARTESIAN_POINT('',(0.5,0.2,1.5));
#12985=CARTESIAN_POINT('',(0.5,0.,1.5));
#12986=CARTESIAN_POINT('',(0.3,0.2,1.5));
#12987=CARTESIAN_POINT('',(0.5,0.2,1.5));
#12988=CARTESIAN_POINT('',(0.3,0.,1.5));
#12989=CARTESIAN_POINT('Origin',(0.3,0.,1.2));
#12990=CARTESIAN_POINT('',(0.3,0.,1.2));
#12991=CARTESIAN_POINT('',(0.3,0.,1.5));
#12992=CARTESIAN_POINT('',(0.3,0.2,1.2));
#12993=CARTESIAN_POINT('',(0.3,0.2,1.5));
#12994=CARTESIAN_POINT('',(0.3,0.,1.2));
#12995=CARTESIAN_POINT('Origin',(0.4,0.,1.2));
#12996=CARTESIAN_POINT('',(0.5,0.,1.2));
#12997=CARTESIAN_POINT('Origin',(0.4,0.,1.2));
#12998=CARTESIAN_POINT('',(0.5,0.2,1.2));
#12999=CARTESIAN_POINT('Origin',(0.4,0.2,1.2));
#13000=CARTESIAN_POINT('',(0.5,0.,1.2));
#13001=CARTESIAN_POINT('Origin',(0.5,0.,1.5));
#13002=CARTESIAN_POINT('',(0.5,0.,1.2));
#13003=CARTESIAN_POINT('',(0.5,0.2,1.2));
#13004=CARTESIAN_POINT('Origin',(0.4,0.,1.33035675641045));
#13005=CARTESIAN_POINT('Origin',(0.4,0.2,1.33035675641045));
#13006=CARTESIAN_POINT('',(1.47181300059277E-64,-3.48982743633129E-48,1.66533453693774E-16));
#13007=CARTESIAN_POINT('',(0.,-6.55418034199401E-35,1.66533453693774E-16));
#13008=UNCERTAINTY_MEASURE_WITH_UNIT(LENGTH_MEASURE(0.01),#13016,
'DISTANCE_ACCURACY_VALUE',
'Maximum model space distance between geometric entities at asserted c
onnectivities');
#13009=UNCERTAINTY_MEASURE_WITH_UNIT(LENGTH_MEASURE(0.01),#13016,
'DISTANCE_ACCURACY_VALUE',
'Maximum model space distance between geometric entities at asserted c
onnectivities');
#13010=UNCERTAINTY_MEASURE_WITH_UNIT(LENGTH_MEASURE(0.01),#13016,
'DISTANCE_ACCURACY_VALUE',
'Maximum model space distance between geometric entities at asserted c
onnectivities');
#13011=UNCERTAINTY_MEASURE_WITH_UNIT(LENGTH_MEASURE(1.E-6),#13016,
'DISTANCE_ACCURACY_VALUE',
'Maximum model space distance between geometric entities at asserted c
onnectivities');
#13012=(
GEOMETRIC_REPRESENTATION_CONTEXT(3)
GLOBAL_UNCERTAINTY_ASSIGNED_CONTEXT((#13008))
GLOBAL_UNIT_ASSIGNED_CONTEXT((#13016,#13019,#13017))
REPRESENTATION_CONTEXT('','3D')
);
#13013=(
GEOMETRIC_REPRESENTATION_CONTEXT(3)
GLOBAL_UNCERTAINTY_ASSIGNED_CONTEXT((#13009))
GLOBAL_UNIT_ASSIGNED_CONTEXT((#13016,#13019,#13017))
REPRESENTATION_CONTEXT('','3D')
);
#13014=(
GEOMETRIC_REPRESENTATION_CONTEXT(3)
GLOBAL_UNCERTAINTY_ASSIGNED_CONTEXT((#13010))
GLOBAL_UNIT_ASSIGNED_CONTEXT((#13016,#13019,#13017))
REPRESENTATION_CONTEXT('','3D')
);
#13015=(
GEOMETRIC_REPRESENTATION_CONTEXT(3)
GLOBAL_UNCERTAINTY_ASSIGNED_CONTEXT((#13011))
GLOBAL_UNIT_ASSIGNED_CONTEXT((#13016,#13019,#13017))
REPRESENTATION_CONTEXT('','3D')
);
#13016=(
LENGTH_UNIT()
NAMED_UNIT(*)
SI_UNIT(.MILLI.,.METRE.)
);
#13017=(
NAMED_UNIT(*)
SI_UNIT($,.STERADIAN.)
SOLID_ANGLE_UNIT()
);
#13018=DIMENSIONAL_EXPONENTS(0.,0.,0.,0.,0.,0.,0.);
#13019=(
CONVERSION_BASED_UNIT('degree',#13021)
NAMED_UNIT(#13018)
PLANE_ANGLE_UNIT()
);
#13020=(
NAMED_UNIT(*)
PLANE_ANGLE_UNIT()
SI_UNIT($,.RADIAN.)
);
#13021=PLANE_ANGLE_MEASURE_WITH_UNIT(PLANE_ANGLE_MEASURE(0.01745329252),
#13020);
#13022=SHAPE_DEFINITION_REPRESENTATION(#13025,#13030);
#13023=SHAPE_DEFINITION_REPRESENTATION(#13026,#13031);
#13024=SHAPE_DEFINITION_REPRESENTATION(#13027,#13032);
#13025=PRODUCT_DEFINITION_SHAPE('',$,#13034);
#13026=PRODUCT_DEFINITION_SHAPE('',$,#13035);
#13027=PRODUCT_DEFINITION_SHAPE('',$,#13036);
#13028=PRODUCT_DEFINITION_SHAPE($,$,#17);
#13029=PRODUCT_DEFINITION_SHAPE($,$,#18);
#13030=SHAPE_REPRESENTATION('',(#7618,#8062,#8063),#13012);
#13031=SHAPE_REPRESENTATION('',(#7619),#13013);
#13032=SHAPE_REPRESENTATION('',(#7894),#13014);
#13033=PRODUCT_DEFINITION_CONTEXT('part definition',#13044,'design');
#13034=PRODUCT_DEFINITION('Linear Technology UD-20',
'Linear Technology UD-20',#13037,#13033);
#13035=PRODUCT_DEFINITION('Linear Technology UD-20_Body',
'Linear Technology UD-20_Body',#13038,#13033);
#13036=PRODUCT_DEFINITION('Linear Technology UD-20_Leads',
'Linear Technology UD-20_Leads',#13039,#13033);
#13037=PRODUCT_DEFINITION_FORMATION('',$,#13046);
#13038=PRODUCT_DEFINITION_FORMATION('',$,#13047);
#13039=PRODUCT_DEFINITION_FORMATION('',$,#13048);
#13040=PRODUCT_RELATED_PRODUCT_CATEGORY('Linear Technology UD-20',
'Linear Technology UD-20',(#13046));
#13041=PRODUCT_RELATED_PRODUCT_CATEGORY('Linear Technology UD-20_Body',
'Linear Technology UD-20_Body',(#13047));
#13042=PRODUCT_RELATED_PRODUCT_CATEGORY('Linear Technology UD-20_Leads',
'Linear Technology UD-20_Leads',(#13048));
#13043=APPLICATION_PROTOCOL_DEFINITION('international standard',
'automotive_design',2009,#13044);
#13044=APPLICATION_CONTEXT(
'Core Data for Automotive Mechanical Design Process');
#13045=PRODUCT_CONTEXT('part definition',#13044,'mechanical');
#13046=PRODUCT('Linear Technology UD-20','Linear Technology UD-20',$,(#13045));
#13047=PRODUCT('Linear Technology UD-20_Body',
'Linear Technology UD-20_Body',$,(#13045));
#13048=PRODUCT('Linear Technology UD-20_Leads',
'Linear Technology UD-20_Leads',$,(#13045));
ENDSEC;
END-ISO-10303-21;
