ISO-10303-21;
HEADER;
/* Generated by software containing ST-Developer
 * from STEP Tools, Inc. (www.steptools.com) 
 */

FILE_DESCRIPTION(
/* description */ (''),
/* implementation_level */ '2;1');

FILE_NAME(
/* name */ '',
/* time_stamp */ '',
/* author */ (''),
/* organization */ (''),
/* preprocessor_version */ '',
/* originating_system */ '',
/* authorisation */ '');

FILE_SCHEMA (('AUTOMOTIVE_DESIGN { 1 0 10303 214 3 1 1 }'));
ENDSEC;

DATA;
#10=MECHANICAL_DESIGN_GEOMETRIC_PRESENTATION_REPRESENTATION('',(#93,#94,
#95,#96,#97,#98,#99,#100,#101),#18831);
#11=ITEM_DEFINED_TRANSFORMATION($,$,#11383,#12269);
#12=ITEM_DEFINED_TRANSFORMATION($,$,#11604,#12270);
#13=ITEM_DEFINED_TRANSFORMATION($,$,#11679,#12271);
#14=ITEM_DEFINED_TRANSFORMATION($,$,#11604,#12272);
#15=ITEM_DEFINED_TRANSFORMATION($,$,#11679,#12273);
#16=ITEM_DEFINED_TRANSFORMATION($,$,#11754,#12274);
#17=ITEM_DEFINED_TRANSFORMATION($,$,#11832,#12275);
#18=ITEM_DEFINED_TRANSFORMATION($,$,#11881,#12276);
#19=ITEM_DEFINED_TRANSFORMATION($,$,#11942,#12277);
#20=ITEM_DEFINED_TRANSFORMATION($,$,#12003,#12278);
#21=ITEM_DEFINED_TRANSFORMATION($,$,#12038,#12279);
#22=(
REPRESENTATION_RELATIONSHIP($,$,#18870,#18869)
REPRESENTATION_RELATIONSHIP_WITH_TRANSFORMATION(#11)
SHAPE_REPRESENTATION_RELATIONSHIP()
);
#23=(
REPRESENTATION_RELATIONSHIP($,$,#18871,#18869)
REPRESENTATION_RELATIONSHIP_WITH_TRANSFORMATION(#12)
SHAPE_REPRESENTATION_RELATIONSHIP()
);
#24=(
REPRESENTATION_RELATIONSHIP($,$,#18872,#18869)
REPRESENTATION_RELATIONSHIP_WITH_TRANSFORMATION(#13)
SHAPE_REPRESENTATION_RELATIONSHIP()
);
#25=(
REPRESENTATION_RELATIONSHIP($,$,#18871,#18869)
REPRESENTATION_RELATIONSHIP_WITH_TRANSFORMATION(#14)
SHAPE_REPRESENTATION_RELATIONSHIP()
);
#26=(
REPRESENTATION_RELATIONSHIP($,$,#18872,#18869)
REPRESENTATION_RELATIONSHIP_WITH_TRANSFORMATION(#15)
SHAPE_REPRESENTATION_RELATIONSHIP()
);
#27=(
REPRESENTATION_RELATIONSHIP($,$,#18873,#18869)
REPRESENTATION_RELATIONSHIP_WITH_TRANSFORMATION(#16)
SHAPE_REPRESENTATION_RELATIONSHIP()
);
#28=(
REPRESENTATION_RELATIONSHIP($,$,#18874,#18869)
REPRESENTATION_RELATIONSHIP_WITH_TRANSFORMATION(#17)
SHAPE_REPRESENTATION_RELATIONSHIP()
);
#29=(
REPRESENTATION_RELATIONSHIP($,$,#18875,#18869)
REPRESENTATION_RELATIONSHIP_WITH_TRANSFORMATION(#18)
SHAPE_REPRESENTATION_RELATIONSHIP()
);
#30=(
REPRESENTATION_RELATIONSHIP($,$,#18876,#18869)
REPRESENTATION_RELATIONSHIP_WITH_TRANSFORMATION(#19)
SHAPE_REPRESENTATION_RELATIONSHIP()
);
#31=(
REPRESENTATION_RELATIONSHIP($,$,#18877,#18869)
REPRESENTATION_RELATIONSHIP_WITH_TRANSFORMATION(#20)
SHAPE_REPRESENTATION_RELATIONSHIP()
);
#32=(
REPRESENTATION_RELATIONSHIP($,$,#18878,#18869)
REPRESENTATION_RELATIONSHIP_WITH_TRANSFORMATION(#21)
SHAPE_REPRESENTATION_RELATIONSHIP()
);
#33=CONTEXT_DEPENDENT_SHAPE_REPRESENTATION(#22,#18858);
#34=CONTEXT_DEPENDENT_SHAPE_REPRESENTATION(#23,#18859);
#35=CONTEXT_DEPENDENT_SHAPE_REPRESENTATION(#24,#18860);
#36=CONTEXT_DEPENDENT_SHAPE_REPRESENTATION(#25,#18861);
#37=CONTEXT_DEPENDENT_SHAPE_REPRESENTATION(#26,#18862);
#38=CONTEXT_DEPENDENT_SHAPE_REPRESENTATION(#27,#18863);
#39=CONTEXT_DEPENDENT_SHAPE_REPRESENTATION(#28,#18864);
#40=CONTEXT_DEPENDENT_SHAPE_REPRESENTATION(#29,#18865);
#41=CONTEXT_DEPENDENT_SHAPE_REPRESENTATION(#30,#18866);
#42=CONTEXT_DEPENDENT_SHAPE_REPRESENTATION(#31,#18867);
#43=CONTEXT_DEPENDENT_SHAPE_REPRESENTATION(#32,#18868);
#44=NEXT_ASSEMBLY_USAGE_OCCURRENCE('Housing:1','Housing:1','Housing:1',
#18880,#18881,'Housing:1');
#45=NEXT_ASSEMBLY_USAGE_OCCURRENCE('Remote Top Pin:1',
'Remote Top Pin:1','Remote Top Pin:1',#18880,#18882,'Remote Top Pin:1');
#46=NEXT_ASSEMBLY_USAGE_OCCURRENCE('Remote Bottom Pin:1',
'Remote Bottom Pin:1','Remote Bottom Pin:1',#18880,#18883,
'Remote Bottom Pin:1');
#47=NEXT_ASSEMBLY_USAGE_OCCURRENCE('Remote Top Pin:2',
'Remote Top Pin:2','Remote Top Pin:2',#18880,#18882,'Remote Top Pin:2');
#48=NEXT_ASSEMBLY_USAGE_OCCURRENCE('Remote Bottom Pin:2',
'Remote Bottom Pin:2','Remote Bottom Pin:2',#18880,#18883,
'Remote Bottom Pin:2');
#49=NEXT_ASSEMBLY_USAGE_OCCURRENCE('TRRS Tip Pin:1','TRRS Tip Pin:1',
'TRRS Tip Pin:1',#18880,#18884,'TRRS Tip Pin:1');
#50=NEXT_ASSEMBLY_USAGE_OCCURRENCE('TRRS Ring 1 Pin:1',
'TRRS Ring 1 Pin:1','TRRS Ring 1 Pin:1',#18880,#18885,
'TRRS Ring 1 Pin:1');
#51=NEXT_ASSEMBLY_USAGE_OCCURRENCE('TRRS Ring 2 Pin:1',
'TRRS Ring 2 Pin:1','TRRS Ring 2 Pin:1',#18880,#18886,
'TRRS Ring 2 Pin:1');
#52=NEXT_ASSEMBLY_USAGE_OCCURRENCE('TRRS Sleeve Pin:1',
'TRRS Sleeve Pin:1','TRRS Sleeve Pin:1',#18880,#18887,
'TRRS Sleeve Pin:1');
#53=NEXT_ASSEMBLY_USAGE_OCCURRENCE('TRRS Switch Pin:1',
'TRRS Switch Pin:1','TRRS Switch Pin:1',#18880,#18888,
'TRRS Switch Pin:1');
#54=NEXT_ASSEMBLY_USAGE_OCCURRENCE('Shield:1','Shield:1','Shield:1',#18880,
#18889,'Shield:1');
#55=B_SPLINE_CURVE_WITH_KNOTS('',3,(#16476,#16477,#16478,#16479,#16480,
#16481),.UNSPECIFIED.,.F.,.F.,(4,2,4),(0.157812401220199,0.170331024726992,
0.174765817410225),.UNSPECIFIED.);
#56=B_SPLINE_CURVE_WITH_KNOTS('',3,(#16484,#16485,#16486,#16487,#16488,
#16489,#16490,#16491,#16492,#16493),.UNSPECIFIED.,.F.,.F.,(4,2,2,2,4),(0.365955619602806,
0.383404914928813,0.394199693653374,0.404994472377934,0.40754024859365),
 .UNSPECIFIED.);
#57=B_SPLINE_CURVE_WITH_KNOTS('',3,(#16497,#16498,#16499,#16500,#16501,
#16502),.UNSPECIFIED.,.F.,.F.,(4,2,4),(0.0893230212154533,0.0937578138986863,
0.106276437405479),.UNSPECIFIED.);
#58=B_SPLINE_CURVE_WITH_KNOTS('',3,(#16512,#16513,#16514,#16515,#16516,
#16517,#16518,#16519,#16520,#16521),.UNSPECIFIED.,.F.,.F.,(4,2,2,2,4),(0.0488585624308629,
0.0514043386465787,0.0621991173711389,0.0729938960956991,0.090443191421706),
 .UNSPECIFIED.);
#59=B_SPLINE_CURVE_WITH_KNOTS('',3,(#16719,#16720,#16721,#16722,#16723,
#16724),.UNSPECIFIED.,.F.,.F.,(4,2,4),(0.0893230212154548,0.0937578138986876,
0.106276437405481),.UNSPECIFIED.);
#60=B_SPLINE_CURVE_WITH_KNOTS('',3,(#16734,#16735,#16736,#16737,#16738,
#16739,#16740,#16741,#16742,#16743),.UNSPECIFIED.,.F.,.F.,(4,2,2,2,4),(0.0488585624308631,
0.0514043386465788,0.0621991173711391,0.0729938960956994,0.0904431914217058),
 .UNSPECIFIED.);
#61=B_SPLINE_CURVE_WITH_KNOTS('',3,(#16756,#16757,#16758,#16759,#16760,
#16761),.UNSPECIFIED.,.F.,.F.,(4,2,4),(0.1578124012202,0.170331024726993,
0.174765817410226),.UNSPECIFIED.);
#62=B_SPLINE_CURVE_WITH_KNOTS('',3,(#16764,#16765,#16766,#16767,#16768,
#16769,#16770,#16771,#16772,#16773),.UNSPECIFIED.,.F.,.F.,(4,2,2,2,4),(0.365955619602805,
0.383404914928813,0.394199693653373,0.404994472377933,0.407540248593649),
 .UNSPECIFIED.);
#63=B_SPLINE_CURVE_WITH_KNOTS('',3,(#17205,#17206,#17207,#17208,#17209,
#17210,#17211,#17212),.UNSPECIFIED.,.F.,.F.,(4,2,2,4),(0.0544462404619144,
0.057460034010794,0.0612309689043609,0.0650019037979279),.UNSPECIFIED.);
#64=B_SPLINE_CURVE_WITH_KNOTS('',3,(#17216,#17217,#17218,#17219,#17220,
#17221,#17222,#17223,#17224,#17225),.UNSPECIFIED.,.F.,.F.,(4,2,2,2,4),(0.,
0.00376787623470283,0.00753575246940566,0.0113348491214012,0.0148308656658766),
 .UNSPECIFIED.);
#65=B_SPLINE_CURVE_WITH_KNOTS('',3,(#17252,#17253,#17254,#17255,#17256,
#17257,#17258,#17259,#17260,#17261),.UNSPECIFIED.,.F.,.F.,(4,2,2,2,4),(0.0462772017860924,
0.0497732183305677,0.0535723149825633,0.0573401912172661,0.0611080674519689),
 .UNSPECIFIED.);
#66=B_SPLINE_CURVE_WITH_KNOTS('',3,(#17264,#17265,#17266,#17267,#17268,
#17269,#17270,#17271),.UNSPECIFIED.,.F.,.F.,(4,2,2,4),(0.,0.00377093489356692,
0.00754186978713383,0.0105556633360134),.UNSPECIFIED.);
#67=B_SPLINE_CURVE_WITH_KNOTS('',3,(#17474,#17475,#17476,#17477,#17478,
#17479),.UNSPECIFIED.,.F.,.F.,(4,2,4),(0.0367315396355946,0.0433793116836941,
0.0538605447515132),.UNSPECIFIED.);
#68=B_SPLINE_CURVE_WITH_KNOTS('',3,(#17481,#17482,#17483,#17484,#17485,
#17486,#17487,#17488),.UNSPECIFIED.,.F.,.F.,(4,2,2,4),(0.0925563595835799,
0.100823874490511,0.109091389397443,0.117079579070996),.UNSPECIFIED.);
#69=B_SPLINE_CURVE_WITH_KNOTS('',3,(#17520,#17521,#17522,#17523,#17524,
#17525,#17526,#17527),.UNSPECIFIED.,.F.,.F.,(4,2,2,4),(0.0680331400961712,
0.076021329769717,0.0842888446766484,0.0925563595835799),.UNSPECIFIED.);
#70=B_SPLINE_CURVE_WITH_KNOTS('',3,(#17530,#17531,#17532,#17533,#17534,
#17535),.UNSPECIFIED.,.F.,.F.,(4,2,4),(0.0538605447515132,0.0643417778193322,
0.0709895498674317),.UNSPECIFIED.);
#71=B_SPLINE_CURVE_WITH_KNOTS('',3,(#17704,#17705,#17706,#17707,#17708,
#17709,#17710,#17711),.UNSPECIFIED.,.F.,.F.,(4,2,2,4),(0.0680331400961714,
0.076021329769717,0.0842888446766485,0.09255635958358),.UNSPECIFIED.);
#72=B_SPLINE_CURVE_WITH_KNOTS('',3,(#17713,#17714,#17715,#17716,#17717,
#17718),.UNSPECIFIED.,.F.,.F.,(4,2,4),(0.0538605447515132,0.0643417778193322,
0.0709895498674318),.UNSPECIFIED.);
#73=B_SPLINE_CURVE_WITH_KNOTS('',3,(#17737,#17738,#17739,#17740,#17741,
#17742),.UNSPECIFIED.,.F.,.F.,(4,2,4),(0.144452629138621,0.151100401186721,
0.16158163425454),.UNSPECIFIED.);
#74=B_SPLINE_CURVE_WITH_KNOTS('',3,(#17745,#17746,#17747,#17748,#17749,
#17750,#17751,#17752),.UNSPECIFIED.,.F.,.F.,(4,2,2,4),(0.27766907875074,
0.285936593657671,0.294204108564603,0.302192298238156),.UNSPECIFIED.);
#75=SHAPE_REPRESENTATION_RELATIONSHIP('SRR','None',#18870,#84);
#76=SHAPE_REPRESENTATION_RELATIONSHIP('SRR','None',#18871,#85);
#77=SHAPE_REPRESENTATION_RELATIONSHIP('SRR','None',#18872,#86);
#78=SHAPE_REPRESENTATION_RELATIONSHIP('SRR','None',#18873,#87);
#79=SHAPE_REPRESENTATION_RELATIONSHIP('SRR','None',#18874,#88);
#80=SHAPE_REPRESENTATION_RELATIONSHIP('SRR','None',#18875,#89);
#81=SHAPE_REPRESENTATION_RELATIONSHIP('SRR','None',#18876,#90);
#82=SHAPE_REPRESENTATION_RELATIONSHIP('SRR','None',#18877,#91);
#83=SHAPE_REPRESENTATION_RELATIONSHIP('SRR','None',#18878,#92);
#84=ADVANCED_BREP_SHAPE_REPRESENTATION('',(#102),#18822);
#85=ADVANCED_BREP_SHAPE_REPRESENTATION('',(#103),#18823);
#86=ADVANCED_BREP_SHAPE_REPRESENTATION('',(#104),#18824);
#87=ADVANCED_BREP_SHAPE_REPRESENTATION('',(#105),#18825);
#88=ADVANCED_BREP_SHAPE_REPRESENTATION('',(#106),#18826);
#89=ADVANCED_BREP_SHAPE_REPRESENTATION('',(#107),#18827);
#90=ADVANCED_BREP_SHAPE_REPRESENTATION('',(#108),#18828);
#91=ADVANCED_BREP_SHAPE_REPRESENTATION('',(#109),#18829);
#92=ADVANCED_BREP_SHAPE_REPRESENTATION('',(#110),#18830);
#93=STYLED_ITEM('',(#11361),#102);
#94=STYLED_ITEM('',(#11362),#103);
#95=STYLED_ITEM('',(#11362),#104);
#96=STYLED_ITEM('',(#11362),#105);
#97=STYLED_ITEM('',(#11362),#106);
#98=STYLED_ITEM('',(#11362),#107);
#99=STYLED_ITEM('',(#11362),#108);
#100=STYLED_ITEM('',(#11362),#109);
#101=STYLED_ITEM('',(#11363),#110);
#102=MANIFOLD_SOLID_BREP('Solid1',#11352);
#103=MANIFOLD_SOLID_BREP('Solid1',#11353);
#104=MANIFOLD_SOLID_BREP('Solid1',#11354);
#105=MANIFOLD_SOLID_BREP('Solid1',#11355);
#106=MANIFOLD_SOLID_BREP('Solid1',#11356);
#107=MANIFOLD_SOLID_BREP('Solid1',#11357);
#108=MANIFOLD_SOLID_BREP('Solid1',#11358);
#109=MANIFOLD_SOLID_BREP('Solid1',#11359);
#110=MANIFOLD_SOLID_BREP('Solid1',#11360);
#111=ELLIPSE('',#11426,3.21733585439879,2.275);
#112=ELLIPSE('',#11434,3.21733585437433,2.27499999999105);
#113=ELLIPSE('',#11436,3.21733585438443,2.27499999999483);
#114=ELLIPSE('',#11512,3.37225123654316,1.775);
#115=ELLIPSE('',#11532,3.82537336804639,1.775);
#116=ELLIPSE('',#11606,0.232240844694207,0.210077265977232);
#117=ELLIPSE('',#11607,0.297696776812989,0.223101432679805);
#118=ELLIPSE('',#11614,0.297696776856066,0.223101432695893);
#119=ELLIPSE('',#11615,0.232240844744828,0.210077266000028);
#120=ELLIPSE('',#11620,0.673611111111111,0.5);
#121=ELLIPSE('',#11621,0.906708158767451,0.619735481964972);
#122=ELLIPSE('',#11622,0.673611111111112,0.5);
#123=ELLIPSE('',#11624,0.673611111111112,0.5);
#124=ELLIPSE('',#11625,0.90670824413041,0.619735516003188);
#125=ELLIPSE('',#11626,0.673611111111111,0.5);
#126=ELLIPSE('',#11628,0.300166620396075,0.300000000000002);
#127=ELLIPSE('',#11629,0.300166620396073,0.3);
#128=ELLIPSE('',#11630,0.600333240792145,0.6);
#129=ELLIPSE('',#11631,0.300166620396073,0.3);
#130=ELLIPSE('',#11632,0.600333240792145,0.6);
#131=ELLIPSE('',#11633,0.600333240792141,0.599999999999996);
#132=ELLIPSE('',#11635,0.600333240792141,0.599999999999996);
#133=ELLIPSE('',#11636,0.600333240792145,0.6);
#134=ELLIPSE('',#11637,0.300166620396073,0.3);
#135=ELLIPSE('',#11638,0.600333240792145,0.6);
#136=ELLIPSE('',#11639,0.300166620396073,0.3);
#137=ELLIPSE('',#11640,0.300166620396075,0.300000000000002);
#138=ELLIPSE('',#11681,0.23224084472078,0.210077265989203);
#139=ELLIPSE('',#11682,0.297696776807466,0.223101432677749);
#140=ELLIPSE('',#11689,0.297696776823668,0.22310143268379);
#141=ELLIPSE('',#11690,0.232240844743913,0.210077265999614);
#142=ELLIPSE('',#11695,0.673611111111111,0.5);
#143=ELLIPSE('',#11696,0.906708192661928,0.619735495413641);
#144=ELLIPSE('',#11697,0.67361111111111,0.5);
#145=ELLIPSE('',#11699,0.67361111111111,0.5);
#146=ELLIPSE('',#11700,0.906708206635322,0.619735501048995);
#147=ELLIPSE('',#11701,0.673611111111111,0.5);
#148=ELLIPSE('',#11703,0.600333240792144,0.599999999999999);
#149=ELLIPSE('',#11704,0.600333240792143,0.599999999999997);
#150=ELLIPSE('',#11705,0.300166620396071,0.299999999999999);
#151=ELLIPSE('',#11706,0.600333240792144,0.599999999999998);
#152=ELLIPSE('',#11707,0.300166620396073,0.3);
#153=ELLIPSE('',#11708,0.300166620396076,0.300000000000003);
#154=ELLIPSE('',#11710,0.300166620396076,0.300000000000003);
#155=ELLIPSE('',#11711,0.300166620396072,0.3);
#156=ELLIPSE('',#11712,0.600333240792144,0.599999999999998);
#157=ELLIPSE('',#11713,0.300166620396071,0.299999999999999);
#158=ELLIPSE('',#11714,0.600333240792143,0.599999999999997);
#159=ELLIPSE('',#11715,0.600333240792144,0.599999999999999);
#160=ELLIPSE('',#11788,0.50030412600386,0.500000000000002);
#161=ELLIPSE('',#11789,0.250152063001929,0.25);
#162=ELLIPSE('',#11790,0.50030412600386,0.500000000000002);
#163=ELLIPSE('',#11791,0.250152063001928,0.249999999999999);
#164=ELLIPSE('',#11792,0.500304126003858,0.5);
#165=ELLIPSE('',#11793,0.250152063001934,0.250000000000005);
#166=ELLIPSE('',#11795,0.250152063001934,0.250000000000005);
#167=ELLIPSE('',#11796,0.500304126003858,0.5);
#168=ELLIPSE('',#11797,0.250152063001928,0.249999999999999);
#169=ELLIPSE('',#11798,0.50030412600386,0.500000000000002);
#170=ELLIPSE('',#11799,0.250152063001929,0.25);
#171=ELLIPSE('',#11800,0.50030412600386,0.500000000000002);
#172=ELLIPSE('',#11834,0.102427951431451,0.1);
#173=ELLIPSE('',#11836,0.50022312443251,0.5);
#174=ELLIPSE('',#11837,0.250111562216255,0.25);
#175=ELLIPSE('',#11838,0.500223124432509,0.5);
#176=ELLIPSE('',#11840,0.102427951431451,0.1);
#177=ELLIPSE('',#11863,0.500223124432509,0.5);
#178=ELLIPSE('',#11864,0.250111562216255,0.25);
#179=ELLIPSE('',#11865,0.50022312443251,0.5);
#180=ELLIPSE('',#11897,0.306702178459509,0.3);
#181=ELLIPSE('',#11898,0.306702178459509,0.3);
#182=ELLIPSE('',#11900,0.250154317052697,0.25);
#183=ELLIPSE('',#11901,0.500308634105393,0.5);
#184=ELLIPSE('',#11905,0.306702178459509,0.3);
#185=ELLIPSE('',#11906,0.306702178459509,0.3);
#186=ELLIPSE('',#11958,0.306702178459509,0.3);
#187=ELLIPSE('',#11959,0.306702178459509,0.3);
#188=ELLIPSE('',#11965,0.306702178459509,0.3);
#189=ELLIPSE('',#11966,0.306702178459509,0.3);
#190=ELLIPSE('',#11969,0.500308634105393,0.5);
#191=ELLIPSE('',#11970,0.250154317052696,0.25);
#192=ELLIPSE('',#12111,2.13028753927735,0.150000000000001);
#193=CYLINDRICAL_SURFACE('',#11401,0.5);
#194=CYLINDRICAL_SURFACE('',#11407,0.5);
#195=CYLINDRICAL_SURFACE('',#11418,1.5);
#196=CYLINDRICAL_SURFACE('',#11443,2.45);
#197=CYLINDRICAL_SURFACE('',#11539,0.95);
#198=CYLINDRICAL_SURFACE('',#11542,0.950000000000001);
#199=CYLINDRICAL_SURFACE('',#11582,1.775);
#200=CYLINDRICAL_SURFACE('',#11584,2.275);
#201=CYLINDRICAL_SURFACE('',#11588,1.5);
#202=CYLINDRICAL_SURFACE('',#11591,0.599999999999998);
#203=CYLINDRICAL_SURFACE('',#11594,2.45);
#204=CYLINDRICAL_SURFACE('',#11605,0.2);
#205=CYLINDRICAL_SURFACE('',#11611,0.2);
#206=CYLINDRICAL_SURFACE('',#11619,0.5);
#207=CYLINDRICAL_SURFACE('',#11623,0.5);
#208=CYLINDRICAL_SURFACE('',#11643,0.6);
#209=CYLINDRICAL_SURFACE('',#11645,0.3);
#210=CYLINDRICAL_SURFACE('',#11647,0.300000000000002);
#211=CYLINDRICAL_SURFACE('',#11649,0.600000000000002);
#212=CYLINDRICAL_SURFACE('',#11652,0.3);
#213=CYLINDRICAL_SURFACE('',#11656,0.6);
#214=CYLINDRICAL_SURFACE('',#11664,0.3);
#215=CYLINDRICAL_SURFACE('',#11666,0.6);
#216=CYLINDRICAL_SURFACE('',#11668,0.599999999999996);
#217=CYLINDRICAL_SURFACE('',#11670,0.299999999999995);
#218=CYLINDRICAL_SURFACE('',#11680,0.2);
#219=CYLINDRICAL_SURFACE('',#11686,0.2);
#220=CYLINDRICAL_SURFACE('',#11694,0.5);
#221=CYLINDRICAL_SURFACE('',#11698,0.5);
#222=CYLINDRICAL_SURFACE('',#11718,0.299999999999999);
#223=CYLINDRICAL_SURFACE('',#11720,0.599999999999997);
#224=CYLINDRICAL_SURFACE('',#11722,0.599999999999999);
#225=CYLINDRICAL_SURFACE('',#11724,0.299999999999999);
#226=CYLINDRICAL_SURFACE('',#11727,0.3);
#227=CYLINDRICAL_SURFACE('',#11731,0.6);
#228=CYLINDRICAL_SURFACE('',#11740,0.599999999999998);
#229=CYLINDRICAL_SURFACE('',#11742,0.3);
#230=CYLINDRICAL_SURFACE('',#11744,0.300000000000003);
#231=CYLINDRICAL_SURFACE('',#11746,0.600000000000002);
#232=CYLINDRICAL_SURFACE('',#11755,0.1);
#233=CYLINDRICAL_SURFACE('',#11759,0.1);
#234=CYLINDRICAL_SURFACE('',#11769,0.2);
#235=CYLINDRICAL_SURFACE('',#11772,0.2);
#236=CYLINDRICAL_SURFACE('',#11775,0.2);
#237=CYLINDRICAL_SURFACE('',#11777,0.2);
#238=CYLINDRICAL_SURFACE('',#11780,0.2);
#239=CYLINDRICAL_SURFACE('',#11803,0.500000000000002);
#240=CYLINDRICAL_SURFACE('',#11805,0.25);
#241=CYLINDRICAL_SURFACE('',#11807,0.500000000000002);
#242=CYLINDRICAL_SURFACE('',#11812,0.5);
#243=CYLINDRICAL_SURFACE('',#11813,0.25);
#244=CYLINDRICAL_SURFACE('',#11815,0.249999999999999);
#245=CYLINDRICAL_SURFACE('',#11817,0.5);
#246=CYLINDRICAL_SURFACE('',#11819,0.250000000000005);
#247=CYLINDRICAL_SURFACE('',#11833,0.1);
#248=CYLINDRICAL_SURFACE('',#11839,0.1);
#249=CYLINDRICAL_SURFACE('',#11842,0.1);
#250=CYLINDRICAL_SURFACE('',#11850,0.1);
#251=CYLINDRICAL_SURFACE('',#11856,0.1);
#252=CYLINDRICAL_SURFACE('',#11857,0.1);
#253=CYLINDRICAL_SURFACE('',#11866,0.5);
#254=CYLINDRICAL_SURFACE('',#11868,0.25);
#255=CYLINDRICAL_SURFACE('',#11869,0.5);
#256=CYLINDRICAL_SURFACE('',#11873,0.25);
#257=CYLINDRICAL_SURFACE('',#11882,0.2);
#258=CYLINDRICAL_SURFACE('',#11890,0.2);
#259=CYLINDRICAL_SURFACE('',#11893,0.2);
#260=CYLINDRICAL_SURFACE('',#11896,0.3);
#261=CYLINDRICAL_SURFACE('',#11902,0.3);
#262=CYLINDRICAL_SURFACE('',#11904,0.3);
#263=CYLINDRICAL_SURFACE('',#11908,0.25);
#264=CYLINDRICAL_SURFACE('',#11912,0.5);
#265=CYLINDRICAL_SURFACE('',#11918,0.5);
#266=CYLINDRICAL_SURFACE('',#11919,0.25);
#267=CYLINDRICAL_SURFACE('',#11922,0.5);
#268=CYLINDRICAL_SURFACE('',#11934,0.25);
#269=CYLINDRICAL_SURFACE('',#11943,0.2);
#270=CYLINDRICAL_SURFACE('',#11947,0.2);
#271=CYLINDRICAL_SURFACE('',#11954,0.3);
#272=CYLINDRICAL_SURFACE('',#11957,0.3);
#273=CYLINDRICAL_SURFACE('',#11961,0.3);
#274=CYLINDRICAL_SURFACE('',#11964,0.3);
#275=CYLINDRICAL_SURFACE('',#11971,0.25);
#276=CYLINDRICAL_SURFACE('',#11973,0.25);
#277=CYLINDRICAL_SURFACE('',#11976,0.5);
#278=CYLINDRICAL_SURFACE('',#11981,0.5);
#279=CYLINDRICAL_SURFACE('',#11985,0.25);
#280=CYLINDRICAL_SURFACE('',#11997,0.5);
#281=CYLINDRICAL_SURFACE('',#12004,0.1);
#282=CYLINDRICAL_SURFACE('',#12008,0.1);
#283=CYLINDRICAL_SURFACE('',#12012,0.1);
#284=CYLINDRICAL_SURFACE('',#12016,0.1);
#285=CYLINDRICAL_SURFACE('',#12020,0.1);
#286=CYLINDRICAL_SURFACE('',#12052,0.3);
#287=CYLINDRICAL_SURFACE('',#12054,0.15);
#288=CYLINDRICAL_SURFACE('',#12063,0.15);
#289=CYLINDRICAL_SURFACE('',#12067,0.3);
#290=CYLINDRICAL_SURFACE('',#12080,0.15);
#291=CYLINDRICAL_SURFACE('',#12084,0.3);
#292=CYLINDRICAL_SURFACE('',#12099,1.275);
#293=CYLINDRICAL_SURFACE('',#12102,0.1);
#294=CYLINDRICAL_SURFACE('',#12105,0.1);
#295=CYLINDRICAL_SURFACE('',#12135,0.3);
#296=CYLINDRICAL_SURFACE('',#12152,0.150000000000001);
#297=CYLINDRICAL_SURFACE('',#12159,0.3);
#298=CYLINDRICAL_SURFACE('',#12166,0.3);
#299=CYLINDRICAL_SURFACE('',#12176,0.150000000000001);
#300=CYLINDRICAL_SURFACE('',#12180,0.299999999999999);
#301=CYLINDRICAL_SURFACE('',#12188,0.149999999999999);
#302=CYLINDRICAL_SURFACE('',#12197,0.150000000000001);
#303=CYLINDRICAL_SURFACE('',#12203,0.3);
#304=CYLINDRICAL_SURFACE('',#12205,0.15);
#305=CYLINDRICAL_SURFACE('',#12207,0.300000000000001);
#306=CYLINDRICAL_SURFACE('',#12210,0.1);
#307=CYLINDRICAL_SURFACE('',#12213,0.1);
#308=CYLINDRICAL_SURFACE('',#12216,0.1);
#309=CYLINDRICAL_SURFACE('',#12219,0.1);
#310=CYLINDRICAL_SURFACE('',#12221,0.1);
#311=CYLINDRICAL_SURFACE('',#12224,0.1);
#312=CYLINDRICAL_SURFACE('',#12227,0.1);
#313=CYLINDRICAL_SURFACE('',#12230,0.1);
#314=CYLINDRICAL_SURFACE('',#12233,0.1);
#315=CYLINDRICAL_SURFACE('',#12235,0.1);
#316=CYLINDRICAL_SURFACE('',#12238,0.1);
#317=CYLINDRICAL_SURFACE('',#12241,0.15);
#318=CYLINDRICAL_SURFACE('',#12244,0.300000000000001);
#319=CYLINDRICAL_SURFACE('',#12256,0.150000000000001);
#320=CYLINDRICAL_SURFACE('',#12258,0.3);
#321=CYLINDRICAL_SURFACE('',#12260,0.15);
#322=FACE_BOUND('',#1156,.T.);
#323=FACE_BOUND('',#1158,.T.);
#324=FACE_BOUND('',#1161,.T.);
#325=FACE_BOUND('',#1163,.T.);
#326=FACE_BOUND('',#1172,.T.);
#327=FACE_BOUND('',#1186,.T.);
#328=FACE_BOUND('',#1197,.T.);
#329=FACE_BOUND('',#1198,.T.);
#330=FACE_BOUND('',#1281,.T.);
#331=FACE_BOUND('',#1313,.T.);
#332=FACE_BOUND('',#1314,.T.);
#333=FACE_BOUND('',#1315,.T.);
#334=FACE_BOUND('',#1317,.T.);
#335=FACE_BOUND('',#1319,.T.);
#336=FACE_BOUND('',#1323,.T.);
#337=FACE_BOUND('',#1644,.T.);
#338=FACE_BOUND('',#1691,.T.);
#339=FACE_BOUND('',#1694,.T.);
#340=CONICAL_SURFACE('',#11398,0.375,45.);
#341=CONICAL_SURFACE('',#11404,0.375,45.);
#342=CONICAL_SURFACE('',#11411,1.55,45.0000000000006);
#343=CONICAL_SURFACE('',#11415,1.55,45.0000000000001);
#344=CONICAL_SURFACE('',#11427,2.3,44.9999999999999);
#345=CONICAL_SURFACE('',#11430,0.449999999999998,45.0000000000001);
#346=CONICAL_SURFACE('',#11437,2.3,45.0000000000001);
#347=CIRCLE('',#11397,1.775);
#348=CIRCLE('',#11399,0.5);
#349=CIRCLE('',#11400,0.25);
#350=CIRCLE('',#11402,0.5);
#351=CIRCLE('',#11405,0.5);
#352=CIRCLE('',#11406,0.25);
#353=CIRCLE('',#11408,0.5);
#354=CIRCLE('',#11412,1.6);
#355=CIRCLE('',#11413,1.5);
#356=CIRCLE('',#11416,1.6);
#357=CIRCLE('',#11417,1.5);
#358=CIRCLE('',#11419,1.5);
#359=CIRCLE('',#11422,2.275);
#360=CIRCLE('',#11423,2.15);
#361=CIRCLE('',#11428,2.45);
#362=CIRCLE('',#11431,0.299999999999998);
#363=CIRCLE('',#11432,0.599999999999998);
#364=CIRCLE('',#11438,2.275);
#365=CIRCLE('',#11439,2.45);
#366=CIRCLE('',#11441,2.275);
#367=CIRCLE('',#11444,2.45);
#368=CIRCLE('',#11445,2.45);
#369=CIRCLE('',#11446,2.45);
#370=CIRCLE('',#11517,1.775);
#371=CIRCLE('',#11537,1.775);
#372=CIRCLE('',#11540,0.95);
#373=CIRCLE('',#11541,0.95);
#374=CIRCLE('',#11543,0.950000000000001);
#375=CIRCLE('',#11544,0.950000000000001);
#376=CIRCLE('',#11553,1.775);
#377=CIRCLE('',#11577,1.775);
#378=CIRCLE('',#11580,1.775);
#379=CIRCLE('',#11583,1.775);
#380=CIRCLE('',#11585,2.275);
#381=CIRCLE('',#11589,1.5);
#382=CIRCLE('',#11592,0.599999999999998);
#383=CIRCLE('',#11595,2.45);
#384=CIRCLE('',#11596,2.45);
#385=CIRCLE('',#11608,0.2);
#386=CIRCLE('',#11609,0.2);
#387=CIRCLE('',#11612,0.2);
#388=CIRCLE('',#11613,0.2);
#389=CIRCLE('',#11617,0.3);
#390=CIRCLE('',#11618,0.6);
#391=CIRCLE('',#11650,0.600000000000002);
#392=CIRCLE('',#11651,0.600000000000002);
#393=CIRCLE('',#11653,0.3);
#394=CIRCLE('',#11655,0.6);
#395=CIRCLE('',#11659,0.299999999999995);
#396=CIRCLE('',#11661,0.299999999999995);
#397=CIRCLE('',#11683,0.2);
#398=CIRCLE('',#11684,0.2);
#399=CIRCLE('',#11687,0.2);
#400=CIRCLE('',#11688,0.2);
#401=CIRCLE('',#11692,0.3);
#402=CIRCLE('',#11693,0.6);
#403=CIRCLE('',#11725,0.299999999999999);
#404=CIRCLE('',#11726,0.299999999999999);
#405=CIRCLE('',#11728,0.3);
#406=CIRCLE('',#11730,0.6);
#407=CIRCLE('',#11734,0.600000000000002);
#408=CIRCLE('',#11737,0.600000000000002);
#409=CIRCLE('',#11756,0.1);
#410=CIRCLE('',#11757,0.1);
#411=CIRCLE('',#11760,0.1);
#412=CIRCLE('',#11761,0.1);
#413=CIRCLE('',#11764,0.2);
#414=CIRCLE('',#11765,0.2);
#415=CIRCLE('',#11766,0.2);
#416=CIRCLE('',#11767,0.2);
#417=CIRCLE('',#11768,0.2);
#418=CIRCLE('',#11770,0.2);
#419=CIRCLE('',#11773,0.2);
#420=CIRCLE('',#11776,0.2);
#421=CIRCLE('',#11778,0.2);
#422=CIRCLE('',#11781,0.2);
#423=CIRCLE('',#11783,0.25);
#424=CIRCLE('',#11784,0.5);
#425=CIRCLE('',#11809,0.5);
#426=CIRCLE('',#11810,0.25);
#427=CIRCLE('',#11843,0.1);
#428=CIRCLE('',#11844,0.1);
#429=CIRCLE('',#11847,0.1);
#430=CIRCLE('',#11848,0.1);
#431=CIRCLE('',#11849,0.1);
#432=CIRCLE('',#11851,0.1);
#433=CIRCLE('',#11853,0.1);
#434=CIRCLE('',#11854,0.1);
#435=CIRCLE('',#11883,0.2);
#436=CIRCLE('',#11884,0.2);
#437=CIRCLE('',#11887,0.2);
#438=CIRCLE('',#11888,0.2);
#439=CIRCLE('',#11889,0.3);
#440=CIRCLE('',#11891,0.2);
#441=CIRCLE('',#11894,0.2);
#442=CIRCLE('',#11903,0.3);
#443=CIRCLE('',#11909,0.25);
#444=CIRCLE('',#11915,0.5);
#445=CIRCLE('',#11923,0.5);
#446=CIRCLE('',#11924,0.5);
#447=CIRCLE('',#11928,0.25);
#448=CIRCLE('',#11930,0.25);
#449=CIRCLE('',#11944,0.2);
#450=CIRCLE('',#11945,0.2);
#451=CIRCLE('',#11948,0.2);
#452=CIRCLE('',#11949,0.2);
#453=CIRCLE('',#11952,0.3);
#454=CIRCLE('',#11953,0.3);
#455=CIRCLE('',#11955,0.3);
#456=CIRCLE('',#11962,0.3);
#457=CIRCLE('',#11972,0.25);
#458=CIRCLE('',#11977,0.5);
#459=CIRCLE('',#11986,0.25);
#460=CIRCLE('',#11987,0.249999999999999);
#461=CIRCLE('',#11991,0.5);
#462=CIRCLE('',#11993,0.5);
#463=CIRCLE('',#12005,0.1);
#464=CIRCLE('',#12006,0.1);
#465=CIRCLE('',#12009,0.1);
#466=CIRCLE('',#12010,0.1);
#467=CIRCLE('',#12013,0.1);
#468=CIRCLE('',#12014,0.1);
#469=CIRCLE('',#12017,0.1);
#470=CIRCLE('',#12018,0.1);
#471=CIRCLE('',#12021,0.1);
#472=CIRCLE('',#12022,0.1);
#473=CIRCLE('',#12047,0.1);
#474=CIRCLE('',#12048,0.1);
#475=CIRCLE('',#12050,0.15);
#476=CIRCLE('',#12051,0.3);
#477=CIRCLE('',#12053,0.3);
#478=CIRCLE('',#12055,0.15);
#479=CIRCLE('',#12061,0.15);
#480=CIRCLE('',#12062,0.3);
#481=CIRCLE('',#12064,0.15);
#482=CIRCLE('',#12066,0.3);
#483=CIRCLE('',#12078,0.15);
#484=CIRCLE('',#12079,0.3);
#485=CIRCLE('',#12081,0.15);
#486=CIRCLE('',#12083,0.3);
#487=CIRCLE('',#12100,1.275);
#488=CIRCLE('',#12101,1.275);
#489=CIRCLE('',#12103,0.1);
#490=CIRCLE('',#12106,0.1);
#491=CIRCLE('',#12108,0.3);
#492=CIRCLE('',#12113,0.3);
#493=CIRCLE('',#12122,0.300000000000001);
#494=CIRCLE('',#12123,0.150000000000001);
#495=CIRCLE('',#12128,0.3);
#496=CIRCLE('',#12129,0.15);
#497=CIRCLE('',#12133,0.15);
#498=CIRCLE('',#12134,0.3);
#499=CIRCLE('',#12137,0.1);
#500=CIRCLE('',#12138,0.1);
#501=CIRCLE('',#12139,0.1);
#502=CIRCLE('',#12140,0.1);
#503=CIRCLE('',#12141,0.1);
#504=CIRCLE('',#12142,0.1);
#505=CIRCLE('',#12143,0.1);
#506=CIRCLE('',#12144,0.1);
#507=CIRCLE('',#12145,0.1);
#508=CIRCLE('',#12146,0.1);
#509=CIRCLE('',#12147,0.1);
#510=CIRCLE('',#12149,0.299999999999999);
#511=CIRCLE('',#12151,0.299999999999999);
#512=CIRCLE('',#12153,0.150000000000001);
#513=CIRCLE('',#12154,0.150000000000001);
#514=CIRCLE('',#12156,0.3);
#515=CIRCLE('',#12158,0.3);
#516=CIRCLE('',#12167,0.300000000000002);
#517=CIRCLE('',#12168,0.3);
#518=CIRCLE('',#12172,0.150000000000001);
#519=CIRCLE('',#12174,0.150000000000001);
#520=CIRCLE('',#12178,0.149999999999999);
#521=CIRCLE('',#12179,0.299999999999999);
#522=CIRCLE('',#12181,0.299999999999999);
#523=CIRCLE('',#12186,0.149999999999999);
#524=CIRCLE('',#12193,0.15);
#525=CIRCLE('',#12194,0.3);
#526=CIRCLE('',#12198,0.150000000000001);
#527=CIRCLE('',#12200,0.3);
#528=CIRCLE('',#12201,0.15);
#529=CIRCLE('',#12204,0.3);
#530=CIRCLE('',#12208,0.300000000000001);
#531=CIRCLE('',#12211,0.1);
#532=CIRCLE('',#12214,0.1);
#533=CIRCLE('',#12217,0.1);
#534=CIRCLE('',#12220,0.1);
#535=CIRCLE('',#12222,0.1);
#536=CIRCLE('',#12225,0.1);
#537=CIRCLE('',#12228,0.1);
#538=CIRCLE('',#12231,0.1);
#539=CIRCLE('',#12234,0.1);
#540=CIRCLE('',#12236,0.1);
#541=CIRCLE('',#12239,0.1);
#542=CIRCLE('',#12242,0.15);
#543=CIRCLE('',#12245,0.299999999999999);
#544=CIRCLE('',#12246,0.299999999999999);
#545=CIRCLE('',#12251,0.149999999999999);
#546=CIRCLE('',#12253,0.15);
#547=CIRCLE('',#12259,0.3);
#548=CIRCLE('',#12261,0.15);
#549=FACE_OUTER_BOUND('',#1142,.T.);
#550=FACE_OUTER_BOUND('',#1143,.T.);
#551=FACE_OUTER_BOUND('',#1144,.T.);
#552=FACE_OUTER_BOUND('',#1145,.T.);
#553=FACE_OUTER_BOUND('',#1146,.T.);
#554=FACE_OUTER_BOUND('',#1147,.T.);
#555=FACE_OUTER_BOUND('',#1148,.T.);
#556=FACE_OUTER_BOUND('',#1149,.T.);
#557=FACE_OUTER_BOUND('',#1150,.T.);
#558=FACE_OUTER_BOUND('',#1151,.T.);
#559=FACE_OUTER_BOUND('',#1152,.T.);
#560=FACE_OUTER_BOUND('',#1153,.T.);
#561=FACE_OUTER_BOUND('',#1154,.T.);
#562=FACE_OUTER_BOUND('',#1155,.T.);
#563=FACE_OUTER_BOUND('',#1157,.T.);
#564=FACE_OUTER_BOUND('',#1159,.T.);
#565=FACE_OUTER_BOUND('',#1160,.T.);
#566=FACE_OUTER_BOUND('',#1162,.T.);
#567=FACE_OUTER_BOUND('',#1164,.T.);
#568=FACE_OUTER_BOUND('',#1165,.T.);
#569=FACE_OUTER_BOUND('',#1166,.T.);
#570=FACE_OUTER_BOUND('',#1167,.T.);
#571=FACE_OUTER_BOUND('',#1168,.T.);
#572=FACE_OUTER_BOUND('',#1169,.T.);
#573=FACE_OUTER_BOUND('',#1170,.T.);
#574=FACE_OUTER_BOUND('',#1171,.T.);
#575=FACE_OUTER_BOUND('',#1173,.T.);
#576=FACE_OUTER_BOUND('',#1174,.T.);
#577=FACE_OUTER_BOUND('',#1175,.T.);
#578=FACE_OUTER_BOUND('',#1176,.T.);
#579=FACE_OUTER_BOUND('',#1177,.T.);
#580=FACE_OUTER_BOUND('',#1178,.T.);
#581=FACE_OUTER_BOUND('',#1179,.T.);
#582=FACE_OUTER_BOUND('',#1180,.T.);
#583=FACE_OUTER_BOUND('',#1181,.T.);
#584=FACE_OUTER_BOUND('',#1182,.T.);
#585=FACE_OUTER_BOUND('',#1183,.T.);
#586=FACE_OUTER_BOUND('',#1184,.T.);
#587=FACE_OUTER_BOUND('',#1185,.T.);
#588=FACE_OUTER_BOUND('',#1187,.T.);
#589=FACE_OUTER_BOUND('',#1188,.T.);
#590=FACE_OUTER_BOUND('',#1189,.T.);
#591=FACE_OUTER_BOUND('',#1190,.T.);
#592=FACE_OUTER_BOUND('',#1191,.T.);
#593=FACE_OUTER_BOUND('',#1192,.T.);
#594=FACE_OUTER_BOUND('',#1193,.T.);
#595=FACE_OUTER_BOUND('',#1194,.T.);
#596=FACE_OUTER_BOUND('',#1195,.T.);
#597=FACE_OUTER_BOUND('',#1196,.T.);
#598=FACE_OUTER_BOUND('',#1199,.T.);
#599=FACE_OUTER_BOUND('',#1200,.T.);
#600=FACE_OUTER_BOUND('',#1201,.T.);
#601=FACE_OUTER_BOUND('',#1202,.T.);
#602=FACE_OUTER_BOUND('',#1203,.T.);
#603=FACE_OUTER_BOUND('',#1204,.T.);
#604=FACE_OUTER_BOUND('',#1205,.T.);
#605=FACE_OUTER_BOUND('',#1206,.T.);
#606=FACE_OUTER_BOUND('',#1207,.T.);
#607=FACE_OUTER_BOUND('',#1208,.T.);
#608=FACE_OUTER_BOUND('',#1209,.T.);
#609=FACE_OUTER_BOUND('',#1210,.T.);
#610=FACE_OUTER_BOUND('',#1211,.T.);
#611=FACE_OUTER_BOUND('',#1212,.T.);
#612=FACE_OUTER_BOUND('',#1213,.T.);
#613=FACE_OUTER_BOUND('',#1214,.T.);
#614=FACE_OUTER_BOUND('',#1215,.T.);
#615=FACE_OUTER_BOUND('',#1216,.T.);
#616=FACE_OUTER_BOUND('',#1217,.T.);
#617=FACE_OUTER_BOUND('',#1218,.T.);
#618=FACE_OUTER_BOUND('',#1219,.T.);
#619=FACE_OUTER_BOUND('',#1220,.T.);
#620=FACE_OUTER_BOUND('',#1221,.T.);
#621=FACE_OUTER_BOUND('',#1222,.T.);
#622=FACE_OUTER_BOUND('',#1223,.T.);
#623=FACE_OUTER_BOUND('',#1224,.T.);
#624=FACE_OUTER_BOUND('',#1225,.T.);
#625=FACE_OUTER_BOUND('',#1226,.T.);
#626=FACE_OUTER_BOUND('',#1227,.T.);
#627=FACE_OUTER_BOUND('',#1228,.T.);
#628=FACE_OUTER_BOUND('',#1229,.T.);
#629=FACE_OUTER_BOUND('',#1230,.T.);
#630=FACE_OUTER_BOUND('',#1231,.T.);
#631=FACE_OUTER_BOUND('',#1232,.T.);
#632=FACE_OUTER_BOUND('',#1233,.T.);
#633=FACE_OUTER_BOUND('',#1234,.T.);
#634=FACE_OUTER_BOUND('',#1235,.T.);
#635=FACE_OUTER_BOUND('',#1236,.T.);
#636=FACE_OUTER_BOUND('',#1237,.T.);
#637=FACE_OUTER_BOUND('',#1238,.T.);
#638=FACE_OUTER_BOUND('',#1239,.T.);
#639=FACE_OUTER_BOUND('',#1240,.T.);
#640=FACE_OUTER_BOUND('',#1241,.T.);
#641=FACE_OUTER_BOUND('',#1242,.T.);
#642=FACE_OUTER_BOUND('',#1243,.T.);
#643=FACE_OUTER_BOUND('',#1244,.T.);
#644=FACE_OUTER_BOUND('',#1245,.T.);
#645=FACE_OUTER_BOUND('',#1246,.T.);
#646=FACE_OUTER_BOUND('',#1247,.T.);
#647=FACE_OUTER_BOUND('',#1248,.T.);
#648=FACE_OUTER_BOUND('',#1249,.T.);
#649=FACE_OUTER_BOUND('',#1250,.T.);
#650=FACE_OUTER_BOUND('',#1251,.T.);
#651=FACE_OUTER_BOUND('',#1252,.T.);
#652=FACE_OUTER_BOUND('',#1253,.T.);
#653=FACE_OUTER_BOUND('',#1254,.T.);
#654=FACE_OUTER_BOUND('',#1255,.T.);
#655=FACE_OUTER_BOUND('',#1256,.T.);
#656=FACE_OUTER_BOUND('',#1257,.T.);
#657=FACE_OUTER_BOUND('',#1258,.T.);
#658=FACE_OUTER_BOUND('',#1259,.T.);
#659=FACE_OUTER_BOUND('',#1260,.T.);
#660=FACE_OUTER_BOUND('',#1261,.T.);
#661=FACE_OUTER_BOUND('',#1262,.T.);
#662=FACE_OUTER_BOUND('',#1263,.T.);
#663=FACE_OUTER_BOUND('',#1264,.T.);
#664=FACE_OUTER_BOUND('',#1265,.T.);
#665=FACE_OUTER_BOUND('',#1266,.T.);
#666=FACE_OUTER_BOUND('',#1267,.T.);
#667=FACE_OUTER_BOUND('',#1268,.T.);
#668=FACE_OUTER_BOUND('',#1269,.T.);
#669=FACE_OUTER_BOUND('',#1270,.T.);
#670=FACE_OUTER_BOUND('',#1271,.T.);
#671=FACE_OUTER_BOUND('',#1272,.T.);
#672=FACE_OUTER_BOUND('',#1273,.T.);
#673=FACE_OUTER_BOUND('',#1274,.T.);
#674=FACE_OUTER_BOUND('',#1275,.T.);
#675=FACE_OUTER_BOUND('',#1276,.T.);
#676=FACE_OUTER_BOUND('',#1277,.T.);
#677=FACE_OUTER_BOUND('',#1278,.T.);
#678=FACE_OUTER_BOUND('',#1279,.T.);
#679=FACE_OUTER_BOUND('',#1280,.T.);
#680=FACE_OUTER_BOUND('',#1282,.T.);
#681=FACE_OUTER_BOUND('',#1283,.T.);
#682=FACE_OUTER_BOUND('',#1284,.T.);
#683=FACE_OUTER_BOUND('',#1285,.T.);
#684=FACE_OUTER_BOUND('',#1286,.T.);
#685=FACE_OUTER_BOUND('',#1287,.T.);
#686=FACE_OUTER_BOUND('',#1288,.T.);
#687=FACE_OUTER_BOUND('',#1289,.T.);
#688=FACE_OUTER_BOUND('',#1290,.T.);
#689=FACE_OUTER_BOUND('',#1291,.T.);
#690=FACE_OUTER_BOUND('',#1292,.T.);
#691=FACE_OUTER_BOUND('',#1293,.T.);
#692=FACE_OUTER_BOUND('',#1294,.T.);
#693=FACE_OUTER_BOUND('',#1295,.T.);
#694=FACE_OUTER_BOUND('',#1296,.T.);
#695=FACE_OUTER_BOUND('',#1297,.T.);
#696=FACE_OUTER_BOUND('',#1298,.T.);
#697=FACE_OUTER_BOUND('',#1299,.T.);
#698=FACE_OUTER_BOUND('',#1300,.T.);
#699=FACE_OUTER_BOUND('',#1301,.T.);
#700=FACE_OUTER_BOUND('',#1302,.T.);
#701=FACE_OUTER_BOUND('',#1303,.T.);
#702=FACE_OUTER_BOUND('',#1304,.T.);
#703=FACE_OUTER_BOUND('',#1305,.T.);
#704=FACE_OUTER_BOUND('',#1306,.T.);
#705=FACE_OUTER_BOUND('',#1307,.T.);
#706=FACE_OUTER_BOUND('',#1308,.T.);
#707=FACE_OUTER_BOUND('',#1309,.T.);
#708=FACE_OUTER_BOUND('',#1310,.T.);
#709=FACE_OUTER_BOUND('',#1311,.T.);
#710=FACE_OUTER_BOUND('',#1312,.T.);
#711=FACE_OUTER_BOUND('',#1316,.T.);
#712=FACE_OUTER_BOUND('',#1318,.T.);
#713=FACE_OUTER_BOUND('',#1320,.T.);
#714=FACE_OUTER_BOUND('',#1321,.T.);
#715=FACE_OUTER_BOUND('',#1322,.T.);
#716=FACE_OUTER_BOUND('',#1324,.T.);
#717=FACE_OUTER_BOUND('',#1325,.T.);
#718=FACE_OUTER_BOUND('',#1326,.T.);
#719=FACE_OUTER_BOUND('',#1327,.T.);
#720=FACE_OUTER_BOUND('',#1328,.T.);
#721=FACE_OUTER_BOUND('',#1329,.T.);
#722=FACE_OUTER_BOUND('',#1330,.T.);
#723=FACE_OUTER_BOUND('',#1331,.T.);
#724=FACE_OUTER_BOUND('',#1332,.T.);
#725=FACE_OUTER_BOUND('',#1333,.T.);
#726=FACE_OUTER_BOUND('',#1334,.T.);
#727=FACE_OUTER_BOUND('',#1335,.T.);
#728=FACE_OUTER_BOUND('',#1336,.T.);
#729=FACE_OUTER_BOUND('',#1337,.T.);
#730=FACE_OUTER_BOUND('',#1338,.T.);
#731=FACE_OUTER_BOUND('',#1339,.T.);
#732=FACE_OUTER_BOUND('',#1340,.T.);
#733=FACE_OUTER_BOUND('',#1341,.T.);
#734=FACE_OUTER_BOUND('',#1342,.T.);
#735=FACE_OUTER_BOUND('',#1343,.T.);
#736=FACE_OUTER_BOUND('',#1344,.T.);
#737=FACE_OUTER_BOUND('',#1345,.T.);
#738=FACE_OUTER_BOUND('',#1346,.T.);
#739=FACE_OUTER_BOUND('',#1347,.T.);
#740=FACE_OUTER_BOUND('',#1348,.T.);
#741=FACE_OUTER_BOUND('',#1349,.T.);
#742=FACE_OUTER_BOUND('',#1350,.T.);
#743=FACE_OUTER_BOUND('',#1351,.T.);
#744=FACE_OUTER_BOUND('',#1352,.T.);
#745=FACE_OUTER_BOUND('',#1353,.T.);
#746=FACE_OUTER_BOUND('',#1354,.T.);
#747=FACE_OUTER_BOUND('',#1355,.T.);
#748=FACE_OUTER_BOUND('',#1356,.T.);
#749=FACE_OUTER_BOUND('',#1357,.T.);
#750=FACE_OUTER_BOUND('',#1358,.T.);
#751=FACE_OUTER_BOUND('',#1359,.T.);
#752=FACE_OUTER_BOUND('',#1360,.T.);
#753=FACE_OUTER_BOUND('',#1361,.T.);
#754=FACE_OUTER_BOUND('',#1362,.T.);
#755=FACE_OUTER_BOUND('',#1363,.T.);
#756=FACE_OUTER_BOUND('',#1364,.T.);
#757=FACE_OUTER_BOUND('',#1365,.T.);
#758=FACE_OUTER_BOUND('',#1366,.T.);
#759=FACE_OUTER_BOUND('',#1367,.T.);
#760=FACE_OUTER_BOUND('',#1368,.T.);
#761=FACE_OUTER_BOUND('',#1369,.T.);
#762=FACE_OUTER_BOUND('',#1370,.T.);
#763=FACE_OUTER_BOUND('',#1371,.T.);
#764=FACE_OUTER_BOUND('',#1372,.T.);
#765=FACE_OUTER_BOUND('',#1373,.T.);
#766=FACE_OUTER_BOUND('',#1374,.T.);
#767=FACE_OUTER_BOUND('',#1375,.T.);
#768=FACE_OUTER_BOUND('',#1376,.T.);
#769=FACE_OUTER_BOUND('',#1377,.T.);
#770=FACE_OUTER_BOUND('',#1378,.T.);
#771=FACE_OUTER_BOUND('',#1379,.T.);
#772=FACE_OUTER_BOUND('',#1380,.T.);
#773=FACE_OUTER_BOUND('',#1381,.T.);
#774=FACE_OUTER_BOUND('',#1382,.T.);
#775=FACE_OUTER_BOUND('',#1383,.T.);
#776=FACE_OUTER_BOUND('',#1384,.T.);
#777=FACE_OUTER_BOUND('',#1385,.T.);
#778=FACE_OUTER_BOUND('',#1386,.T.);
#779=FACE_OUTER_BOUND('',#1387,.T.);
#780=FACE_OUTER_BOUND('',#1388,.T.);
#781=FACE_OUTER_BOUND('',#1389,.T.);
#782=FACE_OUTER_BOUND('',#1390,.T.);
#783=FACE_OUTER_BOUND('',#1391,.T.);
#784=FACE_OUTER_BOUND('',#1392,.T.);
#785=FACE_OUTER_BOUND('',#1393,.T.);
#786=FACE_OUTER_BOUND('',#1394,.T.);
#787=FACE_OUTER_BOUND('',#1395,.T.);
#788=FACE_OUTER_BOUND('',#1396,.T.);
#789=FACE_OUTER_BOUND('',#1397,.T.);
#790=FACE_OUTER_BOUND('',#1398,.T.);
#791=FACE_OUTER_BOUND('',#1399,.T.);
#792=FACE_OUTER_BOUND('',#1400,.T.);
#793=FACE_OUTER_BOUND('',#1401,.T.);
#794=FACE_OUTER_BOUND('',#1402,.T.);
#795=FACE_OUTER_BOUND('',#1403,.T.);
#796=FACE_OUTER_BOUND('',#1404,.T.);
#797=FACE_OUTER_BOUND('',#1405,.T.);
#798=FACE_OUTER_BOUND('',#1406,.T.);
#799=FACE_OUTER_BOUND('',#1407,.T.);
#800=FACE_OUTER_BOUND('',#1408,.T.);
#801=FACE_OUTER_BOUND('',#1409,.T.);
#802=FACE_OUTER_BOUND('',#1410,.T.);
#803=FACE_OUTER_BOUND('',#1411,.T.);
#804=FACE_OUTER_BOUND('',#1412,.T.);
#805=FACE_OUTER_BOUND('',#1413,.T.);
#806=FACE_OUTER_BOUND('',#1414,.T.);
#807=FACE_OUTER_BOUND('',#1415,.T.);
#808=FACE_OUTER_BOUND('',#1416,.T.);
#809=FACE_OUTER_BOUND('',#1417,.T.);
#810=FACE_OUTER_BOUND('',#1418,.T.);
#811=FACE_OUTER_BOUND('',#1419,.T.);
#812=FACE_OUTER_BOUND('',#1420,.T.);
#813=FACE_OUTER_BOUND('',#1421,.T.);
#814=FACE_OUTER_BOUND('',#1422,.T.);
#815=FACE_OUTER_BOUND('',#1423,.T.);
#816=FACE_OUTER_BOUND('',#1424,.T.);
#817=FACE_OUTER_BOUND('',#1425,.T.);
#818=FACE_OUTER_BOUND('',#1426,.T.);
#819=FACE_OUTER_BOUND('',#1427,.T.);
#820=FACE_OUTER_BOUND('',#1428,.T.);
#821=FACE_OUTER_BOUND('',#1429,.T.);
#822=FACE_OUTER_BOUND('',#1430,.T.);
#823=FACE_OUTER_BOUND('',#1431,.T.);
#824=FACE_OUTER_BOUND('',#1432,.T.);
#825=FACE_OUTER_BOUND('',#1433,.T.);
#826=FACE_OUTER_BOUND('',#1434,.T.);
#827=FACE_OUTER_BOUND('',#1435,.T.);
#828=FACE_OUTER_BOUND('',#1436,.T.);
#829=FACE_OUTER_BOUND('',#1437,.T.);
#830=FACE_OUTER_BOUND('',#1438,.T.);
#831=FACE_OUTER_BOUND('',#1439,.T.);
#832=FACE_OUTER_BOUND('',#1440,.T.);
#833=FACE_OUTER_BOUND('',#1441,.T.);
#834=FACE_OUTER_BOUND('',#1442,.T.);
#835=FACE_OUTER_BOUND('',#1443,.T.);
#836=FACE_OUTER_BOUND('',#1444,.T.);
#837=FACE_OUTER_BOUND('',#1445,.T.);
#838=FACE_OUTER_BOUND('',#1446,.T.);
#839=FACE_OUTER_BOUND('',#1447,.T.);
#840=FACE_OUTER_BOUND('',#1448,.T.);
#841=FACE_OUTER_BOUND('',#1449,.T.);
#842=FACE_OUTER_BOUND('',#1450,.T.);
#843=FACE_OUTER_BOUND('',#1451,.T.);
#844=FACE_OUTER_BOUND('',#1452,.T.);
#845=FACE_OUTER_BOUND('',#1453,.T.);
#846=FACE_OUTER_BOUND('',#1454,.T.);
#847=FACE_OUTER_BOUND('',#1455,.T.);
#848=FACE_OUTER_BOUND('',#1456,.T.);
#849=FACE_OUTER_BOUND('',#1457,.T.);
#850=FACE_OUTER_BOUND('',#1458,.T.);
#851=FACE_OUTER_BOUND('',#1459,.T.);
#852=FACE_OUTER_BOUND('',#1460,.T.);
#853=FACE_OUTER_BOUND('',#1461,.T.);
#854=FACE_OUTER_BOUND('',#1462,.T.);
#855=FACE_OUTER_BOUND('',#1463,.T.);
#856=FACE_OUTER_BOUND('',#1464,.T.);
#857=FACE_OUTER_BOUND('',#1465,.T.);
#858=FACE_OUTER_BOUND('',#1466,.T.);
#859=FACE_OUTER_BOUND('',#1467,.T.);
#860=FACE_OUTER_BOUND('',#1468,.T.);
#861=FACE_OUTER_BOUND('',#1469,.T.);
#862=FACE_OUTER_BOUND('',#1470,.T.);
#863=FACE_OUTER_BOUND('',#1471,.T.);
#864=FACE_OUTER_BOUND('',#1472,.T.);
#865=FACE_OUTER_BOUND('',#1473,.T.);
#866=FACE_OUTER_BOUND('',#1474,.T.);
#867=FACE_OUTER_BOUND('',#1475,.T.);
#868=FACE_OUTER_BOUND('',#1476,.T.);
#869=FACE_OUTER_BOUND('',#1477,.T.);
#870=FACE_OUTER_BOUND('',#1478,.T.);
#871=FACE_OUTER_BOUND('',#1479,.T.);
#872=FACE_OUTER_BOUND('',#1480,.T.);
#873=FACE_OUTER_BOUND('',#1481,.T.);
#874=FACE_OUTER_BOUND('',#1482,.T.);
#875=FACE_OUTER_BOUND('',#1483,.T.);
#876=FACE_OUTER_BOUND('',#1484,.T.);
#877=FACE_OUTER_BOUND('',#1485,.T.);
#878=FACE_OUTER_BOUND('',#1486,.T.);
#879=FACE_OUTER_BOUND('',#1487,.T.);
#880=FACE_OUTER_BOUND('',#1488,.T.);
#881=FACE_OUTER_BOUND('',#1489,.T.);
#882=FACE_OUTER_BOUND('',#1490,.T.);
#883=FACE_OUTER_BOUND('',#1491,.T.);
#884=FACE_OUTER_BOUND('',#1492,.T.);
#885=FACE_OUTER_BOUND('',#1493,.T.);
#886=FACE_OUTER_BOUND('',#1494,.T.);
#887=FACE_OUTER_BOUND('',#1495,.T.);
#888=FACE_OUTER_BOUND('',#1496,.T.);
#889=FACE_OUTER_BOUND('',#1497,.T.);
#890=FACE_OUTER_BOUND('',#1498,.T.);
#891=FACE_OUTER_BOUND('',#1499,.T.);
#892=FACE_OUTER_BOUND('',#1500,.T.);
#893=FACE_OUTER_BOUND('',#1501,.T.);
#894=FACE_OUTER_BOUND('',#1502,.T.);
#895=FACE_OUTER_BOUND('',#1503,.T.);
#896=FACE_OUTER_BOUND('',#1504,.T.);
#897=FACE_OUTER_BOUND('',#1505,.T.);
#898=FACE_OUTER_BOUND('',#1506,.T.);
#899=FACE_OUTER_BOUND('',#1507,.T.);
#900=FACE_OUTER_BOUND('',#1508,.T.);
#901=FACE_OUTER_BOUND('',#1509,.T.);
#902=FACE_OUTER_BOUND('',#1510,.T.);
#903=FACE_OUTER_BOUND('',#1511,.T.);
#904=FACE_OUTER_BOUND('',#1512,.T.);
#905=FACE_OUTER_BOUND('',#1513,.T.);
#906=FACE_OUTER_BOUND('',#1514,.T.);
#907=FACE_OUTER_BOUND('',#1515,.T.);
#908=FACE_OUTER_BOUND('',#1516,.T.);
#909=FACE_OUTER_BOUND('',#1517,.T.);
#910=FACE_OUTER_BOUND('',#1518,.T.);
#911=FACE_OUTER_BOUND('',#1519,.T.);
#912=FACE_OUTER_BOUND('',#1520,.T.);
#913=FACE_OUTER_BOUND('',#1521,.T.);
#914=FACE_OUTER_BOUND('',#1522,.T.);
#915=FACE_OUTER_BOUND('',#1523,.T.);
#916=FACE_OUTER_BOUND('',#1524,.T.);
#917=FACE_OUTER_BOUND('',#1525,.T.);
#918=FACE_OUTER_BOUND('',#1526,.T.);
#919=FACE_OUTER_BOUND('',#1527,.T.);
#920=FACE_OUTER_BOUND('',#1528,.T.);
#921=FACE_OUTER_BOUND('',#1529,.T.);
#922=FACE_OUTER_BOUND('',#1530,.T.);
#923=FACE_OUTER_BOUND('',#1531,.T.);
#924=FACE_OUTER_BOUND('',#1532,.T.);
#925=FACE_OUTER_BOUND('',#1533,.T.);
#926=FACE_OUTER_BOUND('',#1534,.T.);
#927=FACE_OUTER_BOUND('',#1535,.T.);
#928=FACE_OUTER_BOUND('',#1536,.T.);
#929=FACE_OUTER_BOUND('',#1537,.T.);
#930=FACE_OUTER_BOUND('',#1538,.T.);
#931=FACE_OUTER_BOUND('',#1539,.T.);
#932=FACE_OUTER_BOUND('',#1540,.T.);
#933=FACE_OUTER_BOUND('',#1541,.T.);
#934=FACE_OUTER_BOUND('',#1542,.T.);
#935=FACE_OUTER_BOUND('',#1543,.T.);
#936=FACE_OUTER_BOUND('',#1544,.T.);
#937=FACE_OUTER_BOUND('',#1545,.T.);
#938=FACE_OUTER_BOUND('',#1546,.T.);
#939=FACE_OUTER_BOUND('',#1547,.T.);
#940=FACE_OUTER_BOUND('',#1548,.T.);
#941=FACE_OUTER_BOUND('',#1549,.T.);
#942=FACE_OUTER_BOUND('',#1550,.T.);
#943=FACE_OUTER_BOUND('',#1551,.T.);
#944=FACE_OUTER_BOUND('',#1552,.T.);
#945=FACE_OUTER_BOUND('',#1553,.T.);
#946=FACE_OUTER_BOUND('',#1554,.T.);
#947=FACE_OUTER_BOUND('',#1555,.T.);
#948=FACE_OUTER_BOUND('',#1556,.T.);
#949=FACE_OUTER_BOUND('',#1557,.T.);
#950=FACE_OUTER_BOUND('',#1558,.T.);
#951=FACE_OUTER_BOUND('',#1559,.T.);
#952=FACE_OUTER_BOUND('',#1560,.T.);
#953=FACE_OUTER_BOUND('',#1561,.T.);
#954=FACE_OUTER_BOUND('',#1562,.T.);
#955=FACE_OUTER_BOUND('',#1563,.T.);
#956=FACE_OUTER_BOUND('',#1564,.T.);
#957=FACE_OUTER_BOUND('',#1565,.T.);
#958=FACE_OUTER_BOUND('',#1566,.T.);
#959=FACE_OUTER_BOUND('',#1567,.T.);
#960=FACE_OUTER_BOUND('',#1568,.T.);
#961=FACE_OUTER_BOUND('',#1569,.T.);
#962=FACE_OUTER_BOUND('',#1570,.T.);
#963=FACE_OUTER_BOUND('',#1571,.T.);
#964=FACE_OUTER_BOUND('',#1572,.T.);
#965=FACE_OUTER_BOUND('',#1573,.T.);
#966=FACE_OUTER_BOUND('',#1574,.T.);
#967=FACE_OUTER_BOUND('',#1575,.T.);
#968=FACE_OUTER_BOUND('',#1576,.T.);
#969=FACE_OUTER_BOUND('',#1577,.T.);
#970=FACE_OUTER_BOUND('',#1578,.T.);
#971=FACE_OUTER_BOUND('',#1579,.T.);
#972=FACE_OUTER_BOUND('',#1580,.T.);
#973=FACE_OUTER_BOUND('',#1581,.T.);
#974=FACE_OUTER_BOUND('',#1582,.T.);
#975=FACE_OUTER_BOUND('',#1583,.T.);
#976=FACE_OUTER_BOUND('',#1584,.T.);
#977=FACE_OUTER_BOUND('',#1585,.T.);
#978=FACE_OUTER_BOUND('',#1586,.T.);
#979=FACE_OUTER_BOUND('',#1587,.T.);
#980=FACE_OUTER_BOUND('',#1588,.T.);
#981=FACE_OUTER_BOUND('',#1589,.T.);
#982=FACE_OUTER_BOUND('',#1590,.T.);
#983=FACE_OUTER_BOUND('',#1591,.T.);
#984=FACE_OUTER_BOUND('',#1592,.T.);
#985=FACE_OUTER_BOUND('',#1593,.T.);
#986=FACE_OUTER_BOUND('',#1594,.T.);
#987=FACE_OUTER_BOUND('',#1595,.T.);
#988=FACE_OUTER_BOUND('',#1596,.T.);
#989=FACE_OUTER_BOUND('',#1597,.T.);
#990=FACE_OUTER_BOUND('',#1598,.T.);
#991=FACE_OUTER_BOUND('',#1599,.T.);
#992=FACE_OUTER_BOUND('',#1600,.T.);
#993=FACE_OUTER_BOUND('',#1601,.T.);
#994=FACE_OUTER_BOUND('',#1602,.T.);
#995=FACE_OUTER_BOUND('',#1603,.T.);
#996=FACE_OUTER_BOUND('',#1604,.T.);
#997=FACE_OUTER_BOUND('',#1605,.T.);
#998=FACE_OUTER_BOUND('',#1606,.T.);
#999=FACE_OUTER_BOUND('',#1607,.T.);
#1000=FACE_OUTER_BOUND('',#1608,.T.);
#1001=FACE_OUTER_BOUND('',#1609,.T.);
#1002=FACE_OUTER_BOUND('',#1610,.T.);
#1003=FACE_OUTER_BOUND('',#1611,.T.);
#1004=FACE_OUTER_BOUND('',#1612,.T.);
#1005=FACE_OUTER_BOUND('',#1613,.T.);
#1006=FACE_OUTER_BOUND('',#1614,.T.);
#1007=FACE_OUTER_BOUND('',#1615,.T.);
#1008=FACE_OUTER_BOUND('',#1616,.T.);
#1009=FACE_OUTER_BOUND('',#1617,.T.);
#1010=FACE_OUTER_BOUND('',#1618,.T.);
#1011=FACE_OUTER_BOUND('',#1619,.T.);
#1012=FACE_OUTER_BOUND('',#1620,.T.);
#1013=FACE_OUTER_BOUND('',#1621,.T.);
#1014=FACE_OUTER_BOUND('',#1622,.T.);
#1015=FACE_OUTER_BOUND('',#1623,.T.);
#1016=FACE_OUTER_BOUND('',#1624,.T.);
#1017=FACE_OUTER_BOUND('',#1625,.T.);
#1018=FACE_OUTER_BOUND('',#1626,.T.);
#1019=FACE_OUTER_BOUND('',#1627,.T.);
#1020=FACE_OUTER_BOUND('',#1628,.T.);
#1021=FACE_OUTER_BOUND('',#1629,.T.);
#1022=FACE_OUTER_BOUND('',#1630,.T.);
#1023=FACE_OUTER_BOUND('',#1631,.T.);
#1024=FACE_OUTER_BOUND('',#1632,.T.);
#1025=FACE_OUTER_BOUND('',#1633,.T.);
#1026=FACE_OUTER_BOUND('',#1634,.T.);
#1027=FACE_OUTER_BOUND('',#1635,.T.);
#1028=FACE_OUTER_BOUND('',#1636,.T.);
#1029=FACE_OUTER_BOUND('',#1637,.T.);
#1030=FACE_OUTER_BOUND('',#1638,.T.);
#1031=FACE_OUTER_BOUND('',#1639,.T.);
#1032=FACE_OUTER_BOUND('',#1640,.T.);
#1033=FACE_OUTER_BOUND('',#1641,.T.);
#1034=FACE_OUTER_BOUND('',#1642,.T.);
#1035=FACE_OUTER_BOUND('',#1643,.T.);
#1036=FACE_OUTER_BOUND('',#1645,.T.);
#1037=FACE_OUTER_BOUND('',#1646,.T.);
#1038=FACE_OUTER_BOUND('',#1647,.T.);
#1039=FACE_OUTER_BOUND('',#1648,.T.);
#1040=FACE_OUTER_BOUND('',#1649,.T.);
#1041=FACE_OUTER_BOUND('',#1650,.T.);
#1042=FACE_OUTER_BOUND('',#1651,.T.);
#1043=FACE_OUTER_BOUND('',#1652,.T.);
#1044=FACE_OUTER_BOUND('',#1653,.T.);
#1045=FACE_OUTER_BOUND('',#1654,.T.);
#1046=FACE_OUTER_BOUND('',#1655,.T.);
#1047=FACE_OUTER_BOUND('',#1656,.T.);
#1048=FACE_OUTER_BOUND('',#1657,.T.);
#1049=FACE_OUTER_BOUND('',#1658,.T.);
#1050=FACE_OUTER_BOUND('',#1659,.T.);
#1051=FACE_OUTER_BOUND('',#1660,.T.);
#1052=FACE_OUTER_BOUND('',#1661,.T.);
#1053=FACE_OUTER_BOUND('',#1662,.T.);
#1054=FACE_OUTER_BOUND('',#1663,.T.);
#1055=FACE_OUTER_BOUND('',#1664,.T.);
#1056=FACE_OUTER_BOUND('',#1665,.T.);
#1057=FACE_OUTER_BOUND('',#1666,.T.);
#1058=FACE_OUTER_BOUND('',#1667,.T.);
#1059=FACE_OUTER_BOUND('',#1668,.T.);
#1060=FACE_OUTER_BOUND('',#1669,.T.);
#1061=FACE_OUTER_BOUND('',#1670,.T.);
#1062=FACE_OUTER_BOUND('',#1671,.T.);
#1063=FACE_OUTER_BOUND('',#1672,.T.);
#1064=FACE_OUTER_BOUND('',#1673,.T.);
#1065=FACE_OUTER_BOUND('',#1674,.T.);
#1066=FACE_OUTER_BOUND('',#1675,.T.);
#1067=FACE_OUTER_BOUND('',#1676,.T.);
#1068=FACE_OUTER_BOUND('',#1677,.T.);
#1069=FACE_OUTER_BOUND('',#1678,.T.);
#1070=FACE_OUTER_BOUND('',#1679,.T.);
#1071=FACE_OUTER_BOUND('',#1680,.T.);
#1072=FACE_OUTER_BOUND('',#1681,.T.);
#1073=FACE_OUTER_BOUND('',#1682,.T.);
#1074=FACE_OUTER_BOUND('',#1683,.T.);
#1075=FACE_OUTER_BOUND('',#1684,.T.);
#1076=FACE_OUTER_BOUND('',#1685,.T.);
#1077=FACE_OUTER_BOUND('',#1686,.T.);
#1078=FACE_OUTER_BOUND('',#1687,.T.);
#1079=FACE_OUTER_BOUND('',#1688,.T.);
#1080=FACE_OUTER_BOUND('',#1689,.T.);
#1081=FACE_OUTER_BOUND('',#1690,.T.);
#1082=FACE_OUTER_BOUND('',#1692,.T.);
#1083=FACE_OUTER_BOUND('',#1693,.T.);
#1084=FACE_OUTER_BOUND('',#1695,.T.);
#1085=FACE_OUTER_BOUND('',#1696,.T.);
#1086=FACE_OUTER_BOUND('',#1697,.T.);
#1087=FACE_OUTER_BOUND('',#1698,.T.);
#1088=FACE_OUTER_BOUND('',#1699,.T.);
#1089=FACE_OUTER_BOUND('',#1700,.T.);
#1090=FACE_OUTER_BOUND('',#1701,.T.);
#1091=FACE_OUTER_BOUND('',#1702,.T.);
#1092=FACE_OUTER_BOUND('',#1703,.T.);
#1093=FACE_OUTER_BOUND('',#1704,.T.);
#1094=FACE_OUTER_BOUND('',#1705,.T.);
#1095=FACE_OUTER_BOUND('',#1706,.T.);
#1096=FACE_OUTER_BOUND('',#1707,.T.);
#1097=FACE_OUTER_BOUND('',#1708,.T.);
#1098=FACE_OUTER_BOUND('',#1709,.T.);
#1099=FACE_OUTER_BOUND('',#1710,.T.);
#1100=FACE_OUTER_BOUND('',#1711,.T.);
#1101=FACE_OUTER_BOUND('',#1712,.T.);
#1102=FACE_OUTER_BOUND('',#1713,.T.);
#1103=FACE_OUTER_BOUND('',#1714,.T.);
#1104=FACE_OUTER_BOUND('',#1715,.T.);
#1105=FACE_OUTER_BOUND('',#1716,.T.);
#1106=FACE_OUTER_BOUND('',#1717,.T.);
#1107=FACE_OUTER_BOUND('',#1718,.T.);
#1108=FACE_OUTER_BOUND('',#1719,.T.);
#1109=FACE_OUTER_BOUND('',#1720,.T.);
#1110=FACE_OUTER_BOUND('',#1721,.T.);
#1111=FACE_OUTER_BOUND('',#1722,.T.);
#1112=FACE_OUTER_BOUND('',#1723,.T.);
#1113=FACE_OUTER_BOUND('',#1724,.T.);
#1114=FACE_OUTER_BOUND('',#1725,.T.);
#1115=FACE_OUTER_BOUND('',#1726,.T.);
#1116=FACE_OUTER_BOUND('',#1727,.T.);
#1117=FACE_OUTER_BOUND('',#1728,.T.);
#1118=FACE_OUTER_BOUND('',#1729,.T.);
#1119=FACE_OUTER_BOUND('',#1730,.T.);
#1120=FACE_OUTER_BOUND('',#1731,.T.);
#1121=FACE_OUTER_BOUND('',#1732,.T.);
#1122=FACE_OUTER_BOUND('',#1733,.T.);
#1123=FACE_OUTER_BOUND('',#1734,.T.);
#1124=FACE_OUTER_BOUND('',#1735,.T.);
#1125=FACE_OUTER_BOUND('',#1736,.T.);
#1126=FACE_OUTER_BOUND('',#1737,.T.);
#1127=FACE_OUTER_BOUND('',#1738,.T.);
#1128=FACE_OUTER_BOUND('',#1739,.T.);
#1129=FACE_OUTER_BOUND('',#1740,.T.);
#1130=FACE_OUTER_BOUND('',#1741,.T.);
#1131=FACE_OUTER_BOUND('',#1742,.T.);
#1132=FACE_OUTER_BOUND('',#1743,.T.);
#1133=FACE_OUTER_BOUND('',#1744,.T.);
#1134=FACE_OUTER_BOUND('',#1745,.T.);
#1135=FACE_OUTER_BOUND('',#1746,.T.);
#1136=FACE_OUTER_BOUND('',#1747,.T.);
#1137=FACE_OUTER_BOUND('',#1748,.T.);
#1138=FACE_OUTER_BOUND('',#1749,.T.);
#1139=FACE_OUTER_BOUND('',#1750,.T.);
#1140=FACE_OUTER_BOUND('',#1751,.T.);
#1141=FACE_OUTER_BOUND('',#1752,.T.);
#1142=EDGE_LOOP('',(#7056,#7057,#7058,#7059));
#1143=EDGE_LOOP('',(#7060,#7061,#7062,#7063));
#1144=EDGE_LOOP('',(#7064,#7065,#7066,#7067));
#1145=EDGE_LOOP('',(#7068,#7069,#7070,#7071));
#1146=EDGE_LOOP('',(#7072,#7073,#7074,#7075));
#1147=EDGE_LOOP('',(#7076,#7077,#7078,#7079));
#1148=EDGE_LOOP('',(#7080,#7081,#7082,#7083));
#1149=EDGE_LOOP('',(#7084,#7085,#7086,#7087));
#1150=EDGE_LOOP('',(#7088,#7089,#7090,#7091));
#1151=EDGE_LOOP('',(#7092,#7093,#7094,#7095));
#1152=EDGE_LOOP('',(#7096,#7097,#7098,#7099));
#1153=EDGE_LOOP('',(#7100,#7101,#7102,#7103,#7104,#7105,#7106,#7107,#7108,
#7109,#7110,#7111));
#1154=EDGE_LOOP('',(#7112,#7113,#7114,#7115,#7116,#7117,#7118,#7119,#7120,
#7121,#7122,#7123,#7124,#7125,#7126,#7127,#7128,#7129));
#1155=EDGE_LOOP('',(#7130));
#1156=EDGE_LOOP('',(#7131));
#1157=EDGE_LOOP('',(#7132));
#1158=EDGE_LOOP('',(#7133));
#1159=EDGE_LOOP('',(#7134));
#1160=EDGE_LOOP('',(#7135));
#1161=EDGE_LOOP('',(#7136));
#1162=EDGE_LOOP('',(#7137));
#1163=EDGE_LOOP('',(#7138));
#1164=EDGE_LOOP('',(#7139));
#1165=EDGE_LOOP('',(#7140,#7141,#7142,#7143));
#1166=EDGE_LOOP('',(#7144,#7145,#7146,#7147));
#1167=EDGE_LOOP('',(#7148,#7149,#7150,#7151));
#1168=EDGE_LOOP('',(#7152,#7153,#7154,#7155));
#1169=EDGE_LOOP('',(#7156,#7157,#7158,#7159));
#1170=EDGE_LOOP('',(#7160,#7161,#7162,#7163));
#1171=EDGE_LOOP('',(#7164,#7165,#7166,#7167));
#1172=EDGE_LOOP('',(#7168,#7169,#7170,#7171));
#1173=EDGE_LOOP('',(#7172,#7173,#7174,#7175));
#1174=EDGE_LOOP('',(#7176,#7177,#7178,#7179,#7180,#7181,#7182,#7183));
#1175=EDGE_LOOP('',(#7184,#7185,#7186,#7187));
#1176=EDGE_LOOP('',(#7188,#7189,#7190,#7191));
#1177=EDGE_LOOP('',(#7192,#7193,#7194,#7195));
#1178=EDGE_LOOP('',(#7196,#7197,#7198,#7199));
#1179=EDGE_LOOP('',(#7200,#7201,#7202,#7203));
#1180=EDGE_LOOP('',(#7204,#7205,#7206,#7207));
#1181=EDGE_LOOP('',(#7208,#7209,#7210,#7211));
#1182=EDGE_LOOP('',(#7212,#7213,#7214,#7215,#7216));
#1183=EDGE_LOOP('',(#7217,#7218,#7219,#7220,#7221,#7222));
#1184=EDGE_LOOP('',(#7223,#7224,#7225,#7226,#7227,#7228));
#1185=EDGE_LOOP('',(#7229,#7230,#7231,#7232,#7233,#7234,#7235,#7236,#7237,
#7238,#7239,#7240,#7241,#7242,#7243,#7244,#7245,#7246,#7247,#7248));
#1186=EDGE_LOOP('',(#7249));
#1187=EDGE_LOOP('',(#7250,#7251,#7252,#7253));
#1188=EDGE_LOOP('',(#7254,#7255,#7256,#7257));
#1189=EDGE_LOOP('',(#7258,#7259,#7260,#7261));
#1190=EDGE_LOOP('',(#7262,#7263,#7264,#7265));
#1191=EDGE_LOOP('',(#7266,#7267,#7268,#7269));
#1192=EDGE_LOOP('',(#7270,#7271,#7272,#7273));
#1193=EDGE_LOOP('',(#7274,#7275,#7276,#7277));
#1194=EDGE_LOOP('',(#7278,#7279,#7280,#7281,#7282,#7283,#7284,#7285));
#1195=EDGE_LOOP('',(#7286,#7287,#7288,#7289,#7290,#7291,#7292,#7293,#7294,
#7295,#7296,#7297,#7298,#7299,#7300,#7301,#7302,#7303,#7304,#7305));
#1196=EDGE_LOOP('',(#7306,#7307,#7308,#7309,#7310,#7311,#7312,#7313,#7314,
#7315));
#1197=EDGE_LOOP('',(#7316,#7317,#7318,#7319,#7320,#7321,#7322,#7323));
#1198=EDGE_LOOP('',(#7324,#7325,#7326,#7327,#7328,#7329,#7330,#7331));
#1199=EDGE_LOOP('',(#7332,#7333,#7334,#7335));
#1200=EDGE_LOOP('',(#7336,#7337,#7338,#7339));
#1201=EDGE_LOOP('',(#7340,#7341,#7342,#7343));
#1202=EDGE_LOOP('',(#7344,#7345,#7346,#7347));
#1203=EDGE_LOOP('',(#7348,#7349,#7350,#7351,#7352,#7353));
#1204=EDGE_LOOP('',(#7354,#7355,#7356,#7357));
#1205=EDGE_LOOP('',(#7358,#7359,#7360,#7361,#7362,#7363,#7364,#7365,#7366,
#7367));
#1206=EDGE_LOOP('',(#7368,#7369,#7370,#7371));
#1207=EDGE_LOOP('',(#7372,#7373,#7374,#7375));
#1208=EDGE_LOOP('',(#7376,#7377,#7378,#7379,#7380,#7381));
#1209=EDGE_LOOP('',(#7382,#7383,#7384,#7385));
#1210=EDGE_LOOP('',(#7386,#7387,#7388,#7389));
#1211=EDGE_LOOP('',(#7390,#7391,#7392,#7393,#7394,#7395));
#1212=EDGE_LOOP('',(#7396,#7397,#7398,#7399));
#1213=EDGE_LOOP('',(#7400,#7401,#7402,#7403,#7404,#7405));
#1214=EDGE_LOOP('',(#7406,#7407,#7408,#7409,#7410,#7411,#7412,#7413,#7414,
#7415,#7416,#7417,#7418,#7419,#7420,#7421,#7422,#7423,#7424,#7425,#7426,
#7427));
#1215=EDGE_LOOP('',(#7428,#7429,#7430,#7431,#7432,#7433));
#1216=EDGE_LOOP('',(#7434,#7435,#7436,#7437,#7438,#7439));
#1217=EDGE_LOOP('',(#7440,#7441,#7442,#7443));
#1218=EDGE_LOOP('',(#7444,#7445,#7446,#7447));
#1219=EDGE_LOOP('',(#7448,#7449,#7450,#7451));
#1220=EDGE_LOOP('',(#7452,#7453,#7454,#7455));
#1221=EDGE_LOOP('',(#7456,#7457,#7458,#7459));
#1222=EDGE_LOOP('',(#7460,#7461,#7462,#7463));
#1223=EDGE_LOOP('',(#7464,#7465,#7466,#7467));
#1224=EDGE_LOOP('',(#7468,#7469,#7470,#7471,#7472,#7473));
#1225=EDGE_LOOP('',(#7474,#7475,#7476,#7477));
#1226=EDGE_LOOP('',(#7478,#7479,#7480,#7481));
#1227=EDGE_LOOP('',(#7482,#7483,#7484,#7485));
#1228=EDGE_LOOP('',(#7486,#7487,#7488,#7489));
#1229=EDGE_LOOP('',(#7490,#7491,#7492,#7493));
#1230=EDGE_LOOP('',(#7494,#7495,#7496,#7497));
#1231=EDGE_LOOP('',(#7498,#7499,#7500,#7501));
#1232=EDGE_LOOP('',(#7502,#7503,#7504,#7505));
#1233=EDGE_LOOP('',(#7506,#7507,#7508,#7509));
#1234=EDGE_LOOP('',(#7510,#7511,#7512,#7513));
#1235=EDGE_LOOP('',(#7514,#7515,#7516,#7517));
#1236=EDGE_LOOP('',(#7518,#7519,#7520,#7521,#7522,#7523));
#1237=EDGE_LOOP('',(#7524,#7525,#7526,#7527,#7528,#7529));
#1238=EDGE_LOOP('',(#7530,#7531,#7532,#7533));
#1239=EDGE_LOOP('',(#7534,#7535,#7536,#7537));
#1240=EDGE_LOOP('',(#7538,#7539,#7540,#7541));
#1241=EDGE_LOOP('',(#7542,#7543,#7544,#7545));
#1242=EDGE_LOOP('',(#7546,#7547,#7548,#7549));
#1243=EDGE_LOOP('',(#7550,#7551,#7552,#7553,#7554,#7555));
#1244=EDGE_LOOP('',(#7556,#7557,#7558,#7559));
#1245=EDGE_LOOP('',(#7560,#7561,#7562,#7563,#7564,#7565,#7566,#7567,#7568,
#7569,#7570,#7571,#7572,#7573));
#1246=EDGE_LOOP('',(#7574,#7575,#7576,#7577));
#1247=EDGE_LOOP('',(#7578,#7579,#7580,#7581));
#1248=EDGE_LOOP('',(#7582,#7583,#7584,#7585,#7586,#7587,#7588,#7589,#7590,
#7591,#7592,#7593));
#1249=EDGE_LOOP('',(#7594,#7595,#7596,#7597,#7598,#7599,#7600,#7601,#7602,
#7603));
#1250=EDGE_LOOP('',(#7604,#7605,#7606,#7607,#7608,#7609));
#1251=EDGE_LOOP('',(#7610,#7611,#7612,#7613,#7614));
#1252=EDGE_LOOP('',(#7615,#7616,#7617,#7618,#7619,#7620));
#1253=EDGE_LOOP('',(#7621,#7622,#7623,#7624));
#1254=EDGE_LOOP('',(#7625,#7626,#7627,#7628));
#1255=EDGE_LOOP('',(#7629,#7630,#7631,#7632,#7633));
#1256=EDGE_LOOP('',(#7634,#7635,#7636,#7637,#7638,#7639));
#1257=EDGE_LOOP('',(#7640,#7641,#7642,#7643));
#1258=EDGE_LOOP('',(#7644,#7645,#7646,#7647,#7648,#7649));
#1259=EDGE_LOOP('',(#7650,#7651,#7652,#7653));
#1260=EDGE_LOOP('',(#7654,#7655,#7656,#7657));
#1261=EDGE_LOOP('',(#7658,#7659,#7660,#7661));
#1262=EDGE_LOOP('',(#7662,#7663,#7664,#7665));
#1263=EDGE_LOOP('',(#7666,#7667,#7668,#7669,#7670,#7671,#7672,#7673,#7674,
#7675));
#1264=EDGE_LOOP('',(#7676,#7677,#7678,#7679));
#1265=EDGE_LOOP('',(#7680,#7681,#7682,#7683));
#1266=EDGE_LOOP('',(#7684,#7685,#7686,#7687));
#1267=EDGE_LOOP('',(#7688,#7689,#7690,#7691));
#1268=EDGE_LOOP('',(#7692,#7693,#7694,#7695));
#1269=EDGE_LOOP('',(#7696,#7697,#7698,#7699,#7700));
#1270=EDGE_LOOP('',(#7701,#7702,#7703,#7704,#7705,#7706,#7707,#7708));
#1271=EDGE_LOOP('',(#7709,#7710,#7711,#7712));
#1272=EDGE_LOOP('',(#7713,#7714,#7715,#7716));
#1273=EDGE_LOOP('',(#7717,#7718,#7719,#7720,#7721,#7722,#7723,#7724,#7725));
#1274=EDGE_LOOP('',(#7726,#7727,#7728,#7729));
#1275=EDGE_LOOP('',(#7730,#7731,#7732,#7733));
#1276=EDGE_LOOP('',(#7734,#7735,#7736,#7737));
#1277=EDGE_LOOP('',(#7738,#7739,#7740,#7741,#7742,#7743,#7744,#7745,#7746,
#7747,#7748,#7749));
#1278=EDGE_LOOP('',(#7750,#7751,#7752,#7753,#7754,#7755,#7756,#7757,#7758,
#7759,#7760,#7761,#7762,#7763,#7764,#7765,#7766,#7767,#7768,#7769,#7770,
#7771,#7772,#7773,#7774,#7775,#7776,#7777,#7778,#7779,#7780,#7781,#7782,
#7783,#7784,#7785));
#1279=EDGE_LOOP('',(#7786,#7787,#7788,#7789));
#1280=EDGE_LOOP('',(#7790,#7791,#7792,#7793,#7794,#7795,#7796,#7797,#7798,
#7799,#7800,#7801,#7802,#7803,#7804,#7805,#7806,#7807,#7808,#7809,#7810,
#7811,#7812,#7813,#7814,#7815,#7816,#7817));
#1281=EDGE_LOOP('',(#7818));
#1282=EDGE_LOOP('',(#7819,#7820,#7821,#7822,#7823,#7824,#7825,#7826,#7827,
#7828,#7829,#7830));
#1283=EDGE_LOOP('',(#7831,#7832,#7833,#7834));
#1284=EDGE_LOOP('',(#7835,#7836,#7837,#7838,#7839,#7840));
#1285=EDGE_LOOP('',(#7841,#7842,#7843,#7844,#7845,#7846));
#1286=EDGE_LOOP('',(#7847,#7848,#7849,#7850,#7851,#7852));
#1287=EDGE_LOOP('',(#7853,#7854,#7855,#7856));
#1288=EDGE_LOOP('',(#7857,#7858,#7859,#7860));
#1289=EDGE_LOOP('',(#7861,#7862,#7863,#7864));
#1290=EDGE_LOOP('',(#7865,#7866,#7867,#7868));
#1291=EDGE_LOOP('',(#7869,#7870,#7871,#7872));
#1292=EDGE_LOOP('',(#7873,#7874,#7875,#7876));
#1293=EDGE_LOOP('',(#7877,#7878,#7879,#7880,#7881,#7882));
#1294=EDGE_LOOP('',(#7883,#7884,#7885,#7886));
#1295=EDGE_LOOP('',(#7887,#7888,#7889,#7890));
#1296=EDGE_LOOP('',(#7891,#7892,#7893,#7894));
#1297=EDGE_LOOP('',(#7895,#7896,#7897,#7898));
#1298=EDGE_LOOP('',(#7899,#7900,#7901,#7902));
#1299=EDGE_LOOP('',(#7903,#7904,#7905,#7906));
#1300=EDGE_LOOP('',(#7907,#7908,#7909,#7910));
#1301=EDGE_LOOP('',(#7911,#7912,#7913,#7914));
#1302=EDGE_LOOP('',(#7915,#7916,#7917,#7918));
#1303=EDGE_LOOP('',(#7919,#7920,#7921,#7922,#7923,#7924));
#1304=EDGE_LOOP('',(#7925,#7926,#7927,#7928));
#1305=EDGE_LOOP('',(#7929,#7930,#7931,#7932));
#1306=EDGE_LOOP('',(#7933,#7934,#7935,#7936));
#1307=EDGE_LOOP('',(#7937,#7938,#7939,#7940));
#1308=EDGE_LOOP('',(#7941,#7942,#7943,#7944,#7945,#7946,#7947,#7948));
#1309=EDGE_LOOP('',(#7949,#7950,#7951,#7952));
#1310=EDGE_LOOP('',(#7953,#7954,#7955,#7956,#7957,#7958,#7959,#7960,#7961,
#7962,#7963,#7964,#7965,#7966,#7967,#7968));
#1311=EDGE_LOOP('',(#7969,#7970,#7971,#7972));
#1312=EDGE_LOOP('',(#7973,#7974,#7975,#7976,#7977,#7978,#7979,#7980));
#1313=EDGE_LOOP('',(#7981,#7982,#7983,#7984));
#1314=EDGE_LOOP('',(#7985,#7986,#7987,#7988));
#1315=EDGE_LOOP('',(#7989));
#1316=EDGE_LOOP('',(#7990));
#1317=EDGE_LOOP('',(#7991,#7992,#7993,#7994,#7995,#7996));
#1318=EDGE_LOOP('',(#7997));
#1319=EDGE_LOOP('',(#7998));
#1320=EDGE_LOOP('',(#7999,#8000,#8001,#8002));
#1321=EDGE_LOOP('',(#8003,#8004,#8005,#8006));
#1322=EDGE_LOOP('',(#8007,#8008,#8009,#8010));
#1323=EDGE_LOOP('',(#8011,#8012,#8013,#8014));
#1324=EDGE_LOOP('',(#8015,#8016,#8017,#8018));
#1325=EDGE_LOOP('',(#8019,#8020,#8021,#8022,#8023));
#1326=EDGE_LOOP('',(#8024,#8025,#8026,#8027,#8028));
#1327=EDGE_LOOP('',(#8029,#8030,#8031,#8032,#8033,#8034,#8035,#8036,#8037,
#8038,#8039,#8040));
#1328=EDGE_LOOP('',(#8041,#8042,#8043));
#1329=EDGE_LOOP('',(#8044,#8045,#8046));
#1330=EDGE_LOOP('',(#8047,#8048,#8049,#8050,#8051,#8052));
#1331=EDGE_LOOP('',(#8053,#8054,#8055,#8056,#8057,#8058,#8059,#8060));
#1332=EDGE_LOOP('',(#8061,#8062,#8063,#8064,#8065));
#1333=EDGE_LOOP('',(#8066,#8067,#8068,#8069,#8070,#8071,#8072,#8073,#8074,
#8075,#8076,#8077,#8078,#8079,#8080,#8081));
#1334=EDGE_LOOP('',(#8082,#8083,#8084,#8085,#8086,#8087));
#1335=EDGE_LOOP('',(#8088,#8089,#8090,#8091));
#1336=EDGE_LOOP('',(#8092,#8093,#8094,#8095,#8096,#8097));
#1337=EDGE_LOOP('',(#8098,#8099,#8100,#8101));
#1338=EDGE_LOOP('',(#8102,#8103,#8104,#8105,#8106,#8107,#8108));
#1339=EDGE_LOOP('',(#8109,#8110,#8111,#8112,#8113,#8114,#8115));
#1340=EDGE_LOOP('',(#8116,#8117,#8118,#8119,#8120,#8121,#8122,#8123,#8124,
#8125,#8126,#8127,#8128,#8129,#8130));
#1341=EDGE_LOOP('',(#8131,#8132,#8133,#8134,#8135,#8136,#8137,#8138,#8139,
#8140,#8141,#8142,#8143,#8144,#8145));
#1342=EDGE_LOOP('',(#8146,#8147,#8148,#8149));
#1343=EDGE_LOOP('',(#8150,#8151,#8152,#8153));
#1344=EDGE_LOOP('',(#8154,#8155,#8156,#8157));
#1345=EDGE_LOOP('',(#8158,#8159,#8160,#8161));
#1346=EDGE_LOOP('',(#8162,#8163,#8164,#8165));
#1347=EDGE_LOOP('',(#8166,#8167,#8168,#8169));
#1348=EDGE_LOOP('',(#8170,#8171,#8172,#8173));
#1349=EDGE_LOOP('',(#8174,#8175,#8176,#8177,#8178,#8179));
#1350=EDGE_LOOP('',(#8180,#8181,#8182,#8183,#8184,#8185));
#1351=EDGE_LOOP('',(#8186,#8187,#8188,#8189,#8190,#8191));
#1352=EDGE_LOOP('',(#8192,#8193,#8194,#8195));
#1353=EDGE_LOOP('',(#8196,#8197,#8198,#8199,#8200,#8201));
#1354=EDGE_LOOP('',(#8202,#8203,#8204,#8205));
#1355=EDGE_LOOP('',(#8206,#8207,#8208,#8209,#8210,#8211));
#1356=EDGE_LOOP('',(#8212,#8213,#8214,#8215,#8216,#8217));
#1357=EDGE_LOOP('',(#8218,#8219,#8220,#8221,#8222,#8223,#8224,#8225));
#1358=EDGE_LOOP('',(#8226,#8227,#8228,#8229));
#1359=EDGE_LOOP('',(#8230,#8231,#8232,#8233));
#1360=EDGE_LOOP('',(#8234,#8235,#8236,#8237));
#1361=EDGE_LOOP('',(#8238,#8239,#8240,#8241));
#1362=EDGE_LOOP('',(#8242,#8243,#8244,#8245));
#1363=EDGE_LOOP('',(#8246,#8247,#8248,#8249,#8250,#8251));
#1364=EDGE_LOOP('',(#8252,#8253,#8254,#8255));
#1365=EDGE_LOOP('',(#8256,#8257,#8258,#8259,#8260,#8261));
#1366=EDGE_LOOP('',(#8262,#8263,#8264,#8265,#8266,#8267,#8268,#8269));
#1367=EDGE_LOOP('',(#8270,#8271,#8272,#8273,#8274,#8275));
#1368=EDGE_LOOP('',(#8276,#8277,#8278,#8279));
#1369=EDGE_LOOP('',(#8280,#8281,#8282,#8283));
#1370=EDGE_LOOP('',(#8284,#8285,#8286,#8287));
#1371=EDGE_LOOP('',(#8288,#8289,#8290,#8291));
#1372=EDGE_LOOP('',(#8292,#8293,#8294,#8295));
#1373=EDGE_LOOP('',(#8296,#8297,#8298,#8299,#8300,#8301));
#1374=EDGE_LOOP('',(#8302,#8303,#8304,#8305,#8306,#8307));
#1375=EDGE_LOOP('',(#8308,#8309,#8310,#8311));
#1376=EDGE_LOOP('',(#8312,#8313,#8314,#8315,#8316,#8317));
#1377=EDGE_LOOP('',(#8318,#8319,#8320,#8321));
#1378=EDGE_LOOP('',(#8322,#8323,#8324,#8325,#8326,#8327,#8328));
#1379=EDGE_LOOP('',(#8329,#8330,#8331,#8332,#8333,#8334,#8335));
#1380=EDGE_LOOP('',(#8336,#8337,#8338,#8339,#8340,#8341,#8342,#8343,#8344,
#8345,#8346,#8347,#8348,#8349,#8350));
#1381=EDGE_LOOP('',(#8351,#8352,#8353,#8354,#8355,#8356,#8357,#8358,#8359,
#8360,#8361,#8362,#8363,#8364,#8365));
#1382=EDGE_LOOP('',(#8366,#8367,#8368,#8369));
#1383=EDGE_LOOP('',(#8370,#8371,#8372,#8373));
#1384=EDGE_LOOP('',(#8374,#8375,#8376,#8377));
#1385=EDGE_LOOP('',(#8378,#8379,#8380,#8381));
#1386=EDGE_LOOP('',(#8382,#8383,#8384,#8385));
#1387=EDGE_LOOP('',(#8386,#8387,#8388,#8389));
#1388=EDGE_LOOP('',(#8390,#8391,#8392,#8393,#8394,#8395));
#1389=EDGE_LOOP('',(#8396,#8397,#8398,#8399));
#1390=EDGE_LOOP('',(#8400,#8401,#8402,#8403,#8404,#8405));
#1391=EDGE_LOOP('',(#8406,#8407,#8408,#8409,#8410,#8411));
#1392=EDGE_LOOP('',(#8412,#8413,#8414,#8415));
#1393=EDGE_LOOP('',(#8416,#8417,#8418,#8419,#8420,#8421));
#1394=EDGE_LOOP('',(#8422,#8423,#8424,#8425));
#1395=EDGE_LOOP('',(#8426,#8427,#8428,#8429,#8430,#8431));
#1396=EDGE_LOOP('',(#8432,#8433,#8434,#8435,#8436,#8437,#8438,#8439));
#1397=EDGE_LOOP('',(#8440,#8441,#8442,#8443,#8444,#8445));
#1398=EDGE_LOOP('',(#8446,#8447,#8448,#8449,#8450,#8451,#8452,#8453));
#1399=EDGE_LOOP('',(#8454,#8455,#8456,#8457));
#1400=EDGE_LOOP('',(#8458,#8459,#8460,#8461));
#1401=EDGE_LOOP('',(#8462,#8463,#8464,#8465));
#1402=EDGE_LOOP('',(#8466,#8467,#8468,#8469));
#1403=EDGE_LOOP('',(#8470,#8471,#8472,#8473));
#1404=EDGE_LOOP('',(#8474,#8475,#8476,#8477));
#1405=EDGE_LOOP('',(#8478,#8479,#8480,#8481,#8482,#8483));
#1406=EDGE_LOOP('',(#8484,#8485,#8486,#8487,#8488,#8489));
#1407=EDGE_LOOP('',(#8490,#8491,#8492,#8493,#8494,#8495));
#1408=EDGE_LOOP('',(#8496,#8497,#8498,#8499));
#1409=EDGE_LOOP('',(#8500,#8501,#8502,#8503));
#1410=EDGE_LOOP('',(#8504,#8505,#8506,#8507));
#1411=EDGE_LOOP('',(#8508,#8509,#8510,#8511));
#1412=EDGE_LOOP('',(#8512,#8513,#8514,#8515));
#1413=EDGE_LOOP('',(#8516,#8517,#8518,#8519,#8520,#8521));
#1414=EDGE_LOOP('',(#8522,#8523,#8524,#8525));
#1415=EDGE_LOOP('',(#8526,#8527,#8528,#8529));
#1416=EDGE_LOOP('',(#8530,#8531,#8532,#8533));
#1417=EDGE_LOOP('',(#8534,#8535,#8536,#8537));
#1418=EDGE_LOOP('',(#8538,#8539,#8540,#8541,#8542,#8543,#8544,#8545,#8546,
#8547,#8548,#8549,#8550,#8551,#8552,#8553,#8554,#8555,#8556,#8557,#8558,
#8559,#8560,#8561,#8562,#8563,#8564));
#1419=EDGE_LOOP('',(#8565,#8566,#8567,#8568));
#1420=EDGE_LOOP('',(#8569,#8570,#8571,#8572));
#1421=EDGE_LOOP('',(#8573,#8574,#8575,#8576));
#1422=EDGE_LOOP('',(#8577,#8578,#8579,#8580));
#1423=EDGE_LOOP('',(#8581,#8582,#8583,#8584));
#1424=EDGE_LOOP('',(#8585,#8586,#8587,#8588));
#1425=EDGE_LOOP('',(#8589,#8590,#8591,#8592));
#1426=EDGE_LOOP('',(#8593,#8594,#8595,#8596));
#1427=EDGE_LOOP('',(#8597,#8598,#8599,#8600,#8601,#8602,#8603,#8604));
#1428=EDGE_LOOP('',(#8605,#8606,#8607,#8608));
#1429=EDGE_LOOP('',(#8609,#8610,#8611,#8612));
#1430=EDGE_LOOP('',(#8613,#8614,#8615,#8616,#8617,#8618,#8619,#8620,#8621,
#8622,#8623,#8624,#8625,#8626,#8627,#8628));
#1431=EDGE_LOOP('',(#8629,#8630,#8631,#8632,#8633,#8634,#8635,#8636,#8637,
#8638,#8639,#8640,#8641,#8642,#8643,#8644));
#1432=EDGE_LOOP('',(#8645,#8646,#8647,#8648));
#1433=EDGE_LOOP('',(#8649,#8650,#8651,#8652));
#1434=EDGE_LOOP('',(#8653,#8654,#8655,#8656));
#1435=EDGE_LOOP('',(#8657,#8658,#8659,#8660));
#1436=EDGE_LOOP('',(#8661,#8662,#8663,#8664));
#1437=EDGE_LOOP('',(#8665,#8666,#8667,#8668));
#1438=EDGE_LOOP('',(#8669,#8670,#8671,#8672));
#1439=EDGE_LOOP('',(#8673,#8674,#8675,#8676,#8677,#8678,#8679,#8680));
#1440=EDGE_LOOP('',(#8681,#8682,#8683,#8684,#8685,#8686));
#1441=EDGE_LOOP('',(#8687,#8688,#8689,#8690));
#1442=EDGE_LOOP('',(#8691,#8692,#8693,#8694));
#1443=EDGE_LOOP('',(#8695,#8696,#8697,#8698));
#1444=EDGE_LOOP('',(#8699,#8700,#8701,#8702));
#1445=EDGE_LOOP('',(#8703,#8704,#8705,#8706));
#1446=EDGE_LOOP('',(#8707,#8708,#8709,#8710));
#1447=EDGE_LOOP('',(#8711,#8712,#8713,#8714));
#1448=EDGE_LOOP('',(#8715,#8716,#8717,#8718));
#1449=EDGE_LOOP('',(#8719,#8720,#8721,#8722,#8723,#8724));
#1450=EDGE_LOOP('',(#8725,#8726,#8727,#8728));
#1451=EDGE_LOOP('',(#8729,#8730,#8731,#8732));
#1452=EDGE_LOOP('',(#8733,#8734,#8735,#8736));
#1453=EDGE_LOOP('',(#8737,#8738,#8739,#8740));
#1454=EDGE_LOOP('',(#8741,#8742,#8743,#8744));
#1455=EDGE_LOOP('',(#8745,#8746,#8747,#8748));
#1456=EDGE_LOOP('',(#8749,#8750,#8751,#8752));
#1457=EDGE_LOOP('',(#8753,#8754,#8755,#8756));
#1458=EDGE_LOOP('',(#8757,#8758,#8759,#8760));
#1459=EDGE_LOOP('',(#8761,#8762,#8763,#8764));
#1460=EDGE_LOOP('',(#8765,#8766,#8767,#8768,#8769,#8770,#8771,#8772,#8773,
#8774,#8775,#8776,#8777,#8778,#8779,#8780,#8781,#8782,#8783,#8784,#8785,
#8786,#8787,#8788,#8789,#8790,#8791));
#1461=EDGE_LOOP('',(#8792,#8793,#8794,#8795,#8796));
#1462=EDGE_LOOP('',(#8797,#8798,#8799,#8800,#8801,#8802,#8803,#8804,#8805));
#1463=EDGE_LOOP('',(#8806,#8807,#8808,#8809,#8810));
#1464=EDGE_LOOP('',(#8811,#8812,#8813,#8814));
#1465=EDGE_LOOP('',(#8815,#8816,#8817,#8818));
#1466=EDGE_LOOP('',(#8819,#8820,#8821,#8822));
#1467=EDGE_LOOP('',(#8823,#8824,#8825,#8826,#8827,#8828,#8829,#8830,#8831,
#8832,#8833,#8834,#8835,#8836,#8837,#8838,#8839,#8840));
#1468=EDGE_LOOP('',(#8841,#8842,#8843,#8844));
#1469=EDGE_LOOP('',(#8845,#8846,#8847,#8848,#8849,#8850,#8851,#8852,#8853,
#8854,#8855,#8856,#8857,#8858,#8859,#8860,#8861,#8862));
#1470=EDGE_LOOP('',(#8863,#8864,#8865,#8866));
#1471=EDGE_LOOP('',(#8867,#8868,#8869,#8870));
#1472=EDGE_LOOP('',(#8871,#8872,#8873,#8874));
#1473=EDGE_LOOP('',(#8875,#8876,#8877,#8878));
#1474=EDGE_LOOP('',(#8879,#8880,#8881,#8882));
#1475=EDGE_LOOP('',(#8883,#8884,#8885,#8886));
#1476=EDGE_LOOP('',(#8887,#8888,#8889,#8890));
#1477=EDGE_LOOP('',(#8891,#8892,#8893,#8894,#8895,#8896,#8897,#8898,#8899));
#1478=EDGE_LOOP('',(#8900,#8901,#8902,#8903,#8904,#8905));
#1479=EDGE_LOOP('',(#8906,#8907,#8908,#8909));
#1480=EDGE_LOOP('',(#8910,#8911,#8912,#8913));
#1481=EDGE_LOOP('',(#8914,#8915,#8916,#8917));
#1482=EDGE_LOOP('',(#8918,#8919,#8920,#8921));
#1483=EDGE_LOOP('',(#8922,#8923,#8924,#8925));
#1484=EDGE_LOOP('',(#8926,#8927,#8928,#8929));
#1485=EDGE_LOOP('',(#8930,#8931,#8932,#8933));
#1486=EDGE_LOOP('',(#8934,#8935,#8936,#8937,#8938,#8939));
#1487=EDGE_LOOP('',(#8940,#8941,#8942,#8943));
#1488=EDGE_LOOP('',(#8944,#8945,#8946,#8947));
#1489=EDGE_LOOP('',(#8948,#8949,#8950,#8951));
#1490=EDGE_LOOP('',(#8952,#8953,#8954,#8955));
#1491=EDGE_LOOP('',(#8956,#8957,#8958,#8959));
#1492=EDGE_LOOP('',(#8960,#8961,#8962,#8963));
#1493=EDGE_LOOP('',(#8964,#8965,#8966,#8967));
#1494=EDGE_LOOP('',(#8968,#8969,#8970,#8971));
#1495=EDGE_LOOP('',(#8972,#8973,#8974,#8975,#8976,#8977,#8978,#8979,#8980,
#8981,#8982,#8983,#8984,#8985,#8986,#8987));
#1496=EDGE_LOOP('',(#8988,#8989,#8990,#8991));
#1497=EDGE_LOOP('',(#8992,#8993,#8994,#8995));
#1498=EDGE_LOOP('',(#8996,#8997,#8998,#8999));
#1499=EDGE_LOOP('',(#9000,#9001,#9002,#9003));
#1500=EDGE_LOOP('',(#9004,#9005,#9006,#9007,#9008,#9009));
#1501=EDGE_LOOP('',(#9010,#9011,#9012,#9013,#9014,#9015,#9016,#9017));
#1502=EDGE_LOOP('',(#9018,#9019,#9020,#9021));
#1503=EDGE_LOOP('',(#9022,#9023,#9024,#9025,#9026,#9027));
#1504=EDGE_LOOP('',(#9028,#9029,#9030,#9031));
#1505=EDGE_LOOP('',(#9032,#9033,#9034,#9035));
#1506=EDGE_LOOP('',(#9036,#9037,#9038,#9039));
#1507=EDGE_LOOP('',(#9040,#9041,#9042,#9043,#9044,#9045));
#1508=EDGE_LOOP('',(#9046,#9047,#9048,#9049));
#1509=EDGE_LOOP('',(#9050,#9051,#9052,#9053));
#1510=EDGE_LOOP('',(#9054,#9055,#9056,#9057));
#1511=EDGE_LOOP('',(#9058,#9059,#9060,#9061));
#1512=EDGE_LOOP('',(#9062,#9063,#9064,#9065));
#1513=EDGE_LOOP('',(#9066,#9067,#9068,#9069));
#1514=EDGE_LOOP('',(#9070,#9071,#9072,#9073));
#1515=EDGE_LOOP('',(#9074,#9075,#9076,#9077));
#1516=EDGE_LOOP('',(#9078,#9079,#9080,#9081,#9082,#9083));
#1517=EDGE_LOOP('',(#9084,#9085,#9086,#9087));
#1518=EDGE_LOOP('',(#9088,#9089,#9090,#9091));
#1519=EDGE_LOOP('',(#9092,#9093,#9094,#9095));
#1520=EDGE_LOOP('',(#9096,#9097,#9098,#9099));
#1521=EDGE_LOOP('',(#9100,#9101,#9102,#9103));
#1522=EDGE_LOOP('',(#9104,#9105,#9106,#9107));
#1523=EDGE_LOOP('',(#9108,#9109,#9110,#9111));
#1524=EDGE_LOOP('',(#9112,#9113,#9114,#9115));
#1525=EDGE_LOOP('',(#9116,#9117,#9118,#9119));
#1526=EDGE_LOOP('',(#9120,#9121,#9122,#9123));
#1527=EDGE_LOOP('',(#9124,#9125,#9126,#9127));
#1528=EDGE_LOOP('',(#9128,#9129,#9130,#9131));
#1529=EDGE_LOOP('',(#9132,#9133,#9134,#9135));
#1530=EDGE_LOOP('',(#9136,#9137,#9138,#9139));
#1531=EDGE_LOOP('',(#9140,#9141,#9142,#9143));
#1532=EDGE_LOOP('',(#9144,#9145,#9146,#9147,#9148,#9149,#9150,#9151,#9152,
#9153,#9154,#9155,#9156,#9157,#9158,#9159));
#1533=EDGE_LOOP('',(#9160,#9161,#9162,#9163));
#1534=EDGE_LOOP('',(#9164,#9165,#9166,#9167));
#1535=EDGE_LOOP('',(#9168,#9169,#9170,#9171));
#1536=EDGE_LOOP('',(#9172,#9173,#9174,#9175));
#1537=EDGE_LOOP('',(#9176,#9177,#9178,#9179,#9180,#9181,#9182,#9183,#9184,
#9185,#9186,#9187,#9188,#9189,#9190,#9191));
#1538=EDGE_LOOP('',(#9192,#9193,#9194,#9195));
#1539=EDGE_LOOP('',(#9196,#9197,#9198,#9199));
#1540=EDGE_LOOP('',(#9200,#9201,#9202,#9203,#9204,#9205));
#1541=EDGE_LOOP('',(#9206,#9207,#9208,#9209));
#1542=EDGE_LOOP('',(#9210,#9211,#9212,#9213));
#1543=EDGE_LOOP('',(#9214,#9215,#9216,#9217));
#1544=EDGE_LOOP('',(#9218,#9219,#9220,#9221,#9222,#9223));
#1545=EDGE_LOOP('',(#9224,#9225,#9226,#9227));
#1546=EDGE_LOOP('',(#9228,#9229,#9230,#9231,#9232,#9233,#9234,#9235));
#1547=EDGE_LOOP('',(#9236,#9237,#9238,#9239));
#1548=EDGE_LOOP('',(#9240,#9241,#9242,#9243));
#1549=EDGE_LOOP('',(#9244,#9245,#9246,#9247));
#1550=EDGE_LOOP('',(#9248,#9249,#9250,#9251));
#1551=EDGE_LOOP('',(#9252,#9253,#9254,#9255));
#1552=EDGE_LOOP('',(#9256,#9257,#9258,#9259));
#1553=EDGE_LOOP('',(#9260,#9261,#9262,#9263));
#1554=EDGE_LOOP('',(#9264,#9265,#9266,#9267));
#1555=EDGE_LOOP('',(#9268,#9269,#9270,#9271));
#1556=EDGE_LOOP('',(#9272,#9273,#9274,#9275,#9276,#9277));
#1557=EDGE_LOOP('',(#9278,#9279,#9280,#9281));
#1558=EDGE_LOOP('',(#9282,#9283,#9284,#9285,#9286,#9287));
#1559=EDGE_LOOP('',(#9288,#9289,#9290,#9291));
#1560=EDGE_LOOP('',(#9292,#9293,#9294,#9295));
#1561=EDGE_LOOP('',(#9296,#9297,#9298,#9299));
#1562=EDGE_LOOP('',(#9300,#9301,#9302,#9303));
#1563=EDGE_LOOP('',(#9304,#9305,#9306,#9307));
#1564=EDGE_LOOP('',(#9308,#9309,#9310,#9311));
#1565=EDGE_LOOP('',(#9312,#9313,#9314,#9315));
#1566=EDGE_LOOP('',(#9316,#9317,#9318,#9319));
#1567=EDGE_LOOP('',(#9320,#9321,#9322,#9323));
#1568=EDGE_LOOP('',(#9324,#9325,#9326,#9327));
#1569=EDGE_LOOP('',(#9328,#9329,#9330,#9331));
#1570=EDGE_LOOP('',(#9332,#9333,#9334,#9335));
#1571=EDGE_LOOP('',(#9336,#9337,#9338,#9339));
#1572=EDGE_LOOP('',(#9340,#9341,#9342,#9343,#9344,#9345,#9346,#9347,#9348,
#9349,#9350,#9351,#9352,#9353,#9354,#9355));
#1573=EDGE_LOOP('',(#9356,#9357,#9358,#9359));
#1574=EDGE_LOOP('',(#9360,#9361,#9362,#9363));
#1575=EDGE_LOOP('',(#9364,#9365,#9366,#9367));
#1576=EDGE_LOOP('',(#9368,#9369,#9370,#9371));
#1577=EDGE_LOOP('',(#9372,#9373,#9374,#9375));
#1578=EDGE_LOOP('',(#9376,#9377,#9378,#9379));
#1579=EDGE_LOOP('',(#9380,#9381,#9382,#9383));
#1580=EDGE_LOOP('',(#9384,#9385,#9386,#9387));
#1581=EDGE_LOOP('',(#9388,#9389,#9390,#9391));
#1582=EDGE_LOOP('',(#9392,#9393,#9394,#9395));
#1583=EDGE_LOOP('',(#9396,#9397,#9398,#9399,#9400,#9401,#9402,#9403,#9404,
#9405,#9406,#9407,#9408,#9409,#9410,#9411,#9412,#9413,#9414,#9415,#9416,
#9417));
#1584=EDGE_LOOP('',(#9418,#9419,#9420,#9421));
#1585=EDGE_LOOP('',(#9422,#9423,#9424,#9425));
#1586=EDGE_LOOP('',(#9426,#9427,#9428,#9429));
#1587=EDGE_LOOP('',(#9430,#9431,#9432,#9433));
#1588=EDGE_LOOP('',(#9434,#9435,#9436,#9437));
#1589=EDGE_LOOP('',(#9438,#9439,#9440,#9441));
#1590=EDGE_LOOP('',(#9442,#9443,#9444,#9445));
#1591=EDGE_LOOP('',(#9446,#9447,#9448,#9449));
#1592=EDGE_LOOP('',(#9450,#9451,#9452,#9453));
#1593=EDGE_LOOP('',(#9454,#9455,#9456,#9457));
#1594=EDGE_LOOP('',(#9458,#9459,#9460,#9461));
#1595=EDGE_LOOP('',(#9462,#9463,#9464,#9465));
#1596=EDGE_LOOP('',(#9466,#9467,#9468,#9469,#9470,#9471,#9472,#9473,#9474,
#9475,#9476,#9477,#9478,#9479,#9480,#9481,#9482,#9483,#9484,#9485,#9486,
#9487));
#1597=EDGE_LOOP('',(#9488,#9489,#9490,#9491));
#1598=EDGE_LOOP('',(#9492,#9493,#9494,#9495));
#1599=EDGE_LOOP('',(#9496,#9497,#9498,#9499));
#1600=EDGE_LOOP('',(#9500,#9501,#9502,#9503));
#1601=EDGE_LOOP('',(#9504,#9505,#9506,#9507));
#1602=EDGE_LOOP('',(#9508,#9509,#9510,#9511));
#1603=EDGE_LOOP('',(#9512,#9513,#9514,#9515,#9516,#9517,#9518,#9519));
#1604=EDGE_LOOP('',(#9520,#9521,#9522,#9523,#9524,#9525,#9526,#9527,#9528,
#9529,#9530,#9531,#9532,#9533,#9534,#9535,#9536,#9537,#9538,#9539,#9540,
#9541,#9542,#9543));
#1605=EDGE_LOOP('',(#9544,#9545,#9546,#9547,#9548,#9549,#9550,#9551,#9552));
#1606=EDGE_LOOP('',(#9553,#9554,#9555,#9556));
#1607=EDGE_LOOP('',(#9557,#9558,#9559,#9560));
#1608=EDGE_LOOP('',(#9561,#9562,#9563,#9564));
#1609=EDGE_LOOP('',(#9565,#9566,#9567,#9568));
#1610=EDGE_LOOP('',(#9569,#9570,#9571,#9572));
#1611=EDGE_LOOP('',(#9573,#9574,#9575,#9576,#9577,#9578,#9579,#9580,#9581));
#1612=EDGE_LOOP('',(#9582,#9583,#9584,#9585));
#1613=EDGE_LOOP('',(#9586,#9587,#9588,#9589));
#1614=EDGE_LOOP('',(#9590,#9591,#9592,#9593));
#1615=EDGE_LOOP('',(#9594,#9595,#9596,#9597));
#1616=EDGE_LOOP('',(#9598,#9599,#9600,#9601));
#1617=EDGE_LOOP('',(#9602,#9603,#9604,#9605));
#1618=EDGE_LOOP('',(#9606,#9607,#9608,#9609));
#1619=EDGE_LOOP('',(#9610,#9611,#9612,#9613));
#1620=EDGE_LOOP('',(#9614,#9615,#9616,#9617));
#1621=EDGE_LOOP('',(#9618,#9619,#9620,#9621));
#1622=EDGE_LOOP('',(#9622,#9623,#9624,#9625));
#1623=EDGE_LOOP('',(#9626,#9627,#9628,#9629,#9630,#9631,#9632,#9633,#9634,
#9635,#9636,#9637,#9638,#9639,#9640,#9641,#9642,#9643));
#1624=EDGE_LOOP('',(#9644,#9645,#9646,#9647));
#1625=EDGE_LOOP('',(#9648,#9649,#9650,#9651));
#1626=EDGE_LOOP('',(#9652,#9653,#9654,#9655));
#1627=EDGE_LOOP('',(#9656,#9657,#9658,#9659));
#1628=EDGE_LOOP('',(#9660,#9661,#9662,#9663));
#1629=EDGE_LOOP('',(#9664,#9665,#9666,#9667));
#1630=EDGE_LOOP('',(#9668,#9669,#9670,#9671));
#1631=EDGE_LOOP('',(#9672,#9673,#9674,#9675));
#1632=EDGE_LOOP('',(#9676,#9677,#9678,#9679));
#1633=EDGE_LOOP('',(#9680,#9681,#9682,#9683));
#1634=EDGE_LOOP('',(#9684,#9685,#9686,#9687));
#1635=EDGE_LOOP('',(#9688,#9689,#9690,#9691));
#1636=EDGE_LOOP('',(#9692,#9693,#9694,#9695));
#1637=EDGE_LOOP('',(#9696,#9697,#9698,#9699));
#1638=EDGE_LOOP('',(#9700,#9701,#9702,#9703));
#1639=EDGE_LOOP('',(#9704,#9705,#9706,#9707));
#1640=EDGE_LOOP('',(#9708,#9709,#9710,#9711));
#1641=EDGE_LOOP('',(#9712,#9713,#9714,#9715,#9716,#9717,#9718,#9719,#9720,
#9721,#9722,#9723));
#1642=EDGE_LOOP('',(#9724,#9725,#9726,#9727));
#1643=EDGE_LOOP('',(#9728));
#1644=EDGE_LOOP('',(#9729));
#1645=EDGE_LOOP('',(#9730,#9731,#9732,#9733));
#1646=EDGE_LOOP('',(#9734,#9735,#9736,#9737));
#1647=EDGE_LOOP('',(#9738,#9739,#9740,#9741));
#1648=EDGE_LOOP('',(#9742,#9743,#9744,#9745,#9746,#9747,#9748,#9749,#9750));
#1649=EDGE_LOOP('',(#9751,#9752,#9753,#9754,#9755,#9756,#9757,#9758,#9759,
#9760,#9761,#9762,#9763,#9764,#9765,#9766,#9767,#9768,#9769));
#1650=EDGE_LOOP('',(#9770,#9771,#9772,#9773,#9774,#9775,#9776));
#1651=EDGE_LOOP('',(#9777,#9778,#9779,#9780,#9781,#9782,#9783,#9784,#9785));
#1652=EDGE_LOOP('',(#9786,#9787,#9788,#9789));
#1653=EDGE_LOOP('',(#9790,#9791,#9792,#9793));
#1654=EDGE_LOOP('',(#9794,#9795,#9796,#9797,#9798));
#1655=EDGE_LOOP('',(#9799,#9800,#9801,#9802));
#1656=EDGE_LOOP('',(#9803,#9804,#9805));
#1657=EDGE_LOOP('',(#9806,#9807,#9808,#9809));
#1658=EDGE_LOOP('',(#9810,#9811,#9812,#9813));
#1659=EDGE_LOOP('',(#9814,#9815,#9816,#9817,#9818,#9819,#9820,#9821));
#1660=EDGE_LOOP('',(#9822,#9823,#9824,#9825));
#1661=EDGE_LOOP('',(#9826,#9827,#9828,#9829,#9830,#9831));
#1662=EDGE_LOOP('',(#9832,#9833,#9834,#9835));
#1663=EDGE_LOOP('',(#9836,#9837,#9838,#9839,#9840,#9841,#9842,#9843));
#1664=EDGE_LOOP('',(#9844,#9845,#9846,#9847,#9848,#9849));
#1665=EDGE_LOOP('',(#9850,#9851,#9852,#9853));
#1666=EDGE_LOOP('',(#9854,#9855,#9856,#9857,#9858,#9859,#9860,#9861));
#1667=EDGE_LOOP('',(#9862,#9863,#9864,#9865));
#1668=EDGE_LOOP('',(#9866,#9867,#9868,#9869,#9870,#9871,#9872,#9873,#9874,
#9875,#9876,#9877,#9878,#9879,#9880,#9881,#9882,#9883,#9884,#9885,#9886,
#9887,#9888,#9889,#9890,#9891,#9892,#9893,#9894,#9895,#9896,#9897));
#1669=EDGE_LOOP('',(#9898,#9899,#9900));
#1670=EDGE_LOOP('',(#9901,#9902,#9903,#9904));
#1671=EDGE_LOOP('',(#9905,#9906,#9907,#9908,#9909,#9910,#9911));
#1672=EDGE_LOOP('',(#9912,#9913,#9914,#9915,#9916,#9917));
#1673=EDGE_LOOP('',(#9918,#9919,#9920,#9921));
#1674=EDGE_LOOP('',(#9922,#9923,#9924,#9925,#9926,#9927,#9928,#9929));
#1675=EDGE_LOOP('',(#9930,#9931,#9932,#9933));
#1676=EDGE_LOOP('',(#9934,#9935,#9936,#9937));
#1677=EDGE_LOOP('',(#9938,#9939,#9940,#9941));
#1678=EDGE_LOOP('',(#9942,#9943,#9944,#9945));
#1679=EDGE_LOOP('',(#9946,#9947,#9948,#9949));
#1680=EDGE_LOOP('',(#9950,#9951,#9952,#9953,#9954));
#1681=EDGE_LOOP('',(#9955,#9956,#9957,#9958));
#1682=EDGE_LOOP('',(#9959,#9960,#9961,#9962,#9963,#9964));
#1683=EDGE_LOOP('',(#9965,#9966,#9967,#9968,#9969,#9970,#9971,#9972,#9973,
#9974,#9975,#9976));
#1684=EDGE_LOOP('',(#9977,#9978,#9979,#9980));
#1685=EDGE_LOOP('',(#9981,#9982,#9983,#9984));
#1686=EDGE_LOOP('',(#9985,#9986,#9987,#9988));
#1687=EDGE_LOOP('',(#9989,#9990,#9991,#9992));
#1688=EDGE_LOOP('',(#9993,#9994,#9995,#9996,#9997,#9998));
#1689=EDGE_LOOP('',(#9999,#10000,#10001,#10002,#10003,#10004));
#1690=EDGE_LOOP('',(#10005,#10006,#10007,#10008,#10009,#10010));
#1691=EDGE_LOOP('',(#10011));
#1692=EDGE_LOOP('',(#10012,#10013,#10014,#10015));
#1693=EDGE_LOOP('',(#10016,#10017,#10018,#10019,#10020,#10021));
#1694=EDGE_LOOP('',(#10022));
#1695=EDGE_LOOP('',(#10023,#10024,#10025,#10026,#10027));
#1696=EDGE_LOOP('',(#10028,#10029,#10030,#10031));
#1697=EDGE_LOOP('',(#10032,#10033,#10034,#10035));
#1698=EDGE_LOOP('',(#10036,#10037,#10038,#10039));
#1699=EDGE_LOOP('',(#10040,#10041,#10042,#10043));
#1700=EDGE_LOOP('',(#10044,#10045,#10046,#10047));
#1701=EDGE_LOOP('',(#10048,#10049,#10050,#10051));
#1702=EDGE_LOOP('',(#10052,#10053,#10054,#10055));
#1703=EDGE_LOOP('',(#10056,#10057,#10058,#10059));
#1704=EDGE_LOOP('',(#10060,#10061,#10062,#10063));
#1705=EDGE_LOOP('',(#10064,#10065,#10066,#10067));
#1706=EDGE_LOOP('',(#10068,#10069,#10070,#10071));
#1707=EDGE_LOOP('',(#10072,#10073,#10074,#10075));
#1708=EDGE_LOOP('',(#10076,#10077,#10078,#10079));
#1709=EDGE_LOOP('',(#10080,#10081,#10082,#10083));
#1710=EDGE_LOOP('',(#10084,#10085,#10086,#10087));
#1711=EDGE_LOOP('',(#10088,#10089,#10090,#10091));
#1712=EDGE_LOOP('',(#10092,#10093,#10094,#10095));
#1713=EDGE_LOOP('',(#10096,#10097,#10098,#10099,#10100,#10101,#10102,#10103));
#1714=EDGE_LOOP('',(#10104,#10105,#10106,#10107));
#1715=EDGE_LOOP('',(#10108,#10109,#10110,#10111));
#1716=EDGE_LOOP('',(#10112,#10113,#10114,#10115));
#1717=EDGE_LOOP('',(#10116,#10117,#10118,#10119));
#1718=EDGE_LOOP('',(#10120,#10121,#10122,#10123));
#1719=EDGE_LOOP('',(#10124,#10125,#10126,#10127));
#1720=EDGE_LOOP('',(#10128,#10129,#10130,#10131));
#1721=EDGE_LOOP('',(#10132,#10133,#10134,#10135));
#1722=EDGE_LOOP('',(#10136,#10137,#10138,#10139));
#1723=EDGE_LOOP('',(#10140,#10141,#10142,#10143));
#1724=EDGE_LOOP('',(#10144,#10145,#10146,#10147));
#1725=EDGE_LOOP('',(#10148,#10149,#10150,#10151));
#1726=EDGE_LOOP('',(#10152,#10153,#10154,#10155));
#1727=EDGE_LOOP('',(#10156,#10157,#10158,#10159));
#1728=EDGE_LOOP('',(#10160,#10161,#10162,#10163));
#1729=EDGE_LOOP('',(#10164,#10165,#10166,#10167));
#1730=EDGE_LOOP('',(#10168,#10169,#10170,#10171));
#1731=EDGE_LOOP('',(#10172,#10173,#10174,#10175,#10176,#10177,#10178,#10179,
#10180,#10181,#10182,#10183));
#1732=EDGE_LOOP('',(#10184,#10185,#10186,#10187));
#1733=EDGE_LOOP('',(#10188,#10189,#10190,#10191));
#1734=EDGE_LOOP('',(#10192,#10193,#10194,#10195,#10196));
#1735=EDGE_LOOP('',(#10197,#10198,#10199,#10200));
#1736=EDGE_LOOP('',(#10201,#10202,#10203,#10204));
#1737=EDGE_LOOP('',(#10205,#10206,#10207,#10208));
#1738=EDGE_LOOP('',(#10209,#10210,#10211,#10212));
#1739=EDGE_LOOP('',(#10213,#10214,#10215,#10216));
#1740=EDGE_LOOP('',(#10217,#10218,#10219,#10220,#10221,#10222,#10223,#10224));
#1741=EDGE_LOOP('',(#10225,#10226,#10227,#10228,#10229));
#1742=EDGE_LOOP('',(#10230,#10231,#10232,#10233));
#1743=EDGE_LOOP('',(#10234,#10235,#10236,#10237,#10238,#10239,#10240,#10241,
#10242,#10243,#10244,#10245,#10246,#10247,#10248,#10249,#10250,#10251,#10252,
#10253,#10254,#10255,#10256,#10257,#10258,#10259,#10260,#10261,#10262,#10263,
#10264,#10265));
#1744=EDGE_LOOP('',(#10266,#10267,#10268,#10269));
#1745=EDGE_LOOP('',(#10270,#10271,#10272,#10273));
#1746=EDGE_LOOP('',(#10274,#10275,#10276,#10277));
#1747=EDGE_LOOP('',(#10278,#10279,#10280,#10281));
#1748=EDGE_LOOP('',(#10282,#10283,#10284,#10285));
#1749=EDGE_LOOP('',(#10286,#10287,#10288,#10289));
#1750=EDGE_LOOP('',(#10290,#10291,#10292,#10293));
#1751=EDGE_LOOP('',(#10294,#10295,#10296,#10297));
#1752=EDGE_LOOP('',(#10298,#10299,#10300,#10301));
#1753=LINE('',#15400,#3072);
#1754=LINE('',#15402,#3073);
#1755=LINE('',#15404,#3074);
#1756=LINE('',#15405,#3075);
#1757=LINE('',#15409,#3076);
#1758=LINE('',#15411,#3077);
#1759=LINE('',#15413,#3078);
#1760=LINE('',#15414,#3079);
#1761=LINE('',#15416,#3080);
#1762=LINE('',#15417,#3081);
#1763=LINE('',#15419,#3082);
#1764=LINE('',#15423,#3083);
#1765=LINE('',#15425,#3084);
#1766=LINE('',#15427,#3085);
#1767=LINE('',#15428,#3086);
#1768=LINE('',#15432,#3087);
#1769=LINE('',#15434,#3088);
#1770=LINE('',#15436,#3089);
#1771=LINE('',#15437,#3090);
#1772=LINE('',#15439,#3091);
#1773=LINE('',#15440,#3092);
#1774=LINE('',#15442,#3093);
#1775=LINE('',#15446,#3094);
#1776=LINE('',#15448,#3095);
#1777=LINE('',#15450,#3096);
#1778=LINE('',#15451,#3097);
#1779=LINE('',#15455,#3098);
#1780=LINE('',#15457,#3099);
#1781=LINE('',#15459,#3100);
#1782=LINE('',#15460,#3101);
#1783=LINE('',#15462,#3102);
#1784=LINE('',#15463,#3103);
#1785=LINE('',#15466,#3104);
#1786=LINE('',#15468,#3105);
#1787=LINE('',#15470,#3106);
#1788=LINE('',#15472,#3107);
#1789=LINE('',#15474,#3108);
#1790=LINE('',#15476,#3109);
#1791=LINE('',#15478,#3110);
#1792=LINE('',#15480,#3111);
#1793=LINE('',#15481,#3112);
#1794=LINE('',#15484,#3113);
#1795=LINE('',#15486,#3114);
#1796=LINE('',#15488,#3115);
#1797=LINE('',#15490,#3116);
#1798=LINE('',#15492,#3117);
#1799=LINE('',#15494,#3118);
#1800=LINE('',#15496,#3119);
#1801=LINE('',#15498,#3120);
#1802=LINE('',#15502,#3121);
#1803=LINE('',#15504,#3122);
#1804=LINE('',#15506,#3123);
#1805=LINE('',#15508,#3124);
#1806=LINE('',#15510,#3125);
#1807=LINE('',#15512,#3126);
#1808=LINE('',#15513,#3127);
#1809=LINE('',#15535,#3128);
#1810=LINE('',#15537,#3129);
#1811=LINE('',#15539,#3130);
#1812=LINE('',#15540,#3131);
#1813=LINE('',#15544,#3132);
#1814=LINE('',#15550,#3133);
#1815=LINE('',#15551,#3134);
#1816=LINE('',#15552,#3135);
#1817=LINE('',#15558,#3136);
#1818=LINE('',#15561,#3137);
#1819=LINE('',#15564,#3138);
#1820=LINE('',#15565,#3139);
#1821=LINE('',#15569,#3140);
#1822=LINE('',#15573,#3141);
#1823=LINE('',#15578,#3142);
#1824=LINE('',#15580,#3143);
#1825=LINE('',#15582,#3144);
#1826=LINE('',#15583,#3145);
#1827=LINE('',#15588,#3146);
#1828=LINE('',#15590,#3147);
#1829=LINE('',#15592,#3148);
#1830=LINE('',#15594,#3149);
#1831=LINE('',#15596,#3150);
#1832=LINE('',#15597,#3151);
#1833=LINE('',#15600,#3152);
#1834=LINE('',#15604,#3153);
#1835=LINE('',#15605,#3154);
#1836=LINE('',#15613,#3155);
#1837=LINE('',#15614,#3156);
#1838=LINE('',#15619,#3157);
#1839=LINE('',#15620,#3158);
#1840=LINE('',#15628,#3159);
#1841=LINE('',#15630,#3160);
#1842=LINE('',#15631,#3161);
#1843=LINE('',#15634,#3162);
#1844=LINE('',#15642,#3163);
#1845=LINE('',#15644,#3164);
#1846=LINE('',#15646,#3165);
#1847=LINE('',#15648,#3166);
#1848=LINE('',#15649,#3167);
#1849=LINE('',#15652,#3168);
#1850=LINE('',#15654,#3169);
#1851=LINE('',#15656,#3170);
#1852=LINE('',#15658,#3171);
#1853=LINE('',#15660,#3172);
#1854=LINE('',#15662,#3173);
#1855=LINE('',#15664,#3174);
#1856=LINE('',#15666,#3175);
#1857=LINE('',#15667,#3176);
#1858=LINE('',#15669,#3177);
#1859=LINE('',#15671,#3178);
#1860=LINE('',#15673,#3179);
#1861=LINE('',#15675,#3180);
#1862=LINE('',#15677,#3181);
#1863=LINE('',#15679,#3182);
#1864=LINE('',#15681,#3183);
#1865=LINE('',#15682,#3184);
#1866=LINE('',#15686,#3185);
#1867=LINE('',#15688,#3186);
#1868=LINE('',#15690,#3187);
#1869=LINE('',#15691,#3188);
#1870=LINE('',#15694,#3189);
#1871=LINE('',#15696,#3190);
#1872=LINE('',#15697,#3191);
#1873=LINE('',#15700,#3192);
#1874=LINE('',#15702,#3193);
#1875=LINE('',#15703,#3194);
#1876=LINE('',#15706,#3195);
#1877=LINE('',#15708,#3196);
#1878=LINE('',#15709,#3197);
#1879=LINE('',#15712,#3198);
#1880=LINE('',#15714,#3199);
#1881=LINE('',#15715,#3200);
#1882=LINE('',#15718,#3201);
#1883=LINE('',#15720,#3202);
#1884=LINE('',#15721,#3203);
#1885=LINE('',#15724,#3204);
#1886=LINE('',#15726,#3205);
#1887=LINE('',#15727,#3206);
#1888=LINE('',#15729,#3207);
#1889=LINE('',#15732,#3208);
#1890=LINE('',#15734,#3209);
#1891=LINE('',#15735,#3210);
#1892=LINE('',#15737,#3211);
#1893=LINE('',#15739,#3212);
#1894=LINE('',#15741,#3213);
#1895=LINE('',#15743,#3214);
#1896=LINE('',#15745,#3215);
#1897=LINE('',#15747,#3216);
#1898=LINE('',#15748,#3217);
#1899=LINE('',#15749,#3218);
#1900=LINE('',#15753,#3219);
#1901=LINE('',#15755,#3220);
#1902=LINE('',#15756,#3221);
#1903=LINE('',#15758,#3222);
#1904=LINE('',#15760,#3223);
#1905=LINE('',#15762,#3224);
#1906=LINE('',#15764,#3225);
#1907=LINE('',#15766,#3226);
#1908=LINE('',#15767,#3227);
#1909=LINE('',#15770,#3228);
#1910=LINE('',#15772,#3229);
#1911=LINE('',#15774,#3230);
#1912=LINE('',#15776,#3231);
#1913=LINE('',#15778,#3232);
#1914=LINE('',#15780,#3233);
#1915=LINE('',#15782,#3234);
#1916=LINE('',#15783,#3235);
#1917=LINE('',#15786,#3236);
#1918=LINE('',#15788,#3237);
#1919=LINE('',#15790,#3238);
#1920=LINE('',#15792,#3239);
#1921=LINE('',#15794,#3240);
#1922=LINE('',#15796,#3241);
#1923=LINE('',#15798,#3242);
#1924=LINE('',#15799,#3243);
#1925=LINE('',#15801,#3244);
#1926=LINE('',#15803,#3245);
#1927=LINE('',#15807,#3246);
#1928=LINE('',#15808,#3247);
#1929=LINE('',#15809,#3248);
#1930=LINE('',#15812,#3249);
#1931=LINE('',#15814,#3250);
#1932=LINE('',#15815,#3251);
#1933=LINE('',#15818,#3252);
#1934=LINE('',#15820,#3253);
#1935=LINE('',#15821,#3254);
#1936=LINE('',#15823,#3255);
#1937=LINE('',#15825,#3256);
#1938=LINE('',#15827,#3257);
#1939=LINE('',#15829,#3258);
#1940=LINE('',#15831,#3259);
#1941=LINE('',#15832,#3260);
#1942=LINE('',#15835,#3261);
#1943=LINE('',#15837,#3262);
#1944=LINE('',#15838,#3263);
#1945=LINE('',#15841,#3264);
#1946=LINE('',#15842,#3265);
#1947=LINE('',#15845,#3266);
#1948=LINE('',#15847,#3267);
#1949=LINE('',#15849,#3268);
#1950=LINE('',#15850,#3269);
#1951=LINE('',#15853,#3270);
#1952=LINE('',#15854,#3271);
#1953=LINE('',#15857,#3272);
#1954=LINE('',#15859,#3273);
#1955=LINE('',#15860,#3274);
#1956=LINE('',#15863,#3275);
#1957=LINE('',#15865,#3276);
#1958=LINE('',#15867,#3277);
#1959=LINE('',#15868,#3278);
#1960=LINE('',#15871,#3279);
#1961=LINE('',#15872,#3280);
#1962=LINE('',#15875,#3281);
#1963=LINE('',#15877,#3282);
#1964=LINE('',#15879,#3283);
#1965=LINE('',#15880,#3284);
#1966=LINE('',#15883,#3285);
#1967=LINE('',#15885,#3286);
#1968=LINE('',#15887,#3287);
#1969=LINE('',#15889,#3288);
#1970=LINE('',#15891,#3289);
#1971=LINE('',#15893,#3290);
#1972=LINE('',#15895,#3291);
#1973=LINE('',#15897,#3292);
#1974=LINE('',#15899,#3293);
#1975=LINE('',#15901,#3294);
#1976=LINE('',#15903,#3295);
#1977=LINE('',#15905,#3296);
#1978=LINE('',#15907,#3297);
#1979=LINE('',#15909,#3298);
#1980=LINE('',#15911,#3299);
#1981=LINE('',#15913,#3300);
#1982=LINE('',#15915,#3301);
#1983=LINE('',#15917,#3302);
#1984=LINE('',#15919,#3303);
#1985=LINE('',#15920,#3304);
#1986=LINE('',#15922,#3305);
#1987=LINE('',#15925,#3306);
#1988=LINE('',#15927,#3307);
#1989=LINE('',#15929,#3308);
#1990=LINE('',#15930,#3309);
#1991=LINE('',#15933,#3310);
#1992=LINE('',#15934,#3311);
#1993=LINE('',#15937,#3312);
#1994=LINE('',#15938,#3313);
#1995=LINE('',#15940,#3314);
#1996=LINE('',#15943,#3315);
#1997=LINE('',#15944,#3316);
#1998=LINE('',#15947,#3317);
#1999=LINE('',#15948,#3318);
#2000=LINE('',#15951,#3319);
#2001=LINE('',#15952,#3320);
#2002=LINE('',#15955,#3321);
#2003=LINE('',#15957,#3322);
#2004=LINE('',#15958,#3323);
#2005=LINE('',#15961,#3324);
#2006=LINE('',#15963,#3325);
#2007=LINE('',#15965,#3326);
#2008=LINE('',#15966,#3327);
#2009=LINE('',#15968,#3328);
#2010=LINE('',#15971,#3329);
#2011=LINE('',#15972,#3330);
#2012=LINE('',#15975,#3331);
#2013=LINE('',#15976,#3332);
#2014=LINE('',#15978,#3333);
#2015=LINE('',#15981,#3334);
#2016=LINE('',#15983,#3335);
#2017=LINE('',#15986,#3336);
#2018=LINE('',#15988,#3337);
#2019=LINE('',#15989,#3338);
#2020=LINE('',#15992,#3339);
#2021=LINE('',#15993,#3340);
#2022=LINE('',#15996,#3341);
#2023=LINE('',#15997,#3342);
#2024=LINE('',#16000,#3343);
#2025=LINE('',#16001,#3344);
#2026=LINE('',#16004,#3345);
#2027=LINE('',#16006,#3346);
#2028=LINE('',#16008,#3347);
#2029=LINE('',#16009,#3348);
#2030=LINE('',#16012,#3349);
#2031=LINE('',#16014,#3350);
#2032=LINE('',#16016,#3351);
#2033=LINE('',#16018,#3352);
#2034=LINE('',#16019,#3353);
#2035=LINE('',#16021,#3354);
#2036=LINE('',#16023,#3355);
#2037=LINE('',#16024,#3356);
#2038=LINE('',#16027,#3357);
#2039=LINE('',#16029,#3358);
#2040=LINE('',#16030,#3359);
#2041=LINE('',#16033,#3360);
#2042=LINE('',#16034,#3361);
#2043=LINE('',#16036,#3362);
#2044=LINE('',#16039,#3363);
#2045=LINE('',#16041,#3364);
#2046=LINE('',#16043,#3365);
#2047=LINE('',#16045,#3366);
#2048=LINE('',#16046,#3367);
#2049=LINE('',#16048,#3368);
#2050=LINE('',#16050,#3369);
#2051=LINE('',#16052,#3370);
#2052=LINE('',#16054,#3371);
#2053=LINE('',#16056,#3372);
#2054=LINE('',#16058,#3373);
#2055=LINE('',#16060,#3374);
#2056=LINE('',#16062,#3375);
#2057=LINE('',#16064,#3376);
#2058=LINE('',#16065,#3377);
#2059=LINE('',#16069,#3378);
#2060=LINE('',#16071,#3379);
#2061=LINE('',#16073,#3380);
#2062=LINE('',#16075,#3381);
#2063=LINE('',#16077,#3382);
#2064=LINE('',#16079,#3383);
#2065=LINE('',#16081,#3384);
#2066=LINE('',#16083,#3385);
#2067=LINE('',#16085,#3386);
#2068=LINE('',#16086,#3387);
#2069=LINE('',#16089,#3388);
#2070=LINE('',#16090,#3389);
#2071=LINE('',#16092,#3390);
#2072=LINE('',#16093,#3391);
#2073=LINE('',#16098,#3392);
#2074=LINE('',#16100,#3393);
#2075=LINE('',#16101,#3394);
#2076=LINE('',#16104,#3395);
#2077=LINE('',#16105,#3396);
#2078=LINE('',#16106,#3397);
#2079=LINE('',#16108,#3398);
#2080=LINE('',#16110,#3399);
#2081=LINE('',#16114,#3400);
#2082=LINE('',#16116,#3401);
#2083=LINE('',#16118,#3402);
#2084=LINE('',#16119,#3403);
#2085=LINE('',#16122,#3404);
#2086=LINE('',#16123,#3405);
#2087=LINE('',#16126,#3406);
#2088=LINE('',#16127,#3407);
#2089=LINE('',#16128,#3408);
#2090=LINE('',#16133,#3409);
#2091=LINE('',#16135,#3410);
#2092=LINE('',#16137,#3411);
#2093=LINE('',#16138,#3412);
#2094=LINE('',#16142,#3413);
#2095=LINE('',#16144,#3414);
#2096=LINE('',#16146,#3415);
#2097=LINE('',#16147,#3416);
#2098=LINE('',#16150,#3417);
#2099=LINE('',#16152,#3418);
#2100=LINE('',#16153,#3419);
#2101=LINE('',#16157,#3420);
#2102=LINE('',#16159,#3421);
#2103=LINE('',#16161,#3422);
#2104=LINE('',#16163,#3423);
#2105=LINE('',#16165,#3424);
#2106=LINE('',#16167,#3425);
#2107=LINE('',#16168,#3426);
#2108=LINE('',#16169,#3427);
#2109=LINE('',#16172,#3428);
#2110=LINE('',#16173,#3429);
#2111=LINE('',#16176,#3430);
#2112=LINE('',#16177,#3431);
#2113=LINE('',#16180,#3432);
#2114=LINE('',#16181,#3433);
#2115=LINE('',#16184,#3434);
#2116=LINE('',#16185,#3435);
#2117=LINE('',#16188,#3436);
#2118=LINE('',#16189,#3437);
#2119=LINE('',#16192,#3438);
#2120=LINE('',#16195,#3439);
#2121=LINE('',#16197,#3440);
#2122=LINE('',#16199,#3441);
#2123=LINE('',#16201,#3442);
#2124=LINE('',#16202,#3443);
#2125=LINE('',#16205,#3444);
#2126=LINE('',#16206,#3445);
#2127=LINE('',#16208,#3446);
#2128=LINE('',#16211,#3447);
#2129=LINE('',#16212,#3448);
#2130=LINE('',#16214,#3449);
#2131=LINE('',#16221,#3450);
#2132=LINE('',#16226,#3451);
#2133=LINE('',#16229,#3452);
#2134=LINE('',#16230,#3453);
#2135=LINE('',#16231,#3454);
#2136=LINE('',#16232,#3455);
#2137=LINE('',#16236,#3456);
#2138=LINE('',#16238,#3457);
#2139=LINE('',#16239,#3458);
#2140=LINE('',#16241,#3459);
#2141=LINE('',#16243,#3460);
#2142=LINE('',#16245,#3461);
#2143=LINE('',#16247,#3462);
#2144=LINE('',#16249,#3463);
#2145=LINE('',#16251,#3464);
#2146=LINE('',#16253,#3465);
#2147=LINE('',#16255,#3466);
#2148=LINE('',#16257,#3467);
#2149=LINE('',#16258,#3468);
#2150=LINE('',#16261,#3469);
#2151=LINE('',#16262,#3470);
#2152=LINE('',#16264,#3471);
#2153=LINE('',#16265,#3472);
#2154=LINE('',#16268,#3473);
#2155=LINE('',#16269,#3474);
#2156=LINE('',#16272,#3475);
#2157=LINE('',#16274,#3476);
#2158=LINE('',#16276,#3477);
#2159=LINE('',#16277,#3478);
#2160=LINE('',#16280,#3479);
#2161=LINE('',#16282,#3480);
#2162=LINE('',#16285,#3481);
#2163=LINE('',#16288,#3482);
#2164=LINE('',#16290,#3483);
#2165=LINE('',#16292,#3484);
#2166=LINE('',#16293,#3485);
#2167=LINE('',#16296,#3486);
#2168=LINE('',#16297,#3487);
#2169=LINE('',#16300,#3488);
#2170=LINE('',#16301,#3489);
#2171=LINE('',#16304,#3490);
#2172=LINE('',#16306,#3491);
#2173=LINE('',#16307,#3492);
#2174=LINE('',#16309,#3493);
#2175=LINE('',#16313,#3494);
#2176=LINE('',#16314,#3495);
#2177=LINE('',#16317,#3496);
#2178=LINE('',#16319,#3497);
#2179=LINE('',#16320,#3498);
#2180=LINE('',#16323,#3499);
#2181=LINE('',#16325,#3500);
#2182=LINE('',#16326,#3501);
#2183=LINE('',#16328,#3502);
#2184=LINE('',#16330,#3503);
#2185=LINE('',#16333,#3504);
#2186=LINE('',#16335,#3505);
#2187=LINE('',#16336,#3506);
#2188=LINE('',#16338,#3507);
#2189=LINE('',#16340,#3508);
#2190=LINE('',#16343,#3509);
#2191=LINE('',#16345,#3510);
#2192=LINE('',#16346,#3511);
#2193=LINE('',#16349,#3512);
#2194=LINE('',#16351,#3513);
#2195=LINE('',#16352,#3514);
#2196=LINE('',#16354,#3515);
#2197=LINE('',#16357,#3516);
#2198=LINE('',#16359,#3517);
#2199=LINE('',#16360,#3518);
#2200=LINE('',#16362,#3519);
#2201=LINE('',#16365,#3520);
#2202=LINE('',#16366,#3521);
#2203=LINE('',#16369,#3522);
#2204=LINE('',#16370,#3523);
#2205=LINE('',#16373,#3524);
#2206=LINE('',#16374,#3525);
#2207=LINE('',#16378,#3526);
#2208=LINE('',#16380,#3527);
#2209=LINE('',#16392,#3528);
#2210=LINE('',#16393,#3529);
#2211=LINE('',#16399,#3530);
#2212=LINE('',#16403,#3531);
#2213=LINE('',#16404,#3532);
#2214=LINE('',#16410,#3533);
#2215=LINE('',#16411,#3534);
#2216=LINE('',#16412,#3535);
#2217=LINE('',#16415,#3536);
#2218=LINE('',#16416,#3537);
#2219=LINE('',#16418,#3538);
#2220=LINE('',#16420,#3539);
#2221=LINE('',#16422,#3540);
#2222=LINE('',#16424,#3541);
#2223=LINE('',#16432,#3542);
#2224=LINE('',#16438,#3543);
#2225=LINE('',#16442,#3544);
#2226=LINE('',#16444,#3545);
#2227=LINE('',#16445,#3546);
#2228=LINE('',#16451,#3547);
#2229=LINE('',#16457,#3548);
#2230=LINE('',#16463,#3549);
#2231=LINE('',#16470,#3550);
#2232=LINE('',#16483,#3551);
#2233=LINE('',#16508,#3552);
#2234=LINE('',#16522,#3553);
#2235=LINE('',#16525,#3554);
#2236=LINE('',#16529,#3555);
#2237=LINE('',#16533,#3556);
#2238=LINE('',#16537,#3557);
#2239=LINE('',#16539,#3558);
#2240=LINE('',#16541,#3559);
#2241=LINE('',#16545,#3560);
#2242=LINE('',#16549,#3561);
#2243=LINE('',#16555,#3562);
#2244=LINE('',#16559,#3563);
#2245=LINE('',#16563,#3564);
#2246=LINE('',#16565,#3565);
#2247=LINE('',#16567,#3566);
#2248=LINE('',#16571,#3567);
#2249=LINE('',#16575,#3568);
#2250=LINE('',#16578,#3569);
#2251=LINE('',#16580,#3570);
#2252=LINE('',#16581,#3571);
#2253=LINE('',#16583,#3572);
#2254=LINE('',#16585,#3573);
#2255=LINE('',#16586,#3574);
#2256=LINE('',#16588,#3575);
#2257=LINE('',#16590,#3576);
#2258=LINE('',#16592,#3577);
#2259=LINE('',#16594,#3578);
#2260=LINE('',#16596,#3579);
#2261=LINE('',#16601,#3580);
#2262=LINE('',#16604,#3581);
#2263=LINE('',#16607,#3582);
#2264=LINE('',#16611,#3583);
#2265=LINE('',#16613,#3584);
#2266=LINE('',#16614,#3585);
#2267=LINE('',#16617,#3586);
#2268=LINE('',#16619,#3587);
#2269=LINE('',#16620,#3588);
#2270=LINE('',#16622,#3589);
#2271=LINE('',#16624,#3590);
#2272=LINE('',#16629,#3591);
#2273=LINE('',#16630,#3592);
#2274=LINE('',#16634,#3593);
#2275=LINE('',#16636,#3594);
#2276=LINE('',#16638,#3595);
#2277=LINE('',#16640,#3596);
#2278=LINE('',#16642,#3597);
#2279=LINE('',#16644,#3598);
#2280=LINE('',#16646,#3599);
#2281=LINE('',#16651,#3600);
#2282=LINE('',#16653,#3601);
#2283=LINE('',#16654,#3602);
#2284=LINE('',#16656,#3603);
#2285=LINE('',#16657,#3604);
#2286=LINE('',#16660,#3605);
#2287=LINE('',#16662,#3606);
#2288=LINE('',#16663,#3607);
#2289=LINE('',#16665,#3608);
#2290=LINE('',#16668,#3609);
#2291=LINE('',#16669,#3610);
#2292=LINE('',#16672,#3611);
#2293=LINE('',#16673,#3612);
#2294=LINE('',#16675,#3613);
#2295=LINE('',#16683,#3614);
#2296=LINE('',#16689,#3615);
#2297=LINE('',#16693,#3616);
#2298=LINE('',#16695,#3617);
#2299=LINE('',#16696,#3618);
#2300=LINE('',#16702,#3619);
#2301=LINE('',#16708,#3620);
#2302=LINE('',#16714,#3621);
#2303=LINE('',#16730,#3622);
#2304=LINE('',#16744,#3623);
#2305=LINE('',#16750,#3624);
#2306=LINE('',#16763,#3625);
#2307=LINE('',#16778,#3626);
#2308=LINE('',#16782,#3627);
#2309=LINE('',#16786,#3628);
#2310=LINE('',#16788,#3629);
#2311=LINE('',#16790,#3630);
#2312=LINE('',#16794,#3631);
#2313=LINE('',#16798,#3632);
#2314=LINE('',#16801,#3633);
#2315=LINE('',#16804,#3634);
#2316=LINE('',#16808,#3635);
#2317=LINE('',#16812,#3636);
#2318=LINE('',#16816,#3637);
#2319=LINE('',#16818,#3638);
#2320=LINE('',#16820,#3639);
#2321=LINE('',#16824,#3640);
#2322=LINE('',#16828,#3641);
#2323=LINE('',#16831,#3642);
#2324=LINE('',#16832,#3643);
#2325=LINE('',#16834,#3644);
#2326=LINE('',#16835,#3645);
#2327=LINE('',#16837,#3646);
#2328=LINE('',#16839,#3647);
#2329=LINE('',#16841,#3648);
#2330=LINE('',#16843,#3649);
#2331=LINE('',#16845,#3650);
#2332=LINE('',#16847,#3651);
#2333=LINE('',#16852,#3652);
#2334=LINE('',#16855,#3653);
#2335=LINE('',#16858,#3654);
#2336=LINE('',#16862,#3655);
#2337=LINE('',#16864,#3656);
#2338=LINE('',#16865,#3657);
#2339=LINE('',#16868,#3658);
#2340=LINE('',#16870,#3659);
#2341=LINE('',#16871,#3660);
#2342=LINE('',#16873,#3661);
#2343=LINE('',#16875,#3662);
#2344=LINE('',#16879,#3663);
#2345=LINE('',#16880,#3664);
#2346=LINE('',#16883,#3665);
#2347=LINE('',#16887,#3666);
#2348=LINE('',#16889,#3667);
#2349=LINE('',#16891,#3668);
#2350=LINE('',#16893,#3669);
#2351=LINE('',#16895,#3670);
#2352=LINE('',#16897,#3671);
#2353=LINE('',#16902,#3672);
#2354=LINE('',#16904,#3673);
#2355=LINE('',#16905,#3674);
#2356=LINE('',#16907,#3675);
#2357=LINE('',#16908,#3676);
#2358=LINE('',#16911,#3677);
#2359=LINE('',#16913,#3678);
#2360=LINE('',#16914,#3679);
#2361=LINE('',#16916,#3680);
#2362=LINE('',#16919,#3681);
#2363=LINE('',#16920,#3682);
#2364=LINE('',#16923,#3683);
#2365=LINE('',#16924,#3684);
#2366=LINE('',#16926,#3685);
#2367=LINE('',#16934,#3686);
#2368=LINE('',#16937,#3687);
#2369=LINE('',#16940,#3688);
#2370=LINE('',#16942,#3689);
#2371=LINE('',#16943,#3690);
#2372=LINE('',#16949,#3691);
#2373=LINE('',#16952,#3692);
#2374=LINE('',#16954,#3693);
#2375=LINE('',#16955,#3694);
#2376=LINE('',#16958,#3695);
#2377=LINE('',#16960,#3696);
#2378=LINE('',#16962,#3697);
#2379=LINE('',#16966,#3698);
#2380=LINE('',#16970,#3699);
#2381=LINE('',#16972,#3700);
#2382=LINE('',#16974,#3701);
#2383=LINE('',#16978,#3702);
#2384=LINE('',#16982,#3703);
#2385=LINE('',#16984,#3704);
#2386=LINE('',#16986,#3705);
#2387=LINE('',#16988,#3706);
#2388=LINE('',#16992,#3707);
#2389=LINE('',#16994,#3708);
#2390=LINE('',#16996,#3709);
#2391=LINE('',#16998,#3710);
#2392=LINE('',#17000,#3711);
#2393=LINE('',#17001,#3712);
#2394=LINE('',#17004,#3713);
#2395=LINE('',#17007,#3714);
#2396=LINE('',#17010,#3715);
#2397=LINE('',#17011,#3716);
#2398=LINE('',#17016,#3717);
#2399=LINE('',#17017,#3718);
#2400=LINE('',#17020,#3719);
#2401=LINE('',#17021,#3720);
#2402=LINE('',#17025,#3721);
#2403=LINE('',#17028,#3722);
#2404=LINE('',#17031,#3723);
#2405=LINE('',#17034,#3724);
#2406=LINE('',#17035,#3725);
#2407=LINE('',#17038,#3726);
#2408=LINE('',#17044,#3727);
#2409=LINE('',#17046,#3728);
#2410=LINE('',#17048,#3729);
#2411=LINE('',#17051,#3730);
#2412=LINE('',#17054,#3731);
#2413=LINE('',#17055,#3732);
#2414=LINE('',#17058,#3733);
#2415=LINE('',#17059,#3734);
#2416=LINE('',#17062,#3735);
#2417=LINE('',#17064,#3736);
#2418=LINE('',#17068,#3737);
#2419=LINE('',#17072,#3738);
#2420=LINE('',#17076,#3739);
#2421=LINE('',#17078,#3740);
#2422=LINE('',#17080,#3741);
#2423=LINE('',#17084,#3742);
#2424=LINE('',#17088,#3743);
#2425=LINE('',#17093,#3744);
#2426=LINE('',#17097,#3745);
#2427=LINE('',#17101,#3746);
#2428=LINE('',#17105,#3747);
#2429=LINE('',#17107,#3748);
#2430=LINE('',#17109,#3749);
#2431=LINE('',#17113,#3750);
#2432=LINE('',#17117,#3751);
#2433=LINE('',#17121,#3752);
#2434=LINE('',#17122,#3753);
#2435=LINE('',#17124,#3754);
#2436=LINE('',#17125,#3755);
#2437=LINE('',#17127,#3756);
#2438=LINE('',#17129,#3757);
#2439=LINE('',#17131,#3758);
#2440=LINE('',#17133,#3759);
#2441=LINE('',#17135,#3760);
#2442=LINE('',#17137,#3761);
#2443=LINE('',#17140,#3762);
#2444=LINE('',#17143,#3763);
#2445=LINE('',#17145,#3764);
#2446=LINE('',#17148,#3765);
#2447=LINE('',#17150,#3766);
#2448=LINE('',#17151,#3767);
#2449=LINE('',#17154,#3768);
#2450=LINE('',#17156,#3769);
#2451=LINE('',#17158,#3770);
#2452=LINE('',#17160,#3771);
#2453=LINE('',#17162,#3772);
#2454=LINE('',#17164,#3773);
#2455=LINE('',#17168,#3774);
#2456=LINE('',#17169,#3775);
#2457=LINE('',#17172,#3776);
#2458=LINE('',#17173,#3777);
#2459=LINE('',#17176,#3778);
#2460=LINE('',#17177,#3779);
#2461=LINE('',#17179,#3780);
#2462=LINE('',#17182,#3781);
#2463=LINE('',#17183,#3782);
#2464=LINE('',#17186,#3783);
#2465=LINE('',#17187,#3784);
#2466=LINE('',#17189,#3785);
#2467=LINE('',#17192,#3786);
#2468=LINE('',#17193,#3787);
#2469=LINE('',#17196,#3788);
#2470=LINE('',#17197,#3789);
#2471=LINE('',#17199,#3790);
#2472=LINE('',#17214,#3791);
#2473=LINE('',#17227,#3792);
#2474=LINE('',#17233,#3793);
#2475=LINE('',#17237,#3794);
#2476=LINE('',#17239,#3795);
#2477=LINE('',#17241,#3796);
#2478=LINE('',#17244,#3797);
#2479=LINE('',#17250,#3798);
#2480=LINE('',#17263,#3799);
#2481=LINE('',#17274,#3800);
#2482=LINE('',#17276,#3801);
#2483=LINE('',#17277,#3802);
#2484=LINE('',#17283,#3803);
#2485=LINE('',#17286,#3804);
#2486=LINE('',#17289,#3805);
#2487=LINE('',#17291,#3806);
#2488=LINE('',#17292,#3807);
#2489=LINE('',#17295,#3808);
#2490=LINE('',#17296,#3809);
#2491=LINE('',#17297,#3810);
#2492=LINE('',#17299,#3811);
#2493=LINE('',#17301,#3812);
#2494=LINE('',#17303,#3813);
#2495=LINE('',#17307,#3814);
#2496=LINE('',#17309,#3815);
#2497=LINE('',#17311,#3816);
#2498=LINE('',#17313,#3817);
#2499=LINE('',#17315,#3818);
#2500=LINE('',#17319,#3819);
#2501=LINE('',#17323,#3820);
#2502=LINE('',#17327,#3821);
#2503=LINE('',#17331,#3822);
#2504=LINE('',#17333,#3823);
#2505=LINE('',#17335,#3824);
#2506=LINE('',#17337,#3825);
#2507=LINE('',#17339,#3826);
#2508=LINE('',#17343,#3827);
#2509=LINE('',#17345,#3828);
#2510=LINE('',#17346,#3829);
#2511=LINE('',#17347,#3830);
#2512=LINE('',#17349,#3831);
#2513=LINE('',#17350,#3832);
#2514=LINE('',#17352,#3833);
#2515=LINE('',#17354,#3834);
#2516=LINE('',#17356,#3835);
#2517=LINE('',#17357,#3836);
#2518=LINE('',#17359,#3837);
#2519=LINE('',#17361,#3838);
#2520=LINE('',#17362,#3839);
#2521=LINE('',#17365,#3840);
#2522=LINE('',#17368,#3841);
#2523=LINE('',#17372,#3842);
#2524=LINE('',#17374,#3843);
#2525=LINE('',#17376,#3844);
#2526=LINE('',#17380,#3845);
#2527=LINE('',#17383,#3846);
#2528=LINE('',#17385,#3847);
#2529=LINE('',#17387,#3848);
#2530=LINE('',#17389,#3849);
#2531=LINE('',#17390,#3850);
#2532=LINE('',#17392,#3851);
#2533=LINE('',#17394,#3852);
#2534=LINE('',#17397,#3853);
#2535=LINE('',#17400,#3854);
#2536=LINE('',#17404,#3855);
#2537=LINE('',#17406,#3856);
#2538=LINE('',#17414,#3857);
#2539=LINE('',#17417,#3858);
#2540=LINE('',#17420,#3859);
#2541=LINE('',#17422,#3860);
#2542=LINE('',#17423,#3861);
#2543=LINE('',#17426,#3862);
#2544=LINE('',#17428,#3863);
#2545=LINE('',#17430,#3864);
#2546=LINE('',#17434,#3865);
#2547=LINE('',#17436,#3866);
#2548=LINE('',#17438,#3867);
#2549=LINE('',#17440,#3868);
#2550=LINE('',#17442,#3869);
#2551=LINE('',#17446,#3870);
#2552=LINE('',#17450,#3871);
#2553=LINE('',#17451,#3872);
#2554=LINE('',#17454,#3873);
#2555=LINE('',#17457,#3874);
#2556=LINE('',#17460,#3875);
#2557=LINE('',#17461,#3876);
#2558=LINE('',#17466,#3877);
#2559=LINE('',#17467,#3878);
#2560=LINE('',#17470,#3879);
#2561=LINE('',#17471,#3880);
#2562=LINE('',#17492,#3881);
#2563=LINE('',#17496,#3882);
#2564=LINE('',#17500,#3883);
#2565=LINE('',#17502,#3884);
#2566=LINE('',#17504,#3885);
#2567=LINE('',#17507,#3886);
#2568=LINE('',#17511,#3887);
#2569=LINE('',#17517,#3888);
#2570=LINE('',#17529,#3889);
#2571=LINE('',#17537,#3890);
#2572=LINE('',#17540,#3891);
#2573=LINE('',#17543,#3892);
#2574=LINE('',#17546,#3893);
#2575=LINE('',#17548,#3894);
#2576=LINE('',#17549,#3895);
#2577=LINE('',#17551,#3896);
#2578=LINE('',#17552,#3897);
#2579=LINE('',#17555,#3898);
#2580=LINE('',#17557,#3899);
#2581=LINE('',#17558,#3900);
#2582=LINE('',#17561,#3901);
#2583=LINE('',#17564,#3902);
#2584=LINE('',#17567,#3903);
#2585=LINE('',#17569,#3904);
#2586=LINE('',#17570,#3905);
#2587=LINE('',#17572,#3906);
#2588=LINE('',#17577,#3907);
#2589=LINE('',#17580,#3908);
#2590=LINE('',#17584,#3909);
#2591=LINE('',#17586,#3910);
#2592=LINE('',#17588,#3911);
#2593=LINE('',#17589,#3912);
#2594=LINE('',#17592,#3913);
#2595=LINE('',#17594,#3914);
#2596=LINE('',#17595,#3915);
#2597=LINE('',#17597,#3916);
#2598=LINE('',#17599,#3917);
#2599=LINE('',#17604,#3918);
#2600=LINE('',#17605,#3919);
#2601=LINE('',#17607,#3920);
#2602=LINE('',#17611,#3921);
#2603=LINE('',#17614,#3922);
#2604=LINE('',#17616,#3923);
#2605=LINE('',#17617,#3924);
#2606=LINE('',#17619,#3925);
#2607=LINE('',#17622,#3926);
#2608=LINE('',#17623,#3927);
#2609=LINE('',#17626,#3928);
#2610=LINE('',#17627,#3929);
#2611=LINE('',#17629,#3930);
#2612=LINE('',#17637,#3931);
#2613=LINE('',#17640,#3932);
#2614=LINE('',#17643,#3933);
#2615=LINE('',#17645,#3934);
#2616=LINE('',#17646,#3935);
#2617=LINE('',#17652,#3936);
#2618=LINE('',#17655,#3937);
#2619=LINE('',#17658,#3938);
#2620=LINE('',#17660,#3939);
#2621=LINE('',#17661,#3940);
#2622=LINE('',#17664,#3941);
#2623=LINE('',#17668,#3942);
#2624=LINE('',#17670,#3943);
#2625=LINE('',#17672,#3944);
#2626=LINE('',#17676,#3945);
#2627=LINE('',#17677,#3946);
#2628=LINE('',#17679,#3947);
#2629=LINE('',#17681,#3948);
#2630=LINE('',#17683,#3949);
#2631=LINE('',#17684,#3950);
#2632=LINE('',#17689,#3951);
#2633=LINE('',#17690,#3952);
#2634=LINE('',#17693,#3953);
#2635=LINE('',#17694,#3954);
#2636=LINE('',#17700,#3955);
#2637=LINE('',#17712,#3956);
#2638=LINE('',#17720,#3957);
#2639=LINE('',#17723,#3958);
#2640=LINE('',#17726,#3959);
#2641=LINE('',#17728,#3960);
#2642=LINE('',#17734,#3961);
#2643=LINE('',#17744,#3962);
#2644=LINE('',#17754,#3963);
#2645=LINE('',#17757,#3964);
#2646=LINE('',#17761,#3965);
#2647=LINE('',#17763,#3966);
#2648=LINE('',#17765,#3967);
#2649=LINE('',#17768,#3968);
#2650=LINE('',#17771,#3969);
#2651=LINE('',#17774,#3970);
#2652=LINE('',#17776,#3971);
#2653=LINE('',#17779,#3972);
#2654=LINE('',#17780,#3973);
#2655=LINE('',#17783,#3974);
#2656=LINE('',#17784,#3975);
#2657=LINE('',#17787,#3976);
#2658=LINE('',#17790,#3977);
#2659=LINE('',#17792,#3978);
#2660=LINE('',#17793,#3979);
#2661=LINE('',#17795,#3980);
#2662=LINE('',#17798,#3981);
#2663=LINE('',#17799,#3982);
#2664=LINE('',#17801,#3983);
#2665=LINE('',#17803,#3984);
#2666=LINE('',#17808,#3985);
#2667=LINE('',#17810,#3986);
#2668=LINE('',#17814,#3987);
#2669=LINE('',#17816,#3988);
#2670=LINE('',#17818,#3989);
#2671=LINE('',#17819,#3990);
#2672=LINE('',#17822,#3991);
#2673=LINE('',#17824,#3992);
#2674=LINE('',#17825,#3993);
#2675=LINE('',#17827,#3994);
#2676=LINE('',#17833,#3995);
#2677=LINE('',#17834,#3996);
#2678=LINE('',#17836,#3997);
#2679=LINE('',#17841,#3998);
#2680=LINE('',#17842,#3999);
#2681=LINE('',#17845,#4000);
#2682=LINE('',#17846,#4001);
#2683=LINE('',#17849,#4002);
#2684=LINE('',#17850,#4003);
#2685=LINE('',#17852,#4004);
#2686=LINE('',#17860,#4005);
#2687=LINE('',#17863,#4006);
#2688=LINE('',#17866,#4007);
#2689=LINE('',#17868,#4008);
#2690=LINE('',#17869,#4009);
#2691=LINE('',#17874,#4010);
#2692=LINE('',#17878,#4011);
#2693=LINE('',#17880,#4012);
#2694=LINE('',#17881,#4013);
#2695=LINE('',#17887,#4014);
#2696=LINE('',#17890,#4015);
#2697=LINE('',#17893,#4016);
#2698=LINE('',#17895,#4017);
#2699=LINE('',#17896,#4018);
#2700=LINE('',#17902,#4019);
#2701=LINE('',#17905,#4020);
#2702=LINE('',#17908,#4021);
#2703=LINE('',#17910,#4022);
#2704=LINE('',#17911,#4023);
#2705=LINE('',#17917,#4024);
#2706=LINE('',#17920,#4025);
#2707=LINE('',#17922,#4026);
#2708=LINE('',#17923,#4027);
#2709=LINE('',#17926,#4028);
#2710=LINE('',#17928,#4029);
#2711=LINE('',#17930,#4030);
#2712=LINE('',#17931,#4031);
#2713=LINE('',#17933,#4032);
#2714=LINE('',#17935,#4033);
#2715=LINE('',#17936,#4034);
#2716=LINE('',#17938,#4035);
#2717=LINE('',#17940,#4036);
#2718=LINE('',#17942,#4037);
#2719=LINE('',#17944,#4038);
#2720=LINE('',#17945,#4039);
#2721=LINE('',#17948,#4040);
#2722=LINE('',#17949,#4041);
#2723=LINE('',#17952,#4042);
#2724=LINE('',#17953,#4043);
#2725=LINE('',#17956,#4044);
#2726=LINE('',#17957,#4045);
#2727=LINE('',#17959,#4046);
#2728=LINE('',#17962,#4047);
#2729=LINE('',#17963,#4048);
#2730=LINE('',#17966,#4049);
#2731=LINE('',#17967,#4050);
#2732=LINE('',#17970,#4051);
#2733=LINE('',#17971,#4052);
#2734=LINE('',#17974,#4053);
#2735=LINE('',#17975,#4054);
#2736=LINE('',#17977,#4055);
#2737=LINE('',#17980,#4056);
#2738=LINE('',#17981,#4057);
#2739=LINE('',#17984,#4058);
#2740=LINE('',#17985,#4059);
#2741=LINE('',#17987,#4060);
#2742=LINE('',#17993,#4061);
#2743=LINE('',#17995,#4062);
#2744=LINE('',#17997,#4063);
#2745=LINE('',#17998,#4064);
#2746=LINE('',#18001,#4065);
#2747=LINE('',#18003,#4066);
#2748=LINE('',#18004,#4067);
#2749=LINE('',#18008,#4068);
#2750=LINE('',#18010,#4069);
#2751=LINE('',#18012,#4070);
#2752=LINE('',#18013,#4071);
#2753=LINE('',#18016,#4072);
#2754=LINE('',#18018,#4073);
#2755=LINE('',#18019,#4074);
#2756=LINE('',#18022,#4075);
#2757=LINE('',#18024,#4076);
#2758=LINE('',#18025,#4077);
#2759=LINE('',#18029,#4078);
#2760=LINE('',#18031,#4079);
#2761=LINE('',#18033,#4080);
#2762=LINE('',#18034,#4081);
#2763=LINE('',#18037,#4082);
#2764=LINE('',#18039,#4083);
#2765=LINE('',#18041,#4084);
#2766=LINE('',#18043,#4085);
#2767=LINE('',#18045,#4086);
#2768=LINE('',#18047,#4087);
#2769=LINE('',#18048,#4088);
#2770=LINE('',#18051,#4089);
#2771=LINE('',#18053,#4090);
#2772=LINE('',#18054,#4091);
#2773=LINE('',#18056,#4092);
#2774=LINE('',#18058,#4093);
#2775=LINE('',#18060,#4094);
#2776=LINE('',#18062,#4095);
#2777=LINE('',#18064,#4096);
#2778=LINE('',#18066,#4097);
#2779=LINE('',#18068,#4098);
#2780=LINE('',#18070,#4099);
#2781=LINE('',#18072,#4100);
#2782=LINE('',#18076,#4101);
#2783=LINE('',#18080,#4102);
#2784=LINE('',#18082,#4103);
#2785=LINE('',#18083,#4104);
#2786=LINE('',#18085,#4105);
#2787=LINE('',#18089,#4106);
#2788=LINE('',#18091,#4107);
#2789=LINE('',#18093,#4108);
#2790=LINE('',#18097,#4109);
#2791=LINE('',#18102,#4110);
#2792=LINE('',#18105,#4111);
#2793=LINE('',#18106,#4112);
#2794=LINE('',#18109,#4113);
#2795=LINE('',#18110,#4114);
#2796=LINE('',#18112,#4115);
#2797=LINE('',#18114,#4116);
#2798=LINE('',#18118,#4117);
#2799=LINE('',#18122,#4118);
#2800=LINE('',#18126,#4119);
#2801=LINE('',#18129,#4120);
#2802=LINE('',#18132,#4121);
#2803=LINE('',#18135,#4122);
#2804=LINE('',#18137,#4123);
#2805=LINE('',#18138,#4124);
#2806=LINE('',#18141,#4125);
#2807=LINE('',#18143,#4126);
#2808=LINE('',#18144,#4127);
#2809=LINE('',#18147,#4128);
#2810=LINE('',#18149,#4129);
#2811=LINE('',#18150,#4130);
#2812=LINE('',#18153,#4131);
#2813=LINE('',#18155,#4132);
#2814=LINE('',#18156,#4133);
#2815=LINE('',#18159,#4134);
#2816=LINE('',#18161,#4135);
#2817=LINE('',#18162,#4136);
#2818=LINE('',#18166,#4137);
#2819=LINE('',#18168,#4138);
#2820=LINE('',#18170,#4139);
#2821=LINE('',#18171,#4140);
#2822=LINE('',#18173,#4141);
#2823=LINE('',#18174,#4142);
#2824=LINE('',#18177,#4143);
#2825=LINE('',#18179,#4144);
#2826=LINE('',#18180,#4145);
#2827=LINE('',#18183,#4146);
#2828=LINE('',#18185,#4147);
#2829=LINE('',#18187,#4148);
#2830=LINE('',#18189,#4149);
#2831=LINE('',#18191,#4150);
#2832=LINE('',#18193,#4151);
#2833=LINE('',#18195,#4152);
#2834=LINE('',#18197,#4153);
#2835=LINE('',#18199,#4154);
#2836=LINE('',#18200,#4155);
#2837=LINE('',#18203,#4156);
#2838=LINE('',#18204,#4157);
#2839=LINE('',#18208,#4158);
#2840=LINE('',#18212,#4159);
#2841=LINE('',#18216,#4160);
#2842=LINE('',#18219,#4161);
#2843=LINE('',#18222,#4162);
#2844=LINE('',#18225,#4163);
#2845=LINE('',#18227,#4164);
#2846=LINE('',#18228,#4165);
#2847=LINE('',#18232,#4166);
#2848=LINE('',#18234,#4167);
#2849=LINE('',#18236,#4168);
#2850=LINE('',#18237,#4169);
#2851=LINE('',#18239,#4170);
#2852=LINE('',#18240,#4171);
#2853=LINE('',#18242,#4172);
#2854=LINE('',#18243,#4173);
#2855=LINE('',#18248,#4174);
#2856=LINE('',#18250,#4175);
#2857=LINE('',#18251,#4176);
#2858=LINE('',#18254,#4177);
#2859=LINE('',#18256,#4178);
#2860=LINE('',#18257,#4179);
#2861=LINE('',#18260,#4180);
#2862=LINE('',#18262,#4181);
#2863=LINE('',#18263,#4182);
#2864=LINE('',#18266,#4183);
#2865=LINE('',#18268,#4184);
#2866=LINE('',#18269,#4185);
#2867=LINE('',#18273,#4186);
#2868=LINE('',#18275,#4187);
#2869=LINE('',#18277,#4188);
#2870=LINE('',#18278,#4189);
#2871=LINE('',#18280,#4190);
#2872=LINE('',#18281,#4191);
#2873=LINE('',#18284,#4192);
#2874=LINE('',#18286,#4193);
#2875=LINE('',#18287,#4194);
#2876=LINE('',#18290,#4195);
#2877=LINE('',#18292,#4196);
#2878=LINE('',#18294,#4197);
#2879=LINE('',#18295,#4198);
#2880=LINE('',#18298,#4199);
#2881=LINE('',#18299,#4200);
#2882=LINE('',#18307,#4201);
#2883=LINE('',#18310,#4202);
#2884=LINE('',#18313,#4203);
#2885=LINE('',#18314,#4204);
#2886=LINE('',#18317,#4205);
#2887=LINE('',#18321,#4206);
#2888=LINE('',#18323,#4207);
#2889=LINE('',#18327,#4208);
#2890=LINE('',#18329,#4209);
#2891=LINE('',#18331,#4210);
#2892=LINE('',#18332,#4211);
#2893=LINE('',#18335,#4212);
#2894=LINE('',#18336,#4213);
#2895=LINE('',#18338,#4214);
#2896=LINE('',#18340,#4215);
#2897=LINE('',#18342,#4216);
#2898=LINE('',#18343,#4217);
#2899=LINE('',#18346,#4218);
#2900=LINE('',#18349,#4219);
#2901=LINE('',#18350,#4220);
#2902=LINE('',#18353,#4221);
#2903=LINE('',#18355,#4222);
#2904=LINE('',#18357,#4223);
#2905=LINE('',#18361,#4224);
#2906=LINE('',#18362,#4225);
#2907=LINE('',#18364,#4226);
#2908=LINE('',#18365,#4227);
#2909=LINE('',#18368,#4228);
#2910=LINE('',#18369,#4229);
#2911=LINE('',#18371,#4230);
#2912=LINE('',#18372,#4231);
#2913=LINE('',#18374,#4232);
#2914=LINE('',#18375,#4233);
#2915=LINE('',#18377,#4234);
#2916=LINE('',#18381,#4235);
#2917=LINE('',#18383,#4236);
#2918=LINE('',#18385,#4237);
#2919=LINE('',#18386,#4238);
#2920=LINE('',#18389,#4239);
#2921=LINE('',#18391,#4240);
#2922=LINE('',#18392,#4241);
#2923=LINE('',#18395,#4242);
#2924=LINE('',#18399,#4243);
#2925=LINE('',#18401,#4244);
#2926=LINE('',#18403,#4245);
#2927=LINE('',#18406,#4246);
#2928=LINE('',#18409,#4247);
#2929=LINE('',#18411,#4248);
#2930=LINE('',#18412,#4249);
#2931=LINE('',#18415,#4250);
#2932=LINE('',#18416,#4251);
#2933=LINE('',#18420,#4252);
#2934=LINE('',#18421,#4253);
#2935=LINE('',#18422,#4254);
#2936=LINE('',#18425,#4255);
#2937=LINE('',#18429,#4256);
#2938=LINE('',#18431,#4257);
#2939=LINE('',#18433,#4258);
#2940=LINE('',#18437,#4259);
#2941=LINE('',#18439,#4260);
#2942=LINE('',#18441,#4261);
#2943=LINE('',#18442,#4262);
#2944=LINE('',#18444,#4263);
#2945=LINE('',#18445,#4264);
#2946=LINE('',#18450,#4265);
#2947=LINE('',#18452,#4266);
#2948=LINE('',#18454,#4267);
#2949=LINE('',#18457,#4268);
#2950=LINE('',#18460,#4269);
#2951=LINE('',#18462,#4270);
#2952=LINE('',#18464,#4271);
#2953=LINE('',#18466,#4272);
#2954=LINE('',#18470,#4273);
#2955=LINE('',#18474,#4274);
#2956=LINE('',#18478,#4275);
#2957=LINE('',#18482,#4276);
#2958=LINE('',#18486,#4277);
#2959=LINE('',#18490,#4278);
#2960=LINE('',#18494,#4279);
#2961=LINE('',#18498,#4280);
#2962=LINE('',#18499,#4281);
#2963=LINE('',#18501,#4282);
#2964=LINE('',#18503,#4283);
#2965=LINE('',#18507,#4284);
#2966=LINE('',#18511,#4285);
#2967=LINE('',#18518,#4286);
#2968=LINE('',#18519,#4287);
#2969=LINE('',#18522,#4288);
#2970=LINE('',#18523,#4289);
#2971=LINE('',#18529,#4290);
#2972=LINE('',#18533,#4291);
#2973=LINE('',#18536,#4292);
#2974=LINE('',#18540,#4293);
#2975=LINE('',#18542,#4294);
#2976=LINE('',#18543,#4295);
#2977=LINE('',#18546,#4296);
#2978=LINE('',#18548,#4297);
#2979=LINE('',#18549,#4298);
#2980=LINE('',#18553,#4299);
#2981=LINE('',#18554,#4300);
#2982=LINE('',#18557,#4301);
#2983=LINE('',#18558,#4302);
#2984=LINE('',#18560,#4303);
#2985=LINE('',#18566,#4304);
#2986=LINE('',#18570,#4305);
#2987=LINE('',#18572,#4306);
#2988=LINE('',#18573,#4307);
#2989=LINE('',#18574,#4308);
#2990=LINE('',#18576,#4309);
#2991=LINE('',#18577,#4310);
#2992=LINE('',#18581,#4311);
#2993=LINE('',#18584,#4312);
#2994=LINE('',#18588,#4313);
#2995=LINE('',#18593,#4314);
#2996=LINE('',#18596,#4315);
#2997=LINE('',#18599,#4316);
#2998=LINE('',#18600,#4317);
#2999=LINE('',#18602,#4318);
#3000=LINE('',#18605,#4319);
#3001=LINE('',#18606,#4320);
#3002=LINE('',#18608,#4321);
#3003=LINE('',#18612,#4322);
#3004=LINE('',#18615,#4323);
#3005=LINE('',#18617,#4324);
#3006=LINE('',#18618,#4325);
#3007=LINE('',#18621,#4326);
#3008=LINE('',#18623,#4327);
#3009=LINE('',#18624,#4328);
#3010=LINE('',#18626,#4329);
#3011=LINE('',#18630,#4330);
#3012=LINE('',#18635,#4331);
#3013=LINE('',#18637,#4332);
#3014=LINE('',#18638,#4333);
#3015=LINE('',#18643,#4334);
#3016=LINE('',#18644,#4335);
#3017=LINE('',#18647,#4336);
#3018=LINE('',#18651,#4337);
#3019=LINE('',#18655,#4338);
#3020=LINE('',#18661,#4339);
#3021=LINE('',#18663,#4340);
#3022=LINE('',#18664,#4341);
#3023=LINE('',#18668,#4342);
#3024=LINE('',#18670,#4343);
#3025=LINE('',#18672,#4344);
#3026=LINE('',#18673,#4345);
#3027=LINE('',#18678,#4346);
#3028=LINE('',#18679,#4347);
#3029=LINE('',#18684,#4348);
#3030=LINE('',#18685,#4349);
#3031=LINE('',#18691,#4350);
#3032=LINE('',#18694,#4351);
#3033=LINE('',#18695,#4352);
#3034=LINE('',#18699,#4353);
#3035=LINE('',#18702,#4354);
#3036=LINE('',#18703,#4355);
#3037=LINE('',#18707,#4356);
#3038=LINE('',#18710,#4357);
#3039=LINE('',#18711,#4358);
#3040=LINE('',#18715,#4359);
#3041=LINE('',#18718,#4360);
#3042=LINE('',#18719,#4361);
#3043=LINE('',#18725,#4362);
#3044=LINE('',#18728,#4363);
#3045=LINE('',#18729,#4364);
#3046=LINE('',#18734,#4365);
#3047=LINE('',#18735,#4366);
#3048=LINE('',#18738,#4367);
#3049=LINE('',#18740,#4368);
#3050=LINE('',#18743,#4369);
#3051=LINE('',#18749,#4370);
#3052=LINE('',#18751,#4371);
#3053=LINE('',#18753,#4372);
#3054=LINE('',#18754,#4373);
#3055=LINE('',#18757,#4374);
#3056=LINE('',#18759,#4375);
#3057=LINE('',#18760,#4376);
#3058=LINE('',#18762,#4377);
#3059=LINE('',#18763,#4378);
#3060=LINE('',#18765,#4379);
#3061=LINE('',#18770,#4380);
#3062=LINE('',#18774,#4381);
#3063=LINE('',#18780,#4382);
#3064=LINE('',#18785,#4383);
#3065=LINE('',#18787,#4384);
#3066=LINE('',#18789,#4385);
#3067=LINE('',#18790,#4386);
#3068=LINE('',#18792,#4387);
#3069=LINE('',#18793,#4388);
#3070=LINE('',#18795,#4389);
#3071=LINE('',#18796,#4390);
#3072=VECTOR('',#12286,10.);
#3073=VECTOR('',#12287,10.);
#3074=VECTOR('',#12288,10.);
#3075=VECTOR('',#12289,10.);
#3076=VECTOR('',#12292,10.);
#3077=VECTOR('',#12293,10.);
#3078=VECTOR('',#12294,10.);
#3079=VECTOR('',#12295,10.);
#3080=VECTOR('',#12298,10.);
#3081=VECTOR('',#12299,10.);
#3082=VECTOR('',#12302,10.);
#3083=VECTOR('',#12305,10.);
#3084=VECTOR('',#12306,10.);
#3085=VECTOR('',#12307,10.);
#3086=VECTOR('',#12308,10.);
#3087=VECTOR('',#12311,10.);
#3088=VECTOR('',#12312,10.);
#3089=VECTOR('',#12313,10.);
#3090=VECTOR('',#12314,10.);
#3091=VECTOR('',#12317,10.);
#3092=VECTOR('',#12318,10.);
#3093=VECTOR('',#12321,10.);
#3094=VECTOR('',#12324,10.);
#3095=VECTOR('',#12325,10.);
#3096=VECTOR('',#12326,10.);
#3097=VECTOR('',#12327,10.);
#3098=VECTOR('',#12330,10.);
#3099=VECTOR('',#12331,10.);
#3100=VECTOR('',#12332,10.);
#3101=VECTOR('',#12333,10.);
#3102=VECTOR('',#12336,10.);
#3103=VECTOR('',#12337,10.);
#3104=VECTOR('',#12340,10.);
#3105=VECTOR('',#12341,10.);
#3106=VECTOR('',#12342,10.);
#3107=VECTOR('',#12343,10.);
#3108=VECTOR('',#12344,10.);
#3109=VECTOR('',#12345,10.);
#3110=VECTOR('',#12346,10.);
#3111=VECTOR('',#12347,10.);
#3112=VECTOR('',#12348,10.);
#3113=VECTOR('',#12351,10.);
#3114=VECTOR('',#12352,10.);
#3115=VECTOR('',#12353,10.);
#3116=VECTOR('',#12354,10.);
#3117=VECTOR('',#12355,10.);
#3118=VECTOR('',#12356,10.);
#3119=VECTOR('',#12357,10.);
#3120=VECTOR('',#12358,10.);
#3121=VECTOR('',#12361,10.);
#3122=VECTOR('',#12362,10.);
#3123=VECTOR('',#12363,10.);
#3124=VECTOR('',#12364,10.);
#3125=VECTOR('',#12365,10.);
#3126=VECTOR('',#12366,10.);
#3127=VECTOR('',#12367,10.);
#3128=VECTOR('',#12394,10.);
#3129=VECTOR('',#12395,10.);
#3130=VECTOR('',#12396,10.);
#3131=VECTOR('',#12397,10.);
#3132=VECTOR('',#12400,10.);
#3133=VECTOR('',#12407,10.);
#3134=VECTOR('',#12408,10.);
#3135=VECTOR('',#12409,10.);
#3136=VECTOR('',#12418,10.);
#3137=VECTOR('',#12421,10.);
#3138=VECTOR('',#12424,10.);
#3139=VECTOR('',#12425,10.);
#3140=VECTOR('',#12428,10.);
#3141=VECTOR('',#12431,10.);
#3142=VECTOR('',#12436,10.);
#3143=VECTOR('',#12437,10.);
#3144=VECTOR('',#12438,10.);
#3145=VECTOR('',#12439,10.);
#3146=VECTOR('',#12444,10.);
#3147=VECTOR('',#12445,10.);
#3148=VECTOR('',#12446,10.);
#3149=VECTOR('',#12447,10.);
#3150=VECTOR('',#12448,10.);
#3151=VECTOR('',#12449,10.);
#3152=VECTOR('',#12452,10.);
#3153=VECTOR('',#12457,10.);
#3154=VECTOR('',#12458,10.);
#3155=VECTOR('',#12469,10.);
#3156=VECTOR('',#12470,10.);
#3157=VECTOR('',#12475,10.);
#3158=VECTOR('',#12476,10.);
#3159=VECTOR('',#12489,10.);
#3160=VECTOR('',#12490,10.);
#3161=VECTOR('',#12491,10.);
#3162=VECTOR('',#12494,10.);
#3163=VECTOR('',#12503,10.);
#3164=VECTOR('',#12504,10.);
#3165=VECTOR('',#12505,10.);
#3166=VECTOR('',#12506,10.);
#3167=VECTOR('',#12507,10.);
#3168=VECTOR('',#12510,10.);
#3169=VECTOR('',#12511,10.);
#3170=VECTOR('',#12512,10.);
#3171=VECTOR('',#12513,10.);
#3172=VECTOR('',#12514,10.);
#3173=VECTOR('',#12515,10.);
#3174=VECTOR('',#12516,10.);
#3175=VECTOR('',#12517,10.);
#3176=VECTOR('',#12518,10.);
#3177=VECTOR('',#12519,10.);
#3178=VECTOR('',#12520,10.);
#3179=VECTOR('',#12521,10.);
#3180=VECTOR('',#12522,10.);
#3181=VECTOR('',#12523,10.);
#3182=VECTOR('',#12524,10.);
#3183=VECTOR('',#12525,10.);
#3184=VECTOR('',#12526,10.);
#3185=VECTOR('',#12529,10.);
#3186=VECTOR('',#12530,10.);
#3187=VECTOR('',#12531,10.);
#3188=VECTOR('',#12532,10.);
#3189=VECTOR('',#12535,10.);
#3190=VECTOR('',#12536,10.);
#3191=VECTOR('',#12537,10.);
#3192=VECTOR('',#12540,10.);
#3193=VECTOR('',#12541,10.);
#3194=VECTOR('',#12542,10.);
#3195=VECTOR('',#12545,10.);
#3196=VECTOR('',#12546,10.);
#3197=VECTOR('',#12547,10.);
#3198=VECTOR('',#12550,10.);
#3199=VECTOR('',#12551,10.);
#3200=VECTOR('',#12552,10.);
#3201=VECTOR('',#12555,10.);
#3202=VECTOR('',#12556,10.);
#3203=VECTOR('',#12557,10.);
#3204=VECTOR('',#12560,10.);
#3205=VECTOR('',#12561,10.);
#3206=VECTOR('',#12562,10.);
#3207=VECTOR('',#12565,10.);
#3208=VECTOR('',#12568,10.);
#3209=VECTOR('',#12569,10.);
#3210=VECTOR('',#12570,10.);
#3211=VECTOR('',#12571,10.);
#3212=VECTOR('',#12572,10.);
#3213=VECTOR('',#12573,10.);
#3214=VECTOR('',#12574,10.);
#3215=VECTOR('',#12575,10.);
#3216=VECTOR('',#12576,10.);
#3217=VECTOR('',#12577,10.);
#3218=VECTOR('',#12578,10.);
#3219=VECTOR('',#12581,10.);
#3220=VECTOR('',#12582,10.);
#3221=VECTOR('',#12583,10.);
#3222=VECTOR('',#12584,10.);
#3223=VECTOR('',#12585,10.);
#3224=VECTOR('',#12586,10.);
#3225=VECTOR('',#12587,10.);
#3226=VECTOR('',#12588,10.);
#3227=VECTOR('',#12589,10.);
#3228=VECTOR('',#12590,10.);
#3229=VECTOR('',#12591,10.);
#3230=VECTOR('',#12592,10.);
#3231=VECTOR('',#12593,10.);
#3232=VECTOR('',#12594,10.);
#3233=VECTOR('',#12595,10.);
#3234=VECTOR('',#12596,10.);
#3235=VECTOR('',#12597,10.);
#3236=VECTOR('',#12598,10.);
#3237=VECTOR('',#12599,10.);
#3238=VECTOR('',#12600,10.);
#3239=VECTOR('',#12601,10.);
#3240=VECTOR('',#12602,10.);
#3241=VECTOR('',#12603,10.);
#3242=VECTOR('',#12604,10.);
#3243=VECTOR('',#12605,10.);
#3244=VECTOR('',#12608,10.);
#3245=VECTOR('',#12611,10.);
#3246=VECTOR('',#12614,10.);
#3247=VECTOR('',#12615,10.);
#3248=VECTOR('',#12616,10.);
#3249=VECTOR('',#12619,10.);
#3250=VECTOR('',#12620,10.);
#3251=VECTOR('',#12621,10.);
#3252=VECTOR('',#12624,10.);
#3253=VECTOR('',#12625,10.);
#3254=VECTOR('',#12626,10.);
#3255=VECTOR('',#12629,10.);
#3256=VECTOR('',#12632,10.);
#3257=VECTOR('',#12633,10.);
#3258=VECTOR('',#12634,10.);
#3259=VECTOR('',#12635,10.);
#3260=VECTOR('',#12636,10.);
#3261=VECTOR('',#12639,10.);
#3262=VECTOR('',#12640,10.);
#3263=VECTOR('',#12641,10.);
#3264=VECTOR('',#12644,10.);
#3265=VECTOR('',#12645,10.);
#3266=VECTOR('',#12648,10.);
#3267=VECTOR('',#12649,10.);
#3268=VECTOR('',#12650,10.);
#3269=VECTOR('',#12651,10.);
#3270=VECTOR('',#12654,10.);
#3271=VECTOR('',#12655,10.);
#3272=VECTOR('',#12658,10.);
#3273=VECTOR('',#12659,10.);
#3274=VECTOR('',#12660,10.);
#3275=VECTOR('',#12663,10.);
#3276=VECTOR('',#12664,10.);
#3277=VECTOR('',#12665,10.);
#3278=VECTOR('',#12666,10.);
#3279=VECTOR('',#12669,10.);
#3280=VECTOR('',#12670,10.);
#3281=VECTOR('',#12673,10.);
#3282=VECTOR('',#12674,10.);
#3283=VECTOR('',#12675,10.);
#3284=VECTOR('',#12676,10.);
#3285=VECTOR('',#12679,10.);
#3286=VECTOR('',#12680,10.);
#3287=VECTOR('',#12681,10.);
#3288=VECTOR('',#12682,10.);
#3289=VECTOR('',#12683,10.);
#3290=VECTOR('',#12684,10.);
#3291=VECTOR('',#12685,10.);
#3292=VECTOR('',#12686,10.);
#3293=VECTOR('',#12687,10.);
#3294=VECTOR('',#12688,10.);
#3295=VECTOR('',#12689,10.);
#3296=VECTOR('',#12690,10.);
#3297=VECTOR('',#12691,10.);
#3298=VECTOR('',#12692,10.);
#3299=VECTOR('',#12693,10.);
#3300=VECTOR('',#12694,10.);
#3301=VECTOR('',#12695,10.);
#3302=VECTOR('',#12696,10.);
#3303=VECTOR('',#12697,10.);
#3304=VECTOR('',#12698,10.);
#3305=VECTOR('',#12701,10.);
#3306=VECTOR('',#12704,10.);
#3307=VECTOR('',#12705,10.);
#3308=VECTOR('',#12706,10.);
#3309=VECTOR('',#12707,10.);
#3310=VECTOR('',#12710,10.);
#3311=VECTOR('',#12711,10.);
#3312=VECTOR('',#12714,10.);
#3313=VECTOR('',#12715,10.);
#3314=VECTOR('',#12718,10.);
#3315=VECTOR('',#12721,10.);
#3316=VECTOR('',#12722,10.);
#3317=VECTOR('',#12725,10.);
#3318=VECTOR('',#12726,10.);
#3319=VECTOR('',#12729,10.);
#3320=VECTOR('',#12730,10.);
#3321=VECTOR('',#12733,10.);
#3322=VECTOR('',#12734,10.);
#3323=VECTOR('',#12735,10.);
#3324=VECTOR('',#12738,10.);
#3325=VECTOR('',#12739,10.);
#3326=VECTOR('',#12740,10.);
#3327=VECTOR('',#12741,10.);
#3328=VECTOR('',#12744,10.);
#3329=VECTOR('',#12747,10.);
#3330=VECTOR('',#12748,10.);
#3331=VECTOR('',#12751,10.);
#3332=VECTOR('',#12752,10.);
#3333=VECTOR('',#12755,10.);
#3334=VECTOR('',#12760,10.);
#3335=VECTOR('',#12763,10.);
#3336=VECTOR('',#12766,10.);
#3337=VECTOR('',#12767,10.);
#3338=VECTOR('',#12768,10.);
#3339=VECTOR('',#12771,10.);
#3340=VECTOR('',#12772,10.);
#3341=VECTOR('',#12775,10.);
#3342=VECTOR('',#12776,10.);
#3343=VECTOR('',#12779,10.);
#3344=VECTOR('',#12780,10.);
#3345=VECTOR('',#12783,10.);
#3346=VECTOR('',#12784,10.);
#3347=VECTOR('',#12785,10.);
#3348=VECTOR('',#12786,10.);
#3349=VECTOR('',#12789,10.);
#3350=VECTOR('',#12790,10.);
#3351=VECTOR('',#12791,10.);
#3352=VECTOR('',#12792,10.);
#3353=VECTOR('',#12793,10.);
#3354=VECTOR('',#12796,10.);
#3355=VECTOR('',#12799,10.);
#3356=VECTOR('',#12800,10.);
#3357=VECTOR('',#12803,10.);
#3358=VECTOR('',#12804,10.);
#3359=VECTOR('',#12805,10.);
#3360=VECTOR('',#12808,10.);
#3361=VECTOR('',#12809,10.);
#3362=VECTOR('',#12812,10.);
#3363=VECTOR('',#12815,10.);
#3364=VECTOR('',#12816,10.);
#3365=VECTOR('',#12817,10.);
#3366=VECTOR('',#12818,10.);
#3367=VECTOR('',#12819,10.);
#3368=VECTOR('',#12822,10.);
#3369=VECTOR('',#12825,10.);
#3370=VECTOR('',#12828,10.);
#3371=VECTOR('',#12831,10.);
#3372=VECTOR('',#12834,10.);
#3373=VECTOR('',#12835,10.);
#3374=VECTOR('',#12836,10.);
#3375=VECTOR('',#12837,10.);
#3376=VECTOR('',#12838,10.);
#3377=VECTOR('',#12839,10.);
#3378=VECTOR('',#12842,10.);
#3379=VECTOR('',#12843,10.);
#3380=VECTOR('',#12844,10.);
#3381=VECTOR('',#12845,10.);
#3382=VECTOR('',#12846,10.);
#3383=VECTOR('',#12847,10.);
#3384=VECTOR('',#12848,10.);
#3385=VECTOR('',#12849,10.);
#3386=VECTOR('',#12850,10.);
#3387=VECTOR('',#12851,10.);
#3388=VECTOR('',#12854,10.);
#3389=VECTOR('',#12855,10.);
#3390=VECTOR('',#12856,10.);
#3391=VECTOR('',#12857,10.);
#3392=VECTOR('',#12862,10.);
#3393=VECTOR('',#12863,10.);
#3394=VECTOR('',#12864,10.);
#3395=VECTOR('',#12867,10.);
#3396=VECTOR('',#12868,10.);
#3397=VECTOR('',#12869,10.);
#3398=VECTOR('',#12872,10.);
#3399=VECTOR('',#12875,10.);
#3400=VECTOR('',#12880,10.);
#3401=VECTOR('',#12883,10.);
#3402=VECTOR('',#12884,10.);
#3403=VECTOR('',#12885,10.);
#3404=VECTOR('',#12888,10.);
#3405=VECTOR('',#12889,10.);
#3406=VECTOR('',#12892,10.);
#3407=VECTOR('',#12893,10.);
#3408=VECTOR('',#12894,10.);
#3409=VECTOR('',#12899,10.);
#3410=VECTOR('',#12900,10.);
#3411=VECTOR('',#12901,10.);
#3412=VECTOR('',#12902,10.);
#3413=VECTOR('',#12905,10.);
#3414=VECTOR('',#12906,10.);
#3415=VECTOR('',#12907,10.);
#3416=VECTOR('',#12908,10.);
#3417=VECTOR('',#12911,10.);
#3418=VECTOR('',#12912,10.);
#3419=VECTOR('',#12913,10.);
#3420=VECTOR('',#12916,10.);
#3421=VECTOR('',#12917,10.);
#3422=VECTOR('',#12918,10.);
#3423=VECTOR('',#12919,10.);
#3424=VECTOR('',#12920,10.);
#3425=VECTOR('',#12921,10.);
#3426=VECTOR('',#12922,10.);
#3427=VECTOR('',#12923,10.);
#3428=VECTOR('',#12926,10.);
#3429=VECTOR('',#12927,10.);
#3430=VECTOR('',#12930,10.);
#3431=VECTOR('',#12931,10.);
#3432=VECTOR('',#12934,10.);
#3433=VECTOR('',#12935,10.);
#3434=VECTOR('',#12938,10.);
#3435=VECTOR('',#12939,10.);
#3436=VECTOR('',#12942,10.);
#3437=VECTOR('',#12943,10.);
#3438=VECTOR('',#12948,10.);
#3439=VECTOR('',#12951,10.);
#3440=VECTOR('',#12952,10.);
#3441=VECTOR('',#12953,10.);
#3442=VECTOR('',#12954,10.);
#3443=VECTOR('',#12955,10.);
#3444=VECTOR('',#12958,10.);
#3445=VECTOR('',#12959,10.);
#3446=VECTOR('',#12962,10.);
#3447=VECTOR('',#12965,10.);
#3448=VECTOR('',#12966,10.);
#3449=VECTOR('',#12969,10.);
#3450=VECTOR('',#12978,10.);
#3451=VECTOR('',#12983,10.);
#3452=VECTOR('',#12988,10.);
#3453=VECTOR('',#12989,10.);
#3454=VECTOR('',#12990,10.);
#3455=VECTOR('',#12991,10.);
#3456=VECTOR('',#12996,10.);
#3457=VECTOR('',#12997,10.);
#3458=VECTOR('',#12998,10.);
#3459=VECTOR('',#13001,10.);
#3460=VECTOR('',#13002,10.);
#3461=VECTOR('',#13003,10.);
#3462=VECTOR('',#13004,10.);
#3463=VECTOR('',#13005,10.);
#3464=VECTOR('',#13006,10.);
#3465=VECTOR('',#13007,10.);
#3466=VECTOR('',#13008,10.);
#3467=VECTOR('',#13009,10.);
#3468=VECTOR('',#13010,10.);
#3469=VECTOR('',#13013,10.);
#3470=VECTOR('',#13014,10.);
#3471=VECTOR('',#13015,10.);
#3472=VECTOR('',#13016,10.);
#3473=VECTOR('',#13019,10.);
#3474=VECTOR('',#13020,10.);
#3475=VECTOR('',#13023,10.);
#3476=VECTOR('',#13024,10.);
#3477=VECTOR('',#13025,10.);
#3478=VECTOR('',#13026,10.);
#3479=VECTOR('',#13029,10.);
#3480=VECTOR('',#13030,10.);
#3481=VECTOR('',#13033,10.);
#3482=VECTOR('',#13036,10.);
#3483=VECTOR('',#13037,10.);
#3484=VECTOR('',#13038,10.);
#3485=VECTOR('',#13039,10.);
#3486=VECTOR('',#13042,10.);
#3487=VECTOR('',#13043,10.);
#3488=VECTOR('',#13046,10.);
#3489=VECTOR('',#13047,10.);
#3490=VECTOR('',#13050,10.);
#3491=VECTOR('',#13051,10.);
#3492=VECTOR('',#13052,10.);
#3493=VECTOR('',#13055,10.);
#3494=VECTOR('',#13060,10.);
#3495=VECTOR('',#13061,10.);
#3496=VECTOR('',#13064,10.);
#3497=VECTOR('',#13065,10.);
#3498=VECTOR('',#13066,10.);
#3499=VECTOR('',#13069,10.);
#3500=VECTOR('',#13070,10.);
#3501=VECTOR('',#13071,10.);
#3502=VECTOR('',#13074,10.);
#3503=VECTOR('',#13077,10.);
#3504=VECTOR('',#13080,10.);
#3505=VECTOR('',#13081,10.);
#3506=VECTOR('',#13082,10.);
#3507=VECTOR('',#13085,10.);
#3508=VECTOR('',#13088,10.);
#3509=VECTOR('',#13091,10.);
#3510=VECTOR('',#13092,10.);
#3511=VECTOR('',#13093,10.);
#3512=VECTOR('',#13096,10.);
#3513=VECTOR('',#13097,10.);
#3514=VECTOR('',#13098,10.);
#3515=VECTOR('',#13101,10.);
#3516=VECTOR('',#13104,10.);
#3517=VECTOR('',#13105,10.);
#3518=VECTOR('',#13106,10.);
#3519=VECTOR('',#13109,10.);
#3520=VECTOR('',#13112,10.);
#3521=VECTOR('',#13113,10.);
#3522=VECTOR('',#13116,10.);
#3523=VECTOR('',#13117,10.);
#3524=VECTOR('',#13120,10.);
#3525=VECTOR('',#13121,10.);
#3526=VECTOR('',#13128,10.);
#3527=VECTOR('',#13131,10.);
#3528=VECTOR('',#13148,10.);
#3529=VECTOR('',#13149,10.);
#3530=VECTOR('',#13158,10.);
#3531=VECTOR('',#13163,10.);
#3532=VECTOR('',#13164,10.);
#3533=VECTOR('',#13173,10.);
#3534=VECTOR('',#13174,10.);
#3535=VECTOR('',#13175,10.);
#3536=VECTOR('',#13178,10.);
#3537=VECTOR('',#13179,10.);
#3538=VECTOR('',#13182,10.);
#3539=VECTOR('',#13185,10.);
#3540=VECTOR('',#13188,10.);
#3541=VECTOR('',#13191,10.);
#3542=VECTOR('',#13200,0.2);
#3543=VECTOR('',#13205,0.2);
#3544=VECTOR('',#13210,10.);
#3545=VECTOR('',#13211,10.);
#3546=VECTOR('',#13212,10.);
#3547=VECTOR('',#13217,0.2);
#3548=VECTOR('',#13222,0.2);
#3549=VECTOR('',#13229,10.);
#3550=VECTOR('',#13236,0.5);
#3551=VECTOR('',#13241,10.);
#3552=VECTOR('',#13248,0.5);
#3553=VECTOR('',#13251,10.);
#3554=VECTOR('',#13254,10.);
#3555=VECTOR('',#13257,10.);
#3556=VECTOR('',#13260,10.);
#3557=VECTOR('',#13263,10.);
#3558=VECTOR('',#13264,10.);
#3559=VECTOR('',#13265,10.);
#3560=VECTOR('',#13268,10.);
#3561=VECTOR('',#13271,10.);
#3562=VECTOR('',#13278,10.);
#3563=VECTOR('',#13281,10.);
#3564=VECTOR('',#13284,10.);
#3565=VECTOR('',#13285,10.);
#3566=VECTOR('',#13286,10.);
#3567=VECTOR('',#13289,10.);
#3568=VECTOR('',#13292,10.);
#3569=VECTOR('',#13295,10.);
#3570=VECTOR('',#13298,10.);
#3571=VECTOR('',#13299,10.);
#3572=VECTOR('',#13302,10.);
#3573=VECTOR('',#13305,10.);
#3574=VECTOR('',#13306,10.);
#3575=VECTOR('',#13309,10.);
#3576=VECTOR('',#13312,10.);
#3577=VECTOR('',#13315,10.);
#3578=VECTOR('',#13318,10.);
#3579=VECTOR('',#13321,10.);
#3580=VECTOR('',#13326,10.);
#3581=VECTOR('',#13331,10.);
#3582=VECTOR('',#13334,10.);
#3583=VECTOR('',#13339,10.);
#3584=VECTOR('',#13342,10.);
#3585=VECTOR('',#13343,10.);
#3586=VECTOR('',#13346,10.);
#3587=VECTOR('',#13347,10.);
#3588=VECTOR('',#13348,10.);
#3589=VECTOR('',#13351,10.);
#3590=VECTOR('',#13352,10.);
#3591=VECTOR('',#13359,10.);
#3592=VECTOR('',#13360,10.);
#3593=VECTOR('',#13367,10.);
#3594=VECTOR('',#13370,10.);
#3595=VECTOR('',#13373,10.);
#3596=VECTOR('',#13376,10.);
#3597=VECTOR('',#13379,10.);
#3598=VECTOR('',#13382,10.);
#3599=VECTOR('',#13385,10.);
#3600=VECTOR('',#13390,10.);
#3601=VECTOR('',#13391,10.);
#3602=VECTOR('',#13392,10.);
#3603=VECTOR('',#13393,10.);
#3604=VECTOR('',#13394,10.);
#3605=VECTOR('',#13397,10.);
#3606=VECTOR('',#13398,10.);
#3607=VECTOR('',#13399,10.);
#3608=VECTOR('',#13402,10.);
#3609=VECTOR('',#13405,10.);
#3610=VECTOR('',#13406,10.);
#3611=VECTOR('',#13409,10.);
#3612=VECTOR('',#13410,10.);
#3613=VECTOR('',#13413,10.);
#3614=VECTOR('',#13422,0.2);
#3615=VECTOR('',#13427,0.2);
#3616=VECTOR('',#13432,10.);
#3617=VECTOR('',#13433,10.);
#3618=VECTOR('',#13434,10.);
#3619=VECTOR('',#13439,0.2);
#3620=VECTOR('',#13444,0.2);
#3621=VECTOR('',#13451,10.);
#3622=VECTOR('',#13460,0.5);
#3623=VECTOR('',#13463,10.);
#3624=VECTOR('',#13468,0.5);
#3625=VECTOR('',#13473,10.);
#3626=VECTOR('',#13478,10.);
#3627=VECTOR('',#13481,10.);
#3628=VECTOR('',#13484,10.);
#3629=VECTOR('',#13485,10.);
#3630=VECTOR('',#13486,10.);
#3631=VECTOR('',#13489,10.);
#3632=VECTOR('',#13492,10.);
#3633=VECTOR('',#13495,10.);
#3634=VECTOR('',#13498,10.);
#3635=VECTOR('',#13501,10.);
#3636=VECTOR('',#13504,10.);
#3637=VECTOR('',#13507,10.);
#3638=VECTOR('',#13508,10.);
#3639=VECTOR('',#13509,10.);
#3640=VECTOR('',#13512,10.);
#3641=VECTOR('',#13515,10.);
#3642=VECTOR('',#13520,10.);
#3643=VECTOR('',#13521,10.);
#3644=VECTOR('',#13524,10.);
#3645=VECTOR('',#13525,10.);
#3646=VECTOR('',#13528,10.);
#3647=VECTOR('',#13531,10.);
#3648=VECTOR('',#13534,10.);
#3649=VECTOR('',#13537,10.);
#3650=VECTOR('',#13540,10.);
#3651=VECTOR('',#13543,10.);
#3652=VECTOR('',#13548,10.);
#3653=VECTOR('',#13553,10.);
#3654=VECTOR('',#13556,10.);
#3655=VECTOR('',#13561,10.);
#3656=VECTOR('',#13564,10.);
#3657=VECTOR('',#13565,10.);
#3658=VECTOR('',#13568,10.);
#3659=VECTOR('',#13569,10.);
#3660=VECTOR('',#13570,10.);
#3661=VECTOR('',#13573,10.);
#3662=VECTOR('',#13574,10.);
#3663=VECTOR('',#13579,10.);
#3664=VECTOR('',#13580,10.);
#3665=VECTOR('',#13585,10.);
#3666=VECTOR('',#13592,10.);
#3667=VECTOR('',#13595,10.);
#3668=VECTOR('',#13598,10.);
#3669=VECTOR('',#13601,10.);
#3670=VECTOR('',#13604,10.);
#3671=VECTOR('',#13607,10.);
#3672=VECTOR('',#13612,10.);
#3673=VECTOR('',#13613,10.);
#3674=VECTOR('',#13614,10.);
#3675=VECTOR('',#13615,10.);
#3676=VECTOR('',#13616,10.);
#3677=VECTOR('',#13619,10.);
#3678=VECTOR('',#13620,10.);
#3679=VECTOR('',#13621,10.);
#3680=VECTOR('',#13624,10.);
#3681=VECTOR('',#13627,10.);
#3682=VECTOR('',#13628,10.);
#3683=VECTOR('',#13631,10.);
#3684=VECTOR('',#13632,10.);
#3685=VECTOR('',#13635,10.);
#3686=VECTOR('',#13644,10.);
#3687=VECTOR('',#13647,10.);
#3688=VECTOR('',#13650,10.);
#3689=VECTOR('',#13651,10.);
#3690=VECTOR('',#13652,10.);
#3691=VECTOR('',#13659,10.);
#3692=VECTOR('',#13662,10.);
#3693=VECTOR('',#13663,10.);
#3694=VECTOR('',#13664,10.);
#3695=VECTOR('',#13667,10.);
#3696=VECTOR('',#13668,10.);
#3697=VECTOR('',#13669,10.);
#3698=VECTOR('',#13672,10.);
#3699=VECTOR('',#13675,10.);
#3700=VECTOR('',#13676,10.);
#3701=VECTOR('',#13677,10.);
#3702=VECTOR('',#13680,10.);
#3703=VECTOR('',#13683,10.);
#3704=VECTOR('',#13684,10.);
#3705=VECTOR('',#13685,10.);
#3706=VECTOR('',#13686,10.);
#3707=VECTOR('',#13689,10.);
#3708=VECTOR('',#13690,10.);
#3709=VECTOR('',#13691,10.);
#3710=VECTOR('',#13692,10.);
#3711=VECTOR('',#13693,10.);
#3712=VECTOR('',#13694,10.);
#3713=VECTOR('',#13697,10.);
#3714=VECTOR('',#13700,10.);
#3715=VECTOR('',#13703,10.);
#3716=VECTOR('',#13704,10.);
#3717=VECTOR('',#13709,10.);
#3718=VECTOR('',#13710,10.);
#3719=VECTOR('',#13713,10.);
#3720=VECTOR('',#13714,10.);
#3721=VECTOR('',#13719,10.);
#3722=VECTOR('',#13722,10.);
#3723=VECTOR('',#13725,10.);
#3724=VECTOR('',#13728,10.);
#3725=VECTOR('',#13729,10.);
#3726=VECTOR('',#13732,10.);
#3727=VECTOR('',#13739,10.);
#3728=VECTOR('',#13740,10.);
#3729=VECTOR('',#13741,10.);
#3730=VECTOR('',#13744,10.);
#3731=VECTOR('',#13747,10.);
#3732=VECTOR('',#13748,10.);
#3733=VECTOR('',#13751,10.);
#3734=VECTOR('',#13752,10.);
#3735=VECTOR('',#13755,10.);
#3736=VECTOR('',#13756,10.);
#3737=VECTOR('',#13759,10.);
#3738=VECTOR('',#13762,10.);
#3739=VECTOR('',#13765,10.);
#3740=VECTOR('',#13766,10.);
#3741=VECTOR('',#13767,10.);
#3742=VECTOR('',#13770,10.);
#3743=VECTOR('',#13773,10.);
#3744=VECTOR('',#13778,10.);
#3745=VECTOR('',#13781,10.);
#3746=VECTOR('',#13784,10.);
#3747=VECTOR('',#13787,10.);
#3748=VECTOR('',#13788,10.);
#3749=VECTOR('',#13789,10.);
#3750=VECTOR('',#13792,10.);
#3751=VECTOR('',#13795,10.);
#3752=VECTOR('',#13798,10.);
#3753=VECTOR('',#13799,10.);
#3754=VECTOR('',#13802,10.);
#3755=VECTOR('',#13803,10.);
#3756=VECTOR('',#13806,10.);
#3757=VECTOR('',#13809,10.);
#3758=VECTOR('',#13812,10.);
#3759=VECTOR('',#13815,10.);
#3760=VECTOR('',#13818,10.);
#3761=VECTOR('',#13821,10.);
#3762=VECTOR('',#13824,10.);
#3763=VECTOR('',#13827,10.);
#3764=VECTOR('',#13828,10.);
#3765=VECTOR('',#13833,10.);
#3766=VECTOR('',#13836,10.);
#3767=VECTOR('',#13837,10.);
#3768=VECTOR('',#13842,10.);
#3769=VECTOR('',#13845,10.);
#3770=VECTOR('',#13848,10.);
#3771=VECTOR('',#13851,10.);
#3772=VECTOR('',#13854,10.);
#3773=VECTOR('',#13857,10.);
#3774=VECTOR('',#13862,10.);
#3775=VECTOR('',#13863,10.);
#3776=VECTOR('',#13866,10.);
#3777=VECTOR('',#13867,10.);
#3778=VECTOR('',#13870,10.);
#3779=VECTOR('',#13871,10.);
#3780=VECTOR('',#13874,10.);
#3781=VECTOR('',#13877,10.);
#3782=VECTOR('',#13878,10.);
#3783=VECTOR('',#13881,10.);
#3784=VECTOR('',#13882,10.);
#3785=VECTOR('',#13885,10.);
#3786=VECTOR('',#13888,10.);
#3787=VECTOR('',#13889,10.);
#3788=VECTOR('',#13892,10.);
#3789=VECTOR('',#13893,10.);
#3790=VECTOR('',#13896,10.);
#3791=VECTOR('',#13903,10.);
#3792=VECTOR('',#13904,10.);
#3793=VECTOR('',#13911,10.);
#3794=VECTOR('',#13914,10.);
#3795=VECTOR('',#13915,10.);
#3796=VECTOR('',#13916,10.);
#3797=VECTOR('',#13919,10.);
#3798=VECTOR('',#13924,10.);
#3799=VECTOR('',#13925,10.);
#3800=VECTOR('',#13928,10.);
#3801=VECTOR('',#13929,10.);
#3802=VECTOR('',#13930,10.);
#3803=VECTOR('',#13935,10.);
#3804=VECTOR('',#13938,10.);
#3805=VECTOR('',#13941,10.);
#3806=VECTOR('',#13942,10.);
#3807=VECTOR('',#13943,10.);
#3808=VECTOR('',#13946,10.);
#3809=VECTOR('',#13947,10.);
#3810=VECTOR('',#13948,10.);
#3811=VECTOR('',#13949,10.);
#3812=VECTOR('',#13950,10.);
#3813=VECTOR('',#13951,10.);
#3814=VECTOR('',#13954,10.);
#3815=VECTOR('',#13955,10.);
#3816=VECTOR('',#13956,10.);
#3817=VECTOR('',#13957,10.);
#3818=VECTOR('',#13958,10.);
#3819=VECTOR('',#13961,10.);
#3820=VECTOR('',#13966,10.);
#3821=VECTOR('',#13971,10.);
#3822=VECTOR('',#13974,10.);
#3823=VECTOR('',#13975,10.);
#3824=VECTOR('',#13976,10.);
#3825=VECTOR('',#13977,10.);
#3826=VECTOR('',#13978,10.);
#3827=VECTOR('',#13981,10.);
#3828=VECTOR('',#13982,10.);
#3829=VECTOR('',#13983,10.);
#3830=VECTOR('',#13984,10.);
#3831=VECTOR('',#13985,10.);
#3832=VECTOR('',#13986,10.);
#3833=VECTOR('',#13989,10.);
#3834=VECTOR('',#13992,10.);
#3835=VECTOR('',#13995,10.);
#3836=VECTOR('',#13996,10.);
#3837=VECTOR('',#13999,10.);
#3838=VECTOR('',#14002,10.);
#3839=VECTOR('',#14003,10.);
#3840=VECTOR('',#14008,10.);
#3841=VECTOR('',#14011,10.);
#3842=VECTOR('',#14014,10.);
#3843=VECTOR('',#14015,10.);
#3844=VECTOR('',#14016,10.);
#3845=VECTOR('',#14019,10.);
#3846=VECTOR('',#14024,10.);
#3847=VECTOR('',#14027,10.);
#3848=VECTOR('',#14030,10.);
#3849=VECTOR('',#14033,10.);
#3850=VECTOR('',#14034,10.);
#3851=VECTOR('',#14037,10.);
#3852=VECTOR('',#14040,10.);
#3853=VECTOR('',#14045,10.);
#3854=VECTOR('',#14050,10.);
#3855=VECTOR('',#14057,10.);
#3856=VECTOR('',#14060,10.);
#3857=VECTOR('',#14069,10.);
#3858=VECTOR('',#14072,10.);
#3859=VECTOR('',#14075,10.);
#3860=VECTOR('',#14076,10.);
#3861=VECTOR('',#14077,10.);
#3862=VECTOR('',#14080,10.);
#3863=VECTOR('',#14081,10.);
#3864=VECTOR('',#14082,10.);
#3865=VECTOR('',#14085,10.);
#3866=VECTOR('',#14086,10.);
#3867=VECTOR('',#14087,10.);
#3868=VECTOR('',#14088,10.);
#3869=VECTOR('',#14089,10.);
#3870=VECTOR('',#14092,10.);
#3871=VECTOR('',#14095,10.);
#3872=VECTOR('',#14096,10.);
#3873=VECTOR('',#14099,10.);
#3874=VECTOR('',#14102,10.);
#3875=VECTOR('',#14105,10.);
#3876=VECTOR('',#14106,10.);
#3877=VECTOR('',#14111,10.);
#3878=VECTOR('',#14112,10.);
#3879=VECTOR('',#14115,10.);
#3880=VECTOR('',#14116,10.);
#3881=VECTOR('',#14121,10.);
#3882=VECTOR('',#14126,10.);
#3883=VECTOR('',#14129,10.);
#3884=VECTOR('',#14130,10.);
#3885=VECTOR('',#14131,10.);
#3886=VECTOR('',#14134,10.);
#3887=VECTOR('',#14139,10.);
#3888=VECTOR('',#14144,0.3);
#3889=VECTOR('',#14147,0.3);
#3890=VECTOR('',#14150,10.);
#3891=VECTOR('',#14153,10.);
#3892=VECTOR('',#14156,10.);
#3893=VECTOR('',#14159,10.);
#3894=VECTOR('',#14160,0.36);
#3895=VECTOR('',#14161,10.);
#3896=VECTOR('',#14164,10.);
#3897=VECTOR('',#14165,0.36);
#3898=VECTOR('',#14170,10.);
#3899=VECTOR('',#14171,10.);
#3900=VECTOR('',#14172,0.36);
#3901=VECTOR('',#14175,10.);
#3902=VECTOR('',#14180,10.);
#3903=VECTOR('',#14185,10.);
#3904=VECTOR('',#14188,10.);
#3905=VECTOR('',#14189,10.);
#3906=VECTOR('',#14192,10.);
#3907=VECTOR('',#14197,10.);
#3908=VECTOR('',#14200,10.);
#3909=VECTOR('',#14205,10.);
#3910=VECTOR('',#14206,0.36);
#3911=VECTOR('',#14207,10.);
#3912=VECTOR('',#14208,0.36);
#3913=VECTOR('',#14211,10.);
#3914=VECTOR('',#14212,0.36);
#3915=VECTOR('',#14213,10.);
#3916=VECTOR('',#14216,10.);
#3917=VECTOR('',#14219,10.);
#3918=VECTOR('',#14226,10.);
#3919=VECTOR('',#14227,10.);
#3920=VECTOR('',#14230,10.);
#3921=VECTOR('',#14237,10.);
#3922=VECTOR('',#14240,10.);
#3923=VECTOR('',#14241,10.);
#3924=VECTOR('',#14242,10.);
#3925=VECTOR('',#14245,10.);
#3926=VECTOR('',#14248,10.);
#3927=VECTOR('',#14249,10.);
#3928=VECTOR('',#14252,10.);
#3929=VECTOR('',#14253,10.);
#3930=VECTOR('',#14256,10.);
#3931=VECTOR('',#14265,10.);
#3932=VECTOR('',#14268,10.);
#3933=VECTOR('',#14271,10.);
#3934=VECTOR('',#14272,10.);
#3935=VECTOR('',#14273,10.);
#3936=VECTOR('',#14278,10.);
#3937=VECTOR('',#14281,10.);
#3938=VECTOR('',#14284,10.);
#3939=VECTOR('',#14285,10.);
#3940=VECTOR('',#14286,10.);
#3941=VECTOR('',#14289,10.);
#3942=VECTOR('',#14292,10.);
#3943=VECTOR('',#14293,10.);
#3944=VECTOR('',#14294,10.);
#3945=VECTOR('',#14297,10.);
#3946=VECTOR('',#14298,10.);
#3947=VECTOR('',#14299,10.);
#3948=VECTOR('',#14300,10.);
#3949=VECTOR('',#14301,10.);
#3950=VECTOR('',#14302,10.);
#3951=VECTOR('',#14307,10.);
#3952=VECTOR('',#14308,10.);
#3953=VECTOR('',#14311,10.);
#3954=VECTOR('',#14312,10.);
#3955=VECTOR('',#14317,10.);
#3956=VECTOR('',#14320,10.);
#3957=VECTOR('',#14323,10.);
#3958=VECTOR('',#14326,10.);
#3959=VECTOR('',#14329,10.);
#3960=VECTOR('',#14332,10.);
#3961=VECTOR('',#14337,0.3);
#3962=VECTOR('',#14340,0.3);
#3963=VECTOR('',#14343,10.);
#3964=VECTOR('',#14346,10.);
#3965=VECTOR('',#14349,10.);
#3966=VECTOR('',#14350,10.);
#3967=VECTOR('',#14351,10.);
#3968=VECTOR('',#14354,10.);
#3969=VECTOR('',#14357,10.);
#3970=VECTOR('',#14360,10.);
#3971=VECTOR('',#14363,10.);
#3972=VECTOR('',#14366,10.);
#3973=VECTOR('',#14367,0.36);
#3974=VECTOR('',#14370,10.);
#3975=VECTOR('',#14371,10.);
#3976=VECTOR('',#14374,10.);
#3977=VECTOR('',#14377,10.);
#3978=VECTOR('',#14380,10.);
#3979=VECTOR('',#14381,0.36);
#3980=VECTOR('',#14384,10.);
#3981=VECTOR('',#14389,10.);
#3982=VECTOR('',#14390,10.);
#3983=VECTOR('',#14393,0.36);
#3984=VECTOR('',#14396,10.);
#3985=VECTOR('',#14401,10.);
#3986=VECTOR('',#14404,10.);
#3987=VECTOR('',#14409,10.);
#3988=VECTOR('',#14410,0.36);
#3989=VECTOR('',#14411,10.);
#3990=VECTOR('',#14412,0.36);
#3991=VECTOR('',#14415,10.);
#3992=VECTOR('',#14416,0.36);
#3993=VECTOR('',#14417,10.);
#3994=VECTOR('',#14420,10.);
#3995=VECTOR('',#14429,10.);
#3996=VECTOR('',#14430,10.);
#3997=VECTOR('',#14433,10.);
#3998=VECTOR('',#14440,10.);
#3999=VECTOR('',#14441,10.);
#4000=VECTOR('',#14444,10.);
#4001=VECTOR('',#14445,10.);
#4002=VECTOR('',#14448,10.);
#4003=VECTOR('',#14449,10.);
#4004=VECTOR('',#14452,10.);
#4005=VECTOR('',#14461,10.);
#4006=VECTOR('',#14464,10.);
#4007=VECTOR('',#14467,10.);
#4008=VECTOR('',#14468,10.);
#4009=VECTOR('',#14469,10.);
#4010=VECTOR('',#14474,10.);
#4011=VECTOR('',#14479,10.);
#4012=VECTOR('',#14480,10.);
#4013=VECTOR('',#14481,10.);
#4014=VECTOR('',#14486,10.);
#4015=VECTOR('',#14489,10.);
#4016=VECTOR('',#14492,10.);
#4017=VECTOR('',#14493,10.);
#4018=VECTOR('',#14494,10.);
#4019=VECTOR('',#14499,10.);
#4020=VECTOR('',#14502,10.);
#4021=VECTOR('',#14505,10.);
#4022=VECTOR('',#14506,10.);
#4023=VECTOR('',#14507,10.);
#4024=VECTOR('',#14514,10.);
#4025=VECTOR('',#14517,10.);
#4026=VECTOR('',#14518,10.);
#4027=VECTOR('',#14519,10.);
#4028=VECTOR('',#14522,10.);
#4029=VECTOR('',#14523,10.);
#4030=VECTOR('',#14524,10.);
#4031=VECTOR('',#14525,10.);
#4032=VECTOR('',#14526,10.);
#4033=VECTOR('',#14527,10.);
#4034=VECTOR('',#14528,10.);
#4035=VECTOR('',#14529,10.);
#4036=VECTOR('',#14530,10.);
#4037=VECTOR('',#14531,10.);
#4038=VECTOR('',#14532,10.);
#4039=VECTOR('',#14533,10.);
#4040=VECTOR('',#14536,10.);
#4041=VECTOR('',#14537,10.);
#4042=VECTOR('',#14540,10.);
#4043=VECTOR('',#14541,10.);
#4044=VECTOR('',#14544,10.);
#4045=VECTOR('',#14545,10.);
#4046=VECTOR('',#14548,10.);
#4047=VECTOR('',#14551,10.);
#4048=VECTOR('',#14552,10.);
#4049=VECTOR('',#14555,10.);
#4050=VECTOR('',#14556,10.);
#4051=VECTOR('',#14559,10.);
#4052=VECTOR('',#14560,10.);
#4053=VECTOR('',#14563,10.);
#4054=VECTOR('',#14564,10.);
#4055=VECTOR('',#14567,10.);
#4056=VECTOR('',#14570,10.);
#4057=VECTOR('',#14571,10.);
#4058=VECTOR('',#14574,10.);
#4059=VECTOR('',#14575,10.);
#4060=VECTOR('',#14578,10.);
#4061=VECTOR('',#14585,10.);
#4062=VECTOR('',#14586,10.);
#4063=VECTOR('',#14587,10.);
#4064=VECTOR('',#14588,10.);
#4065=VECTOR('',#14591,10.);
#4066=VECTOR('',#14592,10.);
#4067=VECTOR('',#14593,10.);
#4068=VECTOR('',#14596,10.);
#4069=VECTOR('',#14597,10.);
#4070=VECTOR('',#14598,10.);
#4071=VECTOR('',#14599,10.);
#4072=VECTOR('',#14602,10.);
#4073=VECTOR('',#14603,10.);
#4074=VECTOR('',#14604,10.);
#4075=VECTOR('',#14607,10.);
#4076=VECTOR('',#14608,10.);
#4077=VECTOR('',#14609,10.);
#4078=VECTOR('',#14612,10.);
#4079=VECTOR('',#14613,10.);
#4080=VECTOR('',#14614,10.);
#4081=VECTOR('',#14615,10.);
#4082=VECTOR('',#14618,10.);
#4083=VECTOR('',#14619,10.);
#4084=VECTOR('',#14620,10.);
#4085=VECTOR('',#14621,10.);
#4086=VECTOR('',#14622,10.);
#4087=VECTOR('',#14623,10.);
#4088=VECTOR('',#14624,10.);
#4089=VECTOR('',#14627,10.);
#4090=VECTOR('',#14628,10.);
#4091=VECTOR('',#14629,10.);
#4092=VECTOR('',#14630,10.);
#4093=VECTOR('',#14631,10.);
#4094=VECTOR('',#14632,10.);
#4095=VECTOR('',#14633,10.);
#4096=VECTOR('',#14634,10.);
#4097=VECTOR('',#14635,10.);
#4098=VECTOR('',#14636,10.);
#4099=VECTOR('',#14637,10.);
#4100=VECTOR('',#14638,10.);
#4101=VECTOR('',#14641,10.);
#4102=VECTOR('',#14644,10.);
#4103=VECTOR('',#14645,10.);
#4104=VECTOR('',#14646,10.);
#4105=VECTOR('',#14649,10.);
#4106=VECTOR('',#14652,10.);
#4107=VECTOR('',#14653,10.);
#4108=VECTOR('',#14654,10.);
#4109=VECTOR('',#14659,10.);
#4110=VECTOR('',#14666,10.);
#4111=VECTOR('',#14669,10.);
#4112=VECTOR('',#14670,10.);
#4113=VECTOR('',#14673,10.);
#4114=VECTOR('',#14674,10.);
#4115=VECTOR('',#14677,10.);
#4116=VECTOR('',#14680,10.);
#4117=VECTOR('',#14683,10.);
#4118=VECTOR('',#14686,10.);
#4119=VECTOR('',#14691,10.);
#4120=VECTOR('',#14694,10.);
#4121=VECTOR('',#14697,10.);
#4122=VECTOR('',#14700,10.);
#4123=VECTOR('',#14703,10.);
#4124=VECTOR('',#14704,10.);
#4125=VECTOR('',#14707,10.);
#4126=VECTOR('',#14708,10.);
#4127=VECTOR('',#14709,10.);
#4128=VECTOR('',#14712,10.);
#4129=VECTOR('',#14713,10.);
#4130=VECTOR('',#14714,10.);
#4131=VECTOR('',#14717,10.);
#4132=VECTOR('',#14718,10.);
#4133=VECTOR('',#14719,10.);
#4134=VECTOR('',#14722,10.);
#4135=VECTOR('',#14723,10.);
#4136=VECTOR('',#14724,10.);
#4137=VECTOR('',#14727,10.);
#4138=VECTOR('',#14728,10.);
#4139=VECTOR('',#14729,10.);
#4140=VECTOR('',#14730,10.);
#4141=VECTOR('',#14733,10.);
#4142=VECTOR('',#14734,10.);
#4143=VECTOR('',#14737,10.);
#4144=VECTOR('',#14738,10.);
#4145=VECTOR('',#14739,0.216);
#4146=VECTOR('',#14742,10.);
#4147=VECTOR('',#14743,10.);
#4148=VECTOR('',#14744,10.);
#4149=VECTOR('',#14745,10.);
#4150=VECTOR('',#14746,10.);
#4151=VECTOR('',#14747,10.);
#4152=VECTOR('',#14748,10.);
#4153=VECTOR('',#14749,10.);
#4154=VECTOR('',#14750,0.216);
#4155=VECTOR('',#14751,10.);
#4156=VECTOR('',#14754,0.216);
#4157=VECTOR('',#14755,10.);
#4158=VECTOR('',#14758,10.);
#4159=VECTOR('',#14761,10.);
#4160=VECTOR('',#14766,10.);
#4161=VECTOR('',#14769,10.);
#4162=VECTOR('',#14772,10.);
#4163=VECTOR('',#14775,10.);
#4164=VECTOR('',#14778,10.);
#4165=VECTOR('',#14779,10.);
#4166=VECTOR('',#14782,10.);
#4167=VECTOR('',#14783,10.);
#4168=VECTOR('',#14784,10.);
#4169=VECTOR('',#14785,10.);
#4170=VECTOR('',#14788,10.);
#4171=VECTOR('',#14789,10.);
#4172=VECTOR('',#14792,10.);
#4173=VECTOR('',#14793,10.);
#4174=VECTOR('',#14800,10.);
#4175=VECTOR('',#14801,10.);
#4176=VECTOR('',#14802,10.);
#4177=VECTOR('',#14805,10.);
#4178=VECTOR('',#14806,10.);
#4179=VECTOR('',#14807,10.);
#4180=VECTOR('',#14810,10.);
#4181=VECTOR('',#14811,10.);
#4182=VECTOR('',#14812,10.);
#4183=VECTOR('',#14815,10.);
#4184=VECTOR('',#14816,10.);
#4185=VECTOR('',#14817,10.);
#4186=VECTOR('',#14820,10.);
#4187=VECTOR('',#14821,10.);
#4188=VECTOR('',#14822,10.);
#4189=VECTOR('',#14823,10.);
#4190=VECTOR('',#14826,10.);
#4191=VECTOR('',#14827,10.);
#4192=VECTOR('',#14830,10.);
#4193=VECTOR('',#14831,10.);
#4194=VECTOR('',#14832,10.);
#4195=VECTOR('',#14835,10.);
#4196=VECTOR('',#14836,10.);
#4197=VECTOR('',#14837,10.);
#4198=VECTOR('',#14838,0.216);
#4199=VECTOR('',#14841,10.);
#4200=VECTOR('',#14842,10.);
#4201=VECTOR('',#14851,10.);
#4202=VECTOR('',#14854,10.);
#4203=VECTOR('',#14857,10.);
#4204=VECTOR('',#14858,10.);
#4205=VECTOR('',#14861,10.);
#4206=VECTOR('',#14866,10.);
#4207=VECTOR('',#14867,10.);
#4208=VECTOR('',#14870,10.);
#4209=VECTOR('',#14871,10.);
#4210=VECTOR('',#14872,10.);
#4211=VECTOR('',#14873,10.);
#4212=VECTOR('',#14876,10.);
#4213=VECTOR('',#14877,10.);
#4214=VECTOR('',#14878,10.);
#4215=VECTOR('',#14879,10.);
#4216=VECTOR('',#14880,10.);
#4217=VECTOR('',#14881,0.216);
#4218=VECTOR('',#14884,10.);
#4219=VECTOR('',#14887,10.);
#4220=VECTOR('',#14888,10.);
#4221=VECTOR('',#14891,10.);
#4222=VECTOR('',#14892,10.);
#4223=VECTOR('',#14893,10.);
#4224=VECTOR('',#14896,10.);
#4225=VECTOR('',#14897,10.);
#4226=VECTOR('',#14900,10.);
#4227=VECTOR('',#14901,10.);
#4228=VECTOR('',#14904,10.);
#4229=VECTOR('',#14905,10.);
#4230=VECTOR('',#14908,10.);
#4231=VECTOR('',#14909,10.);
#4232=VECTOR('',#14912,10.);
#4233=VECTOR('',#14913,10.);
#4234=VECTOR('',#14916,10.);
#4235=VECTOR('',#14919,10.);
#4236=VECTOR('',#14920,10.);
#4237=VECTOR('',#14921,10.);
#4238=VECTOR('',#14922,10.);
#4239=VECTOR('',#14925,10.);
#4240=VECTOR('',#14926,10.);
#4241=VECTOR('',#14927,10.);
#4242=VECTOR('',#14930,10.);
#4243=VECTOR('',#14933,10.);
#4244=VECTOR('',#14934,10.);
#4245=VECTOR('',#14935,10.);
#4246=VECTOR('',#14938,10.);
#4247=VECTOR('',#14941,10.);
#4248=VECTOR('',#14942,10.);
#4249=VECTOR('',#14943,10.);
#4250=VECTOR('',#14946,10.);
#4251=VECTOR('',#14947,10.);
#4252=VECTOR('',#14950,10.);
#4253=VECTOR('',#14951,10.);
#4254=VECTOR('',#14952,10.);
#4255=VECTOR('',#14955,10.);
#4256=VECTOR('',#14958,10.);
#4257=VECTOR('',#14959,10.);
#4258=VECTOR('',#14960,10.);
#4259=VECTOR('',#14965,10.);
#4260=VECTOR('',#14966,10.);
#4261=VECTOR('',#14967,10.);
#4262=VECTOR('',#14968,10.);
#4263=VECTOR('',#14971,10.);
#4264=VECTOR('',#14972,10.);
#4265=VECTOR('',#14977,10.);
#4266=VECTOR('',#14978,10.);
#4267=VECTOR('',#14979,10.);
#4268=VECTOR('',#14984,10.);
#4269=VECTOR('',#14987,10.);
#4270=VECTOR('',#14988,10.);
#4271=VECTOR('',#14989,10.);
#4272=VECTOR('',#14990,10.);
#4273=VECTOR('',#14993,10.);
#4274=VECTOR('',#14996,10.);
#4275=VECTOR('',#14999,10.);
#4276=VECTOR('',#15002,10.);
#4277=VECTOR('',#15005,10.);
#4278=VECTOR('',#15008,10.);
#4279=VECTOR('',#15011,10.);
#4280=VECTOR('',#15014,10.);
#4281=VECTOR('',#15015,10.);
#4282=VECTOR('',#15016,10.);
#4283=VECTOR('',#15017,10.);
#4284=VECTOR('',#15020,10.);
#4285=VECTOR('',#15023,10.);
#4286=VECTOR('',#15030,10.);
#4287=VECTOR('',#15031,10.);
#4288=VECTOR('',#15034,10.);
#4289=VECTOR('',#15035,10.);
#4290=VECTOR('',#15042,10.);
#4291=VECTOR('',#15047,10.);
#4292=VECTOR('',#15050,10.);
#4293=VECTOR('',#15055,10.);
#4294=VECTOR('',#15058,10.);
#4295=VECTOR('',#15059,10.);
#4296=VECTOR('',#15062,10.);
#4297=VECTOR('',#15063,10.);
#4298=VECTOR('',#15064,10.);
#4299=VECTOR('',#15069,10.);
#4300=VECTOR('',#15070,10.);
#4301=VECTOR('',#15073,10.);
#4302=VECTOR('',#15074,10.);
#4303=VECTOR('',#15077,10.);
#4304=VECTOR('',#15084,10.);
#4305=VECTOR('',#15089,10.);
#4306=VECTOR('',#15090,0.216);
#4307=VECTOR('',#15091,10.);
#4308=VECTOR('',#15092,10.);
#4309=VECTOR('',#15095,10.);
#4310=VECTOR('',#15096,10.);
#4311=VECTOR('',#15101,10.);
#4312=VECTOR('',#15104,10.);
#4313=VECTOR('',#15111,10.);
#4314=VECTOR('',#15118,10.);
#4315=VECTOR('',#15121,10.);
#4316=VECTOR('',#15126,10.);
#4317=VECTOR('',#15127,10.);
#4318=VECTOR('',#15130,10.);
#4319=VECTOR('',#15133,10.);
#4320=VECTOR('',#15134,0.215999999999999);
#4321=VECTOR('',#15137,10.);
#4322=VECTOR('',#15144,10.);
#4323=VECTOR('',#15147,10.);
#4324=VECTOR('',#15148,10.);
#4325=VECTOR('',#15149,10.);
#4326=VECTOR('',#15152,10.);
#4327=VECTOR('',#15153,10.);
#4328=VECTOR('',#15154,10.);
#4329=VECTOR('',#15157,10.);
#4330=VECTOR('',#15162,10.);
#4331=VECTOR('',#15169,10.);
#4332=VECTOR('',#15170,10.);
#4333=VECTOR('',#15171,10.);
#4334=VECTOR('',#15176,10.);
#4335=VECTOR('',#15177,10.);
#4336=VECTOR('',#15180,10.);
#4337=VECTOR('',#15187,0.216);
#4338=VECTOR('',#15194,10.);
#4339=VECTOR('',#15203,10.);
#4340=VECTOR('',#15204,10.);
#4341=VECTOR('',#15205,10.);
#4342=VECTOR('',#15210,10.);
#4343=VECTOR('',#15213,10.);
#4344=VECTOR('',#15214,10.);
#4345=VECTOR('',#15215,10.);
#4346=VECTOR('',#15222,10.);
#4347=VECTOR('',#15223,10.);
#4348=VECTOR('',#15230,10.);
#4349=VECTOR('',#15231,10.);
#4350=VECTOR('',#15240,10.);
#4351=VECTOR('',#15243,10.);
#4352=VECTOR('',#15244,10.);
#4353=VECTOR('',#15249,10.);
#4354=VECTOR('',#15252,10.);
#4355=VECTOR('',#15253,10.);
#4356=VECTOR('',#15258,10.);
#4357=VECTOR('',#15261,10.);
#4358=VECTOR('',#15262,10.);
#4359=VECTOR('',#15267,10.);
#4360=VECTOR('',#15270,10.);
#4361=VECTOR('',#15271,10.);
#4362=VECTOR('',#15280,10.);
#4363=VECTOR('',#15283,10.);
#4364=VECTOR('',#15284,10.);
#4365=VECTOR('',#15291,10.);
#4366=VECTOR('',#15292,10.);
#4367=VECTOR('',#15297,10.);
#4368=VECTOR('',#15300,10.);
#4369=VECTOR('',#15303,10.);
#4370=VECTOR('',#15310,10.);
#4371=VECTOR('',#15311,0.216);
#4372=VECTOR('',#15312,10.);
#4373=VECTOR('',#15313,10.);
#4374=VECTOR('',#15316,10.);
#4375=VECTOR('',#15317,10.);
#4376=VECTOR('',#15318,10.);
#4377=VECTOR('',#15321,10.);
#4378=VECTOR('',#15322,0.216);
#4379=VECTOR('',#15325,10.);
#4380=VECTOR('',#15334,0.216);
#4381=VECTOR('',#15341,10.);
#4382=VECTOR('',#15352,10.);
#4383=VECTOR('',#15357,10.);
#4384=VECTOR('',#15358,10.);
#4385=VECTOR('',#15359,10.);
#4386=VECTOR('',#15360,10.);
#4387=VECTOR('',#15363,10.);
#4388=VECTOR('',#15364,10.);
#4389=VECTOR('',#15367,10.);
#4390=VECTOR('',#15368,10.);
#4391=VERTEX_POINT('',#15398);
#4392=VERTEX_POINT('',#15399);
#4393=VERTEX_POINT('',#15401);
#4394=VERTEX_POINT('',#15403);
#4395=VERTEX_POINT('',#15407);
#4396=VERTEX_POINT('',#15408);
#4397=VERTEX_POINT('',#15410);
#4398=VERTEX_POINT('',#15412);
#4399=VERTEX_POINT('',#15421);
#4400=VERTEX_POINT('',#15422);
#4401=VERTEX_POINT('',#15424);
#4402=VERTEX_POINT('',#15426);
#4403=VERTEX_POINT('',#15430);
#4404=VERTEX_POINT('',#15431);
#4405=VERTEX_POINT('',#15433);
#4406=VERTEX_POINT('',#15435);
#4407=VERTEX_POINT('',#15444);
#4408=VERTEX_POINT('',#15445);
#4409=VERTEX_POINT('',#15447);
#4410=VERTEX_POINT('',#15449);
#4411=VERTEX_POINT('',#15453);
#4412=VERTEX_POINT('',#15454);
#4413=VERTEX_POINT('',#15456);
#4414=VERTEX_POINT('',#15458);
#4415=VERTEX_POINT('',#15465);
#4416=VERTEX_POINT('',#15467);
#4417=VERTEX_POINT('',#15469);
#4418=VERTEX_POINT('',#15471);
#4419=VERTEX_POINT('',#15473);
#4420=VERTEX_POINT('',#15475);
#4421=VERTEX_POINT('',#15477);
#4422=VERTEX_POINT('',#15479);
#4423=VERTEX_POINT('',#15483);
#4424=VERTEX_POINT('',#15485);
#4425=VERTEX_POINT('',#15487);
#4426=VERTEX_POINT('',#15489);
#4427=VERTEX_POINT('',#15491);
#4428=VERTEX_POINT('',#15493);
#4429=VERTEX_POINT('',#15495);
#4430=VERTEX_POINT('',#15497);
#4431=VERTEX_POINT('',#15499);
#4432=VERTEX_POINT('',#15501);
#4433=VERTEX_POINT('',#15503);
#4434=VERTEX_POINT('',#15505);
#4435=VERTEX_POINT('',#15507);
#4436=VERTEX_POINT('',#15509);
#4437=VERTEX_POINT('',#15511);
#4438=VERTEX_POINT('',#15515);
#4439=VERTEX_POINT('',#15517);
#4440=VERTEX_POINT('',#15520);
#4441=VERTEX_POINT('',#15524);
#4442=VERTEX_POINT('',#15526);
#4443=VERTEX_POINT('',#15529);
#4444=VERTEX_POINT('',#15533);
#4445=VERTEX_POINT('',#15534);
#4446=VERTEX_POINT('',#15536);
#4447=VERTEX_POINT('',#15538);
#4448=VERTEX_POINT('',#15542);
#4449=VERTEX_POINT('',#15543);
#4450=VERTEX_POINT('',#15548);
#4451=VERTEX_POINT('',#15549);
#4452=VERTEX_POINT('',#15557);
#4453=VERTEX_POINT('',#15559);
#4454=VERTEX_POINT('',#15563);
#4455=VERTEX_POINT('',#15567);
#4456=VERTEX_POINT('',#15568);
#4457=VERTEX_POINT('',#15570);
#4458=VERTEX_POINT('',#15572);
#4459=VERTEX_POINT('',#15576);
#4460=VERTEX_POINT('',#15577);
#4461=VERTEX_POINT('',#15579);
#4462=VERTEX_POINT('',#15581);
#4463=VERTEX_POINT('',#15585);
#4464=VERTEX_POINT('',#15587);
#4465=VERTEX_POINT('',#15589);
#4466=VERTEX_POINT('',#15591);
#4467=VERTEX_POINT('',#15593);
#4468=VERTEX_POINT('',#15595);
#4469=VERTEX_POINT('',#15599);
#4470=VERTEX_POINT('',#15603);
#4471=VERTEX_POINT('',#15610);
#4472=VERTEX_POINT('',#15612);
#4473=VERTEX_POINT('',#15616);
#4474=VERTEX_POINT('',#15618);
#4475=VERTEX_POINT('',#15627);
#4476=VERTEX_POINT('',#15629);
#4477=VERTEX_POINT('',#15633);
#4478=VERTEX_POINT('',#15635);
#4479=VERTEX_POINT('',#15637);
#4480=VERTEX_POINT('',#15641);
#4481=VERTEX_POINT('',#15643);
#4482=VERTEX_POINT('',#15645);
#4483=VERTEX_POINT('',#15647);
#4484=VERTEX_POINT('',#15651);
#4485=VERTEX_POINT('',#15653);
#4486=VERTEX_POINT('',#15655);
#4487=VERTEX_POINT('',#15657);
#4488=VERTEX_POINT('',#15659);
#4489=VERTEX_POINT('',#15661);
#4490=VERTEX_POINT('',#15663);
#4491=VERTEX_POINT('',#15665);
#4492=VERTEX_POINT('',#15668);
#4493=VERTEX_POINT('',#15670);
#4494=VERTEX_POINT('',#15672);
#4495=VERTEX_POINT('',#15674);
#4496=VERTEX_POINT('',#15676);
#4497=VERTEX_POINT('',#15678);
#4498=VERTEX_POINT('',#15680);
#4499=VERTEX_POINT('',#15684);
#4500=VERTEX_POINT('',#15685);
#4501=VERTEX_POINT('',#15687);
#4502=VERTEX_POINT('',#15689);
#4503=VERTEX_POINT('',#15693);
#4504=VERTEX_POINT('',#15695);
#4505=VERTEX_POINT('',#15699);
#4506=VERTEX_POINT('',#15701);
#4507=VERTEX_POINT('',#15705);
#4508=VERTEX_POINT('',#15707);
#4509=VERTEX_POINT('',#15711);
#4510=VERTEX_POINT('',#15713);
#4511=VERTEX_POINT('',#15717);
#4512=VERTEX_POINT('',#15719);
#4513=VERTEX_POINT('',#15723);
#4514=VERTEX_POINT('',#15725);
#4515=VERTEX_POINT('',#15731);
#4516=VERTEX_POINT('',#15733);
#4517=VERTEX_POINT('',#15736);
#4518=VERTEX_POINT('',#15738);
#4519=VERTEX_POINT('',#15740);
#4520=VERTEX_POINT('',#15742);
#4521=VERTEX_POINT('',#15744);
#4522=VERTEX_POINT('',#15746);
#4523=VERTEX_POINT('',#15751);
#4524=VERTEX_POINT('',#15752);
#4525=VERTEX_POINT('',#15754);
#4526=VERTEX_POINT('',#15757);
#4527=VERTEX_POINT('',#15759);
#4528=VERTEX_POINT('',#15761);
#4529=VERTEX_POINT('',#15763);
#4530=VERTEX_POINT('',#15765);
#4531=VERTEX_POINT('',#15768);
#4532=VERTEX_POINT('',#15769);
#4533=VERTEX_POINT('',#15771);
#4534=VERTEX_POINT('',#15773);
#4535=VERTEX_POINT('',#15775);
#4536=VERTEX_POINT('',#15777);
#4537=VERTEX_POINT('',#15779);
#4538=VERTEX_POINT('',#15781);
#4539=VERTEX_POINT('',#15784);
#4540=VERTEX_POINT('',#15785);
#4541=VERTEX_POINT('',#15787);
#4542=VERTEX_POINT('',#15789);
#4543=VERTEX_POINT('',#15791);
#4544=VERTEX_POINT('',#15793);
#4545=VERTEX_POINT('',#15795);
#4546=VERTEX_POINT('',#15797);
#4547=VERTEX_POINT('',#15805);
#4548=VERTEX_POINT('',#15806);
#4549=VERTEX_POINT('',#15811);
#4550=VERTEX_POINT('',#15813);
#4551=VERTEX_POINT('',#15817);
#4552=VERTEX_POINT('',#15819);
#4553=VERTEX_POINT('',#15826);
#4554=VERTEX_POINT('',#15828);
#4555=VERTEX_POINT('',#15830);
#4556=VERTEX_POINT('',#15834);
#4557=VERTEX_POINT('',#15836);
#4558=VERTEX_POINT('',#15840);
#4559=VERTEX_POINT('',#15844);
#4560=VERTEX_POINT('',#15846);
#4561=VERTEX_POINT('',#15848);
#4562=VERTEX_POINT('',#15852);
#4563=VERTEX_POINT('',#15856);
#4564=VERTEX_POINT('',#15858);
#4565=VERTEX_POINT('',#15862);
#4566=VERTEX_POINT('',#15864);
#4567=VERTEX_POINT('',#15866);
#4568=VERTEX_POINT('',#15870);
#4569=VERTEX_POINT('',#15874);
#4570=VERTEX_POINT('',#15876);
#4571=VERTEX_POINT('',#15878);
#4572=VERTEX_POINT('',#15882);
#4573=VERTEX_POINT('',#15884);
#4574=VERTEX_POINT('',#15886);
#4575=VERTEX_POINT('',#15888);
#4576=VERTEX_POINT('',#15890);
#4577=VERTEX_POINT('',#15892);
#4578=VERTEX_POINT('',#15894);
#4579=VERTEX_POINT('',#15896);
#4580=VERTEX_POINT('',#15898);
#4581=VERTEX_POINT('',#15900);
#4582=VERTEX_POINT('',#15902);
#4583=VERTEX_POINT('',#15904);
#4584=VERTEX_POINT('',#15906);
#4585=VERTEX_POINT('',#15908);
#4586=VERTEX_POINT('',#15910);
#4587=VERTEX_POINT('',#15912);
#4588=VERTEX_POINT('',#15914);
#4589=VERTEX_POINT('',#15916);
#4590=VERTEX_POINT('',#15918);
#4591=VERTEX_POINT('',#15924);
#4592=VERTEX_POINT('',#15926);
#4593=VERTEX_POINT('',#15928);
#4594=VERTEX_POINT('',#15932);
#4595=VERTEX_POINT('',#15936);
#4596=VERTEX_POINT('',#15942);
#4597=VERTEX_POINT('',#15946);
#4598=VERTEX_POINT('',#15950);
#4599=VERTEX_POINT('',#15954);
#4600=VERTEX_POINT('',#15956);
#4601=VERTEX_POINT('',#15960);
#4602=VERTEX_POINT('',#15962);
#4603=VERTEX_POINT('',#15964);
#4604=VERTEX_POINT('',#15970);
#4605=VERTEX_POINT('',#15974);
#4606=VERTEX_POINT('',#15985);
#4607=VERTEX_POINT('',#15987);
#4608=VERTEX_POINT('',#15991);
#4609=VERTEX_POINT('',#15995);
#4610=VERTEX_POINT('',#15999);
#4611=VERTEX_POINT('',#16003);
#4612=VERTEX_POINT('',#16005);
#4613=VERTEX_POINT('',#16007);
#4614=VERTEX_POINT('',#16011);
#4615=VERTEX_POINT('',#16013);
#4616=VERTEX_POINT('',#16015);
#4617=VERTEX_POINT('',#16017);
#4618=VERTEX_POINT('',#16026);
#4619=VERTEX_POINT('',#16028);
#4620=VERTEX_POINT('',#16032);
#4621=VERTEX_POINT('',#16038);
#4622=VERTEX_POINT('',#16040);
#4623=VERTEX_POINT('',#16042);
#4624=VERTEX_POINT('',#16044);
#4625=VERTEX_POINT('',#16057);
#4626=VERTEX_POINT('',#16059);
#4627=VERTEX_POINT('',#16061);
#4628=VERTEX_POINT('',#16063);
#4629=VERTEX_POINT('',#16067);
#4630=VERTEX_POINT('',#16068);
#4631=VERTEX_POINT('',#16070);
#4632=VERTEX_POINT('',#16072);
#4633=VERTEX_POINT('',#16074);
#4634=VERTEX_POINT('',#16076);
#4635=VERTEX_POINT('',#16078);
#4636=VERTEX_POINT('',#16080);
#4637=VERTEX_POINT('',#16082);
#4638=VERTEX_POINT('',#16084);
#4639=VERTEX_POINT('',#16088);
#4640=VERTEX_POINT('',#16091);
#4641=VERTEX_POINT('',#16095);
#4642=VERTEX_POINT('',#16097);
#4643=VERTEX_POINT('',#16099);
#4644=VERTEX_POINT('',#16103);
#4645=VERTEX_POINT('',#16112);
#4646=VERTEX_POINT('',#16117);
#4647=VERTEX_POINT('',#16121);
#4648=VERTEX_POINT('',#16125);
#4649=VERTEX_POINT('',#16131);
#4650=VERTEX_POINT('',#16132);
#4651=VERTEX_POINT('',#16134);
#4652=VERTEX_POINT('',#16136);
#4653=VERTEX_POINT('',#16140);
#4654=VERTEX_POINT('',#16141);
#4655=VERTEX_POINT('',#16143);
#4656=VERTEX_POINT('',#16145);
#4657=VERTEX_POINT('',#16149);
#4658=VERTEX_POINT('',#16151);
#4659=VERTEX_POINT('',#16155);
#4660=VERTEX_POINT('',#16156);
#4661=VERTEX_POINT('',#16158);
#4662=VERTEX_POINT('',#16160);
#4663=VERTEX_POINT('',#16162);
#4664=VERTEX_POINT('',#16164);
#4665=VERTEX_POINT('',#16166);
#4666=VERTEX_POINT('',#16171);
#4667=VERTEX_POINT('',#16175);
#4668=VERTEX_POINT('',#16179);
#4669=VERTEX_POINT('',#16183);
#4670=VERTEX_POINT('',#16187);
#4671=VERTEX_POINT('',#16194);
#4672=VERTEX_POINT('',#16196);
#4673=VERTEX_POINT('',#16198);
#4674=VERTEX_POINT('',#16200);
#4675=VERTEX_POINT('',#16204);
#4676=VERTEX_POINT('',#16210);
#4677=VERTEX_POINT('',#16217);
#4678=VERTEX_POINT('',#16219);
#4679=VERTEX_POINT('',#16223);
#4680=VERTEX_POINT('',#16225);
#4681=VERTEX_POINT('',#16235);
#4682=VERTEX_POINT('',#16237);
#4683=VERTEX_POINT('',#16242);
#4684=VERTEX_POINT('',#16244);
#4685=VERTEX_POINT('',#16246);
#4686=VERTEX_POINT('',#16248);
#4687=VERTEX_POINT('',#16250);
#4688=VERTEX_POINT('',#16252);
#4689=VERTEX_POINT('',#16254);
#4690=VERTEX_POINT('',#16256);
#4691=VERTEX_POINT('',#16260);
#4692=VERTEX_POINT('',#16263);
#4693=VERTEX_POINT('',#16267);
#4694=VERTEX_POINT('',#16271);
#4695=VERTEX_POINT('',#16273);
#4696=VERTEX_POINT('',#16275);
#4697=VERTEX_POINT('',#16279);
#4698=VERTEX_POINT('',#16281);
#4699=VERTEX_POINT('',#16283);
#4700=VERTEX_POINT('',#16287);
#4701=VERTEX_POINT('',#16289);
#4702=VERTEX_POINT('',#16291);
#4703=VERTEX_POINT('',#16295);
#4704=VERTEX_POINT('',#16299);
#4705=VERTEX_POINT('',#16303);
#4706=VERTEX_POINT('',#16305);
#4707=VERTEX_POINT('',#16312);
#4708=VERTEX_POINT('',#16316);
#4709=VERTEX_POINT('',#16318);
#4710=VERTEX_POINT('',#16322);
#4711=VERTEX_POINT('',#16324);
#4712=VERTEX_POINT('',#16332);
#4713=VERTEX_POINT('',#16334);
#4714=VERTEX_POINT('',#16342);
#4715=VERTEX_POINT('',#16344);
#4716=VERTEX_POINT('',#16348);
#4717=VERTEX_POINT('',#16350);
#4718=VERTEX_POINT('',#16356);
#4719=VERTEX_POINT('',#16358);
#4720=VERTEX_POINT('',#16364);
#4721=VERTEX_POINT('',#16368);
#4722=VERTEX_POINT('',#16372);
#4723=VERTEX_POINT('',#16384);
#4724=VERTEX_POINT('',#16387);
#4725=VERTEX_POINT('',#16391);
#4726=VERTEX_POINT('',#16398);
#4727=VERTEX_POINT('',#16402);
#4728=VERTEX_POINT('',#16406);
#4729=VERTEX_POINT('',#16414);
#4730=VERTEX_POINT('',#16428);
#4731=VERTEX_POINT('',#16429);
#4732=VERTEX_POINT('',#16431);
#4733=VERTEX_POINT('',#16433);
#4734=VERTEX_POINT('',#16435);
#4735=VERTEX_POINT('',#16437);
#4736=VERTEX_POINT('',#16441);
#4737=VERTEX_POINT('',#16443);
#4738=VERTEX_POINT('',#16447);
#4739=VERTEX_POINT('',#16448);
#4740=VERTEX_POINT('',#16450);
#4741=VERTEX_POINT('',#16452);
#4742=VERTEX_POINT('',#16454);
#4743=VERTEX_POINT('',#16456);
#4744=VERTEX_POINT('',#16460);
#4745=VERTEX_POINT('',#16462);
#4746=VERTEX_POINT('',#16466);
#4747=VERTEX_POINT('',#16467);
#4748=VERTEX_POINT('',#16469);
#4749=VERTEX_POINT('',#16471);
#4750=VERTEX_POINT('',#16473);
#4751=VERTEX_POINT('',#16475);
#4752=VERTEX_POINT('',#16482);
#4753=VERTEX_POINT('',#16495);
#4754=VERTEX_POINT('',#16496);
#4755=VERTEX_POINT('',#16503);
#4756=VERTEX_POINT('',#16505);
#4757=VERTEX_POINT('',#16507);
#4758=VERTEX_POINT('',#16509);
#4759=VERTEX_POINT('',#16511);
#4760=VERTEX_POINT('',#16524);
#4761=VERTEX_POINT('',#16526);
#4762=VERTEX_POINT('',#16528);
#4763=VERTEX_POINT('',#16530);
#4764=VERTEX_POINT('',#16532);
#4765=VERTEX_POINT('',#16534);
#4766=VERTEX_POINT('',#16536);
#4767=VERTEX_POINT('',#16538);
#4768=VERTEX_POINT('',#16540);
#4769=VERTEX_POINT('',#16542);
#4770=VERTEX_POINT('',#16544);
#4771=VERTEX_POINT('',#16546);
#4772=VERTEX_POINT('',#16548);
#4773=VERTEX_POINT('',#16552);
#4774=VERTEX_POINT('',#16554);
#4775=VERTEX_POINT('',#16556);
#4776=VERTEX_POINT('',#16558);
#4777=VERTEX_POINT('',#16560);
#4778=VERTEX_POINT('',#16562);
#4779=VERTEX_POINT('',#16564);
#4780=VERTEX_POINT('',#16566);
#4781=VERTEX_POINT('',#16568);
#4782=VERTEX_POINT('',#16570);
#4783=VERTEX_POINT('',#16572);
#4784=VERTEX_POINT('',#16574);
#4785=VERTEX_POINT('',#16576);
#4786=VERTEX_POINT('',#16598);
#4787=VERTEX_POINT('',#16600);
#4788=VERTEX_POINT('',#16605);
#4789=VERTEX_POINT('',#16609);
#4790=VERTEX_POINT('',#16616);
#4791=VERTEX_POINT('',#16618);
#4792=VERTEX_POINT('',#16623);
#4793=VERTEX_POINT('',#16627);
#4794=VERTEX_POINT('',#16649);
#4795=VERTEX_POINT('',#16650);
#4796=VERTEX_POINT('',#16652);
#4797=VERTEX_POINT('',#16655);
#4798=VERTEX_POINT('',#16659);
#4799=VERTEX_POINT('',#16661);
#4800=VERTEX_POINT('',#16667);
#4801=VERTEX_POINT('',#16671);
#4802=VERTEX_POINT('',#16679);
#4803=VERTEX_POINT('',#16680);
#4804=VERTEX_POINT('',#16682);
#4805=VERTEX_POINT('',#16684);
#4806=VERTEX_POINT('',#16686);
#4807=VERTEX_POINT('',#16688);
#4808=VERTEX_POINT('',#16692);
#4809=VERTEX_POINT('',#16694);
#4810=VERTEX_POINT('',#16698);
#4811=VERTEX_POINT('',#16699);
#4812=VERTEX_POINT('',#16701);
#4813=VERTEX_POINT('',#16703);
#4814=VERTEX_POINT('',#16705);
#4815=VERTEX_POINT('',#16707);
#4816=VERTEX_POINT('',#16711);
#4817=VERTEX_POINT('',#16713);
#4818=VERTEX_POINT('',#16717);
#4819=VERTEX_POINT('',#16718);
#4820=VERTEX_POINT('',#16725);
#4821=VERTEX_POINT('',#16727);
#4822=VERTEX_POINT('',#16729);
#4823=VERTEX_POINT('',#16731);
#4824=VERTEX_POINT('',#16733);
#4825=VERTEX_POINT('',#16746);
#4826=VERTEX_POINT('',#16747);
#4827=VERTEX_POINT('',#16749);
#4828=VERTEX_POINT('',#16751);
#4829=VERTEX_POINT('',#16753);
#4830=VERTEX_POINT('',#16755);
#4831=VERTEX_POINT('',#16762);
#4832=VERTEX_POINT('',#16775);
#4833=VERTEX_POINT('',#16777);
#4834=VERTEX_POINT('',#16779);
#4835=VERTEX_POINT('',#16781);
#4836=VERTEX_POINT('',#16783);
#4837=VERTEX_POINT('',#16785);
#4838=VERTEX_POINT('',#16787);
#4839=VERTEX_POINT('',#16789);
#4840=VERTEX_POINT('',#16791);
#4841=VERTEX_POINT('',#16793);
#4842=VERTEX_POINT('',#16795);
#4843=VERTEX_POINT('',#16797);
#4844=VERTEX_POINT('',#16799);
#4845=VERTEX_POINT('',#16803);
#4846=VERTEX_POINT('',#16805);
#4847=VERTEX_POINT('',#16807);
#4848=VERTEX_POINT('',#16809);
#4849=VERTEX_POINT('',#16811);
#4850=VERTEX_POINT('',#16813);
#4851=VERTEX_POINT('',#16815);
#4852=VERTEX_POINT('',#16817);
#4853=VERTEX_POINT('',#16819);
#4854=VERTEX_POINT('',#16821);
#4855=VERTEX_POINT('',#16823);
#4856=VERTEX_POINT('',#16825);
#4857=VERTEX_POINT('',#16827);
#4858=VERTEX_POINT('',#16849);
#4859=VERTEX_POINT('',#16851);
#4860=VERTEX_POINT('',#16856);
#4861=VERTEX_POINT('',#16860);
#4862=VERTEX_POINT('',#16867);
#4863=VERTEX_POINT('',#16869);
#4864=VERTEX_POINT('',#16874);
#4865=VERTEX_POINT('',#16878);
#4866=VERTEX_POINT('',#16900);
#4867=VERTEX_POINT('',#16901);
#4868=VERTEX_POINT('',#16903);
#4869=VERTEX_POINT('',#16906);
#4870=VERTEX_POINT('',#16910);
#4871=VERTEX_POINT('',#16912);
#4872=VERTEX_POINT('',#16918);
#4873=VERTEX_POINT('',#16922);
#4874=VERTEX_POINT('',#16930);
#4875=VERTEX_POINT('',#16931);
#4876=VERTEX_POINT('',#16933);
#4877=VERTEX_POINT('',#16935);
#4878=VERTEX_POINT('',#16939);
#4879=VERTEX_POINT('',#16941);
#4880=VERTEX_POINT('',#16945);
#4881=VERTEX_POINT('',#16947);
#4882=VERTEX_POINT('',#16951);
#4883=VERTEX_POINT('',#16953);
#4884=VERTEX_POINT('',#16957);
#4885=VERTEX_POINT('',#16959);
#4886=VERTEX_POINT('',#16961);
#4887=VERTEX_POINT('',#16963);
#4888=VERTEX_POINT('',#16965);
#4889=VERTEX_POINT('',#16967);
#4890=VERTEX_POINT('',#16969);
#4891=VERTEX_POINT('',#16971);
#4892=VERTEX_POINT('',#16973);
#4893=VERTEX_POINT('',#16975);
#4894=VERTEX_POINT('',#16977);
#4895=VERTEX_POINT('',#16979);
#4896=VERTEX_POINT('',#16981);
#4897=VERTEX_POINT('',#16983);
#4898=VERTEX_POINT('',#16985);
#4899=VERTEX_POINT('',#16987);
#4900=VERTEX_POINT('',#16989);
#4901=VERTEX_POINT('',#16991);
#4902=VERTEX_POINT('',#16993);
#4903=VERTEX_POINT('',#16995);
#4904=VERTEX_POINT('',#16997);
#4905=VERTEX_POINT('',#16999);
#4906=VERTEX_POINT('',#17003);
#4907=VERTEX_POINT('',#17005);
#4908=VERTEX_POINT('',#17009);
#4909=VERTEX_POINT('',#17013);
#4910=VERTEX_POINT('',#17014);
#4911=VERTEX_POINT('',#17019);
#4912=VERTEX_POINT('',#17023);
#4913=VERTEX_POINT('',#17027);
#4914=VERTEX_POINT('',#17029);
#4915=VERTEX_POINT('',#17033);
#4916=VERTEX_POINT('',#17037);
#4917=VERTEX_POINT('',#17041);
#4918=VERTEX_POINT('',#17043);
#4919=VERTEX_POINT('',#17045);
#4920=VERTEX_POINT('',#17047);
#4921=VERTEX_POINT('',#17049);
#4922=VERTEX_POINT('',#17053);
#4923=VERTEX_POINT('',#17057);
#4924=VERTEX_POINT('',#17061);
#4925=VERTEX_POINT('',#17063);
#4926=VERTEX_POINT('',#17065);
#4927=VERTEX_POINT('',#17067);
#4928=VERTEX_POINT('',#17069);
#4929=VERTEX_POINT('',#17071);
#4930=VERTEX_POINT('',#17073);
#4931=VERTEX_POINT('',#17075);
#4932=VERTEX_POINT('',#17077);
#4933=VERTEX_POINT('',#17079);
#4934=VERTEX_POINT('',#17081);
#4935=VERTEX_POINT('',#17083);
#4936=VERTEX_POINT('',#17085);
#4937=VERTEX_POINT('',#17087);
#4938=VERTEX_POINT('',#17091);
#4939=VERTEX_POINT('',#17092);
#4940=VERTEX_POINT('',#17094);
#4941=VERTEX_POINT('',#17096);
#4942=VERTEX_POINT('',#17098);
#4943=VERTEX_POINT('',#17100);
#4944=VERTEX_POINT('',#17102);
#4945=VERTEX_POINT('',#17104);
#4946=VERTEX_POINT('',#17106);
#4947=VERTEX_POINT('',#17108);
#4948=VERTEX_POINT('',#17110);
#4949=VERTEX_POINT('',#17112);
#4950=VERTEX_POINT('',#17114);
#4951=VERTEX_POINT('',#17116);
#4952=VERTEX_POINT('',#17118);
#4953=VERTEX_POINT('',#17120);
#4954=VERTEX_POINT('',#17139);
#4955=VERTEX_POINT('',#17141);
#4956=VERTEX_POINT('',#17144);
#4957=VERTEX_POINT('',#17167);
#4958=VERTEX_POINT('',#17171);
#4959=VERTEX_POINT('',#17175);
#4960=VERTEX_POINT('',#17181);
#4961=VERTEX_POINT('',#17185);
#4962=VERTEX_POINT('',#17191);
#4963=VERTEX_POINT('',#17195);
#4964=VERTEX_POINT('',#17203);
#4965=VERTEX_POINT('',#17204);
#4966=VERTEX_POINT('',#17213);
#4967=VERTEX_POINT('',#17215);
#4968=VERTEX_POINT('',#17226);
#4969=VERTEX_POINT('',#17230);
#4970=VERTEX_POINT('',#17232);
#4971=VERTEX_POINT('',#17234);
#4972=VERTEX_POINT('',#17236);
#4973=VERTEX_POINT('',#17238);
#4974=VERTEX_POINT('',#17240);
#4975=VERTEX_POINT('',#17242);
#4976=VERTEX_POINT('',#17246);
#4977=VERTEX_POINT('',#17247);
#4978=VERTEX_POINT('',#17249);
#4979=VERTEX_POINT('',#17251);
#4980=VERTEX_POINT('',#17262);
#4981=VERTEX_POINT('',#17273);
#4982=VERTEX_POINT('',#17275);
#4983=VERTEX_POINT('',#17279);
#4984=VERTEX_POINT('',#17280);
#4985=VERTEX_POINT('',#17282);
#4986=VERTEX_POINT('',#17284);
#4987=VERTEX_POINT('',#17288);
#4988=VERTEX_POINT('',#17290);
#4989=VERTEX_POINT('',#17294);
#4990=VERTEX_POINT('',#17298);
#4991=VERTEX_POINT('',#17300);
#4992=VERTEX_POINT('',#17302);
#4993=VERTEX_POINT('',#17304);
#4994=VERTEX_POINT('',#17306);
#4995=VERTEX_POINT('',#17308);
#4996=VERTEX_POINT('',#17310);
#4997=VERTEX_POINT('',#17312);
#4998=VERTEX_POINT('',#17314);
#4999=VERTEX_POINT('',#17316);
#5000=VERTEX_POINT('',#17318);
#5001=VERTEX_POINT('',#17322);
#5002=VERTEX_POINT('',#17326);
#5003=VERTEX_POINT('',#17328);
#5004=VERTEX_POINT('',#17330);
#5005=VERTEX_POINT('',#17332);
#5006=VERTEX_POINT('',#17334);
#5007=VERTEX_POINT('',#17336);
#5008=VERTEX_POINT('',#17338);
#5009=VERTEX_POINT('',#17340);
#5010=VERTEX_POINT('',#17342);
#5011=VERTEX_POINT('',#17344);
#5012=VERTEX_POINT('',#17348);
#5013=VERTEX_POINT('',#17367);
#5014=VERTEX_POINT('',#17369);
#5015=VERTEX_POINT('',#17371);
#5016=VERTEX_POINT('',#17373);
#5017=VERTEX_POINT('',#17375);
#5018=VERTEX_POINT('',#17377);
#5019=VERTEX_POINT('',#17379);
#5020=VERTEX_POINT('',#17410);
#5021=VERTEX_POINT('',#17411);
#5022=VERTEX_POINT('',#17413);
#5023=VERTEX_POINT('',#17415);
#5024=VERTEX_POINT('',#17419);
#5025=VERTEX_POINT('',#17421);
#5026=VERTEX_POINT('',#17425);
#5027=VERTEX_POINT('',#17427);
#5028=VERTEX_POINT('',#17429);
#5029=VERTEX_POINT('',#17431);
#5030=VERTEX_POINT('',#17433);
#5031=VERTEX_POINT('',#17435);
#5032=VERTEX_POINT('',#17437);
#5033=VERTEX_POINT('',#17439);
#5034=VERTEX_POINT('',#17441);
#5035=VERTEX_POINT('',#17443);
#5036=VERTEX_POINT('',#17445);
#5037=VERTEX_POINT('',#17447);
#5038=VERTEX_POINT('',#17449);
#5039=VERTEX_POINT('',#17453);
#5040=VERTEX_POINT('',#17455);
#5041=VERTEX_POINT('',#17459);
#5042=VERTEX_POINT('',#17463);
#5043=VERTEX_POINT('',#17464);
#5044=VERTEX_POINT('',#17469);
#5045=VERTEX_POINT('',#17473);
#5046=VERTEX_POINT('',#17480);
#5047=VERTEX_POINT('',#17489);
#5048=VERTEX_POINT('',#17491);
#5049=VERTEX_POINT('',#17495);
#5050=VERTEX_POINT('',#17497);
#5051=VERTEX_POINT('',#17499);
#5052=VERTEX_POINT('',#17501);
#5053=VERTEX_POINT('',#17503);
#5054=VERTEX_POINT('',#17505);
#5055=VERTEX_POINT('',#17509);
#5056=VERTEX_POINT('',#17513);
#5057=VERTEX_POINT('',#17514);
#5058=VERTEX_POINT('',#17516);
#5059=VERTEX_POINT('',#17518);
#5060=VERTEX_POINT('',#17528);
#5061=VERTEX_POINT('',#17539);
#5062=VERTEX_POINT('',#17541);
#5063=VERTEX_POINT('',#17545);
#5064=VERTEX_POINT('',#17547);
#5065=VERTEX_POINT('',#17556);
#5066=VERTEX_POINT('',#17560);
#5067=VERTEX_POINT('',#17575);
#5068=VERTEX_POINT('',#17576);
#5069=VERTEX_POINT('',#17578);
#5070=VERTEX_POINT('',#17583);
#5071=VERTEX_POINT('',#17585);
#5072=VERTEX_POINT('',#17587);
#5073=VERTEX_POINT('',#17591);
#5074=VERTEX_POINT('',#17593);
#5075=VERTEX_POINT('',#17603);
#5076=VERTEX_POINT('',#17613);
#5077=VERTEX_POINT('',#17615);
#5078=VERTEX_POINT('',#17621);
#5079=VERTEX_POINT('',#17625);
#5080=VERTEX_POINT('',#17633);
#5081=VERTEX_POINT('',#17634);
#5082=VERTEX_POINT('',#17636);
#5083=VERTEX_POINT('',#17638);
#5084=VERTEX_POINT('',#17642);
#5085=VERTEX_POINT('',#17644);
#5086=VERTEX_POINT('',#17648);
#5087=VERTEX_POINT('',#17649);
#5088=VERTEX_POINT('',#17651);
#5089=VERTEX_POINT('',#17653);
#5090=VERTEX_POINT('',#17657);
#5091=VERTEX_POINT('',#17659);
#5092=VERTEX_POINT('',#17663);
#5093=VERTEX_POINT('',#17665);
#5094=VERTEX_POINT('',#17667);
#5095=VERTEX_POINT('',#17669);
#5096=VERTEX_POINT('',#17671);
#5097=VERTEX_POINT('',#17673);
#5098=VERTEX_POINT('',#17675);
#5099=VERTEX_POINT('',#17678);
#5100=VERTEX_POINT('',#17680);
#5101=VERTEX_POINT('',#17682);
#5102=VERTEX_POINT('',#17686);
#5103=VERTEX_POINT('',#17687);
#5104=VERTEX_POINT('',#17692);
#5105=VERTEX_POINT('',#17696);
#5106=VERTEX_POINT('',#17697);
#5107=VERTEX_POINT('',#17699);
#5108=VERTEX_POINT('',#17701);
#5109=VERTEX_POINT('',#17703);
#5110=VERTEX_POINT('',#17722);
#5111=VERTEX_POINT('',#17724);
#5112=VERTEX_POINT('',#17730);
#5113=VERTEX_POINT('',#17731);
#5114=VERTEX_POINT('',#17733);
#5115=VERTEX_POINT('',#17735);
#5116=VERTEX_POINT('',#17743);
#5117=VERTEX_POINT('',#17756);
#5118=VERTEX_POINT('',#17758);
#5119=VERTEX_POINT('',#17760);
#5120=VERTEX_POINT('',#17762);
#5121=VERTEX_POINT('',#17764);
#5122=VERTEX_POINT('',#17766);
#5123=VERTEX_POINT('',#17770);
#5124=VERTEX_POINT('',#17772);
#5125=VERTEX_POINT('',#17778);
#5126=VERTEX_POINT('',#17782);
#5127=VERTEX_POINT('',#17786);
#5128=VERTEX_POINT('',#17788);
#5129=VERTEX_POINT('',#17806);
#5130=VERTEX_POINT('',#17807);
#5131=VERTEX_POINT('',#17813);
#5132=VERTEX_POINT('',#17815);
#5133=VERTEX_POINT('',#17817);
#5134=VERTEX_POINT('',#17821);
#5135=VERTEX_POINT('',#17823);
#5136=VERTEX_POINT('',#17832);
#5137=VERTEX_POINT('',#17840);
#5138=VERTEX_POINT('',#17844);
#5139=VERTEX_POINT('',#17848);
#5140=VERTEX_POINT('',#17856);
#5141=VERTEX_POINT('',#17857);
#5142=VERTEX_POINT('',#17859);
#5143=VERTEX_POINT('',#17861);
#5144=VERTEX_POINT('',#17865);
#5145=VERTEX_POINT('',#17867);
#5146=VERTEX_POINT('',#17871);
#5147=VERTEX_POINT('',#17873);
#5148=VERTEX_POINT('',#17877);
#5149=VERTEX_POINT('',#17879);
#5150=VERTEX_POINT('',#17883);
#5151=VERTEX_POINT('',#17884);
#5152=VERTEX_POINT('',#17886);
#5153=VERTEX_POINT('',#17888);
#5154=VERTEX_POINT('',#17892);
#5155=VERTEX_POINT('',#17894);
#5156=VERTEX_POINT('',#17898);
#5157=VERTEX_POINT('',#17899);
#5158=VERTEX_POINT('',#17901);
#5159=VERTEX_POINT('',#17903);
#5160=VERTEX_POINT('',#17907);
#5161=VERTEX_POINT('',#17909);
#5162=VERTEX_POINT('',#17913);
#5163=VERTEX_POINT('',#17915);
#5164=VERTEX_POINT('',#17919);
#5165=VERTEX_POINT('',#17921);
#5166=VERTEX_POINT('',#17925);
#5167=VERTEX_POINT('',#17927);
#5168=VERTEX_POINT('',#17929);
#5169=VERTEX_POINT('',#17932);
#5170=VERTEX_POINT('',#17934);
#5171=VERTEX_POINT('',#17937);
#5172=VERTEX_POINT('',#17939);
#5173=VERTEX_POINT('',#17941);
#5174=VERTEX_POINT('',#17943);
#5175=VERTEX_POINT('',#17947);
#5176=VERTEX_POINT('',#17951);
#5177=VERTEX_POINT('',#17955);
#5178=VERTEX_POINT('',#17961);
#5179=VERTEX_POINT('',#17965);
#5180=VERTEX_POINT('',#17969);
#5181=VERTEX_POINT('',#17973);
#5182=VERTEX_POINT('',#17979);
#5183=VERTEX_POINT('',#17983);
#5184=VERTEX_POINT('',#17991);
#5185=VERTEX_POINT('',#17992);
#5186=VERTEX_POINT('',#17994);
#5187=VERTEX_POINT('',#17996);
#5188=VERTEX_POINT('',#18000);
#5189=VERTEX_POINT('',#18002);
#5190=VERTEX_POINT('',#18006);
#5191=VERTEX_POINT('',#18007);
#5192=VERTEX_POINT('',#18009);
#5193=VERTEX_POINT('',#18011);
#5194=VERTEX_POINT('',#18015);
#5195=VERTEX_POINT('',#18017);
#5196=VERTEX_POINT('',#18021);
#5197=VERTEX_POINT('',#18023);
#5198=VERTEX_POINT('',#18027);
#5199=VERTEX_POINT('',#18028);
#5200=VERTEX_POINT('',#18030);
#5201=VERTEX_POINT('',#18032);
#5202=VERTEX_POINT('',#18036);
#5203=VERTEX_POINT('',#18038);
#5204=VERTEX_POINT('',#18040);
#5205=VERTEX_POINT('',#18042);
#5206=VERTEX_POINT('',#18044);
#5207=VERTEX_POINT('',#18046);
#5208=VERTEX_POINT('',#18050);
#5209=VERTEX_POINT('',#18052);
#5210=VERTEX_POINT('',#18055);
#5211=VERTEX_POINT('',#18057);
#5212=VERTEX_POINT('',#18059);
#5213=VERTEX_POINT('',#18061);
#5214=VERTEX_POINT('',#18063);
#5215=VERTEX_POINT('',#18065);
#5216=VERTEX_POINT('',#18067);
#5217=VERTEX_POINT('',#18069);
#5218=VERTEX_POINT('',#18071);
#5219=VERTEX_POINT('',#18073);
#5220=VERTEX_POINT('',#18075);
#5221=VERTEX_POINT('',#18077);
#5222=VERTEX_POINT('',#18079);
#5223=VERTEX_POINT('',#18081);
#5224=VERTEX_POINT('',#18086);
#5225=VERTEX_POINT('',#18088);
#5226=VERTEX_POINT('',#18090);
#5227=VERTEX_POINT('',#18092);
#5228=VERTEX_POINT('',#18096);
#5229=VERTEX_POINT('',#18100);
#5230=VERTEX_POINT('',#18104);
#5231=VERTEX_POINT('',#18108);
#5232=VERTEX_POINT('',#18116);
#5233=VERTEX_POINT('',#18117);
#5234=VERTEX_POINT('',#18119);
#5235=VERTEX_POINT('',#18121);
#5236=VERTEX_POINT('',#18125);
#5237=VERTEX_POINT('',#18127);
#5238=VERTEX_POINT('',#18131);
#5239=VERTEX_POINT('',#18133);
#5240=VERTEX_POINT('',#18140);
#5241=VERTEX_POINT('',#18142);
#5242=VERTEX_POINT('',#18146);
#5243=VERTEX_POINT('',#18148);
#5244=VERTEX_POINT('',#18152);
#5245=VERTEX_POINT('',#18154);
#5246=VERTEX_POINT('',#18158);
#5247=VERTEX_POINT('',#18160);
#5248=VERTEX_POINT('',#18164);
#5249=VERTEX_POINT('',#18165);
#5250=VERTEX_POINT('',#18167);
#5251=VERTEX_POINT('',#18169);
#5252=VERTEX_POINT('',#18176);
#5253=VERTEX_POINT('',#18178);
#5254=VERTEX_POINT('',#18182);
#5255=VERTEX_POINT('',#18184);
#5256=VERTEX_POINT('',#18186);
#5257=VERTEX_POINT('',#18188);
#5258=VERTEX_POINT('',#18190);
#5259=VERTEX_POINT('',#18192);
#5260=VERTEX_POINT('',#18194);
#5261=VERTEX_POINT('',#18196);
#5262=VERTEX_POINT('',#18198);
#5263=VERTEX_POINT('',#18202);
#5264=VERTEX_POINT('',#18206);
#5265=VERTEX_POINT('',#18207);
#5266=VERTEX_POINT('',#18209);
#5267=VERTEX_POINT('',#18211);
#5268=VERTEX_POINT('',#18215);
#5269=VERTEX_POINT('',#18217);
#5270=VERTEX_POINT('',#18221);
#5271=VERTEX_POINT('',#18223);
#5272=VERTEX_POINT('',#18230);
#5273=VERTEX_POINT('',#18231);
#5274=VERTEX_POINT('',#18233);
#5275=VERTEX_POINT('',#18235);
#5276=VERTEX_POINT('',#18247);
#5277=VERTEX_POINT('',#18249);
#5278=VERTEX_POINT('',#18253);
#5279=VERTEX_POINT('',#18255);
#5280=VERTEX_POINT('',#18259);
#5281=VERTEX_POINT('',#18261);
#5282=VERTEX_POINT('',#18265);
#5283=VERTEX_POINT('',#18267);
#5284=VERTEX_POINT('',#18271);
#5285=VERTEX_POINT('',#18272);
#5286=VERTEX_POINT('',#18274);
#5287=VERTEX_POINT('',#18276);
#5288=VERTEX_POINT('',#18283);
#5289=VERTEX_POINT('',#18285);
#5290=VERTEX_POINT('',#18289);
#5291=VERTEX_POINT('',#18291);
#5292=VERTEX_POINT('',#18293);
#5293=VERTEX_POINT('',#18297);
#5294=VERTEX_POINT('',#18301);
#5295=VERTEX_POINT('',#18303);
#5296=VERTEX_POINT('',#18306);
#5297=VERTEX_POINT('',#18308);
#5298=VERTEX_POINT('',#18312);
#5299=VERTEX_POINT('',#18316);
#5300=VERTEX_POINT('',#18320);
#5301=VERTEX_POINT('',#18322);
#5302=VERTEX_POINT('',#18324);
#5303=VERTEX_POINT('',#18326);
#5304=VERTEX_POINT('',#18328);
#5305=VERTEX_POINT('',#18330);
#5306=VERTEX_POINT('',#18334);
#5307=VERTEX_POINT('',#18337);
#5308=VERTEX_POINT('',#18339);
#5309=VERTEX_POINT('',#18341);
#5310=VERTEX_POINT('',#18345);
#5311=VERTEX_POINT('',#18347);
#5312=VERTEX_POINT('',#18352);
#5313=VERTEX_POINT('',#18354);
#5314=VERTEX_POINT('',#18356);
#5315=VERTEX_POINT('',#18358);
#5316=VERTEX_POINT('',#18360);
#5317=VERTEX_POINT('',#18367);
#5318=VERTEX_POINT('',#18379);
#5319=VERTEX_POINT('',#18380);
#5320=VERTEX_POINT('',#18382);
#5321=VERTEX_POINT('',#18384);
#5322=VERTEX_POINT('',#18388);
#5323=VERTEX_POINT('',#18390);
#5324=VERTEX_POINT('',#18394);
#5325=VERTEX_POINT('',#18396);
#5326=VERTEX_POINT('',#18398);
#5327=VERTEX_POINT('',#18400);
#5328=VERTEX_POINT('',#18402);
#5329=VERTEX_POINT('',#18404);
#5330=VERTEX_POINT('',#18408);
#5331=VERTEX_POINT('',#18410);
#5332=VERTEX_POINT('',#18414);
#5333=VERTEX_POINT('',#18418);
#5334=VERTEX_POINT('',#18419);
#5335=VERTEX_POINT('',#18424);
#5336=VERTEX_POINT('',#18426);
#5337=VERTEX_POINT('',#18428);
#5338=VERTEX_POINT('',#18430);
#5339=VERTEX_POINT('',#18432);
#5340=VERTEX_POINT('',#18436);
#5341=VERTEX_POINT('',#18438);
#5342=VERTEX_POINT('',#18440);
#5343=VERTEX_POINT('',#18447);
#5344=VERTEX_POINT('',#18449);
#5345=VERTEX_POINT('',#18451);
#5346=VERTEX_POINT('',#18453);
#5347=VERTEX_POINT('',#18459);
#5348=VERTEX_POINT('',#18461);
#5349=VERTEX_POINT('',#18463);
#5350=VERTEX_POINT('',#18465);
#5351=VERTEX_POINT('',#18467);
#5352=VERTEX_POINT('',#18469);
#5353=VERTEX_POINT('',#18471);
#5354=VERTEX_POINT('',#18473);
#5355=VERTEX_POINT('',#18475);
#5356=VERTEX_POINT('',#18477);
#5357=VERTEX_POINT('',#18479);
#5358=VERTEX_POINT('',#18481);
#5359=VERTEX_POINT('',#18483);
#5360=VERTEX_POINT('',#18485);
#5361=VERTEX_POINT('',#18487);
#5362=VERTEX_POINT('',#18489);
#5363=VERTEX_POINT('',#18491);
#5364=VERTEX_POINT('',#18493);
#5365=VERTEX_POINT('',#18495);
#5366=VERTEX_POINT('',#18497);
#5367=VERTEX_POINT('',#18500);
#5368=VERTEX_POINT('',#18502);
#5369=VERTEX_POINT('',#18504);
#5370=VERTEX_POINT('',#18506);
#5371=VERTEX_POINT('',#18508);
#5372=VERTEX_POINT('',#18510);
#5373=VERTEX_POINT('',#18514);
#5374=VERTEX_POINT('',#18515);
#5375=VERTEX_POINT('',#18517);
#5376=VERTEX_POINT('',#18521);
#5377=VERTEX_POINT('',#18526);
#5378=VERTEX_POINT('',#18528);
#5379=VERTEX_POINT('',#18532);
#5380=VERTEX_POINT('',#18534);
#5381=VERTEX_POINT('',#18538);
#5382=VERTEX_POINT('',#18545);
#5383=VERTEX_POINT('',#18547);
#5384=VERTEX_POINT('',#18552);
#5385=VERTEX_POINT('',#18556);
#5386=VERTEX_POINT('',#18563);
#5387=VERTEX_POINT('',#18565);
#5388=VERTEX_POINT('',#18569);
#5389=VERTEX_POINT('',#18571);
#5390=VERTEX_POINT('',#18579);
#5391=VERTEX_POINT('',#18583);
#5392=VERTEX_POINT('',#18590);
#5393=VERTEX_POINT('',#18595);
#5394=VERTEX_POINT('',#18604);
#5395=VERTEX_POINT('',#18614);
#5396=VERTEX_POINT('',#18616);
#5397=VERTEX_POINT('',#18620);
#5398=VERTEX_POINT('',#18622);
#5399=VERTEX_POINT('',#18628);
#5400=VERTEX_POINT('',#18634);
#5401=VERTEX_POINT('',#18636);
#5402=VERTEX_POINT('',#18640);
#5403=VERTEX_POINT('',#18641);
#5404=VERTEX_POINT('',#18646);
#5405=VERTEX_POINT('',#18660);
#5406=VERTEX_POINT('',#18662);
#5407=VERTEX_POINT('',#18666);
#5408=VERTEX_POINT('',#18671);
#5409=VERTEX_POINT('',#18677);
#5410=VERTEX_POINT('',#18683);
#5411=VERTEX_POINT('',#18689);
#5412=VERTEX_POINT('',#18693);
#5413=VERTEX_POINT('',#18697);
#5414=VERTEX_POINT('',#18701);
#5415=VERTEX_POINT('',#18705);
#5416=VERTEX_POINT('',#18709);
#5417=VERTEX_POINT('',#18713);
#5418=VERTEX_POINT('',#18717);
#5419=VERTEX_POINT('',#18723);
#5420=VERTEX_POINT('',#18727);
#5421=VERTEX_POINT('',#18733);
#5422=VERTEX_POINT('',#18742);
#5423=VERTEX_POINT('',#18747);
#5424=VERTEX_POINT('',#18748);
#5425=VERTEX_POINT('',#18750);
#5426=VERTEX_POINT('',#18752);
#5427=VERTEX_POINT('',#18756);
#5428=VERTEX_POINT('',#18758);
#5429=VERTEX_POINT('',#18783);
#5430=VERTEX_POINT('',#18784);
#5431=VERTEX_POINT('',#18786);
#5432=VERTEX_POINT('',#18788);
#5433=EDGE_CURVE('',#4391,#4392,#1753,.T.);
#5434=EDGE_CURVE('',#4391,#4393,#1754,.T.);
#5435=EDGE_CURVE('',#4393,#4394,#1755,.T.);
#5436=EDGE_CURVE('',#4392,#4394,#1756,.T.);
#5437=EDGE_CURVE('',#4395,#4396,#1757,.T.);
#5438=EDGE_CURVE('',#4395,#4397,#1758,.T.);
#5439=EDGE_CURVE('',#4397,#4398,#1759,.T.);
#5440=EDGE_CURVE('',#4396,#4398,#1760,.T.);
#5441=EDGE_CURVE('',#4392,#4395,#1761,.T.);
#5442=EDGE_CURVE('',#4394,#4397,#1762,.T.);
#5443=EDGE_CURVE('',#4398,#4393,#1763,.T.);
#5444=EDGE_CURVE('',#4399,#4400,#1764,.T.);
#5445=EDGE_CURVE('',#4399,#4401,#1765,.T.);
#5446=EDGE_CURVE('',#4401,#4402,#1766,.T.);
#5447=EDGE_CURVE('',#4400,#4402,#1767,.T.);
#5448=EDGE_CURVE('',#4403,#4404,#1768,.T.);
#5449=EDGE_CURVE('',#4403,#4405,#1769,.T.);
#5450=EDGE_CURVE('',#4405,#4406,#1770,.T.);
#5451=EDGE_CURVE('',#4404,#4406,#1771,.T.);
#5452=EDGE_CURVE('',#4400,#4403,#1772,.T.);
#5453=EDGE_CURVE('',#4402,#4405,#1773,.T.);
#5454=EDGE_CURVE('',#4406,#4401,#1774,.T.);
#5455=EDGE_CURVE('',#4407,#4408,#1775,.T.);
#5456=EDGE_CURVE('',#4409,#4407,#1776,.T.);
#5457=EDGE_CURVE('',#4410,#4409,#1777,.T.);
#5458=EDGE_CURVE('',#4408,#4410,#1778,.T.);
#5459=EDGE_CURVE('',#4411,#4412,#1779,.T.);
#5460=EDGE_CURVE('',#4413,#4411,#1780,.T.);
#5461=EDGE_CURVE('',#4414,#4413,#1781,.T.);
#5462=EDGE_CURVE('',#4414,#4412,#1782,.T.);
#5463=EDGE_CURVE('',#4412,#4407,#1783,.T.);
#5464=EDGE_CURVE('',#4409,#4414,#1784,.T.);
#5465=EDGE_CURVE('',#4415,#4408,#1785,.T.);
#5466=EDGE_CURVE('',#4415,#4416,#1786,.T.);
#5467=EDGE_CURVE('',#4417,#4416,#1787,.T.);
#5468=EDGE_CURVE('',#4418,#4417,#1788,.T.);
#5469=EDGE_CURVE('',#4419,#4418,#1789,.T.);
#5470=EDGE_CURVE('',#4419,#4420,#1790,.T.);
#5471=EDGE_CURVE('',#4421,#4420,#1791,.T.);
#5472=EDGE_CURVE('',#4422,#4421,#1792,.T.);
#5473=EDGE_CURVE('',#4411,#4422,#1793,.T.);
#5474=EDGE_CURVE('',#4410,#4423,#1794,.T.);
#5475=EDGE_CURVE('',#4424,#4423,#1795,.T.);
#5476=EDGE_CURVE('',#4425,#4424,#1796,.T.);
#5477=EDGE_CURVE('',#4425,#4426,#1797,.T.);
#5478=EDGE_CURVE('',#4426,#4427,#1798,.T.);
#5479=EDGE_CURVE('',#4427,#4428,#1799,.T.);
#5480=EDGE_CURVE('',#4428,#4429,#1800,.T.);
#5481=EDGE_CURVE('',#4429,#4430,#1801,.T.);
#5482=EDGE_CURVE('',#4430,#4431,#347,.T.);
#5483=EDGE_CURVE('',#4431,#4432,#1802,.T.);
#5484=EDGE_CURVE('',#4432,#4433,#1803,.T.);
#5485=EDGE_CURVE('',#4433,#4434,#1804,.T.);
#5486=EDGE_CURVE('',#4434,#4435,#1805,.T.);
#5487=EDGE_CURVE('',#4435,#4436,#1806,.T.);
#5488=EDGE_CURVE('',#4436,#4437,#1807,.T.);
#5489=EDGE_CURVE('',#4437,#4415,#1808,.T.);
#5490=EDGE_CURVE('',#4438,#4438,#348,.T.);
#5491=EDGE_CURVE('',#4439,#4439,#349,.T.);
#5492=EDGE_CURVE('',#4440,#4440,#350,.T.);
#5493=EDGE_CURVE('',#4441,#4441,#351,.T.);
#5494=EDGE_CURVE('',#4442,#4442,#352,.T.);
#5495=EDGE_CURVE('',#4443,#4443,#353,.T.);
#5496=EDGE_CURVE('',#4444,#4445,#1809,.T.);
#5497=EDGE_CURVE('',#4445,#4446,#1810,.T.);
#5498=EDGE_CURVE('',#4446,#4447,#1811,.T.);
#5499=EDGE_CURVE('',#4447,#4444,#1812,.T.);
#5500=EDGE_CURVE('',#4448,#4449,#1813,.T.);
#5501=EDGE_CURVE('',#4449,#4445,#354,.T.);
#5502=EDGE_CURVE('',#4444,#4448,#355,.T.);
#5503=EDGE_CURVE('',#4450,#4451,#1814,.T.);
#5504=EDGE_CURVE('',#4451,#4449,#1815,.T.);
#5505=EDGE_CURVE('',#4448,#4450,#1816,.T.);
#5506=EDGE_CURVE('',#4446,#4451,#356,.T.);
#5507=EDGE_CURVE('',#4450,#4447,#357,.T.);
#5508=EDGE_CURVE('',#4444,#4452,#1817,.T.);
#5509=EDGE_CURVE('',#4453,#4452,#358,.T.);
#5510=EDGE_CURVE('',#4448,#4453,#1818,.T.);
#5511=EDGE_CURVE('',#4447,#4454,#1819,.T.);
#5512=EDGE_CURVE('',#4452,#4454,#1820,.T.);
#5513=EDGE_CURVE('',#4455,#4456,#1821,.T.);
#5514=EDGE_CURVE('',#4455,#4457,#359,.T.);
#5515=EDGE_CURVE('',#4458,#4457,#1822,.T.);
#5516=EDGE_CURVE('',#4456,#4458,#360,.T.);
#5517=EDGE_CURVE('',#4459,#4460,#1823,.T.);
#5518=EDGE_CURVE('',#4460,#4461,#1824,.T.);
#5519=EDGE_CURVE('',#4461,#4462,#1825,.T.);
#5520=EDGE_CURVE('',#4462,#4459,#1826,.T.);
#5521=EDGE_CURVE('',#4463,#4457,#111,.T.);
#5522=EDGE_CURVE('',#4463,#4464,#1827,.T.);
#5523=EDGE_CURVE('',#4464,#4465,#1828,.T.);
#5524=EDGE_CURVE('',#4465,#4466,#1829,.T.);
#5525=EDGE_CURVE('',#4466,#4467,#1830,.T.);
#5526=EDGE_CURVE('',#4467,#4468,#1831,.T.);
#5527=EDGE_CURVE('',#4468,#4458,#1832,.T.);
#5528=EDGE_CURVE('',#4469,#4456,#1833,.T.);
#5529=EDGE_CURVE('',#4468,#4469,#361,.T.);
#5530=EDGE_CURVE('',#4470,#4455,#1834,.T.);
#5531=EDGE_CURVE('',#4469,#4470,#1835,.T.);
#5532=EDGE_CURVE('',#4464,#4462,#362,.T.);
#5533=EDGE_CURVE('',#4461,#4465,#363,.T.);
#5534=EDGE_CURVE('',#4471,#4455,#112,.F.);
#5535=EDGE_CURVE('',#4470,#4472,#1836,.T.);
#5536=EDGE_CURVE('',#4472,#4471,#1837,.T.);
#5537=EDGE_CURVE('',#4459,#4473,#113,.F.);
#5538=EDGE_CURVE('',#4473,#4474,#1838,.T.);
#5539=EDGE_CURVE('',#4474,#4460,#1839,.T.);
#5540=EDGE_CURVE('',#4473,#4471,#364,.F.);
#5541=EDGE_CURVE('',#4472,#4474,#365,.T.);
#5542=EDGE_CURVE('',#4463,#4459,#366,.T.);
#5543=EDGE_CURVE('',#4475,#4469,#1840,.T.);
#5544=EDGE_CURVE('',#4476,#4475,#1841,.T.);
#5545=EDGE_CURVE('',#4476,#4472,#1842,.T.);
#5546=EDGE_CURVE('',#4477,#4468,#1843,.T.);
#5547=EDGE_CURVE('',#4478,#4477,#367,.T.);
#5548=EDGE_CURVE('',#4479,#4478,#368,.T.);
#5549=EDGE_CURVE('',#4475,#4479,#369,.T.);
#5550=EDGE_CURVE('',#4480,#4465,#1844,.T.);
#5551=EDGE_CURVE('',#4481,#4480,#1845,.T.);
#5552=EDGE_CURVE('',#4482,#4481,#1846,.T.);
#5553=EDGE_CURVE('',#4482,#4483,#1847,.T.);
#5554=EDGE_CURVE('',#4483,#4466,#1848,.T.);
#5555=EDGE_CURVE('',#4467,#4484,#1849,.T.);
#5556=EDGE_CURVE('',#4484,#4485,#1850,.T.);
#5557=EDGE_CURVE('',#4485,#4486,#1851,.T.);
#5558=EDGE_CURVE('',#4486,#4487,#1852,.T.);
#5559=EDGE_CURVE('',#4487,#4488,#1853,.T.);
#5560=EDGE_CURVE('',#4488,#4489,#1854,.T.);
#5561=EDGE_CURVE('',#4489,#4490,#1855,.T.);
#5562=EDGE_CURVE('',#4490,#4491,#1856,.T.);
#5563=EDGE_CURVE('',#4491,#4426,#1857,.T.);
#5564=EDGE_CURVE('',#4492,#4425,#1858,.T.);
#5565=EDGE_CURVE('',#4493,#4492,#1859,.T.);
#5566=EDGE_CURVE('',#4493,#4494,#1860,.T.);
#5567=EDGE_CURVE('',#4494,#4495,#1861,.T.);
#5568=EDGE_CURVE('',#4495,#4496,#1862,.T.);
#5569=EDGE_CURVE('',#4497,#4496,#1863,.T.);
#5570=EDGE_CURVE('',#4498,#4497,#1864,.T.);
#5571=EDGE_CURVE('',#4477,#4498,#1865,.T.);
#5572=EDGE_CURVE('',#4499,#4500,#1866,.T.);
#5573=EDGE_CURVE('',#4499,#4501,#1867,.T.);
#5574=EDGE_CURVE('',#4501,#4502,#1868,.T.);
#5575=EDGE_CURVE('',#4500,#4502,#1869,.T.);
#5576=EDGE_CURVE('',#4503,#4499,#1870,.T.);
#5577=EDGE_CURVE('',#4503,#4504,#1871,.T.);
#5578=EDGE_CURVE('',#4504,#4501,#1872,.T.);
#5579=EDGE_CURVE('',#4505,#4503,#1873,.T.);
#5580=EDGE_CURVE('',#4505,#4506,#1874,.T.);
#5581=EDGE_CURVE('',#4506,#4504,#1875,.T.);
#5582=EDGE_CURVE('',#4507,#4505,#1876,.T.);
#5583=EDGE_CURVE('',#4507,#4508,#1877,.T.);
#5584=EDGE_CURVE('',#4508,#4506,#1878,.T.);
#5585=EDGE_CURVE('',#4509,#4507,#1879,.T.);
#5586=EDGE_CURVE('',#4509,#4510,#1880,.T.);
#5587=EDGE_CURVE('',#4510,#4508,#1881,.T.);
#5588=EDGE_CURVE('',#4511,#4509,#1882,.T.);
#5589=EDGE_CURVE('',#4511,#4512,#1883,.T.);
#5590=EDGE_CURVE('',#4512,#4510,#1884,.T.);
#5591=EDGE_CURVE('',#4500,#4513,#1885,.T.);
#5592=EDGE_CURVE('',#4502,#4514,#1886,.T.);
#5593=EDGE_CURVE('',#4513,#4514,#1887,.T.);
#5594=EDGE_CURVE('',#4514,#4512,#1888,.T.);
#5595=EDGE_CURVE('',#4513,#4515,#1889,.T.);
#5596=EDGE_CURVE('',#4516,#4515,#1890,.T.);
#5597=EDGE_CURVE('',#4497,#4516,#1891,.T.);
#5598=EDGE_CURVE('',#4496,#4517,#1892,.T.);
#5599=EDGE_CURVE('',#4517,#4518,#1893,.T.);
#5600=EDGE_CURVE('',#4518,#4519,#1894,.T.);
#5601=EDGE_CURVE('',#4519,#4520,#1895,.T.);
#5602=EDGE_CURVE('',#4520,#4521,#1896,.T.);
#5603=EDGE_CURVE('',#4521,#4522,#1897,.T.);
#5604=EDGE_CURVE('',#4522,#4493,#1898,.T.);
#5605=EDGE_CURVE('',#4492,#4511,#1899,.T.);
#5606=EDGE_CURVE('',#4523,#4524,#1900,.T.);
#5607=EDGE_CURVE('',#4525,#4523,#1901,.T.);
#5608=EDGE_CURVE('',#4495,#4525,#1902,.T.);
#5609=EDGE_CURVE('',#4526,#4494,#1903,.T.);
#5610=EDGE_CURVE('',#4527,#4526,#1904,.T.);
#5611=EDGE_CURVE('',#4528,#4527,#1905,.T.);
#5612=EDGE_CURVE('',#4529,#4528,#1906,.T.);
#5613=EDGE_CURVE('',#4530,#4529,#1907,.T.);
#5614=EDGE_CURVE('',#4524,#4530,#1908,.T.);
#5615=EDGE_CURVE('',#4531,#4532,#1909,.T.);
#5616=EDGE_CURVE('',#4533,#4531,#1910,.T.);
#5617=EDGE_CURVE('',#4534,#4533,#1911,.T.);
#5618=EDGE_CURVE('',#4535,#4534,#1912,.T.);
#5619=EDGE_CURVE('',#4536,#4535,#1913,.T.);
#5620=EDGE_CURVE('',#4537,#4536,#1914,.T.);
#5621=EDGE_CURVE('',#4538,#4537,#1915,.T.);
#5622=EDGE_CURVE('',#4532,#4538,#1916,.T.);
#5623=EDGE_CURVE('',#4539,#4540,#1917,.T.);
#5624=EDGE_CURVE('',#4541,#4539,#1918,.T.);
#5625=EDGE_CURVE('',#4542,#4541,#1919,.T.);
#5626=EDGE_CURVE('',#4543,#4542,#1920,.T.);
#5627=EDGE_CURVE('',#4544,#4543,#1921,.T.);
#5628=EDGE_CURVE('',#4545,#4544,#1922,.T.);
#5629=EDGE_CURVE('',#4546,#4545,#1923,.T.);
#5630=EDGE_CURVE('',#4540,#4546,#1924,.T.);
#5631=EDGE_CURVE('',#4517,#4525,#1925,.T.);
#5632=EDGE_CURVE('',#4526,#4522,#1926,.T.);
#5633=EDGE_CURVE('',#4547,#4548,#1927,.T.);
#5634=EDGE_CURVE('',#4547,#4529,#1928,.T.);
#5635=EDGE_CURVE('',#4548,#4528,#1929,.T.);
#5636=EDGE_CURVE('',#4530,#4549,#1930,.T.);
#5637=EDGE_CURVE('',#4549,#4550,#1931,.T.);
#5638=EDGE_CURVE('',#4524,#4550,#1932,.T.);
#5639=EDGE_CURVE('',#4523,#4551,#1933,.T.);
#5640=EDGE_CURVE('',#4551,#4552,#1934,.T.);
#5641=EDGE_CURVE('',#4518,#4552,#1935,.T.);
#5642=EDGE_CURVE('',#4521,#4527,#1936,.T.);
#5643=EDGE_CURVE('',#4552,#4549,#1937,.T.);
#5644=EDGE_CURVE('',#4547,#4553,#1938,.T.);
#5645=EDGE_CURVE('',#4553,#4554,#1939,.T.);
#5646=EDGE_CURVE('',#4554,#4555,#1940,.T.);
#5647=EDGE_CURVE('',#4519,#4555,#1941,.T.);
#5648=EDGE_CURVE('',#4543,#4556,#1942,.T.);
#5649=EDGE_CURVE('',#4557,#4556,#1943,.T.);
#5650=EDGE_CURVE('',#4544,#4557,#1944,.T.);
#5651=EDGE_CURVE('',#4542,#4558,#1945,.T.);
#5652=EDGE_CURVE('',#4556,#4558,#1946,.T.);
#5653=EDGE_CURVE('',#4541,#4559,#1947,.T.);
#5654=EDGE_CURVE('',#4559,#4560,#1948,.T.);
#5655=EDGE_CURVE('',#4561,#4560,#1949,.T.);
#5656=EDGE_CURVE('',#4558,#4561,#1950,.T.);
#5657=EDGE_CURVE('',#4539,#4562,#1951,.T.);
#5658=EDGE_CURVE('',#4562,#4559,#1952,.T.);
#5659=EDGE_CURVE('',#4535,#4563,#1953,.T.);
#5660=EDGE_CURVE('',#4564,#4563,#1954,.T.);
#5661=EDGE_CURVE('',#4536,#4564,#1955,.T.);
#5662=EDGE_CURVE('',#4534,#4565,#1956,.T.);
#5663=EDGE_CURVE('',#4565,#4566,#1957,.T.);
#5664=EDGE_CURVE('',#4567,#4566,#1958,.T.);
#5665=EDGE_CURVE('',#4563,#4567,#1959,.T.);
#5666=EDGE_CURVE('',#4533,#4568,#1960,.T.);
#5667=EDGE_CURVE('',#4568,#4565,#1961,.T.);
#5668=EDGE_CURVE('',#4531,#4569,#1962,.T.);
#5669=EDGE_CURVE('',#4570,#4569,#1963,.T.);
#5670=EDGE_CURVE('',#4571,#4570,#1964,.T.);
#5671=EDGE_CURVE('',#4571,#4568,#1965,.T.);
#5672=EDGE_CURVE('',#4572,#4548,#1966,.T.);
#5673=EDGE_CURVE('',#4573,#4572,#1967,.T.);
#5674=EDGE_CURVE('',#4574,#4573,#1968,.T.);
#5675=EDGE_CURVE('',#4575,#4574,#1969,.T.);
#5676=EDGE_CURVE('',#4576,#4575,#1970,.T.);
#5677=EDGE_CURVE('',#4577,#4576,#1971,.T.);
#5678=EDGE_CURVE('',#4578,#4577,#1972,.T.);
#5679=EDGE_CURVE('',#4579,#4578,#1973,.T.);
#5680=EDGE_CURVE('',#4580,#4579,#1974,.T.);
#5681=EDGE_CURVE('',#4581,#4580,#1975,.T.);
#5682=EDGE_CURVE('',#4582,#4581,#1976,.T.);
#5683=EDGE_CURVE('',#4583,#4582,#1977,.T.);
#5684=EDGE_CURVE('',#4584,#4583,#1978,.T.);
#5685=EDGE_CURVE('',#4585,#4584,#1979,.T.);
#5686=EDGE_CURVE('',#4586,#4585,#1980,.T.);
#5687=EDGE_CURVE('',#4587,#4586,#1981,.T.);
#5688=EDGE_CURVE('',#4588,#4587,#1982,.T.);
#5689=EDGE_CURVE('',#4589,#4588,#1983,.T.);
#5690=EDGE_CURVE('',#4590,#4589,#1984,.T.);
#5691=EDGE_CURVE('',#4553,#4590,#1985,.T.);
#5692=EDGE_CURVE('',#4520,#4572,#1986,.T.);
#5693=EDGE_CURVE('',#4540,#4591,#1987,.T.);
#5694=EDGE_CURVE('',#4592,#4591,#1988,.T.);
#5695=EDGE_CURVE('',#4593,#4592,#1989,.T.);
#5696=EDGE_CURVE('',#4593,#4562,#1990,.T.);
#5697=EDGE_CURVE('',#4546,#4594,#1991,.T.);
#5698=EDGE_CURVE('',#4591,#4594,#1992,.T.);
#5699=EDGE_CURVE('',#4545,#4595,#1993,.T.);
#5700=EDGE_CURVE('',#4594,#4595,#1994,.T.);
#5701=EDGE_CURVE('',#4595,#4557,#1995,.T.);
#5702=EDGE_CURVE('',#4532,#4596,#1996,.T.);
#5703=EDGE_CURVE('',#4569,#4596,#1997,.T.);
#5704=EDGE_CURVE('',#4538,#4597,#1998,.T.);
#5705=EDGE_CURVE('',#4596,#4597,#1999,.T.);
#5706=EDGE_CURVE('',#4537,#4598,#2000,.T.);
#5707=EDGE_CURVE('',#4597,#4598,#2001,.T.);
#5708=EDGE_CURVE('',#4574,#4599,#2002,.T.);
#5709=EDGE_CURVE('',#4600,#4599,#2003,.T.);
#5710=EDGE_CURVE('',#4575,#4600,#2004,.T.);
#5711=EDGE_CURVE('',#4573,#4601,#2005,.T.);
#5712=EDGE_CURVE('',#4601,#4602,#2006,.T.);
#5713=EDGE_CURVE('',#4603,#4602,#2007,.T.);
#5714=EDGE_CURVE('',#4599,#4603,#2008,.T.);
#5715=EDGE_CURVE('',#4550,#4551,#2009,.T.);
#5716=EDGE_CURVE('',#4590,#4604,#2010,.T.);
#5717=EDGE_CURVE('',#4604,#4554,#2011,.T.);
#5718=EDGE_CURVE('',#4589,#4605,#2012,.T.);
#5719=EDGE_CURVE('',#4605,#4604,#2013,.T.);
#5720=EDGE_CURVE('',#4555,#4605,#2014,.T.);
#5721=EDGE_CURVE('',#4598,#4564,#2015,.T.);
#5722=EDGE_CURVE('',#4566,#4571,#2016,.T.);
#5723=EDGE_CURVE('',#4585,#4606,#2017,.T.);
#5724=EDGE_CURVE('',#4607,#4606,#2018,.T.);
#5725=EDGE_CURVE('',#4586,#4607,#2019,.T.);
#5726=EDGE_CURVE('',#4584,#4608,#2020,.T.);
#5727=EDGE_CURVE('',#4606,#4608,#2021,.T.);
#5728=EDGE_CURVE('',#4583,#4609,#2022,.T.);
#5729=EDGE_CURVE('',#4608,#4609,#2023,.T.);
#5730=EDGE_CURVE('',#4582,#4610,#2024,.T.);
#5731=EDGE_CURVE('',#4609,#4610,#2025,.T.);
#5732=EDGE_CURVE('',#4581,#4611,#2026,.T.);
#5733=EDGE_CURVE('',#4611,#4612,#2027,.T.);
#5734=EDGE_CURVE('',#4613,#4612,#2028,.T.);
#5735=EDGE_CURVE('',#4610,#4613,#2029,.T.);
#5736=EDGE_CURVE('',#4587,#4614,#2030,.T.);
#5737=EDGE_CURVE('',#4615,#4614,#2031,.T.);
#5738=EDGE_CURVE('',#4616,#4615,#2032,.T.);
#5739=EDGE_CURVE('',#4616,#4617,#2033,.T.);
#5740=EDGE_CURVE('',#4588,#4617,#2034,.T.);
#5741=EDGE_CURVE('',#4614,#4607,#2035,.T.);
#5742=EDGE_CURVE('',#4612,#4616,#2036,.T.);
#5743=EDGE_CURVE('',#4617,#4611,#2037,.T.);
#5744=EDGE_CURVE('',#4577,#4618,#2038,.T.);
#5745=EDGE_CURVE('',#4619,#4618,#2039,.T.);
#5746=EDGE_CURVE('',#4578,#4619,#2040,.T.);
#5747=EDGE_CURVE('',#4576,#4620,#2041,.T.);
#5748=EDGE_CURVE('',#4618,#4620,#2042,.T.);
#5749=EDGE_CURVE('',#4620,#4600,#2043,.T.);
#5750=EDGE_CURVE('',#4579,#4621,#2044,.T.);
#5751=EDGE_CURVE('',#4622,#4621,#2045,.T.);
#5752=EDGE_CURVE('',#4623,#4622,#2046,.T.);
#5753=EDGE_CURVE('',#4623,#4624,#2047,.T.);
#5754=EDGE_CURVE('',#4580,#4624,#2048,.T.);
#5755=EDGE_CURVE('',#4621,#4619,#2049,.T.);
#5756=EDGE_CURVE('',#4624,#4601,#2050,.T.);
#5757=EDGE_CURVE('',#4602,#4623,#2051,.T.);
#5758=EDGE_CURVE('',#4560,#4593,#2052,.T.);
#5759=EDGE_CURVE('',#4570,#4561,#2053,.T.);
#5760=EDGE_CURVE('',#4592,#4625,#2054,.T.);
#5761=EDGE_CURVE('',#4626,#4625,#2055,.T.);
#5762=EDGE_CURVE('',#4627,#4626,#2056,.T.);
#5763=EDGE_CURVE('',#4627,#4628,#2057,.T.);
#5764=EDGE_CURVE('',#4628,#4567,#2058,.T.);
#5765=EDGE_CURVE('',#4629,#4630,#2059,.T.);
#5766=EDGE_CURVE('',#4629,#4631,#2060,.T.);
#5767=EDGE_CURVE('',#4631,#4632,#2061,.T.);
#5768=EDGE_CURVE('',#4632,#4633,#2062,.T.);
#5769=EDGE_CURVE('',#4633,#4634,#2063,.T.);
#5770=EDGE_CURVE('',#4634,#4635,#2064,.T.);
#5771=EDGE_CURVE('',#4635,#4636,#2065,.T.);
#5772=EDGE_CURVE('',#4636,#4637,#2066,.T.);
#5773=EDGE_CURVE('',#4637,#4638,#2067,.T.);
#5774=EDGE_CURVE('',#4638,#4630,#2068,.T.);
#5775=EDGE_CURVE('',#4486,#4639,#2069,.T.);
#5776=EDGE_CURVE('',#4485,#4636,#2070,.T.);
#5777=EDGE_CURVE('',#4640,#4635,#2071,.T.);
#5778=EDGE_CURVE('',#4639,#4640,#2072,.T.);
#5779=EDGE_CURVE('',#4641,#4629,#114,.T.);
#5780=EDGE_CURVE('',#4642,#4641,#2073,.T.);
#5781=EDGE_CURVE('',#4643,#4642,#2074,.T.);
#5782=EDGE_CURVE('',#4643,#4631,#2075,.T.);
#5783=EDGE_CURVE('',#4640,#4644,#2076,.T.);
#5784=EDGE_CURVE('',#4489,#4634,#2077,.T.);
#5785=EDGE_CURVE('',#4644,#4488,#2078,.T.);
#5786=EDGE_CURVE('',#4484,#4637,#2079,.T.);
#5787=EDGE_CURVE('',#4467,#4638,#2080,.T.);
#5788=EDGE_CURVE('',#4630,#4645,#370,.T.);
#5789=EDGE_CURVE('',#4466,#4645,#2081,.T.);
#5790=EDGE_CURVE('',#4645,#4641,#2082,.T.);
#5791=EDGE_CURVE('',#4646,#4483,#2083,.T.);
#5792=EDGE_CURVE('',#4642,#4646,#2084,.T.);
#5793=EDGE_CURVE('',#4647,#4643,#2085,.T.);
#5794=EDGE_CURVE('',#4647,#4632,#2086,.T.);
#5795=EDGE_CURVE('',#4648,#4647,#2087,.T.);
#5796=EDGE_CURVE('',#4491,#4648,#2088,.T.);
#5797=EDGE_CURVE('',#4490,#4633,#2089,.T.);
#5798=EDGE_CURVE('',#4649,#4650,#2090,.T.);
#5799=EDGE_CURVE('',#4651,#4649,#2091,.T.);
#5800=EDGE_CURVE('',#4652,#4651,#2092,.T.);
#5801=EDGE_CURVE('',#4652,#4650,#2093,.T.);
#5802=EDGE_CURVE('',#4653,#4654,#2094,.T.);
#5803=EDGE_CURVE('',#4653,#4655,#2095,.T.);
#5804=EDGE_CURVE('',#4656,#4655,#2096,.T.);
#5805=EDGE_CURVE('',#4654,#4656,#2097,.T.);
#5806=EDGE_CURVE('',#4654,#4657,#2098,.T.);
#5807=EDGE_CURVE('',#4658,#4656,#2099,.T.);
#5808=EDGE_CURVE('',#4657,#4658,#2100,.T.);
#5809=EDGE_CURVE('',#4659,#4660,#2101,.T.);
#5810=EDGE_CURVE('',#4659,#4661,#2102,.T.);
#5811=EDGE_CURVE('',#4661,#4662,#2103,.T.);
#5812=EDGE_CURVE('',#4662,#4663,#2104,.T.);
#5813=EDGE_CURVE('',#4663,#4664,#2105,.T.);
#5814=EDGE_CURVE('',#4664,#4665,#2106,.T.);
#5815=EDGE_CURVE('',#4665,#4658,#2107,.T.);
#5816=EDGE_CURVE('',#4655,#4660,#2108,.T.);
#5817=EDGE_CURVE('',#4657,#4666,#2109,.T.);
#5818=EDGE_CURVE('',#4666,#4665,#2110,.T.);
#5819=EDGE_CURVE('',#4666,#4667,#2111,.T.);
#5820=EDGE_CURVE('',#4667,#4664,#2112,.T.);
#5821=EDGE_CURVE('',#4667,#4668,#2113,.T.);
#5822=EDGE_CURVE('',#4668,#4663,#2114,.T.);
#5823=EDGE_CURVE('',#4668,#4669,#2115,.T.);
#5824=EDGE_CURVE('',#4669,#4662,#2116,.T.);
#5825=EDGE_CURVE('',#4669,#4670,#2117,.T.);
#5826=EDGE_CURVE('',#4670,#4661,#2118,.T.);
#5827=EDGE_CURVE('',#4660,#4649,#115,.T.);
#5828=EDGE_CURVE('',#4651,#4653,#2119,.T.);
#5829=EDGE_CURVE('',#4648,#4671,#2120,.T.);
#5830=EDGE_CURVE('',#4671,#4672,#2121,.T.);
#5831=EDGE_CURVE('',#4672,#4673,#2122,.T.);
#5832=EDGE_CURVE('',#4674,#4673,#2123,.T.);
#5833=EDGE_CURVE('',#4427,#4674,#2124,.T.);
#5834=EDGE_CURVE('',#4487,#4675,#2125,.T.);
#5835=EDGE_CURVE('',#4675,#4644,#2126,.T.);
#5836=EDGE_CURVE('',#4639,#4675,#2127,.T.);
#5837=EDGE_CURVE('',#4676,#4482,#2128,.T.);
#5838=EDGE_CURVE('',#4676,#4670,#2129,.T.);
#5839=EDGE_CURVE('',#4650,#4659,#371,.T.);
#5840=EDGE_CURVE('',#4652,#4646,#2130,.T.);
#5841=EDGE_CURVE('',#4626,#4677,#372,.T.);
#5842=EDGE_CURVE('',#4625,#4678,#373,.T.);
#5843=EDGE_CURVE('',#4677,#4678,#2131,.T.);
#5844=EDGE_CURVE('',#4679,#4627,#374,.T.);
#5845=EDGE_CURVE('',#4679,#4680,#2132,.T.);
#5846=EDGE_CURVE('',#4680,#4628,#375,.T.);
#5847=EDGE_CURVE('',#4615,#4680,#2133,.T.);
#5848=EDGE_CURVE('',#4677,#4679,#2134,.T.);
#5849=EDGE_CURVE('',#4678,#4603,#2135,.T.);
#5850=EDGE_CURVE('',#4622,#4613,#2136,.T.);
#5851=EDGE_CURVE('',#4421,#4681,#2137,.T.);
#5852=EDGE_CURVE('',#4420,#4682,#2138,.T.);
#5853=EDGE_CURVE('',#4681,#4682,#2139,.T.);
#5854=EDGE_CURVE('',#4682,#4676,#2140,.T.);
#5855=EDGE_CURVE('',#4683,#4419,#2141,.T.);
#5856=EDGE_CURVE('',#4684,#4683,#2142,.T.);
#5857=EDGE_CURVE('',#4685,#4684,#2143,.T.);
#5858=EDGE_CURVE('',#4686,#4685,#2144,.T.);
#5859=EDGE_CURVE('',#4687,#4686,#2145,.T.);
#5860=EDGE_CURVE('',#4688,#4687,#2146,.T.);
#5861=EDGE_CURVE('',#4689,#4688,#2147,.T.);
#5862=EDGE_CURVE('',#4690,#4689,#2148,.T.);
#5863=EDGE_CURVE('',#4671,#4690,#2149,.T.);
#5864=EDGE_CURVE('',#4691,#4413,#2150,.T.);
#5865=EDGE_CURVE('',#4691,#4681,#2151,.T.);
#5866=EDGE_CURVE('',#4481,#4692,#2152,.T.);
#5867=EDGE_CURVE('',#4423,#4692,#2153,.T.);
#5868=EDGE_CURVE('',#4690,#4693,#2154,.T.);
#5869=EDGE_CURVE('',#4672,#4693,#2155,.T.);
#5870=EDGE_CURVE('',#4694,#4689,#2156,.T.);
#5871=EDGE_CURVE('',#4695,#4694,#2157,.T.);
#5872=EDGE_CURVE('',#4696,#4695,#2158,.T.);
#5873=EDGE_CURVE('',#4693,#4696,#2159,.T.);
#5874=EDGE_CURVE('',#4688,#4697,#2160,.T.);
#5875=EDGE_CURVE('',#4697,#4698,#2161,.T.);
#5876=EDGE_CURVE('',#4698,#4699,#376,.T.);
#5877=EDGE_CURVE('',#4699,#4694,#2162,.T.);
#5878=EDGE_CURVE('',#4687,#4700,#2163,.T.);
#5879=EDGE_CURVE('',#4700,#4701,#2164,.T.);
#5880=EDGE_CURVE('',#4702,#4701,#2165,.T.);
#5881=EDGE_CURVE('',#4697,#4702,#2166,.T.);
#5882=EDGE_CURVE('',#4703,#4418,#2167,.T.);
#5883=EDGE_CURVE('',#4683,#4703,#2168,.T.);
#5884=EDGE_CURVE('',#4686,#4704,#2169,.T.);
#5885=EDGE_CURVE('',#4700,#4704,#2170,.T.);
#5886=EDGE_CURVE('',#4684,#4705,#2171,.T.);
#5887=EDGE_CURVE('',#4705,#4706,#2172,.T.);
#5888=EDGE_CURVE('',#4706,#4685,#2173,.T.);
#5889=EDGE_CURVE('',#4422,#4691,#2174,.T.);
#5890=EDGE_CURVE('',#4707,#4699,#2175,.T.);
#5891=EDGE_CURVE('',#4707,#4695,#2176,.T.);
#5892=EDGE_CURVE('',#4703,#4708,#2177,.T.);
#5893=EDGE_CURVE('',#4709,#4708,#2178,.T.);
#5894=EDGE_CURVE('',#4705,#4709,#2179,.T.);
#5895=EDGE_CURVE('',#4710,#4436,#2180,.T.);
#5896=EDGE_CURVE('',#4711,#4710,#2181,.T.);
#5897=EDGE_CURVE('',#4437,#4711,#2182,.T.);
#5898=EDGE_CURVE('',#4708,#4417,#2183,.T.);
#5899=EDGE_CURVE('',#4416,#4711,#2184,.T.);
#5900=EDGE_CURVE('',#4429,#4712,#2185,.T.);
#5901=EDGE_CURVE('',#4428,#4713,#2186,.T.);
#5902=EDGE_CURVE('',#4712,#4713,#2187,.T.);
#5903=EDGE_CURVE('',#4713,#4674,#2188,.T.);
#5904=EDGE_CURVE('',#4673,#4696,#2189,.T.);
#5905=EDGE_CURVE('',#4435,#4714,#2190,.T.);
#5906=EDGE_CURVE('',#4434,#4715,#2191,.T.);
#5907=EDGE_CURVE('',#4714,#4715,#2192,.T.);
#5908=EDGE_CURVE('',#4716,#4432,#2193,.T.);
#5909=EDGE_CURVE('',#4717,#4716,#2194,.T.);
#5910=EDGE_CURVE('',#4433,#4717,#2195,.T.);
#5911=EDGE_CURVE('',#4715,#4717,#2196,.T.);
#5912=EDGE_CURVE('',#4718,#4706,#2197,.T.);
#5913=EDGE_CURVE('',#4719,#4718,#2198,.T.);
#5914=EDGE_CURVE('',#4704,#4719,#2199,.T.);
#5915=EDGE_CURVE('',#4701,#4719,#2200,.T.);
#5916=EDGE_CURVE('',#4712,#4720,#2201,.T.);
#5917=EDGE_CURVE('',#4430,#4720,#2202,.T.);
#5918=EDGE_CURVE('',#4702,#4721,#2203,.T.);
#5919=EDGE_CURVE('',#4698,#4721,#2204,.T.);
#5920=EDGE_CURVE('',#4722,#4431,#2205,.T.);
#5921=EDGE_CURVE('',#4722,#4716,#2206,.T.);
#5922=EDGE_CURVE('',#4720,#4707,#377,.T.);
#5923=EDGE_CURVE('',#4709,#4718,#2207,.T.);
#5924=EDGE_CURVE('',#4714,#4710,#2208,.T.);
#5925=EDGE_CURVE('',#4721,#4722,#378,.T.);
#5926=EDGE_CURVE('',#4723,#4723,#379,.T.);
#5927=EDGE_CURVE('',#4724,#4724,#380,.T.);
#5928=EDGE_CURVE('',#4725,#4453,#2209,.T.);
#5929=EDGE_CURVE('',#4450,#4725,#2210,.T.);
#5930=EDGE_CURVE('',#4454,#4725,#381,.T.);
#5931=EDGE_CURVE('',#4726,#4461,#2211,.T.);
#5932=EDGE_CURVE('',#4480,#4726,#382,.T.);
#5933=EDGE_CURVE('',#4727,#4474,#2212,.T.);
#5934=EDGE_CURVE('',#4726,#4727,#2213,.T.);
#5935=EDGE_CURVE('',#4728,#4476,#383,.T.);
#5936=EDGE_CURVE('',#4727,#4728,#384,.T.);
#5937=EDGE_CURVE('',#4399,#4396,#2214,.T.);
#5938=EDGE_CURVE('',#4728,#4404,#2215,.T.);
#5939=EDGE_CURVE('',#4391,#4479,#2216,.T.);
#5940=EDGE_CURVE('',#4478,#4729,#2217,.T.);
#5941=EDGE_CURVE('',#4479,#4729,#2218,.T.);
#5942=EDGE_CURVE('',#4498,#4478,#2219,.T.);
#5943=EDGE_CURVE('',#4692,#4728,#2220,.T.);
#5944=EDGE_CURVE('',#4515,#4424,#2221,.T.);
#5945=EDGE_CURVE('',#4729,#4516,#2222,.T.);
#5946=EDGE_CURVE('',#4730,#4731,#116,.T.);
#5947=EDGE_CURVE('',#4731,#4732,#2223,.T.);
#5948=EDGE_CURVE('',#4732,#4733,#117,.T.);
#5949=EDGE_CURVE('',#4733,#4734,#385,.T.);
#5950=EDGE_CURVE('',#4734,#4735,#2224,.T.);
#5951=EDGE_CURVE('',#4735,#4730,#386,.T.);
#5952=EDGE_CURVE('',#4736,#4734,#2225,.T.);
#5953=EDGE_CURVE('',#4737,#4736,#2226,.T.);
#5954=EDGE_CURVE('',#4735,#4737,#2227,.T.);
#5955=EDGE_CURVE('',#4738,#4739,#387,.F.);
#5956=EDGE_CURVE('',#4738,#4740,#2228,.T.);
#5957=EDGE_CURVE('',#4741,#4740,#388,.F.);
#5958=EDGE_CURVE('',#4742,#4741,#118,.F.);
#5959=EDGE_CURVE('',#4742,#4743,#2229,.T.);
#5960=EDGE_CURVE('',#4739,#4743,#119,.F.);
#5961=EDGE_CURVE('',#4744,#4742,#389,.T.);
#5962=EDGE_CURVE('',#4745,#4744,#2230,.T.);
#5963=EDGE_CURVE('',#4745,#4743,#390,.T.);
#5964=EDGE_CURVE('',#4746,#4747,#120,.F.);
#5965=EDGE_CURVE('',#4746,#4748,#2231,.T.);
#5966=EDGE_CURVE('',#4748,#4749,#121,.T.);
#5967=EDGE_CURVE('',#4750,#4749,#122,.F.);
#5968=EDGE_CURVE('',#4751,#4750,#55,.F.);
#5969=EDGE_CURVE('',#4752,#4751,#2232,.T.);
#5970=EDGE_CURVE('',#4752,#4747,#56,.T.);
#5971=EDGE_CURVE('',#4753,#4754,#57,.T.);
#5972=EDGE_CURVE('',#4754,#4755,#123,.T.);
#5973=EDGE_CURVE('',#4756,#4755,#124,.F.);
#5974=EDGE_CURVE('',#4756,#4757,#2233,.T.);
#5975=EDGE_CURVE('',#4757,#4758,#125,.T.);
#5976=EDGE_CURVE('',#4759,#4758,#58,.F.);
#5977=EDGE_CURVE('',#4753,#4759,#2234,.T.);
#5978=EDGE_CURVE('',#4760,#4746,#2235,.T.);
#5979=EDGE_CURVE('',#4761,#4760,#126,.T.);
#5980=EDGE_CURVE('',#4762,#4761,#2236,.T.);
#5981=EDGE_CURVE('',#4763,#4762,#127,.T.);
#5982=EDGE_CURVE('',#4764,#4763,#2237,.T.);
#5983=EDGE_CURVE('',#4765,#4764,#128,.T.);
#5984=EDGE_CURVE('',#4766,#4765,#2238,.T.);
#5985=EDGE_CURVE('',#4767,#4766,#2239,.T.);
#5986=EDGE_CURVE('',#4768,#4767,#2240,.T.);
#5987=EDGE_CURVE('',#4769,#4768,#129,.T.);
#5988=EDGE_CURVE('',#4770,#4769,#2241,.T.);
#5989=EDGE_CURVE('',#4771,#4770,#130,.T.);
#5990=EDGE_CURVE('',#4772,#4771,#2242,.T.);
#5991=EDGE_CURVE('',#4748,#4772,#131,.T.);
#5992=EDGE_CURVE('',#4773,#4756,#132,.T.);
#5993=EDGE_CURVE('',#4774,#4773,#2243,.T.);
#5994=EDGE_CURVE('',#4775,#4774,#133,.T.);
#5995=EDGE_CURVE('',#4776,#4775,#2244,.T.);
#5996=EDGE_CURVE('',#4777,#4776,#134,.T.);
#5997=EDGE_CURVE('',#4778,#4777,#2245,.T.);
#5998=EDGE_CURVE('',#4779,#4778,#2246,.T.);
#5999=EDGE_CURVE('',#4780,#4779,#2247,.T.);
#6000=EDGE_CURVE('',#4781,#4780,#135,.T.);
#6001=EDGE_CURVE('',#4782,#4781,#2248,.T.);
#6002=EDGE_CURVE('',#4783,#4782,#136,.T.);
#6003=EDGE_CURVE('',#4784,#4783,#2249,.T.);
#6004=EDGE_CURVE('',#4785,#4784,#137,.T.);
#6005=EDGE_CURVE('',#4757,#4785,#2250,.T.);
#6006=EDGE_CURVE('',#4779,#4766,#2251,.T.);
#6007=EDGE_CURVE('',#4778,#4767,#2252,.T.);
#6008=EDGE_CURVE('',#4777,#4768,#2253,.T.);
#6009=EDGE_CURVE('',#4781,#4764,#2254,.T.);
#6010=EDGE_CURVE('',#4780,#4765,#2255,.T.);
#6011=EDGE_CURVE('',#4782,#4763,#2256,.T.);
#6012=EDGE_CURVE('',#4783,#4762,#2257,.T.);
#6013=EDGE_CURVE('',#4784,#4761,#2258,.T.);
#6014=EDGE_CURVE('',#4785,#4760,#2259,.T.);
#6015=EDGE_CURVE('',#4747,#4758,#2260,.T.);
#6016=EDGE_CURVE('',#4786,#4752,#391,.T.);
#6017=EDGE_CURVE('',#4787,#4786,#2261,.T.);
#6018=EDGE_CURVE('',#4759,#4787,#392,.T.);
#6019=EDGE_CURVE('',#4741,#4733,#2262,.T.);
#6020=EDGE_CURVE('',#4788,#4732,#393,.T.);
#6021=EDGE_CURVE('',#4744,#4788,#2263,.T.);
#6022=EDGE_CURVE('',#4789,#4731,#394,.T.);
#6023=EDGE_CURVE('',#4789,#4788,#2264,.T.);
#6024=EDGE_CURVE('',#4730,#4739,#2265,.T.);
#6025=EDGE_CURVE('',#4789,#4745,#2266,.T.);
#6026=EDGE_CURVE('',#4790,#4738,#2267,.T.);
#6027=EDGE_CURVE('',#4791,#4790,#2268,.T.);
#6028=EDGE_CURVE('',#4740,#4791,#2269,.T.);
#6029=EDGE_CURVE('',#4787,#4791,#2270,.T.);
#6030=EDGE_CURVE('',#4790,#4792,#2271,.T.);
#6031=EDGE_CURVE('',#4792,#4753,#395,.T.);
#6032=EDGE_CURVE('',#4751,#4793,#396,.T.);
#6033=EDGE_CURVE('',#4793,#4737,#2272,.T.);
#6034=EDGE_CURVE('',#4736,#4786,#2273,.T.);
#6035=EDGE_CURVE('',#4776,#4769,#2274,.T.);
#6036=EDGE_CURVE('',#4775,#4770,#2275,.T.);
#6037=EDGE_CURVE('',#4774,#4771,#2276,.T.);
#6038=EDGE_CURVE('',#4773,#4772,#2277,.T.);
#6039=EDGE_CURVE('',#4755,#4749,#2278,.T.);
#6040=EDGE_CURVE('',#4754,#4750,#2279,.T.);
#6041=EDGE_CURVE('',#4792,#4793,#2280,.T.);
#6042=EDGE_CURVE('',#4794,#4795,#2281,.T.);
#6043=EDGE_CURVE('',#4795,#4796,#2282,.T.);
#6044=EDGE_CURVE('',#4796,#4789,#2283,.T.);
#6045=EDGE_CURVE('',#4745,#4797,#2284,.T.);
#6046=EDGE_CURVE('',#4797,#4794,#2285,.T.);
#6047=EDGE_CURVE('',#4798,#4795,#2286,.T.);
#6048=EDGE_CURVE('',#4799,#4798,#2287,.T.);
#6049=EDGE_CURVE('',#4796,#4799,#2288,.T.);
#6050=EDGE_CURVE('',#4788,#4799,#2289,.T.);
#6051=EDGE_CURVE('',#4800,#4744,#2290,.T.);
#6052=EDGE_CURVE('',#4797,#4800,#2291,.T.);
#6053=EDGE_CURVE('',#4801,#4800,#2292,.T.);
#6054=EDGE_CURVE('',#4794,#4801,#2293,.T.);
#6055=EDGE_CURVE('',#4798,#4801,#2294,.T.);
#6056=EDGE_CURVE('',#4802,#4803,#138,.T.);
#6057=EDGE_CURVE('',#4803,#4804,#2295,.T.);
#6058=EDGE_CURVE('',#4804,#4805,#139,.T.);
#6059=EDGE_CURVE('',#4805,#4806,#397,.T.);
#6060=EDGE_CURVE('',#4806,#4807,#2296,.T.);
#6061=EDGE_CURVE('',#4807,#4802,#398,.T.);
#6062=EDGE_CURVE('',#4808,#4806,#2297,.T.);
#6063=EDGE_CURVE('',#4809,#4808,#2298,.T.);
#6064=EDGE_CURVE('',#4807,#4809,#2299,.T.);
#6065=EDGE_CURVE('',#4810,#4811,#399,.F.);
#6066=EDGE_CURVE('',#4810,#4812,#2300,.T.);
#6067=EDGE_CURVE('',#4813,#4812,#400,.F.);
#6068=EDGE_CURVE('',#4814,#4813,#140,.F.);
#6069=EDGE_CURVE('',#4814,#4815,#2301,.T.);
#6070=EDGE_CURVE('',#4811,#4815,#141,.F.);
#6071=EDGE_CURVE('',#4816,#4814,#401,.T.);
#6072=EDGE_CURVE('',#4817,#4816,#2302,.T.);
#6073=EDGE_CURVE('',#4817,#4815,#402,.T.);
#6074=EDGE_CURVE('',#4818,#4819,#59,.T.);
#6075=EDGE_CURVE('',#4819,#4820,#142,.T.);
#6076=EDGE_CURVE('',#4821,#4820,#143,.F.);
#6077=EDGE_CURVE('',#4821,#4822,#2303,.T.);
#6078=EDGE_CURVE('',#4822,#4823,#144,.T.);
#6079=EDGE_CURVE('',#4824,#4823,#60,.F.);
#6080=EDGE_CURVE('',#4818,#4824,#2304,.T.);
#6081=EDGE_CURVE('',#4825,#4826,#145,.F.);
#6082=EDGE_CURVE('',#4825,#4827,#2305,.T.);
#6083=EDGE_CURVE('',#4827,#4828,#146,.T.);
#6084=EDGE_CURVE('',#4829,#4828,#147,.F.);
#6085=EDGE_CURVE('',#4830,#4829,#61,.F.);
#6086=EDGE_CURVE('',#4831,#4830,#2306,.T.);
#6087=EDGE_CURVE('',#4831,#4826,#62,.T.);
#6088=EDGE_CURVE('',#4832,#4821,#148,.T.);
#6089=EDGE_CURVE('',#4833,#4832,#2307,.T.);
#6090=EDGE_CURVE('',#4834,#4833,#149,.T.);
#6091=EDGE_CURVE('',#4835,#4834,#2308,.T.);
#6092=EDGE_CURVE('',#4836,#4835,#150,.T.);
#6093=EDGE_CURVE('',#4837,#4836,#2309,.T.);
#6094=EDGE_CURVE('',#4838,#4837,#2310,.T.);
#6095=EDGE_CURVE('',#4839,#4838,#2311,.T.);
#6096=EDGE_CURVE('',#4840,#4839,#151,.T.);
#6097=EDGE_CURVE('',#4841,#4840,#2312,.T.);
#6098=EDGE_CURVE('',#4842,#4841,#152,.T.);
#6099=EDGE_CURVE('',#4843,#4842,#2313,.T.);
#6100=EDGE_CURVE('',#4844,#4843,#153,.T.);
#6101=EDGE_CURVE('',#4822,#4844,#2314,.T.);
#6102=EDGE_CURVE('',#4845,#4825,#2315,.T.);
#6103=EDGE_CURVE('',#4846,#4845,#154,.T.);
#6104=EDGE_CURVE('',#4847,#4846,#2316,.T.);
#6105=EDGE_CURVE('',#4848,#4847,#155,.T.);
#6106=EDGE_CURVE('',#4849,#4848,#2317,.T.);
#6107=EDGE_CURVE('',#4850,#4849,#156,.T.);
#6108=EDGE_CURVE('',#4851,#4850,#2318,.T.);
#6109=EDGE_CURVE('',#4852,#4851,#2319,.T.);
#6110=EDGE_CURVE('',#4853,#4852,#2320,.T.);
#6111=EDGE_CURVE('',#4854,#4853,#157,.T.);
#6112=EDGE_CURVE('',#4855,#4854,#2321,.T.);
#6113=EDGE_CURVE('',#4856,#4855,#158,.T.);
#6114=EDGE_CURVE('',#4857,#4856,#2322,.T.);
#6115=EDGE_CURVE('',#4827,#4857,#159,.T.);
#6116=EDGE_CURVE('',#4853,#4836,#2323,.T.);
#6117=EDGE_CURVE('',#4852,#4837,#2324,.T.);
#6118=EDGE_CURVE('',#4851,#4838,#2325,.T.);
#6119=EDGE_CURVE('',#4850,#4839,#2326,.T.);
#6120=EDGE_CURVE('',#4854,#4835,#2327,.T.);
#6121=EDGE_CURVE('',#4855,#4834,#2328,.T.);
#6122=EDGE_CURVE('',#4856,#4833,#2329,.T.);
#6123=EDGE_CURVE('',#4857,#4832,#2330,.T.);
#6124=EDGE_CURVE('',#4820,#4828,#2331,.T.);
#6125=EDGE_CURVE('',#4829,#4819,#2332,.T.);
#6126=EDGE_CURVE('',#4858,#4818,#403,.T.);
#6127=EDGE_CURVE('',#4859,#4858,#2333,.T.);
#6128=EDGE_CURVE('',#4830,#4859,#404,.T.);
#6129=EDGE_CURVE('',#4813,#4805,#2334,.T.);
#6130=EDGE_CURVE('',#4860,#4804,#405,.T.);
#6131=EDGE_CURVE('',#4816,#4860,#2335,.T.);
#6132=EDGE_CURVE('',#4861,#4803,#406,.T.);
#6133=EDGE_CURVE('',#4861,#4860,#2336,.T.);
#6134=EDGE_CURVE('',#4811,#4802,#2337,.T.);
#6135=EDGE_CURVE('',#4861,#4817,#2338,.T.);
#6136=EDGE_CURVE('',#4862,#4810,#2339,.T.);
#6137=EDGE_CURVE('',#4863,#4862,#2340,.T.);
#6138=EDGE_CURVE('',#4812,#4863,#2341,.T.);
#6139=EDGE_CURVE('',#4859,#4863,#2342,.T.);
#6140=EDGE_CURVE('',#4862,#4864,#2343,.T.);
#6141=EDGE_CURVE('',#4864,#4831,#407,.T.);
#6142=EDGE_CURVE('',#4865,#4809,#2344,.T.);
#6143=EDGE_CURVE('',#4864,#4865,#2345,.T.);
#6144=EDGE_CURVE('',#4824,#4865,#408,.T.);
#6145=EDGE_CURVE('',#4808,#4858,#2346,.T.);
#6146=EDGE_CURVE('',#4849,#4840,#2347,.T.);
#6147=EDGE_CURVE('',#4848,#4841,#2348,.T.);
#6148=EDGE_CURVE('',#4847,#4842,#2349,.T.);
#6149=EDGE_CURVE('',#4846,#4843,#2350,.T.);
#6150=EDGE_CURVE('',#4845,#4844,#2351,.T.);
#6151=EDGE_CURVE('',#4826,#4823,#2352,.T.);
#6152=EDGE_CURVE('',#4866,#4867,#2353,.T.);
#6153=EDGE_CURVE('',#4867,#4868,#2354,.T.);
#6154=EDGE_CURVE('',#4868,#4861,#2355,.T.);
#6155=EDGE_CURVE('',#4817,#4869,#2356,.T.);
#6156=EDGE_CURVE('',#4869,#4866,#2357,.T.);
#6157=EDGE_CURVE('',#4870,#4867,#2358,.T.);
#6158=EDGE_CURVE('',#4871,#4870,#2359,.T.);
#6159=EDGE_CURVE('',#4868,#4871,#2360,.T.);
#6160=EDGE_CURVE('',#4860,#4871,#2361,.T.);
#6161=EDGE_CURVE('',#4872,#4816,#2362,.T.);
#6162=EDGE_CURVE('',#4869,#4872,#2363,.T.);
#6163=EDGE_CURVE('',#4873,#4872,#2364,.T.);
#6164=EDGE_CURVE('',#4866,#4873,#2365,.T.);
#6165=EDGE_CURVE('',#4870,#4873,#2366,.T.);
#6166=EDGE_CURVE('',#4874,#4875,#409,.T.);
#6167=EDGE_CURVE('',#4875,#4876,#2367,.T.);
#6168=EDGE_CURVE('',#4876,#4877,#410,.T.);
#6169=EDGE_CURVE('',#4877,#4874,#2368,.T.);
#6170=EDGE_CURVE('',#4878,#4875,#2369,.T.);
#6171=EDGE_CURVE('',#4879,#4878,#2370,.T.);
#6172=EDGE_CURVE('',#4876,#4879,#2371,.T.);
#6173=EDGE_CURVE('',#4880,#4879,#411,.T.);
#6174=EDGE_CURVE('',#4878,#4881,#412,.T.);
#6175=EDGE_CURVE('',#4881,#4880,#2372,.T.);
#6176=EDGE_CURVE('',#4882,#4881,#2373,.T.);
#6177=EDGE_CURVE('',#4883,#4882,#2374,.T.);
#6178=EDGE_CURVE('',#4880,#4883,#2375,.T.);
#6179=EDGE_CURVE('',#4874,#4884,#2376,.T.);
#6180=EDGE_CURVE('',#4884,#4885,#2377,.T.);
#6181=EDGE_CURVE('',#4885,#4886,#2378,.T.);
#6182=EDGE_CURVE('',#4887,#4886,#413,.T.);
#6183=EDGE_CURVE('',#4887,#4888,#2379,.T.);
#6184=EDGE_CURVE('',#4889,#4888,#414,.T.);
#6185=EDGE_CURVE('',#4889,#4890,#2380,.T.);
#6186=EDGE_CURVE('',#4890,#4891,#2381,.T.);
#6187=EDGE_CURVE('',#4891,#4892,#2382,.T.);
#6188=EDGE_CURVE('',#4893,#4892,#415,.T.);
#6189=EDGE_CURVE('',#4893,#4894,#2383,.T.);
#6190=EDGE_CURVE('',#4895,#4894,#416,.T.);
#6191=EDGE_CURVE('',#4895,#4896,#2384,.T.);
#6192=EDGE_CURVE('',#4896,#4897,#2385,.T.);
#6193=EDGE_CURVE('',#4897,#4898,#2386,.T.);
#6194=EDGE_CURVE('',#4898,#4899,#2387,.T.);
#6195=EDGE_CURVE('',#4900,#4899,#417,.T.);
#6196=EDGE_CURVE('',#4900,#4901,#2388,.T.);
#6197=EDGE_CURVE('',#4901,#4902,#2389,.T.);
#6198=EDGE_CURVE('',#4902,#4903,#2390,.T.);
#6199=EDGE_CURVE('',#4903,#4904,#2391,.T.);
#6200=EDGE_CURVE('',#4904,#4905,#2392,.T.);
#6201=EDGE_CURVE('',#4882,#4905,#2393,.T.);
#6202=EDGE_CURVE('',#4899,#4906,#2394,.T.);
#6203=EDGE_CURVE('',#4906,#4907,#418,.T.);
#6204=EDGE_CURVE('',#4907,#4900,#2395,.T.);
#6205=EDGE_CURVE('',#4898,#4908,#2396,.T.);
#6206=EDGE_CURVE('',#4906,#4908,#2397,.T.);
#6207=EDGE_CURVE('',#4909,#4910,#419,.T.);
#6208=EDGE_CURVE('',#4910,#4887,#2398,.T.);
#6209=EDGE_CURVE('',#4886,#4909,#2399,.T.);
#6210=EDGE_CURVE('',#4911,#4910,#2400,.T.);
#6211=EDGE_CURVE('',#4888,#4911,#2401,.T.);
#6212=EDGE_CURVE('',#4911,#4912,#420,.T.);
#6213=EDGE_CURVE('',#4912,#4889,#2402,.T.);
#6214=EDGE_CURVE('',#4894,#4913,#2403,.T.);
#6215=EDGE_CURVE('',#4913,#4914,#421,.T.);
#6216=EDGE_CURVE('',#4914,#4895,#2404,.T.);
#6217=EDGE_CURVE('',#4915,#4893,#2405,.T.);
#6218=EDGE_CURVE('',#4913,#4915,#2406,.T.);
#6219=EDGE_CURVE('',#4892,#4916,#2407,.T.);
#6220=EDGE_CURVE('',#4916,#4915,#422,.T.);
#6221=EDGE_CURVE('',#4917,#4891,#423,.T.);
#6222=EDGE_CURVE('',#4917,#4918,#2408,.T.);
#6223=EDGE_CURVE('',#4918,#4919,#2409,.T.);
#6224=EDGE_CURVE('',#4919,#4920,#2410,.T.);
#6225=EDGE_CURVE('',#4920,#4921,#424,.T.);
#6226=EDGE_CURVE('',#4921,#4916,#2411,.T.);
#6227=EDGE_CURVE('',#4905,#4922,#2412,.T.);
#6228=EDGE_CURVE('',#4922,#4883,#2413,.T.);
#6229=EDGE_CURVE('',#4904,#4923,#2414,.T.);
#6230=EDGE_CURVE('',#4922,#4923,#2415,.T.);
#6231=EDGE_CURVE('',#4919,#4924,#2416,.T.);
#6232=EDGE_CURVE('',#4925,#4918,#2417,.T.);
#6233=EDGE_CURVE('',#4926,#4925,#160,.T.);
#6234=EDGE_CURVE('',#4927,#4926,#2418,.T.);
#6235=EDGE_CURVE('',#4928,#4927,#161,.T.);
#6236=EDGE_CURVE('',#4929,#4928,#2419,.T.);
#6237=EDGE_CURVE('',#4930,#4929,#162,.T.);
#6238=EDGE_CURVE('',#4931,#4930,#2420,.T.);
#6239=EDGE_CURVE('',#4932,#4931,#2421,.T.);
#6240=EDGE_CURVE('',#4933,#4932,#2422,.T.);
#6241=EDGE_CURVE('',#4934,#4933,#163,.T.);
#6242=EDGE_CURVE('',#4935,#4934,#2423,.T.);
#6243=EDGE_CURVE('',#4936,#4935,#164,.T.);
#6244=EDGE_CURVE('',#4937,#4936,#2424,.T.);
#6245=EDGE_CURVE('',#4924,#4937,#165,.T.);
#6246=EDGE_CURVE('',#4938,#4939,#2425,.T.);
#6247=EDGE_CURVE('',#4940,#4938,#166,.T.);
#6248=EDGE_CURVE('',#4941,#4940,#2426,.T.);
#6249=EDGE_CURVE('',#4942,#4941,#167,.T.);
#6250=EDGE_CURVE('',#4943,#4942,#2427,.T.);
#6251=EDGE_CURVE('',#4944,#4943,#168,.T.);
#6252=EDGE_CURVE('',#4945,#4944,#2428,.T.);
#6253=EDGE_CURVE('',#4946,#4945,#2429,.T.);
#6254=EDGE_CURVE('',#4947,#4946,#2430,.T.);
#6255=EDGE_CURVE('',#4948,#4947,#169,.T.);
#6256=EDGE_CURVE('',#4949,#4948,#2431,.T.);
#6257=EDGE_CURVE('',#4950,#4949,#170,.T.);
#6258=EDGE_CURVE('',#4951,#4950,#2432,.T.);
#6259=EDGE_CURVE('',#4952,#4951,#171,.T.);
#6260=EDGE_CURVE('',#4953,#4952,#2433,.T.);
#6261=EDGE_CURVE('',#4939,#4953,#2434,.T.);
#6262=EDGE_CURVE('',#4931,#4946,#2435,.T.);
#6263=EDGE_CURVE('',#4932,#4945,#2436,.T.);
#6264=EDGE_CURVE('',#4930,#4947,#2437,.T.);
#6265=EDGE_CURVE('',#4929,#4948,#2438,.T.);
#6266=EDGE_CURVE('',#4928,#4949,#2439,.T.);
#6267=EDGE_CURVE('',#4927,#4950,#2440,.T.);
#6268=EDGE_CURVE('',#4926,#4951,#2441,.T.);
#6269=EDGE_CURVE('',#4925,#4952,#2442,.T.);
#6270=EDGE_CURVE('',#4912,#4954,#2443,.T.);
#6271=EDGE_CURVE('',#4955,#4954,#425,.T.);
#6272=EDGE_CURVE('',#4955,#4939,#2444,.T.);
#6273=EDGE_CURVE('',#4953,#4956,#2445,.T.);
#6274=EDGE_CURVE('',#4956,#4890,#426,.T.);
#6275=EDGE_CURVE('',#4917,#4956,#2446,.T.);
#6276=EDGE_CURVE('',#4920,#4955,#2447,.T.);
#6277=EDGE_CURVE('',#4954,#4921,#2448,.T.);
#6278=EDGE_CURVE('',#4933,#4944,#2449,.T.);
#6279=EDGE_CURVE('',#4934,#4943,#2450,.T.);
#6280=EDGE_CURVE('',#4935,#4942,#2451,.T.);
#6281=EDGE_CURVE('',#4936,#4941,#2452,.T.);
#6282=EDGE_CURVE('',#4937,#4940,#2453,.T.);
#6283=EDGE_CURVE('',#4924,#4938,#2454,.T.);
#6284=EDGE_CURVE('',#4957,#4903,#2455,.T.);
#6285=EDGE_CURVE('',#4923,#4957,#2456,.T.);
#6286=EDGE_CURVE('',#4958,#4877,#2457,.T.);
#6287=EDGE_CURVE('',#4884,#4958,#2458,.T.);
#6288=EDGE_CURVE('',#4959,#4958,#2459,.T.);
#6289=EDGE_CURVE('',#4885,#4959,#2460,.T.);
#6290=EDGE_CURVE('',#4909,#4959,#2461,.T.);
#6291=EDGE_CURVE('',#4960,#4914,#2462,.T.);
#6292=EDGE_CURVE('',#4896,#4960,#2463,.T.);
#6293=EDGE_CURVE('',#4961,#4960,#2464,.T.);
#6294=EDGE_CURVE('',#4897,#4961,#2465,.T.);
#6295=EDGE_CURVE('',#4908,#4961,#2466,.T.);
#6296=EDGE_CURVE('',#4962,#4907,#2467,.T.);
#6297=EDGE_CURVE('',#4901,#4962,#2468,.T.);
#6298=EDGE_CURVE('',#4963,#4962,#2469,.T.);
#6299=EDGE_CURVE('',#4902,#4963,#2470,.T.);
#6300=EDGE_CURVE('',#4957,#4963,#2471,.T.);
#6301=EDGE_CURVE('',#4964,#4965,#63,.F.);
#6302=EDGE_CURVE('',#4964,#4966,#2472,.T.);
#6303=EDGE_CURVE('',#4966,#4967,#64,.T.);
#6304=EDGE_CURVE('',#4967,#4968,#2473,.T.);
#6305=EDGE_CURVE('',#4968,#4965,#172,.T.);
#6306=EDGE_CURVE('',#4969,#4967,#173,.T.);
#6307=EDGE_CURVE('',#4970,#4969,#2474,.T.);
#6308=EDGE_CURVE('',#4971,#4970,#174,.T.);
#6309=EDGE_CURVE('',#4972,#4971,#2475,.T.);
#6310=EDGE_CURVE('',#4973,#4972,#2476,.T.);
#6311=EDGE_CURVE('',#4974,#4973,#2477,.T.);
#6312=EDGE_CURVE('',#4975,#4974,#175,.T.);
#6313=EDGE_CURVE('',#4968,#4975,#2478,.T.);
#6314=EDGE_CURVE('',#4976,#4977,#176,.F.);
#6315=EDGE_CURVE('',#4976,#4978,#2479,.T.);
#6316=EDGE_CURVE('',#4979,#4978,#65,.F.);
#6317=EDGE_CURVE('',#4979,#4980,#2480,.T.);
#6318=EDGE_CURVE('',#4980,#4977,#66,.T.);
#6319=EDGE_CURVE('',#4981,#4979,#2481,.T.);
#6320=EDGE_CURVE('',#4982,#4981,#2482,.T.);
#6321=EDGE_CURVE('',#4980,#4982,#2483,.T.);
#6322=EDGE_CURVE('',#4983,#4984,#427,.T.);
#6323=EDGE_CURVE('',#4984,#4985,#2484,.T.);
#6324=EDGE_CURVE('',#4985,#4986,#428,.T.);
#6325=EDGE_CURVE('',#4986,#4983,#2485,.T.);
#6326=EDGE_CURVE('',#4987,#4984,#2486,.T.);
#6327=EDGE_CURVE('',#4988,#4987,#2487,.T.);
#6328=EDGE_CURVE('',#4985,#4988,#2488,.T.);
#6329=EDGE_CURVE('',#4983,#4989,#2489,.T.);
#6330=EDGE_CURVE('',#4981,#4989,#2490,.T.);
#6331=EDGE_CURVE('',#4979,#4966,#2491,.T.);
#6332=EDGE_CURVE('',#4966,#4990,#2492,.T.);
#6333=EDGE_CURVE('',#4991,#4990,#2493,.T.);
#6334=EDGE_CURVE('',#4991,#4992,#2494,.T.);
#6335=EDGE_CURVE('',#4993,#4992,#429,.T.);
#6336=EDGE_CURVE('',#4993,#4994,#2495,.T.);
#6337=EDGE_CURVE('',#4994,#4995,#2496,.T.);
#6338=EDGE_CURVE('',#4995,#4996,#2497,.T.);
#6339=EDGE_CURVE('',#4996,#4997,#2498,.T.);
#6340=EDGE_CURVE('',#4997,#4998,#2499,.T.);
#6341=EDGE_CURVE('',#4999,#4998,#430,.T.);
#6342=EDGE_CURVE('',#4999,#5000,#2500,.T.);
#6343=EDGE_CURVE('',#4987,#5000,#431,.T.);
#6344=EDGE_CURVE('',#5000,#5001,#2501,.T.);
#6345=EDGE_CURVE('',#5001,#4988,#432,.T.);
#6346=EDGE_CURVE('',#5001,#5002,#2502,.T.);
#6347=EDGE_CURVE('',#5003,#5002,#433,.T.);
#6348=EDGE_CURVE('',#5003,#5004,#2503,.T.);
#6349=EDGE_CURVE('',#5004,#5005,#2504,.T.);
#6350=EDGE_CURVE('',#5005,#5006,#2505,.T.);
#6351=EDGE_CURVE('',#5006,#5007,#2506,.T.);
#6352=EDGE_CURVE('',#5007,#5008,#2507,.T.);
#6353=EDGE_CURVE('',#5009,#5008,#434,.T.);
#6354=EDGE_CURVE('',#5009,#5010,#2508,.T.);
#6355=EDGE_CURVE('',#5011,#5010,#2509,.T.);
#6356=EDGE_CURVE('',#5011,#4964,#2510,.T.);
#6357=EDGE_CURVE('',#4964,#4980,#2511,.T.);
#6358=EDGE_CURVE('',#5012,#4982,#2512,.T.);
#6359=EDGE_CURVE('',#5012,#4986,#2513,.T.);
#6360=EDGE_CURVE('',#5002,#4999,#2514,.T.);
#6361=EDGE_CURVE('',#4998,#5003,#2515,.T.);
#6362=EDGE_CURVE('',#5008,#4993,#2516,.T.);
#6363=EDGE_CURVE('',#4992,#5009,#2517,.T.);
#6364=EDGE_CURVE('',#5007,#4994,#2518,.T.);
#6365=EDGE_CURVE('',#4990,#5011,#2519,.T.);
#6366=EDGE_CURVE('',#5010,#4991,#2520,.T.);
#6367=EDGE_CURVE('',#4989,#5012,#2521,.T.);
#6368=EDGE_CURVE('',#5013,#4976,#2522,.T.);
#6369=EDGE_CURVE('',#5014,#5013,#177,.T.);
#6370=EDGE_CURVE('',#5015,#5014,#2523,.T.);
#6371=EDGE_CURVE('',#5016,#5015,#2524,.T.);
#6372=EDGE_CURVE('',#5017,#5016,#2525,.T.);
#6373=EDGE_CURVE('',#5018,#5017,#178,.T.);
#6374=EDGE_CURVE('',#5019,#5018,#2526,.T.);
#6375=EDGE_CURVE('',#4978,#5019,#179,.T.);
#6376=EDGE_CURVE('',#4969,#5019,#2527,.T.);
#6377=EDGE_CURVE('',#5018,#4970,#2528,.T.);
#6378=EDGE_CURVE('',#4971,#5017,#2529,.T.);
#6379=EDGE_CURVE('',#5013,#4975,#2530,.T.);
#6380=EDGE_CURVE('',#5014,#4974,#2531,.T.);
#6381=EDGE_CURVE('',#5016,#4972,#2532,.T.);
#6382=EDGE_CURVE('',#5015,#4973,#2533,.T.);
#6383=EDGE_CURVE('',#4965,#4977,#2534,.T.);
#6384=EDGE_CURVE('',#4995,#5006,#2535,.T.);
#6385=EDGE_CURVE('',#5004,#4997,#2536,.T.);
#6386=EDGE_CURVE('',#5005,#4996,#2537,.T.);
#6387=EDGE_CURVE('',#5020,#5021,#435,.T.);
#6388=EDGE_CURVE('',#5021,#5022,#2538,.T.);
#6389=EDGE_CURVE('',#5022,#5023,#436,.T.);
#6390=EDGE_CURVE('',#5023,#5020,#2539,.T.);
#6391=EDGE_CURVE('',#5024,#5023,#2540,.T.);
#6392=EDGE_CURVE('',#5025,#5024,#2541,.T.);
#6393=EDGE_CURVE('',#5020,#5025,#2542,.T.);
#6394=EDGE_CURVE('',#5022,#5026,#2543,.T.);
#6395=EDGE_CURVE('',#5026,#5027,#2544,.T.);
#6396=EDGE_CURVE('',#5027,#5028,#2545,.T.);
#6397=EDGE_CURVE('',#5029,#5028,#437,.T.);
#6398=EDGE_CURVE('',#5029,#5030,#2546,.T.);
#6399=EDGE_CURVE('',#5030,#5031,#2547,.T.);
#6400=EDGE_CURVE('',#5031,#5032,#2548,.T.);
#6401=EDGE_CURVE('',#5032,#5033,#2549,.T.);
#6402=EDGE_CURVE('',#5033,#5034,#2550,.T.);
#6403=EDGE_CURVE('',#5035,#5034,#438,.T.);
#6404=EDGE_CURVE('',#5035,#5036,#2551,.T.);
#6405=EDGE_CURVE('',#5037,#5036,#439,.T.);
#6406=EDGE_CURVE('',#5037,#5038,#2552,.T.);
#6407=EDGE_CURVE('',#5038,#5024,#2553,.T.);
#6408=EDGE_CURVE('',#5028,#5039,#2554,.T.);
#6409=EDGE_CURVE('',#5039,#5040,#440,.T.);
#6410=EDGE_CURVE('',#5040,#5029,#2555,.T.);
#6411=EDGE_CURVE('',#5027,#5041,#2556,.T.);
#6412=EDGE_CURVE('',#5039,#5041,#2557,.T.);
#6413=EDGE_CURVE('',#5042,#5043,#441,.T.);
#6414=EDGE_CURVE('',#5043,#5035,#2558,.T.);
#6415=EDGE_CURVE('',#5034,#5042,#2559,.T.);
#6416=EDGE_CURVE('',#5044,#5043,#2560,.T.);
#6417=EDGE_CURVE('',#5036,#5044,#2561,.T.);
#6418=EDGE_CURVE('',#5025,#5045,#67,.F.);
#6419=EDGE_CURVE('',#5024,#5046,#68,.T.);
#6420=EDGE_CURVE('',#5047,#5046,#180,.F.);
#6421=EDGE_CURVE('',#5047,#5048,#2562,.T.);
#6422=EDGE_CURVE('',#5048,#5045,#181,.T.);
#6423=EDGE_CURVE('',#5049,#5047,#2563,.T.);
#6424=EDGE_CURVE('',#5050,#5049,#182,.T.);
#6425=EDGE_CURVE('',#5051,#5050,#2564,.T.);
#6426=EDGE_CURVE('',#5052,#5051,#2565,.T.);
#6427=EDGE_CURVE('',#5053,#5052,#2566,.T.);
#6428=EDGE_CURVE('',#5054,#5053,#183,.T.);
#6429=EDGE_CURVE('',#5048,#5054,#2567,.T.);
#6430=EDGE_CURVE('',#5044,#5055,#442,.T.);
#6431=EDGE_CURVE('',#5055,#5037,#2568,.T.);
#6432=EDGE_CURVE('',#5056,#5057,#184,.F.);
#6433=EDGE_CURVE('',#5056,#5058,#2569,.T.);
#6434=EDGE_CURVE('',#5058,#5059,#185,.T.);
#6435=EDGE_CURVE('',#5038,#5059,#69,.F.);
#6436=EDGE_CURVE('',#5038,#5060,#2570,.T.);
#6437=EDGE_CURVE('',#5060,#5057,#70,.T.);
#6438=EDGE_CURVE('',#5060,#5055,#2571,.T.);
#6439=EDGE_CURVE('',#5061,#5049,#2572,.T.);
#6440=EDGE_CURVE('',#5062,#5061,#443,.T.);
#6441=EDGE_CURVE('',#5050,#5062,#2573,.T.);
#6442=EDGE_CURVE('',#5052,#5063,#2574,.T.);
#6443=EDGE_CURVE('',#5064,#5063,#2575,.T.);
#6444=EDGE_CURVE('',#5064,#5053,#2576,.T.);
#6445=EDGE_CURVE('',#5046,#5059,#2577,.T.);
#6446=EDGE_CURVE('',#5058,#5061,#2578,.T.);
#6447=EDGE_CURVE('',#5062,#5064,#2579,.T.);
#6448=EDGE_CURVE('',#5063,#5065,#2580,.T.);
#6449=EDGE_CURVE('',#5065,#5062,#2581,.T.);
#6450=EDGE_CURVE('',#5061,#5066,#2582,.T.);
#6451=EDGE_CURVE('',#5066,#5064,#444,.T.);
#6452=EDGE_CURVE('',#5051,#5065,#2583,.T.);
#6453=EDGE_CURVE('',#5066,#5054,#2584,.T.);
#6454=EDGE_CURVE('',#5057,#5045,#2585,.T.);
#6455=EDGE_CURVE('',#5025,#5060,#2586,.T.);
#6456=EDGE_CURVE('',#5056,#5066,#2587,.T.);
#6457=EDGE_CURVE('',#5067,#5068,#2588,.T.);
#6458=EDGE_CURVE('',#5069,#5067,#445,.T.);
#6459=EDGE_CURVE('',#5041,#5069,#2589,.T.);
#6460=EDGE_CURVE('',#5068,#5041,#446,.T.);
#6461=EDGE_CURVE('',#5068,#5070,#2590,.T.);
#6462=EDGE_CURVE('',#5071,#5070,#2591,.T.);
#6463=EDGE_CURVE('',#5071,#5072,#2592,.T.);
#6464=EDGE_CURVE('',#5072,#5068,#2593,.T.);
#6465=EDGE_CURVE('',#5070,#5073,#2594,.T.);
#6466=EDGE_CURVE('',#5074,#5073,#2595,.T.);
#6467=EDGE_CURVE('',#5074,#5071,#2596,.T.);
#6468=EDGE_CURVE('',#5073,#5067,#2597,.T.);
#6469=EDGE_CURVE('',#5073,#5026,#447,.T.);
#6470=EDGE_CURVE('',#5069,#5026,#2598,.T.);
#6471=EDGE_CURVE('',#5070,#5027,#448,.T.);
#6472=EDGE_CURVE('',#5067,#5075,#2599,.T.);
#6473=EDGE_CURVE('',#5074,#5075,#2600,.T.);
#6474=EDGE_CURVE('',#5075,#5072,#2601,.T.);
#6475=EDGE_CURVE('',#5069,#5021,#2602,.T.);
#6476=EDGE_CURVE('',#5076,#5032,#2603,.T.);
#6477=EDGE_CURVE('',#5077,#5076,#2604,.T.);
#6478=EDGE_CURVE('',#5033,#5077,#2605,.T.);
#6479=EDGE_CURVE('',#5042,#5077,#2606,.T.);
#6480=EDGE_CURVE('',#5078,#5040,#2607,.T.);
#6481=EDGE_CURVE('',#5030,#5078,#2608,.T.);
#6482=EDGE_CURVE('',#5079,#5078,#2609,.T.);
#6483=EDGE_CURVE('',#5031,#5079,#2610,.T.);
#6484=EDGE_CURVE('',#5076,#5079,#2611,.T.);
#6485=EDGE_CURVE('',#5080,#5081,#449,.T.);
#6486=EDGE_CURVE('',#5081,#5082,#2612,.T.);
#6487=EDGE_CURVE('',#5082,#5083,#450,.T.);
#6488=EDGE_CURVE('',#5083,#5080,#2613,.T.);
#6489=EDGE_CURVE('',#5084,#5081,#2614,.T.);
#6490=EDGE_CURVE('',#5084,#5085,#2615,.T.);
#6491=EDGE_CURVE('',#5082,#5085,#2616,.T.);
#6492=EDGE_CURVE('',#5086,#5087,#451,.T.);
#6493=EDGE_CURVE('',#5087,#5088,#2617,.T.);
#6494=EDGE_CURVE('',#5088,#5089,#452,.T.);
#6495=EDGE_CURVE('',#5089,#5086,#2618,.T.);
#6496=EDGE_CURVE('',#5090,#5089,#2619,.T.);
#6497=EDGE_CURVE('',#5090,#5091,#2620,.T.);
#6498=EDGE_CURVE('',#5086,#5091,#2621,.T.);
#6499=EDGE_CURVE('',#5088,#5092,#2622,.T.);
#6500=EDGE_CURVE('',#5093,#5092,#453,.T.);
#6501=EDGE_CURVE('',#5093,#5094,#2623,.T.);
#6502=EDGE_CURVE('',#5094,#5095,#2624,.T.);
#6503=EDGE_CURVE('',#5095,#5096,#2625,.T.);
#6504=EDGE_CURVE('',#5097,#5096,#454,.T.);
#6505=EDGE_CURVE('',#5097,#5098,#2626,.T.);
#6506=EDGE_CURVE('',#5098,#5084,#2627,.T.);
#6507=EDGE_CURVE('',#5080,#5099,#2628,.T.);
#6508=EDGE_CURVE('',#5099,#5100,#2629,.T.);
#6509=EDGE_CURVE('',#5100,#5101,#2630,.T.);
#6510=EDGE_CURVE('',#5101,#5090,#2631,.T.);
#6511=EDGE_CURVE('',#5102,#5103,#455,.T.);
#6512=EDGE_CURVE('',#5103,#5097,#2632,.T.);
#6513=EDGE_CURVE('',#5096,#5102,#2633,.T.);
#6514=EDGE_CURVE('',#5104,#5103,#2634,.T.);
#6515=EDGE_CURVE('',#5104,#5098,#2635,.T.);
#6516=EDGE_CURVE('',#5105,#5106,#186,.F.);
#6517=EDGE_CURVE('',#5105,#5107,#2636,.T.);
#6518=EDGE_CURVE('',#5107,#5108,#187,.T.);
#6519=EDGE_CURVE('',#5109,#5108,#71,.F.);
#6520=EDGE_CURVE('',#5109,#5095,#2637,.T.);
#6521=EDGE_CURVE('',#5095,#5106,#72,.T.);
#6522=EDGE_CURVE('',#5102,#5109,#2638,.T.);
#6523=EDGE_CURVE('',#5092,#5110,#2639,.T.);
#6524=EDGE_CURVE('',#5110,#5111,#456,.T.);
#6525=EDGE_CURVE('',#5111,#5093,#2640,.T.);
#6526=EDGE_CURVE('',#5110,#5087,#2641,.T.);
#6527=EDGE_CURVE('',#5112,#5113,#188,.F.);
#6528=EDGE_CURVE('',#5112,#5114,#2642,.T.);
#6529=EDGE_CURVE('',#5114,#5115,#189,.T.);
#6530=EDGE_CURVE('',#5094,#5115,#73,.F.);
#6531=EDGE_CURVE('',#5094,#5116,#2643,.T.);
#6532=EDGE_CURVE('',#5116,#5113,#74,.T.);
#6533=EDGE_CURVE('',#5116,#5111,#2644,.T.);
#6534=EDGE_CURVE('',#5117,#5105,#2645,.T.);
#6535=EDGE_CURVE('',#5118,#5117,#190,.T.);
#6536=EDGE_CURVE('',#5119,#5118,#2646,.T.);
#6537=EDGE_CURVE('',#5120,#5119,#2647,.T.);
#6538=EDGE_CURVE('',#5121,#5120,#2648,.T.);
#6539=EDGE_CURVE('',#5122,#5121,#191,.T.);
#6540=EDGE_CURVE('',#5107,#5122,#2649,.T.);
#6541=EDGE_CURVE('',#5123,#5121,#2650,.T.);
#6542=EDGE_CURVE('',#5123,#5124,#457,.T.);
#6543=EDGE_CURVE('',#5124,#5122,#2651,.T.);
#6544=EDGE_CURVE('',#5106,#5115,#2652,.T.);
#6545=EDGE_CURVE('',#5120,#5125,#2653,.T.);
#6546=EDGE_CURVE('',#5125,#5123,#2654,.T.);
#6547=EDGE_CURVE('',#5119,#5126,#2655,.T.);
#6548=EDGE_CURVE('',#5125,#5126,#2656,.T.);
#6549=EDGE_CURVE('',#5127,#5117,#2657,.T.);
#6550=EDGE_CURVE('',#5128,#5127,#458,.T.);
#6551=EDGE_CURVE('',#5118,#5128,#2658,.T.);
#6552=EDGE_CURVE('',#5128,#5123,#2659,.T.);
#6553=EDGE_CURVE('',#5126,#5128,#2660,.T.);
#6554=EDGE_CURVE('',#5127,#5124,#2661,.T.);
#6555=EDGE_CURVE('',#5113,#5108,#2662,.T.);
#6556=EDGE_CURVE('',#5109,#5116,#2663,.T.);
#6557=EDGE_CURVE('',#5127,#5114,#2664,.T.);
#6558=EDGE_CURVE('',#5112,#5124,#2665,.T.);
#6559=EDGE_CURVE('',#5129,#5130,#2666,.T.);
#6560=EDGE_CURVE('',#5104,#5129,#459,.T.);
#6561=EDGE_CURVE('',#5085,#5104,#2667,.T.);
#6562=EDGE_CURVE('',#5130,#5085,#460,.T.);
#6563=EDGE_CURVE('',#5130,#5131,#2668,.T.);
#6564=EDGE_CURVE('',#5131,#5132,#2669,.T.);
#6565=EDGE_CURVE('',#5132,#5133,#2670,.T.);
#6566=EDGE_CURVE('',#5133,#5130,#2671,.T.);
#6567=EDGE_CURVE('',#5131,#5134,#2672,.T.);
#6568=EDGE_CURVE('',#5134,#5135,#2673,.T.);
#6569=EDGE_CURVE('',#5135,#5132,#2674,.T.);
#6570=EDGE_CURVE('',#5134,#5129,#2675,.T.);
#6571=EDGE_CURVE('',#5098,#5134,#461,.T.);
#6572=EDGE_CURVE('',#5084,#5131,#462,.T.);
#6573=EDGE_CURVE('',#5129,#5136,#2676,.T.);
#6574=EDGE_CURVE('',#5135,#5136,#2677,.T.);
#6575=EDGE_CURVE('',#5136,#5133,#2678,.T.);
#6576=EDGE_CURVE('',#5137,#5101,#2679,.T.);
#6577=EDGE_CURVE('',#5091,#5137,#2680,.T.);
#6578=EDGE_CURVE('',#5138,#5083,#2681,.T.);
#6579=EDGE_CURVE('',#5099,#5138,#2682,.T.);
#6580=EDGE_CURVE('',#5139,#5138,#2683,.T.);
#6581=EDGE_CURVE('',#5100,#5139,#2684,.T.);
#6582=EDGE_CURVE('',#5137,#5139,#2685,.T.);
#6583=EDGE_CURVE('',#5140,#5141,#463,.T.);
#6584=EDGE_CURVE('',#5141,#5142,#2686,.T.);
#6585=EDGE_CURVE('',#5142,#5143,#464,.T.);
#6586=EDGE_CURVE('',#5143,#5140,#2687,.T.);
#6587=EDGE_CURVE('',#5144,#5141,#2688,.T.);
#6588=EDGE_CURVE('',#5145,#5144,#2689,.T.);
#6589=EDGE_CURVE('',#5142,#5145,#2690,.T.);
#6590=EDGE_CURVE('',#5144,#5146,#465,.T.);
#6591=EDGE_CURVE('',#5146,#5147,#2691,.T.);
#6592=EDGE_CURVE('',#5147,#5145,#466,.T.);
#6593=EDGE_CURVE('',#5148,#5146,#2692,.T.);
#6594=EDGE_CURVE('',#5148,#5149,#2693,.T.);
#6595=EDGE_CURVE('',#5147,#5149,#2694,.T.);
#6596=EDGE_CURVE('',#5150,#5151,#467,.T.);
#6597=EDGE_CURVE('',#5151,#5152,#2695,.T.);
#6598=EDGE_CURVE('',#5152,#5153,#468,.T.);
#6599=EDGE_CURVE('',#5153,#5150,#2696,.T.);
#6600=EDGE_CURVE('',#5154,#5151,#2697,.T.);
#6601=EDGE_CURVE('',#5154,#5155,#2698,.T.);
#6602=EDGE_CURVE('',#5152,#5155,#2699,.T.);
#6603=EDGE_CURVE('',#5156,#5157,#469,.T.);
#6604=EDGE_CURVE('',#5157,#5158,#2700,.T.);
#6605=EDGE_CURVE('',#5158,#5159,#470,.T.);
#6606=EDGE_CURVE('',#5159,#5156,#2701,.T.);
#6607=EDGE_CURVE('',#5160,#5157,#2702,.T.);
#6608=EDGE_CURVE('',#5161,#5160,#2703,.T.);
#6609=EDGE_CURVE('',#5158,#5161,#2704,.T.);
#6610=EDGE_CURVE('',#5162,#5161,#471,.T.);
#6611=EDGE_CURVE('',#5160,#5163,#472,.T.);
#6612=EDGE_CURVE('',#5163,#5162,#2705,.T.);
#6613=EDGE_CURVE('',#5164,#5163,#2706,.T.);
#6614=EDGE_CURVE('',#5164,#5165,#2707,.T.);
#6615=EDGE_CURVE('',#5162,#5165,#2708,.T.);
#6616=EDGE_CURVE('',#5156,#5166,#2709,.T.);
#6617=EDGE_CURVE('',#5166,#5167,#2710,.T.);
#6618=EDGE_CURVE('',#5167,#5168,#2711,.T.);
#6619=EDGE_CURVE('',#5168,#5154,#2712,.T.);
#6620=EDGE_CURVE('',#5150,#5169,#2713,.T.);
#6621=EDGE_CURVE('',#5169,#5170,#2714,.T.);
#6622=EDGE_CURVE('',#5170,#5148,#2715,.T.);
#6623=EDGE_CURVE('',#5140,#5171,#2716,.T.);
#6624=EDGE_CURVE('',#5171,#5172,#2717,.T.);
#6625=EDGE_CURVE('',#5172,#5173,#2718,.T.);
#6626=EDGE_CURVE('',#5173,#5174,#2719,.T.);
#6627=EDGE_CURVE('',#5174,#5164,#2720,.T.);
#6628=EDGE_CURVE('',#5175,#5168,#2721,.T.);
#6629=EDGE_CURVE('',#5155,#5175,#2722,.T.);
#6630=EDGE_CURVE('',#5176,#5153,#2723,.T.);
#6631=EDGE_CURVE('',#5169,#5176,#2724,.T.);
#6632=EDGE_CURVE('',#5177,#5176,#2725,.T.);
#6633=EDGE_CURVE('',#5170,#5177,#2726,.T.);
#6634=EDGE_CURVE('',#5149,#5177,#2727,.T.);
#6635=EDGE_CURVE('',#5178,#5143,#2728,.T.);
#6636=EDGE_CURVE('',#5171,#5178,#2729,.T.);
#6637=EDGE_CURVE('',#5179,#5178,#2730,.T.);
#6638=EDGE_CURVE('',#5172,#5179,#2731,.T.);
#6639=EDGE_CURVE('',#5180,#5179,#2732,.T.);
#6640=EDGE_CURVE('',#5173,#5180,#2733,.T.);
#6641=EDGE_CURVE('',#5181,#5180,#2734,.T.);
#6642=EDGE_CURVE('',#5174,#5181,#2735,.T.);
#6643=EDGE_CURVE('',#5165,#5181,#2736,.T.);
#6644=EDGE_CURVE('',#5182,#5159,#2737,.T.);
#6645=EDGE_CURVE('',#5166,#5182,#2738,.T.);
#6646=EDGE_CURVE('',#5183,#5182,#2739,.T.);
#6647=EDGE_CURVE('',#5167,#5183,#2740,.T.);
#6648=EDGE_CURVE('',#5175,#5183,#2741,.T.);
#6649=EDGE_CURVE('',#5184,#5185,#2742,.T.);
#6650=EDGE_CURVE('',#5186,#5184,#2743,.T.);
#6651=EDGE_CURVE('',#5187,#5186,#2744,.T.);
#6652=EDGE_CURVE('',#5187,#5185,#2745,.T.);
#6653=EDGE_CURVE('',#5185,#5188,#2746,.T.);
#6654=EDGE_CURVE('',#5189,#5187,#2747,.T.);
#6655=EDGE_CURVE('',#5188,#5189,#2748,.T.);
#6656=EDGE_CURVE('',#5190,#5191,#2749,.T.);
#6657=EDGE_CURVE('',#5192,#5190,#2750,.T.);
#6658=EDGE_CURVE('',#5193,#5192,#2751,.T.);
#6659=EDGE_CURVE('',#5193,#5191,#2752,.T.);
#6660=EDGE_CURVE('',#5194,#5190,#2753,.T.);
#6661=EDGE_CURVE('',#5195,#5194,#2754,.T.);
#6662=EDGE_CURVE('',#5192,#5195,#2755,.T.);
#6663=EDGE_CURVE('',#5196,#5194,#2756,.T.);
#6664=EDGE_CURVE('',#5196,#5197,#2757,.T.);
#6665=EDGE_CURVE('',#5197,#5195,#2758,.T.);
#6666=EDGE_CURVE('',#5198,#5199,#2759,.T.);
#6667=EDGE_CURVE('',#5200,#5199,#2760,.T.);
#6668=EDGE_CURVE('',#5200,#5201,#2761,.T.);
#6669=EDGE_CURVE('',#5201,#5198,#2762,.T.);
#6670=EDGE_CURVE('',#5189,#5202,#2763,.T.);
#6671=EDGE_CURVE('',#5202,#5203,#2764,.T.);
#6672=EDGE_CURVE('',#5204,#5203,#2765,.T.);
#6673=EDGE_CURVE('',#5205,#5204,#2766,.T.);
#6674=EDGE_CURVE('',#5205,#5206,#2767,.T.);
#6675=EDGE_CURVE('',#5206,#5207,#2768,.T.);
#6676=EDGE_CURVE('',#5188,#5207,#2769,.T.);
#6677=EDGE_CURVE('',#5186,#5208,#2770,.T.);
#6678=EDGE_CURVE('',#5208,#5209,#2771,.T.);
#6679=EDGE_CURVE('',#5209,#5193,#2772,.T.);
#6680=EDGE_CURVE('',#5210,#5197,#2773,.T.);
#6681=EDGE_CURVE('',#5210,#5211,#2774,.T.);
#6682=EDGE_CURVE('',#5211,#5212,#2775,.T.);
#6683=EDGE_CURVE('',#5212,#5213,#2776,.T.);
#6684=EDGE_CURVE('',#5213,#5214,#2777,.T.);
#6685=EDGE_CURVE('',#5214,#5215,#2778,.T.);
#6686=EDGE_CURVE('',#5215,#5216,#2779,.T.);
#6687=EDGE_CURVE('',#5216,#5217,#2780,.T.);
#6688=EDGE_CURVE('',#5217,#5218,#2781,.T.);
#6689=EDGE_CURVE('',#5219,#5218,#473,.T.);
#6690=EDGE_CURVE('',#5219,#5220,#2782,.T.);
#6691=EDGE_CURVE('',#5221,#5220,#474,.T.);
#6692=EDGE_CURVE('',#5221,#5222,#2783,.T.);
#6693=EDGE_CURVE('',#5222,#5223,#2784,.T.);
#6694=EDGE_CURVE('',#5223,#5202,#2785,.T.);
#6695=EDGE_CURVE('',#5191,#5200,#2786,.T.);
#6696=EDGE_CURVE('',#5224,#5209,#475,.T.);
#6697=EDGE_CURVE('',#5225,#5224,#2787,.T.);
#6698=EDGE_CURVE('',#5226,#5225,#2788,.T.);
#6699=EDGE_CURVE('',#5227,#5226,#2789,.T.);
#6700=EDGE_CURVE('',#5201,#5227,#476,.T.);
#6701=EDGE_CURVE('',#5227,#5228,#2790,.T.);
#6702=EDGE_CURVE('',#5228,#5198,#477,.T.);
#6703=EDGE_CURVE('',#5208,#5229,#478,.T.);
#6704=EDGE_CURVE('',#5224,#5229,#2791,.T.);
#6705=EDGE_CURVE('',#5229,#5230,#2792,.T.);
#6706=EDGE_CURVE('',#5225,#5230,#2793,.T.);
#6707=EDGE_CURVE('',#5230,#5231,#2794,.T.);
#6708=EDGE_CURVE('',#5226,#5231,#2795,.T.);
#6709=EDGE_CURVE('',#5231,#5228,#2796,.T.);
#6710=EDGE_CURVE('',#5199,#5184,#2797,.T.);
#6711=EDGE_CURVE('',#5232,#5233,#2798,.T.);
#6712=EDGE_CURVE('',#5234,#5232,#479,.T.);
#6713=EDGE_CURVE('',#5235,#5234,#2799,.T.);
#6714=EDGE_CURVE('',#5235,#5233,#480,.T.);
#6715=EDGE_CURVE('',#5236,#5232,#2800,.T.);
#6716=EDGE_CURVE('',#5237,#5236,#481,.T.);
#6717=EDGE_CURVE('',#5234,#5237,#2801,.T.);
#6718=EDGE_CURVE('',#5236,#5238,#2802,.T.);
#6719=EDGE_CURVE('',#5239,#5238,#482,.T.);
#6720=EDGE_CURVE('',#5239,#5237,#2803,.T.);
#6721=EDGE_CURVE('',#5233,#5238,#2804,.T.);
#6722=EDGE_CURVE('',#5235,#5239,#2805,.T.);
#6723=EDGE_CURVE('',#5240,#5233,#2806,.T.);
#6724=EDGE_CURVE('',#5240,#5241,#2807,.T.);
#6725=EDGE_CURVE('',#5232,#5241,#2808,.T.);
#6726=EDGE_CURVE('',#5241,#5242,#2809,.T.);
#6727=EDGE_CURVE('',#5243,#5240,#2810,.T.);
#6728=EDGE_CURVE('',#5243,#5242,#2811,.T.);
#6729=EDGE_CURVE('',#5242,#5244,#2812,.T.);
#6730=EDGE_CURVE('',#5245,#5243,#2813,.T.);
#6731=EDGE_CURVE('',#5244,#5245,#2814,.T.);
#6732=EDGE_CURVE('',#5246,#5236,#2815,.T.);
#6733=EDGE_CURVE('',#5247,#5246,#2816,.T.);
#6734=EDGE_CURVE('',#5238,#5247,#2817,.T.);
#6735=EDGE_CURVE('',#5248,#5249,#2818,.T.);
#6736=EDGE_CURVE('',#5250,#5248,#2819,.T.);
#6737=EDGE_CURVE('',#5251,#5250,#2820,.T.);
#6738=EDGE_CURVE('',#5251,#5249,#2821,.T.);
#6739=EDGE_CURVE('',#5249,#5246,#2822,.T.);
#6740=EDGE_CURVE('',#5247,#5251,#2823,.T.);
#6741=EDGE_CURVE('',#5248,#5252,#2824,.T.);
#6742=EDGE_CURVE('',#5253,#5252,#2825,.T.);
#6743=EDGE_CURVE('',#5253,#5250,#2826,.T.);
#6744=EDGE_CURVE('',#5254,#5244,#2827,.T.);
#6745=EDGE_CURVE('',#5255,#5254,#2828,.T.);
#6746=EDGE_CURVE('',#5256,#5255,#2829,.T.);
#6747=EDGE_CURVE('',#5256,#5257,#2830,.T.);
#6748=EDGE_CURVE('',#5258,#5257,#2831,.F.);
#6749=EDGE_CURVE('',#5258,#5259,#2832,.T.);
#6750=EDGE_CURVE('',#5260,#5259,#2833,.F.);
#6751=EDGE_CURVE('',#5260,#5261,#2834,.T.);
#6752=EDGE_CURVE('',#5262,#5261,#2835,.T.);
#6753=EDGE_CURVE('',#5252,#5262,#2836,.T.);
#6754=EDGE_CURVE('',#5245,#5263,#2837,.T.);
#6755=EDGE_CURVE('',#5263,#5254,#2838,.T.);
#6756=EDGE_CURVE('',#5264,#5265,#2839,.T.);
#6757=EDGE_CURVE('',#5266,#5264,#483,.T.);
#6758=EDGE_CURVE('',#5267,#5266,#2840,.T.);
#6759=EDGE_CURVE('',#5267,#5265,#484,.T.);
#6760=EDGE_CURVE('',#5268,#5264,#2841,.T.);
#6761=EDGE_CURVE('',#5269,#5268,#485,.T.);
#6762=EDGE_CURVE('',#5266,#5269,#2842,.T.);
#6763=EDGE_CURVE('',#5268,#5270,#2843,.T.);
#6764=EDGE_CURVE('',#5271,#5270,#486,.T.);
#6765=EDGE_CURVE('',#5271,#5269,#2844,.T.);
#6766=EDGE_CURVE('',#5265,#5270,#2845,.T.);
#6767=EDGE_CURVE('',#5267,#5271,#2846,.T.);
#6768=EDGE_CURVE('',#5272,#5273,#2847,.T.);
#6769=EDGE_CURVE('',#5273,#5274,#2848,.T.);
#6770=EDGE_CURVE('',#5275,#5274,#2849,.T.);
#6771=EDGE_CURVE('',#5272,#5275,#2850,.T.);
#6772=EDGE_CURVE('',#5271,#5272,#2851,.T.);
#6773=EDGE_CURVE('',#5269,#5275,#2852,.T.);
#6774=EDGE_CURVE('',#5273,#5267,#2853,.T.);
#6775=EDGE_CURVE('',#5274,#5266,#2854,.T.);
#6776=EDGE_CURVE('',#5276,#5265,#2855,.T.);
#6777=EDGE_CURVE('',#5276,#5277,#2856,.T.);
#6778=EDGE_CURVE('',#5264,#5277,#2857,.T.);
#6779=EDGE_CURVE('',#5277,#5278,#2858,.T.);
#6780=EDGE_CURVE('',#5279,#5276,#2859,.T.);
#6781=EDGE_CURVE('',#5279,#5278,#2860,.T.);
#6782=EDGE_CURVE('',#5278,#5280,#2861,.T.);
#6783=EDGE_CURVE('',#5281,#5279,#2862,.T.);
#6784=EDGE_CURVE('',#5280,#5281,#2863,.T.);
#6785=EDGE_CURVE('',#5282,#5268,#2864,.T.);
#6786=EDGE_CURVE('',#5283,#5282,#2865,.T.);
#6787=EDGE_CURVE('',#5270,#5283,#2866,.T.);
#6788=EDGE_CURVE('',#5284,#5285,#2867,.T.);
#6789=EDGE_CURVE('',#5286,#5284,#2868,.T.);
#6790=EDGE_CURVE('',#5287,#5286,#2869,.T.);
#6791=EDGE_CURVE('',#5287,#5285,#2870,.T.);
#6792=EDGE_CURVE('',#5285,#5282,#2871,.T.);
#6793=EDGE_CURVE('',#5283,#5287,#2872,.T.);
#6794=EDGE_CURVE('',#5284,#5288,#2873,.T.);
#6795=EDGE_CURVE('',#5289,#5288,#2874,.T.);
#6796=EDGE_CURVE('',#5286,#5289,#2875,.T.);
#6797=EDGE_CURVE('',#5290,#5280,#2876,.T.);
#6798=EDGE_CURVE('',#5290,#5291,#2877,.T.);
#6799=EDGE_CURVE('',#5291,#5292,#2878,.T.);
#6800=EDGE_CURVE('',#5288,#5292,#2879,.T.);
#6801=EDGE_CURVE('',#5293,#5281,#2880,.T.);
#6802=EDGE_CURVE('',#5293,#5290,#2881,.T.);
#6803=EDGE_CURVE('',#5294,#5294,#487,.T.);
#6804=EDGE_CURVE('',#5295,#5295,#488,.T.);
#6805=EDGE_CURVE('',#5220,#5296,#2882,.T.);
#6806=EDGE_CURVE('',#5296,#5297,#489,.T.);
#6807=EDGE_CURVE('',#5297,#5221,#2883,.T.);
#6808=EDGE_CURVE('',#5298,#5219,#2884,.T.);
#6809=EDGE_CURVE('',#5296,#5298,#2885,.T.);
#6810=EDGE_CURVE('',#5218,#5299,#2886,.T.);
#6811=EDGE_CURVE('',#5299,#5298,#490,.T.);
#6812=EDGE_CURVE('',#5300,#5217,#2887,.T.);
#6813=EDGE_CURVE('',#5301,#5300,#2888,.T.);
#6814=EDGE_CURVE('',#5302,#5301,#491,.T.);
#6815=EDGE_CURVE('',#5303,#5302,#2889,.T.);
#6816=EDGE_CURVE('',#5304,#5303,#2890,.T.);
#6817=EDGE_CURVE('',#5305,#5304,#2891,.T.);
#6818=EDGE_CURVE('',#5299,#5305,#2892,.T.);
#6819=EDGE_CURVE('',#5207,#5306,#2893,.T.);
#6820=EDGE_CURVE('',#5306,#5297,#2894,.T.);
#6821=EDGE_CURVE('',#5305,#5307,#2895,.T.);
#6822=EDGE_CURVE('',#5307,#5308,#2896,.T.);
#6823=EDGE_CURVE('',#5308,#5309,#2897,.T.);
#6824=EDGE_CURVE('',#5196,#5309,#2898,.T.);
#6825=EDGE_CURVE('',#5310,#5304,#2899,.T.);
#6826=EDGE_CURVE('',#5310,#5311,#192,.T.);
#6827=EDGE_CURVE('',#5311,#5213,#2900,.T.);
#6828=EDGE_CURVE('',#5212,#5307,#2901,.T.);
#6829=EDGE_CURVE('',#5312,#5306,#2902,.T.);
#6830=EDGE_CURVE('',#5313,#5312,#2903,.T.);
#6831=EDGE_CURVE('',#5314,#5313,#2904,.T.);
#6832=EDGE_CURVE('',#5315,#5314,#492,.T.);
#6833=EDGE_CURVE('',#5316,#5315,#2905,.T.);
#6834=EDGE_CURVE('',#5222,#5316,#2906,.T.);
#6835=EDGE_CURVE('',#5314,#5302,#2907,.T.);
#6836=EDGE_CURVE('',#5303,#5313,#2908,.T.);
#6837=EDGE_CURVE('',#5317,#5316,#2909,.T.);
#6838=EDGE_CURVE('',#5223,#5317,#2910,.T.);
#6839=EDGE_CURVE('',#5315,#5204,#2911,.T.);
#6840=EDGE_CURVE('',#5203,#5317,#2912,.T.);
#6841=EDGE_CURVE('',#5312,#5206,#2913,.T.);
#6842=EDGE_CURVE('',#5313,#5205,#2914,.T.);
#6843=EDGE_CURVE('',#5310,#5303,#2915,.T.);
#6844=EDGE_CURVE('',#5318,#5319,#2916,.T.);
#6845=EDGE_CURVE('',#5320,#5318,#2917,.T.);
#6846=EDGE_CURVE('',#5321,#5320,#2918,.T.);
#6847=EDGE_CURVE('',#5319,#5321,#2919,.T.);
#6848=EDGE_CURVE('',#5322,#5318,#2920,.T.);
#6849=EDGE_CURVE('',#5323,#5322,#2921,.T.);
#6850=EDGE_CURVE('',#5323,#5320,#2922,.T.);
#6851=EDGE_CURVE('',#5324,#5321,#2923,.T.);
#6852=EDGE_CURVE('',#5325,#5324,#493,.T.);
#6853=EDGE_CURVE('',#5326,#5325,#2924,.T.);
#6854=EDGE_CURVE('',#5326,#5327,#2925,.T.);
#6855=EDGE_CURVE('',#5328,#5327,#2926,.T.);
#6856=EDGE_CURVE('',#5329,#5328,#494,.T.);
#6857=EDGE_CURVE('',#5319,#5329,#2927,.T.);
#6858=EDGE_CURVE('',#5330,#5323,#2928,.T.);
#6859=EDGE_CURVE('',#5322,#5331,#2929,.F.);
#6860=EDGE_CURVE('',#5331,#5330,#2930,.T.);
#6861=EDGE_CURVE('',#5330,#5332,#2931,.T.);
#6862=EDGE_CURVE('',#5332,#5324,#2932,.T.);
#6863=EDGE_CURVE('',#5333,#5334,#2933,.T.);
#6864=EDGE_CURVE('',#5334,#5260,#2934,.T.);
#6865=EDGE_CURVE('',#5259,#5333,#2935,.T.);
#6866=EDGE_CURVE('',#5335,#5334,#2936,.T.);
#6867=EDGE_CURVE('',#5336,#5335,#495,.T.);
#6868=EDGE_CURVE('',#5337,#5336,#2937,.T.);
#6869=EDGE_CURVE('',#5338,#5337,#2938,.T.);
#6870=EDGE_CURVE('',#5339,#5338,#2939,.T.);
#6871=EDGE_CURVE('',#5261,#5339,#496,.T.);
#6872=EDGE_CURVE('',#5340,#5333,#2940,.T.);
#6873=EDGE_CURVE('',#5341,#5340,#2941,.T.);
#6874=EDGE_CURVE('',#5341,#5342,#2942,.T.);
#6875=EDGE_CURVE('',#5342,#5335,#2943,.T.);
#6876=EDGE_CURVE('',#5340,#5258,#2944,.T.);
#6877=EDGE_CURVE('',#5257,#5341,#2945,.T.);
#6878=EDGE_CURVE('',#5343,#5256,#497,.T.);
#6879=EDGE_CURVE('',#5344,#5343,#2946,.T.);
#6880=EDGE_CURVE('',#5345,#5344,#2947,.T.);
#6881=EDGE_CURVE('',#5346,#5345,#2948,.T.);
#6882=EDGE_CURVE('',#5342,#5346,#498,.T.);
#6883=EDGE_CURVE('',#5336,#5346,#2949,.T.);
#6884=EDGE_CURVE('',#5345,#5347,#2950,.T.);
#6885=EDGE_CURVE('',#5347,#5348,#2951,.T.);
#6886=EDGE_CURVE('',#5348,#5349,#2952,.T.);
#6887=EDGE_CURVE('',#5350,#5349,#2953,.T.);
#6888=EDGE_CURVE('',#5351,#5350,#499,.T.);
#6889=EDGE_CURVE('',#5352,#5351,#2954,.T.);
#6890=EDGE_CURVE('',#5353,#5352,#500,.T.);
#6891=EDGE_CURVE('',#5354,#5353,#2955,.T.);
#6892=EDGE_CURVE('',#5355,#5354,#501,.T.);
#6893=EDGE_CURVE('',#5356,#5355,#2956,.T.);
#6894=EDGE_CURVE('',#5357,#5356,#502,.T.);
#6895=EDGE_CURVE('',#5358,#5357,#2957,.T.);
#6896=EDGE_CURVE('',#5359,#5358,#503,.T.);
#6897=EDGE_CURVE('',#5360,#5359,#2958,.T.);
#6898=EDGE_CURVE('',#5361,#5360,#504,.T.);
#6899=EDGE_CURVE('',#5362,#5361,#2959,.T.);
#6900=EDGE_CURVE('',#5363,#5362,#505,.T.);
#6901=EDGE_CURVE('',#5364,#5363,#2960,.T.);
#6902=EDGE_CURVE('',#5365,#5364,#506,.T.);
#6903=EDGE_CURVE('',#5366,#5365,#2961,.T.);
#6904=EDGE_CURVE('',#5366,#5326,#2962,.T.);
#6905=EDGE_CURVE('',#5325,#5367,#2963,.T.);
#6906=EDGE_CURVE('',#5367,#5368,#2964,.T.);
#6907=EDGE_CURVE('',#5369,#5368,#507,.T.);
#6908=EDGE_CURVE('',#5369,#5370,#2965,.T.);
#6909=EDGE_CURVE('',#5371,#5370,#508,.T.);
#6910=EDGE_CURVE('',#5371,#5372,#2966,.T.);
#6911=EDGE_CURVE('',#5337,#5372,#509,.T.);
#6912=EDGE_CURVE('',#5373,#5374,#510,.T.);
#6913=EDGE_CURVE('',#5374,#5375,#2967,.T.);
#6914=EDGE_CURVE('',#5373,#5375,#2968,.T.);
#6915=EDGE_CURVE('',#5376,#5375,#2969,.T.);
#6916=EDGE_CURVE('',#5376,#5348,#2970,.T.);
#6917=EDGE_CURVE('',#5348,#5373,#511,.T.);
#6918=EDGE_CURVE('',#5377,#5205,#512,.T.);
#6919=EDGE_CURVE('',#5378,#5377,#2971,.T.);
#6920=EDGE_CURVE('',#5378,#5311,#513,.T.);
#6921=EDGE_CURVE('',#5379,#5378,#2972,.T.);
#6922=EDGE_CURVE('',#5379,#5380,#514,.T.);
#6923=EDGE_CURVE('',#5214,#5380,#2973,.T.);
#6924=EDGE_CURVE('',#5381,#5204,#515,.T.);
#6925=EDGE_CURVE('',#5377,#5381,#2974,.T.);
#6926=EDGE_CURVE('',#5380,#5301,#2975,.T.);
#6927=EDGE_CURVE('',#5381,#5379,#2976,.T.);
#6928=EDGE_CURVE('',#5382,#5378,#2977,.T.);
#6929=EDGE_CURVE('',#5383,#5382,#2978,.T.);
#6930=EDGE_CURVE('',#5383,#5379,#2979,.T.);
#6931=EDGE_CURVE('',#5384,#5380,#2980,.T.);
#6932=EDGE_CURVE('',#5215,#5384,#2981,.T.);
#6933=EDGE_CURVE('',#5385,#5384,#2982,.T.);
#6934=EDGE_CURVE('',#5216,#5385,#2983,.T.);
#6935=EDGE_CURVE('',#5300,#5385,#2984,.T.);
#6936=EDGE_CURVE('',#5386,#5254,#516,.T.);
#6937=EDGE_CURVE('',#5387,#5386,#2985,.T.);
#6938=EDGE_CURVE('',#5255,#5387,#517,.T.);
#6939=EDGE_CURVE('',#5255,#5388,#2986,.T.);
#6940=EDGE_CURVE('',#5389,#5388,#2987,.T.);
#6941=EDGE_CURVE('',#5389,#5262,#2988,.T.);
#6942=EDGE_CURVE('',#5261,#5256,#2989,.T.);
#6943=EDGE_CURVE('',#5253,#5389,#2990,.T.);
#6944=EDGE_CURVE('',#5388,#5263,#2991,.T.);
#6945=EDGE_CURVE('',#5263,#5390,#518,.T.);
#6946=EDGE_CURVE('',#5386,#5390,#2992,.T.);
#6947=EDGE_CURVE('',#5391,#5387,#2993,.T.);
#6948=EDGE_CURVE('',#5388,#5391,#519,.T.);
#6949=EDGE_CURVE('',#5390,#5391,#2994,.T.);
#6950=EDGE_CURVE('',#5391,#5392,#520,.T.);
#6951=EDGE_CURVE('',#5347,#5387,#521,.T.);
#6952=EDGE_CURVE('',#5392,#5344,#2995,.T.);
#6953=EDGE_CURVE('',#5393,#5387,#2996,.T.);
#6954=EDGE_CURVE('',#5374,#5393,#522,.T.);
#6955=EDGE_CURVE('',#5386,#5381,#2997,.T.);
#6956=EDGE_CURVE('',#5393,#5383,#2998,.T.);
#6957=EDGE_CURVE('',#5377,#5390,#2999,.T.);
#6958=EDGE_CURVE('',#5391,#5394,#3000,.T.);
#6959=EDGE_CURVE('',#5382,#5394,#3001,.T.);
#6960=EDGE_CURVE('',#5394,#5393,#3002,.T.);
#6961=EDGE_CURVE('',#5394,#5376,#523,.T.);
#6962=EDGE_CURVE('',#5376,#5392,#3003,.T.);
#6963=EDGE_CURVE('',#5362,#5395,#3004,.T.);
#6964=EDGE_CURVE('',#5396,#5361,#3005,.T.);
#6965=EDGE_CURVE('',#5396,#5395,#3006,.T.);
#6966=EDGE_CURVE('',#5352,#5397,#3007,.T.);
#6967=EDGE_CURVE('',#5398,#5351,#3008,.T.);
#6968=EDGE_CURVE('',#5398,#5397,#3009,.T.);
#6969=EDGE_CURVE('',#5309,#5210,#3010,.T.);
#6970=EDGE_CURVE('',#5309,#5399,#524,.T.);
#6971=EDGE_CURVE('',#5349,#5399,#3011,.T.);
#6972=EDGE_CURVE('',#5349,#5210,#525,.T.);
#6973=EDGE_CURVE('',#5400,#5365,#3012,.T.);
#6974=EDGE_CURVE('',#5400,#5401,#3013,.T.);
#6975=EDGE_CURVE('',#5401,#5366,#3014,.T.);
#6976=EDGE_CURVE('',#5402,#5403,#526,.T.);
#6977=EDGE_CURVE('',#5329,#5403,#3015,.T.);
#6978=EDGE_CURVE('',#5402,#5328,#3016,.T.);
#6979=EDGE_CURVE('',#5292,#5404,#3017,.T.);
#6980=EDGE_CURVE('',#5292,#5366,#527,.T.);
#6981=EDGE_CURVE('',#5404,#5401,#528,.T.);
#6982=EDGE_CURVE('',#5289,#5404,#3018,.T.);
#6983=EDGE_CURVE('',#5291,#5326,#529,.T.);
#6984=EDGE_CURVE('',#5343,#5339,#3019,.T.);
#6985=EDGE_CURVE('',#5332,#5367,#530,.T.);
#6986=EDGE_CURVE('',#5405,#5369,#3020,.T.);
#6987=EDGE_CURVE('',#5406,#5405,#3021,.T.);
#6988=EDGE_CURVE('',#5370,#5406,#3022,.T.);
#6989=EDGE_CURVE('',#5406,#5407,#531,.T.);
#6990=EDGE_CURVE('',#5407,#5371,#3023,.T.);
#6991=EDGE_CURVE('',#5403,#5331,#3024,.T.);
#6992=EDGE_CURVE('',#5408,#5402,#3025,.T.);
#6993=EDGE_CURVE('',#5368,#5408,#3026,.T.);
#6994=EDGE_CURVE('',#5408,#5405,#532,.T.);
#6995=EDGE_CURVE('',#5372,#5409,#3027,.T.);
#6996=EDGE_CURVE('',#5409,#5407,#3028,.T.);
#6997=EDGE_CURVE('',#5409,#5338,#533,.T.);
#6998=EDGE_CURVE('',#5350,#5410,#3029,.T.);
#6999=EDGE_CURVE('',#5399,#5410,#3030,.T.);
#7000=EDGE_CURVE('',#5410,#5398,#534,.T.);
#7001=EDGE_CURVE('',#5397,#5411,#535,.T.);
#7002=EDGE_CURVE('',#5411,#5353,#3031,.T.);
#7003=EDGE_CURVE('',#5354,#5412,#3032,.T.);
#7004=EDGE_CURVE('',#5411,#5412,#3033,.T.);
#7005=EDGE_CURVE('',#5412,#5413,#536,.T.);
#7006=EDGE_CURVE('',#5413,#5355,#3034,.T.);
#7007=EDGE_CURVE('',#5356,#5414,#3035,.T.);
#7008=EDGE_CURVE('',#5413,#5414,#3036,.T.);
#7009=EDGE_CURVE('',#5414,#5415,#537,.T.);
#7010=EDGE_CURVE('',#5415,#5357,#3037,.T.);
#7011=EDGE_CURVE('',#5358,#5416,#3038,.T.);
#7012=EDGE_CURVE('',#5415,#5416,#3039,.T.);
#7013=EDGE_CURVE('',#5416,#5417,#538,.T.);
#7014=EDGE_CURVE('',#5417,#5359,#3040,.T.);
#7015=EDGE_CURVE('',#5360,#5418,#3041,.T.);
#7016=EDGE_CURVE('',#5417,#5418,#3042,.T.);
#7017=EDGE_CURVE('',#5418,#5396,#539,.T.);
#7018=EDGE_CURVE('',#5395,#5419,#540,.T.);
#7019=EDGE_CURVE('',#5419,#5363,#3043,.T.);
#7020=EDGE_CURVE('',#5364,#5420,#3044,.T.);
#7021=EDGE_CURVE('',#5419,#5420,#3045,.T.);
#7022=EDGE_CURVE('',#5420,#5400,#541,.T.);
#7023=EDGE_CURVE('',#5404,#5421,#3046,.T.);
#7024=EDGE_CURVE('',#5421,#5293,#3047,.T.);
#7025=EDGE_CURVE('',#5327,#5421,#542,.T.);
#7026=EDGE_CURVE('',#5327,#5401,#3048,.T.);
#7027=EDGE_CURVE('',#5291,#5421,#3049,.T.);
#7028=EDGE_CURVE('',#5422,#5319,#3050,.T.);
#7029=EDGE_CURVE('',#5291,#5329,#543,.T.);
#7030=EDGE_CURVE('',#5290,#5422,#544,.T.);
#7031=EDGE_CURVE('',#5423,#5424,#3051,.T.);
#7032=EDGE_CURVE('',#5425,#5424,#3052,.T.);
#7033=EDGE_CURVE('',#5426,#5425,#3053,.T.);
#7034=EDGE_CURVE('',#5423,#5426,#3054,.T.);
#7035=EDGE_CURVE('',#5427,#5425,#3055,.T.);
#7036=EDGE_CURVE('',#5428,#5427,#3056,.T.);
#7037=EDGE_CURVE('',#5428,#5426,#3057,.T.);
#7038=EDGE_CURVE('',#5422,#5423,#3058,.T.);
#7039=EDGE_CURVE('',#5422,#5428,#3059,.T.);
#7040=EDGE_CURVE('',#5424,#5329,#3060,.T.);
#7041=EDGE_CURVE('',#5424,#5421,#545,.T.);
#7042=EDGE_CURVE('',#5293,#5423,#546,.T.);
#7043=EDGE_CURVE('',#5403,#5427,#3061,.T.);
#7044=EDGE_CURVE('',#5399,#5376,#3062,.T.);
#7045=EDGE_CURVE('',#5348,#5211,#547,.T.);
#7046=EDGE_CURVE('',#5308,#5376,#548,.T.);
#7047=EDGE_CURVE('',#5308,#5211,#3063,.T.);
#7048=EDGE_CURVE('',#5429,#5430,#3064,.T.);
#7049=EDGE_CURVE('',#5430,#5431,#3065,.T.);
#7050=EDGE_CURVE('',#5432,#5431,#3066,.T.);
#7051=EDGE_CURVE('',#5429,#5432,#3067,.T.);
#7052=EDGE_CURVE('',#5239,#5429,#3068,.T.);
#7053=EDGE_CURVE('',#5237,#5432,#3069,.T.);
#7054=EDGE_CURVE('',#5430,#5235,#3070,.T.);
#7055=EDGE_CURVE('',#5431,#5234,#3071,.T.);
#7056=ORIENTED_EDGE('',*,*,#5433,.F.);
#7057=ORIENTED_EDGE('',*,*,#5434,.T.);
#7058=ORIENTED_EDGE('',*,*,#5435,.T.);
#7059=ORIENTED_EDGE('',*,*,#5436,.F.);
#7060=ORIENTED_EDGE('',*,*,#5437,.F.);
#7061=ORIENTED_EDGE('',*,*,#5438,.T.);
#7062=ORIENTED_EDGE('',*,*,#5439,.T.);
#7063=ORIENTED_EDGE('',*,*,#5440,.F.);
#7064=ORIENTED_EDGE('',*,*,#5441,.F.);
#7065=ORIENTED_EDGE('',*,*,#5436,.T.);
#7066=ORIENTED_EDGE('',*,*,#5442,.T.);
#7067=ORIENTED_EDGE('',*,*,#5438,.F.);
#7068=ORIENTED_EDGE('',*,*,#5442,.F.);
#7069=ORIENTED_EDGE('',*,*,#5435,.F.);
#7070=ORIENTED_EDGE('',*,*,#5443,.F.);
#7071=ORIENTED_EDGE('',*,*,#5439,.F.);
#7072=ORIENTED_EDGE('',*,*,#5444,.F.);
#7073=ORIENTED_EDGE('',*,*,#5445,.T.);
#7074=ORIENTED_EDGE('',*,*,#5446,.T.);
#7075=ORIENTED_EDGE('',*,*,#5447,.F.);
#7076=ORIENTED_EDGE('',*,*,#5448,.F.);
#7077=ORIENTED_EDGE('',*,*,#5449,.T.);
#7078=ORIENTED_EDGE('',*,*,#5450,.T.);
#7079=ORIENTED_EDGE('',*,*,#5451,.F.);
#7080=ORIENTED_EDGE('',*,*,#5452,.F.);
#7081=ORIENTED_EDGE('',*,*,#5447,.T.);
#7082=ORIENTED_EDGE('',*,*,#5453,.T.);
#7083=ORIENTED_EDGE('',*,*,#5449,.F.);
#7084=ORIENTED_EDGE('',*,*,#5453,.F.);
#7085=ORIENTED_EDGE('',*,*,#5446,.F.);
#7086=ORIENTED_EDGE('',*,*,#5454,.F.);
#7087=ORIENTED_EDGE('',*,*,#5450,.F.);
#7088=ORIENTED_EDGE('',*,*,#5455,.F.);
#7089=ORIENTED_EDGE('',*,*,#5456,.F.);
#7090=ORIENTED_EDGE('',*,*,#5457,.F.);
#7091=ORIENTED_EDGE('',*,*,#5458,.F.);
#7092=ORIENTED_EDGE('',*,*,#5459,.F.);
#7093=ORIENTED_EDGE('',*,*,#5460,.F.);
#7094=ORIENTED_EDGE('',*,*,#5461,.F.);
#7095=ORIENTED_EDGE('',*,*,#5462,.T.);
#7096=ORIENTED_EDGE('',*,*,#5463,.F.);
#7097=ORIENTED_EDGE('',*,*,#5462,.F.);
#7098=ORIENTED_EDGE('',*,*,#5464,.F.);
#7099=ORIENTED_EDGE('',*,*,#5456,.T.);
#7100=ORIENTED_EDGE('',*,*,#5459,.T.);
#7101=ORIENTED_EDGE('',*,*,#5463,.T.);
#7102=ORIENTED_EDGE('',*,*,#5455,.T.);
#7103=ORIENTED_EDGE('',*,*,#5465,.F.);
#7104=ORIENTED_EDGE('',*,*,#5466,.T.);
#7105=ORIENTED_EDGE('',*,*,#5467,.F.);
#7106=ORIENTED_EDGE('',*,*,#5468,.F.);
#7107=ORIENTED_EDGE('',*,*,#5469,.F.);
#7108=ORIENTED_EDGE('',*,*,#5470,.T.);
#7109=ORIENTED_EDGE('',*,*,#5471,.F.);
#7110=ORIENTED_EDGE('',*,*,#5472,.F.);
#7111=ORIENTED_EDGE('',*,*,#5473,.F.);
#7112=ORIENTED_EDGE('',*,*,#5458,.T.);
#7113=ORIENTED_EDGE('',*,*,#5474,.T.);
#7114=ORIENTED_EDGE('',*,*,#5475,.F.);
#7115=ORIENTED_EDGE('',*,*,#5476,.F.);
#7116=ORIENTED_EDGE('',*,*,#5477,.T.);
#7117=ORIENTED_EDGE('',*,*,#5478,.T.);
#7118=ORIENTED_EDGE('',*,*,#5479,.T.);
#7119=ORIENTED_EDGE('',*,*,#5480,.T.);
#7120=ORIENTED_EDGE('',*,*,#5481,.T.);
#7121=ORIENTED_EDGE('',*,*,#5482,.T.);
#7122=ORIENTED_EDGE('',*,*,#5483,.T.);
#7123=ORIENTED_EDGE('',*,*,#5484,.T.);
#7124=ORIENTED_EDGE('',*,*,#5485,.T.);
#7125=ORIENTED_EDGE('',*,*,#5486,.T.);
#7126=ORIENTED_EDGE('',*,*,#5487,.T.);
#7127=ORIENTED_EDGE('',*,*,#5488,.T.);
#7128=ORIENTED_EDGE('',*,*,#5489,.T.);
#7129=ORIENTED_EDGE('',*,*,#5465,.T.);
#7130=ORIENTED_EDGE('',*,*,#5490,.T.);
#7131=ORIENTED_EDGE('',*,*,#5491,.T.);
#7132=ORIENTED_EDGE('',*,*,#5492,.F.);
#7133=ORIENTED_EDGE('',*,*,#5490,.F.);
#7134=ORIENTED_EDGE('',*,*,#5491,.F.);
#7135=ORIENTED_EDGE('',*,*,#5493,.T.);
#7136=ORIENTED_EDGE('',*,*,#5494,.T.);
#7137=ORIENTED_EDGE('',*,*,#5495,.F.);
#7138=ORIENTED_EDGE('',*,*,#5493,.F.);
#7139=ORIENTED_EDGE('',*,*,#5494,.F.);
#7140=ORIENTED_EDGE('',*,*,#5496,.T.);
#7141=ORIENTED_EDGE('',*,*,#5497,.T.);
#7142=ORIENTED_EDGE('',*,*,#5498,.T.);
#7143=ORIENTED_EDGE('',*,*,#5499,.T.);
#7144=ORIENTED_EDGE('',*,*,#5500,.T.);
#7145=ORIENTED_EDGE('',*,*,#5501,.T.);
#7146=ORIENTED_EDGE('',*,*,#5496,.F.);
#7147=ORIENTED_EDGE('',*,*,#5502,.T.);
#7148=ORIENTED_EDGE('',*,*,#5503,.T.);
#7149=ORIENTED_EDGE('',*,*,#5504,.T.);
#7150=ORIENTED_EDGE('',*,*,#5500,.F.);
#7151=ORIENTED_EDGE('',*,*,#5505,.T.);
#7152=ORIENTED_EDGE('',*,*,#5498,.F.);
#7153=ORIENTED_EDGE('',*,*,#5506,.T.);
#7154=ORIENTED_EDGE('',*,*,#5503,.F.);
#7155=ORIENTED_EDGE('',*,*,#5507,.T.);
#7156=ORIENTED_EDGE('',*,*,#5502,.F.);
#7157=ORIENTED_EDGE('',*,*,#5508,.T.);
#7158=ORIENTED_EDGE('',*,*,#5509,.F.);
#7159=ORIENTED_EDGE('',*,*,#5510,.F.);
#7160=ORIENTED_EDGE('',*,*,#5499,.F.);
#7161=ORIENTED_EDGE('',*,*,#5511,.T.);
#7162=ORIENTED_EDGE('',*,*,#5512,.F.);
#7163=ORIENTED_EDGE('',*,*,#5508,.F.);
#7164=ORIENTED_EDGE('',*,*,#5513,.F.);
#7165=ORIENTED_EDGE('',*,*,#5514,.T.);
#7166=ORIENTED_EDGE('',*,*,#5515,.F.);
#7167=ORIENTED_EDGE('',*,*,#5516,.F.);
#7168=ORIENTED_EDGE('',*,*,#5497,.F.);
#7169=ORIENTED_EDGE('',*,*,#5501,.F.);
#7170=ORIENTED_EDGE('',*,*,#5504,.F.);
#7171=ORIENTED_EDGE('',*,*,#5506,.F.);
#7172=ORIENTED_EDGE('',*,*,#5517,.T.);
#7173=ORIENTED_EDGE('',*,*,#5518,.T.);
#7174=ORIENTED_EDGE('',*,*,#5519,.T.);
#7175=ORIENTED_EDGE('',*,*,#5520,.T.);
#7176=ORIENTED_EDGE('',*,*,#5521,.F.);
#7177=ORIENTED_EDGE('',*,*,#5522,.T.);
#7178=ORIENTED_EDGE('',*,*,#5523,.T.);
#7179=ORIENTED_EDGE('',*,*,#5524,.T.);
#7180=ORIENTED_EDGE('',*,*,#5525,.T.);
#7181=ORIENTED_EDGE('',*,*,#5526,.T.);
#7182=ORIENTED_EDGE('',*,*,#5527,.T.);
#7183=ORIENTED_EDGE('',*,*,#5515,.T.);
#7184=ORIENTED_EDGE('',*,*,#5528,.T.);
#7185=ORIENTED_EDGE('',*,*,#5516,.T.);
#7186=ORIENTED_EDGE('',*,*,#5527,.F.);
#7187=ORIENTED_EDGE('',*,*,#5529,.T.);
#7188=ORIENTED_EDGE('',*,*,#5530,.T.);
#7189=ORIENTED_EDGE('',*,*,#5513,.T.);
#7190=ORIENTED_EDGE('',*,*,#5528,.F.);
#7191=ORIENTED_EDGE('',*,*,#5531,.T.);
#7192=ORIENTED_EDGE('',*,*,#5523,.F.);
#7193=ORIENTED_EDGE('',*,*,#5532,.T.);
#7194=ORIENTED_EDGE('',*,*,#5519,.F.);
#7195=ORIENTED_EDGE('',*,*,#5533,.T.);
#7196=ORIENTED_EDGE('',*,*,#5534,.T.);
#7197=ORIENTED_EDGE('',*,*,#5530,.F.);
#7198=ORIENTED_EDGE('',*,*,#5535,.T.);
#7199=ORIENTED_EDGE('',*,*,#5536,.T.);
#7200=ORIENTED_EDGE('',*,*,#5537,.T.);
#7201=ORIENTED_EDGE('',*,*,#5538,.T.);
#7202=ORIENTED_EDGE('',*,*,#5539,.T.);
#7203=ORIENTED_EDGE('',*,*,#5517,.F.);
#7204=ORIENTED_EDGE('',*,*,#5540,.T.);
#7205=ORIENTED_EDGE('',*,*,#5536,.F.);
#7206=ORIENTED_EDGE('',*,*,#5541,.T.);
#7207=ORIENTED_EDGE('',*,*,#5538,.F.);
#7208=ORIENTED_EDGE('',*,*,#5520,.F.);
#7209=ORIENTED_EDGE('',*,*,#5532,.F.);
#7210=ORIENTED_EDGE('',*,*,#5522,.F.);
#7211=ORIENTED_EDGE('',*,*,#5542,.T.);
#7212=ORIENTED_EDGE('',*,*,#5535,.F.);
#7213=ORIENTED_EDGE('',*,*,#5531,.F.);
#7214=ORIENTED_EDGE('',*,*,#5543,.F.);
#7215=ORIENTED_EDGE('',*,*,#5544,.F.);
#7216=ORIENTED_EDGE('',*,*,#5545,.T.);
#7217=ORIENTED_EDGE('',*,*,#5529,.F.);
#7218=ORIENTED_EDGE('',*,*,#5546,.F.);
#7219=ORIENTED_EDGE('',*,*,#5547,.F.);
#7220=ORIENTED_EDGE('',*,*,#5548,.F.);
#7221=ORIENTED_EDGE('',*,*,#5549,.F.);
#7222=ORIENTED_EDGE('',*,*,#5543,.T.);
#7223=ORIENTED_EDGE('',*,*,#5524,.F.);
#7224=ORIENTED_EDGE('',*,*,#5550,.F.);
#7225=ORIENTED_EDGE('',*,*,#5551,.F.);
#7226=ORIENTED_EDGE('',*,*,#5552,.F.);
#7227=ORIENTED_EDGE('',*,*,#5553,.T.);
#7228=ORIENTED_EDGE('',*,*,#5554,.T.);
#7229=ORIENTED_EDGE('',*,*,#5526,.F.);
#7230=ORIENTED_EDGE('',*,*,#5555,.T.);
#7231=ORIENTED_EDGE('',*,*,#5556,.T.);
#7232=ORIENTED_EDGE('',*,*,#5557,.T.);
#7233=ORIENTED_EDGE('',*,*,#5558,.T.);
#7234=ORIENTED_EDGE('',*,*,#5559,.T.);
#7235=ORIENTED_EDGE('',*,*,#5560,.T.);
#7236=ORIENTED_EDGE('',*,*,#5561,.T.);
#7237=ORIENTED_EDGE('',*,*,#5562,.T.);
#7238=ORIENTED_EDGE('',*,*,#5563,.T.);
#7239=ORIENTED_EDGE('',*,*,#5477,.F.);
#7240=ORIENTED_EDGE('',*,*,#5564,.F.);
#7241=ORIENTED_EDGE('',*,*,#5565,.F.);
#7242=ORIENTED_EDGE('',*,*,#5566,.T.);
#7243=ORIENTED_EDGE('',*,*,#5567,.T.);
#7244=ORIENTED_EDGE('',*,*,#5568,.T.);
#7245=ORIENTED_EDGE('',*,*,#5569,.F.);
#7246=ORIENTED_EDGE('',*,*,#5570,.F.);
#7247=ORIENTED_EDGE('',*,*,#5571,.F.);
#7248=ORIENTED_EDGE('',*,*,#5546,.T.);
#7249=ORIENTED_EDGE('',*,*,#5492,.T.);
#7250=ORIENTED_EDGE('',*,*,#5572,.F.);
#7251=ORIENTED_EDGE('',*,*,#5573,.T.);
#7252=ORIENTED_EDGE('',*,*,#5574,.T.);
#7253=ORIENTED_EDGE('',*,*,#5575,.F.);
#7254=ORIENTED_EDGE('',*,*,#5576,.F.);
#7255=ORIENTED_EDGE('',*,*,#5577,.T.);
#7256=ORIENTED_EDGE('',*,*,#5578,.T.);
#7257=ORIENTED_EDGE('',*,*,#5573,.F.);
#7258=ORIENTED_EDGE('',*,*,#5579,.F.);
#7259=ORIENTED_EDGE('',*,*,#5580,.T.);
#7260=ORIENTED_EDGE('',*,*,#5581,.T.);
#7261=ORIENTED_EDGE('',*,*,#5577,.F.);
#7262=ORIENTED_EDGE('',*,*,#5582,.F.);
#7263=ORIENTED_EDGE('',*,*,#5583,.T.);
#7264=ORIENTED_EDGE('',*,*,#5584,.T.);
#7265=ORIENTED_EDGE('',*,*,#5580,.F.);
#7266=ORIENTED_EDGE('',*,*,#5585,.F.);
#7267=ORIENTED_EDGE('',*,*,#5586,.T.);
#7268=ORIENTED_EDGE('',*,*,#5587,.T.);
#7269=ORIENTED_EDGE('',*,*,#5583,.F.);
#7270=ORIENTED_EDGE('',*,*,#5588,.F.);
#7271=ORIENTED_EDGE('',*,*,#5589,.T.);
#7272=ORIENTED_EDGE('',*,*,#5590,.T.);
#7273=ORIENTED_EDGE('',*,*,#5586,.F.);
#7274=ORIENTED_EDGE('',*,*,#5591,.F.);
#7275=ORIENTED_EDGE('',*,*,#5575,.T.);
#7276=ORIENTED_EDGE('',*,*,#5592,.T.);
#7277=ORIENTED_EDGE('',*,*,#5593,.F.);
#7278=ORIENTED_EDGE('',*,*,#5592,.F.);
#7279=ORIENTED_EDGE('',*,*,#5574,.F.);
#7280=ORIENTED_EDGE('',*,*,#5578,.F.);
#7281=ORIENTED_EDGE('',*,*,#5581,.F.);
#7282=ORIENTED_EDGE('',*,*,#5584,.F.);
#7283=ORIENTED_EDGE('',*,*,#5587,.F.);
#7284=ORIENTED_EDGE('',*,*,#5590,.F.);
#7285=ORIENTED_EDGE('',*,*,#5594,.F.);
#7286=ORIENTED_EDGE('',*,*,#5588,.T.);
#7287=ORIENTED_EDGE('',*,*,#5585,.T.);
#7288=ORIENTED_EDGE('',*,*,#5582,.T.);
#7289=ORIENTED_EDGE('',*,*,#5579,.T.);
#7290=ORIENTED_EDGE('',*,*,#5576,.T.);
#7291=ORIENTED_EDGE('',*,*,#5572,.T.);
#7292=ORIENTED_EDGE('',*,*,#5591,.T.);
#7293=ORIENTED_EDGE('',*,*,#5595,.T.);
#7294=ORIENTED_EDGE('',*,*,#5596,.F.);
#7295=ORIENTED_EDGE('',*,*,#5597,.F.);
#7296=ORIENTED_EDGE('',*,*,#5569,.T.);
#7297=ORIENTED_EDGE('',*,*,#5598,.T.);
#7298=ORIENTED_EDGE('',*,*,#5599,.T.);
#7299=ORIENTED_EDGE('',*,*,#5600,.T.);
#7300=ORIENTED_EDGE('',*,*,#5601,.T.);
#7301=ORIENTED_EDGE('',*,*,#5602,.T.);
#7302=ORIENTED_EDGE('',*,*,#5603,.T.);
#7303=ORIENTED_EDGE('',*,*,#5604,.T.);
#7304=ORIENTED_EDGE('',*,*,#5565,.T.);
#7305=ORIENTED_EDGE('',*,*,#5605,.T.);
#7306=ORIENTED_EDGE('',*,*,#5606,.F.);
#7307=ORIENTED_EDGE('',*,*,#5607,.F.);
#7308=ORIENTED_EDGE('',*,*,#5608,.F.);
#7309=ORIENTED_EDGE('',*,*,#5567,.F.);
#7310=ORIENTED_EDGE('',*,*,#5609,.F.);
#7311=ORIENTED_EDGE('',*,*,#5610,.F.);
#7312=ORIENTED_EDGE('',*,*,#5611,.F.);
#7313=ORIENTED_EDGE('',*,*,#5612,.F.);
#7314=ORIENTED_EDGE('',*,*,#5613,.F.);
#7315=ORIENTED_EDGE('',*,*,#5614,.F.);
#7316=ORIENTED_EDGE('',*,*,#5615,.F.);
#7317=ORIENTED_EDGE('',*,*,#5616,.F.);
#7318=ORIENTED_EDGE('',*,*,#5617,.F.);
#7319=ORIENTED_EDGE('',*,*,#5618,.F.);
#7320=ORIENTED_EDGE('',*,*,#5619,.F.);
#7321=ORIENTED_EDGE('',*,*,#5620,.F.);
#7322=ORIENTED_EDGE('',*,*,#5621,.F.);
#7323=ORIENTED_EDGE('',*,*,#5622,.F.);
#7324=ORIENTED_EDGE('',*,*,#5623,.F.);
#7325=ORIENTED_EDGE('',*,*,#5624,.F.);
#7326=ORIENTED_EDGE('',*,*,#5625,.F.);
#7327=ORIENTED_EDGE('',*,*,#5626,.F.);
#7328=ORIENTED_EDGE('',*,*,#5627,.F.);
#7329=ORIENTED_EDGE('',*,*,#5628,.F.);
#7330=ORIENTED_EDGE('',*,*,#5629,.F.);
#7331=ORIENTED_EDGE('',*,*,#5630,.F.);
#7332=ORIENTED_EDGE('',*,*,#5598,.F.);
#7333=ORIENTED_EDGE('',*,*,#5568,.F.);
#7334=ORIENTED_EDGE('',*,*,#5608,.T.);
#7335=ORIENTED_EDGE('',*,*,#5631,.F.);
#7336=ORIENTED_EDGE('',*,*,#5604,.F.);
#7337=ORIENTED_EDGE('',*,*,#5632,.F.);
#7338=ORIENTED_EDGE('',*,*,#5609,.T.);
#7339=ORIENTED_EDGE('',*,*,#5566,.F.);
#7340=ORIENTED_EDGE('',*,*,#5633,.F.);
#7341=ORIENTED_EDGE('',*,*,#5634,.T.);
#7342=ORIENTED_EDGE('',*,*,#5612,.T.);
#7343=ORIENTED_EDGE('',*,*,#5635,.F.);
#7344=ORIENTED_EDGE('',*,*,#5614,.T.);
#7345=ORIENTED_EDGE('',*,*,#5636,.T.);
#7346=ORIENTED_EDGE('',*,*,#5637,.T.);
#7347=ORIENTED_EDGE('',*,*,#5638,.F.);
#7348=ORIENTED_EDGE('',*,*,#5639,.T.);
#7349=ORIENTED_EDGE('',*,*,#5640,.T.);
#7350=ORIENTED_EDGE('',*,*,#5641,.F.);
#7351=ORIENTED_EDGE('',*,*,#5599,.F.);
#7352=ORIENTED_EDGE('',*,*,#5631,.T.);
#7353=ORIENTED_EDGE('',*,*,#5607,.T.);
#7354=ORIENTED_EDGE('',*,*,#5632,.T.);
#7355=ORIENTED_EDGE('',*,*,#5603,.F.);
#7356=ORIENTED_EDGE('',*,*,#5642,.T.);
#7357=ORIENTED_EDGE('',*,*,#5610,.T.);
#7358=ORIENTED_EDGE('',*,*,#5641,.T.);
#7359=ORIENTED_EDGE('',*,*,#5643,.T.);
#7360=ORIENTED_EDGE('',*,*,#5636,.F.);
#7361=ORIENTED_EDGE('',*,*,#5613,.T.);
#7362=ORIENTED_EDGE('',*,*,#5634,.F.);
#7363=ORIENTED_EDGE('',*,*,#5644,.T.);
#7364=ORIENTED_EDGE('',*,*,#5645,.T.);
#7365=ORIENTED_EDGE('',*,*,#5646,.T.);
#7366=ORIENTED_EDGE('',*,*,#5647,.F.);
#7367=ORIENTED_EDGE('',*,*,#5600,.F.);
#7368=ORIENTED_EDGE('',*,*,#5627,.T.);
#7369=ORIENTED_EDGE('',*,*,#5648,.T.);
#7370=ORIENTED_EDGE('',*,*,#5649,.F.);
#7371=ORIENTED_EDGE('',*,*,#5650,.F.);
#7372=ORIENTED_EDGE('',*,*,#5626,.T.);
#7373=ORIENTED_EDGE('',*,*,#5651,.T.);
#7374=ORIENTED_EDGE('',*,*,#5652,.F.);
#7375=ORIENTED_EDGE('',*,*,#5648,.F.);
#7376=ORIENTED_EDGE('',*,*,#5625,.T.);
#7377=ORIENTED_EDGE('',*,*,#5653,.T.);
#7378=ORIENTED_EDGE('',*,*,#5654,.T.);
#7379=ORIENTED_EDGE('',*,*,#5655,.F.);
#7380=ORIENTED_EDGE('',*,*,#5656,.F.);
#7381=ORIENTED_EDGE('',*,*,#5651,.F.);
#7382=ORIENTED_EDGE('',*,*,#5624,.T.);
#7383=ORIENTED_EDGE('',*,*,#5657,.T.);
#7384=ORIENTED_EDGE('',*,*,#5658,.T.);
#7385=ORIENTED_EDGE('',*,*,#5653,.F.);
#7386=ORIENTED_EDGE('',*,*,#5619,.T.);
#7387=ORIENTED_EDGE('',*,*,#5659,.T.);
#7388=ORIENTED_EDGE('',*,*,#5660,.F.);
#7389=ORIENTED_EDGE('',*,*,#5661,.F.);
#7390=ORIENTED_EDGE('',*,*,#5618,.T.);
#7391=ORIENTED_EDGE('',*,*,#5662,.T.);
#7392=ORIENTED_EDGE('',*,*,#5663,.T.);
#7393=ORIENTED_EDGE('',*,*,#5664,.F.);
#7394=ORIENTED_EDGE('',*,*,#5665,.F.);
#7395=ORIENTED_EDGE('',*,*,#5659,.F.);
#7396=ORIENTED_EDGE('',*,*,#5617,.T.);
#7397=ORIENTED_EDGE('',*,*,#5666,.T.);
#7398=ORIENTED_EDGE('',*,*,#5667,.T.);
#7399=ORIENTED_EDGE('',*,*,#5662,.F.);
#7400=ORIENTED_EDGE('',*,*,#5616,.T.);
#7401=ORIENTED_EDGE('',*,*,#5668,.T.);
#7402=ORIENTED_EDGE('',*,*,#5669,.F.);
#7403=ORIENTED_EDGE('',*,*,#5670,.F.);
#7404=ORIENTED_EDGE('',*,*,#5671,.T.);
#7405=ORIENTED_EDGE('',*,*,#5666,.F.);
#7406=ORIENTED_EDGE('',*,*,#5633,.T.);
#7407=ORIENTED_EDGE('',*,*,#5672,.F.);
#7408=ORIENTED_EDGE('',*,*,#5673,.F.);
#7409=ORIENTED_EDGE('',*,*,#5674,.F.);
#7410=ORIENTED_EDGE('',*,*,#5675,.F.);
#7411=ORIENTED_EDGE('',*,*,#5676,.F.);
#7412=ORIENTED_EDGE('',*,*,#5677,.F.);
#7413=ORIENTED_EDGE('',*,*,#5678,.F.);
#7414=ORIENTED_EDGE('',*,*,#5679,.F.);
#7415=ORIENTED_EDGE('',*,*,#5680,.F.);
#7416=ORIENTED_EDGE('',*,*,#5681,.F.);
#7417=ORIENTED_EDGE('',*,*,#5682,.F.);
#7418=ORIENTED_EDGE('',*,*,#5683,.F.);
#7419=ORIENTED_EDGE('',*,*,#5684,.F.);
#7420=ORIENTED_EDGE('',*,*,#5685,.F.);
#7421=ORIENTED_EDGE('',*,*,#5686,.F.);
#7422=ORIENTED_EDGE('',*,*,#5687,.F.);
#7423=ORIENTED_EDGE('',*,*,#5688,.F.);
#7424=ORIENTED_EDGE('',*,*,#5689,.F.);
#7425=ORIENTED_EDGE('',*,*,#5690,.F.);
#7426=ORIENTED_EDGE('',*,*,#5691,.F.);
#7427=ORIENTED_EDGE('',*,*,#5644,.F.);
#7428=ORIENTED_EDGE('',*,*,#5602,.F.);
#7429=ORIENTED_EDGE('',*,*,#5692,.T.);
#7430=ORIENTED_EDGE('',*,*,#5672,.T.);
#7431=ORIENTED_EDGE('',*,*,#5635,.T.);
#7432=ORIENTED_EDGE('',*,*,#5611,.T.);
#7433=ORIENTED_EDGE('',*,*,#5642,.F.);
#7434=ORIENTED_EDGE('',*,*,#5623,.T.);
#7435=ORIENTED_EDGE('',*,*,#5693,.T.);
#7436=ORIENTED_EDGE('',*,*,#5694,.F.);
#7437=ORIENTED_EDGE('',*,*,#5695,.F.);
#7438=ORIENTED_EDGE('',*,*,#5696,.T.);
#7439=ORIENTED_EDGE('',*,*,#5657,.F.);
#7440=ORIENTED_EDGE('',*,*,#5630,.T.);
#7441=ORIENTED_EDGE('',*,*,#5697,.T.);
#7442=ORIENTED_EDGE('',*,*,#5698,.F.);
#7443=ORIENTED_EDGE('',*,*,#5693,.F.);
#7444=ORIENTED_EDGE('',*,*,#5629,.T.);
#7445=ORIENTED_EDGE('',*,*,#5699,.T.);
#7446=ORIENTED_EDGE('',*,*,#5700,.F.);
#7447=ORIENTED_EDGE('',*,*,#5697,.F.);
#7448=ORIENTED_EDGE('',*,*,#5628,.T.);
#7449=ORIENTED_EDGE('',*,*,#5650,.T.);
#7450=ORIENTED_EDGE('',*,*,#5701,.F.);
#7451=ORIENTED_EDGE('',*,*,#5699,.F.);
#7452=ORIENTED_EDGE('',*,*,#5615,.T.);
#7453=ORIENTED_EDGE('',*,*,#5702,.T.);
#7454=ORIENTED_EDGE('',*,*,#5703,.F.);
#7455=ORIENTED_EDGE('',*,*,#5668,.F.);
#7456=ORIENTED_EDGE('',*,*,#5622,.T.);
#7457=ORIENTED_EDGE('',*,*,#5704,.T.);
#7458=ORIENTED_EDGE('',*,*,#5705,.F.);
#7459=ORIENTED_EDGE('',*,*,#5702,.F.);
#7460=ORIENTED_EDGE('',*,*,#5621,.T.);
#7461=ORIENTED_EDGE('',*,*,#5706,.T.);
#7462=ORIENTED_EDGE('',*,*,#5707,.F.);
#7463=ORIENTED_EDGE('',*,*,#5704,.F.);
#7464=ORIENTED_EDGE('',*,*,#5675,.T.);
#7465=ORIENTED_EDGE('',*,*,#5708,.T.);
#7466=ORIENTED_EDGE('',*,*,#5709,.F.);
#7467=ORIENTED_EDGE('',*,*,#5710,.F.);
#7468=ORIENTED_EDGE('',*,*,#5674,.T.);
#7469=ORIENTED_EDGE('',*,*,#5711,.T.);
#7470=ORIENTED_EDGE('',*,*,#5712,.T.);
#7471=ORIENTED_EDGE('',*,*,#5713,.F.);
#7472=ORIENTED_EDGE('',*,*,#5714,.F.);
#7473=ORIENTED_EDGE('',*,*,#5708,.F.);
#7474=ORIENTED_EDGE('',*,*,#5606,.T.);
#7475=ORIENTED_EDGE('',*,*,#5638,.T.);
#7476=ORIENTED_EDGE('',*,*,#5715,.T.);
#7477=ORIENTED_EDGE('',*,*,#5639,.F.);
#7478=ORIENTED_EDGE('',*,*,#5691,.T.);
#7479=ORIENTED_EDGE('',*,*,#5716,.T.);
#7480=ORIENTED_EDGE('',*,*,#5717,.T.);
#7481=ORIENTED_EDGE('',*,*,#5645,.F.);
#7482=ORIENTED_EDGE('',*,*,#5690,.T.);
#7483=ORIENTED_EDGE('',*,*,#5718,.T.);
#7484=ORIENTED_EDGE('',*,*,#5719,.T.);
#7485=ORIENTED_EDGE('',*,*,#5716,.F.);
#7486=ORIENTED_EDGE('',*,*,#5720,.F.);
#7487=ORIENTED_EDGE('',*,*,#5646,.F.);
#7488=ORIENTED_EDGE('',*,*,#5717,.F.);
#7489=ORIENTED_EDGE('',*,*,#5719,.F.);
#7490=ORIENTED_EDGE('',*,*,#5640,.F.);
#7491=ORIENTED_EDGE('',*,*,#5715,.F.);
#7492=ORIENTED_EDGE('',*,*,#5637,.F.);
#7493=ORIENTED_EDGE('',*,*,#5643,.F.);
#7494=ORIENTED_EDGE('',*,*,#5620,.T.);
#7495=ORIENTED_EDGE('',*,*,#5661,.T.);
#7496=ORIENTED_EDGE('',*,*,#5721,.F.);
#7497=ORIENTED_EDGE('',*,*,#5706,.F.);
#7498=ORIENTED_EDGE('',*,*,#5722,.F.);
#7499=ORIENTED_EDGE('',*,*,#5663,.F.);
#7500=ORIENTED_EDGE('',*,*,#5667,.F.);
#7501=ORIENTED_EDGE('',*,*,#5671,.F.);
#7502=ORIENTED_EDGE('',*,*,#5686,.T.);
#7503=ORIENTED_EDGE('',*,*,#5723,.T.);
#7504=ORIENTED_EDGE('',*,*,#5724,.F.);
#7505=ORIENTED_EDGE('',*,*,#5725,.F.);
#7506=ORIENTED_EDGE('',*,*,#5685,.T.);
#7507=ORIENTED_EDGE('',*,*,#5726,.T.);
#7508=ORIENTED_EDGE('',*,*,#5727,.F.);
#7509=ORIENTED_EDGE('',*,*,#5723,.F.);
#7510=ORIENTED_EDGE('',*,*,#5684,.T.);
#7511=ORIENTED_EDGE('',*,*,#5728,.T.);
#7512=ORIENTED_EDGE('',*,*,#5729,.F.);
#7513=ORIENTED_EDGE('',*,*,#5726,.F.);
#7514=ORIENTED_EDGE('',*,*,#5683,.T.);
#7515=ORIENTED_EDGE('',*,*,#5730,.T.);
#7516=ORIENTED_EDGE('',*,*,#5731,.F.);
#7517=ORIENTED_EDGE('',*,*,#5728,.F.);
#7518=ORIENTED_EDGE('',*,*,#5682,.T.);
#7519=ORIENTED_EDGE('',*,*,#5732,.T.);
#7520=ORIENTED_EDGE('',*,*,#5733,.T.);
#7521=ORIENTED_EDGE('',*,*,#5734,.F.);
#7522=ORIENTED_EDGE('',*,*,#5735,.F.);
#7523=ORIENTED_EDGE('',*,*,#5730,.F.);
#7524=ORIENTED_EDGE('',*,*,#5688,.T.);
#7525=ORIENTED_EDGE('',*,*,#5736,.T.);
#7526=ORIENTED_EDGE('',*,*,#5737,.F.);
#7527=ORIENTED_EDGE('',*,*,#5738,.F.);
#7528=ORIENTED_EDGE('',*,*,#5739,.T.);
#7529=ORIENTED_EDGE('',*,*,#5740,.F.);
#7530=ORIENTED_EDGE('',*,*,#5687,.T.);
#7531=ORIENTED_EDGE('',*,*,#5725,.T.);
#7532=ORIENTED_EDGE('',*,*,#5741,.F.);
#7533=ORIENTED_EDGE('',*,*,#5736,.F.);
#7534=ORIENTED_EDGE('',*,*,#5742,.F.);
#7535=ORIENTED_EDGE('',*,*,#5733,.F.);
#7536=ORIENTED_EDGE('',*,*,#5743,.F.);
#7537=ORIENTED_EDGE('',*,*,#5739,.F.);
#7538=ORIENTED_EDGE('',*,*,#5678,.T.);
#7539=ORIENTED_EDGE('',*,*,#5744,.T.);
#7540=ORIENTED_EDGE('',*,*,#5745,.F.);
#7541=ORIENTED_EDGE('',*,*,#5746,.F.);
#7542=ORIENTED_EDGE('',*,*,#5677,.T.);
#7543=ORIENTED_EDGE('',*,*,#5747,.T.);
#7544=ORIENTED_EDGE('',*,*,#5748,.F.);
#7545=ORIENTED_EDGE('',*,*,#5744,.F.);
#7546=ORIENTED_EDGE('',*,*,#5676,.T.);
#7547=ORIENTED_EDGE('',*,*,#5710,.T.);
#7548=ORIENTED_EDGE('',*,*,#5749,.F.);
#7549=ORIENTED_EDGE('',*,*,#5747,.F.);
#7550=ORIENTED_EDGE('',*,*,#5680,.T.);
#7551=ORIENTED_EDGE('',*,*,#5750,.T.);
#7552=ORIENTED_EDGE('',*,*,#5751,.F.);
#7553=ORIENTED_EDGE('',*,*,#5752,.F.);
#7554=ORIENTED_EDGE('',*,*,#5753,.T.);
#7555=ORIENTED_EDGE('',*,*,#5754,.F.);
#7556=ORIENTED_EDGE('',*,*,#5679,.T.);
#7557=ORIENTED_EDGE('',*,*,#5746,.T.);
#7558=ORIENTED_EDGE('',*,*,#5755,.F.);
#7559=ORIENTED_EDGE('',*,*,#5750,.F.);
#7560=ORIENTED_EDGE('',*,*,#5601,.F.);
#7561=ORIENTED_EDGE('',*,*,#5647,.T.);
#7562=ORIENTED_EDGE('',*,*,#5720,.T.);
#7563=ORIENTED_EDGE('',*,*,#5718,.F.);
#7564=ORIENTED_EDGE('',*,*,#5689,.T.);
#7565=ORIENTED_EDGE('',*,*,#5740,.T.);
#7566=ORIENTED_EDGE('',*,*,#5743,.T.);
#7567=ORIENTED_EDGE('',*,*,#5732,.F.);
#7568=ORIENTED_EDGE('',*,*,#5681,.T.);
#7569=ORIENTED_EDGE('',*,*,#5754,.T.);
#7570=ORIENTED_EDGE('',*,*,#5756,.T.);
#7571=ORIENTED_EDGE('',*,*,#5711,.F.);
#7572=ORIENTED_EDGE('',*,*,#5673,.T.);
#7573=ORIENTED_EDGE('',*,*,#5692,.F.);
#7574=ORIENTED_EDGE('',*,*,#5757,.F.);
#7575=ORIENTED_EDGE('',*,*,#5712,.F.);
#7576=ORIENTED_EDGE('',*,*,#5756,.F.);
#7577=ORIENTED_EDGE('',*,*,#5753,.F.);
#7578=ORIENTED_EDGE('',*,*,#5758,.F.);
#7579=ORIENTED_EDGE('',*,*,#5654,.F.);
#7580=ORIENTED_EDGE('',*,*,#5658,.F.);
#7581=ORIENTED_EDGE('',*,*,#5696,.F.);
#7582=ORIENTED_EDGE('',*,*,#5664,.T.);
#7583=ORIENTED_EDGE('',*,*,#5722,.T.);
#7584=ORIENTED_EDGE('',*,*,#5670,.T.);
#7585=ORIENTED_EDGE('',*,*,#5759,.T.);
#7586=ORIENTED_EDGE('',*,*,#5655,.T.);
#7587=ORIENTED_EDGE('',*,*,#5758,.T.);
#7588=ORIENTED_EDGE('',*,*,#5695,.T.);
#7589=ORIENTED_EDGE('',*,*,#5760,.T.);
#7590=ORIENTED_EDGE('',*,*,#5761,.F.);
#7591=ORIENTED_EDGE('',*,*,#5762,.F.);
#7592=ORIENTED_EDGE('',*,*,#5763,.T.);
#7593=ORIENTED_EDGE('',*,*,#5764,.T.);
#7594=ORIENTED_EDGE('',*,*,#5765,.F.);
#7595=ORIENTED_EDGE('',*,*,#5766,.T.);
#7596=ORIENTED_EDGE('',*,*,#5767,.T.);
#7597=ORIENTED_EDGE('',*,*,#5768,.T.);
#7598=ORIENTED_EDGE('',*,*,#5769,.T.);
#7599=ORIENTED_EDGE('',*,*,#5770,.T.);
#7600=ORIENTED_EDGE('',*,*,#5771,.T.);
#7601=ORIENTED_EDGE('',*,*,#5772,.T.);
#7602=ORIENTED_EDGE('',*,*,#5773,.T.);
#7603=ORIENTED_EDGE('',*,*,#5774,.T.);
#7604=ORIENTED_EDGE('',*,*,#5775,.F.);
#7605=ORIENTED_EDGE('',*,*,#5557,.F.);
#7606=ORIENTED_EDGE('',*,*,#5776,.T.);
#7607=ORIENTED_EDGE('',*,*,#5771,.F.);
#7608=ORIENTED_EDGE('',*,*,#5777,.F.);
#7609=ORIENTED_EDGE('',*,*,#5778,.F.);
#7610=ORIENTED_EDGE('',*,*,#5779,.F.);
#7611=ORIENTED_EDGE('',*,*,#5780,.F.);
#7612=ORIENTED_EDGE('',*,*,#5781,.F.);
#7613=ORIENTED_EDGE('',*,*,#5782,.T.);
#7614=ORIENTED_EDGE('',*,*,#5766,.F.);
#7615=ORIENTED_EDGE('',*,*,#5783,.F.);
#7616=ORIENTED_EDGE('',*,*,#5777,.T.);
#7617=ORIENTED_EDGE('',*,*,#5770,.F.);
#7618=ORIENTED_EDGE('',*,*,#5784,.F.);
#7619=ORIENTED_EDGE('',*,*,#5560,.F.);
#7620=ORIENTED_EDGE('',*,*,#5785,.F.);
#7621=ORIENTED_EDGE('',*,*,#5772,.F.);
#7622=ORIENTED_EDGE('',*,*,#5776,.F.);
#7623=ORIENTED_EDGE('',*,*,#5556,.F.);
#7624=ORIENTED_EDGE('',*,*,#5786,.T.);
#7625=ORIENTED_EDGE('',*,*,#5773,.F.);
#7626=ORIENTED_EDGE('',*,*,#5786,.F.);
#7627=ORIENTED_EDGE('',*,*,#5555,.F.);
#7628=ORIENTED_EDGE('',*,*,#5787,.T.);
#7629=ORIENTED_EDGE('',*,*,#5788,.F.);
#7630=ORIENTED_EDGE('',*,*,#5774,.F.);
#7631=ORIENTED_EDGE('',*,*,#5787,.F.);
#7632=ORIENTED_EDGE('',*,*,#5525,.F.);
#7633=ORIENTED_EDGE('',*,*,#5789,.T.);
#7634=ORIENTED_EDGE('',*,*,#5790,.F.);
#7635=ORIENTED_EDGE('',*,*,#5789,.F.);
#7636=ORIENTED_EDGE('',*,*,#5554,.F.);
#7637=ORIENTED_EDGE('',*,*,#5791,.F.);
#7638=ORIENTED_EDGE('',*,*,#5792,.F.);
#7639=ORIENTED_EDGE('',*,*,#5780,.T.);
#7640=ORIENTED_EDGE('',*,*,#5793,.F.);
#7641=ORIENTED_EDGE('',*,*,#5794,.T.);
#7642=ORIENTED_EDGE('',*,*,#5767,.F.);
#7643=ORIENTED_EDGE('',*,*,#5782,.F.);
#7644=ORIENTED_EDGE('',*,*,#5795,.F.);
#7645=ORIENTED_EDGE('',*,*,#5796,.F.);
#7646=ORIENTED_EDGE('',*,*,#5562,.F.);
#7647=ORIENTED_EDGE('',*,*,#5797,.T.);
#7648=ORIENTED_EDGE('',*,*,#5768,.F.);
#7649=ORIENTED_EDGE('',*,*,#5794,.F.);
#7650=ORIENTED_EDGE('',*,*,#5769,.F.);
#7651=ORIENTED_EDGE('',*,*,#5797,.F.);
#7652=ORIENTED_EDGE('',*,*,#5561,.F.);
#7653=ORIENTED_EDGE('',*,*,#5784,.T.);
#7654=ORIENTED_EDGE('',*,*,#5798,.F.);
#7655=ORIENTED_EDGE('',*,*,#5799,.F.);
#7656=ORIENTED_EDGE('',*,*,#5800,.F.);
#7657=ORIENTED_EDGE('',*,*,#5801,.T.);
#7658=ORIENTED_EDGE('',*,*,#5802,.F.);
#7659=ORIENTED_EDGE('',*,*,#5803,.T.);
#7660=ORIENTED_EDGE('',*,*,#5804,.F.);
#7661=ORIENTED_EDGE('',*,*,#5805,.F.);
#7662=ORIENTED_EDGE('',*,*,#5806,.F.);
#7663=ORIENTED_EDGE('',*,*,#5805,.T.);
#7664=ORIENTED_EDGE('',*,*,#5807,.F.);
#7665=ORIENTED_EDGE('',*,*,#5808,.F.);
#7666=ORIENTED_EDGE('',*,*,#5809,.F.);
#7667=ORIENTED_EDGE('',*,*,#5810,.T.);
#7668=ORIENTED_EDGE('',*,*,#5811,.T.);
#7669=ORIENTED_EDGE('',*,*,#5812,.T.);
#7670=ORIENTED_EDGE('',*,*,#5813,.T.);
#7671=ORIENTED_EDGE('',*,*,#5814,.T.);
#7672=ORIENTED_EDGE('',*,*,#5815,.T.);
#7673=ORIENTED_EDGE('',*,*,#5807,.T.);
#7674=ORIENTED_EDGE('',*,*,#5804,.T.);
#7675=ORIENTED_EDGE('',*,*,#5816,.T.);
#7676=ORIENTED_EDGE('',*,*,#5817,.F.);
#7677=ORIENTED_EDGE('',*,*,#5808,.T.);
#7678=ORIENTED_EDGE('',*,*,#5815,.F.);
#7679=ORIENTED_EDGE('',*,*,#5818,.F.);
#7680=ORIENTED_EDGE('',*,*,#5819,.F.);
#7681=ORIENTED_EDGE('',*,*,#5818,.T.);
#7682=ORIENTED_EDGE('',*,*,#5814,.F.);
#7683=ORIENTED_EDGE('',*,*,#5820,.F.);
#7684=ORIENTED_EDGE('',*,*,#5821,.F.);
#7685=ORIENTED_EDGE('',*,*,#5820,.T.);
#7686=ORIENTED_EDGE('',*,*,#5813,.F.);
#7687=ORIENTED_EDGE('',*,*,#5822,.F.);
#7688=ORIENTED_EDGE('',*,*,#5823,.F.);
#7689=ORIENTED_EDGE('',*,*,#5822,.T.);
#7690=ORIENTED_EDGE('',*,*,#5812,.F.);
#7691=ORIENTED_EDGE('',*,*,#5824,.F.);
#7692=ORIENTED_EDGE('',*,*,#5825,.F.);
#7693=ORIENTED_EDGE('',*,*,#5824,.T.);
#7694=ORIENTED_EDGE('',*,*,#5811,.F.);
#7695=ORIENTED_EDGE('',*,*,#5826,.F.);
#7696=ORIENTED_EDGE('',*,*,#5827,.F.);
#7697=ORIENTED_EDGE('',*,*,#5816,.F.);
#7698=ORIENTED_EDGE('',*,*,#5803,.F.);
#7699=ORIENTED_EDGE('',*,*,#5828,.F.);
#7700=ORIENTED_EDGE('',*,*,#5799,.T.);
#7701=ORIENTED_EDGE('',*,*,#5796,.T.);
#7702=ORIENTED_EDGE('',*,*,#5829,.T.);
#7703=ORIENTED_EDGE('',*,*,#5830,.T.);
#7704=ORIENTED_EDGE('',*,*,#5831,.T.);
#7705=ORIENTED_EDGE('',*,*,#5832,.F.);
#7706=ORIENTED_EDGE('',*,*,#5833,.F.);
#7707=ORIENTED_EDGE('',*,*,#5478,.F.);
#7708=ORIENTED_EDGE('',*,*,#5563,.F.);
#7709=ORIENTED_EDGE('',*,*,#5785,.T.);
#7710=ORIENTED_EDGE('',*,*,#5559,.F.);
#7711=ORIENTED_EDGE('',*,*,#5834,.T.);
#7712=ORIENTED_EDGE('',*,*,#5835,.T.);
#7713=ORIENTED_EDGE('',*,*,#5775,.T.);
#7714=ORIENTED_EDGE('',*,*,#5836,.T.);
#7715=ORIENTED_EDGE('',*,*,#5834,.F.);
#7716=ORIENTED_EDGE('',*,*,#5558,.F.);
#7717=ORIENTED_EDGE('',*,*,#5553,.F.);
#7718=ORIENTED_EDGE('',*,*,#5837,.F.);
#7719=ORIENTED_EDGE('',*,*,#5838,.T.);
#7720=ORIENTED_EDGE('',*,*,#5826,.T.);
#7721=ORIENTED_EDGE('',*,*,#5810,.F.);
#7722=ORIENTED_EDGE('',*,*,#5839,.F.);
#7723=ORIENTED_EDGE('',*,*,#5801,.F.);
#7724=ORIENTED_EDGE('',*,*,#5840,.T.);
#7725=ORIENTED_EDGE('',*,*,#5791,.T.);
#7726=ORIENTED_EDGE('',*,*,#5778,.T.);
#7727=ORIENTED_EDGE('',*,*,#5783,.T.);
#7728=ORIENTED_EDGE('',*,*,#5835,.F.);
#7729=ORIENTED_EDGE('',*,*,#5836,.F.);
#7730=ORIENTED_EDGE('',*,*,#5841,.F.);
#7731=ORIENTED_EDGE('',*,*,#5761,.T.);
#7732=ORIENTED_EDGE('',*,*,#5842,.T.);
#7733=ORIENTED_EDGE('',*,*,#5843,.F.);
#7734=ORIENTED_EDGE('',*,*,#5844,.F.);
#7735=ORIENTED_EDGE('',*,*,#5845,.T.);
#7736=ORIENTED_EDGE('',*,*,#5846,.T.);
#7737=ORIENTED_EDGE('',*,*,#5763,.F.);
#7738=ORIENTED_EDGE('',*,*,#5738,.T.);
#7739=ORIENTED_EDGE('',*,*,#5847,.T.);
#7740=ORIENTED_EDGE('',*,*,#5845,.F.);
#7741=ORIENTED_EDGE('',*,*,#5848,.F.);
#7742=ORIENTED_EDGE('',*,*,#5843,.T.);
#7743=ORIENTED_EDGE('',*,*,#5849,.T.);
#7744=ORIENTED_EDGE('',*,*,#5713,.T.);
#7745=ORIENTED_EDGE('',*,*,#5757,.T.);
#7746=ORIENTED_EDGE('',*,*,#5752,.T.);
#7747=ORIENTED_EDGE('',*,*,#5850,.T.);
#7748=ORIENTED_EDGE('',*,*,#5734,.T.);
#7749=ORIENTED_EDGE('',*,*,#5742,.T.);
#7750=ORIENTED_EDGE('',*,*,#5665,.T.);
#7751=ORIENTED_EDGE('',*,*,#5764,.F.);
#7752=ORIENTED_EDGE('',*,*,#5846,.F.);
#7753=ORIENTED_EDGE('',*,*,#5847,.F.);
#7754=ORIENTED_EDGE('',*,*,#5737,.T.);
#7755=ORIENTED_EDGE('',*,*,#5741,.T.);
#7756=ORIENTED_EDGE('',*,*,#5724,.T.);
#7757=ORIENTED_EDGE('',*,*,#5727,.T.);
#7758=ORIENTED_EDGE('',*,*,#5729,.T.);
#7759=ORIENTED_EDGE('',*,*,#5731,.T.);
#7760=ORIENTED_EDGE('',*,*,#5735,.T.);
#7761=ORIENTED_EDGE('',*,*,#5850,.F.);
#7762=ORIENTED_EDGE('',*,*,#5751,.T.);
#7763=ORIENTED_EDGE('',*,*,#5755,.T.);
#7764=ORIENTED_EDGE('',*,*,#5745,.T.);
#7765=ORIENTED_EDGE('',*,*,#5748,.T.);
#7766=ORIENTED_EDGE('',*,*,#5749,.T.);
#7767=ORIENTED_EDGE('',*,*,#5709,.T.);
#7768=ORIENTED_EDGE('',*,*,#5714,.T.);
#7769=ORIENTED_EDGE('',*,*,#5849,.F.);
#7770=ORIENTED_EDGE('',*,*,#5842,.F.);
#7771=ORIENTED_EDGE('',*,*,#5760,.F.);
#7772=ORIENTED_EDGE('',*,*,#5694,.T.);
#7773=ORIENTED_EDGE('',*,*,#5698,.T.);
#7774=ORIENTED_EDGE('',*,*,#5700,.T.);
#7775=ORIENTED_EDGE('',*,*,#5701,.T.);
#7776=ORIENTED_EDGE('',*,*,#5649,.T.);
#7777=ORIENTED_EDGE('',*,*,#5652,.T.);
#7778=ORIENTED_EDGE('',*,*,#5656,.T.);
#7779=ORIENTED_EDGE('',*,*,#5759,.F.);
#7780=ORIENTED_EDGE('',*,*,#5669,.T.);
#7781=ORIENTED_EDGE('',*,*,#5703,.T.);
#7782=ORIENTED_EDGE('',*,*,#5705,.T.);
#7783=ORIENTED_EDGE('',*,*,#5707,.T.);
#7784=ORIENTED_EDGE('',*,*,#5721,.T.);
#7785=ORIENTED_EDGE('',*,*,#5660,.T.);
#7786=ORIENTED_EDGE('',*,*,#5851,.F.);
#7787=ORIENTED_EDGE('',*,*,#5471,.T.);
#7788=ORIENTED_EDGE('',*,*,#5852,.T.);
#7789=ORIENTED_EDGE('',*,*,#5853,.F.);
#7790=ORIENTED_EDGE('',*,*,#5792,.T.);
#7791=ORIENTED_EDGE('',*,*,#5840,.F.);
#7792=ORIENTED_EDGE('',*,*,#5800,.T.);
#7793=ORIENTED_EDGE('',*,*,#5828,.T.);
#7794=ORIENTED_EDGE('',*,*,#5802,.T.);
#7795=ORIENTED_EDGE('',*,*,#5806,.T.);
#7796=ORIENTED_EDGE('',*,*,#5817,.T.);
#7797=ORIENTED_EDGE('',*,*,#5819,.T.);
#7798=ORIENTED_EDGE('',*,*,#5821,.T.);
#7799=ORIENTED_EDGE('',*,*,#5823,.T.);
#7800=ORIENTED_EDGE('',*,*,#5825,.T.);
#7801=ORIENTED_EDGE('',*,*,#5838,.F.);
#7802=ORIENTED_EDGE('',*,*,#5854,.F.);
#7803=ORIENTED_EDGE('',*,*,#5852,.F.);
#7804=ORIENTED_EDGE('',*,*,#5470,.F.);
#7805=ORIENTED_EDGE('',*,*,#5855,.F.);
#7806=ORIENTED_EDGE('',*,*,#5856,.F.);
#7807=ORIENTED_EDGE('',*,*,#5857,.F.);
#7808=ORIENTED_EDGE('',*,*,#5858,.F.);
#7809=ORIENTED_EDGE('',*,*,#5859,.F.);
#7810=ORIENTED_EDGE('',*,*,#5860,.F.);
#7811=ORIENTED_EDGE('',*,*,#5861,.F.);
#7812=ORIENTED_EDGE('',*,*,#5862,.F.);
#7813=ORIENTED_EDGE('',*,*,#5863,.F.);
#7814=ORIENTED_EDGE('',*,*,#5829,.F.);
#7815=ORIENTED_EDGE('',*,*,#5795,.T.);
#7816=ORIENTED_EDGE('',*,*,#5793,.T.);
#7817=ORIENTED_EDGE('',*,*,#5781,.T.);
#7818=ORIENTED_EDGE('',*,*,#5495,.T.);
#7819=ORIENTED_EDGE('',*,*,#5461,.T.);
#7820=ORIENTED_EDGE('',*,*,#5864,.F.);
#7821=ORIENTED_EDGE('',*,*,#5865,.T.);
#7822=ORIENTED_EDGE('',*,*,#5853,.T.);
#7823=ORIENTED_EDGE('',*,*,#5854,.T.);
#7824=ORIENTED_EDGE('',*,*,#5837,.T.);
#7825=ORIENTED_EDGE('',*,*,#5552,.T.);
#7826=ORIENTED_EDGE('',*,*,#5866,.T.);
#7827=ORIENTED_EDGE('',*,*,#5867,.F.);
#7828=ORIENTED_EDGE('',*,*,#5474,.F.);
#7829=ORIENTED_EDGE('',*,*,#5457,.T.);
#7830=ORIENTED_EDGE('',*,*,#5464,.T.);
#7831=ORIENTED_EDGE('',*,*,#5863,.T.);
#7832=ORIENTED_EDGE('',*,*,#5868,.T.);
#7833=ORIENTED_EDGE('',*,*,#5869,.F.);
#7834=ORIENTED_EDGE('',*,*,#5830,.F.);
#7835=ORIENTED_EDGE('',*,*,#5862,.T.);
#7836=ORIENTED_EDGE('',*,*,#5870,.F.);
#7837=ORIENTED_EDGE('',*,*,#5871,.F.);
#7838=ORIENTED_EDGE('',*,*,#5872,.F.);
#7839=ORIENTED_EDGE('',*,*,#5873,.F.);
#7840=ORIENTED_EDGE('',*,*,#5868,.F.);
#7841=ORIENTED_EDGE('',*,*,#5861,.T.);
#7842=ORIENTED_EDGE('',*,*,#5874,.T.);
#7843=ORIENTED_EDGE('',*,*,#5875,.T.);
#7844=ORIENTED_EDGE('',*,*,#5876,.T.);
#7845=ORIENTED_EDGE('',*,*,#5877,.T.);
#7846=ORIENTED_EDGE('',*,*,#5870,.T.);
#7847=ORIENTED_EDGE('',*,*,#5860,.T.);
#7848=ORIENTED_EDGE('',*,*,#5878,.T.);
#7849=ORIENTED_EDGE('',*,*,#5879,.T.);
#7850=ORIENTED_EDGE('',*,*,#5880,.F.);
#7851=ORIENTED_EDGE('',*,*,#5881,.F.);
#7852=ORIENTED_EDGE('',*,*,#5874,.F.);
#7853=ORIENTED_EDGE('',*,*,#5855,.T.);
#7854=ORIENTED_EDGE('',*,*,#5469,.T.);
#7855=ORIENTED_EDGE('',*,*,#5882,.F.);
#7856=ORIENTED_EDGE('',*,*,#5883,.F.);
#7857=ORIENTED_EDGE('',*,*,#5859,.T.);
#7858=ORIENTED_EDGE('',*,*,#5884,.T.);
#7859=ORIENTED_EDGE('',*,*,#5885,.F.);
#7860=ORIENTED_EDGE('',*,*,#5878,.F.);
#7861=ORIENTED_EDGE('',*,*,#5857,.T.);
#7862=ORIENTED_EDGE('',*,*,#5886,.T.);
#7863=ORIENTED_EDGE('',*,*,#5887,.T.);
#7864=ORIENTED_EDGE('',*,*,#5888,.T.);
#7865=ORIENTED_EDGE('',*,*,#5460,.T.);
#7866=ORIENTED_EDGE('',*,*,#5473,.T.);
#7867=ORIENTED_EDGE('',*,*,#5889,.T.);
#7868=ORIENTED_EDGE('',*,*,#5864,.T.);
#7869=ORIENTED_EDGE('',*,*,#5851,.T.);
#7870=ORIENTED_EDGE('',*,*,#5865,.F.);
#7871=ORIENTED_EDGE('',*,*,#5889,.F.);
#7872=ORIENTED_EDGE('',*,*,#5472,.T.);
#7873=ORIENTED_EDGE('',*,*,#5871,.T.);
#7874=ORIENTED_EDGE('',*,*,#5877,.F.);
#7875=ORIENTED_EDGE('',*,*,#5890,.F.);
#7876=ORIENTED_EDGE('',*,*,#5891,.T.);
#7877=ORIENTED_EDGE('',*,*,#5856,.T.);
#7878=ORIENTED_EDGE('',*,*,#5883,.T.);
#7879=ORIENTED_EDGE('',*,*,#5892,.T.);
#7880=ORIENTED_EDGE('',*,*,#5893,.F.);
#7881=ORIENTED_EDGE('',*,*,#5894,.F.);
#7882=ORIENTED_EDGE('',*,*,#5886,.F.);
#7883=ORIENTED_EDGE('',*,*,#5895,.F.);
#7884=ORIENTED_EDGE('',*,*,#5896,.F.);
#7885=ORIENTED_EDGE('',*,*,#5897,.F.);
#7886=ORIENTED_EDGE('',*,*,#5488,.F.);
#7887=ORIENTED_EDGE('',*,*,#5882,.T.);
#7888=ORIENTED_EDGE('',*,*,#5468,.T.);
#7889=ORIENTED_EDGE('',*,*,#5898,.F.);
#7890=ORIENTED_EDGE('',*,*,#5892,.F.);
#7891=ORIENTED_EDGE('',*,*,#5899,.F.);
#7892=ORIENTED_EDGE('',*,*,#5466,.F.);
#7893=ORIENTED_EDGE('',*,*,#5489,.F.);
#7894=ORIENTED_EDGE('',*,*,#5897,.T.);
#7895=ORIENTED_EDGE('',*,*,#5900,.F.);
#7896=ORIENTED_EDGE('',*,*,#5480,.F.);
#7897=ORIENTED_EDGE('',*,*,#5901,.T.);
#7898=ORIENTED_EDGE('',*,*,#5902,.F.);
#7899=ORIENTED_EDGE('',*,*,#5901,.F.);
#7900=ORIENTED_EDGE('',*,*,#5479,.F.);
#7901=ORIENTED_EDGE('',*,*,#5833,.T.);
#7902=ORIENTED_EDGE('',*,*,#5903,.F.);
#7903=ORIENTED_EDGE('',*,*,#5869,.T.);
#7904=ORIENTED_EDGE('',*,*,#5873,.T.);
#7905=ORIENTED_EDGE('',*,*,#5904,.F.);
#7906=ORIENTED_EDGE('',*,*,#5831,.F.);
#7907=ORIENTED_EDGE('',*,*,#5905,.F.);
#7908=ORIENTED_EDGE('',*,*,#5486,.F.);
#7909=ORIENTED_EDGE('',*,*,#5906,.T.);
#7910=ORIENTED_EDGE('',*,*,#5907,.F.);
#7911=ORIENTED_EDGE('',*,*,#5908,.F.);
#7912=ORIENTED_EDGE('',*,*,#5909,.F.);
#7913=ORIENTED_EDGE('',*,*,#5910,.F.);
#7914=ORIENTED_EDGE('',*,*,#5484,.F.);
#7915=ORIENTED_EDGE('',*,*,#5911,.F.);
#7916=ORIENTED_EDGE('',*,*,#5906,.F.);
#7917=ORIENTED_EDGE('',*,*,#5485,.F.);
#7918=ORIENTED_EDGE('',*,*,#5910,.T.);
#7919=ORIENTED_EDGE('',*,*,#5858,.T.);
#7920=ORIENTED_EDGE('',*,*,#5888,.F.);
#7921=ORIENTED_EDGE('',*,*,#5912,.F.);
#7922=ORIENTED_EDGE('',*,*,#5913,.F.);
#7923=ORIENTED_EDGE('',*,*,#5914,.F.);
#7924=ORIENTED_EDGE('',*,*,#5884,.F.);
#7925=ORIENTED_EDGE('',*,*,#5885,.T.);
#7926=ORIENTED_EDGE('',*,*,#5914,.T.);
#7927=ORIENTED_EDGE('',*,*,#5915,.F.);
#7928=ORIENTED_EDGE('',*,*,#5879,.F.);
#7929=ORIENTED_EDGE('',*,*,#5900,.T.);
#7930=ORIENTED_EDGE('',*,*,#5916,.T.);
#7931=ORIENTED_EDGE('',*,*,#5917,.F.);
#7932=ORIENTED_EDGE('',*,*,#5481,.F.);
#7933=ORIENTED_EDGE('',*,*,#5881,.T.);
#7934=ORIENTED_EDGE('',*,*,#5918,.T.);
#7935=ORIENTED_EDGE('',*,*,#5919,.F.);
#7936=ORIENTED_EDGE('',*,*,#5875,.F.);
#7937=ORIENTED_EDGE('',*,*,#5908,.T.);
#7938=ORIENTED_EDGE('',*,*,#5483,.F.);
#7939=ORIENTED_EDGE('',*,*,#5920,.F.);
#7940=ORIENTED_EDGE('',*,*,#5921,.T.);
#7941=ORIENTED_EDGE('',*,*,#5922,.F.);
#7942=ORIENTED_EDGE('',*,*,#5916,.F.);
#7943=ORIENTED_EDGE('',*,*,#5902,.T.);
#7944=ORIENTED_EDGE('',*,*,#5903,.T.);
#7945=ORIENTED_EDGE('',*,*,#5832,.T.);
#7946=ORIENTED_EDGE('',*,*,#5904,.T.);
#7947=ORIENTED_EDGE('',*,*,#5872,.T.);
#7948=ORIENTED_EDGE('',*,*,#5891,.F.);
#7949=ORIENTED_EDGE('',*,*,#5894,.T.);
#7950=ORIENTED_EDGE('',*,*,#5923,.T.);
#7951=ORIENTED_EDGE('',*,*,#5912,.T.);
#7952=ORIENTED_EDGE('',*,*,#5887,.F.);
#7953=ORIENTED_EDGE('',*,*,#5924,.F.);
#7954=ORIENTED_EDGE('',*,*,#5907,.T.);
#7955=ORIENTED_EDGE('',*,*,#5911,.T.);
#7956=ORIENTED_EDGE('',*,*,#5909,.T.);
#7957=ORIENTED_EDGE('',*,*,#5921,.F.);
#7958=ORIENTED_EDGE('',*,*,#5925,.F.);
#7959=ORIENTED_EDGE('',*,*,#5918,.F.);
#7960=ORIENTED_EDGE('',*,*,#5880,.T.);
#7961=ORIENTED_EDGE('',*,*,#5915,.T.);
#7962=ORIENTED_EDGE('',*,*,#5913,.T.);
#7963=ORIENTED_EDGE('',*,*,#5923,.F.);
#7964=ORIENTED_EDGE('',*,*,#5893,.T.);
#7965=ORIENTED_EDGE('',*,*,#5898,.T.);
#7966=ORIENTED_EDGE('',*,*,#5467,.T.);
#7967=ORIENTED_EDGE('',*,*,#5899,.T.);
#7968=ORIENTED_EDGE('',*,*,#5896,.T.);
#7969=ORIENTED_EDGE('',*,*,#5895,.T.);
#7970=ORIENTED_EDGE('',*,*,#5487,.F.);
#7971=ORIENTED_EDGE('',*,*,#5905,.T.);
#7972=ORIENTED_EDGE('',*,*,#5924,.T.);
#7973=ORIENTED_EDGE('',*,*,#5890,.T.);
#7974=ORIENTED_EDGE('',*,*,#5876,.F.);
#7975=ORIENTED_EDGE('',*,*,#5919,.T.);
#7976=ORIENTED_EDGE('',*,*,#5925,.T.);
#7977=ORIENTED_EDGE('',*,*,#5920,.T.);
#7978=ORIENTED_EDGE('',*,*,#5482,.F.);
#7979=ORIENTED_EDGE('',*,*,#5917,.T.);
#7980=ORIENTED_EDGE('',*,*,#5922,.T.);
#7981=ORIENTED_EDGE('',*,*,#5788,.T.);
#7982=ORIENTED_EDGE('',*,*,#5790,.T.);
#7983=ORIENTED_EDGE('',*,*,#5779,.T.);
#7984=ORIENTED_EDGE('',*,*,#5765,.T.);
#7985=ORIENTED_EDGE('',*,*,#5809,.T.);
#7986=ORIENTED_EDGE('',*,*,#5827,.T.);
#7987=ORIENTED_EDGE('',*,*,#5798,.T.);
#7988=ORIENTED_EDGE('',*,*,#5839,.T.);
#7989=ORIENTED_EDGE('',*,*,#5926,.F.);
#7990=ORIENTED_EDGE('',*,*,#5927,.F.);
#7991=ORIENTED_EDGE('',*,*,#5514,.F.);
#7992=ORIENTED_EDGE('',*,*,#5534,.F.);
#7993=ORIENTED_EDGE('',*,*,#5540,.F.);
#7994=ORIENTED_EDGE('',*,*,#5537,.F.);
#7995=ORIENTED_EDGE('',*,*,#5542,.F.);
#7996=ORIENTED_EDGE('',*,*,#5521,.T.);
#7997=ORIENTED_EDGE('',*,*,#5927,.T.);
#7998=ORIENTED_EDGE('',*,*,#5926,.T.);
#7999=ORIENTED_EDGE('',*,*,#5505,.F.);
#8000=ORIENTED_EDGE('',*,*,#5510,.T.);
#8001=ORIENTED_EDGE('',*,*,#5928,.F.);
#8002=ORIENTED_EDGE('',*,*,#5929,.F.);
#8003=ORIENTED_EDGE('',*,*,#5507,.F.);
#8004=ORIENTED_EDGE('',*,*,#5929,.T.);
#8005=ORIENTED_EDGE('',*,*,#5930,.F.);
#8006=ORIENTED_EDGE('',*,*,#5511,.F.);
#8007=ORIENTED_EDGE('',*,*,#5512,.T.);
#8008=ORIENTED_EDGE('',*,*,#5930,.T.);
#8009=ORIENTED_EDGE('',*,*,#5928,.T.);
#8010=ORIENTED_EDGE('',*,*,#5509,.T.);
#8011=ORIENTED_EDGE('',*,*,#5841,.T.);
#8012=ORIENTED_EDGE('',*,*,#5848,.T.);
#8013=ORIENTED_EDGE('',*,*,#5844,.T.);
#8014=ORIENTED_EDGE('',*,*,#5762,.T.);
#8015=ORIENTED_EDGE('',*,*,#5533,.F.);
#8016=ORIENTED_EDGE('',*,*,#5931,.F.);
#8017=ORIENTED_EDGE('',*,*,#5932,.F.);
#8018=ORIENTED_EDGE('',*,*,#5550,.T.);
#8019=ORIENTED_EDGE('',*,*,#5539,.F.);
#8020=ORIENTED_EDGE('',*,*,#5933,.F.);
#8021=ORIENTED_EDGE('',*,*,#5934,.F.);
#8022=ORIENTED_EDGE('',*,*,#5931,.T.);
#8023=ORIENTED_EDGE('',*,*,#5518,.F.);
#8024=ORIENTED_EDGE('',*,*,#5541,.F.);
#8025=ORIENTED_EDGE('',*,*,#5545,.F.);
#8026=ORIENTED_EDGE('',*,*,#5935,.F.);
#8027=ORIENTED_EDGE('',*,*,#5936,.F.);
#8028=ORIENTED_EDGE('',*,*,#5933,.T.);
#8029=ORIENTED_EDGE('',*,*,#5437,.T.);
#8030=ORIENTED_EDGE('',*,*,#5937,.F.);
#8031=ORIENTED_EDGE('',*,*,#5444,.T.);
#8032=ORIENTED_EDGE('',*,*,#5452,.T.);
#8033=ORIENTED_EDGE('',*,*,#5448,.T.);
#8034=ORIENTED_EDGE('',*,*,#5938,.F.);
#8035=ORIENTED_EDGE('',*,*,#5935,.T.);
#8036=ORIENTED_EDGE('',*,*,#5544,.T.);
#8037=ORIENTED_EDGE('',*,*,#5549,.T.);
#8038=ORIENTED_EDGE('',*,*,#5939,.F.);
#8039=ORIENTED_EDGE('',*,*,#5433,.T.);
#8040=ORIENTED_EDGE('',*,*,#5441,.T.);
#8041=ORIENTED_EDGE('',*,*,#5548,.T.);
#8042=ORIENTED_EDGE('',*,*,#5940,.T.);
#8043=ORIENTED_EDGE('',*,*,#5941,.F.);
#8044=ORIENTED_EDGE('',*,*,#5547,.T.);
#8045=ORIENTED_EDGE('',*,*,#5571,.T.);
#8046=ORIENTED_EDGE('',*,*,#5942,.T.);
#8047=ORIENTED_EDGE('',*,*,#5932,.T.);
#8048=ORIENTED_EDGE('',*,*,#5934,.T.);
#8049=ORIENTED_EDGE('',*,*,#5936,.T.);
#8050=ORIENTED_EDGE('',*,*,#5943,.F.);
#8051=ORIENTED_EDGE('',*,*,#5866,.F.);
#8052=ORIENTED_EDGE('',*,*,#5551,.T.);
#8053=ORIENTED_EDGE('',*,*,#5564,.T.);
#8054=ORIENTED_EDGE('',*,*,#5476,.T.);
#8055=ORIENTED_EDGE('',*,*,#5944,.F.);
#8056=ORIENTED_EDGE('',*,*,#5595,.F.);
#8057=ORIENTED_EDGE('',*,*,#5593,.T.);
#8058=ORIENTED_EDGE('',*,*,#5594,.T.);
#8059=ORIENTED_EDGE('',*,*,#5589,.F.);
#8060=ORIENTED_EDGE('',*,*,#5605,.F.);
#8061=ORIENTED_EDGE('',*,*,#5570,.T.);
#8062=ORIENTED_EDGE('',*,*,#5597,.T.);
#8063=ORIENTED_EDGE('',*,*,#5945,.F.);
#8064=ORIENTED_EDGE('',*,*,#5940,.F.);
#8065=ORIENTED_EDGE('',*,*,#5942,.F.);
#8066=ORIENTED_EDGE('',*,*,#5943,.T.);
#8067=ORIENTED_EDGE('',*,*,#5938,.T.);
#8068=ORIENTED_EDGE('',*,*,#5451,.T.);
#8069=ORIENTED_EDGE('',*,*,#5454,.T.);
#8070=ORIENTED_EDGE('',*,*,#5445,.F.);
#8071=ORIENTED_EDGE('',*,*,#5937,.T.);
#8072=ORIENTED_EDGE('',*,*,#5440,.T.);
#8073=ORIENTED_EDGE('',*,*,#5443,.T.);
#8074=ORIENTED_EDGE('',*,*,#5434,.F.);
#8075=ORIENTED_EDGE('',*,*,#5939,.T.);
#8076=ORIENTED_EDGE('',*,*,#5941,.T.);
#8077=ORIENTED_EDGE('',*,*,#5945,.T.);
#8078=ORIENTED_EDGE('',*,*,#5596,.T.);
#8079=ORIENTED_EDGE('',*,*,#5944,.T.);
#8080=ORIENTED_EDGE('',*,*,#5475,.T.);
#8081=ORIENTED_EDGE('',*,*,#5867,.T.);
#8082=ORIENTED_EDGE('',*,*,#5946,.T.);
#8083=ORIENTED_EDGE('',*,*,#5947,.T.);
#8084=ORIENTED_EDGE('',*,*,#5948,.T.);
#8085=ORIENTED_EDGE('',*,*,#5949,.T.);
#8086=ORIENTED_EDGE('',*,*,#5950,.T.);
#8087=ORIENTED_EDGE('',*,*,#5951,.T.);
#8088=ORIENTED_EDGE('',*,*,#5950,.F.);
#8089=ORIENTED_EDGE('',*,*,#5952,.F.);
#8090=ORIENTED_EDGE('',*,*,#5953,.F.);
#8091=ORIENTED_EDGE('',*,*,#5954,.F.);
#8092=ORIENTED_EDGE('',*,*,#5955,.F.);
#8093=ORIENTED_EDGE('',*,*,#5956,.T.);
#8094=ORIENTED_EDGE('',*,*,#5957,.F.);
#8095=ORIENTED_EDGE('',*,*,#5958,.F.);
#8096=ORIENTED_EDGE('',*,*,#5959,.T.);
#8097=ORIENTED_EDGE('',*,*,#5960,.F.);
#8098=ORIENTED_EDGE('',*,*,#5959,.F.);
#8099=ORIENTED_EDGE('',*,*,#5961,.F.);
#8100=ORIENTED_EDGE('',*,*,#5962,.F.);
#8101=ORIENTED_EDGE('',*,*,#5963,.T.);
#8102=ORIENTED_EDGE('',*,*,#5964,.F.);
#8103=ORIENTED_EDGE('',*,*,#5965,.T.);
#8104=ORIENTED_EDGE('',*,*,#5966,.T.);
#8105=ORIENTED_EDGE('',*,*,#5967,.F.);
#8106=ORIENTED_EDGE('',*,*,#5968,.F.);
#8107=ORIENTED_EDGE('',*,*,#5969,.F.);
#8108=ORIENTED_EDGE('',*,*,#5970,.T.);
#8109=ORIENTED_EDGE('',*,*,#5971,.T.);
#8110=ORIENTED_EDGE('',*,*,#5972,.T.);
#8111=ORIENTED_EDGE('',*,*,#5973,.F.);
#8112=ORIENTED_EDGE('',*,*,#5974,.T.);
#8113=ORIENTED_EDGE('',*,*,#5975,.T.);
#8114=ORIENTED_EDGE('',*,*,#5976,.F.);
#8115=ORIENTED_EDGE('',*,*,#5977,.F.);
#8116=ORIENTED_EDGE('',*,*,#5965,.F.);
#8117=ORIENTED_EDGE('',*,*,#5978,.F.);
#8118=ORIENTED_EDGE('',*,*,#5979,.F.);
#8119=ORIENTED_EDGE('',*,*,#5980,.F.);
#8120=ORIENTED_EDGE('',*,*,#5981,.F.);
#8121=ORIENTED_EDGE('',*,*,#5982,.F.);
#8122=ORIENTED_EDGE('',*,*,#5983,.F.);
#8123=ORIENTED_EDGE('',*,*,#5984,.F.);
#8124=ORIENTED_EDGE('',*,*,#5985,.F.);
#8125=ORIENTED_EDGE('',*,*,#5986,.F.);
#8126=ORIENTED_EDGE('',*,*,#5987,.F.);
#8127=ORIENTED_EDGE('',*,*,#5988,.F.);
#8128=ORIENTED_EDGE('',*,*,#5989,.F.);
#8129=ORIENTED_EDGE('',*,*,#5990,.F.);
#8130=ORIENTED_EDGE('',*,*,#5991,.F.);
#8131=ORIENTED_EDGE('',*,*,#5974,.F.);
#8132=ORIENTED_EDGE('',*,*,#5992,.F.);
#8133=ORIENTED_EDGE('',*,*,#5993,.F.);
#8134=ORIENTED_EDGE('',*,*,#5994,.F.);
#8135=ORIENTED_EDGE('',*,*,#5995,.F.);
#8136=ORIENTED_EDGE('',*,*,#5996,.F.);
#8137=ORIENTED_EDGE('',*,*,#5997,.F.);
#8138=ORIENTED_EDGE('',*,*,#5998,.F.);
#8139=ORIENTED_EDGE('',*,*,#5999,.F.);
#8140=ORIENTED_EDGE('',*,*,#6000,.F.);
#8141=ORIENTED_EDGE('',*,*,#6001,.F.);
#8142=ORIENTED_EDGE('',*,*,#6002,.F.);
#8143=ORIENTED_EDGE('',*,*,#6003,.F.);
#8144=ORIENTED_EDGE('',*,*,#6004,.F.);
#8145=ORIENTED_EDGE('',*,*,#6005,.F.);
#8146=ORIENTED_EDGE('',*,*,#5985,.T.);
#8147=ORIENTED_EDGE('',*,*,#6006,.F.);
#8148=ORIENTED_EDGE('',*,*,#5998,.T.);
#8149=ORIENTED_EDGE('',*,*,#6007,.T.);
#8150=ORIENTED_EDGE('',*,*,#5986,.T.);
#8151=ORIENTED_EDGE('',*,*,#6007,.F.);
#8152=ORIENTED_EDGE('',*,*,#5997,.T.);
#8153=ORIENTED_EDGE('',*,*,#6008,.T.);
#8154=ORIENTED_EDGE('',*,*,#5983,.T.);
#8155=ORIENTED_EDGE('',*,*,#6009,.F.);
#8156=ORIENTED_EDGE('',*,*,#6000,.T.);
#8157=ORIENTED_EDGE('',*,*,#6010,.T.);
#8158=ORIENTED_EDGE('',*,*,#5982,.T.);
#8159=ORIENTED_EDGE('',*,*,#6011,.F.);
#8160=ORIENTED_EDGE('',*,*,#6001,.T.);
#8161=ORIENTED_EDGE('',*,*,#6009,.T.);
#8162=ORIENTED_EDGE('',*,*,#5981,.T.);
#8163=ORIENTED_EDGE('',*,*,#6012,.F.);
#8164=ORIENTED_EDGE('',*,*,#6002,.T.);
#8165=ORIENTED_EDGE('',*,*,#6011,.T.);
#8166=ORIENTED_EDGE('',*,*,#5980,.T.);
#8167=ORIENTED_EDGE('',*,*,#6013,.F.);
#8168=ORIENTED_EDGE('',*,*,#6003,.T.);
#8169=ORIENTED_EDGE('',*,*,#6012,.T.);
#8170=ORIENTED_EDGE('',*,*,#5979,.T.);
#8171=ORIENTED_EDGE('',*,*,#6014,.F.);
#8172=ORIENTED_EDGE('',*,*,#6004,.T.);
#8173=ORIENTED_EDGE('',*,*,#6013,.T.);
#8174=ORIENTED_EDGE('',*,*,#5978,.T.);
#8175=ORIENTED_EDGE('',*,*,#5964,.T.);
#8176=ORIENTED_EDGE('',*,*,#6015,.T.);
#8177=ORIENTED_EDGE('',*,*,#5975,.F.);
#8178=ORIENTED_EDGE('',*,*,#6005,.T.);
#8179=ORIENTED_EDGE('',*,*,#6014,.T.);
#8180=ORIENTED_EDGE('',*,*,#6015,.F.);
#8181=ORIENTED_EDGE('',*,*,#5970,.F.);
#8182=ORIENTED_EDGE('',*,*,#6016,.F.);
#8183=ORIENTED_EDGE('',*,*,#6017,.F.);
#8184=ORIENTED_EDGE('',*,*,#6018,.F.);
#8185=ORIENTED_EDGE('',*,*,#5976,.T.);
#8186=ORIENTED_EDGE('',*,*,#6019,.T.);
#8187=ORIENTED_EDGE('',*,*,#5948,.F.);
#8188=ORIENTED_EDGE('',*,*,#6020,.F.);
#8189=ORIENTED_EDGE('',*,*,#6021,.F.);
#8190=ORIENTED_EDGE('',*,*,#5961,.T.);
#8191=ORIENTED_EDGE('',*,*,#5958,.T.);
#8192=ORIENTED_EDGE('',*,*,#5947,.F.);
#8193=ORIENTED_EDGE('',*,*,#6022,.F.);
#8194=ORIENTED_EDGE('',*,*,#6023,.T.);
#8195=ORIENTED_EDGE('',*,*,#6020,.T.);
#8196=ORIENTED_EDGE('',*,*,#6024,.T.);
#8197=ORIENTED_EDGE('',*,*,#5960,.T.);
#8198=ORIENTED_EDGE('',*,*,#5963,.F.);
#8199=ORIENTED_EDGE('',*,*,#6025,.F.);
#8200=ORIENTED_EDGE('',*,*,#6022,.T.);
#8201=ORIENTED_EDGE('',*,*,#5946,.F.);
#8202=ORIENTED_EDGE('',*,*,#5956,.F.);
#8203=ORIENTED_EDGE('',*,*,#6026,.F.);
#8204=ORIENTED_EDGE('',*,*,#6027,.F.);
#8205=ORIENTED_EDGE('',*,*,#6028,.F.);
#8206=ORIENTED_EDGE('',*,*,#5977,.T.);
#8207=ORIENTED_EDGE('',*,*,#6018,.T.);
#8208=ORIENTED_EDGE('',*,*,#6029,.T.);
#8209=ORIENTED_EDGE('',*,*,#6027,.T.);
#8210=ORIENTED_EDGE('',*,*,#6030,.T.);
#8211=ORIENTED_EDGE('',*,*,#6031,.T.);
#8212=ORIENTED_EDGE('',*,*,#5969,.T.);
#8213=ORIENTED_EDGE('',*,*,#6032,.T.);
#8214=ORIENTED_EDGE('',*,*,#6033,.T.);
#8215=ORIENTED_EDGE('',*,*,#5953,.T.);
#8216=ORIENTED_EDGE('',*,*,#6034,.T.);
#8217=ORIENTED_EDGE('',*,*,#6016,.T.);
#8218=ORIENTED_EDGE('',*,*,#6028,.T.);
#8219=ORIENTED_EDGE('',*,*,#6029,.F.);
#8220=ORIENTED_EDGE('',*,*,#6017,.T.);
#8221=ORIENTED_EDGE('',*,*,#6034,.F.);
#8222=ORIENTED_EDGE('',*,*,#5952,.T.);
#8223=ORIENTED_EDGE('',*,*,#5949,.F.);
#8224=ORIENTED_EDGE('',*,*,#6019,.F.);
#8225=ORIENTED_EDGE('',*,*,#5957,.T.);
#8226=ORIENTED_EDGE('',*,*,#5984,.T.);
#8227=ORIENTED_EDGE('',*,*,#6010,.F.);
#8228=ORIENTED_EDGE('',*,*,#5999,.T.);
#8229=ORIENTED_EDGE('',*,*,#6006,.T.);
#8230=ORIENTED_EDGE('',*,*,#5987,.T.);
#8231=ORIENTED_EDGE('',*,*,#6008,.F.);
#8232=ORIENTED_EDGE('',*,*,#5996,.T.);
#8233=ORIENTED_EDGE('',*,*,#6035,.T.);
#8234=ORIENTED_EDGE('',*,*,#5988,.T.);
#8235=ORIENTED_EDGE('',*,*,#6035,.F.);
#8236=ORIENTED_EDGE('',*,*,#5995,.T.);
#8237=ORIENTED_EDGE('',*,*,#6036,.T.);
#8238=ORIENTED_EDGE('',*,*,#5989,.T.);
#8239=ORIENTED_EDGE('',*,*,#6036,.F.);
#8240=ORIENTED_EDGE('',*,*,#5994,.T.);
#8241=ORIENTED_EDGE('',*,*,#6037,.T.);
#8242=ORIENTED_EDGE('',*,*,#5990,.T.);
#8243=ORIENTED_EDGE('',*,*,#6037,.F.);
#8244=ORIENTED_EDGE('',*,*,#5993,.T.);
#8245=ORIENTED_EDGE('',*,*,#6038,.T.);
#8246=ORIENTED_EDGE('',*,*,#5991,.T.);
#8247=ORIENTED_EDGE('',*,*,#6038,.F.);
#8248=ORIENTED_EDGE('',*,*,#5992,.T.);
#8249=ORIENTED_EDGE('',*,*,#5973,.T.);
#8250=ORIENTED_EDGE('',*,*,#6039,.T.);
#8251=ORIENTED_EDGE('',*,*,#5966,.F.);
#8252=ORIENTED_EDGE('',*,*,#6039,.F.);
#8253=ORIENTED_EDGE('',*,*,#5972,.F.);
#8254=ORIENTED_EDGE('',*,*,#6040,.T.);
#8255=ORIENTED_EDGE('',*,*,#5967,.T.);
#8256=ORIENTED_EDGE('',*,*,#6040,.F.);
#8257=ORIENTED_EDGE('',*,*,#5971,.F.);
#8258=ORIENTED_EDGE('',*,*,#6031,.F.);
#8259=ORIENTED_EDGE('',*,*,#6041,.T.);
#8260=ORIENTED_EDGE('',*,*,#6032,.F.);
#8261=ORIENTED_EDGE('',*,*,#5968,.T.);
#8262=ORIENTED_EDGE('',*,*,#6024,.F.);
#8263=ORIENTED_EDGE('',*,*,#5951,.F.);
#8264=ORIENTED_EDGE('',*,*,#5954,.T.);
#8265=ORIENTED_EDGE('',*,*,#6033,.F.);
#8266=ORIENTED_EDGE('',*,*,#6041,.F.);
#8267=ORIENTED_EDGE('',*,*,#6030,.F.);
#8268=ORIENTED_EDGE('',*,*,#6026,.T.);
#8269=ORIENTED_EDGE('',*,*,#5955,.T.);
#8270=ORIENTED_EDGE('',*,*,#6042,.T.);
#8271=ORIENTED_EDGE('',*,*,#6043,.T.);
#8272=ORIENTED_EDGE('',*,*,#6044,.T.);
#8273=ORIENTED_EDGE('',*,*,#6025,.T.);
#8274=ORIENTED_EDGE('',*,*,#6045,.T.);
#8275=ORIENTED_EDGE('',*,*,#6046,.T.);
#8276=ORIENTED_EDGE('',*,*,#6047,.F.);
#8277=ORIENTED_EDGE('',*,*,#6048,.F.);
#8278=ORIENTED_EDGE('',*,*,#6049,.F.);
#8279=ORIENTED_EDGE('',*,*,#6043,.F.);
#8280=ORIENTED_EDGE('',*,*,#6049,.T.);
#8281=ORIENTED_EDGE('',*,*,#6050,.F.);
#8282=ORIENTED_EDGE('',*,*,#6023,.F.);
#8283=ORIENTED_EDGE('',*,*,#6044,.F.);
#8284=ORIENTED_EDGE('',*,*,#5962,.T.);
#8285=ORIENTED_EDGE('',*,*,#6051,.F.);
#8286=ORIENTED_EDGE('',*,*,#6052,.F.);
#8287=ORIENTED_EDGE('',*,*,#6045,.F.);
#8288=ORIENTED_EDGE('',*,*,#6052,.T.);
#8289=ORIENTED_EDGE('',*,*,#6053,.F.);
#8290=ORIENTED_EDGE('',*,*,#6054,.F.);
#8291=ORIENTED_EDGE('',*,*,#6046,.F.);
#8292=ORIENTED_EDGE('',*,*,#6054,.T.);
#8293=ORIENTED_EDGE('',*,*,#6055,.F.);
#8294=ORIENTED_EDGE('',*,*,#6047,.T.);
#8295=ORIENTED_EDGE('',*,*,#6042,.F.);
#8296=ORIENTED_EDGE('',*,*,#6055,.T.);
#8297=ORIENTED_EDGE('',*,*,#6053,.T.);
#8298=ORIENTED_EDGE('',*,*,#6051,.T.);
#8299=ORIENTED_EDGE('',*,*,#6021,.T.);
#8300=ORIENTED_EDGE('',*,*,#6050,.T.);
#8301=ORIENTED_EDGE('',*,*,#6048,.T.);
#8302=ORIENTED_EDGE('',*,*,#6056,.T.);
#8303=ORIENTED_EDGE('',*,*,#6057,.T.);
#8304=ORIENTED_EDGE('',*,*,#6058,.T.);
#8305=ORIENTED_EDGE('',*,*,#6059,.T.);
#8306=ORIENTED_EDGE('',*,*,#6060,.T.);
#8307=ORIENTED_EDGE('',*,*,#6061,.T.);
#8308=ORIENTED_EDGE('',*,*,#6060,.F.);
#8309=ORIENTED_EDGE('',*,*,#6062,.F.);
#8310=ORIENTED_EDGE('',*,*,#6063,.F.);
#8311=ORIENTED_EDGE('',*,*,#6064,.F.);
#8312=ORIENTED_EDGE('',*,*,#6065,.F.);
#8313=ORIENTED_EDGE('',*,*,#6066,.T.);
#8314=ORIENTED_EDGE('',*,*,#6067,.F.);
#8315=ORIENTED_EDGE('',*,*,#6068,.F.);
#8316=ORIENTED_EDGE('',*,*,#6069,.T.);
#8317=ORIENTED_EDGE('',*,*,#6070,.F.);
#8318=ORIENTED_EDGE('',*,*,#6069,.F.);
#8319=ORIENTED_EDGE('',*,*,#6071,.F.);
#8320=ORIENTED_EDGE('',*,*,#6072,.F.);
#8321=ORIENTED_EDGE('',*,*,#6073,.T.);
#8322=ORIENTED_EDGE('',*,*,#6074,.T.);
#8323=ORIENTED_EDGE('',*,*,#6075,.T.);
#8324=ORIENTED_EDGE('',*,*,#6076,.F.);
#8325=ORIENTED_EDGE('',*,*,#6077,.T.);
#8326=ORIENTED_EDGE('',*,*,#6078,.T.);
#8327=ORIENTED_EDGE('',*,*,#6079,.F.);
#8328=ORIENTED_EDGE('',*,*,#6080,.F.);
#8329=ORIENTED_EDGE('',*,*,#6081,.F.);
#8330=ORIENTED_EDGE('',*,*,#6082,.T.);
#8331=ORIENTED_EDGE('',*,*,#6083,.T.);
#8332=ORIENTED_EDGE('',*,*,#6084,.F.);
#8333=ORIENTED_EDGE('',*,*,#6085,.F.);
#8334=ORIENTED_EDGE('',*,*,#6086,.F.);
#8335=ORIENTED_EDGE('',*,*,#6087,.T.);
#8336=ORIENTED_EDGE('',*,*,#6077,.F.);
#8337=ORIENTED_EDGE('',*,*,#6088,.F.);
#8338=ORIENTED_EDGE('',*,*,#6089,.F.);
#8339=ORIENTED_EDGE('',*,*,#6090,.F.);
#8340=ORIENTED_EDGE('',*,*,#6091,.F.);
#8341=ORIENTED_EDGE('',*,*,#6092,.F.);
#8342=ORIENTED_EDGE('',*,*,#6093,.F.);
#8343=ORIENTED_EDGE('',*,*,#6094,.F.);
#8344=ORIENTED_EDGE('',*,*,#6095,.F.);
#8345=ORIENTED_EDGE('',*,*,#6096,.F.);
#8346=ORIENTED_EDGE('',*,*,#6097,.F.);
#8347=ORIENTED_EDGE('',*,*,#6098,.F.);
#8348=ORIENTED_EDGE('',*,*,#6099,.F.);
#8349=ORIENTED_EDGE('',*,*,#6100,.F.);
#8350=ORIENTED_EDGE('',*,*,#6101,.F.);
#8351=ORIENTED_EDGE('',*,*,#6082,.F.);
#8352=ORIENTED_EDGE('',*,*,#6102,.F.);
#8353=ORIENTED_EDGE('',*,*,#6103,.F.);
#8354=ORIENTED_EDGE('',*,*,#6104,.F.);
#8355=ORIENTED_EDGE('',*,*,#6105,.F.);
#8356=ORIENTED_EDGE('',*,*,#6106,.F.);
#8357=ORIENTED_EDGE('',*,*,#6107,.F.);
#8358=ORIENTED_EDGE('',*,*,#6108,.F.);
#8359=ORIENTED_EDGE('',*,*,#6109,.F.);
#8360=ORIENTED_EDGE('',*,*,#6110,.F.);
#8361=ORIENTED_EDGE('',*,*,#6111,.F.);
#8362=ORIENTED_EDGE('',*,*,#6112,.F.);
#8363=ORIENTED_EDGE('',*,*,#6113,.F.);
#8364=ORIENTED_EDGE('',*,*,#6114,.F.);
#8365=ORIENTED_EDGE('',*,*,#6115,.F.);
#8366=ORIENTED_EDGE('',*,*,#6093,.T.);
#8367=ORIENTED_EDGE('',*,*,#6116,.F.);
#8368=ORIENTED_EDGE('',*,*,#6110,.T.);
#8369=ORIENTED_EDGE('',*,*,#6117,.T.);
#8370=ORIENTED_EDGE('',*,*,#6095,.T.);
#8371=ORIENTED_EDGE('',*,*,#6118,.F.);
#8372=ORIENTED_EDGE('',*,*,#6108,.T.);
#8373=ORIENTED_EDGE('',*,*,#6119,.T.);
#8374=ORIENTED_EDGE('',*,*,#6092,.T.);
#8375=ORIENTED_EDGE('',*,*,#6120,.F.);
#8376=ORIENTED_EDGE('',*,*,#6111,.T.);
#8377=ORIENTED_EDGE('',*,*,#6116,.T.);
#8378=ORIENTED_EDGE('',*,*,#6091,.T.);
#8379=ORIENTED_EDGE('',*,*,#6121,.F.);
#8380=ORIENTED_EDGE('',*,*,#6112,.T.);
#8381=ORIENTED_EDGE('',*,*,#6120,.T.);
#8382=ORIENTED_EDGE('',*,*,#6090,.T.);
#8383=ORIENTED_EDGE('',*,*,#6122,.F.);
#8384=ORIENTED_EDGE('',*,*,#6113,.T.);
#8385=ORIENTED_EDGE('',*,*,#6121,.T.);
#8386=ORIENTED_EDGE('',*,*,#6089,.T.);
#8387=ORIENTED_EDGE('',*,*,#6123,.F.);
#8388=ORIENTED_EDGE('',*,*,#6114,.T.);
#8389=ORIENTED_EDGE('',*,*,#6122,.T.);
#8390=ORIENTED_EDGE('',*,*,#6088,.T.);
#8391=ORIENTED_EDGE('',*,*,#6076,.T.);
#8392=ORIENTED_EDGE('',*,*,#6124,.T.);
#8393=ORIENTED_EDGE('',*,*,#6083,.F.);
#8394=ORIENTED_EDGE('',*,*,#6115,.T.);
#8395=ORIENTED_EDGE('',*,*,#6123,.T.);
#8396=ORIENTED_EDGE('',*,*,#6125,.F.);
#8397=ORIENTED_EDGE('',*,*,#6084,.T.);
#8398=ORIENTED_EDGE('',*,*,#6124,.F.);
#8399=ORIENTED_EDGE('',*,*,#6075,.F.);
#8400=ORIENTED_EDGE('',*,*,#6125,.T.);
#8401=ORIENTED_EDGE('',*,*,#6074,.F.);
#8402=ORIENTED_EDGE('',*,*,#6126,.F.);
#8403=ORIENTED_EDGE('',*,*,#6127,.F.);
#8404=ORIENTED_EDGE('',*,*,#6128,.F.);
#8405=ORIENTED_EDGE('',*,*,#6085,.T.);
#8406=ORIENTED_EDGE('',*,*,#6129,.T.);
#8407=ORIENTED_EDGE('',*,*,#6058,.F.);
#8408=ORIENTED_EDGE('',*,*,#6130,.F.);
#8409=ORIENTED_EDGE('',*,*,#6131,.F.);
#8410=ORIENTED_EDGE('',*,*,#6071,.T.);
#8411=ORIENTED_EDGE('',*,*,#6068,.T.);
#8412=ORIENTED_EDGE('',*,*,#6057,.F.);
#8413=ORIENTED_EDGE('',*,*,#6132,.F.);
#8414=ORIENTED_EDGE('',*,*,#6133,.T.);
#8415=ORIENTED_EDGE('',*,*,#6130,.T.);
#8416=ORIENTED_EDGE('',*,*,#6134,.F.);
#8417=ORIENTED_EDGE('',*,*,#6070,.T.);
#8418=ORIENTED_EDGE('',*,*,#6073,.F.);
#8419=ORIENTED_EDGE('',*,*,#6135,.F.);
#8420=ORIENTED_EDGE('',*,*,#6132,.T.);
#8421=ORIENTED_EDGE('',*,*,#6056,.F.);
#8422=ORIENTED_EDGE('',*,*,#6066,.F.);
#8423=ORIENTED_EDGE('',*,*,#6136,.F.);
#8424=ORIENTED_EDGE('',*,*,#6137,.F.);
#8425=ORIENTED_EDGE('',*,*,#6138,.F.);
#8426=ORIENTED_EDGE('',*,*,#6086,.T.);
#8427=ORIENTED_EDGE('',*,*,#6128,.T.);
#8428=ORIENTED_EDGE('',*,*,#6139,.T.);
#8429=ORIENTED_EDGE('',*,*,#6137,.T.);
#8430=ORIENTED_EDGE('',*,*,#6140,.T.);
#8431=ORIENTED_EDGE('',*,*,#6141,.T.);
#8432=ORIENTED_EDGE('',*,*,#6136,.T.);
#8433=ORIENTED_EDGE('',*,*,#6065,.T.);
#8434=ORIENTED_EDGE('',*,*,#6134,.T.);
#8435=ORIENTED_EDGE('',*,*,#6061,.F.);
#8436=ORIENTED_EDGE('',*,*,#6064,.T.);
#8437=ORIENTED_EDGE('',*,*,#6142,.F.);
#8438=ORIENTED_EDGE('',*,*,#6143,.F.);
#8439=ORIENTED_EDGE('',*,*,#6140,.F.);
#8440=ORIENTED_EDGE('',*,*,#6080,.T.);
#8441=ORIENTED_EDGE('',*,*,#6144,.T.);
#8442=ORIENTED_EDGE('',*,*,#6142,.T.);
#8443=ORIENTED_EDGE('',*,*,#6063,.T.);
#8444=ORIENTED_EDGE('',*,*,#6145,.T.);
#8445=ORIENTED_EDGE('',*,*,#6126,.T.);
#8446=ORIENTED_EDGE('',*,*,#6138,.T.);
#8447=ORIENTED_EDGE('',*,*,#6139,.F.);
#8448=ORIENTED_EDGE('',*,*,#6127,.T.);
#8449=ORIENTED_EDGE('',*,*,#6145,.F.);
#8450=ORIENTED_EDGE('',*,*,#6062,.T.);
#8451=ORIENTED_EDGE('',*,*,#6059,.F.);
#8452=ORIENTED_EDGE('',*,*,#6129,.F.);
#8453=ORIENTED_EDGE('',*,*,#6067,.T.);
#8454=ORIENTED_EDGE('',*,*,#6094,.T.);
#8455=ORIENTED_EDGE('',*,*,#6117,.F.);
#8456=ORIENTED_EDGE('',*,*,#6109,.T.);
#8457=ORIENTED_EDGE('',*,*,#6118,.T.);
#8458=ORIENTED_EDGE('',*,*,#6096,.T.);
#8459=ORIENTED_EDGE('',*,*,#6119,.F.);
#8460=ORIENTED_EDGE('',*,*,#6107,.T.);
#8461=ORIENTED_EDGE('',*,*,#6146,.T.);
#8462=ORIENTED_EDGE('',*,*,#6097,.T.);
#8463=ORIENTED_EDGE('',*,*,#6146,.F.);
#8464=ORIENTED_EDGE('',*,*,#6106,.T.);
#8465=ORIENTED_EDGE('',*,*,#6147,.T.);
#8466=ORIENTED_EDGE('',*,*,#6098,.T.);
#8467=ORIENTED_EDGE('',*,*,#6147,.F.);
#8468=ORIENTED_EDGE('',*,*,#6105,.T.);
#8469=ORIENTED_EDGE('',*,*,#6148,.T.);
#8470=ORIENTED_EDGE('',*,*,#6099,.T.);
#8471=ORIENTED_EDGE('',*,*,#6148,.F.);
#8472=ORIENTED_EDGE('',*,*,#6104,.T.);
#8473=ORIENTED_EDGE('',*,*,#6149,.T.);
#8474=ORIENTED_EDGE('',*,*,#6100,.T.);
#8475=ORIENTED_EDGE('',*,*,#6149,.F.);
#8476=ORIENTED_EDGE('',*,*,#6103,.T.);
#8477=ORIENTED_EDGE('',*,*,#6150,.T.);
#8478=ORIENTED_EDGE('',*,*,#6101,.T.);
#8479=ORIENTED_EDGE('',*,*,#6150,.F.);
#8480=ORIENTED_EDGE('',*,*,#6102,.T.);
#8481=ORIENTED_EDGE('',*,*,#6081,.T.);
#8482=ORIENTED_EDGE('',*,*,#6151,.T.);
#8483=ORIENTED_EDGE('',*,*,#6078,.F.);
#8484=ORIENTED_EDGE('',*,*,#6151,.F.);
#8485=ORIENTED_EDGE('',*,*,#6087,.F.);
#8486=ORIENTED_EDGE('',*,*,#6141,.F.);
#8487=ORIENTED_EDGE('',*,*,#6143,.T.);
#8488=ORIENTED_EDGE('',*,*,#6144,.F.);
#8489=ORIENTED_EDGE('',*,*,#6079,.T.);
#8490=ORIENTED_EDGE('',*,*,#6152,.T.);
#8491=ORIENTED_EDGE('',*,*,#6153,.T.);
#8492=ORIENTED_EDGE('',*,*,#6154,.T.);
#8493=ORIENTED_EDGE('',*,*,#6135,.T.);
#8494=ORIENTED_EDGE('',*,*,#6155,.T.);
#8495=ORIENTED_EDGE('',*,*,#6156,.T.);
#8496=ORIENTED_EDGE('',*,*,#6157,.F.);
#8497=ORIENTED_EDGE('',*,*,#6158,.F.);
#8498=ORIENTED_EDGE('',*,*,#6159,.F.);
#8499=ORIENTED_EDGE('',*,*,#6153,.F.);
#8500=ORIENTED_EDGE('',*,*,#6159,.T.);
#8501=ORIENTED_EDGE('',*,*,#6160,.F.);
#8502=ORIENTED_EDGE('',*,*,#6133,.F.);
#8503=ORIENTED_EDGE('',*,*,#6154,.F.);
#8504=ORIENTED_EDGE('',*,*,#6072,.T.);
#8505=ORIENTED_EDGE('',*,*,#6161,.F.);
#8506=ORIENTED_EDGE('',*,*,#6162,.F.);
#8507=ORIENTED_EDGE('',*,*,#6155,.F.);
#8508=ORIENTED_EDGE('',*,*,#6162,.T.);
#8509=ORIENTED_EDGE('',*,*,#6163,.F.);
#8510=ORIENTED_EDGE('',*,*,#6164,.F.);
#8511=ORIENTED_EDGE('',*,*,#6156,.F.);
#8512=ORIENTED_EDGE('',*,*,#6164,.T.);
#8513=ORIENTED_EDGE('',*,*,#6165,.F.);
#8514=ORIENTED_EDGE('',*,*,#6157,.T.);
#8515=ORIENTED_EDGE('',*,*,#6152,.F.);
#8516=ORIENTED_EDGE('',*,*,#6165,.T.);
#8517=ORIENTED_EDGE('',*,*,#6163,.T.);
#8518=ORIENTED_EDGE('',*,*,#6161,.T.);
#8519=ORIENTED_EDGE('',*,*,#6131,.T.);
#8520=ORIENTED_EDGE('',*,*,#6160,.T.);
#8521=ORIENTED_EDGE('',*,*,#6158,.T.);
#8522=ORIENTED_EDGE('',*,*,#6166,.T.);
#8523=ORIENTED_EDGE('',*,*,#6167,.T.);
#8524=ORIENTED_EDGE('',*,*,#6168,.T.);
#8525=ORIENTED_EDGE('',*,*,#6169,.T.);
#8526=ORIENTED_EDGE('',*,*,#6167,.F.);
#8527=ORIENTED_EDGE('',*,*,#6170,.F.);
#8528=ORIENTED_EDGE('',*,*,#6171,.F.);
#8529=ORIENTED_EDGE('',*,*,#6172,.F.);
#8530=ORIENTED_EDGE('',*,*,#6173,.T.);
#8531=ORIENTED_EDGE('',*,*,#6171,.T.);
#8532=ORIENTED_EDGE('',*,*,#6174,.T.);
#8533=ORIENTED_EDGE('',*,*,#6175,.T.);
#8534=ORIENTED_EDGE('',*,*,#6175,.F.);
#8535=ORIENTED_EDGE('',*,*,#6176,.F.);
#8536=ORIENTED_EDGE('',*,*,#6177,.F.);
#8537=ORIENTED_EDGE('',*,*,#6178,.F.);
#8538=ORIENTED_EDGE('',*,*,#6174,.F.);
#8539=ORIENTED_EDGE('',*,*,#6170,.T.);
#8540=ORIENTED_EDGE('',*,*,#6166,.F.);
#8541=ORIENTED_EDGE('',*,*,#6179,.T.);
#8542=ORIENTED_EDGE('',*,*,#6180,.T.);
#8543=ORIENTED_EDGE('',*,*,#6181,.T.);
#8544=ORIENTED_EDGE('',*,*,#6182,.F.);
#8545=ORIENTED_EDGE('',*,*,#6183,.T.);
#8546=ORIENTED_EDGE('',*,*,#6184,.F.);
#8547=ORIENTED_EDGE('',*,*,#6185,.T.);
#8548=ORIENTED_EDGE('',*,*,#6186,.T.);
#8549=ORIENTED_EDGE('',*,*,#6187,.T.);
#8550=ORIENTED_EDGE('',*,*,#6188,.F.);
#8551=ORIENTED_EDGE('',*,*,#6189,.T.);
#8552=ORIENTED_EDGE('',*,*,#6190,.F.);
#8553=ORIENTED_EDGE('',*,*,#6191,.T.);
#8554=ORIENTED_EDGE('',*,*,#6192,.T.);
#8555=ORIENTED_EDGE('',*,*,#6193,.T.);
#8556=ORIENTED_EDGE('',*,*,#6194,.T.);
#8557=ORIENTED_EDGE('',*,*,#6195,.F.);
#8558=ORIENTED_EDGE('',*,*,#6196,.T.);
#8559=ORIENTED_EDGE('',*,*,#6197,.T.);
#8560=ORIENTED_EDGE('',*,*,#6198,.T.);
#8561=ORIENTED_EDGE('',*,*,#6199,.T.);
#8562=ORIENTED_EDGE('',*,*,#6200,.T.);
#8563=ORIENTED_EDGE('',*,*,#6201,.F.);
#8564=ORIENTED_EDGE('',*,*,#6176,.T.);
#8565=ORIENTED_EDGE('',*,*,#6195,.T.);
#8566=ORIENTED_EDGE('',*,*,#6202,.T.);
#8567=ORIENTED_EDGE('',*,*,#6203,.T.);
#8568=ORIENTED_EDGE('',*,*,#6204,.T.);
#8569=ORIENTED_EDGE('',*,*,#6202,.F.);
#8570=ORIENTED_EDGE('',*,*,#6194,.F.);
#8571=ORIENTED_EDGE('',*,*,#6205,.T.);
#8572=ORIENTED_EDGE('',*,*,#6206,.F.);
#8573=ORIENTED_EDGE('',*,*,#6207,.T.);
#8574=ORIENTED_EDGE('',*,*,#6208,.T.);
#8575=ORIENTED_EDGE('',*,*,#6182,.T.);
#8576=ORIENTED_EDGE('',*,*,#6209,.T.);
#8577=ORIENTED_EDGE('',*,*,#6208,.F.);
#8578=ORIENTED_EDGE('',*,*,#6210,.F.);
#8579=ORIENTED_EDGE('',*,*,#6211,.F.);
#8580=ORIENTED_EDGE('',*,*,#6183,.F.);
#8581=ORIENTED_EDGE('',*,*,#6184,.T.);
#8582=ORIENTED_EDGE('',*,*,#6211,.T.);
#8583=ORIENTED_EDGE('',*,*,#6212,.T.);
#8584=ORIENTED_EDGE('',*,*,#6213,.T.);
#8585=ORIENTED_EDGE('',*,*,#6190,.T.);
#8586=ORIENTED_EDGE('',*,*,#6214,.T.);
#8587=ORIENTED_EDGE('',*,*,#6215,.T.);
#8588=ORIENTED_EDGE('',*,*,#6216,.T.);
#8589=ORIENTED_EDGE('',*,*,#6214,.F.);
#8590=ORIENTED_EDGE('',*,*,#6189,.F.);
#8591=ORIENTED_EDGE('',*,*,#6217,.F.);
#8592=ORIENTED_EDGE('',*,*,#6218,.F.);
#8593=ORIENTED_EDGE('',*,*,#6188,.T.);
#8594=ORIENTED_EDGE('',*,*,#6219,.T.);
#8595=ORIENTED_EDGE('',*,*,#6220,.T.);
#8596=ORIENTED_EDGE('',*,*,#6217,.T.);
#8597=ORIENTED_EDGE('',*,*,#6219,.F.);
#8598=ORIENTED_EDGE('',*,*,#6187,.F.);
#8599=ORIENTED_EDGE('',*,*,#6221,.F.);
#8600=ORIENTED_EDGE('',*,*,#6222,.T.);
#8601=ORIENTED_EDGE('',*,*,#6223,.T.);
#8602=ORIENTED_EDGE('',*,*,#6224,.T.);
#8603=ORIENTED_EDGE('',*,*,#6225,.T.);
#8604=ORIENTED_EDGE('',*,*,#6226,.T.);
#8605=ORIENTED_EDGE('',*,*,#6201,.T.);
#8606=ORIENTED_EDGE('',*,*,#6227,.T.);
#8607=ORIENTED_EDGE('',*,*,#6228,.T.);
#8608=ORIENTED_EDGE('',*,*,#6177,.T.);
#8609=ORIENTED_EDGE('',*,*,#6227,.F.);
#8610=ORIENTED_EDGE('',*,*,#6200,.F.);
#8611=ORIENTED_EDGE('',*,*,#6229,.T.);
#8612=ORIENTED_EDGE('',*,*,#6230,.F.);
#8613=ORIENTED_EDGE('',*,*,#6231,.F.);
#8614=ORIENTED_EDGE('',*,*,#6223,.F.);
#8615=ORIENTED_EDGE('',*,*,#6232,.F.);
#8616=ORIENTED_EDGE('',*,*,#6233,.F.);
#8617=ORIENTED_EDGE('',*,*,#6234,.F.);
#8618=ORIENTED_EDGE('',*,*,#6235,.F.);
#8619=ORIENTED_EDGE('',*,*,#6236,.F.);
#8620=ORIENTED_EDGE('',*,*,#6237,.F.);
#8621=ORIENTED_EDGE('',*,*,#6238,.F.);
#8622=ORIENTED_EDGE('',*,*,#6239,.F.);
#8623=ORIENTED_EDGE('',*,*,#6240,.F.);
#8624=ORIENTED_EDGE('',*,*,#6241,.F.);
#8625=ORIENTED_EDGE('',*,*,#6242,.F.);
#8626=ORIENTED_EDGE('',*,*,#6243,.F.);
#8627=ORIENTED_EDGE('',*,*,#6244,.F.);
#8628=ORIENTED_EDGE('',*,*,#6245,.F.);
#8629=ORIENTED_EDGE('',*,*,#6246,.F.);
#8630=ORIENTED_EDGE('',*,*,#6247,.F.);
#8631=ORIENTED_EDGE('',*,*,#6248,.F.);
#8632=ORIENTED_EDGE('',*,*,#6249,.F.);
#8633=ORIENTED_EDGE('',*,*,#6250,.F.);
#8634=ORIENTED_EDGE('',*,*,#6251,.F.);
#8635=ORIENTED_EDGE('',*,*,#6252,.F.);
#8636=ORIENTED_EDGE('',*,*,#6253,.F.);
#8637=ORIENTED_EDGE('',*,*,#6254,.F.);
#8638=ORIENTED_EDGE('',*,*,#6255,.F.);
#8639=ORIENTED_EDGE('',*,*,#6256,.F.);
#8640=ORIENTED_EDGE('',*,*,#6257,.F.);
#8641=ORIENTED_EDGE('',*,*,#6258,.F.);
#8642=ORIENTED_EDGE('',*,*,#6259,.F.);
#8643=ORIENTED_EDGE('',*,*,#6260,.F.);
#8644=ORIENTED_EDGE('',*,*,#6261,.F.);
#8645=ORIENTED_EDGE('',*,*,#6239,.T.);
#8646=ORIENTED_EDGE('',*,*,#6262,.T.);
#8647=ORIENTED_EDGE('',*,*,#6253,.T.);
#8648=ORIENTED_EDGE('',*,*,#6263,.F.);
#8649=ORIENTED_EDGE('',*,*,#6238,.T.);
#8650=ORIENTED_EDGE('',*,*,#6264,.T.);
#8651=ORIENTED_EDGE('',*,*,#6254,.T.);
#8652=ORIENTED_EDGE('',*,*,#6262,.F.);
#8653=ORIENTED_EDGE('',*,*,#6237,.T.);
#8654=ORIENTED_EDGE('',*,*,#6265,.T.);
#8655=ORIENTED_EDGE('',*,*,#6255,.T.);
#8656=ORIENTED_EDGE('',*,*,#6264,.F.);
#8657=ORIENTED_EDGE('',*,*,#6236,.T.);
#8658=ORIENTED_EDGE('',*,*,#6266,.T.);
#8659=ORIENTED_EDGE('',*,*,#6256,.T.);
#8660=ORIENTED_EDGE('',*,*,#6265,.F.);
#8661=ORIENTED_EDGE('',*,*,#6235,.T.);
#8662=ORIENTED_EDGE('',*,*,#6267,.T.);
#8663=ORIENTED_EDGE('',*,*,#6257,.T.);
#8664=ORIENTED_EDGE('',*,*,#6266,.F.);
#8665=ORIENTED_EDGE('',*,*,#6234,.T.);
#8666=ORIENTED_EDGE('',*,*,#6268,.T.);
#8667=ORIENTED_EDGE('',*,*,#6258,.T.);
#8668=ORIENTED_EDGE('',*,*,#6267,.F.);
#8669=ORIENTED_EDGE('',*,*,#6233,.T.);
#8670=ORIENTED_EDGE('',*,*,#6269,.T.);
#8671=ORIENTED_EDGE('',*,*,#6259,.T.);
#8672=ORIENTED_EDGE('',*,*,#6268,.F.);
#8673=ORIENTED_EDGE('',*,*,#6213,.F.);
#8674=ORIENTED_EDGE('',*,*,#6270,.T.);
#8675=ORIENTED_EDGE('',*,*,#6271,.F.);
#8676=ORIENTED_EDGE('',*,*,#6272,.T.);
#8677=ORIENTED_EDGE('',*,*,#6261,.T.);
#8678=ORIENTED_EDGE('',*,*,#6273,.T.);
#8679=ORIENTED_EDGE('',*,*,#6274,.T.);
#8680=ORIENTED_EDGE('',*,*,#6185,.F.);
#8681=ORIENTED_EDGE('',*,*,#6232,.T.);
#8682=ORIENTED_EDGE('',*,*,#6222,.F.);
#8683=ORIENTED_EDGE('',*,*,#6275,.T.);
#8684=ORIENTED_EDGE('',*,*,#6273,.F.);
#8685=ORIENTED_EDGE('',*,*,#6260,.T.);
#8686=ORIENTED_EDGE('',*,*,#6269,.F.);
#8687=ORIENTED_EDGE('',*,*,#6225,.F.);
#8688=ORIENTED_EDGE('',*,*,#6276,.T.);
#8689=ORIENTED_EDGE('',*,*,#6271,.T.);
#8690=ORIENTED_EDGE('',*,*,#6277,.T.);
#8691=ORIENTED_EDGE('',*,*,#6274,.F.);
#8692=ORIENTED_EDGE('',*,*,#6275,.F.);
#8693=ORIENTED_EDGE('',*,*,#6221,.T.);
#8694=ORIENTED_EDGE('',*,*,#6186,.F.);
#8695=ORIENTED_EDGE('',*,*,#6240,.T.);
#8696=ORIENTED_EDGE('',*,*,#6263,.T.);
#8697=ORIENTED_EDGE('',*,*,#6252,.T.);
#8698=ORIENTED_EDGE('',*,*,#6278,.F.);
#8699=ORIENTED_EDGE('',*,*,#6241,.T.);
#8700=ORIENTED_EDGE('',*,*,#6278,.T.);
#8701=ORIENTED_EDGE('',*,*,#6251,.T.);
#8702=ORIENTED_EDGE('',*,*,#6279,.F.);
#8703=ORIENTED_EDGE('',*,*,#6242,.T.);
#8704=ORIENTED_EDGE('',*,*,#6279,.T.);
#8705=ORIENTED_EDGE('',*,*,#6250,.T.);
#8706=ORIENTED_EDGE('',*,*,#6280,.F.);
#8707=ORIENTED_EDGE('',*,*,#6243,.T.);
#8708=ORIENTED_EDGE('',*,*,#6280,.T.);
#8709=ORIENTED_EDGE('',*,*,#6249,.T.);
#8710=ORIENTED_EDGE('',*,*,#6281,.F.);
#8711=ORIENTED_EDGE('',*,*,#6244,.T.);
#8712=ORIENTED_EDGE('',*,*,#6281,.T.);
#8713=ORIENTED_EDGE('',*,*,#6248,.T.);
#8714=ORIENTED_EDGE('',*,*,#6282,.F.);
#8715=ORIENTED_EDGE('',*,*,#6245,.T.);
#8716=ORIENTED_EDGE('',*,*,#6282,.T.);
#8717=ORIENTED_EDGE('',*,*,#6247,.T.);
#8718=ORIENTED_EDGE('',*,*,#6283,.F.);
#8719=ORIENTED_EDGE('',*,*,#6231,.T.);
#8720=ORIENTED_EDGE('',*,*,#6283,.T.);
#8721=ORIENTED_EDGE('',*,*,#6246,.T.);
#8722=ORIENTED_EDGE('',*,*,#6272,.F.);
#8723=ORIENTED_EDGE('',*,*,#6276,.F.);
#8724=ORIENTED_EDGE('',*,*,#6224,.F.);
#8725=ORIENTED_EDGE('',*,*,#6284,.F.);
#8726=ORIENTED_EDGE('',*,*,#6285,.F.);
#8727=ORIENTED_EDGE('',*,*,#6229,.F.);
#8728=ORIENTED_EDGE('',*,*,#6199,.F.);
#8729=ORIENTED_EDGE('',*,*,#6169,.F.);
#8730=ORIENTED_EDGE('',*,*,#6286,.F.);
#8731=ORIENTED_EDGE('',*,*,#6287,.F.);
#8732=ORIENTED_EDGE('',*,*,#6179,.F.);
#8733=ORIENTED_EDGE('',*,*,#6287,.T.);
#8734=ORIENTED_EDGE('',*,*,#6288,.F.);
#8735=ORIENTED_EDGE('',*,*,#6289,.F.);
#8736=ORIENTED_EDGE('',*,*,#6180,.F.);
#8737=ORIENTED_EDGE('',*,*,#6209,.F.);
#8738=ORIENTED_EDGE('',*,*,#6181,.F.);
#8739=ORIENTED_EDGE('',*,*,#6289,.T.);
#8740=ORIENTED_EDGE('',*,*,#6290,.F.);
#8741=ORIENTED_EDGE('',*,*,#6216,.F.);
#8742=ORIENTED_EDGE('',*,*,#6291,.F.);
#8743=ORIENTED_EDGE('',*,*,#6292,.F.);
#8744=ORIENTED_EDGE('',*,*,#6191,.F.);
#8745=ORIENTED_EDGE('',*,*,#6292,.T.);
#8746=ORIENTED_EDGE('',*,*,#6293,.F.);
#8747=ORIENTED_EDGE('',*,*,#6294,.F.);
#8748=ORIENTED_EDGE('',*,*,#6192,.F.);
#8749=ORIENTED_EDGE('',*,*,#6294,.T.);
#8750=ORIENTED_EDGE('',*,*,#6295,.F.);
#8751=ORIENTED_EDGE('',*,*,#6205,.F.);
#8752=ORIENTED_EDGE('',*,*,#6193,.F.);
#8753=ORIENTED_EDGE('',*,*,#6204,.F.);
#8754=ORIENTED_EDGE('',*,*,#6296,.F.);
#8755=ORIENTED_EDGE('',*,*,#6297,.F.);
#8756=ORIENTED_EDGE('',*,*,#6196,.F.);
#8757=ORIENTED_EDGE('',*,*,#6297,.T.);
#8758=ORIENTED_EDGE('',*,*,#6298,.F.);
#8759=ORIENTED_EDGE('',*,*,#6299,.F.);
#8760=ORIENTED_EDGE('',*,*,#6197,.F.);
#8761=ORIENTED_EDGE('',*,*,#6299,.T.);
#8762=ORIENTED_EDGE('',*,*,#6300,.F.);
#8763=ORIENTED_EDGE('',*,*,#6284,.T.);
#8764=ORIENTED_EDGE('',*,*,#6198,.F.);
#8765=ORIENTED_EDGE('',*,*,#6173,.F.);
#8766=ORIENTED_EDGE('',*,*,#6178,.T.);
#8767=ORIENTED_EDGE('',*,*,#6228,.F.);
#8768=ORIENTED_EDGE('',*,*,#6230,.T.);
#8769=ORIENTED_EDGE('',*,*,#6285,.T.);
#8770=ORIENTED_EDGE('',*,*,#6300,.T.);
#8771=ORIENTED_EDGE('',*,*,#6298,.T.);
#8772=ORIENTED_EDGE('',*,*,#6296,.T.);
#8773=ORIENTED_EDGE('',*,*,#6203,.F.);
#8774=ORIENTED_EDGE('',*,*,#6206,.T.);
#8775=ORIENTED_EDGE('',*,*,#6295,.T.);
#8776=ORIENTED_EDGE('',*,*,#6293,.T.);
#8777=ORIENTED_EDGE('',*,*,#6291,.T.);
#8778=ORIENTED_EDGE('',*,*,#6215,.F.);
#8779=ORIENTED_EDGE('',*,*,#6218,.T.);
#8780=ORIENTED_EDGE('',*,*,#6220,.F.);
#8781=ORIENTED_EDGE('',*,*,#6226,.F.);
#8782=ORIENTED_EDGE('',*,*,#6277,.F.);
#8783=ORIENTED_EDGE('',*,*,#6270,.F.);
#8784=ORIENTED_EDGE('',*,*,#6212,.F.);
#8785=ORIENTED_EDGE('',*,*,#6210,.T.);
#8786=ORIENTED_EDGE('',*,*,#6207,.F.);
#8787=ORIENTED_EDGE('',*,*,#6290,.T.);
#8788=ORIENTED_EDGE('',*,*,#6288,.T.);
#8789=ORIENTED_EDGE('',*,*,#6286,.T.);
#8790=ORIENTED_EDGE('',*,*,#6168,.F.);
#8791=ORIENTED_EDGE('',*,*,#6172,.T.);
#8792=ORIENTED_EDGE('',*,*,#6301,.F.);
#8793=ORIENTED_EDGE('',*,*,#6302,.T.);
#8794=ORIENTED_EDGE('',*,*,#6303,.T.);
#8795=ORIENTED_EDGE('',*,*,#6304,.T.);
#8796=ORIENTED_EDGE('',*,*,#6305,.T.);
#8797=ORIENTED_EDGE('',*,*,#6304,.F.);
#8798=ORIENTED_EDGE('',*,*,#6306,.F.);
#8799=ORIENTED_EDGE('',*,*,#6307,.F.);
#8800=ORIENTED_EDGE('',*,*,#6308,.F.);
#8801=ORIENTED_EDGE('',*,*,#6309,.F.);
#8802=ORIENTED_EDGE('',*,*,#6310,.F.);
#8803=ORIENTED_EDGE('',*,*,#6311,.F.);
#8804=ORIENTED_EDGE('',*,*,#6312,.F.);
#8805=ORIENTED_EDGE('',*,*,#6313,.F.);
#8806=ORIENTED_EDGE('',*,*,#6314,.F.);
#8807=ORIENTED_EDGE('',*,*,#6315,.T.);
#8808=ORIENTED_EDGE('',*,*,#6316,.F.);
#8809=ORIENTED_EDGE('',*,*,#6317,.T.);
#8810=ORIENTED_EDGE('',*,*,#6318,.T.);
#8811=ORIENTED_EDGE('',*,*,#6317,.F.);
#8812=ORIENTED_EDGE('',*,*,#6319,.F.);
#8813=ORIENTED_EDGE('',*,*,#6320,.F.);
#8814=ORIENTED_EDGE('',*,*,#6321,.F.);
#8815=ORIENTED_EDGE('',*,*,#6322,.T.);
#8816=ORIENTED_EDGE('',*,*,#6323,.T.);
#8817=ORIENTED_EDGE('',*,*,#6324,.T.);
#8818=ORIENTED_EDGE('',*,*,#6325,.T.);
#8819=ORIENTED_EDGE('',*,*,#6323,.F.);
#8820=ORIENTED_EDGE('',*,*,#6326,.F.);
#8821=ORIENTED_EDGE('',*,*,#6327,.F.);
#8822=ORIENTED_EDGE('',*,*,#6328,.F.);
#8823=ORIENTED_EDGE('',*,*,#6322,.F.);
#8824=ORIENTED_EDGE('',*,*,#6329,.T.);
#8825=ORIENTED_EDGE('',*,*,#6330,.F.);
#8826=ORIENTED_EDGE('',*,*,#6319,.T.);
#8827=ORIENTED_EDGE('',*,*,#6331,.T.);
#8828=ORIENTED_EDGE('',*,*,#6332,.T.);
#8829=ORIENTED_EDGE('',*,*,#6333,.F.);
#8830=ORIENTED_EDGE('',*,*,#6334,.T.);
#8831=ORIENTED_EDGE('',*,*,#6335,.F.);
#8832=ORIENTED_EDGE('',*,*,#6336,.T.);
#8833=ORIENTED_EDGE('',*,*,#6337,.T.);
#8834=ORIENTED_EDGE('',*,*,#6338,.T.);
#8835=ORIENTED_EDGE('',*,*,#6339,.T.);
#8836=ORIENTED_EDGE('',*,*,#6340,.T.);
#8837=ORIENTED_EDGE('',*,*,#6341,.F.);
#8838=ORIENTED_EDGE('',*,*,#6342,.T.);
#8839=ORIENTED_EDGE('',*,*,#6343,.F.);
#8840=ORIENTED_EDGE('',*,*,#6326,.T.);
#8841=ORIENTED_EDGE('',*,*,#6343,.T.);
#8842=ORIENTED_EDGE('',*,*,#6344,.T.);
#8843=ORIENTED_EDGE('',*,*,#6345,.T.);
#8844=ORIENTED_EDGE('',*,*,#6327,.T.);
#8845=ORIENTED_EDGE('',*,*,#6324,.F.);
#8846=ORIENTED_EDGE('',*,*,#6328,.T.);
#8847=ORIENTED_EDGE('',*,*,#6345,.F.);
#8848=ORIENTED_EDGE('',*,*,#6346,.T.);
#8849=ORIENTED_EDGE('',*,*,#6347,.F.);
#8850=ORIENTED_EDGE('',*,*,#6348,.T.);
#8851=ORIENTED_EDGE('',*,*,#6349,.T.);
#8852=ORIENTED_EDGE('',*,*,#6350,.T.);
#8853=ORIENTED_EDGE('',*,*,#6351,.T.);
#8854=ORIENTED_EDGE('',*,*,#6352,.T.);
#8855=ORIENTED_EDGE('',*,*,#6353,.F.);
#8856=ORIENTED_EDGE('',*,*,#6354,.T.);
#8857=ORIENTED_EDGE('',*,*,#6355,.F.);
#8858=ORIENTED_EDGE('',*,*,#6356,.T.);
#8859=ORIENTED_EDGE('',*,*,#6357,.T.);
#8860=ORIENTED_EDGE('',*,*,#6321,.T.);
#8861=ORIENTED_EDGE('',*,*,#6358,.F.);
#8862=ORIENTED_EDGE('',*,*,#6359,.T.);
#8863=ORIENTED_EDGE('',*,*,#6344,.F.);
#8864=ORIENTED_EDGE('',*,*,#6342,.F.);
#8865=ORIENTED_EDGE('',*,*,#6360,.F.);
#8866=ORIENTED_EDGE('',*,*,#6346,.F.);
#8867=ORIENTED_EDGE('',*,*,#6347,.T.);
#8868=ORIENTED_EDGE('',*,*,#6360,.T.);
#8869=ORIENTED_EDGE('',*,*,#6341,.T.);
#8870=ORIENTED_EDGE('',*,*,#6361,.T.);
#8871=ORIENTED_EDGE('',*,*,#6353,.T.);
#8872=ORIENTED_EDGE('',*,*,#6362,.T.);
#8873=ORIENTED_EDGE('',*,*,#6335,.T.);
#8874=ORIENTED_EDGE('',*,*,#6363,.T.);
#8875=ORIENTED_EDGE('',*,*,#6362,.F.);
#8876=ORIENTED_EDGE('',*,*,#6352,.F.);
#8877=ORIENTED_EDGE('',*,*,#6364,.T.);
#8878=ORIENTED_EDGE('',*,*,#6336,.F.);
#8879=ORIENTED_EDGE('',*,*,#6333,.T.);
#8880=ORIENTED_EDGE('',*,*,#6365,.T.);
#8881=ORIENTED_EDGE('',*,*,#6355,.T.);
#8882=ORIENTED_EDGE('',*,*,#6366,.T.);
#8883=ORIENTED_EDGE('',*,*,#6302,.F.);
#8884=ORIENTED_EDGE('',*,*,#6356,.F.);
#8885=ORIENTED_EDGE('',*,*,#6365,.F.);
#8886=ORIENTED_EDGE('',*,*,#6332,.F.);
#8887=ORIENTED_EDGE('',*,*,#6330,.T.);
#8888=ORIENTED_EDGE('',*,*,#6367,.T.);
#8889=ORIENTED_EDGE('',*,*,#6358,.T.);
#8890=ORIENTED_EDGE('',*,*,#6320,.T.);
#8891=ORIENTED_EDGE('',*,*,#6315,.F.);
#8892=ORIENTED_EDGE('',*,*,#6368,.F.);
#8893=ORIENTED_EDGE('',*,*,#6369,.F.);
#8894=ORIENTED_EDGE('',*,*,#6370,.F.);
#8895=ORIENTED_EDGE('',*,*,#6371,.F.);
#8896=ORIENTED_EDGE('',*,*,#6372,.F.);
#8897=ORIENTED_EDGE('',*,*,#6373,.F.);
#8898=ORIENTED_EDGE('',*,*,#6374,.F.);
#8899=ORIENTED_EDGE('',*,*,#6375,.F.);
#8900=ORIENTED_EDGE('',*,*,#6375,.T.);
#8901=ORIENTED_EDGE('',*,*,#6376,.F.);
#8902=ORIENTED_EDGE('',*,*,#6306,.T.);
#8903=ORIENTED_EDGE('',*,*,#6303,.F.);
#8904=ORIENTED_EDGE('',*,*,#6331,.F.);
#8905=ORIENTED_EDGE('',*,*,#6316,.T.);
#8906=ORIENTED_EDGE('',*,*,#6374,.T.);
#8907=ORIENTED_EDGE('',*,*,#6377,.T.);
#8908=ORIENTED_EDGE('',*,*,#6307,.T.);
#8909=ORIENTED_EDGE('',*,*,#6376,.T.);
#8910=ORIENTED_EDGE('',*,*,#6373,.T.);
#8911=ORIENTED_EDGE('',*,*,#6378,.F.);
#8912=ORIENTED_EDGE('',*,*,#6308,.T.);
#8913=ORIENTED_EDGE('',*,*,#6377,.F.);
#8914=ORIENTED_EDGE('',*,*,#6369,.T.);
#8915=ORIENTED_EDGE('',*,*,#6379,.T.);
#8916=ORIENTED_EDGE('',*,*,#6312,.T.);
#8917=ORIENTED_EDGE('',*,*,#6380,.F.);
#8918=ORIENTED_EDGE('',*,*,#6372,.T.);
#8919=ORIENTED_EDGE('',*,*,#6381,.T.);
#8920=ORIENTED_EDGE('',*,*,#6309,.T.);
#8921=ORIENTED_EDGE('',*,*,#6378,.T.);
#8922=ORIENTED_EDGE('',*,*,#6371,.T.);
#8923=ORIENTED_EDGE('',*,*,#6382,.T.);
#8924=ORIENTED_EDGE('',*,*,#6310,.T.);
#8925=ORIENTED_EDGE('',*,*,#6381,.F.);
#8926=ORIENTED_EDGE('',*,*,#6370,.T.);
#8927=ORIENTED_EDGE('',*,*,#6380,.T.);
#8928=ORIENTED_EDGE('',*,*,#6311,.T.);
#8929=ORIENTED_EDGE('',*,*,#6382,.F.);
#8930=ORIENTED_EDGE('',*,*,#6357,.F.);
#8931=ORIENTED_EDGE('',*,*,#6301,.T.);
#8932=ORIENTED_EDGE('',*,*,#6383,.T.);
#8933=ORIENTED_EDGE('',*,*,#6318,.F.);
#8934=ORIENTED_EDGE('',*,*,#6368,.T.);
#8935=ORIENTED_EDGE('',*,*,#6314,.T.);
#8936=ORIENTED_EDGE('',*,*,#6383,.F.);
#8937=ORIENTED_EDGE('',*,*,#6305,.F.);
#8938=ORIENTED_EDGE('',*,*,#6313,.T.);
#8939=ORIENTED_EDGE('',*,*,#6379,.F.);
#8940=ORIENTED_EDGE('',*,*,#6384,.F.);
#8941=ORIENTED_EDGE('',*,*,#6337,.F.);
#8942=ORIENTED_EDGE('',*,*,#6364,.F.);
#8943=ORIENTED_EDGE('',*,*,#6351,.F.);
#8944=ORIENTED_EDGE('',*,*,#6363,.F.);
#8945=ORIENTED_EDGE('',*,*,#6334,.F.);
#8946=ORIENTED_EDGE('',*,*,#6366,.F.);
#8947=ORIENTED_EDGE('',*,*,#6354,.F.);
#8948=ORIENTED_EDGE('',*,*,#6325,.F.);
#8949=ORIENTED_EDGE('',*,*,#6359,.F.);
#8950=ORIENTED_EDGE('',*,*,#6367,.F.);
#8951=ORIENTED_EDGE('',*,*,#6329,.F.);
#8952=ORIENTED_EDGE('',*,*,#6361,.F.);
#8953=ORIENTED_EDGE('',*,*,#6340,.F.);
#8954=ORIENTED_EDGE('',*,*,#6385,.F.);
#8955=ORIENTED_EDGE('',*,*,#6348,.F.);
#8956=ORIENTED_EDGE('',*,*,#6385,.T.);
#8957=ORIENTED_EDGE('',*,*,#6339,.F.);
#8958=ORIENTED_EDGE('',*,*,#6386,.F.);
#8959=ORIENTED_EDGE('',*,*,#6349,.F.);
#8960=ORIENTED_EDGE('',*,*,#6386,.T.);
#8961=ORIENTED_EDGE('',*,*,#6338,.F.);
#8962=ORIENTED_EDGE('',*,*,#6384,.T.);
#8963=ORIENTED_EDGE('',*,*,#6350,.F.);
#8964=ORIENTED_EDGE('',*,*,#6387,.T.);
#8965=ORIENTED_EDGE('',*,*,#6388,.T.);
#8966=ORIENTED_EDGE('',*,*,#6389,.T.);
#8967=ORIENTED_EDGE('',*,*,#6390,.T.);
#8968=ORIENTED_EDGE('',*,*,#6390,.F.);
#8969=ORIENTED_EDGE('',*,*,#6391,.F.);
#8970=ORIENTED_EDGE('',*,*,#6392,.F.);
#8971=ORIENTED_EDGE('',*,*,#6393,.F.);
#8972=ORIENTED_EDGE('',*,*,#6389,.F.);
#8973=ORIENTED_EDGE('',*,*,#6394,.T.);
#8974=ORIENTED_EDGE('',*,*,#6395,.T.);
#8975=ORIENTED_EDGE('',*,*,#6396,.T.);
#8976=ORIENTED_EDGE('',*,*,#6397,.F.);
#8977=ORIENTED_EDGE('',*,*,#6398,.T.);
#8978=ORIENTED_EDGE('',*,*,#6399,.T.);
#8979=ORIENTED_EDGE('',*,*,#6400,.T.);
#8980=ORIENTED_EDGE('',*,*,#6401,.T.);
#8981=ORIENTED_EDGE('',*,*,#6402,.T.);
#8982=ORIENTED_EDGE('',*,*,#6403,.F.);
#8983=ORIENTED_EDGE('',*,*,#6404,.T.);
#8984=ORIENTED_EDGE('',*,*,#6405,.F.);
#8985=ORIENTED_EDGE('',*,*,#6406,.T.);
#8986=ORIENTED_EDGE('',*,*,#6407,.T.);
#8987=ORIENTED_EDGE('',*,*,#6391,.T.);
#8988=ORIENTED_EDGE('',*,*,#6397,.T.);
#8989=ORIENTED_EDGE('',*,*,#6408,.T.);
#8990=ORIENTED_EDGE('',*,*,#6409,.T.);
#8991=ORIENTED_EDGE('',*,*,#6410,.T.);
#8992=ORIENTED_EDGE('',*,*,#6408,.F.);
#8993=ORIENTED_EDGE('',*,*,#6396,.F.);
#8994=ORIENTED_EDGE('',*,*,#6411,.T.);
#8995=ORIENTED_EDGE('',*,*,#6412,.F.);
#8996=ORIENTED_EDGE('',*,*,#6413,.T.);
#8997=ORIENTED_EDGE('',*,*,#6414,.T.);
#8998=ORIENTED_EDGE('',*,*,#6403,.T.);
#8999=ORIENTED_EDGE('',*,*,#6415,.T.);
#9000=ORIENTED_EDGE('',*,*,#6414,.F.);
#9001=ORIENTED_EDGE('',*,*,#6416,.F.);
#9002=ORIENTED_EDGE('',*,*,#6417,.F.);
#9003=ORIENTED_EDGE('',*,*,#6404,.F.);
#9004=ORIENTED_EDGE('',*,*,#6418,.F.);
#9005=ORIENTED_EDGE('',*,*,#6392,.T.);
#9006=ORIENTED_EDGE('',*,*,#6419,.T.);
#9007=ORIENTED_EDGE('',*,*,#6420,.F.);
#9008=ORIENTED_EDGE('',*,*,#6421,.T.);
#9009=ORIENTED_EDGE('',*,*,#6422,.T.);
#9010=ORIENTED_EDGE('',*,*,#6421,.F.);
#9011=ORIENTED_EDGE('',*,*,#6423,.F.);
#9012=ORIENTED_EDGE('',*,*,#6424,.F.);
#9013=ORIENTED_EDGE('',*,*,#6425,.F.);
#9014=ORIENTED_EDGE('',*,*,#6426,.F.);
#9015=ORIENTED_EDGE('',*,*,#6427,.F.);
#9016=ORIENTED_EDGE('',*,*,#6428,.F.);
#9017=ORIENTED_EDGE('',*,*,#6429,.F.);
#9018=ORIENTED_EDGE('',*,*,#6405,.T.);
#9019=ORIENTED_EDGE('',*,*,#6417,.T.);
#9020=ORIENTED_EDGE('',*,*,#6430,.T.);
#9021=ORIENTED_EDGE('',*,*,#6431,.T.);
#9022=ORIENTED_EDGE('',*,*,#6432,.F.);
#9023=ORIENTED_EDGE('',*,*,#6433,.T.);
#9024=ORIENTED_EDGE('',*,*,#6434,.T.);
#9025=ORIENTED_EDGE('',*,*,#6435,.F.);
#9026=ORIENTED_EDGE('',*,*,#6436,.T.);
#9027=ORIENTED_EDGE('',*,*,#6437,.T.);
#9028=ORIENTED_EDGE('',*,*,#6431,.F.);
#9029=ORIENTED_EDGE('',*,*,#6438,.F.);
#9030=ORIENTED_EDGE('',*,*,#6436,.F.);
#9031=ORIENTED_EDGE('',*,*,#6406,.F.);
#9032=ORIENTED_EDGE('',*,*,#6424,.T.);
#9033=ORIENTED_EDGE('',*,*,#6439,.F.);
#9034=ORIENTED_EDGE('',*,*,#6440,.F.);
#9035=ORIENTED_EDGE('',*,*,#6441,.F.);
#9036=ORIENTED_EDGE('',*,*,#6427,.T.);
#9037=ORIENTED_EDGE('',*,*,#6442,.T.);
#9038=ORIENTED_EDGE('',*,*,#6443,.F.);
#9039=ORIENTED_EDGE('',*,*,#6444,.T.);
#9040=ORIENTED_EDGE('',*,*,#6423,.T.);
#9041=ORIENTED_EDGE('',*,*,#6420,.T.);
#9042=ORIENTED_EDGE('',*,*,#6445,.T.);
#9043=ORIENTED_EDGE('',*,*,#6434,.F.);
#9044=ORIENTED_EDGE('',*,*,#6446,.T.);
#9045=ORIENTED_EDGE('',*,*,#6439,.T.);
#9046=ORIENTED_EDGE('',*,*,#6407,.F.);
#9047=ORIENTED_EDGE('',*,*,#6435,.T.);
#9048=ORIENTED_EDGE('',*,*,#6445,.F.);
#9049=ORIENTED_EDGE('',*,*,#6419,.F.);
#9050=ORIENTED_EDGE('',*,*,#6447,.T.);
#9051=ORIENTED_EDGE('',*,*,#6443,.T.);
#9052=ORIENTED_EDGE('',*,*,#6448,.T.);
#9053=ORIENTED_EDGE('',*,*,#6449,.T.);
#9054=ORIENTED_EDGE('',*,*,#6447,.F.);
#9055=ORIENTED_EDGE('',*,*,#6440,.T.);
#9056=ORIENTED_EDGE('',*,*,#6450,.T.);
#9057=ORIENTED_EDGE('',*,*,#6451,.T.);
#9058=ORIENTED_EDGE('',*,*,#6426,.T.);
#9059=ORIENTED_EDGE('',*,*,#6452,.T.);
#9060=ORIENTED_EDGE('',*,*,#6448,.F.);
#9061=ORIENTED_EDGE('',*,*,#6442,.F.);
#9062=ORIENTED_EDGE('',*,*,#6425,.T.);
#9063=ORIENTED_EDGE('',*,*,#6441,.T.);
#9064=ORIENTED_EDGE('',*,*,#6449,.F.);
#9065=ORIENTED_EDGE('',*,*,#6452,.F.);
#9066=ORIENTED_EDGE('',*,*,#6428,.T.);
#9067=ORIENTED_EDGE('',*,*,#6444,.F.);
#9068=ORIENTED_EDGE('',*,*,#6451,.F.);
#9069=ORIENTED_EDGE('',*,*,#6453,.T.);
#9070=ORIENTED_EDGE('',*,*,#6454,.F.);
#9071=ORIENTED_EDGE('',*,*,#6437,.F.);
#9072=ORIENTED_EDGE('',*,*,#6455,.F.);
#9073=ORIENTED_EDGE('',*,*,#6418,.T.);
#9074=ORIENTED_EDGE('',*,*,#6433,.F.);
#9075=ORIENTED_EDGE('',*,*,#6456,.T.);
#9076=ORIENTED_EDGE('',*,*,#6450,.F.);
#9077=ORIENTED_EDGE('',*,*,#6446,.F.);
#9078=ORIENTED_EDGE('',*,*,#6429,.T.);
#9079=ORIENTED_EDGE('',*,*,#6453,.F.);
#9080=ORIENTED_EDGE('',*,*,#6456,.F.);
#9081=ORIENTED_EDGE('',*,*,#6432,.T.);
#9082=ORIENTED_EDGE('',*,*,#6454,.T.);
#9083=ORIENTED_EDGE('',*,*,#6422,.F.);
#9084=ORIENTED_EDGE('',*,*,#6457,.F.);
#9085=ORIENTED_EDGE('',*,*,#6458,.F.);
#9086=ORIENTED_EDGE('',*,*,#6459,.F.);
#9087=ORIENTED_EDGE('',*,*,#6460,.F.);
#9088=ORIENTED_EDGE('',*,*,#6461,.T.);
#9089=ORIENTED_EDGE('',*,*,#6462,.F.);
#9090=ORIENTED_EDGE('',*,*,#6463,.T.);
#9091=ORIENTED_EDGE('',*,*,#6464,.T.);
#9092=ORIENTED_EDGE('',*,*,#6465,.T.);
#9093=ORIENTED_EDGE('',*,*,#6466,.F.);
#9094=ORIENTED_EDGE('',*,*,#6467,.T.);
#9095=ORIENTED_EDGE('',*,*,#6462,.T.);
#9096=ORIENTED_EDGE('',*,*,#6468,.F.);
#9097=ORIENTED_EDGE('',*,*,#6469,.T.);
#9098=ORIENTED_EDGE('',*,*,#6470,.F.);
#9099=ORIENTED_EDGE('',*,*,#6458,.T.);
#9100=ORIENTED_EDGE('',*,*,#6461,.F.);
#9101=ORIENTED_EDGE('',*,*,#6460,.T.);
#9102=ORIENTED_EDGE('',*,*,#6411,.F.);
#9103=ORIENTED_EDGE('',*,*,#6471,.F.);
#9104=ORIENTED_EDGE('',*,*,#6468,.T.);
#9105=ORIENTED_EDGE('',*,*,#6472,.T.);
#9106=ORIENTED_EDGE('',*,*,#6473,.F.);
#9107=ORIENTED_EDGE('',*,*,#6466,.T.);
#9108=ORIENTED_EDGE('',*,*,#6474,.T.);
#9109=ORIENTED_EDGE('',*,*,#6463,.F.);
#9110=ORIENTED_EDGE('',*,*,#6467,.F.);
#9111=ORIENTED_EDGE('',*,*,#6473,.T.);
#9112=ORIENTED_EDGE('',*,*,#6457,.T.);
#9113=ORIENTED_EDGE('',*,*,#6464,.F.);
#9114=ORIENTED_EDGE('',*,*,#6474,.F.);
#9115=ORIENTED_EDGE('',*,*,#6472,.F.);
#9116=ORIENTED_EDGE('',*,*,#6465,.F.);
#9117=ORIENTED_EDGE('',*,*,#6471,.T.);
#9118=ORIENTED_EDGE('',*,*,#6395,.F.);
#9119=ORIENTED_EDGE('',*,*,#6469,.F.);
#9120=ORIENTED_EDGE('',*,*,#6388,.F.);
#9121=ORIENTED_EDGE('',*,*,#6475,.F.);
#9122=ORIENTED_EDGE('',*,*,#6470,.T.);
#9123=ORIENTED_EDGE('',*,*,#6394,.F.);
#9124=ORIENTED_EDGE('',*,*,#6476,.F.);
#9125=ORIENTED_EDGE('',*,*,#6477,.F.);
#9126=ORIENTED_EDGE('',*,*,#6478,.F.);
#9127=ORIENTED_EDGE('',*,*,#6401,.F.);
#9128=ORIENTED_EDGE('',*,*,#6415,.F.);
#9129=ORIENTED_EDGE('',*,*,#6402,.F.);
#9130=ORIENTED_EDGE('',*,*,#6478,.T.);
#9131=ORIENTED_EDGE('',*,*,#6479,.F.);
#9132=ORIENTED_EDGE('',*,*,#6410,.F.);
#9133=ORIENTED_EDGE('',*,*,#6480,.F.);
#9134=ORIENTED_EDGE('',*,*,#6481,.F.);
#9135=ORIENTED_EDGE('',*,*,#6398,.F.);
#9136=ORIENTED_EDGE('',*,*,#6481,.T.);
#9137=ORIENTED_EDGE('',*,*,#6482,.F.);
#9138=ORIENTED_EDGE('',*,*,#6483,.F.);
#9139=ORIENTED_EDGE('',*,*,#6399,.F.);
#9140=ORIENTED_EDGE('',*,*,#6483,.T.);
#9141=ORIENTED_EDGE('',*,*,#6484,.F.);
#9142=ORIENTED_EDGE('',*,*,#6476,.T.);
#9143=ORIENTED_EDGE('',*,*,#6400,.F.);
#9144=ORIENTED_EDGE('',*,*,#6387,.F.);
#9145=ORIENTED_EDGE('',*,*,#6393,.T.);
#9146=ORIENTED_EDGE('',*,*,#6455,.T.);
#9147=ORIENTED_EDGE('',*,*,#6438,.T.);
#9148=ORIENTED_EDGE('',*,*,#6430,.F.);
#9149=ORIENTED_EDGE('',*,*,#6416,.T.);
#9150=ORIENTED_EDGE('',*,*,#6413,.F.);
#9151=ORIENTED_EDGE('',*,*,#6479,.T.);
#9152=ORIENTED_EDGE('',*,*,#6477,.T.);
#9153=ORIENTED_EDGE('',*,*,#6484,.T.);
#9154=ORIENTED_EDGE('',*,*,#6482,.T.);
#9155=ORIENTED_EDGE('',*,*,#6480,.T.);
#9156=ORIENTED_EDGE('',*,*,#6409,.F.);
#9157=ORIENTED_EDGE('',*,*,#6412,.T.);
#9158=ORIENTED_EDGE('',*,*,#6459,.T.);
#9159=ORIENTED_EDGE('',*,*,#6475,.T.);
#9160=ORIENTED_EDGE('',*,*,#6485,.T.);
#9161=ORIENTED_EDGE('',*,*,#6486,.T.);
#9162=ORIENTED_EDGE('',*,*,#6487,.T.);
#9163=ORIENTED_EDGE('',*,*,#6488,.T.);
#9164=ORIENTED_EDGE('',*,*,#6486,.F.);
#9165=ORIENTED_EDGE('',*,*,#6489,.F.);
#9166=ORIENTED_EDGE('',*,*,#6490,.T.);
#9167=ORIENTED_EDGE('',*,*,#6491,.F.);
#9168=ORIENTED_EDGE('',*,*,#6492,.T.);
#9169=ORIENTED_EDGE('',*,*,#6493,.T.);
#9170=ORIENTED_EDGE('',*,*,#6494,.T.);
#9171=ORIENTED_EDGE('',*,*,#6495,.T.);
#9172=ORIENTED_EDGE('',*,*,#6495,.F.);
#9173=ORIENTED_EDGE('',*,*,#6496,.F.);
#9174=ORIENTED_EDGE('',*,*,#6497,.T.);
#9175=ORIENTED_EDGE('',*,*,#6498,.F.);
#9176=ORIENTED_EDGE('',*,*,#6494,.F.);
#9177=ORIENTED_EDGE('',*,*,#6499,.T.);
#9178=ORIENTED_EDGE('',*,*,#6500,.F.);
#9179=ORIENTED_EDGE('',*,*,#6501,.T.);
#9180=ORIENTED_EDGE('',*,*,#6502,.T.);
#9181=ORIENTED_EDGE('',*,*,#6503,.T.);
#9182=ORIENTED_EDGE('',*,*,#6504,.F.);
#9183=ORIENTED_EDGE('',*,*,#6505,.T.);
#9184=ORIENTED_EDGE('',*,*,#6506,.T.);
#9185=ORIENTED_EDGE('',*,*,#6489,.T.);
#9186=ORIENTED_EDGE('',*,*,#6485,.F.);
#9187=ORIENTED_EDGE('',*,*,#6507,.T.);
#9188=ORIENTED_EDGE('',*,*,#6508,.T.);
#9189=ORIENTED_EDGE('',*,*,#6509,.T.);
#9190=ORIENTED_EDGE('',*,*,#6510,.T.);
#9191=ORIENTED_EDGE('',*,*,#6496,.T.);
#9192=ORIENTED_EDGE('',*,*,#6511,.T.);
#9193=ORIENTED_EDGE('',*,*,#6512,.T.);
#9194=ORIENTED_EDGE('',*,*,#6504,.T.);
#9195=ORIENTED_EDGE('',*,*,#6513,.T.);
#9196=ORIENTED_EDGE('',*,*,#6512,.F.);
#9197=ORIENTED_EDGE('',*,*,#6514,.F.);
#9198=ORIENTED_EDGE('',*,*,#6515,.T.);
#9199=ORIENTED_EDGE('',*,*,#6505,.F.);
#9200=ORIENTED_EDGE('',*,*,#6516,.F.);
#9201=ORIENTED_EDGE('',*,*,#6517,.T.);
#9202=ORIENTED_EDGE('',*,*,#6518,.T.);
#9203=ORIENTED_EDGE('',*,*,#6519,.F.);
#9204=ORIENTED_EDGE('',*,*,#6520,.T.);
#9205=ORIENTED_EDGE('',*,*,#6521,.T.);
#9206=ORIENTED_EDGE('',*,*,#6513,.F.);
#9207=ORIENTED_EDGE('',*,*,#6503,.F.);
#9208=ORIENTED_EDGE('',*,*,#6520,.F.);
#9209=ORIENTED_EDGE('',*,*,#6522,.F.);
#9210=ORIENTED_EDGE('',*,*,#6500,.T.);
#9211=ORIENTED_EDGE('',*,*,#6523,.T.);
#9212=ORIENTED_EDGE('',*,*,#6524,.T.);
#9213=ORIENTED_EDGE('',*,*,#6525,.T.);
#9214=ORIENTED_EDGE('',*,*,#6493,.F.);
#9215=ORIENTED_EDGE('',*,*,#6526,.F.);
#9216=ORIENTED_EDGE('',*,*,#6523,.F.);
#9217=ORIENTED_EDGE('',*,*,#6499,.F.);
#9218=ORIENTED_EDGE('',*,*,#6527,.F.);
#9219=ORIENTED_EDGE('',*,*,#6528,.T.);
#9220=ORIENTED_EDGE('',*,*,#6529,.T.);
#9221=ORIENTED_EDGE('',*,*,#6530,.F.);
#9222=ORIENTED_EDGE('',*,*,#6531,.T.);
#9223=ORIENTED_EDGE('',*,*,#6532,.T.);
#9224=ORIENTED_EDGE('',*,*,#6525,.F.);
#9225=ORIENTED_EDGE('',*,*,#6533,.F.);
#9226=ORIENTED_EDGE('',*,*,#6531,.F.);
#9227=ORIENTED_EDGE('',*,*,#6501,.F.);
#9228=ORIENTED_EDGE('',*,*,#6517,.F.);
#9229=ORIENTED_EDGE('',*,*,#6534,.F.);
#9230=ORIENTED_EDGE('',*,*,#6535,.F.);
#9231=ORIENTED_EDGE('',*,*,#6536,.F.);
#9232=ORIENTED_EDGE('',*,*,#6537,.F.);
#9233=ORIENTED_EDGE('',*,*,#6538,.F.);
#9234=ORIENTED_EDGE('',*,*,#6539,.F.);
#9235=ORIENTED_EDGE('',*,*,#6540,.F.);
#9236=ORIENTED_EDGE('',*,*,#6539,.T.);
#9237=ORIENTED_EDGE('',*,*,#6541,.F.);
#9238=ORIENTED_EDGE('',*,*,#6542,.T.);
#9239=ORIENTED_EDGE('',*,*,#6543,.T.);
#9240=ORIENTED_EDGE('',*,*,#6502,.F.);
#9241=ORIENTED_EDGE('',*,*,#6530,.T.);
#9242=ORIENTED_EDGE('',*,*,#6544,.F.);
#9243=ORIENTED_EDGE('',*,*,#6521,.F.);
#9244=ORIENTED_EDGE('',*,*,#6538,.T.);
#9245=ORIENTED_EDGE('',*,*,#6545,.T.);
#9246=ORIENTED_EDGE('',*,*,#6546,.T.);
#9247=ORIENTED_EDGE('',*,*,#6541,.T.);
#9248=ORIENTED_EDGE('',*,*,#6537,.T.);
#9249=ORIENTED_EDGE('',*,*,#6547,.T.);
#9250=ORIENTED_EDGE('',*,*,#6548,.F.);
#9251=ORIENTED_EDGE('',*,*,#6545,.F.);
#9252=ORIENTED_EDGE('',*,*,#6535,.T.);
#9253=ORIENTED_EDGE('',*,*,#6549,.F.);
#9254=ORIENTED_EDGE('',*,*,#6550,.F.);
#9255=ORIENTED_EDGE('',*,*,#6551,.F.);
#9256=ORIENTED_EDGE('',*,*,#6552,.T.);
#9257=ORIENTED_EDGE('',*,*,#6546,.F.);
#9258=ORIENTED_EDGE('',*,*,#6548,.T.);
#9259=ORIENTED_EDGE('',*,*,#6553,.T.);
#9260=ORIENTED_EDGE('',*,*,#6552,.F.);
#9261=ORIENTED_EDGE('',*,*,#6550,.T.);
#9262=ORIENTED_EDGE('',*,*,#6554,.T.);
#9263=ORIENTED_EDGE('',*,*,#6542,.F.);
#9264=ORIENTED_EDGE('',*,*,#6536,.T.);
#9265=ORIENTED_EDGE('',*,*,#6551,.T.);
#9266=ORIENTED_EDGE('',*,*,#6553,.F.);
#9267=ORIENTED_EDGE('',*,*,#6547,.F.);
#9268=ORIENTED_EDGE('',*,*,#6555,.F.);
#9269=ORIENTED_EDGE('',*,*,#6532,.F.);
#9270=ORIENTED_EDGE('',*,*,#6556,.F.);
#9271=ORIENTED_EDGE('',*,*,#6519,.T.);
#9272=ORIENTED_EDGE('',*,*,#6534,.T.);
#9273=ORIENTED_EDGE('',*,*,#6516,.T.);
#9274=ORIENTED_EDGE('',*,*,#6544,.T.);
#9275=ORIENTED_EDGE('',*,*,#6529,.F.);
#9276=ORIENTED_EDGE('',*,*,#6557,.F.);
#9277=ORIENTED_EDGE('',*,*,#6549,.T.);
#9278=ORIENTED_EDGE('',*,*,#6528,.F.);
#9279=ORIENTED_EDGE('',*,*,#6558,.T.);
#9280=ORIENTED_EDGE('',*,*,#6554,.F.);
#9281=ORIENTED_EDGE('',*,*,#6557,.T.);
#9282=ORIENTED_EDGE('',*,*,#6540,.T.);
#9283=ORIENTED_EDGE('',*,*,#6543,.F.);
#9284=ORIENTED_EDGE('',*,*,#6558,.F.);
#9285=ORIENTED_EDGE('',*,*,#6527,.T.);
#9286=ORIENTED_EDGE('',*,*,#6555,.T.);
#9287=ORIENTED_EDGE('',*,*,#6518,.F.);
#9288=ORIENTED_EDGE('',*,*,#6559,.F.);
#9289=ORIENTED_EDGE('',*,*,#6560,.F.);
#9290=ORIENTED_EDGE('',*,*,#6561,.F.);
#9291=ORIENTED_EDGE('',*,*,#6562,.F.);
#9292=ORIENTED_EDGE('',*,*,#6563,.T.);
#9293=ORIENTED_EDGE('',*,*,#6564,.T.);
#9294=ORIENTED_EDGE('',*,*,#6565,.T.);
#9295=ORIENTED_EDGE('',*,*,#6566,.T.);
#9296=ORIENTED_EDGE('',*,*,#6567,.T.);
#9297=ORIENTED_EDGE('',*,*,#6568,.T.);
#9298=ORIENTED_EDGE('',*,*,#6569,.T.);
#9299=ORIENTED_EDGE('',*,*,#6564,.F.);
#9300=ORIENTED_EDGE('',*,*,#6570,.F.);
#9301=ORIENTED_EDGE('',*,*,#6571,.F.);
#9302=ORIENTED_EDGE('',*,*,#6515,.F.);
#9303=ORIENTED_EDGE('',*,*,#6560,.T.);
#9304=ORIENTED_EDGE('',*,*,#6563,.F.);
#9305=ORIENTED_EDGE('',*,*,#6562,.T.);
#9306=ORIENTED_EDGE('',*,*,#6490,.F.);
#9307=ORIENTED_EDGE('',*,*,#6572,.T.);
#9308=ORIENTED_EDGE('',*,*,#6570,.T.);
#9309=ORIENTED_EDGE('',*,*,#6573,.T.);
#9310=ORIENTED_EDGE('',*,*,#6574,.F.);
#9311=ORIENTED_EDGE('',*,*,#6568,.F.);
#9312=ORIENTED_EDGE('',*,*,#6575,.T.);
#9313=ORIENTED_EDGE('',*,*,#6565,.F.);
#9314=ORIENTED_EDGE('',*,*,#6569,.F.);
#9315=ORIENTED_EDGE('',*,*,#6574,.T.);
#9316=ORIENTED_EDGE('',*,*,#6559,.T.);
#9317=ORIENTED_EDGE('',*,*,#6566,.F.);
#9318=ORIENTED_EDGE('',*,*,#6575,.F.);
#9319=ORIENTED_EDGE('',*,*,#6573,.F.);
#9320=ORIENTED_EDGE('',*,*,#6567,.F.);
#9321=ORIENTED_EDGE('',*,*,#6572,.F.);
#9322=ORIENTED_EDGE('',*,*,#6506,.F.);
#9323=ORIENTED_EDGE('',*,*,#6571,.T.);
#9324=ORIENTED_EDGE('',*,*,#6576,.F.);
#9325=ORIENTED_EDGE('',*,*,#6577,.F.);
#9326=ORIENTED_EDGE('',*,*,#6497,.F.);
#9327=ORIENTED_EDGE('',*,*,#6510,.F.);
#9328=ORIENTED_EDGE('',*,*,#6488,.F.);
#9329=ORIENTED_EDGE('',*,*,#6578,.F.);
#9330=ORIENTED_EDGE('',*,*,#6579,.F.);
#9331=ORIENTED_EDGE('',*,*,#6507,.F.);
#9332=ORIENTED_EDGE('',*,*,#6579,.T.);
#9333=ORIENTED_EDGE('',*,*,#6580,.F.);
#9334=ORIENTED_EDGE('',*,*,#6581,.F.);
#9335=ORIENTED_EDGE('',*,*,#6508,.F.);
#9336=ORIENTED_EDGE('',*,*,#6581,.T.);
#9337=ORIENTED_EDGE('',*,*,#6582,.F.);
#9338=ORIENTED_EDGE('',*,*,#6576,.T.);
#9339=ORIENTED_EDGE('',*,*,#6509,.F.);
#9340=ORIENTED_EDGE('',*,*,#6492,.F.);
#9341=ORIENTED_EDGE('',*,*,#6498,.T.);
#9342=ORIENTED_EDGE('',*,*,#6577,.T.);
#9343=ORIENTED_EDGE('',*,*,#6582,.T.);
#9344=ORIENTED_EDGE('',*,*,#6580,.T.);
#9345=ORIENTED_EDGE('',*,*,#6578,.T.);
#9346=ORIENTED_EDGE('',*,*,#6487,.F.);
#9347=ORIENTED_EDGE('',*,*,#6491,.T.);
#9348=ORIENTED_EDGE('',*,*,#6561,.T.);
#9349=ORIENTED_EDGE('',*,*,#6514,.T.);
#9350=ORIENTED_EDGE('',*,*,#6511,.F.);
#9351=ORIENTED_EDGE('',*,*,#6522,.T.);
#9352=ORIENTED_EDGE('',*,*,#6556,.T.);
#9353=ORIENTED_EDGE('',*,*,#6533,.T.);
#9354=ORIENTED_EDGE('',*,*,#6524,.F.);
#9355=ORIENTED_EDGE('',*,*,#6526,.T.);
#9356=ORIENTED_EDGE('',*,*,#6583,.T.);
#9357=ORIENTED_EDGE('',*,*,#6584,.T.);
#9358=ORIENTED_EDGE('',*,*,#6585,.T.);
#9359=ORIENTED_EDGE('',*,*,#6586,.T.);
#9360=ORIENTED_EDGE('',*,*,#6584,.F.);
#9361=ORIENTED_EDGE('',*,*,#6587,.F.);
#9362=ORIENTED_EDGE('',*,*,#6588,.F.);
#9363=ORIENTED_EDGE('',*,*,#6589,.F.);
#9364=ORIENTED_EDGE('',*,*,#6590,.T.);
#9365=ORIENTED_EDGE('',*,*,#6591,.T.);
#9366=ORIENTED_EDGE('',*,*,#6592,.T.);
#9367=ORIENTED_EDGE('',*,*,#6588,.T.);
#9368=ORIENTED_EDGE('',*,*,#6591,.F.);
#9369=ORIENTED_EDGE('',*,*,#6593,.F.);
#9370=ORIENTED_EDGE('',*,*,#6594,.T.);
#9371=ORIENTED_EDGE('',*,*,#6595,.F.);
#9372=ORIENTED_EDGE('',*,*,#6596,.T.);
#9373=ORIENTED_EDGE('',*,*,#6597,.T.);
#9374=ORIENTED_EDGE('',*,*,#6598,.T.);
#9375=ORIENTED_EDGE('',*,*,#6599,.T.);
#9376=ORIENTED_EDGE('',*,*,#6597,.F.);
#9377=ORIENTED_EDGE('',*,*,#6600,.F.);
#9378=ORIENTED_EDGE('',*,*,#6601,.T.);
#9379=ORIENTED_EDGE('',*,*,#6602,.F.);
#9380=ORIENTED_EDGE('',*,*,#6603,.T.);
#9381=ORIENTED_EDGE('',*,*,#6604,.T.);
#9382=ORIENTED_EDGE('',*,*,#6605,.T.);
#9383=ORIENTED_EDGE('',*,*,#6606,.T.);
#9384=ORIENTED_EDGE('',*,*,#6604,.F.);
#9385=ORIENTED_EDGE('',*,*,#6607,.F.);
#9386=ORIENTED_EDGE('',*,*,#6608,.F.);
#9387=ORIENTED_EDGE('',*,*,#6609,.F.);
#9388=ORIENTED_EDGE('',*,*,#6610,.T.);
#9389=ORIENTED_EDGE('',*,*,#6608,.T.);
#9390=ORIENTED_EDGE('',*,*,#6611,.T.);
#9391=ORIENTED_EDGE('',*,*,#6612,.T.);
#9392=ORIENTED_EDGE('',*,*,#6612,.F.);
#9393=ORIENTED_EDGE('',*,*,#6613,.F.);
#9394=ORIENTED_EDGE('',*,*,#6614,.T.);
#9395=ORIENTED_EDGE('',*,*,#6615,.F.);
#9396=ORIENTED_EDGE('',*,*,#6611,.F.);
#9397=ORIENTED_EDGE('',*,*,#6607,.T.);
#9398=ORIENTED_EDGE('',*,*,#6603,.F.);
#9399=ORIENTED_EDGE('',*,*,#6616,.T.);
#9400=ORIENTED_EDGE('',*,*,#6617,.T.);
#9401=ORIENTED_EDGE('',*,*,#6618,.T.);
#9402=ORIENTED_EDGE('',*,*,#6619,.T.);
#9403=ORIENTED_EDGE('',*,*,#6600,.T.);
#9404=ORIENTED_EDGE('',*,*,#6596,.F.);
#9405=ORIENTED_EDGE('',*,*,#6620,.T.);
#9406=ORIENTED_EDGE('',*,*,#6621,.T.);
#9407=ORIENTED_EDGE('',*,*,#6622,.T.);
#9408=ORIENTED_EDGE('',*,*,#6593,.T.);
#9409=ORIENTED_EDGE('',*,*,#6590,.F.);
#9410=ORIENTED_EDGE('',*,*,#6587,.T.);
#9411=ORIENTED_EDGE('',*,*,#6583,.F.);
#9412=ORIENTED_EDGE('',*,*,#6623,.T.);
#9413=ORIENTED_EDGE('',*,*,#6624,.T.);
#9414=ORIENTED_EDGE('',*,*,#6625,.T.);
#9415=ORIENTED_EDGE('',*,*,#6626,.T.);
#9416=ORIENTED_EDGE('',*,*,#6627,.T.);
#9417=ORIENTED_EDGE('',*,*,#6613,.T.);
#9418=ORIENTED_EDGE('',*,*,#6628,.F.);
#9419=ORIENTED_EDGE('',*,*,#6629,.F.);
#9420=ORIENTED_EDGE('',*,*,#6601,.F.);
#9421=ORIENTED_EDGE('',*,*,#6619,.F.);
#9422=ORIENTED_EDGE('',*,*,#6599,.F.);
#9423=ORIENTED_EDGE('',*,*,#6630,.F.);
#9424=ORIENTED_EDGE('',*,*,#6631,.F.);
#9425=ORIENTED_EDGE('',*,*,#6620,.F.);
#9426=ORIENTED_EDGE('',*,*,#6631,.T.);
#9427=ORIENTED_EDGE('',*,*,#6632,.F.);
#9428=ORIENTED_EDGE('',*,*,#6633,.F.);
#9429=ORIENTED_EDGE('',*,*,#6621,.F.);
#9430=ORIENTED_EDGE('',*,*,#6633,.T.);
#9431=ORIENTED_EDGE('',*,*,#6634,.F.);
#9432=ORIENTED_EDGE('',*,*,#6594,.F.);
#9433=ORIENTED_EDGE('',*,*,#6622,.F.);
#9434=ORIENTED_EDGE('',*,*,#6586,.F.);
#9435=ORIENTED_EDGE('',*,*,#6635,.F.);
#9436=ORIENTED_EDGE('',*,*,#6636,.F.);
#9437=ORIENTED_EDGE('',*,*,#6623,.F.);
#9438=ORIENTED_EDGE('',*,*,#6636,.T.);
#9439=ORIENTED_EDGE('',*,*,#6637,.F.);
#9440=ORIENTED_EDGE('',*,*,#6638,.F.);
#9441=ORIENTED_EDGE('',*,*,#6624,.F.);
#9442=ORIENTED_EDGE('',*,*,#6638,.T.);
#9443=ORIENTED_EDGE('',*,*,#6639,.F.);
#9444=ORIENTED_EDGE('',*,*,#6640,.F.);
#9445=ORIENTED_EDGE('',*,*,#6625,.F.);
#9446=ORIENTED_EDGE('',*,*,#6640,.T.);
#9447=ORIENTED_EDGE('',*,*,#6641,.F.);
#9448=ORIENTED_EDGE('',*,*,#6642,.F.);
#9449=ORIENTED_EDGE('',*,*,#6626,.F.);
#9450=ORIENTED_EDGE('',*,*,#6642,.T.);
#9451=ORIENTED_EDGE('',*,*,#6643,.F.);
#9452=ORIENTED_EDGE('',*,*,#6614,.F.);
#9453=ORIENTED_EDGE('',*,*,#6627,.F.);
#9454=ORIENTED_EDGE('',*,*,#6606,.F.);
#9455=ORIENTED_EDGE('',*,*,#6644,.F.);
#9456=ORIENTED_EDGE('',*,*,#6645,.F.);
#9457=ORIENTED_EDGE('',*,*,#6616,.F.);
#9458=ORIENTED_EDGE('',*,*,#6645,.T.);
#9459=ORIENTED_EDGE('',*,*,#6646,.F.);
#9460=ORIENTED_EDGE('',*,*,#6647,.F.);
#9461=ORIENTED_EDGE('',*,*,#6617,.F.);
#9462=ORIENTED_EDGE('',*,*,#6647,.T.);
#9463=ORIENTED_EDGE('',*,*,#6648,.F.);
#9464=ORIENTED_EDGE('',*,*,#6628,.T.);
#9465=ORIENTED_EDGE('',*,*,#6618,.F.);
#9466=ORIENTED_EDGE('',*,*,#6610,.F.);
#9467=ORIENTED_EDGE('',*,*,#6615,.T.);
#9468=ORIENTED_EDGE('',*,*,#6643,.T.);
#9469=ORIENTED_EDGE('',*,*,#6641,.T.);
#9470=ORIENTED_EDGE('',*,*,#6639,.T.);
#9471=ORIENTED_EDGE('',*,*,#6637,.T.);
#9472=ORIENTED_EDGE('',*,*,#6635,.T.);
#9473=ORIENTED_EDGE('',*,*,#6585,.F.);
#9474=ORIENTED_EDGE('',*,*,#6589,.T.);
#9475=ORIENTED_EDGE('',*,*,#6592,.F.);
#9476=ORIENTED_EDGE('',*,*,#6595,.T.);
#9477=ORIENTED_EDGE('',*,*,#6634,.T.);
#9478=ORIENTED_EDGE('',*,*,#6632,.T.);
#9479=ORIENTED_EDGE('',*,*,#6630,.T.);
#9480=ORIENTED_EDGE('',*,*,#6598,.F.);
#9481=ORIENTED_EDGE('',*,*,#6602,.T.);
#9482=ORIENTED_EDGE('',*,*,#6629,.T.);
#9483=ORIENTED_EDGE('',*,*,#6648,.T.);
#9484=ORIENTED_EDGE('',*,*,#6646,.T.);
#9485=ORIENTED_EDGE('',*,*,#6644,.T.);
#9486=ORIENTED_EDGE('',*,*,#6605,.F.);
#9487=ORIENTED_EDGE('',*,*,#6609,.T.);
#9488=ORIENTED_EDGE('',*,*,#6649,.F.);
#9489=ORIENTED_EDGE('',*,*,#6650,.F.);
#9490=ORIENTED_EDGE('',*,*,#6651,.F.);
#9491=ORIENTED_EDGE('',*,*,#6652,.T.);
#9492=ORIENTED_EDGE('',*,*,#6653,.F.);
#9493=ORIENTED_EDGE('',*,*,#6652,.F.);
#9494=ORIENTED_EDGE('',*,*,#6654,.F.);
#9495=ORIENTED_EDGE('',*,*,#6655,.F.);
#9496=ORIENTED_EDGE('',*,*,#6656,.F.);
#9497=ORIENTED_EDGE('',*,*,#6657,.F.);
#9498=ORIENTED_EDGE('',*,*,#6658,.F.);
#9499=ORIENTED_EDGE('',*,*,#6659,.T.);
#9500=ORIENTED_EDGE('',*,*,#6660,.F.);
#9501=ORIENTED_EDGE('',*,*,#6661,.F.);
#9502=ORIENTED_EDGE('',*,*,#6662,.F.);
#9503=ORIENTED_EDGE('',*,*,#6657,.T.);
#9504=ORIENTED_EDGE('',*,*,#6661,.T.);
#9505=ORIENTED_EDGE('',*,*,#6663,.F.);
#9506=ORIENTED_EDGE('',*,*,#6664,.T.);
#9507=ORIENTED_EDGE('',*,*,#6665,.T.);
#9508=ORIENTED_EDGE('',*,*,#6666,.T.);
#9509=ORIENTED_EDGE('',*,*,#6667,.F.);
#9510=ORIENTED_EDGE('',*,*,#6668,.T.);
#9511=ORIENTED_EDGE('',*,*,#6669,.T.);
#9512=ORIENTED_EDGE('',*,*,#6655,.T.);
#9513=ORIENTED_EDGE('',*,*,#6670,.T.);
#9514=ORIENTED_EDGE('',*,*,#6671,.T.);
#9515=ORIENTED_EDGE('',*,*,#6672,.F.);
#9516=ORIENTED_EDGE('',*,*,#6673,.F.);
#9517=ORIENTED_EDGE('',*,*,#6674,.T.);
#9518=ORIENTED_EDGE('',*,*,#6675,.T.);
#9519=ORIENTED_EDGE('',*,*,#6676,.F.);
#9520=ORIENTED_EDGE('',*,*,#6654,.T.);
#9521=ORIENTED_EDGE('',*,*,#6651,.T.);
#9522=ORIENTED_EDGE('',*,*,#6677,.T.);
#9523=ORIENTED_EDGE('',*,*,#6678,.T.);
#9524=ORIENTED_EDGE('',*,*,#6679,.T.);
#9525=ORIENTED_EDGE('',*,*,#6658,.T.);
#9526=ORIENTED_EDGE('',*,*,#6662,.T.);
#9527=ORIENTED_EDGE('',*,*,#6665,.F.);
#9528=ORIENTED_EDGE('',*,*,#6680,.F.);
#9529=ORIENTED_EDGE('',*,*,#6681,.T.);
#9530=ORIENTED_EDGE('',*,*,#6682,.T.);
#9531=ORIENTED_EDGE('',*,*,#6683,.T.);
#9532=ORIENTED_EDGE('',*,*,#6684,.T.);
#9533=ORIENTED_EDGE('',*,*,#6685,.T.);
#9534=ORIENTED_EDGE('',*,*,#6686,.T.);
#9535=ORIENTED_EDGE('',*,*,#6687,.T.);
#9536=ORIENTED_EDGE('',*,*,#6688,.T.);
#9537=ORIENTED_EDGE('',*,*,#6689,.F.);
#9538=ORIENTED_EDGE('',*,*,#6690,.T.);
#9539=ORIENTED_EDGE('',*,*,#6691,.F.);
#9540=ORIENTED_EDGE('',*,*,#6692,.T.);
#9541=ORIENTED_EDGE('',*,*,#6693,.T.);
#9542=ORIENTED_EDGE('',*,*,#6694,.T.);
#9543=ORIENTED_EDGE('',*,*,#6670,.F.);
#9544=ORIENTED_EDGE('',*,*,#6668,.F.);
#9545=ORIENTED_EDGE('',*,*,#6695,.F.);
#9546=ORIENTED_EDGE('',*,*,#6659,.F.);
#9547=ORIENTED_EDGE('',*,*,#6679,.F.);
#9548=ORIENTED_EDGE('',*,*,#6696,.F.);
#9549=ORIENTED_EDGE('',*,*,#6697,.F.);
#9550=ORIENTED_EDGE('',*,*,#6698,.F.);
#9551=ORIENTED_EDGE('',*,*,#6699,.F.);
#9552=ORIENTED_EDGE('',*,*,#6700,.F.);
#9553=ORIENTED_EDGE('',*,*,#6669,.F.);
#9554=ORIENTED_EDGE('',*,*,#6700,.T.);
#9555=ORIENTED_EDGE('',*,*,#6701,.T.);
#9556=ORIENTED_EDGE('',*,*,#6702,.T.);
#9557=ORIENTED_EDGE('',*,*,#6703,.T.);
#9558=ORIENTED_EDGE('',*,*,#6704,.F.);
#9559=ORIENTED_EDGE('',*,*,#6696,.T.);
#9560=ORIENTED_EDGE('',*,*,#6678,.F.);
#9561=ORIENTED_EDGE('',*,*,#6705,.T.);
#9562=ORIENTED_EDGE('',*,*,#6706,.F.);
#9563=ORIENTED_EDGE('',*,*,#6697,.T.);
#9564=ORIENTED_EDGE('',*,*,#6704,.T.);
#9565=ORIENTED_EDGE('',*,*,#6707,.T.);
#9566=ORIENTED_EDGE('',*,*,#6708,.F.);
#9567=ORIENTED_EDGE('',*,*,#6698,.T.);
#9568=ORIENTED_EDGE('',*,*,#6706,.T.);
#9569=ORIENTED_EDGE('',*,*,#6709,.T.);
#9570=ORIENTED_EDGE('',*,*,#6701,.F.);
#9571=ORIENTED_EDGE('',*,*,#6699,.T.);
#9572=ORIENTED_EDGE('',*,*,#6708,.T.);
#9573=ORIENTED_EDGE('',*,*,#6702,.F.);
#9574=ORIENTED_EDGE('',*,*,#6709,.F.);
#9575=ORIENTED_EDGE('',*,*,#6707,.F.);
#9576=ORIENTED_EDGE('',*,*,#6705,.F.);
#9577=ORIENTED_EDGE('',*,*,#6703,.F.);
#9578=ORIENTED_EDGE('',*,*,#6677,.F.);
#9579=ORIENTED_EDGE('',*,*,#6650,.T.);
#9580=ORIENTED_EDGE('',*,*,#6710,.F.);
#9581=ORIENTED_EDGE('',*,*,#6666,.F.);
#9582=ORIENTED_EDGE('',*,*,#6711,.F.);
#9583=ORIENTED_EDGE('',*,*,#6712,.F.);
#9584=ORIENTED_EDGE('',*,*,#6713,.F.);
#9585=ORIENTED_EDGE('',*,*,#6714,.T.);
#9586=ORIENTED_EDGE('',*,*,#6715,.F.);
#9587=ORIENTED_EDGE('',*,*,#6716,.F.);
#9588=ORIENTED_EDGE('',*,*,#6717,.F.);
#9589=ORIENTED_EDGE('',*,*,#6712,.T.);
#9590=ORIENTED_EDGE('',*,*,#6718,.T.);
#9591=ORIENTED_EDGE('',*,*,#6719,.F.);
#9592=ORIENTED_EDGE('',*,*,#6720,.T.);
#9593=ORIENTED_EDGE('',*,*,#6716,.T.);
#9594=ORIENTED_EDGE('',*,*,#6721,.F.);
#9595=ORIENTED_EDGE('',*,*,#6714,.F.);
#9596=ORIENTED_EDGE('',*,*,#6722,.T.);
#9597=ORIENTED_EDGE('',*,*,#6719,.T.);
#9598=ORIENTED_EDGE('',*,*,#6711,.T.);
#9599=ORIENTED_EDGE('',*,*,#6723,.F.);
#9600=ORIENTED_EDGE('',*,*,#6724,.T.);
#9601=ORIENTED_EDGE('',*,*,#6725,.F.);
#9602=ORIENTED_EDGE('',*,*,#6726,.F.);
#9603=ORIENTED_EDGE('',*,*,#6724,.F.);
#9604=ORIENTED_EDGE('',*,*,#6727,.F.);
#9605=ORIENTED_EDGE('',*,*,#6728,.T.);
#9606=ORIENTED_EDGE('',*,*,#6729,.F.);
#9607=ORIENTED_EDGE('',*,*,#6728,.F.);
#9608=ORIENTED_EDGE('',*,*,#6730,.F.);
#9609=ORIENTED_EDGE('',*,*,#6731,.F.);
#9610=ORIENTED_EDGE('',*,*,#6718,.F.);
#9611=ORIENTED_EDGE('',*,*,#6732,.F.);
#9612=ORIENTED_EDGE('',*,*,#6733,.F.);
#9613=ORIENTED_EDGE('',*,*,#6734,.F.);
#9614=ORIENTED_EDGE('',*,*,#6735,.F.);
#9615=ORIENTED_EDGE('',*,*,#6736,.F.);
#9616=ORIENTED_EDGE('',*,*,#6737,.F.);
#9617=ORIENTED_EDGE('',*,*,#6738,.T.);
#9618=ORIENTED_EDGE('',*,*,#6739,.F.);
#9619=ORIENTED_EDGE('',*,*,#6738,.F.);
#9620=ORIENTED_EDGE('',*,*,#6740,.F.);
#9621=ORIENTED_EDGE('',*,*,#6733,.T.);
#9622=ORIENTED_EDGE('',*,*,#6736,.T.);
#9623=ORIENTED_EDGE('',*,*,#6741,.T.);
#9624=ORIENTED_EDGE('',*,*,#6742,.F.);
#9625=ORIENTED_EDGE('',*,*,#6743,.T.);
#9626=ORIENTED_EDGE('',*,*,#6725,.T.);
#9627=ORIENTED_EDGE('',*,*,#6726,.T.);
#9628=ORIENTED_EDGE('',*,*,#6729,.T.);
#9629=ORIENTED_EDGE('',*,*,#6744,.F.);
#9630=ORIENTED_EDGE('',*,*,#6745,.F.);
#9631=ORIENTED_EDGE('',*,*,#6746,.F.);
#9632=ORIENTED_EDGE('',*,*,#6747,.T.);
#9633=ORIENTED_EDGE('',*,*,#6748,.F.);
#9634=ORIENTED_EDGE('',*,*,#6749,.T.);
#9635=ORIENTED_EDGE('',*,*,#6750,.F.);
#9636=ORIENTED_EDGE('',*,*,#6751,.T.);
#9637=ORIENTED_EDGE('',*,*,#6752,.F.);
#9638=ORIENTED_EDGE('',*,*,#6753,.F.);
#9639=ORIENTED_EDGE('',*,*,#6741,.F.);
#9640=ORIENTED_EDGE('',*,*,#6735,.T.);
#9641=ORIENTED_EDGE('',*,*,#6739,.T.);
#9642=ORIENTED_EDGE('',*,*,#6732,.T.);
#9643=ORIENTED_EDGE('',*,*,#6715,.T.);
#9644=ORIENTED_EDGE('',*,*,#6731,.T.);
#9645=ORIENTED_EDGE('',*,*,#6754,.T.);
#9646=ORIENTED_EDGE('',*,*,#6755,.T.);
#9647=ORIENTED_EDGE('',*,*,#6744,.T.);
#9648=ORIENTED_EDGE('',*,*,#6756,.F.);
#9649=ORIENTED_EDGE('',*,*,#6757,.F.);
#9650=ORIENTED_EDGE('',*,*,#6758,.F.);
#9651=ORIENTED_EDGE('',*,*,#6759,.T.);
#9652=ORIENTED_EDGE('',*,*,#6760,.F.);
#9653=ORIENTED_EDGE('',*,*,#6761,.F.);
#9654=ORIENTED_EDGE('',*,*,#6762,.F.);
#9655=ORIENTED_EDGE('',*,*,#6757,.T.);
#9656=ORIENTED_EDGE('',*,*,#6763,.T.);
#9657=ORIENTED_EDGE('',*,*,#6764,.F.);
#9658=ORIENTED_EDGE('',*,*,#6765,.T.);
#9659=ORIENTED_EDGE('',*,*,#6761,.T.);
#9660=ORIENTED_EDGE('',*,*,#6766,.F.);
#9661=ORIENTED_EDGE('',*,*,#6759,.F.);
#9662=ORIENTED_EDGE('',*,*,#6767,.T.);
#9663=ORIENTED_EDGE('',*,*,#6764,.T.);
#9664=ORIENTED_EDGE('',*,*,#6768,.T.);
#9665=ORIENTED_EDGE('',*,*,#6769,.T.);
#9666=ORIENTED_EDGE('',*,*,#6770,.F.);
#9667=ORIENTED_EDGE('',*,*,#6771,.F.);
#9668=ORIENTED_EDGE('',*,*,#6772,.T.);
#9669=ORIENTED_EDGE('',*,*,#6771,.T.);
#9670=ORIENTED_EDGE('',*,*,#6773,.F.);
#9671=ORIENTED_EDGE('',*,*,#6765,.F.);
#9672=ORIENTED_EDGE('',*,*,#6774,.T.);
#9673=ORIENTED_EDGE('',*,*,#6758,.T.);
#9674=ORIENTED_EDGE('',*,*,#6775,.F.);
#9675=ORIENTED_EDGE('',*,*,#6769,.F.);
#9676=ORIENTED_EDGE('',*,*,#6775,.T.);
#9677=ORIENTED_EDGE('',*,*,#6762,.T.);
#9678=ORIENTED_EDGE('',*,*,#6773,.T.);
#9679=ORIENTED_EDGE('',*,*,#6770,.T.);
#9680=ORIENTED_EDGE('',*,*,#6774,.F.);
#9681=ORIENTED_EDGE('',*,*,#6768,.F.);
#9682=ORIENTED_EDGE('',*,*,#6772,.F.);
#9683=ORIENTED_EDGE('',*,*,#6767,.F.);
#9684=ORIENTED_EDGE('',*,*,#6756,.T.);
#9685=ORIENTED_EDGE('',*,*,#6776,.F.);
#9686=ORIENTED_EDGE('',*,*,#6777,.T.);
#9687=ORIENTED_EDGE('',*,*,#6778,.F.);
#9688=ORIENTED_EDGE('',*,*,#6779,.F.);
#9689=ORIENTED_EDGE('',*,*,#6777,.F.);
#9690=ORIENTED_EDGE('',*,*,#6780,.F.);
#9691=ORIENTED_EDGE('',*,*,#6781,.T.);
#9692=ORIENTED_EDGE('',*,*,#6782,.F.);
#9693=ORIENTED_EDGE('',*,*,#6781,.F.);
#9694=ORIENTED_EDGE('',*,*,#6783,.F.);
#9695=ORIENTED_EDGE('',*,*,#6784,.F.);
#9696=ORIENTED_EDGE('',*,*,#6763,.F.);
#9697=ORIENTED_EDGE('',*,*,#6785,.F.);
#9698=ORIENTED_EDGE('',*,*,#6786,.F.);
#9699=ORIENTED_EDGE('',*,*,#6787,.F.);
#9700=ORIENTED_EDGE('',*,*,#6788,.F.);
#9701=ORIENTED_EDGE('',*,*,#6789,.F.);
#9702=ORIENTED_EDGE('',*,*,#6790,.F.);
#9703=ORIENTED_EDGE('',*,*,#6791,.T.);
#9704=ORIENTED_EDGE('',*,*,#6792,.F.);
#9705=ORIENTED_EDGE('',*,*,#6791,.F.);
#9706=ORIENTED_EDGE('',*,*,#6793,.F.);
#9707=ORIENTED_EDGE('',*,*,#6786,.T.);
#9708=ORIENTED_EDGE('',*,*,#6789,.T.);
#9709=ORIENTED_EDGE('',*,*,#6794,.T.);
#9710=ORIENTED_EDGE('',*,*,#6795,.F.);
#9711=ORIENTED_EDGE('',*,*,#6796,.F.);
#9712=ORIENTED_EDGE('',*,*,#6778,.T.);
#9713=ORIENTED_EDGE('',*,*,#6779,.T.);
#9714=ORIENTED_EDGE('',*,*,#6782,.T.);
#9715=ORIENTED_EDGE('',*,*,#6797,.F.);
#9716=ORIENTED_EDGE('',*,*,#6798,.T.);
#9717=ORIENTED_EDGE('',*,*,#6799,.T.);
#9718=ORIENTED_EDGE('',*,*,#6800,.F.);
#9719=ORIENTED_EDGE('',*,*,#6794,.F.);
#9720=ORIENTED_EDGE('',*,*,#6788,.T.);
#9721=ORIENTED_EDGE('',*,*,#6792,.T.);
#9722=ORIENTED_EDGE('',*,*,#6785,.T.);
#9723=ORIENTED_EDGE('',*,*,#6760,.T.);
#9724=ORIENTED_EDGE('',*,*,#6784,.T.);
#9725=ORIENTED_EDGE('',*,*,#6801,.F.);
#9726=ORIENTED_EDGE('',*,*,#6802,.T.);
#9727=ORIENTED_EDGE('',*,*,#6797,.T.);
#9728=ORIENTED_EDGE('',*,*,#6803,.F.);
#9729=ORIENTED_EDGE('',*,*,#6804,.F.);
#9730=ORIENTED_EDGE('',*,*,#6691,.T.);
#9731=ORIENTED_EDGE('',*,*,#6805,.T.);
#9732=ORIENTED_EDGE('',*,*,#6806,.T.);
#9733=ORIENTED_EDGE('',*,*,#6807,.T.);
#9734=ORIENTED_EDGE('',*,*,#6805,.F.);
#9735=ORIENTED_EDGE('',*,*,#6690,.F.);
#9736=ORIENTED_EDGE('',*,*,#6808,.F.);
#9737=ORIENTED_EDGE('',*,*,#6809,.F.);
#9738=ORIENTED_EDGE('',*,*,#6689,.T.);
#9739=ORIENTED_EDGE('',*,*,#6810,.T.);
#9740=ORIENTED_EDGE('',*,*,#6811,.T.);
#9741=ORIENTED_EDGE('',*,*,#6808,.T.);
#9742=ORIENTED_EDGE('',*,*,#6810,.F.);
#9743=ORIENTED_EDGE('',*,*,#6688,.F.);
#9744=ORIENTED_EDGE('',*,*,#6812,.F.);
#9745=ORIENTED_EDGE('',*,*,#6813,.F.);
#9746=ORIENTED_EDGE('',*,*,#6814,.F.);
#9747=ORIENTED_EDGE('',*,*,#6815,.F.);
#9748=ORIENTED_EDGE('',*,*,#6816,.F.);
#9749=ORIENTED_EDGE('',*,*,#6817,.F.);
#9750=ORIENTED_EDGE('',*,*,#6818,.F.);
#9751=ORIENTED_EDGE('',*,*,#6653,.T.);
#9752=ORIENTED_EDGE('',*,*,#6676,.T.);
#9753=ORIENTED_EDGE('',*,*,#6819,.T.);
#9754=ORIENTED_EDGE('',*,*,#6820,.T.);
#9755=ORIENTED_EDGE('',*,*,#6806,.F.);
#9756=ORIENTED_EDGE('',*,*,#6809,.T.);
#9757=ORIENTED_EDGE('',*,*,#6811,.F.);
#9758=ORIENTED_EDGE('',*,*,#6818,.T.);
#9759=ORIENTED_EDGE('',*,*,#6821,.T.);
#9760=ORIENTED_EDGE('',*,*,#6822,.T.);
#9761=ORIENTED_EDGE('',*,*,#6823,.T.);
#9762=ORIENTED_EDGE('',*,*,#6824,.F.);
#9763=ORIENTED_EDGE('',*,*,#6663,.T.);
#9764=ORIENTED_EDGE('',*,*,#6660,.T.);
#9765=ORIENTED_EDGE('',*,*,#6656,.T.);
#9766=ORIENTED_EDGE('',*,*,#6695,.T.);
#9767=ORIENTED_EDGE('',*,*,#6667,.T.);
#9768=ORIENTED_EDGE('',*,*,#6710,.T.);
#9769=ORIENTED_EDGE('',*,*,#6649,.T.);
#9770=ORIENTED_EDGE('',*,*,#6817,.T.);
#9771=ORIENTED_EDGE('',*,*,#6825,.F.);
#9772=ORIENTED_EDGE('',*,*,#6826,.T.);
#9773=ORIENTED_EDGE('',*,*,#6827,.T.);
#9774=ORIENTED_EDGE('',*,*,#6683,.F.);
#9775=ORIENTED_EDGE('',*,*,#6828,.T.);
#9776=ORIENTED_EDGE('',*,*,#6821,.F.);
#9777=ORIENTED_EDGE('',*,*,#6807,.F.);
#9778=ORIENTED_EDGE('',*,*,#6820,.F.);
#9779=ORIENTED_EDGE('',*,*,#6829,.F.);
#9780=ORIENTED_EDGE('',*,*,#6830,.F.);
#9781=ORIENTED_EDGE('',*,*,#6831,.F.);
#9782=ORIENTED_EDGE('',*,*,#6832,.F.);
#9783=ORIENTED_EDGE('',*,*,#6833,.F.);
#9784=ORIENTED_EDGE('',*,*,#6834,.F.);
#9785=ORIENTED_EDGE('',*,*,#6692,.F.);
#9786=ORIENTED_EDGE('',*,*,#6835,.F.);
#9787=ORIENTED_EDGE('',*,*,#6831,.T.);
#9788=ORIENTED_EDGE('',*,*,#6836,.F.);
#9789=ORIENTED_EDGE('',*,*,#6815,.T.);
#9790=ORIENTED_EDGE('',*,*,#6834,.T.);
#9791=ORIENTED_EDGE('',*,*,#6837,.F.);
#9792=ORIENTED_EDGE('',*,*,#6838,.F.);
#9793=ORIENTED_EDGE('',*,*,#6693,.F.);
#9794=ORIENTED_EDGE('',*,*,#6833,.T.);
#9795=ORIENTED_EDGE('',*,*,#6839,.T.);
#9796=ORIENTED_EDGE('',*,*,#6672,.T.);
#9797=ORIENTED_EDGE('',*,*,#6840,.T.);
#9798=ORIENTED_EDGE('',*,*,#6837,.T.);
#9799=ORIENTED_EDGE('',*,*,#6830,.T.);
#9800=ORIENTED_EDGE('',*,*,#6841,.T.);
#9801=ORIENTED_EDGE('',*,*,#6674,.F.);
#9802=ORIENTED_EDGE('',*,*,#6842,.F.);
#9803=ORIENTED_EDGE('',*,*,#6816,.T.);
#9804=ORIENTED_EDGE('',*,*,#6843,.F.);
#9805=ORIENTED_EDGE('',*,*,#6825,.T.);
#9806=ORIENTED_EDGE('',*,*,#6844,.F.);
#9807=ORIENTED_EDGE('',*,*,#6845,.F.);
#9808=ORIENTED_EDGE('',*,*,#6846,.F.);
#9809=ORIENTED_EDGE('',*,*,#6847,.F.);
#9810=ORIENTED_EDGE('',*,*,#6845,.T.);
#9811=ORIENTED_EDGE('',*,*,#6848,.F.);
#9812=ORIENTED_EDGE('',*,*,#6849,.F.);
#9813=ORIENTED_EDGE('',*,*,#6850,.T.);
#9814=ORIENTED_EDGE('',*,*,#6847,.T.);
#9815=ORIENTED_EDGE('',*,*,#6851,.F.);
#9816=ORIENTED_EDGE('',*,*,#6852,.F.);
#9817=ORIENTED_EDGE('',*,*,#6853,.F.);
#9818=ORIENTED_EDGE('',*,*,#6854,.T.);
#9819=ORIENTED_EDGE('',*,*,#6855,.F.);
#9820=ORIENTED_EDGE('',*,*,#6856,.F.);
#9821=ORIENTED_EDGE('',*,*,#6857,.F.);
#9822=ORIENTED_EDGE('',*,*,#6858,.T.);
#9823=ORIENTED_EDGE('',*,*,#6849,.T.);
#9824=ORIENTED_EDGE('',*,*,#6859,.T.);
#9825=ORIENTED_EDGE('',*,*,#6860,.T.);
#9826=ORIENTED_EDGE('',*,*,#6846,.T.);
#9827=ORIENTED_EDGE('',*,*,#6850,.F.);
#9828=ORIENTED_EDGE('',*,*,#6858,.F.);
#9829=ORIENTED_EDGE('',*,*,#6861,.T.);
#9830=ORIENTED_EDGE('',*,*,#6862,.T.);
#9831=ORIENTED_EDGE('',*,*,#6851,.T.);
#9832=ORIENTED_EDGE('',*,*,#6863,.T.);
#9833=ORIENTED_EDGE('',*,*,#6864,.T.);
#9834=ORIENTED_EDGE('',*,*,#6750,.T.);
#9835=ORIENTED_EDGE('',*,*,#6865,.T.);
#9836=ORIENTED_EDGE('',*,*,#6864,.F.);
#9837=ORIENTED_EDGE('',*,*,#6866,.F.);
#9838=ORIENTED_EDGE('',*,*,#6867,.F.);
#9839=ORIENTED_EDGE('',*,*,#6868,.F.);
#9840=ORIENTED_EDGE('',*,*,#6869,.F.);
#9841=ORIENTED_EDGE('',*,*,#6870,.F.);
#9842=ORIENTED_EDGE('',*,*,#6871,.F.);
#9843=ORIENTED_EDGE('',*,*,#6751,.F.);
#9844=ORIENTED_EDGE('',*,*,#6863,.F.);
#9845=ORIENTED_EDGE('',*,*,#6872,.F.);
#9846=ORIENTED_EDGE('',*,*,#6873,.F.);
#9847=ORIENTED_EDGE('',*,*,#6874,.T.);
#9848=ORIENTED_EDGE('',*,*,#6875,.T.);
#9849=ORIENTED_EDGE('',*,*,#6866,.T.);
#9850=ORIENTED_EDGE('',*,*,#6873,.T.);
#9851=ORIENTED_EDGE('',*,*,#6876,.T.);
#9852=ORIENTED_EDGE('',*,*,#6748,.T.);
#9853=ORIENTED_EDGE('',*,*,#6877,.T.);
#9854=ORIENTED_EDGE('',*,*,#6877,.F.);
#9855=ORIENTED_EDGE('',*,*,#6747,.F.);
#9856=ORIENTED_EDGE('',*,*,#6878,.F.);
#9857=ORIENTED_EDGE('',*,*,#6879,.F.);
#9858=ORIENTED_EDGE('',*,*,#6880,.F.);
#9859=ORIENTED_EDGE('',*,*,#6881,.F.);
#9860=ORIENTED_EDGE('',*,*,#6882,.F.);
#9861=ORIENTED_EDGE('',*,*,#6874,.F.);
#9862=ORIENTED_EDGE('',*,*,#6882,.T.);
#9863=ORIENTED_EDGE('',*,*,#6883,.F.);
#9864=ORIENTED_EDGE('',*,*,#6867,.T.);
#9865=ORIENTED_EDGE('',*,*,#6875,.F.);
#9866=ORIENTED_EDGE('',*,*,#6881,.T.);
#9867=ORIENTED_EDGE('',*,*,#6884,.T.);
#9868=ORIENTED_EDGE('',*,*,#6885,.T.);
#9869=ORIENTED_EDGE('',*,*,#6886,.T.);
#9870=ORIENTED_EDGE('',*,*,#6887,.F.);
#9871=ORIENTED_EDGE('',*,*,#6888,.F.);
#9872=ORIENTED_EDGE('',*,*,#6889,.F.);
#9873=ORIENTED_EDGE('',*,*,#6890,.F.);
#9874=ORIENTED_EDGE('',*,*,#6891,.F.);
#9875=ORIENTED_EDGE('',*,*,#6892,.F.);
#9876=ORIENTED_EDGE('',*,*,#6893,.F.);
#9877=ORIENTED_EDGE('',*,*,#6894,.F.);
#9878=ORIENTED_EDGE('',*,*,#6895,.F.);
#9879=ORIENTED_EDGE('',*,*,#6896,.F.);
#9880=ORIENTED_EDGE('',*,*,#6897,.F.);
#9881=ORIENTED_EDGE('',*,*,#6898,.F.);
#9882=ORIENTED_EDGE('',*,*,#6899,.F.);
#9883=ORIENTED_EDGE('',*,*,#6900,.F.);
#9884=ORIENTED_EDGE('',*,*,#6901,.F.);
#9885=ORIENTED_EDGE('',*,*,#6902,.F.);
#9886=ORIENTED_EDGE('',*,*,#6903,.F.);
#9887=ORIENTED_EDGE('',*,*,#6904,.T.);
#9888=ORIENTED_EDGE('',*,*,#6853,.T.);
#9889=ORIENTED_EDGE('',*,*,#6905,.T.);
#9890=ORIENTED_EDGE('',*,*,#6906,.T.);
#9891=ORIENTED_EDGE('',*,*,#6907,.F.);
#9892=ORIENTED_EDGE('',*,*,#6908,.T.);
#9893=ORIENTED_EDGE('',*,*,#6909,.F.);
#9894=ORIENTED_EDGE('',*,*,#6910,.T.);
#9895=ORIENTED_EDGE('',*,*,#6911,.F.);
#9896=ORIENTED_EDGE('',*,*,#6868,.T.);
#9897=ORIENTED_EDGE('',*,*,#6883,.T.);
#9898=ORIENTED_EDGE('',*,*,#6912,.T.);
#9899=ORIENTED_EDGE('',*,*,#6913,.T.);
#9900=ORIENTED_EDGE('',*,*,#6914,.F.);
#9901=ORIENTED_EDGE('',*,*,#6915,.F.);
#9902=ORIENTED_EDGE('',*,*,#6916,.T.);
#9903=ORIENTED_EDGE('',*,*,#6917,.T.);
#9904=ORIENTED_EDGE('',*,*,#6914,.T.);
#9905=ORIENTED_EDGE('',*,*,#6826,.F.);
#9906=ORIENTED_EDGE('',*,*,#6843,.T.);
#9907=ORIENTED_EDGE('',*,*,#6836,.T.);
#9908=ORIENTED_EDGE('',*,*,#6842,.T.);
#9909=ORIENTED_EDGE('',*,*,#6918,.F.);
#9910=ORIENTED_EDGE('',*,*,#6919,.F.);
#9911=ORIENTED_EDGE('',*,*,#6920,.T.);
#9912=ORIENTED_EDGE('',*,*,#6827,.F.);
#9913=ORIENTED_EDGE('',*,*,#6920,.F.);
#9914=ORIENTED_EDGE('',*,*,#6921,.F.);
#9915=ORIENTED_EDGE('',*,*,#6922,.T.);
#9916=ORIENTED_EDGE('',*,*,#6923,.F.);
#9917=ORIENTED_EDGE('',*,*,#6684,.F.);
#9918=ORIENTED_EDGE('',*,*,#6673,.T.);
#9919=ORIENTED_EDGE('',*,*,#6924,.F.);
#9920=ORIENTED_EDGE('',*,*,#6925,.F.);
#9921=ORIENTED_EDGE('',*,*,#6918,.T.);
#9922=ORIENTED_EDGE('',*,*,#6814,.T.);
#9923=ORIENTED_EDGE('',*,*,#6926,.F.);
#9924=ORIENTED_EDGE('',*,*,#6922,.F.);
#9925=ORIENTED_EDGE('',*,*,#6927,.F.);
#9926=ORIENTED_EDGE('',*,*,#6924,.T.);
#9927=ORIENTED_EDGE('',*,*,#6839,.F.);
#9928=ORIENTED_EDGE('',*,*,#6832,.T.);
#9929=ORIENTED_EDGE('',*,*,#6835,.T.);
#9930=ORIENTED_EDGE('',*,*,#6921,.T.);
#9931=ORIENTED_EDGE('',*,*,#6928,.F.);
#9932=ORIENTED_EDGE('',*,*,#6929,.F.);
#9933=ORIENTED_EDGE('',*,*,#6930,.T.);
#9934=ORIENTED_EDGE('',*,*,#6694,.F.);
#9935=ORIENTED_EDGE('',*,*,#6838,.T.);
#9936=ORIENTED_EDGE('',*,*,#6840,.F.);
#9937=ORIENTED_EDGE('',*,*,#6671,.F.);
#9938=ORIENTED_EDGE('',*,*,#6685,.F.);
#9939=ORIENTED_EDGE('',*,*,#6923,.T.);
#9940=ORIENTED_EDGE('',*,*,#6931,.F.);
#9941=ORIENTED_EDGE('',*,*,#6932,.F.);
#9942=ORIENTED_EDGE('',*,*,#6686,.F.);
#9943=ORIENTED_EDGE('',*,*,#6932,.T.);
#9944=ORIENTED_EDGE('',*,*,#6933,.F.);
#9945=ORIENTED_EDGE('',*,*,#6934,.F.);
#9946=ORIENTED_EDGE('',*,*,#6812,.T.);
#9947=ORIENTED_EDGE('',*,*,#6687,.F.);
#9948=ORIENTED_EDGE('',*,*,#6934,.T.);
#9949=ORIENTED_EDGE('',*,*,#6935,.F.);
#9950=ORIENTED_EDGE('',*,*,#6813,.T.);
#9951=ORIENTED_EDGE('',*,*,#6935,.T.);
#9952=ORIENTED_EDGE('',*,*,#6933,.T.);
#9953=ORIENTED_EDGE('',*,*,#6931,.T.);
#9954=ORIENTED_EDGE('',*,*,#6926,.T.);
#9955=ORIENTED_EDGE('',*,*,#6745,.T.);
#9956=ORIENTED_EDGE('',*,*,#6936,.F.);
#9957=ORIENTED_EDGE('',*,*,#6937,.F.);
#9958=ORIENTED_EDGE('',*,*,#6938,.F.);
#9959=ORIENTED_EDGE('',*,*,#6939,.T.);
#9960=ORIENTED_EDGE('',*,*,#6940,.F.);
#9961=ORIENTED_EDGE('',*,*,#6941,.T.);
#9962=ORIENTED_EDGE('',*,*,#6752,.T.);
#9963=ORIENTED_EDGE('',*,*,#6942,.T.);
#9964=ORIENTED_EDGE('',*,*,#6746,.T.);
#9965=ORIENTED_EDGE('',*,*,#6723,.T.);
#9966=ORIENTED_EDGE('',*,*,#6721,.T.);
#9967=ORIENTED_EDGE('',*,*,#6734,.T.);
#9968=ORIENTED_EDGE('',*,*,#6740,.T.);
#9969=ORIENTED_EDGE('',*,*,#6737,.T.);
#9970=ORIENTED_EDGE('',*,*,#6743,.F.);
#9971=ORIENTED_EDGE('',*,*,#6943,.T.);
#9972=ORIENTED_EDGE('',*,*,#6940,.T.);
#9973=ORIENTED_EDGE('',*,*,#6944,.T.);
#9974=ORIENTED_EDGE('',*,*,#6754,.F.);
#9975=ORIENTED_EDGE('',*,*,#6730,.T.);
#9976=ORIENTED_EDGE('',*,*,#6727,.T.);
#9977=ORIENTED_EDGE('',*,*,#6755,.F.);
#9978=ORIENTED_EDGE('',*,*,#6945,.T.);
#9979=ORIENTED_EDGE('',*,*,#6946,.F.);
#9980=ORIENTED_EDGE('',*,*,#6936,.T.);
#9981=ORIENTED_EDGE('',*,*,#6939,.F.);
#9982=ORIENTED_EDGE('',*,*,#6938,.T.);
#9983=ORIENTED_EDGE('',*,*,#6947,.F.);
#9984=ORIENTED_EDGE('',*,*,#6948,.F.);
#9985=ORIENTED_EDGE('',*,*,#6753,.T.);
#9986=ORIENTED_EDGE('',*,*,#6941,.F.);
#9987=ORIENTED_EDGE('',*,*,#6943,.F.);
#9988=ORIENTED_EDGE('',*,*,#6742,.T.);
#9989=ORIENTED_EDGE('',*,*,#6944,.F.);
#9990=ORIENTED_EDGE('',*,*,#6948,.T.);
#9991=ORIENTED_EDGE('',*,*,#6949,.F.);
#9992=ORIENTED_EDGE('',*,*,#6945,.F.);
#9993=ORIENTED_EDGE('',*,*,#6950,.F.);
#9994=ORIENTED_EDGE('',*,*,#6947,.T.);
#9995=ORIENTED_EDGE('',*,*,#6951,.F.);
#9996=ORIENTED_EDGE('',*,*,#6884,.F.);
#9997=ORIENTED_EDGE('',*,*,#6880,.T.);
#9998=ORIENTED_EDGE('',*,*,#6952,.F.);
#9999=ORIENTED_EDGE('',*,*,#6951,.T.);
#10000=ORIENTED_EDGE('',*,*,#6953,.F.);
#10001=ORIENTED_EDGE('',*,*,#6954,.F.);
#10002=ORIENTED_EDGE('',*,*,#6912,.F.);
#10003=ORIENTED_EDGE('',*,*,#6917,.F.);
#10004=ORIENTED_EDGE('',*,*,#6885,.F.);
#10005=ORIENTED_EDGE('',*,*,#6937,.T.);
#10006=ORIENTED_EDGE('',*,*,#6955,.T.);
#10007=ORIENTED_EDGE('',*,*,#6927,.T.);
#10008=ORIENTED_EDGE('',*,*,#6930,.F.);
#10009=ORIENTED_EDGE('',*,*,#6956,.F.);
#10010=ORIENTED_EDGE('',*,*,#6953,.T.);
#10011=ORIENTED_EDGE('',*,*,#6804,.T.);
#10012=ORIENTED_EDGE('',*,*,#6946,.T.);
#10013=ORIENTED_EDGE('',*,*,#6957,.F.);
#10014=ORIENTED_EDGE('',*,*,#6925,.T.);
#10015=ORIENTED_EDGE('',*,*,#6955,.F.);
#10016=ORIENTED_EDGE('',*,*,#6949,.T.);
#10017=ORIENTED_EDGE('',*,*,#6958,.T.);
#10018=ORIENTED_EDGE('',*,*,#6959,.F.);
#10019=ORIENTED_EDGE('',*,*,#6928,.T.);
#10020=ORIENTED_EDGE('',*,*,#6919,.T.);
#10021=ORIENTED_EDGE('',*,*,#6957,.T.);
#10022=ORIENTED_EDGE('',*,*,#6803,.T.);
#10023=ORIENTED_EDGE('',*,*,#6915,.T.);
#10024=ORIENTED_EDGE('',*,*,#6913,.F.);
#10025=ORIENTED_EDGE('',*,*,#6954,.T.);
#10026=ORIENTED_EDGE('',*,*,#6960,.F.);
#10027=ORIENTED_EDGE('',*,*,#6961,.T.);
#10028=ORIENTED_EDGE('',*,*,#6929,.T.);
#10029=ORIENTED_EDGE('',*,*,#6959,.T.);
#10030=ORIENTED_EDGE('',*,*,#6960,.T.);
#10031=ORIENTED_EDGE('',*,*,#6956,.T.);
#10032=ORIENTED_EDGE('',*,*,#6950,.T.);
#10033=ORIENTED_EDGE('',*,*,#6962,.F.);
#10034=ORIENTED_EDGE('',*,*,#6961,.F.);
#10035=ORIENTED_EDGE('',*,*,#6958,.F.);
#10036=ORIENTED_EDGE('',*,*,#6963,.F.);
#10037=ORIENTED_EDGE('',*,*,#6899,.T.);
#10038=ORIENTED_EDGE('',*,*,#6964,.F.);
#10039=ORIENTED_EDGE('',*,*,#6965,.T.);
#10040=ORIENTED_EDGE('',*,*,#6966,.F.);
#10041=ORIENTED_EDGE('',*,*,#6889,.T.);
#10042=ORIENTED_EDGE('',*,*,#6967,.F.);
#10043=ORIENTED_EDGE('',*,*,#6968,.T.);
#10044=ORIENTED_EDGE('',*,*,#6969,.T.);
#10045=ORIENTED_EDGE('',*,*,#6680,.T.);
#10046=ORIENTED_EDGE('',*,*,#6664,.F.);
#10047=ORIENTED_EDGE('',*,*,#6824,.T.);
#10048=ORIENTED_EDGE('',*,*,#6969,.F.);
#10049=ORIENTED_EDGE('',*,*,#6970,.T.);
#10050=ORIENTED_EDGE('',*,*,#6971,.F.);
#10051=ORIENTED_EDGE('',*,*,#6972,.T.);
#10052=ORIENTED_EDGE('',*,*,#6829,.T.);
#10053=ORIENTED_EDGE('',*,*,#6819,.F.);
#10054=ORIENTED_EDGE('',*,*,#6675,.F.);
#10055=ORIENTED_EDGE('',*,*,#6841,.F.);
#10056=ORIENTED_EDGE('',*,*,#6973,.F.);
#10057=ORIENTED_EDGE('',*,*,#6974,.T.);
#10058=ORIENTED_EDGE('',*,*,#6975,.T.);
#10059=ORIENTED_EDGE('',*,*,#6903,.T.);
#10060=ORIENTED_EDGE('',*,*,#6976,.T.);
#10061=ORIENTED_EDGE('',*,*,#6977,.F.);
#10062=ORIENTED_EDGE('',*,*,#6856,.T.);
#10063=ORIENTED_EDGE('',*,*,#6978,.F.);
#10064=ORIENTED_EDGE('',*,*,#6979,.F.);
#10065=ORIENTED_EDGE('',*,*,#6980,.T.);
#10066=ORIENTED_EDGE('',*,*,#6975,.F.);
#10067=ORIENTED_EDGE('',*,*,#6981,.F.);
#10068=ORIENTED_EDGE('',*,*,#6979,.T.);
#10069=ORIENTED_EDGE('',*,*,#6982,.F.);
#10070=ORIENTED_EDGE('',*,*,#6795,.T.);
#10071=ORIENTED_EDGE('',*,*,#6800,.T.);
#10072=ORIENTED_EDGE('',*,*,#6983,.T.);
#10073=ORIENTED_EDGE('',*,*,#6904,.F.);
#10074=ORIENTED_EDGE('',*,*,#6980,.F.);
#10075=ORIENTED_EDGE('',*,*,#6799,.F.);
#10076=ORIENTED_EDGE('',*,*,#6878,.T.);
#10077=ORIENTED_EDGE('',*,*,#6942,.F.);
#10078=ORIENTED_EDGE('',*,*,#6871,.T.);
#10079=ORIENTED_EDGE('',*,*,#6984,.F.);
#10080=ORIENTED_EDGE('',*,*,#6865,.F.);
#10081=ORIENTED_EDGE('',*,*,#6749,.F.);
#10082=ORIENTED_EDGE('',*,*,#6876,.F.);
#10083=ORIENTED_EDGE('',*,*,#6872,.T.);
#10084=ORIENTED_EDGE('',*,*,#6985,.T.);
#10085=ORIENTED_EDGE('',*,*,#6905,.F.);
#10086=ORIENTED_EDGE('',*,*,#6852,.T.);
#10087=ORIENTED_EDGE('',*,*,#6862,.F.);
#10088=ORIENTED_EDGE('',*,*,#6986,.F.);
#10089=ORIENTED_EDGE('',*,*,#6987,.F.);
#10090=ORIENTED_EDGE('',*,*,#6988,.F.);
#10091=ORIENTED_EDGE('',*,*,#6908,.F.);
#10092=ORIENTED_EDGE('',*,*,#6909,.T.);
#10093=ORIENTED_EDGE('',*,*,#6988,.T.);
#10094=ORIENTED_EDGE('',*,*,#6989,.T.);
#10095=ORIENTED_EDGE('',*,*,#6990,.T.);
#10096=ORIENTED_EDGE('',*,*,#6860,.F.);
#10097=ORIENTED_EDGE('',*,*,#6991,.F.);
#10098=ORIENTED_EDGE('',*,*,#6976,.F.);
#10099=ORIENTED_EDGE('',*,*,#6992,.F.);
#10100=ORIENTED_EDGE('',*,*,#6993,.F.);
#10101=ORIENTED_EDGE('',*,*,#6906,.F.);
#10102=ORIENTED_EDGE('',*,*,#6985,.F.);
#10103=ORIENTED_EDGE('',*,*,#6861,.F.);
#10104=ORIENTED_EDGE('',*,*,#6907,.T.);
#10105=ORIENTED_EDGE('',*,*,#6993,.T.);
#10106=ORIENTED_EDGE('',*,*,#6994,.T.);
#10107=ORIENTED_EDGE('',*,*,#6986,.T.);
#10108=ORIENTED_EDGE('',*,*,#6995,.F.);
#10109=ORIENTED_EDGE('',*,*,#6910,.F.);
#10110=ORIENTED_EDGE('',*,*,#6990,.F.);
#10111=ORIENTED_EDGE('',*,*,#6996,.F.);
#10112=ORIENTED_EDGE('',*,*,#6911,.T.);
#10113=ORIENTED_EDGE('',*,*,#6995,.T.);
#10114=ORIENTED_EDGE('',*,*,#6997,.T.);
#10115=ORIENTED_EDGE('',*,*,#6869,.T.);
#10116=ORIENTED_EDGE('',*,*,#6998,.F.);
#10117=ORIENTED_EDGE('',*,*,#6887,.T.);
#10118=ORIENTED_EDGE('',*,*,#6971,.T.);
#10119=ORIENTED_EDGE('',*,*,#6999,.T.);
#10120=ORIENTED_EDGE('',*,*,#6888,.T.);
#10121=ORIENTED_EDGE('',*,*,#6998,.T.);
#10122=ORIENTED_EDGE('',*,*,#7000,.T.);
#10123=ORIENTED_EDGE('',*,*,#6967,.T.);
#10124=ORIENTED_EDGE('',*,*,#7001,.T.);
#10125=ORIENTED_EDGE('',*,*,#7002,.T.);
#10126=ORIENTED_EDGE('',*,*,#6890,.T.);
#10127=ORIENTED_EDGE('',*,*,#6966,.T.);
#10128=ORIENTED_EDGE('',*,*,#7003,.F.);
#10129=ORIENTED_EDGE('',*,*,#6891,.T.);
#10130=ORIENTED_EDGE('',*,*,#7002,.F.);
#10131=ORIENTED_EDGE('',*,*,#7004,.T.);
#10132=ORIENTED_EDGE('',*,*,#7005,.T.);
#10133=ORIENTED_EDGE('',*,*,#7006,.T.);
#10134=ORIENTED_EDGE('',*,*,#6892,.T.);
#10135=ORIENTED_EDGE('',*,*,#7003,.T.);
#10136=ORIENTED_EDGE('',*,*,#7007,.F.);
#10137=ORIENTED_EDGE('',*,*,#6893,.T.);
#10138=ORIENTED_EDGE('',*,*,#7006,.F.);
#10139=ORIENTED_EDGE('',*,*,#7008,.T.);
#10140=ORIENTED_EDGE('',*,*,#6894,.T.);
#10141=ORIENTED_EDGE('',*,*,#7007,.T.);
#10142=ORIENTED_EDGE('',*,*,#7009,.T.);
#10143=ORIENTED_EDGE('',*,*,#7010,.T.);
#10144=ORIENTED_EDGE('',*,*,#7011,.F.);
#10145=ORIENTED_EDGE('',*,*,#6895,.T.);
#10146=ORIENTED_EDGE('',*,*,#7010,.F.);
#10147=ORIENTED_EDGE('',*,*,#7012,.T.);
#10148=ORIENTED_EDGE('',*,*,#6896,.T.);
#10149=ORIENTED_EDGE('',*,*,#7011,.T.);
#10150=ORIENTED_EDGE('',*,*,#7013,.T.);
#10151=ORIENTED_EDGE('',*,*,#7014,.T.);
#10152=ORIENTED_EDGE('',*,*,#7015,.F.);
#10153=ORIENTED_EDGE('',*,*,#6897,.T.);
#10154=ORIENTED_EDGE('',*,*,#7014,.F.);
#10155=ORIENTED_EDGE('',*,*,#7016,.T.);
#10156=ORIENTED_EDGE('',*,*,#7017,.T.);
#10157=ORIENTED_EDGE('',*,*,#6964,.T.);
#10158=ORIENTED_EDGE('',*,*,#6898,.T.);
#10159=ORIENTED_EDGE('',*,*,#7015,.T.);
#10160=ORIENTED_EDGE('',*,*,#7018,.T.);
#10161=ORIENTED_EDGE('',*,*,#7019,.T.);
#10162=ORIENTED_EDGE('',*,*,#6900,.T.);
#10163=ORIENTED_EDGE('',*,*,#6963,.T.);
#10164=ORIENTED_EDGE('',*,*,#7020,.F.);
#10165=ORIENTED_EDGE('',*,*,#6901,.T.);
#10166=ORIENTED_EDGE('',*,*,#7019,.F.);
#10167=ORIENTED_EDGE('',*,*,#7021,.T.);
#10168=ORIENTED_EDGE('',*,*,#6902,.T.);
#10169=ORIENTED_EDGE('',*,*,#7020,.T.);
#10170=ORIENTED_EDGE('',*,*,#7022,.T.);
#10171=ORIENTED_EDGE('',*,*,#6973,.T.);
#10172=ORIENTED_EDGE('',*,*,#6776,.T.);
#10173=ORIENTED_EDGE('',*,*,#6766,.T.);
#10174=ORIENTED_EDGE('',*,*,#6787,.T.);
#10175=ORIENTED_EDGE('',*,*,#6793,.T.);
#10176=ORIENTED_EDGE('',*,*,#6790,.T.);
#10177=ORIENTED_EDGE('',*,*,#6796,.T.);
#10178=ORIENTED_EDGE('',*,*,#6982,.T.);
#10179=ORIENTED_EDGE('',*,*,#7023,.T.);
#10180=ORIENTED_EDGE('',*,*,#7024,.T.);
#10181=ORIENTED_EDGE('',*,*,#6801,.T.);
#10182=ORIENTED_EDGE('',*,*,#6783,.T.);
#10183=ORIENTED_EDGE('',*,*,#6780,.T.);
#10184=ORIENTED_EDGE('',*,*,#7025,.T.);
#10185=ORIENTED_EDGE('',*,*,#7023,.F.);
#10186=ORIENTED_EDGE('',*,*,#6981,.T.);
#10187=ORIENTED_EDGE('',*,*,#7026,.F.);
#10188=ORIENTED_EDGE('',*,*,#6983,.F.);
#10189=ORIENTED_EDGE('',*,*,#7027,.T.);
#10190=ORIENTED_EDGE('',*,*,#7025,.F.);
#10191=ORIENTED_EDGE('',*,*,#6854,.F.);
#10192=ORIENTED_EDGE('',*,*,#7028,.T.);
#10193=ORIENTED_EDGE('',*,*,#6857,.T.);
#10194=ORIENTED_EDGE('',*,*,#7029,.F.);
#10195=ORIENTED_EDGE('',*,*,#6798,.F.);
#10196=ORIENTED_EDGE('',*,*,#7030,.T.);
#10197=ORIENTED_EDGE('',*,*,#7031,.T.);
#10198=ORIENTED_EDGE('',*,*,#7032,.F.);
#10199=ORIENTED_EDGE('',*,*,#7033,.F.);
#10200=ORIENTED_EDGE('',*,*,#7034,.F.);
#10201=ORIENTED_EDGE('',*,*,#7033,.T.);
#10202=ORIENTED_EDGE('',*,*,#7035,.F.);
#10203=ORIENTED_EDGE('',*,*,#7036,.F.);
#10204=ORIENTED_EDGE('',*,*,#7037,.T.);
#10205=ORIENTED_EDGE('',*,*,#7038,.T.);
#10206=ORIENTED_EDGE('',*,*,#7034,.T.);
#10207=ORIENTED_EDGE('',*,*,#7037,.F.);
#10208=ORIENTED_EDGE('',*,*,#7039,.F.);
#10209=ORIENTED_EDGE('',*,*,#7040,.F.);
#10210=ORIENTED_EDGE('',*,*,#7041,.T.);
#10211=ORIENTED_EDGE('',*,*,#7027,.F.);
#10212=ORIENTED_EDGE('',*,*,#7029,.T.);
#10213=ORIENTED_EDGE('',*,*,#7038,.F.);
#10214=ORIENTED_EDGE('',*,*,#7030,.F.);
#10215=ORIENTED_EDGE('',*,*,#6802,.F.);
#10216=ORIENTED_EDGE('',*,*,#7042,.T.);
#10217=ORIENTED_EDGE('',*,*,#6848,.T.);
#10218=ORIENTED_EDGE('',*,*,#6844,.T.);
#10219=ORIENTED_EDGE('',*,*,#7028,.F.);
#10220=ORIENTED_EDGE('',*,*,#7039,.T.);
#10221=ORIENTED_EDGE('',*,*,#7036,.T.);
#10222=ORIENTED_EDGE('',*,*,#7043,.F.);
#10223=ORIENTED_EDGE('',*,*,#6991,.T.);
#10224=ORIENTED_EDGE('',*,*,#6859,.F.);
#10225=ORIENTED_EDGE('',*,*,#7040,.T.);
#10226=ORIENTED_EDGE('',*,*,#6977,.T.);
#10227=ORIENTED_EDGE('',*,*,#7043,.T.);
#10228=ORIENTED_EDGE('',*,*,#7035,.T.);
#10229=ORIENTED_EDGE('',*,*,#7032,.T.);
#10230=ORIENTED_EDGE('',*,*,#7031,.F.);
#10231=ORIENTED_EDGE('',*,*,#7042,.F.);
#10232=ORIENTED_EDGE('',*,*,#7024,.F.);
#10233=ORIENTED_EDGE('',*,*,#7041,.F.);
#10234=ORIENTED_EDGE('',*,*,#6879,.T.);
#10235=ORIENTED_EDGE('',*,*,#6984,.T.);
#10236=ORIENTED_EDGE('',*,*,#6870,.T.);
#10237=ORIENTED_EDGE('',*,*,#6997,.F.);
#10238=ORIENTED_EDGE('',*,*,#6996,.T.);
#10239=ORIENTED_EDGE('',*,*,#6989,.F.);
#10240=ORIENTED_EDGE('',*,*,#6987,.T.);
#10241=ORIENTED_EDGE('',*,*,#6994,.F.);
#10242=ORIENTED_EDGE('',*,*,#6992,.T.);
#10243=ORIENTED_EDGE('',*,*,#6978,.T.);
#10244=ORIENTED_EDGE('',*,*,#6855,.T.);
#10245=ORIENTED_EDGE('',*,*,#7026,.T.);
#10246=ORIENTED_EDGE('',*,*,#6974,.F.);
#10247=ORIENTED_EDGE('',*,*,#7022,.F.);
#10248=ORIENTED_EDGE('',*,*,#7021,.F.);
#10249=ORIENTED_EDGE('',*,*,#7018,.F.);
#10250=ORIENTED_EDGE('',*,*,#6965,.F.);
#10251=ORIENTED_EDGE('',*,*,#7017,.F.);
#10252=ORIENTED_EDGE('',*,*,#7016,.F.);
#10253=ORIENTED_EDGE('',*,*,#7013,.F.);
#10254=ORIENTED_EDGE('',*,*,#7012,.F.);
#10255=ORIENTED_EDGE('',*,*,#7009,.F.);
#10256=ORIENTED_EDGE('',*,*,#7008,.F.);
#10257=ORIENTED_EDGE('',*,*,#7005,.F.);
#10258=ORIENTED_EDGE('',*,*,#7004,.F.);
#10259=ORIENTED_EDGE('',*,*,#7001,.F.);
#10260=ORIENTED_EDGE('',*,*,#6968,.F.);
#10261=ORIENTED_EDGE('',*,*,#7000,.F.);
#10262=ORIENTED_EDGE('',*,*,#6999,.F.);
#10263=ORIENTED_EDGE('',*,*,#7044,.T.);
#10264=ORIENTED_EDGE('',*,*,#6962,.T.);
#10265=ORIENTED_EDGE('',*,*,#6952,.T.);
#10266=ORIENTED_EDGE('',*,*,#7045,.T.);
#10267=ORIENTED_EDGE('',*,*,#6681,.F.);
#10268=ORIENTED_EDGE('',*,*,#6972,.F.);
#10269=ORIENTED_EDGE('',*,*,#6886,.F.);
#10270=ORIENTED_EDGE('',*,*,#7046,.T.);
#10271=ORIENTED_EDGE('',*,*,#7044,.F.);
#10272=ORIENTED_EDGE('',*,*,#6970,.F.);
#10273=ORIENTED_EDGE('',*,*,#6823,.F.);
#10274=ORIENTED_EDGE('',*,*,#7046,.F.);
#10275=ORIENTED_EDGE('',*,*,#7047,.T.);
#10276=ORIENTED_EDGE('',*,*,#7045,.F.);
#10277=ORIENTED_EDGE('',*,*,#6916,.F.);
#10278=ORIENTED_EDGE('',*,*,#6828,.F.);
#10279=ORIENTED_EDGE('',*,*,#6682,.F.);
#10280=ORIENTED_EDGE('',*,*,#7047,.F.);
#10281=ORIENTED_EDGE('',*,*,#6822,.F.);
#10282=ORIENTED_EDGE('',*,*,#7048,.T.);
#10283=ORIENTED_EDGE('',*,*,#7049,.T.);
#10284=ORIENTED_EDGE('',*,*,#7050,.F.);
#10285=ORIENTED_EDGE('',*,*,#7051,.F.);
#10286=ORIENTED_EDGE('',*,*,#7052,.T.);
#10287=ORIENTED_EDGE('',*,*,#7051,.T.);
#10288=ORIENTED_EDGE('',*,*,#7053,.F.);
#10289=ORIENTED_EDGE('',*,*,#6720,.F.);
#10290=ORIENTED_EDGE('',*,*,#7054,.T.);
#10291=ORIENTED_EDGE('',*,*,#6713,.T.);
#10292=ORIENTED_EDGE('',*,*,#7055,.F.);
#10293=ORIENTED_EDGE('',*,*,#7049,.F.);
#10294=ORIENTED_EDGE('',*,*,#7055,.T.);
#10295=ORIENTED_EDGE('',*,*,#6717,.T.);
#10296=ORIENTED_EDGE('',*,*,#7053,.T.);
#10297=ORIENTED_EDGE('',*,*,#7050,.T.);
#10298=ORIENTED_EDGE('',*,*,#7054,.F.);
#10299=ORIENTED_EDGE('',*,*,#7048,.F.);
#10300=ORIENTED_EDGE('',*,*,#7052,.F.);
#10301=ORIENTED_EDGE('',*,*,#6722,.F.);
#10302=PLANE('',#11384);
#10303=PLANE('',#11385);
#10304=PLANE('',#11386);
#10305=PLANE('',#11387);
#10306=PLANE('',#11388);
#10307=PLANE('',#11389);
#10308=PLANE('',#11390);
#10309=PLANE('',#11391);
#10310=PLANE('',#11392);
#10311=PLANE('',#11393);
#10312=PLANE('',#11394);
#10313=PLANE('',#11395);
#10314=PLANE('',#11396);
#10315=PLANE('',#11403);
#10316=PLANE('',#11409);
#10317=PLANE('',#11410);
#10318=PLANE('',#11414);
#10319=PLANE('',#11420);
#10320=PLANE('',#11421);
#10321=PLANE('',#11424);
#10322=PLANE('',#11425);
#10323=PLANE('',#11429);
#10324=PLANE('',#11433);
#10325=PLANE('',#11435);
#10326=PLANE('',#11440);
#10327=PLANE('',#11442);
#10328=PLANE('',#11447);
#10329=PLANE('',#11448);
#10330=PLANE('',#11449);
#10331=PLANE('',#11450);
#10332=PLANE('',#11451);
#10333=PLANE('',#11452);
#10334=PLANE('',#11453);
#10335=PLANE('',#11454);
#10336=PLANE('',#11455);
#10337=PLANE('',#11456);
#10338=PLANE('',#11457);
#10339=PLANE('',#11458);
#10340=PLANE('',#11459);
#10341=PLANE('',#11460);
#10342=PLANE('',#11461);
#10343=PLANE('',#11462);
#10344=PLANE('',#11463);
#10345=PLANE('',#11464);
#10346=PLANE('',#11465);
#10347=PLANE('',#11466);
#10348=PLANE('',#11467);
#10349=PLANE('',#11468);
#10350=PLANE('',#11469);
#10351=PLANE('',#11470);
#10352=PLANE('',#11471);
#10353=PLANE('',#11472);
#10354=PLANE('',#11473);
#10355=PLANE('',#11474);
#10356=PLANE('',#11475);
#10357=PLANE('',#11476);
#10358=PLANE('',#11477);
#10359=PLANE('',#11478);
#10360=PLANE('',#11479);
#10361=PLANE('',#11480);
#10362=PLANE('',#11481);
#10363=PLANE('',#11482);
#10364=PLANE('',#11483);
#10365=PLANE('',#11484);
#10366=PLANE('',#11485);
#10367=PLANE('',#11486);
#10368=PLANE('',#11487);
#10369=PLANE('',#11488);
#10370=PLANE('',#11489);
#10371=PLANE('',#11490);
#10372=PLANE('',#11491);
#10373=PLANE('',#11492);
#10374=PLANE('',#11493);
#10375=PLANE('',#11494);
#10376=PLANE('',#11495);
#10377=PLANE('',#11496);
#10378=PLANE('',#11497);
#10379=PLANE('',#11498);
#10380=PLANE('',#11499);
#10381=PLANE('',#11500);
#10382=PLANE('',#11501);
#10383=PLANE('',#11502);
#10384=PLANE('',#11503);
#10385=PLANE('',#11504);
#10386=PLANE('',#11505);
#10387=PLANE('',#11506);
#10388=PLANE('',#11507);
#10389=PLANE('',#11508);
#10390=PLANE('',#11509);
#10391=PLANE('',#11510);
#10392=PLANE('',#11511);
#10393=PLANE('',#11513);
#10394=PLANE('',#11514);
#10395=PLANE('',#11515);
#10396=PLANE('',#11516);
#10397=PLANE('',#11518);
#10398=PLANE('',#11519);
#10399=PLANE('',#11520);
#10400=PLANE('',#11521);
#10401=PLANE('',#11522);
#10402=PLANE('',#11523);
#10403=PLANE('',#11524);
#10404=PLANE('',#11525);
#10405=PLANE('',#11526);
#10406=PLANE('',#11527);
#10407=PLANE('',#11528);
#10408=PLANE('',#11529);
#10409=PLANE('',#11530);
#10410=PLANE('',#11531);
#10411=PLANE('',#11533);
#10412=PLANE('',#11534);
#10413=PLANE('',#11535);
#10414=PLANE('',#11536);
#10415=PLANE('',#11538);
#10416=PLANE('',#11545);
#10417=PLANE('',#11546);
#10418=PLANE('',#11547);
#10419=PLANE('',#11548);
#10420=PLANE('',#11549);
#10421=PLANE('',#11550);
#10422=PLANE('',#11551);
#10423=PLANE('',#11552);
#10424=PLANE('',#11554);
#10425=PLANE('',#11555);
#10426=PLANE('',#11556);
#10427=PLANE('',#11557);
#10428=PLANE('',#11558);
#10429=PLANE('',#11559);
#10430=PLANE('',#11560);
#10431=PLANE('',#11561);
#10432=PLANE('',#11562);
#10433=PLANE('',#11563);
#10434=PLANE('',#11564);
#10435=PLANE('',#11565);
#10436=PLANE('',#11566);
#10437=PLANE('',#11567);
#10438=PLANE('',#11568);
#10439=PLANE('',#11569);
#10440=PLANE('',#11570);
#10441=PLANE('',#11571);
#10442=PLANE('',#11572);
#10443=PLANE('',#11573);
#10444=PLANE('',#11574);
#10445=PLANE('',#11575);
#10446=PLANE('',#11576);
#10447=PLANE('',#11578);
#10448=PLANE('',#11579);
#10449=PLANE('',#11581);
#10450=PLANE('',#11586);
#10451=PLANE('',#11587);
#10452=PLANE('',#11590);
#10453=PLANE('',#11593);
#10454=PLANE('',#11597);
#10455=PLANE('',#11598);
#10456=PLANE('',#11599);
#10457=PLANE('',#11600);
#10458=PLANE('',#11601);
#10459=PLANE('',#11602);
#10460=PLANE('',#11603);
#10461=PLANE('',#11610);
#10462=PLANE('',#11616);
#10463=PLANE('',#11627);
#10464=PLANE('',#11634);
#10465=PLANE('',#11641);
#10466=PLANE('',#11642);
#10467=PLANE('',#11644);
#10468=PLANE('',#11646);
#10469=PLANE('',#11648);
#10470=PLANE('',#11654);
#10471=PLANE('',#11657);
#10472=PLANE('',#11658);
#10473=PLANE('',#11660);
#10474=PLANE('',#11662);
#10475=PLANE('',#11663);
#10476=PLANE('',#11665);
#10477=PLANE('',#11667);
#10478=PLANE('',#11669);
#10479=PLANE('',#11671);
#10480=PLANE('',#11672);
#10481=PLANE('',#11673);
#10482=PLANE('',#11674);
#10483=PLANE('',#11675);
#10484=PLANE('',#11676);
#10485=PLANE('',#11677);
#10486=PLANE('',#11678);
#10487=PLANE('',#11685);
#10488=PLANE('',#11691);
#10489=PLANE('',#11702);
#10490=PLANE('',#11709);
#10491=PLANE('',#11716);
#10492=PLANE('',#11717);
#10493=PLANE('',#11719);
#10494=PLANE('',#11721);
#10495=PLANE('',#11723);
#10496=PLANE('',#11729);
#10497=PLANE('',#11732);
#10498=PLANE('',#11733);
#10499=PLANE('',#11735);
#10500=PLANE('',#11736);
#10501=PLANE('',#11738);
#10502=PLANE('',#11739);
#10503=PLANE('',#11741);
#10504=PLANE('',#11743);
#10505=PLANE('',#11745);
#10506=PLANE('',#11747);
#10507=PLANE('',#11748);
#10508=PLANE('',#11749);
#10509=PLANE('',#11750);
#10510=PLANE('',#11751);
#10511=PLANE('',#11752);
#10512=PLANE('',#11753);
#10513=PLANE('',#11758);
#10514=PLANE('',#11762);
#10515=PLANE('',#11763);
#10516=PLANE('',#11771);
#10517=PLANE('',#11774);
#10518=PLANE('',#11779);
#10519=PLANE('',#11782);
#10520=PLANE('',#11785);
#10521=PLANE('',#11786);
#10522=PLANE('',#11787);
#10523=PLANE('',#11794);
#10524=PLANE('',#11801);
#10525=PLANE('',#11802);
#10526=PLANE('',#11804);
#10527=PLANE('',#11806);
#10528=PLANE('',#11808);
#10529=PLANE('',#11811);
#10530=PLANE('',#11814);
#10531=PLANE('',#11816);
#10532=PLANE('',#11818);
#10533=PLANE('',#11820);
#10534=PLANE('',#11821);
#10535=PLANE('',#11822);
#10536=PLANE('',#11823);
#10537=PLANE('',#11824);
#10538=PLANE('',#11825);
#10539=PLANE('',#11826);
#10540=PLANE('',#11827);
#10541=PLANE('',#11828);
#10542=PLANE('',#11829);
#10543=PLANE('',#11830);
#10544=PLANE('',#11831);
#10545=PLANE('',#11835);
#10546=PLANE('',#11841);
#10547=PLANE('',#11845);
#10548=PLANE('',#11846);
#10549=PLANE('',#11852);
#10550=PLANE('',#11855);
#10551=PLANE('',#11858);
#10552=PLANE('',#11859);
#10553=PLANE('',#11860);
#10554=PLANE('',#11861);
#10555=PLANE('',#11862);
#10556=PLANE('',#11867);
#10557=PLANE('',#11870);
#10558=PLANE('',#11871);
#10559=PLANE('',#11872);
#10560=PLANE('',#11874);
#10561=PLANE('',#11875);
#10562=PLANE('',#11876);
#10563=PLANE('',#11877);
#10564=PLANE('',#11878);
#10565=PLANE('',#11879);
#10566=PLANE('',#11880);
#10567=PLANE('',#11885);
#10568=PLANE('',#11886);
#10569=PLANE('',#11892);
#10570=PLANE('',#11895);
#10571=PLANE('',#11899);
#10572=PLANE('',#11907);
#10573=PLANE('',#11910);
#10574=PLANE('',#11911);
#10575=PLANE('',#11913);
#10576=PLANE('',#11914);
#10577=PLANE('',#11916);
#10578=PLANE('',#11917);
#10579=PLANE('',#11920);
#10580=PLANE('',#11921);
#10581=PLANE('',#11925);
#10582=PLANE('',#11926);
#10583=PLANE('',#11927);
#10584=PLANE('',#11929);
#10585=PLANE('',#11931);
#10586=PLANE('',#11932);
#10587=PLANE('',#11933);
#10588=PLANE('',#11935);
#10589=PLANE('',#11936);
#10590=PLANE('',#11937);
#10591=PLANE('',#11938);
#10592=PLANE('',#11939);
#10593=PLANE('',#11940);
#10594=PLANE('',#11941);
#10595=PLANE('',#11946);
#10596=PLANE('',#11950);
#10597=PLANE('',#11951);
#10598=PLANE('',#11956);
#10599=PLANE('',#11960);
#10600=PLANE('',#11963);
#10601=PLANE('',#11967);
#10602=PLANE('',#11968);
#10603=PLANE('',#11974);
#10604=PLANE('',#11975);
#10605=PLANE('',#11978);
#10606=PLANE('',#11979);
#10607=PLANE('',#11980);
#10608=PLANE('',#11982);
#10609=PLANE('',#11983);
#10610=PLANE('',#11984);
#10611=PLANE('',#11988);
#10612=PLANE('',#11989);
#10613=PLANE('',#11990);
#10614=PLANE('',#11992);
#10615=PLANE('',#11994);
#10616=PLANE('',#11995);
#10617=PLANE('',#11996);
#10618=PLANE('',#11998);
#10619=PLANE('',#11999);
#10620=PLANE('',#12000);
#10621=PLANE('',#12001);
#10622=PLANE('',#12002);
#10623=PLANE('',#12007);
#10624=PLANE('',#12011);
#10625=PLANE('',#12015);
#10626=PLANE('',#12019);
#10627=PLANE('',#12023);
#10628=PLANE('',#12024);
#10629=PLANE('',#12025);
#10630=PLANE('',#12026);
#10631=PLANE('',#12027);
#10632=PLANE('',#12028);
#10633=PLANE('',#12029);
#10634=PLANE('',#12030);
#10635=PLANE('',#12031);
#10636=PLANE('',#12032);
#10637=PLANE('',#12033);
#10638=PLANE('',#12034);
#10639=PLANE('',#12035);
#10640=PLANE('',#12036);
#10641=PLANE('',#12037);
#10642=PLANE('',#12039);
#10643=PLANE('',#12040);
#10644=PLANE('',#12041);
#10645=PLANE('',#12042);
#10646=PLANE('',#12043);
#10647=PLANE('',#12044);
#10648=PLANE('',#12045);
#10649=PLANE('',#12046);
#10650=PLANE('',#12049);
#10651=PLANE('',#12056);
#10652=PLANE('',#12057);
#10653=PLANE('',#12058);
#10654=PLANE('',#12059);
#10655=PLANE('',#12060);
#10656=PLANE('',#12065);
#10657=PLANE('',#12068);
#10658=PLANE('',#12069);
#10659=PLANE('',#12070);
#10660=PLANE('',#12071);
#10661=PLANE('',#12072);
#10662=PLANE('',#12073);
#10663=PLANE('',#12074);
#10664=PLANE('',#12075);
#10665=PLANE('',#12076);
#10666=PLANE('',#12077);
#10667=PLANE('',#12082);
#10668=PLANE('',#12085);
#10669=PLANE('',#12086);
#10670=PLANE('',#12087);
#10671=PLANE('',#12088);
#10672=PLANE('',#12089);
#10673=PLANE('',#12090);
#10674=PLANE('',#12091);
#10675=PLANE('',#12092);
#10676=PLANE('',#12093);
#10677=PLANE('',#12094);
#10678=PLANE('',#12095);
#10679=PLANE('',#12096);
#10680=PLANE('',#12097);
#10681=PLANE('',#12098);
#10682=PLANE('',#12104);
#10683=PLANE('',#12107);
#10684=PLANE('',#12109);
#10685=PLANE('',#12110);
#10686=PLANE('',#12112);
#10687=PLANE('',#12114);
#10688=PLANE('',#12115);
#10689=PLANE('',#12116);
#10690=PLANE('',#12117);
#10691=PLANE('',#12118);
#10692=PLANE('',#12119);
#10693=PLANE('',#12120);
#10694=PLANE('',#12121);
#10695=PLANE('',#12124);
#10696=PLANE('',#12125);
#10697=PLANE('',#12126);
#10698=PLANE('',#12127);
#10699=PLANE('',#12130);
#10700=PLANE('',#12131);
#10701=PLANE('',#12132);
#10702=PLANE('',#12136);
#10703=PLANE('',#12148);
#10704=PLANE('',#12150);
#10705=PLANE('',#12155);
#10706=PLANE('',#12157);
#10707=PLANE('',#12160);
#10708=PLANE('',#12161);
#10709=PLANE('',#12162);
#10710=PLANE('',#12163);
#10711=PLANE('',#12164);
#10712=PLANE('',#12165);
#10713=PLANE('',#12169);
#10714=PLANE('',#12170);
#10715=PLANE('',#12171);
#10716=PLANE('',#12173);
#10717=PLANE('',#12175);
#10718=PLANE('',#12177);
#10719=PLANE('',#12182);
#10720=PLANE('',#12183);
#10721=PLANE('',#12184);
#10722=PLANE('',#12185);
#10723=PLANE('',#12187);
#10724=PLANE('',#12189);
#10725=PLANE('',#12190);
#10726=PLANE('',#12191);
#10727=PLANE('',#12192);
#10728=PLANE('',#12195);
#10729=PLANE('',#12196);
#10730=PLANE('',#12199);
#10731=PLANE('',#12202);
#10732=PLANE('',#12206);
#10733=PLANE('',#12209);
#10734=PLANE('',#12212);
#10735=PLANE('',#12215);
#10736=PLANE('',#12218);
#10737=PLANE('',#12223);
#10738=PLANE('',#12226);
#10739=PLANE('',#12229);
#10740=PLANE('',#12232);
#10741=PLANE('',#12237);
#10742=PLANE('',#12240);
#10743=PLANE('',#12243);
#10744=PLANE('',#12247);
#10745=PLANE('',#12248);
#10746=PLANE('',#12249);
#10747=PLANE('',#12250);
#10748=PLANE('',#12252);
#10749=PLANE('',#12254);
#10750=PLANE('',#12255);
#10751=PLANE('',#12257);
#10752=PLANE('',#12262);
#10753=PLANE('',#12263);
#10754=PLANE('',#12264);
#10755=PLANE('',#12265);
#10756=PLANE('',#12266);
#10757=PLANE('',#12267);
#10758=PLANE('',#12268);
#10759=ADVANCED_FACE('',(#549),#10302,.F.);
#10760=ADVANCED_FACE('',(#550),#10303,.F.);
#10761=ADVANCED_FACE('',(#551),#10304,.F.);
#10762=ADVANCED_FACE('',(#552),#10305,.F.);
#10763=ADVANCED_FACE('',(#553),#10306,.F.);
#10764=ADVANCED_FACE('',(#554),#10307,.F.);
#10765=ADVANCED_FACE('',(#555),#10308,.F.);
#10766=ADVANCED_FACE('',(#556),#10309,.F.);
#10767=ADVANCED_FACE('',(#557),#10310,.F.);
#10768=ADVANCED_FACE('',(#558),#10311,.F.);
#10769=ADVANCED_FACE('',(#559),#10312,.F.);
#10770=ADVANCED_FACE('',(#560),#10313,.F.);
#10771=ADVANCED_FACE('',(#561),#10314,.T.);
#10772=ADVANCED_FACE('',(#562,#322),#340,.T.);
#10773=ADVANCED_FACE('',(#563,#323),#193,.T.);
#10774=ADVANCED_FACE('',(#564),#10315,.F.);
#10775=ADVANCED_FACE('',(#565,#324),#341,.T.);
#10776=ADVANCED_FACE('',(#566,#325),#194,.T.);
#10777=ADVANCED_FACE('',(#567),#10316,.F.);
#10778=ADVANCED_FACE('',(#568),#10317,.T.);
#10779=ADVANCED_FACE('',(#569),#342,.T.);
#10780=ADVANCED_FACE('',(#570),#10318,.T.);
#10781=ADVANCED_FACE('',(#571),#343,.T.);
#10782=ADVANCED_FACE('',(#572),#195,.T.);
#10783=ADVANCED_FACE('',(#573),#10319,.T.);
#10784=ADVANCED_FACE('',(#574,#326),#10320,.F.);
#10785=ADVANCED_FACE('',(#575),#10321,.T.);
#10786=ADVANCED_FACE('',(#576),#10322,.T.);
#10787=ADVANCED_FACE('',(#577),#344,.T.);
#10788=ADVANCED_FACE('',(#578),#10323,.T.);
#10789=ADVANCED_FACE('',(#579),#345,.T.);
#10790=ADVANCED_FACE('',(#580),#10324,.T.);
#10791=ADVANCED_FACE('',(#581),#10325,.T.);
#10792=ADVANCED_FACE('',(#582),#346,.T.);
#10793=ADVANCED_FACE('',(#583),#10326,.F.);
#10794=ADVANCED_FACE('',(#584),#10327,.T.);
#10795=ADVANCED_FACE('',(#585),#196,.T.);
#10796=ADVANCED_FACE('',(#586),#10328,.F.);
#10797=ADVANCED_FACE('',(#587,#327),#10329,.F.);
#10798=ADVANCED_FACE('',(#588),#10330,.F.);
#10799=ADVANCED_FACE('',(#589),#10331,.F.);
#10800=ADVANCED_FACE('',(#590),#10332,.F.);
#10801=ADVANCED_FACE('',(#591),#10333,.F.);
#10802=ADVANCED_FACE('',(#592),#10334,.F.);
#10803=ADVANCED_FACE('',(#593),#10335,.F.);
#10804=ADVANCED_FACE('',(#594),#10336,.F.);
#10805=ADVANCED_FACE('',(#595),#10337,.F.);
#10806=ADVANCED_FACE('',(#596),#10338,.T.);
#10807=ADVANCED_FACE('',(#597,#328,#329),#10339,.F.);
#10808=ADVANCED_FACE('',(#598),#10340,.F.);
#10809=ADVANCED_FACE('',(#599),#10341,.F.);
#10810=ADVANCED_FACE('',(#600),#10342,.F.);
#10811=ADVANCED_FACE('',(#601),#10343,.F.);
#10812=ADVANCED_FACE('',(#602),#10344,.F.);
#10813=ADVANCED_FACE('',(#603),#10345,.F.);
#10814=ADVANCED_FACE('',(#604),#10346,.F.);
#10815=ADVANCED_FACE('',(#605),#10347,.F.);
#10816=ADVANCED_FACE('',(#606),#10348,.F.);
#10817=ADVANCED_FACE('',(#607),#10349,.F.);
#10818=ADVANCED_FACE('',(#608),#10350,.F.);
#10819=ADVANCED_FACE('',(#609),#10351,.F.);
#10820=ADVANCED_FACE('',(#610),#10352,.F.);
#10821=ADVANCED_FACE('',(#611),#10353,.F.);
#10822=ADVANCED_FACE('',(#612),#10354,.F.);
#10823=ADVANCED_FACE('',(#613),#10355,.F.);
#10824=ADVANCED_FACE('',(#614),#10356,.F.);
#10825=ADVANCED_FACE('',(#615),#10357,.F.);
#10826=ADVANCED_FACE('',(#616),#10358,.F.);
#10827=ADVANCED_FACE('',(#617),#10359,.F.);
#10828=ADVANCED_FACE('',(#618),#10360,.F.);
#10829=ADVANCED_FACE('',(#619),#10361,.F.);
#10830=ADVANCED_FACE('',(#620),#10362,.F.);
#10831=ADVANCED_FACE('',(#621),#10363,.F.);
#10832=ADVANCED_FACE('',(#622),#10364,.F.);
#10833=ADVANCED_FACE('',(#623),#10365,.F.);
#10834=ADVANCED_FACE('',(#624),#10366,.F.);
#10835=ADVANCED_FACE('',(#625),#10367,.F.);
#10836=ADVANCED_FACE('',(#626),#10368,.F.);
#10837=ADVANCED_FACE('',(#627),#10369,.F.);
#10838=ADVANCED_FACE('',(#628),#10370,.F.);
#10839=ADVANCED_FACE('',(#629),#10371,.F.);
#10840=ADVANCED_FACE('',(#630),#10372,.F.);
#10841=ADVANCED_FACE('',(#631),#10373,.F.);
#10842=ADVANCED_FACE('',(#632),#10374,.F.);
#10843=ADVANCED_FACE('',(#633),#10375,.F.);
#10844=ADVANCED_FACE('',(#634),#10376,.F.);
#10845=ADVANCED_FACE('',(#635),#10377,.F.);
#10846=ADVANCED_FACE('',(#636),#10378,.F.);
#10847=ADVANCED_FACE('',(#637),#10379,.F.);
#10848=ADVANCED_FACE('',(#638),#10380,.F.);
#10849=ADVANCED_FACE('',(#639),#10381,.F.);
#10850=ADVANCED_FACE('',(#640),#10382,.F.);
#10851=ADVANCED_FACE('',(#641),#10383,.F.);
#10852=ADVANCED_FACE('',(#642),#10384,.F.);
#10853=ADVANCED_FACE('',(#643),#10385,.F.);
#10854=ADVANCED_FACE('',(#644),#10386,.F.);
#10855=ADVANCED_FACE('',(#645),#10387,.F.);
#10856=ADVANCED_FACE('',(#646),#10388,.F.);
#10857=ADVANCED_FACE('',(#647),#10389,.F.);
#10858=ADVANCED_FACE('',(#648),#10390,.F.);
#10859=ADVANCED_FACE('',(#649),#10391,.F.);
#10860=ADVANCED_FACE('',(#650),#10392,.F.);
#10861=ADVANCED_FACE('',(#651),#10393,.F.);
#10862=ADVANCED_FACE('',(#652),#10394,.F.);
#10863=ADVANCED_FACE('',(#653),#10395,.F.);
#10864=ADVANCED_FACE('',(#654),#10396,.F.);
#10865=ADVANCED_FACE('',(#655),#10397,.F.);
#10866=ADVANCED_FACE('',(#656),#10398,.F.);
#10867=ADVANCED_FACE('',(#657),#10399,.F.);
#10868=ADVANCED_FACE('',(#658),#10400,.F.);
#10869=ADVANCED_FACE('',(#659),#10401,.F.);
#10870=ADVANCED_FACE('',(#660),#10402,.F.);
#10871=ADVANCED_FACE('',(#661),#10403,.F.);
#10872=ADVANCED_FACE('',(#662),#10404,.F.);
#10873=ADVANCED_FACE('',(#663),#10405,.F.);
#10874=ADVANCED_FACE('',(#664),#10406,.F.);
#10875=ADVANCED_FACE('',(#665),#10407,.F.);
#10876=ADVANCED_FACE('',(#666),#10408,.F.);
#10877=ADVANCED_FACE('',(#667),#10409,.F.);
#10878=ADVANCED_FACE('',(#668),#10410,.F.);
#10879=ADVANCED_FACE('',(#669),#10411,.F.);
#10880=ADVANCED_FACE('',(#670),#10412,.F.);
#10881=ADVANCED_FACE('',(#671),#10413,.F.);
#10882=ADVANCED_FACE('',(#672),#10414,.F.);
#10883=ADVANCED_FACE('',(#673),#10415,.F.);
#10884=ADVANCED_FACE('',(#674),#197,.F.);
#10885=ADVANCED_FACE('',(#675),#198,.F.);
#10886=ADVANCED_FACE('',(#676),#10416,.F.);
#10887=ADVANCED_FACE('',(#677),#10417,.T.);
#10888=ADVANCED_FACE('',(#678),#10418,.F.);
#10889=ADVANCED_FACE('',(#679,#330),#10419,.F.);
#10890=ADVANCED_FACE('',(#680),#10420,.T.);
#10891=ADVANCED_FACE('',(#681),#10421,.F.);
#10892=ADVANCED_FACE('',(#682),#10422,.F.);
#10893=ADVANCED_FACE('',(#683),#10423,.T.);
#10894=ADVANCED_FACE('',(#684),#10424,.F.);
#10895=ADVANCED_FACE('',(#685),#10425,.F.);
#10896=ADVANCED_FACE('',(#686),#10426,.F.);
#10897=ADVANCED_FACE('',(#687),#10427,.T.);
#10898=ADVANCED_FACE('',(#688),#10428,.T.);
#10899=ADVANCED_FACE('',(#689),#10429,.F.);
#10900=ADVANCED_FACE('',(#690),#10430,.F.);
#10901=ADVANCED_FACE('',(#691),#10431,.F.);
#10902=ADVANCED_FACE('',(#692),#10432,.F.);
#10903=ADVANCED_FACE('',(#693),#10433,.F.);
#10904=ADVANCED_FACE('',(#694),#10434,.F.);
#10905=ADVANCED_FACE('',(#695),#10435,.F.);
#10906=ADVANCED_FACE('',(#696),#10436,.F.);
#10907=ADVANCED_FACE('',(#697),#10437,.F.);
#10908=ADVANCED_FACE('',(#698),#10438,.F.);
#10909=ADVANCED_FACE('',(#699),#10439,.F.);
#10910=ADVANCED_FACE('',(#700),#10440,.F.);
#10911=ADVANCED_FACE('',(#701),#10441,.F.);
#10912=ADVANCED_FACE('',(#702),#10442,.F.);
#10913=ADVANCED_FACE('',(#703),#10443,.F.);
#10914=ADVANCED_FACE('',(#704),#10444,.F.);
#10915=ADVANCED_FACE('',(#705),#10445,.F.);
#10916=ADVANCED_FACE('',(#706),#10446,.F.);
#10917=ADVANCED_FACE('',(#707),#10447,.F.);
#10918=ADVANCED_FACE('',(#708),#10448,.F.);
#10919=ADVANCED_FACE('',(#709),#10449,.F.);
#10920=ADVANCED_FACE('',(#710,#331,#332,#333),#199,.F.);
#10921=ADVANCED_FACE('',(#711,#334),#200,.T.);
#10922=ADVANCED_FACE('',(#712,#335),#10450,.F.);
#10923=ADVANCED_FACE('',(#713),#10451,.T.);
#10924=ADVANCED_FACE('',(#714),#201,.T.);
#10925=ADVANCED_FACE('',(#715,#336),#10452,.F.);
#10926=ADVANCED_FACE('',(#716),#202,.T.);
#10927=ADVANCED_FACE('',(#717),#10453,.T.);
#10928=ADVANCED_FACE('',(#718),#203,.T.);
#10929=ADVANCED_FACE('',(#719),#10454,.T.);
#10930=ADVANCED_FACE('',(#720),#10455,.T.);
#10931=ADVANCED_FACE('',(#721),#10456,.T.);
#10932=ADVANCED_FACE('',(#722),#10457,.T.);
#10933=ADVANCED_FACE('',(#723),#10458,.T.);
#10934=ADVANCED_FACE('',(#724),#10459,.T.);
#10935=ADVANCED_FACE('',(#725),#10460,.T.);
#10936=ADVANCED_FACE('',(#726),#204,.F.);
#10937=ADVANCED_FACE('',(#727),#10461,.F.);
#10938=ADVANCED_FACE('',(#728),#205,.F.);
#10939=ADVANCED_FACE('',(#729),#10462,.T.);
#10940=ADVANCED_FACE('',(#730),#206,.F.);
#10941=ADVANCED_FACE('',(#731),#207,.F.);
#10942=ADVANCED_FACE('',(#732),#10463,.F.);
#10943=ADVANCED_FACE('',(#733),#10464,.F.);
#10944=ADVANCED_FACE('',(#734),#10465,.T.);
#10945=ADVANCED_FACE('',(#735),#10466,.T.);
#10946=ADVANCED_FACE('',(#736),#208,.T.);
#10947=ADVANCED_FACE('',(#737),#10467,.T.);
#10948=ADVANCED_FACE('',(#738),#209,.F.);
#10949=ADVANCED_FACE('',(#739),#10468,.T.);
#10950=ADVANCED_FACE('',(#740),#210,.F.);
#10951=ADVANCED_FACE('',(#741),#10469,.T.);
#10952=ADVANCED_FACE('',(#742),#211,.T.);
#10953=ADVANCED_FACE('',(#743),#212,.F.);
#10954=ADVANCED_FACE('',(#744),#10470,.T.);
#10955=ADVANCED_FACE('',(#745),#213,.T.);
#10956=ADVANCED_FACE('',(#746),#10471,.F.);
#10957=ADVANCED_FACE('',(#747),#10472,.T.);
#10958=ADVANCED_FACE('',(#748),#10473,.F.);
#10959=ADVANCED_FACE('',(#749),#10474,.T.);
#10960=ADVANCED_FACE('',(#750),#10475,.T.);
#10961=ADVANCED_FACE('',(#751),#214,.F.);
#10962=ADVANCED_FACE('',(#752),#10476,.T.);
#10963=ADVANCED_FACE('',(#753),#215,.T.);
#10964=ADVANCED_FACE('',(#754),#10477,.T.);
#10965=ADVANCED_FACE('',(#755),#216,.T.);
#10966=ADVANCED_FACE('',(#756),#10478,.T.);
#10967=ADVANCED_FACE('',(#757),#217,.F.);
#10968=ADVANCED_FACE('',(#758),#10479,.T.);
#10969=ADVANCED_FACE('',(#759),#10480,.T.);
#10970=ADVANCED_FACE('',(#760),#10481,.T.);
#10971=ADVANCED_FACE('',(#761),#10482,.T.);
#10972=ADVANCED_FACE('',(#762),#10483,.T.);
#10973=ADVANCED_FACE('',(#763),#10484,.T.);
#10974=ADVANCED_FACE('',(#764),#10485,.T.);
#10975=ADVANCED_FACE('',(#765),#10486,.T.);
#10976=ADVANCED_FACE('',(#766),#218,.F.);
#10977=ADVANCED_FACE('',(#767),#10487,.F.);
#10978=ADVANCED_FACE('',(#768),#219,.F.);
#10979=ADVANCED_FACE('',(#769),#10488,.T.);
#10980=ADVANCED_FACE('',(#770),#220,.F.);
#10981=ADVANCED_FACE('',(#771),#221,.F.);
#10982=ADVANCED_FACE('',(#772),#10489,.F.);
#10983=ADVANCED_FACE('',(#773),#10490,.F.);
#10984=ADVANCED_FACE('',(#774),#10491,.T.);
#10985=ADVANCED_FACE('',(#775),#10492,.T.);
#10986=ADVANCED_FACE('',(#776),#222,.F.);
#10987=ADVANCED_FACE('',(#777),#10493,.T.);
#10988=ADVANCED_FACE('',(#778),#223,.T.);
#10989=ADVANCED_FACE('',(#779),#10494,.T.);
#10990=ADVANCED_FACE('',(#780),#224,.T.);
#10991=ADVANCED_FACE('',(#781),#10495,.T.);
#10992=ADVANCED_FACE('',(#782),#225,.F.);
#10993=ADVANCED_FACE('',(#783),#226,.F.);
#10994=ADVANCED_FACE('',(#784),#10496,.T.);
#10995=ADVANCED_FACE('',(#785),#227,.T.);
#10996=ADVANCED_FACE('',(#786),#10497,.F.);
#10997=ADVANCED_FACE('',(#787),#10498,.T.);
#10998=ADVANCED_FACE('',(#788),#10499,.T.);
#10999=ADVANCED_FACE('',(#789),#10500,.F.);
#11000=ADVANCED_FACE('',(#790),#10501,.T.);
#11001=ADVANCED_FACE('',(#791),#10502,.T.);
#11002=ADVANCED_FACE('',(#792),#228,.T.);
#11003=ADVANCED_FACE('',(#793),#10503,.T.);
#11004=ADVANCED_FACE('',(#794),#229,.F.);
#11005=ADVANCED_FACE('',(#795),#10504,.T.);
#11006=ADVANCED_FACE('',(#796),#230,.F.);
#11007=ADVANCED_FACE('',(#797),#10505,.T.);
#11008=ADVANCED_FACE('',(#798),#231,.T.);
#11009=ADVANCED_FACE('',(#799),#10506,.T.);
#11010=ADVANCED_FACE('',(#800),#10507,.T.);
#11011=ADVANCED_FACE('',(#801),#10508,.T.);
#11012=ADVANCED_FACE('',(#802),#10509,.T.);
#11013=ADVANCED_FACE('',(#803),#10510,.T.);
#11014=ADVANCED_FACE('',(#804),#10511,.T.);
#11015=ADVANCED_FACE('',(#805),#10512,.T.);
#11016=ADVANCED_FACE('',(#806),#232,.F.);
#11017=ADVANCED_FACE('',(#807),#10513,.T.);
#11018=ADVANCED_FACE('',(#808),#233,.T.);
#11019=ADVANCED_FACE('',(#809),#10514,.T.);
#11020=ADVANCED_FACE('',(#810),#10515,.T.);
#11021=ADVANCED_FACE('',(#811),#234,.F.);
#11022=ADVANCED_FACE('',(#812),#10516,.T.);
#11023=ADVANCED_FACE('',(#813),#235,.T.);
#11024=ADVANCED_FACE('',(#814),#10517,.T.);
#11025=ADVANCED_FACE('',(#815),#236,.F.);
#11026=ADVANCED_FACE('',(#816),#237,.F.);
#11027=ADVANCED_FACE('',(#817),#10518,.T.);
#11028=ADVANCED_FACE('',(#818),#238,.F.);
#11029=ADVANCED_FACE('',(#819),#10519,.F.);
#11030=ADVANCED_FACE('',(#820),#10520,.T.);
#11031=ADVANCED_FACE('',(#821),#10521,.T.);
#11032=ADVANCED_FACE('',(#822),#10522,.F.);
#11033=ADVANCED_FACE('',(#823),#10523,.F.);
#11034=ADVANCED_FACE('',(#824),#10524,.T.);
#11035=ADVANCED_FACE('',(#825),#10525,.T.);
#11036=ADVANCED_FACE('',(#826),#239,.T.);
#11037=ADVANCED_FACE('',(#827),#10526,.T.);
#11038=ADVANCED_FACE('',(#828),#240,.F.);
#11039=ADVANCED_FACE('',(#829),#10527,.T.);
#11040=ADVANCED_FACE('',(#830),#241,.T.);
#11041=ADVANCED_FACE('',(#831),#10528,.T.);
#11042=ADVANCED_FACE('',(#832),#10529,.T.);
#11043=ADVANCED_FACE('',(#833),#242,.T.);
#11044=ADVANCED_FACE('',(#834),#243,.F.);
#11045=ADVANCED_FACE('',(#835),#10530,.T.);
#11046=ADVANCED_FACE('',(#836),#244,.F.);
#11047=ADVANCED_FACE('',(#837),#10531,.T.);
#11048=ADVANCED_FACE('',(#838),#245,.T.);
#11049=ADVANCED_FACE('',(#839),#10532,.T.);
#11050=ADVANCED_FACE('',(#840),#246,.F.);
#11051=ADVANCED_FACE('',(#841),#10533,.T.);
#11052=ADVANCED_FACE('',(#842),#10534,.T.);
#11053=ADVANCED_FACE('',(#843),#10535,.T.);
#11054=ADVANCED_FACE('',(#844),#10536,.T.);
#11055=ADVANCED_FACE('',(#845),#10537,.T.);
#11056=ADVANCED_FACE('',(#846),#10538,.T.);
#11057=ADVANCED_FACE('',(#847),#10539,.T.);
#11058=ADVANCED_FACE('',(#848),#10540,.T.);
#11059=ADVANCED_FACE('',(#849),#10541,.T.);
#11060=ADVANCED_FACE('',(#850),#10542,.T.);
#11061=ADVANCED_FACE('',(#851),#10543,.T.);
#11062=ADVANCED_FACE('',(#852),#10544,.T.);
#11063=ADVANCED_FACE('',(#853),#247,.F.);
#11064=ADVANCED_FACE('',(#854),#10545,.F.);
#11065=ADVANCED_FACE('',(#855),#248,.F.);
#11066=ADVANCED_FACE('',(#856),#10546,.F.);
#11067=ADVANCED_FACE('',(#857),#249,.T.);
#11068=ADVANCED_FACE('',(#858),#10547,.T.);
#11069=ADVANCED_FACE('',(#859),#10548,.T.);
#11070=ADVANCED_FACE('',(#860),#250,.T.);
#11071=ADVANCED_FACE('',(#861),#10549,.T.);
#11072=ADVANCED_FACE('',(#862),#10550,.T.);
#11073=ADVANCED_FACE('',(#863),#251,.F.);
#11074=ADVANCED_FACE('',(#864),#252,.F.);
#11075=ADVANCED_FACE('',(#865),#10551,.T.);
#11076=ADVANCED_FACE('',(#866),#10552,.T.);
#11077=ADVANCED_FACE('',(#867),#10553,.F.);
#11078=ADVANCED_FACE('',(#868),#10554,.T.);
#11079=ADVANCED_FACE('',(#869),#10555,.F.);
#11080=ADVANCED_FACE('',(#870),#253,.T.);
#11081=ADVANCED_FACE('',(#871),#10556,.T.);
#11082=ADVANCED_FACE('',(#872),#254,.F.);
#11083=ADVANCED_FACE('',(#873),#255,.T.);
#11084=ADVANCED_FACE('',(#874),#10557,.T.);
#11085=ADVANCED_FACE('',(#875),#10558,.T.);
#11086=ADVANCED_FACE('',(#876),#10559,.F.);
#11087=ADVANCED_FACE('',(#877),#256,.F.);
#11088=ADVANCED_FACE('',(#878),#10560,.F.);
#11089=ADVANCED_FACE('',(#879),#10561,.T.);
#11090=ADVANCED_FACE('',(#880),#10562,.T.);
#11091=ADVANCED_FACE('',(#881),#10563,.T.);
#11092=ADVANCED_FACE('',(#882),#10564,.T.);
#11093=ADVANCED_FACE('',(#883),#10565,.T.);
#11094=ADVANCED_FACE('',(#884),#10566,.T.);
#11095=ADVANCED_FACE('',(#885),#257,.T.);
#11096=ADVANCED_FACE('',(#886),#10567,.F.);
#11097=ADVANCED_FACE('',(#887),#10568,.T.);
#11098=ADVANCED_FACE('',(#888),#258,.F.);
#11099=ADVANCED_FACE('',(#889),#10569,.T.);
#11100=ADVANCED_FACE('',(#890),#259,.T.);
#11101=ADVANCED_FACE('',(#891),#10570,.T.);
#11102=ADVANCED_FACE('',(#892),#260,.F.);
#11103=ADVANCED_FACE('',(#893),#10571,.F.);
#11104=ADVANCED_FACE('',(#894),#261,.F.);
#11105=ADVANCED_FACE('',(#895),#262,.F.);
#11106=ADVANCED_FACE('',(#896),#10572,.T.);
#11107=ADVANCED_FACE('',(#897),#263,.F.);
#11108=ADVANCED_FACE('',(#898),#10573,.T.);
#11109=ADVANCED_FACE('',(#899),#10574,.F.);
#11110=ADVANCED_FACE('',(#900),#264,.T.);
#11111=ADVANCED_FACE('',(#901),#10575,.T.);
#11112=ADVANCED_FACE('',(#902),#10576,.T.);
#11113=ADVANCED_FACE('',(#903),#10577,.T.);
#11114=ADVANCED_FACE('',(#904),#10578,.F.);
#11115=ADVANCED_FACE('',(#905),#265,.T.);
#11116=ADVANCED_FACE('',(#906),#266,.F.);
#11117=ADVANCED_FACE('',(#907),#10579,.T.);
#11118=ADVANCED_FACE('',(#908),#10580,.T.);
#11119=ADVANCED_FACE('',(#909),#267,.T.);
#11120=ADVANCED_FACE('',(#910),#10581,.T.);
#11121=ADVANCED_FACE('',(#911),#10582,.F.);
#11122=ADVANCED_FACE('',(#912),#10583,.T.);
#11123=ADVANCED_FACE('',(#913),#10584,.T.);
#11124=ADVANCED_FACE('',(#914),#10585,.T.);
#11125=ADVANCED_FACE('',(#915),#10586,.T.);
#11126=ADVANCED_FACE('',(#916),#10587,.T.);
#11127=ADVANCED_FACE('',(#917),#268,.F.);
#11128=ADVANCED_FACE('',(#918),#10588,.T.);
#11129=ADVANCED_FACE('',(#919),#10589,.T.);
#11130=ADVANCED_FACE('',(#920),#10590,.T.);
#11131=ADVANCED_FACE('',(#921),#10591,.T.);
#11132=ADVANCED_FACE('',(#922),#10592,.T.);
#11133=ADVANCED_FACE('',(#923),#10593,.T.);
#11134=ADVANCED_FACE('',(#924),#10594,.T.);
#11135=ADVANCED_FACE('',(#925),#269,.F.);
#11136=ADVANCED_FACE('',(#926),#10595,.T.);
#11137=ADVANCED_FACE('',(#927),#270,.T.);
#11138=ADVANCED_FACE('',(#928),#10596,.T.);
#11139=ADVANCED_FACE('',(#929),#10597,.T.);
#11140=ADVANCED_FACE('',(#930),#271,.T.);
#11141=ADVANCED_FACE('',(#931),#10598,.T.);
#11142=ADVANCED_FACE('',(#932),#272,.F.);
#11143=ADVANCED_FACE('',(#933),#10599,.F.);
#11144=ADVANCED_FACE('',(#934),#273,.F.);
#11145=ADVANCED_FACE('',(#935),#10600,.T.);
#11146=ADVANCED_FACE('',(#936),#274,.F.);
#11147=ADVANCED_FACE('',(#937),#10601,.T.);
#11148=ADVANCED_FACE('',(#938),#10602,.F.);
#11149=ADVANCED_FACE('',(#939),#275,.F.);
#11150=ADVANCED_FACE('',(#940),#276,.F.);
#11151=ADVANCED_FACE('',(#941),#10603,.T.);
#11152=ADVANCED_FACE('',(#942),#10604,.T.);
#11153=ADVANCED_FACE('',(#943),#277,.T.);
#11154=ADVANCED_FACE('',(#944),#10605,.T.);
#11155=ADVANCED_FACE('',(#945),#10606,.T.);
#11156=ADVANCED_FACE('',(#946),#10607,.F.);
#11157=ADVANCED_FACE('',(#947),#278,.T.);
#11158=ADVANCED_FACE('',(#948),#10608,.F.);
#11159=ADVANCED_FACE('',(#949),#10609,.T.);
#11160=ADVANCED_FACE('',(#950),#10610,.T.);
#11161=ADVANCED_FACE('',(#951),#279,.F.);
#11162=ADVANCED_FACE('',(#952),#10611,.T.);
#11163=ADVANCED_FACE('',(#953),#10612,.F.);
#11164=ADVANCED_FACE('',(#954),#10613,.T.);
#11165=ADVANCED_FACE('',(#955),#10614,.T.);
#11166=ADVANCED_FACE('',(#956),#10615,.T.);
#11167=ADVANCED_FACE('',(#957),#10616,.T.);
#11168=ADVANCED_FACE('',(#958),#10617,.T.);
#11169=ADVANCED_FACE('',(#959),#280,.T.);
#11170=ADVANCED_FACE('',(#960),#10618,.T.);
#11171=ADVANCED_FACE('',(#961),#10619,.T.);
#11172=ADVANCED_FACE('',(#962),#10620,.T.);
#11173=ADVANCED_FACE('',(#963),#10621,.T.);
#11174=ADVANCED_FACE('',(#964),#10622,.T.);
#11175=ADVANCED_FACE('',(#965),#281,.F.);
#11176=ADVANCED_FACE('',(#966),#10623,.T.);
#11177=ADVANCED_FACE('',(#967),#282,.F.);
#11178=ADVANCED_FACE('',(#968),#10624,.T.);
#11179=ADVANCED_FACE('',(#969),#283,.F.);
#11180=ADVANCED_FACE('',(#970),#10625,.T.);
#11181=ADVANCED_FACE('',(#971),#284,.F.);
#11182=ADVANCED_FACE('',(#972),#10626,.T.);
#11183=ADVANCED_FACE('',(#973),#285,.T.);
#11184=ADVANCED_FACE('',(#974),#10627,.T.);
#11185=ADVANCED_FACE('',(#975),#10628,.T.);
#11186=ADVANCED_FACE('',(#976),#10629,.T.);
#11187=ADVANCED_FACE('',(#977),#10630,.T.);
#11188=ADVANCED_FACE('',(#978),#10631,.T.);
#11189=ADVANCED_FACE('',(#979),#10632,.T.);
#11190=ADVANCED_FACE('',(#980),#10633,.T.);
#11191=ADVANCED_FACE('',(#981),#10634,.T.);
#11192=ADVANCED_FACE('',(#982),#10635,.T.);
#11193=ADVANCED_FACE('',(#983),#10636,.T.);
#11194=ADVANCED_FACE('',(#984),#10637,.T.);
#11195=ADVANCED_FACE('',(#985),#10638,.T.);
#11196=ADVANCED_FACE('',(#986),#10639,.T.);
#11197=ADVANCED_FACE('',(#987),#10640,.T.);
#11198=ADVANCED_FACE('',(#988),#10641,.T.);
#11199=ADVANCED_FACE('',(#989),#10642,.F.);
#11200=ADVANCED_FACE('',(#990),#10643,.F.);
#11201=ADVANCED_FACE('',(#991),#10644,.F.);
#11202=ADVANCED_FACE('',(#992),#10645,.F.);
#11203=ADVANCED_FACE('',(#993),#10646,.T.);
#11204=ADVANCED_FACE('',(#994),#10647,.T.);
#11205=ADVANCED_FACE('',(#995),#10648,.T.);
#11206=ADVANCED_FACE('',(#996),#10649,.F.);
#11207=ADVANCED_FACE('',(#997),#10650,.T.);
#11208=ADVANCED_FACE('',(#998),#286,.T.);
#11209=ADVANCED_FACE('',(#999),#287,.F.);
#11210=ADVANCED_FACE('',(#1000),#10651,.T.);
#11211=ADVANCED_FACE('',(#1001),#10652,.T.);
#11212=ADVANCED_FACE('',(#1002),#10653,.T.);
#11213=ADVANCED_FACE('',(#1003),#10654,.T.);
#11214=ADVANCED_FACE('',(#1004),#10655,.T.);
#11215=ADVANCED_FACE('',(#1005),#288,.F.);
#11216=ADVANCED_FACE('',(#1006),#10656,.T.);
#11217=ADVANCED_FACE('',(#1007),#289,.T.);
#11218=ADVANCED_FACE('',(#1008),#10657,.F.);
#11219=ADVANCED_FACE('',(#1009),#10658,.F.);
#11220=ADVANCED_FACE('',(#1010),#10659,.F.);
#11221=ADVANCED_FACE('',(#1011),#10660,.F.);
#11222=ADVANCED_FACE('',(#1012),#10661,.F.);
#11223=ADVANCED_FACE('',(#1013),#10662,.F.);
#11224=ADVANCED_FACE('',(#1014),#10663,.T.);
#11225=ADVANCED_FACE('',(#1015),#10664,.F.);
#11226=ADVANCED_FACE('',(#1016),#10665,.T.);
#11227=ADVANCED_FACE('',(#1017),#10666,.T.);
#11228=ADVANCED_FACE('',(#1018),#290,.F.);
#11229=ADVANCED_FACE('',(#1019),#10667,.T.);
#11230=ADVANCED_FACE('',(#1020),#291,.T.);
#11231=ADVANCED_FACE('',(#1021),#10668,.T.);
#11232=ADVANCED_FACE('',(#1022),#10669,.T.);
#11233=ADVANCED_FACE('',(#1023),#10670,.T.);
#11234=ADVANCED_FACE('',(#1024),#10671,.T.);
#11235=ADVANCED_FACE('',(#1025),#10672,.T.);
#11236=ADVANCED_FACE('',(#1026),#10673,.F.);
#11237=ADVANCED_FACE('',(#1027),#10674,.F.);
#11238=ADVANCED_FACE('',(#1028),#10675,.F.);
#11239=ADVANCED_FACE('',(#1029),#10676,.F.);
#11240=ADVANCED_FACE('',(#1030),#10677,.F.);
#11241=ADVANCED_FACE('',(#1031),#10678,.F.);
#11242=ADVANCED_FACE('',(#1032),#10679,.T.);
#11243=ADVANCED_FACE('',(#1033),#10680,.F.);
#11244=ADVANCED_FACE('',(#1034),#10681,.T.);
#11245=ADVANCED_FACE('',(#1035,#337),#292,.F.);
#11246=ADVANCED_FACE('',(#1036),#293,.F.);
#11247=ADVANCED_FACE('',(#1037),#10682,.F.);
#11248=ADVANCED_FACE('',(#1038),#294,.F.);
#11249=ADVANCED_FACE('',(#1039),#10683,.F.);
#11250=ADVANCED_FACE('',(#1040),#10684,.T.);
#11251=ADVANCED_FACE('',(#1041),#10685,.F.);
#11252=ADVANCED_FACE('',(#1042),#10686,.F.);
#11253=ADVANCED_FACE('',(#1043),#10687,.F.);
#11254=ADVANCED_FACE('',(#1044),#10688,.T.);
#11255=ADVANCED_FACE('',(#1045),#10689,.T.);
#11256=ADVANCED_FACE('',(#1046),#10690,.T.);
#11257=ADVANCED_FACE('',(#1047),#10691,.T.);
#11258=ADVANCED_FACE('',(#1048),#10692,.F.);
#11259=ADVANCED_FACE('',(#1049),#10693,.T.);
#11260=ADVANCED_FACE('',(#1050),#10694,.F.);
#11261=ADVANCED_FACE('',(#1051),#10695,.T.);
#11262=ADVANCED_FACE('',(#1052),#10696,.F.);
#11263=ADVANCED_FACE('',(#1053),#10697,.T.);
#11264=ADVANCED_FACE('',(#1054),#10698,.F.);
#11265=ADVANCED_FACE('',(#1055),#10699,.F.);
#11266=ADVANCED_FACE('',(#1056),#10700,.T.);
#11267=ADVANCED_FACE('',(#1057),#10701,.F.);
#11268=ADVANCED_FACE('',(#1058),#295,.T.);
#11269=ADVANCED_FACE('',(#1059),#10702,.F.);
#11270=ADVANCED_FACE('',(#1060),#10703,.F.);
#11271=ADVANCED_FACE('',(#1061),#10704,.T.);
#11272=ADVANCED_FACE('',(#1062),#296,.F.);
#11273=ADVANCED_FACE('',(#1063),#10705,.T.);
#11274=ADVANCED_FACE('',(#1064),#10706,.T.);
#11275=ADVANCED_FACE('',(#1065),#297,.T.);
#11276=ADVANCED_FACE('',(#1066),#10707,.T.);
#11277=ADVANCED_FACE('',(#1067),#10708,.T.);
#11278=ADVANCED_FACE('',(#1068),#10709,.T.);
#11279=ADVANCED_FACE('',(#1069),#10710,.T.);
#11280=ADVANCED_FACE('',(#1070),#10711,.T.);
#11281=ADVANCED_FACE('',(#1071),#10712,.T.);
#11282=ADVANCED_FACE('',(#1072),#298,.T.);
#11283=ADVANCED_FACE('',(#1073),#10713,.T.);
#11284=ADVANCED_FACE('',(#1074),#10714,.T.);
#11285=ADVANCED_FACE('',(#1075),#10715,.T.);
#11286=ADVANCED_FACE('',(#1076),#10716,.T.);
#11287=ADVANCED_FACE('',(#1077),#10717,.T.);
#11288=ADVANCED_FACE('',(#1078),#299,.F.);
#11289=ADVANCED_FACE('',(#1079),#10718,.F.);
#11290=ADVANCED_FACE('',(#1080),#300,.T.);
#11291=ADVANCED_FACE('',(#1081,#338),#10719,.F.);
#11292=ADVANCED_FACE('',(#1082),#10720,.T.);
#11293=ADVANCED_FACE('',(#1083,#339),#10721,.T.);
#11294=ADVANCED_FACE('',(#1084),#10722,.T.);
#11295=ADVANCED_FACE('',(#1085),#10723,.T.);
#11296=ADVANCED_FACE('',(#1086),#301,.F.);
#11297=ADVANCED_FACE('',(#1087),#10724,.T.);
#11298=ADVANCED_FACE('',(#1088),#10725,.T.);
#11299=ADVANCED_FACE('',(#1089),#10726,.T.);
#11300=ADVANCED_FACE('',(#1090),#10727,.T.);
#11301=ADVANCED_FACE('',(#1091),#10728,.F.);
#11302=ADVANCED_FACE('',(#1092),#10729,.T.);
#11303=ADVANCED_FACE('',(#1093),#302,.F.);
#11304=ADVANCED_FACE('',(#1094),#10730,.T.);
#11305=ADVANCED_FACE('',(#1095),#10731,.T.);
#11306=ADVANCED_FACE('',(#1096),#303,.T.);
#11307=ADVANCED_FACE('',(#1097),#304,.F.);
#11308=ADVANCED_FACE('',(#1098),#10732,.T.);
#11309=ADVANCED_FACE('',(#1099),#305,.T.);
#11310=ADVANCED_FACE('',(#1100),#10733,.F.);
#11311=ADVANCED_FACE('',(#1101),#306,.F.);
#11312=ADVANCED_FACE('',(#1102),#10734,.F.);
#11313=ADVANCED_FACE('',(#1103),#307,.F.);
#11314=ADVANCED_FACE('',(#1104),#10735,.F.);
#11315=ADVANCED_FACE('',(#1105),#308,.F.);
#11316=ADVANCED_FACE('',(#1106),#10736,.T.);
#11317=ADVANCED_FACE('',(#1107),#309,.F.);
#11318=ADVANCED_FACE('',(#1108),#310,.T.);
#11319=ADVANCED_FACE('',(#1109),#10737,.T.);
#11320=ADVANCED_FACE('',(#1110),#311,.T.);
#11321=ADVANCED_FACE('',(#1111),#10738,.T.);
#11322=ADVANCED_FACE('',(#1112),#312,.F.);
#11323=ADVANCED_FACE('',(#1113),#10739,.T.);
#11324=ADVANCED_FACE('',(#1114),#313,.F.);
#11325=ADVANCED_FACE('',(#1115),#10740,.T.);
#11326=ADVANCED_FACE('',(#1116),#314,.T.);
#11327=ADVANCED_FACE('',(#1117),#315,.T.);
#11328=ADVANCED_FACE('',(#1118),#10741,.T.);
#11329=ADVANCED_FACE('',(#1119),#316,.F.);
#11330=ADVANCED_FACE('',(#1120),#10742,.T.);
#11331=ADVANCED_FACE('',(#1121),#317,.F.);
#11332=ADVANCED_FACE('',(#1122),#10743,.F.);
#11333=ADVANCED_FACE('',(#1123),#318,.T.);
#11334=ADVANCED_FACE('',(#1124),#10744,.T.);
#11335=ADVANCED_FACE('',(#1125),#10745,.T.);
#11336=ADVANCED_FACE('',(#1126),#10746,.T.);
#11337=ADVANCED_FACE('',(#1127),#10747,.T.);
#11338=ADVANCED_FACE('',(#1128),#10748,.T.);
#11339=ADVANCED_FACE('',(#1129),#10749,.F.);
#11340=ADVANCED_FACE('',(#1130),#10750,.T.);
#11341=ADVANCED_FACE('',(#1131),#319,.F.);
#11342=ADVANCED_FACE('',(#1132),#10751,.T.);
#11343=ADVANCED_FACE('',(#1133),#320,.T.);
#11344=ADVANCED_FACE('',(#1134),#321,.F.);
#11345=ADVANCED_FACE('',(#1135),#10752,.F.);
#11346=ADVANCED_FACE('',(#1136),#10753,.F.);
#11347=ADVANCED_FACE('',(#1137),#10754,.T.);
#11348=ADVANCED_FACE('',(#1138),#10755,.T.);
#11349=ADVANCED_FACE('',(#1139),#10756,.T.);
#11350=ADVANCED_FACE('',(#1140),#10757,.T.);
#11351=ADVANCED_FACE('',(#1141),#10758,.F.);
#11352=CLOSED_SHELL('',(#10759,#10760,#10761,#10762,#10763,#10764,#10765,
#10766,#10767,#10768,#10769,#10770,#10771,#10772,#10773,#10774,#10775,#10776,
#10777,#10778,#10779,#10780,#10781,#10782,#10783,#10784,#10785,#10786,#10787,
#10788,#10789,#10790,#10791,#10792,#10793,#10794,#10795,#10796,#10797,#10798,
#10799,#10800,#10801,#10802,#10803,#10804,#10805,#10806,#10807,#10808,#10809,
#10810,#10811,#10812,#10813,#10814,#10815,#10816,#10817,#10818,#10819,#10820,
#10821,#10822,#10823,#10824,#10825,#10826,#10827,#10828,#10829,#10830,#10831,
#10832,#10833,#10834,#10835,#10836,#10837,#10838,#10839,#10840,#10841,#10842,
#10843,#10844,#10845,#10846,#10847,#10848,#10849,#10850,#10851,#10852,#10853,
#10854,#10855,#10856,#10857,#10858,#10859,#10860,#10861,#10862,#10863,#10864,
#10865,#10866,#10867,#10868,#10869,#10870,#10871,#10872,#10873,#10874,#10875,
#10876,#10877,#10878,#10879,#10880,#10881,#10882,#10883,#10884,#10885,#10886,
#10887,#10888,#10889,#10890,#10891,#10892,#10893,#10894,#10895,#10896,#10897,
#10898,#10899,#10900,#10901,#10902,#10903,#10904,#10905,#10906,#10907,#10908,
#10909,#10910,#10911,#10912,#10913,#10914,#10915,#10916,#10917,#10918,#10919,
#10920,#10921,#10922,#10923,#10924,#10925,#10926,#10927,#10928,#10929,#10930,
#10931,#10932,#10933,#10934,#10935));
#11353=CLOSED_SHELL('',(#10936,#10937,#10938,#10939,#10940,#10941,#10942,
#10943,#10944,#10945,#10946,#10947,#10948,#10949,#10950,#10951,#10952,#10953,
#10954,#10955,#10956,#10957,#10958,#10959,#10960,#10961,#10962,#10963,#10964,
#10965,#10966,#10967,#10968,#10969,#10970,#10971,#10972,#10973,#10974,#10975));
#11354=CLOSED_SHELL('',(#10976,#10977,#10978,#10979,#10980,#10981,#10982,
#10983,#10984,#10985,#10986,#10987,#10988,#10989,#10990,#10991,#10992,#10993,
#10994,#10995,#10996,#10997,#10998,#10999,#11000,#11001,#11002,#11003,#11004,
#11005,#11006,#11007,#11008,#11009,#11010,#11011,#11012,#11013,#11014,#11015));
#11355=CLOSED_SHELL('',(#11016,#11017,#11018,#11019,#11020,#11021,#11022,
#11023,#11024,#11025,#11026,#11027,#11028,#11029,#11030,#11031,#11032,#11033,
#11034,#11035,#11036,#11037,#11038,#11039,#11040,#11041,#11042,#11043,#11044,
#11045,#11046,#11047,#11048,#11049,#11050,#11051,#11052,#11053,#11054,#11055,
#11056,#11057,#11058,#11059,#11060,#11061,#11062));
#11356=CLOSED_SHELL('',(#11063,#11064,#11065,#11066,#11067,#11068,#11069,
#11070,#11071,#11072,#11073,#11074,#11075,#11076,#11077,#11078,#11079,#11080,
#11081,#11082,#11083,#11084,#11085,#11086,#11087,#11088,#11089,#11090,#11091,
#11092,#11093,#11094));
#11357=CLOSED_SHELL('',(#11095,#11096,#11097,#11098,#11099,#11100,#11101,
#11102,#11103,#11104,#11105,#11106,#11107,#11108,#11109,#11110,#11111,#11112,
#11113,#11114,#11115,#11116,#11117,#11118,#11119,#11120,#11121,#11122,#11123,
#11124,#11125,#11126,#11127,#11128,#11129,#11130,#11131,#11132,#11133,#11134));
#11358=CLOSED_SHELL('',(#11135,#11136,#11137,#11138,#11139,#11140,#11141,
#11142,#11143,#11144,#11145,#11146,#11147,#11148,#11149,#11150,#11151,#11152,
#11153,#11154,#11155,#11156,#11157,#11158,#11159,#11160,#11161,#11162,#11163,
#11164,#11165,#11166,#11167,#11168,#11169,#11170,#11171,#11172,#11173,#11174));
#11359=CLOSED_SHELL('',(#11175,#11176,#11177,#11178,#11179,#11180,#11181,
#11182,#11183,#11184,#11185,#11186,#11187,#11188,#11189,#11190,#11191,#11192,
#11193,#11194,#11195,#11196,#11197,#11198));
#11360=CLOSED_SHELL('',(#11199,#11200,#11201,#11202,#11203,#11204,#11205,
#11206,#11207,#11208,#11209,#11210,#11211,#11212,#11213,#11214,#11215,#11216,
#11217,#11218,#11219,#11220,#11221,#11222,#11223,#11224,#11225,#11226,#11227,
#11228,#11229,#11230,#11231,#11232,#11233,#11234,#11235,#11236,#11237,#11238,
#11239,#11240,#11241,#11242,#11243,#11244,#11245,#11246,#11247,#11248,#11249,
#11250,#11251,#11252,#11253,#11254,#11255,#11256,#11257,#11258,#11259,#11260,
#11261,#11262,#11263,#11264,#11265,#11266,#11267,#11268,#11269,#11270,#11271,
#11272,#11273,#11274,#11275,#11276,#11277,#11278,#11279,#11280,#11281,#11282,
#11283,#11284,#11285,#11286,#11287,#11288,#11289,#11290,#11291,#11292,#11293,
#11294,#11295,#11296,#11297,#11298,#11299,#11300,#11301,#11302,#11303,#11304,
#11305,#11306,#11307,#11308,#11309,#11310,#11311,#11312,#11313,#11314,#11315,
#11316,#11317,#11318,#11319,#11320,#11321,#11322,#11323,#11324,#11325,#11326,
#11327,#11328,#11329,#11330,#11331,#11332,#11333,#11334,#11335,#11336,#11337,
#11338,#11339,#11340,#11341,#11342,#11343,#11344,#11345,#11346,#11347,#11348,
#11349,#11350,#11351));
#11361=PRESENTATION_STYLE_ASSIGNMENT((#11364));
#11362=PRESENTATION_STYLE_ASSIGNMENT((#11365));
#11363=PRESENTATION_STYLE_ASSIGNMENT((#11366));
#11364=SURFACE_STYLE_USAGE(.BOTH.,#11367);
#11365=SURFACE_STYLE_USAGE(.BOTH.,#11368);
#11366=SURFACE_STYLE_USAGE(.BOTH.,#11369);
#11367=SURFACE_SIDE_STYLE('',(#11370));
#11368=SURFACE_SIDE_STYLE('',(#11371));
#11369=SURFACE_SIDE_STYLE('',(#11372));
#11370=SURFACE_STYLE_FILL_AREA(#11373);
#11371=SURFACE_STYLE_FILL_AREA(#11374);
#11372=SURFACE_STYLE_FILL_AREA(#11375);
#11373=FILL_AREA_STYLE('',(#11376));
#11374=FILL_AREA_STYLE('',(#11377));
#11375=FILL_AREA_STYLE('',(#11378));
#11376=FILL_AREA_STYLE_COLOUR('',#11379);
#11377=FILL_AREA_STYLE_COLOUR('',#11380);
#11378=FILL_AREA_STYLE_COLOUR('',#11381);
#11379=COLOUR_RGB('',0.92156862745098,0.92156862745098,0.92156862745098);
#11380=COLOUR_RGB('',0.701960784313725,0.552941176470588,0.00392156862745098);
#11381=COLOUR_RGB('',0.745098039215686,0.737254901960784,0.729411764705882);
#11382=AXIS2_PLACEMENT_3D('placement',#15395,#12280,#12281);
#11383=AXIS2_PLACEMENT_3D('placement',#15396,#12282,#12283);
#11384=AXIS2_PLACEMENT_3D('',#15397,#12284,#12285);
#11385=AXIS2_PLACEMENT_3D('',#15406,#12290,#12291);
#11386=AXIS2_PLACEMENT_3D('',#15415,#12296,#12297);
#11387=AXIS2_PLACEMENT_3D('',#15418,#12300,#12301);
#11388=AXIS2_PLACEMENT_3D('',#15420,#12303,#12304);
#11389=AXIS2_PLACEMENT_3D('',#15429,#12309,#12310);
#11390=AXIS2_PLACEMENT_3D('',#15438,#12315,#12316);
#11391=AXIS2_PLACEMENT_3D('',#15441,#12319,#12320);
#11392=AXIS2_PLACEMENT_3D('',#15443,#12322,#12323);
#11393=AXIS2_PLACEMENT_3D('',#15452,#12328,#12329);
#11394=AXIS2_PLACEMENT_3D('',#15461,#12334,#12335);
#11395=AXIS2_PLACEMENT_3D('',#15464,#12338,#12339);
#11396=AXIS2_PLACEMENT_3D('',#15482,#12349,#12350);
#11397=AXIS2_PLACEMENT_3D('',#15500,#12359,#12360);
#11398=AXIS2_PLACEMENT_3D('',#15514,#12368,#12369);
#11399=AXIS2_PLACEMENT_3D('',#15516,#12370,#12371);
#11400=AXIS2_PLACEMENT_3D('',#15518,#12372,#12373);
#11401=AXIS2_PLACEMENT_3D('',#15519,#12374,#12375);
#11402=AXIS2_PLACEMENT_3D('',#15521,#12376,#12377);
#11403=AXIS2_PLACEMENT_3D('',#15522,#12378,#12379);
#11404=AXIS2_PLACEMENT_3D('',#15523,#12380,#12381);
#11405=AXIS2_PLACEMENT_3D('',#15525,#12382,#12383);
#11406=AXIS2_PLACEMENT_3D('',#15527,#12384,#12385);
#11407=AXIS2_PLACEMENT_3D('',#15528,#12386,#12387);
#11408=AXIS2_PLACEMENT_3D('',#15530,#12388,#12389);
#11409=AXIS2_PLACEMENT_3D('',#15531,#12390,#12391);
#11410=AXIS2_PLACEMENT_3D('',#15532,#12392,#12393);
#11411=AXIS2_PLACEMENT_3D('',#15541,#12398,#12399);
#11412=AXIS2_PLACEMENT_3D('',#15545,#12401,#12402);
#11413=AXIS2_PLACEMENT_3D('',#15546,#12403,#12404);
#11414=AXIS2_PLACEMENT_3D('',#15547,#12405,#12406);
#11415=AXIS2_PLACEMENT_3D('',#15553,#12410,#12411);
#11416=AXIS2_PLACEMENT_3D('',#15554,#12412,#12413);
#11417=AXIS2_PLACEMENT_3D('',#15555,#12414,#12415);
#11418=AXIS2_PLACEMENT_3D('',#15556,#12416,#12417);
#11419=AXIS2_PLACEMENT_3D('',#15560,#12419,#12420);
#11420=AXIS2_PLACEMENT_3D('',#15562,#12422,#12423);
#11421=AXIS2_PLACEMENT_3D('',#15566,#12426,#12427);
#11422=AXIS2_PLACEMENT_3D('',#15571,#12429,#12430);
#11423=AXIS2_PLACEMENT_3D('',#15574,#12432,#12433);
#11424=AXIS2_PLACEMENT_3D('',#15575,#12434,#12435);
#11425=AXIS2_PLACEMENT_3D('',#15584,#12440,#12441);
#11426=AXIS2_PLACEMENT_3D('',#15586,#12442,#12443);
#11427=AXIS2_PLACEMENT_3D('',#15598,#12450,#12451);
#11428=AXIS2_PLACEMENT_3D('',#15601,#12453,#12454);
#11429=AXIS2_PLACEMENT_3D('',#15602,#12455,#12456);
#11430=AXIS2_PLACEMENT_3D('',#15606,#12459,#12460);
#11431=AXIS2_PLACEMENT_3D('',#15607,#12461,#12462);
#11432=AXIS2_PLACEMENT_3D('',#15608,#12463,#12464);
#11433=AXIS2_PLACEMENT_3D('',#15609,#12465,#12466);
#11434=AXIS2_PLACEMENT_3D('',#15611,#12467,#12468);
#11435=AXIS2_PLACEMENT_3D('',#15615,#12471,#12472);
#11436=AXIS2_PLACEMENT_3D('',#15617,#12473,#12474);
#11437=AXIS2_PLACEMENT_3D('',#15621,#12477,#12478);
#11438=AXIS2_PLACEMENT_3D('',#15622,#12479,#12480);
#11439=AXIS2_PLACEMENT_3D('',#15623,#12481,#12482);
#11440=AXIS2_PLACEMENT_3D('',#15624,#12483,#12484);
#11441=AXIS2_PLACEMENT_3D('',#15625,#12485,#12486);
#11442=AXIS2_PLACEMENT_3D('',#15626,#12487,#12488);
#11443=AXIS2_PLACEMENT_3D('',#15632,#12492,#12493);
#11444=AXIS2_PLACEMENT_3D('',#15636,#12495,#12496);
#11445=AXIS2_PLACEMENT_3D('',#15638,#12497,#12498);
#11446=AXIS2_PLACEMENT_3D('',#15639,#12499,#12500);
#11447=AXIS2_PLACEMENT_3D('',#15640,#12501,#12502);
#11448=AXIS2_PLACEMENT_3D('',#15650,#12508,#12509);
#11449=AXIS2_PLACEMENT_3D('',#15683,#12527,#12528);
#11450=AXIS2_PLACEMENT_3D('',#15692,#12533,#12534);
#11451=AXIS2_PLACEMENT_3D('',#15698,#12538,#12539);
#11452=AXIS2_PLACEMENT_3D('',#15704,#12543,#12544);
#11453=AXIS2_PLACEMENT_3D('',#15710,#12548,#12549);
#11454=AXIS2_PLACEMENT_3D('',#15716,#12553,#12554);
#11455=AXIS2_PLACEMENT_3D('',#15722,#12558,#12559);
#11456=AXIS2_PLACEMENT_3D('',#15728,#12563,#12564);
#11457=AXIS2_PLACEMENT_3D('',#15730,#12566,#12567);
#11458=AXIS2_PLACEMENT_3D('',#15750,#12579,#12580);
#11459=AXIS2_PLACEMENT_3D('',#15800,#12606,#12607);
#11460=AXIS2_PLACEMENT_3D('',#15802,#12609,#12610);
#11461=AXIS2_PLACEMENT_3D('',#15804,#12612,#12613);
#11462=AXIS2_PLACEMENT_3D('',#15810,#12617,#12618);
#11463=AXIS2_PLACEMENT_3D('',#15816,#12622,#12623);
#11464=AXIS2_PLACEMENT_3D('',#15822,#12627,#12628);
#11465=AXIS2_PLACEMENT_3D('',#15824,#12630,#12631);
#11466=AXIS2_PLACEMENT_3D('',#15833,#12637,#12638);
#11467=AXIS2_PLACEMENT_3D('',#15839,#12642,#12643);
#11468=AXIS2_PLACEMENT_3D('',#15843,#12646,#12647);
#11469=AXIS2_PLACEMENT_3D('',#15851,#12652,#12653);
#11470=AXIS2_PLACEMENT_3D('',#15855,#12656,#12657);
#11471=AXIS2_PLACEMENT_3D('',#15861,#12661,#12662);
#11472=AXIS2_PLACEMENT_3D('',#15869,#12667,#12668);
#11473=AXIS2_PLACEMENT_3D('',#15873,#12671,#12672);
#11474=AXIS2_PLACEMENT_3D('',#15881,#12677,#12678);
#11475=AXIS2_PLACEMENT_3D('',#15921,#12699,#12700);
#11476=AXIS2_PLACEMENT_3D('',#15923,#12702,#12703);
#11477=AXIS2_PLACEMENT_3D('',#15931,#12708,#12709);
#11478=AXIS2_PLACEMENT_3D('',#15935,#12712,#12713);
#11479=AXIS2_PLACEMENT_3D('',#15939,#12716,#12717);
#11480=AXIS2_PLACEMENT_3D('',#15941,#12719,#12720);
#11481=AXIS2_PLACEMENT_3D('',#15945,#12723,#12724);
#11482=AXIS2_PLACEMENT_3D('',#15949,#12727,#12728);
#11483=AXIS2_PLACEMENT_3D('',#15953,#12731,#12732);
#11484=AXIS2_PLACEMENT_3D('',#15959,#12736,#12737);
#11485=AXIS2_PLACEMENT_3D('',#15967,#12742,#12743);
#11486=AXIS2_PLACEMENT_3D('',#15969,#12745,#12746);
#11487=AXIS2_PLACEMENT_3D('',#15973,#12749,#12750);
#11488=AXIS2_PLACEMENT_3D('',#15977,#12753,#12754);
#11489=AXIS2_PLACEMENT_3D('',#15979,#12756,#12757);
#11490=AXIS2_PLACEMENT_3D('',#15980,#12758,#12759);
#11491=AXIS2_PLACEMENT_3D('',#15982,#12761,#12762);
#11492=AXIS2_PLACEMENT_3D('',#15984,#12764,#12765);
#11493=AXIS2_PLACEMENT_3D('',#15990,#12769,#12770);
#11494=AXIS2_PLACEMENT_3D('',#15994,#12773,#12774);
#11495=AXIS2_PLACEMENT_3D('',#15998,#12777,#12778);
#11496=AXIS2_PLACEMENT_3D('',#16002,#12781,#12782);
#11497=AXIS2_PLACEMENT_3D('',#16010,#12787,#12788);
#11498=AXIS2_PLACEMENT_3D('',#16020,#12794,#12795);
#11499=AXIS2_PLACEMENT_3D('',#16022,#12797,#12798);
#11500=AXIS2_PLACEMENT_3D('',#16025,#12801,#12802);
#11501=AXIS2_PLACEMENT_3D('',#16031,#12806,#12807);
#11502=AXIS2_PLACEMENT_3D('',#16035,#12810,#12811);
#11503=AXIS2_PLACEMENT_3D('',#16037,#12813,#12814);
#11504=AXIS2_PLACEMENT_3D('',#16047,#12820,#12821);
#11505=AXIS2_PLACEMENT_3D('',#16049,#12823,#12824);
#11506=AXIS2_PLACEMENT_3D('',#16051,#12826,#12827);
#11507=AXIS2_PLACEMENT_3D('',#16053,#12829,#12830);
#11508=AXIS2_PLACEMENT_3D('',#16055,#12832,#12833);
#11509=AXIS2_PLACEMENT_3D('',#16066,#12840,#12841);
#11510=AXIS2_PLACEMENT_3D('',#16087,#12852,#12853);
#11511=AXIS2_PLACEMENT_3D('',#16094,#12858,#12859);
#11512=AXIS2_PLACEMENT_3D('',#16096,#12860,#12861);
#11513=AXIS2_PLACEMENT_3D('',#16102,#12865,#12866);
#11514=AXIS2_PLACEMENT_3D('',#16107,#12870,#12871);
#11515=AXIS2_PLACEMENT_3D('',#16109,#12873,#12874);
#11516=AXIS2_PLACEMENT_3D('',#16111,#12876,#12877);
#11517=AXIS2_PLACEMENT_3D('',#16113,#12878,#12879);
#11518=AXIS2_PLACEMENT_3D('',#16115,#12881,#12882);
#11519=AXIS2_PLACEMENT_3D('',#16120,#12886,#12887);
#11520=AXIS2_PLACEMENT_3D('',#16124,#12890,#12891);
#11521=AXIS2_PLACEMENT_3D('',#16129,#12895,#12896);
#11522=AXIS2_PLACEMENT_3D('',#16130,#12897,#12898);
#11523=AXIS2_PLACEMENT_3D('',#16139,#12903,#12904);
#11524=AXIS2_PLACEMENT_3D('',#16148,#12909,#12910);
#11525=AXIS2_PLACEMENT_3D('',#16154,#12914,#12915);
#11526=AXIS2_PLACEMENT_3D('',#16170,#12924,#12925);
#11527=AXIS2_PLACEMENT_3D('',#16174,#12928,#12929);
#11528=AXIS2_PLACEMENT_3D('',#16178,#12932,#12933);
#11529=AXIS2_PLACEMENT_3D('',#16182,#12936,#12937);
#11530=AXIS2_PLACEMENT_3D('',#16186,#12940,#12941);
#11531=AXIS2_PLACEMENT_3D('',#16190,#12944,#12945);
#11532=AXIS2_PLACEMENT_3D('',#16191,#12946,#12947);
#11533=AXIS2_PLACEMENT_3D('',#16193,#12949,#12950);
#11534=AXIS2_PLACEMENT_3D('',#16203,#12956,#12957);
#11535=AXIS2_PLACEMENT_3D('',#16207,#12960,#12961);
#11536=AXIS2_PLACEMENT_3D('',#16209,#12963,#12964);
#11537=AXIS2_PLACEMENT_3D('',#16213,#12967,#12968);
#11538=AXIS2_PLACEMENT_3D('',#16215,#12970,#12971);
#11539=AXIS2_PLACEMENT_3D('',#16216,#12972,#12973);
#11540=AXIS2_PLACEMENT_3D('',#16218,#12974,#12975);
#11541=AXIS2_PLACEMENT_3D('',#16220,#12976,#12977);
#11542=AXIS2_PLACEMENT_3D('',#16222,#12979,#12980);
#11543=AXIS2_PLACEMENT_3D('',#16224,#12981,#12982);
#11544=AXIS2_PLACEMENT_3D('',#16227,#12984,#12985);
#11545=AXIS2_PLACEMENT_3D('',#16228,#12986,#12987);
#11546=AXIS2_PLACEMENT_3D('',#16233,#12992,#12993);
#11547=AXIS2_PLACEMENT_3D('',#16234,#12994,#12995);
#11548=AXIS2_PLACEMENT_3D('',#16240,#12999,#13000);
#11549=AXIS2_PLACEMENT_3D('',#16259,#13011,#13012);
#11550=AXIS2_PLACEMENT_3D('',#16266,#13017,#13018);
#11551=AXIS2_PLACEMENT_3D('',#16270,#13021,#13022);
#11552=AXIS2_PLACEMENT_3D('',#16278,#13027,#13028);
#11553=AXIS2_PLACEMENT_3D('',#16284,#13031,#13032);
#11554=AXIS2_PLACEMENT_3D('',#16286,#13034,#13035);
#11555=AXIS2_PLACEMENT_3D('',#16294,#13040,#13041);
#11556=AXIS2_PLACEMENT_3D('',#16298,#13044,#13045);
#11557=AXIS2_PLACEMENT_3D('',#16302,#13048,#13049);
#11558=AXIS2_PLACEMENT_3D('',#16308,#13053,#13054);
#11559=AXIS2_PLACEMENT_3D('',#16310,#13056,#13057);
#11560=AXIS2_PLACEMENT_3D('',#16311,#13058,#13059);
#11561=AXIS2_PLACEMENT_3D('',#16315,#13062,#13063);
#11562=AXIS2_PLACEMENT_3D('',#16321,#13067,#13068);
#11563=AXIS2_PLACEMENT_3D('',#16327,#13072,#13073);
#11564=AXIS2_PLACEMENT_3D('',#16329,#13075,#13076);
#11565=AXIS2_PLACEMENT_3D('',#16331,#13078,#13079);
#11566=AXIS2_PLACEMENT_3D('',#16337,#13083,#13084);
#11567=AXIS2_PLACEMENT_3D('',#16339,#13086,#13087);
#11568=AXIS2_PLACEMENT_3D('',#16341,#13089,#13090);
#11569=AXIS2_PLACEMENT_3D('',#16347,#13094,#13095);
#11570=AXIS2_PLACEMENT_3D('',#16353,#13099,#13100);
#11571=AXIS2_PLACEMENT_3D('',#16355,#13102,#13103);
#11572=AXIS2_PLACEMENT_3D('',#16361,#13107,#13108);
#11573=AXIS2_PLACEMENT_3D('',#16363,#13110,#13111);
#11574=AXIS2_PLACEMENT_3D('',#16367,#13114,#13115);
#11575=AXIS2_PLACEMENT_3D('',#16371,#13118,#13119);
#11576=AXIS2_PLACEMENT_3D('',#16375,#13122,#13123);
#11577=AXIS2_PLACEMENT_3D('',#16376,#13124,#13125);
#11578=AXIS2_PLACEMENT_3D('',#16377,#13126,#13127);
#11579=AXIS2_PLACEMENT_3D('',#16379,#13129,#13130);
#11580=AXIS2_PLACEMENT_3D('',#16381,#13132,#13133);
#11581=AXIS2_PLACEMENT_3D('',#16382,#13134,#13135);
#11582=AXIS2_PLACEMENT_3D('',#16383,#13136,#13137);
#11583=AXIS2_PLACEMENT_3D('',#16385,#13138,#13139);
#11584=AXIS2_PLACEMENT_3D('',#16386,#13140,#13141);
#11585=AXIS2_PLACEMENT_3D('',#16388,#13142,#13143);
#11586=AXIS2_PLACEMENT_3D('',#16389,#13144,#13145);
#11587=AXIS2_PLACEMENT_3D('',#16390,#13146,#13147);
#11588=AXIS2_PLACEMENT_3D('',#16394,#13150,#13151);
#11589=AXIS2_PLACEMENT_3D('',#16395,#13152,#13153);
#11590=AXIS2_PLACEMENT_3D('',#16396,#13154,#13155);
#11591=AXIS2_PLACEMENT_3D('',#16397,#13156,#13157);
#11592=AXIS2_PLACEMENT_3D('',#16400,#13159,#13160);
#11593=AXIS2_PLACEMENT_3D('',#16401,#13161,#13162);
#11594=AXIS2_PLACEMENT_3D('',#16405,#13165,#13166);
#11595=AXIS2_PLACEMENT_3D('',#16407,#13167,#13168);
#11596=AXIS2_PLACEMENT_3D('',#16408,#13169,#13170);
#11597=AXIS2_PLACEMENT_3D('',#16409,#13171,#13172);
#11598=AXIS2_PLACEMENT_3D('',#16413,#13176,#13177);
#11599=AXIS2_PLACEMENT_3D('',#16417,#13180,#13181);
#11600=AXIS2_PLACEMENT_3D('',#16419,#13183,#13184);
#11601=AXIS2_PLACEMENT_3D('',#16421,#13186,#13187);
#11602=AXIS2_PLACEMENT_3D('',#16423,#13189,#13190);
#11603=AXIS2_PLACEMENT_3D('',#16425,#13192,#13193);
#11604=AXIS2_PLACEMENT_3D('placement',#16426,#13194,#13195);
#11605=AXIS2_PLACEMENT_3D('',#16427,#13196,#13197);
#11606=AXIS2_PLACEMENT_3D('',#16430,#13198,#13199);
#11607=AXIS2_PLACEMENT_3D('',#16434,#13201,#13202);
#11608=AXIS2_PLACEMENT_3D('',#16436,#13203,#13204);
#11609=AXIS2_PLACEMENT_3D('',#16439,#13206,#13207);
#11610=AXIS2_PLACEMENT_3D('',#16440,#13208,#13209);
#11611=AXIS2_PLACEMENT_3D('',#16446,#13213,#13214);
#11612=AXIS2_PLACEMENT_3D('',#16449,#13215,#13216);
#11613=AXIS2_PLACEMENT_3D('',#16453,#13218,#13219);
#11614=AXIS2_PLACEMENT_3D('',#16455,#13220,#13221);
#11615=AXIS2_PLACEMENT_3D('',#16458,#13223,#13224);
#11616=AXIS2_PLACEMENT_3D('',#16459,#13225,#13226);
#11617=AXIS2_PLACEMENT_3D('',#16461,#13227,#13228);
#11618=AXIS2_PLACEMENT_3D('',#16464,#13230,#13231);
#11619=AXIS2_PLACEMENT_3D('',#16465,#13232,#13233);
#11620=AXIS2_PLACEMENT_3D('',#16468,#13234,#13235);
#11621=AXIS2_PLACEMENT_3D('',#16472,#13237,#13238);
#11622=AXIS2_PLACEMENT_3D('',#16474,#13239,#13240);
#11623=AXIS2_PLACEMENT_3D('',#16494,#13242,#13243);
#11624=AXIS2_PLACEMENT_3D('',#16504,#13244,#13245);
#11625=AXIS2_PLACEMENT_3D('',#16506,#13246,#13247);
#11626=AXIS2_PLACEMENT_3D('',#16510,#13249,#13250);
#11627=AXIS2_PLACEMENT_3D('',#16523,#13252,#13253);
#11628=AXIS2_PLACEMENT_3D('',#16527,#13255,#13256);
#11629=AXIS2_PLACEMENT_3D('',#16531,#13258,#13259);
#11630=AXIS2_PLACEMENT_3D('',#16535,#13261,#13262);
#11631=AXIS2_PLACEMENT_3D('',#16543,#13266,#13267);
#11632=AXIS2_PLACEMENT_3D('',#16547,#13269,#13270);
#11633=AXIS2_PLACEMENT_3D('',#16550,#13272,#13273);
#11634=AXIS2_PLACEMENT_3D('',#16551,#13274,#13275);
#11635=AXIS2_PLACEMENT_3D('',#16553,#13276,#13277);
#11636=AXIS2_PLACEMENT_3D('',#16557,#13279,#13280);
#11637=AXIS2_PLACEMENT_3D('',#16561,#13282,#13283);
#11638=AXIS2_PLACEMENT_3D('',#16569,#13287,#13288);
#11639=AXIS2_PLACEMENT_3D('',#16573,#13290,#13291);
#11640=AXIS2_PLACEMENT_3D('',#16577,#13293,#13294);
#11641=AXIS2_PLACEMENT_3D('',#16579,#13296,#13297);
#11642=AXIS2_PLACEMENT_3D('',#16582,#13300,#13301);
#11643=AXIS2_PLACEMENT_3D('',#16584,#13303,#13304);
#11644=AXIS2_PLACEMENT_3D('',#16587,#13307,#13308);
#11645=AXIS2_PLACEMENT_3D('',#16589,#13310,#13311);
#11646=AXIS2_PLACEMENT_3D('',#16591,#13313,#13314);
#11647=AXIS2_PLACEMENT_3D('',#16593,#13316,#13317);
#11648=AXIS2_PLACEMENT_3D('',#16595,#13319,#13320);
#11649=AXIS2_PLACEMENT_3D('',#16597,#13322,#13323);
#11650=AXIS2_PLACEMENT_3D('',#16599,#13324,#13325);
#11651=AXIS2_PLACEMENT_3D('',#16602,#13327,#13328);
#11652=AXIS2_PLACEMENT_3D('',#16603,#13329,#13330);
#11653=AXIS2_PLACEMENT_3D('',#16606,#13332,#13333);
#11654=AXIS2_PLACEMENT_3D('',#16608,#13335,#13336);
#11655=AXIS2_PLACEMENT_3D('',#16610,#13337,#13338);
#11656=AXIS2_PLACEMENT_3D('',#16612,#13340,#13341);
#11657=AXIS2_PLACEMENT_3D('',#16615,#13344,#13345);
#11658=AXIS2_PLACEMENT_3D('',#16621,#13349,#13350);
#11659=AXIS2_PLACEMENT_3D('',#16625,#13353,#13354);
#11660=AXIS2_PLACEMENT_3D('',#16626,#13355,#13356);
#11661=AXIS2_PLACEMENT_3D('',#16628,#13357,#13358);
#11662=AXIS2_PLACEMENT_3D('',#16631,#13361,#13362);
#11663=AXIS2_PLACEMENT_3D('',#16632,#13363,#13364);
#11664=AXIS2_PLACEMENT_3D('',#16633,#13365,#13366);
#11665=AXIS2_PLACEMENT_3D('',#16635,#13368,#13369);
#11666=AXIS2_PLACEMENT_3D('',#16637,#13371,#13372);
#11667=AXIS2_PLACEMENT_3D('',#16639,#13374,#13375);
#11668=AXIS2_PLACEMENT_3D('',#16641,#13377,#13378);
#11669=AXIS2_PLACEMENT_3D('',#16643,#13380,#13381);
#11670=AXIS2_PLACEMENT_3D('',#16645,#13383,#13384);
#11671=AXIS2_PLACEMENT_3D('',#16647,#13386,#13387);
#11672=AXIS2_PLACEMENT_3D('',#16648,#13388,#13389);
#11673=AXIS2_PLACEMENT_3D('',#16658,#13395,#13396);
#11674=AXIS2_PLACEMENT_3D('',#16664,#13400,#13401);
#11675=AXIS2_PLACEMENT_3D('',#16666,#13403,#13404);
#11676=AXIS2_PLACEMENT_3D('',#16670,#13407,#13408);
#11677=AXIS2_PLACEMENT_3D('',#16674,#13411,#13412);
#11678=AXIS2_PLACEMENT_3D('',#16676,#13414,#13415);
#11679=AXIS2_PLACEMENT_3D('placement',#16677,#13416,#13417);
#11680=AXIS2_PLACEMENT_3D('',#16678,#13418,#13419);
#11681=AXIS2_PLACEMENT_3D('',#16681,#13420,#13421);
#11682=AXIS2_PLACEMENT_3D('',#16685,#13423,#13424);
#11683=AXIS2_PLACEMENT_3D('',#16687,#13425,#13426);
#11684=AXIS2_PLACEMENT_3D('',#16690,#13428,#13429);
#11685=AXIS2_PLACEMENT_3D('',#16691,#13430,#13431);
#11686=AXIS2_PLACEMENT_3D('',#16697,#13435,#13436);
#11687=AXIS2_PLACEMENT_3D('',#16700,#13437,#13438);
#11688=AXIS2_PLACEMENT_3D('',#16704,#13440,#13441);
#11689=AXIS2_PLACEMENT_3D('',#16706,#13442,#13443);
#11690=AXIS2_PLACEMENT_3D('',#16709,#13445,#13446);
#11691=AXIS2_PLACEMENT_3D('',#16710,#13447,#13448);
#11692=AXIS2_PLACEMENT_3D('',#16712,#13449,#13450);
#11693=AXIS2_PLACEMENT_3D('',#16715,#13452,#13453);
#11694=AXIS2_PLACEMENT_3D('',#16716,#13454,#13455);
#11695=AXIS2_PLACEMENT_3D('',#16726,#13456,#13457);
#11696=AXIS2_PLACEMENT_3D('',#16728,#13458,#13459);
#11697=AXIS2_PLACEMENT_3D('',#16732,#13461,#13462);
#11698=AXIS2_PLACEMENT_3D('',#16745,#13464,#13465);
#11699=AXIS2_PLACEMENT_3D('',#16748,#13466,#13467);
#11700=AXIS2_PLACEMENT_3D('',#16752,#13469,#13470);
#11701=AXIS2_PLACEMENT_3D('',#16754,#13471,#13472);
#11702=AXIS2_PLACEMENT_3D('',#16774,#13474,#13475);
#11703=AXIS2_PLACEMENT_3D('',#16776,#13476,#13477);
#11704=AXIS2_PLACEMENT_3D('',#16780,#13479,#13480);
#11705=AXIS2_PLACEMENT_3D('',#16784,#13482,#13483);
#11706=AXIS2_PLACEMENT_3D('',#16792,#13487,#13488);
#11707=AXIS2_PLACEMENT_3D('',#16796,#13490,#13491);
#11708=AXIS2_PLACEMENT_3D('',#16800,#13493,#13494);
#11709=AXIS2_PLACEMENT_3D('',#16802,#13496,#13497);
#11710=AXIS2_PLACEMENT_3D('',#16806,#13499,#13500);
#11711=AXIS2_PLACEMENT_3D('',#16810,#13502,#13503);
#11712=AXIS2_PLACEMENT_3D('',#16814,#13505,#13506);
#11713=AXIS2_PLACEMENT_3D('',#16822,#13510,#13511);
#11714=AXIS2_PLACEMENT_3D('',#16826,#13513,#13514);
#11715=AXIS2_PLACEMENT_3D('',#16829,#13516,#13517);
#11716=AXIS2_PLACEMENT_3D('',#16830,#13518,#13519);
#11717=AXIS2_PLACEMENT_3D('',#16833,#13522,#13523);
#11718=AXIS2_PLACEMENT_3D('',#16836,#13526,#13527);
#11719=AXIS2_PLACEMENT_3D('',#16838,#13529,#13530);
#11720=AXIS2_PLACEMENT_3D('',#16840,#13532,#13533);
#11721=AXIS2_PLACEMENT_3D('',#16842,#13535,#13536);
#11722=AXIS2_PLACEMENT_3D('',#16844,#13538,#13539);
#11723=AXIS2_PLACEMENT_3D('',#16846,#13541,#13542);
#11724=AXIS2_PLACEMENT_3D('',#16848,#13544,#13545);
#11725=AXIS2_PLACEMENT_3D('',#16850,#13546,#13547);
#11726=AXIS2_PLACEMENT_3D('',#16853,#13549,#13550);
#11727=AXIS2_PLACEMENT_3D('',#16854,#13551,#13552);
#11728=AXIS2_PLACEMENT_3D('',#16857,#13554,#13555);
#11729=AXIS2_PLACEMENT_3D('',#16859,#13557,#13558);
#11730=AXIS2_PLACEMENT_3D('',#16861,#13559,#13560);
#11731=AXIS2_PLACEMENT_3D('',#16863,#13562,#13563);
#11732=AXIS2_PLACEMENT_3D('',#16866,#13566,#13567);
#11733=AXIS2_PLACEMENT_3D('',#16872,#13571,#13572);
#11734=AXIS2_PLACEMENT_3D('',#16876,#13575,#13576);
#11735=AXIS2_PLACEMENT_3D('',#16877,#13577,#13578);
#11736=AXIS2_PLACEMENT_3D('',#16881,#13581,#13582);
#11737=AXIS2_PLACEMENT_3D('',#16882,#13583,#13584);
#11738=AXIS2_PLACEMENT_3D('',#16884,#13586,#13587);
#11739=AXIS2_PLACEMENT_3D('',#16885,#13588,#13589);
#11740=AXIS2_PLACEMENT_3D('',#16886,#13590,#13591);
#11741=AXIS2_PLACEMENT_3D('',#16888,#13593,#13594);
#11742=AXIS2_PLACEMENT_3D('',#16890,#13596,#13597);
#11743=AXIS2_PLACEMENT_3D('',#16892,#13599,#13600);
#11744=AXIS2_PLACEMENT_3D('',#16894,#13602,#13603);
#11745=AXIS2_PLACEMENT_3D('',#16896,#13605,#13606);
#11746=AXIS2_PLACEMENT_3D('',#16898,#13608,#13609);
#11747=AXIS2_PLACEMENT_3D('',#16899,#13610,#13611);
#11748=AXIS2_PLACEMENT_3D('',#16909,#13617,#13618);
#11749=AXIS2_PLACEMENT_3D('',#16915,#13622,#13623);
#11750=AXIS2_PLACEMENT_3D('',#16917,#13625,#13626);
#11751=AXIS2_PLACEMENT_3D('',#16921,#13629,#13630);
#11752=AXIS2_PLACEMENT_3D('',#16925,#13633,#13634);
#11753=AXIS2_PLACEMENT_3D('',#16927,#13636,#13637);
#11754=AXIS2_PLACEMENT_3D('placement',#16928,#13638,#13639);
#11755=AXIS2_PLACEMENT_3D('',#16929,#13640,#13641);
#11756=AXIS2_PLACEMENT_3D('',#16932,#13642,#13643);
#11757=AXIS2_PLACEMENT_3D('',#16936,#13645,#13646);
#11758=AXIS2_PLACEMENT_3D('',#16938,#13648,#13649);
#11759=AXIS2_PLACEMENT_3D('',#16944,#13653,#13654);
#11760=AXIS2_PLACEMENT_3D('',#16946,#13655,#13656);
#11761=AXIS2_PLACEMENT_3D('',#16948,#13657,#13658);
#11762=AXIS2_PLACEMENT_3D('',#16950,#13660,#13661);
#11763=AXIS2_PLACEMENT_3D('',#16956,#13665,#13666);
#11764=AXIS2_PLACEMENT_3D('',#16964,#13670,#13671);
#11765=AXIS2_PLACEMENT_3D('',#16968,#13673,#13674);
#11766=AXIS2_PLACEMENT_3D('',#16976,#13678,#13679);
#11767=AXIS2_PLACEMENT_3D('',#16980,#13681,#13682);
#11768=AXIS2_PLACEMENT_3D('',#16990,#13687,#13688);
#11769=AXIS2_PLACEMENT_3D('',#17002,#13695,#13696);
#11770=AXIS2_PLACEMENT_3D('',#17006,#13698,#13699);
#11771=AXIS2_PLACEMENT_3D('',#17008,#13701,#13702);
#11772=AXIS2_PLACEMENT_3D('',#17012,#13705,#13706);
#11773=AXIS2_PLACEMENT_3D('',#17015,#13707,#13708);
#11774=AXIS2_PLACEMENT_3D('',#17018,#13711,#13712);
#11775=AXIS2_PLACEMENT_3D('',#17022,#13715,#13716);
#11776=AXIS2_PLACEMENT_3D('',#17024,#13717,#13718);
#11777=AXIS2_PLACEMENT_3D('',#17026,#13720,#13721);
#11778=AXIS2_PLACEMENT_3D('',#17030,#13723,#13724);
#11779=AXIS2_PLACEMENT_3D('',#17032,#13726,#13727);
#11780=AXIS2_PLACEMENT_3D('',#17036,#13730,#13731);
#11781=AXIS2_PLACEMENT_3D('',#17039,#13733,#13734);
#11782=AXIS2_PLACEMENT_3D('',#17040,#13735,#13736);
#11783=AXIS2_PLACEMENT_3D('',#17042,#13737,#13738);
#11784=AXIS2_PLACEMENT_3D('',#17050,#13742,#13743);
#11785=AXIS2_PLACEMENT_3D('',#17052,#13745,#13746);
#11786=AXIS2_PLACEMENT_3D('',#17056,#13749,#13750);
#11787=AXIS2_PLACEMENT_3D('',#17060,#13753,#13754);
#11788=AXIS2_PLACEMENT_3D('',#17066,#13757,#13758);
#11789=AXIS2_PLACEMENT_3D('',#17070,#13760,#13761);
#11790=AXIS2_PLACEMENT_3D('',#17074,#13763,#13764);
#11791=AXIS2_PLACEMENT_3D('',#17082,#13768,#13769);
#11792=AXIS2_PLACEMENT_3D('',#17086,#13771,#13772);
#11793=AXIS2_PLACEMENT_3D('',#17089,#13774,#13775);
#11794=AXIS2_PLACEMENT_3D('',#17090,#13776,#13777);
#11795=AXIS2_PLACEMENT_3D('',#17095,#13779,#13780);
#11796=AXIS2_PLACEMENT_3D('',#17099,#13782,#13783);
#11797=AXIS2_PLACEMENT_3D('',#17103,#13785,#13786);
#11798=AXIS2_PLACEMENT_3D('',#17111,#13790,#13791);
#11799=AXIS2_PLACEMENT_3D('',#17115,#13793,#13794);
#11800=AXIS2_PLACEMENT_3D('',#17119,#13796,#13797);
#11801=AXIS2_PLACEMENT_3D('',#17123,#13800,#13801);
#11802=AXIS2_PLACEMENT_3D('',#17126,#13804,#13805);
#11803=AXIS2_PLACEMENT_3D('',#17128,#13807,#13808);
#11804=AXIS2_PLACEMENT_3D('',#17130,#13810,#13811);
#11805=AXIS2_PLACEMENT_3D('',#17132,#13813,#13814);
#11806=AXIS2_PLACEMENT_3D('',#17134,#13816,#13817);
#11807=AXIS2_PLACEMENT_3D('',#17136,#13819,#13820);
#11808=AXIS2_PLACEMENT_3D('',#17138,#13822,#13823);
#11809=AXIS2_PLACEMENT_3D('',#17142,#13825,#13826);
#11810=AXIS2_PLACEMENT_3D('',#17146,#13829,#13830);
#11811=AXIS2_PLACEMENT_3D('',#17147,#13831,#13832);
#11812=AXIS2_PLACEMENT_3D('',#17149,#13834,#13835);
#11813=AXIS2_PLACEMENT_3D('',#17152,#13838,#13839);
#11814=AXIS2_PLACEMENT_3D('',#17153,#13840,#13841);
#11815=AXIS2_PLACEMENT_3D('',#17155,#13843,#13844);
#11816=AXIS2_PLACEMENT_3D('',#17157,#13846,#13847);
#11817=AXIS2_PLACEMENT_3D('',#17159,#13849,#13850);
#11818=AXIS2_PLACEMENT_3D('',#17161,#13852,#13853);
#11819=AXIS2_PLACEMENT_3D('',#17163,#13855,#13856);
#11820=AXIS2_PLACEMENT_3D('',#17165,#13858,#13859);
#11821=AXIS2_PLACEMENT_3D('',#17166,#13860,#13861);
#11822=AXIS2_PLACEMENT_3D('',#17170,#13864,#13865);
#11823=AXIS2_PLACEMENT_3D('',#17174,#13868,#13869);
#11824=AXIS2_PLACEMENT_3D('',#17178,#13872,#13873);
#11825=AXIS2_PLACEMENT_3D('',#17180,#13875,#13876);
#11826=AXIS2_PLACEMENT_3D('',#17184,#13879,#13880);
#11827=AXIS2_PLACEMENT_3D('',#17188,#13883,#13884);
#11828=AXIS2_PLACEMENT_3D('',#17190,#13886,#13887);
#11829=AXIS2_PLACEMENT_3D('',#17194,#13890,#13891);
#11830=AXIS2_PLACEMENT_3D('',#17198,#13894,#13895);
#11831=AXIS2_PLACEMENT_3D('',#17200,#13897,#13898);
#11832=AXIS2_PLACEMENT_3D('placement',#17201,#13899,#13900);
#11833=AXIS2_PLACEMENT_3D('',#17202,#13901,#13902);
#11834=AXIS2_PLACEMENT_3D('',#17228,#13905,#13906);
#11835=AXIS2_PLACEMENT_3D('',#17229,#13907,#13908);
#11836=AXIS2_PLACEMENT_3D('',#17231,#13909,#13910);
#11837=AXIS2_PLACEMENT_3D('',#17235,#13912,#13913);
#11838=AXIS2_PLACEMENT_3D('',#17243,#13917,#13918);
#11839=AXIS2_PLACEMENT_3D('',#17245,#13920,#13921);
#11840=AXIS2_PLACEMENT_3D('',#17248,#13922,#13923);
#11841=AXIS2_PLACEMENT_3D('',#17272,#13926,#13927);
#11842=AXIS2_PLACEMENT_3D('',#17278,#13931,#13932);
#11843=AXIS2_PLACEMENT_3D('',#17281,#13933,#13934);
#11844=AXIS2_PLACEMENT_3D('',#17285,#13936,#13937);
#11845=AXIS2_PLACEMENT_3D('',#17287,#13939,#13940);
#11846=AXIS2_PLACEMENT_3D('',#17293,#13944,#13945);
#11847=AXIS2_PLACEMENT_3D('',#17305,#13952,#13953);
#11848=AXIS2_PLACEMENT_3D('',#17317,#13959,#13960);
#11849=AXIS2_PLACEMENT_3D('',#17320,#13962,#13963);
#11850=AXIS2_PLACEMENT_3D('',#17321,#13964,#13965);
#11851=AXIS2_PLACEMENT_3D('',#17324,#13967,#13968);
#11852=AXIS2_PLACEMENT_3D('',#17325,#13969,#13970);
#11853=AXIS2_PLACEMENT_3D('',#17329,#13972,#13973);
#11854=AXIS2_PLACEMENT_3D('',#17341,#13979,#13980);
#11855=AXIS2_PLACEMENT_3D('',#17351,#13987,#13988);
#11856=AXIS2_PLACEMENT_3D('',#17353,#13990,#13991);
#11857=AXIS2_PLACEMENT_3D('',#17355,#13993,#13994);
#11858=AXIS2_PLACEMENT_3D('',#17358,#13997,#13998);
#11859=AXIS2_PLACEMENT_3D('',#17360,#14000,#14001);
#11860=AXIS2_PLACEMENT_3D('',#17363,#14004,#14005);
#11861=AXIS2_PLACEMENT_3D('',#17364,#14006,#14007);
#11862=AXIS2_PLACEMENT_3D('',#17366,#14009,#14010);
#11863=AXIS2_PLACEMENT_3D('',#17370,#14012,#14013);
#11864=AXIS2_PLACEMENT_3D('',#17378,#14017,#14018);
#11865=AXIS2_PLACEMENT_3D('',#17381,#14020,#14021);
#11866=AXIS2_PLACEMENT_3D('',#17382,#14022,#14023);
#11867=AXIS2_PLACEMENT_3D('',#17384,#14025,#14026);
#11868=AXIS2_PLACEMENT_3D('',#17386,#14028,#14029);
#11869=AXIS2_PLACEMENT_3D('',#17388,#14031,#14032);
#11870=AXIS2_PLACEMENT_3D('',#17391,#14035,#14036);
#11871=AXIS2_PLACEMENT_3D('',#17393,#14038,#14039);
#11872=AXIS2_PLACEMENT_3D('',#17395,#14041,#14042);
#11873=AXIS2_PLACEMENT_3D('',#17396,#14043,#14044);
#11874=AXIS2_PLACEMENT_3D('',#17398,#14046,#14047);
#11875=AXIS2_PLACEMENT_3D('',#17399,#14048,#14049);
#11876=AXIS2_PLACEMENT_3D('',#17401,#14051,#14052);
#11877=AXIS2_PLACEMENT_3D('',#17402,#14053,#14054);
#11878=AXIS2_PLACEMENT_3D('',#17403,#14055,#14056);
#11879=AXIS2_PLACEMENT_3D('',#17405,#14058,#14059);
#11880=AXIS2_PLACEMENT_3D('',#17407,#14061,#14062);
#11881=AXIS2_PLACEMENT_3D('placement',#17408,#14063,#14064);
#11882=AXIS2_PLACEMENT_3D('',#17409,#14065,#14066);
#11883=AXIS2_PLACEMENT_3D('',#17412,#14067,#14068);
#11884=AXIS2_PLACEMENT_3D('',#17416,#14070,#14071);
#11885=AXIS2_PLACEMENT_3D('',#17418,#14073,#14074);
#11886=AXIS2_PLACEMENT_3D('',#17424,#14078,#14079);
#11887=AXIS2_PLACEMENT_3D('',#17432,#14083,#14084);
#11888=AXIS2_PLACEMENT_3D('',#17444,#14090,#14091);
#11889=AXIS2_PLACEMENT_3D('',#17448,#14093,#14094);
#11890=AXIS2_PLACEMENT_3D('',#17452,#14097,#14098);
#11891=AXIS2_PLACEMENT_3D('',#17456,#14100,#14101);
#11892=AXIS2_PLACEMENT_3D('',#17458,#14103,#14104);
#11893=AXIS2_PLACEMENT_3D('',#17462,#14107,#14108);
#11894=AXIS2_PLACEMENT_3D('',#17465,#14109,#14110);
#11895=AXIS2_PLACEMENT_3D('',#17468,#14113,#14114);
#11896=AXIS2_PLACEMENT_3D('',#17472,#14117,#14118);
#11897=AXIS2_PLACEMENT_3D('',#17490,#14119,#14120);
#11898=AXIS2_PLACEMENT_3D('',#17493,#14122,#14123);
#11899=AXIS2_PLACEMENT_3D('',#17494,#14124,#14125);
#11900=AXIS2_PLACEMENT_3D('',#17498,#14127,#14128);
#11901=AXIS2_PLACEMENT_3D('',#17506,#14132,#14133);
#11902=AXIS2_PLACEMENT_3D('',#17508,#14135,#14136);
#11903=AXIS2_PLACEMENT_3D('',#17510,#14137,#14138);
#11904=AXIS2_PLACEMENT_3D('',#17512,#14140,#14141);
#11905=AXIS2_PLACEMENT_3D('',#17515,#14142,#14143);
#11906=AXIS2_PLACEMENT_3D('',#17519,#14145,#14146);
#11907=AXIS2_PLACEMENT_3D('',#17536,#14148,#14149);
#11908=AXIS2_PLACEMENT_3D('',#17538,#14151,#14152);
#11909=AXIS2_PLACEMENT_3D('',#17542,#14154,#14155);
#11910=AXIS2_PLACEMENT_3D('',#17544,#14157,#14158);
#11911=AXIS2_PLACEMENT_3D('',#17550,#14162,#14163);
#11912=AXIS2_PLACEMENT_3D('',#17553,#14166,#14167);
#11913=AXIS2_PLACEMENT_3D('',#17554,#14168,#14169);
#11914=AXIS2_PLACEMENT_3D('',#17559,#14173,#14174);
#11915=AXIS2_PLACEMENT_3D('',#17562,#14176,#14177);
#11916=AXIS2_PLACEMENT_3D('',#17563,#14178,#14179);
#11917=AXIS2_PLACEMENT_3D('',#17565,#14181,#14182);
#11918=AXIS2_PLACEMENT_3D('',#17566,#14183,#14184);
#11919=AXIS2_PLACEMENT_3D('',#17568,#14186,#14187);
#11920=AXIS2_PLACEMENT_3D('',#17571,#14190,#14191);
#11921=AXIS2_PLACEMENT_3D('',#17573,#14193,#14194);
#11922=AXIS2_PLACEMENT_3D('',#17574,#14195,#14196);
#11923=AXIS2_PLACEMENT_3D('',#17579,#14198,#14199);
#11924=AXIS2_PLACEMENT_3D('',#17581,#14201,#14202);
#11925=AXIS2_PLACEMENT_3D('',#17582,#14203,#14204);
#11926=AXIS2_PLACEMENT_3D('',#17590,#14209,#14210);
#11927=AXIS2_PLACEMENT_3D('',#17596,#14214,#14215);
#11928=AXIS2_PLACEMENT_3D('',#17598,#14217,#14218);
#11929=AXIS2_PLACEMENT_3D('',#17600,#14220,#14221);
#11930=AXIS2_PLACEMENT_3D('',#17601,#14222,#14223);
#11931=AXIS2_PLACEMENT_3D('',#17602,#14224,#14225);
#11932=AXIS2_PLACEMENT_3D('',#17606,#14228,#14229);
#11933=AXIS2_PLACEMENT_3D('',#17608,#14231,#14232);
#11934=AXIS2_PLACEMENT_3D('',#17609,#14233,#14234);
#11935=AXIS2_PLACEMENT_3D('',#17610,#14235,#14236);
#11936=AXIS2_PLACEMENT_3D('',#17612,#14238,#14239);
#11937=AXIS2_PLACEMENT_3D('',#17618,#14243,#14244);
#11938=AXIS2_PLACEMENT_3D('',#17620,#14246,#14247);
#11939=AXIS2_PLACEMENT_3D('',#17624,#14250,#14251);
#11940=AXIS2_PLACEMENT_3D('',#17628,#14254,#14255);
#11941=AXIS2_PLACEMENT_3D('',#17630,#14257,#14258);
#11942=AXIS2_PLACEMENT_3D('placement',#17631,#14259,#14260);
#11943=AXIS2_PLACEMENT_3D('',#17632,#14261,#14262);
#11944=AXIS2_PLACEMENT_3D('',#17635,#14263,#14264);
#11945=AXIS2_PLACEMENT_3D('',#17639,#14266,#14267);
#11946=AXIS2_PLACEMENT_3D('',#17641,#14269,#14270);
#11947=AXIS2_PLACEMENT_3D('',#17647,#14274,#14275);
#11948=AXIS2_PLACEMENT_3D('',#17650,#14276,#14277);
#11949=AXIS2_PLACEMENT_3D('',#17654,#14279,#14280);
#11950=AXIS2_PLACEMENT_3D('',#17656,#14282,#14283);
#11951=AXIS2_PLACEMENT_3D('',#17662,#14287,#14288);
#11952=AXIS2_PLACEMENT_3D('',#17666,#14290,#14291);
#11953=AXIS2_PLACEMENT_3D('',#17674,#14295,#14296);
#11954=AXIS2_PLACEMENT_3D('',#17685,#14303,#14304);
#11955=AXIS2_PLACEMENT_3D('',#17688,#14305,#14306);
#11956=AXIS2_PLACEMENT_3D('',#17691,#14309,#14310);
#11957=AXIS2_PLACEMENT_3D('',#17695,#14313,#14314);
#11958=AXIS2_PLACEMENT_3D('',#17698,#14315,#14316);
#11959=AXIS2_PLACEMENT_3D('',#17702,#14318,#14319);
#11960=AXIS2_PLACEMENT_3D('',#17719,#14321,#14322);
#11961=AXIS2_PLACEMENT_3D('',#17721,#14324,#14325);
#11962=AXIS2_PLACEMENT_3D('',#17725,#14327,#14328);
#11963=AXIS2_PLACEMENT_3D('',#17727,#14330,#14331);
#11964=AXIS2_PLACEMENT_3D('',#17729,#14333,#14334);
#11965=AXIS2_PLACEMENT_3D('',#17732,#14335,#14336);
#11966=AXIS2_PLACEMENT_3D('',#17736,#14338,#14339);
#11967=AXIS2_PLACEMENT_3D('',#17753,#14341,#14342);
#11968=AXIS2_PLACEMENT_3D('',#17755,#14344,#14345);
#11969=AXIS2_PLACEMENT_3D('',#17759,#14347,#14348);
#11970=AXIS2_PLACEMENT_3D('',#17767,#14352,#14353);
#11971=AXIS2_PLACEMENT_3D('',#17769,#14355,#14356);
#11972=AXIS2_PLACEMENT_3D('',#17773,#14358,#14359);
#11973=AXIS2_PLACEMENT_3D('',#17775,#14361,#14362);
#11974=AXIS2_PLACEMENT_3D('',#17777,#14364,#14365);
#11975=AXIS2_PLACEMENT_3D('',#17781,#14368,#14369);
#11976=AXIS2_PLACEMENT_3D('',#17785,#14372,#14373);
#11977=AXIS2_PLACEMENT_3D('',#17789,#14375,#14376);
#11978=AXIS2_PLACEMENT_3D('',#17791,#14378,#14379);
#11979=AXIS2_PLACEMENT_3D('',#17794,#14382,#14383);
#11980=AXIS2_PLACEMENT_3D('',#17796,#14385,#14386);
#11981=AXIS2_PLACEMENT_3D('',#17797,#14387,#14388);
#11982=AXIS2_PLACEMENT_3D('',#17800,#14391,#14392);
#11983=AXIS2_PLACEMENT_3D('',#17802,#14394,#14395);
#11984=AXIS2_PLACEMENT_3D('',#17804,#14397,#14398);
#11985=AXIS2_PLACEMENT_3D('',#17805,#14399,#14400);
#11986=AXIS2_PLACEMENT_3D('',#17809,#14402,#14403);
#11987=AXIS2_PLACEMENT_3D('',#17811,#14405,#14406);
#11988=AXIS2_PLACEMENT_3D('',#17812,#14407,#14408);
#11989=AXIS2_PLACEMENT_3D('',#17820,#14413,#14414);
#11990=AXIS2_PLACEMENT_3D('',#17826,#14418,#14419);
#11991=AXIS2_PLACEMENT_3D('',#17828,#14421,#14422);
#11992=AXIS2_PLACEMENT_3D('',#17829,#14423,#14424);
#11993=AXIS2_PLACEMENT_3D('',#17830,#14425,#14426);
#11994=AXIS2_PLACEMENT_3D('',#17831,#14427,#14428);
#11995=AXIS2_PLACEMENT_3D('',#17835,#14431,#14432);
#11996=AXIS2_PLACEMENT_3D('',#17837,#14434,#14435);
#11997=AXIS2_PLACEMENT_3D('',#17838,#14436,#14437);
#11998=AXIS2_PLACEMENT_3D('',#17839,#14438,#14439);
#11999=AXIS2_PLACEMENT_3D('',#17843,#14442,#14443);
#12000=AXIS2_PLACEMENT_3D('',#17847,#14446,#14447);
#12001=AXIS2_PLACEMENT_3D('',#17851,#14450,#14451);
#12002=AXIS2_PLACEMENT_3D('',#17853,#14453,#14454);
#12003=AXIS2_PLACEMENT_3D('placement',#17854,#14455,#14456);
#12004=AXIS2_PLACEMENT_3D('',#17855,#14457,#14458);
#12005=AXIS2_PLACEMENT_3D('',#17858,#14459,#14460);
#12006=AXIS2_PLACEMENT_3D('',#17862,#14462,#14463);
#12007=AXIS2_PLACEMENT_3D('',#17864,#14465,#14466);
#12008=AXIS2_PLACEMENT_3D('',#17870,#14470,#14471);
#12009=AXIS2_PLACEMENT_3D('',#17872,#14472,#14473);
#12010=AXIS2_PLACEMENT_3D('',#17875,#14475,#14476);
#12011=AXIS2_PLACEMENT_3D('',#17876,#14477,#14478);
#12012=AXIS2_PLACEMENT_3D('',#17882,#14482,#14483);
#12013=AXIS2_PLACEMENT_3D('',#17885,#14484,#14485);
#12014=AXIS2_PLACEMENT_3D('',#17889,#14487,#14488);
#12015=AXIS2_PLACEMENT_3D('',#17891,#14490,#14491);
#12016=AXIS2_PLACEMENT_3D('',#17897,#14495,#14496);
#12017=AXIS2_PLACEMENT_3D('',#17900,#14497,#14498);
#12018=AXIS2_PLACEMENT_3D('',#17904,#14500,#14501);
#12019=AXIS2_PLACEMENT_3D('',#17906,#14503,#14504);
#12020=AXIS2_PLACEMENT_3D('',#17912,#14508,#14509);
#12021=AXIS2_PLACEMENT_3D('',#17914,#14510,#14511);
#12022=AXIS2_PLACEMENT_3D('',#17916,#14512,#14513);
#12023=AXIS2_PLACEMENT_3D('',#17918,#14515,#14516);
#12024=AXIS2_PLACEMENT_3D('',#17924,#14520,#14521);
#12025=AXIS2_PLACEMENT_3D('',#17946,#14534,#14535);
#12026=AXIS2_PLACEMENT_3D('',#17950,#14538,#14539);
#12027=AXIS2_PLACEMENT_3D('',#17954,#14542,#14543);
#12028=AXIS2_PLACEMENT_3D('',#17958,#14546,#14547);
#12029=AXIS2_PLACEMENT_3D('',#17960,#14549,#14550);
#12030=AXIS2_PLACEMENT_3D('',#17964,#14553,#14554);
#12031=AXIS2_PLACEMENT_3D('',#17968,#14557,#14558);
#12032=AXIS2_PLACEMENT_3D('',#17972,#14561,#14562);
#12033=AXIS2_PLACEMENT_3D('',#17976,#14565,#14566);
#12034=AXIS2_PLACEMENT_3D('',#17978,#14568,#14569);
#12035=AXIS2_PLACEMENT_3D('',#17982,#14572,#14573);
#12036=AXIS2_PLACEMENT_3D('',#17986,#14576,#14577);
#12037=AXIS2_PLACEMENT_3D('',#17988,#14579,#14580);
#12038=AXIS2_PLACEMENT_3D('placement',#17989,#14581,#14582);
#12039=AXIS2_PLACEMENT_3D('',#17990,#14583,#14584);
#12040=AXIS2_PLACEMENT_3D('',#17999,#14589,#14590);
#12041=AXIS2_PLACEMENT_3D('',#18005,#14594,#14595);
#12042=AXIS2_PLACEMENT_3D('',#18014,#14600,#14601);
#12043=AXIS2_PLACEMENT_3D('',#18020,#14605,#14606);
#12044=AXIS2_PLACEMENT_3D('',#18026,#14610,#14611);
#12045=AXIS2_PLACEMENT_3D('',#18035,#14616,#14617);
#12046=AXIS2_PLACEMENT_3D('',#18049,#14625,#14626);
#12047=AXIS2_PLACEMENT_3D('',#18074,#14639,#14640);
#12048=AXIS2_PLACEMENT_3D('',#18078,#14642,#14643);
#12049=AXIS2_PLACEMENT_3D('',#18084,#14647,#14648);
#12050=AXIS2_PLACEMENT_3D('',#18087,#14650,#14651);
#12051=AXIS2_PLACEMENT_3D('',#18094,#14655,#14656);
#12052=AXIS2_PLACEMENT_3D('',#18095,#14657,#14658);
#12053=AXIS2_PLACEMENT_3D('',#18098,#14660,#14661);
#12054=AXIS2_PLACEMENT_3D('',#18099,#14662,#14663);
#12055=AXIS2_PLACEMENT_3D('',#18101,#14664,#14665);
#12056=AXIS2_PLACEMENT_3D('',#18103,#14667,#14668);
#12057=AXIS2_PLACEMENT_3D('',#18107,#14671,#14672);
#12058=AXIS2_PLACEMENT_3D('',#18111,#14675,#14676);
#12059=AXIS2_PLACEMENT_3D('',#18113,#14678,#14679);
#12060=AXIS2_PLACEMENT_3D('',#18115,#14681,#14682);
#12061=AXIS2_PLACEMENT_3D('',#18120,#14684,#14685);
#12062=AXIS2_PLACEMENT_3D('',#18123,#14687,#14688);
#12063=AXIS2_PLACEMENT_3D('',#18124,#14689,#14690);
#12064=AXIS2_PLACEMENT_3D('',#18128,#14692,#14693);
#12065=AXIS2_PLACEMENT_3D('',#18130,#14695,#14696);
#12066=AXIS2_PLACEMENT_3D('',#18134,#14698,#14699);
#12067=AXIS2_PLACEMENT_3D('',#18136,#14701,#14702);
#12068=AXIS2_PLACEMENT_3D('',#18139,#14705,#14706);
#12069=AXIS2_PLACEMENT_3D('',#18145,#14710,#14711);
#12070=AXIS2_PLACEMENT_3D('',#18151,#14715,#14716);
#12071=AXIS2_PLACEMENT_3D('',#18157,#14720,#14721);
#12072=AXIS2_PLACEMENT_3D('',#18163,#14725,#14726);
#12073=AXIS2_PLACEMENT_3D('',#18172,#14731,#14732);
#12074=AXIS2_PLACEMENT_3D('',#18175,#14735,#14736);
#12075=AXIS2_PLACEMENT_3D('',#18181,#14740,#14741);
#12076=AXIS2_PLACEMENT_3D('',#18201,#14752,#14753);
#12077=AXIS2_PLACEMENT_3D('',#18205,#14756,#14757);
#12078=AXIS2_PLACEMENT_3D('',#18210,#14759,#14760);
#12079=AXIS2_PLACEMENT_3D('',#18213,#14762,#14763);
#12080=AXIS2_PLACEMENT_3D('',#18214,#14764,#14765);
#12081=AXIS2_PLACEMENT_3D('',#18218,#14767,#14768);
#12082=AXIS2_PLACEMENT_3D('',#18220,#14770,#14771);
#12083=AXIS2_PLACEMENT_3D('',#18224,#14773,#14774);
#12084=AXIS2_PLACEMENT_3D('',#18226,#14776,#14777);
#12085=AXIS2_PLACEMENT_3D('',#18229,#14780,#14781);
#12086=AXIS2_PLACEMENT_3D('',#18238,#14786,#14787);
#12087=AXIS2_PLACEMENT_3D('',#18241,#14790,#14791);
#12088=AXIS2_PLACEMENT_3D('',#18244,#14794,#14795);
#12089=AXIS2_PLACEMENT_3D('',#18245,#14796,#14797);
#12090=AXIS2_PLACEMENT_3D('',#18246,#14798,#14799);
#12091=AXIS2_PLACEMENT_3D('',#18252,#14803,#14804);
#12092=AXIS2_PLACEMENT_3D('',#18258,#14808,#14809);
#12093=AXIS2_PLACEMENT_3D('',#18264,#14813,#14814);
#12094=AXIS2_PLACEMENT_3D('',#18270,#14818,#14819);
#12095=AXIS2_PLACEMENT_3D('',#18279,#14824,#14825);
#12096=AXIS2_PLACEMENT_3D('',#18282,#14828,#14829);
#12097=AXIS2_PLACEMENT_3D('',#18288,#14833,#14834);
#12098=AXIS2_PLACEMENT_3D('',#18296,#14839,#14840);
#12099=AXIS2_PLACEMENT_3D('',#18300,#14843,#14844);
#12100=AXIS2_PLACEMENT_3D('',#18302,#14845,#14846);
#12101=AXIS2_PLACEMENT_3D('',#18304,#14847,#14848);
#12102=AXIS2_PLACEMENT_3D('',#18305,#14849,#14850);
#12103=AXIS2_PLACEMENT_3D('',#18309,#14852,#14853);
#12104=AXIS2_PLACEMENT_3D('',#18311,#14855,#14856);
#12105=AXIS2_PLACEMENT_3D('',#18315,#14859,#14860);
#12106=AXIS2_PLACEMENT_3D('',#18318,#14862,#14863);
#12107=AXIS2_PLACEMENT_3D('',#18319,#14864,#14865);
#12108=AXIS2_PLACEMENT_3D('',#18325,#14868,#14869);
#12109=AXIS2_PLACEMENT_3D('',#18333,#14874,#14875);
#12110=AXIS2_PLACEMENT_3D('',#18344,#14882,#14883);
#12111=AXIS2_PLACEMENT_3D('',#18348,#14885,#14886);
#12112=AXIS2_PLACEMENT_3D('',#18351,#14889,#14890);
#12113=AXIS2_PLACEMENT_3D('',#18359,#14894,#14895);
#12114=AXIS2_PLACEMENT_3D('',#18363,#14898,#14899);
#12115=AXIS2_PLACEMENT_3D('',#18366,#14902,#14903);
#12116=AXIS2_PLACEMENT_3D('',#18370,#14906,#14907);
#12117=AXIS2_PLACEMENT_3D('',#18373,#14910,#14911);
#12118=AXIS2_PLACEMENT_3D('',#18376,#14914,#14915);
#12119=AXIS2_PLACEMENT_3D('',#18378,#14917,#14918);
#12120=AXIS2_PLACEMENT_3D('',#18387,#14923,#14924);
#12121=AXIS2_PLACEMENT_3D('',#18393,#14928,#14929);
#12122=AXIS2_PLACEMENT_3D('',#18397,#14931,#14932);
#12123=AXIS2_PLACEMENT_3D('',#18405,#14936,#14937);
#12124=AXIS2_PLACEMENT_3D('',#18407,#14939,#14940);
#12125=AXIS2_PLACEMENT_3D('',#18413,#14944,#14945);
#12126=AXIS2_PLACEMENT_3D('',#18417,#14948,#14949);
#12127=AXIS2_PLACEMENT_3D('',#18423,#14953,#14954);
#12128=AXIS2_PLACEMENT_3D('',#18427,#14956,#14957);
#12129=AXIS2_PLACEMENT_3D('',#18434,#14961,#14962);
#12130=AXIS2_PLACEMENT_3D('',#18435,#14963,#14964);
#12131=AXIS2_PLACEMENT_3D('',#18443,#14969,#14970);
#12132=AXIS2_PLACEMENT_3D('',#18446,#14973,#14974);
#12133=AXIS2_PLACEMENT_3D('',#18448,#14975,#14976);
#12134=AXIS2_PLACEMENT_3D('',#18455,#14980,#14981);
#12135=AXIS2_PLACEMENT_3D('',#18456,#14982,#14983);
#12136=AXIS2_PLACEMENT_3D('',#18458,#14985,#14986);
#12137=AXIS2_PLACEMENT_3D('',#18468,#14991,#14992);
#12138=AXIS2_PLACEMENT_3D('',#18472,#14994,#14995);
#12139=AXIS2_PLACEMENT_3D('',#18476,#14997,#14998);
#12140=AXIS2_PLACEMENT_3D('',#18480,#15000,#15001);
#12141=AXIS2_PLACEMENT_3D('',#18484,#15003,#15004);
#12142=AXIS2_PLACEMENT_3D('',#18488,#15006,#15007);
#12143=AXIS2_PLACEMENT_3D('',#18492,#15009,#15010);
#12144=AXIS2_PLACEMENT_3D('',#18496,#15012,#15013);
#12145=AXIS2_PLACEMENT_3D('',#18505,#15018,#15019);
#12146=AXIS2_PLACEMENT_3D('',#18509,#15021,#15022);
#12147=AXIS2_PLACEMENT_3D('',#18512,#15024,#15025);
#12148=AXIS2_PLACEMENT_3D('',#18513,#15026,#15027);
#12149=AXIS2_PLACEMENT_3D('',#18516,#15028,#15029);
#12150=AXIS2_PLACEMENT_3D('',#18520,#15032,#15033);
#12151=AXIS2_PLACEMENT_3D('',#18524,#15036,#15037);
#12152=AXIS2_PLACEMENT_3D('',#18525,#15038,#15039);
#12153=AXIS2_PLACEMENT_3D('',#18527,#15040,#15041);
#12154=AXIS2_PLACEMENT_3D('',#18530,#15043,#15044);
#12155=AXIS2_PLACEMENT_3D('',#18531,#15045,#15046);
#12156=AXIS2_PLACEMENT_3D('',#18535,#15048,#15049);
#12157=AXIS2_PLACEMENT_3D('',#18537,#15051,#15052);
#12158=AXIS2_PLACEMENT_3D('',#18539,#15053,#15054);
#12159=AXIS2_PLACEMENT_3D('',#18541,#15056,#15057);
#12160=AXIS2_PLACEMENT_3D('',#18544,#15060,#15061);
#12161=AXIS2_PLACEMENT_3D('',#18550,#15065,#15066);
#12162=AXIS2_PLACEMENT_3D('',#18551,#15067,#15068);
#12163=AXIS2_PLACEMENT_3D('',#18555,#15071,#15072);
#12164=AXIS2_PLACEMENT_3D('',#18559,#15075,#15076);
#12165=AXIS2_PLACEMENT_3D('',#18561,#15078,#15079);
#12166=AXIS2_PLACEMENT_3D('',#18562,#15080,#15081);
#12167=AXIS2_PLACEMENT_3D('',#18564,#15082,#15083);
#12168=AXIS2_PLACEMENT_3D('',#18567,#15085,#15086);
#12169=AXIS2_PLACEMENT_3D('',#18568,#15087,#15088);
#12170=AXIS2_PLACEMENT_3D('',#18575,#15093,#15094);
#12171=AXIS2_PLACEMENT_3D('',#18578,#15097,#15098);
#12172=AXIS2_PLACEMENT_3D('',#18580,#15099,#15100);
#12173=AXIS2_PLACEMENT_3D('',#18582,#15102,#15103);
#12174=AXIS2_PLACEMENT_3D('',#18585,#15105,#15106);
#12175=AXIS2_PLACEMENT_3D('',#18586,#15107,#15108);
#12176=AXIS2_PLACEMENT_3D('',#18587,#15109,#15110);
#12177=AXIS2_PLACEMENT_3D('',#18589,#15112,#15113);
#12178=AXIS2_PLACEMENT_3D('',#18591,#15114,#15115);
#12179=AXIS2_PLACEMENT_3D('',#18592,#15116,#15117);
#12180=AXIS2_PLACEMENT_3D('',#18594,#15119,#15120);
#12181=AXIS2_PLACEMENT_3D('',#18597,#15122,#15123);
#12182=AXIS2_PLACEMENT_3D('',#18598,#15124,#15125);
#12183=AXIS2_PLACEMENT_3D('',#18601,#15128,#15129);
#12184=AXIS2_PLACEMENT_3D('',#18603,#15131,#15132);
#12185=AXIS2_PLACEMENT_3D('',#18607,#15135,#15136);
#12186=AXIS2_PLACEMENT_3D('',#18609,#15138,#15139);
#12187=AXIS2_PLACEMENT_3D('',#18610,#15140,#15141);
#12188=AXIS2_PLACEMENT_3D('',#18611,#15142,#15143);
#12189=AXIS2_PLACEMENT_3D('',#18613,#15145,#15146);
#12190=AXIS2_PLACEMENT_3D('',#18619,#15150,#15151);
#12191=AXIS2_PLACEMENT_3D('',#18625,#15155,#15156);
#12192=AXIS2_PLACEMENT_3D('',#18627,#15158,#15159);
#12193=AXIS2_PLACEMENT_3D('',#18629,#15160,#15161);
#12194=AXIS2_PLACEMENT_3D('',#18631,#15163,#15164);
#12195=AXIS2_PLACEMENT_3D('',#18632,#15165,#15166);
#12196=AXIS2_PLACEMENT_3D('',#18633,#15167,#15168);
#12197=AXIS2_PLACEMENT_3D('',#18639,#15172,#15173);
#12198=AXIS2_PLACEMENT_3D('',#18642,#15174,#15175);
#12199=AXIS2_PLACEMENT_3D('',#18645,#15178,#15179);
#12200=AXIS2_PLACEMENT_3D('',#18648,#15181,#15182);
#12201=AXIS2_PLACEMENT_3D('',#18649,#15183,#15184);
#12202=AXIS2_PLACEMENT_3D('',#18650,#15185,#15186);
#12203=AXIS2_PLACEMENT_3D('',#18652,#15188,#15189);
#12204=AXIS2_PLACEMENT_3D('',#18653,#15190,#15191);
#12205=AXIS2_PLACEMENT_3D('',#18654,#15192,#15193);
#12206=AXIS2_PLACEMENT_3D('',#18656,#15195,#15196);
#12207=AXIS2_PLACEMENT_3D('',#18657,#15197,#15198);
#12208=AXIS2_PLACEMENT_3D('',#18658,#15199,#15200);
#12209=AXIS2_PLACEMENT_3D('',#18659,#15201,#15202);
#12210=AXIS2_PLACEMENT_3D('',#18665,#15206,#15207);
#12211=AXIS2_PLACEMENT_3D('',#18667,#15208,#15209);
#12212=AXIS2_PLACEMENT_3D('',#18669,#15211,#15212);
#12213=AXIS2_PLACEMENT_3D('',#18674,#15216,#15217);
#12214=AXIS2_PLACEMENT_3D('',#18675,#15218,#15219);
#12215=AXIS2_PLACEMENT_3D('',#18676,#15220,#15221);
#12216=AXIS2_PLACEMENT_3D('',#18680,#15224,#15225);
#12217=AXIS2_PLACEMENT_3D('',#18681,#15226,#15227);
#12218=AXIS2_PLACEMENT_3D('',#18682,#15228,#15229);
#12219=AXIS2_PLACEMENT_3D('',#18686,#15232,#15233);
#12220=AXIS2_PLACEMENT_3D('',#18687,#15234,#15235);
#12221=AXIS2_PLACEMENT_3D('',#18688,#15236,#15237);
#12222=AXIS2_PLACEMENT_3D('',#18690,#15238,#15239);
#12223=AXIS2_PLACEMENT_3D('',#18692,#15241,#15242);
#12224=AXIS2_PLACEMENT_3D('',#18696,#15245,#15246);
#12225=AXIS2_PLACEMENT_3D('',#18698,#15247,#15248);
#12226=AXIS2_PLACEMENT_3D('',#18700,#15250,#15251);
#12227=AXIS2_PLACEMENT_3D('',#18704,#15254,#15255);
#12228=AXIS2_PLACEMENT_3D('',#18706,#15256,#15257);
#12229=AXIS2_PLACEMENT_3D('',#18708,#15259,#15260);
#12230=AXIS2_PLACEMENT_3D('',#18712,#15263,#15264);
#12231=AXIS2_PLACEMENT_3D('',#18714,#15265,#15266);
#12232=AXIS2_PLACEMENT_3D('',#18716,#15268,#15269);
#12233=AXIS2_PLACEMENT_3D('',#18720,#15272,#15273);
#12234=AXIS2_PLACEMENT_3D('',#18721,#15274,#15275);
#12235=AXIS2_PLACEMENT_3D('',#18722,#15276,#15277);
#12236=AXIS2_PLACEMENT_3D('',#18724,#15278,#15279);
#12237=AXIS2_PLACEMENT_3D('',#18726,#15281,#15282);
#12238=AXIS2_PLACEMENT_3D('',#18730,#15285,#15286);
#12239=AXIS2_PLACEMENT_3D('',#18731,#15287,#15288);
#12240=AXIS2_PLACEMENT_3D('',#18732,#15289,#15290);
#12241=AXIS2_PLACEMENT_3D('',#18736,#15293,#15294);
#12242=AXIS2_PLACEMENT_3D('',#18737,#15295,#15296);
#12243=AXIS2_PLACEMENT_3D('',#18739,#15298,#15299);
#12244=AXIS2_PLACEMENT_3D('',#18741,#15301,#15302);
#12245=AXIS2_PLACEMENT_3D('',#18744,#15304,#15305);
#12246=AXIS2_PLACEMENT_3D('',#18745,#15306,#15307);
#12247=AXIS2_PLACEMENT_3D('',#18746,#15308,#15309);
#12248=AXIS2_PLACEMENT_3D('',#18755,#15314,#15315);
#12249=AXIS2_PLACEMENT_3D('',#18761,#15319,#15320);
#12250=AXIS2_PLACEMENT_3D('',#18764,#15323,#15324);
#12251=AXIS2_PLACEMENT_3D('',#18766,#15326,#15327);
#12252=AXIS2_PLACEMENT_3D('',#18767,#15328,#15329);
#12253=AXIS2_PLACEMENT_3D('',#18768,#15330,#15331);
#12254=AXIS2_PLACEMENT_3D('',#18769,#15332,#15333);
#12255=AXIS2_PLACEMENT_3D('',#18771,#15335,#15336);
#12256=AXIS2_PLACEMENT_3D('',#18772,#15337,#15338);
#12257=AXIS2_PLACEMENT_3D('',#18773,#15339,#15340);
#12258=AXIS2_PLACEMENT_3D('',#18775,#15342,#15343);
#12259=AXIS2_PLACEMENT_3D('',#18776,#15344,#15345);
#12260=AXIS2_PLACEMENT_3D('',#18777,#15346,#15347);
#12261=AXIS2_PLACEMENT_3D('',#18778,#15348,#15349);
#12262=AXIS2_PLACEMENT_3D('',#18779,#15350,#15351);
#12263=AXIS2_PLACEMENT_3D('',#18781,#15353,#15354);
#12264=AXIS2_PLACEMENT_3D('',#18782,#15355,#15356);
#12265=AXIS2_PLACEMENT_3D('',#18791,#15361,#15362);
#12266=AXIS2_PLACEMENT_3D('',#18794,#15365,#15366);
#12267=AXIS2_PLACEMENT_3D('',#18797,#15369,#15370);
#12268=AXIS2_PLACEMENT_3D('',#18798,#15371,#15372);
#12269=AXIS2_PLACEMENT_3D('',#18799,#15373,#15374);
#12270=AXIS2_PLACEMENT_3D('',#18800,#15375,#15376);
#12271=AXIS2_PLACEMENT_3D('',#18801,#15377,#15378);
#12272=AXIS2_PLACEMENT_3D('',#18802,#15379,#15380);
#12273=AXIS2_PLACEMENT_3D('',#18803,#15381,#15382);
#12274=AXIS2_PLACEMENT_3D('',#18804,#15383,#15384);
#12275=AXIS2_PLACEMENT_3D('',#18805,#15385,#15386);
#12276=AXIS2_PLACEMENT_3D('',#18806,#15387,#15388);
#12277=AXIS2_PLACEMENT_3D('',#18807,#15389,#15390);
#12278=AXIS2_PLACEMENT_3D('',#18808,#15391,#15392);
#12279=AXIS2_PLACEMENT_3D('',#18809,#15393,#15394);
#12280=DIRECTION('axis',(0.,0.,1.));
#12281=DIRECTION('refdir',(1.,0.,0.));
#12282=DIRECTION('axis',(0.,0.,1.));
#12283=DIRECTION('refdir',(1.,0.,0.));
#12284=DIRECTION('center_axis',(1.,0.,-5.55111512312578E-16));
#12285=DIRECTION('ref_axis',(0.,1.,0.));
#12286=DIRECTION('',(0.,1.,0.));
#12287=DIRECTION('',(5.55111512312578E-16,0.,1.));
#12288=DIRECTION('',(0.,1.,0.));
#12289=DIRECTION('',(5.55111512312578E-16,0.,1.));
#12290=DIRECTION('center_axis',(-1.,0.,5.55111512312578E-16));
#12291=DIRECTION('ref_axis',(0.,-1.,0.));
#12292=DIRECTION('',(0.,-1.,0.));
#12293=DIRECTION('',(5.55111512312578E-16,0.,1.));
#12294=DIRECTION('',(0.,-1.,0.));
#12295=DIRECTION('',(5.55111512312578E-16,0.,1.));
#12296=DIRECTION('center_axis',(0.,1.,0.));
#12297=DIRECTION('ref_axis',(-1.,0.,3.12738880176101E-16));
#12298=DIRECTION('',(-1.,0.,3.12738880176101E-16));
#12299=DIRECTION('',(-1.,0.,3.12738880176101E-16));
#12300=DIRECTION('center_axis',(5.55111512312578E-16,0.,1.));
#12301=DIRECTION('ref_axis',(1.,0.,-5.55111512312578E-16));
#12302=DIRECTION('',(1.,0.,-3.12738880176101E-16));
#12303=DIRECTION('center_axis',(1.,7.40148683083437E-15,-2.77555756156289E-16));
#12304=DIRECTION('ref_axis',(-7.39408534400354E-15,1.,2.32713967040198E-30));
#12305=DIRECTION('',(-7.40148683083437E-15,1.,2.3147327031133E-30));
#12306=DIRECTION('',(2.77555756156289E-16,0.,1.));
#12307=DIRECTION('',(-7.40148683083437E-15,1.,2.3147327031133E-30));
#12308=DIRECTION('',(2.77555756156289E-16,0.,1.));
#12309=DIRECTION('center_axis',(-1.,0.,2.77555756156289E-16));
#12310=DIRECTION('ref_axis',(0.,-1.,0.));
#12311=DIRECTION('',(0.,-1.,0.));
#12312=DIRECTION('',(2.77555756156289E-16,0.,1.));
#12313=DIRECTION('',(0.,-1.,0.));
#12314=DIRECTION('',(2.77555756156289E-16,0.,1.));
#12315=DIRECTION('center_axis',(0.,1.,0.));
#12316=DIRECTION('ref_axis',(-1.,0.,3.12738880176101E-16));
#12317=DIRECTION('',(-1.,0.,3.12738880176101E-16));
#12318=DIRECTION('',(-1.,0.,3.12738880176101E-16));
#12319=DIRECTION('center_axis',(2.77555756156289E-16,0.,1.));
#12320=DIRECTION('ref_axis',(1.,0.,-2.88657986402541E-16));
#12321=DIRECTION('',(1.,0.,-3.12738880176101E-16));
#12322=DIRECTION('center_axis',(0.,1.,9.82498251880669E-17));
#12323=DIRECTION('ref_axis',(3.5527136788005E-16,-8.88178419700125E-17,
1.));
#12324=DIRECTION('',(0.,9.82498251880669E-17,-1.));
#12325=DIRECTION('',(1.,0.,0.));
#12326=DIRECTION('',(3.86164530304402E-16,-9.82498251880669E-17,1.));
#12327=DIRECTION('',(-1.,0.,0.));
#12328=DIRECTION('center_axis',(0.,-1.,2.45624562970167E-17));
#12329=DIRECTION('ref_axis',(-3.5527136788005E-16,-2.22044604925031E-17,
-1.));
#12330=DIRECTION('',(0.,2.45624562970167E-17,1.));
#12331=DIRECTION('',(1.,0.,0.));
#12332=DIRECTION('',(-3.86164530304402E-16,-2.45624562970167E-17,-1.));
#12333=DIRECTION('',(1.,0.,0.));
#12334=DIRECTION('center_axis',(0.,0.,1.));
#12335=DIRECTION('ref_axis',(0.,-1.,0.));
#12336=DIRECTION('',(0.,1.,0.));
#12337=DIRECTION('',(0.,-1.,0.));
#12338=DIRECTION('center_axis',(-1.,0.,0.));
#12339=DIRECTION('ref_axis',(0.,-1.,0.));
#12340=DIRECTION('',(0.,-1.,0.));
#12341=DIRECTION('',(0.,0.,1.));
#12342=DIRECTION('',(0.,1.,0.));
#12343=DIRECTION('',(0.,0.,1.));
#12344=DIRECTION('',(0.,1.,0.));
#12345=DIRECTION('',(-2.09476042382105E-16,0.,1.));
#12346=DIRECTION('',(0.,1.,0.));
#12347=DIRECTION('',(-2.09476042382105E-16,0.,1.));
#12348=DIRECTION('',(0.,-1.,0.));
#12349=DIRECTION('center_axis',(0.,0.,-1.));
#12350=DIRECTION('ref_axis',(-1.,0.,0.));
#12351=DIRECTION('',(0.,1.,0.));
#12352=DIRECTION('',(-1.,0.,0.));
#12353=DIRECTION('',(0.,1.,0.));
#12354=DIRECTION('',(-1.,0.,0.));
#12355=DIRECTION('',(2.08166817117217E-16,1.,0.));
#12356=DIRECTION('',(-1.,0.,0.));
#12357=DIRECTION('',(-3.65204942310907E-17,-1.,0.));
#12358=DIRECTION('',(-1.,0.,0.));
#12359=DIRECTION('center_axis',(0.,0.,1.));
#12360=DIRECTION('ref_axis',(-1.,0.,3.1720657846433E-16));
#12361=DIRECTION('',(-1.,0.,0.));
#12362=DIRECTION('',(1.46081976924363E-16,1.,0.));
#12363=DIRECTION('',(-1.,0.,0.));
#12364=DIRECTION('',(0.,-1.,0.));
#12365=DIRECTION('',(-1.,0.,0.));
#12366=DIRECTION('',(-2.92163953848725E-16,1.,0.));
#12367=DIRECTION('',(-1.,0.,0.));
#12368=DIRECTION('center_axis',(0.,1.,0.));
#12369=DIRECTION('ref_axis',(-1.,0.,0.));
#12370=DIRECTION('center_axis',(0.,-1.,0.));
#12371=DIRECTION('ref_axis',(-1.,0.,0.));
#12372=DIRECTION('center_axis',(0.,1.,0.));
#12373=DIRECTION('ref_axis',(-1.,0.,0.));
#12374=DIRECTION('center_axis',(0.,-1.,0.));
#12375=DIRECTION('ref_axis',(-1.,0.,0.));
#12376=DIRECTION('center_axis',(0.,1.,0.));
#12377=DIRECTION('ref_axis',(-1.,0.,0.));
#12378=DIRECTION('center_axis',(0.,1.,0.));
#12379=DIRECTION('ref_axis',(0.,0.,1.));
#12380=DIRECTION('center_axis',(0.,1.,0.));
#12381=DIRECTION('ref_axis',(-1.,0.,0.));
#12382=DIRECTION('center_axis',(0.,-1.,0.));
#12383=DIRECTION('ref_axis',(-1.,0.,0.));
#12384=DIRECTION('center_axis',(0.,1.,0.));
#12385=DIRECTION('ref_axis',(-1.,0.,0.));
#12386=DIRECTION('center_axis',(0.,-1.,0.));
#12387=DIRECTION('ref_axis',(-1.,0.,0.));
#12388=DIRECTION('center_axis',(0.,1.,0.));
#12389=DIRECTION('ref_axis',(-1.,0.,0.));
#12390=DIRECTION('center_axis',(0.,1.,0.));
#12391=DIRECTION('ref_axis',(0.,0.,1.));
#12392=DIRECTION('center_axis',(2.21139782913208E-16,0.707106781186546,
0.70710678118655));
#12393=DIRECTION('ref_axis',(1.,0.,-3.10862446895044E-16));
#12394=DIRECTION('',(0.,0.707106781186548,-0.707106781186547));
#12395=DIRECTION('',(-1.,0.,3.12738880176101E-16));
#12396=DIRECTION('',(0.,-0.70710678118655,0.707106781186545));
#12397=DIRECTION('',(1.,0.,-3.12738880176101E-16));
#12398=DIRECTION('center_axis',(0.,0.,-1.));
#12399=DIRECTION('ref_axis',(0.,1.,0.));
#12400=DIRECTION('',(0.,-0.707106781186558,-0.707106781186537));
#12401=DIRECTION('center_axis',(3.12738880176101E-16,0.,1.));
#12402=DIRECTION('ref_axis',(0.,1.,0.));
#12403=DIRECTION('center_axis',(-3.12738880176101E-16,0.,-1.));
#12404=DIRECTION('ref_axis',(0.,1.,0.));
#12405=DIRECTION('center_axis',(3.41916125888883E-16,-0.707106781186548,
0.707106781186548));
#12406=DIRECTION('ref_axis',(1.,0.,-4.88498130835069E-16));
#12407=DIRECTION('',(0.,-0.707106781186547,-0.707106781186547));
#12408=DIRECTION('',(1.,1.70803542250024E-16,-3.12738880176101E-16));
#12409=DIRECTION('',(-1.,-1.70803542250024E-16,3.12738880176101E-16));
#12410=DIRECTION('center_axis',(0.,0.,-1.));
#12411=DIRECTION('ref_axis',(0.,-1.,0.));
#12412=DIRECTION('center_axis',(3.12738880176101E-16,0.,1.));
#12413=DIRECTION('ref_axis',(0.,-1.,0.));
#12414=DIRECTION('center_axis',(-3.12738880176101E-16,0.,-1.));
#12415=DIRECTION('ref_axis',(0.,-1.,0.));
#12416=DIRECTION('center_axis',(5.55111512312578E-16,0.,1.));
#12417=DIRECTION('ref_axis',(0.,1.,0.));
#12418=DIRECTION('',(5.55111512312578E-16,0.,1.));
#12419=DIRECTION('center_axis',(3.12738880176101E-16,0.,1.));
#12420=DIRECTION('ref_axis',(0.,1.,0.));
#12421=DIRECTION('',(5.55111512312578E-16,0.,1.));
#12422=DIRECTION('center_axis',(0.,1.,0.));
#12423=DIRECTION('ref_axis',(-1.,0.,3.10862446895044E-16));
#12424=DIRECTION('',(5.55111512312578E-16,0.,1.));
#12425=DIRECTION('',(-1.,0.,3.12738880176101E-16));
#12426=DIRECTION('center_axis',(-3.12738880176101E-16,0.,-1.));
#12427=DIRECTION('ref_axis',(-1.,0.,3.10862446895044E-16));
#12428=DIRECTION('',(1.,2.67523620391604E-16,-3.12738880176101E-16));
#12429=DIRECTION('center_axis',(-3.12738880176101E-16,0.,-1.));
#12430=DIRECTION('ref_axis',(-1.,0.,5.55111512312578E-16));
#12431=DIRECTION('',(-1.,0.,3.12738880176101E-16));
#12432=DIRECTION('center_axis',(-3.12738880176101E-16,0.,-1.));
#12433=DIRECTION('ref_axis',(0.,1.,0.));
#12434=DIRECTION('center_axis',(-0.707106781186547,0.,0.707106781186548));
#12435=DIRECTION('ref_axis',(0.707106781186548,0.,0.707106781186547));
#12436=DIRECTION('',(-0.707106781186547,0.,-0.707106781186549));
#12437=DIRECTION('',(0.,-1.,0.));
#12438=DIRECTION('',(0.707106781186548,1.6355129777956E-16,0.707106781186547));
#12439=DIRECTION('',(0.,1.,0.));
#12440=DIRECTION('center_axis',(2.21139782913208E-16,-0.707106781186548,
0.707106781186547));
#12441=DIRECTION('ref_axis',(1.,0.,-3.10862446895044E-16));
#12442=DIRECTION('center_axis',(2.21139782913208E-16,-0.707106781186548,
0.707106781186547));
#12443=DIRECTION('ref_axis',(-3.92523114670944E-16,-0.707106781186547,-0.707106781186548));
#12444=DIRECTION('',(-1.,0.,3.12738880176101E-16));
#12445=DIRECTION('',(0.,-0.707106781186547,-0.707106781186548));
#12446=DIRECTION('',(1.,0.,-3.12738880176101E-16));
#12447=DIRECTION('',(1.,0.,0.));
#12448=DIRECTION('',(1.,0.,-3.12738880176101E-16));
#12449=DIRECTION('',(1.30841038223648E-15,0.707106781186547,0.707106781186548));
#12450=DIRECTION('center_axis',(0.,0.,-1.));
#12451=DIRECTION('ref_axis',(0.,1.,0.));
#12452=DIRECTION('',(1.30841038223648E-15,-0.707106781186545,0.70710678118655));
#12453=DIRECTION('center_axis',(3.12738880176101E-16,0.,1.));
#12454=DIRECTION('ref_axis',(0.,1.,0.));
#12455=DIRECTION('center_axis',(3.1972016806729E-17,0.707106781186548,0.707106781186548));
#12456=DIRECTION('ref_axis',(1.,0.,-4.44089209850063E-17));
#12457=DIRECTION('',(0.,-0.707106781186547,0.707106781186549));
#12458=DIRECTION('',(-1.,-2.67523620391604E-16,3.12738880176101E-16));
#12459=DIRECTION('center_axis',(0.,0.,-1.));
#12460=DIRECTION('ref_axis',(-1.,-1.15648231731787E-16,4.74320634933753E-16));
#12461=DIRECTION('center_axis',(-3.12738880176101E-16,0.,-1.));
#12462=DIRECTION('ref_axis',(-1.,-1.15648231731787E-16,3.12738880176101E-16));
#12463=DIRECTION('center_axis',(3.12738880176101E-16,0.,1.));
#12464=DIRECTION('ref_axis',(-1.,-1.15648231731787E-16,5.55111512312578E-16));
#12465=DIRECTION('center_axis',(3.19720168067291E-17,0.707106781186547,
0.707106781186548));
#12466=DIRECTION('ref_axis',(1.,0.,-4.44089209850063E-17));
#12467=DIRECTION('center_axis',(-2.02544491045531E-15,0.707106781186545,
0.70710678118655));
#12468=DIRECTION('ref_axis',(1.84375615057065E-12,-0.70710678118655,0.707106781186545));
#12469=DIRECTION('',(-1.,-7.4639477426787E-16,3.73197387133935E-16));
#12470=DIRECTION('',(0.,-0.707106781186548,0.707106781186547));
#12471=DIRECTION('center_axis',(-0.707106781186547,0.,0.707106781186548));
#12472=DIRECTION('ref_axis',(0.707106781186548,0.,0.707106781186547));
#12473=DIRECTION('center_axis',(-0.707106781186543,1.28441205909333E-15,
0.707106781186552));
#12474=DIRECTION('ref_axis',(0.707106781186552,-9.04673643219849E-13,0.707106781186543));
#12475=DIRECTION('',(-0.707106781186548,0.,-0.707106781186547));
#12476=DIRECTION('',(0.,-1.,0.));
#12477=DIRECTION('center_axis',(0.,0.,-1.));
#12478=DIRECTION('ref_axis',(-2.26576127474522E-16,1.,1.00107824895902E-31));
#12479=DIRECTION('center_axis',(5.55111512312578E-16,0.,1.));
#12480=DIRECTION('ref_axis',(-1.,0.,5.55111512312578E-16));
#12481=DIRECTION('center_axis',(3.12738880176101E-16,0.,1.));
#12482=DIRECTION('ref_axis',(-2.26576127474522E-16,1.,1.25775016776309E-31));
#12483=DIRECTION('center_axis',(-3.12738880176101E-16,0.,-1.));
#12484=DIRECTION('ref_axis',(-1.,0.,3.10862446895044E-16));
#12485=DIRECTION('center_axis',(-3.12738880176101E-16,0.,-1.));
#12486=DIRECTION('ref_axis',(-1.,0.,5.55111512312578E-16));
#12487=DIRECTION('center_axis',(-2.67523620391604E-16,1.,1.48505441494919E-31));
#12488=DIRECTION('ref_axis',(-1.,-2.66453525910038E-16,3.127388801761E-16));
#12489=DIRECTION('',(5.55111512312578E-16,0.,1.));
#12490=DIRECTION('',(1.,2.67523620391604E-16,-3.127388801761E-16));
#12491=DIRECTION('',(5.55111512312578E-16,0.,1.));
#12492=DIRECTION('center_axis',(5.55111512312578E-16,0.,1.));
#12493=DIRECTION('ref_axis',(0.,1.,0.));
#12494=DIRECTION('',(5.55111512312578E-16,0.,1.));
#12495=DIRECTION('center_axis',(-3.127388801761E-16,0.,-1.));
#12496=DIRECTION('ref_axis',(0.,1.,0.));
#12497=DIRECTION('center_axis',(-3.127388801761E-16,0.,-1.));
#12498=DIRECTION('ref_axis',(0.,1.,0.));
#12499=DIRECTION('center_axis',(-3.127388801761E-16,0.,-1.));
#12500=DIRECTION('ref_axis',(0.,1.,0.));
#12501=DIRECTION('center_axis',(0.,1.,0.));
#12502=DIRECTION('ref_axis',(0.,0.,1.));
#12503=DIRECTION('',(5.55111512312578E-16,0.,1.));
#12504=DIRECTION('',(1.,0.,-3.127388801761E-16));
#12505=DIRECTION('',(3.86164530304402E-16,0.,1.));
#12506=DIRECTION('',(1.,0.,3.41064276632729E-16));
#12507=DIRECTION('',(0.,0.,1.));
#12508=DIRECTION('center_axis',(0.,1.,0.));
#12509=DIRECTION('ref_axis',(0.,0.,1.));
#12510=DIRECTION('',(1.98254111540207E-16,0.,-1.));
#12511=DIRECTION('',(-1.,0.,0.));
#12512=DIRECTION('',(0.,0.,-1.));
#12513=DIRECTION('',(1.,0.,3.41064276632729E-16));
#12514=DIRECTION('',(0.,0.,-1.));
#12515=DIRECTION('',(1.,0.,0.));
#12516=DIRECTION('',(0.,0.,-1.));
#12517=DIRECTION('',(-1.,0.,0.));
#12518=DIRECTION('',(0.,0.,-1.));
#12519=DIRECTION('',(-3.67015875909143E-16,0.,-1.));
#12520=DIRECTION('',(-1.,0.,5.657187386625E-16));
#12521=DIRECTION('',(4.72435329627726E-16,0.,1.));
#12522=DIRECTION('',(1.,0.,-4.72435329627726E-16));
#12523=DIRECTION('',(-4.72435329627726E-16,0.,-1.));
#12524=DIRECTION('',(-1.,0.,5.657187386625E-16));
#12525=DIRECTION('',(0.,0.,-1.));
#12526=DIRECTION('',(1.,0.,-3.127388801761E-16));
#12527=DIRECTION('center_axis',(1.,0.,-5.62613019235721E-16));
#12528=DIRECTION('ref_axis',(0.,1.,0.));
#12529=DIRECTION('',(0.,1.,0.));
#12530=DIRECTION('',(5.62613019235721E-16,0.,1.));
#12531=DIRECTION('',(0.,1.,0.));
#12532=DIRECTION('',(5.62613019235721E-16,0.,1.));
#12533=DIRECTION('center_axis',(0.,1.,0.));
#12534=DIRECTION('ref_axis',(-1.,0.,5.32907051820075E-16));
#12535=DIRECTION('',(-1.,0.,5.657187386625E-16));
#12536=DIRECTION('',(5.62613019235721E-16,0.,1.));
#12537=DIRECTION('',(-1.,0.,5.657187386625E-16));
#12538=DIRECTION('center_axis',(1.,0.,-5.62613019235721E-16));
#12539=DIRECTION('ref_axis',(0.,1.,0.));
#12540=DIRECTION('',(0.,1.,0.));
#12541=DIRECTION('',(5.62613019235721E-16,0.,1.));
#12542=DIRECTION('',(0.,1.,0.));
#12543=DIRECTION('center_axis',(0.,-1.,0.));
#12544=DIRECTION('ref_axis',(1.,0.,-5.32907051820075E-16));
#12545=DIRECTION('',(1.,0.,-5.657187386625E-16));
#12546=DIRECTION('',(5.62613019235721E-16,0.,1.));
#12547=DIRECTION('',(1.,0.,-5.657187386625E-16));
#12548=DIRECTION('center_axis',(1.,0.,-5.62613019235721E-16));
#12549=DIRECTION('ref_axis',(0.,1.,0.));
#12550=DIRECTION('',(0.,1.,0.));
#12551=DIRECTION('',(5.62613019235721E-16,0.,1.));
#12552=DIRECTION('',(0.,1.,0.));
#12553=DIRECTION('center_axis',(0.,-1.,0.));
#12554=DIRECTION('ref_axis',(1.,0.,-5.32907051820075E-16));
#12555=DIRECTION('',(1.,0.,-5.657187386625E-16));
#12556=DIRECTION('',(5.62613019235721E-16,0.,1.));
#12557=DIRECTION('',(1.,0.,-5.657187386625E-16));
#12558=DIRECTION('center_axis',(-2.31296463463574E-16,1.,1.30130401647786E-31));
#12559=DIRECTION('ref_axis',(-1.,-2.22044604925031E-16,5.32907051820075E-16));
#12560=DIRECTION('',(-1.,-2.31296463463574E-16,5.657187386625E-16));
#12561=DIRECTION('',(-1.,-2.31296463463574E-16,5.657187386625E-16));
#12562=DIRECTION('',(5.62613019235721E-16,0.,1.));
#12563=DIRECTION('center_axis',(5.62613019235721E-16,0.,1.));
#12564=DIRECTION('ref_axis',(1.,0.,-5.62050406216485E-16));
#12565=DIRECTION('',(0.,-1.,0.));
#12566=DIRECTION('center_axis',(-5.657187386625E-16,0.,-1.));
#12567=DIRECTION('ref_axis',(-1.,0.,5.32907051820075E-16));
#12568=DIRECTION('',(0.,1.,0.));
#12569=DIRECTION('',(-1.,0.,5.657187386625E-16));
#12570=DIRECTION('',(0.,1.,0.));
#12571=DIRECTION('',(0.,1.,0.));
#12572=DIRECTION('',(1.,-1.21155290385682E-16,-5.657187386625E-16));
#12573=DIRECTION('',(2.41352831440251E-16,1.,-1.36537819375002E-31));
#12574=DIRECTION('',(-1.,0.,5.657187386625E-16));
#12575=DIRECTION('',(0.,-1.,0.));
#12576=DIRECTION('',(1.,-1.21155290385682E-16,-5.657187386625E-16));
#12577=DIRECTION('',(0.,-1.,0.));
#12578=DIRECTION('',(0.,1.,0.));
#12579=DIRECTION('center_axis',(4.72435329627726E-16,0.,1.));
#12580=DIRECTION('ref_axis',(1.,0.,-4.88498130835069E-16));
#12581=DIRECTION('',(3.82835525732813E-16,1.,-1.80865027792785E-31));
#12582=DIRECTION('',(1.,0.,-5.657187386625E-16));
#12583=DIRECTION('',(0.,1.,0.));
#12584=DIRECTION('',(0.,-1.,0.));
#12585=DIRECTION('',(1.,-6.30808536718838E-17,-5.657187386625E-16));
#12586=DIRECTION('',(0.,-1.,0.));
#12587=DIRECTION('',(-1.,1.32169407693471E-16,5.657187386625E-16));
#12588=DIRECTION('',(2.84672570416707E-16,1.,-1.61044607467951E-31));
#12589=DIRECTION('',(1.,0.,-4.72435329627726E-16));
#12590=DIRECTION('',(-1.,0.,4.72435329627726E-16));
#12591=DIRECTION('',(0.,1.,0.));
#12592=DIRECTION('',(-1.,0.,4.72435329627726E-16));
#12593=DIRECTION('',(0.,-1.,0.));
#12594=DIRECTION('',(-1.,0.,4.72435329627726E-16));
#12595=DIRECTION('',(0.,-1.,0.));
#12596=DIRECTION('',(1.,0.,-4.72435329627726E-16));
#12597=DIRECTION('',(0.,1.,0.));
#12598=DIRECTION('',(0.,1.,0.));
#12599=DIRECTION('',(-1.,1.38777878078145E-16,4.72435329627726E-16));
#12600=DIRECTION('',(0.,-1.,0.));
#12601=DIRECTION('',(-1.,0.,4.72435329627726E-16));
#12602=DIRECTION('',(0.,-1.,0.));
#12603=DIRECTION('',(1.,0.,-4.72435329627726E-16));
#12604=DIRECTION('',(0.,1.,0.));
#12605=DIRECTION('',(-1.,0.,4.72435329627726E-16));
#12606=DIRECTION('center_axis',(1.,0.,-4.72435329627726E-16));
#12607=DIRECTION('ref_axis',(0.,1.,0.));
#12608=DIRECTION('',(4.72435329627726E-16,0.,1.));
#12609=DIRECTION('center_axis',(-1.,0.,4.72435329627726E-16));
#12610=DIRECTION('ref_axis',(0.,-1.,0.));
#12611=DIRECTION('',(-4.72435329627726E-16,0.,-1.));
#12612=DIRECTION('center_axis',(1.32169407693471E-16,1.,-6.24414976903663E-32));
#12613=DIRECTION('ref_axis',(-1.,1.33226762955019E-16,5.32907051820075E-16));
#12614=DIRECTION('',(-1.,1.32169407693471E-16,0.));
#12615=DIRECTION('',(4.72435329627726E-16,0.,1.));
#12616=DIRECTION('',(4.72435329627726E-16,0.,1.));
#12617=DIRECTION('center_axis',(0.,1.,0.));
#12618=DIRECTION('ref_axis',(-1.,0.,5.32907051820075E-16));
#12619=DIRECTION('',(6.66133814775094E-16,0.,1.));
#12620=DIRECTION('',(-1.,0.,5.657187386625E-16));
#12621=DIRECTION('',(6.66133814775094E-16,0.,1.));
#12622=DIRECTION('center_axis',(0.,-1.,0.));
#12623=DIRECTION('ref_axis',(1.,0.,-5.32907051820075E-16));
#12624=DIRECTION('',(6.66133814775094E-16,0.,1.));
#12625=DIRECTION('',(1.,0.,-5.657187386625E-16));
#12626=DIRECTION('',(6.66133814775094E-16,0.,1.));
#12627=DIRECTION('center_axis',(0.,-1.,0.));
#12628=DIRECTION('ref_axis',(1.,0.,-5.32907051820075E-16));
#12629=DIRECTION('',(0.,0.,1.));
#12630=DIRECTION('center_axis',(1.,-3.34981085016211E-16,-6.66133814775094E-16));
#12631=DIRECTION('ref_axis',(3.5527136788005E-16,1.,0.));
#12632=DIRECTION('',(3.34981085016211E-16,1.,-1.89505076891167E-31));
#12633=DIRECTION('',(3.08395284618099E-16,1.,-1.74464991423614E-31));
#12634=DIRECTION('',(6.66133814775094E-16,0.,1.));
#12635=DIRECTION('',(2.41352831440251E-16,1.,-1.36537819375002E-31));
#12636=DIRECTION('',(6.66133814775094E-16,0.,1.));
#12637=DIRECTION('center_axis',(1.,0.,-5.47293040308176E-16));
#12638=DIRECTION('ref_axis',(0.,1.,0.));
#12639=DIRECTION('',(5.47293040308176E-16,0.,1.));
#12640=DIRECTION('',(-1.33017895350405E-46,-1.,-2.43046933824526E-31));
#12641=DIRECTION('',(5.47293040308176E-16,0.,1.));
#12642=DIRECTION('center_axis',(0.,-1.,0.));
#12643=DIRECTION('ref_axis',(1.,0.,-5.32907051820075E-16));
#12644=DIRECTION('',(5.47293040308176E-16,0.,1.));
#12645=DIRECTION('',(-1.,0.,3.12738880176101E-16));
#12646=DIRECTION('center_axis',(1.,0.,-5.47293040308176E-16));
#12647=DIRECTION('ref_axis',(0.,1.,0.));
#12648=DIRECTION('',(5.47293040308176E-16,0.,1.));
#12649=DIRECTION('',(0.,1.,0.));
#12650=DIRECTION('',(5.47293040308176E-16,0.,1.));
#12651=DIRECTION('',(-1.33017895350405E-46,-1.,-2.43046933824526E-31));
#12652=DIRECTION('center_axis',(-1.38777878078145E-16,-1.,7.59521668209051E-32));
#12653=DIRECTION('ref_axis',(1.,-1.4432899320127E-16,-5.32907051820075E-16));
#12654=DIRECTION('',(5.47293040308176E-16,0.,1.));
#12655=DIRECTION('',(1.,-1.38777878078145E-16,-5.657187386625E-16));
#12656=DIRECTION('center_axis',(0.,-1.,0.));
#12657=DIRECTION('ref_axis',(1.,0.,-5.32907051820075E-16));
#12658=DIRECTION('',(5.47293040308176E-16,0.,1.));
#12659=DIRECTION('',(-1.,0.,3.12738880176101E-16));
#12660=DIRECTION('',(5.47293040308176E-16,0.,1.));
#12661=DIRECTION('center_axis',(1.,0.,-5.47293040308176E-16));
#12662=DIRECTION('ref_axis',(0.,1.,0.));
#12663=DIRECTION('',(5.47293040308176E-16,0.,1.));
#12664=DIRECTION('',(0.,1.,0.));
#12665=DIRECTION('',(5.47293040308176E-16,0.,1.));
#12666=DIRECTION('',(-1.33017895350405E-46,-1.,-2.43046933824526E-31));
#12667=DIRECTION('center_axis',(0.,-1.,0.));
#12668=DIRECTION('ref_axis',(1.,0.,-5.32907051820075E-16));
#12669=DIRECTION('',(5.47293040308176E-16,0.,1.));
#12670=DIRECTION('',(1.,0.,-5.657187386625E-16));
#12671=DIRECTION('center_axis',(-1.,0.,5.47293040308176E-16));
#12672=DIRECTION('ref_axis',(0.,-1.,0.));
#12673=DIRECTION('',(5.47293040308176E-16,0.,1.));
#12674=DIRECTION('',(1.33017895350405E-46,1.,2.43046933824526E-31));
#12675=DIRECTION('',(-5.47293040308176E-16,0.,-1.));
#12676=DIRECTION('',(0.,-1.,0.));
#12677=DIRECTION('center_axis',(0.,0.,1.));
#12678=DIRECTION('ref_axis',(1.,0.,0.));
#12679=DIRECTION('',(0.,-1.,0.));
#12680=DIRECTION('',(-1.,0.,5.657187386625E-16));
#12681=DIRECTION('',(2.61228946970625E-15,1.,0.));
#12682=DIRECTION('',(1.,0.,0.));
#12683=DIRECTION('',(0.,1.,0.));
#12684=DIRECTION('',(-1.,0.,0.));
#12685=DIRECTION('',(0.,-1.,0.));
#12686=DIRECTION('',(1.,0.,0.));
#12687=DIRECTION('',(-3.91843420455937E-15,-1.,0.));
#12688=DIRECTION('',(-1.,0.,5.657187386625E-16));
#12689=DIRECTION('',(5.2245789394125E-15,1.,0.));
#12690=DIRECTION('',(1.,0.,0.));
#12691=DIRECTION('',(0.,1.,0.));
#12692=DIRECTION('',(-1.,0.,0.));
#12693=DIRECTION('',(0.,-1.,0.));
#12694=DIRECTION('',(1.,0.,0.));
#12695=DIRECTION('',(3.91843420455937E-15,-1.,0.));
#12696=DIRECTION('',(-1.,0.,5.657187386625E-16));
#12697=DIRECTION('',(0.,1.,0.));
#12698=DIRECTION('',(-1.,0.,0.));
#12699=DIRECTION('center_axis',(-1.,0.,0.));
#12700=DIRECTION('ref_axis',(0.,-1.,0.));
#12701=DIRECTION('',(0.,0.,1.));
#12702=DIRECTION('center_axis',(-1.,0.,5.47293040308176E-16));
#12703=DIRECTION('ref_axis',(0.,-1.,0.));
#12704=DIRECTION('',(5.47293040308176E-16,0.,1.));
#12705=DIRECTION('',(1.33017895350405E-46,1.,2.43046933824526E-31));
#12706=DIRECTION('',(-5.47293040308176E-16,0.,-1.));
#12707=DIRECTION('',(0.,-1.,0.));
#12708=DIRECTION('center_axis',(0.,-1.,0.));
#12709=DIRECTION('ref_axis',(1.,0.,-5.32907051820075E-16));
#12710=DIRECTION('',(5.47293040308176E-16,0.,1.));
#12711=DIRECTION('',(-1.,0.,3.12738880176101E-16));
#12712=DIRECTION('center_axis',(-1.,0.,5.47293040308176E-16));
#12713=DIRECTION('ref_axis',(0.,-1.,0.));
#12714=DIRECTION('',(5.47293040308176E-16,0.,1.));
#12715=DIRECTION('',(1.33017895350405E-46,1.,2.43046933824526E-31));
#12716=DIRECTION('center_axis',(0.,1.,0.));
#12717=DIRECTION('ref_axis',(-1.,0.,5.32907051820075E-16));
#12718=DIRECTION('',(1.,0.,-3.12738880176101E-16));
#12719=DIRECTION('center_axis',(0.,-1.,0.));
#12720=DIRECTION('ref_axis',(1.,0.,-5.32907051820075E-16));
#12721=DIRECTION('',(5.47293040308176E-16,0.,1.));
#12722=DIRECTION('',(-1.,0.,3.12738880176101E-16));
#12723=DIRECTION('center_axis',(-1.,0.,5.47293040308176E-16));
#12724=DIRECTION('ref_axis',(0.,-1.,0.));
#12725=DIRECTION('',(5.47293040308176E-16,0.,1.));
#12726=DIRECTION('',(1.33017895350405E-46,1.,2.43046933824526E-31));
#12727=DIRECTION('center_axis',(0.,1.,0.));
#12728=DIRECTION('ref_axis',(-1.,0.,5.32907051820075E-16));
#12729=DIRECTION('',(5.47293040308176E-16,0.,1.));
#12730=DIRECTION('',(1.,0.,-3.12738880176101E-16));
#12731=DIRECTION('center_axis',(0.,1.,0.));
#12732=DIRECTION('ref_axis',(-1.,0.,5.32907051820075E-16));
#12733=DIRECTION('',(5.47293040308176E-16,0.,1.));
#12734=DIRECTION('',(1.,0.,-3.12738880176101E-16));
#12735=DIRECTION('',(5.47293040308176E-16,0.,1.));
#12736=DIRECTION('center_axis',(-1.,2.61228946970625E-15,5.47293040308176E-16));
#12737=DIRECTION('ref_axis',(-2.62012633811537E-15,-1.,0.));
#12738=DIRECTION('',(5.47293040308176E-16,0.,1.));
#12739=DIRECTION('',(-2.61228946970625E-15,-1.,1.47782110382355E-30));
#12740=DIRECTION('',(5.47293040308176E-16,0.,1.));
#12741=DIRECTION('',(2.61228946970625E-15,1.,-5.73917549627227E-31));
#12742=DIRECTION('center_axis',(-1.,3.82835525732813E-16,6.66133814775094E-16));
#12743=DIRECTION('ref_axis',(-3.5527136788005E-16,-1.,0.));
#12744=DIRECTION('',(-3.82835525732813E-16,-1.,2.16577230732762E-31));
#12745=DIRECTION('center_axis',(0.,-1.,0.));
#12746=DIRECTION('ref_axis',(1.,0.,-5.32907051820075E-16));
#12747=DIRECTION('',(6.66133814775094E-16,0.,1.));
#12748=DIRECTION('',(1.,0.,-5.657187386625E-16));
#12749=DIRECTION('center_axis',(-1.,0.,6.66133814775094E-16));
#12750=DIRECTION('ref_axis',(0.,-1.,0.));
#12751=DIRECTION('',(6.66133814775094E-16,0.,1.));
#12752=DIRECTION('',(0.,-1.,0.));
#12753=DIRECTION('center_axis',(6.66133814775094E-16,0.,1.));
#12754=DIRECTION('ref_axis',(1.,0.,-6.66133814775094E-16));
#12755=DIRECTION('',(-1.,0.,5.657187386625E-16));
#12756=DIRECTION('center_axis',(6.66133814775094E-16,0.,1.));
#12757=DIRECTION('ref_axis',(1.,0.,-6.66133814775094E-16));
#12758=DIRECTION('center_axis',(1.,0.,-5.47293040308176E-16));
#12759=DIRECTION('ref_axis',(0.,1.,0.));
#12760=DIRECTION('',(-1.33017895350405E-46,-1.,-2.43046933824526E-31));
#12761=DIRECTION('center_axis',(5.47293040308176E-16,0.,1.));
#12762=DIRECTION('ref_axis',(1.,0.,-5.55111512312578E-16));
#12763=DIRECTION('',(-1.,0.,5.47293040308176E-16));
#12764=DIRECTION('center_axis',(1.,0.,-5.47293040308176E-16));
#12765=DIRECTION('ref_axis',(0.,1.,0.));
#12766=DIRECTION('',(5.47293040308176E-16,0.,1.));
#12767=DIRECTION('',(-1.33017895350405E-46,-1.,-2.43046933824526E-31));
#12768=DIRECTION('',(5.47293040308176E-16,0.,1.));
#12769=DIRECTION('center_axis',(0.,-1.,0.));
#12770=DIRECTION('ref_axis',(1.,0.,-5.32907051820075E-16));
#12771=DIRECTION('',(5.47293040308176E-16,0.,1.));
#12772=DIRECTION('',(-1.,0.,3.12738880176101E-16));
#12773=DIRECTION('center_axis',(-1.,0.,5.47293040308176E-16));
#12774=DIRECTION('ref_axis',(0.,-1.,0.));
#12775=DIRECTION('',(5.47293040308176E-16,0.,1.));
#12776=DIRECTION('',(1.33017895350405E-46,1.,2.43046933824526E-31));
#12777=DIRECTION('center_axis',(0.,1.,0.));
#12778=DIRECTION('ref_axis',(-1.,0.,5.32907051820075E-16));
#12779=DIRECTION('',(5.47293040308176E-16,0.,1.));
#12780=DIRECTION('',(1.,0.,-3.12738880176101E-16));
#12781=DIRECTION('center_axis',(-1.,5.2245789394125E-15,5.47293040308176E-16));
#12782=DIRECTION('ref_axis',(-5.24025267623074E-15,-1.,0.));
#12783=DIRECTION('',(5.47293040308176E-16,0.,1.));
#12784=DIRECTION('',(-5.2245789394125E-15,-1.,2.9556422076471E-30));
#12785=DIRECTION('',(5.47293040308176E-16,0.,1.));
#12786=DIRECTION('',(5.2245789394125E-15,1.,-1.39088203307898E-30));
#12787=DIRECTION('center_axis',(1.,3.91843420455937E-15,-5.47293040308176E-16));
#12788=DIRECTION('ref_axis',(-3.90798504668055E-15,1.,0.));
#12789=DIRECTION('',(5.47293040308176E-16,0.,1.));
#12790=DIRECTION('',(3.91843420455937E-15,-1.,-1.46849365900215E-30));
#12791=DIRECTION('',(-5.47293040308176E-16,0.,-1.));
#12792=DIRECTION('',(-3.91843420455937E-15,1.,2.21673165573533E-30));
#12793=DIRECTION('',(5.47293040308176E-16,0.,1.));
#12794=DIRECTION('center_axis',(0.,1.,0.));
#12795=DIRECTION('ref_axis',(-1.,0.,5.32907051820075E-16));
#12796=DIRECTION('',(1.,0.,-3.12738880176101E-16));
#12797=DIRECTION('center_axis',(5.47293040308176E-16,0.,1.));
#12798=DIRECTION('ref_axis',(1.,0.,-5.55111512312578E-16));
#12799=DIRECTION('',(1.,0.,-5.47293040308176E-16));
#12800=DIRECTION('',(-1.,0.,5.657187386625E-16));
#12801=DIRECTION('center_axis',(1.,0.,-5.47293040308176E-16));
#12802=DIRECTION('ref_axis',(0.,1.,0.));
#12803=DIRECTION('',(5.47293040308176E-16,0.,1.));
#12804=DIRECTION('',(-1.33017895350405E-46,-1.,-2.43046933824526E-31));
#12805=DIRECTION('',(5.47293040308176E-16,0.,1.));
#12806=DIRECTION('center_axis',(0.,-1.,0.));
#12807=DIRECTION('ref_axis',(1.,0.,-5.32907051820075E-16));
#12808=DIRECTION('',(5.47293040308176E-16,0.,1.));
#12809=DIRECTION('',(-1.,0.,3.12738880176101E-16));
#12810=DIRECTION('center_axis',(-1.,0.,5.47293040308176E-16));
#12811=DIRECTION('ref_axis',(0.,-1.,0.));
#12812=DIRECTION('',(1.33017895350405E-46,1.,2.43046933824526E-31));
#12813=DIRECTION('center_axis',(1.,-3.91843420455937E-15,-5.47293040308176E-16));
#12814=DIRECTION('ref_axis',(3.90798504668055E-15,1.,0.));
#12815=DIRECTION('',(5.47293040308176E-16,0.,1.));
#12816=DIRECTION('',(-3.91843420455937E-15,-1.,9.82399791353103E-31));
#12817=DIRECTION('',(-5.47293040308176E-16,0.,-1.));
#12818=DIRECTION('',(3.91843420455937E-15,1.,-2.21673165573533E-30));
#12819=DIRECTION('',(5.47293040308176E-16,0.,1.));
#12820=DIRECTION('center_axis',(0.,1.,0.));
#12821=DIRECTION('ref_axis',(-1.,0.,5.32907051820075E-16));
#12822=DIRECTION('',(1.,0.,-3.12738880176101E-16));
#12823=DIRECTION('center_axis',(-5.55111512312578E-16,1.,3.0380866728362E-31));
#12824=DIRECTION('ref_axis',(-1.,-5.32907051820075E-16,5.32907051820075E-16));
#12825=DIRECTION('',(-1.,-5.55111512312578E-16,5.657187386625E-16));
#12826=DIRECTION('center_axis',(5.47293040308176E-16,0.,1.));
#12827=DIRECTION('ref_axis',(1.,0.,-5.55111512312578E-16));
#12828=DIRECTION('',(1.,0.,-5.47293040308176E-16));
#12829=DIRECTION('center_axis',(5.47293040308176E-16,0.,1.));
#12830=DIRECTION('ref_axis',(1.,0.,-5.55111512312578E-16));
#12831=DIRECTION('',(-1.,0.,5.47293040308176E-16));
#12832=DIRECTION('center_axis',(0.,-1.,0.));
#12833=DIRECTION('ref_axis',(-1.,0.,3.10862446895044E-16));
#12834=DIRECTION('',(-1.,0.,3.12738880176101E-16));
#12835=DIRECTION('',(-1.,0.,3.12738880176101E-16));
#12836=DIRECTION('',(-3.127388801761E-16,0.,-1.));
#12837=DIRECTION('',(-1.,0.,3.12738880176101E-16));
#12838=DIRECTION('',(-3.127388801761E-16,0.,-1.));
#12839=DIRECTION('',(-1.,0.,3.12738880176101E-16));
#12840=DIRECTION('center_axis',(0.,1.,0.));
#12841=DIRECTION('ref_axis',(0.,0.,1.));
#12842=DIRECTION('',(3.1720657846433E-16,0.,1.));
#12843=DIRECTION('',(0.526354614616295,0.,-0.850265146687862));
#12844=DIRECTION('',(0.,0.,-1.));
#12845=DIRECTION('',(1.,0.,0.));
#12846=DIRECTION('',(0.,0.,1.));
#12847=DIRECTION('',(-1.,0.,0.));
#12848=DIRECTION('',(0.,0.,1.));
#12849=DIRECTION('',(1.,0.,0.));
#12850=DIRECTION('',(-1.98254111540207E-16,0.,1.));
#12851=DIRECTION('',(-1.,0.,0.));
#12852=DIRECTION('center_axis',(1.,0.,0.));
#12853=DIRECTION('ref_axis',(0.,0.,-1.));
#12854=DIRECTION('',(0.,1.,0.));
#12855=DIRECTION('',(0.,1.,0.));
#12856=DIRECTION('',(0.,1.,0.));
#12857=DIRECTION('',(0.,0.,-1.));
#12858=DIRECTION('center_axis',(-0.850265146687862,0.,-0.526354614616295));
#12859=DIRECTION('ref_axis',(-0.526354614616295,0.,0.850265146687862));
#12860=DIRECTION('center_axis',(0.850265146687862,0.,0.526354614616295));
#12861=DIRECTION('ref_axis',(-0.526354614616295,0.,0.850265146687862));
#12862=DIRECTION('',(0.,1.,0.));
#12863=DIRECTION('',(-0.526354614616295,0.,0.850265146687862));
#12864=DIRECTION('',(0.,1.,0.));
#12865=DIRECTION('center_axis',(0.,0.,1.));
#12866=DIRECTION('ref_axis',(1.,0.,0.));
#12867=DIRECTION('',(1.,0.,0.));
#12868=DIRECTION('',(0.,1.,0.));
#12869=DIRECTION('',(-2.08166817117217E-16,-1.,0.));
#12870=DIRECTION('center_axis',(0.,0.,-1.));
#12871=DIRECTION('ref_axis',(-1.,0.,0.));
#12872=DIRECTION('',(0.,1.,0.));
#12873=DIRECTION('center_axis',(1.,0.,1.98254111540207E-16));
#12874=DIRECTION('ref_axis',(1.99840144432528E-16,0.,-1.));
#12875=DIRECTION('',(0.,1.,0.));
#12876=DIRECTION('center_axis',(0.,0.,1.));
#12877=DIRECTION('ref_axis',(1.,0.,0.));
#12878=DIRECTION('center_axis',(0.,0.,-1.));
#12879=DIRECTION('ref_axis',(-1.,0.,3.1720657846433E-16));
#12880=DIRECTION('',(0.,1.,0.));
#12881=DIRECTION('center_axis',(-1.,0.,0.));
#12882=DIRECTION('ref_axis',(0.,0.,1.));
#12883=DIRECTION('',(-3.1720657846433E-16,0.,-1.));
#12884=DIRECTION('',(0.,-1.,0.));
#12885=DIRECTION('',(0.,0.,1.));
#12886=DIRECTION('center_axis',(-1.,0.,0.));
#12887=DIRECTION('ref_axis',(0.,0.,1.));
#12888=DIRECTION('',(0.,0.,1.));
#12889=DIRECTION('',(0.,1.,0.));
#12890=DIRECTION('center_axis',(0.,0.,-1.));
#12891=DIRECTION('ref_axis',(-1.,0.,0.));
#12892=DIRECTION('',(-1.,0.,0.));
#12893=DIRECTION('',(2.08166817117217E-16,1.,0.));
#12894=DIRECTION('',(0.,1.,0.));
#12895=DIRECTION('center_axis',(1.,0.,0.));
#12896=DIRECTION('ref_axis',(0.,0.,-1.));
#12897=DIRECTION('center_axis',(1.,0.,3.70074341541719E-16));
#12898=DIRECTION('ref_axis',(3.5527136788005E-16,0.,-1.));
#12899=DIRECTION('',(3.1720657846433E-16,0.,1.));
#12900=DIRECTION('',(0.,1.,0.));
#12901=DIRECTION('',(3.70074341541719E-16,0.,-1.));
#12902=DIRECTION('',(0.,1.,0.));
#12903=DIRECTION('center_axis',(1.,0.,1.77635683940025E-15));
#12904=DIRECTION('ref_axis',(1.77635683940025E-15,0.,-1.));
#12905=DIRECTION('',(1.77635683940025E-15,0.,-1.));
#12906=DIRECTION('',(0.,1.,0.));
#12907=DIRECTION('',(-1.77635683940025E-15,0.,1.));
#12908=DIRECTION('',(0.,1.,0.));
#12909=DIRECTION('center_axis',(-1.38777878078144E-15,0.,-1.));
#12910=DIRECTION('ref_axis',(-1.,0.,1.4210854715202E-15));
#12911=DIRECTION('',(-1.,0.,1.38777878078144E-15));
#12912=DIRECTION('',(1.,0.,-1.38777878078144E-15));
#12913=DIRECTION('',(0.,1.,0.));
#12914=DIRECTION('center_axis',(0.,1.,0.));
#12915=DIRECTION('ref_axis',(0.,0.,1.));
#12916=DIRECTION('',(-3.1720657846433E-16,0.,-1.));
#12917=DIRECTION('',(-1.,0.,-4.44089209850062E-16));
#12918=DIRECTION('',(1.2335811384724E-15,0.,-1.));
#12919=DIRECTION('',(1.,0.,1.38777878078145E-15));
#12920=DIRECTION('',(1.33761810195802E-15,0.,-1.));
#12921=DIRECTION('',(-1.,0.,2.22044604925031E-15));
#12922=DIRECTION('',(0.,0.,-1.));
#12923=DIRECTION('',(0.46400699467056,0.,0.885831535280154));
#12924=DIRECTION('center_axis',(-1.,0.,0.));
#12925=DIRECTION('ref_axis',(0.,0.,1.));
#12926=DIRECTION('',(0.,0.,1.));
#12927=DIRECTION('',(0.,1.,0.));
#12928=DIRECTION('center_axis',(2.22044604925031E-15,0.,1.));
#12929=DIRECTION('ref_axis',(1.,0.,-2.22044604925031E-15));
#12930=DIRECTION('',(1.,0.,-2.22044604925031E-15));
#12931=DIRECTION('',(0.,1.,0.));
#12932=DIRECTION('center_axis',(-1.,0.,-1.33761810195802E-15));
#12933=DIRECTION('ref_axis',(-1.33226762955019E-15,0.,1.));
#12934=DIRECTION('',(-1.33761810195802E-15,0.,1.));
#12935=DIRECTION('',(0.,1.,0.));
#12936=DIRECTION('center_axis',(1.38777878078145E-15,0.,-1.));
#12937=DIRECTION('ref_axis',(-1.,0.,-1.3988810110277E-15));
#12938=DIRECTION('',(-1.,0.,-1.38777878078145E-15));
#12939=DIRECTION('',(0.,1.,0.));
#12940=DIRECTION('center_axis',(-1.,0.,-1.2335811384724E-15));
#12941=DIRECTION('ref_axis',(-1.24344978758018E-15,0.,1.));
#12942=DIRECTION('',(-1.2335811384724E-15,0.,1.));
#12943=DIRECTION('',(0.,1.,0.));
#12944=DIRECTION('center_axis',(0.885831535280154,0.,-0.46400699467056));
#12945=DIRECTION('ref_axis',(-0.46400699467056,0.,-0.885831535280154));
#12946=DIRECTION('center_axis',(-0.885831535280154,0.,0.46400699467056));
#12947=DIRECTION('ref_axis',(-0.46400699467056,0.,-0.885831535280154));
#12948=DIRECTION('',(-0.46400699467056,0.,-0.885831535280154));
#12949=DIRECTION('center_axis',(1.,-2.08166817117217E-16,0.));
#12950=DIRECTION('ref_axis',(1.99840144432528E-16,1.,0.));
#12951=DIRECTION('',(3.02788097625043E-16,0.,-1.));
#12952=DIRECTION('',(0.,1.,0.));
#12953=DIRECTION('',(0.,0.,1.));
#12954=DIRECTION('',(-6.16790569236198E-16,-1.,0.));
#12955=DIRECTION('',(0.,0.,1.));
#12956=DIRECTION('center_axis',(1.,-2.08166817117217E-16,0.));
#12957=DIRECTION('ref_axis',(1.99840144432528E-16,1.,0.));
#12958=DIRECTION('',(0.,1.,0.));
#12959=DIRECTION('',(3.02788097625043E-16,0.,-1.));
#12960=DIRECTION('center_axis',(-3.41064276632729E-16,0.,1.));
#12961=DIRECTION('ref_axis',(1.,0.,3.38618022510673E-16));
#12962=DIRECTION('',(1.,0.,3.41064276632729E-16));
#12963=DIRECTION('center_axis',(-3.41064276632729E-16,0.,1.));
#12964=DIRECTION('ref_axis',(1.,0.,3.38618022510673E-16));
#12965=DIRECTION('',(0.,-1.,0.));
#12966=DIRECTION('',(1.,0.,3.41064276632729E-16));
#12967=DIRECTION('center_axis',(4.44089209850062E-16,0.,-1.));
#12968=DIRECTION('ref_axis',(-1.,0.,3.1720657846433E-16));
#12969=DIRECTION('',(1.,0.,3.41064276632729E-16));
#12970=DIRECTION('center_axis',(0.,1.,0.));
#12971=DIRECTION('ref_axis',(0.,0.,1.));
#12972=DIRECTION('center_axis',(-3.127388801761E-16,0.,-1.));
#12973=DIRECTION('ref_axis',(-6.12726244011547E-11,-1.,1.91623319406679E-26));
#12974=DIRECTION('center_axis',(-3.12738880176101E-16,0.,-1.));
#12975=DIRECTION('ref_axis',(-6.12726244011547E-11,-1.,1.91623319406679E-26));
#12976=DIRECTION('center_axis',(-3.12738880176101E-16,0.,-1.));
#12977=DIRECTION('ref_axis',(-6.12726244011547E-11,-1.,1.91623319406679E-26));
#12978=DIRECTION('',(-3.127388801761E-16,0.,-1.));
#12979=DIRECTION('center_axis',(-3.127388801761E-16,0.,-1.));
#12980=DIRECTION('ref_axis',(-3.06374808563927E-11,1.,9.58153145444498E-27));
#12981=DIRECTION('center_axis',(-3.12738880176101E-16,0.,-1.));
#12982=DIRECTION('ref_axis',(-3.06374808563927E-11,1.,9.58153145444498E-27));
#12983=DIRECTION('',(-3.127388801761E-16,0.,-1.));
#12984=DIRECTION('center_axis',(-3.12738880176101E-16,0.,-1.));
#12985=DIRECTION('ref_axis',(-3.06374808563927E-11,1.,9.58153145444498E-27));
#12986=DIRECTION('center_axis',(0.,1.,0.));
#12987=DIRECTION('ref_axis',(1.,0.,-3.10862446895044E-16));
#12988=DIRECTION('',(1.,0.,-3.12738880176101E-16));
#12989=DIRECTION('',(1.,0.,-3.12738880176101E-16));
#12990=DIRECTION('',(1.,0.,-3.12738880176101E-16));
#12991=DIRECTION('',(1.,0.,-3.12738880176101E-16));
#12992=DIRECTION('center_axis',(3.12738880176101E-16,-2.43046933824526E-31,
1.));
#12993=DIRECTION('ref_axis',(1.,0.,-3.10862446895044E-16));
#12994=DIRECTION('center_axis',(0.,0.,-1.));
#12995=DIRECTION('ref_axis',(-1.,0.,0.));
#12996=DIRECTION('',(-1.,0.,0.));
#12997=DIRECTION('',(-1.,0.,0.));
#12998=DIRECTION('',(0.,1.,0.));
#12999=DIRECTION('center_axis',(0.,1.,0.));
#13000=DIRECTION('ref_axis',(0.,0.,1.));
#13001=DIRECTION('',(3.86164530304402E-16,0.,1.));
#13002=DIRECTION('',(-1.,0.,0.));
#13003=DIRECTION('',(0.,0.,1.));
#13004=DIRECTION('',(-1.,0.,0.));
#13005=DIRECTION('',(0.,0.,-1.));
#13006=DIRECTION('',(-1.,0.,0.));
#13007=DIRECTION('',(0.,0.,1.));
#13008=DIRECTION('',(-1.,0.,0.));
#13009=DIRECTION('',(0.,0.,-1.));
#13010=DIRECTION('',(-1.,0.,0.));
#13011=DIRECTION('center_axis',(-1.,0.,3.86164530304402E-16));
#13012=DIRECTION('ref_axis',(3.5527136788005E-16,0.,1.));
#13013=DIRECTION('',(0.,1.,0.));
#13014=DIRECTION('',(3.86164530304402E-16,0.,1.));
#13015=DIRECTION('',(0.,1.,0.));
#13016=DIRECTION('',(3.86164530304402E-16,0.,1.));
#13017=DIRECTION('center_axis',(0.,0.,1.));
#13018=DIRECTION('ref_axis',(1.,0.,0.));
#13019=DIRECTION('',(0.,1.,0.));
#13020=DIRECTION('',(-1.,2.31296463463574E-16,0.));
#13021=DIRECTION('center_axis',(-1.,3.65204942310907E-17,0.));
#13022=DIRECTION('ref_axis',(-4.44089209850063E-17,-1.,0.));
#13023=DIRECTION('',(-3.65204942310907E-17,-1.,0.));
#13024=DIRECTION('',(0.,0.,-1.));
#13025=DIRECTION('',(3.08395284618099E-16,1.,0.));
#13026=DIRECTION('',(0.,0.,1.));
#13027=DIRECTION('center_axis',(0.,0.,-1.));
#13028=DIRECTION('ref_axis',(-1.,0.,0.));
#13029=DIRECTION('',(0.,1.,0.));
#13030=DIRECTION('',(1.,-1.02798428206033E-16,0.));
#13031=DIRECTION('center_axis',(0.,0.,1.));
#13032=DIRECTION('ref_axis',(-1.,0.,3.1720657846433E-16));
#13033=DIRECTION('',(1.,-1.02798428206033E-16,0.));
#13034=DIRECTION('center_axis',(1.,-1.46081976924363E-16,0.));
#13035=DIRECTION('ref_axis',(1.77635683940025E-16,1.,0.));
#13036=DIRECTION('',(0.,1.,0.));
#13037=DIRECTION('',(0.,0.,1.));
#13038=DIRECTION('',(-1.46081976924363E-16,-1.,0.));
#13039=DIRECTION('',(0.,0.,1.));
#13040=DIRECTION('center_axis',(0.,0.,1.));
#13041=DIRECTION('ref_axis',(1.,0.,0.));
#13042=DIRECTION('',(-1.,0.,0.));
#13043=DIRECTION('',(0.,1.,0.));
#13044=DIRECTION('center_axis',(0.,0.,1.));
#13045=DIRECTION('ref_axis',(1.,0.,0.));
#13046=DIRECTION('',(0.,1.,0.));
#13047=DIRECTION('',(-1.,0.,0.));
#13048=DIRECTION('center_axis',(0.,0.,-1.));
#13049=DIRECTION('ref_axis',(-1.,0.,0.));
#13050=DIRECTION('',(-2.92163953848725E-16,1.,0.));
#13051=DIRECTION('',(1.,-1.02798428206033E-16,0.));
#13052=DIRECTION('',(0.,-1.,0.));
#13053=DIRECTION('center_axis',(0.,0.,-1.));
#13054=DIRECTION('ref_axis',(-1.,0.,0.));
#13055=DIRECTION('',(-1.,0.,0.));
#13056=DIRECTION('center_axis',(0.,1.,0.));
#13057=DIRECTION('ref_axis',(0.,0.,1.));
#13058=DIRECTION('center_axis',(-1.02798428206033E-16,-1.,0.));
#13059=DIRECTION('ref_axis',(1.,-1.11022302462516E-16,0.));
#13060=DIRECTION('',(-3.1720657846433E-16,0.,-1.));
#13061=DIRECTION('',(1.,-1.16640484176815E-16,0.));
#13062=DIRECTION('center_axis',(1.,2.92163953848725E-16,0.));
#13063=DIRECTION('ref_axis',(-2.66453525910038E-16,1.,0.));
#13064=DIRECTION('',(0.,0.,1.));
#13065=DIRECTION('',(2.92163953848725E-16,-1.,0.));
#13066=DIRECTION('',(0.,0.,1.));
#13067=DIRECTION('center_axis',(1.,2.92163953848725E-16,0.));
#13068=DIRECTION('ref_axis',(-2.66453525910038E-16,1.,0.));
#13069=DIRECTION('',(0.,0.,-1.));
#13070=DIRECTION('',(2.92163953848725E-16,-1.,0.));
#13071=DIRECTION('',(0.,0.,1.));
#13072=DIRECTION('center_axis',(0.,-1.,0.));
#13073=DIRECTION('ref_axis',(1.,0.,0.));
#13074=DIRECTION('',(-1.,0.,0.));
#13075=DIRECTION('center_axis',(0.,1.,0.));
#13076=DIRECTION('ref_axis',(-1.,0.,0.));
#13077=DIRECTION('',(1.,0.,0.));
#13078=DIRECTION('center_axis',(-1.,3.65204942310907E-17,0.));
#13079=DIRECTION('ref_axis',(-4.44089209850063E-17,-1.,0.));
#13080=DIRECTION('',(0.,0.,1.));
#13081=DIRECTION('',(0.,0.,1.));
#13082=DIRECTION('',(-3.08395284618099E-16,1.,0.));
#13083=DIRECTION('center_axis',(0.,1.,0.));
#13084=DIRECTION('ref_axis',(-1.,0.,0.));
#13085=DIRECTION('',(1.,0.,0.));
#13086=DIRECTION('center_axis',(-2.31296463463574E-16,-1.,0.));
#13087=DIRECTION('ref_axis',(1.,-2.33146835171283E-16,0.));
#13088=DIRECTION('',(-1.,1.85037170770859E-15,0.));
#13089=DIRECTION('center_axis',(-1.,0.,0.));
#13090=DIRECTION('ref_axis',(0.,-1.,0.));
#13091=DIRECTION('',(0.,0.,1.));
#13092=DIRECTION('',(0.,0.,1.));
#13093=DIRECTION('',(0.,1.,0.));
#13094=DIRECTION('center_axis',(1.,-1.46081976924363E-16,0.));
#13095=DIRECTION('ref_axis',(1.77635683940025E-16,1.,0.));
#13096=DIRECTION('',(0.,0.,-1.));
#13097=DIRECTION('',(-1.46081976924363E-16,-1.,0.));
#13098=DIRECTION('',(0.,0.,1.));
#13099=DIRECTION('center_axis',(0.,1.,0.));
#13100=DIRECTION('ref_axis',(-1.,0.,0.));
#13101=DIRECTION('',(1.,0.,0.));
#13102=DIRECTION('center_axis',(-1.,0.,0.));
#13103=DIRECTION('ref_axis',(0.,-1.,0.));
#13104=DIRECTION('',(0.,0.,-1.));
#13105=DIRECTION('',(0.,1.,0.));
#13106=DIRECTION('',(0.,0.,1.));
#13107=DIRECTION('center_axis',(0.,-1.,0.));
#13108=DIRECTION('ref_axis',(1.,0.,0.));
#13109=DIRECTION('',(-1.,0.,0.));
#13110=DIRECTION('center_axis',(0.,1.,0.));
#13111=DIRECTION('ref_axis',(-1.,0.,0.));
#13112=DIRECTION('',(-1.,0.,0.));
#13113=DIRECTION('',(3.1720657846433E-16,0.,1.));
#13114=DIRECTION('center_axis',(-1.02798428206033E-16,-1.,0.));
#13115=DIRECTION('ref_axis',(1.,-1.11022302462516E-16,0.));
#13116=DIRECTION('',(1.,-1.02798428206033E-16,0.));
#13117=DIRECTION('',(3.1720657846433E-16,0.,1.));
#13118=DIRECTION('center_axis',(0.,1.,0.));
#13119=DIRECTION('ref_axis',(-1.,0.,0.));
#13120=DIRECTION('',(-3.1720657846433E-16,0.,-1.));
#13121=DIRECTION('',(-1.,0.,0.));
#13122=DIRECTION('center_axis',(0.,0.,1.));
#13123=DIRECTION('ref_axis',(1.,0.,0.));
#13124=DIRECTION('center_axis',(0.,0.,-1.));
#13125=DIRECTION('ref_axis',(-1.,0.,3.1720657846433E-16));
#13126=DIRECTION('center_axis',(-1.02798428206033E-16,-1.,0.));
#13127=DIRECTION('ref_axis',(1.,-1.11022302462516E-16,0.));
#13128=DIRECTION('',(1.,-1.02798428206033E-16,0.));
#13129=DIRECTION('center_axis',(0.,0.,1.));
#13130=DIRECTION('ref_axis',(1.,0.,0.));
#13131=DIRECTION('',(-1.,0.,0.));
#13132=DIRECTION('center_axis',(0.,0.,-1.));
#13133=DIRECTION('ref_axis',(-1.,0.,3.1720657846433E-16));
#13134=DIRECTION('center_axis',(0.,1.,0.));
#13135=DIRECTION('ref_axis',(-1.,0.,0.));
#13136=DIRECTION('center_axis',(-3.1720657846433E-16,0.,-1.));
#13137=DIRECTION('ref_axis',(-1.,0.,3.1720657846433E-16));
#13138=DIRECTION('center_axis',(-3.12738880176101E-16,0.,-1.));
#13139=DIRECTION('ref_axis',(-1.,0.,3.1720657846433E-16));
#13140=DIRECTION('center_axis',(5.55111512312578E-16,0.,1.));
#13141=DIRECTION('ref_axis',(-1.,0.,5.55111512312578E-16));
#13142=DIRECTION('center_axis',(3.12738880176101E-16,0.,1.));
#13143=DIRECTION('ref_axis',(-1.,0.,3.12738880176101E-16));
#13144=DIRECTION('center_axis',(-3.12738880176101E-16,0.,-1.));
#13145=DIRECTION('ref_axis',(-1.,0.,3.10862446895044E-16));
#13146=DIRECTION('center_axis',(1.70803542250024E-16,-1.,-9.48150126467563E-32));
#13147=DIRECTION('ref_axis',(1.,1.66533453693773E-16,-3.10862446895044E-16));
#13148=DIRECTION('',(1.,1.70803542250024E-16,-3.12738880176101E-16));
#13149=DIRECTION('',(5.55111512312578E-16,0.,1.));
#13150=DIRECTION('center_axis',(5.55111512312578E-16,0.,1.));
#13151=DIRECTION('ref_axis',(0.,-1.,0.));
#13152=DIRECTION('center_axis',(3.12738880176101E-16,0.,1.));
#13153=DIRECTION('ref_axis',(0.,-1.,0.));
#13154=DIRECTION('center_axis',(-3.12738880176101E-16,0.,-1.));
#13155=DIRECTION('ref_axis',(-1.,0.,3.10862446895044E-16));
#13156=DIRECTION('center_axis',(5.55111512312578E-16,0.,1.));
#13157=DIRECTION('ref_axis',(1.,1.15648231731787E-16,-5.55111512312578E-16));
#13158=DIRECTION('',(5.55111512312578E-16,0.,1.));
#13159=DIRECTION('center_axis',(-3.127388801761E-16,0.,-1.));
#13160=DIRECTION('ref_axis',(1.,1.15648231731787E-16,-5.55111512312578E-16));
#13161=DIRECTION('center_axis',(-1.,0.,5.55111512312578E-16));
#13162=DIRECTION('ref_axis',(0.,-1.,0.));
#13163=DIRECTION('',(5.55111512312578E-16,0.,1.));
#13164=DIRECTION('',(0.,1.,0.));
#13165=DIRECTION('center_axis',(5.55111512312578E-16,0.,1.));
#13166=DIRECTION('ref_axis',(2.26576127474522E-16,-1.,-1.25775016776309E-31));
#13167=DIRECTION('center_axis',(-3.127388801761E-16,0.,-1.));
#13168=DIRECTION('ref_axis',(2.26576127474522E-16,-1.,-7.08591643810193E-32));
#13169=DIRECTION('center_axis',(-3.127388801761E-16,0.,-1.));
#13170=DIRECTION('ref_axis',(2.26576127474522E-16,-1.,-1.25775016776309E-31));
#13171=DIRECTION('center_axis',(-3.12738880176101E-16,0.,-1.));
#13172=DIRECTION('ref_axis',(-1.,0.,3.12738880176101E-16));
#13173=DIRECTION('',(1.,0.,-3.127388801761E-16));
#13174=DIRECTION('',(1.,0.,-3.127388801761E-16));
#13175=DIRECTION('',(1.,0.,-3.127388801761E-16));
#13176=DIRECTION('center_axis',(3.127388801761E-16,0.,1.));
#13177=DIRECTION('ref_axis',(1.,0.,-3.127388801761E-16));
#13178=DIRECTION('',(0.,1.,0.));
#13179=DIRECTION('',(1.,0.,-3.127388801761E-16));
#13180=DIRECTION('center_axis',(3.127388801761E-16,0.,1.));
#13181=DIRECTION('ref_axis',(1.,0.,-3.127388801761E-16));
#13182=DIRECTION('',(0.,1.,0.));
#13183=DIRECTION('center_axis',(3.127388801761E-16,0.,1.));
#13184=DIRECTION('ref_axis',(1.,0.,-3.127388801761E-16));
#13185=DIRECTION('',(1.,0.,-3.127388801761E-16));
#13186=DIRECTION('center_axis',(1.,0.,-3.67015875909143E-16));
#13187=DIRECTION('ref_axis',(-3.66373598126302E-16,0.,-1.));
#13188=DIRECTION('',(-3.67015875909143E-16,0.,-1.));
#13189=DIRECTION('center_axis',(1.,0.,0.));
#13190=DIRECTION('ref_axis',(0.,0.,-1.));
#13191=DIRECTION('',(0.,0.,-1.));
#13192=DIRECTION('center_axis',(0.,1.,0.));
#13193=DIRECTION('ref_axis',(0.,0.,1.));
#13194=DIRECTION('axis',(0.,0.,1.));
#13195=DIRECTION('refdir',(1.,0.,0.));
#13196=DIRECTION('center_axis',(0.,1.,2.31296463463574E-16));
#13197=DIRECTION('ref_axis',(0.,0.,1.));
#13198=DIRECTION('center_axis',(-0.308273573211039,0.948034598184991,-0.0787261373618724));
#13199=DIRECTION('ref_axis',(0.942982909628806,0.315448699837033,0.10618545059996));
#13200=DIRECTION('',(0.,-1.,-2.31296463463574E-16));
#13201=DIRECTION('center_axis',(0.543457143342335,-0.827931032965472,0.138508259692035));
#13202=DIRECTION('ref_axis',(0.830030314181282,0.554634026066031,0.0585728151099828));
#13203=DIRECTION('center_axis',(0.,-1.,-1.98254111540207E-16));
#13204=DIRECTION('ref_axis',(0.,0.,1.));
#13205=DIRECTION('',(0.,1.,2.31296463463574E-16));
#13206=DIRECTION('center_axis',(0.,1.,1.98254111540207E-16));
#13207=DIRECTION('ref_axis',(0.,0.,1.));
#13208=DIRECTION('center_axis',(0.,-2.31296463463574E-16,1.));
#13209=DIRECTION('ref_axis',(1.,0.,0.));
#13210=DIRECTION('',(1.,0.,0.));
#13211=DIRECTION('',(0.,-1.,-2.31296463463574E-16));
#13212=DIRECTION('',(-1.,0.,0.));
#13213=DIRECTION('center_axis',(0.,1.,2.31296463463574E-16));
#13214=DIRECTION('ref_axis',(-1.,0.,0.));
#13215=DIRECTION('center_axis',(0.,1.,1.98254111540207E-16));
#13216=DIRECTION('ref_axis',(-1.,0.,0.));
#13217=DIRECTION('',(0.,-1.,-2.31296463463574E-16));
#13218=DIRECTION('center_axis',(0.,-1.,-1.98254111540207E-16));
#13219=DIRECTION('ref_axis',(-1.,0.,0.));
#13220=DIRECTION('center_axis',(-0.543457143342318,-0.827931032965483,0.138508259692034));
#13221=DIRECTION('ref_axis',(0.830030314181679,-0.554634026065758,-0.0585728151069376));
#13222=DIRECTION('',(0.,1.,2.31296463463574E-16));
#13223=DIRECTION('center_axis',(0.308273573211042,0.94803459818499,-0.0787261373618728));
#13224=DIRECTION('ref_axis',(0.942982909629346,-0.315448699836857,-0.106185450595691));
#13225=DIRECTION('center_axis',(1.,0.,0.));
#13226=DIRECTION('ref_axis',(0.,0.,-1.));
#13227=DIRECTION('center_axis',(1.,0.,0.));
#13228=DIRECTION('ref_axis',(0.,0.,-1.));
#13229=DIRECTION('',(0.,0.,1.));
#13230=DIRECTION('center_axis',(1.,0.,0.));
#13231=DIRECTION('ref_axis',(0.,0.,-1.));
#13232=DIRECTION('center_axis',(0.,-1.,0.));
#13233=DIRECTION('ref_axis',(0.471153697027668,0.,-0.882051128777216));
#13234=DIRECTION('center_axis',(0.,-0.742268041237113,0.670103092783505));
#13235=DIRECTION('ref_axis',(-1.54515575592161E-16,-0.670103092783505,-0.742268041237113));
#13236=DIRECTION('',(0.,1.,0.));
#13237=DIRECTION('center_axis',(-0.833855636325623,0.443894382467675,-0.328089248500514));
#13238=DIRECTION('ref_axis',(0.512241090493848,0.843744043572643,-0.160327958090156));
#13239=DIRECTION('center_axis',(0.,0.742268041237113,-0.670103092783506));
#13240=DIRECTION('ref_axis',(-1.03010383728107E-16,-0.670103092783506,-0.742268041237113));
#13241=DIRECTION('',(0.,1.,0.));
#13242=DIRECTION('center_axis',(0.,1.,0.));
#13243=DIRECTION('ref_axis',(-0.471153697027668,0.,-0.882051128777216));
#13244=DIRECTION('center_axis',(0.,0.742268041237113,-0.670103092783506));
#13245=DIRECTION('ref_axis',(1.03010383728107E-16,-0.670103092783506,-0.742268041237113));
#13246=DIRECTION('center_axis',(0.833855636325116,0.443894382468247,-0.328089248501029));
#13247=DIRECTION('ref_axis',(0.512241098547497,-0.843744031756399,0.160327994543408));
#13248=DIRECTION('',(0.,-1.,0.));
#13249=DIRECTION('center_axis',(0.,-0.742268041237113,0.670103092783505));
#13250=DIRECTION('ref_axis',(1.54515575592161E-16,-0.670103092783505,-0.742268041237113));
#13251=DIRECTION('',(0.,-1.,0.));
#13252=DIRECTION('center_axis',(0.999444906979154,0.,-0.0333148302326385));
#13253=DIRECTION('ref_axis',(-0.0333148302326385,0.,-0.999444906979154));
#13254=DIRECTION('',(-0.0247346981579625,-0.669898075111485,-0.742040944738875));
#13255=DIRECTION('center_axis',(-0.999444906979154,0.,0.0333148302326385));
#13256=DIRECTION('ref_axis',(-0.0333148302326385,2.90693851056779E-14,-0.999444906979154));
#13257=DIRECTION('',(-0.0333148302326385,-6.93504217232878E-16,-0.999444906979154));
#13258=DIRECTION('center_axis',(-0.999444906979154,0.,0.0333148302326385));
#13259=DIRECTION('ref_axis',(0.0333148302326385,0.,0.999444906979154));
#13260=DIRECTION('',(-0.0286233847374801,0.511676033637828,-0.858701542124404));
#13261=DIRECTION('center_axis',(0.999444906979154,0.,-0.0333148302326385));
#13262=DIRECTION('ref_axis',(-0.0333148302326385,2.62375762186439E-14,-0.999444906979154));
#13263=DIRECTION('',(-0.0247346981579624,-0.669898075111486,-0.742040944738874));
#13264=DIRECTION('',(0.0223311995871132,-0.742082940125607,0.669935987613395));
#13265=DIRECTION('',(0.0247346981579626,0.669898075111482,0.742040944738878));
#13266=DIRECTION('center_axis',(-0.999444906979154,0.,0.0333148302326385));
#13267=DIRECTION('ref_axis',(0.0333148302326385,-2.66421203453631E-14,0.999444906979154));
#13268=DIRECTION('',(0.0286233847374802,-0.511676033637824,0.858701542124407));
#13269=DIRECTION('center_axis',(0.999444906979154,0.,-0.0333148302326385));
#13270=DIRECTION('ref_axis',(-0.0333148302326385,0.,-0.999444906979154));
#13271=DIRECTION('',(0.0333148302326385,-1.38700843446576E-15,0.999444906979154));
#13272=DIRECTION('center_axis',(0.999444906979154,0.,-0.0333148302326385));
#13273=DIRECTION('ref_axis',(0.0333148302326384,-2.64109522729523E-14,0.999444906979154));
#13274=DIRECTION('center_axis',(-0.999444906979154,0.,-0.0333148302326385));
#13275=DIRECTION('ref_axis',(-0.0333148302326385,0.,0.999444906979154));
#13276=DIRECTION('center_axis',(-0.999444906979154,0.,-0.0333148302326385));
#13277=DIRECTION('ref_axis',(-0.0333148302326384,-2.64109522729523E-14,
0.999444906979154));
#13278=DIRECTION('',(0.0333148302326385,1.38700843446576E-15,-0.999444906979154));
#13279=DIRECTION('center_axis',(-0.999444906979154,0.,-0.0333148302326385));
#13280=DIRECTION('ref_axis',(0.0333148302326385,0.,-0.999444906979154));
#13281=DIRECTION('',(0.0286233847374802,0.511676033637824,-0.858701542124407));
#13282=DIRECTION('center_axis',(0.999444906979154,0.,0.0333148302326385));
#13283=DIRECTION('ref_axis',(-0.0333148302326385,-2.66421203453631E-14,
0.999444906979154));
#13284=DIRECTION('',(0.0247346981579626,-0.669898075111482,-0.742040944738878));
#13285=DIRECTION('',(0.0223311995871132,0.742082940125607,-0.669935987613395));
#13286=DIRECTION('',(-0.0247346981579624,0.669898075111486,0.742040944738874));
#13287=DIRECTION('center_axis',(-0.999444906979154,0.,-0.0333148302326385));
#13288=DIRECTION('ref_axis',(0.0333148302326385,2.62375762186439E-14,-0.999444906979154));
#13289=DIRECTION('',(-0.0286233847374801,-0.511676033637828,0.858701542124404));
#13290=DIRECTION('center_axis',(0.999444906979154,0.,0.0333148302326385));
#13291=DIRECTION('ref_axis',(-0.0333148302326385,0.,0.999444906979154));
#13292=DIRECTION('',(-0.0333148302326385,6.93504217232878E-16,0.999444906979154));
#13293=DIRECTION('center_axis',(0.999444906979154,0.,0.0333148302326385));
#13294=DIRECTION('ref_axis',(0.0333148302326385,2.90693851056779E-14,-0.999444906979154));
#13295=DIRECTION('',(-0.0247346981579625,0.669898075111485,0.742040944738875));
#13296=DIRECTION('center_axis',(0.,0.670103092783505,0.742268041237114));
#13297=DIRECTION('ref_axis',(0.,-0.742268041237114,0.670103092783505));
#13298=DIRECTION('',(-1.,0.,0.));
#13299=DIRECTION('',(-1.,0.,0.));
#13300=DIRECTION('center_axis',(0.,0.742268041237116,-0.670103092783502));
#13301=DIRECTION('ref_axis',(0.,0.670103092783502,0.742268041237116));
#13302=DIRECTION('',(-1.,0.,0.));
#13303=DIRECTION('center_axis',(1.,0.,0.));
#13304=DIRECTION('ref_axis',(0.,0.742268041237113,-0.670103092783505));
#13305=DIRECTION('',(-1.,0.,0.));
#13306=DIRECTION('',(-1.,0.,0.));
#13307=DIRECTION('center_axis',(0.,-0.85905352471727,-0.511885770139036));
#13308=DIRECTION('ref_axis',(0.,0.511885770139036,-0.85905352471727));
#13309=DIRECTION('',(-1.,0.,0.));
#13310=DIRECTION('center_axis',(1.,0.,0.));
#13311=DIRECTION('ref_axis',(0.,1.,0.));
#13312=DIRECTION('',(-1.,0.,0.));
#13313=DIRECTION('center_axis',(0.,-1.,6.93889390390723E-16));
#13314=DIRECTION('ref_axis',(0.,-7.105427357601E-16,-1.));
#13315=DIRECTION('',(-1.,0.,0.));
#13316=DIRECTION('center_axis',(1.,0.,0.));
#13317=DIRECTION('ref_axis',(0.,0.742268041237115,-0.670103092783503));
#13318=DIRECTION('',(-1.,0.,0.));
#13319=DIRECTION('center_axis',(0.,-0.742268041237113,0.670103092783505));
#13320=DIRECTION('ref_axis',(0.,-0.670103092783505,-0.742268041237113));
#13321=DIRECTION('',(1.,0.,0.));
#13322=DIRECTION('center_axis',(1.,0.,0.));
#13323=DIRECTION('ref_axis',(0.,0.742268041237114,-0.670103092783505));
#13324=DIRECTION('center_axis',(-1.,0.,0.));
#13325=DIRECTION('ref_axis',(0.,0.742268041237114,-0.670103092783505));
#13326=DIRECTION('',(-1.,0.,0.));
#13327=DIRECTION('center_axis',(1.,0.,0.));
#13328=DIRECTION('ref_axis',(0.,0.742268041237114,-0.670103092783505));
#13329=DIRECTION('center_axis',(1.,0.,0.));
#13330=DIRECTION('ref_axis',(0.,0.,-1.));
#13331=DIRECTION('',(-1.,0.,0.));
#13332=DIRECTION('center_axis',(1.,0.,0.));
#13333=DIRECTION('ref_axis',(0.,0.,-1.));
#13334=DIRECTION('',(-1.,0.,0.));
#13335=DIRECTION('center_axis',(-1.,0.,0.));
#13336=DIRECTION('ref_axis',(0.,0.,1.));
#13337=DIRECTION('center_axis',(1.,0.,0.));
#13338=DIRECTION('ref_axis',(0.,0.,-1.));
#13339=DIRECTION('',(0.,0.,1.));
#13340=DIRECTION('center_axis',(1.,0.,0.));
#13341=DIRECTION('ref_axis',(0.,0.,-1.));
#13342=DIRECTION('',(1.,0.,0.));
#13343=DIRECTION('',(1.,0.,0.));
#13344=DIRECTION('center_axis',(0.,-2.31296463463574E-16,1.));
#13345=DIRECTION('ref_axis',(1.,0.,0.));
#13346=DIRECTION('',(-1.,0.,0.));
#13347=DIRECTION('',(0.,1.,2.31296463463574E-16));
#13348=DIRECTION('',(1.,0.,0.));
#13349=DIRECTION('center_axis',(1.,0.,0.));
#13350=DIRECTION('ref_axis',(0.,0.,-1.));
#13351=DIRECTION('',(0.,1.98254111540206E-16,-1.));
#13352=DIRECTION('',(0.,-1.98254111540206E-16,1.));
#13353=DIRECTION('center_axis',(-1.,0.,0.));
#13354=DIRECTION('ref_axis',(0.,-0.742268041237114,0.670103092783505));
#13355=DIRECTION('center_axis',(1.,0.,0.));
#13356=DIRECTION('ref_axis',(0.,0.,-1.));
#13357=DIRECTION('center_axis',(1.,0.,0.));
#13358=DIRECTION('ref_axis',(0.,-0.742268041237114,0.670103092783505));
#13359=DIRECTION('',(0.,1.98254111540206E-16,-1.));
#13360=DIRECTION('',(0.,-1.98254111540206E-16,1.));
#13361=DIRECTION('center_axis',(0.,-1.,-1.98254111540207E-16));
#13362=DIRECTION('ref_axis',(0.,1.77635683940025E-16,-1.));
#13363=DIRECTION('center_axis',(0.,-0.742268041237112,0.670103092783507));
#13364=DIRECTION('ref_axis',(0.,-0.670103092783507,-0.742268041237112));
#13365=DIRECTION('center_axis',(1.,0.,0.));
#13366=DIRECTION('ref_axis',(0.,-0.742268041237114,0.670103092783505));
#13367=DIRECTION('',(-1.,0.,0.));
#13368=DIRECTION('center_axis',(0.,0.859053524717273,0.511885770139032));
#13369=DIRECTION('ref_axis',(0.,-0.511885770139032,0.859053524717273));
#13370=DIRECTION('',(-1.,0.,0.));
#13371=DIRECTION('center_axis',(1.,0.,0.));
#13372=DIRECTION('ref_axis',(0.,-1.,0.));
#13373=DIRECTION('',(-1.,0.,0.));
#13374=DIRECTION('center_axis',(0.,1.,1.38777878078145E-15));
#13375=DIRECTION('ref_axis',(0.,-1.4210854715202E-15,1.));
#13376=DIRECTION('',(-1.,0.,0.));
#13377=DIRECTION('center_axis',(1.,0.,0.));
#13378=DIRECTION('ref_axis',(0.,-0.742268041237114,0.670103092783505));
#13379=DIRECTION('',(-1.,0.,0.));
#13380=DIRECTION('center_axis',(0.,0.742268041237113,-0.670103092783506));
#13381=DIRECTION('ref_axis',(0.,0.670103092783506,0.742268041237113));
#13382=DIRECTION('',(-1.,0.,0.));
#13383=DIRECTION('center_axis',(1.,0.,0.));
#13384=DIRECTION('ref_axis',(0.,-0.742268041237114,0.670103092783505));
#13385=DIRECTION('',(-1.,0.,0.));
#13386=DIRECTION('center_axis',(0.,1.,1.98254111540207E-16));
#13387=DIRECTION('ref_axis',(0.,-1.77635683940025E-16,1.));
#13388=DIRECTION('center_axis',(0.,0.,-1.));
#13389=DIRECTION('ref_axis',(-1.,0.,0.));
#13390=DIRECTION('',(-1.,0.,0.));
#13391=DIRECTION('',(-0.164398987305357,0.986393923832144,0.));
#13392=DIRECTION('',(0.,1.,0.));
#13393=DIRECTION('',(0.,-1.,0.));
#13394=DIRECTION('',(-0.164398987305357,-0.986393923832144,0.));
#13395=DIRECTION('center_axis',(-0.986393923832144,-0.164398987305357,0.));
#13396=DIRECTION('ref_axis',(0.164398987305357,-0.986393923832144,0.));
#13397=DIRECTION('',(0.,0.,-1.));
#13398=DIRECTION('',(0.164398987305357,-0.986393923832144,0.));
#13399=DIRECTION('',(0.,0.,1.));
#13400=DIRECTION('center_axis',(-1.,0.,0.));
#13401=DIRECTION('ref_axis',(0.,-1.,0.));
#13402=DIRECTION('',(0.,-1.,0.));
#13403=DIRECTION('center_axis',(1.,0.,0.));
#13404=DIRECTION('ref_axis',(0.,1.,0.));
#13405=DIRECTION('',(0.,1.,0.));
#13406=DIRECTION('',(0.,0.,1.));
#13407=DIRECTION('center_axis',(0.986393923832144,-0.164398987305357,0.));
#13408=DIRECTION('ref_axis',(0.164398987305357,0.986393923832144,0.));
#13409=DIRECTION('',(0.164398987305357,0.986393923832144,0.));
#13410=DIRECTION('',(0.,0.,1.));
#13411=DIRECTION('center_axis',(0.,-1.,0.));
#13412=DIRECTION('ref_axis',(1.,0.,0.));
#13413=DIRECTION('',(1.,0.,0.));
#13414=DIRECTION('center_axis',(0.,0.,1.));
#13415=DIRECTION('ref_axis',(1.,0.,0.));
#13416=DIRECTION('axis',(0.,0.,1.));
#13417=DIRECTION('refdir',(1.,0.,0.));
#13418=DIRECTION('center_axis',(0.,1.,-3.46944695195362E-16));
#13419=DIRECTION('ref_axis',(0.,0.,1.));
#13420=DIRECTION('center_axis',(-0.308273573211048,0.948034598184988,-0.0787261373618732));
#13421=DIRECTION('ref_axis',(0.942982909629758,0.315448699836726,0.106185450592417));
#13422=DIRECTION('',(0.,-1.,3.46944695195362E-16));
#13423=DIRECTION('center_axis',(0.543457143342332,-0.827931032965473,0.138508259692035));
#13424=DIRECTION('ref_axis',(0.830030314181537,0.55463402606586,0.0585728151079832));
#13425=DIRECTION('center_axis',(0.,-1.,0.));
#13426=DIRECTION('ref_axis',(0.,0.,1.));
#13427=DIRECTION('',(0.,1.,-3.46944695195362E-16));
#13428=DIRECTION('center_axis',(0.,1.,-3.46944695195361E-16));
#13429=DIRECTION('ref_axis',(0.,0.,1.));
#13430=DIRECTION('center_axis',(0.,3.46944695195362E-16,1.));
#13431=DIRECTION('ref_axis',(1.,0.,0.));
#13432=DIRECTION('',(1.,0.,0.));
#13433=DIRECTION('',(0.,-1.,3.46944695195362E-16));
#13434=DIRECTION('',(-1.,0.,0.));
#13435=DIRECTION('center_axis',(0.,1.,-3.46944695195362E-16));
#13436=DIRECTION('ref_axis',(-1.,0.,0.));
#13437=DIRECTION('center_axis',(0.,1.,-3.46944695195361E-16));
#13438=DIRECTION('ref_axis',(-1.,0.,0.));
#13439=DIRECTION('',(0.,-1.,3.46944695195362E-16));
#13440=DIRECTION('center_axis',(0.,-1.,0.));
#13441=DIRECTION('ref_axis',(-1.,0.,0.));
#13442=DIRECTION('center_axis',(-0.543457143342324,-0.827931032965479,0.138508259692034));
#13443=DIRECTION('ref_axis',(0.830030314181227,-0.554634026066061,-0.058572815110468));
#13444=DIRECTION('',(0.,1.,-3.46944695195362E-16));
#13445=DIRECTION('center_axis',(0.308273573211044,0.94803459818499,-0.078726137361873));
#13446=DIRECTION('ref_axis',(0.942982909629989,-0.315448699836646,-0.106185450590606));
#13447=DIRECTION('center_axis',(1.,0.,0.));
#13448=DIRECTION('ref_axis',(0.,0.,-1.));
#13449=DIRECTION('center_axis',(1.,0.,0.));
#13450=DIRECTION('ref_axis',(0.,-9.25185853854297E-16,-1.));
#13451=DIRECTION('',(0.,0.,1.));
#13452=DIRECTION('center_axis',(1.,0.,0.));
#13453=DIRECTION('ref_axis',(0.,-9.25185853854297E-16,-1.));
#13454=DIRECTION('center_axis',(0.,-1.,0.));
#13455=DIRECTION('ref_axis',(0.471153697027678,0.,-0.882051128777211));
#13456=DIRECTION('center_axis',(0.,-0.742268041237113,-0.670103092783505));
#13457=DIRECTION('ref_axis',(5.15051918640537E-17,0.670103092783505,-0.742268041237113));
#13458=DIRECTION('center_axis',(-0.83385563632552,-0.443894382467788,-0.328089248500622));
#13459=DIRECTION('ref_axis',(0.512241093639929,-0.843744038956618,-0.160327972330913));
#13460=DIRECTION('',(0.,1.,0.));
#13461=DIRECTION('center_axis',(0.,0.742268041237114,0.670103092783504));
#13462=DIRECTION('ref_axis',(0.,0.670103092783504,-0.742268041237114));
#13463=DIRECTION('',(0.,1.,0.));
#13464=DIRECTION('center_axis',(0.,1.,0.));
#13465=DIRECTION('ref_axis',(-0.471153697027659,0.,-0.88205112877722));
#13466=DIRECTION('center_axis',(0.,0.742268041237114,0.670103092783504));
#13467=DIRECTION('ref_axis',(1.03010383728107E-16,0.670103092783504,-0.742268041237114));
#13468=DIRECTION('',(0.,-1.,0.));
#13469=DIRECTION('center_axis',(0.833855636325526,-0.443894382467787,-0.32808924850061));
#13470=DIRECTION('ref_axis',(0.51224109500782,0.843744036949547,0.160327978523001));
#13471=DIRECTION('center_axis',(0.,-0.742268041237113,-0.670103092783505));
#13472=DIRECTION('ref_axis',(0.,0.670103092783505,-0.742268041237113));
#13473=DIRECTION('',(0.,-1.,0.));
#13474=DIRECTION('center_axis',(0.999444906979154,0.,-0.0333148302326402));
#13475=DIRECTION('ref_axis',(-0.0333148302326402,0.,-0.999444906979154));
#13476=DIRECTION('center_axis',(0.999444906979154,0.,-0.0333148302326402));
#13477=DIRECTION('ref_axis',(0.0333148302326402,0.,0.999444906979154));
#13478=DIRECTION('',(-0.0333148302326402,6.93504217232879E-16,-0.999444906979154));
#13479=DIRECTION('center_axis',(0.999444906979154,0.,-0.0333148302326402));
#13480=DIRECTION('ref_axis',(-0.0333148302326402,1.9129157992007E-14,-0.999444906979154));
#13481=DIRECTION('',(-0.0286233847374817,-0.511676033637825,-0.858701542124406));
#13482=DIRECTION('center_axis',(-0.999444906979154,0.,0.0333148302326402));
#13483=DIRECTION('ref_axis',(-0.0333148302326402,1.69908533222056E-14,-0.999444906979154));
#13484=DIRECTION('',(-0.0247346981579638,0.669898075111484,-0.742040944738876));
#13485=DIRECTION('',(-0.0223311995871143,-0.742082940125607,-0.669935987613395));
#13486=DIRECTION('',(0.0247346981579638,-0.669898075111485,0.742040944738875));
#13487=DIRECTION('center_axis',(0.999444906979154,0.,-0.0333148302326402));
#13488=DIRECTION('ref_axis',(0.0333148302326402,-1.87824058833905E-14,0.999444906979154));
#13489=DIRECTION('',(0.0286233847374818,0.511676033637823,0.858701542124408));
#13490=DIRECTION('center_axis',(-0.999444906979154,0.,0.0333148302326402));
#13491=DIRECTION('ref_axis',(0.0333148302326402,-1.90135739558014E-14,0.999444906979154));
#13492=DIRECTION('',(0.0333148302326402,0.,0.999444906979154));
#13493=DIRECTION('center_axis',(-0.999444906979154,0.,0.0333148302326402));
#13494=DIRECTION('ref_axis',(-0.0333148302326402,0.,-0.999444906979154));
#13495=DIRECTION('',(0.0247346981579638,-0.669898075111483,0.742040944738876));
#13496=DIRECTION('center_axis',(-0.999444906979154,0.,-0.0333148302326367));
#13497=DIRECTION('ref_axis',(-0.0333148302326367,0.,0.999444906979154));
#13498=DIRECTION('',(0.0247346981579612,0.669898075111483,-0.742040944738876));
#13499=DIRECTION('center_axis',(0.999444906979154,0.,0.0333148302326367));
#13500=DIRECTION('ref_axis',(0.0333148302326367,0.,-0.999444906979154));
#13501=DIRECTION('',(0.0333148302326367,0.,-0.999444906979154));
#13502=DIRECTION('center_axis',(0.999444906979154,0.,0.0333148302326367));
#13503=DIRECTION('ref_axis',(-0.0333148302326367,-1.50259247067124E-14,
0.999444906979154));
#13504=DIRECTION('',(0.0286233847374787,-0.511676033637823,-0.858701542124408));
#13505=DIRECTION('center_axis',(-0.999444906979154,0.,-0.0333148302326367));
#13506=DIRECTION('ref_axis',(-0.0333148302326367,3.28836583004591E-14,0.999444906979154));
#13507=DIRECTION('',(0.0247346981579612,0.669898075111485,-0.742040944738875));
#13508=DIRECTION('',(-0.022331199587112,0.742082940125607,0.669935987613395));
#13509=DIRECTION('',(-0.0247346981579612,-0.669898075111484,0.742040944738876));
#13510=DIRECTION('center_axis',(0.999444906979154,0.,0.0333148302326367));
#13511=DIRECTION('ref_axis',(0.0333148302326367,-3.46174188435413E-14,-0.999444906979154));
#13512=DIRECTION('',(-0.0286233847374787,0.511676033637825,0.858701542124406));
#13513=DIRECTION('center_axis',(-0.999444906979154,0.,-0.0333148302326367));
#13514=DIRECTION('ref_axis',(0.0333148302326367,-3.25369061918427E-14,-0.999444906979154));
#13515=DIRECTION('',(-0.0333148302326367,-6.93504217232879E-16,0.999444906979154));
#13516=DIRECTION('center_axis',(-0.999444906979154,0.,-0.0333148302326367));
#13517=DIRECTION('ref_axis',(-0.0333148302326367,0.,0.999444906979154));
#13518=DIRECTION('center_axis',(0.,-0.742268041237114,-0.670103092783505));
#13519=DIRECTION('ref_axis',(0.,0.670103092783505,-0.742268041237114));
#13520=DIRECTION('',(-1.,0.,0.));
#13521=DIRECTION('',(-1.,0.,0.));
#13522=DIRECTION('center_axis',(0.,0.742268041237113,0.670103092783506));
#13523=DIRECTION('ref_axis',(0.,-0.670103092783506,0.742268041237113));
#13524=DIRECTION('',(-1.,0.,0.));
#13525=DIRECTION('',(-1.,0.,0.));
#13526=DIRECTION('center_axis',(1.,0.,0.));
#13527=DIRECTION('ref_axis',(0.,0.859053524717272,-0.511885770139033));
#13528=DIRECTION('',(-1.,0.,0.));
#13529=DIRECTION('center_axis',(0.,-0.859053524717272,0.511885770139033));
#13530=DIRECTION('ref_axis',(0.,-0.511885770139033,-0.859053524717272));
#13531=DIRECTION('',(-1.,0.,0.));
#13532=DIRECTION('center_axis',(1.,0.,0.));
#13533=DIRECTION('ref_axis',(0.,0.859053524717273,-0.511885770139032));
#13534=DIRECTION('',(-1.,0.,0.));
#13535=DIRECTION('center_axis',(0.,-1.,-6.93889390390724E-16));
#13536=DIRECTION('ref_axis',(0.,7.105427357601E-16,-1.));
#13537=DIRECTION('',(-1.,0.,0.));
#13538=DIRECTION('center_axis',(1.,0.,0.));
#13539=DIRECTION('ref_axis',(0.,1.,0.));
#13540=DIRECTION('',(1.,0.,0.));
#13541=DIRECTION('center_axis',(0.,-0.742268041237113,-0.670103092783505));
#13542=DIRECTION('ref_axis',(0.,0.670103092783505,-0.742268041237113));
#13543=DIRECTION('',(-1.,0.,0.));
#13544=DIRECTION('center_axis',(1.,0.,0.));
#13545=DIRECTION('ref_axis',(0.,1.,0.));
#13546=DIRECTION('center_axis',(1.,0.,0.));
#13547=DIRECTION('ref_axis',(0.,1.,0.));
#13548=DIRECTION('',(-1.,0.,0.));
#13549=DIRECTION('center_axis',(-1.,0.,0.));
#13550=DIRECTION('ref_axis',(0.,1.,0.));
#13551=DIRECTION('center_axis',(1.,0.,0.));
#13552=DIRECTION('ref_axis',(0.,-9.25185853854297E-16,-1.));
#13553=DIRECTION('',(-1.,0.,0.));
#13554=DIRECTION('center_axis',(1.,0.,0.));
#13555=DIRECTION('ref_axis',(0.,-9.25185853854297E-16,-1.));
#13556=DIRECTION('',(-1.,0.,0.));
#13557=DIRECTION('center_axis',(-1.,0.,0.));
#13558=DIRECTION('ref_axis',(0.,0.,1.));
#13559=DIRECTION('center_axis',(1.,0.,0.));
#13560=DIRECTION('ref_axis',(0.,-9.25185853854297E-16,-1.));
#13561=DIRECTION('',(0.,0.,1.));
#13562=DIRECTION('center_axis',(1.,0.,0.));
#13563=DIRECTION('ref_axis',(0.,-9.25185853854297E-16,-1.));
#13564=DIRECTION('',(-1.,0.,0.));
#13565=DIRECTION('',(1.,0.,0.));
#13566=DIRECTION('center_axis',(0.,3.46944695195362E-16,1.));
#13567=DIRECTION('ref_axis',(1.,0.,0.));
#13568=DIRECTION('',(-1.,0.,0.));
#13569=DIRECTION('',(0.,1.,-3.46944695195362E-16));
#13570=DIRECTION('',(1.,0.,0.));
#13571=DIRECTION('center_axis',(1.,0.,0.));
#13572=DIRECTION('ref_axis',(0.,0.,-1.));
#13573=DIRECTION('',(0.,0.,-1.));
#13574=DIRECTION('',(0.,3.46944695195361E-16,1.));
#13575=DIRECTION('center_axis',(1.,0.,0.));
#13576=DIRECTION('ref_axis',(0.,-1.,0.));
#13577=DIRECTION('center_axis',(0.,1.,-3.46944695195361E-16));
#13578=DIRECTION('ref_axis',(0.,3.5527136788005E-16,1.));
#13579=DIRECTION('',(0.,-3.46944695195361E-16,-1.));
#13580=DIRECTION('',(-1.,0.,0.));
#13581=DIRECTION('center_axis',(1.,0.,0.));
#13582=DIRECTION('ref_axis',(0.,0.,-1.));
#13583=DIRECTION('center_axis',(-1.,0.,0.));
#13584=DIRECTION('ref_axis',(0.,-1.,0.));
#13585=DIRECTION('',(0.,0.,1.));
#13586=DIRECTION('center_axis',(0.,-1.,0.));
#13587=DIRECTION('ref_axis',(0.,0.,-1.));
#13588=DIRECTION('center_axis',(0.,-0.670103092783505,0.742268041237114));
#13589=DIRECTION('ref_axis',(0.,-0.742268041237114,-0.670103092783505));
#13590=DIRECTION('center_axis',(1.,0.,0.));
#13591=DIRECTION('ref_axis',(0.,-0.859053524717273,0.511885770139032));
#13592=DIRECTION('',(-1.,0.,0.));
#13593=DIRECTION('center_axis',(0.,0.859053524717274,-0.511885770139031));
#13594=DIRECTION('ref_axis',(0.,0.511885770139031,0.859053524717274));
#13595=DIRECTION('',(-1.,0.,0.));
#13596=DIRECTION('center_axis',(1.,0.,0.));
#13597=DIRECTION('ref_axis',(0.,-0.859053524717273,0.511885770139032));
#13598=DIRECTION('',(-1.,0.,0.));
#13599=DIRECTION('center_axis',(0.,1.,0.));
#13600=DIRECTION('ref_axis',(0.,0.,1.));
#13601=DIRECTION('',(-1.,0.,0.));
#13602=DIRECTION('center_axis',(1.,0.,0.));
#13603=DIRECTION('ref_axis',(0.,-1.,0.));
#13604=DIRECTION('',(-1.,0.,0.));
#13605=DIRECTION('center_axis',(0.,0.742268041237114,0.670103092783504));
#13606=DIRECTION('ref_axis',(0.,-0.670103092783504,0.742268041237114));
#13607=DIRECTION('',(-1.,0.,0.));
#13608=DIRECTION('center_axis',(1.,0.,0.));
#13609=DIRECTION('ref_axis',(0.,-1.,0.));
#13610=DIRECTION('center_axis',(0.,0.,-1.));
#13611=DIRECTION('ref_axis',(-1.,0.,0.));
#13612=DIRECTION('',(-1.,0.,0.));
#13613=DIRECTION('',(-0.164398987305357,0.986393923832144,0.));
#13614=DIRECTION('',(0.,1.,0.));
#13615=DIRECTION('',(0.,-1.,0.));
#13616=DIRECTION('',(-0.164398987305357,-0.986393923832144,0.));
#13617=DIRECTION('center_axis',(-0.986393923832144,-0.164398987305357,0.));
#13618=DIRECTION('ref_axis',(0.164398987305357,-0.986393923832144,0.));
#13619=DIRECTION('',(0.,0.,-1.));
#13620=DIRECTION('',(0.164398987305357,-0.986393923832144,0.));
#13621=DIRECTION('',(0.,0.,1.));
#13622=DIRECTION('center_axis',(-1.,0.,0.));
#13623=DIRECTION('ref_axis',(0.,-1.,0.));
#13624=DIRECTION('',(0.,-1.,0.));
#13625=DIRECTION('center_axis',(1.,0.,0.));
#13626=DIRECTION('ref_axis',(0.,1.,0.));
#13627=DIRECTION('',(0.,1.,0.));
#13628=DIRECTION('',(0.,0.,1.));
#13629=DIRECTION('center_axis',(0.986393923832144,-0.164398987305357,0.));
#13630=DIRECTION('ref_axis',(0.164398987305357,0.986393923832144,0.));
#13631=DIRECTION('',(0.164398987305357,0.986393923832144,0.));
#13632=DIRECTION('',(0.,0.,1.));
#13633=DIRECTION('center_axis',(0.,-1.,0.));
#13634=DIRECTION('ref_axis',(1.,0.,0.));
#13635=DIRECTION('',(1.,0.,0.));
#13636=DIRECTION('center_axis',(0.,0.,1.));
#13637=DIRECTION('ref_axis',(1.,0.,0.));
#13638=DIRECTION('axis',(0.,0.,1.));
#13639=DIRECTION('refdir',(1.,0.,0.));
#13640=DIRECTION('center_axis',(1.,0.,0.));
#13641=DIRECTION('ref_axis',(0.,0.707106781186548,-0.707106781186548));
#13642=DIRECTION('center_axis',(-1.,0.,0.));
#13643=DIRECTION('ref_axis',(0.,0.707106781186548,-0.707106781186548));
#13644=DIRECTION('',(1.,0.,0.));
#13645=DIRECTION('center_axis',(1.,0.,0.));
#13646=DIRECTION('ref_axis',(0.,0.707106781186548,-0.707106781186548));
#13647=DIRECTION('',(-1.,0.,0.));
#13648=DIRECTION('center_axis',(0.,0.,1.));
#13649=DIRECTION('ref_axis',(0.,-1.,0.));
#13650=DIRECTION('',(0.,1.,0.));
#13651=DIRECTION('',(-1.,0.,0.));
#13652=DIRECTION('',(0.,-1.,0.));
#13653=DIRECTION('center_axis',(1.,0.,0.));
#13654=DIRECTION('ref_axis',(0.,-0.707106781186548,0.707106781186548));
#13655=DIRECTION('center_axis',(-1.,0.,0.));
#13656=DIRECTION('ref_axis',(0.,-0.707106781186548,0.707106781186548));
#13657=DIRECTION('center_axis',(1.,0.,0.));
#13658=DIRECTION('ref_axis',(0.,-0.707106781186548,0.707106781186548));
#13659=DIRECTION('',(1.,0.,0.));
#13660=DIRECTION('center_axis',(0.,-1.,0.));
#13661=DIRECTION('ref_axis',(0.,0.,-1.));
#13662=DIRECTION('',(0.,0.,1.));
#13663=DIRECTION('',(-1.,0.,0.));
#13664=DIRECTION('',(0.,0.,-1.));
#13665=DIRECTION('center_axis',(-1.,0.,0.));
#13666=DIRECTION('ref_axis',(0.,0.,1.));
#13667=DIRECTION('',(0.,0.,1.));
#13668=DIRECTION('',(0.,1.,0.));
#13669=DIRECTION('',(0.,0.,-1.));
#13670=DIRECTION('center_axis',(1.,0.,0.));
#13671=DIRECTION('ref_axis',(0.,0.707106781186548,-0.707106781186547));
#13672=DIRECTION('',(0.,-1.,0.));
#13673=DIRECTION('center_axis',(-1.,0.,0.));
#13674=DIRECTION('ref_axis',(6.51128852925831E-32,-0.707106781186548,0.707106781186547));
#13675=DIRECTION('',(0.,0.,-1.));
#13676=DIRECTION('',(0.,-1.,0.));
#13677=DIRECTION('',(0.,0.,1.));
#13678=DIRECTION('center_axis',(-1.,0.,0.));
#13679=DIRECTION('ref_axis',(3.25138852049238E-31,0.707106781186548,0.707106781186547));
#13680=DIRECTION('',(0.,-1.,0.));
#13681=DIRECTION('center_axis',(-1.,0.,0.));
#13682=DIRECTION('ref_axis',(0.,-0.707106781186548,0.707106781186547));
#13683=DIRECTION('',(0.,0.,-1.));
#13684=DIRECTION('',(0.,-1.,0.));
#13685=DIRECTION('',(0.,-0.581238193719097,0.813733471206735));
#13686=DIRECTION('',(0.,0.,1.));
#13687=DIRECTION('center_axis',(-1.,0.,0.));
#13688=DIRECTION('ref_axis',(0.,0.707106781186548,0.707106781186547));
#13689=DIRECTION('',(0.,-1.,0.));
#13690=DIRECTION('',(0.,-0.948683298050514,0.316227766016838));
#13691=DIRECTION('',(0.,0.,1.));
#13692=DIRECTION('',(0.,0.948683298050514,0.316227766016838));
#13693=DIRECTION('',(0.,1.,0.));
#13694=DIRECTION('',(0.,-0.707106781186548,-0.707106781186547));
#13695=DIRECTION('center_axis',(1.,0.,0.));
#13696=DIRECTION('ref_axis',(0.,0.707106781186548,0.707106781186547));
#13697=DIRECTION('',(1.,0.,0.));
#13698=DIRECTION('center_axis',(1.,0.,0.));
#13699=DIRECTION('ref_axis',(0.,0.707106781186548,0.707106781186547));
#13700=DIRECTION('',(-1.,0.,0.));
#13701=DIRECTION('center_axis',(0.,-1.,0.));
#13702=DIRECTION('ref_axis',(0.,0.,-1.));
#13703=DIRECTION('',(1.,0.,0.));
#13704=DIRECTION('',(0.,0.,-1.));
#13705=DIRECTION('center_axis',(1.,0.,0.));
#13706=DIRECTION('ref_axis',(0.,0.707106781186548,-0.707106781186547));
#13707=DIRECTION('center_axis',(-1.,0.,0.));
#13708=DIRECTION('ref_axis',(0.,0.707106781186548,-0.707106781186547));
#13709=DIRECTION('',(-1.,0.,0.));
#13710=DIRECTION('',(1.,0.,0.));
#13711=DIRECTION('center_axis',(0.,0.,-1.));
#13712=DIRECTION('ref_axis',(0.,1.,0.));
#13713=DIRECTION('',(0.,1.,0.));
#13714=DIRECTION('',(1.,9.19847137617808E-32,0.));
#13715=DIRECTION('center_axis',(-1.,-9.19847137617808E-32,0.));
#13716=DIRECTION('ref_axis',(6.51128852925831E-32,-0.707106781186548,0.707106781186547));
#13717=DIRECTION('center_axis',(1.,0.,0.));
#13718=DIRECTION('ref_axis',(6.51128852925831E-32,-0.707106781186548,0.707106781186547));
#13719=DIRECTION('',(-1.,-9.19847137617808E-32,0.));
#13720=DIRECTION('center_axis',(1.,0.,0.));
#13721=DIRECTION('ref_axis',(0.,-0.707106781186548,0.707106781186547));
#13722=DIRECTION('',(1.,0.,0.));
#13723=DIRECTION('center_axis',(1.,0.,0.));
#13724=DIRECTION('ref_axis',(0.,-0.707106781186548,0.707106781186547));
#13725=DIRECTION('',(-1.,0.,0.));
#13726=DIRECTION('center_axis',(0.,0.,-1.));
#13727=DIRECTION('ref_axis',(0.,1.,0.));
#13728=DIRECTION('',(-1.,4.59923568808893E-31,0.));
#13729=DIRECTION('',(0.,1.,0.));
#13730=DIRECTION('center_axis',(1.,-4.59923568808893E-31,0.));
#13731=DIRECTION('ref_axis',(3.25138852049238E-31,0.707106781186548,0.707106781186547));
#13732=DIRECTION('',(1.,-4.59923568808893E-31,0.));
#13733=DIRECTION('center_axis',(1.,0.,0.));
#13734=DIRECTION('ref_axis',(3.25138852049238E-31,0.707106781186548,0.707106781186547));
#13735=DIRECTION('center_axis',(4.59923568808893E-31,1.,-2.06045758826383E-29));
#13736=DIRECTION('ref_axis',(0.,0.,1.));
#13737=DIRECTION('center_axis',(0.,-1.,0.));
#13738=DIRECTION('ref_axis',(-1.,0.,0.));
#13739=DIRECTION('',(0.,0.,1.));
#13740=DIRECTION('',(-1.,4.59923568808893E-31,1.31844756391882E-29));
#13741=DIRECTION('',(0.,0.,-1.));
#13742=DIRECTION('center_axis',(0.,-1.,0.));
#13743=DIRECTION('ref_axis',(-1.,0.,0.));
#13744=DIRECTION('',(0.,0.,1.));
#13745=DIRECTION('center_axis',(0.,-0.707106781186547,0.707106781186548));
#13746=DIRECTION('ref_axis',(1.,0.,0.));
#13747=DIRECTION('',(1.,0.,0.));
#13748=DIRECTION('',(0.,0.707106781186548,0.707106781186547));
#13749=DIRECTION('center_axis',(0.,0.,1.));
#13750=DIRECTION('ref_axis',(0.,-1.,0.));
#13751=DIRECTION('',(1.,0.,0.));
#13752=DIRECTION('',(0.,-1.,0.));
#13753=DIRECTION('center_axis',(0.,0.99939211773789,-0.0348625157350427));
#13754=DIRECTION('ref_axis',(0.,-0.0348625157350427,-0.99939211773789));
#13755=DIRECTION('',(0.,0.0348625157350427,0.99939211773789));
#13756=DIRECTION('',(0.,-0.0348625157350427,-0.99939211773789));
#13757=DIRECTION('center_axis',(0.,0.99939211773789,-0.0348625157350427));
#13758=DIRECTION('ref_axis',(5.68643421617517E-15,-0.0348625157350427,-0.999392117737889));
#13759=DIRECTION('',(0.573342407129196,-0.0285634121833356,-0.818817815922287));
#13760=DIRECTION('center_axis',(0.,-0.99939211773789,0.0348625157350427));
#13761=DIRECTION('ref_axis',(6.44924856224747E-15,-0.0348625157350427,-0.999392117737889));
#13762=DIRECTION('',(-0.765851938638441,-0.022417188810974,-0.64262607924792));
#13763=DIRECTION('center_axis',(0.,0.99939211773789,-0.0348625157350427));
#13764=DIRECTION('ref_axis',(4.95135857359643E-14,0.0348625157350427,0.999392117737889));
#13765=DIRECTION('',(-0.392251624113052,-0.0320685625439651,-0.919298792926999));
#13766=DIRECTION('',(0.91968567701284,-0.0136889547212643,-0.392416702009577));
#13767=DIRECTION('',(0.392251624113052,0.0320685625439651,0.919298792926999));
#13768=DIRECTION('center_axis',(0.,-0.99939211773789,0.0348625157350427));
#13769=DIRECTION('ref_axis',(2.08040276201532E-15,-0.0348625157350427,-0.99939211773789));
#13770=DIRECTION('',(0.76585193863844,0.022417188810974,0.642626079247922));
#13771=DIRECTION('center_axis',(0.,0.99939211773789,-0.0348625157350427));
#13772=DIRECTION('ref_axis',(-6.37990180351363E-15,0.0348625157350427,0.999392117737889));
#13773=DIRECTION('',(-0.573342407129196,0.0285634121833356,0.818817815922287));
#13774=DIRECTION('center_axis',(0.,-0.99939211773789,0.0348625157350427));
#13775=DIRECTION('ref_axis',(1.8931665134339E-14,0.0348625157350427,0.99939211773789));
#13776=DIRECTION('center_axis',(0.,-0.99939211773789,-0.0348625157350427));
#13777=DIRECTION('ref_axis',(0.,-0.0348625157350427,0.99939211773789));
#13778=DIRECTION('',(0.,0.0348625157350427,-0.99939211773789));
#13779=DIRECTION('center_axis',(0.,0.99939211773789,0.0348625157350427));
#13780=DIRECTION('ref_axis',(1.8931665134339E-14,-0.0348625157350427,0.99939211773789));
#13781=DIRECTION('',(0.573342407129196,0.0285634121833356,-0.818817815922287));
#13782=DIRECTION('center_axis',(0.,-0.99939211773789,-0.0348625157350427));
#13783=DIRECTION('ref_axis',(-6.37990180351363E-15,-0.0348625157350427,
0.999392117737889));
#13784=DIRECTION('',(-0.76585193863844,0.022417188810974,-0.642626079247922));
#13785=DIRECTION('center_axis',(0.,0.99939211773789,0.0348625157350427));
#13786=DIRECTION('ref_axis',(2.08040276201532E-15,0.0348625157350427,-0.99939211773789));
#13787=DIRECTION('',(-0.392251624113052,0.0320685625439651,-0.919298792926999));
#13788=DIRECTION('',(-0.91968567701284,-0.0136889547212643,0.392416702009577));
#13789=DIRECTION('',(0.392251624113052,-0.0320685625439651,0.919298792926999));
#13790=DIRECTION('center_axis',(0.,-0.99939211773789,-0.0348625157350427));
#13791=DIRECTION('ref_axis',(4.95135857359643E-14,-0.0348625157350427,0.999392117737889));
#13792=DIRECTION('',(0.765851938638441,-0.022417188810974,0.64262607924792));
#13793=DIRECTION('center_axis',(0.,0.99939211773789,0.0348625157350427));
#13794=DIRECTION('ref_axis',(6.44924856224747E-15,0.0348625157350427,-0.999392117737889));
#13795=DIRECTION('',(-0.573342407129196,-0.0285634121833356,0.818817815922287));
#13796=DIRECTION('center_axis',(0.,-0.99939211773789,-0.0348625157350427));
#13797=DIRECTION('ref_axis',(5.68643421617517E-15,0.0348625157350427,-0.999392117737889));
#13798=DIRECTION('',(0.,-0.0348625157350427,0.99939211773789));
#13799=DIRECTION('',(1.,9.19847137617808E-32,-2.63689512783771E-30));
#13800=DIRECTION('center_axis',(0.392453474166356,0.,0.919771857916276));
#13801=DIRECTION('ref_axis',(0.919771857916276,0.,-0.392453474166356));
#13802=DIRECTION('',(0.,1.,0.));
#13803=DIRECTION('',(0.,1.,0.));
#13804=DIRECTION('center_axis',(0.919771857916276,0.,-0.392453474166356));
#13805=DIRECTION('ref_axis',(-0.392453474166356,0.,-0.919771857916276));
#13806=DIRECTION('',(0.,1.,0.));
#13807=DIRECTION('center_axis',(0.,1.,0.));
#13808=DIRECTION('ref_axis',(-0.919771857916276,0.,0.392453474166356));
#13809=DIRECTION('',(0.,1.,0.));
#13810=DIRECTION('center_axis',(0.642787609686539,0.,-0.766044443118978));
#13811=DIRECTION('ref_axis',(-0.766044443118978,0.,-0.642787609686539));
#13812=DIRECTION('',(0.,1.,0.));
#13813=DIRECTION('center_axis',(0.,1.,0.));
#13814=DIRECTION('ref_axis',(-0.819152044288992,0.,-0.573576436351046));
#13815=DIRECTION('',(0.,1.,0.));
#13816=DIRECTION('center_axis',(0.819152044288992,0.,0.573576436351046));
#13817=DIRECTION('ref_axis',(0.573576436351046,0.,-0.819152044288992));
#13818=DIRECTION('',(0.,1.,0.));
#13819=DIRECTION('center_axis',(0.,1.,0.));
#13820=DIRECTION('ref_axis',(-0.819152044288992,0.,-0.573576436351046));
#13821=DIRECTION('',(0.,1.,0.));
#13822=DIRECTION('center_axis',(-9.19847137617808E-32,1.,-8.94091417764484E-29));
#13823=DIRECTION('ref_axis',(0.,0.,1.));
#13824=DIRECTION('',(0.,0.,-1.));
#13825=DIRECTION('center_axis',(0.,-1.,0.));
#13826=DIRECTION('ref_axis',(-1.,0.,0.));
#13827=DIRECTION('',(0.,0.,1.));
#13828=DIRECTION('',(0.,0.,-1.));
#13829=DIRECTION('center_axis',(0.,-1.,0.));
#13830=DIRECTION('ref_axis',(-1.,0.,0.));
#13831=DIRECTION('center_axis',(1.,0.,0.));
#13832=DIRECTION('ref_axis',(0.,0.,-1.));
#13833=DIRECTION('',(0.,1.,0.));
#13834=DIRECTION('center_axis',(0.,-1.,0.));
#13835=DIRECTION('ref_axis',(-1.,0.,0.));
#13836=DIRECTION('',(0.,1.,0.));
#13837=DIRECTION('',(0.,-1.,0.));
#13838=DIRECTION('center_axis',(0.,-1.,0.));
#13839=DIRECTION('ref_axis',(-1.,0.,0.));
#13840=DIRECTION('center_axis',(-0.919771857916276,0.,0.392453474166356));
#13841=DIRECTION('ref_axis',(0.392453474166356,0.,0.919771857916276));
#13842=DIRECTION('',(0.,1.,0.));
#13843=DIRECTION('center_axis',(0.,1.,0.));
#13844=DIRECTION('ref_axis',(0.919771857916276,0.,-0.392453474166356));
#13845=DIRECTION('',(0.,1.,0.));
#13846=DIRECTION('center_axis',(-0.642787609686541,0.,0.766044443118977));
#13847=DIRECTION('ref_axis',(0.766044443118977,0.,0.642787609686541));
#13848=DIRECTION('',(0.,1.,0.));
#13849=DIRECTION('center_axis',(0.,1.,0.));
#13850=DIRECTION('ref_axis',(0.819152044288992,0.,0.573576436351046));
#13851=DIRECTION('',(0.,1.,0.));
#13852=DIRECTION('center_axis',(-0.819152044288992,0.,-0.573576436351046));
#13853=DIRECTION('ref_axis',(-0.573576436351046,0.,0.819152044288992));
#13854=DIRECTION('',(0.,1.,0.));
#13855=DIRECTION('center_axis',(0.,1.,0.));
#13856=DIRECTION('ref_axis',(0.819152044288992,0.,0.573576436351046));
#13857=DIRECTION('',(0.,1.,0.));
#13858=DIRECTION('center_axis',(-1.,0.,0.));
#13859=DIRECTION('ref_axis',(0.,0.,1.));
#13860=DIRECTION('center_axis',(0.,-0.316227766016838,0.948683298050514));
#13861=DIRECTION('ref_axis',(0.,-0.948683298050514,-0.316227766016838));
#13862=DIRECTION('',(-1.,0.,0.));
#13863=DIRECTION('',(0.,-0.948683298050514,-0.316227766016838));
#13864=DIRECTION('center_axis',(0.,-1.,0.));
#13865=DIRECTION('ref_axis',(0.,0.,-1.));
#13866=DIRECTION('',(0.,0.,-1.));
#13867=DIRECTION('',(1.,0.,0.));
#13868=DIRECTION('center_axis',(0.,0.,1.));
#13869=DIRECTION('ref_axis',(0.,-1.,0.));
#13870=DIRECTION('',(0.,-1.,0.));
#13871=DIRECTION('',(1.,0.,0.));
#13872=DIRECTION('center_axis',(0.,1.,0.));
#13873=DIRECTION('ref_axis',(0.,0.,1.));
#13874=DIRECTION('',(0.,0.,1.));
#13875=DIRECTION('center_axis',(0.,1.,0.));
#13876=DIRECTION('ref_axis',(0.,0.,1.));
#13877=DIRECTION('',(0.,0.,1.));
#13878=DIRECTION('',(1.,0.,0.));
#13879=DIRECTION('center_axis',(0.,0.,-1.));
#13880=DIRECTION('ref_axis',(0.,1.,0.));
#13881=DIRECTION('',(0.,1.,0.));
#13882=DIRECTION('',(1.,0.,0.));
#13883=DIRECTION('center_axis',(0.,-0.813733471206735,-0.581238193719097));
#13884=DIRECTION('ref_axis',(0.,0.581238193719097,-0.813733471206735));
#13885=DIRECTION('',(0.,0.581238193719097,-0.813733471206735));
#13886=DIRECTION('center_axis',(0.,0.,-1.));
#13887=DIRECTION('ref_axis',(0.,1.,0.));
#13888=DIRECTION('',(0.,1.,0.));
#13889=DIRECTION('',(1.,0.,0.));
#13890=DIRECTION('center_axis',(0.,-0.316227766016838,-0.948683298050514));
#13891=DIRECTION('ref_axis',(0.,0.948683298050514,-0.316227766016838));
#13892=DIRECTION('',(0.,0.948683298050514,-0.316227766016838));
#13893=DIRECTION('',(1.,0.,0.));
#13894=DIRECTION('center_axis',(0.,-1.,0.));
#13895=DIRECTION('ref_axis',(0.,0.,-1.));
#13896=DIRECTION('',(0.,0.,-1.));
#13897=DIRECTION('center_axis',(1.,0.,0.));
#13898=DIRECTION('ref_axis',(0.,0.,-1.));
#13899=DIRECTION('axis',(0.,0.,1.));
#13900=DIRECTION('refdir',(1.,0.,0.));
#13901=DIRECTION('center_axis',(-1.,0.,0.));
#13902=DIRECTION('ref_axis',(0.,0.69646797984116,-0.717587871313314));
#13903=DIRECTION('',(1.,0.,0.));
#13904=DIRECTION('',(-1.,0.,0.));
#13905=DIRECTION('center_axis',(-0.976296007119933,2.12607081297855E-32,
-0.216439613938105));
#13906=DIRECTION('ref_axis',(0.216439613938105,5.0808108091601E-16,-0.976296007119933));
#13907=DIRECTION('center_axis',(0.,0.999553950184204,-0.0298647061119513));
#13908=DIRECTION('ref_axis',(0.,-0.0298647061119512,-0.999553950184204));
#13909=DIRECTION('center_axis',(0.,0.999553950184204,-0.0298647061119513));
#13910=DIRECTION('ref_axis',(0.,0.0298647061119513,0.999553950184204));
#13911=DIRECTION('',(0.216347590860894,-0.0291574024656421,-0.975880917843024));
#13912=DIRECTION('center_axis',(0.,-0.999553950184204,0.0298647061119513));
#13913=DIRECTION('ref_axis',(1.85185828268641E-14,-0.0298647061119513,-0.999553950184204));
#13914=DIRECTION('',(-0.537129101369327,-0.0251908809944349,-0.843123803469516));
#13915=DIRECTION('',(0.843282790160796,-0.0160513873423899,-0.537230387062206));
#13916=DIRECTION('',(0.537129101369327,0.0251908809944349,0.843123803469516));
#13917=DIRECTION('center_axis',(0.,0.999553950184204,-0.0298647061119513));
#13918=DIRECTION('ref_axis',(1.85185828268641E-14,-0.0298647061119513,-0.999553950184204));
#13919=DIRECTION('',(-0.216347590860894,0.0291574024656421,0.975880917843024));
#13920=DIRECTION('center_axis',(-1.,0.,0.));
#13921=DIRECTION('ref_axis',(0.,-0.696467979841159,-0.717587871313315));
#13922=DIRECTION('center_axis',(-0.976296007119933,2.12607081297855E-32,
-0.216439613938105));
#13923=DIRECTION('ref_axis',(0.216439613938105,-4.23400900763342E-16,-0.976296007119933));
#13924=DIRECTION('',(1.,0.,0.));
#13925=DIRECTION('',(-1.,0.,0.));
#13926=DIRECTION('center_axis',(0.,0.,-1.));
#13927=DIRECTION('ref_axis',(0.,-1.,0.));
#13928=DIRECTION('',(0.,-1.,0.));
#13929=DIRECTION('',(1.,0.,0.));
#13930=DIRECTION('',(0.,1.,0.));
#13931=DIRECTION('center_axis',(1.,0.,0.));
#13932=DIRECTION('ref_axis',(0.,0.707106781186548,-0.707106781186548));
#13933=DIRECTION('center_axis',(-1.,0.,0.));
#13934=DIRECTION('ref_axis',(0.,0.707106781186548,-0.707106781186548));
#13935=DIRECTION('',(-1.,0.,0.));
#13936=DIRECTION('center_axis',(1.,0.,0.));
#13937=DIRECTION('ref_axis',(0.,0.707106781186548,-0.707106781186548));
#13938=DIRECTION('',(1.,0.,0.));
#13939=DIRECTION('center_axis',(0.,0.,-1.));
#13940=DIRECTION('ref_axis',(0.,1.,0.));
#13941=DIRECTION('',(0.,1.,0.));
#13942=DIRECTION('',(1.,0.,0.));
#13943=DIRECTION('',(0.,-1.,0.));
#13944=DIRECTION('center_axis',(1.,0.,0.));
#13945=DIRECTION('ref_axis',(0.,0.,-1.));
#13946=DIRECTION('',(0.,0.,1.));
#13947=DIRECTION('',(0.,0.707106781186548,-0.707106781186547));
#13948=DIRECTION('',(0.,-1.,0.));
#13949=DIRECTION('',(0.,-1.,0.));
#13950=DIRECTION('',(0.,0.707106781186548,0.707106781186547));
#13951=DIRECTION('',(0.,0.,-1.));
#13952=DIRECTION('center_axis',(1.,0.,0.));
#13953=DIRECTION('ref_axis',(0.,0.707106781186548,-0.707106781186547));
#13954=DIRECTION('',(0.,-1.,0.));
#13955=DIRECTION('',(0.,-0.948683298050514,-0.316227766016838));
#13956=DIRECTION('',(0.,0.,-1.));
#13957=DIRECTION('',(0.,0.948683298050514,-0.316227766016838));
#13958=DIRECTION('',(0.,1.,0.));
#13959=DIRECTION('center_axis',(1.,0.,0.));
#13960=DIRECTION('ref_axis',(0.,0.707106781186548,0.707106781186548));
#13961=DIRECTION('',(0.,0.,-1.));
#13962=DIRECTION('center_axis',(-1.,0.,0.));
#13963=DIRECTION('ref_axis',(0.,-0.707106781186548,-0.707106781186548));
#13964=DIRECTION('center_axis',(1.,0.,0.));
#13965=DIRECTION('ref_axis',(0.,-0.707106781186548,-0.707106781186548));
#13966=DIRECTION('',(-1.,0.,0.));
#13967=DIRECTION('center_axis',(1.,0.,0.));
#13968=DIRECTION('ref_axis',(0.,-0.707106781186548,-0.707106781186548));
#13969=DIRECTION('center_axis',(-1.,0.,0.));
#13970=DIRECTION('ref_axis',(0.,0.,1.));
#13971=DIRECTION('',(0.,0.,1.));
#13972=DIRECTION('center_axis',(-1.,0.,0.));
#13973=DIRECTION('ref_axis',(0.,0.707106781186548,0.707106781186548));
#13974=DIRECTION('',(0.,-1.,0.));
#13975=DIRECTION('',(0.,-0.948683298050514,0.316227766016838));
#13976=DIRECTION('',(0.,0.,1.));
#13977=DIRECTION('',(0.,0.948683298050514,0.316227766016838));
#13978=DIRECTION('',(0.,1.,0.));
#13979=DIRECTION('center_axis',(-1.,0.,0.));
#13980=DIRECTION('ref_axis',(0.,0.707106781186548,-0.707106781186547));
#13981=DIRECTION('',(0.,0.,1.));
#13982=DIRECTION('',(0.,-0.707106781186548,-0.707106781186547));
#13983=DIRECTION('',(0.,1.,0.));
#13984=DIRECTION('',(0.,1.,0.));
#13985=DIRECTION('',(0.,-0.707106781186548,0.707106781186547));
#13986=DIRECTION('',(0.,0.,-1.));
#13987=DIRECTION('center_axis',(0.,-1.,0.));
#13988=DIRECTION('ref_axis',(0.,0.,-1.));
#13989=DIRECTION('',(1.,0.,0.));
#13990=DIRECTION('center_axis',(1.,0.,0.));
#13991=DIRECTION('ref_axis',(0.,0.707106781186548,0.707106781186548));
#13992=DIRECTION('',(-1.,0.,0.));
#13993=DIRECTION('center_axis',(1.,0.,0.));
#13994=DIRECTION('ref_axis',(0.,0.707106781186548,-0.707106781186547));
#13995=DIRECTION('',(1.,0.,0.));
#13996=DIRECTION('',(-1.,0.,0.));
#13997=DIRECTION('center_axis',(0.,0.,1.));
#13998=DIRECTION('ref_axis',(0.,-1.,0.));
#13999=DIRECTION('',(1.,0.,0.));
#14000=DIRECTION('center_axis',(0.,-0.707106781186547,0.707106781186548));
#14001=DIRECTION('ref_axis',(1.,0.,0.));
#14002=DIRECTION('',(-1.,0.,0.));
#14003=DIRECTION('',(1.,0.,0.));
#14004=DIRECTION('center_axis',(0.,-1.15648231731787E-16,-1.));
#14005=DIRECTION('ref_axis',(0.,-1.,1.11022302462516E-16));
#14006=DIRECTION('center_axis',(0.,0.707106781186547,0.707106781186548));
#14007=DIRECTION('ref_axis',(1.,0.,0.));
#14008=DIRECTION('',(-1.,0.,0.));
#14009=DIRECTION('center_axis',(0.,-0.999553950184204,-0.0298647061119513));
#14010=DIRECTION('ref_axis',(0.,-0.0298647061119513,0.999553950184204));
#14011=DIRECTION('',(0.216347590860894,0.0291574024656421,-0.975880917843024));
#14012=DIRECTION('center_axis',(0.,-0.999553950184204,-0.0298647061119513));
#14013=DIRECTION('ref_axis',(1.85185828268641E-14,0.0298647061119513,-0.999553950184204));
#14014=DIRECTION('',(-0.537129101369327,0.0251908809944349,-0.843123803469516));
#14015=DIRECTION('',(-0.843282790160796,-0.0160513873423899,0.537230387062206));
#14016=DIRECTION('',(0.537129101369327,-0.0251908809944349,0.843123803469516));
#14017=DIRECTION('center_axis',(0.,0.999553950184204,0.0298647061119513));
#14018=DIRECTION('ref_axis',(1.85185828268641E-14,0.0298647061119513,-0.999553950184204));
#14019=DIRECTION('',(-0.216347590860894,-0.0291574024656421,0.975880917843024));
#14020=DIRECTION('center_axis',(0.,-0.999553950184204,-0.0298647061119513));
#14021=DIRECTION('ref_axis',(0.,-0.0298647061119513,0.999553950184204));
#14022=DIRECTION('center_axis',(0.,-1.,0.));
#14023=DIRECTION('ref_axis',(1.,0.,0.));
#14024=DIRECTION('',(-1.41099137798993E-31,1.,-3.12809257535578E-32));
#14025=DIRECTION('center_axis',(0.976296007119933,1.44524956334949E-31,
0.216439613938105));
#14026=DIRECTION('ref_axis',(0.216439613938105,0.,-0.976296007119933));
#14027=DIRECTION('',(0.,-1.,0.));
#14028=DIRECTION('center_axis',(-1.41099137798993E-31,1.,-3.12809257535578E-32));
#14029=DIRECTION('ref_axis',(-0.976296007119933,-1.44524956334949E-31,-0.216439613938105));
#14030=DIRECTION('',(-1.21753565124331E-18,1.,7.75655754879873E-19));
#14031=DIRECTION('center_axis',(-1.41099137798993E-31,1.,-3.12809257535578E-32));
#14032=DIRECTION('ref_axis',(-0.976296007119933,-1.44524956334949E-31,-0.216439613938105));
#14033=DIRECTION('',(0.,-1.,0.));
#14034=DIRECTION('',(-8.83759792726602E-19,-1.,5.6301708164363E-19));
#14035=DIRECTION('center_axis',(0.843391445812887,1.44361868653975E-18,
-0.537299608346822));
#14036=DIRECTION('ref_axis',(-0.537299608346822,0.,-0.843391445812887));
#14037=DIRECTION('',(1.92080259196164E-32,-1.,1.08934128188667E-31));
#14038=DIRECTION('center_axis',(0.537299608346822,1.02194576675132E-31,
0.843391445812887));
#14039=DIRECTION('ref_axis',(0.843391445812887,0.,-0.537299608346822));
#14040=DIRECTION('',(1.92080259196164E-32,-1.,1.08934128188667E-31));
#14041=DIRECTION('center_axis',(0.843391445812887,-1.04786430679868E-18,
-0.537299608346822));
#14042=DIRECTION('ref_axis',(-0.537299608346822,0.,-0.843391445812887));
#14043=DIRECTION('center_axis',(0.,-1.,0.));
#14044=DIRECTION('ref_axis',(1.,0.,0.));
#14045=DIRECTION('',(0.,1.,0.));
#14046=DIRECTION('center_axis',(0.976296007119933,-2.12607081297855E-32,
0.216439613938105));
#14047=DIRECTION('ref_axis',(0.216439613938105,0.,-0.976296007119933));
#14048=DIRECTION('center_axis',(0.,-0.316227766016838,0.948683298050514));
#14049=DIRECTION('ref_axis',(0.,-0.948683298050514,-0.316227766016838));
#14050=DIRECTION('',(-1.,0.,0.));
#14051=DIRECTION('center_axis',(0.,-1.,0.));
#14052=DIRECTION('ref_axis',(0.,0.,-1.));
#14053=DIRECTION('center_axis',(0.,1.,0.));
#14054=DIRECTION('ref_axis',(0.,0.,1.));
#14055=DIRECTION('center_axis',(0.,0.,-1.));
#14056=DIRECTION('ref_axis',(0.,1.,0.));
#14057=DIRECTION('',(1.,0.,0.));
#14058=DIRECTION('center_axis',(0.,-0.316227766016838,-0.948683298050514));
#14059=DIRECTION('ref_axis',(0.,0.948683298050514,-0.316227766016838));
#14060=DIRECTION('',(1.,0.,0.));
#14061=DIRECTION('center_axis',(0.,-1.,0.));
#14062=DIRECTION('ref_axis',(0.,0.,-1.));
#14063=DIRECTION('axis',(0.,0.,1.));
#14064=DIRECTION('refdir',(1.,0.,0.));
#14065=DIRECTION('center_axis',(1.,0.,0.));
#14066=DIRECTION('ref_axis',(0.,0.707106781186548,0.707106781186548));
#14067=DIRECTION('center_axis',(-1.,0.,0.));
#14068=DIRECTION('ref_axis',(0.,0.707106781186548,0.707106781186548));
#14069=DIRECTION('',(-1.,0.,0.));
#14070=DIRECTION('center_axis',(1.,0.,0.));
#14071=DIRECTION('ref_axis',(0.,0.707106781186548,0.707106781186548));
#14072=DIRECTION('',(1.,0.,0.));
#14073=DIRECTION('center_axis',(0.,0.,-1.));
#14074=DIRECTION('ref_axis',(0.,1.,0.));
#14075=DIRECTION('',(0.,1.,0.));
#14076=DIRECTION('',(-1.,0.,0.));
#14077=DIRECTION('',(0.,-1.,0.));
#14078=DIRECTION('center_axis',(-1.,0.,0.));
#14079=DIRECTION('ref_axis',(0.,0.,1.));
#14080=DIRECTION('',(0.,0.,-1.));
#14081=DIRECTION('',(0.,-1.,0.));
#14082=DIRECTION('',(0.,0.,1.));
#14083=DIRECTION('center_axis',(-1.,0.,0.));
#14084=DIRECTION('ref_axis',(0.,0.707106781186548,0.707106781186547));
#14085=DIRECTION('',(0.,-1.,-5.55111512312578E-16));
#14086=DIRECTION('',(0.,-0.948683298050514,0.316227766016838));
#14087=DIRECTION('',(0.,0.,1.));
#14088=DIRECTION('',(0.,0.948683298050514,0.316227766016838));
#14089=DIRECTION('',(0.,1.,7.19588997442231E-16));
#14090=DIRECTION('center_axis',(1.,0.,0.));
#14091=DIRECTION('ref_axis',(0.,0.707106781186548,0.707106781186547));
#14092=DIRECTION('',(0.,0.,-1.));
#14093=DIRECTION('center_axis',(-1.,0.,0.));
#14094=DIRECTION('ref_axis',(0.,-0.707106781186547,-0.707106781186548));
#14095=DIRECTION('',(0.,1.,0.));
#14096=DIRECTION('',(0.,1.,0.));
#14097=DIRECTION('center_axis',(1.,0.,0.));
#14098=DIRECTION('ref_axis',(0.,0.707106781186548,0.707106781186547));
#14099=DIRECTION('',(1.,0.,0.));
#14100=DIRECTION('center_axis',(1.,0.,0.));
#14101=DIRECTION('ref_axis',(0.,0.707106781186548,0.707106781186547));
#14102=DIRECTION('',(-1.,0.,0.));
#14103=DIRECTION('center_axis',(0.,-1.,0.));
#14104=DIRECTION('ref_axis',(0.,0.,-1.));
#14105=DIRECTION('',(1.,0.,0.));
#14106=DIRECTION('',(0.,0.,-1.));
#14107=DIRECTION('center_axis',(1.,0.,0.));
#14108=DIRECTION('ref_axis',(0.,0.707106781186548,0.707106781186547));
#14109=DIRECTION('center_axis',(-1.,0.,0.));
#14110=DIRECTION('ref_axis',(0.,0.707106781186548,0.707106781186547));
#14111=DIRECTION('',(-1.,0.,0.));
#14112=DIRECTION('',(1.,0.,0.));
#14113=DIRECTION('center_axis',(0.,1.,0.));
#14114=DIRECTION('ref_axis',(0.,0.,1.));
#14115=DIRECTION('',(0.,0.,1.));
#14116=DIRECTION('',(1.,0.,0.));
#14117=DIRECTION('center_axis',(1.,0.,0.));
#14118=DIRECTION('ref_axis',(0.,-0.694579112175792,-0.71941633073561));
#14119=DIRECTION('center_axis',(-0.978147600733806,1.97689285011602E-18,
0.20791169081776));
#14120=DIRECTION('ref_axis',(-0.20791169081776,-2.26242080795109E-16,-0.978147600733805));
#14121=DIRECTION('',(1.,0.,0.));
#14122=DIRECTION('center_axis',(0.978147600733806,1.97689285011592E-18,
-0.20791169081776));
#14123=DIRECTION('ref_axis',(-0.20791169081776,-2.26242080795109E-16,-0.978147600733805));
#14124=DIRECTION('center_axis',(0.,-0.999383112574212,-0.0351197138581781));
#14125=DIRECTION('ref_axis',(0.,0.0351197138581782,-0.999383112574212));
#14126=DIRECTION('',(-0.207788972050317,0.0343531796527416,-0.977570254325498));
#14127=DIRECTION('center_axis',(0.,0.999383112574212,0.0351197138581781));
#14128=DIRECTION('ref_axis',(-4.6115179026935E-15,0.0351197138581781,-0.999383112574212));
#14129=DIRECTION('',(0.742939462039302,0.0235076830343905,-0.66894569628865));
#14130=DIRECTION('',(-0.668902549221903,0.0261062430086361,-0.742891542366996));
#14131=DIRECTION('',(-0.742939462039302,-0.0235076830343905,0.66894569628865));
#14132=DIRECTION('center_axis',(0.,-0.999383112574212,-0.0351197138581781));
#14133=DIRECTION('ref_axis',(-3.32514711931058E-14,0.0351197138581782,-0.999383112574212));
#14134=DIRECTION('',(0.207788972050317,-0.0343531796527416,0.977570254325498));
#14135=DIRECTION('center_axis',(1.,0.,0.));
#14136=DIRECTION('ref_axis',(0.,-0.707106781186547,-0.707106781186548));
#14137=DIRECTION('center_axis',(1.,0.,0.));
#14138=DIRECTION('ref_axis',(0.,-0.707106781186547,-0.707106781186548));
#14139=DIRECTION('',(-1.,0.,0.));
#14140=DIRECTION('center_axis',(1.,0.,0.));
#14141=DIRECTION('ref_axis',(0.,0.,-1.));
#14142=DIRECTION('center_axis',(0.978147600733806,1.97689285011592E-18,
-0.20791169081776));
#14143=DIRECTION('ref_axis',(-0.20791169081776,0.,-0.978147600733805));
#14144=DIRECTION('',(-1.,0.,0.));
#14145=DIRECTION('center_axis',(-0.978147600733806,1.97689285011602E-18,
0.20791169081776));
#14146=DIRECTION('ref_axis',(-0.20791169081776,0.,-0.978147600733805));
#14147=DIRECTION('',(1.,0.,0.));
#14148=DIRECTION('center_axis',(0.,0.,1.));
#14149=DIRECTION('ref_axis',(0.,-1.,0.));
#14150=DIRECTION('',(0.,-1.,0.));
#14151=DIRECTION('center_axis',(1.9336929982487E-18,-1.,-4.11019135033141E-19));
#14152=DIRECTION('ref_axis',(0.978147600733806,1.97689285011592E-18,-0.20791169081776));
#14153=DIRECTION('',(0.,1.,0.));
#14154=DIRECTION('center_axis',(-1.9336929982487E-18,1.,4.11019135033141E-19));
#14155=DIRECTION('ref_axis',(0.669130606358859,0.,0.743144825477393));
#14156=DIRECTION('',(2.50457022323864E-18,-1.,2.23004255471649E-19));
#14157=DIRECTION('center_axis',(0.669130606358859,3.79134322346628E-18,
0.743144825477394));
#14158=DIRECTION('ref_axis',(0.743144825477394,0.,-0.669130606358859));
#14159=DIRECTION('',(6.10893486744144E-19,-1.,-1.88013682712004E-18));
#14160=DIRECTION('',(-0.743144825477394,-1.71203942876021E-18,0.669130606358858));
#14161=DIRECTION('',(-3.80919703252896E-18,1.,-1.67193911705116E-18));
#14162=DIRECTION('center_axis',(0.978147600733806,-1.97689285011602E-18,
-0.20791169081776));
#14163=DIRECTION('ref_axis',(-0.20791169081776,0.,-0.978147600733806));
#14164=DIRECTION('',(-1.9336929982488E-18,-1.,4.11019135033161E-19));
#14165=DIRECTION('',(0.20791169081776,0.,0.978147600733806));
#14166=DIRECTION('center_axis',(0.,1.,0.));
#14167=DIRECTION('ref_axis',(-1.,0.,0.));
#14168=DIRECTION('center_axis',(6.10893486744144E-19,-1.,-1.88013682712004E-18));
#14169=DIRECTION('ref_axis',(0.866025403784439,0.,-0.5));
#14170=DIRECTION('',(0.669130606358858,-9.8844642505796E-19,0.743144825477394));
#14171=DIRECTION('',(-0.669130606358858,9.88446425057961E-19,-0.743144825477394));
#14172=DIRECTION('',(0.743144825477394,1.71203942876021E-18,-0.669130606358858));
#14173=DIRECTION('center_axis',(1.9336929982487E-18,-1.,-4.11019135033141E-19));
#14174=DIRECTION('ref_axis',(0.,0.,-1.));
#14175=DIRECTION('',(0.978147600733805,0.,-0.20791169081776));
#14176=DIRECTION('center_axis',(1.9336929982487E-18,-1.,-4.11019135033141E-19));
#14177=DIRECTION('ref_axis',(0.978147600733806,0.,-0.207911690817759));
#14178=DIRECTION('center_axis',(-0.743144825477395,-1.71203942876021E-18,
0.669130606358858));
#14179=DIRECTION('ref_axis',(0.669130606358858,0.,0.743144825477394));
#14180=DIRECTION('',(6.10893486744144E-19,-1.,-1.88013682712004E-18));
#14181=DIRECTION('center_axis',(0.669130606358859,1.84160905065721E-18,
0.743144825477394));
#14182=DIRECTION('ref_axis',(0.743144825477394,0.,-0.669130606358859));
#14183=DIRECTION('center_axis',(1.9336929982487E-18,-1.,-4.11019135033141E-19));
#14184=DIRECTION('ref_axis',(0.978147600733806,1.97689285011592E-18,-0.20791169081776));
#14185=DIRECTION('',(0.,1.,0.));
#14186=DIRECTION('center_axis',(0.,1.,0.));
#14187=DIRECTION('ref_axis',(-1.,0.,0.));
#14188=DIRECTION('',(-1.9336929982487E-18,1.,4.1101913503314E-19));
#14189=DIRECTION('',(0.,-1.,0.));
#14190=DIRECTION('center_axis',(0.,-1.,0.));
#14191=DIRECTION('ref_axis',(-0.20791169081776,0.,-0.978147600733806));
#14192=DIRECTION('',(0.20791169081776,0.,0.978147600733805));
#14193=DIRECTION('center_axis',(0.978147600733806,1.97689285011592E-18,
-0.20791169081776));
#14194=DIRECTION('ref_axis',(-0.20791169081776,0.,-0.978147600733806));
#14195=DIRECTION('center_axis',(0.,1.,0.));
#14196=DIRECTION('ref_axis',(1.,0.,0.));
#14197=DIRECTION('',(-1.76530921958976E-34,-1.,2.88296873975228E-18));
#14198=DIRECTION('center_axis',(0.,1.,0.));
#14199=DIRECTION('ref_axis',(1.,0.,0.));
#14200=DIRECTION('',(0.,1.,0.));
#14201=DIRECTION('center_axis',(0.,-1.,0.));
#14202=DIRECTION('ref_axis',(0.,0.,-1.));
#14203=DIRECTION('center_axis',(0.,-1.,0.));
#14204=DIRECTION('ref_axis',(-1.,0.,-4.44089209850063E-17));
#14205=DIRECTION('',(-6.12323399573677E-17,0.,1.));
#14206=DIRECTION('',(1.,0.,0.));
#14207=DIRECTION('',(6.12323399573677E-17,0.,-1.));
#14208=DIRECTION('',(1.,0.,0.));
#14209=DIRECTION('center_axis',(3.48643277033001E-16,2.88296873975242E-18,
-1.));
#14210=DIRECTION('ref_axis',(-1.,0.,-3.5527136788005E-16));
#14211=DIRECTION('',(-1.76530921958984E-34,1.,2.88296873975242E-18));
#14212=DIRECTION('',(1.,0.,0.));
#14213=DIRECTION('',(0.,-1.,0.));
#14214=DIRECTION('center_axis',(0.,1.,0.));
#14215=DIRECTION('ref_axis',(0.,0.,1.));
#14216=DIRECTION('',(6.12323399573677E-17,0.,-1.));
#14217=DIRECTION('center_axis',(0.,-1.,0.));
#14218=DIRECTION('ref_axis',(0.,0.,-1.));
#14219=DIRECTION('',(-1.,0.,0.));
#14220=DIRECTION('center_axis',(0.,-1.,0.));
#14221=DIRECTION('ref_axis',(0.,0.,-1.));
#14222=DIRECTION('center_axis',(0.,-1.,0.));
#14223=DIRECTION('ref_axis',(0.,0.,-1.));
#14224=DIRECTION('center_axis',(0.,1.,0.));
#14225=DIRECTION('ref_axis',(1.,0.,4.44089209850063E-17));
#14226=DIRECTION('',(-1.,0.,-6.12323399573677E-17));
#14227=DIRECTION('',(6.12323399573677E-17,0.,-1.));
#14228=DIRECTION('center_axis',(-1.,0.,-6.12323399573677E-17));
#14229=DIRECTION('ref_axis',(-6.66133814775094E-17,0.,1.));
#14230=DIRECTION('',(0.,-1.,0.));
#14231=DIRECTION('center_axis',(3.48643277033001E-16,-2.88296873975228E-18,
-1.));
#14232=DIRECTION('ref_axis',(-1.,0.,-3.5527136788005E-16));
#14233=DIRECTION('center_axis',(0.,1.,0.));
#14234=DIRECTION('ref_axis',(1.,0.,0.));
#14235=DIRECTION('center_axis',(0.,1.,0.));
#14236=DIRECTION('ref_axis',(0.,0.,1.));
#14237=DIRECTION('',(0.,0.,1.));
#14238=DIRECTION('center_axis',(0.,-0.316227766016838,0.948683298050514));
#14239=DIRECTION('ref_axis',(0.,-0.948683298050514,-0.316227766016838));
#14240=DIRECTION('',(-1.,0.,0.));
#14241=DIRECTION('',(0.,-0.948683298050514,-0.316227766016838));
#14242=DIRECTION('',(1.,0.,0.));
#14243=DIRECTION('center_axis',(0.,-7.19588997442231E-16,1.));
#14244=DIRECTION('ref_axis',(0.,-1.,-7.21644966006352E-16));
#14245=DIRECTION('',(0.,-1.,-7.19588997442231E-16));
#14246=DIRECTION('center_axis',(0.,5.55111512312578E-16,-1.));
#14247=DIRECTION('ref_axis',(0.,1.,5.55111512312578E-16));
#14248=DIRECTION('',(0.,1.,5.55111512312578E-16));
#14249=DIRECTION('',(1.,0.,0.));
#14250=DIRECTION('center_axis',(0.,-0.316227766016838,-0.948683298050514));
#14251=DIRECTION('ref_axis',(0.,0.948683298050514,-0.316227766016838));
#14252=DIRECTION('',(0.,0.948683298050514,-0.316227766016838));
#14253=DIRECTION('',(1.,0.,0.));
#14254=DIRECTION('center_axis',(0.,-1.,0.));
#14255=DIRECTION('ref_axis',(0.,0.,-1.));
#14256=DIRECTION('',(0.,0.,-1.));
#14257=DIRECTION('center_axis',(1.,0.,0.));
#14258=DIRECTION('ref_axis',(0.,0.,-1.));
#14259=DIRECTION('axis',(0.,0.,1.));
#14260=DIRECTION('refdir',(1.,0.,0.));
#14261=DIRECTION('center_axis',(1.,0.,0.));
#14262=DIRECTION('ref_axis',(0.,0.707106781186547,0.707106781186548));
#14263=DIRECTION('center_axis',(-1.,0.,0.));
#14264=DIRECTION('ref_axis',(0.,0.707106781186547,0.707106781186548));
#14265=DIRECTION('',(1.,0.,0.));
#14266=DIRECTION('center_axis',(1.,0.,0.));
#14267=DIRECTION('ref_axis',(0.,0.707106781186547,0.707106781186548));
#14268=DIRECTION('',(-1.,0.,0.));
#14269=DIRECTION('center_axis',(0.,-1.,1.38777878078145E-16));
#14270=DIRECTION('ref_axis',(0.,-1.33226762955019E-16,-1.));
#14271=DIRECTION('',(0.,1.38777878078145E-16,1.));
#14272=DIRECTION('',(1.,0.,0.));
#14273=DIRECTION('',(0.,-1.38777878078145E-16,-1.));
#14274=DIRECTION('center_axis',(1.,0.,0.));
#14275=DIRECTION('ref_axis',(0.,0.707106781186548,0.707106781186547));
#14276=DIRECTION('center_axis',(-1.,0.,0.));
#14277=DIRECTION('ref_axis',(0.,0.707106781186548,0.707106781186547));
#14278=DIRECTION('',(-1.,0.,0.));
#14279=DIRECTION('center_axis',(1.,0.,0.));
#14280=DIRECTION('ref_axis',(0.,0.707106781186548,0.707106781186547));
#14281=DIRECTION('',(1.,0.,0.));
#14282=DIRECTION('center_axis',(0.,-7.19588997442231E-16,1.));
#14283=DIRECTION('ref_axis',(0.,-1.,-7.21644966006352E-16));
#14284=DIRECTION('',(0.,1.,7.19588997442231E-16));
#14285=DIRECTION('',(1.,0.,0.));
#14286=DIRECTION('',(0.,-1.,-7.19588997442231E-16));
#14287=DIRECTION('center_axis',(-1.,0.,0.));
#14288=DIRECTION('ref_axis',(0.,0.,1.));
#14289=DIRECTION('',(0.,0.,-1.));
#14290=DIRECTION('center_axis',(-1.,0.,0.));
#14291=DIRECTION('ref_axis',(0.,-0.707106781186547,-0.707106781186548));
#14292=DIRECTION('',(0.,1.,0.));
#14293=DIRECTION('',(0.,1.,0.));
#14294=DIRECTION('',(0.,1.,0.));
#14295=DIRECTION('center_axis',(1.,0.,0.));
#14296=DIRECTION('ref_axis',(0.,0.707106781186548,0.707106781186547));
#14297=DIRECTION('',(0.,0.,-1.));
#14298=DIRECTION('',(0.,-1.,0.));
#14299=DIRECTION('',(0.,-1.,-1.04083408558608E-15));
#14300=DIRECTION('',(0.,-0.948683298050514,0.316227766016838));
#14301=DIRECTION('',(0.,0.,1.));
#14302=DIRECTION('',(0.,0.948683298050514,0.316227766016838));
#14303=DIRECTION('center_axis',(1.,0.,0.));
#14304=DIRECTION('ref_axis',(0.,0.707106781186548,0.707106781186547));
#14305=DIRECTION('center_axis',(-1.,0.,0.));
#14306=DIRECTION('ref_axis',(0.,0.707106781186548,0.707106781186547));
#14307=DIRECTION('',(-1.,0.,0.));
#14308=DIRECTION('',(1.,0.,0.));
#14309=DIRECTION('center_axis',(0.,1.,0.));
#14310=DIRECTION('ref_axis',(0.,0.,1.));
#14311=DIRECTION('',(0.,0.,1.));
#14312=DIRECTION('',(-1.,0.,0.));
#14313=DIRECTION('center_axis',(-1.,0.,0.));
#14314=DIRECTION('ref_axis',(0.,-0.694579112175792,-0.71941633073561));
#14315=DIRECTION('center_axis',(-0.978147600733806,3.36970372179051E-19,
-0.207911690817757));
#14316=DIRECTION('ref_axis',(0.207911690817757,1.2443314443731E-15,-0.978147600733806));
#14317=DIRECTION('',(1.,0.,0.));
#14318=DIRECTION('center_axis',(0.978147600733806,3.36970372179E-19,0.207911690817757));
#14319=DIRECTION('ref_axis',(0.207911690817757,1.2443314443731E-15,-0.978147600733806));
#14320=DIRECTION('',(-1.,0.,0.));
#14321=DIRECTION('center_axis',(0.,-4.19763803825736E-16,-1.));
#14322=DIRECTION('ref_axis',(0.,-1.,4.21884749357559E-16));
#14323=DIRECTION('',(0.,-1.,0.));
#14324=DIRECTION('center_axis',(1.,0.,0.));
#14325=DIRECTION('ref_axis',(0.,-0.707106781186547,-0.707106781186548));
#14326=DIRECTION('',(1.,0.,0.));
#14327=DIRECTION('center_axis',(1.,0.,0.));
#14328=DIRECTION('ref_axis',(0.,-0.707106781186547,-0.707106781186548));
#14329=DIRECTION('',(-1.,0.,0.));
#14330=DIRECTION('center_axis',(0.,1.,0.));
#14331=DIRECTION('ref_axis',(0.,0.,1.));
#14332=DIRECTION('',(0.,0.,1.));
#14333=DIRECTION('center_axis',(1.,0.,0.));
#14334=DIRECTION('ref_axis',(0.,0.,-1.));
#14335=DIRECTION('center_axis',(0.978147600733806,3.36970372179E-19,0.207911690817757));
#14336=DIRECTION('ref_axis',(0.207911690817757,0.,-0.978147600733806));
#14337=DIRECTION('',(-1.,0.,0.));
#14338=DIRECTION('center_axis',(-0.978147600733806,3.36970372179051E-19,
-0.207911690817757));
#14339=DIRECTION('ref_axis',(0.207911690817757,0.,-0.978147600733806));
#14340=DIRECTION('',(1.,0.,0.));
#14341=DIRECTION('center_axis',(0.,0.,1.));
#14342=DIRECTION('ref_axis',(0.,-1.,0.));
#14343=DIRECTION('',(0.,-1.,0.));
#14344=DIRECTION('center_axis',(0.,-0.999383112574212,-0.0351197138581763));
#14345=DIRECTION('ref_axis',(0.,-0.0351197138581763,0.999383112574212));
#14346=DIRECTION('',(0.207788972050315,0.0343531796527398,-0.977570254325499));
#14347=DIRECTION('center_axis',(0.,-0.999383112574212,-0.0351197138581763));
#14348=DIRECTION('ref_axis',(1.94169174850253E-15,0.0351197138581763,-0.999383112574212));
#14349=DIRECTION('',(-0.742939462039304,0.0235076830343892,-0.668945696288649));
#14350=DIRECTION('',(-0.668902549221902,-0.0261062430086348,0.742891542366997));
#14351=DIRECTION('',(0.742939462039304,-0.0235076830343892,0.668945696288649));
#14352=DIRECTION('center_axis',(0.,0.999383112574212,0.0351197138581763));
#14353=DIRECTION('ref_axis',(-2.66982615419098E-14,0.0351197138581763,-0.999383112574212));
#14354=DIRECTION('',(-0.207788972050315,-0.0343531796527398,0.977570254325499));
#14355=DIRECTION('center_axis',(-3.29606761065267E-19,1.,-7.00600798352248E-20));
#14356=DIRECTION('ref_axis',(-0.978147600733806,-3.36970372179E-19,-0.207911690817757));
#14357=DIRECTION('',(3.44158999268718E-18,1.,-4.25839839043593E-18));
#14358=DIRECTION('center_axis',(3.29606761065267E-19,-1.,7.00600798352248E-20));
#14359=DIRECTION('ref_axis',(-0.669130606358857,0.,0.743144825477396));
#14360=DIRECTION('',(0.,1.,0.));
#14361=DIRECTION('center_axis',(0.,-1.,0.));
#14362=DIRECTION('ref_axis',(1.,0.,0.));
#14363=DIRECTION('',(-3.29606761065316E-19,-1.,-7.00600798352353E-20));
#14364=DIRECTION('center_axis',(0.669130606358857,-5.46747992731908E-18,
-0.743144825477395));
#14365=DIRECTION('ref_axis',(-0.743144825477395,0.,-0.669130606358857));
#14366=DIRECTION('',(1.04129571604163E-19,-1.,3.20477868259241E-19));
#14367=DIRECTION('',(-0.743144825477396,-2.91824902629711E-19,-0.669130606358856));
#14368=DIRECTION('center_axis',(0.743144825477396,2.91824902629711E-19,
0.669130606358857));
#14369=DIRECTION('ref_axis',(0.669130606358857,0.,-0.743144825477396));
#14370=DIRECTION('',(1.04129571604163E-19,-1.,3.20477868259241E-19));
#14371=DIRECTION('',(-0.669130606358857,1.684851860895E-19,0.743144825477396));
#14372=DIRECTION('center_axis',(-3.29606761065267E-19,1.,-7.00600798352248E-20));
#14373=DIRECTION('ref_axis',(-0.978147600733806,-3.36970372179E-19,-0.207911690817757));
#14374=DIRECTION('',(0.,1.,0.));
#14375=DIRECTION('center_axis',(3.29606761065267E-19,-1.,7.00600798352248E-20));
#14376=DIRECTION('ref_axis',(-0.669130606358857,0.,0.743144825477395));
#14377=DIRECTION('',(4.65291603879925E-18,-1.,-4.73146130949332E-18));
#14378=DIRECTION('center_axis',(1.04129571604163E-19,-1.,3.20477868259241E-19));
#14379=DIRECTION('ref_axis',(-0.866025403784438,0.,-0.5));
#14380=DIRECTION('',(0.669130606358857,-1.684851860895E-19,-0.743144825477395));
#14381=DIRECTION('',(-0.743144825477396,-2.91824902629711E-19,-0.669130606358856));
#14382=DIRECTION('center_axis',(3.29606761065267E-19,-1.,7.00600798352248E-20));
#14383=DIRECTION('ref_axis',(0.,0.,-1.));
#14384=DIRECTION('',(0.978147600733806,0.,0.207911690817757));
#14385=DIRECTION('center_axis',(0.669130606358857,6.62956951947505E-18,
-0.743144825477395));
#14386=DIRECTION('ref_axis',(-0.743144825477395,0.,-0.669130606358857));
#14387=DIRECTION('center_axis',(0.,-1.,0.));
#14388=DIRECTION('ref_axis',(1.,0.,0.));
#14389=DIRECTION('',(-3.29606761065267E-19,1.,-7.00600798352248E-20));
#14390=DIRECTION('',(0.,-1.,0.));
#14391=DIRECTION('center_axis',(0.978147600733806,-3.36970372179051E-19,
0.207911690817757));
#14392=DIRECTION('ref_axis',(0.207911690817757,0.,-0.978147600733806));
#14393=DIRECTION('',(0.207911690817757,0.,-0.978147600733806));
#14394=DIRECTION('center_axis',(0.,-1.,0.));
#14395=DIRECTION('ref_axis',(0.207911690817757,0.,-0.978147600733806));
#14396=DIRECTION('',(-0.207911690817757,0.,0.978147600733806));
#14397=DIRECTION('center_axis',(0.978147600733806,3.36970372179E-19,0.207911690817757));
#14398=DIRECTION('ref_axis',(0.207911690817757,0.,-0.978147600733806));
#14399=DIRECTION('center_axis',(0.,-1.,7.11681426041767E-17));
#14400=DIRECTION('ref_axis',(-1.,0.,0.));
#14401=DIRECTION('',(8.62816615085482E-32,-1.,1.68416063961807E-16));
#14402=DIRECTION('center_axis',(0.,-1.,7.11681426041767E-17));
#14403=DIRECTION('ref_axis',(-1.,0.,0.));
#14404=DIRECTION('',(0.,1.,0.));
#14405=DIRECTION('center_axis',(0.,1.,-7.11681426041767E-17));
#14406=DIRECTION('ref_axis',(0.,0.,-1.));
#14407=DIRECTION('center_axis',(0.,-1.,7.11681426041767E-17));
#14408=DIRECTION('ref_axis',(1.,0.,-9.32587340685132E-16));
#14409=DIRECTION('',(-9.49410759657493E-16,-7.11681426041767E-17,-1.));
#14410=DIRECTION('',(1.,0.,-1.17190208154878E-16));
#14411=DIRECTION('',(9.49410759657493E-16,7.11681426041767E-17,1.));
#14412=DIRECTION('',(-1.,0.,1.17190208154878E-16));
#14413=DIRECTION('center_axis',(8.97775848465529E-16,1.6442426109138E-16,
1.));
#14414=DIRECTION('ref_axis',(1.,8.88178419700125E-17,-8.88178419700125E-16));
#14415=DIRECTION('',(-8.62816615085482E-32,1.,-1.6442426109138E-16));
#14416=DIRECTION('',(1.,-6.41976648129079E-32,-8.88178419700125E-16));
#14417=DIRECTION('',(7.11681426041768E-17,-1.,1.42336285208353E-16));
#14418=DIRECTION('center_axis',(0.,1.,-7.11681426041767E-17));
#14419=DIRECTION('ref_axis',(0.,8.88178419700125E-17,1.));
#14420=DIRECTION('',(9.49410759657493E-16,7.11681426041767E-17,1.));
#14421=DIRECTION('center_axis',(0.,-1.,7.11681426041767E-17));
#14422=DIRECTION('ref_axis',(-1.,0.,5.55111512312578E-16));
#14423=DIRECTION('center_axis',(0.,-1.,7.11681426041767E-17));
#14424=DIRECTION('ref_axis',(0.,-6.66133814775094E-17,-1.));
#14425=DIRECTION('center_axis',(0.,-1.,7.11681426041767E-17));
#14426=DIRECTION('ref_axis',(-1.,0.,0.));
#14427=DIRECTION('center_axis',(0.,1.,-7.11681426041767E-17));
#14428=DIRECTION('ref_axis',(-1.,0.,9.32587340685132E-16));
#14429=DIRECTION('',(1.,-6.16297582203915E-32,-9.49410759657493E-16));
#14430=DIRECTION('',(9.49410759657493E-16,7.11681426041767E-17,1.));
#14431=DIRECTION('center_axis',(1.,7.11681426041766E-17,-9.49410759657493E-16));
#14432=DIRECTION('ref_axis',(-9.54791801177635E-16,-8.88178419700125E-17,
-1.));
#14433=DIRECTION('',(7.11681426041768E-17,-1.,1.42336285208353E-16));
#14434=DIRECTION('center_axis',(8.91754088386581E-16,1.68416063961807E-16,
1.));
#14435=DIRECTION('ref_axis',(1.,8.88178419700125E-17,-8.88178419700125E-16));
#14436=DIRECTION('center_axis',(0.,-1.,7.11681426041767E-17));
#14437=DIRECTION('ref_axis',(-1.,0.,0.));
#14438=DIRECTION('center_axis',(0.,-0.316227766016838,0.948683298050514));
#14439=DIRECTION('ref_axis',(0.,-0.948683298050514,-0.316227766016838));
#14440=DIRECTION('',(-1.,0.,0.));
#14441=DIRECTION('',(0.,-0.948683298050514,-0.316227766016838));
#14442=DIRECTION('center_axis',(0.,1.04083408558608E-15,-1.));
#14443=DIRECTION('ref_axis',(0.,1.,1.03805852802452E-15));
#14444=DIRECTION('',(0.,1.,1.04083408558608E-15));
#14445=DIRECTION('',(1.,0.,0.));
#14446=DIRECTION('center_axis',(0.,-0.316227766016838,-0.948683298050514));
#14447=DIRECTION('ref_axis',(0.,0.948683298050514,-0.316227766016838));
#14448=DIRECTION('',(0.,0.948683298050514,-0.316227766016838));
#14449=DIRECTION('',(1.,0.,0.));
#14450=DIRECTION('center_axis',(0.,-1.,0.));
#14451=DIRECTION('ref_axis',(0.,0.,-1.));
#14452=DIRECTION('',(0.,0.,-1.));
#14453=DIRECTION('center_axis',(1.,0.,0.));
#14454=DIRECTION('ref_axis',(0.,0.,-1.));
#14455=DIRECTION('axis',(0.,0.,1.));
#14456=DIRECTION('refdir',(1.,0.,0.));
#14457=DIRECTION('center_axis',(1.,0.,0.));
#14458=DIRECTION('ref_axis',(0.,0.707106781186548,-0.707106781186548));
#14459=DIRECTION('center_axis',(-1.,0.,0.));
#14460=DIRECTION('ref_axis',(0.,0.707106781186548,-0.707106781186548));
#14461=DIRECTION('',(1.,0.,0.));
#14462=DIRECTION('center_axis',(1.,0.,0.));
#14463=DIRECTION('ref_axis',(0.,0.707106781186548,-0.707106781186548));
#14464=DIRECTION('',(-1.,0.,0.));
#14465=DIRECTION('center_axis',(0.,0.,1.));
#14466=DIRECTION('ref_axis',(0.,-1.,0.));
#14467=DIRECTION('',(0.,1.,0.));
#14468=DIRECTION('',(-1.,0.,0.));
#14469=DIRECTION('',(0.,-1.,0.));
#14470=DIRECTION('center_axis',(1.,0.,0.));
#14471=DIRECTION('ref_axis',(0.,-0.707106781186548,-0.707106781186548));
#14472=DIRECTION('center_axis',(-1.,0.,0.));
#14473=DIRECTION('ref_axis',(0.,-0.707106781186548,-0.707106781186548));
#14474=DIRECTION('',(1.,0.,0.));
#14475=DIRECTION('center_axis',(1.,0.,0.));
#14476=DIRECTION('ref_axis',(0.,-0.707106781186548,-0.707106781186548));
#14477=DIRECTION('center_axis',(0.,1.,0.));
#14478=DIRECTION('ref_axis',(0.,0.,1.));
#14479=DIRECTION('',(0.,0.,-1.));
#14480=DIRECTION('',(1.,0.,0.));
#14481=DIRECTION('',(0.,0.,1.));
#14482=DIRECTION('center_axis',(1.,0.,0.));
#14483=DIRECTION('ref_axis',(0.,0.707106781186548,-0.707106781186547));
#14484=DIRECTION('center_axis',(-1.,0.,0.));
#14485=DIRECTION('ref_axis',(0.,0.707106781186548,-0.707106781186547));
#14486=DIRECTION('',(1.,0.,0.));
#14487=DIRECTION('center_axis',(1.,0.,0.));
#14488=DIRECTION('ref_axis',(0.,0.707106781186548,-0.707106781186547));
#14489=DIRECTION('',(-1.,0.,0.));
#14490=DIRECTION('center_axis',(0.,0.,1.));
#14491=DIRECTION('ref_axis',(0.,-1.,0.));
#14492=DIRECTION('',(0.,1.,0.));
#14493=DIRECTION('',(1.,0.,0.));
#14494=DIRECTION('',(0.,-1.,0.));
#14495=DIRECTION('center_axis',(1.,0.,0.));
#14496=DIRECTION('ref_axis',(0.,0.707106781186548,0.707106781186548));
#14497=DIRECTION('center_axis',(-1.,0.,0.));
#14498=DIRECTION('ref_axis',(0.,0.707106781186548,0.707106781186548));
#14499=DIRECTION('',(1.,0.,0.));
#14500=DIRECTION('center_axis',(1.,0.,0.));
#14501=DIRECTION('ref_axis',(0.,0.707106781186548,0.707106781186548));
#14502=DIRECTION('',(-1.,0.,0.));
#14503=DIRECTION('center_axis',(0.,-1.,0.));
#14504=DIRECTION('ref_axis',(0.,0.,-1.));
#14505=DIRECTION('',(0.,0.,1.));
#14506=DIRECTION('',(-1.,0.,0.));
#14507=DIRECTION('',(0.,0.,-1.));
#14508=DIRECTION('center_axis',(1.,0.,0.));
#14509=DIRECTION('ref_axis',(0.,-0.707106781186548,-0.707106781186548));
#14510=DIRECTION('center_axis',(-1.,0.,0.));
#14511=DIRECTION('ref_axis',(0.,-0.707106781186548,-0.707106781186548));
#14512=DIRECTION('center_axis',(1.,0.,0.));
#14513=DIRECTION('ref_axis',(0.,-0.707106781186548,-0.707106781186548));
#14514=DIRECTION('',(1.,0.,0.));
#14515=DIRECTION('center_axis',(0.,0.,-1.));
#14516=DIRECTION('ref_axis',(0.,1.,0.));
#14517=DIRECTION('',(0.,-1.,0.));
#14518=DIRECTION('',(1.,0.,0.));
#14519=DIRECTION('',(0.,1.,0.));
#14520=DIRECTION('center_axis',(-1.,0.,0.));
#14521=DIRECTION('ref_axis',(0.,0.,1.));
#14522=DIRECTION('',(0.,-1.,0.));
#14523=DIRECTION('',(0.,-0.948683298050514,0.316227766016838));
#14524=DIRECTION('',(0.,0.,1.));
#14525=DIRECTION('',(0.,0.948683298050514,0.316227766016838));
#14526=DIRECTION('',(0.,0.,1.));
#14527=DIRECTION('',(0.,0.447213595499958,0.894427190999916));
#14528=DIRECTION('',(0.,1.,0.));
#14529=DIRECTION('',(0.,0.,1.));
#14530=DIRECTION('',(0.,0.136637397137031,0.990621129243475));
#14531=DIRECTION('',(0.,1.,0.));
#14532=DIRECTION('',(0.,0.447213595499956,-0.894427190999917));
#14533=DIRECTION('',(0.,2.84672570416707E-16,-1.));
#14534=DIRECTION('center_axis',(0.,-0.316227766016838,0.948683298050514));
#14535=DIRECTION('ref_axis',(0.,-0.948683298050514,-0.316227766016838));
#14536=DIRECTION('',(-1.,0.,0.));
#14537=DIRECTION('',(0.,-0.948683298050514,-0.316227766016838));
#14538=DIRECTION('center_axis',(0.,-1.,0.));
#14539=DIRECTION('ref_axis',(0.,0.,-1.));
#14540=DIRECTION('',(0.,0.,-1.));
#14541=DIRECTION('',(1.,0.,0.));
#14542=DIRECTION('center_axis',(0.,-0.894427190999916,0.447213595499958));
#14543=DIRECTION('ref_axis',(0.,-0.447213595499958,-0.894427190999916));
#14544=DIRECTION('',(0.,-0.447213595499958,-0.894427190999916));
#14545=DIRECTION('',(1.,0.,0.));
#14546=DIRECTION('center_axis',(0.,0.,1.));
#14547=DIRECTION('ref_axis',(0.,-1.,0.));
#14548=DIRECTION('',(0.,-1.,0.));
#14549=DIRECTION('center_axis',(0.,-1.,0.));
#14550=DIRECTION('ref_axis',(0.,0.,-1.));
#14551=DIRECTION('',(0.,0.,-1.));
#14552=DIRECTION('',(1.,0.,0.));
#14553=DIRECTION('center_axis',(0.,-0.990621129243475,0.136637397137031));
#14554=DIRECTION('ref_axis',(0.,-0.136637397137031,-0.990621129243475));
#14555=DIRECTION('',(0.,-0.136637397137031,-0.990621129243475));
#14556=DIRECTION('',(1.,0.,0.));
#14557=DIRECTION('center_axis',(0.,0.,1.));
#14558=DIRECTION('ref_axis',(0.,-1.,0.));
#14559=DIRECTION('',(0.,-1.,0.));
#14560=DIRECTION('',(1.,0.,0.));
#14561=DIRECTION('center_axis',(0.,0.894427190999917,0.447213595499956));
#14562=DIRECTION('ref_axis',(0.,-0.447213595499956,0.894427190999917));
#14563=DIRECTION('',(0.,-0.447213595499956,0.894427190999917));
#14564=DIRECTION('',(1.,0.,0.));
#14565=DIRECTION('center_axis',(0.,1.,2.84672570416707E-16));
#14566=DIRECTION('ref_axis',(0.,-2.66453525910038E-16,1.));
#14567=DIRECTION('',(0.,-2.84672570416707E-16,1.));
#14568=DIRECTION('center_axis',(0.,0.,-1.));
#14569=DIRECTION('ref_axis',(0.,1.,0.));
#14570=DIRECTION('',(0.,1.,0.));
#14571=DIRECTION('',(1.,0.,0.));
#14572=DIRECTION('center_axis',(0.,-0.316227766016838,-0.948683298050514));
#14573=DIRECTION('ref_axis',(0.,0.948683298050514,-0.316227766016838));
#14574=DIRECTION('',(0.,0.948683298050514,-0.316227766016838));
#14575=DIRECTION('',(1.,0.,0.));
#14576=DIRECTION('center_axis',(0.,-1.,0.));
#14577=DIRECTION('ref_axis',(0.,0.,-1.));
#14578=DIRECTION('',(0.,0.,-1.));
#14579=DIRECTION('center_axis',(1.,0.,0.));
#14580=DIRECTION('ref_axis',(0.,0.,-1.));
#14581=DIRECTION('axis',(0.,0.,1.));
#14582=DIRECTION('refdir',(1.,0.,0.));
#14583=DIRECTION('center_axis',(-4.93432455388859E-15,-1.,1.9645639562977E-30));
#14584=DIRECTION('ref_axis',(3.5527136788005E-16,0.,1.));
#14585=DIRECTION('',(-3.80513856477139E-16,-8.69850911877068E-32,-1.));
#14586=DIRECTION('',(-1.,4.93432455388859E-15,0.));
#14587=DIRECTION('',(3.78612997967412E-16,9.63645440057208E-32,1.));
#14588=DIRECTION('',(-1.,4.93432455388859E-15,0.));
#14589=DIRECTION('center_axis',(-1.04270111140537E-44,-2.11315875155324E-30,
-1.));
#14590=DIRECTION('ref_axis',(-5.32907051820075E-15,-1.,0.));
#14591=DIRECTION('',(5.32679601169187E-15,1.,-2.11315875155324E-30));
#14592=DIRECTION('',(-5.32679601169187E-15,-1.,2.11315875155324E-30));
#14593=DIRECTION('',(1.,-5.39030285815812E-15,9.6355454418555E-46));
#14594=DIRECTION('center_axis',(-4.93432455388859E-15,-1.,1.9645639562977E-30));
#14595=DIRECTION('ref_axis',(3.5527136788005E-16,0.,1.));
#14596=DIRECTION('',(-3.80513856477139E-16,-8.69850911877064E-32,-1.));
#14597=DIRECTION('',(-1.,4.93432455388859E-15,0.));
#14598=DIRECTION('',(3.78612997967412E-16,9.63645440057205E-32,1.));
#14599=DIRECTION('',(-1.,4.93432455388859E-15,0.));
#14600=DIRECTION('center_axis',(1.04270111140537E-44,2.11315875155324E-30,
1.));
#14601=DIRECTION('ref_axis',(5.32907051820075E-15,1.,0.));
#14602=DIRECTION('',(-5.32679601169187E-15,-1.,2.11315875155324E-30));
#14603=DIRECTION('',(-1.,5.39030285815812E-15,-9.63554544185551E-46));
#14604=DIRECTION('',(5.32679601169187E-15,1.,-2.11315875155324E-30));
#14605=DIRECTION('center_axis',(5.39030285815812E-15,1.,-2.02145606962884E-30));
#14606=DIRECTION('ref_axis',(-3.5527136788005E-16,0.,-1.));
#14607=DIRECTION('',(-3.79563427222276E-16,0.,-1.));
#14608=DIRECTION('',(1.,-5.39030285815812E-15,-3.79563427222276E-16));
#14609=DIRECTION('',(-3.79563427222276E-16,0.,-1.));
#14610=DIRECTION('center_axis',(5.39030285815812E-15,1.,-2.02145606962884E-30));
#14611=DIRECTION('ref_axis',(-3.5527136788005E-16,0.,-1.));
#14612=DIRECTION('',(-1.,5.39030285815812E-15,-9.6355454418555E-46));
#14613=DIRECTION('',(-3.79563427222276E-16,0.,-1.));
#14614=DIRECTION('',(1.,-5.39030285815812E-15,9.63554544185551E-46));
#14615=DIRECTION('',(0.,0.,-1.));
#14616=DIRECTION('center_axis',(5.39030285815812E-15,1.,-2.02145606962884E-30));
#14617=DIRECTION('ref_axis',(-3.5527136788005E-16,0.,-1.));
#14618=DIRECTION('',(-3.79563427222276E-16,0.,-1.));
#14619=DIRECTION('',(1.,-3.70074341541719E-15,0.));
#14620=DIRECTION('',(3.78612997967412E-16,9.63645440057205E-32,1.));
#14621=DIRECTION('',(1.,-3.70074341541719E-15,0.));
#14622=DIRECTION('',(3.78612997967412E-16,9.63645440057205E-32,1.));
#14623=DIRECTION('',(-1.,5.39030285815812E-15,4.10033053854656E-16));
#14624=DIRECTION('',(-3.79563427222276E-16,0.,-1.));
#14625=DIRECTION('center_axis',(-1.,5.32679601169187E-15,3.78612997967412E-16));
#14626=DIRECTION('ref_axis',(3.5527136788005E-16,-3.99680288865056E-16,
1.));
#14627=DIRECTION('',(5.32679601169187E-15,1.,-2.11315875155324E-30));
#14628=DIRECTION('',(3.78612997967412E-16,-1.40114955921925E-30,1.));
#14629=DIRECTION('',(-5.32679601169187E-15,-1.,2.11315875155324E-30));
#14630=DIRECTION('',(5.39030285815812E-15,1.,-2.02145606962884E-30));
#14631=DIRECTION('',(-3.78612997967412E-16,0.,-1.));
#14632=DIRECTION('',(-3.78612997967412E-16,0.,-1.));
#14633=DIRECTION('',(5.34023377820625E-15,0.99751792226177,0.0704130298067132));
#14634=DIRECTION('',(3.786129979674E-16,-2.24855296126614E-15,1.));
#14635=DIRECTION('',(3.78612997967412E-16,-1.11022302462515E-16,1.));
#14636=DIRECTION('',(4.03433340017291E-15,0.707106781186549,0.707106781186546));
#14637=DIRECTION('',(5.32679601169187E-15,1.,-2.11315875155324E-30));
#14638=DIRECTION('',(3.78612997967412E-16,-1.35393051783556E-16,1.));
#14639=DIRECTION('center_axis',(1.,-5.32679601169187E-15,-3.78612997967412E-16));
#14640=DIRECTION('ref_axis',(0.,-0.707106781186548,0.707106781186548));
#14641=DIRECTION('',(5.32679601169187E-15,1.,-2.11315875155324E-30));
#14642=DIRECTION('center_axis',(1.,-5.32679601169187E-15,-3.78612997967412E-16));
#14643=DIRECTION('ref_axis',(0.,0.707106781186548,0.707106781186548));
#14644=DIRECTION('',(-3.78612997967412E-16,-9.63645440057201E-32,-1.));
#14645=DIRECTION('',(5.32679601169187E-15,1.,-2.11315875155324E-30));
#14646=DIRECTION('',(3.49889376355666E-15,0.707106781186549,-0.707106781186546));
#14647=DIRECTION('center_axis',(0.,0.,1.));
#14648=DIRECTION('ref_axis',(1.,0.,0.));
#14649=DIRECTION('',(5.32679601169187E-15,1.,-2.11315875155324E-30));
#14650=DIRECTION('center_axis',(0.,0.,1.));
#14651=DIRECTION('ref_axis',(-1.48029736616687E-14,1.,0.));
#14652=DIRECTION('',(-1.,0.,0.));
#14653=DIRECTION('',(0.,-1.,0.));
#14654=DIRECTION('',(1.,0.,0.));
#14655=DIRECTION('center_axis',(0.,0.,-1.));
#14656=DIRECTION('ref_axis',(7.40148683083437E-15,-1.,0.));
#14657=DIRECTION('center_axis',(0.,0.,-1.));
#14658=DIRECTION('ref_axis',(7.40148683083437E-15,-1.,0.));
#14659=DIRECTION('',(0.,0.,-1.));
#14660=DIRECTION('center_axis',(0.,0.,1.));
#14661=DIRECTION('ref_axis',(7.40148683083437E-15,-1.,0.));
#14662=DIRECTION('center_axis',(0.,0.,-1.));
#14663=DIRECTION('ref_axis',(-1.48029736616687E-14,1.,0.));
#14664=DIRECTION('center_axis',(0.,0.,-1.));
#14665=DIRECTION('ref_axis',(-1.48029736616687E-14,1.,0.));
#14666=DIRECTION('',(0.,0.,-1.));
#14667=DIRECTION('center_axis',(0.,-1.,0.));
#14668=DIRECTION('ref_axis',(-1.,0.,0.));
#14669=DIRECTION('',(1.,0.,0.));
#14670=DIRECTION('',(0.,0.,-1.));
#14671=DIRECTION('center_axis',(1.,0.,0.));
#14672=DIRECTION('ref_axis',(0.,-1.,0.));
#14673=DIRECTION('',(0.,1.,0.));
#14674=DIRECTION('',(0.,0.,-1.));
#14675=DIRECTION('center_axis',(0.,1.,0.));
#14676=DIRECTION('ref_axis',(1.,0.,0.));
#14677=DIRECTION('',(-1.,0.,0.));
#14678=DIRECTION('center_axis',(0.,0.,-1.));
#14679=DIRECTION('ref_axis',(-1.,0.,0.));
#14680=DIRECTION('',(-5.32679601169187E-15,-1.,2.11315875155324E-30));
#14681=DIRECTION('center_axis',(-3.81639164714898E-16,0.,-1.));
#14682=DIRECTION('ref_axis',(-1.,0.,3.5527136788005E-16));
#14683=DIRECTION('',(1.,0.,0.));
#14684=DIRECTION('center_axis',(-3.81639164714898E-16,0.,-1.));
#14685=DIRECTION('ref_axis',(-3.23971520906537E-15,1.,0.));
#14686=DIRECTION('',(0.,-1.,0.));
#14687=DIRECTION('center_axis',(-3.81639164714898E-16,0.,-1.));
#14688=DIRECTION('ref_axis',(-3.23971520906537E-15,1.,0.));
#14689=DIRECTION('center_axis',(-3.81639164714898E-16,0.,-1.));
#14690=DIRECTION('ref_axis',(-3.23971520906537E-15,1.,0.));
#14691=DIRECTION('',(1.86745084505108E-16,1.66533453693774E-15,-1.));
#14692=DIRECTION('center_axis',(-3.81639164714898E-16,0.,-1.));
#14693=DIRECTION('ref_axis',(-3.23971520906537E-15,1.,0.));
#14694=DIRECTION('',(3.81639164714898E-16,0.,1.));
#14695=DIRECTION('center_axis',(3.81639164714898E-16,0.,1.));
#14696=DIRECTION('ref_axis',(1.,0.,-3.5527136788005E-16));
#14697=DIRECTION('',(1.,0.,0.));
#14698=DIRECTION('center_axis',(-3.81639164714898E-16,0.,-1.));
#14699=DIRECTION('ref_axis',(-3.23971520906537E-15,1.,0.));
#14700=DIRECTION('',(0.,-1.,0.));
#14701=DIRECTION('center_axis',(-3.81639164714898E-16,0.,-1.));
#14702=DIRECTION('ref_axis',(-3.23971520906537E-15,1.,0.));
#14703=DIRECTION('',(-1.95232860450115E-16,-1.66533453693774E-15,1.));
#14704=DIRECTION('',(3.81639164714898E-16,0.,1.));
#14705=DIRECTION('center_axis',(0.,0.,1.));
#14706=DIRECTION('ref_axis',(1.,0.,0.));
#14707=DIRECTION('',(1.37701079335046E-16,1.,0.));
#14708=DIRECTION('',(-1.,0.,0.));
#14709=DIRECTION('',(-1.14556967919054E-16,-1.,0.));
#14710=DIRECTION('center_axis',(0.,-1.,0.));
#14711=DIRECTION('ref_axis',(0.,0.,-1.));
#14712=DIRECTION('',(1.86745084505108E-16,0.,-1.));
#14713=DIRECTION('',(-1.95232860450115E-16,0.,1.));
#14714=DIRECTION('',(-1.,0.,0.));
#14715=DIRECTION('center_axis',(0.,0.,-1.));
#14716=DIRECTION('ref_axis',(-1.,0.,0.));
#14717=DIRECTION('',(1.14556967919054E-16,1.,0.));
#14718=DIRECTION('',(-1.37701079335046E-16,-1.,0.));
#14719=DIRECTION('',(1.,1.77863134590913E-15,0.));
#14720=DIRECTION('center_axis',(0.,0.,-1.));
#14721=DIRECTION('ref_axis',(-1.,0.,0.));
#14722=DIRECTION('',(1.14556967919054E-16,1.,0.));
#14723=DIRECTION('',(-1.,0.,0.));
#14724=DIRECTION('',(-1.37701079335046E-16,-1.,0.));
#14725=DIRECTION('center_axis',(0.,0.,1.));
#14726=DIRECTION('ref_axis',(1.,0.,0.));
#14727=DIRECTION('',(-1.14556967919054E-16,-1.,0.));
#14728=DIRECTION('',(-1.,-1.77863134590913E-15,0.));
#14729=DIRECTION('',(1.37701079335046E-16,1.,0.));
#14730=DIRECTION('',(-1.,0.,0.));
#14731=DIRECTION('center_axis',(0.,-1.,0.));
#14732=DIRECTION('ref_axis',(0.,0.,-1.));
#14733=DIRECTION('',(1.86745084505108E-16,0.,-1.));
#14734=DIRECTION('',(-1.95232860450115E-16,0.,1.));
#14735=DIRECTION('center_axis',(-1.77863134590913E-15,1.,1.84086040716201E-15));
#14736=DIRECTION('ref_axis',(1.,1.77635683940025E-15,0.));
#14737=DIRECTION('',(-5.94948364758204E-17,-1.84086040716201E-15,1.));
#14738=DIRECTION('',(-1.,-1.77863134590913E-15,-6.12323399573708E-17));
#14739=DIRECTION('',(-1.73750348154747E-18,1.77863134590913E-15,-1.));
#14740=DIRECTION('center_axis',(1.,-1.14556967919054E-16,1.86745084505108E-16));
#14741=DIRECTION('ref_axis',(1.88737914186277E-16,1.77635683940025E-15,
-1.));
#14742=DIRECTION('',(-5.94948364758204E-17,-1.84086040716201E-15,1.));
#14743=DIRECTION('',(3.95196297798077E-36,1.,1.77863134590913E-15));
#14744=DIRECTION('',(-4.75812849825399E-16,0.,-1.));
#14745=DIRECTION('',(0.,1.,0.));
#14746=DIRECTION('',(-5.1044706759084E-17,0.707106781186548,0.707106781186547));
#14747=DIRECTION('',(4.78544407166016E-16,-4.42802501236604E-16,1.));
#14748=DIRECTION('',(-2.13052724454549E-16,-0.707106781186548,0.707106781186547));
#14749=DIRECTION('',(6.48395347016508E-18,-1.,0.));
#14750=DIRECTION('',(-1.73750348154747E-18,1.77863134590913E-15,-1.));
#14751=DIRECTION('',(1.53914724506463E-16,-1.,-2.04941744947624E-15));
#14752=DIRECTION('center_axis',(-1.77863134590913E-15,1.,1.84086040716201E-15));
#14753=DIRECTION('ref_axis',(1.,1.77635683940025E-15,0.));
#14754=DIRECTION('',(-1.73750348154747E-18,1.77863134590913E-15,-1.));
#14755=DIRECTION('',(-1.,-1.77863134590913E-15,-5.94948364758235E-17));
#14756=DIRECTION('center_axis',(0.,0.,-1.));
#14757=DIRECTION('ref_axis',(-1.,0.,0.));
#14758=DIRECTION('',(1.,3.70074341541719E-15,0.));
#14759=DIRECTION('center_axis',(0.,0.,-1.));
#14760=DIRECTION('ref_axis',(3.70074341541719E-15,1.,0.));
#14761=DIRECTION('',(0.,-1.,0.));
#14762=DIRECTION('center_axis',(0.,0.,-1.));
#14763=DIRECTION('ref_axis',(3.70074341541719E-15,1.,0.));
#14764=DIRECTION('center_axis',(0.,0.,-1.));
#14765=DIRECTION('ref_axis',(3.70074341541719E-15,1.,0.));
#14766=DIRECTION('',(-3.74361069743905E-16,5.55111512312577E-16,-1.));
#14767=DIRECTION('center_axis',(0.,0.,-1.));
#14768=DIRECTION('ref_axis',(3.70074341541719E-15,1.,0.));
#14769=DIRECTION('',(0.,0.,1.));
#14770=DIRECTION('center_axis',(0.,0.,1.));
#14771=DIRECTION('ref_axis',(1.,0.,0.));
#14772=DIRECTION('',(1.,3.70074341541719E-15,0.));
#14773=DIRECTION('center_axis',(0.,0.,-1.));
#14774=DIRECTION('ref_axis',(3.70074341541719E-15,1.,0.));
#14775=DIRECTION('',(0.,-1.,0.));
#14776=DIRECTION('center_axis',(0.,0.,-1.));
#14777=DIRECTION('ref_axis',(3.70074341541719E-15,1.,0.));
#14778=DIRECTION('',(3.78332506273156E-16,-5.55111512312577E-16,1.));
#14779=DIRECTION('',(0.,0.,1.));
#14780=DIRECTION('center_axis',(-1.,0.,0.));
#14781=DIRECTION('ref_axis',(0.,0.,-1.));
#14782=DIRECTION('',(0.,0.,-1.));
#14783=DIRECTION('',(0.,-1.,0.));
#14784=DIRECTION('',(0.,0.,-1.));
#14785=DIRECTION('',(0.,-1.,0.));
#14786=DIRECTION('center_axis',(0.,0.,1.));
#14787=DIRECTION('ref_axis',(-1.,0.,0.));
#14788=DIRECTION('',(-1.,0.,0.));
#14789=DIRECTION('',(-1.,0.,0.));
#14790=DIRECTION('center_axis',(0.,0.,-1.));
#14791=DIRECTION('ref_axis',(1.,0.,0.));
#14792=DIRECTION('',(1.,0.,0.));
#14793=DIRECTION('',(1.,0.,0.));
#14794=DIRECTION('center_axis',(0.,-1.,0.));
#14795=DIRECTION('ref_axis',(0.,0.,-1.));
#14796=DIRECTION('center_axis',(0.,1.,0.));
#14797=DIRECTION('ref_axis',(0.,0.,1.));
#14798=DIRECTION('center_axis',(0.,0.,1.));
#14799=DIRECTION('ref_axis',(1.,0.,0.));
#14800=DIRECTION('',(-5.32679601169187E-15,1.,0.));
#14801=DIRECTION('',(-1.,-3.70074341541719E-15,0.));
#14802=DIRECTION('',(5.32679601169187E-15,-1.,0.));
#14803=DIRECTION('center_axis',(3.70074341541719E-15,-1.,0.));
#14804=DIRECTION('ref_axis',(0.,0.,-1.));
#14805=DIRECTION('',(-3.74361069743902E-16,-1.38541426384328E-30,-1.));
#14806=DIRECTION('',(3.78332506273153E-16,1.40011153142865E-30,1.));
#14807=DIRECTION('',(-1.,-3.70074341541719E-15,0.));
#14808=DIRECTION('center_axis',(0.,0.,-1.));
#14809=DIRECTION('ref_axis',(-1.,0.,0.));
#14810=DIRECTION('',(-5.32679601169187E-15,1.,0.));
#14811=DIRECTION('',(5.32679601169187E-15,-1.,0.));
#14812=DIRECTION('',(1.,5.39030285815812E-15,0.));
#14813=DIRECTION('center_axis',(0.,0.,-1.));
#14814=DIRECTION('ref_axis',(-1.,0.,0.));
#14815=DIRECTION('',(-5.32679601169187E-15,1.,0.));
#14816=DIRECTION('',(-1.,-3.70074341541719E-15,0.));
#14817=DIRECTION('',(5.32679601169187E-15,-1.,0.));
#14818=DIRECTION('center_axis',(0.,0.,1.));
#14819=DIRECTION('ref_axis',(1.,0.,0.));
#14820=DIRECTION('',(5.32679601169187E-15,-1.,0.));
#14821=DIRECTION('',(-1.,-5.39030285815812E-15,0.));
#14822=DIRECTION('',(-5.32679601169187E-15,1.,0.));
#14823=DIRECTION('',(-1.,-3.70074341541719E-15,0.));
#14824=DIRECTION('center_axis',(3.70074341541719E-15,-1.,0.));
#14825=DIRECTION('ref_axis',(0.,0.,-1.));
#14826=DIRECTION('',(-3.74361069743902E-16,-1.38541426384328E-30,-1.));
#14827=DIRECTION('',(3.78332506273153E-16,1.40011153142865E-30,1.));
#14828=DIRECTION('center_axis',(-5.39030285815812E-15,1.,4.166696581523E-16));
#14829=DIRECTION('ref_axis',(3.5527136788005E-16,-4.44089209850063E-16,
1.));
#14830=DIRECTION('',(3.7634678800853E-16,-4.16669658152298E-16,1.));
#14831=DIRECTION('',(-1.,-5.39030285815812E-15,3.76346788008528E-16));
#14832=DIRECTION('',(3.7634678800853E-16,-4.16669658152298E-16,1.));
#14833=DIRECTION('center_axis',(1.,5.32679601169187E-15,-3.74361069743902E-16));
#14834=DIRECTION('ref_axis',(3.5527136788005E-16,3.5527136788005E-16,1.));
#14835=DIRECTION('',(3.7634678800853E-16,-4.16669658152298E-16,1.));
#14836=DIRECTION('',(5.32679601169187E-15,-1.,0.));
#14837=DIRECTION('',(3.74361069743902E-16,0.,1.));
#14838=DIRECTION('',(5.32907051820075E-15,-1.,-3.7634678800853E-16));
#14839=DIRECTION('center_axis',(-5.39030285815812E-15,1.,4.166696581523E-16));
#14840=DIRECTION('ref_axis',(3.5527136788005E-16,-4.44089209850063E-16,
1.));
#14841=DIRECTION('',(3.7634678800853E-16,-4.16669658152298E-16,1.));
#14842=DIRECTION('',(-1.,-5.39030285815812E-15,0.));
#14843=DIRECTION('center_axis',(0.,-1.78402371818916E-15,1.));
#14844=DIRECTION('ref_axis',(1.,-1.26378421316533E-30,0.));
#14845=DIRECTION('center_axis',(-1.73750348154729E-18,1.77863134590913E-15,
-1.));
#14846=DIRECTION('ref_axis',(1.,-1.26378421316533E-30,0.));
#14847=DIRECTION('center_axis',(-1.73750348154724E-18,-1.77863134590913E-15,
1.));
#14848=DIRECTION('ref_axis',(1.,-1.26378421316533E-30,0.));
#14849=DIRECTION('center_axis',(-1.,4.93432455388782E-15,-2.56388229447879E-58));
#14850=DIRECTION('ref_axis',(0.,0.707106781186548,0.707106781186548));
#14851=DIRECTION('',(-1.,4.93432455388782E-15,-2.56388229447879E-58));
#14852=DIRECTION('center_axis',(-1.,5.32679601169187E-15,3.80513856477139E-16));
#14853=DIRECTION('ref_axis',(0.,0.707106781186548,0.707106781186548));
#14854=DIRECTION('',(1.,-4.93432455388782E-15,2.56388229447879E-58));
#14855=DIRECTION('center_axis',(1.04270111140518E-44,2.11315875155324E-30,
1.));
#14856=DIRECTION('ref_axis',(5.32907051820075E-15,1.,0.));
#14857=DIRECTION('',(1.,-4.93432455388782E-15,2.56388229447879E-58));
#14858=DIRECTION('',(-5.32679601169187E-15,-1.,2.11315875155324E-30));
#14859=DIRECTION('center_axis',(-1.,4.93432455388782E-15,-2.56388229447879E-58));
#14860=DIRECTION('ref_axis',(0.,-0.707106781186548,0.707106781186548));
#14861=DIRECTION('',(-1.,4.93432455388782E-15,-2.56388229447879E-58));
#14862=DIRECTION('center_axis',(-1.,5.32679601169187E-15,3.80513856477139E-16));
#14863=DIRECTION('ref_axis',(0.,-0.707106781186548,0.707106781186548));
#14864=DIRECTION('center_axis',(-4.93432455388782E-15,-1.,1.49751410322498E-30));
#14865=DIRECTION('ref_axis',(0.,0.,1.));
#14866=DIRECTION('',(-1.,4.93432455388782E-15,-2.60675277851021E-45));
#14867=DIRECTION('',(5.54191545700422E-45,1.49751410322498E-30,1.));
#14868=DIRECTION('center_axis',(-4.93432455388782E-15,-1.,1.49751410322498E-30));
#14869=DIRECTION('ref_axis',(-4.44089209850062E-14,1.85037170770859E-15,
-1.));
#14870=DIRECTION('',(-3.78612997967412E-16,3.70685309066698E-31,-1.));
#14871=DIRECTION('',(-3.62946189814655E-16,2.93380192917496E-31,-1.));
#14872=DIRECTION('',(1.,-4.93432455388769E-15,-3.77846350023802E-16));
#14873=DIRECTION('',(-3.80513856477139E-16,1.35393051783556E-16,-1.));
#14874=DIRECTION('center_axis',(-1.,5.32679601169187E-15,3.80513856477139E-16));
#14875=DIRECTION('ref_axis',(3.5527136788005E-16,-3.99680288865056E-16,
1.));
#14876=DIRECTION('',(-5.34036762341315E-15,-0.99751792226177,-0.0704130298067132));
#14877=DIRECTION('',(3.80513856477139E-16,8.69850911877082E-32,1.));
#14878=DIRECTION('',(-5.34036762341315E-15,-0.99751792226177,-0.0704130298067132));
#14879=DIRECTION('',(3.80513856477139E-16,0.,1.));
#14880=DIRECTION('',(3.80513856477139E-16,0.,1.));
#14881=DIRECTION('',(-5.32907051820075E-15,-1.,2.13992216043026E-30));
#14882=DIRECTION('center_axis',(2.94677641210458E-17,-0.0704130298067132,
0.99751792226177));
#14883=DIRECTION('ref_axis',(5.32907051820075E-15,0.99751792226177,0.0704130298067131));
#14884=DIRECTION('',(5.34023377820625E-15,0.99751792226177,0.0704130298067132));
#14885=DIRECTION('center_axis',(-2.94677641210458E-17,0.0704130298067132,
-0.99751792226177));
#14886=DIRECTION('ref_axis',(-3.12696667700111E-15,-0.99751792226177,-0.0704130298067132));
#14887=DIRECTION('',(1.,6.64246995442771E-32,-2.95410873964356E-17));
#14888=DIRECTION('',(-1.,-1.85037170770859E-15,-1.01073386088877E-16));
#14889=DIRECTION('center_axis',(4.93432455388782E-15,1.,-1.49751410322498E-30));
#14890=DIRECTION('ref_axis',(0.,0.,-1.));
#14891=DIRECTION('',(-1.,4.93432455388769E-15,3.77846350023802E-16));
#14892=DIRECTION('',(3.62946189814655E-16,-2.93380192917496E-31,1.));
#14893=DIRECTION('',(3.78612997967412E-16,-3.70685309066698E-31,1.));
#14894=DIRECTION('center_axis',(4.93432455388782E-15,1.,-1.49751410322498E-30));
#14895=DIRECTION('ref_axis',(-4.44089209850062E-14,1.85037170770859E-15,
-1.));
#14896=DIRECTION('',(-5.54191545700422E-45,-1.49751410322498E-30,-1.));
#14897=DIRECTION('',(1.,-4.93432455388782E-15,2.60675277851021E-45));
#14898=DIRECTION('center_axis',(-1.,5.32679601169187E-15,3.78612997967412E-16));
#14899=DIRECTION('ref_axis',(3.5527136788005E-16,0.,1.));
#14900=DIRECTION('',(0.,-1.,-2.24855296126614E-15));
#14901=DIRECTION('',(5.32679601169187E-15,1.,-2.11315875155324E-30));
#14902=DIRECTION('center_axis',(7.82025833554184E-45,2.11315875155324E-30,
1.));
#14903=DIRECTION('ref_axis',(-5.32907051820075E-15,-1.,0.));
#14904=DIRECTION('',(-5.32679601169187E-15,-1.,2.11315875155324E-30));
#14905=DIRECTION('',(1.,-3.70074341541719E-15,0.));
#14906=DIRECTION('center_axis',(1.,-3.70074341541719E-15,0.));
#14907=DIRECTION('ref_axis',(0.,0.,-1.));
#14908=DIRECTION('',(5.32679601169187E-15,1.,-2.11315875155324E-30));
#14909=DIRECTION('',(-3.49889376355666E-15,-0.707106781186549,0.707106781186546));
#14910=DIRECTION('center_axis',(-1.,5.36483742489827E-15,3.62946189814655E-16));
#14911=DIRECTION('ref_axis',(3.5527136788005E-16,0.,1.));
#14912=DIRECTION('',(5.34023377820625E-15,0.99751792226177,0.0704130298067132));
#14913=DIRECTION('',(5.32679601169187E-15,1.,-2.11315875155324E-30));
#14914=DIRECTION('center_axis',(-1.,5.36483742489827E-15,3.62946189814655E-16));
#14915=DIRECTION('ref_axis',(3.5527136788005E-16,0.,1.));
#14916=DIRECTION('',(5.32679601169187E-15,1.,-2.11315875155324E-30));
#14917=DIRECTION('center_axis',(0.707106781186547,-0.707106781186548,-3.48909435263024E-15));
#14918=DIRECTION('ref_axis',(0.707106781186548,0.707106781186547,3.10862446895044E-15));
#14919=DIRECTION('',(-0.707106781186548,-0.707106781186547,-3.37696236104656E-15));
#14920=DIRECTION('',(-3.33513624354327E-16,-5.26783817824338E-15,1.));
#14921=DIRECTION('',(0.707106781186548,0.707106781186547,3.1132570269056E-15));
#14922=DIRECTION('',(1.58321365474889E-27,4.93432455389064E-15,-1.));
#14923=DIRECTION('center_axis',(-1.51964472639437E-16,1.,5.26783817824338E-15));
#14924=DIRECTION('ref_axis',(-1.,-1.55431223447522E-16,1.77635683940025E-16));
#14925=DIRECTION('',(-1.,-1.51964472639441E-16,7.42174876051963E-16));
#14926=DIRECTION('',(-4.41565975703187E-16,-5.26783817824338E-15,1.));
#14927=DIRECTION('',(-1.,-1.51964472639441E-16,7.42174876051963E-16));
#14928=DIRECTION('center_axis',(1.,1.0743470465603E-27,1.5832136547489E-27));
#14929=DIRECTION('ref_axis',(0.,0.,-1.));
#14930=DIRECTION('',(0.,1.,5.02414263579039E-15));
#14931=DIRECTION('center_axis',(1.,1.0743470465603E-27,1.5832136547489E-27));
#14932=DIRECTION('ref_axis',(0.,-1.,0.));
#14933=DIRECTION('',(-3.96508223080413E-16,0.,-1.));
#14934=DIRECTION('',(0.,1.,0.));
#14935=DIRECTION('',(3.96508223080413E-16,0.,1.));
#14936=DIRECTION('center_axis',(-1.,-1.0743470465603E-27,-1.5832136547489E-27));
#14937=DIRECTION('ref_axis',(0.,-1.,0.));
#14938=DIRECTION('',(0.,-1.,-5.0259564169718E-15));
#14939=DIRECTION('center_axis',(0.707106781186548,0.707106781186548,4.03715839379026E-15));
#14940=DIRECTION('ref_axis',(5.7065463465733E-15,0.,-1.));
#14941=DIRECTION('',(-0.707106781186548,0.707106781186548,3.99195362792608E-15));
#14942=DIRECTION('',(-0.707106781186548,0.707106781186548,-3.50272280065244E-15));
#14943=DIRECTION('',(4.41565975703187E-16,5.26783817824338E-15,-1.));
#14944=DIRECTION('center_axis',(6.21332325187153E-16,-5.02414263579039E-15,
1.));
#14945=DIRECTION('ref_axis',(-1.33226762955019E-16,-1.,-5.06261699229071E-15));
#14946=DIRECTION('',(2.21849044504477E-30,-1.,-5.02414263579039E-15));
#14947=DIRECTION('',(-1.,-2.51449413539198E-30,6.21332325187153E-16));
#14948=DIRECTION('center_axis',(-4.32978028117745E-17,0.707106781186547,
0.707106781186548));
#14949=DIRECTION('ref_axis',(1.,0.,8.88178419700125E-17));
#14950=DIRECTION('',(3.41459993525273E-16,-0.707106781186548,0.707106781186547));
#14951=DIRECTION('',(1.,6.12323399573675E-17,0.));
#14952=DIRECTION('',(-1.,-6.12323399573675E-17,0.));
#14953=DIRECTION('center_axis',(0.,0.,-1.));
#14954=DIRECTION('ref_axis',(-1.,0.,0.));
#14955=DIRECTION('',(-7.6997196431277E-18,1.,0.));
#14956=DIRECTION('center_axis',(0.,0.,-1.));
#14957=DIRECTION('ref_axis',(0.,-1.,0.));
#14958=DIRECTION('',(-1.,0.,0.));
#14959=DIRECTION('',(0.,-1.,0.));
#14960=DIRECTION('',(1.,0.,0.));
#14961=DIRECTION('center_axis',(0.,0.,1.));
#14962=DIRECTION('ref_axis',(0.,-1.,0.));
#14963=DIRECTION('center_axis',(1.,7.6997196431277E-18,-4.75197634208143E-16));
#14964=DIRECTION('ref_axis',(4.77395900588817E-16,4.77395900588817E-16,
1.));
#14965=DIRECTION('',(4.78544407166016E-16,-4.42802501236604E-16,1.));
#14966=DIRECTION('',(3.30570945579491E-16,0.707106781186548,0.707106781186547));
#14967=DIRECTION('',(7.6997196431277E-18,-1.,3.09910816373097E-33));
#14968=DIRECTION('',(4.75197634208143E-16,0.,1.));
#14969=DIRECTION('center_axis',(-3.81679798217761E-16,0.707106781186547,
-0.707106781186548));
#14970=DIRECTION('ref_axis',(-1.,0.,5.32907051820075E-16));
#14971=DIRECTION('',(1.,6.12323399573677E-17,-4.78544407166016E-16));
#14972=DIRECTION('',(-1.,-6.12323399573677E-17,4.78544407166016E-16));
#14973=DIRECTION('center_axis',(4.78544407166016E-16,6.78376593569605E-33,
1.));
#14974=DIRECTION('ref_axis',(1.,0.,-5.32907051820075E-16));
#14975=DIRECTION('center_axis',(-4.78544407166016E-16,-6.78376593569605E-33,
-1.));
#14976=DIRECTION('ref_axis',(0.,-1.,0.));
#14977=DIRECTION('',(-1.,0.,4.78544407166016E-16));
#14978=DIRECTION('',(0.,1.,0.));
#14979=DIRECTION('',(1.,0.,-4.78544407166016E-16));
#14980=DIRECTION('center_axis',(4.78544407166016E-16,6.78376593569605E-33,
1.));
#14981=DIRECTION('ref_axis',(0.,-1.,0.));
#14982=DIRECTION('center_axis',(-4.78544407166016E-16,0.,-1.));
#14983=DIRECTION('ref_axis',(0.,-1.,0.));
#14984=DIRECTION('',(-4.83707126911375E-16,0.,-1.));
#14985=DIRECTION('center_axis',(0.,1.,0.));
#14986=DIRECTION('ref_axis',(0.,0.,1.));
#14987=DIRECTION('',(-5.04646829375072E-16,0.,-1.));
#14988=DIRECTION('',(1.,0.,0.));
#14989=DIRECTION('',(3.79563427222276E-16,0.,1.));
#14990=DIRECTION('',(1.,0.,-3.06161699786838E-16));
#14991=DIRECTION('center_axis',(0.,-1.,0.));
#14992=DIRECTION('ref_axis',(-0.707106781186548,0.,-0.707106781186547));
#14993=DIRECTION('',(0.,0.,-1.));
#14994=DIRECTION('center_axis',(0.,1.,0.));
#14995=DIRECTION('ref_axis',(0.707106781186548,0.,0.707106781186548));
#14996=DIRECTION('',(1.,0.,0.));
#14997=DIRECTION('center_axis',(0.,1.,0.));
#14998=DIRECTION('ref_axis',(-0.707106781186548,0.,0.707106781186548));
#14999=DIRECTION('',(3.26536183713281E-16,0.,1.));
#15000=DIRECTION('center_axis',(0.,-1.,0.));
#15001=DIRECTION('ref_axis',(0.707106781186548,0.,-0.707106781186547));
#15002=DIRECTION('',(1.,0.,-3.06161699786838E-16));
#15003=DIRECTION('center_axis',(0.,-1.,0.));
#15004=DIRECTION('ref_axis',(-0.707106781186548,0.,-0.707106781186548));
#15005=DIRECTION('',(6.53072367426563E-16,0.,-1.));
#15006=DIRECTION('center_axis',(0.,1.,0.));
#15007=DIRECTION('ref_axis',(0.707106781186548,0.,0.707106781186548));
#15008=DIRECTION('',(1.,0.,0.));
#15009=DIRECTION('center_axis',(0.,1.,0.));
#15010=DIRECTION('ref_axis',(-0.707106781186548,0.,0.707106781186548));
#15011=DIRECTION('',(0.,0.,1.));
#15012=DIRECTION('center_axis',(0.,-1.,0.));
#15013=DIRECTION('ref_axis',(0.707106781186548,0.,-0.707106781186547));
#15014=DIRECTION('',(1.,0.,-3.06161699786838E-16));
#15015=DIRECTION('',(-3.96508223080413E-16,0.,-1.));
#15016=DIRECTION('',(1.,0.,0.));
#15017=DIRECTION('',(-4.41565975703187E-16,0.,1.));
#15018=DIRECTION('center_axis',(0.,-1.,0.));
#15019=DIRECTION('ref_axis',(-0.707106781186555,0.,0.70710678118654));
#15020=DIRECTION('',(1.,0.,0.));
#15021=DIRECTION('center_axis',(0.,-1.,0.));
#15022=DIRECTION('ref_axis',(0.707106781186548,0.,0.707106781186548));
#15023=DIRECTION('',(2.52323414687536E-16,0.,-1.));
#15024=DIRECTION('center_axis',(0.,-1.,0.));
#15025=DIRECTION('ref_axis',(0.707106781186548,0.,-0.707106781186548));
#15026=DIRECTION('center_axis',(-1.,-1.85037170770859E-15,0.));
#15027=DIRECTION('ref_axis',(-1.86517468137026E-15,1.,0.));
#15028=DIRECTION('center_axis',(1.,0.,0.));
#15029=DIRECTION('ref_axis',(0.,-1.,0.));
#15030=DIRECTION('',(0.,0.,1.));
#15031=DIRECTION('',(0.,1.,1.96575822834505E-28));
#15032=DIRECTION('center_axis',(1.,0.,0.));
#15033=DIRECTION('ref_axis',(0.,0.,-1.));
#15034=DIRECTION('',(0.,0.,-1.));
#15035=DIRECTION('',(0.,-1.,0.));
#15036=DIRECTION('center_axis',(1.,0.,0.));
#15037=DIRECTION('ref_axis',(0.,-1.,-7.40148683083441E-15));
#15038=DIRECTION('center_axis',(0.,-1.,-2.24855296126614E-15));
#15039=DIRECTION('ref_axis',(-4.44089209850062E-14,1.85037170770859E-15,
-1.));
#15040=DIRECTION('center_axis',(0.,-1.,-2.24855296126614E-15));
#15041=DIRECTION('ref_axis',(-4.44089209850062E-14,1.85037170770859E-15,
-1.));
#15042=DIRECTION('',(0.,1.,2.24855296126614E-15));
#15043=DIRECTION('center_axis',(0.,-1.,-2.24855296126614E-15));
#15044=DIRECTION('ref_axis',(-4.44089209850062E-14,1.85037170770859E-15,
-1.));
#15045=DIRECTION('center_axis',(0.,-1.,-2.24855296126614E-15));
#15046=DIRECTION('ref_axis',(0.,2.24820162486594E-15,-1.));
#15047=DIRECTION('',(0.,-2.31296463463576E-15,1.));
#15048=DIRECTION('center_axis',(0.,-1.,-2.24855296126614E-15));
#15049=DIRECTION('ref_axis',(-4.44089209850062E-14,1.85037170770859E-15,
-1.));
#15050=DIRECTION('',(1.,-3.70074341541719E-15,0.));
#15051=DIRECTION('center_axis',(0.,1.,2.24855296126614E-15));
#15052=DIRECTION('ref_axis',(0.,-2.22044604925031E-15,1.));
#15053=DIRECTION('center_axis',(0.,-1.,-2.24855296126614E-15));
#15054=DIRECTION('ref_axis',(-4.44089209850062E-14,1.85037170770859E-15,
-1.));
#15055=DIRECTION('',(0.,3.70074341541721E-15,-1.));
#15056=DIRECTION('center_axis',(0.,-1.,-2.24855296126614E-15));
#15057=DIRECTION('ref_axis',(-4.44089209850062E-14,1.85037170770859E-15,
-1.));
#15058=DIRECTION('',(5.32679601169187E-15,1.,-2.11315875155324E-30));
#15059=DIRECTION('',(0.,-1.,-2.24855296126614E-15));
#15060=DIRECTION('center_axis',(0.,-1.,-2.31296463463576E-15));
#15061=DIRECTION('ref_axis',(0.,2.31481500634345E-15,-1.));
#15062=DIRECTION('',(1.,0.,0.));
#15063=DIRECTION('',(0.,-2.31296463463576E-15,1.));
#15064=DIRECTION('',(1.,0.,0.));
#15065=DIRECTION('center_axis',(2.61682076447295E-15,0.707106781186546,
0.707106781186549));
#15066=DIRECTION('ref_axis',(-3.46389583683049E-15,-0.707106781186549,0.707106781186546));
#15067=DIRECTION('center_axis',(-3.70074341541719E-15,-1.,-1.11022302462514E-16));
#15068=DIRECTION('ref_axis',(-3.5527136788005E-16,1.11022302462516E-16,
-1.));
#15069=DIRECTION('',(-3.78612997967412E-16,1.11022302462515E-16,-1.));
#15070=DIRECTION('',(1.,-3.70074341541719E-15,0.));
#15071=DIRECTION('center_axis',(-2.61682076447295E-15,-0.707106781186546,
0.707106781186549));
#15072=DIRECTION('ref_axis',(-3.99680288865056E-15,-0.707106781186548,-0.707106781186547));
#15073=DIRECTION('',(-4.03433340017291E-15,-0.707106781186549,-0.707106781186546));
#15074=DIRECTION('',(1.,-3.70074341541719E-15,0.));
#15075=DIRECTION('center_axis',(7.82025833554184E-45,2.11315875155324E-30,
1.));
#15076=DIRECTION('ref_axis',(-5.32907051820075E-15,-1.,0.));
#15077=DIRECTION('',(-5.32679601169187E-15,-1.,2.11315875155324E-30));
#15078=DIRECTION('center_axis',(1.,-3.70074341541719E-15,0.));
#15079=DIRECTION('ref_axis',(0.,0.,-1.));
#15080=DIRECTION('center_axis',(3.95196297798077E-36,1.,1.77863134590913E-15));
#15081=DIRECTION('ref_axis',(-1.73750348154729E-18,1.77863134590913E-15,
-1.));
#15082=DIRECTION('center_axis',(3.95196297798077E-36,1.,1.77863134590913E-15));
#15083=DIRECTION('ref_axis',(-1.85037170770858E-15,1.85037170770858E-15,
-1.));
#15084=DIRECTION('',(0.,1.,1.77863134590913E-15));
#15085=DIRECTION('center_axis',(-3.95196297798077E-36,-1.,-1.77863134590913E-15));
#15086=DIRECTION('ref_axis',(-1.,0.,0.));
#15087=DIRECTION('center_axis',(1.77863134590913E-15,-1.,-1.77863134590913E-15));
#15088=DIRECTION('ref_axis',(-1.,-1.77635683940025E-15,0.));
#15089=DIRECTION('',(1.,1.77863134590913E-15,5.94948364758235E-17));
#15090=DIRECTION('',(-1.73750348154747E-18,1.77863134590913E-15,-1.));
#15091=DIRECTION('',(-1.,-1.77863134590913E-15,-6.12323399573708E-17));
#15092=DIRECTION('',(-4.75812849825399E-16,0.,-1.));
#15093=DIRECTION('center_axis',(1.,-1.37701079335046E-16,1.95232860450115E-16));
#15094=DIRECTION('ref_axis',(1.99840144432528E-16,1.77635683940025E-15,
-1.));
#15095=DIRECTION('',(1.53914724506463E-16,-1.,-2.04941744947624E-15));
#15096=DIRECTION('',(1.37701079335046E-16,1.,1.77863134590913E-15));
#15097=DIRECTION('center_axis',(3.95196297798077E-36,1.,1.77863134590913E-15));
#15098=DIRECTION('ref_axis',(0.,-1.77635683940025E-15,1.));
#15099=DIRECTION('center_axis',(-3.95196297798077E-36,-1.,-1.77863134590913E-15));
#15100=DIRECTION('ref_axis',(-1.,0.,0.));
#15101=DIRECTION('',(0.,-1.71512449944288E-15,1.));
#15102=DIRECTION('center_axis',(-3.95196297798077E-36,-1.,-1.77863134590913E-15));
#15103=DIRECTION('ref_axis',(0.,1.77635683940025E-15,-1.));
#15104=DIRECTION('',(0.,0.,-1.));
#15105=DIRECTION('center_axis',(-3.95196297798077E-36,-1.,-1.77863134590913E-15));
#15106=DIRECTION('ref_axis',(-1.,0.,0.));
#15107=DIRECTION('center_axis',(-6.12323399573672E-17,-2.04941744947624E-15,
1.));
#15108=DIRECTION('ref_axis',(1.,1.77635683940025E-15,4.44089209850063E-17));
#15109=DIRECTION('center_axis',(3.95196297798077E-36,1.,1.77863134590913E-15));
#15110=DIRECTION('ref_axis',(-1.73750348154729E-18,1.77863134590913E-15,
-1.));
#15111=DIRECTION('',(0.,-1.,-1.77863134590913E-15));
#15112=DIRECTION('center_axis',(1.,-1.72556278280488E-16,3.15028751465495E-16));
#15113=DIRECTION('ref_axis',(3.10862446895044E-16,0.,-1.));
#15114=DIRECTION('center_axis',(-1.,1.72556278280488E-16,-3.15028751465495E-16));
#15115=DIRECTION('ref_axis',(0.,-1.,0.));
#15116=DIRECTION('center_axis',(1.,-1.72556278280488E-16,3.15028751465495E-16));
#15117=DIRECTION('ref_axis',(0.,-1.,0.));
#15118=DIRECTION('',(5.04646829375072E-16,0.,1.));
#15119=DIRECTION('center_axis',(1.,0.,0.));
#15120=DIRECTION('ref_axis',(0.,-1.,0.));
#15121=DIRECTION('',(-1.,2.98003478906897E-33,-1.73750348154724E-18));
#15122=DIRECTION('center_axis',(1.,0.,0.));
#15123=DIRECTION('ref_axis',(0.,-1.,-7.40148683083441E-15));
#15124=DIRECTION('center_axis',(-1.73750348154724E-18,-1.77863134590913E-15,
1.));
#15125=DIRECTION('ref_axis',(0.,-1.,-1.77635683940025E-15));
#15126=DIRECTION('',(1.,0.,0.));
#15127=DIRECTION('',(0.,1.,1.71512449944288E-15));
#15128=DIRECTION('center_axis',(0.,1.,1.71512449944288E-15));
#15129=DIRECTION('ref_axis',(-1.,0.,0.));
#15130=DIRECTION('',(-1.,0.,0.));
#15131=DIRECTION('center_axis',(1.73750348154729E-18,-1.77863134590913E-15,
1.));
#15132=DIRECTION('ref_axis',(0.,-1.,-1.77635683940025E-15));
#15133=DIRECTION('',(1.,2.98003478906906E-33,-1.73750348154729E-18));
#15134=DIRECTION('',(0.,-1.,-1.77635683940025E-15));
#15135=DIRECTION('center_axis',(1.,0.,0.));
#15136=DIRECTION('ref_axis',(0.,0.,-1.));
#15137=DIRECTION('',(0.,1.71512449944288E-15,-1.));
#15138=DIRECTION('center_axis',(-1.,0.,0.));
#15139=DIRECTION('ref_axis',(0.,1.61907524424503E-15,-1.));
#15140=DIRECTION('center_axis',(1.,0.,0.));
#15141=DIRECTION('ref_axis',(0.,1.,1.77635683940025E-15));
#15142=DIRECTION('center_axis',(1.,0.,0.));
#15143=DIRECTION('ref_axis',(0.,-1.,0.));
#15144=DIRECTION('',(-1.,0.,0.));
#15145=DIRECTION('center_axis',(0.,0.,1.));
#15146=DIRECTION('ref_axis',(1.,0.,0.));
#15147=DIRECTION('',(0.,1.,0.));
#15148=DIRECTION('',(0.,-1.,0.));
#15149=DIRECTION('',(-1.,0.,0.));
#15150=DIRECTION('center_axis',(1.,0.,0.));
#15151=DIRECTION('ref_axis',(0.,0.,-1.));
#15152=DIRECTION('',(0.,1.,0.));
#15153=DIRECTION('',(0.,-1.,0.));
#15154=DIRECTION('',(0.,0.,1.));
#15155=DIRECTION('center_axis',(3.79563427222276E-16,0.,1.));
#15156=DIRECTION('ref_axis',(5.41788836017076E-15,1.,-2.02145606962884E-30));
#15157=DIRECTION('',(1.,-5.39030285815812E-15,-3.79563427222276E-16));
#15158=DIRECTION('center_axis',(3.79563427222276E-16,0.,1.));
#15159=DIRECTION('ref_axis',(1.,0.,-3.79563427222276E-16));
#15160=DIRECTION('center_axis',(-3.79563427222276E-16,0.,-1.));
#15161=DIRECTION('ref_axis',(1.,1.61907524424502E-15,0.));
#15162=DIRECTION('',(0.,1.,0.));
#15163=DIRECTION('center_axis',(3.79563427222276E-16,0.,1.));
#15164=DIRECTION('ref_axis',(0.,-1.,0.));
#15165=DIRECTION('center_axis',(2.94677641210458E-17,-0.0704130298067132,
0.99751792226177));
#15166=DIRECTION('ref_axis',(5.32907051820075E-15,0.99751792226177,0.0704130298067131));
#15167=DIRECTION('center_axis',(3.06161699786838E-16,0.,1.));
#15168=DIRECTION('ref_axis',(1.,0.,-3.06161699786838E-16));
#15169=DIRECTION('',(0.,-1.,0.));
#15170=DIRECTION('',(-1.,0.,3.06161699786838E-16));
#15171=DIRECTION('',(0.,-1.,0.));
#15172=DIRECTION('center_axis',(1.,0.,-1.46081976924363E-16));
#15173=DIRECTION('ref_axis',(0.,-1.,0.));
#15174=DIRECTION('center_axis',(1.,0.,4.41565975703187E-16));
#15175=DIRECTION('ref_axis',(0.,-1.,0.));
#15176=DIRECTION('',(1.,2.48984223210382E-30,-6.18048560218001E-16));
#15177=DIRECTION('',(-1.,0.,0.));
#15178=DIRECTION('center_axis',(3.76346788008527E-16,0.,1.));
#15179=DIRECTION('ref_axis',(1.,0.,-3.76346788008528E-16));
#15180=DIRECTION('',(1.,5.39030285815812E-15,-3.76346788008528E-16));
#15181=DIRECTION('center_axis',(3.76346788008527E-16,0.,1.));
#15182=DIRECTION('ref_axis',(-1.,1.73472347597681E-15,0.));
#15183=DIRECTION('center_axis',(3.76346788008527E-16,0.,1.));
#15184=DIRECTION('ref_axis',(-1.,1.61907524424502E-15,0.));
#15185=DIRECTION('center_axis',(3.76346788008529E-16,-3.76346788008528E-16,
1.));
#15186=DIRECTION('ref_axis',(5.41788836017076E-15,-1.,-3.7634678800853E-16));
#15187=DIRECTION('',(5.32907051820075E-15,-1.,-3.7634678800853E-16));
#15188=DIRECTION('center_axis',(-3.76346788008527E-16,0.,-1.));
#15189=DIRECTION('ref_axis',(0.,-1.,0.));
#15190=DIRECTION('center_axis',(7.66723767534647E-28,5.3804920703669E-28,
1.));
#15191=DIRECTION('ref_axis',(0.,-1.,0.));
#15192=DIRECTION('center_axis',(-4.78544407166016E-16,0.,-1.));
#15193=DIRECTION('ref_axis',(0.,-1.,0.));
#15194=DIRECTION('',(4.83707126911375E-16,0.,1.));
#15195=DIRECTION('center_axis',(-6.12323399573675E-17,1.,4.42802501236604E-16));
#15196=DIRECTION('ref_axis',(4.77395900588817E-16,-4.44089209850063E-16,
1.));
#15197=DIRECTION('center_axis',(1.,0.,-1.46081976924363E-16));
#15198=DIRECTION('ref_axis',(0.,-1.,0.));
#15199=DIRECTION('center_axis',(-1.,0.,-4.41565975703187E-16));
#15200=DIRECTION('ref_axis',(0.,-1.,0.));
#15201=DIRECTION('center_axis',(0.,0.,1.));
#15202=DIRECTION('ref_axis',(1.,0.,0.));
#15203=DIRECTION('',(0.,-1.,0.));
#15204=DIRECTION('',(-1.,0.,0.));
#15205=DIRECTION('',(0.,1.,0.));
#15206=DIRECTION('center_axis',(0.,1.,0.));
#15207=DIRECTION('ref_axis',(0.707106781186548,0.,0.707106781186548));
#15208=DIRECTION('center_axis',(0.,1.,0.));
#15209=DIRECTION('ref_axis',(0.707106781186548,0.,0.707106781186548));
#15210=DIRECTION('',(0.,-1.,0.));
#15211=DIRECTION('center_axis',(-1.,0.,-4.41565975703187E-16));
#15212=DIRECTION('ref_axis',(-4.44089209850063E-16,0.,1.));
#15213=DIRECTION('',(-2.21929134910185E-30,1.,5.0259564169718E-15));
#15214=DIRECTION('',(4.41565975703187E-16,0.,-1.));
#15215=DIRECTION('',(0.,1.,0.));
#15216=DIRECTION('center_axis',(0.,1.,0.));
#15217=DIRECTION('ref_axis',(-0.707106781186555,0.,0.70710678118654));
#15218=DIRECTION('center_axis',(0.,1.,0.));
#15219=DIRECTION('ref_axis',(-0.707106781186555,0.,0.70710678118654));
#15220=DIRECTION('center_axis',(1.,0.,2.52323414687536E-16));
#15221=DIRECTION('ref_axis',(2.55351295663786E-16,0.,-1.));
#15222=DIRECTION('',(0.,1.,0.));
#15223=DIRECTION('',(-2.52323414687536E-16,0.,1.));
#15224=DIRECTION('center_axis',(0.,1.,0.));
#15225=DIRECTION('ref_axis',(0.707106781186548,0.,-0.707106781186548));
#15226=DIRECTION('center_axis',(0.,1.,0.));
#15227=DIRECTION('ref_axis',(0.707106781186548,0.,-0.707106781186548));
#15228=DIRECTION('center_axis',(3.06161699786838E-16,0.,1.));
#15229=DIRECTION('ref_axis',(1.,0.,-3.06161699786838E-16));
#15230=DIRECTION('',(0.,1.,0.));
#15231=DIRECTION('',(-1.,0.,3.06161699786838E-16));
#15232=DIRECTION('center_axis',(0.,1.,0.));
#15233=DIRECTION('ref_axis',(-0.707106781186548,0.,-0.707106781186547));
#15234=DIRECTION('center_axis',(0.,1.,0.));
#15235=DIRECTION('ref_axis',(-0.707106781186548,0.,-0.707106781186547));
#15236=DIRECTION('center_axis',(0.,1.,0.));
#15237=DIRECTION('ref_axis',(0.707106781186548,0.,0.707106781186548));
#15238=DIRECTION('center_axis',(0.,-1.,0.));
#15239=DIRECTION('ref_axis',(0.707106781186548,0.,0.707106781186548));
#15240=DIRECTION('',(0.,-1.,0.));
#15241=DIRECTION('center_axis',(0.,0.,1.));
#15242=DIRECTION('ref_axis',(1.,0.,0.));
#15243=DIRECTION('',(0.,1.,0.));
#15244=DIRECTION('',(-1.,0.,0.));
#15245=DIRECTION('center_axis',(0.,1.,0.));
#15246=DIRECTION('ref_axis',(-0.707106781186548,0.,0.707106781186548));
#15247=DIRECTION('center_axis',(0.,-1.,0.));
#15248=DIRECTION('ref_axis',(-0.707106781186548,0.,0.707106781186548));
#15249=DIRECTION('',(0.,-1.,0.));
#15250=DIRECTION('center_axis',(-1.,0.,3.26536183713281E-16));
#15251=DIRECTION('ref_axis',(3.33066907387547E-16,0.,1.));
#15252=DIRECTION('',(0.,1.,0.));
#15253=DIRECTION('',(-3.26536183713281E-16,0.,-1.));
#15254=DIRECTION('center_axis',(0.,1.,0.));
#15255=DIRECTION('ref_axis',(0.707106781186548,0.,-0.707106781186547));
#15256=DIRECTION('center_axis',(0.,1.,0.));
#15257=DIRECTION('ref_axis',(0.707106781186548,0.,-0.707106781186547));
#15258=DIRECTION('',(0.,-1.,0.));
#15259=DIRECTION('center_axis',(3.06161699786838E-16,0.,1.));
#15260=DIRECTION('ref_axis',(1.,0.,-3.06161699786838E-16));
#15261=DIRECTION('',(0.,1.,0.));
#15262=DIRECTION('',(-1.,0.,3.06161699786838E-16));
#15263=DIRECTION('center_axis',(0.,1.,0.));
#15264=DIRECTION('ref_axis',(-0.707106781186548,0.,-0.707106781186548));
#15265=DIRECTION('center_axis',(0.,1.,0.));
#15266=DIRECTION('ref_axis',(-0.707106781186548,0.,-0.707106781186548));
#15267=DIRECTION('',(0.,-1.,0.));
#15268=DIRECTION('center_axis',(1.,0.,6.53072367426563E-16));
#15269=DIRECTION('ref_axis',(6.43929354282591E-16,0.,-1.));
#15270=DIRECTION('',(0.,1.,0.));
#15271=DIRECTION('',(-6.53072367426563E-16,0.,1.));
#15272=DIRECTION('center_axis',(0.,1.,0.));
#15273=DIRECTION('ref_axis',(0.707106781186548,0.,0.707106781186548));
#15274=DIRECTION('center_axis',(0.,-1.,0.));
#15275=DIRECTION('ref_axis',(0.707106781186548,0.,0.707106781186548));
#15276=DIRECTION('center_axis',(0.,1.,0.));
#15277=DIRECTION('ref_axis',(-0.707106781186548,0.,0.707106781186548));
#15278=DIRECTION('center_axis',(0.,-1.,0.));
#15279=DIRECTION('ref_axis',(-0.707106781186548,0.,0.707106781186548));
#15280=DIRECTION('',(0.,-1.,0.));
#15281=DIRECTION('center_axis',(-1.,0.,0.));
#15282=DIRECTION('ref_axis',(0.,0.,1.));
#15283=DIRECTION('',(0.,1.,0.));
#15284=DIRECTION('',(0.,0.,-1.));
#15285=DIRECTION('center_axis',(0.,1.,0.));
#15286=DIRECTION('ref_axis',(0.707106781186548,0.,-0.707106781186547));
#15287=DIRECTION('center_axis',(0.,1.,0.));
#15288=DIRECTION('ref_axis',(0.707106781186548,0.,-0.707106781186547));
#15289=DIRECTION('center_axis',(1.,5.32679601169187E-15,-3.78332506273153E-16));
#15290=DIRECTION('ref_axis',(3.5527136788005E-16,3.5527136788005E-16,1.));
#15291=DIRECTION('',(-3.78332506273153E-16,0.,-1.));
#15292=DIRECTION('',(-5.32679601169187E-15,1.,0.));
#15293=DIRECTION('center_axis',(-3.76346788008527E-16,0.,-1.));
#15294=DIRECTION('ref_axis',(0.,-1.,0.));
#15295=DIRECTION('center_axis',(-7.66723767534647E-28,-5.3804920703669E-28,
-1.));
#15296=DIRECTION('ref_axis',(0.,-1.,0.));
#15297=DIRECTION('',(3.96508223080413E-16,0.,1.));
#15298=DIRECTION('center_axis',(7.66723767534647E-28,5.3804920703669E-28,
1.));
#15299=DIRECTION('ref_axis',(1.,0.,0.));
#15300=DIRECTION('',(1.,3.70074341541719E-15,0.));
#15301=DIRECTION('center_axis',(5.32679601169187E-15,-1.,-1.99768157864968E-30));
#15302=DIRECTION('ref_axis',(-1.,-5.32679601169187E-15,3.74361069743902E-16));
#15303=DIRECTION('',(0.,-1.,-5.0259564169718E-15));
#15304=DIRECTION('center_axis',(5.32679601169187E-15,-1.,-1.99768157864968E-30));
#15305=DIRECTION('ref_axis',(-1.,-5.5511151231258E-15,-7.4014868308344E-15));
#15306=DIRECTION('center_axis',(5.32679601169187E-15,-1.,-1.99768157864968E-30));
#15307=DIRECTION('ref_axis',(-1.,-5.5511151231258E-15,-7.4014868308344E-15));
#15308=DIRECTION('center_axis',(-4.86467203026583E-15,8.89260596503297E-17,
1.));
#15309=DIRECTION('ref_axis',(1.,5.32907051820075E-15,4.88498130835069E-15));
#15310=DIRECTION('',(5.32679601169187E-15,-1.,8.89260596503559E-17));
#15311=DIRECTION('',(-1.,-5.32679601169187E-15,-4.95470944845685E-15));
#15312=DIRECTION('',(5.32679601169187E-15,-1.,8.89260596503496E-17));
#15313=DIRECTION('',(1.,5.4018110809233E-15,4.89347710849948E-15));
#15314=DIRECTION('center_axis',(1.,5.32679601169187E-15,5.26783817824338E-15));
#15315=DIRECTION('ref_axis',(5.26800825184637E-15,5.32907051820075E-15,
-1.));
#15316=DIRECTION('',(-5.26783817824338E-15,-1.62605259627472E-15,1.));
#15317=DIRECTION('',(5.32679601169187E-15,-1.,8.89260596503496E-17));
#15318=DIRECTION('',(-5.26783817824338E-15,-1.62605259627472E-15,1.));
#15319=DIRECTION('center_axis',(-5.40181108092331E-15,1.,1.62605259627469E-15));
#15320=DIRECTION('ref_axis',(-1.,-5.41788836017077E-15,-5.24025267623074E-15));
#15321=DIRECTION('',(-4.89347710849947E-15,-1.62605259627472E-15,1.));
#15322=DIRECTION('',(1.,5.32679601169187E-15,4.95470944845685E-15));
#15323=DIRECTION('center_axis',(5.32679601169187E-15,-1.,-1.99768157864968E-30));
#15324=DIRECTION('ref_axis',(0.,0.,-1.));
#15325=DIRECTION('',(4.89347710849947E-15,1.62605259627472E-15,-1.));
#15326=DIRECTION('center_axis',(-5.32679601169187E-15,1.,1.99768157864968E-30));
#15327=DIRECTION('ref_axis',(0.,0.,-1.));
#15328=DIRECTION('center_axis',(-5.32679601169187E-15,1.,1.99768157864968E-30));
#15329=DIRECTION('ref_axis',(0.,0.,1.));
#15330=DIRECTION('center_axis',(5.32679601169187E-15,-1.,-1.99768157864968E-30));
#15331=DIRECTION('ref_axis',(-1.,-7.40148683083437E-15,0.));
#15332=DIRECTION('center_axis',(-4.86467203026583E-15,8.89260596503226E-17,
1.));
#15333=DIRECTION('ref_axis',(1.,5.32907051820075E-15,4.88498130835069E-15));
#15334=DIRECTION('',(1.,5.32679601169187E-15,4.95470944845685E-15));
#15335=DIRECTION('center_axis',(5.32679601169188E-15,-1.,-1.62605259627469E-15));
#15336=DIRECTION('ref_axis',(1.,5.32907051820075E-15,5.24025267623074E-15));
#15337=DIRECTION('center_axis',(5.32679601169187E-15,-1.,-1.99768157864968E-30));
#15338=DIRECTION('ref_axis',(-1.,-5.32679601169187E-15,3.74361069743902E-16));
#15339=DIRECTION('center_axis',(0.,1.,0.));
#15340=DIRECTION('ref_axis',(0.,0.,1.));
#15341=DIRECTION('',(-3.79563427222276E-16,0.,-1.));
#15342=DIRECTION('center_axis',(3.79563427222276E-16,0.,1.));
#15343=DIRECTION('ref_axis',(0.,-1.,0.));
#15344=DIRECTION('center_axis',(2.45474285930432E-28,-1.60417863198089E-28,
1.));
#15345=DIRECTION('ref_axis',(0.,-1.,0.));
#15346=DIRECTION('center_axis',(3.79563427222276E-16,0.,1.));
#15347=DIRECTION('ref_axis',(0.,-1.,0.));
#15348=DIRECTION('center_axis',(-2.45474285930432E-28,1.60417863198089E-28,
-1.));
#15349=DIRECTION('ref_axis',(0.,-1.,0.));
#15350=DIRECTION('center_axis',(2.45474285930432E-28,-1.60417863198089E-28,
1.));
#15351=DIRECTION('ref_axis',(1.,0.,0.));
#15352=DIRECTION('',(1.,1.85037170770859E-15,0.));
#15353=DIRECTION('center_axis',(-1.85037170770859E-15,1.,0.));
#15354=DIRECTION('ref_axis',(0.,0.,1.));
#15355=DIRECTION('center_axis',(-1.,0.,2.77555756156289E-16));
#15356=DIRECTION('ref_axis',(-2.77555756156289E-16,0.,-1.));
#15357=DIRECTION('',(-2.77555756156289E-16,0.,-1.));
#15358=DIRECTION('',(0.,-1.,0.));
#15359=DIRECTION('',(-2.77555756156289E-16,0.,-1.));
#15360=DIRECTION('',(0.,-1.,0.));
#15361=DIRECTION('center_axis',(0.,0.,1.));
#15362=DIRECTION('ref_axis',(-1.,0.,0.));
#15363=DIRECTION('',(-1.,0.,0.));
#15364=DIRECTION('',(-1.,0.,0.));
#15365=DIRECTION('center_axis',(0.,0.,-1.));
#15366=DIRECTION('ref_axis',(1.,0.,0.));
#15367=DIRECTION('',(1.,0.,0.));
#15368=DIRECTION('',(1.,0.,0.));
#15369=DIRECTION('center_axis',(0.,-1.,0.));
#15370=DIRECTION('ref_axis',(0.,0.,-1.));
#15371=DIRECTION('center_axis',(0.,-1.,0.));
#15372=DIRECTION('ref_axis',(0.,0.,-1.));
#15373=DIRECTION('',(2.28797173355793E-16,-1.18165612478655E-15,1.));
#15374=DIRECTION('',(1.,-1.2212453270877E-15,-2.28797173355795E-16));
#15375=DIRECTION('',(-1.63681742946471E-17,-9.50359661322973E-16,1.));
#15376=DIRECTION('',(1.,-4.21852095739185E-14,1.6368174294607E-17));
#15377=DIRECTION('',(9.75655141678824E-17,-1.52860081998191E-15,1.));
#15378=DIRECTION('',(1.,-4.13525423054494E-14,-9.75655141679456E-17));
#15379=DIRECTION('',(-1.63681742946471E-17,-9.50359661322973E-16,1.));
#15380=DIRECTION('',(1.,-4.21852095739185E-14,1.6368174294607E-17));
#15381=DIRECTION('',(9.75655141678824E-17,-1.52860081998191E-15,1.));
#15382=DIRECTION('',(1.,-4.13525423054494E-14,-9.75655141679456E-17));
#15383=DIRECTION('',(2.17057668371866E-16,1.18165612478655E-15,-1.));
#15384=DIRECTION('',(-1.,1.26287869051123E-15,-2.17057668371865E-16));
#15385=DIRECTION('',(1.39677421212276E-16,-1.18165612478655E-15,1.));
#15386=DIRECTION('',(1.,-1.16573417585652E-15,-1.39677421212278E-16));
#15387=DIRECTION('',(-1.36206428788623E-16,-2.32656861369463E-16,1.));
#15388=DIRECTION('',(1.,-5.99520433297613E-15,1.36206428788622E-16));
#15389=DIRECTION('',(-1.39398487777299E-15,-7.48463071208966E-16,1.));
#15390=DIRECTION('',(1.,-4.48599490887633E-15,1.39398487777299E-15));
#15391=DIRECTION('',(2.95563314075257E-16,-3.62425645498835E-16,1.));
#15392=DIRECTION('',(1.,-4.74620343027284E-15,-2.95563314075259E-16));
#15393=DIRECTION('',(5.25879058636677E-16,-6.65299357836135E-16,1.));
#15394=DIRECTION('',(-1.,7.7715611723772E-16,5.25879058636677E-16));
#15395=CARTESIAN_POINT('',(0.,0.,0.));
#15396=CARTESIAN_POINT('',(0.,0.,0.));
#15397=CARTESIAN_POINT('Origin',(3.1,4.5,1.2509555207044E-15));
#15398=CARTESIAN_POINT('',(3.1,4.5,1.2509555207044E-15));
#15399=CARTESIAN_POINT('',(3.1,4.65,1.2509555207044E-15));
#15400=CARTESIAN_POINT('',(3.1,3.41905085020609,1.2509555207044E-15));
#15401=CARTESIAN_POINT('',(3.1,4.5,1.));
#15402=CARTESIAN_POINT('',(3.1,4.5,1.2509555207044E-15));
#15403=CARTESIAN_POINT('',(3.1,4.65,1.));
#15404=CARTESIAN_POINT('',(3.1,4.5,1.));
#15405=CARTESIAN_POINT('',(3.1,4.65,1.2509555207044E-15));
#15406=CARTESIAN_POINT('Origin',(1.8,4.65,1.65751606493333E-15));
#15407=CARTESIAN_POINT('',(1.8,4.65,1.65751606493333E-15));
#15408=CARTESIAN_POINT('',(1.8,4.5,1.65751606493333E-15));
#15409=CARTESIAN_POINT('',(1.8,3.49405085020609,1.65751606493333E-15));
#15410=CARTESIAN_POINT('',(1.8,4.65,1.));
#15411=CARTESIAN_POINT('',(1.8,4.65,1.65751606493333E-15));
#15412=CARTESIAN_POINT('',(1.8,4.5,1.));
#15413=CARTESIAN_POINT('',(1.8,4.65,1.));
#15414=CARTESIAN_POINT('',(1.8,4.5,1.65751606493333E-15));
#15415=CARTESIAN_POINT('Origin',(3.1,4.65,1.2509555207044E-15));
#15416=CARTESIAN_POINT('',(1.63769702101288,4.65,1.70827451683101E-15));
#15417=CARTESIAN_POINT('',(3.1,4.65,1.));
#15418=CARTESIAN_POINT('Origin',(2.45,4.575,1.));
#15419=CARTESIAN_POINT('',(1.8,4.5,1.));
#15420=CARTESIAN_POINT('Origin',(-1.5,4.5,2.68955436951446E-15));
#15421=CARTESIAN_POINT('',(-1.5,4.5,2.68955436951446E-15));
#15422=CARTESIAN_POINT('',(-1.5,4.65,2.68955436951446E-15));
#15423=CARTESIAN_POINT('',(-1.49999999999999,3.41905085020609,2.68955436951446E-15));
#15424=CARTESIAN_POINT('',(-1.5,4.5,1.));
#15425=CARTESIAN_POINT('',(-1.5,4.5,2.68955436951446E-15));
#15426=CARTESIAN_POINT('',(-1.5,4.65,1.));
#15427=CARTESIAN_POINT('',(-1.5,4.5,1.));
#15428=CARTESIAN_POINT('',(-1.5,4.65,2.68955436951446E-15));
#15429=CARTESIAN_POINT('Origin',(-2.8,4.65,3.09611491374339E-15));
#15430=CARTESIAN_POINT('',(-2.8,4.65,3.09611491374339E-15));
#15431=CARTESIAN_POINT('',(-2.8,4.5,3.09611491374339E-15));
#15432=CARTESIAN_POINT('',(-2.8,3.49405085020609,3.09611491374339E-15));
#15433=CARTESIAN_POINT('',(-2.8,4.65,1.));
#15434=CARTESIAN_POINT('',(-2.8,4.65,3.09611491374339E-15));
#15435=CARTESIAN_POINT('',(-2.8,4.5,1.));
#15436=CARTESIAN_POINT('',(-2.8,4.65,1.));
#15437=CARTESIAN_POINT('',(-2.8,4.5,3.09611491374339E-15));
#15438=CARTESIAN_POINT('Origin',(-1.5,4.65,2.68955436951446E-15));
#15439=CARTESIAN_POINT('',(-0.662302978987124,4.65,2.42757394123604E-15));
#15440=CARTESIAN_POINT('',(-1.5,4.65,1.));
#15441=CARTESIAN_POINT('Origin',(-2.15,4.575,1.));
#15442=CARTESIAN_POINT('',(-2.8,4.5,1.));
#15443=CARTESIAN_POINT('Origin',(-7.1,3.2,-11.5));
#15444=CARTESIAN_POINT('',(-6.6,3.2,-9.3));
#15445=CARTESIAN_POINT('',(-6.6,3.2,-11.5));
#15446=CARTESIAN_POINT('',(-6.6,3.2,-11.5));
#15447=CARTESIAN_POINT('',(-7.1,3.2,-9.3));
#15448=CARTESIAN_POINT('',(-7.1,3.2,-9.3));
#15449=CARTESIAN_POINT('',(-7.1,3.2,-11.5));
#15450=CARTESIAN_POINT('',(-7.1,3.2,-11.5));
#15451=CARTESIAN_POINT('',(-3.925,3.2,-11.5));
#15452=CARTESIAN_POINT('Origin',(-7.1,1.2,-9.3));
#15453=CARTESIAN_POINT('',(-6.6,1.2,-11.5));
#15454=CARTESIAN_POINT('',(-6.6,1.2,-9.3));
#15455=CARTESIAN_POINT('',(-6.6,1.2,-10.4));
#15456=CARTESIAN_POINT('',(-7.1,1.2,-11.5));
#15457=CARTESIAN_POINT('',(-3.925,1.2,-11.5));
#15458=CARTESIAN_POINT('',(-7.1,1.2,-9.3));
#15459=CARTESIAN_POINT('',(-7.1,1.2,-10.4));
#15460=CARTESIAN_POINT('',(-7.1,1.2,-9.3));
#15461=CARTESIAN_POINT('Origin',(-7.1,3.2,-9.3));
#15462=CARTESIAN_POINT('',(-6.6,3.2,-9.3));
#15463=CARTESIAN_POINT('',(-7.1,1.6,-9.3));
#15464=CARTESIAN_POINT('Origin',(-6.6,3.2,-11.5));
#15465=CARTESIAN_POINT('',(-6.6,4.1,-11.5));
#15466=CARTESIAN_POINT('',(-6.6,0.,-11.5));
#15467=CARTESIAN_POINT('',(-6.6,4.1,-5.85));
#15468=CARTESIAN_POINT('',(-6.6,4.1,-11.5));
#15469=CARTESIAN_POINT('',(-6.6,0.3,-5.85));
#15470=CARTESIAN_POINT('',(-6.6,3.15,-5.85));
#15471=CARTESIAN_POINT('',(-6.6,0.300000000000001,-7.1));
#15472=CARTESIAN_POINT('',(-6.6,0.3,-11.5));
#15473=CARTESIAN_POINT('',(-6.6,0.1,-7.1));
#15474=CARTESIAN_POINT('',(-6.6,0.,-7.1));
#15475=CARTESIAN_POINT('',(-6.6,0.1,-6.2));
#15476=CARTESIAN_POINT('',(-6.6,0.1,-6.2));
#15477=CARTESIAN_POINT('',(-6.6,0.,-6.2));
#15478=CARTESIAN_POINT('',(-6.6,0.,-6.2));
#15479=CARTESIAN_POINT('',(-6.6,0.,-11.5));
#15480=CARTESIAN_POINT('',(-6.6,0.,-8.16301070038911));
#15481=CARTESIAN_POINT('',(-6.6,0.,-11.5));
#15482=CARTESIAN_POINT('Origin',(-0.750000000000004,0.,-11.5));
#15483=CARTESIAN_POINT('',(-7.1,4.5,-11.5));
#15484=CARTESIAN_POINT('',(-7.1,0.,-11.5));
#15485=CARTESIAN_POINT('',(-0.750000000000004,4.5,-11.5));
#15486=CARTESIAN_POINT('',(-0.750000000000004,4.5,-11.5));
#15487=CARTESIAN_POINT('',(-0.750000000000004,0.,-11.5));
#15488=CARTESIAN_POINT('',(-0.750000000000004,0.,-11.5));
#15489=CARTESIAN_POINT('',(-1.2,0.,-11.5));
#15490=CARTESIAN_POINT('',(-0.750000000000004,0.,-11.5));
#15491=CARTESIAN_POINT('',(-1.2,4.1,-11.5));
#15492=CARTESIAN_POINT('',(-1.2,0.6,-11.5));
#15493=CARTESIAN_POINT('',(-1.5,4.1,-11.5));
#15494=CARTESIAN_POINT('',(-0.975000000000004,4.1,-11.5));
#15495=CARTESIAN_POINT('',(-1.5,3.2,-11.5));
#15496=CARTESIAN_POINT('',(-1.5,2.05,-11.5));
#15497=CARTESIAN_POINT('',(-2.04123494568039,3.2,-11.5));
#15498=CARTESIAN_POINT('',(-0.975000000000004,3.2,-11.5));
#15499=CARTESIAN_POINT('',(-5.25876505431962,3.2,-11.5));
#15500=CARTESIAN_POINT('Origin',(-3.65000000000001,2.45,-11.5));
#15501=CARTESIAN_POINT('',(-5.6,3.2,-11.5));
#15502=CARTESIAN_POINT('',(-0.975000000000004,3.2,-11.5));
#15503=CARTESIAN_POINT('',(-5.6,4.1,-11.5));
#15504=CARTESIAN_POINT('',(-5.6,0.15,-11.5));
#15505=CARTESIAN_POINT('',(-5.85,4.1,-11.5));
#15506=CARTESIAN_POINT('',(-3.175,4.1,-11.5));
#15507=CARTESIAN_POINT('',(-5.85,3.2,-11.5));
#15508=CARTESIAN_POINT('',(-5.85,2.05,-11.5));
#15509=CARTESIAN_POINT('',(-6.35,3.2,-11.5));
#15510=CARTESIAN_POINT('',(-0.975000000000004,3.2,-11.5));
#15511=CARTESIAN_POINT('',(-6.35,4.1,-11.5));
#15512=CARTESIAN_POINT('',(-6.35,0.149999999999999,-11.5));
#15513=CARTESIAN_POINT('',(-3.55,4.1,-11.5));
#15514=CARTESIAN_POINT('Origin',(5.7,-0.575,-1.55));
#15515=CARTESIAN_POINT('',(6.2,-0.45,-1.55));
#15516=CARTESIAN_POINT('Origin',(5.7,-0.45,-1.55));
#15517=CARTESIAN_POINT('',(5.95,-0.7,-1.55));
#15518=CARTESIAN_POINT('Origin',(5.7,-0.7,-1.55));
#15519=CARTESIAN_POINT('Origin',(5.7,0.1,-1.55));
#15520=CARTESIAN_POINT('',(6.2,0.,-1.55));
#15521=CARTESIAN_POINT('Origin',(5.7,0.,-1.55));
#15522=CARTESIAN_POINT('Origin',(5.7,-0.7,-1.55));
#15523=CARTESIAN_POINT('Origin',(-3.9,-0.575,-5.75));
#15524=CARTESIAN_POINT('',(-3.4,-0.45,-5.75));
#15525=CARTESIAN_POINT('Origin',(-3.9,-0.45,-5.75));
#15526=CARTESIAN_POINT('',(-3.65,-0.7,-5.75));
#15527=CARTESIAN_POINT('Origin',(-3.9,-0.7,-5.75));
#15528=CARTESIAN_POINT('Origin',(-3.9,0.1,-5.75));
#15529=CARTESIAN_POINT('',(-3.4,0.1,-5.75));
#15530=CARTESIAN_POINT('Origin',(-3.9,0.1,-5.75));
#15531=CARTESIAN_POINT('Origin',(-3.9,-0.7,-5.75));
#15532=CARTESIAN_POINT('Origin',(2.41269702101288,4.,2.05));
#15533=CARTESIAN_POINT('',(4.65,3.95,2.1));
#15534=CARTESIAN_POINT('',(4.65,4.05,2.));
#15535=CARTESIAN_POINT('',(4.65,3.95,2.1));
#15536=CARTESIAN_POINT('',(1.4,4.05,2.));
#15537=CARTESIAN_POINT('',(2.41269702101288,4.05,2.));
#15538=CARTESIAN_POINT('',(1.4,3.95,2.1));
#15539=CARTESIAN_POINT('',(1.4,4.05,2.));
#15540=CARTESIAN_POINT('',(2.41269702101288,3.95,2.1));
#15541=CARTESIAN_POINT('Origin',(4.65,2.45,2.05));
#15542=CARTESIAN_POINT('',(4.65,0.95,2.1));
#15543=CARTESIAN_POINT('',(4.65,0.849999999999999,2.));
#15544=CARTESIAN_POINT('',(4.65,0.95,2.1));
#15545=CARTESIAN_POINT('Origin',(4.65,2.45,2.));
#15546=CARTESIAN_POINT('Origin',(4.65,2.45,2.1));
#15547=CARTESIAN_POINT('Origin',(0.787697021012877,0.899999999999999,2.05));
#15548=CARTESIAN_POINT('',(1.4,0.95,2.1));
#15549=CARTESIAN_POINT('',(1.4,0.85,2.));
#15550=CARTESIAN_POINT('',(1.4,0.95,2.1));
#15551=CARTESIAN_POINT('',(0.787697021012877,0.85,2.));
#15552=CARTESIAN_POINT('',(0.787697021012877,0.949999999999999,2.1));
#15553=CARTESIAN_POINT('Origin',(1.4,2.45,2.05));
#15554=CARTESIAN_POINT('Origin',(1.4,2.45,2.));
#15555=CARTESIAN_POINT('Origin',(1.4,2.45,2.1));
#15556=CARTESIAN_POINT('Origin',(4.65,2.45,2.));
#15557=CARTESIAN_POINT('',(4.65,3.95,2.5));
#15558=CARTESIAN_POINT('',(4.65,3.95,2.));
#15559=CARTESIAN_POINT('',(4.65,0.95,2.5));
#15560=CARTESIAN_POINT('Origin',(4.65,2.45,2.5));
#15561=CARTESIAN_POINT('',(4.65,0.95,2.));
#15562=CARTESIAN_POINT('Origin',(4.65,3.95,2.));
#15563=CARTESIAN_POINT('',(1.4,3.95,2.5));
#15564=CARTESIAN_POINT('',(1.4,3.95,2.));
#15565=CARTESIAN_POINT('',(1.4,3.95,2.5));
#15566=CARTESIAN_POINT('Origin',(0.175394042025753,2.33810170041219,2.));
#15567=CARTESIAN_POINT('',(-2.90627626096783,4.6,2.));
#15568=CARTESIAN_POINT('',(4.65,4.6,2.));
#15569=CARTESIAN_POINT('',(2.41269702101288,4.6,2.));
#15570=CARTESIAN_POINT('',(-2.90627626096782,0.3,2.));
#15571=CARTESIAN_POINT('Origin',(-3.65,2.45,2.));
#15572=CARTESIAN_POINT('',(4.65,0.3,2.));
#15573=CARTESIAN_POINT('',(-0.374292278598018,0.3,2.));
#15574=CARTESIAN_POINT('Origin',(4.65,2.45,2.));
#15575=CARTESIAN_POINT('Origin',(-5.95,2.39405085020609,1.85));
#15576=CARTESIAN_POINT('',(-5.8,1.70627626096782,2.00000000000001));
#15577=CARTESIAN_POINT('',(-6.1,1.70627626096782,1.7));
#15578=CARTESIAN_POINT('',(-5.8,1.70627626096782,2.00000000000001));
#15579=CARTESIAN_POINT('',(-6.1,0.6,1.7));
#15580=CARTESIAN_POINT('',(-6.1,2.39405085020609,1.7));
#15581=CARTESIAN_POINT('',(-5.8,0.6,2.));
#15582=CARTESIAN_POINT('',(-6.1,0.6,1.7));
#15583=CARTESIAN_POINT('',(-5.8,2.39405085020609,2.));
#15584=CARTESIAN_POINT('Origin',(-0.374292278598018,0.15,1.85));
#15585=CARTESIAN_POINT('',(-4.39372373903218,0.3,2.));
#15586=CARTESIAN_POINT('Origin',(-3.65,2.45,4.15000000000001));
#15587=CARTESIAN_POINT('',(-5.5,0.3,2.));
#15588=CARTESIAN_POINT('',(-0.374292278598018,0.3,2.));
#15589=CARTESIAN_POINT('',(-5.5,0.,1.7));
#15590=CARTESIAN_POINT('',(-5.5,0.3,2.));
#15591=CARTESIAN_POINT('',(-2.4,0.,1.7));
#15592=CARTESIAN_POINT('',(-0.374292278598018,0.,1.7));
#15593=CARTESIAN_POINT('',(-1.1,0.,1.7));
#15594=CARTESIAN_POINT('',(-1.6619892996109,0.,1.7));
#15595=CARTESIAN_POINT('',(4.65,0.,1.7));
#15596=CARTESIAN_POINT('',(-0.374292278598018,0.,1.7));
#15597=CARTESIAN_POINT('',(4.65,0.,1.7));
#15598=CARTESIAN_POINT('Origin',(4.65,2.45,1.85));
#15599=CARTESIAN_POINT('',(4.65,4.9,1.7));
#15600=CARTESIAN_POINT('',(4.65,4.9,1.7));
#15601=CARTESIAN_POINT('Origin',(4.65,2.45,1.7));
#15602=CARTESIAN_POINT('Origin',(2.41269702101288,4.75,1.85));
#15603=CARTESIAN_POINT('',(-2.90627626096783,4.9,1.7));
#15604=CARTESIAN_POINT('',(-2.90627626096783,4.9,1.7));
#15605=CARTESIAN_POINT('',(2.41269702101288,4.9,1.7));
#15606=CARTESIAN_POINT('Origin',(-5.5,0.6,1.85));
#15607=CARTESIAN_POINT('Origin',(-5.5,0.6,2.));
#15608=CARTESIAN_POINT('Origin',(-5.5,0.6,1.70000000000001));
#15609=CARTESIAN_POINT('Origin',(-2.90627626096782,4.75,1.85));
#15610=CARTESIAN_POINT('',(-3.65,4.725,1.875));
#15611=CARTESIAN_POINT('Origin',(-3.64999999999702,2.45000000001729,4.14999999998269));
#15612=CARTESIAN_POINT('',(-3.65,4.9,1.7));
#15613=CARTESIAN_POINT('',(-2.90627626096782,4.9,1.7));
#15614=CARTESIAN_POINT('',(-3.65,4.9,1.7));
#15615=CARTESIAN_POINT('Origin',(-5.95,2.45,1.85));
#15616=CARTESIAN_POINT('',(-5.925,2.45,1.875));
#15617=CARTESIAN_POINT('Origin',(-3.65000000001014,2.44999999999855,4.14999999998983));
#15618=CARTESIAN_POINT('',(-6.1,2.45,1.7));
#15619=CARTESIAN_POINT('',(-5.8,2.45,2.));
#15620=CARTESIAN_POINT('',(-6.1,2.45,1.7));
#15621=CARTESIAN_POINT('Origin',(-3.65,2.45,1.85));
#15622=CARTESIAN_POINT('Origin',(-3.65,2.45,1.875));
#15623=CARTESIAN_POINT('Origin',(-3.65,2.45,1.7));
#15624=CARTESIAN_POINT('Origin',(0.175394042025753,2.33810170041219,2.));
#15625=CARTESIAN_POINT('Origin',(-3.65,2.45,2.));
#15626=CARTESIAN_POINT('Origin',(4.65,4.9,7.66210256431447E-16));
#15627=CARTESIAN_POINT('',(4.65,4.9,7.66210256431447E-16));
#15628=CARTESIAN_POINT('',(4.65,4.9,7.66210256431447E-16));
#15629=CARTESIAN_POINT('',(-3.65,4.9,3.36194296189308E-15));
#15630=CARTESIAN_POINT('',(-3.65,4.9,3.36194296189308E-15));
#15631=CARTESIAN_POINT('',(-3.65,4.9,3.36194296189308E-15));
#15632=CARTESIAN_POINT('Origin',(4.65,2.45,7.66210256431447E-16));
#15633=CARTESIAN_POINT('',(4.65,0.,7.66210256431447E-16));
#15634=CARTESIAN_POINT('',(4.65,0.,7.66210256431447E-16));
#15635=CARTESIAN_POINT('',(7.1,2.45,4.93038065763132E-31));
#15636=CARTESIAN_POINT('Origin',(4.65,2.45,-2.08166817117217E-15));
#15637=CARTESIAN_POINT('',(5.99164078649987,4.5,3.46627019262892E-16));
#15638=CARTESIAN_POINT('Origin',(4.65,2.45,-2.08166817117217E-15));
#15639=CARTESIAN_POINT('Origin',(4.65,2.45,7.66210256431447E-16));
#15640=CARTESIAN_POINT('Origin',(-0.923978599221792,0.,-4.82602140077821));
#15641=CARTESIAN_POINT('',(-5.5,0.,3.94050989021887E-15));
#15642=CARTESIAN_POINT('',(-5.5,0.,3.94050989021887E-15));
#15643=CARTESIAN_POINT('',(-7.1,0.,4.44089209850063E-15));
#15644=CARTESIAN_POINT('',(-7.1,0.,4.44089209850063E-15));
#15645=CARTESIAN_POINT('',(-7.1,0.,-0.500000000000001));
#15646=CARTESIAN_POINT('',(-7.1,0.,-11.5));
#15647=CARTESIAN_POINT('',(-2.4,0.,-0.5));
#15648=CARTESIAN_POINT('',(-4.0119892996109,0.,-0.5));
#15649=CARTESIAN_POINT('',(-2.4,0.,-2.8880107003891));
#15650=CARTESIAN_POINT('Origin',(-0.923978599221792,0.,-4.82602140077821));
#15651=CARTESIAN_POINT('',(-1.1,0.,1.));
#15652=CARTESIAN_POINT('',(-1.1,0.,-1.5630107003891));
#15653=CARTESIAN_POINT('',(-1.45,0.,1.));
#15654=CARTESIAN_POINT('',(-1.0119892996109,0.,1.));
#15655=CARTESIAN_POINT('',(-1.45,0.,-0.499999999999999));
#15656=CARTESIAN_POINT('',(-1.45,0.,-1.9130107003891));
#15657=CARTESIAN_POINT('',(-1.20000000000001,0.,-0.499999999999999));
#15658=CARTESIAN_POINT('',(-4.0119892996109,0.,-0.5));
#15659=CARTESIAN_POINT('',(-1.2,0.,-3.15));
#15660=CARTESIAN_POINT('',(-1.2,0.,-7.03801070038911));
#15661=CARTESIAN_POINT('',(-0.950000000000001,0.,-3.15));
#15662=CARTESIAN_POINT('',(-1.1869892996109,0.,-3.15));
#15663=CARTESIAN_POINT('',(-0.950000000000001,0.,-3.4));
#15664=CARTESIAN_POINT('',(-0.950000000000001,0.,-3.9880107003891));
#15665=CARTESIAN_POINT('',(-1.2,0.,-3.4));
#15666=CARTESIAN_POINT('',(-0.936989299610896,0.,-3.4));
#15667=CARTESIAN_POINT('',(-1.2,0.,-7.03801070038911));
#15668=CARTESIAN_POINT('',(-0.750000000000002,0.,-5.45));
#15669=CARTESIAN_POINT('',(-0.750000000000002,0.,-5.45));
#15670=CARTESIAN_POINT('',(1.4,2.28988996551047E-16,-5.45));
#15671=CARTESIAN_POINT('',(7.1,0.,-5.45));
#15672=CARTESIAN_POINT('',(1.4,2.08166817117217E-16,-3.1));
#15673=CARTESIAN_POINT('',(1.4,0.,-5.13801070038911));
#15674=CARTESIAN_POINT('',(4.6,-1.38777878078145E-16,-3.1));
#15675=CARTESIAN_POINT('',(1.25015355753196,0.,-3.1));
#15676=CARTESIAN_POINT('',(4.6,-1.62897979176105E-16,-5.45));
#15677=CARTESIAN_POINT('',(4.6,0.,-5.13801070038911));
#15678=CARTESIAN_POINT('',(7.1,0.,-5.45));
#15679=CARTESIAN_POINT('',(7.1,0.,-5.45));
#15680=CARTESIAN_POINT('',(7.1,0.,0.));
#15681=CARTESIAN_POINT('',(7.1,0.,0.));
#15682=CARTESIAN_POINT('',(-7.1,0.,4.44089209850063E-15));
#15683=CARTESIAN_POINT('Origin',(-0.45,3.4,-5.45));
#15684=CARTESIAN_POINT('',(-0.45,3.4,-5.45));
#15685=CARTESIAN_POINT('',(-0.45,4.,-5.45));
#15686=CARTESIAN_POINT('',(-0.45,1.7,-5.45));
#15687=CARTESIAN_POINT('',(-0.449999999999997,3.4,0.100000000000001));
#15688=CARTESIAN_POINT('',(-0.45,3.4,-5.45));
#15689=CARTESIAN_POINT('',(-0.449999999999997,4.,0.100000000000001));
#15690=CARTESIAN_POINT('',(-0.449999999999997,3.4,0.100000000000001));
#15691=CARTESIAN_POINT('',(-0.45,4.,-5.45));
#15692=CARTESIAN_POINT('Origin',(-0.150000000000001,3.4,-5.45));
#15693=CARTESIAN_POINT('',(-0.150000000000001,3.4,-5.45));
#15694=CARTESIAN_POINT('',(3.475,3.4,-5.45));
#15695=CARTESIAN_POINT('',(-0.149999999999998,3.4,0.100000000000001));
#15696=CARTESIAN_POINT('',(-0.150000000000001,3.4,-5.45));
#15697=CARTESIAN_POINT('',(-0.149999999999998,3.4,0.100000000000001));
#15698=CARTESIAN_POINT('Origin',(-0.150000000000001,1.1,-5.45));
#15699=CARTESIAN_POINT('',(-0.150000000000001,1.1,-5.45));
#15700=CARTESIAN_POINT('',(-0.150000000000001,0.55,-5.45));
#15701=CARTESIAN_POINT('',(-0.149999999999998,1.1,0.100000000000001));
#15702=CARTESIAN_POINT('',(-0.150000000000001,1.1,-5.45));
#15703=CARTESIAN_POINT('',(-0.149999999999998,1.1,0.100000000000001));
#15704=CARTESIAN_POINT('Origin',(-0.45,1.1,-5.45));
#15705=CARTESIAN_POINT('',(-0.45,1.1,-5.45));
#15706=CARTESIAN_POINT('',(3.325,1.1,-5.45));
#15707=CARTESIAN_POINT('',(-0.449999999999997,1.1,0.100000000000001));
#15708=CARTESIAN_POINT('',(-0.45,1.1,-5.45));
#15709=CARTESIAN_POINT('',(-0.449999999999997,1.1,0.100000000000001));
#15710=CARTESIAN_POINT('Origin',(-0.45,0.5,-5.45));
#15711=CARTESIAN_POINT('',(-0.45,0.5,-5.45));
#15712=CARTESIAN_POINT('',(-0.45,0.25,-5.45));
#15713=CARTESIAN_POINT('',(-0.449999999999997,0.5,0.100000000000001));
#15714=CARTESIAN_POINT('',(-0.45,0.5,-5.45));
#15715=CARTESIAN_POINT('',(-0.449999999999997,0.5,0.100000000000001));
#15716=CARTESIAN_POINT('Origin',(-0.750000000000001,0.5,-5.45));
#15717=CARTESIAN_POINT('',(-0.750000000000001,0.5,-5.45));
#15718=CARTESIAN_POINT('',(3.175,0.5,-5.45));
#15719=CARTESIAN_POINT('',(-0.749999999999998,0.5,0.100000000000001));
#15720=CARTESIAN_POINT('',(-0.750000000000001,0.5,-5.45));
#15721=CARTESIAN_POINT('',(-0.749999999999998,0.5,0.100000000000001));
#15722=CARTESIAN_POINT('Origin',(-0.45,4.,-5.45));
#15723=CARTESIAN_POINT('',(-0.750000000000001,4.,-5.45));
#15724=CARTESIAN_POINT('',(3.325,4.,-5.45));
#15725=CARTESIAN_POINT('',(-0.749999999999998,4.,0.100000000000001));
#15726=CARTESIAN_POINT('',(-0.449999999999997,4.,0.100000000000001));
#15727=CARTESIAN_POINT('',(-0.750000000000001,4.,-5.45));
#15728=CARTESIAN_POINT('Origin',(-0.493902439024388,2.25,0.100000000000001));
#15729=CARTESIAN_POINT('',(-0.749999999999998,4.,0.100000000000001));
#15730=CARTESIAN_POINT('Origin',(7.1,0.,-5.45));
#15731=CARTESIAN_POINT('',(-0.750000000000002,4.5,-5.45));
#15732=CARTESIAN_POINT('',(-0.750000000000002,0.,-5.45));
#15733=CARTESIAN_POINT('',(7.1,4.5,-5.45));
#15734=CARTESIAN_POINT('',(7.1,4.5,-5.45));
#15735=CARTESIAN_POINT('',(7.1,0.,-5.45));
#15736=CARTESIAN_POINT('',(4.6,0.5,-5.45));
#15737=CARTESIAN_POINT('',(4.6,-8.14489895880527E-17,-5.45));
#15738=CARTESIAN_POINT('',(6.6,0.5,-5.45));
#15739=CARTESIAN_POINT('',(3.7,0.5,-5.45));
#15740=CARTESIAN_POINT('',(6.6,4.1,-5.45));
#15741=CARTESIAN_POINT('',(6.6,1.475,-5.45));
#15742=CARTESIAN_POINT('',(0.299999999999999,4.1,-5.45));
#15743=CARTESIAN_POINT('',(6.85,4.1,-5.45));
#15744=CARTESIAN_POINT('',(0.299999999999999,0.5,-5.45));
#15745=CARTESIAN_POINT('',(0.299999999999999,2.05,-5.45));
#15746=CARTESIAN_POINT('',(1.4,0.5,-5.45));
#15747=CARTESIAN_POINT('',(3.7,0.5,-5.45));
#15748=CARTESIAN_POINT('',(1.4,0.25,-5.45));
#15749=CARTESIAN_POINT('',(-0.750000000000002,0.,-5.45));
#15750=CARTESIAN_POINT('Origin',(3.42428571428571,1.31357142857143,-3.1));
#15751=CARTESIAN_POINT('',(5.6,0.5,-3.1));
#15752=CARTESIAN_POINT('',(5.6,1.95,-3.1));
#15753=CARTESIAN_POINT('',(5.6,1.63178571428571,-3.1));
#15754=CARTESIAN_POINT('',(4.6,0.5,-3.1));
#15755=CARTESIAN_POINT('',(4.6,0.5,-3.1));
#15756=CARTESIAN_POINT('',(4.6,-1.62897979176105E-16,-3.1));
#15757=CARTESIAN_POINT('',(1.4,0.5,-3.1));
#15758=CARTESIAN_POINT('',(1.4,0.5,-3.1));
#15759=CARTESIAN_POINT('',(0.3,0.5,-3.1));
#15760=CARTESIAN_POINT('',(0.3,0.5,-3.1));
#15761=CARTESIAN_POINT('',(0.3,2.45,-3.1));
#15762=CARTESIAN_POINT('',(0.3,2.45,-3.1));
#15763=CARTESIAN_POINT('',(6.6,2.45,-3.1));
#15764=CARTESIAN_POINT('',(6.6,2.45,-3.1));
#15765=CARTESIAN_POINT('',(6.6,1.95,-3.1));
#15766=CARTESIAN_POINT('',(6.6,0.5,-3.1));
#15767=CARTESIAN_POINT('',(5.01214285714286,1.95,-3.1));
#15768=CARTESIAN_POINT('',(3.6,1.65,-3.1));
#15769=CARTESIAN_POINT('',(3.275,1.65,-3.1));
#15770=CARTESIAN_POINT('',(3.34964285714286,1.65,-3.1));
#15771=CARTESIAN_POINT('',(3.6,0.8,-3.1));
#15772=CARTESIAN_POINT('',(3.6,1.48178571428571,-3.1));
#15773=CARTESIAN_POINT('',(4.6,0.8,-3.1));
#15774=CARTESIAN_POINT('',(3.51214285714286,0.8,-3.1));
#15775=CARTESIAN_POINT('',(4.6,1.65,-3.1));
#15776=CARTESIAN_POINT('',(4.6,1.05678571428571,-3.1));
#15777=CARTESIAN_POINT('',(4.925,1.65,-3.1));
#15778=CARTESIAN_POINT('',(4.01214285714286,1.65,-3.1));
#15779=CARTESIAN_POINT('',(4.925,1.95,-3.1));
#15780=CARTESIAN_POINT('',(4.925,1.48178571428571,-3.1));
#15781=CARTESIAN_POINT('',(3.275,1.95,-3.1));
#15782=CARTESIAN_POINT('',(4.17464285714286,1.95,-3.1));
#15783=CARTESIAN_POINT('',(3.275,1.63178571428571,-3.1));
#15784=CARTESIAN_POINT('',(1.6,0.8,-3.1));
#15785=CARTESIAN_POINT('',(1.6,1.65,-3.1));
#15786=CARTESIAN_POINT('',(1.6,1.48178571428571,-3.1));
#15787=CARTESIAN_POINT('',(2.6,0.8,-3.1));
#15788=CARTESIAN_POINT('',(2.51214285714286,0.8,-3.1));
#15789=CARTESIAN_POINT('',(2.6,1.65,-3.1));
#15790=CARTESIAN_POINT('',(2.6,1.05678571428571,-3.1));
#15791=CARTESIAN_POINT('',(2.925,1.65,-3.1));
#15792=CARTESIAN_POINT('',(3.01214285714286,1.65,-3.1));
#15793=CARTESIAN_POINT('',(2.925,1.95,-3.1));
#15794=CARTESIAN_POINT('',(2.925,1.48178571428571,-3.1));
#15795=CARTESIAN_POINT('',(1.275,1.95,-3.1));
#15796=CARTESIAN_POINT('',(3.17464285714286,1.95,-3.1));
#15797=CARTESIAN_POINT('',(1.275,1.65,-3.1));
#15798=CARTESIAN_POINT('',(1.275,1.63178571428571,-3.1));
#15799=CARTESIAN_POINT('',(2.34964285714286,1.65,-3.1));
#15800=CARTESIAN_POINT('Origin',(4.6,-1.62897979176105E-16,-5.45));
#15801=CARTESIAN_POINT('',(4.6,0.5,-5.45));
#15802=CARTESIAN_POINT('Origin',(1.4,0.5,-5.45));
#15803=CARTESIAN_POINT('',(1.4,0.5,-5.45));
#15804=CARTESIAN_POINT('Origin',(6.6,2.45,-5.45));
#15805=CARTESIAN_POINT('',(6.6,2.45,-4.65));
#15806=CARTESIAN_POINT('',(0.3,2.45,-4.65));
#15807=CARTESIAN_POINT('',(5.025,2.45,-4.65));
#15808=CARTESIAN_POINT('',(6.6,2.45,-5.45));
#15809=CARTESIAN_POINT('',(0.299999999999999,2.45,-5.45));
#15810=CARTESIAN_POINT('Origin',(6.6,1.95,-5.45));
#15811=CARTESIAN_POINT('',(6.6,1.95,-0.450000000000004));
#15812=CARTESIAN_POINT('',(6.6,1.95,-5.45));
#15813=CARTESIAN_POINT('',(5.6,1.95,-0.450000000000003));
#15814=CARTESIAN_POINT('',(5.6,1.95,-0.450000000000003));
#15815=CARTESIAN_POINT('',(5.6,1.95,-5.45));
#15816=CARTESIAN_POINT('Origin',(5.6,0.5,-5.45));
#15817=CARTESIAN_POINT('',(5.6,0.5,-0.450000000000003));
#15818=CARTESIAN_POINT('',(5.6,0.5,-5.45));
#15819=CARTESIAN_POINT('',(6.6,0.5,-0.450000000000004));
#15820=CARTESIAN_POINT('',(6.6,0.5,-0.450000000000004));
#15821=CARTESIAN_POINT('',(6.6,0.5,-5.45));
#15822=CARTESIAN_POINT('Origin',(5.6,0.5,-5.45));
#15823=CARTESIAN_POINT('',(0.299999999999999,0.5,-5.45));
#15824=CARTESIAN_POINT('Origin',(6.6,0.5,-5.45));
#15825=CARTESIAN_POINT('',(6.6,1.95,-0.450000000000004));
#15826=CARTESIAN_POINT('',(6.6,2.95,-4.65));
#15827=CARTESIAN_POINT('',(6.6,4.1,-4.65));
#15828=CARTESIAN_POINT('',(6.6,2.95,-0.450000000000004));
#15829=CARTESIAN_POINT('',(6.6,2.95,-5.45));
#15830=CARTESIAN_POINT('',(6.6,4.1,-0.450000000000004));
#15831=CARTESIAN_POINT('',(6.6,2.95,-0.450000000000004));
#15832=CARTESIAN_POINT('',(6.6,4.1,-5.45));
#15833=CARTESIAN_POINT('Origin',(2.925,1.65,-5.45));
#15834=CARTESIAN_POINT('',(2.925,1.65,-1.05));
#15835=CARTESIAN_POINT('',(2.925,1.65,-5.45));
#15836=CARTESIAN_POINT('',(2.925,1.95,-1.05));
#15837=CARTESIAN_POINT('',(2.925,2.05000000000378,-1.05));
#15838=CARTESIAN_POINT('',(2.925,1.95,-5.45));
#15839=CARTESIAN_POINT('Origin',(2.6,1.65,-5.45));
#15840=CARTESIAN_POINT('',(2.6,1.65,-1.05));
#15841=CARTESIAN_POINT('',(2.6,1.65,-5.45));
#15842=CARTESIAN_POINT('',(2.81250000000969,1.65,-1.05));
#15843=CARTESIAN_POINT('Origin',(2.6,0.8,-5.45));
#15844=CARTESIAN_POINT('',(2.6,0.8,1.65));
#15845=CARTESIAN_POINT('',(2.6,0.8,-5.45));
#15846=CARTESIAN_POINT('',(2.6,1.5,1.65));
#15847=CARTESIAN_POINT('',(2.6,0.8,1.65));
#15848=CARTESIAN_POINT('',(2.6,1.5,-1.05));
#15849=CARTESIAN_POINT('',(2.6,1.5,-1.475));
#15850=CARTESIAN_POINT('',(2.6,1.62500000000378,-1.05));
#15851=CARTESIAN_POINT('Origin',(1.6,0.8,-5.45));
#15852=CARTESIAN_POINT('',(1.6,0.8,1.65));
#15853=CARTESIAN_POINT('',(1.6,0.8,-5.45));
#15854=CARTESIAN_POINT('',(1.6,0.8,1.65));
#15855=CARTESIAN_POINT('Origin',(4.6,1.65,-5.45));
#15856=CARTESIAN_POINT('',(4.6,1.65,-1.05));
#15857=CARTESIAN_POINT('',(4.6,1.65,-5.45));
#15858=CARTESIAN_POINT('',(4.925,1.65,-1.05));
#15859=CARTESIAN_POINT('',(3.81250000000969,1.65,-1.05));
#15860=CARTESIAN_POINT('',(4.925,1.65,-5.45));
#15861=CARTESIAN_POINT('Origin',(4.6,0.8,-5.45));
#15862=CARTESIAN_POINT('',(4.6,0.8,1.65));
#15863=CARTESIAN_POINT('',(4.6,0.8,-5.45));
#15864=CARTESIAN_POINT('',(4.6,1.5,1.65));
#15865=CARTESIAN_POINT('',(4.6,0.8,1.65));
#15866=CARTESIAN_POINT('',(4.6,1.5,-1.05));
#15867=CARTESIAN_POINT('',(4.6,1.5,-1.475));
#15868=CARTESIAN_POINT('',(4.6,1.62500000000378,-1.05));
#15869=CARTESIAN_POINT('Origin',(3.6,0.8,-5.45));
#15870=CARTESIAN_POINT('',(3.6,0.8,1.65));
#15871=CARTESIAN_POINT('',(3.6,0.8,-5.45));
#15872=CARTESIAN_POINT('',(3.6,0.8,1.65));
#15873=CARTESIAN_POINT('Origin',(3.6,1.65,-5.45));
#15874=CARTESIAN_POINT('',(3.6,1.65,-1.05));
#15875=CARTESIAN_POINT('',(3.6,1.65,-5.45));
#15876=CARTESIAN_POINT('',(3.6,1.5,-1.05));
#15877=CARTESIAN_POINT('',(3.6,2.05000000000378,-1.05));
#15878=CARTESIAN_POINT('',(3.6,1.5,1.65));
#15879=CARTESIAN_POINT('',(3.6,1.5,-1.475));
#15880=CARTESIAN_POINT('',(3.6,1.65,1.65));
#15881=CARTESIAN_POINT('Origin',(3.45,2.3,-4.65));
#15882=CARTESIAN_POINT('',(0.299999999999999,4.1,-4.65));
#15883=CARTESIAN_POINT('',(0.299999999999999,0.5,-4.65));
#15884=CARTESIAN_POINT('',(1.6,4.1,-4.65));
#15885=CARTESIAN_POINT('',(0.299999999999999,4.1,-4.65));
#15886=CARTESIAN_POINT('',(1.6,3.25,-4.65));
#15887=CARTESIAN_POINT('',(1.6,3.2,-4.65));
#15888=CARTESIAN_POINT('',(1.275,3.25,-4.65));
#15889=CARTESIAN_POINT('',(2.525,3.25,-4.65));
#15890=CARTESIAN_POINT('',(1.275,2.95,-4.65));
#15891=CARTESIAN_POINT('',(1.275,2.775,-4.65));
#15892=CARTESIAN_POINT('',(2.925,2.95,-4.65));
#15893=CARTESIAN_POINT('',(2.3625,2.95,-4.65));
#15894=CARTESIAN_POINT('',(2.925,3.25,-4.65));
#15895=CARTESIAN_POINT('',(2.925,2.625,-4.65));
#15896=CARTESIAN_POINT('',(2.6,3.25,-4.65));
#15897=CARTESIAN_POINT('',(3.1875,3.25,-4.65));
#15898=CARTESIAN_POINT('',(2.6,4.1,-4.65));
#15899=CARTESIAN_POINT('',(2.6,2.775,-4.65));
#15900=CARTESIAN_POINT('',(3.6,4.1,-4.65));
#15901=CARTESIAN_POINT('',(0.299999999999999,4.1,-4.65));
#15902=CARTESIAN_POINT('',(3.6,3.25,-4.65));
#15903=CARTESIAN_POINT('',(3.6,3.2,-4.65));
#15904=CARTESIAN_POINT('',(3.275,3.25,-4.65));
#15905=CARTESIAN_POINT('',(3.525,3.25,-4.65));
#15906=CARTESIAN_POINT('',(3.275,2.95,-4.65));
#15907=CARTESIAN_POINT('',(3.275,2.775,-4.65));
#15908=CARTESIAN_POINT('',(4.925,2.95,-4.65));
#15909=CARTESIAN_POINT('',(3.3625,2.95,-4.65));
#15910=CARTESIAN_POINT('',(4.925,3.25,-4.65));
#15911=CARTESIAN_POINT('',(4.925,2.625,-4.65));
#15912=CARTESIAN_POINT('',(4.6,3.25,-4.65));
#15913=CARTESIAN_POINT('',(4.1875,3.25,-4.65));
#15914=CARTESIAN_POINT('',(4.6,4.1,-4.65));
#15915=CARTESIAN_POINT('',(4.6,2.775,-4.65));
#15916=CARTESIAN_POINT('',(5.6,4.1,-4.65));
#15917=CARTESIAN_POINT('',(0.299999999999999,4.1,-4.65));
#15918=CARTESIAN_POINT('',(5.6,2.95,-4.65));
#15919=CARTESIAN_POINT('',(5.6,3.2,-4.65));
#15920=CARTESIAN_POINT('',(4.525,2.95,-4.65));
#15921=CARTESIAN_POINT('Origin',(0.299999999999999,4.1,-5.45));
#15922=CARTESIAN_POINT('',(0.299999999999999,4.1,-5.45));
#15923=CARTESIAN_POINT('Origin',(1.6,1.65,-5.45));
#15924=CARTESIAN_POINT('',(1.6,1.65,-1.05));
#15925=CARTESIAN_POINT('',(1.6,1.65,-5.45));
#15926=CARTESIAN_POINT('',(1.6,1.5,-1.05));
#15927=CARTESIAN_POINT('',(1.6,2.05000000000378,-1.05));
#15928=CARTESIAN_POINT('',(1.6,1.5,1.65));
#15929=CARTESIAN_POINT('',(1.6,1.5,-1.475));
#15930=CARTESIAN_POINT('',(1.6,1.65,1.65));
#15931=CARTESIAN_POINT('Origin',(1.275,1.65,-5.45));
#15932=CARTESIAN_POINT('',(1.275,1.65,-1.05));
#15933=CARTESIAN_POINT('',(1.275,1.65,-5.45));
#15934=CARTESIAN_POINT('',(2.15000000000969,1.65,-1.05));
#15935=CARTESIAN_POINT('Origin',(1.275,1.95,-5.45));
#15936=CARTESIAN_POINT('',(1.275,1.95,-1.05));
#15937=CARTESIAN_POINT('',(1.275,1.95,-5.45));
#15938=CARTESIAN_POINT('',(1.275,2.20000000000378,-1.05));
#15939=CARTESIAN_POINT('Origin',(2.925,1.95,-5.45));
#15940=CARTESIAN_POINT('',(2.9750000000097,1.95,-1.05));
#15941=CARTESIAN_POINT('Origin',(3.275,1.65,-5.45));
#15942=CARTESIAN_POINT('',(3.275,1.65,-1.05));
#15943=CARTESIAN_POINT('',(3.275,1.65,-5.45));
#15944=CARTESIAN_POINT('',(3.15000000000969,1.65,-1.05));
#15945=CARTESIAN_POINT('Origin',(3.275,1.95,-5.45));
#15946=CARTESIAN_POINT('',(3.275,1.95,-1.05));
#15947=CARTESIAN_POINT('',(3.275,1.95,-5.45));
#15948=CARTESIAN_POINT('',(3.275,2.20000000000378,-1.05));
#15949=CARTESIAN_POINT('Origin',(4.925,1.95,-5.45));
#15950=CARTESIAN_POINT('',(4.925,1.95,-1.05));
#15951=CARTESIAN_POINT('',(4.925,1.95,-5.45));
#15952=CARTESIAN_POINT('',(3.97500000000969,1.95,-1.05));
#15953=CARTESIAN_POINT('Origin',(1.6,3.25,-5.45));
#15954=CARTESIAN_POINT('',(1.6,3.25,-1.05));
#15955=CARTESIAN_POINT('',(1.6,3.25,-5.45));
#15956=CARTESIAN_POINT('',(1.275,3.25,-1.05));
#15957=CARTESIAN_POINT('',(2.31250000000969,3.25,-1.05));
#15958=CARTESIAN_POINT('',(1.275,3.25,-5.45));
#15959=CARTESIAN_POINT('Origin',(1.6,4.1,-5.45));
#15960=CARTESIAN_POINT('',(1.60000000000001,4.1,1.65));
#15961=CARTESIAN_POINT('',(1.6,4.1,-5.45));
#15962=CARTESIAN_POINT('',(1.6,3.4,1.65));
#15963=CARTESIAN_POINT('',(1.60000000000001,4.1,1.65));
#15964=CARTESIAN_POINT('',(1.6,3.4,-1.05));
#15965=CARTESIAN_POINT('',(1.6,3.4,-1.475));
#15966=CARTESIAN_POINT('',(1.6,3.27500000000378,-1.05));
#15967=CARTESIAN_POINT('Origin',(5.6,1.95,-5.45));
#15968=CARTESIAN_POINT('',(5.6,0.5,-0.450000000000003));
#15969=CARTESIAN_POINT('Origin',(5.6,2.95,-5.45));
#15970=CARTESIAN_POINT('',(5.6,2.95,-0.450000000000003));
#15971=CARTESIAN_POINT('',(5.6,2.95,-5.45));
#15972=CARTESIAN_POINT('',(5.6,2.95,-0.450000000000003));
#15973=CARTESIAN_POINT('Origin',(5.6,4.1,-5.45));
#15974=CARTESIAN_POINT('',(5.6,4.1,-0.450000000000003));
#15975=CARTESIAN_POINT('',(5.6,4.1,-5.45));
#15976=CARTESIAN_POINT('',(5.6,4.1,-0.450000000000003));
#15977=CARTESIAN_POINT('Origin',(6.1,3.525,-0.450000000000004));
#15978=CARTESIAN_POINT('',(6.6,4.1,-0.450000000000004));
#15979=CARTESIAN_POINT('Origin',(6.1,1.225,-0.450000000000004));
#15980=CARTESIAN_POINT('Origin',(4.925,1.65,-5.45));
#15981=CARTESIAN_POINT('',(4.925,2.05000000000378,-1.05));
#15982=CARTESIAN_POINT('Origin',(4.1,1.47366071428571,1.65));
#15983=CARTESIAN_POINT('',(4.37500000001456,1.5,1.65));
#15984=CARTESIAN_POINT('Origin',(4.925,2.95,-5.45));
#15985=CARTESIAN_POINT('',(4.925,2.95,-1.05));
#15986=CARTESIAN_POINT('',(4.925,2.95,-5.45));
#15987=CARTESIAN_POINT('',(4.925,3.25,-1.05));
#15988=CARTESIAN_POINT('',(4.925,2.70000000000378,-1.05));
#15989=CARTESIAN_POINT('',(4.925,3.25,-5.45));
#15990=CARTESIAN_POINT('Origin',(3.275,2.95,-5.45));
#15991=CARTESIAN_POINT('',(3.275,2.95,-1.05));
#15992=CARTESIAN_POINT('',(3.275,2.95,-5.45));
#15993=CARTESIAN_POINT('',(3.15000000000969,2.95,-1.05));
#15994=CARTESIAN_POINT('Origin',(3.275,3.25,-5.45));
#15995=CARTESIAN_POINT('',(3.275,3.25,-1.05));
#15996=CARTESIAN_POINT('',(3.275,3.25,-5.45));
#15997=CARTESIAN_POINT('',(3.275,2.85000000000378,-1.05));
#15998=CARTESIAN_POINT('Origin',(3.6,3.25,-5.45));
#15999=CARTESIAN_POINT('',(3.6,3.25,-1.05));
#16000=CARTESIAN_POINT('',(3.6,3.25,-5.45));
#16001=CARTESIAN_POINT('',(3.31250000000969,3.25,-1.05));
#16002=CARTESIAN_POINT('Origin',(3.6,4.1,-5.45));
#16003=CARTESIAN_POINT('',(3.60000000000001,4.1,1.65));
#16004=CARTESIAN_POINT('',(3.6,4.1,-5.45));
#16005=CARTESIAN_POINT('',(3.6,3.4,1.65));
#16006=CARTESIAN_POINT('',(3.60000000000001,4.1,1.65));
#16007=CARTESIAN_POINT('',(3.6,3.4,-1.05));
#16008=CARTESIAN_POINT('',(3.6,3.4,-1.475));
#16009=CARTESIAN_POINT('',(3.6,3.27500000000378,-1.05));
#16010=CARTESIAN_POINT('Origin',(4.6,3.25,-5.45));
#16011=CARTESIAN_POINT('',(4.6,3.25,-1.05));
#16012=CARTESIAN_POINT('',(4.6,3.25,-5.45));
#16013=CARTESIAN_POINT('',(4.6,3.4,-1.05));
#16014=CARTESIAN_POINT('',(4.6,2.85000000000378,-1.05));
#16015=CARTESIAN_POINT('',(4.6,3.4,1.65));
#16016=CARTESIAN_POINT('',(4.6,3.4,-1.475));
#16017=CARTESIAN_POINT('',(4.6,4.1,1.65));
#16018=CARTESIAN_POINT('',(4.6,3.25,1.65));
#16019=CARTESIAN_POINT('',(4.6,4.1,-5.45));
#16020=CARTESIAN_POINT('Origin',(4.925,3.25,-5.45));
#16021=CARTESIAN_POINT('',(3.97500000000969,3.25,-1.05));
#16022=CARTESIAN_POINT('Origin',(4.1,3.42633928571429,1.65));
#16023=CARTESIAN_POINT('',(2.75000000002911,3.4,1.65));
#16024=CARTESIAN_POINT('',(4.6,4.1,1.65));
#16025=CARTESIAN_POINT('Origin',(2.925,2.95,-5.45));
#16026=CARTESIAN_POINT('',(2.925,2.95,-1.05));
#16027=CARTESIAN_POINT('',(2.925,2.95,-5.45));
#16028=CARTESIAN_POINT('',(2.925,3.25,-1.05));
#16029=CARTESIAN_POINT('',(2.925,2.70000000000378,-1.05));
#16030=CARTESIAN_POINT('',(2.925,3.25,-5.45));
#16031=CARTESIAN_POINT('Origin',(1.275,2.95,-5.45));
#16032=CARTESIAN_POINT('',(1.275,2.95,-1.05));
#16033=CARTESIAN_POINT('',(1.275,2.95,-5.45));
#16034=CARTESIAN_POINT('',(2.15000000000969,2.95,-1.05));
#16035=CARTESIAN_POINT('Origin',(1.275,3.25,-5.45));
#16036=CARTESIAN_POINT('',(1.275,2.85000000000378,-1.05));
#16037=CARTESIAN_POINT('Origin',(2.6,3.25,-5.45));
#16038=CARTESIAN_POINT('',(2.6,3.25,-1.05));
#16039=CARTESIAN_POINT('',(2.6,3.25,-5.45));
#16040=CARTESIAN_POINT('',(2.6,3.4,-1.05));
#16041=CARTESIAN_POINT('',(2.6,2.85000000000378,-1.05));
#16042=CARTESIAN_POINT('',(2.6,3.4,1.65));
#16043=CARTESIAN_POINT('',(2.6,3.4,-1.475));
#16044=CARTESIAN_POINT('',(2.60000000000001,4.1,1.65));
#16045=CARTESIAN_POINT('',(2.6,3.25,1.65));
#16046=CARTESIAN_POINT('',(2.6,4.1,-5.45));
#16047=CARTESIAN_POINT('Origin',(2.925,3.25,-5.45));
#16048=CARTESIAN_POINT('',(2.9750000000097,3.25,-1.05));
#16049=CARTESIAN_POINT('Origin',(2.6,4.1,-5.45));
#16050=CARTESIAN_POINT('',(2.60000000000001,4.1,1.65));
#16051=CARTESIAN_POINT('Origin',(2.1,3.42633928571429,1.65));
#16052=CARTESIAN_POINT('',(1.75000000002911,3.4,1.65));
#16053=CARTESIAN_POINT('Origin',(2.1,1.47366071428571,1.65));
#16054=CARTESIAN_POINT('',(3.37500000001455,1.5,1.65));
#16055=CARTESIAN_POINT('Origin',(4.65000000002911,1.5,2.5));
#16056=CARTESIAN_POINT('',(4.6500000000291,1.5,-1.05));
#16057=CARTESIAN_POINT('',(1.40000000005821,1.5,-1.05));
#16058=CARTESIAN_POINT('',(4.6500000000291,1.5,-1.05));
#16059=CARTESIAN_POINT('',(1.40000000005821,1.5,2.5));
#16060=CARTESIAN_POINT('',(1.40000000005821,1.5,2.5));
#16061=CARTESIAN_POINT('',(4.65000000002911,1.5,2.5));
#16062=CARTESIAN_POINT('',(3.83750096745462,1.5,2.5));
#16063=CARTESIAN_POINT('',(4.6500000000291,1.5,-1.05));
#16064=CARTESIAN_POINT('',(4.65000000002911,1.5,2.5));
#16065=CARTESIAN_POINT('',(4.6500000000291,1.5,-1.05));
#16066=CARTESIAN_POINT('Origin',(-3.725,3.2,-2.05));
#16067=CARTESIAN_POINT('',(-2.04123494568039,3.2,-1.52954354928553));
#16068=CARTESIAN_POINT('',(-2.04123494568039,3.2,1.7));
#16069=CARTESIAN_POINT('',(-2.04123494568038,3.2,2.5));
#16070=CARTESIAN_POINT('',(-1.75,3.2,-2.));
#16071=CARTESIAN_POINT('',(-2.01239754098361,3.2,-1.57612704918032));
#16072=CARTESIAN_POINT('',(-1.75,3.2,-3.4));
#16073=CARTESIAN_POINT('',(-1.75,3.2,-2.725));
#16074=CARTESIAN_POINT('',(-0.950000000000001,3.2,-3.4));
#16075=CARTESIAN_POINT('',(-2.3375,3.2,-3.4));
#16076=CARTESIAN_POINT('',(-0.950000000000001,3.2,-3.15));
#16077=CARTESIAN_POINT('',(-0.950000000000001,3.2,-2.6));
#16078=CARTESIAN_POINT('',(-1.45,3.2,-3.15));
#16079=CARTESIAN_POINT('',(-2.5875,3.2,-3.15));
#16080=CARTESIAN_POINT('',(-1.45,3.2,1.));
#16081=CARTESIAN_POINT('',(-1.45,3.2,-0.524999999999996));
#16082=CARTESIAN_POINT('',(-1.1,3.2,1.));
#16083=CARTESIAN_POINT('',(-2.4125,3.2,1.));
#16084=CARTESIAN_POINT('',(-1.1,3.2,1.7));
#16085=CARTESIAN_POINT('',(-1.1,3.2,-0.174999999999996));
#16086=CARTESIAN_POINT('',(-3.0625,3.2,1.7));
#16087=CARTESIAN_POINT('Origin',(-1.45,0.,1.));
#16088=CARTESIAN_POINT('',(-1.45,0.1,-0.499999999999999));
#16089=CARTESIAN_POINT('',(-1.45,0.,-0.499999999999999));
#16090=CARTESIAN_POINT('',(-1.45,0.,1.));
#16091=CARTESIAN_POINT('',(-1.45,0.1,-3.15));
#16092=CARTESIAN_POINT('',(-1.45,0.,-3.15));
#16093=CARTESIAN_POINT('',(-1.45,0.1,-2.46079881656805));
#16094=CARTESIAN_POINT('Origin',(-1.75,0.,-2.));
#16095=CARTESIAN_POINT('',(-2.4,1.18979168388714,-0.949999999999997));
#16096=CARTESIAN_POINT('Origin',(-3.65,2.45,1.06923076923077));
#16097=CARTESIAN_POINT('',(-2.4,0.1,-0.949999999999997));
#16098=CARTESIAN_POINT('',(-2.4,0.,-0.949999999999997));
#16099=CARTESIAN_POINT('',(-1.75,0.1,-2.));
#16100=CARTESIAN_POINT('',(-1.1940605296343,0.1,-2.89805606751382));
#16101=CARTESIAN_POINT('',(-1.75,0.,-2.));
#16102=CARTESIAN_POINT('Origin',(-1.45,0.,-3.15));
#16103=CARTESIAN_POINT('',(-1.20000000000001,0.1,-3.15));
#16104=CARTESIAN_POINT('',(-2.76079881656805,0.1,-3.15));
#16105=CARTESIAN_POINT('',(-0.950000000000001,0.,-3.15));
#16106=CARTESIAN_POINT('',(-1.2,0.6,-3.15));
#16107=CARTESIAN_POINT('Origin',(-1.1,0.,1.));
#16108=CARTESIAN_POINT('',(-1.1,0.,1.));
#16109=CARTESIAN_POINT('Origin',(-1.1,0.,1.7));
#16110=CARTESIAN_POINT('',(-1.1,0.,1.7));
#16111=CARTESIAN_POINT('Origin',(-2.4,0.,1.7));
#16112=CARTESIAN_POINT('',(-2.4,1.18979168388714,1.7));
#16113=CARTESIAN_POINT('Origin',(-3.65,2.45,1.7));
#16114=CARTESIAN_POINT('',(-2.4,0.,1.7));
#16115=CARTESIAN_POINT('Origin',(-2.4,0.,-0.949999999999997));
#16116=CARTESIAN_POINT('',(-2.4,1.18979168388714,2.5));
#16117=CARTESIAN_POINT('',(-2.4,0.1,-0.5));
#16118=CARTESIAN_POINT('',(-2.4,0.,-0.5));
#16119=CARTESIAN_POINT('',(-2.4,0.1,-3.43579881656805));
#16120=CARTESIAN_POINT('Origin',(-1.75,0.,-3.4));
#16121=CARTESIAN_POINT('',(-1.75,0.1,-3.4));
#16122=CARTESIAN_POINT('',(-1.75,0.1,-4.66079881656805));
#16123=CARTESIAN_POINT('',(-1.75,0.,-3.4));
#16124=CARTESIAN_POINT('Origin',(-0.950000000000001,0.,-3.4));
#16125=CARTESIAN_POINT('',(-1.20000000000001,0.1,-3.4));
#16126=CARTESIAN_POINT('',(-2.51079881656805,0.1,-3.4));
#16127=CARTESIAN_POINT('',(-1.2,0.6,-3.4));
#16128=CARTESIAN_POINT('',(-0.950000000000001,0.,-3.4));
#16129=CARTESIAN_POINT('Origin',(-0.950000000000001,0.,-3.15));
#16130=CARTESIAN_POINT('Origin',(-5.15,0.,-0.5));
#16131=CARTESIAN_POINT('',(-5.15,1.50098735519488,-3.5));
#16132=CARTESIAN_POINT('',(-5.15,1.50098735519489,-0.5));
#16133=CARTESIAN_POINT('',(-5.15,1.50098735519489,2.5));
#16134=CARTESIAN_POINT('',(-5.15,0.1,-3.5));
#16135=CARTESIAN_POINT('',(-5.15,0.,-3.5));
#16136=CARTESIAN_POINT('',(-5.15,0.1,-0.5));
#16137=CARTESIAN_POINT('',(-5.15,0.1,-3.21079881656805));
#16138=CARTESIAN_POINT('',(-5.15,0.,-0.5));
#16139=CARTESIAN_POINT('Origin',(-5.7,0.,-4.54999999999999));
#16140=CARTESIAN_POINT('',(-5.7,0.1,-4.54999999999999));
#16141=CARTESIAN_POINT('',(-5.7,0.1,-5.8));
#16142=CARTESIAN_POINT('',(-5.7,0.1,-5.23579881656805));
#16143=CARTESIAN_POINT('',(-5.7,3.2,-4.54999999999999));
#16144=CARTESIAN_POINT('',(-5.7,0.,-4.54999999999999));
#16145=CARTESIAN_POINT('',(-5.7,3.2,-5.8));
#16146=CARTESIAN_POINT('',(-5.7,3.2,-3.3));
#16147=CARTESIAN_POINT('',(-5.7,0.,-5.8));
#16148=CARTESIAN_POINT('Origin',(-5.7,0.,-5.8));
#16149=CARTESIAN_POINT('',(-6.5,0.1,-5.79999999999999));
#16150=CARTESIAN_POINT('',(-4.88579881656805,0.1,-5.8));
#16151=CARTESIAN_POINT('',(-6.5,3.2,-5.79999999999999));
#16152=CARTESIAN_POINT('',(-4.7125,3.2,-5.8));
#16153=CARTESIAN_POINT('',(-6.5,0.,-5.79999999999999));
#16154=CARTESIAN_POINT('Origin',(-3.725,3.2,-2.05));
#16155=CARTESIAN_POINT('',(-5.25876505431962,3.2,-0.5));
#16156=CARTESIAN_POINT('',(-5.25876505431962,3.2,-3.70764237642836));
#16157=CARTESIAN_POINT('',(-5.25876505431962,3.2,2.5));
#16158=CARTESIAN_POINT('',(-6.4,3.2,-0.500000000000001));
#16159=CARTESIAN_POINT('',(-5.0625,3.2,-0.5));
#16160=CARTESIAN_POINT('',(-6.4,3.2,-1.4));
#16161=CARTESIAN_POINT('',(-6.4,3.2,-1.725));
#16162=CARTESIAN_POINT('',(-6.,3.2,-1.4));
#16163=CARTESIAN_POINT('',(-4.8625,3.2,-1.39999999999999));
#16164=CARTESIAN_POINT('',(-6.,3.2,-5.55));
#16165=CARTESIAN_POINT('',(-6.,3.2,-3.8));
#16166=CARTESIAN_POINT('',(-6.5,3.2,-5.54999999999999));
#16167=CARTESIAN_POINT('',(-5.1125,3.2,-5.55));
#16168=CARTESIAN_POINT('',(-6.5,3.2,-3.925));
#16169=CARTESIAN_POINT('',(-4.6985987544484,3.2,-2.63823398576512));
#16170=CARTESIAN_POINT('Origin',(-6.5,0.,-5.79999999999999));
#16171=CARTESIAN_POINT('',(-6.5,0.1,-5.54999999999999));
#16172=CARTESIAN_POINT('',(-6.5,0.1,-5.86079881656804));
#16173=CARTESIAN_POINT('',(-6.5,0.,-5.54999999999999));
#16174=CARTESIAN_POINT('Origin',(-6.5,0.,-5.54999999999999));
#16175=CARTESIAN_POINT('',(-6.,0.1,-5.55));
#16176=CARTESIAN_POINT('',(-5.28579881656805,0.1,-5.55));
#16177=CARTESIAN_POINT('',(-6.,0.,-5.55));
#16178=CARTESIAN_POINT('Origin',(-6.,0.,-5.55));
#16179=CARTESIAN_POINT('',(-6.,0.1,-1.4));
#16180=CARTESIAN_POINT('',(-6.,0.1,-5.73579881656805));
#16181=CARTESIAN_POINT('',(-6.,0.,-1.4));
#16182=CARTESIAN_POINT('Origin',(-6.,0.,-1.4));
#16183=CARTESIAN_POINT('',(-6.4,0.1,-1.4));
#16184=CARTESIAN_POINT('',(-5.03579881656805,0.1,-1.39999999999999));
#16185=CARTESIAN_POINT('',(-6.4,0.,-1.4));
#16186=CARTESIAN_POINT('Origin',(-6.4,0.,-1.4));
#16187=CARTESIAN_POINT('',(-6.4,0.1,-0.500000000000001));
#16188=CARTESIAN_POINT('',(-6.4,0.1,-3.66079881656805));
#16189=CARTESIAN_POINT('',(-6.4,0.,-0.500000000000001));
#16190=CARTESIAN_POINT('Origin',(-5.15,0.,-3.5));
#16191=CARTESIAN_POINT('Origin',(-3.65,2.45,-0.636363636363655));
#16192=CARTESIAN_POINT('',(-5.53158573564405,0.1,-4.22848185895681));
#16193=CARTESIAN_POINT('Origin',(-1.2,1.2,-11.5));
#16194=CARTESIAN_POINT('',(-1.2,0.1,-9.25));
#16195=CARTESIAN_POINT('',(-1.2,0.1,-11.5));
#16196=CARTESIAN_POINT('',(-1.2,0.3,-9.25));
#16197=CARTESIAN_POINT('',(-1.2,0.,-9.25));
#16198=CARTESIAN_POINT('',(-1.2,0.3,-4.));
#16199=CARTESIAN_POINT('',(-1.2,0.3,-5.85));
#16200=CARTESIAN_POINT('',(-1.2,4.1,-4.));
#16201=CARTESIAN_POINT('',(-1.2,2.7,-4.));
#16202=CARTESIAN_POINT('',(-1.2,4.1,-11.5));
#16203=CARTESIAN_POINT('Origin',(-1.2,1.2,-11.5));
#16204=CARTESIAN_POINT('',(-1.20000000000001,0.1,-0.499999999999998));
#16205=CARTESIAN_POINT('',(-1.20000000000001,0.,-0.499999999999999));
#16206=CARTESIAN_POINT('',(-1.2,0.1,-11.5));
#16207=CARTESIAN_POINT('Origin',(-7.1,0.,-0.500000000000001));
#16208=CARTESIAN_POINT('',(-1.20000000000001,0.1,-0.499999999999999));
#16209=CARTESIAN_POINT('Origin',(-7.1,0.,-0.500000000000001));
#16210=CARTESIAN_POINT('',(-7.1,0.1,-0.5));
#16211=CARTESIAN_POINT('',(-7.1,0.,-0.5));
#16212=CARTESIAN_POINT('',(-1.20000000000001,0.1,-0.499999999999999));
#16213=CARTESIAN_POINT('Origin',(-3.65,2.45,-0.500000000000002));
#16214=CARTESIAN_POINT('',(-1.20000000000001,0.1,-0.499999999999999));
#16215=CARTESIAN_POINT('Origin',(-4.0715976331361,0.1,-5.92159763313609));
#16216=CARTESIAN_POINT('Origin',(1.4,2.45,2.5));
#16217=CARTESIAN_POINT('',(1.40000000005821,3.4,2.5));
#16218=CARTESIAN_POINT('Origin',(1.4,2.45,2.5));
#16219=CARTESIAN_POINT('',(1.40000000005821,3.4,-1.05));
#16220=CARTESIAN_POINT('Origin',(1.4,2.45,-1.05));
#16221=CARTESIAN_POINT('',(1.40000000005821,3.4,2.5));
#16222=CARTESIAN_POINT('Origin',(4.65,2.45,2.5));
#16223=CARTESIAN_POINT('',(4.65000000002911,3.4,2.5));
#16224=CARTESIAN_POINT('Origin',(4.65,2.45,2.5));
#16225=CARTESIAN_POINT('',(4.6500000000291,3.4,-1.05));
#16226=CARTESIAN_POINT('',(4.65000000002911,3.4,2.5));
#16227=CARTESIAN_POINT('Origin',(4.65,2.45,-1.05));
#16228=CARTESIAN_POINT('Origin',(1.40000000005821,3.4,2.5));
#16229=CARTESIAN_POINT('',(1.40000000005821,3.4,-1.05));
#16230=CARTESIAN_POINT('',(2.21250096746917,3.4,2.5));
#16231=CARTESIAN_POINT('',(1.40000000005821,3.4,-1.05));
#16232=CARTESIAN_POINT('',(1.40000000005821,3.4,-1.05));
#16233=CARTESIAN_POINT('Origin',(3.02500000001939,2.45000000000756,-1.05));
#16234=CARTESIAN_POINT('Origin',(-6.6,0.,-6.2));
#16235=CARTESIAN_POINT('',(-7.1,0.,-6.2));
#16236=CARTESIAN_POINT('',(-3.7619892996109,0.,-6.2));
#16237=CARTESIAN_POINT('',(-7.1,0.1,-6.2));
#16238=CARTESIAN_POINT('',(-7.1,0.1,-6.2));
#16239=CARTESIAN_POINT('',(-7.1,0.,-6.2));
#16240=CARTESIAN_POINT('Origin',(-4.0715976331361,0.1,-5.92159763313609));
#16241=CARTESIAN_POINT('',(-7.1,0.1,-8.71079881656805));
#16242=CARTESIAN_POINT('',(-6.35,0.1,-7.1));
#16243=CARTESIAN_POINT('',(-5.33579881656805,0.1,-7.1));
#16244=CARTESIAN_POINT('',(-6.35,0.1,-11.5));
#16245=CARTESIAN_POINT('',(-6.35,0.1,-8.71079881656805));
#16246=CARTESIAN_POINT('',(-5.85,0.1,-11.5));
#16247=CARTESIAN_POINT('',(-2.41079881656805,0.1,-11.5));
#16248=CARTESIAN_POINT('',(-5.85,0.1,-9.75));
#16249=CARTESIAN_POINT('',(-5.85,0.1,-8.71079881656805));
#16250=CARTESIAN_POINT('',(-5.6,0.1,-9.75));
#16251=CARTESIAN_POINT('',(-4.96079881656805,0.1,-9.75));
#16252=CARTESIAN_POINT('',(-5.6,0.1,-11.5));
#16253=CARTESIAN_POINT('',(-5.6,0.1,-8.71079881656805));
#16254=CARTESIAN_POINT('',(-1.5,0.1,-11.5));
#16255=CARTESIAN_POINT('',(-2.41079881656805,0.1,-11.5));
#16256=CARTESIAN_POINT('',(-1.5,0.1,-9.25));
#16257=CARTESIAN_POINT('',(-1.5,0.1,-8.71079881656805));
#16258=CARTESIAN_POINT('',(-2.78579881656805,0.1,-9.25));
#16259=CARTESIAN_POINT('Origin',(-7.1,0.,-11.5));
#16260=CARTESIAN_POINT('',(-7.1,0.,-11.5));
#16261=CARTESIAN_POINT('',(-7.1,0.,-11.5));
#16262=CARTESIAN_POINT('',(-7.1,0.,-11.5));
#16263=CARTESIAN_POINT('',(-7.1,4.5,4.44089209850063E-15));
#16264=CARTESIAN_POINT('',(-7.1,0.,4.44089209850063E-15));
#16265=CARTESIAN_POINT('',(-7.1,4.5,-11.5));
#16266=CARTESIAN_POINT('Origin',(-1.5,0.,-9.25));
#16267=CARTESIAN_POINT('',(-1.5,0.3,-9.25));
#16268=CARTESIAN_POINT('',(-1.5,0.,-9.25));
#16269=CARTESIAN_POINT('',(-1.5,0.3,-9.25));
#16270=CARTESIAN_POINT('Origin',(-1.5,4.1,-11.5));
#16271=CARTESIAN_POINT('',(-1.5,1.2,-11.5));
#16272=CARTESIAN_POINT('',(-1.5,2.05,-11.5));
#16273=CARTESIAN_POINT('',(-1.5,1.2,-4.));
#16274=CARTESIAN_POINT('',(-1.5,1.2,-11.5));
#16275=CARTESIAN_POINT('',(-1.5,0.3,-4.));
#16276=CARTESIAN_POINT('',(-1.5,1.7,-4.));
#16277=CARTESIAN_POINT('',(-1.5,0.3,-5.85));
#16278=CARTESIAN_POINT('Origin',(-0.750000000000004,0.,-11.5));
#16279=CARTESIAN_POINT('',(-5.6,1.2,-11.5));
#16280=CARTESIAN_POINT('',(-5.6,0.,-11.5));
#16281=CARTESIAN_POINT('',(-4.91020831611286,1.2,-11.5));
#16282=CARTESIAN_POINT('',(-3.675,1.2,-11.5));
#16283=CARTESIAN_POINT('',(-2.38979168388715,1.2,-11.5));
#16284=CARTESIAN_POINT('Origin',(-3.65000000000001,2.45,-11.5));
#16285=CARTESIAN_POINT('',(-3.675,1.2,-11.5));
#16286=CARTESIAN_POINT('Origin',(-5.6,0.3,-11.5));
#16287=CARTESIAN_POINT('',(-5.6,0.300000000000001,-9.75));
#16288=CARTESIAN_POINT('',(-5.6,0.,-9.75));
#16289=CARTESIAN_POINT('',(-5.6,0.3,-5.85));
#16290=CARTESIAN_POINT('',(-5.6,0.3,-11.5));
#16291=CARTESIAN_POINT('',(-5.6,1.2,-5.85));
#16292=CARTESIAN_POINT('',(-5.6,1.25,-5.85));
#16293=CARTESIAN_POINT('',(-5.6,1.2,-11.5));
#16294=CARTESIAN_POINT('Origin',(-6.6,0.,-7.1));
#16295=CARTESIAN_POINT('',(-6.35,0.300000000000001,-7.1));
#16296=CARTESIAN_POINT('',(-6.6,0.3,-7.1));
#16297=CARTESIAN_POINT('',(-6.35,0.,-7.1));
#16298=CARTESIAN_POINT('Origin',(-5.85,0.,-9.75));
#16299=CARTESIAN_POINT('',(-5.85,0.300000000000001,-9.75));
#16300=CARTESIAN_POINT('',(-5.85,0.,-9.75));
#16301=CARTESIAN_POINT('',(-5.85,0.3,-9.75));
#16302=CARTESIAN_POINT('Origin',(-0.750000000000004,0.,-11.5));
#16303=CARTESIAN_POINT('',(-6.35,1.2,-11.5));
#16304=CARTESIAN_POINT('',(-6.35,0.149999999999999,-11.5));
#16305=CARTESIAN_POINT('',(-5.85,1.2,-11.5));
#16306=CARTESIAN_POINT('',(-3.675,1.2,-11.5));
#16307=CARTESIAN_POINT('',(-5.85,2.05,-11.5));
#16308=CARTESIAN_POINT('Origin',(-0.750000000000004,0.,-11.5));
#16309=CARTESIAN_POINT('',(-0.750000000000004,0.,-11.5));
#16310=CARTESIAN_POINT('Origin',(-0.923978599221792,0.,-4.82602140077821));
#16311=CARTESIAN_POINT('Origin',(-6.6,1.2,-11.5));
#16312=CARTESIAN_POINT('',(-2.38979168388715,1.2,-4.));
#16313=CARTESIAN_POINT('',(-2.38979168388714,1.2,2.5));
#16314=CARTESIAN_POINT('',(-1.2,1.2,-4.));
#16315=CARTESIAN_POINT('Origin',(-6.35,0.3,-11.5));
#16316=CARTESIAN_POINT('',(-6.35,0.3,-5.85));
#16317=CARTESIAN_POINT('',(-6.35,0.3,-11.5));
#16318=CARTESIAN_POINT('',(-6.35,1.2,-5.85));
#16319=CARTESIAN_POINT('',(-6.35,1.25,-5.85));
#16320=CARTESIAN_POINT('',(-6.35,1.2,-11.5));
#16321=CARTESIAN_POINT('Origin',(-6.35,0.3,-11.5));
#16322=CARTESIAN_POINT('',(-6.35,3.2,-5.85));
#16323=CARTESIAN_POINT('',(-6.35,3.2,-11.5));
#16324=CARTESIAN_POINT('',(-6.35,4.1,-5.85));
#16325=CARTESIAN_POINT('',(-6.35,1.25,-5.85));
#16326=CARTESIAN_POINT('',(-6.35,4.1,-11.5));
#16327=CARTESIAN_POINT('Origin',(-6.6,0.3,-11.5));
#16328=CARTESIAN_POINT('',(-5.25,0.3,-5.85));
#16329=CARTESIAN_POINT('Origin',(-6.35,4.1,-11.5));
#16330=CARTESIAN_POINT('',(-5.125,4.1,-5.85));
#16331=CARTESIAN_POINT('Origin',(-1.5,4.1,-11.5));
#16332=CARTESIAN_POINT('',(-1.5,3.2,-4.));
#16333=CARTESIAN_POINT('',(-1.5,3.2,-11.5));
#16334=CARTESIAN_POINT('',(-1.5,4.1,-4.));
#16335=CARTESIAN_POINT('',(-1.5,4.1,-5.85));
#16336=CARTESIAN_POINT('',(-1.5,3.15,-4.));
#16337=CARTESIAN_POINT('Origin',(-1.2,4.1,-11.5));
#16338=CARTESIAN_POINT('',(-1.275,4.1,-4.));
#16339=CARTESIAN_POINT('Origin',(-1.5,0.3,-11.5));
#16340=CARTESIAN_POINT('',(-1.42500000000001,0.3,-4.));
#16341=CARTESIAN_POINT('Origin',(-5.85,4.1,-11.5));
#16342=CARTESIAN_POINT('',(-5.85,3.2,-5.85));
#16343=CARTESIAN_POINT('',(-5.85,3.2,-11.5));
#16344=CARTESIAN_POINT('',(-5.85,4.1,-5.85));
#16345=CARTESIAN_POINT('',(-5.85,4.1,-11.5));
#16346=CARTESIAN_POINT('',(-5.85,3.15,-5.85));
#16347=CARTESIAN_POINT('Origin',(-5.6,0.3,-11.5));
#16348=CARTESIAN_POINT('',(-5.6,3.2,-5.85));
#16349=CARTESIAN_POINT('',(-5.6,3.2,-11.5));
#16350=CARTESIAN_POINT('',(-5.6,4.1,-5.85));
#16351=CARTESIAN_POINT('',(-5.6,1.25,-5.85));
#16352=CARTESIAN_POINT('',(-5.6,4.1,-11.5));
#16353=CARTESIAN_POINT('Origin',(-5.6,4.1,-11.5));
#16354=CARTESIAN_POINT('',(-4.75,4.1,-5.85));
#16355=CARTESIAN_POINT('Origin',(-5.85,4.1,-11.5));
#16356=CARTESIAN_POINT('',(-5.85,1.2,-5.85));
#16357=CARTESIAN_POINT('',(-5.85,1.2,-11.5));
#16358=CARTESIAN_POINT('',(-5.85,0.3,-5.85));
#16359=CARTESIAN_POINT('',(-5.85,3.15,-5.85));
#16360=CARTESIAN_POINT('',(-5.85,0.3,-11.5));
#16361=CARTESIAN_POINT('Origin',(-5.85,0.3,-11.5));
#16362=CARTESIAN_POINT('',(-4.875,0.3,-5.85));
#16363=CARTESIAN_POINT('Origin',(-1.2,3.2,-11.5));
#16364=CARTESIAN_POINT('',(-2.04123494568039,3.2,-4.));
#16365=CARTESIAN_POINT('',(-2.04123494568039,3.2,-4.));
#16366=CARTESIAN_POINT('',(-2.04123494568038,3.2,2.5));
#16367=CARTESIAN_POINT('Origin',(-6.6,1.2,-11.5));
#16368=CARTESIAN_POINT('',(-4.91020831611286,1.2,-5.85));
#16369=CARTESIAN_POINT('',(-6.6,1.2,-5.85));
#16370=CARTESIAN_POINT('',(-4.91020831611286,1.2,2.5));
#16371=CARTESIAN_POINT('Origin',(-1.2,3.2,-11.5));
#16372=CARTESIAN_POINT('',(-5.25876505431962,3.2,-5.85));
#16373=CARTESIAN_POINT('',(-5.25876505431962,3.2,2.5));
#16374=CARTESIAN_POINT('',(-1.2,3.2,-5.85));
#16375=CARTESIAN_POINT('Origin',(-1.61938448921934,2.12792718474916,-4.));
#16376=CARTESIAN_POINT('Origin',(-3.65,2.45,-4.));
#16377=CARTESIAN_POINT('Origin',(-6.6,1.2,-11.5));
#16378=CARTESIAN_POINT('',(-6.6,1.2,-5.85));
#16379=CARTESIAN_POINT('Origin',(-3.9,2.2,-5.85));
#16380=CARTESIAN_POINT('',(-1.2,3.2,-5.85));
#16381=CARTESIAN_POINT('Origin',(-3.65,2.45,-5.85));
#16382=CARTESIAN_POINT('Origin',(-1.2,3.2,-11.5));
#16383=CARTESIAN_POINT('Origin',(-3.65,2.45,2.5));
#16384=CARTESIAN_POINT('',(-1.875,2.45,2.5));
#16385=CARTESIAN_POINT('Origin',(-3.65,2.45,2.5));
#16386=CARTESIAN_POINT('Origin',(-3.65,2.45,2.));
#16387=CARTESIAN_POINT('',(-1.375,2.45,2.5));
#16388=CARTESIAN_POINT('Origin',(-3.65,2.45,2.5));
#16389=CARTESIAN_POINT('Origin',(-3.65,2.45,2.5));
#16390=CARTESIAN_POINT('Origin',(1.4,0.95,2.));
#16391=CARTESIAN_POINT('',(1.4,0.95,2.5));
#16392=CARTESIAN_POINT('',(4.65,0.95,2.5));
#16393=CARTESIAN_POINT('',(1.4,0.95,2.));
#16394=CARTESIAN_POINT('Origin',(1.4,2.45,2.));
#16395=CARTESIAN_POINT('Origin',(1.4,2.45,2.5));
#16396=CARTESIAN_POINT('Origin',(3.02500193488013,2.45,2.5));
#16397=CARTESIAN_POINT('Origin',(-5.5,0.6,3.94050989021887E-15));
#16398=CARTESIAN_POINT('',(-6.1,0.6,4.12815321832453E-15));
#16399=CARTESIAN_POINT('',(-6.1,0.6,4.12815321832453E-15));
#16400=CARTESIAN_POINT('Origin',(-5.5,0.6,3.5527136788005E-15));
#16401=CARTESIAN_POINT('Origin',(-6.1,2.45,4.12815321832453E-15));
#16402=CARTESIAN_POINT('',(-6.1,2.45,4.12815321832453E-15));
#16403=CARTESIAN_POINT('',(-6.1,2.45,4.12815321832453E-15));
#16404=CARTESIAN_POINT('',(-6.1,1.225,4.12815321832453E-15));
#16405=CARTESIAN_POINT('Origin',(-3.65,2.45,3.36194296189308E-15));
#16406=CARTESIAN_POINT('',(-4.99164078649987,4.5,3.78152619906163E-15));
#16407=CARTESIAN_POINT('Origin',(-3.65,2.45,3.36194296189308E-15));
#16408=CARTESIAN_POINT('Origin',(-3.65,2.45,2.52575738102223E-15));
#16409=CARTESIAN_POINT('Origin',(0.175394042025752,2.33810170041219,2.16559351295762E-15));
#16410=CARTESIAN_POINT('',(-7.1,4.5,4.44089209850063E-15));
#16411=CARTESIAN_POINT('',(-7.1,4.5,4.44089209850063E-15));
#16412=CARTESIAN_POINT('',(-7.1,4.5,4.44089209850063E-15));
#16413=CARTESIAN_POINT('Origin',(-7.1,0.,4.44089209850063E-15));
#16414=CARTESIAN_POINT('',(7.1,4.5,0.));
#16415=CARTESIAN_POINT('',(7.1,0.,0.));
#16416=CARTESIAN_POINT('',(-7.1,4.5,4.44089209850063E-15));
#16417=CARTESIAN_POINT('Origin',(-7.1,0.,4.44089209850063E-15));
#16418=CARTESIAN_POINT('',(7.1,0.,0.));
#16419=CARTESIAN_POINT('Origin',(-7.1,0.,4.44089209850063E-15));
#16420=CARTESIAN_POINT('',(-7.1,4.5,4.44089209850063E-15));
#16421=CARTESIAN_POINT('Origin',(-0.750000000000002,0.,-5.45));
#16422=CARTESIAN_POINT('',(-0.750000000000002,4.5,-5.45));
#16423=CARTESIAN_POINT('Origin',(7.1,0.,0.));
#16424=CARTESIAN_POINT('',(7.1,4.5,0.));
#16425=CARTESIAN_POINT('Origin',(-0.923978599221792,4.5,-4.82602140077821));
#16426=CARTESIAN_POINT('',(0.,0.,0.));
#16427=CARTESIAN_POINT('Origin',(-0.5,4.2,0.4));
#16428=CARTESIAN_POINT('',(-0.306350832652685,4.2,0.449999999856917));
#16429=CARTESIAN_POINT('',(-0.3,4.19791303715507,0.4));
#16430=CARTESIAN_POINT('Origin',(-0.520580460594074,4.12622311342577,0.400439482139081));
#16431=CARTESIAN_POINT('',(-0.3,3.89580398915498,0.4));
#16432=CARTESIAN_POINT('',(-0.3,4.2,0.4));
#16433=CARTESIAN_POINT('',(-0.306350832689629,3.9,0.45));
#16434=CARTESIAN_POINT('Origin',(-0.548673933957137,3.73384909550001,0.407625129193193));
#16435=CARTESIAN_POINT('',(-0.5,3.9,0.6));
#16436=CARTESIAN_POINT('Origin',(-0.5,3.9,0.4));
#16437=CARTESIAN_POINT('',(-0.5,4.2,0.6));
#16438=CARTESIAN_POINT('',(-0.5,4.2,0.6));
#16439=CARTESIAN_POINT('Origin',(-0.5,4.2,0.4));
#16440=CARTESIAN_POINT('Origin',(-0.75,4.2,0.6));
#16441=CARTESIAN_POINT('',(-0.75,3.9,0.6));
#16442=CARTESIAN_POINT('',(-0.375,3.9,0.6));
#16443=CARTESIAN_POINT('',(-0.75,4.2,0.6));
#16444=CARTESIAN_POINT('',(-0.75,4.21880599388605,0.6));
#16445=CARTESIAN_POINT('',(-0.375,4.2,0.6));
#16446=CARTESIAN_POINT('Origin',(0.5,3.6,0.4));
#16447=CARTESIAN_POINT('',(0.5,4.2,0.6));
#16448=CARTESIAN_POINT('',(0.306350832652685,4.2,0.449999999856917));
#16449=CARTESIAN_POINT('Origin',(0.5,4.2,0.4));
#16450=CARTESIAN_POINT('',(0.5,3.9,0.6));
#16451=CARTESIAN_POINT('',(0.5,3.6,0.6));
#16452=CARTESIAN_POINT('',(0.306350832689629,3.9,0.45));
#16453=CARTESIAN_POINT('Origin',(0.5,3.9,0.4));
#16454=CARTESIAN_POINT('',(0.3,3.89580398915498,0.4));
#16455=CARTESIAN_POINT('Origin',(0.548673933992946,3.73384909547616,0.407625129191064));
#16456=CARTESIAN_POINT('',(0.3,4.19791303715507,0.4));
#16457=CARTESIAN_POINT('',(0.3,3.6,0.4));
#16458=CARTESIAN_POINT('Origin',(0.520580460641831,4.1262231134098,0.400439482133885));
#16459=CARTESIAN_POINT('Origin',(0.3,3.6,0.));
#16460=CARTESIAN_POINT('',(0.3,3.6,0.15));
#16461=CARTESIAN_POINT('Origin',(0.3,3.6,0.45));
#16462=CARTESIAN_POINT('',(0.3,3.6,-0.15));
#16463=CARTESIAN_POINT('',(0.3,3.6,0.));
#16464=CARTESIAN_POINT('Origin',(0.3,3.6,0.45));
#16465=CARTESIAN_POINT('Origin',(-0.985576848513834,2.11880599388605,3.79102556438861));
#16466=CARTESIAN_POINT('',(-0.485854395024257,4.16505457920415,3.77436814927229));
#16467=CARTESIAN_POINT('',(-0.505275809935737,4.05463917525773,3.6520618556701));
#16468=CARTESIAN_POINT('Origin',(-0.985576848513834,4.18009252340638,3.79102556438861));
#16469=CARTESIAN_POINT('',(-0.485854395024257,4.56786826427839,3.77436814927229));
#16470=CARTESIAN_POINT('',(-0.485854395024257,2.11880599388605,3.77436814927229));
#16471=CARTESIAN_POINT('',(-0.487436833826513,4.54536082474227,3.7479381443299));
#16472=CARTESIAN_POINT('Origin',(-0.967173149652903,3.89363577789297,4.08544918499378));
#16473=CARTESIAN_POINT('',(-0.61896581879004,4.2773195876293,3.45103092783553));
#16474=CARTESIAN_POINT('Origin',(-0.985576848513834,4.58425919007305,3.79102556438861));
#16475=CARTESIAN_POINT('',(-0.75,4.21715728752539,3.35));
#16476=CARTESIAN_POINT('Ctrl Pts',(-0.618965818790037,4.27731958762931,
3.45103092783553));
#16477=CARTESIAN_POINT('Ctrl Pts',(-0.642876685256166,4.25404351867639,
3.42524820530318));
#16478=CARTESIAN_POINT('Ctrl Pts',(-0.67796449933366,4.23612113950265,3.39477150779896));
#16479=CARTESIAN_POINT('Ctrl Pts',(-0.723898439764671,4.22267007242541,
3.36472689421276));
#16480=CARTESIAN_POINT('Ctrl Pts',(-0.736646349786715,4.21967916420584,
3.35713294440825));
#16481=CARTESIAN_POINT('Ctrl Pts',(-0.75,4.21715728752539,3.35));
#16482=CARTESIAN_POINT('',(-0.75,3.90839202169004,3.35));
#16483=CARTESIAN_POINT('',(-0.75,2.11880599388605,3.35));
#16484=CARTESIAN_POINT('Ctrl Pts',(-0.75,3.90839202169004,3.35));
#16485=CARTESIAN_POINT('Ctrl Pts',(-0.696410795912911,3.91323053709293,
3.37862504315527));
#16486=CARTESIAN_POINT('Ctrl Pts',(-0.648971312319298,3.92200070648455,
3.41707713061399));
#16487=CARTESIAN_POINT('Ctrl Pts',(-0.588729807677017,3.94720001637041,
3.4848974610588));
#16488=CARTESIAN_POINT('Ctrl Pts',(-0.56721013706537,3.96056068079057,3.51500263404784));
#16489=CARTESIAN_POINT('Ctrl Pts',(-0.532904459008678,3.99497241434073,
3.57583480944574));
#16490=CARTESIAN_POINT('Ctrl Pts',(-0.520028533862258,4.0161096308576,3.6064622671231));
#16491=CARTESIAN_POINT('Ctrl Pts',(-0.509008804369091,4.04363027643583,
3.63960783372985));
#16492=CARTESIAN_POINT('Ctrl Pts',(-0.507066511488359,4.04905169244942,
3.64587264394397));
#16493=CARTESIAN_POINT('Ctrl Pts',(-0.505275809935737,4.05463917525773,
3.6520618556701));
#16494=CARTESIAN_POINT('Origin',(0.985576848513834,2.11880599388605,3.79102556438861));
#16495=CARTESIAN_POINT('',(0.75,4.21715728752539,3.35));
#16496=CARTESIAN_POINT('',(0.618965818790039,4.2773195876293,3.45103092783553));
#16497=CARTESIAN_POINT('Ctrl Pts',(0.75,4.21715728752539,3.35));
#16498=CARTESIAN_POINT('Ctrl Pts',(0.736646349786715,4.21967916420584,3.35713294440825));
#16499=CARTESIAN_POINT('Ctrl Pts',(0.723898439764671,4.22267007242541,3.36472689421276));
#16500=CARTESIAN_POINT('Ctrl Pts',(0.67796449933366,4.23612113950265,3.39477150779896));
#16501=CARTESIAN_POINT('Ctrl Pts',(0.642876685256165,4.25404351867639,3.42524820530318));
#16502=CARTESIAN_POINT('Ctrl Pts',(0.618965818790036,4.27731958762931,3.45103092783553));
#16503=CARTESIAN_POINT('',(0.487436833826513,4.54536082474227,3.7479381443299));
#16504=CARTESIAN_POINT('Origin',(0.985576848513834,4.58425919007305,3.79102556438861));
#16505=CARTESIAN_POINT('',(0.485854395024257,4.56786826427839,3.77436814927229));
#16506=CARTESIAN_POINT('Origin',(0.967173197425339,3.89363571201418,4.08544921727554));
#16507=CARTESIAN_POINT('',(0.485854395024257,4.16505457920415,3.77436814927229));
#16508=CARTESIAN_POINT('',(0.485854395024257,2.11880599388605,3.77436814927229));
#16509=CARTESIAN_POINT('',(0.505275809935737,4.05463917525773,3.6520618556701));
#16510=CARTESIAN_POINT('Origin',(0.985576848513834,4.18009252340638,3.79102556438861));
#16511=CARTESIAN_POINT('',(0.75,3.90839202169004,3.35));
#16512=CARTESIAN_POINT('Ctrl Pts',(0.505275809935737,4.05463917525773,3.6520618556701));
#16513=CARTESIAN_POINT('Ctrl Pts',(0.507066511488359,4.04905169244942,3.64587264394397));
#16514=CARTESIAN_POINT('Ctrl Pts',(0.509008804369091,4.04363027643583,3.63960783372985));
#16515=CARTESIAN_POINT('Ctrl Pts',(0.520028533862258,4.0161096308576,3.6064622671231));
#16516=CARTESIAN_POINT('Ctrl Pts',(0.532904459008678,3.99497241434073,3.57583480944574));
#16517=CARTESIAN_POINT('Ctrl Pts',(0.56721013706537,3.96056068079057,3.51500263404784));
#16518=CARTESIAN_POINT('Ctrl Pts',(0.588729807677017,3.94720001637041,3.4848974610588));
#16519=CARTESIAN_POINT('Ctrl Pts',(0.648971312319298,3.92200070648455,3.41707713061399));
#16520=CARTESIAN_POINT('Ctrl Pts',(0.696410795912911,3.91323053709293,3.37862504315527));
#16521=CARTESIAN_POINT('Ctrl Pts',(0.75,3.90839202169004,3.35));
#16522=CARTESIAN_POINT('',(0.75,2.11880599388605,3.35));
#16523=CARTESIAN_POINT('Origin',(-0.4,0.,6.35));
#16524=CARTESIAN_POINT('',(-0.480034364261168,4.32268041237113,3.94896907216495));
#16525=CARTESIAN_POINT('',(-0.493641402790229,3.95415645220908,3.54075791629314));
#16526=CARTESIAN_POINT('',(-0.473333333333333,4.4,4.15));
#16527=CARTESIAN_POINT('Origin',(-0.473333333333333,4.1,4.15));
#16528=CARTESIAN_POINT('',(-0.446666666666667,4.4,4.95));
#16529=CARTESIAN_POINT('',(-0.423085460599334,4.4,5.65743618201998));
#16530=CARTESIAN_POINT('',(-0.441547808965276,4.35771605741518,5.10356573104171));
#16531=CARTESIAN_POINT('Origin',(-0.446666666666667,4.1,4.95));
#16532=CARTESIAN_POINT('',(-0.431861823253693,4.18456788516964,5.39414530238922));
#16533=CARTESIAN_POINT('',(-0.389281528118102,3.42339597185716,6.67155415645693));
#16534=CARTESIAN_POINT('',(-0.408222045995242,4.25463917525773,6.10333862014274));
#16535=CARTESIAN_POINT('Origin',(-0.421624107850912,4.7,5.70127676447264));
#16536=CARTESIAN_POINT('',(-0.4,4.47731958762887,6.35));
#16537=CARTESIAN_POINT('',(-0.436971619864452,3.47600488296661,5.24085140406643));
#16538=CARTESIAN_POINT('',(-0.406701030927835,4.7,6.14896907216495));
#16539=CARTESIAN_POINT('',(-0.366150928458063,3.35248890254294,7.36547214625813));
#16540=CARTESIAN_POINT('',(-0.414923076923077,4.47731958762887,5.90230769230769));
#16541=CARTESIAN_POINT('',(-0.447777058918089,3.58752424193063,4.91668823245733));
#16542=CARTESIAN_POINT('',(-0.426742965552302,4.44228394258482,5.54771103343093));
#16543=CARTESIAN_POINT('Origin',(-0.421624107850912,4.7,5.70127676447264));
#16544=CARTESIAN_POINT('',(-0.436428951263886,4.61543211483036,5.25713146208342));
#16545=CARTESIAN_POINT('',(-0.389005889288063,3.76769015568406,6.67982332135812));
#16546=CARTESIAN_POINT('',(-0.446666666666667,4.7,4.95));
#16547=CARTESIAN_POINT('Origin',(-0.446666666666667,4.1,4.95));
#16548=CARTESIAN_POINT('',(-0.473333333333333,4.7,4.15));
#16549=CARTESIAN_POINT('',(-0.436403995560488,4.7,5.25788013318535));
#16550=CARTESIAN_POINT('Origin',(-0.473333333333333,4.1,4.15));
#16551=CARTESIAN_POINT('Origin',(0.5,0.,3.35));
#16552=CARTESIAN_POINT('',(0.473333333333333,4.7,4.15));
#16553=CARTESIAN_POINT('Origin',(0.473333333333333,4.1,4.15));
#16554=CARTESIAN_POINT('',(0.446666666666667,4.7,4.95));
#16555=CARTESIAN_POINT('',(0.486403995560488,4.7,3.75788013318535));
#16556=CARTESIAN_POINT('',(0.436428951263886,4.61543211483036,5.25713146208342));
#16557=CARTESIAN_POINT('Origin',(0.446666666666667,4.1,4.95));
#16558=CARTESIAN_POINT('',(0.426742965552302,4.44228394258482,5.54771103343093));
#16559=CARTESIAN_POINT('',(0.425915271118096,4.42748794941199,5.57254186645712));
#16560=CARTESIAN_POINT('',(0.414923076923077,4.47731958762887,5.90230769230769));
#16561=CARTESIAN_POINT('Origin',(0.421624107850912,4.7,5.70127676447264));
#16562=CARTESIAN_POINT('',(0.406701030927835,4.7,6.14896907216495));
#16563=CARTESIAN_POINT('',(0.475338887366186,2.84105805479469,4.08983337901443));
#16564=CARTESIAN_POINT('',(0.4,4.47731958762887,6.35));
#16565=CARTESIAN_POINT('',(0.388616573956789,4.0990395837314,6.69150278129633));
#16566=CARTESIAN_POINT('',(0.408222045995242,4.25463917525773,6.10333862014274));
#16567=CARTESIAN_POINT('',(0.464533448312549,2.72953869583067,4.41399655062354));
#16568=CARTESIAN_POINT('',(0.431861823253693,4.18456788516964,5.39414530238922));
#16569=CARTESIAN_POINT('Origin',(0.421624107850912,4.7,5.70127676447264));
#16570=CARTESIAN_POINT('',(0.441547808965276,4.35771605741518,5.10356573104171));
#16571=CARTESIAN_POINT('',(0.426190909948135,4.0831937655851,5.56427270155594));
#16572=CARTESIAN_POINT('',(0.446666666666667,4.4,4.95));
#16573=CARTESIAN_POINT('Origin',(0.446666666666667,4.1,4.95));
#16574=CARTESIAN_POINT('',(0.473333333333333,4.4,4.15));
#16575=CARTESIAN_POINT('',(0.473085460599334,4.4,4.15743618201998));
#16576=CARTESIAN_POINT('',(0.480034364261168,4.32268041237113,3.94896907216495));
#16577=CARTESIAN_POINT('Origin',(0.473333333333333,4.1,4.15));
#16578=CARTESIAN_POINT('',(0.521203231238325,3.20769026507314,2.71390306285025));
#16579=CARTESIAN_POINT('Origin',(0.,4.7,6.14896907216495));
#16580=CARTESIAN_POINT('',(0.,4.47731958762887,6.35));
#16581=CARTESIAN_POINT('',(0.,4.7,6.14896907216495));
#16582=CARTESIAN_POINT('Origin',(0.,4.47731958762887,5.90230769230769));
#16583=CARTESIAN_POINT('',(0.,4.47731958762887,5.90230769230769));
#16584=CARTESIAN_POINT('Origin',(0.,4.7,5.70127676447264));
#16585=CARTESIAN_POINT('',(0.,4.18456788516964,5.39414530238922));
#16586=CARTESIAN_POINT('',(0.,4.25463917525773,6.10333862014274));
#16587=CARTESIAN_POINT('Origin',(0.,4.18456788516964,5.39414530238922));
#16588=CARTESIAN_POINT('',(0.,4.35771605741518,5.10356573104171));
#16589=CARTESIAN_POINT('Origin',(0.,4.1,4.95));
#16590=CARTESIAN_POINT('',(0.,4.4,4.95));
#16591=CARTESIAN_POINT('Origin',(0.,4.4,4.95));
#16592=CARTESIAN_POINT('',(0.,4.4,4.15));
#16593=CARTESIAN_POINT('Origin',(0.,4.1,4.15));
#16594=CARTESIAN_POINT('',(0.,4.32268041237113,3.94896907216495));
#16595=CARTESIAN_POINT('Origin',(0.,4.32268041237113,3.94896907216495));
#16596=CARTESIAN_POINT('',(0.,4.05463917525773,3.6520618556701));
#16597=CARTESIAN_POINT('Origin',(0.,4.5,3.25));
#16598=CARTESIAN_POINT('',(-0.75,3.9,3.25));
#16599=CARTESIAN_POINT('Origin',(-0.75,4.5,3.25));
#16600=CARTESIAN_POINT('',(0.75,3.9,3.25));
#16601=CARTESIAN_POINT('',(0.,3.9,3.25));
#16602=CARTESIAN_POINT('Origin',(0.75,4.5,3.25));
#16603=CARTESIAN_POINT('Origin',(0.,3.6,0.45));
#16604=CARTESIAN_POINT('',(0.,3.9,0.45));
#16605=CARTESIAN_POINT('',(-0.3,3.6,0.15));
#16606=CARTESIAN_POINT('Origin',(-0.3,3.6,0.45));
#16607=CARTESIAN_POINT('',(0.3,3.6,0.15));
#16608=CARTESIAN_POINT('Origin',(-0.3,3.6,0.));
#16609=CARTESIAN_POINT('',(-0.3,3.6,-0.15));
#16610=CARTESIAN_POINT('Origin',(-0.3,3.6,0.45));
#16611=CARTESIAN_POINT('',(-0.3,3.6,0.));
#16612=CARTESIAN_POINT('Origin',(0.,3.6,0.45));
#16613=CARTESIAN_POINT('',(0.,4.2,0.45));
#16614=CARTESIAN_POINT('',(0.3,3.6,-0.15));
#16615=CARTESIAN_POINT('Origin',(0.3,4.2,0.6));
#16616=CARTESIAN_POINT('',(0.75,4.2,0.6));
#16617=CARTESIAN_POINT('',(0.15,4.2,0.6));
#16618=CARTESIAN_POINT('',(0.75,3.9,0.6));
#16619=CARTESIAN_POINT('',(0.75,4.21880599388605,0.6));
#16620=CARTESIAN_POINT('',(0.15,3.9,0.6));
#16621=CARTESIAN_POINT('Origin',(0.75,4.2376119877721,3.35116551800192));
#16622=CARTESIAN_POINT('',(0.75,3.9,0.45));
#16623=CARTESIAN_POINT('',(0.75,4.2,3.25));
#16624=CARTESIAN_POINT('',(0.75,4.2,3.25));
#16625=CARTESIAN_POINT('Origin',(0.75,4.5,3.25));
#16626=CARTESIAN_POINT('Origin',(-0.75,4.2376119877721,3.35116551800192));
#16627=CARTESIAN_POINT('',(-0.75,4.2,3.25));
#16628=CARTESIAN_POINT('Origin',(-0.75,4.5,3.25));
#16629=CARTESIAN_POINT('',(-0.75,4.2,3.25));
#16630=CARTESIAN_POINT('',(-0.75,3.9,0.45));
#16631=CARTESIAN_POINT('Origin',(0.,3.9,3.25));
#16632=CARTESIAN_POINT('Origin',(0.,4.47731958762887,6.35));
#16633=CARTESIAN_POINT('Origin',(0.,4.7,5.70127676447264));
#16634=CARTESIAN_POINT('',(0.,4.44228394258482,5.54771103343093));
#16635=CARTESIAN_POINT('Origin',(0.,4.61543211483036,5.25713146208342));
#16636=CARTESIAN_POINT('',(0.,4.61543211483036,5.25713146208342));
#16637=CARTESIAN_POINT('Origin',(0.,4.1,4.95));
#16638=CARTESIAN_POINT('',(0.,4.7,4.95));
#16639=CARTESIAN_POINT('Origin',(0.,4.7,4.15));
#16640=CARTESIAN_POINT('',(0.,4.7,4.15));
#16641=CARTESIAN_POINT('Origin',(0.,4.1,4.15));
#16642=CARTESIAN_POINT('',(0.,4.54536082474227,3.7479381443299));
#16643=CARTESIAN_POINT('Origin',(0.,4.27731958762887,3.45103092783505));
#16644=CARTESIAN_POINT('',(0.,4.27731958762887,3.45103092783505));
#16645=CARTESIAN_POINT('Origin',(0.,4.5,3.25));
#16646=CARTESIAN_POINT('',(0.,4.2,3.25));
#16647=CARTESIAN_POINT('Origin',(0.,4.2,0.45));
#16648=CARTESIAN_POINT('Origin',(0.,1.86233745845568,-0.15));
#16649=CARTESIAN_POINT('',(0.15,0.,-0.15));
#16650=CARTESIAN_POINT('',(-0.15,0.,-0.15));
#16651=CARTESIAN_POINT('',(-0.15,0.,-0.15));
#16652=CARTESIAN_POINT('',(-0.3,0.9,-0.15));
#16653=CARTESIAN_POINT('',(-0.3,0.9,-0.15));
#16654=CARTESIAN_POINT('',(-0.3,3.6,-0.15));
#16655=CARTESIAN_POINT('',(0.3,0.9,-0.15));
#16656=CARTESIAN_POINT('',(0.3,0.9,-0.15));
#16657=CARTESIAN_POINT('',(0.15,0.,-0.15));
#16658=CARTESIAN_POINT('Origin',(-0.3,0.9,0.));
#16659=CARTESIAN_POINT('',(-0.15,0.,0.15));
#16660=CARTESIAN_POINT('',(-0.15,0.,0.));
#16661=CARTESIAN_POINT('',(-0.3,0.9,0.15));
#16662=CARTESIAN_POINT('',(-0.3,0.9,0.15));
#16663=CARTESIAN_POINT('',(-0.3,0.9,0.));
#16664=CARTESIAN_POINT('Origin',(-0.3,3.6,0.));
#16665=CARTESIAN_POINT('',(-0.3,3.6,0.15));
#16666=CARTESIAN_POINT('Origin',(0.3,0.9,0.));
#16667=CARTESIAN_POINT('',(0.3,0.9,0.15));
#16668=CARTESIAN_POINT('',(0.3,0.9,0.15));
#16669=CARTESIAN_POINT('',(0.3,0.9,0.));
#16670=CARTESIAN_POINT('Origin',(0.15,0.,0.));
#16671=CARTESIAN_POINT('',(0.15,0.,0.15));
#16672=CARTESIAN_POINT('',(0.15,0.,0.15));
#16673=CARTESIAN_POINT('',(0.15,0.,0.));
#16674=CARTESIAN_POINT('Origin',(-0.15,0.,0.));
#16675=CARTESIAN_POINT('',(-0.15,0.,0.15));
#16676=CARTESIAN_POINT('Origin',(0.,1.86233745845568,0.15));
#16677=CARTESIAN_POINT('',(0.,0.,0.));
#16678=CARTESIAN_POINT('Origin',(-0.5,2.9,0.4));
#16679=CARTESIAN_POINT('',(-0.306350832652685,2.9,0.449999999856917));
#16680=CARTESIAN_POINT('',(-0.3,2.89791303715507,0.4));
#16681=CARTESIAN_POINT('Origin',(-0.520580460619172,2.8262231134174,0.400439482136576));
#16682=CARTESIAN_POINT('',(-0.3,2.59580398915498,0.4));
#16683=CARTESIAN_POINT('',(-0.3,2.9,0.4));
#16684=CARTESIAN_POINT('',(-0.306350832689629,2.6,0.45));
#16685=CARTESIAN_POINT('Origin',(-0.548673933952587,2.4338490955031,0.407625129193776));
#16686=CARTESIAN_POINT('',(-0.5,2.6,0.6));
#16687=CARTESIAN_POINT('Origin',(-0.5,2.6,0.4));
#16688=CARTESIAN_POINT('',(-0.5,2.9,0.6));
#16689=CARTESIAN_POINT('',(-0.5,2.9,0.6));
#16690=CARTESIAN_POINT('Origin',(-0.5,2.9,0.4));
#16691=CARTESIAN_POINT('Origin',(-0.75,2.9,0.6));
#16692=CARTESIAN_POINT('',(-0.75,2.6,0.6));
#16693=CARTESIAN_POINT('',(-0.375,2.6,0.6));
#16694=CARTESIAN_POINT('',(-0.75,2.9,0.6));
#16695=CARTESIAN_POINT('',(-0.75,2.70811192057223,0.6));
#16696=CARTESIAN_POINT('',(-0.375,2.9,0.6));
#16697=CARTESIAN_POINT('Origin',(0.5,2.3,0.4));
#16698=CARTESIAN_POINT('',(0.5,2.9,0.6));
#16699=CARTESIAN_POINT('',(0.306350832652685,2.9,0.449999999856917));
#16700=CARTESIAN_POINT('Origin',(0.5,2.9,0.4));
#16701=CARTESIAN_POINT('',(0.5,2.6,0.6));
#16702=CARTESIAN_POINT('',(0.5,2.3,0.6));
#16703=CARTESIAN_POINT('',(0.306350832689629,2.6,0.45));
#16704=CARTESIAN_POINT('Origin',(0.5,2.6,0.4));
#16705=CARTESIAN_POINT('',(0.3,2.59580398915498,0.4));
#16706=CARTESIAN_POINT('Origin',(0.548673933965996,2.43384909549409,0.407625129192505));
#16707=CARTESIAN_POINT('',(0.3,2.89791303715507,0.4));
#16708=CARTESIAN_POINT('',(0.3,2.3,0.4));
#16709=CARTESIAN_POINT('Origin',(0.520580460640995,2.8262231134101,0.400439482134196));
#16710=CARTESIAN_POINT('Origin',(0.3,2.3,0.));
#16711=CARTESIAN_POINT('',(0.3,2.3,0.15));
#16712=CARTESIAN_POINT('Origin',(0.3,2.3,0.45));
#16713=CARTESIAN_POINT('',(0.3,2.3,-0.15));
#16714=CARTESIAN_POINT('',(0.3,2.3,0.));
#16715=CARTESIAN_POINT('Origin',(0.3,2.3,0.45));
#16716=CARTESIAN_POINT('Origin',(-0.985576848513839,1.25811192057223,2.4410255643886));
#16717=CARTESIAN_POINT('',(-0.75,2.58284271247462,2.));
#16718=CARTESIAN_POINT('',(-0.61896581879004,2.5226804123707,2.10103092783553));
#16719=CARTESIAN_POINT('Ctrl Pts',(-0.75,2.58284271247462,2.));
#16720=CARTESIAN_POINT('Ctrl Pts',(-0.736646349786716,2.58032083579417,
2.00713294440825));
#16721=CARTESIAN_POINT('Ctrl Pts',(-0.723898439764672,2.57732992757459,
2.01472689421276));
#16722=CARTESIAN_POINT('Ctrl Pts',(-0.677964499333661,2.56387886049736,
2.04477150779896));
#16723=CARTESIAN_POINT('Ctrl Pts',(-0.642876685256166,2.54595648132362,
2.07524820530318));
#16724=CARTESIAN_POINT('Ctrl Pts',(-0.618965818790037,2.5226804123707,2.10103092783554));
#16725=CARTESIAN_POINT('',(-0.487436833826518,2.25463917525773,2.3979381443299));
#16726=CARTESIAN_POINT('Origin',(-0.985576848513839,2.21574080992695,2.4410255643886));
#16727=CARTESIAN_POINT('',(-0.485854395024262,2.23213173572161,2.42436814927228));
#16728=CARTESIAN_POINT('Origin',(-0.967173168593798,2.9063642483115,2.73544919767871));
#16729=CARTESIAN_POINT('',(-0.485854395024262,2.63494542079585,2.42436814927228));
#16730=CARTESIAN_POINT('',(-0.485854395024262,1.25811192057223,2.42436814927228));
#16731=CARTESIAN_POINT('',(-0.505275809935741,2.74536082474227,2.3020618556701));
#16732=CARTESIAN_POINT('Origin',(-0.985576848513839,2.61990747659362,2.4410255643886));
#16733=CARTESIAN_POINT('',(-0.75,2.89160797830996,2.));
#16734=CARTESIAN_POINT('Ctrl Pts',(-0.505275809935741,2.74536082474227,
2.3020618556701));
#16735=CARTESIAN_POINT('Ctrl Pts',(-0.507066511488363,2.75094830755059,
2.29587264394397));
#16736=CARTESIAN_POINT('Ctrl Pts',(-0.509008804369095,2.75636972356417,
2.28960783372985));
#16737=CARTESIAN_POINT('Ctrl Pts',(-0.520028533862262,2.7838903691424,2.2564622671231));
#16738=CARTESIAN_POINT('Ctrl Pts',(-0.532904459008682,2.80502758565927,
2.22583480944574));
#16739=CARTESIAN_POINT('Ctrl Pts',(-0.567210137065374,2.83943931920943,
2.16500263404783));
#16740=CARTESIAN_POINT('Ctrl Pts',(-0.588729807677021,2.85279998362959,
2.1348974610588));
#16741=CARTESIAN_POINT('Ctrl Pts',(-0.648971312319301,2.87799929351545,
2.06707713061399));
#16742=CARTESIAN_POINT('Ctrl Pts',(-0.696410795912912,2.88676946290707,
2.02862504315527));
#16743=CARTESIAN_POINT('Ctrl Pts',(-0.75,2.89160797830996,2.));
#16744=CARTESIAN_POINT('',(-0.75,1.25811192057223,2.));
#16745=CARTESIAN_POINT('Origin',(0.98557684851383,1.25811192057223,2.44102556438861));
#16746=CARTESIAN_POINT('',(0.485854395024252,2.63494542079585,2.42436814927229));
#16747=CARTESIAN_POINT('',(0.505275809935734,2.74536082474227,2.3020618556701));
#16748=CARTESIAN_POINT('Origin',(0.98557684851383,2.61990747659362,2.44102556438861));
#16749=CARTESIAN_POINT('',(0.485854395024252,2.23213173572161,2.42436814927229));
#16750=CARTESIAN_POINT('',(0.485854395024252,1.25811192057223,2.42436814927229));
#16751=CARTESIAN_POINT('',(0.487436833826509,2.25463917525773,2.3979381443299));
#16752=CARTESIAN_POINT('Origin',(0.967173176440319,2.90636425905107,2.73544920309079));
#16753=CARTESIAN_POINT('',(0.618965818790035,2.5226804123707,2.10103092783553));
#16754=CARTESIAN_POINT('Origin',(0.98557684851383,2.21574080992695,2.44102556438861));
#16755=CARTESIAN_POINT('',(0.75,2.58284271247462,2.));
#16756=CARTESIAN_POINT('Ctrl Pts',(0.618965818790032,2.5226804123707,2.10103092783554));
#16757=CARTESIAN_POINT('Ctrl Pts',(0.642876685256161,2.54595648132362,2.07524820530318));
#16758=CARTESIAN_POINT('Ctrl Pts',(0.677964499333655,2.56387886049736,2.04477150779897));
#16759=CARTESIAN_POINT('Ctrl Pts',(0.723898439764668,2.57732992757459,2.01472689421276));
#16760=CARTESIAN_POINT('Ctrl Pts',(0.736646349786714,2.58032083579417,2.00713294440825));
#16761=CARTESIAN_POINT('Ctrl Pts',(0.75,2.58284271247462,2.));
#16762=CARTESIAN_POINT('',(0.75,2.89160797830996,2.));
#16763=CARTESIAN_POINT('',(0.75,1.25811192057223,2.));
#16764=CARTESIAN_POINT('Ctrl Pts',(0.75,2.89160797830996,2.));
#16765=CARTESIAN_POINT('Ctrl Pts',(0.696410795912909,2.88676946290707,2.02862504315527));
#16766=CARTESIAN_POINT('Ctrl Pts',(0.648971312319296,2.87799929351545,2.06707713061399));
#16767=CARTESIAN_POINT('Ctrl Pts',(0.588729807677013,2.85279998362959,2.1348974610588));
#16768=CARTESIAN_POINT('Ctrl Pts',(0.567210137065367,2.83943931920943,2.16500263404784));
#16769=CARTESIAN_POINT('Ctrl Pts',(0.532904459008674,2.80502758565927,2.22583480944575));
#16770=CARTESIAN_POINT('Ctrl Pts',(0.520028533862254,2.7838903691424,2.2564622671231));
#16771=CARTESIAN_POINT('Ctrl Pts',(0.509008804369087,2.75636972356417,2.28960783372985));
#16772=CARTESIAN_POINT('Ctrl Pts',(0.507066511488355,2.75094830755059,2.29587264394397));
#16773=CARTESIAN_POINT('Ctrl Pts',(0.505275809935733,2.74536082474227,2.3020618556701));
#16774=CARTESIAN_POINT('Origin',(-0.4,0.,5.));
#16775=CARTESIAN_POINT('',(-0.473333333333337,2.1,2.8));
#16776=CARTESIAN_POINT('Origin',(-0.473333333333337,2.7,2.8));
#16777=CARTESIAN_POINT('',(-0.446666666666669,2.1,3.6));
#16778=CARTESIAN_POINT('',(-0.423085460599335,2.1,4.30743618201998));
#16779=CARTESIAN_POINT('',(-0.436428951263888,2.18456788516964,3.90713146208342));
#16780=CARTESIAN_POINT('Origin',(-0.446666666666669,2.7,3.6));
#16781=CARTESIAN_POINT('',(-0.426742965552304,2.35771605741518,4.19771103343093));
#16782=CARTESIAN_POINT('',(-0.433962924191374,2.22865096489205,3.98111227425884));
#16783=CARTESIAN_POINT('',(-0.414923076923078,2.32268041237113,4.55230769230769));
#16784=CARTESIAN_POINT('Origin',(-0.421624107850913,2.1,4.35127676447264));
#16785=CARTESIAN_POINT('',(-0.406701030927835,2.1,4.79896907216495));
#16786=CARTESIAN_POINT('',(-0.387331480338856,1.57540800488183,5.38005558983431));
#16787=CARTESIAN_POINT('',(-0.4,2.32268041237113,5.));
#16788=CARTESIAN_POINT('',(-0.419145531474355,1.68645967414646,4.42563405576939));
#16789=CARTESIAN_POINT('',(-0.408222045995242,2.54536082474227,4.75333862014274));
#16790=CARTESIAN_POINT('',(-0.384743056989202,1.90947153916204,5.45770829032392));
#16791=CARTESIAN_POINT('',(-0.431861823253694,2.61543211483036,4.04414530238922));
#16792=CARTESIAN_POINT('Origin',(-0.421624107850913,2.1,4.35127676447264));
#16793=CARTESIAN_POINT('',(-0.441547808965279,2.44228394258482,3.75356573104171));
#16794=CARTESIAN_POINT('',(-0.443916613022786,2.39993883645125,3.68250160931649));
#16795=CARTESIAN_POINT('',(-0.446666666666669,2.4,3.6));
#16796=CARTESIAN_POINT('Origin',(-0.446666666666669,2.7,3.6));
#16797=CARTESIAN_POINT('',(-0.473333333333337,2.4,2.8));
#16798=CARTESIAN_POINT('',(-0.43640399556049,2.4,3.90788013318535));
#16799=CARTESIAN_POINT('',(-0.480034364261173,2.47731958762887,2.59896907216495));
#16800=CARTESIAN_POINT('Origin',(-0.473333333333337,2.7,2.8));
#16801=CARTESIAN_POINT('',(-0.442249758181128,1.45398650629437,3.73250725456624));
#16802=CARTESIAN_POINT('Origin',(0.499999999999995,0.,2.));
#16803=CARTESIAN_POINT('',(0.480034364261164,2.47731958762887,2.59896907216495));
#16804=CARTESIAN_POINT('',(0.469811586629218,2.20045269343032,2.90565240112334));
#16805=CARTESIAN_POINT('',(0.473333333333329,2.4,2.8));
#16806=CARTESIAN_POINT('Origin',(0.473333333333329,2.7,2.8));
#16807=CARTESIAN_POINT('',(0.446666666666664,2.4,3.6));
#16808=CARTESIAN_POINT('',(0.486403995560484,2.4,2.40788013318535));
#16809=CARTESIAN_POINT('',(0.441547808965274,2.44228394258482,3.75356573104171));
#16810=CARTESIAN_POINT('Origin',(0.446666666666664,2.7,3.6));
#16811=CARTESIAN_POINT('',(0.431861823253691,2.61543211483036,4.04414530238922));
#16812=CARTESIAN_POINT('',(0.480825994852813,1.74014104272331,2.57522015441549));
#16813=CARTESIAN_POINT('',(0.408222045995241,2.54536082474227,4.75333862014274));
#16814=CARTESIAN_POINT('Origin',(0.421624107850911,2.1,4.35127676447264));
#16815=CARTESIAN_POINT('',(0.4,2.32268041237113,5.));
#16816=CARTESIAN_POINT('',(0.412304885437299,2.65593772629799,4.63085343688102));
#16817=CARTESIAN_POINT('',(0.406701030927835,2.1,4.79896907216495));
#16818=CARTESIAN_POINT('',(0.441611176973078,0.939908992957999,3.75166469080759));
#16819=CARTESIAN_POINT('',(0.414923076923076,2.32268041237113,4.55230769230769));
#16820=CARTESIAN_POINT('',(0.414893308786952,2.32187419201777,4.55320073639141));
#16821=CARTESIAN_POINT('',(0.426742965552301,2.35771605741518,4.19771103343093));
#16822=CARTESIAN_POINT('Origin',(0.421624107850911,2.1,4.35127676447264));
#16823=CARTESIAN_POINT('',(0.436428951263884,2.18456788516964,3.90713146208342));
#16824=CARTESIAN_POINT('',(0.470872306021401,1.56885317116411,2.87383081935785));
#16825=CARTESIAN_POINT('',(0.446666666666664,2.1,3.6));
#16826=CARTESIAN_POINT('Origin',(0.446666666666664,2.7,3.6));
#16827=CARTESIAN_POINT('',(0.473333333333329,2.1,2.8));
#16828=CARTESIAN_POINT('',(0.47308546059933,2.1,2.80743618201998));
#16829=CARTESIAN_POINT('Origin',(0.473333333333329,2.7,2.8));
#16830=CARTESIAN_POINT('Origin',(0.,2.1,4.79896907216495));
#16831=CARTESIAN_POINT('',(0.,2.32268041237113,4.55230769230769));
#16832=CARTESIAN_POINT('',(0.,2.1,4.79896907216495));
#16833=CARTESIAN_POINT('Origin',(0.,2.54536082474227,4.75333862014274));
#16834=CARTESIAN_POINT('',(0.,2.32268041237113,5.));
#16835=CARTESIAN_POINT('',(0.,2.54536082474227,4.75333862014274));
#16836=CARTESIAN_POINT('Origin',(0.,2.1,4.35127676447264));
#16837=CARTESIAN_POINT('',(0.,2.35771605741518,4.19771103343093));
#16838=CARTESIAN_POINT('Origin',(0.,2.35771605741518,4.19771103343093));
#16839=CARTESIAN_POINT('',(0.,2.18456788516964,3.90713146208342));
#16840=CARTESIAN_POINT('Origin',(0.,2.7,3.6));
#16841=CARTESIAN_POINT('',(0.,2.1,3.6));
#16842=CARTESIAN_POINT('Origin',(0.,2.1,3.6));
#16843=CARTESIAN_POINT('',(0.,2.1,2.8));
#16844=CARTESIAN_POINT('Origin',(0.,2.7,2.8));
#16845=CARTESIAN_POINT('',(0.,2.25463917525773,2.3979381443299));
#16846=CARTESIAN_POINT('Origin',(0.,2.25463917525773,2.3979381443299));
#16847=CARTESIAN_POINT('',(0.,2.52268041237113,2.10103092783505));
#16848=CARTESIAN_POINT('Origin',(0.,2.3,1.9));
#16849=CARTESIAN_POINT('',(-0.75,2.6,1.9));
#16850=CARTESIAN_POINT('Origin',(-0.75,2.3,1.9));
#16851=CARTESIAN_POINT('',(0.75,2.6,1.9));
#16852=CARTESIAN_POINT('',(0.,2.6,1.9));
#16853=CARTESIAN_POINT('Origin',(0.75,2.3,1.9));
#16854=CARTESIAN_POINT('Origin',(0.,2.3,0.45));
#16855=CARTESIAN_POINT('',(0.,2.6,0.45));
#16856=CARTESIAN_POINT('',(-0.3,2.3,0.15));
#16857=CARTESIAN_POINT('Origin',(-0.3,2.3,0.45));
#16858=CARTESIAN_POINT('',(0.3,2.3,0.15));
#16859=CARTESIAN_POINT('Origin',(-0.3,2.3,0.));
#16860=CARTESIAN_POINT('',(-0.3,2.3,-0.15));
#16861=CARTESIAN_POINT('Origin',(-0.3,2.3,0.45));
#16862=CARTESIAN_POINT('',(-0.3,2.3,0.));
#16863=CARTESIAN_POINT('Origin',(0.,2.3,0.45));
#16864=CARTESIAN_POINT('',(0.15,2.9,0.45));
#16865=CARTESIAN_POINT('',(0.3,2.3,-0.15));
#16866=CARTESIAN_POINT('Origin',(0.3,2.9,0.6));
#16867=CARTESIAN_POINT('',(0.75,2.9,0.6));
#16868=CARTESIAN_POINT('',(0.15,2.9,0.6));
#16869=CARTESIAN_POINT('',(0.75,2.6,0.6));
#16870=CARTESIAN_POINT('',(0.75,2.70811192057223,0.6));
#16871=CARTESIAN_POINT('',(0.15,2.6,0.6));
#16872=CARTESIAN_POINT('Origin',(0.75,2.51622384114446,2.6043040789789));
#16873=CARTESIAN_POINT('',(0.75,2.6,0.3));
#16874=CARTESIAN_POINT('',(0.75,2.9,1.9));
#16875=CARTESIAN_POINT('',(0.75,2.9,1.9));
#16876=CARTESIAN_POINT('Origin',(0.75,2.3,1.9));
#16877=CARTESIAN_POINT('Origin',(0.,2.9,0.3));
#16878=CARTESIAN_POINT('',(-0.75,2.9,1.9));
#16879=CARTESIAN_POINT('',(-0.75,2.9,1.9));
#16880=CARTESIAN_POINT('',(0.,2.9,1.9));
#16881=CARTESIAN_POINT('Origin',(-0.75,2.51622384114446,2.6043040789789));
#16882=CARTESIAN_POINT('Origin',(-0.75,2.3,1.9));
#16883=CARTESIAN_POINT('',(-0.75,2.6,0.3));
#16884=CARTESIAN_POINT('Origin',(0.,2.6,1.9));
#16885=CARTESIAN_POINT('Origin',(0.,2.32268041237113,5.));
#16886=CARTESIAN_POINT('Origin',(0.,2.1,4.35127676447264));
#16887=CARTESIAN_POINT('',(0.,2.61543211483036,4.04414530238922));
#16888=CARTESIAN_POINT('Origin',(0.,2.44228394258482,3.75356573104171));
#16889=CARTESIAN_POINT('',(0.,2.44228394258482,3.75356573104171));
#16890=CARTESIAN_POINT('Origin',(0.,2.7,3.6));
#16891=CARTESIAN_POINT('',(0.,2.4,3.6));
#16892=CARTESIAN_POINT('Origin',(0.,2.4,2.8));
#16893=CARTESIAN_POINT('',(0.,2.4,2.8));
#16894=CARTESIAN_POINT('Origin',(0.,2.7,2.8));
#16895=CARTESIAN_POINT('',(0.,2.47731958762887,2.59896907216495));
#16896=CARTESIAN_POINT('Origin',(0.,2.74536082474227,2.3020618556701));
#16897=CARTESIAN_POINT('',(0.,2.74536082474227,2.3020618556701));
#16898=CARTESIAN_POINT('Origin',(0.,2.3,1.9));
#16899=CARTESIAN_POINT('Origin',(1.73472347597681E-17,1.20929955170074,
-0.15));
#16900=CARTESIAN_POINT('',(0.15,0.,-0.15));
#16901=CARTESIAN_POINT('',(-0.15,0.,-0.15));
#16902=CARTESIAN_POINT('',(-0.15,0.,-0.15));
#16903=CARTESIAN_POINT('',(-0.3,0.9,-0.15));
#16904=CARTESIAN_POINT('',(-0.3,0.9,-0.15));
#16905=CARTESIAN_POINT('',(-0.3,2.3,-0.15));
#16906=CARTESIAN_POINT('',(0.3,0.9,-0.15));
#16907=CARTESIAN_POINT('',(0.3,0.9,-0.15));
#16908=CARTESIAN_POINT('',(0.15,0.,-0.15));
#16909=CARTESIAN_POINT('Origin',(-0.3,0.9,0.));
#16910=CARTESIAN_POINT('',(-0.15,0.,0.15));
#16911=CARTESIAN_POINT('',(-0.15,0.,0.));
#16912=CARTESIAN_POINT('',(-0.3,0.9,0.15));
#16913=CARTESIAN_POINT('',(-0.3,0.9,0.15));
#16914=CARTESIAN_POINT('',(-0.3,0.9,0.));
#16915=CARTESIAN_POINT('Origin',(-0.3,2.3,0.));
#16916=CARTESIAN_POINT('',(-0.3,2.3,0.15));
#16917=CARTESIAN_POINT('Origin',(0.3,0.9,0.));
#16918=CARTESIAN_POINT('',(0.3,0.9,0.15));
#16919=CARTESIAN_POINT('',(0.3,0.9,0.15));
#16920=CARTESIAN_POINT('',(0.3,0.9,0.));
#16921=CARTESIAN_POINT('Origin',(0.15,0.,0.));
#16922=CARTESIAN_POINT('',(0.15,0.,0.15));
#16923=CARTESIAN_POINT('',(0.15,0.,0.15));
#16924=CARTESIAN_POINT('',(0.15,0.,0.));
#16925=CARTESIAN_POINT('Origin',(-0.15,0.,0.));
#16926=CARTESIAN_POINT('',(-0.15,0.,0.15));
#16927=CARTESIAN_POINT('Origin',(1.73472347597681E-17,1.20929955170074,
0.15));
#16928=CARTESIAN_POINT('',(0.,0.,0.));
#16929=CARTESIAN_POINT('Origin',(0.,4.05,2.1));
#16930=CARTESIAN_POINT('',(-0.125,4.15,2.1));
#16931=CARTESIAN_POINT('',(-0.125,4.05,2.));
#16932=CARTESIAN_POINT('Origin',(-0.125,4.05,2.1));
#16933=CARTESIAN_POINT('',(0.125,4.05,2.));
#16934=CARTESIAN_POINT('',(0.,4.05,2.));
#16935=CARTESIAN_POINT('',(0.125,4.15,2.1));
#16936=CARTESIAN_POINT('Origin',(0.125,4.05,2.1));
#16937=CARTESIAN_POINT('',(0.,4.15,2.1));
#16938=CARTESIAN_POINT('Origin',(0.,4.15,2.));
#16939=CARTESIAN_POINT('',(-0.125,2.45,2.));
#16940=CARTESIAN_POINT('',(-0.125,4.15,2.));
#16941=CARTESIAN_POINT('',(0.125,2.45,2.));
#16942=CARTESIAN_POINT('',(0.,2.45,2.));
#16943=CARTESIAN_POINT('',(0.125,4.15,2.));
#16944=CARTESIAN_POINT('Origin',(0.,2.45,1.9));
#16945=CARTESIAN_POINT('',(0.125,2.35,1.9));
#16946=CARTESIAN_POINT('Origin',(0.125,2.45,1.9));
#16947=CARTESIAN_POINT('',(-0.125,2.35,1.9));
#16948=CARTESIAN_POINT('Origin',(-0.125,2.45,1.9));
#16949=CARTESIAN_POINT('',(0.,2.35,1.9));
#16950=CARTESIAN_POINT('Origin',(0.,2.35,2.));
#16951=CARTESIAN_POINT('',(-0.125,2.35,0.7));
#16952=CARTESIAN_POINT('',(-0.125,2.35,2.));
#16953=CARTESIAN_POINT('',(0.125,2.35,0.7));
#16954=CARTESIAN_POINT('',(0.,2.35,0.7));
#16955=CARTESIAN_POINT('',(0.125,2.35,2.));
#16956=CARTESIAN_POINT('Origin',(-0.125,3.14981220744815,0.95424224097589));
#16957=CARTESIAN_POINT('',(-0.125,4.15,3.9));
#16958=CARTESIAN_POINT('',(-0.125,4.15,3.9));
#16959=CARTESIAN_POINT('',(-0.125,5.15,3.9));
#16960=CARTESIAN_POINT('',(-0.125,5.15,3.9));
#16961=CARTESIAN_POINT('',(-0.125,5.15,-0.2));
#16962=CARTESIAN_POINT('',(-0.125,5.15,-0.4));
#16963=CARTESIAN_POINT('',(-0.125,4.95,-0.4));
#16964=CARTESIAN_POINT('Origin',(-0.125,4.95,-0.2));
#16965=CARTESIAN_POINT('',(-0.125,4.35,-0.4));
#16966=CARTESIAN_POINT('',(-0.125,2.2,-0.4));
#16967=CARTESIAN_POINT('',(-0.125,4.15,-0.6));
#16968=CARTESIAN_POINT('Origin',(-0.125,4.35,-0.6));
#16969=CARTESIAN_POINT('',(-0.125,4.15,-0.65));
#16970=CARTESIAN_POINT('',(-0.125,4.15,-0.4));
#16971=CARTESIAN_POINT('',(-0.125,2.65,-0.65));
#16972=CARTESIAN_POINT('',(-0.125,4.15,-0.65));
#16973=CARTESIAN_POINT('',(-0.125,2.65,-0.6));
#16974=CARTESIAN_POINT('',(-0.125,2.65,-0.65));
#16975=CARTESIAN_POINT('',(-0.125,2.45,-0.4));
#16976=CARTESIAN_POINT('Origin',(-0.125,2.45,-0.6));
#16977=CARTESIAN_POINT('',(-0.125,2.4,-0.4));
#16978=CARTESIAN_POINT('',(-0.125,2.2,-0.4));
#16979=CARTESIAN_POINT('',(-0.125,2.2,-0.6));
#16980=CARTESIAN_POINT('Origin',(-0.125,2.4,-0.6));
#16981=CARTESIAN_POINT('',(-0.125,2.2,-1.4));
#16982=CARTESIAN_POINT('',(-0.125,2.2,-1.4));
#16983=CARTESIAN_POINT('',(-0.125,1.95,-1.4));
#16984=CARTESIAN_POINT('',(-0.125,1.95,-1.4));
#16985=CARTESIAN_POINT('',(-0.125,1.7,-1.05));
#16986=CARTESIAN_POINT('',(-0.125,1.7,-1.05));
#16987=CARTESIAN_POINT('',(-0.125,1.7,-0.6));
#16988=CARTESIAN_POINT('',(-0.125,1.7,-0.4));
#16989=CARTESIAN_POINT('',(-0.125,1.5,-0.4));
#16990=CARTESIAN_POINT('Origin',(-0.125,1.5,-0.6));
#16991=CARTESIAN_POINT('',(-0.125,0.75,-0.4));
#16992=CARTESIAN_POINT('',(-0.125,0.75,-0.4));
#16993=CARTESIAN_POINT('',(-0.125,0.,-0.15));
#16994=CARTESIAN_POINT('',(-0.125,0.,-0.15));
#16995=CARTESIAN_POINT('',(-0.125,0.,0.15));
#16996=CARTESIAN_POINT('',(-0.125,0.,0.15));
#16997=CARTESIAN_POINT('',(-0.125,0.75,0.4));
#16998=CARTESIAN_POINT('',(-0.125,0.75,0.4));
#16999=CARTESIAN_POINT('',(-0.125,2.05,0.4));
#17000=CARTESIAN_POINT('',(-0.125,2.35,0.4));
#17001=CARTESIAN_POINT('',(-0.125,2.53851361210601,0.888513612106011));
#17002=CARTESIAN_POINT('Origin',(0.,1.5,-0.6));
#17003=CARTESIAN_POINT('',(0.125,1.7,-0.6));
#17004=CARTESIAN_POINT('',(0.,1.7,-0.6));
#17005=CARTESIAN_POINT('',(0.125,1.5,-0.4));
#17006=CARTESIAN_POINT('Origin',(0.125,1.5,-0.6));
#17007=CARTESIAN_POINT('',(0.,1.5,-0.4));
#17008=CARTESIAN_POINT('Origin',(0.,1.7,-0.4));
#17009=CARTESIAN_POINT('',(0.125,1.7,-1.05));
#17010=CARTESIAN_POINT('',(0.,1.7,-1.05));
#17011=CARTESIAN_POINT('',(0.125,1.7,-0.4));
#17012=CARTESIAN_POINT('Origin',(0.,4.95,-0.2));
#17013=CARTESIAN_POINT('',(0.125,5.15,-0.2));
#17014=CARTESIAN_POINT('',(0.125,4.95,-0.4));
#17015=CARTESIAN_POINT('Origin',(0.125,4.95,-0.2));
#17016=CARTESIAN_POINT('',(0.,4.95,-0.4));
#17017=CARTESIAN_POINT('',(0.,5.15,-0.2));
#17018=CARTESIAN_POINT('Origin',(0.,2.2,-0.4));
#17019=CARTESIAN_POINT('',(0.125,4.35,-0.4));
#17020=CARTESIAN_POINT('',(0.125,2.2,-0.4));
#17021=CARTESIAN_POINT('',(3.94255335449166E-19,4.35,-0.4));
#17022=CARTESIAN_POINT('Origin',(3.94255335449166E-19,4.35,-0.6));
#17023=CARTESIAN_POINT('',(0.125,4.15,-0.6));
#17024=CARTESIAN_POINT('Origin',(0.125,4.35,-0.6));
#17025=CARTESIAN_POINT('',(3.94255335449184E-19,4.15,-0.6));
#17026=CARTESIAN_POINT('Origin',(0.,2.4,-0.6));
#17027=CARTESIAN_POINT('',(0.125,2.4,-0.4));
#17028=CARTESIAN_POINT('',(0.,2.4,-0.4));
#17029=CARTESIAN_POINT('',(0.125,2.2,-0.6));
#17030=CARTESIAN_POINT('Origin',(0.125,2.4,-0.6));
#17031=CARTESIAN_POINT('',(0.,2.2,-0.6));
#17032=CARTESIAN_POINT('Origin',(0.,2.2,-0.4));
#17033=CARTESIAN_POINT('',(0.125,2.45,-0.4));
#17034=CARTESIAN_POINT('',(3.94255335449286E-19,2.45,-0.4));
#17035=CARTESIAN_POINT('',(0.125,2.2,-0.4));
#17036=CARTESIAN_POINT('Origin',(3.94255335449286E-19,2.45,-0.6));
#17037=CARTESIAN_POINT('',(0.125,2.65,-0.6));
#17038=CARTESIAN_POINT('',(3.94255335449378E-19,2.65,-0.6));
#17039=CARTESIAN_POINT('Origin',(0.125,2.45,-0.6));
#17040=CARTESIAN_POINT('Origin',(7.88510670898548E-19,2.65,-0.525));
#17041=CARTESIAN_POINT('',(-0.625,2.65,-0.65));
#17042=CARTESIAN_POINT('Origin',(-0.375,2.65,-0.65));
#17043=CARTESIAN_POINT('',(-0.625,2.65,-0.399999999999999));
#17044=CARTESIAN_POINT('',(-0.625,2.65,-0.65));
#17045=CARTESIAN_POINT('',(-0.875,2.65,-0.399999999999999));
#17046=CARTESIAN_POINT('',(-0.0625,2.65,-0.4));
#17047=CARTESIAN_POINT('',(-0.875,2.65,-0.65));
#17048=CARTESIAN_POINT('',(-0.875,2.65,0.614898500858873));
#17049=CARTESIAN_POINT('',(0.125,2.65,-0.65));
#17050=CARTESIAN_POINT('Origin',(-0.375,2.65,-0.65));
#17051=CARTESIAN_POINT('',(0.125,2.65,-0.65));
#17052=CARTESIAN_POINT('Origin',(0.,2.2,0.55));
#17053=CARTESIAN_POINT('',(0.125,2.05,0.4));
#17054=CARTESIAN_POINT('',(0.,2.05,0.4));
#17055=CARTESIAN_POINT('',(0.125,2.53851361210601,0.888513612106011));
#17056=CARTESIAN_POINT('Origin',(0.,2.35,0.4));
#17057=CARTESIAN_POINT('',(0.125,0.75,0.4));
#17058=CARTESIAN_POINT('',(0.,0.75,0.4));
#17059=CARTESIAN_POINT('',(0.125,2.35,0.4));
#17060=CARTESIAN_POINT('Origin',(-0.125,2.8,3.9));
#17061=CARTESIAN_POINT('',(-0.875,2.68540343607647,0.614898500858873));
#17062=CARTESIAN_POINT('',(-0.875,2.72064483457124,1.62515192437542));
#17063=CARTESIAN_POINT('',(-0.625,2.68540343607647,0.614898500858873));
#17064=CARTESIAN_POINT('',(-0.625,2.74268020345858,2.256832499146));
#17065=CARTESIAN_POINT('',(-0.715423977855504,2.69540767624539,0.901686719034396));
#17066=CARTESIAN_POINT('Origin',(-1.125,2.68540343607647,0.614898500858873));
#17067=CARTESIAN_POINT('',(-1.38406558038534,2.7287188101481,1.85660589091224));
#17068=CARTESIAN_POINT('',(-1.65671264722757,2.74230184613839,2.24598625596705));
#17069=CARTESIAN_POINT('',(-1.33997447173473,2.74040155037604,2.19151111077974));
#17070=CARTESIAN_POINT('Origin',(-1.1792775693131,2.73372093023256,2.));
#17071=CARTESIAN_POINT('',(-0.952098401280346,2.75175503878281,2.51697777844051));
#17072=CARTESIAN_POINT('',(-0.369667421312578,2.76880332786922,3.00569539891769));
#17073=CARTESIAN_POINT('',(-0.813606277165477,2.75827116033431,2.70377326291682));
#17074=CARTESIAN_POINT('Origin',(-1.27349220612362,2.76511627906977,2.9));
#17075=CARTESIAN_POINT('',(-0.345057035520931,2.79657744063227,3.80188663145841));
#17076=CARTESIAN_POINT('',(-0.311338603523564,2.79933409370627,3.88091068624636));
#17077=CARTESIAN_POINT('',(-0.575,2.8,3.9));
#17078=CARTESIAN_POINT('',(-0.383745892317641,2.79715330043105,3.81839461235684));
#17079=CARTESIAN_POINT('',(-1.04354924164455,2.76169371970204,2.80188663145841));
#17080=CARTESIAN_POINT('',(-0.775358314702787,2.78361969013952,3.4304311173328));
#17081=CARTESIAN_POINT('',(-1.11279530370198,2.75843565892629,2.70848888922026));
#17082=CARTESIAN_POINT('Origin',(-1.27349220612362,2.76511627906977,2.9));
#17083=CARTESIAN_POINT('',(-1.50067137415636,2.74708217051952,2.38302222155949));
#17084=CARTESIAN_POINT('',(-0.724319593752014,2.76980669933119,3.03445871416061));
#17085=CARTESIAN_POINT('',(-1.58885359145759,2.72371669006365,1.71321178182448));
#17086=CARTESIAN_POINT('Origin',(-1.1792775693131,2.73372093023256,2.));
#17087=CARTESIAN_POINT('',(-0.920211988927752,2.69040555616093,0.758292609946635));
#17088=CARTESIAN_POINT('',(-1.52753453664804,2.72066182892754,1.62563909592291));
#17089=CARTESIAN_POINT('Origin',(-1.125,2.68540343607647,0.614898500858873));
#17090=CARTESIAN_POINT('Origin',(-0.125,4.15,-0.4));
#17091=CARTESIAN_POINT('',(-0.875,4.11459656392353,0.614898500858873));
#17092=CARTESIAN_POINT('',(-0.875,4.15,-0.4));
#17093=CARTESIAN_POINT('',(-0.875,4.15344361917623,-0.498717083051992));
#17094=CARTESIAN_POINT('',(-0.920211988927752,4.10959444383907,0.758292609946635));
#17095=CARTESIAN_POINT('Origin',(-1.125,4.11459656392353,0.614898500858873));
#17096=CARTESIAN_POINT('',(-1.58885359145759,4.07628330993636,1.71321178182448));
#17097=CARTESIAN_POINT('',(-0.529243350309045,4.12907215599984,0.199931528004651));
#17098=CARTESIAN_POINT('',(-1.50067137415636,4.05291782948049,2.38302222155949));
#17099=CARTESIAN_POINT('Origin',(-1.1792775693131,4.06627906976744,2.));
#17100=CARTESIAN_POINT('',(-1.11279530370198,4.04156434107371,2.70848888922026));
#17101=CARTESIAN_POINT('',(-1.77086734819799,4.06082671350946,2.15630087939557));
#17102=CARTESIAN_POINT('',(-1.04354924164455,4.03830628029796,2.80188663145841));
#17103=CARTESIAN_POINT('Origin',(-1.27349220612362,4.03488372093023,2.9));
#17104=CARTESIAN_POINT('',(-0.575,4.,3.9));
#17105=CARTESIAN_POINT('',(-1.5421498821549,4.07906941508631,1.63334343419253));
#17106=CARTESIAN_POINT('',(-0.345057035520931,4.00342255936773,3.80188663145841));
#17107=CARTESIAN_POINT('',(0.383691214715294,4.01426952812024,3.49094019388661));
#17108=CARTESIAN_POINT('',(-0.813606277165477,4.04172883966569,2.70377326291682));
#17109=CARTESIAN_POINT('',(-1.07813017097568,4.06335501151956,2.08382300310609));
#17110=CARTESIAN_POINT('',(-0.952098401280346,4.04824496121719,2.51697777844051));
#17111=CARTESIAN_POINT('Origin',(-1.27349220612362,4.03488372093023,2.9));
#17112=CARTESIAN_POINT('',(-1.33997447173473,4.05959844962396,2.19151111077974));
#17113=CARTESIAN_POINT('',(-1.41621517575855,4.06183008497142,2.12753756415266));
#17114=CARTESIAN_POINT('',(-1.38406558038534,4.0712811898519,1.85660589091224));
#17115=CARTESIAN_POINT('Origin',(-1.1792775693131,4.06627906976744,2.));
#17116=CARTESIAN_POINT('',(-0.715423977855504,4.10459232375462,0.901686719034396));
#17117=CARTESIAN_POINT('',(-0.658421460888577,4.107432138789,0.820278688048795));
#17118=CARTESIAN_POINT('',(-0.625,4.11459656392353,0.614898500858873));
#17119=CARTESIAN_POINT('Origin',(-1.125,4.11459656392353,0.614898500858873));
#17120=CARTESIAN_POINT('',(-0.625,4.15,-0.4));
#17121=CARTESIAN_POINT('',(-0.625,4.13140825028889,0.132963491718584));
#17122=CARTESIAN_POINT('',(-0.0625,4.15,-0.4));
#17123=CARTESIAN_POINT('Origin',(-0.575,2.65,3.9));
#17124=CARTESIAN_POINT('',(-0.345057035520931,2.65,3.80188663145841));
#17125=CARTESIAN_POINT('',(-0.575,2.65,3.9));
#17126=CARTESIAN_POINT('Origin',(-0.345057035520931,2.65,3.80188663145841));
#17127=CARTESIAN_POINT('',(-0.813606277165477,2.65,2.70377326291682));
#17128=CARTESIAN_POINT('Origin',(-1.27349220612362,2.65,2.9));
#17129=CARTESIAN_POINT('',(-0.952098401280346,2.65,2.51697777844051));
#17130=CARTESIAN_POINT('Origin',(-0.952098401280346,2.65,2.51697777844051));
#17131=CARTESIAN_POINT('',(-1.33997447173473,2.65,2.19151111077974));
#17132=CARTESIAN_POINT('Origin',(-1.1792775693131,2.65,2.));
#17133=CARTESIAN_POINT('',(-1.38406558038534,2.65,1.85660589091224));
#17134=CARTESIAN_POINT('Origin',(-1.38406558038534,2.65,1.85660589091224));
#17135=CARTESIAN_POINT('',(-0.715423977855504,2.65,0.901686719034396));
#17136=CARTESIAN_POINT('Origin',(-1.125,2.65,0.614898500858873));
#17137=CARTESIAN_POINT('',(-0.625,2.65,0.614898500858873));
#17138=CARTESIAN_POINT('Origin',(7.88510670898548E-19,4.15,-0.525));
#17139=CARTESIAN_POINT('',(0.125,4.15,-0.65));
#17140=CARTESIAN_POINT('',(0.125,4.15,-0.4));
#17141=CARTESIAN_POINT('',(-0.875,4.15,-0.65));
#17142=CARTESIAN_POINT('Origin',(-0.375,4.15,-0.65));
#17143=CARTESIAN_POINT('',(-0.875,4.15,0.614898500858873));
#17144=CARTESIAN_POINT('',(-0.625,4.15,-0.65));
#17145=CARTESIAN_POINT('',(-0.625,4.15,-0.65));
#17146=CARTESIAN_POINT('Origin',(-0.375,4.15,-0.65));
#17147=CARTESIAN_POINT('Origin',(-0.625,2.65,0.614898500858873));
#17148=CARTESIAN_POINT('',(-0.625,2.65,-0.65));
#17149=CARTESIAN_POINT('Origin',(-0.375,3.4,-0.65));
#17150=CARTESIAN_POINT('',(-0.875,2.65,-0.65));
#17151=CARTESIAN_POINT('',(0.125,4.15,-0.65));
#17152=CARTESIAN_POINT('Origin',(-0.375,3.4,-0.65));
#17153=CARTESIAN_POINT('Origin',(-1.04354924164455,2.65,2.80188663145841));
#17154=CARTESIAN_POINT('',(-1.04354924164455,2.65,2.80188663145841));
#17155=CARTESIAN_POINT('Origin',(-1.27349220612362,2.65,2.9));
#17156=CARTESIAN_POINT('',(-1.11279530370198,2.65,2.70848888922026));
#17157=CARTESIAN_POINT('Origin',(-1.50067137415636,2.65,2.38302222155949));
#17158=CARTESIAN_POINT('',(-1.50067137415636,2.65,2.38302222155949));
#17159=CARTESIAN_POINT('Origin',(-1.1792775693131,2.65,2.));
#17160=CARTESIAN_POINT('',(-1.58885359145759,2.65,1.71321178182448));
#17161=CARTESIAN_POINT('Origin',(-0.920211988927752,2.65,0.758292609946634));
#17162=CARTESIAN_POINT('',(-0.920211988927752,2.65,0.758292609946635));
#17163=CARTESIAN_POINT('Origin',(-1.125,2.65,0.614898500858873));
#17164=CARTESIAN_POINT('',(-0.875,2.65,0.614898500858873));
#17165=CARTESIAN_POINT('Origin',(-0.875,2.65,-0.65));
#17166=CARTESIAN_POINT('Origin',(0.,0.75,0.4));
#17167=CARTESIAN_POINT('',(0.125,0.,0.15));
#17168=CARTESIAN_POINT('',(0.,0.,0.15));
#17169=CARTESIAN_POINT('',(0.125,0.75,0.4));
#17170=CARTESIAN_POINT('Origin',(0.,4.15,3.9));
#17171=CARTESIAN_POINT('',(0.125,4.15,3.9));
#17172=CARTESIAN_POINT('',(0.125,4.15,3.9));
#17173=CARTESIAN_POINT('',(0.,4.15,3.9));
#17174=CARTESIAN_POINT('Origin',(0.,5.15,3.9));
#17175=CARTESIAN_POINT('',(0.125,5.15,3.9));
#17176=CARTESIAN_POINT('',(0.125,5.15,3.9));
#17177=CARTESIAN_POINT('',(0.,5.15,3.9));
#17178=CARTESIAN_POINT('Origin',(0.,5.15,-0.4));
#17179=CARTESIAN_POINT('',(0.125,5.15,-0.4));
#17180=CARTESIAN_POINT('Origin',(0.,2.2,-1.4));
#17181=CARTESIAN_POINT('',(0.125,2.2,-1.4));
#17182=CARTESIAN_POINT('',(0.125,2.2,-1.4));
#17183=CARTESIAN_POINT('',(0.,2.2,-1.4));
#17184=CARTESIAN_POINT('Origin',(0.,1.95,-1.4));
#17185=CARTESIAN_POINT('',(0.125,1.95,-1.4));
#17186=CARTESIAN_POINT('',(0.125,1.95,-1.4));
#17187=CARTESIAN_POINT('',(0.,1.95,-1.4));
#17188=CARTESIAN_POINT('Origin',(0.,1.7,-1.05));
#17189=CARTESIAN_POINT('',(0.125,1.7,-1.05));
#17190=CARTESIAN_POINT('Origin',(0.,0.75,-0.4));
#17191=CARTESIAN_POINT('',(0.125,0.75,-0.4));
#17192=CARTESIAN_POINT('',(0.125,0.75,-0.4));
#17193=CARTESIAN_POINT('',(0.,0.75,-0.4));
#17194=CARTESIAN_POINT('Origin',(0.,0.,-0.15));
#17195=CARTESIAN_POINT('',(0.125,0.,-0.15));
#17196=CARTESIAN_POINT('',(0.125,0.,-0.15));
#17197=CARTESIAN_POINT('',(0.,0.,-0.15));
#17198=CARTESIAN_POINT('Origin',(0.,0.,0.15));
#17199=CARTESIAN_POINT('',(0.125,0.,0.15));
#17200=CARTESIAN_POINT('Origin',(0.125,3.14981220744815,0.95424224097589));
#17201=CARTESIAN_POINT('',(0.,0.,0.));
#17202=CARTESIAN_POINT('Origin',(0.125,2.70294317843381,1.3));
#17203=CARTESIAN_POINT('',(-0.125,2.70294317843381,1.2));
#17204=CARTESIAN_POINT('',(-0.130925998220054,2.79179192092247,1.25410990348469));
#17205=CARTESIAN_POINT('Ctrl Pts',(-0.130925998220054,2.79179192092247,
1.25410990348469));
#17206=CARTESIAN_POINT('Ctrl Pts',(-0.128878405488507,2.78702150740008,
1.2448738095385));
#17207=CARTESIAN_POINT('Ctrl Pts',(-0.127556763632651,2.78073284944656,
1.23636831477544));
#17208=CARTESIAN_POINT('Ctrl Pts',(-0.12567675031496,2.76479644117789,1.22043190650677));
#17209=CARTESIAN_POINT('Ctrl Pts',(-0.125279512696209,2.75356002852039,
1.21273134050702));
#17210=CARTESIAN_POINT('Ctrl Pts',(-0.124952441564082,2.72891806266574,
1.20251556416034));
#17211=CARTESIAN_POINT('Ctrl Pts',(-0.125,2.71551296141237,1.2));
#17212=CARTESIAN_POINT('Ctrl Pts',(-0.125,2.70294317843381,1.2));
#17213=CARTESIAN_POINT('',(0.125,2.70294317843381,1.2));
#17214=CARTESIAN_POINT('',(0.125,2.70294317843381,1.2));
#17215=CARTESIAN_POINT('',(0.115498088799057,2.80289857345223,1.2970135293888));
#17216=CARTESIAN_POINT('Ctrl Pts',(0.125,2.70294317843381,1.2));
#17217=CARTESIAN_POINT('Ctrl Pts',(0.125,2.71550276588282,1.2));
#17218=CARTESIAN_POINT('Ctrl Pts',(0.125023714874724,2.72889888644074,1.20251090226009));
#17219=CARTESIAN_POINT('Ctrl Pts',(0.124860586119404,2.75353782204467,1.21271885211782));
#17220=CARTESIAN_POINT('Ctrl Pts',(0.124662080439296,2.76478052214168,1.22041598747055));
#17221=CARTESIAN_POINT('Ctrl Pts',(0.123616402072045,2.78260071492897,1.23823618025785));
#17222=CARTESIAN_POINT('Ctrl Pts',(0.122696785160242,2.79031548122734,1.24956380300286));
#17223=CARTESIAN_POINT('Ctrl Pts',(0.119732881431327,2.80008246530742,1.27325754159186));
#17224=CARTESIAN_POINT('Ctrl Pts',(0.117781360853856,2.80255365638739,1.28546936038328));
#17225=CARTESIAN_POINT('Ctrl Pts',(0.115498088799053,2.80289857345223,1.29701352938882));
#17226=CARTESIAN_POINT('',(-0.140437503091025,2.80289857345223,1.2970135293888));
#17227=CARTESIAN_POINT('',(0.125,2.80289857345223,1.2970135293888));
#17228=CARTESIAN_POINT('Origin',(-0.141099587685667,2.70294317843381,1.3));
#17229=CARTESIAN_POINT('Origin',(0.125,2.925,5.38367565060436));
#17230=CARTESIAN_POINT('',(0.113148003559967,2.80323339498586,1.30821980696905));
#17231=CARTESIAN_POINT('Origin',(-0.375,2.8,1.2));
#17232=CARTESIAN_POINT('',(-0.589250725995746,2.89789644331248,4.4765357293374));
#17233=CARTESIAN_POINT('',(-0.490111895462318,2.88453539422321,4.02934936340716));
#17234=CARTESIAN_POINT('',(-0.556024585668984,2.90352650468996,4.66497053490863));
#17235=CARTESIAN_POINT('Origin',(-0.345176724215762,2.89951314080541,4.53064563282193));
#17236=CARTESIAN_POINT('',(-0.183733330574347,2.92098663611544,5.24935074851765));
#17237=CARTESIAN_POINT('',(-0.236821283145389,2.9184968579745,5.16601935504819));
#17238=CARTESIAN_POINT('',(-0.394581192027567,2.925,5.38367565060436));
#17239=CARTESIAN_POINT('',(-0.119160857708341,2.91975753742433,5.20821354638792));
#17240=CARTESIAN_POINT('',(-0.766872447122206,2.90753986857452,4.79929543699533));
#17241=CARTESIAN_POINT('',(-0.447723448443148,2.92250767505665,5.30025901717335));
#17242=CARTESIAN_POINT('',(-0.833324727775729,2.89627974581955,4.42242582585287));
#17243=CARTESIAN_POINT('Origin',(-0.345176724215762,2.89951314080541,4.53064563282193));
#17244=CARTESIAN_POINT('',(-0.734196095586367,2.88292007117231,3.97528546167993));
#17245=CARTESIAN_POINT('Origin',(0.125,4.39705682156619,1.3));
#17246=CARTESIAN_POINT('',(-0.140437503091025,4.29710142654777,1.2970135293888));
#17247=CARTESIAN_POINT('',(-0.130925998220054,4.30820807907753,1.25410990348469));
#17248=CARTESIAN_POINT('Origin',(-0.141099587685667,4.39705682156619,1.3));
#17249=CARTESIAN_POINT('',(0.115498088799057,4.29710142654777,1.2970135293888));
#17250=CARTESIAN_POINT('',(0.125,4.29710142654777,1.2970135293888));
#17251=CARTESIAN_POINT('',(0.125,4.39705682156619,1.2));
#17252=CARTESIAN_POINT('Ctrl Pts',(0.115498088799053,4.29710142654777,1.29701352938882));
#17253=CARTESIAN_POINT('Ctrl Pts',(0.117781360853856,4.29744634361261,1.28546936038328));
#17254=CARTESIAN_POINT('Ctrl Pts',(0.119732881431327,4.29991753469258,1.27325754159186));
#17255=CARTESIAN_POINT('Ctrl Pts',(0.122696785160242,4.30968451877266,1.24956380300286));
#17256=CARTESIAN_POINT('Ctrl Pts',(0.123616402072045,4.31739928507103,1.23823618025785));
#17257=CARTESIAN_POINT('Ctrl Pts',(0.124662080439296,4.33521947785832,1.22041598747055));
#17258=CARTESIAN_POINT('Ctrl Pts',(0.124860586119403,4.34646217795533,1.21271885211782));
#17259=CARTESIAN_POINT('Ctrl Pts',(0.125023714874724,4.37110111355926,1.20251090226009));
#17260=CARTESIAN_POINT('Ctrl Pts',(0.125,4.38449723411718,1.2));
#17261=CARTESIAN_POINT('Ctrl Pts',(0.125,4.39705682156619,1.2));
#17262=CARTESIAN_POINT('',(-0.125,4.39705682156619,1.2));
#17263=CARTESIAN_POINT('',(0.125,4.39705682156619,1.2));
#17264=CARTESIAN_POINT('Ctrl Pts',(-0.125,4.39705682156619,1.2));
#17265=CARTESIAN_POINT('Ctrl Pts',(-0.125,4.38448703858763,1.2));
#17266=CARTESIAN_POINT('Ctrl Pts',(-0.124952441564082,4.37108193733426,
1.20251556416034));
#17267=CARTESIAN_POINT('Ctrl Pts',(-0.125279512696209,4.34643997147961,
1.21273134050702));
#17268=CARTESIAN_POINT('Ctrl Pts',(-0.12567675031496,4.33520355882211,1.22043190650677));
#17269=CARTESIAN_POINT('Ctrl Pts',(-0.127556763632652,4.31926715055344,
1.23636831477544));
#17270=CARTESIAN_POINT('Ctrl Pts',(-0.128878405488507,4.31297849259992,
1.2448738095385));
#17271=CARTESIAN_POINT('Ctrl Pts',(-0.130925998220054,4.30820807907753,
1.25410990348469));
#17272=CARTESIAN_POINT('Origin',(0.125,5.1,1.2));
#17273=CARTESIAN_POINT('',(0.125,4.9,1.2));
#17274=CARTESIAN_POINT('',(0.125,5.1,1.2));
#17275=CARTESIAN_POINT('',(-0.125,4.9,1.2));
#17276=CARTESIAN_POINT('',(0.0625,4.9,1.2));
#17277=CARTESIAN_POINT('',(-0.125,5.1,1.2));
#17278=CARTESIAN_POINT('Origin',(0.,5.,-1.6));
#17279=CARTESIAN_POINT('',(0.125,5.1,-1.6));
#17280=CARTESIAN_POINT('',(0.125,5.,-1.7));
#17281=CARTESIAN_POINT('Origin',(0.125,5.,-1.6));
#17282=CARTESIAN_POINT('',(-0.125,5.,-1.7));
#17283=CARTESIAN_POINT('',(0.,5.,-1.7));
#17284=CARTESIAN_POINT('',(-0.125,5.1,-1.6));
#17285=CARTESIAN_POINT('Origin',(-0.125,5.,-1.6));
#17286=CARTESIAN_POINT('',(0.,5.1,-1.6));
#17287=CARTESIAN_POINT('Origin',(0.,1.45,-1.7));
#17288=CARTESIAN_POINT('',(0.125,1.55,-1.7));
#17289=CARTESIAN_POINT('',(0.125,1.45,-1.7));
#17290=CARTESIAN_POINT('',(-0.125,1.55,-1.7));
#17291=CARTESIAN_POINT('',(0.,1.55,-1.7));
#17292=CARTESIAN_POINT('',(-0.125,1.45,-1.7));
#17293=CARTESIAN_POINT('Origin',(0.125,2.82363359578921,-0.217891646883019));
#17294=CARTESIAN_POINT('',(0.125,5.1,1.));
#17295=CARTESIAN_POINT('',(0.125,5.1,-1.7));
#17296=CARTESIAN_POINT('',(0.125,4.78538131066806,1.31461868933194));
#17297=CARTESIAN_POINT('',(0.125,5.1,1.2));
#17298=CARTESIAN_POINT('',(0.125,1.8,1.2));
#17299=CARTESIAN_POINT('',(0.125,5.1,1.2));
#17300=CARTESIAN_POINT('',(0.125,1.6,1.));
#17301=CARTESIAN_POINT('',(0.125,1.65143548722655,1.05143548722655));
#17302=CARTESIAN_POINT('',(0.125,1.6,0.5));
#17303=CARTESIAN_POINT('',(0.125,1.6,1.2));
#17304=CARTESIAN_POINT('',(0.125,1.5,0.4));
#17305=CARTESIAN_POINT('Origin',(0.125,1.5,0.5));
#17306=CARTESIAN_POINT('',(0.125,0.75,0.4));
#17307=CARTESIAN_POINT('',(0.125,1.6,0.4));
#17308=CARTESIAN_POINT('',(0.125,0.,0.15));
#17309=CARTESIAN_POINT('',(0.125,0.75,0.4));
#17310=CARTESIAN_POINT('',(0.125,0.,-0.15));
#17311=CARTESIAN_POINT('',(0.125,0.,0.15));
#17312=CARTESIAN_POINT('',(0.125,0.75,-0.4));
#17313=CARTESIAN_POINT('',(0.125,0.,-0.15));
#17314=CARTESIAN_POINT('',(0.125,1.35,-0.4));
#17315=CARTESIAN_POINT('',(0.125,0.75,-0.4));
#17316=CARTESIAN_POINT('',(0.125,1.45,-0.5));
#17317=CARTESIAN_POINT('Origin',(0.125,1.35,-0.5));
#17318=CARTESIAN_POINT('',(0.125,1.45,-1.6));
#17319=CARTESIAN_POINT('',(0.125,1.45,-0.4));
#17320=CARTESIAN_POINT('Origin',(0.125,1.55,-1.6));
#17321=CARTESIAN_POINT('Origin',(0.,1.55,-1.6));
#17322=CARTESIAN_POINT('',(-0.125,1.45,-1.6));
#17323=CARTESIAN_POINT('',(0.,1.45,-1.6));
#17324=CARTESIAN_POINT('Origin',(-0.125,1.55,-1.6));
#17325=CARTESIAN_POINT('Origin',(-0.125,2.82363359578921,-0.217891646883019));
#17326=CARTESIAN_POINT('',(-0.125,1.45,-0.5));
#17327=CARTESIAN_POINT('',(-0.125,1.45,-0.4));
#17328=CARTESIAN_POINT('',(-0.125,1.35,-0.4));
#17329=CARTESIAN_POINT('Origin',(-0.125,1.35,-0.5));
#17330=CARTESIAN_POINT('',(-0.125,0.75,-0.4));
#17331=CARTESIAN_POINT('',(-0.125,0.75,-0.4));
#17332=CARTESIAN_POINT('',(-0.125,0.,-0.15));
#17333=CARTESIAN_POINT('',(-0.125,0.,-0.15));
#17334=CARTESIAN_POINT('',(-0.125,0.,0.15));
#17335=CARTESIAN_POINT('',(-0.125,0.,0.15));
#17336=CARTESIAN_POINT('',(-0.125,0.75,0.4));
#17337=CARTESIAN_POINT('',(-0.125,0.75,0.4));
#17338=CARTESIAN_POINT('',(-0.125,1.5,0.4));
#17339=CARTESIAN_POINT('',(-0.125,1.6,0.4));
#17340=CARTESIAN_POINT('',(-0.125,1.6,0.5));
#17341=CARTESIAN_POINT('Origin',(-0.125,1.5,0.5));
#17342=CARTESIAN_POINT('',(-0.125,1.6,1.));
#17343=CARTESIAN_POINT('',(-0.125,1.6,1.2));
#17344=CARTESIAN_POINT('',(-0.125,1.8,1.2));
#17345=CARTESIAN_POINT('',(-0.125,1.65143548722655,1.05143548722655));
#17346=CARTESIAN_POINT('',(-0.125,5.1,1.2));
#17347=CARTESIAN_POINT('',(-0.125,5.1,1.2));
#17348=CARTESIAN_POINT('',(-0.125,5.1,1.));
#17349=CARTESIAN_POINT('',(-0.125,4.78538131066806,1.31461868933194));
#17350=CARTESIAN_POINT('',(-0.125,5.1,-1.7));
#17351=CARTESIAN_POINT('Origin',(0.,1.45,-0.4));
#17352=CARTESIAN_POINT('',(0.,1.45,-0.5));
#17353=CARTESIAN_POINT('Origin',(0.,1.35,-0.5));
#17354=CARTESIAN_POINT('',(0.,1.35,-0.4));
#17355=CARTESIAN_POINT('Origin',(0.,1.5,0.5));
#17356=CARTESIAN_POINT('',(0.,1.5,0.4));
#17357=CARTESIAN_POINT('',(0.,1.6,0.5));
#17358=CARTESIAN_POINT('Origin',(0.,1.6,0.4));
#17359=CARTESIAN_POINT('',(0.,0.75,0.4));
#17360=CARTESIAN_POINT('Origin',(0.0625,1.7,1.1));
#17361=CARTESIAN_POINT('',(0.0625,1.8,1.2));
#17362=CARTESIAN_POINT('',(0.0625,1.6,1.));
#17363=CARTESIAN_POINT('Origin',(0.125,2.8,1.2));
#17364=CARTESIAN_POINT('Origin',(0.0625,5.,1.1));
#17365=CARTESIAN_POINT('',(0.0625,5.1,1.));
#17366=CARTESIAN_POINT('Origin',(0.125,4.3,1.2));
#17367=CARTESIAN_POINT('',(-0.833324727775729,4.20372025418046,4.42242582585287));
#17368=CARTESIAN_POINT('',(-0.293414820086708,4.27648450549952,1.98704961402863));
#17369=CARTESIAN_POINT('',(-0.766872447122206,4.19246013142548,4.79929543699533));
#17370=CARTESIAN_POINT('Origin',(-0.345176724215762,4.20048685919459,4.53064563282193));
#17371=CARTESIAN_POINT('',(-0.394581192027567,4.175,5.38367565060436));
#17372=CARTESIAN_POINT('',(-1.39318589037719,4.22183367937518,3.81618025836319));
#17373=CARTESIAN_POINT('',(-0.183733330574347,4.17901336388456,5.24935074851765));
#17374=CARTESIAN_POINT('',(0.850345939670659,4.19869644896954,4.59056959812705));
#17375=CARTESIAN_POINT('',(-0.556024585668984,4.19647349531004,4.66497053490863));
#17376=CARTESIAN_POINT('',(-1.18228372507943,4.22584449645734,3.68194059623804));
#17377=CARTESIAN_POINT('',(-0.589250725995746,4.20210355668752,4.4765357293374));
#17378=CARTESIAN_POINT('Origin',(-0.345176724215762,4.20048685919459,4.53064563282193));
#17379=CARTESIAN_POINT('',(0.113148003559967,4.29676660501414,1.30821980696905));
#17380=CARTESIAN_POINT('',(-0.049330619962659,4.27486918244862,2.04111351575586));
#17381=CARTESIAN_POINT('Origin',(-0.375,4.3,1.2));
#17382=CARTESIAN_POINT('Origin',(-0.375,3.35,1.2));
#17383=CARTESIAN_POINT('',(0.113148003559967,3.35,1.30821980696905));
#17384=CARTESIAN_POINT('Origin',(-0.229551797454217,3.35,2.85403871360701));
#17385=CARTESIAN_POINT('',(-0.589250725995746,5.1,4.4765357293374));
#17386=CARTESIAN_POINT('Origin',(-0.345176724215762,3.35,4.53064563282193));
#17387=CARTESIAN_POINT('',(-0.556024585668984,3.35,4.66497053490863));
#17388=CARTESIAN_POINT('Origin',(-0.345176724215762,3.35,4.53064563282193));
#17389=CARTESIAN_POINT('',(-0.833324727775729,5.1,4.42242582585287));
#17390=CARTESIAN_POINT('',(-0.766872447122206,3.35,4.79929543699533));
#17391=CARTESIAN_POINT('Origin',(-0.445837900727822,3.35,4.83792898505116));
#17392=CARTESIAN_POINT('',(-0.183733330574347,5.1,5.24935074851765));
#17393=CARTESIAN_POINT('Origin',(-0.183733330574347,5.1,5.24935074851765));
#17394=CARTESIAN_POINT('',(-0.394581192027569,5.1,5.38367565060436));
#17395=CARTESIAN_POINT('Origin',(-0.656685762181044,3.35,4.97225388713787));
#17396=CARTESIAN_POINT('Origin',(-0.375,3.35,1.2));
#17397=CARTESIAN_POINT('',(-0.130925998220017,3.35,1.25410990348452));
#17398=CARTESIAN_POINT('Origin',(-0.473625799234201,3.35,2.79992881012249));
#17399=CARTESIAN_POINT('Origin',(0.,0.75,0.4));
#17400=CARTESIAN_POINT('',(0.,0.,0.15));
#17401=CARTESIAN_POINT('Origin',(0.,1.6,1.2));
#17402=CARTESIAN_POINT('Origin',(0.,5.1,-1.7));
#17403=CARTESIAN_POINT('Origin',(0.,0.75,-0.4));
#17404=CARTESIAN_POINT('',(0.,0.75,-0.4));
#17405=CARTESIAN_POINT('Origin',(0.,0.,-0.15));
#17406=CARTESIAN_POINT('',(0.,0.,-0.15));
#17407=CARTESIAN_POINT('Origin',(0.,0.,0.15));
#17408=CARTESIAN_POINT('',(0.,0.,0.));
#17409=CARTESIAN_POINT('Origin',(-0.0625,4.9,-2.15));
#17410=CARTESIAN_POINT('',(0.125,4.9,-1.95));
#17411=CARTESIAN_POINT('',(0.125,5.1,-2.15));
#17412=CARTESIAN_POINT('Origin',(0.125,4.9,-2.15));
#17413=CARTESIAN_POINT('',(-0.125,5.1,-2.15));
#17414=CARTESIAN_POINT('',(-0.0625,5.1,-2.15));
#17415=CARTESIAN_POINT('',(-0.125,4.9,-1.95));
#17416=CARTESIAN_POINT('Origin',(-0.125,4.9,-2.15));
#17417=CARTESIAN_POINT('',(-0.0625,4.9,-1.95));
#17418=CARTESIAN_POINT('Origin',(-0.125,4.35,-1.95));
#17419=CARTESIAN_POINT('',(-0.125,4.6396427628209,-1.95));
#17420=CARTESIAN_POINT('',(-0.125,5.1,-1.95));
#17421=CARTESIAN_POINT('',(0.125,4.6396427628209,-1.95));
#17422=CARTESIAN_POINT('',(-0.125,4.6396427628209,-1.95));
#17423=CARTESIAN_POINT('',(0.125,5.1,-1.95));
#17424=CARTESIAN_POINT('Origin',(-0.125,2.46166803470291,-1.66265084046316));
#17425=CARTESIAN_POINT('',(-0.125,5.1,-2.85));
#17426=CARTESIAN_POINT('',(-0.125,5.1,-3.35));
#17427=CARTESIAN_POINT('',(-0.125,1.5,-2.85));
#17428=CARTESIAN_POINT('',(-0.125,1.98083401735146,-2.85));
#17429=CARTESIAN_POINT('',(-0.125,1.5,-0.6));
#17430=CARTESIAN_POINT('',(-0.125,1.5,-0.4));
#17431=CARTESIAN_POINT('',(-0.125,1.3,-0.4));
#17432=CARTESIAN_POINT('Origin',(-0.125,1.3,-0.6));
#17433=CARTESIAN_POINT('',(-0.125,0.75,-0.4));
#17434=CARTESIAN_POINT('',(-0.125,0.75,-0.4));
#17435=CARTESIAN_POINT('',(-0.125,0.,-0.15));
#17436=CARTESIAN_POINT('',(-0.125,0.,-0.15));
#17437=CARTESIAN_POINT('',(-0.125,0.,0.15));
#17438=CARTESIAN_POINT('',(-0.125,0.,0.15));
#17439=CARTESIAN_POINT('',(-0.125,0.75,0.4));
#17440=CARTESIAN_POINT('',(-0.125,0.75,0.4));
#17441=CARTESIAN_POINT('',(-0.125,1.9,0.400000000000001));
#17442=CARTESIAN_POINT('',(-0.125,2.1,0.400000000000001));
#17443=CARTESIAN_POINT('',(-0.125,2.1,0.200000000000001));
#17444=CARTESIAN_POINT('Origin',(-0.125,1.9,0.200000000000001));
#17445=CARTESIAN_POINT('',(-0.125,2.1,-1.65));
#17446=CARTESIAN_POINT('',(-0.125,2.1,-1.95));
#17447=CARTESIAN_POINT('',(-0.125,2.4,-1.95));
#17448=CARTESIAN_POINT('Origin',(-0.125,2.4,-1.65));
#17449=CARTESIAN_POINT('',(-0.125,2.55,-1.95));
#17450=CARTESIAN_POINT('',(-0.125,5.1,-1.95));
#17451=CARTESIAN_POINT('',(-0.125,5.1,-1.95));
#17452=CARTESIAN_POINT('Origin',(0.,1.3,-0.6));
#17453=CARTESIAN_POINT('',(0.125,1.5,-0.6));
#17454=CARTESIAN_POINT('',(0.,1.5,-0.6));
#17455=CARTESIAN_POINT('',(0.125,1.3,-0.4));
#17456=CARTESIAN_POINT('Origin',(0.125,1.3,-0.6));
#17457=CARTESIAN_POINT('',(0.,1.3,-0.4));
#17458=CARTESIAN_POINT('Origin',(0.,1.5,-0.4));
#17459=CARTESIAN_POINT('',(0.125,1.5,-2.85));
#17460=CARTESIAN_POINT('',(-0.0625,1.5,-2.85));
#17461=CARTESIAN_POINT('',(0.125,1.5,-0.4));
#17462=CARTESIAN_POINT('Origin',(0.,1.9,0.200000000000001));
#17463=CARTESIAN_POINT('',(0.125,1.9,0.400000000000001));
#17464=CARTESIAN_POINT('',(0.125,2.1,0.200000000000001));
#17465=CARTESIAN_POINT('Origin',(0.125,1.9,0.200000000000001));
#17466=CARTESIAN_POINT('',(0.,2.1,0.200000000000001));
#17467=CARTESIAN_POINT('',(0.,1.9,0.400000000000001));
#17468=CARTESIAN_POINT('Origin',(0.,2.1,-1.95));
#17469=CARTESIAN_POINT('',(0.125,2.1,-1.65));
#17470=CARTESIAN_POINT('',(0.125,2.1,-1.95));
#17471=CARTESIAN_POINT('',(0.,2.1,-1.65));
#17472=CARTESIAN_POINT('Origin',(-0.125,4.6396427628209,-1.65));
#17473=CARTESIAN_POINT('',(0.130463099817145,4.47086761898927,-1.89802207729275));
#17474=CARTESIAN_POINT('Ctrl Pts',(0.130463099817145,4.47086761898927,-1.89802207729275));
#17475=CARTESIAN_POINT('Ctrl Pts',(0.127738210613442,4.48970654696294,-1.91084167308477));
#17476=CARTESIAN_POINT('Ctrl Pts',(0.126444738028658,4.51064753282366,-1.9218716330546));
#17477=CARTESIAN_POINT('Ctrl Pts',(0.124731976596761,4.56730334352563,-1.94350308272925));
#17478=CARTESIAN_POINT('Ctrl Pts',(0.125,4.60470531926151,-1.95));
#17479=CARTESIAN_POINT('Ctrl Pts',(0.125,4.6396427628209,-1.95));
#17480=CARTESIAN_POINT('',(-0.114073800366903,4.41255976158423,-1.84604415459112));
#17481=CARTESIAN_POINT('Ctrl Pts',(-0.125,4.6396427628209,-1.95));
#17482=CARTESIAN_POINT('Ctrl Pts',(-0.125,4.6120843797978,-1.95));
#17483=CARTESIAN_POINT('Ctrl Pts',(-0.12506836545767,4.58225702989859,-1.94595718252706));
#17484=CARTESIAN_POINT('Ctrl Pts',(-0.124617439585469,4.52528891297976,
-1.92893890870439));
#17485=CARTESIAN_POINT('Ctrl Pts',(-0.124070569499489,4.49814835640425,
-1.91596348981611));
#17486=CARTESIAN_POINT('Ctrl Pts',(-0.12114129812524,4.45290205209404,-1.8862939862436));
#17487=CARTESIAN_POINT('Ctrl Pts',(-0.118622107033918,4.43103306208719,
-1.86744225508389));
#17488=CARTESIAN_POINT('Ctrl Pts',(-0.114073800366891,4.41255976158418,
-1.84604415459106));
#17489=CARTESIAN_POINT('',(-0.0746428066188666,4.33982782904864,-1.66053591415745));
#17490=CARTESIAN_POINT('Origin',(-0.0724033289315079,4.6396427628209,-1.65));
#17491=CARTESIAN_POINT('',(0.180942342097391,4.33982782904864,-1.66053591415745));
#17492=CARTESIAN_POINT('',(-0.125,4.33982782904864,-1.66053591415745));
#17493=CARTESIAN_POINT('Origin',(0.18318181978475,4.6396427628209,-1.65));
#17494=CARTESIAN_POINT('Origin',(-0.125,4.225,1.60705885236557));
#17495=CARTESIAN_POINT('',(0.457152734289727,4.25190753388044,0.841365399687496));
#17496=CARTESIAN_POINT('',(0.376883986389596,4.26517814535662,0.463730631466403));
#17497=CARTESIAN_POINT('',(0.379898485695991,4.24355217138357,1.07912952876128));
#17498=CARTESIAN_POINT('Origin',(0.212615834106276,4.25008095731601,0.893343322391936));
#17499=CARTESIAN_POINT('',(-8.9942167799672E-5,4.23152878593243,1.42127264599622));
#17500=CARTESIAN_POINT('',(0.0819193869832412,4.23412368015202,1.34743111435847));
#17501=CARTESIAN_POINT('',(0.167192709421915,4.225,1.60705885236557));
#17502=CARTESIAN_POINT('',(0.0941848688335568,4.2278493843089,1.52597543092748));
#17503=CARTESIAN_POINT('',(0.547181137285705,4.23702338545113,1.26491573513063));
#17504=CARTESIAN_POINT('',(0.249316062418106,4.22759850209956,1.5331146531965));
#17505=CARTESIAN_POINT('',(0.701689634473179,4.25373411044488,0.789387476983056));
#17506=CARTESIAN_POINT('Origin',(0.212615834106276,4.25008095731601,0.893343322391936));
#17507=CARTESIAN_POINT('',(0.621433925063592,4.26700256630325,0.41181405003716));
#17508=CARTESIAN_POINT('Origin',(0.,2.4,-1.65));
#17509=CARTESIAN_POINT('',(0.125,2.4,-1.95));
#17510=CARTESIAN_POINT('Origin',(0.125,2.4,-1.65));
#17511=CARTESIAN_POINT('',(0.,2.4,-1.95));
#17512=CARTESIAN_POINT('Origin',(0.,2.55,-1.65));
#17513=CARTESIAN_POINT('',(0.18318181978475,2.85,-1.65));
#17514=CARTESIAN_POINT('',(0.130463099817145,2.71877514383163,-1.89802207729275));
#17515=CARTESIAN_POINT('Origin',(0.18318181978475,2.55,-1.65));
#17516=CARTESIAN_POINT('',(-0.0724033289315078,2.85,-1.65));
#17517=CARTESIAN_POINT('',(0.,2.85,-1.65));
#17518=CARTESIAN_POINT('',(-0.114073800366903,2.77708300123667,-1.84604415459112));
#17519=CARTESIAN_POINT('Origin',(-0.0724033289315079,2.55,-1.65));
#17520=CARTESIAN_POINT('Ctrl Pts',(-0.114073800366903,2.77708300123667,
-1.84604415459112));
#17521=CARTESIAN_POINT('Ctrl Pts',(-0.118622107033922,2.75860970073367,
-1.86744225508392));
#17522=CARTESIAN_POINT('Ctrl Pts',(-0.121141298125241,2.73674071072684,
-1.88629398624361));
#17523=CARTESIAN_POINT('Ctrl Pts',(-0.124070569499489,2.69149440641665,
-1.91596348981611));
#17524=CARTESIAN_POINT('Ctrl Pts',(-0.124617439585469,2.66435384984114,
-1.92893890870439));
#17525=CARTESIAN_POINT('Ctrl Pts',(-0.12506836545767,2.60738573292231,-1.94595718252706));
#17526=CARTESIAN_POINT('Ctrl Pts',(-0.125,2.57755838302311,-1.95));
#17527=CARTESIAN_POINT('Ctrl Pts',(-0.125,2.55,-1.95));
#17528=CARTESIAN_POINT('',(0.125,2.55,-1.95));
#17529=CARTESIAN_POINT('',(0.,2.55,-1.95));
#17530=CARTESIAN_POINT('Ctrl Pts',(0.125,2.55,-1.95));
#17531=CARTESIAN_POINT('Ctrl Pts',(0.125,2.5849374435594,-1.95));
#17532=CARTESIAN_POINT('Ctrl Pts',(0.124731976596762,2.62233941929528,-1.94350308272925));
#17533=CARTESIAN_POINT('Ctrl Pts',(0.126444738028658,2.67899522999724,-1.9218716330546));
#17534=CARTESIAN_POINT('Ctrl Pts',(0.127738210613442,2.69993621585797,-1.91084167308477));
#17535=CARTESIAN_POINT('Ctrl Pts',(0.130463099817145,2.71877514383163,-1.89802207729275));
#17536=CARTESIAN_POINT('Origin',(0.,5.1,-1.95));
#17537=CARTESIAN_POINT('',(0.125,5.1,-1.95));
#17538=CARTESIAN_POINT('Origin',(0.212615834106276,3.975,0.893343322391936));
#17539=CARTESIAN_POINT('',(0.457152734289727,2.85,0.841365399687496));
#17540=CARTESIAN_POINT('',(0.457152734289727,2.85,0.841365399687496));
#17541=CARTESIAN_POINT('',(0.379898485695991,2.85,1.07912952876128));
#17542=CARTESIAN_POINT('Origin',(0.212615834106276,2.85,0.893343322391936));
#17543=CARTESIAN_POINT('',(0.379898485695991,3.975,1.07912952876128));
#17544=CARTESIAN_POINT('Origin',(0.497266422810193,3.975,1.30985914591436));
#17545=CARTESIAN_POINT('',(0.167192709421915,2.85,1.60705885236557));
#17546=CARTESIAN_POINT('',(0.167192709421915,5.1,1.60705885236557));
#17547=CARTESIAN_POINT('',(0.547181137285705,2.85,1.26491573513063));
#17548=CARTESIAN_POINT('',(1.387658134024,2.85,0.508146848128166));
#17549=CARTESIAN_POINT('',(0.547181137285705,3.975,1.26491573513063));
#17550=CARTESIAN_POINT('Origin',(0.16370138087579,3.975,-0.539214673250913));
#17551=CARTESIAN_POINT('',(-0.114073800366903,3.975,-1.84604415459112));
#17552=CARTESIAN_POINT('',(-0.349216382935565,2.85,-2.95230302856417));
#17553=CARTESIAN_POINT('Origin',(0.375,3.975,-1.95));
#17554=CARTESIAN_POINT('Origin',(0.547181137285705,2.85,1.26491573513063));
#17555=CARTESIAN_POINT('',(0.500341994840585,2.85,1.21289559734722));
#17556=CARTESIAN_POINT('',(-8.99421677995338E-5,2.85,1.42127264599622));
#17557=CARTESIAN_POINT('',(0.167192709421915,2.85,1.60705885236557));
#17558=CARTESIAN_POINT('',(1.22037548243429,2.85,0.322360641758818));
#17559=CARTESIAN_POINT('Origin',(0.379898485695991,2.85,1.07912952876128));
#17560=CARTESIAN_POINT('',(0.701689634473179,2.85,0.789387476983056));
#17561=CARTESIAN_POINT('',(0.457152734289727,2.85,0.841365399687496));
#17562=CARTESIAN_POINT('Origin',(0.212615834106276,2.85,0.893343322391936));
#17563=CARTESIAN_POINT('Origin',(0.167192709421915,5.1,1.60705885236557));
#17564=CARTESIAN_POINT('',(-8.99421677996726E-5,5.1,1.42127264599622));
#17565=CARTESIAN_POINT('Origin',(0.329983771220479,3.975,1.12407293954501));
#17566=CARTESIAN_POINT('Origin',(0.212615834106276,3.975,0.893343322391936));
#17567=CARTESIAN_POINT('',(0.701689634473179,2.85,0.789387476983056));
#17568=CARTESIAN_POINT('Origin',(0.375,3.975,-1.95));
#17569=CARTESIAN_POINT('',(0.130463099816549,3.975,-1.89802207729556));
#17570=CARTESIAN_POINT('',(0.125,5.1,-1.95));
#17571=CARTESIAN_POINT('Origin',(-0.114073800366903,2.85,-1.84604415459112));
#17572=CARTESIAN_POINT('',(0.130463099816549,2.85,-1.89802207729556));
#17573=CARTESIAN_POINT('Origin',(0.408238281059242,3.975,-0.591192595955353));
#17574=CARTESIAN_POINT('Origin',(-0.375,3.3,-2.85));
#17575=CARTESIAN_POINT('',(-0.375,5.1,-3.35));
#17576=CARTESIAN_POINT('',(-0.375,1.5,-3.35));
#17577=CARTESIAN_POINT('',(-0.375,3.3,-3.35));
#17578=CARTESIAN_POINT('',(0.125,5.1,-2.85));
#17579=CARTESIAN_POINT('Origin',(-0.375,5.1,-2.85));
#17580=CARTESIAN_POINT('',(0.125,1.98083401735146,-2.85));
#17581=CARTESIAN_POINT('Origin',(-0.375,1.5,-2.85));
#17582=CARTESIAN_POINT('Origin',(-0.375,1.5,-3.1));
#17583=CARTESIAN_POINT('',(-0.375,1.5,-3.1));
#17584=CARTESIAN_POINT('',(-0.375,1.5,-3.155));
#17585=CARTESIAN_POINT('',(-0.675,1.5,-3.1));
#17586=CARTESIAN_POINT('',(0.755973355292326,1.5,-3.1));
#17587=CARTESIAN_POINT('',(-0.675,1.5,-3.35));
#17588=CARTESIAN_POINT('',(-0.675,1.5,-3.1));
#17589=CARTESIAN_POINT('',(0.755973355292326,1.5,-3.35));
#17590=CARTESIAN_POINT('Origin',(-0.242256661176918,3.3,-3.1));
#17591=CARTESIAN_POINT('',(-0.375,5.1,-3.1));
#17592=CARTESIAN_POINT('',(-0.375,3.3,-3.1));
#17593=CARTESIAN_POINT('',(-0.675,5.1,-3.1));
#17594=CARTESIAN_POINT('',(0.755973355292326,5.1,-3.1));
#17595=CARTESIAN_POINT('',(-0.675,5.1,-3.1));
#17596=CARTESIAN_POINT('Origin',(-0.375,5.1,-3.1));
#17597=CARTESIAN_POINT('',(-0.375,5.1,-3.155));
#17598=CARTESIAN_POINT('Origin',(-0.375,5.1,-2.85));
#17599=CARTESIAN_POINT('',(-0.0625,5.1,-2.85));
#17600=CARTESIAN_POINT('Origin',(-0.375,1.5,-3.35));
#17601=CARTESIAN_POINT('Origin',(-0.375,1.5,-2.85));
#17602=CARTESIAN_POINT('Origin',(-0.375,5.1,-3.1));
#17603=CARTESIAN_POINT('',(-0.675,5.1,-3.35));
#17604=CARTESIAN_POINT('',(-0.375,5.1,-3.35));
#17605=CARTESIAN_POINT('',(-0.675,5.1,-3.1));
#17606=CARTESIAN_POINT('Origin',(-0.675,5.1,-3.1));
#17607=CARTESIAN_POINT('',(-0.675,5.1,-3.35));
#17608=CARTESIAN_POINT('Origin',(-0.242256661176918,3.3,-3.35));
#17609=CARTESIAN_POINT('Origin',(-0.375,3.3,-2.85));
#17610=CARTESIAN_POINT('Origin',(0.,5.1,-3.35));
#17611=CARTESIAN_POINT('',(0.125,5.1,-3.35));
#17612=CARTESIAN_POINT('Origin',(0.,0.75,0.4));
#17613=CARTESIAN_POINT('',(0.125,0.,0.15));
#17614=CARTESIAN_POINT('',(0.,0.,0.15));
#17615=CARTESIAN_POINT('',(0.125,0.75,0.4));
#17616=CARTESIAN_POINT('',(0.125,0.75,0.4));
#17617=CARTESIAN_POINT('',(0.,0.75,0.4));
#17618=CARTESIAN_POINT('Origin',(0.,2.1,0.400000000000001));
#17619=CARTESIAN_POINT('',(0.125,2.1,0.400000000000001));
#17620=CARTESIAN_POINT('Origin',(0.,0.75,-0.4));
#17621=CARTESIAN_POINT('',(0.125,0.75,-0.4));
#17622=CARTESIAN_POINT('',(0.125,0.75,-0.4));
#17623=CARTESIAN_POINT('',(0.,0.75,-0.4));
#17624=CARTESIAN_POINT('Origin',(0.,0.,-0.15));
#17625=CARTESIAN_POINT('',(0.125,0.,-0.15));
#17626=CARTESIAN_POINT('',(0.125,0.,-0.15));
#17627=CARTESIAN_POINT('',(0.,0.,-0.15));
#17628=CARTESIAN_POINT('Origin',(0.,0.,0.15));
#17629=CARTESIAN_POINT('',(0.125,0.,0.15));
#17630=CARTESIAN_POINT('Origin',(0.125,2.46166803470291,-1.66265084046316));
#17631=CARTESIAN_POINT('',(0.,0.,0.));
#17632=CARTESIAN_POINT('Origin',(0.,0.95,-0.6));
#17633=CARTESIAN_POINT('',(-0.125,0.95,-0.4));
#17634=CARTESIAN_POINT('',(-0.125,1.15,-0.6));
#17635=CARTESIAN_POINT('Origin',(-0.125,0.95,-0.6));
#17636=CARTESIAN_POINT('',(0.125,1.15,-0.6));
#17637=CARTESIAN_POINT('',(0.,1.15,-0.6));
#17638=CARTESIAN_POINT('',(0.125,0.95,-0.4));
#17639=CARTESIAN_POINT('Origin',(0.125,0.95,-0.6));
#17640=CARTESIAN_POINT('',(0.,0.95,-0.4));
#17641=CARTESIAN_POINT('Origin',(0.,1.15,-0.4));
#17642=CARTESIAN_POINT('',(-0.125,1.15,-1.9));
#17643=CARTESIAN_POINT('',(-0.125,1.15,-0.4));
#17644=CARTESIAN_POINT('',(0.125,1.15,-1.9));
#17645=CARTESIAN_POINT('',(-0.0625,1.15,-1.9));
#17646=CARTESIAN_POINT('',(0.125,1.15,-0.4));
#17647=CARTESIAN_POINT('Origin',(0.,1.9,0.200000000000001));
#17648=CARTESIAN_POINT('',(0.125,1.9,0.400000000000001));
#17649=CARTESIAN_POINT('',(0.125,2.1,0.200000000000001));
#17650=CARTESIAN_POINT('Origin',(0.125,1.9,0.200000000000001));
#17651=CARTESIAN_POINT('',(-0.125,2.1,0.200000000000001));
#17652=CARTESIAN_POINT('',(0.,2.1,0.200000000000001));
#17653=CARTESIAN_POINT('',(-0.125,1.9,0.400000000000001));
#17654=CARTESIAN_POINT('Origin',(-0.125,1.9,0.200000000000001));
#17655=CARTESIAN_POINT('',(0.,1.9,0.400000000000001));
#17656=CARTESIAN_POINT('Origin',(0.,2.1,0.400000000000001));
#17657=CARTESIAN_POINT('',(-0.125,0.75,0.4));
#17658=CARTESIAN_POINT('',(-0.125,2.1,0.400000000000001));
#17659=CARTESIAN_POINT('',(0.125,0.75,0.4));
#17660=CARTESIAN_POINT('',(0.,0.75,0.4));
#17661=CARTESIAN_POINT('',(0.125,2.1,0.400000000000001));
#17662=CARTESIAN_POINT('Origin',(-0.125,2.45714193678814,-1.16647065367325));
#17663=CARTESIAN_POINT('',(-0.125,2.1,-0.799999999999999));
#17664=CARTESIAN_POINT('',(-0.125,2.1,-1.1));
#17665=CARTESIAN_POINT('',(-0.125,2.4,-1.1));
#17666=CARTESIAN_POINT('Origin',(-0.125,2.4,-0.799999999999999));
#17667=CARTESIAN_POINT('',(-0.125,2.55,-1.1));
#17668=CARTESIAN_POINT('',(-0.125,5.05,-1.1));
#17669=CARTESIAN_POINT('',(-0.125,4.6396427628209,-1.1));
#17670=CARTESIAN_POINT('',(-0.125,5.05,-1.1));
#17671=CARTESIAN_POINT('',(-0.125,4.75,-1.1));
#17672=CARTESIAN_POINT('',(-0.125,5.05,-1.1));
#17673=CARTESIAN_POINT('',(-0.125,5.05,-1.4));
#17674=CARTESIAN_POINT('Origin',(-0.125,4.75,-1.4));
#17675=CARTESIAN_POINT('',(-0.125,5.05,-1.9));
#17676=CARTESIAN_POINT('',(-0.125,5.05,-2.4));
#17677=CARTESIAN_POINT('',(-0.125,1.80357096839407,-1.9));
#17678=CARTESIAN_POINT('',(-0.125,0.75,-0.4));
#17679=CARTESIAN_POINT('',(-0.125,0.75,-0.4));
#17680=CARTESIAN_POINT('',(-0.125,0.,-0.15));
#17681=CARTESIAN_POINT('',(-0.125,0.,-0.15));
#17682=CARTESIAN_POINT('',(-0.125,0.,0.15));
#17683=CARTESIAN_POINT('',(-0.125,0.,0.15));
#17684=CARTESIAN_POINT('',(-0.125,0.75,0.4));
#17685=CARTESIAN_POINT('Origin',(0.0625,4.75,-1.4));
#17686=CARTESIAN_POINT('',(0.125,4.75,-1.1));
#17687=CARTESIAN_POINT('',(0.125,5.05,-1.4));
#17688=CARTESIAN_POINT('Origin',(0.125,4.75,-1.4));
#17689=CARTESIAN_POINT('',(0.0625,5.05,-1.4));
#17690=CARTESIAN_POINT('',(0.0625,4.75,-1.1));
#17691=CARTESIAN_POINT('Origin',(0.,5.05,-2.4));
#17692=CARTESIAN_POINT('',(0.125,5.05,-1.9));
#17693=CARTESIAN_POINT('',(0.125,5.05,-2.4));
#17694=CARTESIAN_POINT('',(-0.0625,5.05,-1.9));
#17695=CARTESIAN_POINT('Origin',(0.125,4.6396427628209,-0.799999999999999));
#17696=CARTESIAN_POINT('',(-0.18094234209739,4.33982782904864,-0.810535914157452));
#17697=CARTESIAN_POINT('',(-0.130463099817145,4.47086761898927,-1.04802207729275));
#17698=CARTESIAN_POINT('Origin',(-0.183181819784749,4.6396427628209,-0.799999999999999));
#17699=CARTESIAN_POINT('',(0.0746428066188674,4.33982782904864,-0.810535914157452));
#17700=CARTESIAN_POINT('',(0.125,4.33982782904864,-0.810535914157452));
#17701=CARTESIAN_POINT('',(0.114073800366903,4.41255976158423,-0.99604415459112));
#17702=CARTESIAN_POINT('Origin',(0.0724033289315087,4.6396427628209,-0.799999999999999));
#17703=CARTESIAN_POINT('',(0.125,4.6396427628209,-1.1));
#17704=CARTESIAN_POINT('Ctrl Pts',(0.114073800366903,4.41255976158423,-0.99604415459112));
#17705=CARTESIAN_POINT('Ctrl Pts',(0.118622107033923,4.43103306208723,-1.01744225508392));
#17706=CARTESIAN_POINT('Ctrl Pts',(0.121141298125241,4.45290205209406,-1.03629398624361));
#17707=CARTESIAN_POINT('Ctrl Pts',(0.124070569499489,4.49814835640425,-1.06596348981611));
#17708=CARTESIAN_POINT('Ctrl Pts',(0.124617439585469,4.52528891297976,-1.07893890870439));
#17709=CARTESIAN_POINT('Ctrl Pts',(0.125068365457671,4.58225702989859,-1.09595718252706));
#17710=CARTESIAN_POINT('Ctrl Pts',(0.125,4.6120843797978,-1.1));
#17711=CARTESIAN_POINT('Ctrl Pts',(0.125,4.6396427628209,-1.1));
#17712=CARTESIAN_POINT('',(0.125,4.6396427628209,-1.1));
#17713=CARTESIAN_POINT('Ctrl Pts',(-0.125,4.6396427628209,-1.1));
#17714=CARTESIAN_POINT('Ctrl Pts',(-0.125,4.60470531926151,-1.1));
#17715=CARTESIAN_POINT('Ctrl Pts',(-0.124731976596761,4.56730334352563,
-1.09350308272925));
#17716=CARTESIAN_POINT('Ctrl Pts',(-0.126444738028658,4.51064753282366,
-1.0718716330546));
#17717=CARTESIAN_POINT('Ctrl Pts',(-0.127738210613441,4.48970654696294,
-1.06084167308477));
#17718=CARTESIAN_POINT('Ctrl Pts',(-0.130463099817145,4.47086761898927,
-1.04802207729275));
#17719=CARTESIAN_POINT('Origin',(0.125,5.05,-1.1));
#17720=CARTESIAN_POINT('',(0.125,5.05,-1.1));
#17721=CARTESIAN_POINT('Origin',(0.,2.4,-0.799999999999999));
#17722=CARTESIAN_POINT('',(0.125,2.1,-0.799999999999999));
#17723=CARTESIAN_POINT('',(0.,2.1,-0.799999999999999));
#17724=CARTESIAN_POINT('',(0.125,2.4,-1.1));
#17725=CARTESIAN_POINT('Origin',(0.125,2.4,-0.799999999999999));
#17726=CARTESIAN_POINT('',(0.,2.4,-1.1));
#17727=CARTESIAN_POINT('Origin',(0.,2.1,-1.1));
#17728=CARTESIAN_POINT('',(0.125,2.1,-1.1));
#17729=CARTESIAN_POINT('Origin',(0.,2.55,-0.799999999999999));
#17730=CARTESIAN_POINT('',(0.0724033289315087,2.85,-0.799999999999999));
#17731=CARTESIAN_POINT('',(0.114073800366903,2.77708300123667,-0.99604415459112));
#17732=CARTESIAN_POINT('Origin',(0.0724033289315087,2.55,-0.799999999999999));
#17733=CARTESIAN_POINT('',(-0.183181819784749,2.85,-0.799999999999999));
#17734=CARTESIAN_POINT('',(0.,2.85,-0.799999999999999));
#17735=CARTESIAN_POINT('',(-0.130463099817145,2.71877514383163,-1.04802207729275));
#17736=CARTESIAN_POINT('Origin',(-0.183181819784749,2.55,-0.799999999999999));
#17737=CARTESIAN_POINT('Ctrl Pts',(-0.130463099817145,2.71877514383163,
-1.04802207729275));
#17738=CARTESIAN_POINT('Ctrl Pts',(-0.127738210613441,2.69993621585797,
-1.06084167308477));
#17739=CARTESIAN_POINT('Ctrl Pts',(-0.126444738028658,2.67899522999724,
-1.0718716330546));
#17740=CARTESIAN_POINT('Ctrl Pts',(-0.124731976596761,2.62233941929528,
-1.09350308272925));
#17741=CARTESIAN_POINT('Ctrl Pts',(-0.125,2.5849374435594,-1.1));
#17742=CARTESIAN_POINT('Ctrl Pts',(-0.125,2.55,-1.1));
#17743=CARTESIAN_POINT('',(0.125,2.55,-1.1));
#17744=CARTESIAN_POINT('',(0.,2.55,-1.1));
#17745=CARTESIAN_POINT('Ctrl Pts',(0.125,2.55,-1.1));
#17746=CARTESIAN_POINT('Ctrl Pts',(0.125,2.5775583830231,-1.1));
#17747=CARTESIAN_POINT('Ctrl Pts',(0.125068365457671,2.60738573292231,-1.09595718252706));
#17748=CARTESIAN_POINT('Ctrl Pts',(0.124617439585469,2.66435384984114,-1.07893890870439));
#17749=CARTESIAN_POINT('Ctrl Pts',(0.124070569499489,2.69149440641665,-1.06596348981611));
#17750=CARTESIAN_POINT('Ctrl Pts',(0.12114129812524,2.73674071072686,-1.0362939862436));
#17751=CARTESIAN_POINT('Ctrl Pts',(0.118622107033918,2.75860970073371,-1.01744225508389));
#17752=CARTESIAN_POINT('Ctrl Pts',(0.114073800366891,2.77708300123672,-0.996044154591064));
#17753=CARTESIAN_POINT('Origin',(0.,5.05,-1.1));
#17754=CARTESIAN_POINT('',(0.125,5.05,-1.1));
#17755=CARTESIAN_POINT('Origin',(0.125,4.35,-1.1));
#17756=CARTESIAN_POINT('',(-0.701689634473171,4.25373411044488,1.63938747698306));
#17757=CARTESIAN_POINT('',(-0.259807323164806,4.32678929848474,-0.439505349644235));
#17758=CARTESIAN_POINT('',(-0.547181137285697,4.23702338545114,2.11491573513063));
#17759=CARTESIAN_POINT('Origin',(-0.212615834106268,4.25008095731601,1.74334332239194));
#17760=CARTESIAN_POINT('',(-0.167192709421906,4.225,2.45705885236557));
#17761=CARTESIAN_POINT('',(-1.13409380406619,4.25559415419409,1.58645719631184));
#17762=CARTESIAN_POINT('',(8.99421678077218E-5,4.23152878593244,2.27127264599622));
#17763=CARTESIAN_POINT('',(0.873844779553722,4.26563010030372,1.30086958870287));
#17764=CARTESIAN_POINT('',(-0.379898485695983,4.24355217138358,1.92912952876128));
#17765=CARTESIAN_POINT('',(-0.96669712863133,4.26211933224655,1.40077365747381));
#17766=CARTESIAN_POINT('',(-0.457152734289719,4.25190753388045,1.6913653996875));
#17767=CARTESIAN_POINT('Origin',(-0.212615834106268,4.25008095731601,1.74334332239194));
#17768=CARTESIAN_POINT('',(-0.0152573844908098,4.32496487753811,-0.387588768214992));
#17769=CARTESIAN_POINT('Origin',(-0.212615834106268,3.95,1.74334332239194));
#17770=CARTESIAN_POINT('',(-0.379898485695982,2.85,1.92912952876128));
#17771=CARTESIAN_POINT('',(-0.379898485695983,3.95,1.92912952876128));
#17772=CARTESIAN_POINT('',(-0.45715273428972,2.85,1.6913653996875));
#17773=CARTESIAN_POINT('Origin',(-0.212615834106268,2.85,1.74334332239194));
#17774=CARTESIAN_POINT('',(-0.457152734289719,2.85,1.6913653996875));
#17775=CARTESIAN_POINT('Origin',(-0.375,3.95,-1.1));
#17776=CARTESIAN_POINT('',(-0.130463099816548,3.95,-1.04802207729556));
#17777=CARTESIAN_POINT('Origin',(-0.32998377122047,3.95,1.97407293954501));
#17778=CARTESIAN_POINT('',(8.99421678077217E-5,2.85,2.27127264599622));
#17779=CARTESIAN_POINT('',(8.99421678077217E-5,5.05,2.27127264599622));
#17780=CARTESIAN_POINT('',(-1.22037548243428,2.85,1.17236064175882));
#17781=CARTESIAN_POINT('Origin',(8.99421678077217E-5,5.05,2.27127264599622));
#17782=CARTESIAN_POINT('',(-0.167192709421906,2.85,2.45705885236557));
#17783=CARTESIAN_POINT('',(-0.167192709421906,5.05,2.45705885236557));
#17784=CARTESIAN_POINT('',(8.99421678077217E-5,2.85,2.27127264599622));
#17785=CARTESIAN_POINT('Origin',(-0.212615834106268,3.95,1.74334332239194));
#17786=CARTESIAN_POINT('',(-0.701689634473171,2.85,1.63938747698306));
#17787=CARTESIAN_POINT('',(-0.701689634473171,2.85,1.63938747698306));
#17788=CARTESIAN_POINT('',(-0.547181137285696,2.85,2.11491573513063));
#17789=CARTESIAN_POINT('Origin',(-0.212615834106268,2.85,1.74334332239194));
#17790=CARTESIAN_POINT('',(-0.547181137285697,3.95,2.11491573513063));
#17791=CARTESIAN_POINT('Origin',(-0.379898485695983,2.85,1.92912952876128));
#17792=CARTESIAN_POINT('',(-0.41670066904572,2.85,1.97000249416254));
#17793=CARTESIAN_POINT('',(-1.387658134024,2.85,1.35814684812817));
#17794=CARTESIAN_POINT('Origin',(-0.547181137285696,2.85,2.11491573513063));
#17795=CARTESIAN_POINT('',(-0.701689634473171,2.85,1.63938747698306));
#17796=CARTESIAN_POINT('Origin',(-0.497266422810185,3.95,2.15985914591436));
#17797=CARTESIAN_POINT('Origin',(-0.375,3.95,-1.1));
#17798=CARTESIAN_POINT('',(0.114073800366903,3.95,-0.99604415459112));
#17799=CARTESIAN_POINT('',(0.125,5.05,-1.1));
#17800=CARTESIAN_POINT('Origin',(-0.408238281059238,3.95,0.258807404044648));
#17801=CARTESIAN_POINT('',(0.104679482752111,2.85,-2.15428095126861));
#17802=CARTESIAN_POINT('Origin',(-0.130463099816548,2.85,-1.04802207729556));
#17803=CARTESIAN_POINT('',(0.114073800366903,2.85,-0.99604415459112));
#17804=CARTESIAN_POINT('Origin',(-0.163701380875786,3.95,0.310785326749087));
#17805=CARTESIAN_POINT('Origin',(0.375,3.1,-1.9));
#17806=CARTESIAN_POINT('',(0.375,5.05,-2.15));
#17807=CARTESIAN_POINT('',(0.375,1.15,-2.15));
#17808=CARTESIAN_POINT('',(0.375,3.1,-2.15));
#17809=CARTESIAN_POINT('Origin',(0.375,5.05,-1.9));
#17810=CARTESIAN_POINT('',(0.125,1.80357096839407,-1.9));
#17811=CARTESIAN_POINT('Origin',(0.375,1.15,-1.9));
#17812=CARTESIAN_POINT('Origin',(0.375,1.15,-2.4));
#17813=CARTESIAN_POINT('',(0.375,1.15,-2.4));
#17814=CARTESIAN_POINT('',(0.375,1.15,-2.33));
#17815=CARTESIAN_POINT('',(0.675000000000001,1.15,-2.4));
#17816=CARTESIAN_POINT('',(-0.755973355292325,1.15,-2.4));
#17817=CARTESIAN_POINT('',(0.675000000000001,1.15,-2.15));
#17818=CARTESIAN_POINT('',(0.675000000000001,1.15,-2.4));
#17819=CARTESIAN_POINT('',(-0.755973355292325,1.15,-2.15));
#17820=CARTESIAN_POINT('Origin',(0.242256661176919,3.1,-2.4));
#17821=CARTESIAN_POINT('',(0.375,5.05,-2.4));
#17822=CARTESIAN_POINT('',(0.375,3.1,-2.4));
#17823=CARTESIAN_POINT('',(0.675,5.05,-2.4));
#17824=CARTESIAN_POINT('',(-0.755973355292325,5.05,-2.4));
#17825=CARTESIAN_POINT('',(0.675,5.05,-2.4));
#17826=CARTESIAN_POINT('Origin',(0.375,5.05,-2.4));
#17827=CARTESIAN_POINT('',(0.375,5.05,-2.33));
#17828=CARTESIAN_POINT('Origin',(0.375,5.05,-1.9));
#17829=CARTESIAN_POINT('Origin',(0.375,1.15,-2.15));
#17830=CARTESIAN_POINT('Origin',(0.375,1.15,-1.9));
#17831=CARTESIAN_POINT('Origin',(0.375,5.05,-2.4));
#17832=CARTESIAN_POINT('',(0.675000000000001,5.05,-2.15));
#17833=CARTESIAN_POINT('',(0.375,5.05,-2.15));
#17834=CARTESIAN_POINT('',(0.675,5.05,-2.4));
#17835=CARTESIAN_POINT('Origin',(0.675,5.05,-2.4));
#17836=CARTESIAN_POINT('',(0.675000000000001,5.05,-2.15));
#17837=CARTESIAN_POINT('Origin',(0.242256661176919,3.1,-2.15));
#17838=CARTESIAN_POINT('Origin',(0.375,3.1,-1.9));
#17839=CARTESIAN_POINT('Origin',(0.,0.75,0.4));
#17840=CARTESIAN_POINT('',(0.125,0.,0.15));
#17841=CARTESIAN_POINT('',(0.,0.,0.15));
#17842=CARTESIAN_POINT('',(0.125,0.75,0.4));
#17843=CARTESIAN_POINT('Origin',(0.,0.75,-0.4));
#17844=CARTESIAN_POINT('',(0.125,0.75,-0.4));
#17845=CARTESIAN_POINT('',(0.125,0.75,-0.4));
#17846=CARTESIAN_POINT('',(0.,0.75,-0.4));
#17847=CARTESIAN_POINT('Origin',(0.,0.,-0.15));
#17848=CARTESIAN_POINT('',(0.125,0.,-0.15));
#17849=CARTESIAN_POINT('',(0.125,0.,-0.15));
#17850=CARTESIAN_POINT('',(0.,0.,-0.15));
#17851=CARTESIAN_POINT('Origin',(0.,0.,0.15));
#17852=CARTESIAN_POINT('',(0.125,0.,0.15));
#17853=CARTESIAN_POINT('Origin',(0.125,2.45714193678814,-1.16647065367325));
#17854=CARTESIAN_POINT('',(0.,0.,0.));
#17855=CARTESIAN_POINT('Origin',(0.,4.25,-0.35));
#17856=CARTESIAN_POINT('',(-0.125,4.35,-0.35));
#17857=CARTESIAN_POINT('',(-0.125,4.25,-0.45));
#17858=CARTESIAN_POINT('Origin',(-0.125,4.25,-0.35));
#17859=CARTESIAN_POINT('',(0.125,4.25,-0.45));
#17860=CARTESIAN_POINT('',(0.,4.25,-0.45));
#17861=CARTESIAN_POINT('',(0.125,4.35,-0.35));
#17862=CARTESIAN_POINT('Origin',(0.125,4.25,-0.35));
#17863=CARTESIAN_POINT('',(0.,4.35,-0.35));
#17864=CARTESIAN_POINT('Origin',(0.,4.35,-0.45));
#17865=CARTESIAN_POINT('',(-0.125,2.25,-0.45));
#17866=CARTESIAN_POINT('',(-0.125,4.35,-0.45));
#17867=CARTESIAN_POINT('',(0.125,2.25,-0.45));
#17868=CARTESIAN_POINT('',(0.,2.25,-0.45));
#17869=CARTESIAN_POINT('',(0.125,4.35,-0.45));
#17870=CARTESIAN_POINT('Origin',(0.,2.25,-0.35));
#17871=CARTESIAN_POINT('',(-0.125,2.15,-0.35));
#17872=CARTESIAN_POINT('Origin',(-0.125,2.25,-0.35));
#17873=CARTESIAN_POINT('',(0.125,2.15,-0.35));
#17874=CARTESIAN_POINT('',(0.,2.15,-0.35));
#17875=CARTESIAN_POINT('Origin',(0.125,2.25,-0.35));
#17876=CARTESIAN_POINT('Origin',(0.,2.15,-0.45));
#17877=CARTESIAN_POINT('',(-0.125,2.15,1.4));
#17878=CARTESIAN_POINT('',(-0.125,2.15,-0.45));
#17879=CARTESIAN_POINT('',(0.125,2.15,1.4));
#17880=CARTESIAN_POINT('',(0.,2.15,1.4));
#17881=CARTESIAN_POINT('',(0.125,2.15,-0.45));
#17882=CARTESIAN_POINT('Origin',(0.,1.25,0.5));
#17883=CARTESIAN_POINT('',(-0.125,1.35,0.5));
#17884=CARTESIAN_POINT('',(-0.125,1.25,0.4));
#17885=CARTESIAN_POINT('Origin',(-0.125,1.25,0.5));
#17886=CARTESIAN_POINT('',(0.125,1.25,0.4));
#17887=CARTESIAN_POINT('',(0.,1.25,0.4));
#17888=CARTESIAN_POINT('',(0.125,1.35,0.5));
#17889=CARTESIAN_POINT('Origin',(0.125,1.25,0.5));
#17890=CARTESIAN_POINT('',(0.,1.35,0.5));
#17891=CARTESIAN_POINT('Origin',(0.,1.35,0.4));
#17892=CARTESIAN_POINT('',(-0.125,0.75,0.4));
#17893=CARTESIAN_POINT('',(-0.125,1.35,0.4));
#17894=CARTESIAN_POINT('',(0.125,0.75,0.4));
#17895=CARTESIAN_POINT('',(0.,0.75,0.4));
#17896=CARTESIAN_POINT('',(0.125,1.35,0.4));
#17897=CARTESIAN_POINT('Origin',(0.,1.1,-0.5));
#17898=CARTESIAN_POINT('',(-0.125,1.1,-0.4));
#17899=CARTESIAN_POINT('',(-0.125,1.2,-0.5));
#17900=CARTESIAN_POINT('Origin',(-0.125,1.1,-0.5));
#17901=CARTESIAN_POINT('',(0.125,1.2,-0.5));
#17902=CARTESIAN_POINT('',(0.,1.2,-0.5));
#17903=CARTESIAN_POINT('',(0.125,1.1,-0.4));
#17904=CARTESIAN_POINT('Origin',(0.125,1.1,-0.5));
#17905=CARTESIAN_POINT('',(0.,1.1,-0.4));
#17906=CARTESIAN_POINT('Origin',(0.,1.2,-0.4));
#17907=CARTESIAN_POINT('',(-0.125,1.2,-1.35));
#17908=CARTESIAN_POINT('',(-0.125,1.2,-0.4));
#17909=CARTESIAN_POINT('',(0.125,1.2,-1.35));
#17910=CARTESIAN_POINT('',(0.,1.2,-1.35));
#17911=CARTESIAN_POINT('',(0.125,1.2,-0.4));
#17912=CARTESIAN_POINT('Origin',(0.,1.3,-1.35));
#17913=CARTESIAN_POINT('',(0.125,1.3,-1.45));
#17914=CARTESIAN_POINT('Origin',(0.125,1.3,-1.35));
#17915=CARTESIAN_POINT('',(-0.125,1.3,-1.45));
#17916=CARTESIAN_POINT('Origin',(-0.125,1.3,-1.35));
#17917=CARTESIAN_POINT('',(0.,1.3,-1.45));
#17918=CARTESIAN_POINT('Origin',(0.,1.2,-1.45));
#17919=CARTESIAN_POINT('',(-0.125,5.1,-1.45));
#17920=CARTESIAN_POINT('',(-0.125,1.2,-1.45));
#17921=CARTESIAN_POINT('',(0.125,5.1,-1.45));
#17922=CARTESIAN_POINT('',(0.,5.1,-1.45));
#17923=CARTESIAN_POINT('',(0.125,1.2,-1.45));
#17924=CARTESIAN_POINT('Origin',(-0.125,3.11467083836059,0.150118135879573));
#17925=CARTESIAN_POINT('',(-0.125,0.75,-0.4));
#17926=CARTESIAN_POINT('',(-0.125,0.75,-0.4));
#17927=CARTESIAN_POINT('',(-0.125,0.,-0.15));
#17928=CARTESIAN_POINT('',(-0.125,0.,-0.15));
#17929=CARTESIAN_POINT('',(-0.125,0.,0.15));
#17930=CARTESIAN_POINT('',(-0.125,0.,0.15));
#17931=CARTESIAN_POINT('',(-0.125,0.75,0.4));
#17932=CARTESIAN_POINT('',(-0.125,1.35,1.));
#17933=CARTESIAN_POINT('',(-0.125,1.35,1.));
#17934=CARTESIAN_POINT('',(-0.125,1.55,1.4));
#17935=CARTESIAN_POINT('',(-0.125,1.55,1.4));
#17936=CARTESIAN_POINT('',(-0.125,2.15,1.4));
#17937=CARTESIAN_POINT('',(-0.125,4.35,1.4));
#17938=CARTESIAN_POINT('',(-0.125,4.35,1.4));
#17939=CARTESIAN_POINT('',(-0.125,4.55,2.85));
#17940=CARTESIAN_POINT('',(-0.125,4.55,2.85));
#17941=CARTESIAN_POINT('',(-0.125,4.9,2.85));
#17942=CARTESIAN_POINT('',(-0.125,4.9,2.85));
#17943=CARTESIAN_POINT('',(-0.125,5.1,2.45));
#17944=CARTESIAN_POINT('',(-0.125,5.1,2.45));
#17945=CARTESIAN_POINT('',(-0.125,5.1,-1.45));
#17946=CARTESIAN_POINT('Origin',(0.,0.75,0.4));
#17947=CARTESIAN_POINT('',(0.125,0.,0.15));
#17948=CARTESIAN_POINT('',(0.,0.,0.15));
#17949=CARTESIAN_POINT('',(0.125,0.75,0.4));
#17950=CARTESIAN_POINT('Origin',(0.,1.35,1.));
#17951=CARTESIAN_POINT('',(0.125,1.35,1.));
#17952=CARTESIAN_POINT('',(0.125,1.35,1.));
#17953=CARTESIAN_POINT('',(0.,1.35,1.));
#17954=CARTESIAN_POINT('Origin',(0.,1.55,1.4));
#17955=CARTESIAN_POINT('',(0.125,1.55,1.4));
#17956=CARTESIAN_POINT('',(0.125,1.55,1.4));
#17957=CARTESIAN_POINT('',(0.,1.55,1.4));
#17958=CARTESIAN_POINT('Origin',(0.,2.15,1.4));
#17959=CARTESIAN_POINT('',(0.125,2.15,1.4));
#17960=CARTESIAN_POINT('Origin',(0.,4.35,1.4));
#17961=CARTESIAN_POINT('',(0.125,4.35,1.4));
#17962=CARTESIAN_POINT('',(0.125,4.35,1.4));
#17963=CARTESIAN_POINT('',(0.,4.35,1.4));
#17964=CARTESIAN_POINT('Origin',(0.,4.55,2.85));
#17965=CARTESIAN_POINT('',(0.125,4.55,2.85));
#17966=CARTESIAN_POINT('',(0.125,4.55,2.85));
#17967=CARTESIAN_POINT('',(0.,4.55,2.85));
#17968=CARTESIAN_POINT('Origin',(0.,4.9,2.85));
#17969=CARTESIAN_POINT('',(0.125,4.9,2.85));
#17970=CARTESIAN_POINT('',(0.125,4.9,2.85));
#17971=CARTESIAN_POINT('',(0.,4.9,2.85));
#17972=CARTESIAN_POINT('Origin',(0.,5.1,2.45));
#17973=CARTESIAN_POINT('',(0.125,5.1,2.45));
#17974=CARTESIAN_POINT('',(0.125,5.1,2.45));
#17975=CARTESIAN_POINT('',(0.,5.1,2.45));
#17976=CARTESIAN_POINT('Origin',(0.,5.1,-1.45));
#17977=CARTESIAN_POINT('',(0.125,5.1,-1.45));
#17978=CARTESIAN_POINT('Origin',(0.,0.75,-0.4));
#17979=CARTESIAN_POINT('',(0.125,0.75,-0.4));
#17980=CARTESIAN_POINT('',(0.125,0.75,-0.4));
#17981=CARTESIAN_POINT('',(0.,0.75,-0.4));
#17982=CARTESIAN_POINT('Origin',(0.,0.,-0.15));
#17983=CARTESIAN_POINT('',(0.125,0.,-0.15));
#17984=CARTESIAN_POINT('',(0.125,0.,-0.15));
#17985=CARTESIAN_POINT('',(0.,0.,-0.15));
#17986=CARTESIAN_POINT('Origin',(0.,0.,0.15));
#17987=CARTESIAN_POINT('',(0.125,0.,0.15));
#17988=CARTESIAN_POINT('Origin',(0.125,3.11467083836059,0.150118135879573));
#17989=CARTESIAN_POINT('',(0.,0.,0.));
#17990=CARTESIAN_POINT('Origin',(7.30000000000002,4.22499999999992,-4.5));
#17991=CARTESIAN_POINT('',(7.15000000000002,4.22499999999992,-4.35));
#17992=CARTESIAN_POINT('',(7.15000000000002,4.22499999999992,-4.5));
#17993=CARTESIAN_POINT('',(7.15000000000002,4.22499999999992,-5.175));
#17994=CARTESIAN_POINT('',(7.30000000000002,4.22499999999992,-4.35));
#17995=CARTESIAN_POINT('',(7.30000000000002,4.22499999999992,-4.35));
#17996=CARTESIAN_POINT('',(7.30000000000002,4.22499999999992,-4.5));
#17997=CARTESIAN_POINT('',(7.30000000000002,4.22499999999992,-5.175));
#17998=CARTESIAN_POINT('',(7.30000000000002,4.22499999999992,-4.5));
#17999=CARTESIAN_POINT('Origin',(7.30000000000002,4.39999999999992,-4.5));
#18000=CARTESIAN_POINT('',(7.15000000000002,4.39999999999992,-4.5));
#18001=CARTESIAN_POINT('',(7.15000000000002,3.29017699835304,-4.5));
#18002=CARTESIAN_POINT('',(7.30000000000002,4.39999999999992,-4.5));
#18003=CARTESIAN_POINT('',(7.30000000000001,3.29017699835304,-4.5));
#18004=CARTESIAN_POINT('',(7.22500000000002,4.4,-4.5));
#18005=CARTESIAN_POINT('Origin',(7.30000000000002,4.22499999999992,-3.35));
#18006=CARTESIAN_POINT('',(7.15000000000002,4.22499999999992,-3.2));
#18007=CARTESIAN_POINT('',(7.15000000000002,4.22499999999992,-3.35));
#18008=CARTESIAN_POINT('',(7.15000000000002,4.22499999999992,-4.6));
#18009=CARTESIAN_POINT('',(7.30000000000002,4.22499999999992,-3.2));
#18010=CARTESIAN_POINT('',(7.30000000000002,4.22499999999992,-3.2));
#18011=CARTESIAN_POINT('',(7.30000000000002,4.22499999999992,-3.35));
#18012=CARTESIAN_POINT('',(7.30000000000002,4.22499999999992,-4.6));
#18013=CARTESIAN_POINT('',(7.30000000000002,4.22499999999992,-3.35));
#18014=CARTESIAN_POINT('Origin',(7.30000000000002,4.22499999999992,-3.2));
#18015=CARTESIAN_POINT('',(7.15000000000002,4.4,-3.2));
#18016=CARTESIAN_POINT('',(7.15000000000002,3.20267699835304,-3.2));
#18017=CARTESIAN_POINT('',(7.30000000000002,4.4,-3.2));
#18018=CARTESIAN_POINT('',(7.22500000000002,4.4,-3.2));
#18019=CARTESIAN_POINT('',(7.30000000000001,3.20267699835304,-3.2));
#18020=CARTESIAN_POINT('Origin',(7.15000000000002,4.4,-1.08444305164396E-16));
#18021=CARTESIAN_POINT('',(7.15000000000002,4.4,-1.08444305164396E-16));
#18022=CARTESIAN_POINT('',(7.15000000000002,4.4,-1.08444305164396E-16));
#18023=CARTESIAN_POINT('',(7.30000000000002,4.4,-1.65378819247737E-16));
#18024=CARTESIAN_POINT('',(7.15000000000002,4.4,-1.08444305164396E-16));
#18025=CARTESIAN_POINT('',(7.30000000000002,4.4,-1.65378819247737E-16));
#18026=CARTESIAN_POINT('Origin',(7.15000000000002,4.4,-1.08444305164396E-16));
#18027=CARTESIAN_POINT('',(7.1671572875254,4.4,-4.34999999999999));
#18028=CARTESIAN_POINT('',(7.15000000000002,4.39999999999992,-4.35));
#18029=CARTESIAN_POINT('',(7.22500000000002,4.4,-4.35));
#18030=CARTESIAN_POINT('',(7.15000000000002,4.4,-3.35));
#18031=CARTESIAN_POINT('',(7.15000000000002,4.4,-1.08444305164396E-16));
#18032=CARTESIAN_POINT('',(7.1671572875254,4.4,-3.35));
#18033=CARTESIAN_POINT('',(7.22500000000002,4.4,-3.35));
#18034=CARTESIAN_POINT('',(7.1671572875254,4.4,-3.35));
#18035=CARTESIAN_POINT('Origin',(7.15000000000002,4.4,-1.08444305164396E-16));
#18036=CARTESIAN_POINT('',(7.30000000000002,4.4,-10.775));
#18037=CARTESIAN_POINT('',(7.30000000000002,4.4,-1.65378819247737E-16));
#18038=CARTESIAN_POINT('',(7.45000000000002,4.4,-10.775));
#18039=CARTESIAN_POINT('',(7.30000000000002,4.4,-10.775));
#18040=CARTESIAN_POINT('',(7.45000000000002,4.4,-11.4));
#18041=CARTESIAN_POINT('',(7.45000000000002,4.4,-11.4));
#18042=CARTESIAN_POINT('',(7.30000000000002,4.4,-11.4));
#18043=CARTESIAN_POINT('',(7.30000000000002,4.4,-11.4));
#18044=CARTESIAN_POINT('',(7.30000000000002,4.4,-11.2));
#18045=CARTESIAN_POINT('',(7.30000000000002,4.4,-11.4));
#18046=CARTESIAN_POINT('',(7.15000000000002,4.4,-11.2));
#18047=CARTESIAN_POINT('',(7.22500000000002,4.4,-11.2));
#18048=CARTESIAN_POINT('',(7.15000000000002,4.4,-1.08444305164396E-16));
#18049=CARTESIAN_POINT('Origin',(7.30000000000001,2.18035399670615,-5.85));
#18050=CARTESIAN_POINT('',(7.30000000000003,4.3,-4.34999999999999));
#18051=CARTESIAN_POINT('',(7.30000000000001,3.20267699835304,-4.35));
#18052=CARTESIAN_POINT('',(7.30000000000003,4.3,-3.35));
#18053=CARTESIAN_POINT('',(7.30000000000002,4.3,-4.6));
#18054=CARTESIAN_POINT('',(7.30000000000001,3.29017699835308,-3.35));
#18055=CARTESIAN_POINT('',(7.3,0.299999999999999,-1.65378819247729E-16));
#18056=CARTESIAN_POINT('',(7.3,0.299999999999999,-1.65378819247729E-16));
#18057=CARTESIAN_POINT('',(7.3,0.300000000000001,-11.4));
#18058=CARTESIAN_POINT('',(7.3,0.299999999999999,-5.85));
#18059=CARTESIAN_POINT('',(7.3,0.299999999999998,-11.4894117647059));
#18060=CARTESIAN_POINT('',(7.3,0.299999999999999,-5.85));
#18061=CARTESIAN_POINT('',(7.3,0.45,-11.4788235294118));
#18062=CARTESIAN_POINT('',(7.3,1.35856683832817,-11.4146893996474));
#18063=CARTESIAN_POINT('',(7.3,0.45,-11.4));
#18064=CARTESIAN_POINT('',(7.3,0.449999999999993,-8.7375));
#18065=CARTESIAN_POINT('',(7.3,0.45,-10.775));
#18066=CARTESIAN_POINT('',(7.3,0.45,-8.3125));
#18067=CARTESIAN_POINT('',(7.3,1.025,-10.2));
#18068=CARTESIAN_POINT('',(7.30000000000001,2.40133849917654,-8.82366150082346));
#18069=CARTESIAN_POINT('',(7.3,1.6,-10.2));
#18070=CARTESIAN_POINT('',(7.30000000000001,3.00267699835308,-10.2));
#18071=CARTESIAN_POINT('',(7.3,1.6,-9.45));
#18072=CARTESIAN_POINT('',(7.3,1.6,-8.625));
#18073=CARTESIAN_POINT('',(7.3,1.7,-9.35));
#18074=CARTESIAN_POINT('Origin',(7.30000000000001,1.7,-9.45));
#18075=CARTESIAN_POINT('',(7.30000000000001,3.15,-9.35));
#18076=CARTESIAN_POINT('',(7.30000000000001,1.89017699835308,-9.35));
#18077=CARTESIAN_POINT('',(7.30000000000001,3.25,-9.45));
#18078=CARTESIAN_POINT('Origin',(7.30000000000001,3.15,-9.45));
#18079=CARTESIAN_POINT('',(7.30000000000001,3.25,-10.2));
#18080=CARTESIAN_POINT('',(7.30000000000001,3.25,-7.6));
#18081=CARTESIAN_POINT('',(7.30000000000001,3.825,-10.2));
#18082=CARTESIAN_POINT('',(7.30000000000001,3.00267699835308,-10.2));
#18083=CARTESIAN_POINT('',(7.30000000000001,2.61383849917654,-8.98883849917654));
#18084=CARTESIAN_POINT('Origin',(7.30770531654238,4.44229468345765,-3.35));
#18085=CARTESIAN_POINT('',(7.15000000000002,3.29017699835308,-3.35));
#18086=CARTESIAN_POINT('',(7.45000000000002,4.45,-3.35));
#18087=CARTESIAN_POINT('Origin',(7.45000000000002,4.3,-3.35));
#18088=CARTESIAN_POINT('',(8.05,4.45,-3.35));
#18089=CARTESIAN_POINT('',(8.05,4.45,-3.35));
#18090=CARTESIAN_POINT('',(8.05,4.6,-3.35));
#18091=CARTESIAN_POINT('',(8.05,4.6,-3.35));
#18092=CARTESIAN_POINT('',(7.45000000000002,4.6,-3.35));
#18093=CARTESIAN_POINT('',(7.45000000000002,4.6,-3.35));
#18094=CARTESIAN_POINT('Origin',(7.45000000000002,4.3,-3.35));
#18095=CARTESIAN_POINT('Origin',(7.45000000000002,4.3,-3.35));
#18096=CARTESIAN_POINT('',(7.45000000000002,4.6,-4.34999999999999));
#18097=CARTESIAN_POINT('',(7.45000000000002,4.6,-3.35));
#18098=CARTESIAN_POINT('Origin',(7.45000000000002,4.3,-4.34999999999999));
#18099=CARTESIAN_POINT('Origin',(7.45000000000002,4.3,-3.35));
#18100=CARTESIAN_POINT('',(7.45000000000002,4.45,-4.34999999999999));
#18101=CARTESIAN_POINT('Origin',(7.45000000000002,4.3,-4.34999999999999));
#18102=CARTESIAN_POINT('',(7.45000000000002,4.45,-3.35));
#18103=CARTESIAN_POINT('Origin',(8.05,4.45,-3.35));
#18104=CARTESIAN_POINT('',(8.05,4.45,-4.34999999999999));
#18105=CARTESIAN_POINT('',(7.82500000000001,4.45,-4.34999999999999));
#18106=CARTESIAN_POINT('',(8.05,4.45,-3.35));
#18107=CARTESIAN_POINT('Origin',(8.05,4.6,-3.35));
#18108=CARTESIAN_POINT('',(8.05,4.6,-4.34999999999999));
#18109=CARTESIAN_POINT('',(8.05,4.525,-4.34999999999999));
#18110=CARTESIAN_POINT('',(8.05,4.6,-3.35));
#18111=CARTESIAN_POINT('Origin',(7.45000000000002,4.6,-3.35));
#18112=CARTESIAN_POINT('',(7.52500000000002,4.6,-4.34999999999999));
#18113=CARTESIAN_POINT('Origin',(7.60000000000001,4.45,-4.34999999999999));
#18114=CARTESIAN_POINT('',(7.15000000000001,3.20267699835304,-4.35));
#18115=CARTESIAN_POINT('Origin',(0.299999999999991,4.525,-7.39999999999999));
#18116=CARTESIAN_POINT('',(0.449999999999993,4.30000000000001,-7.39999999999999));
#18117=CARTESIAN_POINT('',(0.599999999999993,4.30000000000001,-7.39999999999999));
#18118=CARTESIAN_POINT('',(0.449999999999993,4.30000000000001,-7.39999999999999));
#18119=CARTESIAN_POINT('',(0.299999999999991,4.45,-7.39999999999999));
#18120=CARTESIAN_POINT('Origin',(0.299999999999992,4.3,-7.39999999999999));
#18121=CARTESIAN_POINT('',(0.299999999999991,4.6,-7.39999999999999));
#18122=CARTESIAN_POINT('',(0.299999999999991,4.6,-7.39999999999999));
#18123=CARTESIAN_POINT('Origin',(0.299999999999992,4.3,-7.39999999999999));
#18124=CARTESIAN_POINT('Origin',(0.299999999999993,4.3,-6.89999999999999));
#18125=CARTESIAN_POINT('',(0.449999999999993,4.3,-6.39999999999999));
#18126=CARTESIAN_POINT('',(0.449999999999993,4.30000000000001,-7.52232300164691));
#18127=CARTESIAN_POINT('',(0.299999999999992,4.45,-6.39999999999999));
#18128=CARTESIAN_POINT('Origin',(0.299999999999993,4.3,-6.39999999999999));
#18129=CARTESIAN_POINT('',(0.299999999999991,4.45,-7.39999999999999));
#18130=CARTESIAN_POINT('Origin',(0.299999999999992,4.525,-6.39999999999999));
#18131=CARTESIAN_POINT('',(0.599999999999993,4.3,-6.39999999999999));
#18132=CARTESIAN_POINT('',(0.449999999999993,4.3,-6.39999999999999));
#18133=CARTESIAN_POINT('',(0.299999999999992,4.6,-6.39999999999999));
#18134=CARTESIAN_POINT('Origin',(0.299999999999993,4.3,-6.39999999999999));
#18135=CARTESIAN_POINT('',(0.299999999999992,4.6,-6.39999999999999));
#18136=CARTESIAN_POINT('Origin',(0.299999999999993,4.3,-6.89999999999999));
#18137=CARTESIAN_POINT('',(0.599999999999992,4.30000000000001,-7.52232300164691));
#18138=CARTESIAN_POINT('',(0.299999999999991,4.6,-7.39999999999999));
#18139=CARTESIAN_POINT('Origin',(0.599999999999993,4.39999999999999,-7.39999999999999));
#18140=CARTESIAN_POINT('',(0.599999999999993,4.22500000000001,-7.39999999999999));
#18141=CARTESIAN_POINT('',(0.599999999999992,3.37499999999999,-7.39999999999999));
#18142=CARTESIAN_POINT('',(0.449999999999993,4.22500000000001,-7.39999999999999));
#18143=CARTESIAN_POINT('',(0.599999999999993,4.22500000000001,-7.39999999999999));
#18144=CARTESIAN_POINT('',(0.449999999999993,3.37499999999999,-7.39999999999999));
#18145=CARTESIAN_POINT('Origin',(0.599999999999993,4.22500000000001,-7.39999999999999));
#18146=CARTESIAN_POINT('',(0.449999999999993,4.22500000000001,-7.54999999999999));
#18147=CARTESIAN_POINT('',(0.449999999999993,4.22500000000001,-7.52232300164692));
#18148=CARTESIAN_POINT('',(0.599999999999993,4.22500000000001,-7.54999999999999));
#18149=CARTESIAN_POINT('',(0.599999999999992,4.22500000000001,-7.52232300164692));
#18150=CARTESIAN_POINT('',(0.599999999999993,4.22500000000001,-7.54999999999999));
#18151=CARTESIAN_POINT('Origin',(0.599999999999993,4.22500000000001,-7.54999999999999));
#18152=CARTESIAN_POINT('',(0.449999999999993,4.39999999999999,-7.54999999999999));
#18153=CARTESIAN_POINT('',(0.449999999999993,3.2875,-7.54999999999999));
#18154=CARTESIAN_POINT('',(0.599999999999993,4.39999999999999,-7.54999999999999));
#18155=CARTESIAN_POINT('',(0.599999999999992,3.2875,-7.54999999999999));
#18156=CARTESIAN_POINT('',(0.599999999999992,4.39999999999999,-7.54999999999999));
#18157=CARTESIAN_POINT('Origin',(0.599999999999993,4.225,-6.39999999999999));
#18158=CARTESIAN_POINT('',(0.449999999999993,4.225,-6.39999999999999));
#18159=CARTESIAN_POINT('',(0.449999999999993,3.2875,-6.39999999999999));
#18160=CARTESIAN_POINT('',(0.599999999999993,4.225,-6.39999999999999));
#18161=CARTESIAN_POINT('',(0.599999999999993,4.225,-6.39999999999999));
#18162=CARTESIAN_POINT('',(0.599999999999992,3.2875,-6.39999999999999));
#18163=CARTESIAN_POINT('Origin',(0.599999999999993,4.39999999999999,-6.24999999999999));
#18164=CARTESIAN_POINT('',(0.449999999999993,4.39999999999999,-6.24999999999999));
#18165=CARTESIAN_POINT('',(0.449999999999993,4.225,-6.24999999999999));
#18166=CARTESIAN_POINT('',(0.449999999999993,3.37499999999999,-6.24999999999999));
#18167=CARTESIAN_POINT('',(0.599999999999993,4.39999999999999,-6.24999999999999));
#18168=CARTESIAN_POINT('',(0.599999999999992,4.39999999999999,-6.24999999999999));
#18169=CARTESIAN_POINT('',(0.599999999999993,4.225,-6.24999999999999));
#18170=CARTESIAN_POINT('',(0.599999999999992,3.37499999999999,-6.24999999999999));
#18171=CARTESIAN_POINT('',(0.599999999999993,4.225,-6.24999999999999));
#18172=CARTESIAN_POINT('Origin',(0.599999999999993,4.225,-6.24999999999999));
#18173=CARTESIAN_POINT('',(0.449999999999993,4.225,-6.94732300164692));
#18174=CARTESIAN_POINT('',(0.599999999999992,4.225,-6.94732300164692));
#18175=CARTESIAN_POINT('Origin',(0.599999999999992,4.4,-11.4));
#18176=CARTESIAN_POINT('',(0.449999999999993,4.39999999999999,-3.54999999999999));
#18177=CARTESIAN_POINT('',(0.44999999999999,4.4,-11.4));
#18178=CARTESIAN_POINT('',(0.599999999999989,4.39999999999999,-3.54999999999999));
#18179=CARTESIAN_POINT('',(0.599999999999989,4.39999999999999,-3.54999999999999));
#18180=CARTESIAN_POINT('',(0.599999999999994,4.4,-12.0785840131754));
#18181=CARTESIAN_POINT('Origin',(0.449999999999993,2.34999999999999,-7.64464600329384));
#18182=CARTESIAN_POINT('',(0.44999999999999,4.4,-11.4));
#18183=CARTESIAN_POINT('',(0.44999999999999,4.4,-11.4));
#18184=CARTESIAN_POINT('',(0.449999999999992,0.3,-11.4));
#18185=CARTESIAN_POINT('',(0.449999999999992,2.35,-11.4));
#18186=CARTESIAN_POINT('',(0.449999999999992,0.3,-11.15));
#18187=CARTESIAN_POINT('',(0.449999999999993,0.3,-8.6875));
#18188=CARTESIAN_POINT('',(0.449999999999992,0.550000000000002,-11.15));
#18189=CARTESIAN_POINT('',(0.449999999999992,1.3,-11.15));
#18190=CARTESIAN_POINT('',(0.449999999999992,1.3,-10.4));
#18191=CARTESIAN_POINT('',(0.449999999999993,2.06383849917654,-9.63616150082346));
#18192=CARTESIAN_POINT('',(0.449999999999994,1.3,-7.05));
#18193=CARTESIAN_POINT('',(0.449999999999992,1.3,-11.7));
#18194=CARTESIAN_POINT('',(0.449999999999994,0.55,-6.3));
#18195=CARTESIAN_POINT('',(0.449999999999993,1.52366150082346,-7.27366150082346));
#18196=CARTESIAN_POINT('',(0.449999999999994,0.3,-6.3));
#18197=CARTESIAN_POINT('',(0.449999999999994,0.315176998353076,-6.3));
#18198=CARTESIAN_POINT('',(0.449999999999993,0.299999999999986,-3.55));
#18199=CARTESIAN_POINT('',(0.449999999999993,0.3,-12.0785840131754));
#18200=CARTESIAN_POINT('',(0.44999999999999,4.39999999999999,-3.54999999999999));
#18201=CARTESIAN_POINT('Origin',(0.599999999999992,4.4,-11.4));
#18202=CARTESIAN_POINT('',(0.599999999999992,4.4,-11.4));
#18203=CARTESIAN_POINT('',(0.599999999999994,4.4,-12.0785840131754));
#18204=CARTESIAN_POINT('',(0.566999999999989,4.4,-11.4));
#18205=CARTESIAN_POINT('Origin',(-7.45000000000002,4.525,-4.34999999999999));
#18206=CARTESIAN_POINT('',(-7.30000000000002,4.3,-4.34999999999999));
#18207=CARTESIAN_POINT('',(-7.15000000000002,4.3,-4.34999999999999));
#18208=CARTESIAN_POINT('',(-7.30000000000002,4.3,-4.34999999999999));
#18209=CARTESIAN_POINT('',(-7.45000000000002,4.45,-4.34999999999999));
#18210=CARTESIAN_POINT('Origin',(-7.45000000000002,4.3,-4.34999999999999));
#18211=CARTESIAN_POINT('',(-7.45000000000002,4.6,-4.34999999999999));
#18212=CARTESIAN_POINT('',(-7.45000000000002,4.6,-4.34999999999999));
#18213=CARTESIAN_POINT('Origin',(-7.45000000000002,4.3,-4.34999999999999));
#18214=CARTESIAN_POINT('Origin',(-7.45000000000002,4.3,-3.84999999999999));
#18215=CARTESIAN_POINT('',(-7.30000000000002,4.3,-3.35));
#18216=CARTESIAN_POINT('',(-7.30000000000002,4.3,-3.575));
#18217=CARTESIAN_POINT('',(-7.45000000000002,4.45,-3.35));
#18218=CARTESIAN_POINT('Origin',(-7.45000000000002,4.3,-3.35));
#18219=CARTESIAN_POINT('',(-7.45000000000002,4.45,-4.34999999999999));
#18220=CARTESIAN_POINT('Origin',(-7.45000000000002,4.525,-3.35));
#18221=CARTESIAN_POINT('',(-7.15000000000002,4.3,-3.35));
#18222=CARTESIAN_POINT('',(-7.30000000000002,4.3,-3.35));
#18223=CARTESIAN_POINT('',(-7.45000000000002,4.6,-3.35));
#18224=CARTESIAN_POINT('Origin',(-7.45000000000002,4.3,-3.35));
#18225=CARTESIAN_POINT('',(-7.45000000000002,4.6,-3.35));
#18226=CARTESIAN_POINT('Origin',(-7.45000000000002,4.3,-3.84999999999999));
#18227=CARTESIAN_POINT('',(-7.15000000000002,4.3,-3.575));
#18228=CARTESIAN_POINT('',(-7.45000000000002,4.6,-4.34999999999999));
#18229=CARTESIAN_POINT('Origin',(-8.05,4.6,-3.35));
#18230=CARTESIAN_POINT('',(-8.05,4.6,-3.35));
#18231=CARTESIAN_POINT('',(-8.05,4.6,-4.34999999999999));
#18232=CARTESIAN_POINT('',(-8.05,4.6,-3.35));
#18233=CARTESIAN_POINT('',(-8.05,4.45,-4.34999999999999));
#18234=CARTESIAN_POINT('',(-8.05,4.6,-4.34999999999999));
#18235=CARTESIAN_POINT('',(-8.05,4.45,-3.35));
#18236=CARTESIAN_POINT('',(-8.05,4.45,-3.35));
#18237=CARTESIAN_POINT('',(-8.05,4.6,-3.35));
#18238=CARTESIAN_POINT('Origin',(-7.45000000000002,4.6,-3.35));
#18239=CARTESIAN_POINT('',(-7.45000000000002,4.6,-3.35));
#18240=CARTESIAN_POINT('',(-7.45000000000002,4.45,-3.35));
#18241=CARTESIAN_POINT('Origin',(-8.05,4.6,-4.34999999999999));
#18242=CARTESIAN_POINT('',(-8.05,4.6,-4.34999999999999));
#18243=CARTESIAN_POINT('',(-8.05,4.45,-4.34999999999999));
#18244=CARTESIAN_POINT('Origin',(-7.75000000000001,4.45,-3.85));
#18245=CARTESIAN_POINT('Origin',(-7.75000000000001,4.6,-3.85));
#18246=CARTESIAN_POINT('Origin',(-7.15000000000002,4.4,-4.34999999999999));
#18247=CARTESIAN_POINT('',(-7.15000000000002,4.225,-4.34999999999999));
#18248=CARTESIAN_POINT('',(-7.15000000000002,3.29017699835308,-4.34999999999999));
#18249=CARTESIAN_POINT('',(-7.30000000000002,4.225,-4.34999999999999));
#18250=CARTESIAN_POINT('',(-7.15000000000002,4.225,-4.34999999999999));
#18251=CARTESIAN_POINT('',(-7.30000000000002,3.29017699835308,-4.34999999999999));
#18252=CARTESIAN_POINT('Origin',(-7.15000000000002,4.225,-4.34999999999999));
#18253=CARTESIAN_POINT('',(-7.30000000000003,4.225,-4.49999999999999));
#18254=CARTESIAN_POINT('',(-7.30000000000002,4.225,-3.575));
#18255=CARTESIAN_POINT('',(-7.15000000000002,4.225,-4.49999999999999));
#18256=CARTESIAN_POINT('',(-7.15000000000002,4.225,-3.575));
#18257=CARTESIAN_POINT('',(-7.15000000000002,4.225,-4.49999999999999));
#18258=CARTESIAN_POINT('Origin',(-7.15000000000002,4.225,-4.49999999999999));
#18259=CARTESIAN_POINT('',(-7.30000000000003,4.4,-4.49999999999999));
#18260=CARTESIAN_POINT('',(-7.30000000000002,3.20267699835308,-4.49999999999999));
#18261=CARTESIAN_POINT('',(-7.15000000000003,4.4,-4.49999999999999));
#18262=CARTESIAN_POINT('',(-7.15000000000002,3.20267699835308,-4.49999999999999));
#18263=CARTESIAN_POINT('',(-7.15000000000002,4.4,-4.49999999999999));
#18264=CARTESIAN_POINT('Origin',(-7.15000000000002,4.225,-3.35));
#18265=CARTESIAN_POINT('',(-7.30000000000002,4.225,-3.35));
#18266=CARTESIAN_POINT('',(-7.30000000000002,3.20267699835308,-3.35));
#18267=CARTESIAN_POINT('',(-7.15000000000002,4.225,-3.35));
#18268=CARTESIAN_POINT('',(-7.15000000000002,4.225,-3.35));
#18269=CARTESIAN_POINT('',(-7.15000000000002,3.20267699835308,-3.35));
#18270=CARTESIAN_POINT('Origin',(-7.15000000000003,4.4,-3.19999999999999));
#18271=CARTESIAN_POINT('',(-7.30000000000003,4.4,-3.19999999999999));
#18272=CARTESIAN_POINT('',(-7.30000000000003,4.225,-3.19999999999999));
#18273=CARTESIAN_POINT('',(-7.30000000000002,3.29017699835308,-3.19999999999999));
#18274=CARTESIAN_POINT('',(-7.15000000000003,4.4,-3.19999999999999));
#18275=CARTESIAN_POINT('',(-7.15000000000003,4.4,-3.19999999999999));
#18276=CARTESIAN_POINT('',(-7.15000000000002,4.225,-3.19999999999999));
#18277=CARTESIAN_POINT('',(-7.15000000000002,3.29017699835308,-3.19999999999999));
#18278=CARTESIAN_POINT('',(-7.15000000000002,4.225,-3.19999999999999));
#18279=CARTESIAN_POINT('Origin',(-7.15000000000002,4.225,-3.19999999999999));
#18280=CARTESIAN_POINT('',(-7.30000000000002,4.225,-3.));
#18281=CARTESIAN_POINT('',(-7.15000000000002,4.225,-3.));
#18282=CARTESIAN_POINT('Origin',(-7.15000000000002,4.4,-5.6));
#18283=CARTESIAN_POINT('',(-7.30000000000002,4.4,3.54168972620692E-15));
#18284=CARTESIAN_POINT('',(-7.30000000000002,4.4,-5.6));
#18285=CARTESIAN_POINT('',(-7.15000000000002,4.4,3.48523770800564E-15));
#18286=CARTESIAN_POINT('',(-7.15000000000002,4.4,3.48523770800564E-15));
#18287=CARTESIAN_POINT('',(-7.15000000000002,4.4,-5.6));
#18288=CARTESIAN_POINT('Origin',(-7.30000000000001,2.18035399670615,-2.8));
#18289=CARTESIAN_POINT('',(-7.30000000000002,4.4,-5.45));
#18290=CARTESIAN_POINT('',(-7.30000000000002,4.4,-5.6));
#18291=CARTESIAN_POINT('',(-7.3,0.299999999999999,-5.45));
#18292=CARTESIAN_POINT('',(-7.30000000000001,1.24017699835308,-5.45));
#18293=CARTESIAN_POINT('',(-7.3,0.299999999999999,3.46497312405425E-15));
#18294=CARTESIAN_POINT('',(-7.3,0.299999999999999,-2.8));
#18295=CARTESIAN_POINT('',(-7.3,-0.378584013175397,3.20959021030175E-15));
#18296=CARTESIAN_POINT('Origin',(-7.15000000000002,4.4,-5.6));
#18297=CARTESIAN_POINT('',(-7.15000000000002,4.4,-5.45));
#18298=CARTESIAN_POINT('',(-7.15000000000002,4.4,-5.6));
#18299=CARTESIAN_POINT('',(-7.22500000000002,4.4,-5.45));
#18300=CARTESIAN_POINT('Origin',(3.62499999999999,2.225,-11.7));
#18301=CARTESIAN_POINT('',(2.34999999999999,2.225,-11.55));
#18302=CARTESIAN_POINT('Origin',(3.62499999999999,2.225,-11.55));
#18303=CARTESIAN_POINT('',(2.34999999999999,2.225,-11.7));
#18304=CARTESIAN_POINT('Origin',(3.62499999999999,2.225,-11.7));
#18305=CARTESIAN_POINT('Origin',(7.37500000000001,3.15,-9.45));
#18306=CARTESIAN_POINT('',(7.15000000000001,3.15,-9.35));
#18307=CARTESIAN_POINT('',(7.37500000000001,3.15,-9.35));
#18308=CARTESIAN_POINT('',(7.15000000000001,3.25,-9.45));
#18309=CARTESIAN_POINT('Origin',(7.15000000000001,3.15,-9.45));
#18310=CARTESIAN_POINT('',(7.37500000000001,3.25,-9.45));
#18311=CARTESIAN_POINT('Origin',(7.3,1.6,-9.35));
#18312=CARTESIAN_POINT('',(7.15,1.7,-9.35));
#18313=CARTESIAN_POINT('',(7.37500000000001,1.7,-9.35));
#18314=CARTESIAN_POINT('',(7.15000000000001,1.89017699835308,-9.35));
#18315=CARTESIAN_POINT('Origin',(7.37500000000001,1.7,-9.45));
#18316=CARTESIAN_POINT('',(7.15,1.6,-9.45));
#18317=CARTESIAN_POINT('',(7.37500000000001,1.6,-9.45));
#18318=CARTESIAN_POINT('Origin',(7.15000000000001,1.7,-9.45));
#18319=CARTESIAN_POINT('Origin',(7.45000000000001,1.6,-10.2));
#18320=CARTESIAN_POINT('',(7.45000000000001,1.6,-10.2));
#18321=CARTESIAN_POINT('',(7.37500000000001,1.6,-10.2));
#18322=CARTESIAN_POINT('',(7.45000000000001,1.6,-11.4));
#18323=CARTESIAN_POINT('',(7.45000000000001,1.6,-10.5281073433103));
#18324=CARTESIAN_POINT('',(7.3,1.6,-11.6598076211353));
#18325=CARTESIAN_POINT('Origin',(7.15000000000002,1.6,-11.4));
#18326=CARTESIAN_POINT('',(7.3,1.6,-11.4));
#18327=CARTESIAN_POINT('',(7.3,1.6,-10.3625));
#18328=CARTESIAN_POINT('',(7.3,1.6,-11.3976470588235));
#18329=CARTESIAN_POINT('',(7.3,1.6,-10.5281073433103));
#18330=CARTESIAN_POINT('',(7.15,1.6,-11.3976470588235));
#18331=CARTESIAN_POINT('',(7.3,1.6,-11.3976470588235));
#18332=CARTESIAN_POINT('',(7.15,1.6,-8.625));
#18333=CARTESIAN_POINT('Origin',(7.15000000000001,2.18035399670615,-5.85));
#18334=CARTESIAN_POINT('',(7.15000000000001,3.25,-11.2811764705882));
#18335=CARTESIAN_POINT('',(7.15,1.35856683832817,-11.4146893996474));
#18336=CARTESIAN_POINT('',(7.15000000000001,3.25,-7.6));
#18337=CARTESIAN_POINT('',(7.15,0.3,-11.4894117647059));
#18338=CARTESIAN_POINT('',(7.15,1.35856683832817,-11.4146893996474));
#18339=CARTESIAN_POINT('',(7.15,0.3,-11.4));
#18340=CARTESIAN_POINT('',(7.15,0.3,-5.85));
#18341=CARTESIAN_POINT('',(7.15,0.3,-6.16790569236214E-16));
#18342=CARTESIAN_POINT('',(7.15,0.3,-5.85));
#18343=CARTESIAN_POINT('',(7.15,-0.378584013175396,-6.16790569236212E-16));
#18344=CARTESIAN_POINT('Origin',(7.3,0.149999999999962,-11.5));
#18345=CARTESIAN_POINT('',(7.3,1.56666666666666,-11.4));
#18346=CARTESIAN_POINT('',(7.3,1.35856683832817,-11.4146893996474));
#18347=CARTESIAN_POINT('',(7.27761994832736,0.45,-11.4788235294118));
#18348=CARTESIAN_POINT('Origin',(7.15000000000002,1.56666666666667,-11.4));
#18349=CARTESIAN_POINT('',(7.225,0.45,-11.4788235294118));
#18350=CARTESIAN_POINT('',(7.3,0.300000000000001,-11.4894117647059));
#18351=CARTESIAN_POINT('Origin',(7.45000000000001,3.25,-9.34999999999999));
#18352=CARTESIAN_POINT('',(7.30000000000001,3.25,-11.2811764705882));
#18353=CARTESIAN_POINT('',(7.30000000000001,3.25,-11.2811764705882));
#18354=CARTESIAN_POINT('',(7.30000000000001,3.25,-11.4));
#18355=CARTESIAN_POINT('',(7.30000000000001,3.25,-10.1031073433103));
#18356=CARTESIAN_POINT('',(7.30000000000001,3.25,-11.6598076211353));
#18357=CARTESIAN_POINT('',(7.30000000000001,3.25,-9.93749999999999));
#18358=CARTESIAN_POINT('',(7.45000000000001,3.25,-11.4));
#18359=CARTESIAN_POINT('Origin',(7.15000000000002,3.25,-11.4));
#18360=CARTESIAN_POINT('',(7.45000000000001,3.25,-10.2));
#18361=CARTESIAN_POINT('',(7.45000000000001,3.25,-10.1031073433103));
#18362=CARTESIAN_POINT('',(7.37500000000001,3.25,-10.2));
#18363=CARTESIAN_POINT('Origin',(7.30000000000001,2.425,-10.525));
#18364=CARTESIAN_POINT('',(7.30000000000001,2.425,-11.6598076211353));
#18365=CARTESIAN_POINT('',(7.3,0.45,-11.4));
#18366=CARTESIAN_POINT('Origin',(7.30000000000001,3.825,-10.2));
#18367=CARTESIAN_POINT('',(7.45000000000002,3.825,-10.2));
#18368=CARTESIAN_POINT('',(7.45000000000002,3.825,-10.2));
#18369=CARTESIAN_POINT('',(7.30000000000001,3.825,-10.2));
#18370=CARTESIAN_POINT('Origin',(7.45000000000001,2.425,-10.8562146866206));
#18371=CARTESIAN_POINT('',(7.45,0.449999999999999,-11.4));
#18372=CARTESIAN_POINT('',(7.45000000000002,4.4,-10.775));
#18373=CARTESIAN_POINT('Origin',(7.30000000000001,2.425,-10.8562146866206));
#18374=CARTESIAN_POINT('',(7.3,1.35856683832817,-11.4146893996474));
#18375=CARTESIAN_POINT('',(7.3,0.45,-11.4));
#18376=CARTESIAN_POINT('Origin',(7.30000000000001,2.425,-10.8562146866206));
#18377=CARTESIAN_POINT('',(7.3,0.45,-11.4));
#18378=CARTESIAN_POINT('Origin',(-7.00000000000001,0.550000000000005,-5.9));
#18379=CARTESIAN_POINT('',(-6.25,1.3,-5.75));
#18380=CARTESIAN_POINT('',(-7.00000000000001,0.550000000000004,-5.75));
#18381=CARTESIAN_POINT('',(-6.81250000000001,0.737500000000004,-5.75));
#18382=CARTESIAN_POINT('',(-6.25,1.30000000000001,-5.89999999999999));
#18383=CARTESIAN_POINT('',(-6.25000000000001,1.3,-5.825));
#18384=CARTESIAN_POINT('',(-7.00000000000001,0.550000000000005,-5.9));
#18385=CARTESIAN_POINT('',(-6.12366150082347,1.42633849917654,-5.89999999999999));
#18386=CARTESIAN_POINT('',(-7.,0.550000000000009,-5.82143250712181));
#18387=CARTESIAN_POINT('Origin',(0.149999999999997,1.3,-5.75));
#18388=CARTESIAN_POINT('',(-1.1,1.3,-5.75));
#18389=CARTESIAN_POINT('',(0.149999999999997,1.3,-5.75));
#18390=CARTESIAN_POINT('',(-1.1,1.3,-5.9));
#18391=CARTESIAN_POINT('',(-1.1,1.3,-6.025));
#18392=CARTESIAN_POINT('',(0.149999999999997,1.3,-5.9));
#18393=CARTESIAN_POINT('Origin',(-7.,0.157134985756373,-5.74286501424363));
#18394=CARTESIAN_POINT('',(-7.,0.300000000000004,-5.9));
#18395=CARTESIAN_POINT('',(-7.,0.315176998353077,-5.9));
#18396=CARTESIAN_POINT('',(-7.,3.46944695195361E-17,-5.6));
#18397=CARTESIAN_POINT('Origin',(-7.,0.300000000000001,-5.6));
#18398=CARTESIAN_POINT('',(-7.,0.,-5.45));
#18399=CARTESIAN_POINT('',(-7.,0.,0.212500000000003));
#18400=CARTESIAN_POINT('',(-7.,0.15,-5.45));
#18401=CARTESIAN_POINT('',(-7.,0.,-5.45));
#18402=CARTESIAN_POINT('',(-7.,0.15,-5.6));
#18403=CARTESIAN_POINT('',(-7.,0.15,0.212500000000003));
#18404=CARTESIAN_POINT('',(-7.,0.300000000000002,-5.75));
#18405=CARTESIAN_POINT('Origin',(-7.,0.300000000000001,-5.6));
#18406=CARTESIAN_POINT('',(-7.,0.315176998353077,-5.75));
#18407=CARTESIAN_POINT('Origin',(-0.725000000000001,0.925000000000004,-6.025));
#18408=CARTESIAN_POINT('',(-0.350000000000001,0.550000000000004,-5.9));
#18409=CARTESIAN_POINT('',(-1.36383849917654,1.56383849917654,-5.9));
#18410=CARTESIAN_POINT('',(-0.350000000000001,0.550000000000003,-5.75));
#18411=CARTESIAN_POINT('',(-1.76741150082347,1.96741150082347,-5.74999999999998));
#18412=CARTESIAN_POINT('',(-0.350000000000001,0.550000000000004,-6.025));
#18413=CARTESIAN_POINT('Origin',(-3.575,0.630353996706153,-5.9));
#18414=CARTESIAN_POINT('',(-0.350000000000001,0.300000000000002,-5.9));
#18415=CARTESIAN_POINT('',(-0.350000000000001,0.315176998353076,-5.9));
#18416=CARTESIAN_POINT('',(-3.575,0.300000000000002,-5.9));
#18417=CARTESIAN_POINT('Origin',(0.599999999999995,0.925,-6.675));
#18418=CARTESIAN_POINT('',(0.299999999999994,1.3,-7.05));
#18419=CARTESIAN_POINT('',(0.299999999999994,0.55,-6.3));
#18420=CARTESIAN_POINT('',(0.299999999999994,1.35446349917654,-7.10446349917654));
#18421=CARTESIAN_POINT('',(0.599999999999995,0.55,-6.3));
#18422=CARTESIAN_POINT('',(0.599999999999995,1.3,-7.05));
#18423=CARTESIAN_POINT('Origin',(0.749999999999999,0.,-6.3));
#18424=CARTESIAN_POINT('',(0.299999999999994,0.3,-6.3));
#18425=CARTESIAN_POINT('',(0.299999999999994,0.315176998353076,-6.3));
#18426=CARTESIAN_POINT('',(0.599999999999994,0.,-6.3));
#18427=CARTESIAN_POINT('Origin',(0.599999999999994,0.3,-6.3));
#18428=CARTESIAN_POINT('',(0.649999999999999,0.,-6.3));
#18429=CARTESIAN_POINT('',(-0.85,0.,-6.3));
#18430=CARTESIAN_POINT('',(0.649999999999999,0.15,-6.3));
#18431=CARTESIAN_POINT('',(0.649999999999999,0.,-6.3));
#18432=CARTESIAN_POINT('',(0.599999999999997,0.15,-6.3));
#18433=CARTESIAN_POINT('',(-0.85,0.15,-6.3));
#18434=CARTESIAN_POINT('Origin',(0.599999999999994,0.3,-6.3));
#18435=CARTESIAN_POINT('Origin',(0.299999999999993,0.630353996706152,-8.6875));
#18436=CARTESIAN_POINT('',(0.299999999999992,1.3,-10.4));
#18437=CARTESIAN_POINT('',(0.299999999999992,1.3,-11.7));
#18438=CARTESIAN_POINT('',(0.299999999999992,0.550000000000002,-11.15));
#18439=CARTESIAN_POINT('',(0.299999999999992,1.37321349917654,-10.3267865008235));
#18440=CARTESIAN_POINT('',(0.299999999999992,0.3,-11.15));
#18441=CARTESIAN_POINT('',(0.299999999999992,0.383052471316312,-11.15));
#18442=CARTESIAN_POINT('',(0.299999999999993,0.3,-8.6875));
#18443=CARTESIAN_POINT('Origin',(0.492647901902182,0.925000000000002,-10.775));
#18444=CARTESIAN_POINT('',(0.492647901902183,1.3,-10.4));
#18445=CARTESIAN_POINT('',(0.492647901902182,0.550000000000002,-11.15));
#18446=CARTESIAN_POINT('Origin',(0.535295803804373,0.135750945926471,-11.15));
#18447=CARTESIAN_POINT('',(0.599999999999994,0.15,-11.15));
#18448=CARTESIAN_POINT('Origin',(0.599999999999992,0.3,-11.15));
#18449=CARTESIAN_POINT('',(0.749999999999994,0.15,-11.15));
#18450=CARTESIAN_POINT('',(-0.957352098097816,0.15,-11.15));
#18451=CARTESIAN_POINT('',(0.749999999999994,0.,-11.15));
#18452=CARTESIAN_POINT('',(0.749999999999994,0.15,-11.15));
#18453=CARTESIAN_POINT('',(0.599999999999994,0.,-11.15));
#18454=CARTESIAN_POINT('',(-0.957352098097816,0.,-11.15));
#18455=CARTESIAN_POINT('Origin',(0.599999999999992,0.3,-11.15));
#18456=CARTESIAN_POINT('Origin',(0.599999999999993,0.3,-8.6875));
#18457=CARTESIAN_POINT('',(0.599999999999999,0.,-2.625));
#18458=CARTESIAN_POINT('Origin',(-2.45,0.,0.425));
#18459=CARTESIAN_POINT('',(0.749999999999994,0.,-11.4));
#18460=CARTESIAN_POINT('',(0.749999999999997,0.,-5.6375));
#18461=CARTESIAN_POINT('',(6.99999999999999,3.46944695195361E-17,-11.4));
#18462=CARTESIAN_POINT('',(-0.925000000000003,0.,-11.4));
#18463=CARTESIAN_POINT('',(7.,3.46944695195361E-17,-9.96353996458474E-16));
#18464=CARTESIAN_POINT('',(7.,0.,-5.6375));
#18465=CARTESIAN_POINT('',(2.9,0.,2.36888454436931E-16));
#18466=CARTESIAN_POINT('',(-7.3,0.,3.35973779226268E-15));
#18467=CARTESIAN_POINT('',(2.8,0.,0.0999999999999981));
#18468=CARTESIAN_POINT('Origin',(2.9,0.,0.0999999999999982));
#18469=CARTESIAN_POINT('',(2.8,0.,0.75));
#18470=CARTESIAN_POINT('',(2.8,0.,0.85));
#18471=CARTESIAN_POINT('',(2.7,0.,0.85));
#18472=CARTESIAN_POINT('Origin',(2.7,0.,0.75));
#18473=CARTESIAN_POINT('',(1.6,0.,0.85));
#18474=CARTESIAN_POINT('',(1.5,0.,0.85));
#18475=CARTESIAN_POINT('',(1.5,0.,0.75));
#18476=CARTESIAN_POINT('Origin',(1.6,0.,0.75));
#18477=CARTESIAN_POINT('',(1.5,0.,0.0999999999999985));
#18478=CARTESIAN_POINT('',(1.5,0.,1.3684555315672E-47));
#18479=CARTESIAN_POINT('',(1.4,0.,6.96131004117189E-16));
#18480=CARTESIAN_POINT('Origin',(1.4,0.,0.0999999999999986));
#18481=CARTESIAN_POINT('',(-1.7,0.,1.64523227345639E-15));
#18482=CARTESIAN_POINT('',(-7.3,0.,3.35973779226268E-15));
#18483=CARTESIAN_POINT('',(-1.8,0.,0.0999999999999995));
#18484=CARTESIAN_POINT('Origin',(-1.7,0.,0.0999999999999996));
#18485=CARTESIAN_POINT('',(-1.8,0.,0.75));
#18486=CARTESIAN_POINT('',(-1.8,0.,0.85));
#18487=CARTESIAN_POINT('',(-1.9,0.,0.85));
#18488=CARTESIAN_POINT('Origin',(-1.9,0.,0.75));
#18489=CARTESIAN_POINT('',(-3.,0.,0.85));
#18490=CARTESIAN_POINT('',(-3.1,0.,0.85));
#18491=CARTESIAN_POINT('',(-3.1,0.,0.75));
#18492=CARTESIAN_POINT('Origin',(-3.,0.,0.75));
#18493=CARTESIAN_POINT('',(-3.1,0.,0.1));
#18494=CARTESIAN_POINT('',(-3.1,0.,0.));
#18495=CARTESIAN_POINT('',(-3.2,0.,2.10447482313664E-15));
#18496=CARTESIAN_POINT('Origin',(-3.2,0.,0.1));
#18497=CARTESIAN_POINT('',(-7.,3.46944695195361E-17,3.24683375586012E-15));
#18498=CARTESIAN_POINT('',(-7.3,0.,3.35973779226268E-15));
#18499=CARTESIAN_POINT('',(-7.,0.,0.212500000000003));
#18500=CARTESIAN_POINT('',(-0.350000000000001,0.,-5.6));
#18501=CARTESIAN_POINT('',(-4.875,0.,-5.6));
#18502=CARTESIAN_POINT('',(-0.350000000000001,0.,-5.3));
#18503=CARTESIAN_POINT('',(-0.350000000000002,0.,-2.9375));
#18504=CARTESIAN_POINT('',(-0.250000000000001,0.,-5.2));
#18505=CARTESIAN_POINT('Origin',(-0.250000000000001,0.,-5.3));
#18506=CARTESIAN_POINT('',(0.649999999999999,0.,-5.2));
#18507=CARTESIAN_POINT('',(-1.4,0.,-5.2));
#18508=CARTESIAN_POINT('',(0.749999999999999,0.,-5.3));
#18509=CARTESIAN_POINT('Origin',(0.649999999999999,0.,-5.3));
#18510=CARTESIAN_POINT('',(0.749999999999999,0.,-6.2));
#18511=CARTESIAN_POINT('',(0.749999999999998,0.,-2.3875));
#18512=CARTESIAN_POINT('Origin',(0.649999999999999,0.,-6.2));
#18513=CARTESIAN_POINT('Origin',(6.99999999999999,3.46944695195361E-17,
-11.4));
#18514=CARTESIAN_POINT('',(6.99999999999999,0.0171572875253831,-11.5));
#18515=CARTESIAN_POINT('',(6.99999999999999,0.15,-11.6598076211353));
#18516=CARTESIAN_POINT('Origin',(6.99999999999999,0.3,-11.4));
#18517=CARTESIAN_POINT('',(6.99999999999999,0.149999999999964,-11.5));
#18518=CARTESIAN_POINT('',(6.99999999999999,0.15,-5.4875));
#18519=CARTESIAN_POINT('',(6.99999999999999,0.153567492878186,-11.5));
#18520=CARTESIAN_POINT('Origin',(6.99999999999999,0.3,-11.55));
#18521=CARTESIAN_POINT('',(6.99999999999999,0.15,-11.4));
#18522=CARTESIAN_POINT('',(6.99999999999999,0.15,-11.4));
#18523=CARTESIAN_POINT('',(6.99999999999999,0.15,-11.4));
#18524=CARTESIAN_POINT('Origin',(6.99999999999999,0.3,-11.4));
#18525=CARTESIAN_POINT('Origin',(7.15000000000002,2.425,-11.4));
#18526=CARTESIAN_POINT('',(7.15,4.4,-11.55));
#18527=CARTESIAN_POINT('Origin',(7.15000000000002,4.4,-11.4));
#18528=CARTESIAN_POINT('',(7.15,0.45,-11.55));
#18529=CARTESIAN_POINT('',(7.15,4.4,-11.55));
#18530=CARTESIAN_POINT('Origin',(7.15000000000002,0.45,-11.4));
#18531=CARTESIAN_POINT('Origin',(7.15,0.45,-11.625));
#18532=CARTESIAN_POINT('',(7.15,0.45,-11.7));
#18533=CARTESIAN_POINT('',(7.15,0.45,-11.55));
#18534=CARTESIAN_POINT('',(7.45,0.449999999999999,-11.4));
#18535=CARTESIAN_POINT('Origin',(7.15000000000002,0.45,-11.4));
#18536=CARTESIAN_POINT('',(7.3,0.45,-11.4));
#18537=CARTESIAN_POINT('Origin',(7.15,4.4,-11.625));
#18538=CARTESIAN_POINT('',(7.15,4.4,-11.7));
#18539=CARTESIAN_POINT('Origin',(7.15000000000002,4.4,-11.4));
#18540=CARTESIAN_POINT('',(7.15,4.4,-11.7));
#18541=CARTESIAN_POINT('Origin',(7.15000000000002,2.425,-11.4));
#18542=CARTESIAN_POINT('',(7.45,0.449999999999999,-11.4));
#18543=CARTESIAN_POINT('',(7.15,0.45,-11.7));
#18544=CARTESIAN_POINT('Origin',(6.99999999999999,0.45,-11.7));
#18545=CARTESIAN_POINT('',(6.99999999999999,0.45,-11.55));
#18546=CARTESIAN_POINT('',(6.99999999999999,0.45,-11.55));
#18547=CARTESIAN_POINT('',(6.99999999999999,0.45,-11.7));
#18548=CARTESIAN_POINT('',(6.99999999999999,0.45,-11.625));
#18549=CARTESIAN_POINT('',(6.99999999999999,0.45,-11.7));
#18550=CARTESIAN_POINT('Origin',(7.30000000000002,4.4,-10.775));
#18551=CARTESIAN_POINT('Origin',(7.3,0.45,-10.775));
#18552=CARTESIAN_POINT('',(7.45,0.449999999999999,-10.775));
#18553=CARTESIAN_POINT('',(7.45,0.449999999999999,-10.775));
#18554=CARTESIAN_POINT('',(7.3,0.45,-10.775));
#18555=CARTESIAN_POINT('Origin',(7.3,1.025,-10.2));
#18556=CARTESIAN_POINT('',(7.45,1.025,-10.2));
#18557=CARTESIAN_POINT('',(7.45,1.025,-10.2));
#18558=CARTESIAN_POINT('',(7.3,1.025,-10.2));
#18559=CARTESIAN_POINT('Origin',(7.30000000000001,3.825,-10.2));
#18560=CARTESIAN_POINT('',(7.45000000000002,3.825,-10.2));
#18561=CARTESIAN_POINT('Origin',(7.45000000000001,2.425,-10.8562146866206));
#18562=CARTESIAN_POINT('Origin',(0.749999999999994,2.35,-11.4));
#18563=CARTESIAN_POINT('',(0.749999999999994,4.4,-11.7));
#18564=CARTESIAN_POINT('Origin',(0.749999999999994,4.4,-11.4));
#18565=CARTESIAN_POINT('',(0.749999999999994,0.3,-11.7));
#18566=CARTESIAN_POINT('',(0.749999999999994,1.24017699835308,-11.7));
#18567=CARTESIAN_POINT('Origin',(0.749999999999994,0.299999999999999,-11.4));
#18568=CARTESIAN_POINT('Origin',(0.599999999999992,0.299999999999999,-11.4));
#18569=CARTESIAN_POINT('',(0.599999999999992,0.299999999999999,-11.4));
#18570=CARTESIAN_POINT('',(0.566999999999993,0.299999999999999,-11.4));
#18571=CARTESIAN_POINT('',(0.599999999999992,0.299999999999987,-3.55));
#18572=CARTESIAN_POINT('',(0.599999999999992,0.300000000000001,-12.0785840131754));
#18573=CARTESIAN_POINT('',(0.599999999999992,0.299999999999987,-3.55));
#18574=CARTESIAN_POINT('',(0.449999999999993,0.3,-8.6875));
#18575=CARTESIAN_POINT('Origin',(0.599999999999992,2.35,-7.64464600329384));
#18576=CARTESIAN_POINT('',(0.599999999999989,4.39999999999999,-3.54999999999999));
#18577=CARTESIAN_POINT('',(0.599999999999992,2.35,-11.4));
#18578=CARTESIAN_POINT('Origin',(0.599999999999993,4.4,-11.4));
#18579=CARTESIAN_POINT('',(0.749999999999994,4.4,-11.55));
#18580=CARTESIAN_POINT('Origin',(0.749999999999994,4.4,-11.4));
#18581=CARTESIAN_POINT('',(0.749999999999994,4.4,-11.55));
#18582=CARTESIAN_POINT('Origin',(0.449999999999994,0.299999999999999,-11.4));
#18583=CARTESIAN_POINT('',(0.749999999999994,0.3,-11.55));
#18584=CARTESIAN_POINT('',(0.749999999999994,0.3,-11.55));
#18585=CARTESIAN_POINT('Origin',(0.749999999999994,0.3,-11.4));
#18586=CARTESIAN_POINT('Origin',(0.599999999999989,4.39999999999999,-3.54999999999999));
#18587=CARTESIAN_POINT('Origin',(0.749999999999994,2.35,-11.4));
#18588=CARTESIAN_POINT('',(0.749999999999994,1.24017699835308,-11.55));
#18589=CARTESIAN_POINT('Origin',(0.749999999999994,0.157134985756372,-11.5428650142436));
#18590=CARTESIAN_POINT('',(0.749999999999994,0.15,-11.4));
#18591=CARTESIAN_POINT('Origin',(0.749999999999994,0.3,-11.4));
#18592=CARTESIAN_POINT('Origin',(0.749999999999994,0.3,-11.4));
#18593=CARTESIAN_POINT('',(0.749999999999997,0.15,-5.6375));
#18594=CARTESIAN_POINT('Origin',(3.79999999999999,0.3,-11.4));
#18595=CARTESIAN_POINT('',(6.99999999999999,0.3,-11.7));
#18596=CARTESIAN_POINT('',(3.79999999999999,0.3,-11.7));
#18597=CARTESIAN_POINT('Origin',(6.99999999999999,0.3,-11.4));
#18598=CARTESIAN_POINT('Origin',(3.79999999999999,2.18035399670615,-11.7));
#18599=CARTESIAN_POINT('',(6.99999999999999,4.4,-11.7));
#18600=CARTESIAN_POINT('',(6.99999999999999,0.3,-11.7));
#18601=CARTESIAN_POINT('Origin',(6.99999999999999,4.4,-11.55));
#18602=CARTESIAN_POINT('',(6.99999999999999,4.4,-11.55));
#18603=CARTESIAN_POINT('Origin',(3.79999999999999,2.18035399670615,-11.55));
#18604=CARTESIAN_POINT('',(6.99999999999999,0.3,-11.55));
#18605=CARTESIAN_POINT('',(3.79999999999999,0.3,-11.55));
#18606=CARTESIAN_POINT('',(6.99999999999999,-0.378584013175394,-11.55));
#18607=CARTESIAN_POINT('Origin',(6.99999999999999,0.3,-11.55));
#18608=CARTESIAN_POINT('',(6.99999999999999,0.3,-11.583));
#18609=CARTESIAN_POINT('Origin',(6.99999999999999,0.3,-11.4));
#18610=CARTESIAN_POINT('Origin',(6.99999999999999,0.3,-11.55));
#18611=CARTESIAN_POINT('Origin',(3.79999999999999,0.3,-11.4));
#18612=CARTESIAN_POINT('',(-0.925000000000003,0.15,-11.4));
#18613=CARTESIAN_POINT('Origin',(-1.8,0.,0.85));
#18614=CARTESIAN_POINT('',(-3.,0.15,0.85));
#18615=CARTESIAN_POINT('',(-3.,0.,0.85));
#18616=CARTESIAN_POINT('',(-1.9,0.15,0.85));
#18617=CARTESIAN_POINT('',(-1.9,0.,0.85));
#18618=CARTESIAN_POINT('',(-3.1,0.15,0.85));
#18619=CARTESIAN_POINT('Origin',(2.8,0.,0.));
#18620=CARTESIAN_POINT('',(2.8,0.15,0.75));
#18621=CARTESIAN_POINT('',(2.8,0.,0.75));
#18622=CARTESIAN_POINT('',(2.8,0.15,0.0999999999999981));
#18623=CARTESIAN_POINT('',(2.8,0.,0.0999999999999982));
#18624=CARTESIAN_POINT('',(2.8,0.15,0.85));
#18625=CARTESIAN_POINT('Origin',(7.15,0.3,-6.16790569236213E-16));
#18626=CARTESIAN_POINT('',(7.183,0.3,-5.00533325484998E-16));
#18627=CARTESIAN_POINT('Origin',(7.15,0.3,-1.11022302462516E-15));
#18628=CARTESIAN_POINT('',(7.,0.15,-9.96353996458474E-16));
#18629=CARTESIAN_POINT('Origin',(7.,0.3,-1.11022302462516E-15));
#18630=CARTESIAN_POINT('',(7.,0.075,-3.33066907387547E-15));
#18631=CARTESIAN_POINT('Origin',(7.,0.3,0.));
#18632=CARTESIAN_POINT('Origin',(7.3,0.149999999999962,-11.5));
#18633=CARTESIAN_POINT('Origin',(-3.1,0.,0.));
#18634=CARTESIAN_POINT('',(-3.2,0.15,2.10447482313664E-15));
#18635=CARTESIAN_POINT('',(-3.2,0.,3.46944695195361E-17));
#18636=CARTESIAN_POINT('',(-7.,0.15,3.24683375586012E-15));
#18637=CARTESIAN_POINT('',(-7.3,0.15,3.35973779226268E-15));
#18638=CARTESIAN_POINT('',(-7.,0.075,1.19403062916867E-15));
#18639=CARTESIAN_POINT('Origin',(-3.575,0.300000000000001,-5.6));
#18640=CARTESIAN_POINT('',(-0.350000000000001,0.15,-5.6));
#18641=CARTESIAN_POINT('',(-0.350000000000001,0.300000000000002,-5.75));
#18642=CARTESIAN_POINT('Origin',(-0.350000000000001,0.300000000000001,-5.6));
#18643=CARTESIAN_POINT('',(-3.575,0.300000000000002,-5.75));
#18644=CARTESIAN_POINT('',(-4.875,0.15,-5.6));
#18645=CARTESIAN_POINT('Origin',(-7.3,0.3,3.33066907387547E-15));
#18646=CARTESIAN_POINT('',(-7.15,0.3,3.40852110585297E-15));
#18647=CARTESIAN_POINT('',(-7.183,0.300000000000001,3.30007508830544E-15));
#18648=CARTESIAN_POINT('Origin',(-7.,0.3,3.33066907387547E-15));
#18649=CARTESIAN_POINT('Origin',(-7.,0.3,3.33066907387547E-15));
#18650=CARTESIAN_POINT('Origin',(-7.15,0.3,3.40852110585297E-15));
#18651=CARTESIAN_POINT('',(-7.15,-0.378584013175396,3.15313819210048E-15));
#18652=CARTESIAN_POINT('Origin',(-7.,0.3,-2.8));
#18653=CARTESIAN_POINT('Origin',(-7.,0.3,-5.45));
#18654=CARTESIAN_POINT('Origin',(0.599999999999993,0.3,-8.6875));
#18655=CARTESIAN_POINT('',(0.599999999999999,0.15,-2.625));
#18656=CARTESIAN_POINT('Origin',(0.449999999999992,1.3,-11.7));
#18657=CARTESIAN_POINT('Origin',(-3.575,0.300000000000001,-5.6));
#18658=CARTESIAN_POINT('Origin',(-0.350000000000001,0.300000000000001,-5.6));
#18659=CARTESIAN_POINT('Origin',(-0.350000000000001,0.,-5.2));
#18660=CARTESIAN_POINT('',(-0.250000000000001,0.15,-5.2));
#18661=CARTESIAN_POINT('',(-0.250000000000001,0.,-5.2));
#18662=CARTESIAN_POINT('',(0.649999999999999,0.15,-5.2));
#18663=CARTESIAN_POINT('',(-1.4,0.15,-5.2));
#18664=CARTESIAN_POINT('',(0.649999999999999,0.,-5.2));
#18665=CARTESIAN_POINT('Origin',(0.649999999999999,0.,-5.3));
#18666=CARTESIAN_POINT('',(0.749999999999999,0.15,-5.3));
#18667=CARTESIAN_POINT('Origin',(0.649999999999999,0.15,-5.3));
#18668=CARTESIAN_POINT('',(0.749999999999999,0.,-5.3));
#18669=CARTESIAN_POINT('Origin',(-0.350000000000001,0.,-6.3));
#18670=CARTESIAN_POINT('',(-0.350000000000001,0.315176998353075,-5.75));
#18671=CARTESIAN_POINT('',(-0.350000000000001,0.15,-5.3));
#18672=CARTESIAN_POINT('',(-0.350000000000002,0.15,-2.9375));
#18673=CARTESIAN_POINT('',(-0.350000000000001,0.,-5.3));
#18674=CARTESIAN_POINT('Origin',(-0.250000000000001,0.,-5.3));
#18675=CARTESIAN_POINT('Origin',(-0.250000000000001,0.15,-5.3));
#18676=CARTESIAN_POINT('Origin',(0.749999999999999,0.,-5.2));
#18677=CARTESIAN_POINT('',(0.749999999999999,0.15,-6.2));
#18678=CARTESIAN_POINT('',(0.749999999999999,0.,-6.2));
#18679=CARTESIAN_POINT('',(0.749999999999998,0.15,-2.3875));
#18680=CARTESIAN_POINT('Origin',(0.649999999999999,0.,-6.2));
#18681=CARTESIAN_POINT('Origin',(0.649999999999999,0.15,-6.2));
#18682=CARTESIAN_POINT('Origin',(-3.1,0.,0.));
#18683=CARTESIAN_POINT('',(2.9,0.15,2.36888454436931E-16));
#18684=CARTESIAN_POINT('',(2.9,0.,-1.83880688453542E-15));
#18685=CARTESIAN_POINT('',(-7.3,0.15,3.35973779226268E-15));
#18686=CARTESIAN_POINT('Origin',(2.9,0.,0.0999999999999982));
#18687=CARTESIAN_POINT('Origin',(2.9,0.15,0.0999999999999982));
#18688=CARTESIAN_POINT('Origin',(2.7,0.,0.75));
#18689=CARTESIAN_POINT('',(2.7,0.15,0.85));
#18690=CARTESIAN_POINT('Origin',(2.7,0.15,0.75));
#18691=CARTESIAN_POINT('',(2.7,0.,0.85));
#18692=CARTESIAN_POINT('Origin',(2.8,0.,0.85));
#18693=CARTESIAN_POINT('',(1.6,0.15,0.85));
#18694=CARTESIAN_POINT('',(1.6,0.,0.85));
#18695=CARTESIAN_POINT('',(1.5,0.15,0.85));
#18696=CARTESIAN_POINT('Origin',(1.6,0.,0.75));
#18697=CARTESIAN_POINT('',(1.5,0.15,0.75));
#18698=CARTESIAN_POINT('Origin',(1.6,0.15,0.75));
#18699=CARTESIAN_POINT('',(1.5,0.,0.75));
#18700=CARTESIAN_POINT('Origin',(1.5,0.,0.85));
#18701=CARTESIAN_POINT('',(1.5,0.15,0.0999999999999985));
#18702=CARTESIAN_POINT('',(1.5,0.,0.0999999999999985));
#18703=CARTESIAN_POINT('',(1.5,0.15,1.3684555315672E-47));
#18704=CARTESIAN_POINT('Origin',(1.4,0.,0.0999999999999986));
#18705=CARTESIAN_POINT('',(1.4,0.15,6.96131004117189E-16));
#18706=CARTESIAN_POINT('Origin',(1.4,0.15,0.0999999999999986));
#18707=CARTESIAN_POINT('',(1.4,0.,-1.37043154602168E-15));
#18708=CARTESIAN_POINT('Origin',(-3.1,0.,0.));
#18709=CARTESIAN_POINT('',(-1.7,0.15,1.64523227345639E-15));
#18710=CARTESIAN_POINT('',(-1.7,0.,-4.33680868994202E-16));
#18711=CARTESIAN_POINT('',(-7.3,0.15,3.35973779226268E-15));
#18712=CARTESIAN_POINT('Origin',(-1.7,0.,0.0999999999999996));
#18713=CARTESIAN_POINT('',(-1.8,0.15,0.0999999999999995));
#18714=CARTESIAN_POINT('Origin',(-1.7,0.15,0.0999999999999996));
#18715=CARTESIAN_POINT('',(-1.8,0.,0.0999999999999995));
#18716=CARTESIAN_POINT('Origin',(-1.8,0.,-1.23259516440783E-31));
#18717=CARTESIAN_POINT('',(-1.8,0.15,0.75));
#18718=CARTESIAN_POINT('',(-1.8,0.,0.75));
#18719=CARTESIAN_POINT('',(-1.8,0.15,0.85));
#18720=CARTESIAN_POINT('Origin',(-1.9,0.,0.75));
#18721=CARTESIAN_POINT('Origin',(-1.9,0.15,0.75));
#18722=CARTESIAN_POINT('Origin',(-3.,0.,0.75));
#18723=CARTESIAN_POINT('',(-3.1,0.15,0.75));
#18724=CARTESIAN_POINT('Origin',(-3.,0.15,0.75));
#18725=CARTESIAN_POINT('',(-3.1,0.,0.75));
#18726=CARTESIAN_POINT('Origin',(-3.1,0.,0.85));
#18727=CARTESIAN_POINT('',(-3.1,0.15,0.1));
#18728=CARTESIAN_POINT('',(-3.1,0.,0.1));
#18729=CARTESIAN_POINT('',(-3.1,0.15,0.));
#18730=CARTESIAN_POINT('Origin',(-3.2,0.,0.1));
#18731=CARTESIAN_POINT('Origin',(-3.2,0.15,0.1));
#18732=CARTESIAN_POINT('Origin',(-7.15000000000001,2.18035399670615,-2.8));
#18733=CARTESIAN_POINT('',(-7.15,0.3,-5.45));
#18734=CARTESIAN_POINT('',(-7.15,0.3,-2.8));
#18735=CARTESIAN_POINT('',(-7.15000000000001,1.24017699835308,-5.45));
#18736=CARTESIAN_POINT('Origin',(-7.,0.3,-2.8));
#18737=CARTESIAN_POINT('Origin',(-7.,0.3,-5.45));
#18738=CARTESIAN_POINT('',(-7.,0.15,0.212500000000003));
#18739=CARTESIAN_POINT('Origin',(-7.14286501424363,0.157134985756371,-5.45));
#18740=CARTESIAN_POINT('',(-7.3,0.299999999999999,-5.45));
#18741=CARTESIAN_POINT('Origin',(-7.00000000000001,2.35,-5.45));
#18742=CARTESIAN_POINT('',(-7.00000000000002,4.4,-5.75));
#18743=CARTESIAN_POINT('',(-7.,0.315176998353077,-5.75));
#18744=CARTESIAN_POINT('Origin',(-7.,0.300000000000001,-5.45));
#18745=CARTESIAN_POINT('Origin',(-7.00000000000002,4.4,-5.45));
#18746=CARTESIAN_POINT('Origin',(-3.46964600329386,2.35000000000002,-5.59999999999999));
#18747=CARTESIAN_POINT('',(-7.00000000000002,4.4,-5.6));
#18748=CARTESIAN_POINT('',(-7.,0.300000000000001,-5.6));
#18749=CARTESIAN_POINT('',(-7.00000000000001,2.35,-5.6));
#18750=CARTESIAN_POINT('',(0.399999999999996,0.300000000000041,-5.59999999999997));
#18751=CARTESIAN_POINT('',(-7.6785840131754,0.299999999999997,-5.6));
#18752=CARTESIAN_POINT('',(0.399999999999974,4.40000000000004,-5.59999999999997));
#18753=CARTESIAN_POINT('',(0.399999999999974,4.40000000000004,-5.59999999999997));
#18754=CARTESIAN_POINT('',(-7.00000000000002,4.4,-5.6));
#18755=CARTESIAN_POINT('Origin',(0.399999999999976,4.40000000000004,-5.74999999999997));
#18756=CARTESIAN_POINT('',(0.399999999999998,0.300000000000041,-5.74999999999997));
#18757=CARTESIAN_POINT('',(0.399999999999998,0.300000000000041,-5.74999999999997));
#18758=CARTESIAN_POINT('',(0.399999999999976,4.40000000000004,-5.74999999999997));
#18759=CARTESIAN_POINT('',(0.399999999999976,4.40000000000004,-5.74999999999997));
#18760=CARTESIAN_POINT('',(0.399999999999976,4.40000000000004,-5.74999999999997));
#18761=CARTESIAN_POINT('Origin',(-7.00000000000002,4.4,-5.75));
#18762=CARTESIAN_POINT('',(-7.00000000000002,4.4,-5.708));
#18763=CARTESIAN_POINT('',(-7.67858401317542,4.4,-5.75000000000001));
#18764=CARTESIAN_POINT('Origin',(-7.,0.300000000000001,-5.6));
#18765=CARTESIAN_POINT('',(-7.,0.300000000000001,-5.70800000000001));
#18766=CARTESIAN_POINT('Origin',(-7.,0.300000000000001,-5.45));
#18767=CARTESIAN_POINT('Origin',(-7.00000000000002,4.4,-5.75));
#18768=CARTESIAN_POINT('Origin',(-7.00000000000002,4.4,-5.45));
#18769=CARTESIAN_POINT('Origin',(-3.46964600329386,2.35000000000002,-5.74999999999999));
#18770=CARTESIAN_POINT('',(-7.6785840131754,0.299999999999997,-5.75000000000001));
#18771=CARTESIAN_POINT('Origin',(-7.,0.300000000000001,-5.75));
#18772=CARTESIAN_POINT('Origin',(-7.00000000000001,2.35,-5.45));
#18773=CARTESIAN_POINT('Origin',(-2.45,0.15,0.425));
#18774=CARTESIAN_POINT('',(7.,0.15,-5.6375));
#18775=CARTESIAN_POINT('Origin',(7.,0.3,-5.85));
#18776=CARTESIAN_POINT('Origin',(6.99999999999999,0.3,-11.4));
#18777=CARTESIAN_POINT('Origin',(7.,0.3,-5.85));
#18778=CARTESIAN_POINT('Origin',(6.99999999999999,0.3,-11.4));
#18779=CARTESIAN_POINT('Origin',(7.14286501424362,0.157134985756372,-11.4));
#18780=CARTESIAN_POINT('',(7.15,0.3,-11.4));
#18781=CARTESIAN_POINT('Origin',(7.3,0.300000000000001,-11.4));
#18782=CARTESIAN_POINT('Origin',(-0.299999999999988,4.6,-6.39999999999999));
#18783=CARTESIAN_POINT('',(-0.299999999999988,4.6,-6.39999999999999));
#18784=CARTESIAN_POINT('',(-0.299999999999988,4.6,-7.39999999999999));
#18785=CARTESIAN_POINT('',(-0.299999999999988,4.6,-6.39999999999999));
#18786=CARTESIAN_POINT('',(-0.299999999999988,4.45,-7.39999999999999));
#18787=CARTESIAN_POINT('',(-0.299999999999988,4.6,-7.39999999999999));
#18788=CARTESIAN_POINT('',(-0.299999999999988,4.45,-6.39999999999999));
#18789=CARTESIAN_POINT('',(-0.299999999999988,4.45,-6.39999999999999));
#18790=CARTESIAN_POINT('',(-0.299999999999988,4.6,-6.39999999999999));
#18791=CARTESIAN_POINT('Origin',(0.299999999999992,4.6,-6.39999999999999));
#18792=CARTESIAN_POINT('',(0.299999999999992,4.6,-6.39999999999999));
#18793=CARTESIAN_POINT('',(0.299999999999992,4.45,-6.39999999999999));
#18794=CARTESIAN_POINT('Origin',(-0.299999999999988,4.6,-7.39999999999999));
#18795=CARTESIAN_POINT('',(-0.299999999999988,4.6,-7.39999999999999));
#18796=CARTESIAN_POINT('',(-0.299999999999988,4.45,-7.39999999999999));
#18797=CARTESIAN_POINT('Origin',(1.97758476261356E-15,4.45,-6.89999999999999));
#18798=CARTESIAN_POINT('Origin',(1.99222149194214E-15,4.6,-6.89999999999999));
#18799=CARTESIAN_POINT('',(3.9,-1.35585468084864E-30,5.74999999999998));
#18800=CARTESIAN_POINT('',(7.99999999999997,-0.95000000000017,0.499999999999995));
#18801=CARTESIAN_POINT('',(7.99999999999997,-0.950000000000172,2.04999999999999));
#18802=CARTESIAN_POINT('',(5.99999999999997,-0.950000000000087,0.499999999999995));
#18803=CARTESIAN_POINT('',(5.99999999999997,-0.950000000000089,2.04999999999999));
#18804=CARTESIAN_POINT('',(-2.575,-1.19999999999999,-1.84999999999999));
#18805=CARTESIAN_POINT('',(2.57499999999999,-1.19999999999999,-4.04999999999998));
#18806=CARTESIAN_POINT('',(-1.925,-1.19999999999999,3.29999999999998));
#18807=CARTESIAN_POINT('',(2.27499999999999,-1.20000000000001,4.74999999999998));
#18808=CARTESIAN_POINT('',(-1.825,-1.19999999999999,-4.29999999999998));
#18809=CARTESIAN_POINT('',(3.9,4.64999999999999,5.74999999999998));
#18810=UNCERTAINTY_MEASURE_WITH_UNIT(LENGTH_MEASURE(0.01),#18832,
'DISTANCE_ACCURACY_VALUE',
'Maximum model space distance between geometric entities at asserted c
onnectivities');
#18811=UNCERTAINTY_MEASURE_WITH_UNIT(LENGTH_MEASURE(0.01),#18832,
'DISTANCE_ACCURACY_VALUE',
'Maximum model space distance between geometric entities at asserted c
onnectivities');
#18812=UNCERTAINTY_MEASURE_WITH_UNIT(LENGTH_MEASURE(0.01),#18832,
'DISTANCE_ACCURACY_VALUE',
'Maximum model space distance between geometric entities at asserted c
onnectivities');
#18813=UNCERTAINTY_MEASURE_WITH_UNIT(LENGTH_MEASURE(0.01),#18832,
'DISTANCE_ACCURACY_VALUE',
'Maximum model space distance between geometric entities at asserted c
onnectivities');
#18814=UNCERTAINTY_MEASURE_WITH_UNIT(LENGTH_MEASURE(0.01),#18832,
'DISTANCE_ACCURACY_VALUE',
'Maximum model space distance between geometric entities at asserted c
onnectivities');
#18815=UNCERTAINTY_MEASURE_WITH_UNIT(LENGTH_MEASURE(0.01),#18832,
'DISTANCE_ACCURACY_VALUE',
'Maximum model space distance between geometric entities at asserted c
onnectivities');
#18816=UNCERTAINTY_MEASURE_WITH_UNIT(LENGTH_MEASURE(0.01),#18832,
'DISTANCE_ACCURACY_VALUE',
'Maximum model space distance between geometric entities at asserted c
onnectivities');
#18817=UNCERTAINTY_MEASURE_WITH_UNIT(LENGTH_MEASURE(0.01),#18832,
'DISTANCE_ACCURACY_VALUE',
'Maximum model space distance between geometric entities at asserted c
onnectivities');
#18818=UNCERTAINTY_MEASURE_WITH_UNIT(LENGTH_MEASURE(0.01),#18832,
'DISTANCE_ACCURACY_VALUE',
'Maximum model space distance between geometric entities at asserted c
onnectivities');
#18819=UNCERTAINTY_MEASURE_WITH_UNIT(LENGTH_MEASURE(0.01),#18832,
'DISTANCE_ACCURACY_VALUE',
'Maximum model space distance between geometric entities at asserted c
onnectivities');
#18820=UNCERTAINTY_MEASURE_WITH_UNIT(LENGTH_MEASURE(1.E-6),#18832,
'DISTANCE_ACCURACY_VALUE',
'Maximum model space distance between geometric entities at asserted c
onnectivities');
#18821=(
GEOMETRIC_REPRESENTATION_CONTEXT(3)
GLOBAL_UNCERTAINTY_ASSIGNED_CONTEXT((#18810))
GLOBAL_UNIT_ASSIGNED_CONTEXT((#18832,#18835,#18833))
REPRESENTATION_CONTEXT('','3D')
);
#18822=(
GEOMETRIC_REPRESENTATION_CONTEXT(3)
GLOBAL_UNCERTAINTY_ASSIGNED_CONTEXT((#18811))
GLOBAL_UNIT_ASSIGNED_CONTEXT((#18832,#18835,#18833))
REPRESENTATION_CONTEXT('','3D')
);
#18823=(
GEOMETRIC_REPRESENTATION_CONTEXT(3)
GLOBAL_UNCERTAINTY_ASSIGNED_CONTEXT((#18812))
GLOBAL_UNIT_ASSIGNED_CONTEXT((#18832,#18835,#18833))
REPRESENTATION_CONTEXT('','3D')
);
#18824=(
GEOMETRIC_REPRESENTATION_CONTEXT(3)
GLOBAL_UNCERTAINTY_ASSIGNED_CONTEXT((#18813))
GLOBAL_UNIT_ASSIGNED_CONTEXT((#18832,#18835,#18833))
REPRESENTATION_CONTEXT('','3D')
);
#18825=(
GEOMETRIC_REPRESENTATION_CONTEXT(3)
GLOBAL_UNCERTAINTY_ASSIGNED_CONTEXT((#18814))
GLOBAL_UNIT_ASSIGNED_CONTEXT((#18832,#18835,#18833))
REPRESENTATION_CONTEXT('','3D')
);
#18826=(
GEOMETRIC_REPRESENTATION_CONTEXT(3)
GLOBAL_UNCERTAINTY_ASSIGNED_CONTEXT((#18815))
GLOBAL_UNIT_ASSIGNED_CONTEXT((#18832,#18835,#18833))
REPRESENTATION_CONTEXT('','3D')
);
#18827=(
GEOMETRIC_REPRESENTATION_CONTEXT(3)
GLOBAL_UNCERTAINTY_ASSIGNED_CONTEXT((#18816))
GLOBAL_UNIT_ASSIGNED_CONTEXT((#18832,#18835,#18833))
REPRESENTATION_CONTEXT('','3D')
);
#18828=(
GEOMETRIC_REPRESENTATION_CONTEXT(3)
GLOBAL_UNCERTAINTY_ASSIGNED_CONTEXT((#18817))
GLOBAL_UNIT_ASSIGNED_CONTEXT((#18832,#18835,#18833))
REPRESENTATION_CONTEXT('','3D')
);
#18829=(
GEOMETRIC_REPRESENTATION_CONTEXT(3)
GLOBAL_UNCERTAINTY_ASSIGNED_CONTEXT((#18818))
GLOBAL_UNIT_ASSIGNED_CONTEXT((#18832,#18835,#18833))
REPRESENTATION_CONTEXT('','3D')
);
#18830=(
GEOMETRIC_REPRESENTATION_CONTEXT(3)
GLOBAL_UNCERTAINTY_ASSIGNED_CONTEXT((#18819))
GLOBAL_UNIT_ASSIGNED_CONTEXT((#18832,#18835,#18833))
REPRESENTATION_CONTEXT('','3D')
);
#18831=(
GEOMETRIC_REPRESENTATION_CONTEXT(3)
GLOBAL_UNCERTAINTY_ASSIGNED_CONTEXT((#18820))
GLOBAL_UNIT_ASSIGNED_CONTEXT((#18832,#18835,#18833))
REPRESENTATION_CONTEXT('','3D')
);
#18832=(
LENGTH_UNIT()
NAMED_UNIT(*)
SI_UNIT(.MILLI.,.METRE.)
);
#18833=(
NAMED_UNIT(*)
SI_UNIT($,.STERADIAN.)
SOLID_ANGLE_UNIT()
);
#18834=DIMENSIONAL_EXPONENTS(0.,0.,0.,0.,0.,0.,0.);
#18835=(
CONVERSION_BASED_UNIT('degree',#18837)
NAMED_UNIT(#18834)
PLANE_ANGLE_UNIT()
);
#18836=(
NAMED_UNIT(*)
PLANE_ANGLE_UNIT()
SI_UNIT($,.RADIAN.)
);
#18837=PLANE_ANGLE_MEASURE_WITH_UNIT(PLANE_ANGLE_MEASURE(0.01745329252),
#18836);
#18838=SHAPE_DEFINITION_REPRESENTATION(#18848,#18869);
#18839=SHAPE_DEFINITION_REPRESENTATION(#18849,#18870);
#18840=SHAPE_DEFINITION_REPRESENTATION(#18850,#18871);
#18841=SHAPE_DEFINITION_REPRESENTATION(#18851,#18872);
#18842=SHAPE_DEFINITION_REPRESENTATION(#18852,#18873);
#18843=SHAPE_DEFINITION_REPRESENTATION(#18853,#18874);
#18844=SHAPE_DEFINITION_REPRESENTATION(#18854,#18875);
#18845=SHAPE_DEFINITION_REPRESENTATION(#18855,#18876);
#18846=SHAPE_DEFINITION_REPRESENTATION(#18856,#18877);
#18847=SHAPE_DEFINITION_REPRESENTATION(#18857,#18878);
#18848=PRODUCT_DEFINITION_SHAPE('',$,#18880);
#18849=PRODUCT_DEFINITION_SHAPE('',$,#18881);
#18850=PRODUCT_DEFINITION_SHAPE('',$,#18882);
#18851=PRODUCT_DEFINITION_SHAPE('',$,#18883);
#18852=PRODUCT_DEFINITION_SHAPE('',$,#18884);
#18853=PRODUCT_DEFINITION_SHAPE('',$,#18885);
#18854=PRODUCT_DEFINITION_SHAPE('',$,#18886);
#18855=PRODUCT_DEFINITION_SHAPE('',$,#18887);
#18856=PRODUCT_DEFINITION_SHAPE('',$,#18888);
#18857=PRODUCT_DEFINITION_SHAPE('',$,#18889);
#18858=PRODUCT_DEFINITION_SHAPE($,$,#44);
#18859=PRODUCT_DEFINITION_SHAPE($,$,#45);
#18860=PRODUCT_DEFINITION_SHAPE($,$,#46);
#18861=PRODUCT_DEFINITION_SHAPE($,$,#47);
#18862=PRODUCT_DEFINITION_SHAPE($,$,#48);
#18863=PRODUCT_DEFINITION_SHAPE($,$,#49);
#18864=PRODUCT_DEFINITION_SHAPE($,$,#50);
#18865=PRODUCT_DEFINITION_SHAPE($,$,#51);
#18866=PRODUCT_DEFINITION_SHAPE($,$,#52);
#18867=PRODUCT_DEFINITION_SHAPE($,$,#53);
#18868=PRODUCT_DEFINITION_SHAPE($,$,#54);
#18869=SHAPE_REPRESENTATION('',(#11382,#12269,#12270,#12271,#12272,#12273,
#12274,#12275,#12276,#12277,#12278,#12279),#18821);
#18870=SHAPE_REPRESENTATION('',(#11383),#18822);
#18871=SHAPE_REPRESENTATION('',(#11604),#18823);
#18872=SHAPE_REPRESENTATION('',(#11679),#18824);
#18873=SHAPE_REPRESENTATION('',(#11754),#18825);
#18874=SHAPE_REPRESENTATION('',(#11832),#18826);
#18875=SHAPE_REPRESENTATION('',(#11881),#18827);
#18876=SHAPE_REPRESENTATION('',(#11942),#18828);
#18877=SHAPE_REPRESENTATION('',(#12003),#18829);
#18878=SHAPE_REPRESENTATION('',(#12038),#18830);
#18879=PRODUCT_DEFINITION_CONTEXT('part definition',#18911,'design');
#18880=PRODUCT_DEFINITION('Apple iPod 4th Generation Remote Combo Jack',
'Apple iPod 4th Generation Remote Combo Jack',#18890,#18879);
#18881=PRODUCT_DEFINITION('Housing','Housing',#18891,#18879);
#18882=PRODUCT_DEFINITION('Remote Top Pin','Remote Top Pin',#18892,#18879);
#18883=PRODUCT_DEFINITION('Remote Bottom Pin','Remote Bottom Pin',#18893,
#18879);
#18884=PRODUCT_DEFINITION('TRRS Tip Pin','TRRS Tip Pin',#18894,#18879);
#18885=PRODUCT_DEFINITION('TRRS Ring 1 Pin','TRRS Ring 1 Pin',#18895,#18879);
#18886=PRODUCT_DEFINITION('TRRS Ring 2 Pin','TRRS Ring 2 Pin',#18896,#18879);
#18887=PRODUCT_DEFINITION('TRRS Sleeve Pin','TRRS Sleeve Pin',#18897,#18879);
#18888=PRODUCT_DEFINITION('TRRS Switch Pin','TRRS Switch Pin',#18898,#18879);
#18889=PRODUCT_DEFINITION('Shield','Shield',#18899,#18879);
#18890=PRODUCT_DEFINITION_FORMATION('',$,#18913);
#18891=PRODUCT_DEFINITION_FORMATION('',$,#18914);
#18892=PRODUCT_DEFINITION_FORMATION('',$,#18915);
#18893=PRODUCT_DEFINITION_FORMATION('',$,#18916);
#18894=PRODUCT_DEFINITION_FORMATION('',$,#18917);
#18895=PRODUCT_DEFINITION_FORMATION('',$,#18918);
#18896=PRODUCT_DEFINITION_FORMATION('',$,#18919);
#18897=PRODUCT_DEFINITION_FORMATION('',$,#18920);
#18898=PRODUCT_DEFINITION_FORMATION('',$,#18921);
#18899=PRODUCT_DEFINITION_FORMATION('',$,#18922);
#18900=PRODUCT_RELATED_PRODUCT_CATEGORY(
'Apple iPod 4th Generation Remote Combo Jack',
'Apple iPod 4th Generation Remote Combo Jack',(#18913));
#18901=PRODUCT_RELATED_PRODUCT_CATEGORY('Housing','Housing',(#18914));
#18902=PRODUCT_RELATED_PRODUCT_CATEGORY('Remote Top Pin',
'Remote Top Pin',(#18915));
#18903=PRODUCT_RELATED_PRODUCT_CATEGORY('Remote Bottom Pin',
'Remote Bottom Pin',(#18916));
#18904=PRODUCT_RELATED_PRODUCT_CATEGORY('TRRS Tip Pin','TRRS Tip Pin',(#18917));
#18905=PRODUCT_RELATED_PRODUCT_CATEGORY('TRRS Ring 1 Pin',
'TRRS Ring 1 Pin',(#18918));
#18906=PRODUCT_RELATED_PRODUCT_CATEGORY('TRRS Ring 2 Pin',
'TRRS Ring 2 Pin',(#18919));
#18907=PRODUCT_RELATED_PRODUCT_CATEGORY('TRRS Sleeve Pin',
'TRRS Sleeve Pin',(#18920));
#18908=PRODUCT_RELATED_PRODUCT_CATEGORY('TRRS Switch Pin',
'TRRS Switch Pin',(#18921));
#18909=PRODUCT_RELATED_PRODUCT_CATEGORY('Shield','Shield',(#18922));
#18910=APPLICATION_PROTOCOL_DEFINITION('international standard',
'automotive_design',2009,#18911);
#18911=APPLICATION_CONTEXT(
'Core Data for Automotive Mechanical Design Process');
#18912=PRODUCT_CONTEXT('part definition',#18911,'mechanical');
#18913=PRODUCT('Apple iPod 4th Generation Remote Combo Jack',
'Apple iPod 4th Generation Remote Combo Jack',$,(#18912));
#18914=PRODUCT('Housing','Housing',$,(#18912));
#18915=PRODUCT('Remote Top Pin','Remote Top Pin',$,(#18912));
#18916=PRODUCT('Remote Bottom Pin','Remote Bottom Pin',$,(#18912));
#18917=PRODUCT('TRRS Tip Pin','TRRS Tip Pin',$,(#18912));
#18918=PRODUCT('TRRS Ring 1 Pin','TRRS Ring 1 Pin',$,(#18912));
#18919=PRODUCT('TRRS Ring 2 Pin','TRRS Ring 2 Pin',$,(#18912));
#18920=PRODUCT('TRRS Sleeve Pin','TRRS Sleeve Pin',$,(#18912));
#18921=PRODUCT('TRRS Switch Pin','TRRS Switch Pin',$,(#18912));
#18922=PRODUCT('Shield','Shield',$,(#18912));
ENDSEC;
END-ISO-10303-21;
