ISO-10303-21;
HEADER;
/* Generated by software containing ST-Developer
 * from STEP Tools, Inc. (www.steptools.com) 
 */

FILE_DESCRIPTION(
/* description */ (''),
/* implementation_level */ '2;1');

FILE_NAME(
/* name */ '',
/* time_stamp */ '',
/* author */ (''),
/* organization */ (''),
/* preprocessor_version */ '',
/* originating_system */ '',
/* authorisation */ '');

FILE_SCHEMA (('AUTOMOTIVE_DESIGN { 1 0 10303 214 3 1 1 }'));
ENDSEC;

DATA;
#10=MECHANICAL_DESIGN_GEOMETRIC_PRESENTATION_REPRESENTATION('',(#3098,#3096,
#3094,#3095,#3099,#3072,#3100,#3097,#3079,#3083,#3085,#3081,#3082,#3084,
#3080,#3092,#3090,#3091,#3086,#3088,#3089,#3087,#3093,#3073,#3074,#3076,
#3075,#3077,#3078,#3112,#3110,#3113,#3108,#3106,#3107,#3111,#3102,#3104,
#3109,#3101,#3103,#3105,#3114,#3126,#3122,#3123,#3117,#3115,#3121,#3120,
#3124,#3116,#3118,#3119,#3125,#3127),#5693);
#11=SHAPE_REPRESENTATION_RELATIONSHIP('SRR','None',#5702,#12);
#12=ADVANCED_BREP_SHAPE_REPRESENTATION('',(#13),#5692);
#13=MANIFOLD_SOLID_BREP('Solid1',#3297);
#14=CYLINDRICAL_SURFACE('',#3321,0.1);
#15=CIRCLE('',#3320,0.1);
#16=CIRCLE('',#3322,0.1);
#17=ELLIPSE('',#3316,1.13580694608212,0.311200387977159);
#18=ELLIPSE('',#3317,1.17232590904779,0.31616197480033);
#19=ELLIPSE('',#3347,0.2627442807473,0.109043683455381);
#20=ELLIPSE('',#3348,0.422168426498236,0.138804843139275);
#21=ELLIPSE('',#3369,0.2627442807469,0.109043683455295);
#22=ELLIPSE('',#3370,0.422168426499633,0.138804843139506);
#23=B_SPLINE_SURFACE_WITH_KNOTS('',2,1,((#4207,#4208),(#4209,#4210),(#4211,
#4212),(#4213,#4214)),.UNSPECIFIED.,.F.,.F.,.F.,(3,1,3),(2,2),(-2.,-1.,
0.),(0.,0.578550049693196),.UNSPECIFIED.);
#24=B_SPLINE_SURFACE_WITH_KNOTS('',2,1,((#4223,#4224),(#4225,#4226),(#4227,
#4228),(#4229,#4230)),.UNSPECIFIED.,.F.,.F.,.F.,(3,1,3),(2,2),(-2.,-1.,
0.),(0.,0.578550049693196),.UNSPECIFIED.);
#25=B_SPLINE_SURFACE_WITH_KNOTS('',2,1,((#4237,#4238),(#4239,#4240),(#4241,
#4242),(#4243,#4244)),.UNSPECIFIED.,.F.,.F.,.F.,(3,1,3),(2,2),(-2.,-1.,
0.),(0.,0.578550049693196),.UNSPECIFIED.);
#26=B_SPLINE_SURFACE_WITH_KNOTS('',2,1,((#4251,#4252),(#4253,#4254),(#4255,
#4256),(#4257,#4258)),.UNSPECIFIED.,.F.,.F.,.F.,(3,1,3),(2,2),(-2.,-1.,
0.),(0.,0.578550049693196),.UNSPECIFIED.);
#27=B_SPLINE_SURFACE_WITH_KNOTS('',2,1,((#4265,#4266),(#4267,#4268),(#4269,
#4270),(#4271,#4272)),.UNSPECIFIED.,.F.,.F.,.F.,(3,1,3),(2,2),(-2.,-1.,
0.),(0.,0.578550049693196),.UNSPECIFIED.);
#28=B_SPLINE_SURFACE_WITH_KNOTS('',2,1,((#4281,#4282),(#4283,#4284),(#4285,
#4286),(#4287,#4288)),.UNSPECIFIED.,.F.,.F.,.F.,(3,1,3),(2,2),(-2.,-1.,
0.),(0.,0.578550049693196),.UNSPECIFIED.);
#29=B_SPLINE_SURFACE_WITH_KNOTS('',2,1,((#4295,#4296),(#4297,#4298),(#4299,
#4300),(#4301,#4302)),.UNSPECIFIED.,.F.,.F.,.F.,(3,1,3),(2,2),(-2.,-1.,
0.),(0.,0.578550049693196),.UNSPECIFIED.);
#30=B_SPLINE_SURFACE_WITH_KNOTS('',2,1,((#4309,#4310),(#4311,#4312),(#4313,
#4314),(#4315,#4316)),.UNSPECIFIED.,.F.,.F.,.F.,(3,1,3),(2,2),(-2.,-1.,
0.),(0.,0.578550049693196),.UNSPECIFIED.);
#31=B_SPLINE_SURFACE_WITH_KNOTS('',2,1,((#4323,#4324),(#4325,#4326),(#4327,
#4328),(#4329,#4330)),.UNSPECIFIED.,.F.,.F.,.F.,(3,1,3),(2,2),(0.,1.,2.),
(0.,0.578550049693196),.UNSPECIFIED.);
#32=B_SPLINE_SURFACE_WITH_KNOTS('',2,1,((#4339,#4340),(#4341,#4342),(#4343,
#4344),(#4345,#4346)),.UNSPECIFIED.,.F.,.F.,.F.,(3,1,3),(2,2),(0.,1.,2.),
(0.,0.578550049693196),.UNSPECIFIED.);
#33=B_SPLINE_SURFACE_WITH_KNOTS('',2,1,((#4353,#4354),(#4355,#4356),(#4357,
#4358),(#4359,#4360)),.UNSPECIFIED.,.F.,.F.,.F.,(3,1,3),(2,2),(0.,1.,2.),
(0.,0.578550049693196),.UNSPECIFIED.);
#34=B_SPLINE_SURFACE_WITH_KNOTS('',2,1,((#4371,#4372),(#4373,#4374),(#4375,
#4376),(#4377,#4378)),.UNSPECIFIED.,.F.,.F.,.F.,(3,1,3),(2,2),(0.,1.,2.),
(0.,0.578550049693196),.UNSPECIFIED.);
#35=B_SPLINE_SURFACE_WITH_KNOTS('',2,1,((#4417,#4418),(#4419,#4420),(#4421,
#4422),(#4423,#4424)),.UNSPECIFIED.,.F.,.F.,.F.,(3,1,3),(2,2),(0.,1.,2.),
(0.,0.578550049693196),.UNSPECIFIED.);
#36=B_SPLINE_SURFACE_WITH_KNOTS('',2,1,((#4431,#4432),(#4433,#4434),(#4435,
#4436),(#4437,#4438)),.UNSPECIFIED.,.F.,.F.,.F.,(3,1,3),(2,2),(0.,1.,2.),
(0.,0.578550049693196),.UNSPECIFIED.);
#37=B_SPLINE_SURFACE_WITH_KNOTS('',2,1,((#4443,#4444),(#4445,#4446),(#4447,
#4448),(#4449,#4450)),.UNSPECIFIED.,.F.,.F.,.F.,(3,1,3),(2,2),(0.,1.,2.),
(0.,0.578550049693196),.UNSPECIFIED.);
#38=B_SPLINE_SURFACE_WITH_KNOTS('',2,1,((#4468,#4469),(#4470,#4471),(#4472,
#4473),(#4474,#4475)),.UNSPECIFIED.,.F.,.F.,.F.,(3,1,3),(2,2),(0.,1.,2.),
(0.,0.578550049693196),.UNSPECIFIED.);
#39=B_SPLINE_SURFACE_WITH_KNOTS('',2,1,((#4517,#4518),(#4519,#4520),(#4521,
#4522),(#4523,#4524)),.UNSPECIFIED.,.F.,.F.,.F.,(3,1,3),(2,2),(0.,1.,2.),
(0.,0.578550049693196),.UNSPECIFIED.);
#40=B_SPLINE_SURFACE_WITH_KNOTS('',2,1,((#4539,#4540),(#4541,#4542),(#4543,
#4544),(#4545,#4546)),.UNSPECIFIED.,.F.,.F.,.F.,(3,1,3),(2,2),(0.,1.,2.),
(0.,0.578550049693196),.UNSPECIFIED.);
#41=B_SPLINE_SURFACE_WITH_KNOTS('',2,1,((#4570,#4571),(#4572,#4573),(#4574,
#4575),(#4576,#4577)),.UNSPECIFIED.,.F.,.F.,.F.,(3,1,3),(2,2),(-2.,-1.,
0.),(0.,0.578550049693196),.UNSPECIFIED.);
#42=B_SPLINE_SURFACE_WITH_KNOTS('',2,1,((#4592,#4593),(#4594,#4595),(#4596,
#4597),(#4598,#4599)),.UNSPECIFIED.,.F.,.F.,.F.,(3,1,3),(2,2),(-2.,-1.,
0.),(0.,0.578550049693196),.UNSPECIFIED.);
#43=B_SPLINE_SURFACE_WITH_KNOTS('',2,1,((#4605,#4606),(#4607,#4608),(#4609,
#4610),(#4611,#4612)),.UNSPECIFIED.,.F.,.F.,.F.,(3,1,3),(2,2),(-2.,-1.,
0.),(0.,0.578550049693196),.UNSPECIFIED.);
#44=B_SPLINE_SURFACE_WITH_KNOTS('',2,1,((#4627,#4628),(#4629,#4630),(#4631,
#4632),(#4633,#4634)),.UNSPECIFIED.,.F.,.F.,.F.,(3,1,3),(2,2),(-2.,-1.,
0.),(0.,0.578550049693196),.UNSPECIFIED.);
#45=B_SPLINE_SURFACE_WITH_KNOTS('',2,1,((#4790,#4791),(#4792,#4793),(#4794,
#4795),(#4796,#4797)),.UNSPECIFIED.,.F.,.F.,.F.,(3,1,3),(2,2),(0.,1.,2.),
(0.,0.578550049693196),.UNSPECIFIED.);
#46=B_SPLINE_SURFACE_WITH_KNOTS('',2,1,((#4812,#4813),(#4814,#4815),(#4816,
#4817),(#4818,#4819)),.UNSPECIFIED.,.F.,.F.,.F.,(3,1,3),(2,2),(0.,1.,2.),
(0.,0.578550049693196),.UNSPECIFIED.);
#47=B_SPLINE_SURFACE_WITH_KNOTS('',2,1,((#4834,#4835),(#4836,#4837),(#4838,
#4839),(#4840,#4841)),.UNSPECIFIED.,.F.,.F.,.F.,(3,1,3),(2,2),(0.,1.,2.),
(0.,0.578550049693196),.UNSPECIFIED.);
#48=B_SPLINE_SURFACE_WITH_KNOTS('',2,1,((#4856,#4857),(#4858,#4859),(#4860,
#4861),(#4862,#4863)),.UNSPECIFIED.,.F.,.F.,.F.,(3,1,3),(2,2),(0.,1.,2.),
(0.,0.578550049693196),.UNSPECIFIED.);
#49=B_SPLINE_SURFACE_WITH_KNOTS('',2,1,((#4869,#4870),(#4871,#4872),(#4873,
#4874),(#4875,#4876)),.UNSPECIFIED.,.F.,.F.,.F.,(3,1,3),(2,2),(0.,1.,2.),
(0.,0.578550049693196),.UNSPECIFIED.);
#50=B_SPLINE_SURFACE_WITH_KNOTS('',2,1,((#4891,#4892),(#4893,#4894),(#4895,
#4896),(#4897,#4898)),.UNSPECIFIED.,.F.,.F.,.F.,(3,1,3),(2,2),(0.,1.,2.),
(0.,0.578550049693196),.UNSPECIFIED.);
#51=B_SPLINE_SURFACE_WITH_KNOTS('',2,1,((#4925,#4926),(#4927,#4928),(#4929,
#4930),(#4931,#4932)),.UNSPECIFIED.,.F.,.F.,.F.,(3,1,3),(2,2),(0.,1.,2.),
(0.,0.578550049693196),.UNSPECIFIED.);
#52=B_SPLINE_SURFACE_WITH_KNOTS('',2,1,((#4947,#4948),(#4949,#4950),(#4951,
#4952),(#4953,#4954)),.UNSPECIFIED.,.F.,.F.,.F.,(3,1,3),(2,2),(0.,1.,2.),
(0.,0.578550049693196),.UNSPECIFIED.);
#53=B_SPLINE_SURFACE_WITH_KNOTS('',2,1,((#4969,#4970),(#4971,#4972),(#4973,
#4974),(#4975,#4976)),.UNSPECIFIED.,.F.,.F.,.F.,(3,1,3),(2,2),(0.,1.,2.),
(0.,0.578550049693196),.UNSPECIFIED.);
#54=B_SPLINE_SURFACE_WITH_KNOTS('',2,1,((#4991,#4992),(#4993,#4994),(#4995,
#4996),(#4997,#4998)),.UNSPECIFIED.,.F.,.F.,.F.,(3,1,3),(2,2),(0.,1.,2.),
(0.,0.578550049693196),.UNSPECIFIED.);
#55=B_SPLINE_SURFACE_WITH_KNOTS('',2,1,((#5013,#5014),(#5015,#5016),(#5017,
#5018),(#5019,#5020)),.UNSPECIFIED.,.F.,.F.,.F.,(3,1,3),(2,2),(0.,1.,2.),
(0.,0.578550049693196),.UNSPECIFIED.);
#56=B_SPLINE_SURFACE_WITH_KNOTS('',2,1,((#5133,#5134),(#5135,#5136),(#5137,
#5138),(#5139,#5140)),.UNSPECIFIED.,.F.,.F.,.F.,(3,1,3),(2,2),(0.,1.,2.),
(0.,0.578550049693196),.UNSPECIFIED.);
#57=B_SPLINE_SURFACE_WITH_KNOTS('',2,1,((#5155,#5156),(#5157,#5158),(#5159,
#5160),(#5161,#5162)),.UNSPECIFIED.,.F.,.F.,.F.,(3,1,3),(2,2),(0.,1.,2.),
(0.,0.578550049693196),.UNSPECIFIED.);
#58=B_SPLINE_SURFACE_WITH_KNOTS('',2,1,((#5177,#5178),(#5179,#5180),(#5181,
#5182),(#5183,#5184)),.UNSPECIFIED.,.F.,.F.,.F.,(3,1,3),(2,2),(0.,1.,2.),
(0.,0.578550049693196),.UNSPECIFIED.);
#59=B_SPLINE_SURFACE_WITH_KNOTS('',2,1,((#5200,#5201),(#5202,#5203),(#5204,
#5205),(#5206,#5207)),.UNSPECIFIED.,.F.,.F.,.F.,(3,1,3),(2,2),(0.,1.,2.),
(0.,0.578550049693196),.UNSPECIFIED.);
#60=B_SPLINE_SURFACE_WITH_KNOTS('',2,1,((#5213,#5214),(#5215,#5216),(#5217,
#5218),(#5219,#5220)),.UNSPECIFIED.,.F.,.F.,.F.,(3,1,3),(2,2),(0.,1.,2.),
(0.,0.578550049693196),.UNSPECIFIED.);
#61=B_SPLINE_SURFACE_WITH_KNOTS('',2,1,((#5235,#5236),(#5237,#5238),(#5239,
#5240),(#5241,#5242)),.UNSPECIFIED.,.F.,.F.,.F.,(3,1,3),(2,2),(0.,1.,2.),
(0.,0.578550049693196),.UNSPECIFIED.);
#62=B_SPLINE_SURFACE_WITH_KNOTS('',2,1,((#5269,#5270),(#5271,#5272),(#5273,
#5274),(#5275,#5276)),.UNSPECIFIED.,.F.,.F.,.F.,(3,1,3),(2,2),(0.,1.,2.),
(0.,0.578550049693196),.UNSPECIFIED.);
#63=B_SPLINE_SURFACE_WITH_KNOTS('',2,1,((#5291,#5292),(#5293,#5294),(#5295,
#5296),(#5297,#5298)),.UNSPECIFIED.,.F.,.F.,.F.,(3,1,3),(2,2),(0.,1.,2.),
(0.,0.578550049693196),.UNSPECIFIED.);
#64=B_SPLINE_SURFACE_WITH_KNOTS('',2,1,((#5313,#5314),(#5315,#5316),(#5317,
#5318),(#5319,#5320)),.UNSPECIFIED.,.F.,.F.,.F.,(3,1,3),(2,2),(0.,1.,2.),
(0.,0.578550049693196),.UNSPECIFIED.);
#65=B_SPLINE_SURFACE_WITH_KNOTS('',2,1,((#5335,#5336),(#5337,#5338),(#5339,
#5340),(#5341,#5342)),.UNSPECIFIED.,.F.,.F.,.F.,(3,1,3),(2,2),(0.,1.,2.),
(0.,0.578550049693196),.UNSPECIFIED.);
#66=B_SPLINE_SURFACE_WITH_KNOTS('',2,1,((#5357,#5358),(#5359,#5360),(#5361,
#5362),(#5363,#5364)),.UNSPECIFIED.,.F.,.F.,.F.,(3,1,3),(2,2),(0.,1.,2.),
(0.,0.578550049693196),.UNSPECIFIED.);
#67=FACE_BOUND('',#251,.T.);
#68=FACE_BOUND('',#252,.T.);
#69=FACE_BOUND('',#292,.T.);
#70=FACE_BOUND('',#295,.T.);
#71=FACE_BOUND('',#369,.T.);
#72=FACE_BOUND('',#370,.T.);
#73=FACE_BOUND('',#371,.T.);
#74=FACE_BOUND('',#372,.T.);
#75=FACE_BOUND('',#373,.T.);
#76=FACE_BOUND('',#374,.T.);
#77=FACE_BOUND('',#375,.T.);
#78=FACE_BOUND('',#376,.T.);
#79=FACE_BOUND('',#431,.T.);
#80=FACE_BOUND('',#432,.T.);
#81=FACE_OUTER_BOUND('',#250,.T.);
#82=FACE_OUTER_BOUND('',#253,.T.);
#83=FACE_OUTER_BOUND('',#254,.T.);
#84=FACE_OUTER_BOUND('',#255,.T.);
#85=FACE_OUTER_BOUND('',#256,.T.);
#86=FACE_OUTER_BOUND('',#257,.T.);
#87=FACE_OUTER_BOUND('',#258,.T.);
#88=FACE_OUTER_BOUND('',#259,.T.);
#89=FACE_OUTER_BOUND('',#260,.T.);
#90=FACE_OUTER_BOUND('',#261,.T.);
#91=FACE_OUTER_BOUND('',#262,.T.);
#92=FACE_OUTER_BOUND('',#263,.T.);
#93=FACE_OUTER_BOUND('',#264,.T.);
#94=FACE_OUTER_BOUND('',#265,.T.);
#95=FACE_OUTER_BOUND('',#266,.T.);
#96=FACE_OUTER_BOUND('',#267,.T.);
#97=FACE_OUTER_BOUND('',#268,.T.);
#98=FACE_OUTER_BOUND('',#269,.T.);
#99=FACE_OUTER_BOUND('',#270,.T.);
#100=FACE_OUTER_BOUND('',#271,.T.);
#101=FACE_OUTER_BOUND('',#272,.T.);
#102=FACE_OUTER_BOUND('',#273,.T.);
#103=FACE_OUTER_BOUND('',#274,.T.);
#104=FACE_OUTER_BOUND('',#275,.T.);
#105=FACE_OUTER_BOUND('',#276,.T.);
#106=FACE_OUTER_BOUND('',#277,.T.);
#107=FACE_OUTER_BOUND('',#278,.T.);
#108=FACE_OUTER_BOUND('',#279,.T.);
#109=FACE_OUTER_BOUND('',#280,.T.);
#110=FACE_OUTER_BOUND('',#281,.T.);
#111=FACE_OUTER_BOUND('',#282,.T.);
#112=FACE_OUTER_BOUND('',#283,.T.);
#113=FACE_OUTER_BOUND('',#284,.T.);
#114=FACE_OUTER_BOUND('',#285,.T.);
#115=FACE_OUTER_BOUND('',#286,.T.);
#116=FACE_OUTER_BOUND('',#287,.T.);
#117=FACE_OUTER_BOUND('',#288,.T.);
#118=FACE_OUTER_BOUND('',#289,.T.);
#119=FACE_OUTER_BOUND('',#290,.T.);
#120=FACE_OUTER_BOUND('',#291,.T.);
#121=FACE_OUTER_BOUND('',#293,.T.);
#122=FACE_OUTER_BOUND('',#294,.T.);
#123=FACE_OUTER_BOUND('',#296,.T.);
#124=FACE_OUTER_BOUND('',#297,.T.);
#125=FACE_OUTER_BOUND('',#298,.T.);
#126=FACE_OUTER_BOUND('',#299,.T.);
#127=FACE_OUTER_BOUND('',#300,.T.);
#128=FACE_OUTER_BOUND('',#301,.T.);
#129=FACE_OUTER_BOUND('',#302,.T.);
#130=FACE_OUTER_BOUND('',#303,.T.);
#131=FACE_OUTER_BOUND('',#304,.T.);
#132=FACE_OUTER_BOUND('',#305,.T.);
#133=FACE_OUTER_BOUND('',#306,.T.);
#134=FACE_OUTER_BOUND('',#307,.T.);
#135=FACE_OUTER_BOUND('',#308,.T.);
#136=FACE_OUTER_BOUND('',#309,.T.);
#137=FACE_OUTER_BOUND('',#310,.T.);
#138=FACE_OUTER_BOUND('',#311,.T.);
#139=FACE_OUTER_BOUND('',#312,.T.);
#140=FACE_OUTER_BOUND('',#313,.T.);
#141=FACE_OUTER_BOUND('',#314,.T.);
#142=FACE_OUTER_BOUND('',#315,.T.);
#143=FACE_OUTER_BOUND('',#316,.T.);
#144=FACE_OUTER_BOUND('',#317,.T.);
#145=FACE_OUTER_BOUND('',#318,.T.);
#146=FACE_OUTER_BOUND('',#319,.T.);
#147=FACE_OUTER_BOUND('',#320,.T.);
#148=FACE_OUTER_BOUND('',#321,.T.);
#149=FACE_OUTER_BOUND('',#322,.T.);
#150=FACE_OUTER_BOUND('',#323,.T.);
#151=FACE_OUTER_BOUND('',#324,.T.);
#152=FACE_OUTER_BOUND('',#325,.T.);
#153=FACE_OUTER_BOUND('',#326,.T.);
#154=FACE_OUTER_BOUND('',#327,.T.);
#155=FACE_OUTER_BOUND('',#328,.T.);
#156=FACE_OUTER_BOUND('',#329,.T.);
#157=FACE_OUTER_BOUND('',#330,.T.);
#158=FACE_OUTER_BOUND('',#331,.T.);
#159=FACE_OUTER_BOUND('',#332,.T.);
#160=FACE_OUTER_BOUND('',#333,.T.);
#161=FACE_OUTER_BOUND('',#334,.T.);
#162=FACE_OUTER_BOUND('',#335,.T.);
#163=FACE_OUTER_BOUND('',#336,.T.);
#164=FACE_OUTER_BOUND('',#337,.T.);
#165=FACE_OUTER_BOUND('',#338,.T.);
#166=FACE_OUTER_BOUND('',#339,.T.);
#167=FACE_OUTER_BOUND('',#340,.T.);
#168=FACE_OUTER_BOUND('',#341,.T.);
#169=FACE_OUTER_BOUND('',#342,.T.);
#170=FACE_OUTER_BOUND('',#343,.T.);
#171=FACE_OUTER_BOUND('',#344,.T.);
#172=FACE_OUTER_BOUND('',#345,.T.);
#173=FACE_OUTER_BOUND('',#346,.T.);
#174=FACE_OUTER_BOUND('',#347,.T.);
#175=FACE_OUTER_BOUND('',#348,.T.);
#176=FACE_OUTER_BOUND('',#349,.T.);
#177=FACE_OUTER_BOUND('',#350,.T.);
#178=FACE_OUTER_BOUND('',#351,.T.);
#179=FACE_OUTER_BOUND('',#352,.T.);
#180=FACE_OUTER_BOUND('',#353,.T.);
#181=FACE_OUTER_BOUND('',#354,.T.);
#182=FACE_OUTER_BOUND('',#355,.T.);
#183=FACE_OUTER_BOUND('',#356,.T.);
#184=FACE_OUTER_BOUND('',#357,.T.);
#185=FACE_OUTER_BOUND('',#358,.T.);
#186=FACE_OUTER_BOUND('',#359,.T.);
#187=FACE_OUTER_BOUND('',#360,.T.);
#188=FACE_OUTER_BOUND('',#361,.T.);
#189=FACE_OUTER_BOUND('',#362,.T.);
#190=FACE_OUTER_BOUND('',#363,.T.);
#191=FACE_OUTER_BOUND('',#364,.T.);
#192=FACE_OUTER_BOUND('',#365,.T.);
#193=FACE_OUTER_BOUND('',#366,.T.);
#194=FACE_OUTER_BOUND('',#367,.T.);
#195=FACE_OUTER_BOUND('',#368,.T.);
#196=FACE_OUTER_BOUND('',#377,.T.);
#197=FACE_OUTER_BOUND('',#378,.T.);
#198=FACE_OUTER_BOUND('',#379,.T.);
#199=FACE_OUTER_BOUND('',#380,.T.);
#200=FACE_OUTER_BOUND('',#381,.T.);
#201=FACE_OUTER_BOUND('',#382,.T.);
#202=FACE_OUTER_BOUND('',#383,.T.);
#203=FACE_OUTER_BOUND('',#384,.T.);
#204=FACE_OUTER_BOUND('',#385,.T.);
#205=FACE_OUTER_BOUND('',#386,.T.);
#206=FACE_OUTER_BOUND('',#387,.T.);
#207=FACE_OUTER_BOUND('',#388,.T.);
#208=FACE_OUTER_BOUND('',#389,.T.);
#209=FACE_OUTER_BOUND('',#390,.T.);
#210=FACE_OUTER_BOUND('',#391,.T.);
#211=FACE_OUTER_BOUND('',#392,.T.);
#212=FACE_OUTER_BOUND('',#393,.T.);
#213=FACE_OUTER_BOUND('',#394,.T.);
#214=FACE_OUTER_BOUND('',#395,.T.);
#215=FACE_OUTER_BOUND('',#396,.T.);
#216=FACE_OUTER_BOUND('',#397,.T.);
#217=FACE_OUTER_BOUND('',#398,.T.);
#218=FACE_OUTER_BOUND('',#399,.T.);
#219=FACE_OUTER_BOUND('',#400,.T.);
#220=FACE_OUTER_BOUND('',#401,.T.);
#221=FACE_OUTER_BOUND('',#402,.T.);
#222=FACE_OUTER_BOUND('',#403,.T.);
#223=FACE_OUTER_BOUND('',#404,.T.);
#224=FACE_OUTER_BOUND('',#405,.T.);
#225=FACE_OUTER_BOUND('',#406,.T.);
#226=FACE_OUTER_BOUND('',#407,.T.);
#227=FACE_OUTER_BOUND('',#408,.T.);
#228=FACE_OUTER_BOUND('',#409,.T.);
#229=FACE_OUTER_BOUND('',#410,.T.);
#230=FACE_OUTER_BOUND('',#411,.T.);
#231=FACE_OUTER_BOUND('',#412,.T.);
#232=FACE_OUTER_BOUND('',#413,.T.);
#233=FACE_OUTER_BOUND('',#414,.T.);
#234=FACE_OUTER_BOUND('',#415,.T.);
#235=FACE_OUTER_BOUND('',#416,.T.);
#236=FACE_OUTER_BOUND('',#417,.T.);
#237=FACE_OUTER_BOUND('',#418,.T.);
#238=FACE_OUTER_BOUND('',#419,.T.);
#239=FACE_OUTER_BOUND('',#420,.T.);
#240=FACE_OUTER_BOUND('',#421,.T.);
#241=FACE_OUTER_BOUND('',#422,.T.);
#242=FACE_OUTER_BOUND('',#423,.T.);
#243=FACE_OUTER_BOUND('',#424,.T.);
#244=FACE_OUTER_BOUND('',#425,.T.);
#245=FACE_OUTER_BOUND('',#426,.T.);
#246=FACE_OUTER_BOUND('',#427,.T.);
#247=FACE_OUTER_BOUND('',#428,.T.);
#248=FACE_OUTER_BOUND('',#429,.T.);
#249=FACE_OUTER_BOUND('',#430,.T.);
#250=EDGE_LOOP('',(#2026,#2027,#2028,#2029,#2030,#2031,#2032,#2033,#2034,
#2035));
#251=EDGE_LOOP('',(#2036,#2037,#2038,#2039,#2040,#2041,#2042));
#252=EDGE_LOOP('',(#2043,#2044,#2045,#2046,#2047,#2048,#2049));
#253=EDGE_LOOP('',(#2050,#2051,#2052,#2053));
#254=EDGE_LOOP('',(#2054,#2055,#2056,#2057));
#255=EDGE_LOOP('',(#2058,#2059,#2060,#2061));
#256=EDGE_LOOP('',(#2062,#2063,#2064,#2065));
#257=EDGE_LOOP('',(#2066,#2067,#2068,#2069));
#258=EDGE_LOOP('',(#2070,#2071,#2072,#2073));
#259=EDGE_LOOP('',(#2074,#2075,#2076,#2077));
#260=EDGE_LOOP('',(#2078,#2079,#2080,#2081));
#261=EDGE_LOOP('',(#2082,#2083,#2084,#2085));
#262=EDGE_LOOP('',(#2086,#2087,#2088,#2089));
#263=EDGE_LOOP('',(#2090,#2091,#2092,#2093));
#264=EDGE_LOOP('',(#2094,#2095,#2096,#2097));
#265=EDGE_LOOP('',(#2098,#2099,#2100,#2101));
#266=EDGE_LOOP('',(#2102,#2103,#2104,#2105));
#267=EDGE_LOOP('',(#2106,#2107,#2108,#2109));
#268=EDGE_LOOP('',(#2110,#2111,#2112,#2113));
#269=EDGE_LOOP('',(#2114,#2115,#2116,#2117));
#270=EDGE_LOOP('',(#2118,#2119,#2120,#2121));
#271=EDGE_LOOP('',(#2122,#2123,#2124,#2125));
#272=EDGE_LOOP('',(#2126,#2127,#2128,#2129));
#273=EDGE_LOOP('',(#2130,#2131,#2132,#2133));
#274=EDGE_LOOP('',(#2134,#2135,#2136,#2137));
#275=EDGE_LOOP('',(#2138,#2139,#2140,#2141));
#276=EDGE_LOOP('',(#2142,#2143,#2144,#2145));
#277=EDGE_LOOP('',(#2146,#2147,#2148,#2149));
#278=EDGE_LOOP('',(#2150,#2151,#2152,#2153));
#279=EDGE_LOOP('',(#2154,#2155,#2156,#2157));
#280=EDGE_LOOP('',(#2158,#2159,#2160,#2161));
#281=EDGE_LOOP('',(#2162,#2163,#2164,#2165));
#282=EDGE_LOOP('',(#2166,#2167,#2168,#2169));
#283=EDGE_LOOP('',(#2170,#2171,#2172,#2173));
#284=EDGE_LOOP('',(#2174,#2175,#2176,#2177));
#285=EDGE_LOOP('',(#2178,#2179,#2180,#2181));
#286=EDGE_LOOP('',(#2182,#2183,#2184,#2185));
#287=EDGE_LOOP('',(#2186,#2187,#2188,#2189));
#288=EDGE_LOOP('',(#2190,#2191,#2192,#2193));
#289=EDGE_LOOP('',(#2194,#2195,#2196,#2197));
#290=EDGE_LOOP('',(#2198,#2199,#2200,#2201));
#291=EDGE_LOOP('',(#2202,#2203,#2204,#2205,#2206,#2207,#2208));
#292=EDGE_LOOP('',(#2209,#2210,#2211,#2212,#2213,#2214,#2215));
#293=EDGE_LOOP('',(#2216));
#294=EDGE_LOOP('',(#2217));
#295=EDGE_LOOP('',(#2218));
#296=EDGE_LOOP('',(#2219,#2220,#2221,#2222));
#297=EDGE_LOOP('',(#2223,#2224,#2225,#2226));
#298=EDGE_LOOP('',(#2227,#2228,#2229,#2230));
#299=EDGE_LOOP('',(#2231,#2232,#2233,#2234));
#300=EDGE_LOOP('',(#2235,#2236,#2237,#2238));
#301=EDGE_LOOP('',(#2239,#2240,#2241,#2242));
#302=EDGE_LOOP('',(#2243,#2244,#2245,#2246));
#303=EDGE_LOOP('',(#2247,#2248,#2249,#2250));
#304=EDGE_LOOP('',(#2251,#2252,#2253,#2254));
#305=EDGE_LOOP('',(#2255,#2256,#2257,#2258));
#306=EDGE_LOOP('',(#2259,#2260,#2261,#2262,#2263,#2264,#2265,#2266,#2267,
#2268));
#307=EDGE_LOOP('',(#2269,#2270,#2271,#2272,#2273,#2274,#2275,#2276,#2277,
#2278));
#308=EDGE_LOOP('',(#2279,#2280,#2281,#2282));
#309=EDGE_LOOP('',(#2283,#2284,#2285,#2286));
#310=EDGE_LOOP('',(#2287,#2288,#2289,#2290));
#311=EDGE_LOOP('',(#2291,#2292,#2293,#2294));
#312=EDGE_LOOP('',(#2295,#2296,#2297,#2298));
#313=EDGE_LOOP('',(#2299,#2300,#2301,#2302));
#314=EDGE_LOOP('',(#2303,#2304,#2305,#2306));
#315=EDGE_LOOP('',(#2307,#2308,#2309,#2310));
#316=EDGE_LOOP('',(#2311,#2312,#2313,#2314));
#317=EDGE_LOOP('',(#2315,#2316,#2317,#2318));
#318=EDGE_LOOP('',(#2319,#2320,#2321,#2322));
#319=EDGE_LOOP('',(#2323,#2324,#2325,#2326));
#320=EDGE_LOOP('',(#2327,#2328,#2329,#2330));
#321=EDGE_LOOP('',(#2331,#2332,#2333,#2334));
#322=EDGE_LOOP('',(#2335,#2336,#2337,#2338));
#323=EDGE_LOOP('',(#2339,#2340,#2341,#2342));
#324=EDGE_LOOP('',(#2343,#2344,#2345,#2346));
#325=EDGE_LOOP('',(#2347,#2348,#2349,#2350));
#326=EDGE_LOOP('',(#2351,#2352,#2353,#2354));
#327=EDGE_LOOP('',(#2355,#2356,#2357,#2358));
#328=EDGE_LOOP('',(#2359,#2360,#2361,#2362));
#329=EDGE_LOOP('',(#2363,#2364,#2365,#2366));
#330=EDGE_LOOP('',(#2367,#2368,#2369,#2370));
#331=EDGE_LOOP('',(#2371,#2372,#2373,#2374));
#332=EDGE_LOOP('',(#2375,#2376,#2377,#2378));
#333=EDGE_LOOP('',(#2379,#2380,#2381,#2382));
#334=EDGE_LOOP('',(#2383,#2384,#2385,#2386));
#335=EDGE_LOOP('',(#2387,#2388,#2389,#2390,#2391,#2392,#2393,#2394,#2395,
#2396,#2397,#2398,#2399,#2400,#2401,#2402,#2403));
#336=EDGE_LOOP('',(#2404,#2405,#2406,#2407,#2408,#2409,#2410,#2411,#2412,
#2413,#2414,#2415));
#337=EDGE_LOOP('',(#2416,#2417,#2418,#2419));
#338=EDGE_LOOP('',(#2420,#2421,#2422,#2423));
#339=EDGE_LOOP('',(#2424,#2425,#2426,#2427));
#340=EDGE_LOOP('',(#2428,#2429,#2430,#2431));
#341=EDGE_LOOP('',(#2432,#2433,#2434,#2435));
#342=EDGE_LOOP('',(#2436,#2437,#2438,#2439));
#343=EDGE_LOOP('',(#2440,#2441,#2442,#2443));
#344=EDGE_LOOP('',(#2444,#2445,#2446,#2447));
#345=EDGE_LOOP('',(#2448,#2449,#2450,#2451));
#346=EDGE_LOOP('',(#2452,#2453,#2454,#2455));
#347=EDGE_LOOP('',(#2456,#2457,#2458,#2459));
#348=EDGE_LOOP('',(#2460,#2461,#2462,#2463));
#349=EDGE_LOOP('',(#2464,#2465,#2466,#2467));
#350=EDGE_LOOP('',(#2468,#2469,#2470,#2471));
#351=EDGE_LOOP('',(#2472,#2473,#2474,#2475));
#352=EDGE_LOOP('',(#2476,#2477,#2478,#2479));
#353=EDGE_LOOP('',(#2480,#2481,#2482,#2483));
#354=EDGE_LOOP('',(#2484,#2485,#2486,#2487));
#355=EDGE_LOOP('',(#2488,#2489,#2490,#2491));
#356=EDGE_LOOP('',(#2492,#2493,#2494,#2495));
#357=EDGE_LOOP('',(#2496,#2497,#2498,#2499));
#358=EDGE_LOOP('',(#2500,#2501,#2502,#2503));
#359=EDGE_LOOP('',(#2504,#2505,#2506,#2507));
#360=EDGE_LOOP('',(#2508,#2509,#2510,#2511));
#361=EDGE_LOOP('',(#2512,#2513,#2514,#2515));
#362=EDGE_LOOP('',(#2516,#2517,#2518,#2519));
#363=EDGE_LOOP('',(#2520,#2521,#2522,#2523));
#364=EDGE_LOOP('',(#2524,#2525,#2526,#2527));
#365=EDGE_LOOP('',(#2528,#2529,#2530,#2531));
#366=EDGE_LOOP('',(#2532,#2533,#2534,#2535,#2536,#2537,#2538,#2539,#2540,
#2541,#2542,#2543,#2544,#2545,#2546,#2547,#2548));
#367=EDGE_LOOP('',(#2549,#2550,#2551,#2552,#2553,#2554,#2555));
#368=EDGE_LOOP('',(#2556,#2557,#2558,#2559));
#369=EDGE_LOOP('',(#2560,#2561,#2562,#2563,#2564,#2565,#2566,#2567,#2568,
#2569));
#370=EDGE_LOOP('',(#2570,#2571,#2572,#2573,#2574,#2575,#2576));
#371=EDGE_LOOP('',(#2577));
#372=EDGE_LOOP('',(#2578,#2579,#2580,#2581,#2582,#2583,#2584,#2585,#2586,
#2587));
#373=EDGE_LOOP('',(#2588,#2589,#2590,#2591,#2592,#2593,#2594,#2595,#2596,
#2597));
#374=EDGE_LOOP('',(#2598,#2599,#2600,#2601,#2602,#2603,#2604,#2605,#2606,
#2607,#2608,#2609,#2610,#2611,#2612,#2613,#2614));
#375=EDGE_LOOP('',(#2615,#2616,#2617,#2618,#2619,#2620,#2621,#2622,#2623,
#2624,#2625,#2626));
#376=EDGE_LOOP('',(#2627,#2628,#2629,#2630,#2631,#2632,#2633,#2634,#2635,
#2636,#2637,#2638,#2639,#2640,#2641,#2642,#2643));
#377=EDGE_LOOP('',(#2644,#2645,#2646,#2647,#2648,#2649,#2650));
#378=EDGE_LOOP('',(#2651,#2652,#2653,#2654));
#379=EDGE_LOOP('',(#2655,#2656,#2657,#2658));
#380=EDGE_LOOP('',(#2659,#2660,#2661,#2662));
#381=EDGE_LOOP('',(#2663,#2664,#2665,#2666));
#382=EDGE_LOOP('',(#2667,#2668,#2669,#2670));
#383=EDGE_LOOP('',(#2671,#2672,#2673,#2674));
#384=EDGE_LOOP('',(#2675,#2676,#2677,#2678,#2679,#2680,#2681,#2682,#2683,
#2684,#2685,#2686,#2687,#2688,#2689,#2690));
#385=EDGE_LOOP('',(#2691,#2692,#2693,#2694,#2695,#2696,#2697,#2698,#2699,
#2700,#2701,#2702,#2703,#2704,#2705,#2706));
#386=EDGE_LOOP('',(#2707,#2708,#2709,#2710));
#387=EDGE_LOOP('',(#2711,#2712,#2713,#2714));
#388=EDGE_LOOP('',(#2715,#2716,#2717,#2718));
#389=EDGE_LOOP('',(#2719,#2720,#2721,#2722));
#390=EDGE_LOOP('',(#2723,#2724,#2725,#2726));
#391=EDGE_LOOP('',(#2727,#2728,#2729,#2730,#2731));
#392=EDGE_LOOP('',(#2732,#2733,#2734,#2735,#2736,#2737));
#393=EDGE_LOOP('',(#2738,#2739,#2740,#2741));
#394=EDGE_LOOP('',(#2742,#2743,#2744,#2745,#2746,#2747));
#395=EDGE_LOOP('',(#2748,#2749,#2750,#2751));
#396=EDGE_LOOP('',(#2752,#2753,#2754,#2755));
#397=EDGE_LOOP('',(#2756,#2757,#2758,#2759,#2760,#2761));
#398=EDGE_LOOP('',(#2762,#2763,#2764,#2765));
#399=EDGE_LOOP('',(#2766,#2767,#2768,#2769,#2770,#2771));
#400=EDGE_LOOP('',(#2772,#2773,#2774,#2775));
#401=EDGE_LOOP('',(#2776,#2777,#2778,#2779));
#402=EDGE_LOOP('',(#2780,#2781,#2782,#2783,#2784,#2785));
#403=EDGE_LOOP('',(#2786,#2787,#2788,#2789));
#404=EDGE_LOOP('',(#2790,#2791,#2792,#2793,#2794,#2795));
#405=EDGE_LOOP('',(#2796,#2797,#2798,#2799));
#406=EDGE_LOOP('',(#2800,#2801,#2802,#2803));
#407=EDGE_LOOP('',(#2804,#2805,#2806,#2807,#2808,#2809));
#408=EDGE_LOOP('',(#2810,#2811,#2812,#2813));
#409=EDGE_LOOP('',(#2814,#2815,#2816,#2817,#2818,#2819));
#410=EDGE_LOOP('',(#2820,#2821,#2822,#2823));
#411=EDGE_LOOP('',(#2824,#2825,#2826,#2827));
#412=EDGE_LOOP('',(#2828,#2829,#2830,#2831,#2832,#2833));
#413=EDGE_LOOP('',(#2834,#2835,#2836,#2837));
#414=EDGE_LOOP('',(#2838,#2839,#2840,#2841,#2842,#2843));
#415=EDGE_LOOP('',(#2844,#2845,#2846,#2847));
#416=EDGE_LOOP('',(#2848,#2849,#2850,#2851));
#417=EDGE_LOOP('',(#2852,#2853,#2854,#2855,#2856,#2857));
#418=EDGE_LOOP('',(#2858,#2859,#2860,#2861));
#419=EDGE_LOOP('',(#2862,#2863,#2864,#2865,#2866,#2867));
#420=EDGE_LOOP('',(#2868,#2869,#2870,#2871));
#421=EDGE_LOOP('',(#2872,#2873,#2874,#2875));
#422=EDGE_LOOP('',(#2876,#2877,#2878,#2879));
#423=EDGE_LOOP('',(#2880,#2881,#2882,#2883));
#424=EDGE_LOOP('',(#2884,#2885,#2886,#2887));
#425=EDGE_LOOP('',(#2888,#2889,#2890,#2891));
#426=EDGE_LOOP('',(#2892,#2893,#2894,#2895));
#427=EDGE_LOOP('',(#2896,#2897,#2898,#2899));
#428=EDGE_LOOP('',(#2900,#2901,#2902,#2903));
#429=EDGE_LOOP('',(#2904,#2905,#2906,#2907,#2908,#2909,#2910));
#430=EDGE_LOOP('',(#2911,#2912,#2913,#2914,#2915,#2916,#2917,#2918,#2919,
#2920,#2921,#2922,#2923,#2924,#2925,#2926,#2927,#2928,#2929,#2930,#2931,
#2932,#2933,#2934,#2935,#2936,#2937,#2938));
#431=EDGE_LOOP('',(#2939,#2940,#2941,#2942,#2943));
#432=EDGE_LOOP('',(#2944,#2945,#2946,#2947));
#433=LINE('',#4083,#804);
#434=LINE('',#4109,#805);
#435=LINE('',#4111,#806);
#436=LINE('',#4113,#807);
#437=LINE('',#4163,#808);
#438=LINE('',#4165,#809);
#439=LINE('',#4166,#810);
#440=LINE('',#4203,#811);
#441=LINE('',#4205,#812);
#442=LINE('',#4206,#813);
#443=LINE('',#4221,#814);
#444=LINE('',#4222,#815);
#445=LINE('',#4236,#816);
#446=LINE('',#4250,#817);
#447=LINE('',#4264,#818);
#448=LINE('',#4279,#819);
#449=LINE('',#4280,#820);
#450=LINE('',#4294,#821);
#451=LINE('',#4308,#822);
#452=LINE('',#4322,#823);
#453=LINE('',#4337,#824);
#454=LINE('',#4338,#825);
#455=LINE('',#4352,#826);
#456=LINE('',#4366,#827);
#457=LINE('',#4369,#828);
#458=LINE('',#4370,#829);
#459=LINE('',#4384,#830);
#460=LINE('',#4387,#831);
#461=LINE('',#4388,#832);
#462=LINE('',#4391,#833);
#463=LINE('',#4392,#834);
#464=LINE('',#4394,#835);
#465=LINE('',#4397,#836);
#466=LINE('',#4398,#837);
#467=LINE('',#4401,#838);
#468=LINE('',#4402,#839);
#469=LINE('',#4404,#840);
#470=LINE('',#4407,#841);
#471=LINE('',#4408,#842);
#472=LINE('',#4411,#843);
#473=LINE('',#4412,#844);
#474=LINE('',#4415,#845);
#475=LINE('',#4416,#846);
#476=LINE('',#4430,#847);
#477=LINE('',#4458,#848);
#478=LINE('',#4467,#849);
#479=LINE('',#4489,#850);
#480=LINE('',#4492,#851);
#481=LINE('',#4494,#852);
#482=LINE('',#4495,#853);
#483=LINE('',#4499,#854);
#484=LINE('',#4501,#855);
#485=LINE('',#4503,#856);
#486=LINE('',#4504,#857);
#487=LINE('',#4507,#858);
#488=LINE('',#4509,#859);
#489=LINE('',#4510,#860);
#490=LINE('',#4513,#861);
#491=LINE('',#4515,#862);
#492=LINE('',#4516,#863);
#493=LINE('',#4531,#864);
#494=LINE('',#4553,#865);
#495=LINE('',#4563,#866);
#496=LINE('',#4565,#867);
#497=LINE('',#4566,#868);
#498=LINE('',#4568,#869);
#499=LINE('',#4569,#870);
#500=LINE('',#4584,#871);
#501=LINE('',#4603,#872);
#502=LINE('',#4619,#873);
#503=LINE('',#4656,#874);
#504=LINE('',#4658,#875);
#505=LINE('',#4660,#876);
#506=LINE('',#4661,#877);
#507=LINE('',#4664,#878);
#508=LINE('',#4666,#879);
#509=LINE('',#4667,#880);
#510=LINE('',#4670,#881);
#511=LINE('',#4672,#882);
#512=LINE('',#4673,#883);
#513=LINE('',#4676,#884);
#514=LINE('',#4678,#885);
#515=LINE('',#4679,#886);
#516=LINE('',#4682,#887);
#517=LINE('',#4684,#888);
#518=LINE('',#4685,#889);
#519=LINE('',#4688,#890);
#520=LINE('',#4690,#891);
#521=LINE('',#4691,#892);
#522=LINE('',#4694,#893);
#523=LINE('',#4696,#894);
#524=LINE('',#4697,#895);
#525=LINE('',#4700,#896);
#526=LINE('',#4702,#897);
#527=LINE('',#4703,#898);
#528=LINE('',#4706,#899);
#529=LINE('',#4708,#900);
#530=LINE('',#4709,#901);
#531=LINE('',#4711,#902);
#532=LINE('',#4712,#903);
#533=LINE('',#4717,#904);
#534=LINE('',#4719,#905);
#535=LINE('',#4721,#906);
#536=LINE('',#4723,#907);
#537=LINE('',#4725,#908);
#538=LINE('',#4727,#909);
#539=LINE('',#4729,#910);
#540=LINE('',#4731,#911);
#541=LINE('',#4733,#912);
#542=LINE('',#4734,#913);
#543=LINE('',#4738,#914);
#544=LINE('',#4739,#915);
#545=LINE('',#4740,#916);
#546=LINE('',#4743,#917);
#547=LINE('',#4744,#918);
#548=LINE('',#4747,#919);
#549=LINE('',#4748,#920);
#550=LINE('',#4751,#921);
#551=LINE('',#4752,#922);
#552=LINE('',#4755,#923);
#553=LINE('',#4756,#924);
#554=LINE('',#4759,#925);
#555=LINE('',#4760,#926);
#556=LINE('',#4763,#927);
#557=LINE('',#4764,#928);
#558=LINE('',#4767,#929);
#559=LINE('',#4768,#930);
#560=LINE('',#4771,#931);
#561=LINE('',#4772,#932);
#562=LINE('',#4774,#933);
#563=LINE('',#4778,#934);
#564=LINE('',#4780,#935);
#565=LINE('',#4782,#936);
#566=LINE('',#4783,#937);
#567=LINE('',#4786,#938);
#568=LINE('',#4788,#939);
#569=LINE('',#4789,#940);
#570=LINE('',#4811,#941);
#571=LINE('',#4833,#942);
#572=LINE('',#4855,#943);
#573=LINE('',#4868,#944);
#574=LINE('',#4890,#945);
#575=LINE('',#4912,#946);
#576=LINE('',#4915,#947);
#577=LINE('',#4917,#948);
#578=LINE('',#4918,#949);
#579=LINE('',#4921,#950);
#580=LINE('',#4923,#951);
#581=LINE('',#4924,#952);
#582=LINE('',#4939,#953);
#583=LINE('',#4961,#954);
#584=LINE('',#4983,#955);
#585=LINE('',#5005,#956);
#586=LINE('',#5027,#957);
#587=LINE('',#5037,#958);
#588=LINE('',#5039,#959);
#589=LINE('',#5040,#960);
#590=LINE('',#5042,#961);
#591=LINE('',#5043,#962);
#592=LINE('',#5048,#963);
#593=LINE('',#5050,#964);
#594=LINE('',#5052,#965);
#595=LINE('',#5054,#966);
#596=LINE('',#5056,#967);
#597=LINE('',#5058,#968);
#598=LINE('',#5060,#969);
#599=LINE('',#5062,#970);
#600=LINE('',#5064,#971);
#601=LINE('',#5066,#972);
#602=LINE('',#5068,#973);
#603=LINE('',#5069,#974);
#604=LINE('',#5073,#975);
#605=LINE('',#5074,#976);
#606=LINE('',#5075,#977);
#607=LINE('',#5078,#978);
#608=LINE('',#5079,#979);
#609=LINE('',#5082,#980);
#610=LINE('',#5083,#981);
#611=LINE('',#5086,#982);
#612=LINE('',#5087,#983);
#613=LINE('',#5090,#984);
#614=LINE('',#5091,#985);
#615=LINE('',#5094,#986);
#616=LINE('',#5095,#987);
#617=LINE('',#5098,#988);
#618=LINE('',#5099,#989);
#619=LINE('',#5102,#990);
#620=LINE('',#5103,#991);
#621=LINE('',#5106,#992);
#622=LINE('',#5107,#993);
#623=LINE('',#5110,#994);
#624=LINE('',#5111,#995);
#625=LINE('',#5114,#996);
#626=LINE('',#5115,#997);
#627=LINE('',#5117,#998);
#628=LINE('',#5121,#999);
#629=LINE('',#5123,#1000);
#630=LINE('',#5125,#1001);
#631=LINE('',#5126,#1002);
#632=LINE('',#5129,#1003);
#633=LINE('',#5131,#1004);
#634=LINE('',#5132,#1005);
#635=LINE('',#5154,#1006);
#636=LINE('',#5176,#1007);
#637=LINE('',#5199,#1008);
#638=LINE('',#5212,#1009);
#639=LINE('',#5234,#1010);
#640=LINE('',#5256,#1011);
#641=LINE('',#5259,#1012);
#642=LINE('',#5261,#1013);
#643=LINE('',#5262,#1014);
#644=LINE('',#5265,#1015);
#645=LINE('',#5267,#1016);
#646=LINE('',#5268,#1017);
#647=LINE('',#5283,#1018);
#648=LINE('',#5305,#1019);
#649=LINE('',#5327,#1020);
#650=LINE('',#5349,#1021);
#651=LINE('',#5371,#1022);
#652=LINE('',#5381,#1023);
#653=LINE('',#5383,#1024);
#654=LINE('',#5384,#1025);
#655=LINE('',#5386,#1026);
#656=LINE('',#5387,#1027);
#657=LINE('',#5393,#1028);
#658=LINE('',#5395,#1029);
#659=LINE('',#5397,#1030);
#660=LINE('',#5398,#1031);
#661=LINE('',#5403,#1032);
#662=LINE('',#5405,#1033);
#663=LINE('',#5407,#1034);
#664=LINE('',#5408,#1035);
#665=LINE('',#5412,#1036);
#666=LINE('',#5414,#1037);
#667=LINE('',#5416,#1038);
#668=LINE('',#5417,#1039);
#669=LINE('',#5421,#1040);
#670=LINE('',#5423,#1041);
#671=LINE('',#5425,#1042);
#672=LINE('',#5426,#1043);
#673=LINE('',#5430,#1044);
#674=LINE('',#5432,#1045);
#675=LINE('',#5434,#1046);
#676=LINE('',#5435,#1047);
#677=LINE('',#5439,#1048);
#678=LINE('',#5441,#1049);
#679=LINE('',#5443,#1050);
#680=LINE('',#5444,#1051);
#681=LINE('',#5448,#1052);
#682=LINE('',#5450,#1053);
#683=LINE('',#5452,#1054);
#684=LINE('',#5453,#1055);
#685=LINE('',#5456,#1056);
#686=LINE('',#5458,#1057);
#687=LINE('',#5460,#1058);
#688=LINE('',#5461,#1059);
#689=LINE('',#5463,#1060);
#690=LINE('',#5465,#1061);
#691=LINE('',#5466,#1062);
#692=LINE('',#5468,#1063);
#693=LINE('',#5470,#1064);
#694=LINE('',#5471,#1065);
#695=LINE('',#5473,#1066);
#696=LINE('',#5474,#1067);
#697=LINE('',#5477,#1068);
#698=LINE('',#5479,#1069);
#699=LINE('',#5481,#1070);
#700=LINE('',#5482,#1071);
#701=LINE('',#5484,#1072);
#702=LINE('',#5486,#1073);
#703=LINE('',#5487,#1074);
#704=LINE('',#5489,#1075);
#705=LINE('',#5491,#1076);
#706=LINE('',#5492,#1077);
#707=LINE('',#5494,#1078);
#708=LINE('',#5495,#1079);
#709=LINE('',#5499,#1080);
#710=LINE('',#5501,#1081);
#711=LINE('',#5503,#1082);
#712=LINE('',#5504,#1083);
#713=LINE('',#5507,#1084);
#714=LINE('',#5509,#1085);
#715=LINE('',#5510,#1086);
#716=LINE('',#5513,#1087);
#717=LINE('',#5515,#1088);
#718=LINE('',#5516,#1089);
#719=LINE('',#5519,#1090);
#720=LINE('',#5521,#1091);
#721=LINE('',#5522,#1092);
#722=LINE('',#5524,#1093);
#723=LINE('',#5525,#1094);
#724=LINE('',#5529,#1095);
#725=LINE('',#5531,#1096);
#726=LINE('',#5533,#1097);
#727=LINE('',#5534,#1098);
#728=LINE('',#5537,#1099);
#729=LINE('',#5538,#1100);
#730=LINE('',#5541,#1101);
#731=LINE('',#5543,#1102);
#732=LINE('',#5544,#1103);
#733=LINE('',#5546,#1104);
#734=LINE('',#5547,#1105);
#735=LINE('',#5551,#1106);
#736=LINE('',#5553,#1107);
#737=LINE('',#5555,#1108);
#738=LINE('',#5556,#1109);
#739=LINE('',#5559,#1110);
#740=LINE('',#5560,#1111);
#741=LINE('',#5563,#1112);
#742=LINE('',#5565,#1113);
#743=LINE('',#5566,#1114);
#744=LINE('',#5568,#1115);
#745=LINE('',#5569,#1116);
#746=LINE('',#5573,#1117);
#747=LINE('',#5575,#1118);
#748=LINE('',#5577,#1119);
#749=LINE('',#5578,#1120);
#750=LINE('',#5581,#1121);
#751=LINE('',#5583,#1122);
#752=LINE('',#5584,#1123);
#753=LINE('',#5586,#1124);
#754=LINE('',#5588,#1125);
#755=LINE('',#5589,#1126);
#756=LINE('',#5591,#1127);
#757=LINE('',#5595,#1128);
#758=LINE('',#5597,#1129);
#759=LINE('',#5599,#1130);
#760=LINE('',#5600,#1131);
#761=LINE('',#5603,#1132);
#762=LINE('',#5605,#1133);
#763=LINE('',#5606,#1134);
#764=LINE('',#5608,#1135);
#765=LINE('',#5610,#1136);
#766=LINE('',#5611,#1137);
#767=LINE('',#5613,#1138);
#768=LINE('',#5617,#1139);
#769=LINE('',#5619,#1140);
#770=LINE('',#5621,#1141);
#771=LINE('',#5622,#1142);
#772=LINE('',#5625,#1143);
#773=LINE('',#5627,#1144);
#774=LINE('',#5628,#1145);
#775=LINE('',#5630,#1146);
#776=LINE('',#5632,#1147);
#777=LINE('',#5633,#1148);
#778=LINE('',#5635,#1149);
#779=LINE('',#5639,#1150);
#780=LINE('',#5641,#1151);
#781=LINE('',#5643,#1152);
#782=LINE('',#5644,#1153);
#783=LINE('',#5647,#1154);
#784=LINE('',#5648,#1155);
#785=LINE('',#5651,#1156);
#786=LINE('',#5653,#1157);
#787=LINE('',#5654,#1158);
#788=LINE('',#5656,#1159);
#789=LINE('',#5657,#1160);
#790=LINE('',#5662,#1161);
#791=LINE('',#5664,#1162);
#792=LINE('',#5666,#1163);
#793=LINE('',#5667,#1164);
#794=LINE('',#5670,#1165);
#795=LINE('',#5672,#1166);
#796=LINE('',#5673,#1167);
#797=LINE('',#5676,#1168);
#798=LINE('',#5678,#1169);
#799=LINE('',#5679,#1170);
#800=LINE('',#5681,#1171);
#801=LINE('',#5682,#1172);
#802=LINE('',#5685,#1173);
#803=LINE('',#5687,#1174);
#804=VECTOR('',#3436,10.);
#805=VECTOR('',#3437,10.);
#806=VECTOR('',#3438,10.);
#807=VECTOR('',#3439,10.);
#808=VECTOR('',#3440,10.);
#809=VECTOR('',#3441,10.);
#810=VECTOR('',#3442,10.);
#811=VECTOR('',#3443,10.);
#812=VECTOR('',#3444,10.);
#813=VECTOR('',#3445,10.);
#814=VECTOR('',#3446,10.);
#815=VECTOR('',#3447,10.);
#816=VECTOR('',#3448,10.);
#817=VECTOR('',#3449,10.);
#818=VECTOR('',#3450,10.);
#819=VECTOR('',#3451,10.);
#820=VECTOR('',#3452,10.);
#821=VECTOR('',#3453,10.);
#822=VECTOR('',#3454,10.);
#823=VECTOR('',#3455,10.);
#824=VECTOR('',#3456,10.);
#825=VECTOR('',#3457,10.);
#826=VECTOR('',#3458,10.);
#827=VECTOR('',#3459,10.);
#828=VECTOR('',#3462,10.);
#829=VECTOR('',#3463,10.);
#830=VECTOR('',#3464,10.);
#831=VECTOR('',#3467,10.);
#832=VECTOR('',#3468,10.);
#833=VECTOR('',#3471,10.);
#834=VECTOR('',#3472,10.);
#835=VECTOR('',#3475,10.);
#836=VECTOR('',#3478,10.);
#837=VECTOR('',#3479,10.);
#838=VECTOR('',#3482,10.);
#839=VECTOR('',#3483,10.);
#840=VECTOR('',#3486,10.);
#841=VECTOR('',#3489,10.);
#842=VECTOR('',#3490,10.);
#843=VECTOR('',#3493,10.);
#844=VECTOR('',#3494,10.);
#845=VECTOR('',#3497,10.);
#846=VECTOR('',#3498,10.);
#847=VECTOR('',#3499,10.);
#848=VECTOR('',#3500,10.);
#849=VECTOR('',#3501,10.);
#850=VECTOR('',#3502,10.);
#851=VECTOR('',#3505,10.);
#852=VECTOR('',#3506,10.);
#853=VECTOR('',#3507,10.);
#854=VECTOR('',#3510,10.);
#855=VECTOR('',#3511,10.);
#856=VECTOR('',#3512,10.);
#857=VECTOR('',#3513,10.);
#858=VECTOR('',#3516,10.);
#859=VECTOR('',#3517,10.);
#860=VECTOR('',#3518,10.);
#861=VECTOR('',#3521,10.);
#862=VECTOR('',#3522,10.);
#863=VECTOR('',#3523,10.);
#864=VECTOR('',#3524,10.);
#865=VECTOR('',#3525,10.);
#866=VECTOR('',#3528,10.);
#867=VECTOR('',#3529,10.);
#868=VECTOR('',#3530,10.);
#869=VECTOR('',#3533,10.);
#870=VECTOR('',#3534,10.);
#871=VECTOR('',#3535,10.);
#872=VECTOR('',#3538,10.);
#873=VECTOR('',#3541,10.);
#874=VECTOR('',#3554,10.);
#875=VECTOR('',#3555,10.);
#876=VECTOR('',#3556,10.);
#877=VECTOR('',#3557,10.);
#878=VECTOR('',#3560,10.);
#879=VECTOR('',#3561,10.);
#880=VECTOR('',#3562,10.);
#881=VECTOR('',#3565,10.);
#882=VECTOR('',#3566,10.);
#883=VECTOR('',#3567,10.);
#884=VECTOR('',#3570,10.);
#885=VECTOR('',#3571,10.);
#886=VECTOR('',#3572,10.);
#887=VECTOR('',#3575,10.);
#888=VECTOR('',#3576,10.);
#889=VECTOR('',#3577,10.);
#890=VECTOR('',#3580,10.);
#891=VECTOR('',#3581,10.);
#892=VECTOR('',#3582,10.);
#893=VECTOR('',#3585,10.);
#894=VECTOR('',#3586,10.);
#895=VECTOR('',#3587,10.);
#896=VECTOR('',#3590,10.);
#897=VECTOR('',#3591,10.);
#898=VECTOR('',#3592,10.);
#899=VECTOR('',#3595,10.);
#900=VECTOR('',#3596,10.);
#901=VECTOR('',#3597,10.);
#902=VECTOR('',#3600,10.);
#903=VECTOR('',#3601,10.);
#904=VECTOR('',#3606,10.);
#905=VECTOR('',#3607,10.);
#906=VECTOR('',#3608,10.);
#907=VECTOR('',#3609,10.);
#908=VECTOR('',#3610,10.);
#909=VECTOR('',#3611,10.);
#910=VECTOR('',#3612,10.);
#911=VECTOR('',#3613,10.);
#912=VECTOR('',#3614,10.);
#913=VECTOR('',#3615,10.);
#914=VECTOR('',#3618,10.);
#915=VECTOR('',#3619,10.);
#916=VECTOR('',#3620,10.);
#917=VECTOR('',#3623,10.);
#918=VECTOR('',#3624,10.);
#919=VECTOR('',#3627,10.);
#920=VECTOR('',#3628,10.);
#921=VECTOR('',#3631,10.);
#922=VECTOR('',#3632,10.);
#923=VECTOR('',#3635,10.);
#924=VECTOR('',#3636,10.);
#925=VECTOR('',#3639,10.);
#926=VECTOR('',#3640,10.);
#927=VECTOR('',#3643,10.);
#928=VECTOR('',#3644,10.);
#929=VECTOR('',#3647,10.);
#930=VECTOR('',#3648,10.);
#931=VECTOR('',#3651,10.);
#932=VECTOR('',#3652,10.);
#933=VECTOR('',#3655,10.);
#934=VECTOR('',#3658,10.);
#935=VECTOR('',#3659,10.);
#936=VECTOR('',#3660,10.);
#937=VECTOR('',#3661,10.);
#938=VECTOR('',#3664,10.);
#939=VECTOR('',#3665,10.);
#940=VECTOR('',#3666,10.);
#941=VECTOR('',#3667,10.);
#942=VECTOR('',#3668,10.);
#943=VECTOR('',#3669,10.);
#944=VECTOR('',#3674,10.);
#945=VECTOR('',#3675,10.);
#946=VECTOR('',#3676,10.);
#947=VECTOR('',#3679,10.);
#948=VECTOR('',#3680,10.);
#949=VECTOR('',#3681,10.);
#950=VECTOR('',#3684,10.);
#951=VECTOR('',#3685,10.);
#952=VECTOR('',#3686,10.);
#953=VECTOR('',#3687,10.);
#954=VECTOR('',#3688,10.);
#955=VECTOR('',#3689,10.);
#956=VECTOR('',#3690,10.);
#957=VECTOR('',#3691,10.);
#958=VECTOR('',#3694,10.);
#959=VECTOR('',#3695,10.);
#960=VECTOR('',#3696,10.);
#961=VECTOR('',#3699,10.);
#962=VECTOR('',#3700,10.);
#963=VECTOR('',#3705,10.);
#964=VECTOR('',#3706,10.);
#965=VECTOR('',#3707,10.);
#966=VECTOR('',#3708,10.);
#967=VECTOR('',#3709,10.);
#968=VECTOR('',#3710,10.);
#969=VECTOR('',#3711,10.);
#970=VECTOR('',#3712,10.);
#971=VECTOR('',#3713,10.);
#972=VECTOR('',#3714,10.);
#973=VECTOR('',#3715,10.);
#974=VECTOR('',#3716,10.);
#975=VECTOR('',#3719,10.);
#976=VECTOR('',#3720,10.);
#977=VECTOR('',#3721,10.);
#978=VECTOR('',#3724,10.);
#979=VECTOR('',#3725,10.);
#980=VECTOR('',#3728,10.);
#981=VECTOR('',#3729,10.);
#982=VECTOR('',#3732,10.);
#983=VECTOR('',#3733,10.);
#984=VECTOR('',#3736,10.);
#985=VECTOR('',#3737,10.);
#986=VECTOR('',#3740,10.);
#987=VECTOR('',#3741,10.);
#988=VECTOR('',#3744,10.);
#989=VECTOR('',#3745,10.);
#990=VECTOR('',#3748,10.);
#991=VECTOR('',#3749,10.);
#992=VECTOR('',#3752,10.);
#993=VECTOR('',#3753,10.);
#994=VECTOR('',#3756,10.);
#995=VECTOR('',#3757,10.);
#996=VECTOR('',#3760,10.);
#997=VECTOR('',#3761,10.);
#998=VECTOR('',#3764,10.);
#999=VECTOR('',#3767,10.);
#1000=VECTOR('',#3768,10.);
#1001=VECTOR('',#3769,10.);
#1002=VECTOR('',#3770,10.);
#1003=VECTOR('',#3773,10.);
#1004=VECTOR('',#3774,10.);
#1005=VECTOR('',#3775,10.);
#1006=VECTOR('',#3776,10.);
#1007=VECTOR('',#3777,10.);
#1008=VECTOR('',#3778,10.);
#1009=VECTOR('',#3783,10.);
#1010=VECTOR('',#3784,10.);
#1011=VECTOR('',#3785,10.);
#1012=VECTOR('',#3788,10.);
#1013=VECTOR('',#3789,10.);
#1014=VECTOR('',#3790,10.);
#1015=VECTOR('',#3793,10.);
#1016=VECTOR('',#3794,10.);
#1017=VECTOR('',#3795,10.);
#1018=VECTOR('',#3796,10.);
#1019=VECTOR('',#3797,10.);
#1020=VECTOR('',#3798,10.);
#1021=VECTOR('',#3799,10.);
#1022=VECTOR('',#3800,10.);
#1023=VECTOR('',#3803,10.);
#1024=VECTOR('',#3804,10.);
#1025=VECTOR('',#3805,10.);
#1026=VECTOR('',#3808,10.);
#1027=VECTOR('',#3809,10.);
#1028=VECTOR('',#3816,10.);
#1029=VECTOR('',#3817,10.);
#1030=VECTOR('',#3818,10.);
#1031=VECTOR('',#3819,10.);
#1032=VECTOR('',#3824,10.);
#1033=VECTOR('',#3825,10.);
#1034=VECTOR('',#3826,10.);
#1035=VECTOR('',#3827,10.);
#1036=VECTOR('',#3830,10.);
#1037=VECTOR('',#3831,10.);
#1038=VECTOR('',#3832,10.);
#1039=VECTOR('',#3833,10.);
#1040=VECTOR('',#3836,10.);
#1041=VECTOR('',#3837,10.);
#1042=VECTOR('',#3838,10.);
#1043=VECTOR('',#3839,10.);
#1044=VECTOR('',#3842,10.);
#1045=VECTOR('',#3843,10.);
#1046=VECTOR('',#3844,10.);
#1047=VECTOR('',#3845,10.);
#1048=VECTOR('',#3848,10.);
#1049=VECTOR('',#3849,10.);
#1050=VECTOR('',#3850,10.);
#1051=VECTOR('',#3851,10.);
#1052=VECTOR('',#3854,10.);
#1053=VECTOR('',#3855,10.);
#1054=VECTOR('',#3856,10.);
#1055=VECTOR('',#3857,10.);
#1056=VECTOR('',#3860,10.);
#1057=VECTOR('',#3861,10.);
#1058=VECTOR('',#3862,10.);
#1059=VECTOR('',#3863,10.);
#1060=VECTOR('',#3864,10.);
#1061=VECTOR('',#3865,10.);
#1062=VECTOR('',#3866,10.);
#1063=VECTOR('',#3867,10.);
#1064=VECTOR('',#3868,10.);
#1065=VECTOR('',#3869,10.);
#1066=VECTOR('',#3870,10.);
#1067=VECTOR('',#3871,10.);
#1068=VECTOR('',#3874,10.);
#1069=VECTOR('',#3875,10.);
#1070=VECTOR('',#3876,10.);
#1071=VECTOR('',#3877,10.);
#1072=VECTOR('',#3878,10.);
#1073=VECTOR('',#3879,10.);
#1074=VECTOR('',#3880,10.);
#1075=VECTOR('',#3881,10.);
#1076=VECTOR('',#3882,10.);
#1077=VECTOR('',#3883,10.);
#1078=VECTOR('',#3884,10.);
#1079=VECTOR('',#3885,10.);
#1080=VECTOR('',#3888,10.);
#1081=VECTOR('',#3889,10.);
#1082=VECTOR('',#3890,10.);
#1083=VECTOR('',#3891,10.);
#1084=VECTOR('',#3894,10.);
#1085=VECTOR('',#3895,10.);
#1086=VECTOR('',#3896,10.);
#1087=VECTOR('',#3899,10.);
#1088=VECTOR('',#3900,10.);
#1089=VECTOR('',#3901,10.);
#1090=VECTOR('',#3904,10.);
#1091=VECTOR('',#3905,10.);
#1092=VECTOR('',#3906,10.);
#1093=VECTOR('',#3909,10.);
#1094=VECTOR('',#3910,10.);
#1095=VECTOR('',#3915,10.);
#1096=VECTOR('',#3916,10.);
#1097=VECTOR('',#3917,10.);
#1098=VECTOR('',#3918,10.);
#1099=VECTOR('',#3921,10.);
#1100=VECTOR('',#3922,10.);
#1101=VECTOR('',#3925,10.);
#1102=VECTOR('',#3926,10.);
#1103=VECTOR('',#3927,10.);
#1104=VECTOR('',#3930,10.);
#1105=VECTOR('',#3931,10.);
#1106=VECTOR('',#3936,10.);
#1107=VECTOR('',#3937,10.);
#1108=VECTOR('',#3938,10.);
#1109=VECTOR('',#3939,10.);
#1110=VECTOR('',#3942,10.);
#1111=VECTOR('',#3943,10.);
#1112=VECTOR('',#3946,10.);
#1113=VECTOR('',#3947,10.);
#1114=VECTOR('',#3948,10.);
#1115=VECTOR('',#3951,10.);
#1116=VECTOR('',#3952,10.);
#1117=VECTOR('',#3957,10.);
#1118=VECTOR('',#3958,10.);
#1119=VECTOR('',#3959,10.);
#1120=VECTOR('',#3960,10.);
#1121=VECTOR('',#3963,10.);
#1122=VECTOR('',#3964,10.);
#1123=VECTOR('',#3965,10.);
#1124=VECTOR('',#3968,10.);
#1125=VECTOR('',#3969,10.);
#1126=VECTOR('',#3970,10.);
#1127=VECTOR('',#3973,10.);
#1128=VECTOR('',#3978,10.);
#1129=VECTOR('',#3979,10.);
#1130=VECTOR('',#3980,10.);
#1131=VECTOR('',#3981,10.);
#1132=VECTOR('',#3984,10.);
#1133=VECTOR('',#3985,10.);
#1134=VECTOR('',#3986,10.);
#1135=VECTOR('',#3989,10.);
#1136=VECTOR('',#3990,10.);
#1137=VECTOR('',#3991,10.);
#1138=VECTOR('',#3994,10.);
#1139=VECTOR('',#3999,10.);
#1140=VECTOR('',#4000,10.);
#1141=VECTOR('',#4001,10.);
#1142=VECTOR('',#4002,10.);
#1143=VECTOR('',#4005,10.);
#1144=VECTOR('',#4006,10.);
#1145=VECTOR('',#4007,10.);
#1146=VECTOR('',#4010,10.);
#1147=VECTOR('',#4011,10.);
#1148=VECTOR('',#4012,10.);
#1149=VECTOR('',#4015,10.);
#1150=VECTOR('',#4020,10.);
#1151=VECTOR('',#4021,10.);
#1152=VECTOR('',#4022,10.);
#1153=VECTOR('',#4023,10.);
#1154=VECTOR('',#4026,10.);
#1155=VECTOR('',#4027,10.);
#1156=VECTOR('',#4030,10.);
#1157=VECTOR('',#4031,10.);
#1158=VECTOR('',#4032,10.);
#1159=VECTOR('',#4035,10.);
#1160=VECTOR('',#4036,10.);
#1161=VECTOR('',#4041,10.);
#1162=VECTOR('',#4042,10.);
#1163=VECTOR('',#4043,10.);
#1164=VECTOR('',#4044,10.);
#1165=VECTOR('',#4047,10.);
#1166=VECTOR('',#4048,10.);
#1167=VECTOR('',#4049,10.);
#1168=VECTOR('',#4052,10.);
#1169=VECTOR('',#4053,10.);
#1170=VECTOR('',#4054,10.);
#1171=VECTOR('',#4057,10.);
#1172=VECTOR('',#4058,10.);
#1173=VECTOR('',#4063,10.);
#1174=VECTOR('',#4066,10.);
#1175=B_SPLINE_CURVE_WITH_KNOTS('',3,(#4075,#4076,#4077,#4078,#4079,#4080,
#4081),.UNSPECIFIED.,.F.,.F.,(4,3,4),(-0.0148452815307483,-0.00742264076537415,
0.),.UNSPECIFIED.);
#1176=B_SPLINE_CURVE_WITH_KNOTS('',3,(#4085,#4086,#4087,#4088,#4089,#4090,
#4091),.UNSPECIFIED.,.F.,.F.,(4,3,4),(-0.00689788349317841,-0.0034489417465892,
0.),.UNSPECIFIED.);
#1177=B_SPLINE_CURVE_WITH_KNOTS('',3,(#4093,#4094,#4095,#4096,#4097,#4098,
#4099),.UNSPECIFIED.,.F.,.F.,(4,3,4),(-0.00874749022128628,-0.00437374511064314,
0.),.UNSPECIFIED.);
#1178=B_SPLINE_CURVE_WITH_KNOTS('',3,(#4101,#4102,#4103,#4104,#4105,#4106,
#4107),.UNSPECIFIED.,.F.,.F.,(4,3,4),(-0.0163457656263923,-0.00817288281319614,
0.),.UNSPECIFIED.);
#1179=B_SPLINE_CURVE_WITH_KNOTS('',3,(#4115,#4116,#4117,#4118,#4119,#4120,
#4121),.UNSPECIFIED.,.F.,.F.,(4,3,4),(-0.0209863700264778,-0.0104931850132389,
0.),.UNSPECIFIED.);
#1180=B_SPLINE_CURVE_WITH_KNOTS('',3,(#4122,#4123,#4124,#4125,#4126,#4127,
#4128),.UNSPECIFIED.,.F.,.F.,(4,3,4),(-0.00924387264605525,-0.00462193632302762,
0.),.UNSPECIFIED.);
#1181=B_SPLINE_CURVE_WITH_KNOTS('',3,(#4131,#4132,#4133,#4134,#4135,#4136,
#4137),.UNSPECIFIED.,.F.,.F.,(4,3,4),(-0.00467932678896298,-0.00233966339448149,
0.),.UNSPECIFIED.);
#1182=B_SPLINE_CURVE_WITH_KNOTS('',3,(#4139,#4140,#4141,#4142,#4143,#4144,
#4145),.UNSPECIFIED.,.F.,.F.,(4,3,4),(-0.00540790375610294,-0.00270395187805147,
0.),.UNSPECIFIED.);
#1183=B_SPLINE_CURVE_WITH_KNOTS('',3,(#4147,#4148,#4149,#4150,#4151,#4152,
#4153),.UNSPECIFIED.,.F.,.F.,(4,3,4),(-0.00352359453960361,-0.00176179726980181,
0.),.UNSPECIFIED.);
#1184=B_SPLINE_CURVE_WITH_KNOTS('',3,(#4155,#4156,#4157,#4158,#4159,#4160,
#4161),.UNSPECIFIED.,.F.,.F.,(4,3,4),(-0.00704771358589388,-0.00352385679294694,
0.),.UNSPECIFIED.);
#1185=B_SPLINE_CURVE_WITH_KNOTS('',3,(#4169,#4170,#4171,#4172,#4173,#4174,
#4175,#4176),.UNSPECIFIED.,.F.,.F.,(4,2,2,4),(-0.00379518478378247,-0.00344374503093981,
-0.00292923697468201,0.),.UNSPECIFIED.);
#1186=B_SPLINE_CURVE_WITH_KNOTS('',3,(#4178,#4179,#4180,#4181,#4182,#4183,
#4184,#4185),.UNSPECIFIED.,.F.,.F.,(4,2,2,4),(-0.00226728195683494,-0.00171461669805291,
-0.00114146823641311,0.),.UNSPECIFIED.);
#1187=B_SPLINE_CURVE_WITH_KNOTS('',3,(#4187,#4188,#4189,#4190,#4191,#4192,
#4193),.UNSPECIFIED.,.F.,.F.,(4,3,4),(-0.00357253752637726,-0.00178626876318863,
0.),.UNSPECIFIED.);
#1188=B_SPLINE_CURVE_WITH_KNOTS('',3,(#4195,#4196,#4197,#4198,#4199,#4200,
#4201),.UNSPECIFIED.,.F.,.F.,(4,3,4),(-0.00406531704827021,-0.0020326585241351,
0.),.UNSPECIFIED.);
#1189=B_SPLINE_CURVE_WITH_KNOTS('',2,(#4217,#4218,#4219,#4220),
 .UNSPECIFIED.,.F.,.F.,(3,1,3),(0.,1.,2.),.UNSPECIFIED.);
#1190=B_SPLINE_CURVE_WITH_KNOTS('',2,(#4232,#4233,#4234,#4235),
 .UNSPECIFIED.,.F.,.F.,(3,1,3),(0.,1.,2.),.UNSPECIFIED.);
#1191=B_SPLINE_CURVE_WITH_KNOTS('',2,(#4246,#4247,#4248,#4249),
 .UNSPECIFIED.,.F.,.F.,(3,1,3),(0.,1.,2.),.UNSPECIFIED.);
#1192=B_SPLINE_CURVE_WITH_KNOTS('',2,(#4260,#4261,#4262,#4263),
 .UNSPECIFIED.,.F.,.F.,(3,1,3),(0.,1.,2.),.UNSPECIFIED.);
#1193=B_SPLINE_CURVE_WITH_KNOTS('',2,(#4275,#4276,#4277,#4278),
 .UNSPECIFIED.,.F.,.F.,(3,1,3),(0.,1.,2.),.UNSPECIFIED.);
#1194=B_SPLINE_CURVE_WITH_KNOTS('',2,(#4290,#4291,#4292,#4293),
 .UNSPECIFIED.,.F.,.F.,(3,1,3),(0.,1.,2.),.UNSPECIFIED.);
#1195=B_SPLINE_CURVE_WITH_KNOTS('',2,(#4304,#4305,#4306,#4307),
 .UNSPECIFIED.,.F.,.F.,(3,1,3),(0.,1.,2.),.UNSPECIFIED.);
#1196=B_SPLINE_CURVE_WITH_KNOTS('',2,(#4318,#4319,#4320,#4321),
 .UNSPECIFIED.,.F.,.F.,(3,1,3),(0.,1.,2.),.UNSPECIFIED.);
#1197=B_SPLINE_CURVE_WITH_KNOTS('',2,(#4333,#4334,#4335,#4336),
 .UNSPECIFIED.,.F.,.F.,(3,1,3),(0.,1.,2.),.UNSPECIFIED.);
#1198=B_SPLINE_CURVE_WITH_KNOTS('',2,(#4348,#4349,#4350,#4351),
 .UNSPECIFIED.,.F.,.F.,(3,1,3),(0.,1.,2.),.UNSPECIFIED.);
#1199=B_SPLINE_CURVE_WITH_KNOTS('',2,(#4362,#4363,#4364,#4365),
 .UNSPECIFIED.,.F.,.F.,(3,1,3),(0.,1.,2.),.UNSPECIFIED.);
#1200=B_SPLINE_CURVE_WITH_KNOTS('',2,(#4380,#4381,#4382,#4383),
 .UNSPECIFIED.,.F.,.F.,(3,1,3),(0.,1.,2.),.UNSPECIFIED.);
#1201=B_SPLINE_CURVE_WITH_KNOTS('',2,(#4426,#4427,#4428,#4429),
 .UNSPECIFIED.,.F.,.F.,(3,1,3),(0.,1.,2.),.UNSPECIFIED.);
#1202=B_SPLINE_CURVE_WITH_KNOTS('',2,(#4439,#4440,#4441,#4442),
 .UNSPECIFIED.,.F.,.F.,(3,1,3),(0.,1.,2.),.UNSPECIFIED.);
#1203=B_SPLINE_CURVE_WITH_KNOTS('',2,(#4453,#4454,#4455,#4456),
 .UNSPECIFIED.,.F.,.F.,(3,1,3),(0.,1.,2.),.UNSPECIFIED.);
#1204=B_SPLINE_CURVE_WITH_KNOTS('',3,(#4460,#4461,#4462,#4463,#4464,#4465,
#4466),.UNSPECIFIED.,.F.,.F.,(4,3,4),(-0.0112896250989053,-0.00564481254945265,
0.),.UNSPECIFIED.);
#1205=B_SPLINE_CURVE_WITH_KNOTS('',2,(#4477,#4478,#4479,#4480),
 .UNSPECIFIED.,.F.,.F.,(3,1,3),(0.,1.,2.),.UNSPECIFIED.);
#1206=B_SPLINE_CURVE_WITH_KNOTS('',3,(#4482,#4483,#4484,#4485,#4486,#4487,
#4488),.UNSPECIFIED.,.F.,.F.,(4,3,4),(-0.0286478929046376,-0.0143239464523188,
0.),.UNSPECIFIED.);
#1207=B_SPLINE_CURVE_WITH_KNOTS('',2,(#4526,#4527,#4528,#4529),
 .UNSPECIFIED.,.F.,.F.,(3,1,3),(0.,1.,2.),.UNSPECIFIED.);
#1208=B_SPLINE_CURVE_WITH_KNOTS('',3,(#4532,#4533,#4534,#4535,#4536,#4537,
#4538),.UNSPECIFIED.,.F.,.F.,(4,3,4),(-0.0162743509889102,-0.00813717549445508,
0.),.UNSPECIFIED.);
#1209=B_SPLINE_CURVE_WITH_KNOTS('',2,(#4548,#4549,#4550,#4551),
 .UNSPECIFIED.,.F.,.F.,(3,1,3),(0.,1.,2.),.UNSPECIFIED.);
#1210=B_SPLINE_CURVE_WITH_KNOTS('',3,(#4554,#4555,#4556,#4557,#4558,#4559,
#4560),.UNSPECIFIED.,.F.,.F.,(4,3,4),(-0.00683811150954939,-0.0034190557547747,
0.),.UNSPECIFIED.);
#1211=B_SPLINE_CURVE_WITH_KNOTS('',2,(#4579,#4580,#4581,#4582),
 .UNSPECIFIED.,.F.,.F.,(3,1,3),(0.,1.,2.),.UNSPECIFIED.);
#1212=B_SPLINE_CURVE_WITH_KNOTS('',3,(#4585,#4586,#4587,#4588,#4589,#4590,
#4591),.UNSPECIFIED.,.F.,.F.,(4,3,4),(-0.00699648062078023,-0.00349824031039011,
0.),.UNSPECIFIED.);
#1213=B_SPLINE_CURVE_WITH_KNOTS('',2,(#4614,#4615,#4616,#4617),
 .UNSPECIFIED.,.F.,.F.,(3,1,3),(0.,1.,2.),.UNSPECIFIED.);
#1214=B_SPLINE_CURVE_WITH_KNOTS('',3,(#4620,#4621,#4622,#4623,#4624,#4625,
#4626),.UNSPECIFIED.,.F.,.F.,(4,3,4),(-0.00895214925981908,-0.00447607462990954,
0.),.UNSPECIFIED.);
#1215=B_SPLINE_CURVE_WITH_KNOTS('',2,(#4635,#4636,#4637,#4638),
 .UNSPECIFIED.,.F.,.F.,(3,1,3),(0.,1.,2.),.UNSPECIFIED.);
#1216=B_SPLINE_CURVE_WITH_KNOTS('',3,(#4639,#4640,#4641,#4642,#4643,#4644,
#4645),.UNSPECIFIED.,.F.,.F.,(4,3,4),(-0.00612250679444481,-0.00306125339722241,
0.),.UNSPECIFIED.);
#1217=B_SPLINE_CURVE_WITH_KNOTS('',2,(#4799,#4800,#4801,#4802),
 .UNSPECIFIED.,.F.,.F.,(3,1,3),(0.,1.,2.),.UNSPECIFIED.);
#1218=B_SPLINE_CURVE_WITH_KNOTS('',3,(#4804,#4805,#4806,#4807,#4808,#4809,
#4810),.UNSPECIFIED.,.F.,.F.,(4,3,4),(-0.0199956652198226,-0.0099978326099113,
0.),.UNSPECIFIED.);
#1219=B_SPLINE_CURVE_WITH_KNOTS('',2,(#4821,#4822,#4823,#4824),
 .UNSPECIFIED.,.F.,.F.,(3,1,3),(0.,1.,2.),.UNSPECIFIED.);
#1220=B_SPLINE_CURVE_WITH_KNOTS('',3,(#4826,#4827,#4828,#4829,#4830,#4831,
#4832),.UNSPECIFIED.,.F.,.F.,(4,3,4),(-0.00747362721801894,-0.00373681360900947,
0.),.UNSPECIFIED.);
#1221=B_SPLINE_CURVE_WITH_KNOTS('',2,(#4843,#4844,#4845,#4846),
 .UNSPECIFIED.,.F.,.F.,(3,1,3),(0.,1.,2.),.UNSPECIFIED.);
#1222=B_SPLINE_CURVE_WITH_KNOTS('',3,(#4848,#4849,#4850,#4851,#4852,#4853,
#4854),.UNSPECIFIED.,.F.,.F.,(4,3,4),(-0.00343695459163148,-0.00171847729581574,
0.),.UNSPECIFIED.);
#1223=B_SPLINE_CURVE_WITH_KNOTS('',2,(#4878,#4879,#4880,#4881),
 .UNSPECIFIED.,.F.,.F.,(3,1,3),(0.,1.,2.),.UNSPECIFIED.);
#1224=B_SPLINE_CURVE_WITH_KNOTS('',3,(#4883,#4884,#4885,#4886,#4887,#4888,
#4889),.UNSPECIFIED.,.F.,.F.,(4,3,4),(-0.0100945793935964,-0.00504728969679818,
0.),.UNSPECIFIED.);
#1225=B_SPLINE_CURVE_WITH_KNOTS('',2,(#4900,#4901,#4902,#4903),
 .UNSPECIFIED.,.F.,.F.,(3,1,3),(0.,1.,2.),.UNSPECIFIED.);
#1226=B_SPLINE_CURVE_WITH_KNOTS('',3,(#4905,#4906,#4907,#4908,#4909,#4910,
#4911),.UNSPECIFIED.,.F.,.F.,(4,3,4),(-0.00336470200033789,-0.00168235100016894,
0.),.UNSPECIFIED.);
#1227=B_SPLINE_CURVE_WITH_KNOTS('',2,(#4934,#4935,#4936,#4937),
 .UNSPECIFIED.,.F.,.F.,(3,1,3),(0.,1.,2.),.UNSPECIFIED.);
#1228=B_SPLINE_CURVE_WITH_KNOTS('',3,(#4940,#4941,#4942,#4943,#4944,#4945,
#4946),.UNSPECIFIED.,.F.,.F.,(4,3,4),(-0.0194368565796235,-0.00971842828981174,
0.),.UNSPECIFIED.);
#1229=B_SPLINE_CURVE_WITH_KNOTS('',2,(#4956,#4957,#4958,#4959),
 .UNSPECIFIED.,.F.,.F.,(3,1,3),(0.,1.,2.),.UNSPECIFIED.);
#1230=B_SPLINE_CURVE_WITH_KNOTS('',3,(#4962,#4963,#4964,#4965,#4966,#4967,
#4968),.UNSPECIFIED.,.F.,.F.,(4,3,4),(-0.00652535346086165,-0.00326267673043082,
0.),.UNSPECIFIED.);
#1231=B_SPLINE_CURVE_WITH_KNOTS('',2,(#4978,#4979,#4980,#4981),
 .UNSPECIFIED.,.F.,.F.,(3,1,3),(0.,1.,2.),.UNSPECIFIED.);
#1232=B_SPLINE_CURVE_WITH_KNOTS('',3,(#4984,#4985,#4986,#4987,#4988,#4989,
#4990),.UNSPECIFIED.,.F.,.F.,(4,3,4),(-0.0119641882624595,-0.00598209413122977,
0.),.UNSPECIFIED.);
#1233=B_SPLINE_CURVE_WITH_KNOTS('',2,(#5000,#5001,#5002,#5003),
 .UNSPECIFIED.,.F.,.F.,(3,1,3),(0.,1.,2.),.UNSPECIFIED.);
#1234=B_SPLINE_CURVE_WITH_KNOTS('',3,(#5006,#5007,#5008,#5009,#5010,#5011,
#5012),.UNSPECIFIED.,.F.,.F.,(4,3,4),(-0.0138561142800902,-0.00692805714004512,
0.),.UNSPECIFIED.);
#1235=B_SPLINE_CURVE_WITH_KNOTS('',2,(#5022,#5023,#5024,#5025),
 .UNSPECIFIED.,.F.,.F.,(3,1,3),(0.,1.,2.),.UNSPECIFIED.);
#1236=B_SPLINE_CURVE_WITH_KNOTS('',3,(#5028,#5029,#5030,#5031,#5032,#5033,
#5034),.UNSPECIFIED.,.F.,.F.,(4,3,4),(-0.0162408732347657,-0.00812043661738284,
0.),.UNSPECIFIED.);
#1237=B_SPLINE_CURVE_WITH_KNOTS('',2,(#5142,#5143,#5144,#5145),
 .UNSPECIFIED.,.F.,.F.,(3,1,3),(0.,1.,2.),.UNSPECIFIED.);
#1238=B_SPLINE_CURVE_WITH_KNOTS('',3,(#5147,#5148,#5149,#5150,#5151,#5152,
#5153),.UNSPECIFIED.,.F.,.F.,(4,3,4),(-0.019995665219823,-0.00999783260991148,
0.),.UNSPECIFIED.);
#1239=B_SPLINE_CURVE_WITH_KNOTS('',2,(#5164,#5165,#5166,#5167),
 .UNSPECIFIED.,.F.,.F.,(3,1,3),(0.,1.,2.),.UNSPECIFIED.);
#1240=B_SPLINE_CURVE_WITH_KNOTS('',3,(#5169,#5170,#5171,#5172,#5173,#5174,
#5175),.UNSPECIFIED.,.F.,.F.,(4,3,4),(-0.00747362721801903,-0.00373681360900952,
0.),.UNSPECIFIED.);
#1241=B_SPLINE_CURVE_WITH_KNOTS('',2,(#5186,#5187,#5188,#5189),
 .UNSPECIFIED.,.F.,.F.,(3,1,3),(0.,1.,2.),.UNSPECIFIED.);
#1242=B_SPLINE_CURVE_WITH_KNOTS('',3,(#5191,#5192,#5193,#5194,#5195,#5196,
#5197,#5198),.UNSPECIFIED.,.F.,.F.,(4,2,2,4),(-0.00343695459163179,-0.00250930383914016,
-0.00149577933987224,0.),.UNSPECIFIED.);
#1243=B_SPLINE_CURVE_WITH_KNOTS('',2,(#5222,#5223,#5224,#5225),
 .UNSPECIFIED.,.F.,.F.,(3,1,3),(0.,1.,2.),.UNSPECIFIED.);
#1244=B_SPLINE_CURVE_WITH_KNOTS('',3,(#5227,#5228,#5229,#5230,#5231,#5232,
#5233),.UNSPECIFIED.,.F.,.F.,(4,3,4),(-0.0100945793935961,-0.00504728969679803,
0.),.UNSPECIFIED.);
#1245=B_SPLINE_CURVE_WITH_KNOTS('',2,(#5244,#5245,#5246,#5247),
 .UNSPECIFIED.,.F.,.F.,(3,1,3),(0.,1.,2.),.UNSPECIFIED.);
#1246=B_SPLINE_CURVE_WITH_KNOTS('',3,(#5249,#5250,#5251,#5252,#5253,#5254,
#5255),.UNSPECIFIED.,.F.,.F.,(4,3,4),(-0.00336470200033788,-0.00168235100016894,
0.),.UNSPECIFIED.);
#1247=B_SPLINE_CURVE_WITH_KNOTS('',2,(#5278,#5279,#5280,#5281),
 .UNSPECIFIED.,.F.,.F.,(3,1,3),(0.,1.,2.),.UNSPECIFIED.);
#1248=B_SPLINE_CURVE_WITH_KNOTS('',3,(#5284,#5285,#5286,#5287,#5288,#5289,
#5290),.UNSPECIFIED.,.F.,.F.,(4,3,4),(-0.019436856579618,-0.00971842828980902,
0.),.UNSPECIFIED.);
#1249=B_SPLINE_CURVE_WITH_KNOTS('',2,(#5300,#5301,#5302,#5303),
 .UNSPECIFIED.,.F.,.F.,(3,1,3),(0.,1.,2.),.UNSPECIFIED.);
#1250=B_SPLINE_CURVE_WITH_KNOTS('',3,(#5306,#5307,#5308,#5309,#5310,#5311,
#5312),.UNSPECIFIED.,.F.,.F.,(4,3,4),(-0.00652535346086165,-0.00326267673043082,
0.),.UNSPECIFIED.);
#1251=B_SPLINE_CURVE_WITH_KNOTS('',2,(#5322,#5323,#5324,#5325),
 .UNSPECIFIED.,.F.,.F.,(3,1,3),(0.,1.,2.),.UNSPECIFIED.);
#1252=B_SPLINE_CURVE_WITH_KNOTS('',3,(#5328,#5329,#5330,#5331,#5332,#5333,
#5334),.UNSPECIFIED.,.F.,.F.,(4,3,4),(-0.0119641882624598,-0.0059820941312299,
0.),.UNSPECIFIED.);
#1253=B_SPLINE_CURVE_WITH_KNOTS('',2,(#5344,#5345,#5346,#5347),
 .UNSPECIFIED.,.F.,.F.,(3,1,3),(0.,1.,2.),.UNSPECIFIED.);
#1254=B_SPLINE_CURVE_WITH_KNOTS('',3,(#5350,#5351,#5352,#5353,#5354,#5355,
#5356),.UNSPECIFIED.,.F.,.F.,(4,3,4),(-0.0138561142800902,-0.00692805714004508,
0.),.UNSPECIFIED.);
#1255=B_SPLINE_CURVE_WITH_KNOTS('',2,(#5366,#5367,#5368,#5369),
 .UNSPECIFIED.,.F.,.F.,(3,1,3),(0.,1.,2.),.UNSPECIFIED.);
#1256=B_SPLINE_CURVE_WITH_KNOTS('',3,(#5372,#5373,#5374,#5375,#5376,#5377,
#5378),.UNSPECIFIED.,.F.,.F.,(4,3,4),(-0.0162408732347658,-0.00812043661738288,
0.),.UNSPECIFIED.);
#1257=VERTEX_POINT('',#4073);
#1258=VERTEX_POINT('',#4074);
#1259=VERTEX_POINT('',#4082);
#1260=VERTEX_POINT('',#4084);
#1261=VERTEX_POINT('',#4092);
#1262=VERTEX_POINT('',#4100);
#1263=VERTEX_POINT('',#4108);
#1264=VERTEX_POINT('',#4110);
#1265=VERTEX_POINT('',#4112);
#1266=VERTEX_POINT('',#4114);
#1267=VERTEX_POINT('',#4129);
#1268=VERTEX_POINT('',#4130);
#1269=VERTEX_POINT('',#4138);
#1270=VERTEX_POINT('',#4146);
#1271=VERTEX_POINT('',#4154);
#1272=VERTEX_POINT('',#4162);
#1273=VERTEX_POINT('',#4164);
#1274=VERTEX_POINT('',#4167);
#1275=VERTEX_POINT('',#4168);
#1276=VERTEX_POINT('',#4177);
#1277=VERTEX_POINT('',#4186);
#1278=VERTEX_POINT('',#4194);
#1279=VERTEX_POINT('',#4202);
#1280=VERTEX_POINT('',#4204);
#1281=VERTEX_POINT('',#4215);
#1282=VERTEX_POINT('',#4216);
#1283=VERTEX_POINT('',#4231);
#1284=VERTEX_POINT('',#4245);
#1285=VERTEX_POINT('',#4259);
#1286=VERTEX_POINT('',#4273);
#1287=VERTEX_POINT('',#4274);
#1288=VERTEX_POINT('',#4289);
#1289=VERTEX_POINT('',#4303);
#1290=VERTEX_POINT('',#4317);
#1291=VERTEX_POINT('',#4331);
#1292=VERTEX_POINT('',#4332);
#1293=VERTEX_POINT('',#4347);
#1294=VERTEX_POINT('',#4361);
#1295=VERTEX_POINT('',#4368);
#1296=VERTEX_POINT('',#4379);
#1297=VERTEX_POINT('',#4386);
#1298=VERTEX_POINT('',#4390);
#1299=VERTEX_POINT('',#4396);
#1300=VERTEX_POINT('',#4400);
#1301=VERTEX_POINT('',#4406);
#1302=VERTEX_POINT('',#4410);
#1303=VERTEX_POINT('',#4414);
#1304=VERTEX_POINT('',#4425);
#1305=VERTEX_POINT('',#4451);
#1306=VERTEX_POINT('',#4452);
#1307=VERTEX_POINT('',#4457);
#1308=VERTEX_POINT('',#4459);
#1309=VERTEX_POINT('',#4476);
#1310=VERTEX_POINT('',#4481);
#1311=VERTEX_POINT('',#4491);
#1312=VERTEX_POINT('',#4493);
#1313=VERTEX_POINT('',#4497);
#1314=VERTEX_POINT('',#4498);
#1315=VERTEX_POINT('',#4500);
#1316=VERTEX_POINT('',#4502);
#1317=VERTEX_POINT('',#4506);
#1318=VERTEX_POINT('',#4508);
#1319=VERTEX_POINT('',#4512);
#1320=VERTEX_POINT('',#4514);
#1321=VERTEX_POINT('',#4525);
#1322=VERTEX_POINT('',#4530);
#1323=VERTEX_POINT('',#4547);
#1324=VERTEX_POINT('',#4552);
#1325=VERTEX_POINT('',#4562);
#1326=VERTEX_POINT('',#4564);
#1327=VERTEX_POINT('',#4578);
#1328=VERTEX_POINT('',#4583);
#1329=VERTEX_POINT('',#4600);
#1330=VERTEX_POINT('',#4602);
#1331=VERTEX_POINT('',#4613);
#1332=VERTEX_POINT('',#4618);
#1333=VERTEX_POINT('',#4648);
#1334=VERTEX_POINT('',#4651);
#1335=VERTEX_POINT('',#4654);
#1336=VERTEX_POINT('',#4655);
#1337=VERTEX_POINT('',#4657);
#1338=VERTEX_POINT('',#4659);
#1339=VERTEX_POINT('',#4663);
#1340=VERTEX_POINT('',#4665);
#1341=VERTEX_POINT('',#4669);
#1342=VERTEX_POINT('',#4671);
#1343=VERTEX_POINT('',#4675);
#1344=VERTEX_POINT('',#4677);
#1345=VERTEX_POINT('',#4681);
#1346=VERTEX_POINT('',#4683);
#1347=VERTEX_POINT('',#4687);
#1348=VERTEX_POINT('',#4689);
#1349=VERTEX_POINT('',#4693);
#1350=VERTEX_POINT('',#4695);
#1351=VERTEX_POINT('',#4699);
#1352=VERTEX_POINT('',#4701);
#1353=VERTEX_POINT('',#4705);
#1354=VERTEX_POINT('',#4707);
#1355=VERTEX_POINT('',#4715);
#1356=VERTEX_POINT('',#4716);
#1357=VERTEX_POINT('',#4718);
#1358=VERTEX_POINT('',#4720);
#1359=VERTEX_POINT('',#4722);
#1360=VERTEX_POINT('',#4724);
#1361=VERTEX_POINT('',#4726);
#1362=VERTEX_POINT('',#4728);
#1363=VERTEX_POINT('',#4730);
#1364=VERTEX_POINT('',#4732);
#1365=VERTEX_POINT('',#4736);
#1366=VERTEX_POINT('',#4737);
#1367=VERTEX_POINT('',#4742);
#1368=VERTEX_POINT('',#4746);
#1369=VERTEX_POINT('',#4750);
#1370=VERTEX_POINT('',#4754);
#1371=VERTEX_POINT('',#4758);
#1372=VERTEX_POINT('',#4762);
#1373=VERTEX_POINT('',#4766);
#1374=VERTEX_POINT('',#4770);
#1375=VERTEX_POINT('',#4776);
#1376=VERTEX_POINT('',#4777);
#1377=VERTEX_POINT('',#4779);
#1378=VERTEX_POINT('',#4781);
#1379=VERTEX_POINT('',#4785);
#1380=VERTEX_POINT('',#4787);
#1381=VERTEX_POINT('',#4798);
#1382=VERTEX_POINT('',#4803);
#1383=VERTEX_POINT('',#4820);
#1384=VERTEX_POINT('',#4825);
#1385=VERTEX_POINT('',#4842);
#1386=VERTEX_POINT('',#4847);
#1387=VERTEX_POINT('',#4864);
#1388=VERTEX_POINT('',#4866);
#1389=VERTEX_POINT('',#4877);
#1390=VERTEX_POINT('',#4882);
#1391=VERTEX_POINT('',#4899);
#1392=VERTEX_POINT('',#4904);
#1393=VERTEX_POINT('',#4914);
#1394=VERTEX_POINT('',#4916);
#1395=VERTEX_POINT('',#4920);
#1396=VERTEX_POINT('',#4922);
#1397=VERTEX_POINT('',#4933);
#1398=VERTEX_POINT('',#4938);
#1399=VERTEX_POINT('',#4955);
#1400=VERTEX_POINT('',#4960);
#1401=VERTEX_POINT('',#4977);
#1402=VERTEX_POINT('',#4982);
#1403=VERTEX_POINT('',#4999);
#1404=VERTEX_POINT('',#5004);
#1405=VERTEX_POINT('',#5021);
#1406=VERTEX_POINT('',#5026);
#1407=VERTEX_POINT('',#5036);
#1408=VERTEX_POINT('',#5038);
#1409=VERTEX_POINT('',#5046);
#1410=VERTEX_POINT('',#5047);
#1411=VERTEX_POINT('',#5049);
#1412=VERTEX_POINT('',#5051);
#1413=VERTEX_POINT('',#5053);
#1414=VERTEX_POINT('',#5055);
#1415=VERTEX_POINT('',#5057);
#1416=VERTEX_POINT('',#5059);
#1417=VERTEX_POINT('',#5061);
#1418=VERTEX_POINT('',#5063);
#1419=VERTEX_POINT('',#5065);
#1420=VERTEX_POINT('',#5067);
#1421=VERTEX_POINT('',#5071);
#1422=VERTEX_POINT('',#5072);
#1423=VERTEX_POINT('',#5077);
#1424=VERTEX_POINT('',#5081);
#1425=VERTEX_POINT('',#5085);
#1426=VERTEX_POINT('',#5089);
#1427=VERTEX_POINT('',#5093);
#1428=VERTEX_POINT('',#5097);
#1429=VERTEX_POINT('',#5101);
#1430=VERTEX_POINT('',#5105);
#1431=VERTEX_POINT('',#5109);
#1432=VERTEX_POINT('',#5113);
#1433=VERTEX_POINT('',#5119);
#1434=VERTEX_POINT('',#5120);
#1435=VERTEX_POINT('',#5122);
#1436=VERTEX_POINT('',#5124);
#1437=VERTEX_POINT('',#5128);
#1438=VERTEX_POINT('',#5130);
#1439=VERTEX_POINT('',#5141);
#1440=VERTEX_POINT('',#5146);
#1441=VERTEX_POINT('',#5163);
#1442=VERTEX_POINT('',#5168);
#1443=VERTEX_POINT('',#5185);
#1444=VERTEX_POINT('',#5190);
#1445=VERTEX_POINT('',#5208);
#1446=VERTEX_POINT('',#5210);
#1447=VERTEX_POINT('',#5221);
#1448=VERTEX_POINT('',#5226);
#1449=VERTEX_POINT('',#5243);
#1450=VERTEX_POINT('',#5248);
#1451=VERTEX_POINT('',#5258);
#1452=VERTEX_POINT('',#5260);
#1453=VERTEX_POINT('',#5264);
#1454=VERTEX_POINT('',#5266);
#1455=VERTEX_POINT('',#5277);
#1456=VERTEX_POINT('',#5282);
#1457=VERTEX_POINT('',#5299);
#1458=VERTEX_POINT('',#5304);
#1459=VERTEX_POINT('',#5321);
#1460=VERTEX_POINT('',#5326);
#1461=VERTEX_POINT('',#5343);
#1462=VERTEX_POINT('',#5348);
#1463=VERTEX_POINT('',#5365);
#1464=VERTEX_POINT('',#5370);
#1465=VERTEX_POINT('',#5380);
#1466=VERTEX_POINT('',#5382);
#1467=VERTEX_POINT('',#5391);
#1468=VERTEX_POINT('',#5392);
#1469=VERTEX_POINT('',#5394);
#1470=VERTEX_POINT('',#5396);
#1471=VERTEX_POINT('',#5401);
#1472=VERTEX_POINT('',#5402);
#1473=VERTEX_POINT('',#5404);
#1474=VERTEX_POINT('',#5406);
#1475=VERTEX_POINT('',#5410);
#1476=VERTEX_POINT('',#5411);
#1477=VERTEX_POINT('',#5413);
#1478=VERTEX_POINT('',#5415);
#1479=VERTEX_POINT('',#5419);
#1480=VERTEX_POINT('',#5420);
#1481=VERTEX_POINT('',#5422);
#1482=VERTEX_POINT('',#5424);
#1483=VERTEX_POINT('',#5428);
#1484=VERTEX_POINT('',#5429);
#1485=VERTEX_POINT('',#5431);
#1486=VERTEX_POINT('',#5433);
#1487=VERTEX_POINT('',#5437);
#1488=VERTEX_POINT('',#5438);
#1489=VERTEX_POINT('',#5440);
#1490=VERTEX_POINT('',#5442);
#1491=VERTEX_POINT('',#5446);
#1492=VERTEX_POINT('',#5447);
#1493=VERTEX_POINT('',#5449);
#1494=VERTEX_POINT('',#5451);
#1495=VERTEX_POINT('',#5455);
#1496=VERTEX_POINT('',#5457);
#1497=VERTEX_POINT('',#5459);
#1498=VERTEX_POINT('',#5462);
#1499=VERTEX_POINT('',#5464);
#1500=VERTEX_POINT('',#5467);
#1501=VERTEX_POINT('',#5469);
#1502=VERTEX_POINT('',#5472);
#1503=VERTEX_POINT('',#5476);
#1504=VERTEX_POINT('',#5478);
#1505=VERTEX_POINT('',#5480);
#1506=VERTEX_POINT('',#5483);
#1507=VERTEX_POINT('',#5485);
#1508=VERTEX_POINT('',#5488);
#1509=VERTEX_POINT('',#5490);
#1510=VERTEX_POINT('',#5493);
#1511=VERTEX_POINT('',#5497);
#1512=VERTEX_POINT('',#5498);
#1513=VERTEX_POINT('',#5500);
#1514=VERTEX_POINT('',#5502);
#1515=VERTEX_POINT('',#5506);
#1516=VERTEX_POINT('',#5508);
#1517=VERTEX_POINT('',#5512);
#1518=VERTEX_POINT('',#5514);
#1519=VERTEX_POINT('',#5518);
#1520=VERTEX_POINT('',#5520);
#1521=VERTEX_POINT('',#5528);
#1522=VERTEX_POINT('',#5530);
#1523=VERTEX_POINT('',#5532);
#1524=VERTEX_POINT('',#5536);
#1525=VERTEX_POINT('',#5540);
#1526=VERTEX_POINT('',#5542);
#1527=VERTEX_POINT('',#5550);
#1528=VERTEX_POINT('',#5552);
#1529=VERTEX_POINT('',#5554);
#1530=VERTEX_POINT('',#5558);
#1531=VERTEX_POINT('',#5562);
#1532=VERTEX_POINT('',#5564);
#1533=VERTEX_POINT('',#5572);
#1534=VERTEX_POINT('',#5574);
#1535=VERTEX_POINT('',#5576);
#1536=VERTEX_POINT('',#5580);
#1537=VERTEX_POINT('',#5582);
#1538=VERTEX_POINT('',#5587);
#1539=VERTEX_POINT('',#5594);
#1540=VERTEX_POINT('',#5596);
#1541=VERTEX_POINT('',#5598);
#1542=VERTEX_POINT('',#5602);
#1543=VERTEX_POINT('',#5604);
#1544=VERTEX_POINT('',#5609);
#1545=VERTEX_POINT('',#5616);
#1546=VERTEX_POINT('',#5618);
#1547=VERTEX_POINT('',#5620);
#1548=VERTEX_POINT('',#5624);
#1549=VERTEX_POINT('',#5626);
#1550=VERTEX_POINT('',#5631);
#1551=VERTEX_POINT('',#5638);
#1552=VERTEX_POINT('',#5640);
#1553=VERTEX_POINT('',#5642);
#1554=VERTEX_POINT('',#5646);
#1555=VERTEX_POINT('',#5650);
#1556=VERTEX_POINT('',#5652);
#1557=VERTEX_POINT('',#5660);
#1558=VERTEX_POINT('',#5661);
#1559=VERTEX_POINT('',#5663);
#1560=VERTEX_POINT('',#5665);
#1561=VERTEX_POINT('',#5669);
#1562=VERTEX_POINT('',#5671);
#1563=VERTEX_POINT('',#5675);
#1564=VERTEX_POINT('',#5677);
#1565=EDGE_CURVE('',#1257,#1258,#1175,.T.);
#1566=EDGE_CURVE('',#1259,#1257,#433,.T.);
#1567=EDGE_CURVE('',#1260,#1259,#1176,.T.);
#1568=EDGE_CURVE('',#1261,#1260,#1177,.T.);
#1569=EDGE_CURVE('',#1262,#1261,#1178,.T.);
#1570=EDGE_CURVE('',#1263,#1262,#434,.T.);
#1571=EDGE_CURVE('',#1264,#1263,#435,.T.);
#1572=EDGE_CURVE('',#1265,#1264,#436,.T.);
#1573=EDGE_CURVE('',#1266,#1265,#1179,.T.);
#1574=EDGE_CURVE('',#1258,#1266,#1180,.T.);
#1575=EDGE_CURVE('',#1267,#1268,#1181,.T.);
#1576=EDGE_CURVE('',#1269,#1267,#1182,.T.);
#1577=EDGE_CURVE('',#1270,#1269,#1183,.T.);
#1578=EDGE_CURVE('',#1271,#1270,#1184,.T.);
#1579=EDGE_CURVE('',#1272,#1271,#437,.T.);
#1580=EDGE_CURVE('',#1273,#1272,#438,.T.);
#1581=EDGE_CURVE('',#1268,#1273,#439,.T.);
#1582=EDGE_CURVE('',#1274,#1275,#1185,.T.);
#1583=EDGE_CURVE('',#1276,#1274,#1186,.T.);
#1584=EDGE_CURVE('',#1277,#1276,#1187,.T.);
#1585=EDGE_CURVE('',#1278,#1277,#1188,.T.);
#1586=EDGE_CURVE('',#1279,#1278,#440,.T.);
#1587=EDGE_CURVE('',#1280,#1279,#441,.T.);
#1588=EDGE_CURVE('',#1275,#1280,#442,.T.);
#1589=EDGE_CURVE('',#1281,#1282,#1189,.T.);
#1590=EDGE_CURVE('',#1281,#1278,#443,.T.);
#1591=EDGE_CURVE('',#1282,#1277,#444,.T.);
#1592=EDGE_CURVE('',#1282,#1283,#1190,.T.);
#1593=EDGE_CURVE('',#1283,#1276,#445,.T.);
#1594=EDGE_CURVE('',#1283,#1284,#1191,.T.);
#1595=EDGE_CURVE('',#1284,#1274,#446,.T.);
#1596=EDGE_CURVE('',#1284,#1285,#1192,.T.);
#1597=EDGE_CURVE('',#1285,#1275,#447,.T.);
#1598=EDGE_CURVE('',#1286,#1287,#1193,.T.);
#1599=EDGE_CURVE('',#1286,#1271,#448,.T.);
#1600=EDGE_CURVE('',#1287,#1270,#449,.T.);
#1601=EDGE_CURVE('',#1287,#1288,#1194,.T.);
#1602=EDGE_CURVE('',#1288,#1269,#450,.T.);
#1603=EDGE_CURVE('',#1288,#1289,#1195,.T.);
#1604=EDGE_CURVE('',#1289,#1267,#451,.T.);
#1605=EDGE_CURVE('',#1289,#1290,#1196,.T.);
#1606=EDGE_CURVE('',#1290,#1268,#452,.T.);
#1607=EDGE_CURVE('',#1291,#1292,#1197,.T.);
#1608=EDGE_CURVE('',#1291,#1262,#453,.T.);
#1609=EDGE_CURVE('',#1292,#1261,#454,.T.);
#1610=EDGE_CURVE('',#1292,#1293,#1198,.T.);
#1611=EDGE_CURVE('',#1293,#1260,#455,.T.);
#1612=EDGE_CURVE('',#1293,#1294,#1199,.T.);
#1613=EDGE_CURVE('',#1294,#1259,#456,.T.);
#1614=EDGE_CURVE('',#1294,#1295,#457,.T.);
#1615=EDGE_CURVE('',#1295,#1257,#458,.T.);
#1616=EDGE_CURVE('',#1295,#1296,#1200,.T.);
#1617=EDGE_CURVE('',#1296,#1258,#459,.T.);
#1618=EDGE_CURVE('',#1285,#1297,#460,.T.);
#1619=EDGE_CURVE('',#1297,#1280,#461,.T.);
#1620=EDGE_CURVE('',#1297,#1298,#462,.T.);
#1621=EDGE_CURVE('',#1298,#1279,#463,.T.);
#1622=EDGE_CURVE('',#1298,#1281,#464,.T.);
#1623=EDGE_CURVE('',#1290,#1299,#465,.T.);
#1624=EDGE_CURVE('',#1299,#1273,#466,.T.);
#1625=EDGE_CURVE('',#1299,#1300,#467,.T.);
#1626=EDGE_CURVE('',#1300,#1272,#468,.T.);
#1627=EDGE_CURVE('',#1300,#1286,#469,.T.);
#1628=EDGE_CURVE('',#1301,#1291,#470,.T.);
#1629=EDGE_CURVE('',#1301,#1263,#471,.T.);
#1630=EDGE_CURVE('',#1302,#1301,#472,.T.);
#1631=EDGE_CURVE('',#1302,#1264,#473,.T.);
#1632=EDGE_CURVE('',#1303,#1302,#474,.T.);
#1633=EDGE_CURVE('',#1303,#1265,#475,.T.);
#1634=EDGE_CURVE('',#1304,#1303,#1201,.T.);
#1635=EDGE_CURVE('',#1304,#1266,#476,.T.);
#1636=EDGE_CURVE('',#1296,#1304,#1202,.T.);
#1637=EDGE_CURVE('',#1305,#1306,#1203,.T.);
#1638=EDGE_CURVE('',#1305,#1307,#477,.T.);
#1639=EDGE_CURVE('',#1307,#1308,#1204,.T.);
#1640=EDGE_CURVE('',#1306,#1308,#478,.T.);
#1641=EDGE_CURVE('',#1306,#1309,#1205,.T.);
#1642=EDGE_CURVE('',#1308,#1310,#1206,.T.);
#1643=EDGE_CURVE('',#1309,#1310,#479,.T.);
#1644=EDGE_CURVE('',#1309,#1311,#480,.T.);
#1645=EDGE_CURVE('',#1310,#1312,#481,.T.);
#1646=EDGE_CURVE('',#1311,#1312,#482,.T.);
#1647=EDGE_CURVE('',#1313,#1314,#483,.T.);
#1648=EDGE_CURVE('',#1313,#1315,#484,.T.);
#1649=EDGE_CURVE('',#1315,#1316,#485,.T.);
#1650=EDGE_CURVE('',#1314,#1316,#486,.T.);
#1651=EDGE_CURVE('',#1317,#1313,#487,.T.);
#1652=EDGE_CURVE('',#1317,#1318,#488,.T.);
#1653=EDGE_CURVE('',#1318,#1315,#489,.T.);
#1654=EDGE_CURVE('',#1319,#1317,#490,.T.);
#1655=EDGE_CURVE('',#1319,#1320,#491,.T.);
#1656=EDGE_CURVE('',#1320,#1318,#492,.T.);
#1657=EDGE_CURVE('',#1321,#1305,#1207,.T.);
#1658=EDGE_CURVE('',#1321,#1322,#493,.T.);
#1659=EDGE_CURVE('',#1322,#1307,#1208,.T.);
#1660=EDGE_CURVE('',#1323,#1321,#1209,.T.);
#1661=EDGE_CURVE('',#1323,#1324,#494,.T.);
#1662=EDGE_CURVE('',#1324,#1322,#1210,.T.);
#1663=EDGE_CURVE('',#1325,#1323,#495,.T.);
#1664=EDGE_CURVE('',#1325,#1326,#496,.T.);
#1665=EDGE_CURVE('',#1326,#1324,#497,.T.);
#1666=EDGE_CURVE('',#1311,#1325,#498,.T.);
#1667=EDGE_CURVE('',#1312,#1326,#499,.T.);
#1668=EDGE_CURVE('',#1327,#1319,#1211,.T.);
#1669=EDGE_CURVE('',#1327,#1328,#500,.T.);
#1670=EDGE_CURVE('',#1328,#1320,#1212,.T.);
#1671=EDGE_CURVE('',#1329,#1327,#17,.T.);
#1672=EDGE_CURVE('',#1329,#1330,#501,.T.);
#1673=EDGE_CURVE('',#1330,#1328,#18,.T.);
#1674=EDGE_CURVE('',#1331,#1329,#1213,.T.);
#1675=EDGE_CURVE('',#1331,#1332,#502,.T.);
#1676=EDGE_CURVE('',#1332,#1330,#1214,.T.);
#1677=EDGE_CURVE('',#1314,#1331,#1215,.T.);
#1678=EDGE_CURVE('',#1316,#1332,#1216,.T.);
#1679=EDGE_CURVE('',#1333,#1333,#15,.T.);
#1680=EDGE_CURVE('',#1334,#1334,#16,.T.);
#1681=EDGE_CURVE('',#1335,#1336,#503,.T.);
#1682=EDGE_CURVE('',#1335,#1337,#504,.T.);
#1683=EDGE_CURVE('',#1337,#1338,#505,.T.);
#1684=EDGE_CURVE('',#1336,#1338,#506,.T.);
#1685=EDGE_CURVE('',#1336,#1339,#507,.T.);
#1686=EDGE_CURVE('',#1338,#1340,#508,.T.);
#1687=EDGE_CURVE('',#1339,#1340,#509,.T.);
#1688=EDGE_CURVE('',#1339,#1341,#510,.T.);
#1689=EDGE_CURVE('',#1340,#1342,#511,.T.);
#1690=EDGE_CURVE('',#1341,#1342,#512,.T.);
#1691=EDGE_CURVE('',#1341,#1343,#513,.T.);
#1692=EDGE_CURVE('',#1342,#1344,#514,.T.);
#1693=EDGE_CURVE('',#1343,#1344,#515,.T.);
#1694=EDGE_CURVE('',#1343,#1345,#516,.T.);
#1695=EDGE_CURVE('',#1344,#1346,#517,.T.);
#1696=EDGE_CURVE('',#1345,#1346,#518,.T.);
#1697=EDGE_CURVE('',#1347,#1335,#519,.T.);
#1698=EDGE_CURVE('',#1347,#1348,#520,.T.);
#1699=EDGE_CURVE('',#1348,#1337,#521,.T.);
#1700=EDGE_CURVE('',#1349,#1347,#522,.T.);
#1701=EDGE_CURVE('',#1349,#1350,#523,.T.);
#1702=EDGE_CURVE('',#1350,#1348,#524,.T.);
#1703=EDGE_CURVE('',#1351,#1349,#525,.T.);
#1704=EDGE_CURVE('',#1351,#1352,#526,.T.);
#1705=EDGE_CURVE('',#1352,#1350,#527,.T.);
#1706=EDGE_CURVE('',#1353,#1351,#528,.T.);
#1707=EDGE_CURVE('',#1353,#1354,#529,.T.);
#1708=EDGE_CURVE('',#1354,#1352,#530,.T.);
#1709=EDGE_CURVE('',#1345,#1353,#531,.T.);
#1710=EDGE_CURVE('',#1346,#1354,#532,.T.);
#1711=EDGE_CURVE('',#1355,#1356,#533,.T.);
#1712=EDGE_CURVE('',#1357,#1355,#534,.T.);
#1713=EDGE_CURVE('',#1358,#1357,#535,.T.);
#1714=EDGE_CURVE('',#1359,#1358,#536,.T.);
#1715=EDGE_CURVE('',#1360,#1359,#537,.T.);
#1716=EDGE_CURVE('',#1361,#1360,#538,.T.);
#1717=EDGE_CURVE('',#1362,#1361,#539,.T.);
#1718=EDGE_CURVE('',#1363,#1362,#540,.T.);
#1719=EDGE_CURVE('',#1364,#1363,#541,.T.);
#1720=EDGE_CURVE('',#1356,#1364,#542,.T.);
#1721=EDGE_CURVE('',#1365,#1366,#543,.T.);
#1722=EDGE_CURVE('',#1365,#1360,#544,.T.);
#1723=EDGE_CURVE('',#1366,#1359,#545,.T.);
#1724=EDGE_CURVE('',#1366,#1367,#546,.T.);
#1725=EDGE_CURVE('',#1367,#1358,#547,.T.);
#1726=EDGE_CURVE('',#1367,#1368,#548,.T.);
#1727=EDGE_CURVE('',#1368,#1357,#549,.T.);
#1728=EDGE_CURVE('',#1368,#1369,#550,.T.);
#1729=EDGE_CURVE('',#1369,#1355,#551,.T.);
#1730=EDGE_CURVE('',#1369,#1370,#552,.T.);
#1731=EDGE_CURVE('',#1370,#1356,#553,.T.);
#1732=EDGE_CURVE('',#1371,#1365,#554,.T.);
#1733=EDGE_CURVE('',#1371,#1361,#555,.T.);
#1734=EDGE_CURVE('',#1372,#1371,#556,.T.);
#1735=EDGE_CURVE('',#1372,#1362,#557,.T.);
#1736=EDGE_CURVE('',#1373,#1372,#558,.T.);
#1737=EDGE_CURVE('',#1373,#1363,#559,.T.);
#1738=EDGE_CURVE('',#1374,#1373,#560,.T.);
#1739=EDGE_CURVE('',#1374,#1364,#561,.T.);
#1740=EDGE_CURVE('',#1370,#1374,#562,.T.);
#1741=EDGE_CURVE('',#1375,#1376,#563,.T.);
#1742=EDGE_CURVE('',#1375,#1377,#564,.T.);
#1743=EDGE_CURVE('',#1377,#1378,#565,.T.);
#1744=EDGE_CURVE('',#1376,#1378,#566,.T.);
#1745=EDGE_CURVE('',#1376,#1379,#567,.T.);
#1746=EDGE_CURVE('',#1378,#1380,#568,.T.);
#1747=EDGE_CURVE('',#1379,#1380,#569,.T.);
#1748=EDGE_CURVE('',#1379,#1381,#1217,.T.);
#1749=EDGE_CURVE('',#1380,#1382,#1218,.T.);
#1750=EDGE_CURVE('',#1381,#1382,#570,.T.);
#1751=EDGE_CURVE('',#1381,#1383,#1219,.T.);
#1752=EDGE_CURVE('',#1382,#1384,#1220,.T.);
#1753=EDGE_CURVE('',#1383,#1384,#571,.T.);
#1754=EDGE_CURVE('',#1383,#1385,#1221,.T.);
#1755=EDGE_CURVE('',#1384,#1386,#1222,.T.);
#1756=EDGE_CURVE('',#1385,#1386,#572,.T.);
#1757=EDGE_CURVE('',#1385,#1387,#19,.T.);
#1758=EDGE_CURVE('',#1386,#1388,#20,.T.);
#1759=EDGE_CURVE('',#1387,#1388,#573,.T.);
#1760=EDGE_CURVE('',#1387,#1389,#1223,.T.);
#1761=EDGE_CURVE('',#1388,#1390,#1224,.T.);
#1762=EDGE_CURVE('',#1389,#1390,#574,.T.);
#1763=EDGE_CURVE('',#1389,#1391,#1225,.T.);
#1764=EDGE_CURVE('',#1390,#1392,#1226,.T.);
#1765=EDGE_CURVE('',#1391,#1392,#575,.T.);
#1766=EDGE_CURVE('',#1393,#1375,#576,.T.);
#1767=EDGE_CURVE('',#1393,#1394,#577,.T.);
#1768=EDGE_CURVE('',#1394,#1377,#578,.T.);
#1769=EDGE_CURVE('',#1395,#1393,#579,.T.);
#1770=EDGE_CURVE('',#1395,#1396,#580,.T.);
#1771=EDGE_CURVE('',#1396,#1394,#581,.T.);
#1772=EDGE_CURVE('',#1397,#1395,#1227,.T.);
#1773=EDGE_CURVE('',#1397,#1398,#582,.T.);
#1774=EDGE_CURVE('',#1398,#1396,#1228,.T.);
#1775=EDGE_CURVE('',#1399,#1397,#1229,.T.);
#1776=EDGE_CURVE('',#1399,#1400,#583,.T.);
#1777=EDGE_CURVE('',#1400,#1398,#1230,.T.);
#1778=EDGE_CURVE('',#1401,#1399,#1231,.T.);
#1779=EDGE_CURVE('',#1401,#1402,#584,.T.);
#1780=EDGE_CURVE('',#1402,#1400,#1232,.T.);
#1781=EDGE_CURVE('',#1403,#1401,#1233,.T.);
#1782=EDGE_CURVE('',#1403,#1404,#585,.T.);
#1783=EDGE_CURVE('',#1404,#1402,#1234,.T.);
#1784=EDGE_CURVE('',#1405,#1403,#1235,.T.);
#1785=EDGE_CURVE('',#1405,#1406,#586,.T.);
#1786=EDGE_CURVE('',#1406,#1404,#1236,.T.);
#1787=EDGE_CURVE('',#1407,#1405,#587,.T.);
#1788=EDGE_CURVE('',#1407,#1408,#588,.T.);
#1789=EDGE_CURVE('',#1408,#1406,#589,.T.);
#1790=EDGE_CURVE('',#1391,#1407,#590,.T.);
#1791=EDGE_CURVE('',#1392,#1408,#591,.T.);
#1792=EDGE_CURVE('',#1409,#1410,#592,.T.);
#1793=EDGE_CURVE('',#1411,#1409,#593,.T.);
#1794=EDGE_CURVE('',#1412,#1411,#594,.T.);
#1795=EDGE_CURVE('',#1413,#1412,#595,.T.);
#1796=EDGE_CURVE('',#1414,#1413,#596,.T.);
#1797=EDGE_CURVE('',#1415,#1414,#597,.T.);
#1798=EDGE_CURVE('',#1416,#1415,#598,.T.);
#1799=EDGE_CURVE('',#1417,#1416,#599,.T.);
#1800=EDGE_CURVE('',#1418,#1417,#600,.T.);
#1801=EDGE_CURVE('',#1419,#1418,#601,.T.);
#1802=EDGE_CURVE('',#1420,#1419,#602,.T.);
#1803=EDGE_CURVE('',#1410,#1420,#603,.T.);
#1804=EDGE_CURVE('',#1421,#1422,#604,.T.);
#1805=EDGE_CURVE('',#1421,#1415,#605,.T.);
#1806=EDGE_CURVE('',#1422,#1414,#606,.T.);
#1807=EDGE_CURVE('',#1422,#1423,#607,.T.);
#1808=EDGE_CURVE('',#1423,#1413,#608,.T.);
#1809=EDGE_CURVE('',#1423,#1424,#609,.T.);
#1810=EDGE_CURVE('',#1424,#1412,#610,.T.);
#1811=EDGE_CURVE('',#1424,#1425,#611,.T.);
#1812=EDGE_CURVE('',#1425,#1411,#612,.T.);
#1813=EDGE_CURVE('',#1425,#1426,#613,.T.);
#1814=EDGE_CURVE('',#1426,#1409,#614,.T.);
#1815=EDGE_CURVE('',#1426,#1427,#615,.T.);
#1816=EDGE_CURVE('',#1427,#1410,#616,.T.);
#1817=EDGE_CURVE('',#1428,#1421,#617,.T.);
#1818=EDGE_CURVE('',#1428,#1416,#618,.T.);
#1819=EDGE_CURVE('',#1429,#1428,#619,.T.);
#1820=EDGE_CURVE('',#1429,#1417,#620,.T.);
#1821=EDGE_CURVE('',#1430,#1429,#621,.T.);
#1822=EDGE_CURVE('',#1430,#1418,#622,.T.);
#1823=EDGE_CURVE('',#1431,#1430,#623,.T.);
#1824=EDGE_CURVE('',#1431,#1419,#624,.T.);
#1825=EDGE_CURVE('',#1432,#1431,#625,.T.);
#1826=EDGE_CURVE('',#1432,#1420,#626,.T.);
#1827=EDGE_CURVE('',#1427,#1432,#627,.T.);
#1828=EDGE_CURVE('',#1433,#1434,#628,.T.);
#1829=EDGE_CURVE('',#1433,#1435,#629,.T.);
#1830=EDGE_CURVE('',#1435,#1436,#630,.T.);
#1831=EDGE_CURVE('',#1434,#1436,#631,.T.);
#1832=EDGE_CURVE('',#1434,#1437,#632,.T.);
#1833=EDGE_CURVE('',#1436,#1438,#633,.T.);
#1834=EDGE_CURVE('',#1437,#1438,#634,.T.);
#1835=EDGE_CURVE('',#1437,#1439,#1237,.T.);
#1836=EDGE_CURVE('',#1438,#1440,#1238,.T.);
#1837=EDGE_CURVE('',#1439,#1440,#635,.T.);
#1838=EDGE_CURVE('',#1439,#1441,#1239,.T.);
#1839=EDGE_CURVE('',#1440,#1442,#1240,.T.);
#1840=EDGE_CURVE('',#1441,#1442,#636,.T.);
#1841=EDGE_CURVE('',#1441,#1443,#1241,.T.);
#1842=EDGE_CURVE('',#1442,#1444,#1242,.T.);
#1843=EDGE_CURVE('',#1443,#1444,#637,.T.);
#1844=EDGE_CURVE('',#1443,#1445,#21,.T.);
#1845=EDGE_CURVE('',#1444,#1446,#22,.T.);
#1846=EDGE_CURVE('',#1445,#1446,#638,.T.);
#1847=EDGE_CURVE('',#1445,#1447,#1243,.T.);
#1848=EDGE_CURVE('',#1446,#1448,#1244,.T.);
#1849=EDGE_CURVE('',#1447,#1448,#639,.T.);
#1850=EDGE_CURVE('',#1447,#1449,#1245,.T.);
#1851=EDGE_CURVE('',#1448,#1450,#1246,.T.);
#1852=EDGE_CURVE('',#1449,#1450,#640,.T.);
#1853=EDGE_CURVE('',#1451,#1433,#641,.T.);
#1854=EDGE_CURVE('',#1451,#1452,#642,.T.);
#1855=EDGE_CURVE('',#1452,#1435,#643,.T.);
#1856=EDGE_CURVE('',#1453,#1451,#644,.T.);
#1857=EDGE_CURVE('',#1453,#1454,#645,.T.);
#1858=EDGE_CURVE('',#1454,#1452,#646,.T.);
#1859=EDGE_CURVE('',#1455,#1453,#1247,.T.);
#1860=EDGE_CURVE('',#1455,#1456,#647,.T.);
#1861=EDGE_CURVE('',#1456,#1454,#1248,.T.);
#1862=EDGE_CURVE('',#1457,#1455,#1249,.T.);
#1863=EDGE_CURVE('',#1457,#1458,#648,.T.);
#1864=EDGE_CURVE('',#1458,#1456,#1250,.T.);
#1865=EDGE_CURVE('',#1459,#1457,#1251,.T.);
#1866=EDGE_CURVE('',#1459,#1460,#649,.T.);
#1867=EDGE_CURVE('',#1460,#1458,#1252,.T.);
#1868=EDGE_CURVE('',#1461,#1459,#1253,.T.);
#1869=EDGE_CURVE('',#1461,#1462,#650,.T.);
#1870=EDGE_CURVE('',#1462,#1460,#1254,.T.);
#1871=EDGE_CURVE('',#1463,#1461,#1255,.T.);
#1872=EDGE_CURVE('',#1463,#1464,#651,.T.);
#1873=EDGE_CURVE('',#1464,#1462,#1256,.T.);
#1874=EDGE_CURVE('',#1465,#1463,#652,.T.);
#1875=EDGE_CURVE('',#1465,#1466,#653,.T.);
#1876=EDGE_CURVE('',#1466,#1464,#654,.T.);
#1877=EDGE_CURVE('',#1449,#1465,#655,.T.);
#1878=EDGE_CURVE('',#1450,#1466,#656,.T.);
#1879=EDGE_CURVE('',#1467,#1468,#657,.T.);
#1880=EDGE_CURVE('',#1468,#1469,#658,.T.);
#1881=EDGE_CURVE('',#1469,#1470,#659,.T.);
#1882=EDGE_CURVE('',#1470,#1467,#660,.T.);
#1883=EDGE_CURVE('',#1471,#1472,#661,.T.);
#1884=EDGE_CURVE('',#1471,#1473,#662,.T.);
#1885=EDGE_CURVE('',#1473,#1474,#663,.T.);
#1886=EDGE_CURVE('',#1474,#1472,#664,.T.);
#1887=EDGE_CURVE('',#1475,#1476,#665,.T.);
#1888=EDGE_CURVE('',#1475,#1477,#666,.T.);
#1889=EDGE_CURVE('',#1477,#1478,#667,.T.);
#1890=EDGE_CURVE('',#1478,#1476,#668,.T.);
#1891=EDGE_CURVE('',#1479,#1480,#669,.T.);
#1892=EDGE_CURVE('',#1479,#1481,#670,.T.);
#1893=EDGE_CURVE('',#1481,#1482,#671,.T.);
#1894=EDGE_CURVE('',#1482,#1480,#672,.T.);
#1895=EDGE_CURVE('',#1483,#1484,#673,.T.);
#1896=EDGE_CURVE('',#1483,#1485,#674,.T.);
#1897=EDGE_CURVE('',#1485,#1486,#675,.T.);
#1898=EDGE_CURVE('',#1486,#1484,#676,.T.);
#1899=EDGE_CURVE('',#1487,#1488,#677,.T.);
#1900=EDGE_CURVE('',#1487,#1489,#678,.T.);
#1901=EDGE_CURVE('',#1489,#1490,#679,.T.);
#1902=EDGE_CURVE('',#1490,#1488,#680,.T.);
#1903=EDGE_CURVE('',#1491,#1492,#681,.T.);
#1904=EDGE_CURVE('',#1491,#1493,#682,.T.);
#1905=EDGE_CURVE('',#1493,#1494,#683,.T.);
#1906=EDGE_CURVE('',#1494,#1492,#684,.T.);
#1907=EDGE_CURVE('',#1495,#1475,#685,.T.);
#1908=EDGE_CURVE('',#1476,#1496,#686,.T.);
#1909=EDGE_CURVE('',#1496,#1497,#687,.T.);
#1910=EDGE_CURVE('',#1497,#1468,#688,.T.);
#1911=EDGE_CURVE('',#1498,#1467,#689,.T.);
#1912=EDGE_CURVE('',#1498,#1499,#690,.T.);
#1913=EDGE_CURVE('',#1499,#1479,#691,.T.);
#1914=EDGE_CURVE('',#1480,#1500,#692,.T.);
#1915=EDGE_CURVE('',#1500,#1501,#693,.T.);
#1916=EDGE_CURVE('',#1501,#1483,#694,.T.);
#1917=EDGE_CURVE('',#1484,#1502,#695,.T.);
#1918=EDGE_CURVE('',#1502,#1495,#696,.T.);
#1919=EDGE_CURVE('',#1503,#1471,#697,.T.);
#1920=EDGE_CURVE('',#1472,#1504,#698,.T.);
#1921=EDGE_CURVE('',#1504,#1505,#699,.T.);
#1922=EDGE_CURVE('',#1505,#1491,#700,.T.);
#1923=EDGE_CURVE('',#1492,#1506,#701,.T.);
#1924=EDGE_CURVE('',#1506,#1507,#702,.T.);
#1925=EDGE_CURVE('',#1507,#1487,#703,.T.);
#1926=EDGE_CURVE('',#1488,#1508,#704,.T.);
#1927=EDGE_CURVE('',#1508,#1509,#705,.T.);
#1928=EDGE_CURVE('',#1509,#1470,#706,.T.);
#1929=EDGE_CURVE('',#1510,#1469,#707,.T.);
#1930=EDGE_CURVE('',#1510,#1503,#708,.T.);
#1931=EDGE_CURVE('',#1511,#1512,#709,.T.);
#1932=EDGE_CURVE('',#1511,#1513,#710,.T.);
#1933=EDGE_CURVE('',#1514,#1513,#711,.T.);
#1934=EDGE_CURVE('',#1512,#1514,#712,.T.);
#1935=EDGE_CURVE('',#1512,#1515,#713,.T.);
#1936=EDGE_CURVE('',#1516,#1514,#714,.T.);
#1937=EDGE_CURVE('',#1515,#1516,#715,.T.);
#1938=EDGE_CURVE('',#1515,#1517,#716,.T.);
#1939=EDGE_CURVE('',#1518,#1516,#717,.T.);
#1940=EDGE_CURVE('',#1517,#1518,#718,.T.);
#1941=EDGE_CURVE('',#1517,#1519,#719,.T.);
#1942=EDGE_CURVE('',#1520,#1518,#720,.T.);
#1943=EDGE_CURVE('',#1519,#1520,#721,.T.);
#1944=EDGE_CURVE('',#1519,#1511,#722,.T.);
#1945=EDGE_CURVE('',#1513,#1520,#723,.T.);
#1946=EDGE_CURVE('',#1521,#1499,#724,.T.);
#1947=EDGE_CURVE('',#1521,#1522,#725,.T.);
#1948=EDGE_CURVE('',#1523,#1522,#726,.T.);
#1949=EDGE_CURVE('',#1523,#1481,#727,.T.);
#1950=EDGE_CURVE('',#1524,#1523,#728,.T.);
#1951=EDGE_CURVE('',#1524,#1482,#729,.T.);
#1952=EDGE_CURVE('',#1525,#1524,#730,.T.);
#1953=EDGE_CURVE('',#1526,#1525,#731,.T.);
#1954=EDGE_CURVE('',#1500,#1526,#732,.T.);
#1955=EDGE_CURVE('',#1526,#1521,#733,.T.);
#1956=EDGE_CURVE('',#1522,#1525,#734,.T.);
#1957=EDGE_CURVE('',#1527,#1495,#735,.T.);
#1958=EDGE_CURVE('',#1527,#1528,#736,.T.);
#1959=EDGE_CURVE('',#1529,#1528,#737,.T.);
#1960=EDGE_CURVE('',#1529,#1477,#738,.T.);
#1961=EDGE_CURVE('',#1530,#1529,#739,.T.);
#1962=EDGE_CURVE('',#1530,#1478,#740,.T.);
#1963=EDGE_CURVE('',#1531,#1530,#741,.T.);
#1964=EDGE_CURVE('',#1532,#1531,#742,.T.);
#1965=EDGE_CURVE('',#1496,#1532,#743,.T.);
#1966=EDGE_CURVE('',#1532,#1527,#744,.T.);
#1967=EDGE_CURVE('',#1528,#1531,#745,.T.);
#1968=EDGE_CURVE('',#1533,#1494,#746,.T.);
#1969=EDGE_CURVE('',#1534,#1533,#747,.T.);
#1970=EDGE_CURVE('',#1535,#1534,#748,.T.);
#1971=EDGE_CURVE('',#1506,#1535,#749,.T.);
#1972=EDGE_CURVE('',#1535,#1536,#750,.T.);
#1973=EDGE_CURVE('',#1537,#1534,#751,.T.);
#1974=EDGE_CURVE('',#1536,#1537,#752,.T.);
#1975=EDGE_CURVE('',#1536,#1505,#753,.T.);
#1976=EDGE_CURVE('',#1538,#1537,#754,.T.);
#1977=EDGE_CURVE('',#1493,#1538,#755,.T.);
#1978=EDGE_CURVE('',#1533,#1538,#756,.T.);
#1979=EDGE_CURVE('',#1539,#1474,#757,.T.);
#1980=EDGE_CURVE('',#1540,#1539,#758,.T.);
#1981=EDGE_CURVE('',#1541,#1540,#759,.T.);
#1982=EDGE_CURVE('',#1504,#1541,#760,.T.);
#1983=EDGE_CURVE('',#1541,#1542,#761,.T.);
#1984=EDGE_CURVE('',#1543,#1540,#762,.T.);
#1985=EDGE_CURVE('',#1542,#1543,#763,.T.);
#1986=EDGE_CURVE('',#1542,#1503,#764,.T.);
#1987=EDGE_CURVE('',#1544,#1543,#765,.T.);
#1988=EDGE_CURVE('',#1473,#1544,#766,.T.);
#1989=EDGE_CURVE('',#1539,#1544,#767,.T.);
#1990=EDGE_CURVE('',#1545,#1490,#768,.T.);
#1991=EDGE_CURVE('',#1546,#1545,#769,.T.);
#1992=EDGE_CURVE('',#1547,#1546,#770,.T.);
#1993=EDGE_CURVE('',#1508,#1547,#771,.T.);
#1994=EDGE_CURVE('',#1547,#1548,#772,.T.);
#1995=EDGE_CURVE('',#1549,#1546,#773,.T.);
#1996=EDGE_CURVE('',#1548,#1549,#774,.T.);
#1997=EDGE_CURVE('',#1548,#1507,#775,.T.);
#1998=EDGE_CURVE('',#1550,#1549,#776,.T.);
#1999=EDGE_CURVE('',#1489,#1550,#777,.T.);
#2000=EDGE_CURVE('',#1545,#1550,#778,.T.);
#2001=EDGE_CURVE('',#1551,#1501,#779,.T.);
#2002=EDGE_CURVE('',#1551,#1552,#780,.T.);
#2003=EDGE_CURVE('',#1553,#1552,#781,.T.);
#2004=EDGE_CURVE('',#1553,#1485,#782,.T.);
#2005=EDGE_CURVE('',#1554,#1553,#783,.T.);
#2006=EDGE_CURVE('',#1554,#1486,#784,.T.);
#2007=EDGE_CURVE('',#1555,#1554,#785,.T.);
#2008=EDGE_CURVE('',#1556,#1555,#786,.T.);
#2009=EDGE_CURVE('',#1502,#1556,#787,.T.);
#2010=EDGE_CURVE('',#1556,#1551,#788,.T.);
#2011=EDGE_CURVE('',#1552,#1555,#789,.T.);
#2012=EDGE_CURVE('',#1557,#1558,#790,.T.);
#2013=EDGE_CURVE('',#1557,#1559,#791,.T.);
#2014=EDGE_CURVE('',#1560,#1559,#792,.T.);
#2015=EDGE_CURVE('',#1558,#1560,#793,.T.);
#2016=EDGE_CURVE('',#1558,#1561,#794,.T.);
#2017=EDGE_CURVE('',#1562,#1560,#795,.T.);
#2018=EDGE_CURVE('',#1561,#1562,#796,.T.);
#2019=EDGE_CURVE('',#1561,#1563,#797,.T.);
#2020=EDGE_CURVE('',#1564,#1562,#798,.T.);
#2021=EDGE_CURVE('',#1563,#1564,#799,.T.);
#2022=EDGE_CURVE('',#1563,#1557,#800,.T.);
#2023=EDGE_CURVE('',#1559,#1564,#801,.T.);
#2024=EDGE_CURVE('',#1509,#1498,#802,.T.);
#2025=EDGE_CURVE('',#1497,#1510,#803,.T.);
#2026=ORIENTED_EDGE('',*,*,#1565,.F.);
#2027=ORIENTED_EDGE('',*,*,#1566,.F.);
#2028=ORIENTED_EDGE('',*,*,#1567,.F.);
#2029=ORIENTED_EDGE('',*,*,#1568,.F.);
#2030=ORIENTED_EDGE('',*,*,#1569,.F.);
#2031=ORIENTED_EDGE('',*,*,#1570,.F.);
#2032=ORIENTED_EDGE('',*,*,#1571,.F.);
#2033=ORIENTED_EDGE('',*,*,#1572,.F.);
#2034=ORIENTED_EDGE('',*,*,#1573,.F.);
#2035=ORIENTED_EDGE('',*,*,#1574,.F.);
#2036=ORIENTED_EDGE('',*,*,#1575,.F.);
#2037=ORIENTED_EDGE('',*,*,#1576,.F.);
#2038=ORIENTED_EDGE('',*,*,#1577,.F.);
#2039=ORIENTED_EDGE('',*,*,#1578,.F.);
#2040=ORIENTED_EDGE('',*,*,#1579,.F.);
#2041=ORIENTED_EDGE('',*,*,#1580,.F.);
#2042=ORIENTED_EDGE('',*,*,#1581,.F.);
#2043=ORIENTED_EDGE('',*,*,#1582,.F.);
#2044=ORIENTED_EDGE('',*,*,#1583,.F.);
#2045=ORIENTED_EDGE('',*,*,#1584,.F.);
#2046=ORIENTED_EDGE('',*,*,#1585,.F.);
#2047=ORIENTED_EDGE('',*,*,#1586,.F.);
#2048=ORIENTED_EDGE('',*,*,#1587,.F.);
#2049=ORIENTED_EDGE('',*,*,#1588,.F.);
#2050=ORIENTED_EDGE('',*,*,#1589,.F.);
#2051=ORIENTED_EDGE('',*,*,#1590,.T.);
#2052=ORIENTED_EDGE('',*,*,#1585,.T.);
#2053=ORIENTED_EDGE('',*,*,#1591,.F.);
#2054=ORIENTED_EDGE('',*,*,#1592,.F.);
#2055=ORIENTED_EDGE('',*,*,#1591,.T.);
#2056=ORIENTED_EDGE('',*,*,#1584,.T.);
#2057=ORIENTED_EDGE('',*,*,#1593,.F.);
#2058=ORIENTED_EDGE('',*,*,#1594,.F.);
#2059=ORIENTED_EDGE('',*,*,#1593,.T.);
#2060=ORIENTED_EDGE('',*,*,#1583,.T.);
#2061=ORIENTED_EDGE('',*,*,#1595,.F.);
#2062=ORIENTED_EDGE('',*,*,#1596,.F.);
#2063=ORIENTED_EDGE('',*,*,#1595,.T.);
#2064=ORIENTED_EDGE('',*,*,#1582,.T.);
#2065=ORIENTED_EDGE('',*,*,#1597,.F.);
#2066=ORIENTED_EDGE('',*,*,#1598,.F.);
#2067=ORIENTED_EDGE('',*,*,#1599,.T.);
#2068=ORIENTED_EDGE('',*,*,#1578,.T.);
#2069=ORIENTED_EDGE('',*,*,#1600,.F.);
#2070=ORIENTED_EDGE('',*,*,#1601,.F.);
#2071=ORIENTED_EDGE('',*,*,#1600,.T.);
#2072=ORIENTED_EDGE('',*,*,#1577,.T.);
#2073=ORIENTED_EDGE('',*,*,#1602,.F.);
#2074=ORIENTED_EDGE('',*,*,#1603,.F.);
#2075=ORIENTED_EDGE('',*,*,#1602,.T.);
#2076=ORIENTED_EDGE('',*,*,#1576,.T.);
#2077=ORIENTED_EDGE('',*,*,#1604,.F.);
#2078=ORIENTED_EDGE('',*,*,#1605,.F.);
#2079=ORIENTED_EDGE('',*,*,#1604,.T.);
#2080=ORIENTED_EDGE('',*,*,#1575,.T.);
#2081=ORIENTED_EDGE('',*,*,#1606,.F.);
#2082=ORIENTED_EDGE('',*,*,#1607,.F.);
#2083=ORIENTED_EDGE('',*,*,#1608,.T.);
#2084=ORIENTED_EDGE('',*,*,#1569,.T.);
#2085=ORIENTED_EDGE('',*,*,#1609,.F.);
#2086=ORIENTED_EDGE('',*,*,#1610,.F.);
#2087=ORIENTED_EDGE('',*,*,#1609,.T.);
#2088=ORIENTED_EDGE('',*,*,#1568,.T.);
#2089=ORIENTED_EDGE('',*,*,#1611,.F.);
#2090=ORIENTED_EDGE('',*,*,#1612,.F.);
#2091=ORIENTED_EDGE('',*,*,#1611,.T.);
#2092=ORIENTED_EDGE('',*,*,#1567,.T.);
#2093=ORIENTED_EDGE('',*,*,#1613,.F.);
#2094=ORIENTED_EDGE('',*,*,#1614,.F.);
#2095=ORIENTED_EDGE('',*,*,#1613,.T.);
#2096=ORIENTED_EDGE('',*,*,#1566,.T.);
#2097=ORIENTED_EDGE('',*,*,#1615,.F.);
#2098=ORIENTED_EDGE('',*,*,#1616,.F.);
#2099=ORIENTED_EDGE('',*,*,#1615,.T.);
#2100=ORIENTED_EDGE('',*,*,#1565,.T.);
#2101=ORIENTED_EDGE('',*,*,#1617,.F.);
#2102=ORIENTED_EDGE('',*,*,#1618,.F.);
#2103=ORIENTED_EDGE('',*,*,#1597,.T.);
#2104=ORIENTED_EDGE('',*,*,#1588,.T.);
#2105=ORIENTED_EDGE('',*,*,#1619,.F.);
#2106=ORIENTED_EDGE('',*,*,#1620,.F.);
#2107=ORIENTED_EDGE('',*,*,#1619,.T.);
#2108=ORIENTED_EDGE('',*,*,#1587,.T.);
#2109=ORIENTED_EDGE('',*,*,#1621,.F.);
#2110=ORIENTED_EDGE('',*,*,#1622,.F.);
#2111=ORIENTED_EDGE('',*,*,#1621,.T.);
#2112=ORIENTED_EDGE('',*,*,#1586,.T.);
#2113=ORIENTED_EDGE('',*,*,#1590,.F.);
#2114=ORIENTED_EDGE('',*,*,#1623,.F.);
#2115=ORIENTED_EDGE('',*,*,#1606,.T.);
#2116=ORIENTED_EDGE('',*,*,#1581,.T.);
#2117=ORIENTED_EDGE('',*,*,#1624,.F.);
#2118=ORIENTED_EDGE('',*,*,#1625,.F.);
#2119=ORIENTED_EDGE('',*,*,#1624,.T.);
#2120=ORIENTED_EDGE('',*,*,#1580,.T.);
#2121=ORIENTED_EDGE('',*,*,#1626,.F.);
#2122=ORIENTED_EDGE('',*,*,#1627,.F.);
#2123=ORIENTED_EDGE('',*,*,#1626,.T.);
#2124=ORIENTED_EDGE('',*,*,#1579,.T.);
#2125=ORIENTED_EDGE('',*,*,#1599,.F.);
#2126=ORIENTED_EDGE('',*,*,#1628,.F.);
#2127=ORIENTED_EDGE('',*,*,#1629,.T.);
#2128=ORIENTED_EDGE('',*,*,#1570,.T.);
#2129=ORIENTED_EDGE('',*,*,#1608,.F.);
#2130=ORIENTED_EDGE('',*,*,#1630,.F.);
#2131=ORIENTED_EDGE('',*,*,#1631,.T.);
#2132=ORIENTED_EDGE('',*,*,#1571,.T.);
#2133=ORIENTED_EDGE('',*,*,#1629,.F.);
#2134=ORIENTED_EDGE('',*,*,#1632,.F.);
#2135=ORIENTED_EDGE('',*,*,#1633,.T.);
#2136=ORIENTED_EDGE('',*,*,#1572,.T.);
#2137=ORIENTED_EDGE('',*,*,#1631,.F.);
#2138=ORIENTED_EDGE('',*,*,#1634,.F.);
#2139=ORIENTED_EDGE('',*,*,#1635,.T.);
#2140=ORIENTED_EDGE('',*,*,#1573,.T.);
#2141=ORIENTED_EDGE('',*,*,#1633,.F.);
#2142=ORIENTED_EDGE('',*,*,#1636,.F.);
#2143=ORIENTED_EDGE('',*,*,#1617,.T.);
#2144=ORIENTED_EDGE('',*,*,#1574,.T.);
#2145=ORIENTED_EDGE('',*,*,#1635,.F.);
#2146=ORIENTED_EDGE('',*,*,#1637,.F.);
#2147=ORIENTED_EDGE('',*,*,#1638,.T.);
#2148=ORIENTED_EDGE('',*,*,#1639,.T.);
#2149=ORIENTED_EDGE('',*,*,#1640,.F.);
#2150=ORIENTED_EDGE('',*,*,#1641,.F.);
#2151=ORIENTED_EDGE('',*,*,#1640,.T.);
#2152=ORIENTED_EDGE('',*,*,#1642,.T.);
#2153=ORIENTED_EDGE('',*,*,#1643,.F.);
#2154=ORIENTED_EDGE('',*,*,#1644,.F.);
#2155=ORIENTED_EDGE('',*,*,#1643,.T.);
#2156=ORIENTED_EDGE('',*,*,#1645,.T.);
#2157=ORIENTED_EDGE('',*,*,#1646,.F.);
#2158=ORIENTED_EDGE('',*,*,#1647,.F.);
#2159=ORIENTED_EDGE('',*,*,#1648,.T.);
#2160=ORIENTED_EDGE('',*,*,#1649,.T.);
#2161=ORIENTED_EDGE('',*,*,#1650,.F.);
#2162=ORIENTED_EDGE('',*,*,#1651,.F.);
#2163=ORIENTED_EDGE('',*,*,#1652,.T.);
#2164=ORIENTED_EDGE('',*,*,#1653,.T.);
#2165=ORIENTED_EDGE('',*,*,#1648,.F.);
#2166=ORIENTED_EDGE('',*,*,#1654,.F.);
#2167=ORIENTED_EDGE('',*,*,#1655,.T.);
#2168=ORIENTED_EDGE('',*,*,#1656,.T.);
#2169=ORIENTED_EDGE('',*,*,#1652,.F.);
#2170=ORIENTED_EDGE('',*,*,#1657,.F.);
#2171=ORIENTED_EDGE('',*,*,#1658,.T.);
#2172=ORIENTED_EDGE('',*,*,#1659,.T.);
#2173=ORIENTED_EDGE('',*,*,#1638,.F.);
#2174=ORIENTED_EDGE('',*,*,#1660,.F.);
#2175=ORIENTED_EDGE('',*,*,#1661,.T.);
#2176=ORIENTED_EDGE('',*,*,#1662,.T.);
#2177=ORIENTED_EDGE('',*,*,#1658,.F.);
#2178=ORIENTED_EDGE('',*,*,#1663,.F.);
#2179=ORIENTED_EDGE('',*,*,#1664,.T.);
#2180=ORIENTED_EDGE('',*,*,#1665,.T.);
#2181=ORIENTED_EDGE('',*,*,#1661,.F.);
#2182=ORIENTED_EDGE('',*,*,#1666,.F.);
#2183=ORIENTED_EDGE('',*,*,#1646,.T.);
#2184=ORIENTED_EDGE('',*,*,#1667,.T.);
#2185=ORIENTED_EDGE('',*,*,#1664,.F.);
#2186=ORIENTED_EDGE('',*,*,#1668,.F.);
#2187=ORIENTED_EDGE('',*,*,#1669,.T.);
#2188=ORIENTED_EDGE('',*,*,#1670,.T.);
#2189=ORIENTED_EDGE('',*,*,#1655,.F.);
#2190=ORIENTED_EDGE('',*,*,#1671,.F.);
#2191=ORIENTED_EDGE('',*,*,#1672,.T.);
#2192=ORIENTED_EDGE('',*,*,#1673,.T.);
#2193=ORIENTED_EDGE('',*,*,#1669,.F.);
#2194=ORIENTED_EDGE('',*,*,#1674,.F.);
#2195=ORIENTED_EDGE('',*,*,#1675,.T.);
#2196=ORIENTED_EDGE('',*,*,#1676,.T.);
#2197=ORIENTED_EDGE('',*,*,#1672,.F.);
#2198=ORIENTED_EDGE('',*,*,#1677,.F.);
#2199=ORIENTED_EDGE('',*,*,#1650,.T.);
#2200=ORIENTED_EDGE('',*,*,#1678,.T.);
#2201=ORIENTED_EDGE('',*,*,#1675,.F.);
#2202=ORIENTED_EDGE('',*,*,#1659,.F.);
#2203=ORIENTED_EDGE('',*,*,#1662,.F.);
#2204=ORIENTED_EDGE('',*,*,#1665,.F.);
#2205=ORIENTED_EDGE('',*,*,#1667,.F.);
#2206=ORIENTED_EDGE('',*,*,#1645,.F.);
#2207=ORIENTED_EDGE('',*,*,#1642,.F.);
#2208=ORIENTED_EDGE('',*,*,#1639,.F.);
#2209=ORIENTED_EDGE('',*,*,#1670,.F.);
#2210=ORIENTED_EDGE('',*,*,#1673,.F.);
#2211=ORIENTED_EDGE('',*,*,#1676,.F.);
#2212=ORIENTED_EDGE('',*,*,#1678,.F.);
#2213=ORIENTED_EDGE('',*,*,#1649,.F.);
#2214=ORIENTED_EDGE('',*,*,#1653,.F.);
#2215=ORIENTED_EDGE('',*,*,#1656,.F.);
#2216=ORIENTED_EDGE('',*,*,#1679,.F.);
#2217=ORIENTED_EDGE('',*,*,#1680,.F.);
#2218=ORIENTED_EDGE('',*,*,#1679,.T.);
#2219=ORIENTED_EDGE('',*,*,#1681,.F.);
#2220=ORIENTED_EDGE('',*,*,#1682,.T.);
#2221=ORIENTED_EDGE('',*,*,#1683,.T.);
#2222=ORIENTED_EDGE('',*,*,#1684,.F.);
#2223=ORIENTED_EDGE('',*,*,#1685,.F.);
#2224=ORIENTED_EDGE('',*,*,#1684,.T.);
#2225=ORIENTED_EDGE('',*,*,#1686,.T.);
#2226=ORIENTED_EDGE('',*,*,#1687,.F.);
#2227=ORIENTED_EDGE('',*,*,#1688,.F.);
#2228=ORIENTED_EDGE('',*,*,#1687,.T.);
#2229=ORIENTED_EDGE('',*,*,#1689,.T.);
#2230=ORIENTED_EDGE('',*,*,#1690,.F.);
#2231=ORIENTED_EDGE('',*,*,#1691,.F.);
#2232=ORIENTED_EDGE('',*,*,#1690,.T.);
#2233=ORIENTED_EDGE('',*,*,#1692,.T.);
#2234=ORIENTED_EDGE('',*,*,#1693,.F.);
#2235=ORIENTED_EDGE('',*,*,#1694,.F.);
#2236=ORIENTED_EDGE('',*,*,#1693,.T.);
#2237=ORIENTED_EDGE('',*,*,#1695,.T.);
#2238=ORIENTED_EDGE('',*,*,#1696,.F.);
#2239=ORIENTED_EDGE('',*,*,#1697,.F.);
#2240=ORIENTED_EDGE('',*,*,#1698,.T.);
#2241=ORIENTED_EDGE('',*,*,#1699,.T.);
#2242=ORIENTED_EDGE('',*,*,#1682,.F.);
#2243=ORIENTED_EDGE('',*,*,#1700,.F.);
#2244=ORIENTED_EDGE('',*,*,#1701,.T.);
#2245=ORIENTED_EDGE('',*,*,#1702,.T.);
#2246=ORIENTED_EDGE('',*,*,#1698,.F.);
#2247=ORIENTED_EDGE('',*,*,#1703,.F.);
#2248=ORIENTED_EDGE('',*,*,#1704,.T.);
#2249=ORIENTED_EDGE('',*,*,#1705,.T.);
#2250=ORIENTED_EDGE('',*,*,#1701,.F.);
#2251=ORIENTED_EDGE('',*,*,#1706,.F.);
#2252=ORIENTED_EDGE('',*,*,#1707,.T.);
#2253=ORIENTED_EDGE('',*,*,#1708,.T.);
#2254=ORIENTED_EDGE('',*,*,#1704,.F.);
#2255=ORIENTED_EDGE('',*,*,#1709,.F.);
#2256=ORIENTED_EDGE('',*,*,#1696,.T.);
#2257=ORIENTED_EDGE('',*,*,#1710,.T.);
#2258=ORIENTED_EDGE('',*,*,#1707,.F.);
#2259=ORIENTED_EDGE('',*,*,#1699,.F.);
#2260=ORIENTED_EDGE('',*,*,#1702,.F.);
#2261=ORIENTED_EDGE('',*,*,#1705,.F.);
#2262=ORIENTED_EDGE('',*,*,#1708,.F.);
#2263=ORIENTED_EDGE('',*,*,#1710,.F.);
#2264=ORIENTED_EDGE('',*,*,#1695,.F.);
#2265=ORIENTED_EDGE('',*,*,#1692,.F.);
#2266=ORIENTED_EDGE('',*,*,#1689,.F.);
#2267=ORIENTED_EDGE('',*,*,#1686,.F.);
#2268=ORIENTED_EDGE('',*,*,#1683,.F.);
#2269=ORIENTED_EDGE('',*,*,#1711,.F.);
#2270=ORIENTED_EDGE('',*,*,#1712,.F.);
#2271=ORIENTED_EDGE('',*,*,#1713,.F.);
#2272=ORIENTED_EDGE('',*,*,#1714,.F.);
#2273=ORIENTED_EDGE('',*,*,#1715,.F.);
#2274=ORIENTED_EDGE('',*,*,#1716,.F.);
#2275=ORIENTED_EDGE('',*,*,#1717,.F.);
#2276=ORIENTED_EDGE('',*,*,#1718,.F.);
#2277=ORIENTED_EDGE('',*,*,#1719,.F.);
#2278=ORIENTED_EDGE('',*,*,#1720,.F.);
#2279=ORIENTED_EDGE('',*,*,#1721,.F.);
#2280=ORIENTED_EDGE('',*,*,#1722,.T.);
#2281=ORIENTED_EDGE('',*,*,#1715,.T.);
#2282=ORIENTED_EDGE('',*,*,#1723,.F.);
#2283=ORIENTED_EDGE('',*,*,#1724,.F.);
#2284=ORIENTED_EDGE('',*,*,#1723,.T.);
#2285=ORIENTED_EDGE('',*,*,#1714,.T.);
#2286=ORIENTED_EDGE('',*,*,#1725,.F.);
#2287=ORIENTED_EDGE('',*,*,#1726,.F.);
#2288=ORIENTED_EDGE('',*,*,#1725,.T.);
#2289=ORIENTED_EDGE('',*,*,#1713,.T.);
#2290=ORIENTED_EDGE('',*,*,#1727,.F.);
#2291=ORIENTED_EDGE('',*,*,#1728,.F.);
#2292=ORIENTED_EDGE('',*,*,#1727,.T.);
#2293=ORIENTED_EDGE('',*,*,#1712,.T.);
#2294=ORIENTED_EDGE('',*,*,#1729,.F.);
#2295=ORIENTED_EDGE('',*,*,#1730,.F.);
#2296=ORIENTED_EDGE('',*,*,#1729,.T.);
#2297=ORIENTED_EDGE('',*,*,#1711,.T.);
#2298=ORIENTED_EDGE('',*,*,#1731,.F.);
#2299=ORIENTED_EDGE('',*,*,#1732,.F.);
#2300=ORIENTED_EDGE('',*,*,#1733,.T.);
#2301=ORIENTED_EDGE('',*,*,#1716,.T.);
#2302=ORIENTED_EDGE('',*,*,#1722,.F.);
#2303=ORIENTED_EDGE('',*,*,#1734,.F.);
#2304=ORIENTED_EDGE('',*,*,#1735,.T.);
#2305=ORIENTED_EDGE('',*,*,#1717,.T.);
#2306=ORIENTED_EDGE('',*,*,#1733,.F.);
#2307=ORIENTED_EDGE('',*,*,#1736,.F.);
#2308=ORIENTED_EDGE('',*,*,#1737,.T.);
#2309=ORIENTED_EDGE('',*,*,#1718,.T.);
#2310=ORIENTED_EDGE('',*,*,#1735,.F.);
#2311=ORIENTED_EDGE('',*,*,#1738,.F.);
#2312=ORIENTED_EDGE('',*,*,#1739,.T.);
#2313=ORIENTED_EDGE('',*,*,#1719,.T.);
#2314=ORIENTED_EDGE('',*,*,#1737,.F.);
#2315=ORIENTED_EDGE('',*,*,#1740,.F.);
#2316=ORIENTED_EDGE('',*,*,#1731,.T.);
#2317=ORIENTED_EDGE('',*,*,#1720,.T.);
#2318=ORIENTED_EDGE('',*,*,#1739,.F.);
#2319=ORIENTED_EDGE('',*,*,#1741,.F.);
#2320=ORIENTED_EDGE('',*,*,#1742,.T.);
#2321=ORIENTED_EDGE('',*,*,#1743,.T.);
#2322=ORIENTED_EDGE('',*,*,#1744,.F.);
#2323=ORIENTED_EDGE('',*,*,#1745,.F.);
#2324=ORIENTED_EDGE('',*,*,#1744,.T.);
#2325=ORIENTED_EDGE('',*,*,#1746,.T.);
#2326=ORIENTED_EDGE('',*,*,#1747,.F.);
#2327=ORIENTED_EDGE('',*,*,#1748,.F.);
#2328=ORIENTED_EDGE('',*,*,#1747,.T.);
#2329=ORIENTED_EDGE('',*,*,#1749,.T.);
#2330=ORIENTED_EDGE('',*,*,#1750,.F.);
#2331=ORIENTED_EDGE('',*,*,#1751,.F.);
#2332=ORIENTED_EDGE('',*,*,#1750,.T.);
#2333=ORIENTED_EDGE('',*,*,#1752,.T.);
#2334=ORIENTED_EDGE('',*,*,#1753,.F.);
#2335=ORIENTED_EDGE('',*,*,#1754,.F.);
#2336=ORIENTED_EDGE('',*,*,#1753,.T.);
#2337=ORIENTED_EDGE('',*,*,#1755,.T.);
#2338=ORIENTED_EDGE('',*,*,#1756,.F.);
#2339=ORIENTED_EDGE('',*,*,#1757,.F.);
#2340=ORIENTED_EDGE('',*,*,#1756,.T.);
#2341=ORIENTED_EDGE('',*,*,#1758,.T.);
#2342=ORIENTED_EDGE('',*,*,#1759,.F.);
#2343=ORIENTED_EDGE('',*,*,#1760,.F.);
#2344=ORIENTED_EDGE('',*,*,#1759,.T.);
#2345=ORIENTED_EDGE('',*,*,#1761,.T.);
#2346=ORIENTED_EDGE('',*,*,#1762,.F.);
#2347=ORIENTED_EDGE('',*,*,#1763,.F.);
#2348=ORIENTED_EDGE('',*,*,#1762,.T.);
#2349=ORIENTED_EDGE('',*,*,#1764,.T.);
#2350=ORIENTED_EDGE('',*,*,#1765,.F.);
#2351=ORIENTED_EDGE('',*,*,#1766,.F.);
#2352=ORIENTED_EDGE('',*,*,#1767,.T.);
#2353=ORIENTED_EDGE('',*,*,#1768,.T.);
#2354=ORIENTED_EDGE('',*,*,#1742,.F.);
#2355=ORIENTED_EDGE('',*,*,#1769,.F.);
#2356=ORIENTED_EDGE('',*,*,#1770,.T.);
#2357=ORIENTED_EDGE('',*,*,#1771,.T.);
#2358=ORIENTED_EDGE('',*,*,#1767,.F.);
#2359=ORIENTED_EDGE('',*,*,#1772,.F.);
#2360=ORIENTED_EDGE('',*,*,#1773,.T.);
#2361=ORIENTED_EDGE('',*,*,#1774,.T.);
#2362=ORIENTED_EDGE('',*,*,#1770,.F.);
#2363=ORIENTED_EDGE('',*,*,#1775,.F.);
#2364=ORIENTED_EDGE('',*,*,#1776,.T.);
#2365=ORIENTED_EDGE('',*,*,#1777,.T.);
#2366=ORIENTED_EDGE('',*,*,#1773,.F.);
#2367=ORIENTED_EDGE('',*,*,#1778,.F.);
#2368=ORIENTED_EDGE('',*,*,#1779,.T.);
#2369=ORIENTED_EDGE('',*,*,#1780,.T.);
#2370=ORIENTED_EDGE('',*,*,#1776,.F.);
#2371=ORIENTED_EDGE('',*,*,#1781,.F.);
#2372=ORIENTED_EDGE('',*,*,#1782,.T.);
#2373=ORIENTED_EDGE('',*,*,#1783,.T.);
#2374=ORIENTED_EDGE('',*,*,#1779,.F.);
#2375=ORIENTED_EDGE('',*,*,#1784,.F.);
#2376=ORIENTED_EDGE('',*,*,#1785,.T.);
#2377=ORIENTED_EDGE('',*,*,#1786,.T.);
#2378=ORIENTED_EDGE('',*,*,#1782,.F.);
#2379=ORIENTED_EDGE('',*,*,#1787,.F.);
#2380=ORIENTED_EDGE('',*,*,#1788,.T.);
#2381=ORIENTED_EDGE('',*,*,#1789,.T.);
#2382=ORIENTED_EDGE('',*,*,#1785,.F.);
#2383=ORIENTED_EDGE('',*,*,#1790,.F.);
#2384=ORIENTED_EDGE('',*,*,#1765,.T.);
#2385=ORIENTED_EDGE('',*,*,#1791,.T.);
#2386=ORIENTED_EDGE('',*,*,#1788,.F.);
#2387=ORIENTED_EDGE('',*,*,#1768,.F.);
#2388=ORIENTED_EDGE('',*,*,#1771,.F.);
#2389=ORIENTED_EDGE('',*,*,#1774,.F.);
#2390=ORIENTED_EDGE('',*,*,#1777,.F.);
#2391=ORIENTED_EDGE('',*,*,#1780,.F.);
#2392=ORIENTED_EDGE('',*,*,#1783,.F.);
#2393=ORIENTED_EDGE('',*,*,#1786,.F.);
#2394=ORIENTED_EDGE('',*,*,#1789,.F.);
#2395=ORIENTED_EDGE('',*,*,#1791,.F.);
#2396=ORIENTED_EDGE('',*,*,#1764,.F.);
#2397=ORIENTED_EDGE('',*,*,#1761,.F.);
#2398=ORIENTED_EDGE('',*,*,#1758,.F.);
#2399=ORIENTED_EDGE('',*,*,#1755,.F.);
#2400=ORIENTED_EDGE('',*,*,#1752,.F.);
#2401=ORIENTED_EDGE('',*,*,#1749,.F.);
#2402=ORIENTED_EDGE('',*,*,#1746,.F.);
#2403=ORIENTED_EDGE('',*,*,#1743,.F.);
#2404=ORIENTED_EDGE('',*,*,#1792,.F.);
#2405=ORIENTED_EDGE('',*,*,#1793,.F.);
#2406=ORIENTED_EDGE('',*,*,#1794,.F.);
#2407=ORIENTED_EDGE('',*,*,#1795,.F.);
#2408=ORIENTED_EDGE('',*,*,#1796,.F.);
#2409=ORIENTED_EDGE('',*,*,#1797,.F.);
#2410=ORIENTED_EDGE('',*,*,#1798,.F.);
#2411=ORIENTED_EDGE('',*,*,#1799,.F.);
#2412=ORIENTED_EDGE('',*,*,#1800,.F.);
#2413=ORIENTED_EDGE('',*,*,#1801,.F.);
#2414=ORIENTED_EDGE('',*,*,#1802,.F.);
#2415=ORIENTED_EDGE('',*,*,#1803,.F.);
#2416=ORIENTED_EDGE('',*,*,#1804,.F.);
#2417=ORIENTED_EDGE('',*,*,#1805,.T.);
#2418=ORIENTED_EDGE('',*,*,#1797,.T.);
#2419=ORIENTED_EDGE('',*,*,#1806,.F.);
#2420=ORIENTED_EDGE('',*,*,#1807,.F.);
#2421=ORIENTED_EDGE('',*,*,#1806,.T.);
#2422=ORIENTED_EDGE('',*,*,#1796,.T.);
#2423=ORIENTED_EDGE('',*,*,#1808,.F.);
#2424=ORIENTED_EDGE('',*,*,#1809,.F.);
#2425=ORIENTED_EDGE('',*,*,#1808,.T.);
#2426=ORIENTED_EDGE('',*,*,#1795,.T.);
#2427=ORIENTED_EDGE('',*,*,#1810,.F.);
#2428=ORIENTED_EDGE('',*,*,#1811,.F.);
#2429=ORIENTED_EDGE('',*,*,#1810,.T.);
#2430=ORIENTED_EDGE('',*,*,#1794,.T.);
#2431=ORIENTED_EDGE('',*,*,#1812,.F.);
#2432=ORIENTED_EDGE('',*,*,#1813,.F.);
#2433=ORIENTED_EDGE('',*,*,#1812,.T.);
#2434=ORIENTED_EDGE('',*,*,#1793,.T.);
#2435=ORIENTED_EDGE('',*,*,#1814,.F.);
#2436=ORIENTED_EDGE('',*,*,#1815,.F.);
#2437=ORIENTED_EDGE('',*,*,#1814,.T.);
#2438=ORIENTED_EDGE('',*,*,#1792,.T.);
#2439=ORIENTED_EDGE('',*,*,#1816,.F.);
#2440=ORIENTED_EDGE('',*,*,#1817,.F.);
#2441=ORIENTED_EDGE('',*,*,#1818,.T.);
#2442=ORIENTED_EDGE('',*,*,#1798,.T.);
#2443=ORIENTED_EDGE('',*,*,#1805,.F.);
#2444=ORIENTED_EDGE('',*,*,#1819,.F.);
#2445=ORIENTED_EDGE('',*,*,#1820,.T.);
#2446=ORIENTED_EDGE('',*,*,#1799,.T.);
#2447=ORIENTED_EDGE('',*,*,#1818,.F.);
#2448=ORIENTED_EDGE('',*,*,#1821,.F.);
#2449=ORIENTED_EDGE('',*,*,#1822,.T.);
#2450=ORIENTED_EDGE('',*,*,#1800,.T.);
#2451=ORIENTED_EDGE('',*,*,#1820,.F.);
#2452=ORIENTED_EDGE('',*,*,#1823,.F.);
#2453=ORIENTED_EDGE('',*,*,#1824,.T.);
#2454=ORIENTED_EDGE('',*,*,#1801,.T.);
#2455=ORIENTED_EDGE('',*,*,#1822,.F.);
#2456=ORIENTED_EDGE('',*,*,#1825,.F.);
#2457=ORIENTED_EDGE('',*,*,#1826,.T.);
#2458=ORIENTED_EDGE('',*,*,#1802,.T.);
#2459=ORIENTED_EDGE('',*,*,#1824,.F.);
#2460=ORIENTED_EDGE('',*,*,#1827,.F.);
#2461=ORIENTED_EDGE('',*,*,#1816,.T.);
#2462=ORIENTED_EDGE('',*,*,#1803,.T.);
#2463=ORIENTED_EDGE('',*,*,#1826,.F.);
#2464=ORIENTED_EDGE('',*,*,#1828,.F.);
#2465=ORIENTED_EDGE('',*,*,#1829,.T.);
#2466=ORIENTED_EDGE('',*,*,#1830,.T.);
#2467=ORIENTED_EDGE('',*,*,#1831,.F.);
#2468=ORIENTED_EDGE('',*,*,#1832,.F.);
#2469=ORIENTED_EDGE('',*,*,#1831,.T.);
#2470=ORIENTED_EDGE('',*,*,#1833,.T.);
#2471=ORIENTED_EDGE('',*,*,#1834,.F.);
#2472=ORIENTED_EDGE('',*,*,#1835,.F.);
#2473=ORIENTED_EDGE('',*,*,#1834,.T.);
#2474=ORIENTED_EDGE('',*,*,#1836,.T.);
#2475=ORIENTED_EDGE('',*,*,#1837,.F.);
#2476=ORIENTED_EDGE('',*,*,#1838,.F.);
#2477=ORIENTED_EDGE('',*,*,#1837,.T.);
#2478=ORIENTED_EDGE('',*,*,#1839,.T.);
#2479=ORIENTED_EDGE('',*,*,#1840,.F.);
#2480=ORIENTED_EDGE('',*,*,#1841,.F.);
#2481=ORIENTED_EDGE('',*,*,#1840,.T.);
#2482=ORIENTED_EDGE('',*,*,#1842,.T.);
#2483=ORIENTED_EDGE('',*,*,#1843,.F.);
#2484=ORIENTED_EDGE('',*,*,#1844,.F.);
#2485=ORIENTED_EDGE('',*,*,#1843,.T.);
#2486=ORIENTED_EDGE('',*,*,#1845,.T.);
#2487=ORIENTED_EDGE('',*,*,#1846,.F.);
#2488=ORIENTED_EDGE('',*,*,#1847,.F.);
#2489=ORIENTED_EDGE('',*,*,#1846,.T.);
#2490=ORIENTED_EDGE('',*,*,#1848,.T.);
#2491=ORIENTED_EDGE('',*,*,#1849,.F.);
#2492=ORIENTED_EDGE('',*,*,#1850,.F.);
#2493=ORIENTED_EDGE('',*,*,#1849,.T.);
#2494=ORIENTED_EDGE('',*,*,#1851,.T.);
#2495=ORIENTED_EDGE('',*,*,#1852,.F.);
#2496=ORIENTED_EDGE('',*,*,#1853,.F.);
#2497=ORIENTED_EDGE('',*,*,#1854,.T.);
#2498=ORIENTED_EDGE('',*,*,#1855,.T.);
#2499=ORIENTED_EDGE('',*,*,#1829,.F.);
#2500=ORIENTED_EDGE('',*,*,#1856,.F.);
#2501=ORIENTED_EDGE('',*,*,#1857,.T.);
#2502=ORIENTED_EDGE('',*,*,#1858,.T.);
#2503=ORIENTED_EDGE('',*,*,#1854,.F.);
#2504=ORIENTED_EDGE('',*,*,#1859,.F.);
#2505=ORIENTED_EDGE('',*,*,#1860,.T.);
#2506=ORIENTED_EDGE('',*,*,#1861,.T.);
#2507=ORIENTED_EDGE('',*,*,#1857,.F.);
#2508=ORIENTED_EDGE('',*,*,#1862,.F.);
#2509=ORIENTED_EDGE('',*,*,#1863,.T.);
#2510=ORIENTED_EDGE('',*,*,#1864,.T.);
#2511=ORIENTED_EDGE('',*,*,#1860,.F.);
#2512=ORIENTED_EDGE('',*,*,#1865,.F.);
#2513=ORIENTED_EDGE('',*,*,#1866,.T.);
#2514=ORIENTED_EDGE('',*,*,#1867,.T.);
#2515=ORIENTED_EDGE('',*,*,#1863,.F.);
#2516=ORIENTED_EDGE('',*,*,#1868,.F.);
#2517=ORIENTED_EDGE('',*,*,#1869,.T.);
#2518=ORIENTED_EDGE('',*,*,#1870,.T.);
#2519=ORIENTED_EDGE('',*,*,#1866,.F.);
#2520=ORIENTED_EDGE('',*,*,#1871,.F.);
#2521=ORIENTED_EDGE('',*,*,#1872,.T.);
#2522=ORIENTED_EDGE('',*,*,#1873,.T.);
#2523=ORIENTED_EDGE('',*,*,#1869,.F.);
#2524=ORIENTED_EDGE('',*,*,#1874,.F.);
#2525=ORIENTED_EDGE('',*,*,#1875,.T.);
#2526=ORIENTED_EDGE('',*,*,#1876,.T.);
#2527=ORIENTED_EDGE('',*,*,#1872,.F.);
#2528=ORIENTED_EDGE('',*,*,#1877,.F.);
#2529=ORIENTED_EDGE('',*,*,#1852,.T.);
#2530=ORIENTED_EDGE('',*,*,#1878,.T.);
#2531=ORIENTED_EDGE('',*,*,#1875,.F.);
#2532=ORIENTED_EDGE('',*,*,#1855,.F.);
#2533=ORIENTED_EDGE('',*,*,#1858,.F.);
#2534=ORIENTED_EDGE('',*,*,#1861,.F.);
#2535=ORIENTED_EDGE('',*,*,#1864,.F.);
#2536=ORIENTED_EDGE('',*,*,#1867,.F.);
#2537=ORIENTED_EDGE('',*,*,#1870,.F.);
#2538=ORIENTED_EDGE('',*,*,#1873,.F.);
#2539=ORIENTED_EDGE('',*,*,#1876,.F.);
#2540=ORIENTED_EDGE('',*,*,#1878,.F.);
#2541=ORIENTED_EDGE('',*,*,#1851,.F.);
#2542=ORIENTED_EDGE('',*,*,#1848,.F.);
#2543=ORIENTED_EDGE('',*,*,#1845,.F.);
#2544=ORIENTED_EDGE('',*,*,#1842,.F.);
#2545=ORIENTED_EDGE('',*,*,#1839,.F.);
#2546=ORIENTED_EDGE('',*,*,#1836,.F.);
#2547=ORIENTED_EDGE('',*,*,#1833,.F.);
#2548=ORIENTED_EDGE('',*,*,#1830,.F.);
#2549=ORIENTED_EDGE('',*,*,#1647,.T.);
#2550=ORIENTED_EDGE('',*,*,#1677,.T.);
#2551=ORIENTED_EDGE('',*,*,#1674,.T.);
#2552=ORIENTED_EDGE('',*,*,#1671,.T.);
#2553=ORIENTED_EDGE('',*,*,#1668,.T.);
#2554=ORIENTED_EDGE('',*,*,#1654,.T.);
#2555=ORIENTED_EDGE('',*,*,#1651,.T.);
#2556=ORIENTED_EDGE('',*,*,#1879,.T.);
#2557=ORIENTED_EDGE('',*,*,#1880,.T.);
#2558=ORIENTED_EDGE('',*,*,#1881,.T.);
#2559=ORIENTED_EDGE('',*,*,#1882,.T.);
#2560=ORIENTED_EDGE('',*,*,#1607,.T.);
#2561=ORIENTED_EDGE('',*,*,#1610,.T.);
#2562=ORIENTED_EDGE('',*,*,#1612,.T.);
#2563=ORIENTED_EDGE('',*,*,#1614,.T.);
#2564=ORIENTED_EDGE('',*,*,#1616,.T.);
#2565=ORIENTED_EDGE('',*,*,#1636,.T.);
#2566=ORIENTED_EDGE('',*,*,#1634,.T.);
#2567=ORIENTED_EDGE('',*,*,#1632,.T.);
#2568=ORIENTED_EDGE('',*,*,#1630,.T.);
#2569=ORIENTED_EDGE('',*,*,#1628,.T.);
#2570=ORIENTED_EDGE('',*,*,#1637,.T.);
#2571=ORIENTED_EDGE('',*,*,#1641,.T.);
#2572=ORIENTED_EDGE('',*,*,#1644,.T.);
#2573=ORIENTED_EDGE('',*,*,#1666,.T.);
#2574=ORIENTED_EDGE('',*,*,#1663,.T.);
#2575=ORIENTED_EDGE('',*,*,#1660,.T.);
#2576=ORIENTED_EDGE('',*,*,#1657,.T.);
#2577=ORIENTED_EDGE('',*,*,#1680,.T.);
#2578=ORIENTED_EDGE('',*,*,#1681,.T.);
#2579=ORIENTED_EDGE('',*,*,#1685,.T.);
#2580=ORIENTED_EDGE('',*,*,#1688,.T.);
#2581=ORIENTED_EDGE('',*,*,#1691,.T.);
#2582=ORIENTED_EDGE('',*,*,#1694,.T.);
#2583=ORIENTED_EDGE('',*,*,#1709,.T.);
#2584=ORIENTED_EDGE('',*,*,#1706,.T.);
#2585=ORIENTED_EDGE('',*,*,#1703,.T.);
#2586=ORIENTED_EDGE('',*,*,#1700,.T.);
#2587=ORIENTED_EDGE('',*,*,#1697,.T.);
#2588=ORIENTED_EDGE('',*,*,#1721,.T.);
#2589=ORIENTED_EDGE('',*,*,#1724,.T.);
#2590=ORIENTED_EDGE('',*,*,#1726,.T.);
#2591=ORIENTED_EDGE('',*,*,#1728,.T.);
#2592=ORIENTED_EDGE('',*,*,#1730,.T.);
#2593=ORIENTED_EDGE('',*,*,#1740,.T.);
#2594=ORIENTED_EDGE('',*,*,#1738,.T.);
#2595=ORIENTED_EDGE('',*,*,#1736,.T.);
#2596=ORIENTED_EDGE('',*,*,#1734,.T.);
#2597=ORIENTED_EDGE('',*,*,#1732,.T.);
#2598=ORIENTED_EDGE('',*,*,#1741,.T.);
#2599=ORIENTED_EDGE('',*,*,#1745,.T.);
#2600=ORIENTED_EDGE('',*,*,#1748,.T.);
#2601=ORIENTED_EDGE('',*,*,#1751,.T.);
#2602=ORIENTED_EDGE('',*,*,#1754,.T.);
#2603=ORIENTED_EDGE('',*,*,#1757,.T.);
#2604=ORIENTED_EDGE('',*,*,#1760,.T.);
#2605=ORIENTED_EDGE('',*,*,#1763,.T.);
#2606=ORIENTED_EDGE('',*,*,#1790,.T.);
#2607=ORIENTED_EDGE('',*,*,#1787,.T.);
#2608=ORIENTED_EDGE('',*,*,#1784,.T.);
#2609=ORIENTED_EDGE('',*,*,#1781,.T.);
#2610=ORIENTED_EDGE('',*,*,#1778,.T.);
#2611=ORIENTED_EDGE('',*,*,#1775,.T.);
#2612=ORIENTED_EDGE('',*,*,#1772,.T.);
#2613=ORIENTED_EDGE('',*,*,#1769,.T.);
#2614=ORIENTED_EDGE('',*,*,#1766,.T.);
#2615=ORIENTED_EDGE('',*,*,#1804,.T.);
#2616=ORIENTED_EDGE('',*,*,#1807,.T.);
#2617=ORIENTED_EDGE('',*,*,#1809,.T.);
#2618=ORIENTED_EDGE('',*,*,#1811,.T.);
#2619=ORIENTED_EDGE('',*,*,#1813,.T.);
#2620=ORIENTED_EDGE('',*,*,#1815,.T.);
#2621=ORIENTED_EDGE('',*,*,#1827,.T.);
#2622=ORIENTED_EDGE('',*,*,#1825,.T.);
#2623=ORIENTED_EDGE('',*,*,#1823,.T.);
#2624=ORIENTED_EDGE('',*,*,#1821,.T.);
#2625=ORIENTED_EDGE('',*,*,#1819,.T.);
#2626=ORIENTED_EDGE('',*,*,#1817,.T.);
#2627=ORIENTED_EDGE('',*,*,#1828,.T.);
#2628=ORIENTED_EDGE('',*,*,#1832,.T.);
#2629=ORIENTED_EDGE('',*,*,#1835,.T.);
#2630=ORIENTED_EDGE('',*,*,#1838,.T.);
#2631=ORIENTED_EDGE('',*,*,#1841,.T.);
#2632=ORIENTED_EDGE('',*,*,#1844,.T.);
#2633=ORIENTED_EDGE('',*,*,#1847,.T.);
#2634=ORIENTED_EDGE('',*,*,#1850,.T.);
#2635=ORIENTED_EDGE('',*,*,#1877,.T.);
#2636=ORIENTED_EDGE('',*,*,#1874,.T.);
#2637=ORIENTED_EDGE('',*,*,#1871,.T.);
#2638=ORIENTED_EDGE('',*,*,#1868,.T.);
#2639=ORIENTED_EDGE('',*,*,#1865,.T.);
#2640=ORIENTED_EDGE('',*,*,#1862,.T.);
#2641=ORIENTED_EDGE('',*,*,#1859,.T.);
#2642=ORIENTED_EDGE('',*,*,#1856,.T.);
#2643=ORIENTED_EDGE('',*,*,#1853,.T.);
#2644=ORIENTED_EDGE('',*,*,#1598,.T.);
#2645=ORIENTED_EDGE('',*,*,#1601,.T.);
#2646=ORIENTED_EDGE('',*,*,#1603,.T.);
#2647=ORIENTED_EDGE('',*,*,#1605,.T.);
#2648=ORIENTED_EDGE('',*,*,#1623,.T.);
#2649=ORIENTED_EDGE('',*,*,#1625,.T.);
#2650=ORIENTED_EDGE('',*,*,#1627,.T.);
#2651=ORIENTED_EDGE('',*,*,#1883,.F.);
#2652=ORIENTED_EDGE('',*,*,#1884,.T.);
#2653=ORIENTED_EDGE('',*,*,#1885,.T.);
#2654=ORIENTED_EDGE('',*,*,#1886,.T.);
#2655=ORIENTED_EDGE('',*,*,#1887,.F.);
#2656=ORIENTED_EDGE('',*,*,#1888,.T.);
#2657=ORIENTED_EDGE('',*,*,#1889,.T.);
#2658=ORIENTED_EDGE('',*,*,#1890,.T.);
#2659=ORIENTED_EDGE('',*,*,#1891,.F.);
#2660=ORIENTED_EDGE('',*,*,#1892,.T.);
#2661=ORIENTED_EDGE('',*,*,#1893,.T.);
#2662=ORIENTED_EDGE('',*,*,#1894,.T.);
#2663=ORIENTED_EDGE('',*,*,#1895,.F.);
#2664=ORIENTED_EDGE('',*,*,#1896,.T.);
#2665=ORIENTED_EDGE('',*,*,#1897,.T.);
#2666=ORIENTED_EDGE('',*,*,#1898,.T.);
#2667=ORIENTED_EDGE('',*,*,#1899,.F.);
#2668=ORIENTED_EDGE('',*,*,#1900,.T.);
#2669=ORIENTED_EDGE('',*,*,#1901,.T.);
#2670=ORIENTED_EDGE('',*,*,#1902,.T.);
#2671=ORIENTED_EDGE('',*,*,#1903,.F.);
#2672=ORIENTED_EDGE('',*,*,#1904,.T.);
#2673=ORIENTED_EDGE('',*,*,#1905,.T.);
#2674=ORIENTED_EDGE('',*,*,#1906,.T.);
#2675=ORIENTED_EDGE('',*,*,#1907,.T.);
#2676=ORIENTED_EDGE('',*,*,#1887,.T.);
#2677=ORIENTED_EDGE('',*,*,#1908,.T.);
#2678=ORIENTED_EDGE('',*,*,#1909,.T.);
#2679=ORIENTED_EDGE('',*,*,#1910,.T.);
#2680=ORIENTED_EDGE('',*,*,#1879,.F.);
#2681=ORIENTED_EDGE('',*,*,#1911,.F.);
#2682=ORIENTED_EDGE('',*,*,#1912,.T.);
#2683=ORIENTED_EDGE('',*,*,#1913,.T.);
#2684=ORIENTED_EDGE('',*,*,#1891,.T.);
#2685=ORIENTED_EDGE('',*,*,#1914,.T.);
#2686=ORIENTED_EDGE('',*,*,#1915,.T.);
#2687=ORIENTED_EDGE('',*,*,#1916,.T.);
#2688=ORIENTED_EDGE('',*,*,#1895,.T.);
#2689=ORIENTED_EDGE('',*,*,#1917,.T.);
#2690=ORIENTED_EDGE('',*,*,#1918,.T.);
#2691=ORIENTED_EDGE('',*,*,#1919,.T.);
#2692=ORIENTED_EDGE('',*,*,#1883,.T.);
#2693=ORIENTED_EDGE('',*,*,#1920,.T.);
#2694=ORIENTED_EDGE('',*,*,#1921,.T.);
#2695=ORIENTED_EDGE('',*,*,#1922,.T.);
#2696=ORIENTED_EDGE('',*,*,#1903,.T.);
#2697=ORIENTED_EDGE('',*,*,#1923,.T.);
#2698=ORIENTED_EDGE('',*,*,#1924,.T.);
#2699=ORIENTED_EDGE('',*,*,#1925,.T.);
#2700=ORIENTED_EDGE('',*,*,#1899,.T.);
#2701=ORIENTED_EDGE('',*,*,#1926,.T.);
#2702=ORIENTED_EDGE('',*,*,#1927,.T.);
#2703=ORIENTED_EDGE('',*,*,#1928,.T.);
#2704=ORIENTED_EDGE('',*,*,#1881,.F.);
#2705=ORIENTED_EDGE('',*,*,#1929,.F.);
#2706=ORIENTED_EDGE('',*,*,#1930,.T.);
#2707=ORIENTED_EDGE('',*,*,#1931,.F.);
#2708=ORIENTED_EDGE('',*,*,#1932,.T.);
#2709=ORIENTED_EDGE('',*,*,#1933,.F.);
#2710=ORIENTED_EDGE('',*,*,#1934,.F.);
#2711=ORIENTED_EDGE('',*,*,#1935,.F.);
#2712=ORIENTED_EDGE('',*,*,#1934,.T.);
#2713=ORIENTED_EDGE('',*,*,#1936,.F.);
#2714=ORIENTED_EDGE('',*,*,#1937,.F.);
#2715=ORIENTED_EDGE('',*,*,#1938,.F.);
#2716=ORIENTED_EDGE('',*,*,#1937,.T.);
#2717=ORIENTED_EDGE('',*,*,#1939,.F.);
#2718=ORIENTED_EDGE('',*,*,#1940,.F.);
#2719=ORIENTED_EDGE('',*,*,#1941,.F.);
#2720=ORIENTED_EDGE('',*,*,#1940,.T.);
#2721=ORIENTED_EDGE('',*,*,#1942,.F.);
#2722=ORIENTED_EDGE('',*,*,#1943,.F.);
#2723=ORIENTED_EDGE('',*,*,#1944,.F.);
#2724=ORIENTED_EDGE('',*,*,#1943,.T.);
#2725=ORIENTED_EDGE('',*,*,#1945,.F.);
#2726=ORIENTED_EDGE('',*,*,#1932,.F.);
#2727=ORIENTED_EDGE('',*,*,#1945,.T.);
#2728=ORIENTED_EDGE('',*,*,#1942,.T.);
#2729=ORIENTED_EDGE('',*,*,#1939,.T.);
#2730=ORIENTED_EDGE('',*,*,#1936,.T.);
#2731=ORIENTED_EDGE('',*,*,#1933,.T.);
#2732=ORIENTED_EDGE('',*,*,#1946,.F.);
#2733=ORIENTED_EDGE('',*,*,#1947,.T.);
#2734=ORIENTED_EDGE('',*,*,#1948,.F.);
#2735=ORIENTED_EDGE('',*,*,#1949,.T.);
#2736=ORIENTED_EDGE('',*,*,#1892,.F.);
#2737=ORIENTED_EDGE('',*,*,#1913,.F.);
#2738=ORIENTED_EDGE('',*,*,#1949,.F.);
#2739=ORIENTED_EDGE('',*,*,#1950,.F.);
#2740=ORIENTED_EDGE('',*,*,#1951,.T.);
#2741=ORIENTED_EDGE('',*,*,#1893,.F.);
#2742=ORIENTED_EDGE('',*,*,#1951,.F.);
#2743=ORIENTED_EDGE('',*,*,#1952,.F.);
#2744=ORIENTED_EDGE('',*,*,#1953,.F.);
#2745=ORIENTED_EDGE('',*,*,#1954,.F.);
#2746=ORIENTED_EDGE('',*,*,#1914,.F.);
#2747=ORIENTED_EDGE('',*,*,#1894,.F.);
#2748=ORIENTED_EDGE('',*,*,#1955,.F.);
#2749=ORIENTED_EDGE('',*,*,#1953,.T.);
#2750=ORIENTED_EDGE('',*,*,#1956,.F.);
#2751=ORIENTED_EDGE('',*,*,#1947,.F.);
#2752=ORIENTED_EDGE('',*,*,#1956,.T.);
#2753=ORIENTED_EDGE('',*,*,#1952,.T.);
#2754=ORIENTED_EDGE('',*,*,#1950,.T.);
#2755=ORIENTED_EDGE('',*,*,#1948,.T.);
#2756=ORIENTED_EDGE('',*,*,#1957,.F.);
#2757=ORIENTED_EDGE('',*,*,#1958,.T.);
#2758=ORIENTED_EDGE('',*,*,#1959,.F.);
#2759=ORIENTED_EDGE('',*,*,#1960,.T.);
#2760=ORIENTED_EDGE('',*,*,#1888,.F.);
#2761=ORIENTED_EDGE('',*,*,#1907,.F.);
#2762=ORIENTED_EDGE('',*,*,#1960,.F.);
#2763=ORIENTED_EDGE('',*,*,#1961,.F.);
#2764=ORIENTED_EDGE('',*,*,#1962,.T.);
#2765=ORIENTED_EDGE('',*,*,#1889,.F.);
#2766=ORIENTED_EDGE('',*,*,#1962,.F.);
#2767=ORIENTED_EDGE('',*,*,#1963,.F.);
#2768=ORIENTED_EDGE('',*,*,#1964,.F.);
#2769=ORIENTED_EDGE('',*,*,#1965,.F.);
#2770=ORIENTED_EDGE('',*,*,#1908,.F.);
#2771=ORIENTED_EDGE('',*,*,#1890,.F.);
#2772=ORIENTED_EDGE('',*,*,#1966,.F.);
#2773=ORIENTED_EDGE('',*,*,#1964,.T.);
#2774=ORIENTED_EDGE('',*,*,#1967,.F.);
#2775=ORIENTED_EDGE('',*,*,#1958,.F.);
#2776=ORIENTED_EDGE('',*,*,#1967,.T.);
#2777=ORIENTED_EDGE('',*,*,#1963,.T.);
#2778=ORIENTED_EDGE('',*,*,#1961,.T.);
#2779=ORIENTED_EDGE('',*,*,#1959,.T.);
#2780=ORIENTED_EDGE('',*,*,#1968,.F.);
#2781=ORIENTED_EDGE('',*,*,#1969,.F.);
#2782=ORIENTED_EDGE('',*,*,#1970,.F.);
#2783=ORIENTED_EDGE('',*,*,#1971,.F.);
#2784=ORIENTED_EDGE('',*,*,#1923,.F.);
#2785=ORIENTED_EDGE('',*,*,#1906,.F.);
#2786=ORIENTED_EDGE('',*,*,#1972,.F.);
#2787=ORIENTED_EDGE('',*,*,#1970,.T.);
#2788=ORIENTED_EDGE('',*,*,#1973,.F.);
#2789=ORIENTED_EDGE('',*,*,#1974,.F.);
#2790=ORIENTED_EDGE('',*,*,#1975,.F.);
#2791=ORIENTED_EDGE('',*,*,#1974,.T.);
#2792=ORIENTED_EDGE('',*,*,#1976,.F.);
#2793=ORIENTED_EDGE('',*,*,#1977,.F.);
#2794=ORIENTED_EDGE('',*,*,#1904,.F.);
#2795=ORIENTED_EDGE('',*,*,#1922,.F.);
#2796=ORIENTED_EDGE('',*,*,#1977,.T.);
#2797=ORIENTED_EDGE('',*,*,#1978,.F.);
#2798=ORIENTED_EDGE('',*,*,#1968,.T.);
#2799=ORIENTED_EDGE('',*,*,#1905,.F.);
#2800=ORIENTED_EDGE('',*,*,#1978,.T.);
#2801=ORIENTED_EDGE('',*,*,#1976,.T.);
#2802=ORIENTED_EDGE('',*,*,#1973,.T.);
#2803=ORIENTED_EDGE('',*,*,#1969,.T.);
#2804=ORIENTED_EDGE('',*,*,#1979,.F.);
#2805=ORIENTED_EDGE('',*,*,#1980,.F.);
#2806=ORIENTED_EDGE('',*,*,#1981,.F.);
#2807=ORIENTED_EDGE('',*,*,#1982,.F.);
#2808=ORIENTED_EDGE('',*,*,#1920,.F.);
#2809=ORIENTED_EDGE('',*,*,#1886,.F.);
#2810=ORIENTED_EDGE('',*,*,#1983,.F.);
#2811=ORIENTED_EDGE('',*,*,#1981,.T.);
#2812=ORIENTED_EDGE('',*,*,#1984,.F.);
#2813=ORIENTED_EDGE('',*,*,#1985,.F.);
#2814=ORIENTED_EDGE('',*,*,#1986,.F.);
#2815=ORIENTED_EDGE('',*,*,#1985,.T.);
#2816=ORIENTED_EDGE('',*,*,#1987,.F.);
#2817=ORIENTED_EDGE('',*,*,#1988,.F.);
#2818=ORIENTED_EDGE('',*,*,#1884,.F.);
#2819=ORIENTED_EDGE('',*,*,#1919,.F.);
#2820=ORIENTED_EDGE('',*,*,#1988,.T.);
#2821=ORIENTED_EDGE('',*,*,#1989,.F.);
#2822=ORIENTED_EDGE('',*,*,#1979,.T.);
#2823=ORIENTED_EDGE('',*,*,#1885,.F.);
#2824=ORIENTED_EDGE('',*,*,#1989,.T.);
#2825=ORIENTED_EDGE('',*,*,#1987,.T.);
#2826=ORIENTED_EDGE('',*,*,#1984,.T.);
#2827=ORIENTED_EDGE('',*,*,#1980,.T.);
#2828=ORIENTED_EDGE('',*,*,#1990,.F.);
#2829=ORIENTED_EDGE('',*,*,#1991,.F.);
#2830=ORIENTED_EDGE('',*,*,#1992,.F.);
#2831=ORIENTED_EDGE('',*,*,#1993,.F.);
#2832=ORIENTED_EDGE('',*,*,#1926,.F.);
#2833=ORIENTED_EDGE('',*,*,#1902,.F.);
#2834=ORIENTED_EDGE('',*,*,#1994,.F.);
#2835=ORIENTED_EDGE('',*,*,#1992,.T.);
#2836=ORIENTED_EDGE('',*,*,#1995,.F.);
#2837=ORIENTED_EDGE('',*,*,#1996,.F.);
#2838=ORIENTED_EDGE('',*,*,#1997,.F.);
#2839=ORIENTED_EDGE('',*,*,#1996,.T.);
#2840=ORIENTED_EDGE('',*,*,#1998,.F.);
#2841=ORIENTED_EDGE('',*,*,#1999,.F.);
#2842=ORIENTED_EDGE('',*,*,#1900,.F.);
#2843=ORIENTED_EDGE('',*,*,#1925,.F.);
#2844=ORIENTED_EDGE('',*,*,#1999,.T.);
#2845=ORIENTED_EDGE('',*,*,#2000,.F.);
#2846=ORIENTED_EDGE('',*,*,#1990,.T.);
#2847=ORIENTED_EDGE('',*,*,#1901,.F.);
#2848=ORIENTED_EDGE('',*,*,#2000,.T.);
#2849=ORIENTED_EDGE('',*,*,#1998,.T.);
#2850=ORIENTED_EDGE('',*,*,#1995,.T.);
#2851=ORIENTED_EDGE('',*,*,#1991,.T.);
#2852=ORIENTED_EDGE('',*,*,#2001,.F.);
#2853=ORIENTED_EDGE('',*,*,#2002,.T.);
#2854=ORIENTED_EDGE('',*,*,#2003,.F.);
#2855=ORIENTED_EDGE('',*,*,#2004,.T.);
#2856=ORIENTED_EDGE('',*,*,#1896,.F.);
#2857=ORIENTED_EDGE('',*,*,#1916,.F.);
#2858=ORIENTED_EDGE('',*,*,#2004,.F.);
#2859=ORIENTED_EDGE('',*,*,#2005,.F.);
#2860=ORIENTED_EDGE('',*,*,#2006,.T.);
#2861=ORIENTED_EDGE('',*,*,#1897,.F.);
#2862=ORIENTED_EDGE('',*,*,#2006,.F.);
#2863=ORIENTED_EDGE('',*,*,#2007,.F.);
#2864=ORIENTED_EDGE('',*,*,#2008,.F.);
#2865=ORIENTED_EDGE('',*,*,#2009,.F.);
#2866=ORIENTED_EDGE('',*,*,#1917,.F.);
#2867=ORIENTED_EDGE('',*,*,#1898,.F.);
#2868=ORIENTED_EDGE('',*,*,#2010,.F.);
#2869=ORIENTED_EDGE('',*,*,#2008,.T.);
#2870=ORIENTED_EDGE('',*,*,#2011,.F.);
#2871=ORIENTED_EDGE('',*,*,#2002,.F.);
#2872=ORIENTED_EDGE('',*,*,#2011,.T.);
#2873=ORIENTED_EDGE('',*,*,#2007,.T.);
#2874=ORIENTED_EDGE('',*,*,#2005,.T.);
#2875=ORIENTED_EDGE('',*,*,#2003,.T.);
#2876=ORIENTED_EDGE('',*,*,#2012,.F.);
#2877=ORIENTED_EDGE('',*,*,#2013,.T.);
#2878=ORIENTED_EDGE('',*,*,#2014,.F.);
#2879=ORIENTED_EDGE('',*,*,#2015,.F.);
#2880=ORIENTED_EDGE('',*,*,#2016,.F.);
#2881=ORIENTED_EDGE('',*,*,#2015,.T.);
#2882=ORIENTED_EDGE('',*,*,#2017,.F.);
#2883=ORIENTED_EDGE('',*,*,#2018,.F.);
#2884=ORIENTED_EDGE('',*,*,#2019,.F.);
#2885=ORIENTED_EDGE('',*,*,#2018,.T.);
#2886=ORIENTED_EDGE('',*,*,#2020,.F.);
#2887=ORIENTED_EDGE('',*,*,#2021,.F.);
#2888=ORIENTED_EDGE('',*,*,#2022,.F.);
#2889=ORIENTED_EDGE('',*,*,#2021,.T.);
#2890=ORIENTED_EDGE('',*,*,#2023,.F.);
#2891=ORIENTED_EDGE('',*,*,#2013,.F.);
#2892=ORIENTED_EDGE('',*,*,#2023,.T.);
#2893=ORIENTED_EDGE('',*,*,#2020,.T.);
#2894=ORIENTED_EDGE('',*,*,#2017,.T.);
#2895=ORIENTED_EDGE('',*,*,#2014,.T.);
#2896=ORIENTED_EDGE('',*,*,#2024,.T.);
#2897=ORIENTED_EDGE('',*,*,#1911,.T.);
#2898=ORIENTED_EDGE('',*,*,#1882,.F.);
#2899=ORIENTED_EDGE('',*,*,#1928,.F.);
#2900=ORIENTED_EDGE('',*,*,#2025,.T.);
#2901=ORIENTED_EDGE('',*,*,#1929,.T.);
#2902=ORIENTED_EDGE('',*,*,#1880,.F.);
#2903=ORIENTED_EDGE('',*,*,#1910,.F.);
#2904=ORIENTED_EDGE('',*,*,#1589,.T.);
#2905=ORIENTED_EDGE('',*,*,#1592,.T.);
#2906=ORIENTED_EDGE('',*,*,#1594,.T.);
#2907=ORIENTED_EDGE('',*,*,#1596,.T.);
#2908=ORIENTED_EDGE('',*,*,#1618,.T.);
#2909=ORIENTED_EDGE('',*,*,#1620,.T.);
#2910=ORIENTED_EDGE('',*,*,#1622,.T.);
#2911=ORIENTED_EDGE('',*,*,#1946,.T.);
#2912=ORIENTED_EDGE('',*,*,#1912,.F.);
#2913=ORIENTED_EDGE('',*,*,#2024,.F.);
#2914=ORIENTED_EDGE('',*,*,#1927,.F.);
#2915=ORIENTED_EDGE('',*,*,#1993,.T.);
#2916=ORIENTED_EDGE('',*,*,#1994,.T.);
#2917=ORIENTED_EDGE('',*,*,#1997,.T.);
#2918=ORIENTED_EDGE('',*,*,#1924,.F.);
#2919=ORIENTED_EDGE('',*,*,#1971,.T.);
#2920=ORIENTED_EDGE('',*,*,#1972,.T.);
#2921=ORIENTED_EDGE('',*,*,#1975,.T.);
#2922=ORIENTED_EDGE('',*,*,#1921,.F.);
#2923=ORIENTED_EDGE('',*,*,#1982,.T.);
#2924=ORIENTED_EDGE('',*,*,#1983,.T.);
#2925=ORIENTED_EDGE('',*,*,#1986,.T.);
#2926=ORIENTED_EDGE('',*,*,#1930,.F.);
#2927=ORIENTED_EDGE('',*,*,#2025,.F.);
#2928=ORIENTED_EDGE('',*,*,#1909,.F.);
#2929=ORIENTED_EDGE('',*,*,#1965,.T.);
#2930=ORIENTED_EDGE('',*,*,#1966,.T.);
#2931=ORIENTED_EDGE('',*,*,#1957,.T.);
#2932=ORIENTED_EDGE('',*,*,#1918,.F.);
#2933=ORIENTED_EDGE('',*,*,#2009,.T.);
#2934=ORIENTED_EDGE('',*,*,#2010,.T.);
#2935=ORIENTED_EDGE('',*,*,#2001,.T.);
#2936=ORIENTED_EDGE('',*,*,#1915,.F.);
#2937=ORIENTED_EDGE('',*,*,#1954,.T.);
#2938=ORIENTED_EDGE('',*,*,#1955,.T.);
#2939=ORIENTED_EDGE('',*,*,#1931,.T.);
#2940=ORIENTED_EDGE('',*,*,#1935,.T.);
#2941=ORIENTED_EDGE('',*,*,#1938,.T.);
#2942=ORIENTED_EDGE('',*,*,#1941,.T.);
#2943=ORIENTED_EDGE('',*,*,#1944,.T.);
#2944=ORIENTED_EDGE('',*,*,#2012,.T.);
#2945=ORIENTED_EDGE('',*,*,#2016,.T.);
#2946=ORIENTED_EDGE('',*,*,#2019,.T.);
#2947=ORIENTED_EDGE('',*,*,#2022,.T.);
#2948=PLANE('',#3299);
#2949=PLANE('',#3300);
#2950=PLANE('',#3301);
#2951=PLANE('',#3302);
#2952=PLANE('',#3303);
#2953=PLANE('',#3304);
#2954=PLANE('',#3305);
#2955=PLANE('',#3306);
#2956=PLANE('',#3307);
#2957=PLANE('',#3308);
#2958=PLANE('',#3309);
#2959=PLANE('',#3310);
#2960=PLANE('',#3311);
#2961=PLANE('',#3312);
#2962=PLANE('',#3313);
#2963=PLANE('',#3314);
#2964=PLANE('',#3315);
#2965=PLANE('',#3318);
#2966=PLANE('',#3319);
#2967=PLANE('',#3323);
#2968=PLANE('',#3324);
#2969=PLANE('',#3325);
#2970=PLANE('',#3326);
#2971=PLANE('',#3327);
#2972=PLANE('',#3328);
#2973=PLANE('',#3329);
#2974=PLANE('',#3330);
#2975=PLANE('',#3331);
#2976=PLANE('',#3332);
#2977=PLANE('',#3333);
#2978=PLANE('',#3334);
#2979=PLANE('',#3335);
#2980=PLANE('',#3336);
#2981=PLANE('',#3337);
#2982=PLANE('',#3338);
#2983=PLANE('',#3339);
#2984=PLANE('',#3340);
#2985=PLANE('',#3341);
#2986=PLANE('',#3342);
#2987=PLANE('',#3343);
#2988=PLANE('',#3344);
#2989=PLANE('',#3345);
#2990=PLANE('',#3346);
#2991=PLANE('',#3349);
#2992=PLANE('',#3350);
#2993=PLANE('',#3351);
#2994=PLANE('',#3352);
#2995=PLANE('',#3353);
#2996=PLANE('',#3354);
#2997=PLANE('',#3355);
#2998=PLANE('',#3356);
#2999=PLANE('',#3357);
#3000=PLANE('',#3358);
#3001=PLANE('',#3359);
#3002=PLANE('',#3360);
#3003=PLANE('',#3361);
#3004=PLANE('',#3362);
#3005=PLANE('',#3363);
#3006=PLANE('',#3364);
#3007=PLANE('',#3365);
#3008=PLANE('',#3366);
#3009=PLANE('',#3367);
#3010=PLANE('',#3368);
#3011=PLANE('',#3371);
#3012=PLANE('',#3372);
#3013=PLANE('',#3373);
#3014=PLANE('',#3374);
#3015=PLANE('',#3375);
#3016=PLANE('',#3376);
#3017=PLANE('',#3377);
#3018=PLANE('',#3378);
#3019=PLANE('',#3379);
#3020=PLANE('',#3380);
#3021=PLANE('',#3381);
#3022=PLANE('',#3382);
#3023=PLANE('',#3383);
#3024=PLANE('',#3384);
#3025=PLANE('',#3385);
#3026=PLANE('',#3386);
#3027=PLANE('',#3387);
#3028=PLANE('',#3388);
#3029=PLANE('',#3389);
#3030=PLANE('',#3390);
#3031=PLANE('',#3391);
#3032=PLANE('',#3392);
#3033=PLANE('',#3393);
#3034=PLANE('',#3394);
#3035=PLANE('',#3395);
#3036=PLANE('',#3396);
#3037=PLANE('',#3397);
#3038=PLANE('',#3398);
#3039=PLANE('',#3399);
#3040=PLANE('',#3400);
#3041=PLANE('',#3401);
#3042=PLANE('',#3402);
#3043=PLANE('',#3403);
#3044=PLANE('',#3404);
#3045=PLANE('',#3405);
#3046=PLANE('',#3406);
#3047=PLANE('',#3407);
#3048=PLANE('',#3408);
#3049=PLANE('',#3409);
#3050=PLANE('',#3410);
#3051=PLANE('',#3411);
#3052=PLANE('',#3412);
#3053=PLANE('',#3413);
#3054=PLANE('',#3414);
#3055=PLANE('',#3415);
#3056=PLANE('',#3416);
#3057=PLANE('',#3417);
#3058=PLANE('',#3418);
#3059=PLANE('',#3419);
#3060=PLANE('',#3420);
#3061=PLANE('',#3421);
#3062=PLANE('',#3422);
#3063=PLANE('',#3423);
#3064=PLANE('',#3424);
#3065=PLANE('',#3425);
#3066=PLANE('',#3426);
#3067=PLANE('',#3427);
#3068=PLANE('',#3428);
#3069=PLANE('',#3429);
#3070=PLANE('',#3430);
#3071=PLANE('',#3431);
#3072=STYLED_ITEM('',(#5712),#3128);
#3073=STYLED_ITEM('',(#5712),#3167);
#3074=STYLED_ITEM('',(#5712),#3168);
#3075=STYLED_ITEM('',(#5712),#3180);
#3076=STYLED_ITEM('',(#5712),#3181);
#3077=STYLED_ITEM('',(#5712),#3209);
#3078=STYLED_ITEM('',(#5712),#3210);
#3079=STYLED_ITEM('',(#5712),#3240);
#3080=STYLED_ITEM('',(#5713),#3244);
#3081=STYLED_ITEM('',(#5713),#3245);
#3082=STYLED_ITEM('',(#5713),#3246);
#3083=STYLED_ITEM('',(#5713),#3247);
#3084=STYLED_ITEM('',(#5713),#3248);
#3085=STYLED_ITEM('',(#5713),#3249);
#3086=STYLED_ITEM('',(#5713),#3252);
#3087=STYLED_ITEM('',(#5713),#3253);
#3088=STYLED_ITEM('',(#5713),#3254);
#3089=STYLED_ITEM('',(#5713),#3255);
#3090=STYLED_ITEM('',(#5713),#3256);
#3091=STYLED_ITEM('',(#5713),#3257);
#3092=STYLED_ITEM('',(#5713),#3258);
#3093=STYLED_ITEM('',(#5713),#3259);
#3094=STYLED_ITEM('',(#5713),#3260);
#3095=STYLED_ITEM('',(#5713),#3261);
#3096=STYLED_ITEM('',(#5713),#3262);
#3097=STYLED_ITEM('',(#5713),#3263);
#3098=STYLED_ITEM('',(#5713),#3264);
#3099=STYLED_ITEM('',(#5713),#3265);
#3100=STYLED_ITEM('',(#5713),#3266);
#3101=STYLED_ITEM('',(#5713),#3267);
#3102=STYLED_ITEM('',(#5713),#3268);
#3103=STYLED_ITEM('',(#5713),#3269);
#3104=STYLED_ITEM('',(#5713),#3270);
#3105=STYLED_ITEM('',(#5713),#3271);
#3106=STYLED_ITEM('',(#5713),#3272);
#3107=STYLED_ITEM('',(#5713),#3273);
#3108=STYLED_ITEM('',(#5713),#3274);
#3109=STYLED_ITEM('',(#5713),#3275);
#3110=STYLED_ITEM('',(#5713),#3276);
#3111=STYLED_ITEM('',(#5713),#3277);
#3112=STYLED_ITEM('',(#5713),#3278);
#3113=STYLED_ITEM('',(#5713),#3279);
#3114=STYLED_ITEM('',(#5713),#3280);
#3115=STYLED_ITEM('',(#5713),#3281);
#3116=STYLED_ITEM('',(#5713),#3282);
#3117=STYLED_ITEM('',(#5713),#3283);
#3118=STYLED_ITEM('',(#5713),#3284);
#3119=STYLED_ITEM('',(#5713),#3285);
#3120=STYLED_ITEM('',(#5713),#3286);
#3121=STYLED_ITEM('',(#5713),#3287);
#3122=STYLED_ITEM('',(#5713),#3288);
#3123=STYLED_ITEM('',(#5713),#3289);
#3124=STYLED_ITEM('',(#5713),#3290);
#3125=STYLED_ITEM('',(#5713),#3291);
#3126=STYLED_ITEM('',(#5713),#3292);
#3127=STYLED_ITEM('',(#5711),#13);
#3128=ADVANCED_FACE('',(#81,#67,#68),#2948,.T.);
#3129=ADVANCED_FACE('',(#82),#23,.T.);
#3130=ADVANCED_FACE('',(#83),#24,.T.);
#3131=ADVANCED_FACE('',(#84),#25,.T.);
#3132=ADVANCED_FACE('',(#85),#26,.T.);
#3133=ADVANCED_FACE('',(#86),#27,.T.);
#3134=ADVANCED_FACE('',(#87),#28,.T.);
#3135=ADVANCED_FACE('',(#88),#29,.T.);
#3136=ADVANCED_FACE('',(#89),#30,.T.);
#3137=ADVANCED_FACE('',(#90),#31,.F.);
#3138=ADVANCED_FACE('',(#91),#32,.F.);
#3139=ADVANCED_FACE('',(#92),#33,.F.);
#3140=ADVANCED_FACE('',(#93),#2949,.F.);
#3141=ADVANCED_FACE('',(#94),#34,.F.);
#3142=ADVANCED_FACE('',(#95),#2950,.T.);
#3143=ADVANCED_FACE('',(#96),#2951,.T.);
#3144=ADVANCED_FACE('',(#97),#2952,.T.);
#3145=ADVANCED_FACE('',(#98),#2953,.T.);
#3146=ADVANCED_FACE('',(#99),#2954,.T.);
#3147=ADVANCED_FACE('',(#100),#2955,.T.);
#3148=ADVANCED_FACE('',(#101),#2956,.F.);
#3149=ADVANCED_FACE('',(#102),#2957,.F.);
#3150=ADVANCED_FACE('',(#103),#2958,.F.);
#3151=ADVANCED_FACE('',(#104),#35,.F.);
#3152=ADVANCED_FACE('',(#105),#36,.F.);
#3153=ADVANCED_FACE('',(#106),#37,.F.);
#3154=ADVANCED_FACE('',(#107),#38,.F.);
#3155=ADVANCED_FACE('',(#108),#2959,.F.);
#3156=ADVANCED_FACE('',(#109),#2960,.T.);
#3157=ADVANCED_FACE('',(#110),#2961,.T.);
#3158=ADVANCED_FACE('',(#111),#2962,.T.);
#3159=ADVANCED_FACE('',(#112),#39,.F.);
#3160=ADVANCED_FACE('',(#113),#40,.F.);
#3161=ADVANCED_FACE('',(#114),#2963,.F.);
#3162=ADVANCED_FACE('',(#115),#2964,.F.);
#3163=ADVANCED_FACE('',(#116),#41,.T.);
#3164=ADVANCED_FACE('',(#117),#42,.T.);
#3165=ADVANCED_FACE('',(#118),#43,.T.);
#3166=ADVANCED_FACE('',(#119),#44,.T.);
#3167=ADVANCED_FACE('',(#120,#69),#2965,.T.);
#3168=ADVANCED_FACE('',(#121),#2966,.T.);
#3169=ADVANCED_FACE('',(#122,#70),#14,.F.);
#3170=ADVANCED_FACE('',(#123),#2967,.F.);
#3171=ADVANCED_FACE('',(#124),#2968,.F.);
#3172=ADVANCED_FACE('',(#125),#2969,.F.);
#3173=ADVANCED_FACE('',(#126),#2970,.F.);
#3174=ADVANCED_FACE('',(#127),#2971,.F.);
#3175=ADVANCED_FACE('',(#128),#2972,.F.);
#3176=ADVANCED_FACE('',(#129),#2973,.F.);
#3177=ADVANCED_FACE('',(#130),#2974,.F.);
#3178=ADVANCED_FACE('',(#131),#2975,.F.);
#3179=ADVANCED_FACE('',(#132),#2976,.F.);
#3180=ADVANCED_FACE('',(#133),#2977,.T.);
#3181=ADVANCED_FACE('',(#134),#2978,.T.);
#3182=ADVANCED_FACE('',(#135),#2979,.F.);
#3183=ADVANCED_FACE('',(#136),#2980,.F.);
#3184=ADVANCED_FACE('',(#137),#2981,.F.);
#3185=ADVANCED_FACE('',(#138),#2982,.F.);
#3186=ADVANCED_FACE('',(#139),#2983,.F.);
#3187=ADVANCED_FACE('',(#140),#2984,.F.);
#3188=ADVANCED_FACE('',(#141),#2985,.F.);
#3189=ADVANCED_FACE('',(#142),#2986,.F.);
#3190=ADVANCED_FACE('',(#143),#2987,.F.);
#3191=ADVANCED_FACE('',(#144),#2988,.F.);
#3192=ADVANCED_FACE('',(#145),#2989,.F.);
#3193=ADVANCED_FACE('',(#146),#2990,.F.);
#3194=ADVANCED_FACE('',(#147),#45,.F.);
#3195=ADVANCED_FACE('',(#148),#46,.F.);
#3196=ADVANCED_FACE('',(#149),#47,.F.);
#3197=ADVANCED_FACE('',(#150),#48,.F.);
#3198=ADVANCED_FACE('',(#151),#49,.F.);
#3199=ADVANCED_FACE('',(#152),#50,.F.);
#3200=ADVANCED_FACE('',(#153),#2991,.F.);
#3201=ADVANCED_FACE('',(#154),#2992,.F.);
#3202=ADVANCED_FACE('',(#155),#51,.F.);
#3203=ADVANCED_FACE('',(#156),#52,.F.);
#3204=ADVANCED_FACE('',(#157),#53,.F.);
#3205=ADVANCED_FACE('',(#158),#54,.F.);
#3206=ADVANCED_FACE('',(#159),#55,.F.);
#3207=ADVANCED_FACE('',(#160),#2993,.F.);
#3208=ADVANCED_FACE('',(#161),#2994,.F.);
#3209=ADVANCED_FACE('',(#162),#2995,.T.);
#3210=ADVANCED_FACE('',(#163),#2996,.T.);
#3211=ADVANCED_FACE('',(#164),#2997,.F.);
#3212=ADVANCED_FACE('',(#165),#2998,.F.);
#3213=ADVANCED_FACE('',(#166),#2999,.F.);
#3214=ADVANCED_FACE('',(#167),#3000,.F.);
#3215=ADVANCED_FACE('',(#168),#3001,.F.);
#3216=ADVANCED_FACE('',(#169),#3002,.F.);
#3217=ADVANCED_FACE('',(#170),#3003,.F.);
#3218=ADVANCED_FACE('',(#171),#3004,.F.);
#3219=ADVANCED_FACE('',(#172),#3005,.F.);
#3220=ADVANCED_FACE('',(#173),#3006,.F.);
#3221=ADVANCED_FACE('',(#174),#3007,.F.);
#3222=ADVANCED_FACE('',(#175),#3008,.F.);
#3223=ADVANCED_FACE('',(#176),#3009,.F.);
#3224=ADVANCED_FACE('',(#177),#3010,.F.);
#3225=ADVANCED_FACE('',(#178),#56,.F.);
#3226=ADVANCED_FACE('',(#179),#57,.F.);
#3227=ADVANCED_FACE('',(#180),#58,.F.);
#3228=ADVANCED_FACE('',(#181),#59,.F.);
#3229=ADVANCED_FACE('',(#182),#60,.F.);
#3230=ADVANCED_FACE('',(#183),#61,.F.);
#3231=ADVANCED_FACE('',(#184),#3011,.F.);
#3232=ADVANCED_FACE('',(#185),#3012,.F.);
#3233=ADVANCED_FACE('',(#186),#62,.F.);
#3234=ADVANCED_FACE('',(#187),#63,.F.);
#3235=ADVANCED_FACE('',(#188),#64,.F.);
#3236=ADVANCED_FACE('',(#189),#65,.F.);
#3237=ADVANCED_FACE('',(#190),#66,.F.);
#3238=ADVANCED_FACE('',(#191),#3013,.F.);
#3239=ADVANCED_FACE('',(#192),#3014,.F.);
#3240=ADVANCED_FACE('',(#193),#3015,.T.);
#3241=ADVANCED_FACE('',(#194),#3016,.T.);
#3242=ADVANCED_FACE('',(#195,#71,#72,#73,#74,#75,#76,#77,#78),#3017,.T.);
#3243=ADVANCED_FACE('',(#196),#3018,.T.);
#3244=ADVANCED_FACE('',(#197),#3019,.T.);
#3245=ADVANCED_FACE('',(#198),#3020,.T.);
#3246=ADVANCED_FACE('',(#199),#3021,.T.);
#3247=ADVANCED_FACE('',(#200),#3022,.T.);
#3248=ADVANCED_FACE('',(#201),#3023,.T.);
#3249=ADVANCED_FACE('',(#202),#3024,.T.);
#3250=ADVANCED_FACE('',(#203),#3025,.T.);
#3251=ADVANCED_FACE('',(#204),#3026,.T.);
#3252=ADVANCED_FACE('',(#205),#3027,.T.);
#3253=ADVANCED_FACE('',(#206),#3028,.T.);
#3254=ADVANCED_FACE('',(#207),#3029,.T.);
#3255=ADVANCED_FACE('',(#208),#3030,.T.);
#3256=ADVANCED_FACE('',(#209),#3031,.T.);
#3257=ADVANCED_FACE('',(#210),#3032,.T.);
#3258=ADVANCED_FACE('',(#211),#3033,.T.);
#3259=ADVANCED_FACE('',(#212),#3034,.T.);
#3260=ADVANCED_FACE('',(#213),#3035,.T.);
#3261=ADVANCED_FACE('',(#214),#3036,.T.);
#3262=ADVANCED_FACE('',(#215),#3037,.T.);
#3263=ADVANCED_FACE('',(#216),#3038,.T.);
#3264=ADVANCED_FACE('',(#217),#3039,.T.);
#3265=ADVANCED_FACE('',(#218),#3040,.T.);
#3266=ADVANCED_FACE('',(#219),#3041,.T.);
#3267=ADVANCED_FACE('',(#220),#3042,.T.);
#3268=ADVANCED_FACE('',(#221),#3043,.T.);
#3269=ADVANCED_FACE('',(#222),#3044,.T.);
#3270=ADVANCED_FACE('',(#223),#3045,.T.);
#3271=ADVANCED_FACE('',(#224),#3046,.T.);
#3272=ADVANCED_FACE('',(#225),#3047,.T.);
#3273=ADVANCED_FACE('',(#226),#3048,.T.);
#3274=ADVANCED_FACE('',(#227),#3049,.T.);
#3275=ADVANCED_FACE('',(#228),#3050,.T.);
#3276=ADVANCED_FACE('',(#229),#3051,.T.);
#3277=ADVANCED_FACE('',(#230),#3052,.T.);
#3278=ADVANCED_FACE('',(#231),#3053,.T.);
#3279=ADVANCED_FACE('',(#232),#3054,.T.);
#3280=ADVANCED_FACE('',(#233),#3055,.T.);
#3281=ADVANCED_FACE('',(#234),#3056,.T.);
#3282=ADVANCED_FACE('',(#235),#3057,.T.);
#3283=ADVANCED_FACE('',(#236),#3058,.T.);
#3284=ADVANCED_FACE('',(#237),#3059,.T.);
#3285=ADVANCED_FACE('',(#238),#3060,.T.);
#3286=ADVANCED_FACE('',(#239),#3061,.T.);
#3287=ADVANCED_FACE('',(#240),#3062,.T.);
#3288=ADVANCED_FACE('',(#241),#3063,.T.);
#3289=ADVANCED_FACE('',(#242),#3064,.T.);
#3290=ADVANCED_FACE('',(#243),#3065,.T.);
#3291=ADVANCED_FACE('',(#244),#3066,.T.);
#3292=ADVANCED_FACE('',(#245),#3067,.T.);
#3293=ADVANCED_FACE('',(#246),#3068,.T.);
#3294=ADVANCED_FACE('',(#247),#3069,.T.);
#3295=ADVANCED_FACE('',(#248),#3070,.T.);
#3296=ADVANCED_FACE('',(#249,#79,#80),#3071,.F.);
#3297=CLOSED_SHELL('',(#3128,#3129,#3130,#3131,#3132,#3133,#3134,#3135,
#3136,#3137,#3138,#3139,#3140,#3141,#3142,#3143,#3144,#3145,#3146,#3147,
#3148,#3149,#3150,#3151,#3152,#3153,#3154,#3155,#3156,#3157,#3158,#3159,
#3160,#3161,#3162,#3163,#3164,#3165,#3166,#3167,#3168,#3169,#3170,#3171,
#3172,#3173,#3174,#3175,#3176,#3177,#3178,#3179,#3180,#3181,#3182,#3183,
#3184,#3185,#3186,#3187,#3188,#3189,#3190,#3191,#3192,#3193,#3194,#3195,
#3196,#3197,#3198,#3199,#3200,#3201,#3202,#3203,#3204,#3205,#3206,#3207,
#3208,#3209,#3210,#3211,#3212,#3213,#3214,#3215,#3216,#3217,#3218,#3219,
#3220,#3221,#3222,#3223,#3224,#3225,#3226,#3227,#3228,#3229,#3230,#3231,
#3232,#3233,#3234,#3235,#3236,#3237,#3238,#3239,#3240,#3241,#3242,#3243,
#3244,#3245,#3246,#3247,#3248,#3249,#3250,#3251,#3252,#3253,#3254,#3255,
#3256,#3257,#3258,#3259,#3260,#3261,#3262,#3263,#3264,#3265,#3266,#3267,
#3268,#3269,#3270,#3271,#3272,#3273,#3274,#3275,#3276,#3277,#3278,#3279,
#3280,#3281,#3282,#3283,#3284,#3285,#3286,#3287,#3288,#3289,#3290,#3291,
#3292,#3293,#3294,#3295,#3296));
#3298=AXIS2_PLACEMENT_3D('placement',#4071,#3432,#3433);
#3299=AXIS2_PLACEMENT_3D('',#4072,#3434,#3435);
#3300=AXIS2_PLACEMENT_3D('',#4367,#3460,#3461);
#3301=AXIS2_PLACEMENT_3D('',#4385,#3465,#3466);
#3302=AXIS2_PLACEMENT_3D('',#4389,#3469,#3470);
#3303=AXIS2_PLACEMENT_3D('',#4393,#3473,#3474);
#3304=AXIS2_PLACEMENT_3D('',#4395,#3476,#3477);
#3305=AXIS2_PLACEMENT_3D('',#4399,#3480,#3481);
#3306=AXIS2_PLACEMENT_3D('',#4403,#3484,#3485);
#3307=AXIS2_PLACEMENT_3D('',#4405,#3487,#3488);
#3308=AXIS2_PLACEMENT_3D('',#4409,#3491,#3492);
#3309=AXIS2_PLACEMENT_3D('',#4413,#3495,#3496);
#3310=AXIS2_PLACEMENT_3D('',#4490,#3503,#3504);
#3311=AXIS2_PLACEMENT_3D('',#4496,#3508,#3509);
#3312=AXIS2_PLACEMENT_3D('',#4505,#3514,#3515);
#3313=AXIS2_PLACEMENT_3D('',#4511,#3519,#3520);
#3314=AXIS2_PLACEMENT_3D('',#4561,#3526,#3527);
#3315=AXIS2_PLACEMENT_3D('',#4567,#3531,#3532);
#3316=AXIS2_PLACEMENT_3D('',#4601,#3536,#3537);
#3317=AXIS2_PLACEMENT_3D('',#4604,#3539,#3540);
#3318=AXIS2_PLACEMENT_3D('',#4646,#3542,#3543);
#3319=AXIS2_PLACEMENT_3D('',#4647,#3544,#3545);
#3320=AXIS2_PLACEMENT_3D('',#4649,#3546,#3547);
#3321=AXIS2_PLACEMENT_3D('',#4650,#3548,#3549);
#3322=AXIS2_PLACEMENT_3D('',#4652,#3550,#3551);
#3323=AXIS2_PLACEMENT_3D('',#4653,#3552,#3553);
#3324=AXIS2_PLACEMENT_3D('',#4662,#3558,#3559);
#3325=AXIS2_PLACEMENT_3D('',#4668,#3563,#3564);
#3326=AXIS2_PLACEMENT_3D('',#4674,#3568,#3569);
#3327=AXIS2_PLACEMENT_3D('',#4680,#3573,#3574);
#3328=AXIS2_PLACEMENT_3D('',#4686,#3578,#3579);
#3329=AXIS2_PLACEMENT_3D('',#4692,#3583,#3584);
#3330=AXIS2_PLACEMENT_3D('',#4698,#3588,#3589);
#3331=AXIS2_PLACEMENT_3D('',#4704,#3593,#3594);
#3332=AXIS2_PLACEMENT_3D('',#4710,#3598,#3599);
#3333=AXIS2_PLACEMENT_3D('',#4713,#3602,#3603);
#3334=AXIS2_PLACEMENT_3D('',#4714,#3604,#3605);
#3335=AXIS2_PLACEMENT_3D('',#4735,#3616,#3617);
#3336=AXIS2_PLACEMENT_3D('',#4741,#3621,#3622);
#3337=AXIS2_PLACEMENT_3D('',#4745,#3625,#3626);
#3338=AXIS2_PLACEMENT_3D('',#4749,#3629,#3630);
#3339=AXIS2_PLACEMENT_3D('',#4753,#3633,#3634);
#3340=AXIS2_PLACEMENT_3D('',#4757,#3637,#3638);
#3341=AXIS2_PLACEMENT_3D('',#4761,#3641,#3642);
#3342=AXIS2_PLACEMENT_3D('',#4765,#3645,#3646);
#3343=AXIS2_PLACEMENT_3D('',#4769,#3649,#3650);
#3344=AXIS2_PLACEMENT_3D('',#4773,#3653,#3654);
#3345=AXIS2_PLACEMENT_3D('',#4775,#3656,#3657);
#3346=AXIS2_PLACEMENT_3D('',#4784,#3662,#3663);
#3347=AXIS2_PLACEMENT_3D('',#4865,#3670,#3671);
#3348=AXIS2_PLACEMENT_3D('',#4867,#3672,#3673);
#3349=AXIS2_PLACEMENT_3D('',#4913,#3677,#3678);
#3350=AXIS2_PLACEMENT_3D('',#4919,#3682,#3683);
#3351=AXIS2_PLACEMENT_3D('',#5035,#3692,#3693);
#3352=AXIS2_PLACEMENT_3D('',#5041,#3697,#3698);
#3353=AXIS2_PLACEMENT_3D('',#5044,#3701,#3702);
#3354=AXIS2_PLACEMENT_3D('',#5045,#3703,#3704);
#3355=AXIS2_PLACEMENT_3D('',#5070,#3717,#3718);
#3356=AXIS2_PLACEMENT_3D('',#5076,#3722,#3723);
#3357=AXIS2_PLACEMENT_3D('',#5080,#3726,#3727);
#3358=AXIS2_PLACEMENT_3D('',#5084,#3730,#3731);
#3359=AXIS2_PLACEMENT_3D('',#5088,#3734,#3735);
#3360=AXIS2_PLACEMENT_3D('',#5092,#3738,#3739);
#3361=AXIS2_PLACEMENT_3D('',#5096,#3742,#3743);
#3362=AXIS2_PLACEMENT_3D('',#5100,#3746,#3747);
#3363=AXIS2_PLACEMENT_3D('',#5104,#3750,#3751);
#3364=AXIS2_PLACEMENT_3D('',#5108,#3754,#3755);
#3365=AXIS2_PLACEMENT_3D('',#5112,#3758,#3759);
#3366=AXIS2_PLACEMENT_3D('',#5116,#3762,#3763);
#3367=AXIS2_PLACEMENT_3D('',#5118,#3765,#3766);
#3368=AXIS2_PLACEMENT_3D('',#5127,#3771,#3772);
#3369=AXIS2_PLACEMENT_3D('',#5209,#3779,#3780);
#3370=AXIS2_PLACEMENT_3D('',#5211,#3781,#3782);
#3371=AXIS2_PLACEMENT_3D('',#5257,#3786,#3787);
#3372=AXIS2_PLACEMENT_3D('',#5263,#3791,#3792);
#3373=AXIS2_PLACEMENT_3D('',#5379,#3801,#3802);
#3374=AXIS2_PLACEMENT_3D('',#5385,#3806,#3807);
#3375=AXIS2_PLACEMENT_3D('',#5388,#3810,#3811);
#3376=AXIS2_PLACEMENT_3D('',#5389,#3812,#3813);
#3377=AXIS2_PLACEMENT_3D('',#5390,#3814,#3815);
#3378=AXIS2_PLACEMENT_3D('',#5399,#3820,#3821);
#3379=AXIS2_PLACEMENT_3D('',#5400,#3822,#3823);
#3380=AXIS2_PLACEMENT_3D('',#5409,#3828,#3829);
#3381=AXIS2_PLACEMENT_3D('',#5418,#3834,#3835);
#3382=AXIS2_PLACEMENT_3D('',#5427,#3840,#3841);
#3383=AXIS2_PLACEMENT_3D('',#5436,#3846,#3847);
#3384=AXIS2_PLACEMENT_3D('',#5445,#3852,#3853);
#3385=AXIS2_PLACEMENT_3D('',#5454,#3858,#3859);
#3386=AXIS2_PLACEMENT_3D('',#5475,#3872,#3873);
#3387=AXIS2_PLACEMENT_3D('',#5496,#3886,#3887);
#3388=AXIS2_PLACEMENT_3D('',#5505,#3892,#3893);
#3389=AXIS2_PLACEMENT_3D('',#5511,#3897,#3898);
#3390=AXIS2_PLACEMENT_3D('',#5517,#3902,#3903);
#3391=AXIS2_PLACEMENT_3D('',#5523,#3907,#3908);
#3392=AXIS2_PLACEMENT_3D('',#5526,#3911,#3912);
#3393=AXIS2_PLACEMENT_3D('',#5527,#3913,#3914);
#3394=AXIS2_PLACEMENT_3D('',#5535,#3919,#3920);
#3395=AXIS2_PLACEMENT_3D('',#5539,#3923,#3924);
#3396=AXIS2_PLACEMENT_3D('',#5545,#3928,#3929);
#3397=AXIS2_PLACEMENT_3D('',#5548,#3932,#3933);
#3398=AXIS2_PLACEMENT_3D('',#5549,#3934,#3935);
#3399=AXIS2_PLACEMENT_3D('',#5557,#3940,#3941);
#3400=AXIS2_PLACEMENT_3D('',#5561,#3944,#3945);
#3401=AXIS2_PLACEMENT_3D('',#5567,#3949,#3950);
#3402=AXIS2_PLACEMENT_3D('',#5570,#3953,#3954);
#3403=AXIS2_PLACEMENT_3D('',#5571,#3955,#3956);
#3404=AXIS2_PLACEMENT_3D('',#5579,#3961,#3962);
#3405=AXIS2_PLACEMENT_3D('',#5585,#3966,#3967);
#3406=AXIS2_PLACEMENT_3D('',#5590,#3971,#3972);
#3407=AXIS2_PLACEMENT_3D('',#5592,#3974,#3975);
#3408=AXIS2_PLACEMENT_3D('',#5593,#3976,#3977);
#3409=AXIS2_PLACEMENT_3D('',#5601,#3982,#3983);
#3410=AXIS2_PLACEMENT_3D('',#5607,#3987,#3988);
#3411=AXIS2_PLACEMENT_3D('',#5612,#3992,#3993);
#3412=AXIS2_PLACEMENT_3D('',#5614,#3995,#3996);
#3413=AXIS2_PLACEMENT_3D('',#5615,#3997,#3998);
#3414=AXIS2_PLACEMENT_3D('',#5623,#4003,#4004);
#3415=AXIS2_PLACEMENT_3D('',#5629,#4008,#4009);
#3416=AXIS2_PLACEMENT_3D('',#5634,#4013,#4014);
#3417=AXIS2_PLACEMENT_3D('',#5636,#4016,#4017);
#3418=AXIS2_PLACEMENT_3D('',#5637,#4018,#4019);
#3419=AXIS2_PLACEMENT_3D('',#5645,#4024,#4025);
#3420=AXIS2_PLACEMENT_3D('',#5649,#4028,#4029);
#3421=AXIS2_PLACEMENT_3D('',#5655,#4033,#4034);
#3422=AXIS2_PLACEMENT_3D('',#5658,#4037,#4038);
#3423=AXIS2_PLACEMENT_3D('',#5659,#4039,#4040);
#3424=AXIS2_PLACEMENT_3D('',#5668,#4045,#4046);
#3425=AXIS2_PLACEMENT_3D('',#5674,#4050,#4051);
#3426=AXIS2_PLACEMENT_3D('',#5680,#4055,#4056);
#3427=AXIS2_PLACEMENT_3D('',#5683,#4059,#4060);
#3428=AXIS2_PLACEMENT_3D('',#5684,#4061,#4062);
#3429=AXIS2_PLACEMENT_3D('',#5686,#4064,#4065);
#3430=AXIS2_PLACEMENT_3D('',#5688,#4067,#4068);
#3431=AXIS2_PLACEMENT_3D('',#5689,#4069,#4070);
#3432=DIRECTION('axis',(0.,0.,1.));
#3433=DIRECTION('refdir',(1.,0.,0.));
#3434=DIRECTION('center_axis',(0.,1.,0.));
#3435=DIRECTION('ref_axis',(0.,0.,1.));
#3436=DIRECTION('',(0.,0.,1.));
#3437=DIRECTION('',(1.,0.,0.));
#3438=DIRECTION('',(0.,0.,-1.));
#3439=DIRECTION('',(-1.,0.,0.));
#3440=DIRECTION('',(1.,0.,0.));
#3441=DIRECTION('',(0.,0.,1.));
#3442=DIRECTION('',(-1.,0.,0.));
#3443=DIRECTION('',(1.,0.,0.));
#3444=DIRECTION('',(0.,0.,1.));
#3445=DIRECTION('',(-1.,0.,0.));
#3446=DIRECTION('',(0.,-1.,0.));
#3447=DIRECTION('',(0.,-1.,0.));
#3448=DIRECTION('',(0.,-1.,0.));
#3449=DIRECTION('',(0.,-1.,0.));
#3450=DIRECTION('',(0.,-1.,0.));
#3451=DIRECTION('',(0.,-1.,0.));
#3452=DIRECTION('',(0.,-1.,0.));
#3453=DIRECTION('',(0.,-1.,0.));
#3454=DIRECTION('',(0.,-1.,0.));
#3455=DIRECTION('',(0.,-1.,0.));
#3456=DIRECTION('',(0.,-1.,0.));
#3457=DIRECTION('',(0.,-1.,0.));
#3458=DIRECTION('',(0.,-1.,0.));
#3459=DIRECTION('',(0.,-1.,0.));
#3460=DIRECTION('center_axis',(1.,0.,0.));
#3461=DIRECTION('ref_axis',(0.,0.,-1.));
#3462=DIRECTION('',(0.,0.,1.));
#3463=DIRECTION('',(0.,-1.,0.));
#3464=DIRECTION('',(0.,-1.,0.));
#3465=DIRECTION('center_axis',(0.,0.,-1.));
#3466=DIRECTION('ref_axis',(-1.,0.,0.));
#3467=DIRECTION('',(-1.,0.,0.));
#3468=DIRECTION('',(0.,-1.,0.));
#3469=DIRECTION('center_axis',(-1.,0.,0.));
#3470=DIRECTION('ref_axis',(0.,0.,1.));
#3471=DIRECTION('',(0.,0.,1.));
#3472=DIRECTION('',(0.,-1.,0.));
#3473=DIRECTION('center_axis',(0.,0.,1.));
#3474=DIRECTION('ref_axis',(1.,0.,0.));
#3475=DIRECTION('',(1.,0.,0.));
#3476=DIRECTION('center_axis',(0.,0.,-1.));
#3477=DIRECTION('ref_axis',(-1.,0.,0.));
#3478=DIRECTION('',(-1.,0.,0.));
#3479=DIRECTION('',(0.,-1.,0.));
#3480=DIRECTION('center_axis',(-1.,0.,0.));
#3481=DIRECTION('ref_axis',(0.,0.,1.));
#3482=DIRECTION('',(0.,0.,1.));
#3483=DIRECTION('',(0.,-1.,0.));
#3484=DIRECTION('center_axis',(0.,0.,1.));
#3485=DIRECTION('ref_axis',(1.,0.,0.));
#3486=DIRECTION('',(1.,0.,0.));
#3487=DIRECTION('center_axis',(0.,0.,-1.));
#3488=DIRECTION('ref_axis',(-1.,0.,0.));
#3489=DIRECTION('',(1.,0.,0.));
#3490=DIRECTION('',(0.,-1.,0.));
#3491=DIRECTION('center_axis',(-1.,0.,0.));
#3492=DIRECTION('ref_axis',(0.,0.,1.));
#3493=DIRECTION('',(0.,0.,-1.));
#3494=DIRECTION('',(0.,-1.,0.));
#3495=DIRECTION('center_axis',(0.,0.,1.));
#3496=DIRECTION('ref_axis',(1.,0.,0.));
#3497=DIRECTION('',(-1.,0.,0.));
#3498=DIRECTION('',(0.,-1.,0.));
#3499=DIRECTION('',(0.,-1.,0.));
#3500=DIRECTION('',(0.,-1.,0.));
#3501=DIRECTION('',(0.,-1.,0.));
#3502=DIRECTION('',(0.,-1.,0.));
#3503=DIRECTION('center_axis',(0.,0.,1.));
#3504=DIRECTION('ref_axis',(1.,0.,0.));
#3505=DIRECTION('',(-1.,0.,0.));
#3506=DIRECTION('',(-1.,0.,0.));
#3507=DIRECTION('',(0.,-1.,0.));
#3508=DIRECTION('center_axis',(0.,0.,1.));
#3509=DIRECTION('ref_axis',(1.,0.,0.));
#3510=DIRECTION('',(1.,0.,0.));
#3511=DIRECTION('',(0.,-1.,0.));
#3512=DIRECTION('',(1.,0.,0.));
#3513=DIRECTION('',(0.,-1.,0.));
#3514=DIRECTION('center_axis',(-1.,0.,0.));
#3515=DIRECTION('ref_axis',(0.,0.,1.));
#3516=DIRECTION('',(0.,0.,1.));
#3517=DIRECTION('',(0.,-1.,0.));
#3518=DIRECTION('',(0.,0.,1.));
#3519=DIRECTION('center_axis',(0.,0.,-1.));
#3520=DIRECTION('ref_axis',(-1.,0.,0.));
#3521=DIRECTION('',(-1.,0.,0.));
#3522=DIRECTION('',(0.,-1.,0.));
#3523=DIRECTION('',(-1.,0.,0.));
#3524=DIRECTION('',(0.,-1.,0.));
#3525=DIRECTION('',(0.,-1.,0.));
#3526=DIRECTION('center_axis',(0.,0.,-1.));
#3527=DIRECTION('ref_axis',(-1.,0.,0.));
#3528=DIRECTION('',(1.,0.,0.));
#3529=DIRECTION('',(0.,-1.,0.));
#3530=DIRECTION('',(1.,0.,0.));
#3531=DIRECTION('center_axis',(-1.,0.,0.));
#3532=DIRECTION('ref_axis',(0.,0.,1.));
#3533=DIRECTION('',(0.,0.,-1.));
#3534=DIRECTION('',(0.,0.,-1.));
#3535=DIRECTION('',(0.,-1.,0.));
#3536=DIRECTION('center_axis',(0.,1.,0.));
#3537=DIRECTION('ref_axis',(0.721040329365272,0.,-0.692893096681457));
#3538=DIRECTION('',(0.,-1.,0.));
#3539=DIRECTION('center_axis',(0.,1.,0.));
#3540=DIRECTION('ref_axis',(0.721510348939072,0.,-0.692403651329063));
#3541=DIRECTION('',(0.,-1.,0.));
#3542=DIRECTION('center_axis',(0.,1.,0.));
#3543=DIRECTION('ref_axis',(0.,0.,1.));
#3544=DIRECTION('center_axis',(0.,1.,0.));
#3545=DIRECTION('ref_axis',(0.,0.,1.));
#3546=DIRECTION('center_axis',(0.,-1.,0.));
#3547=DIRECTION('ref_axis',(-1.,0.,0.));
#3548=DIRECTION('center_axis',(0.,-1.,0.));
#3549=DIRECTION('ref_axis',(-1.,0.,0.));
#3550=DIRECTION('center_axis',(0.,-1.,0.));
#3551=DIRECTION('ref_axis',(-1.,0.,0.));
#3552=DIRECTION('center_axis',(0.,0.,1.));
#3553=DIRECTION('ref_axis',(1.,0.,0.));
#3554=DIRECTION('',(-1.,0.,0.));
#3555=DIRECTION('',(0.,-1.,0.));
#3556=DIRECTION('',(-1.,0.,0.));
#3557=DIRECTION('',(0.,-1.,0.));
#3558=DIRECTION('center_axis',(1.,0.,0.));
#3559=DIRECTION('ref_axis',(0.,0.,-1.));
#3560=DIRECTION('',(0.,0.,1.));
#3561=DIRECTION('',(0.,0.,1.));
#3562=DIRECTION('',(0.,-1.,0.));
#3563=DIRECTION('center_axis',(0.,0.,-1.));
#3564=DIRECTION('ref_axis',(-1.,0.,0.));
#3565=DIRECTION('',(1.,0.,0.));
#3566=DIRECTION('',(1.,0.,0.));
#3567=DIRECTION('',(0.,-1.,0.));
#3568=DIRECTION('center_axis',(1.,0.,0.));
#3569=DIRECTION('ref_axis',(0.,0.,-1.));
#3570=DIRECTION('',(0.,0.,1.));
#3571=DIRECTION('',(0.,0.,1.));
#3572=DIRECTION('',(0.,-1.,0.));
#3573=DIRECTION('center_axis',(0.,0.,1.));
#3574=DIRECTION('ref_axis',(1.,0.,0.));
#3575=DIRECTION('',(-1.,0.,0.));
#3576=DIRECTION('',(-1.,0.,0.));
#3577=DIRECTION('',(0.,-1.,0.));
#3578=DIRECTION('center_axis',(1.,0.,0.));
#3579=DIRECTION('ref_axis',(0.,0.,-1.));
#3580=DIRECTION('',(0.,0.,1.));
#3581=DIRECTION('',(0.,-1.,0.));
#3582=DIRECTION('',(0.,0.,1.));
#3583=DIRECTION('center_axis',(0.,0.,-1.));
#3584=DIRECTION('ref_axis',(-1.,0.,0.));
#3585=DIRECTION('',(1.,0.,0.));
#3586=DIRECTION('',(0.,-1.,0.));
#3587=DIRECTION('',(1.,0.,0.));
#3588=DIRECTION('center_axis',(-1.,0.,0.));
#3589=DIRECTION('ref_axis',(0.,0.,1.));
#3590=DIRECTION('',(0.,0.,-1.));
#3591=DIRECTION('',(0.,-1.,0.));
#3592=DIRECTION('',(0.,0.,-1.));
#3593=DIRECTION('center_axis',(0.,0.,1.));
#3594=DIRECTION('ref_axis',(1.,0.,0.));
#3595=DIRECTION('',(-1.,0.,0.));
#3596=DIRECTION('',(0.,-1.,0.));
#3597=DIRECTION('',(-1.,0.,0.));
#3598=DIRECTION('center_axis',(1.,0.,0.));
#3599=DIRECTION('ref_axis',(0.,0.,-1.));
#3600=DIRECTION('',(0.,0.,1.));
#3601=DIRECTION('',(0.,0.,1.));
#3602=DIRECTION('center_axis',(0.,1.,0.));
#3603=DIRECTION('ref_axis',(0.,0.,1.));
#3604=DIRECTION('center_axis',(0.,1.,0.));
#3605=DIRECTION('ref_axis',(0.,0.,1.));
#3606=DIRECTION('',(0.,0.,1.));
#3607=DIRECTION('',(1.,0.,0.));
#3608=DIRECTION('',(0.,0.,-1.));
#3609=DIRECTION('',(0.453406386913821,0.,0.891303903450307));
#3610=DIRECTION('',(1.,0.,0.));
#3611=DIRECTION('',(0.,0.,-1.));
#3612=DIRECTION('',(-1.,0.,0.));
#3613=DIRECTION('',(0.,0.,1.));
#3614=DIRECTION('',(-0.456554296231786,0.,-0.889695551631174));
#3615=DIRECTION('',(-1.,0.,0.));
#3616=DIRECTION('center_axis',(0.,0.,-1.));
#3617=DIRECTION('ref_axis',(-1.,0.,0.));
#3618=DIRECTION('',(1.,0.,0.));
#3619=DIRECTION('',(0.,-1.,0.));
#3620=DIRECTION('',(0.,-1.,0.));
#3621=DIRECTION('center_axis',(0.891303903450307,0.,-0.453406386913821));
#3622=DIRECTION('ref_axis',(-0.453406386913821,0.,-0.891303903450307));
#3623=DIRECTION('',(0.453406386913821,0.,0.891303903450307));
#3624=DIRECTION('',(0.,-1.,0.));
#3625=DIRECTION('center_axis',(-1.,0.,0.));
#3626=DIRECTION('ref_axis',(0.,0.,1.));
#3627=DIRECTION('',(0.,0.,-1.));
#3628=DIRECTION('',(0.,-1.,0.));
#3629=DIRECTION('center_axis',(0.,0.,-1.));
#3630=DIRECTION('ref_axis',(-1.,0.,0.));
#3631=DIRECTION('',(1.,0.,0.));
#3632=DIRECTION('',(0.,-1.,0.));
#3633=DIRECTION('center_axis',(1.,0.,0.));
#3634=DIRECTION('ref_axis',(0.,0.,-1.));
#3635=DIRECTION('',(0.,0.,1.));
#3636=DIRECTION('',(0.,-1.,0.));
#3637=DIRECTION('center_axis',(-1.,0.,0.));
#3638=DIRECTION('ref_axis',(0.,0.,1.));
#3639=DIRECTION('',(0.,0.,-1.));
#3640=DIRECTION('',(0.,-1.,0.));
#3641=DIRECTION('center_axis',(0.,0.,1.));
#3642=DIRECTION('ref_axis',(1.,0.,0.));
#3643=DIRECTION('',(-1.,0.,0.));
#3644=DIRECTION('',(0.,-1.,0.));
#3645=DIRECTION('center_axis',(1.,0.,0.));
#3646=DIRECTION('ref_axis',(0.,0.,-1.));
#3647=DIRECTION('',(0.,0.,1.));
#3648=DIRECTION('',(0.,-1.,0.));
#3649=DIRECTION('center_axis',(-0.889695551631174,0.,0.456554296231786));
#3650=DIRECTION('ref_axis',(0.456554296231786,0.,0.889695551631174));
#3651=DIRECTION('',(-0.456554296231786,0.,-0.889695551631174));
#3652=DIRECTION('',(0.,-1.,0.));
#3653=DIRECTION('center_axis',(0.,0.,1.));
#3654=DIRECTION('ref_axis',(1.,0.,0.));
#3655=DIRECTION('',(-1.,0.,0.));
#3656=DIRECTION('center_axis',(0.,0.,1.));
#3657=DIRECTION('ref_axis',(1.,0.,0.));
#3658=DIRECTION('',(-1.,0.,0.));
#3659=DIRECTION('',(0.,-1.,0.));
#3660=DIRECTION('',(-1.,0.,0.));
#3661=DIRECTION('',(0.,-1.,0.));
#3662=DIRECTION('center_axis',(-1.,0.,0.));
#3663=DIRECTION('ref_axis',(0.,0.,1.));
#3664=DIRECTION('',(0.,0.,-1.));
#3665=DIRECTION('',(0.,0.,-1.));
#3666=DIRECTION('',(0.,-1.,0.));
#3667=DIRECTION('',(0.,-1.,0.));
#3668=DIRECTION('',(0.,-1.,0.));
#3669=DIRECTION('',(0.,-1.,0.));
#3670=DIRECTION('center_axis',(0.,1.,0.));
#3671=DIRECTION('ref_axis',(-0.628907869254584,0.,0.777479833815424));
#3672=DIRECTION('center_axis',(0.,1.,0.));
#3673=DIRECTION('ref_axis',(-0.608473684987474,0.,0.79357405116206));
#3674=DIRECTION('',(0.,-1.,0.));
#3675=DIRECTION('',(0.,-1.,0.));
#3676=DIRECTION('',(0.,-1.,0.));
#3677=DIRECTION('center_axis',(1.,0.,0.));
#3678=DIRECTION('ref_axis',(0.,0.,-1.));
#3679=DIRECTION('',(0.,0.,1.));
#3680=DIRECTION('',(0.,-1.,0.));
#3681=DIRECTION('',(0.,0.,1.));
#3682=DIRECTION('center_axis',(0.,0.,-1.));
#3683=DIRECTION('ref_axis',(-1.,0.,0.));
#3684=DIRECTION('',(1.,0.,0.));
#3685=DIRECTION('',(0.,-1.,0.));
#3686=DIRECTION('',(1.,0.,0.));
#3687=DIRECTION('',(0.,-1.,0.));
#3688=DIRECTION('',(0.,-1.,0.));
#3689=DIRECTION('',(0.,-1.,0.));
#3690=DIRECTION('',(0.,-1.,0.));
#3691=DIRECTION('',(0.,-1.,0.));
#3692=DIRECTION('center_axis',(-1.,0.,0.));
#3693=DIRECTION('ref_axis',(0.,0.,1.));
#3694=DIRECTION('',(0.,0.,-1.));
#3695=DIRECTION('',(0.,-1.,0.));
#3696=DIRECTION('',(0.,0.,-1.));
#3697=DIRECTION('center_axis',(0.,0.,1.));
#3698=DIRECTION('ref_axis',(1.,0.,0.));
#3699=DIRECTION('',(-1.,0.,0.));
#3700=DIRECTION('',(-1.,0.,0.));
#3701=DIRECTION('center_axis',(0.,1.,0.));
#3702=DIRECTION('ref_axis',(0.,0.,1.));
#3703=DIRECTION('center_axis',(0.,1.,0.));
#3704=DIRECTION('ref_axis',(0.,0.,1.));
#3705=DIRECTION('',(0.562406463406914,0.,0.826860913284772));
#3706=DIRECTION('',(-0.572378044084605,0.,0.819989862528728));
#3707=DIRECTION('',(1.,0.,0.));
#3708=DIRECTION('',(0.553027176974363,0.,-0.833163214219019));
#3709=DIRECTION('',(0.544561025704962,0.,0.838721222625945));
#3710=DIRECTION('',(1.,0.,0.));
#3711=DIRECTION('',(-0.562842437423015,0.,-0.826564208416817));
#3712=DIRECTION('',(0.573102819283862,0.,-0.819483470564775));
#3713=DIRECTION('',(-1.,0.,0.));
#3714=DIRECTION('',(-0.553041628233065,0.,0.833153621753708));
#3715=DIRECTION('',(-0.542951075362605,0.,-0.839764329894162));
#3716=DIRECTION('',(-1.,0.,0.));
#3717=DIRECTION('center_axis',(0.,0.,-1.));
#3718=DIRECTION('ref_axis',(-1.,0.,0.));
#3719=DIRECTION('',(1.,0.,0.));
#3720=DIRECTION('',(0.,-1.,0.));
#3721=DIRECTION('',(0.,-1.,0.));
#3722=DIRECTION('center_axis',(0.838721222625945,0.,-0.544561025704962));
#3723=DIRECTION('ref_axis',(-0.544561025704962,0.,-0.838721222625945));
#3724=DIRECTION('',(0.544561025704962,0.,0.838721222625945));
#3725=DIRECTION('',(0.,-1.,0.));
#3726=DIRECTION('center_axis',(-0.833163214219019,0.,-0.553027176974363));
#3727=DIRECTION('ref_axis',(-0.553027176974363,0.,0.833163214219019));
#3728=DIRECTION('',(0.553027176974363,0.,-0.833163214219019));
#3729=DIRECTION('',(0.,-1.,0.));
#3730=DIRECTION('center_axis',(0.,0.,-1.));
#3731=DIRECTION('ref_axis',(-1.,0.,0.));
#3732=DIRECTION('',(1.,0.,0.));
#3733=DIRECTION('',(0.,-1.,0.));
#3734=DIRECTION('center_axis',(0.819989862528728,0.,0.572378044084605));
#3735=DIRECTION('ref_axis',(0.572378044084605,0.,-0.819989862528728));
#3736=DIRECTION('',(-0.572378044084605,0.,0.819989862528728));
#3737=DIRECTION('',(0.,-1.,0.));
#3738=DIRECTION('center_axis',(0.826860913284772,0.,-0.562406463406914));
#3739=DIRECTION('ref_axis',(-0.562406463406914,0.,-0.826860913284772));
#3740=DIRECTION('',(0.562406463406914,0.,0.826860913284772));
#3741=DIRECTION('',(0.,-1.,0.));
#3742=DIRECTION('center_axis',(-0.826564208416817,0.,0.562842437423015));
#3743=DIRECTION('ref_axis',(0.562842437423015,0.,0.826564208416817));
#3744=DIRECTION('',(-0.562842437423015,0.,-0.826564208416817));
#3745=DIRECTION('',(0.,-1.,0.));
#3746=DIRECTION('center_axis',(-0.819483470564775,0.,-0.573102819283862));
#3747=DIRECTION('ref_axis',(-0.573102819283863,0.,0.819483470564775));
#3748=DIRECTION('',(0.573102819283862,0.,-0.819483470564775));
#3749=DIRECTION('',(0.,-1.,0.));
#3750=DIRECTION('center_axis',(0.,0.,1.));
#3751=DIRECTION('ref_axis',(1.,0.,0.));
#3752=DIRECTION('',(-1.,0.,0.));
#3753=DIRECTION('',(0.,-1.,0.));
#3754=DIRECTION('center_axis',(0.833153621753708,0.,0.553041628233065));
#3755=DIRECTION('ref_axis',(0.553041628233065,0.,-0.833153621753708));
#3756=DIRECTION('',(-0.553041628233065,0.,0.833153621753708));
#3757=DIRECTION('',(0.,-1.,0.));
#3758=DIRECTION('center_axis',(-0.839764329894162,0.,0.542951075362605));
#3759=DIRECTION('ref_axis',(0.542951075362605,0.,0.839764329894162));
#3760=DIRECTION('',(-0.542951075362605,0.,-0.839764329894162));
#3761=DIRECTION('',(0.,-1.,0.));
#3762=DIRECTION('center_axis',(0.,0.,1.));
#3763=DIRECTION('ref_axis',(1.,0.,0.));
#3764=DIRECTION('',(-1.,0.,0.));
#3765=DIRECTION('center_axis',(0.,0.,1.));
#3766=DIRECTION('ref_axis',(1.,0.,0.));
#3767=DIRECTION('',(-1.,0.,0.));
#3768=DIRECTION('',(0.,-1.,0.));
#3769=DIRECTION('',(-1.,0.,0.));
#3770=DIRECTION('',(0.,-1.,0.));
#3771=DIRECTION('center_axis',(-1.,0.,0.));
#3772=DIRECTION('ref_axis',(0.,0.,1.));
#3773=DIRECTION('',(0.,0.,-1.));
#3774=DIRECTION('',(0.,0.,-1.));
#3775=DIRECTION('',(0.,-1.,0.));
#3776=DIRECTION('',(0.,-1.,0.));
#3777=DIRECTION('',(0.,-1.,0.));
#3778=DIRECTION('',(0.,-1.,0.));
#3779=DIRECTION('center_axis',(0.,1.,0.));
#3780=DIRECTION('ref_axis',(-0.628907869254691,0.,0.777479833815337));
#3781=DIRECTION('center_axis',(0.,1.,0.));
#3782=DIRECTION('ref_axis',(-0.608473684987387,0.,0.793574051162127));
#3783=DIRECTION('',(0.,-1.,0.));
#3784=DIRECTION('',(0.,-1.,0.));
#3785=DIRECTION('',(0.,-1.,0.));
#3786=DIRECTION('center_axis',(1.,0.,0.));
#3787=DIRECTION('ref_axis',(0.,0.,-1.));
#3788=DIRECTION('',(0.,0.,1.));
#3789=DIRECTION('',(0.,-1.,0.));
#3790=DIRECTION('',(0.,0.,1.));
#3791=DIRECTION('center_axis',(0.,0.,-1.));
#3792=DIRECTION('ref_axis',(-1.,0.,0.));
#3793=DIRECTION('',(1.,0.,0.));
#3794=DIRECTION('',(0.,-1.,0.));
#3795=DIRECTION('',(1.,0.,0.));
#3796=DIRECTION('',(0.,-1.,0.));
#3797=DIRECTION('',(0.,-1.,0.));
#3798=DIRECTION('',(0.,-1.,0.));
#3799=DIRECTION('',(0.,-1.,0.));
#3800=DIRECTION('',(0.,-1.,0.));
#3801=DIRECTION('center_axis',(-1.,0.,0.));
#3802=DIRECTION('ref_axis',(0.,0.,1.));
#3803=DIRECTION('',(0.,0.,-1.));
#3804=DIRECTION('',(0.,-1.,0.));
#3805=DIRECTION('',(0.,0.,-1.));
#3806=DIRECTION('center_axis',(0.,0.,1.));
#3807=DIRECTION('ref_axis',(1.,0.,0.));
#3808=DIRECTION('',(-1.,0.,0.));
#3809=DIRECTION('',(-1.,0.,0.));
#3810=DIRECTION('center_axis',(0.,1.,0.));
#3811=DIRECTION('ref_axis',(0.,0.,1.));
#3812=DIRECTION('center_axis',(0.,1.,0.));
#3813=DIRECTION('ref_axis',(0.,0.,1.));
#3814=DIRECTION('center_axis',(0.,1.,0.));
#3815=DIRECTION('ref_axis',(0.,0.,1.));
#3816=DIRECTION('',(1.,0.,0.));
#3817=DIRECTION('',(0.,0.,-1.));
#3818=DIRECTION('',(-1.,0.,0.));
#3819=DIRECTION('',(0.,0.,1.));
#3820=DIRECTION('center_axis',(0.,1.,0.));
#3821=DIRECTION('ref_axis',(0.,0.,1.));
#3822=DIRECTION('center_axis',(0.,1.,0.));
#3823=DIRECTION('ref_axis',(0.,0.,1.));
#3824=DIRECTION('',(-1.,0.,0.));
#3825=DIRECTION('',(0.,0.,-1.));
#3826=DIRECTION('',(-1.,0.,0.));
#3827=DIRECTION('',(0.,0.,1.));
#3828=DIRECTION('center_axis',(0.,1.,0.));
#3829=DIRECTION('ref_axis',(0.,0.,1.));
#3830=DIRECTION('',(1.,0.,0.));
#3831=DIRECTION('',(0.,0.,1.));
#3832=DIRECTION('',(1.,0.,-9.25185853854296E-16));
#3833=DIRECTION('',(0.,0.,-1.));
#3834=DIRECTION('center_axis',(0.,1.,0.));
#3835=DIRECTION('ref_axis',(0.,0.,1.));
#3836=DIRECTION('',(1.,0.,0.));
#3837=DIRECTION('',(0.,0.,1.));
#3838=DIRECTION('',(1.,0.,0.));
#3839=DIRECTION('',(0.,0.,-1.));
#3840=DIRECTION('center_axis',(0.,1.,0.));
#3841=DIRECTION('ref_axis',(0.,0.,1.));
#3842=DIRECTION('',(1.,0.,0.));
#3843=DIRECTION('',(0.,0.,1.));
#3844=DIRECTION('',(1.,0.,0.));
#3845=DIRECTION('',(0.,0.,-1.));
#3846=DIRECTION('center_axis',(0.,1.,0.));
#3847=DIRECTION('ref_axis',(0.,0.,1.));
#3848=DIRECTION('',(-1.,0.,0.));
#3849=DIRECTION('',(0.,0.,-1.));
#3850=DIRECTION('',(-1.,0.,0.));
#3851=DIRECTION('',(0.,0.,1.));
#3852=DIRECTION('center_axis',(0.,1.,0.));
#3853=DIRECTION('ref_axis',(0.,0.,1.));
#3854=DIRECTION('',(-1.,0.,0.));
#3855=DIRECTION('',(0.,0.,-1.));
#3856=DIRECTION('',(-1.,0.,0.));
#3857=DIRECTION('',(0.,0.,1.));
#3858=DIRECTION('center_axis',(0.,0.,1.));
#3859=DIRECTION('ref_axis',(1.,0.,0.));
#3860=DIRECTION('',(0.,1.,0.));
#3861=DIRECTION('',(0.,-1.,0.));
#3862=DIRECTION('',(1.,0.,0.));
#3863=DIRECTION('',(0.,1.,0.));
#3864=DIRECTION('',(0.,1.,0.));
#3865=DIRECTION('',(1.,0.,0.));
#3866=DIRECTION('',(0.,1.,0.));
#3867=DIRECTION('',(0.,-1.,0.));
#3868=DIRECTION('',(1.,0.,0.));
#3869=DIRECTION('',(0.,1.,0.));
#3870=DIRECTION('',(0.,-1.,0.));
#3871=DIRECTION('',(1.,0.,0.));
#3872=DIRECTION('center_axis',(0.,0.,-1.));
#3873=DIRECTION('ref_axis',(-1.,0.,0.));
#3874=DIRECTION('',(0.,1.,0.));
#3875=DIRECTION('',(0.,-1.,0.));
#3876=DIRECTION('',(-1.,0.,0.));
#3877=DIRECTION('',(0.,1.,0.));
#3878=DIRECTION('',(0.,-1.,0.));
#3879=DIRECTION('',(-1.,0.,0.));
#3880=DIRECTION('',(0.,1.,0.));
#3881=DIRECTION('',(0.,-1.,0.));
#3882=DIRECTION('',(-1.,0.,0.));
#3883=DIRECTION('',(0.,1.,0.));
#3884=DIRECTION('',(0.,1.,0.));
#3885=DIRECTION('',(-1.,0.,0.));
#3886=DIRECTION('center_axis',(1.,0.,4.16333634234434E-16));
#3887=DIRECTION('ref_axis',(-4.16333634234434E-16,0.,1.));
#3888=DIRECTION('',(4.16333634234434E-16,0.,-1.));
#3889=DIRECTION('',(0.,-1.,0.));
#3890=DIRECTION('',(-4.16333634234434E-16,0.,1.));
#3891=DIRECTION('',(0.,-1.,0.));
#3892=DIRECTION('center_axis',(2.92163953848725E-16,0.,-1.));
#3893=DIRECTION('ref_axis',(1.,0.,2.94209101525666E-16));
#3894=DIRECTION('',(-1.,0.,-2.92163953848725E-16));
#3895=DIRECTION('',(1.,0.,2.92163953848725E-16));
#3896=DIRECTION('',(0.,-1.,0.));
#3897=DIRECTION('center_axis',(-1.,0.,-1.73472347597681E-16));
#3898=DIRECTION('ref_axis',(1.77635683940025E-16,0.,-1.));
#3899=DIRECTION('',(-1.73472347597681E-16,0.,1.));
#3900=DIRECTION('',(1.73472347597681E-16,0.,-1.));
#3901=DIRECTION('',(0.,-1.,0.));
#3902=DIRECTION('center_axis',(-0.707106781186547,0.,0.707106781186548));
#3903=DIRECTION('ref_axis',(-0.707106781186548,0.,-0.707106781186547));
#3904=DIRECTION('',(0.707106781186548,0.,0.707106781186547));
#3905=DIRECTION('',(-0.707106781186548,0.,-0.707106781186547));
#3906=DIRECTION('',(0.,-1.,0.));
#3907=DIRECTION('center_axis',(-1.8503717077086E-16,0.,1.));
#3908=DIRECTION('ref_axis',(-1.,0.,-1.83186799063151E-16));
#3909=DIRECTION('',(1.,0.,1.8503717077086E-16));
#3910=DIRECTION('',(-1.,0.,-1.8503717077086E-16));
#3911=DIRECTION('center_axis',(0.,-1.,0.));
#3912=DIRECTION('ref_axis',(0.,0.,-1.));
#3913=DIRECTION('center_axis',(-1.,0.,0.));
#3914=DIRECTION('ref_axis',(0.,0.,-1.));
#3915=DIRECTION('',(0.,0.,1.));
#3916=DIRECTION('',(0.,-1.,0.));
#3917=DIRECTION('',(0.,0.,-1.));
#3918=DIRECTION('',(0.,1.,0.));
#3919=DIRECTION('center_axis',(0.,0.,1.));
#3920=DIRECTION('ref_axis',(-1.,0.,0.));
#3921=DIRECTION('',(-1.,0.,0.));
#3922=DIRECTION('',(0.,1.,0.));
#3923=DIRECTION('center_axis',(1.,0.,1.38777878078145E-15));
#3924=DIRECTION('ref_axis',(-1.38777878078145E-15,0.,1.));
#3925=DIRECTION('',(-1.38777878078145E-15,0.,1.));
#3926=DIRECTION('',(0.,-1.,0.));
#3927=DIRECTION('',(1.38777878078145E-15,0.,-1.));
#3928=DIRECTION('center_axis',(4.62592926927148E-16,0.,-1.));
#3929=DIRECTION('ref_axis',(1.,0.,4.66293670342566E-16));
#3930=DIRECTION('',(-1.,0.,-4.62592926927148E-16));
#3931=DIRECTION('',(1.,0.,4.62592926927148E-16));
#3932=DIRECTION('center_axis',(0.,-1.,0.));
#3933=DIRECTION('ref_axis',(0.,0.,-1.));
#3934=DIRECTION('center_axis',(-1.,0.,-2.31296463463574E-16));
#3935=DIRECTION('ref_axis',(2.33146835171283E-16,0.,-1.));
#3936=DIRECTION('',(-2.31296463463574E-16,0.,1.));
#3937=DIRECTION('',(0.,-1.,0.));
#3938=DIRECTION('',(2.31296463463574E-16,0.,-1.));
#3939=DIRECTION('',(0.,1.,0.));
#3940=DIRECTION('center_axis',(9.25185853854296E-16,0.,1.));
#3941=DIRECTION('ref_axis',(-1.,0.,9.32587340685132E-16));
#3942=DIRECTION('',(-1.,0.,9.25185853854296E-16));
#3943=DIRECTION('',(0.,1.,0.));
#3944=DIRECTION('center_axis',(1.,0.,-1.38777878078145E-15));
#3945=DIRECTION('ref_axis',(1.38777878078145E-15,0.,1.));
#3946=DIRECTION('',(1.38777878078145E-15,0.,1.));
#3947=DIRECTION('',(0.,-1.,0.));
#3948=DIRECTION('',(-1.38777878078145E-15,0.,-1.));
#3949=DIRECTION('center_axis',(0.,0.,-1.));
#3950=DIRECTION('ref_axis',(1.,0.,0.));
#3951=DIRECTION('',(-1.,0.,0.));
#3952=DIRECTION('',(1.,0.,0.));
#3953=DIRECTION('center_axis',(0.,-1.,0.));
#3954=DIRECTION('ref_axis',(0.,0.,-1.));
#3955=DIRECTION('center_axis',(-1.,0.,5.78241158658936E-17));
#3956=DIRECTION('ref_axis',(-5.82867087928207E-17,0.,-1.));
#3957=DIRECTION('',(0.,1.,0.));
#3958=DIRECTION('',(-5.78241158658936E-17,0.,-1.));
#3959=DIRECTION('',(0.,-1.,0.));
#3960=DIRECTION('',(5.78241158658936E-17,0.,1.));
#3961=DIRECTION('center_axis',(0.,0.,1.));
#3962=DIRECTION('ref_axis',(-1.,0.,0.));
#3963=DIRECTION('',(1.,0.,0.));
#3964=DIRECTION('',(-1.,0.,0.));
#3965=DIRECTION('',(0.,-1.,0.));
#3966=DIRECTION('center_axis',(1.,0.,1.15648231731787E-16));
#3967=DIRECTION('ref_axis',(-1.16573417585641E-16,0.,1.));
#3968=DIRECTION('',(1.15648231731787E-16,0.,-1.));
#3969=DIRECTION('',(-1.15648231731787E-16,0.,1.));
#3970=DIRECTION('',(0.,-1.,0.));
#3971=DIRECTION('center_axis',(0.,0.,-1.));
#3972=DIRECTION('ref_axis',(1.,0.,0.));
#3973=DIRECTION('',(1.,0.,0.));
#3974=DIRECTION('center_axis',(0.,-1.,0.));
#3975=DIRECTION('ref_axis',(0.,0.,-1.));
#3976=DIRECTION('center_axis',(-1.,0.,0.));
#3977=DIRECTION('ref_axis',(0.,0.,-1.));
#3978=DIRECTION('',(0.,1.,0.));
#3979=DIRECTION('',(0.,0.,-1.));
#3980=DIRECTION('',(0.,-1.,0.));
#3981=DIRECTION('',(0.,0.,1.));
#3982=DIRECTION('center_axis',(4.62592926927149E-16,0.,1.));
#3983=DIRECTION('ref_axis',(-1.,0.,4.66293670342566E-16));
#3984=DIRECTION('',(1.,0.,-4.62592926927149E-16));
#3985=DIRECTION('',(-1.,0.,4.62592926927149E-16));
#3986=DIRECTION('',(0.,-1.,0.));
#3987=DIRECTION('center_axis',(1.,0.,4.62592926927149E-16));
#3988=DIRECTION('ref_axis',(-4.66293670342566E-16,0.,1.));
#3989=DIRECTION('',(4.62592926927149E-16,0.,-1.));
#3990=DIRECTION('',(-4.62592926927149E-16,0.,1.));
#3991=DIRECTION('',(0.,-1.,0.));
#3992=DIRECTION('center_axis',(0.,0.,-1.));
#3993=DIRECTION('ref_axis',(1.,0.,0.));
#3994=DIRECTION('',(1.,0.,0.));
#3995=DIRECTION('center_axis',(0.,-1.,0.));
#3996=DIRECTION('ref_axis',(0.,0.,-1.));
#3997=DIRECTION('center_axis',(-1.,0.,0.));
#3998=DIRECTION('ref_axis',(0.,0.,-1.));
#3999=DIRECTION('',(0.,1.,0.));
#4000=DIRECTION('',(0.,0.,-1.));
#4001=DIRECTION('',(0.,-1.,0.));
#4002=DIRECTION('',(0.,0.,1.));
#4003=DIRECTION('center_axis',(0.,0.,1.));
#4004=DIRECTION('ref_axis',(-1.,0.,0.));
#4005=DIRECTION('',(1.,0.,0.));
#4006=DIRECTION('',(-1.,0.,0.));
#4007=DIRECTION('',(0.,-1.,0.));
#4008=DIRECTION('center_axis',(1.,0.,2.31296463463574E-16));
#4009=DIRECTION('ref_axis',(-2.33146835171283E-16,0.,1.));
#4010=DIRECTION('',(2.31296463463574E-16,0.,-1.));
#4011=DIRECTION('',(-2.31296463463574E-16,0.,1.));
#4012=DIRECTION('',(0.,-1.,0.));
#4013=DIRECTION('center_axis',(0.,0.,-1.));
#4014=DIRECTION('ref_axis',(1.,0.,0.));
#4015=DIRECTION('',(1.,0.,0.));
#4016=DIRECTION('center_axis',(0.,-1.,0.));
#4017=DIRECTION('ref_axis',(0.,0.,-1.));
#4018=DIRECTION('center_axis',(-1.,0.,-1.73472347597681E-16));
#4019=DIRECTION('ref_axis',(1.72084568816899E-16,0.,-1.));
#4020=DIRECTION('',(-1.73472347597681E-16,0.,1.));
#4021=DIRECTION('',(0.,-1.,0.));
#4022=DIRECTION('',(1.73472347597681E-16,0.,-1.));
#4023=DIRECTION('',(0.,1.,0.));
#4024=DIRECTION('center_axis',(0.,0.,1.));
#4025=DIRECTION('ref_axis',(-1.,0.,0.));
#4026=DIRECTION('',(-1.,0.,0.));
#4027=DIRECTION('',(0.,1.,0.));
#4028=DIRECTION('center_axis',(1.,0.,3.46944695195361E-16));
#4029=DIRECTION('ref_axis',(-3.46944695195361E-16,0.,1.));
#4030=DIRECTION('',(-3.46944695195361E-16,0.,1.));
#4031=DIRECTION('',(0.,-1.,0.));
#4032=DIRECTION('',(3.46944695195361E-16,0.,-1.));
#4033=DIRECTION('center_axis',(0.,0.,-1.));
#4034=DIRECTION('ref_axis',(1.,0.,0.));
#4035=DIRECTION('',(-1.,0.,0.));
#4036=DIRECTION('',(1.,0.,0.));
#4037=DIRECTION('center_axis',(0.,-1.,0.));
#4038=DIRECTION('ref_axis',(0.,0.,-1.));
#4039=DIRECTION('center_axis',(-1.,0.,-1.69241314729445E-16));
#4040=DIRECTION('ref_axis',(1.66533453693773E-16,0.,-1.));
#4041=DIRECTION('',(-1.69241314729445E-16,0.,1.));
#4042=DIRECTION('',(0.,-1.,0.));
#4043=DIRECTION('',(1.69241314729445E-16,0.,-1.));
#4044=DIRECTION('',(0.,-1.,0.));
#4045=DIRECTION('center_axis',(-3.01691039300314E-16,0.,1.));
#4046=DIRECTION('ref_axis',(-1.,0.,-2.99760216648792E-16));
#4047=DIRECTION('',(1.,0.,3.01691039300314E-16));
#4048=DIRECTION('',(-1.,0.,-3.01691039300314E-16));
#4049=DIRECTION('',(0.,-1.,0.));
#4050=DIRECTION('center_axis',(1.,0.,3.38482629458889E-16));
#4051=DIRECTION('ref_axis',(-3.33066907387547E-16,0.,1.));
#4052=DIRECTION('',(3.38482629458889E-16,0.,-1.));
#4053=DIRECTION('',(-3.38482629458889E-16,0.,1.));
#4054=DIRECTION('',(0.,-1.,0.));
#4055=DIRECTION('center_axis',(0.,0.,-1.));
#4056=DIRECTION('ref_axis',(1.,0.,0.));
#4057=DIRECTION('',(-1.,0.,0.));
#4058=DIRECTION('',(1.,0.,0.));
#4059=DIRECTION('center_axis',(0.,-1.,0.));
#4060=DIRECTION('ref_axis',(0.,0.,-1.));
#4061=DIRECTION('center_axis',(-1.,0.,0.));
#4062=DIRECTION('ref_axis',(0.,0.,1.));
#4063=DIRECTION('',(0.,0.,1.));
#4064=DIRECTION('center_axis',(1.,0.,0.));
#4065=DIRECTION('ref_axis',(0.,0.,-1.));
#4066=DIRECTION('',(0.,0.,-1.));
#4067=DIRECTION('center_axis',(0.,1.,0.));
#4068=DIRECTION('ref_axis',(0.,0.,1.));
#4069=DIRECTION('center_axis',(0.,1.,0.));
#4070=DIRECTION('ref_axis',(0.,0.,1.));
#4071=CARTESIAN_POINT('',(0.,0.,0.));
#4072=CARTESIAN_POINT('Origin',(0.,0.579,0.));
#4073=CARTESIAN_POINT('',(0.833022657214291,0.579,-0.0136142635244025));
#4074=CARTESIAN_POINT('',(0.889181489022253,0.579,0.0610210670602042));
#4075=CARTESIAN_POINT('Ctrl Pts',(0.833022657214291,0.579,-0.0136142635244025));
#4076=CARTESIAN_POINT('Ctrl Pts',(0.850850857788247,0.579,-0.00875202700423268));
#4077=CARTESIAN_POINT('Ctrl Pts',(0.864667713233063,0.579,0.000121554645077248));
#4078=CARTESIAN_POINT('Ctrl Pts',(0.874473223548739,0.579,0.0130064814235272));
#4079=CARTESIAN_POINT('Ctrl Pts',(0.884278733864415,0.579,0.0258914082019773));
#4080=CARTESIAN_POINT('Ctrl Pts',(0.889181489022253,0.579,0.0418962700808695));
#4081=CARTESIAN_POINT('Ctrl Pts',(0.889181489022253,0.579,0.0610210670602042));
#4082=CARTESIAN_POINT('',(0.833022657214291,0.579,-0.0150729344804534));
#4083=CARTESIAN_POINT('',(0.833022657214291,0.579,-0.00680713176220125));
#4084=CARTESIAN_POINT('',(0.87508100311376,0.579,-0.079254456546695));
#4085=CARTESIAN_POINT('Ctrl Pts',(0.87508100311376,0.579,-0.079254456546695));
#4086=CARTESIAN_POINT('Ctrl Pts',(0.87508100311376,0.579,-0.0651539706382025));
#4087=CARTESIAN_POINT('Ctrl Pts',(0.871353288448297,0.579,-0.052512155685761));
#4088=CARTESIAN_POINT('Ctrl Pts',(0.86389785911737,0.579,-0.0413290116893704));
#4089=CARTESIAN_POINT('Ctrl Pts',(0.856442429786442,0.579,-0.0301458676929798));
#4090=CARTESIAN_POINT('Ctrl Pts',(0.84615069581875,0.579,-0.0213938419566742));
#4091=CARTESIAN_POINT('Ctrl Pts',(0.833022657214291,0.579,-0.0150729344804534));
#4092=CARTESIAN_POINT('',(0.843962689384673,0.579,-0.134683952876631));
#4093=CARTESIAN_POINT('Ctrl Pts',(0.843962689384673,0.579,-0.134683952876631));
#4094=CARTESIAN_POINT('Ctrl Pts',(0.854821684279719,0.579,-0.129011343603099));
#4095=CARTESIAN_POINT('Ctrl Pts',(0.862722818624995,0.579,-0.121515395634504));
#4096=CARTESIAN_POINT('Ctrl Pts',(0.867666092420501,0.579,-0.112196108970845));
#4097=CARTESIAN_POINT('Ctrl Pts',(0.872609366216007,0.579,-0.102876822307187));
#4098=CARTESIAN_POINT('Ctrl Pts',(0.87508100311376,0.579,-0.0918962714991365));
#4099=CARTESIAN_POINT('Ctrl Pts',(0.87508100311376,0.579,-0.079254456546695));
#4100=CARTESIAN_POINT('',(0.765194457757922,0.579,-0.146839544177055));
#4101=CARTESIAN_POINT('Ctrl Pts',(0.765194457757922,0.579,-0.146839544177055));
#4102=CARTESIAN_POINT('Ctrl Pts',(0.786588298446669,0.579,-0.146839544177055));
#4103=CARTESIAN_POINT('Ctrl Pts',(0.80263367896323,0.579,-0.146150727336698));
#4104=CARTESIAN_POINT('Ctrl Pts',(0.813330599307603,0.579,-0.144773093655983));
#4105=CARTESIAN_POINT('Ctrl Pts',(0.824027519651977,0.579,-0.143395459975268));
#4106=CARTESIAN_POINT('Ctrl Pts',(0.834238216344334,0.579,-0.140032413048818));
#4107=CARTESIAN_POINT('Ctrl Pts',(0.843962689384673,0.579,-0.134683952876631));
#4108=CARTESIAN_POINT('',(0.685696890653146,0.579,-0.146839544177055));
#4109=CARTESIAN_POINT('',(0.382597228878961,0.579,-0.146839544177055));
#4110=CARTESIAN_POINT('',(0.685696890653146,0.579,0.153160449117422));
#4111=CARTESIAN_POINT('',(0.685696890653146,0.579,-0.0734197720885277));
#4112=CARTESIAN_POINT('',(0.771758477060152,0.579,0.153160449117422));
#4113=CARTESIAN_POINT('',(0.342848445326573,0.579,0.153160449117422));
#4114=CARTESIAN_POINT('',(0.858063175293166,0.579,0.128849266516573));
#4115=CARTESIAN_POINT('Ctrl Pts',(0.858063175293166,0.579,0.128849266516573));
#4116=CARTESIAN_POINT('Ctrl Pts',(0.846717956746103,0.579,0.137601292252879));
#4117=CARTESIAN_POINT('Ctrl Pts',(0.834602884083346,0.579,0.143841162453763));
#4118=CARTESIAN_POINT('Ctrl Pts',(0.821717957304896,0.579,0.147568877119227));
#4119=CARTESIAN_POINT('Ctrl Pts',(0.808833030526446,0.579,0.15129659178469));
#4120=CARTESIAN_POINT('Ctrl Pts',(0.792179870444865,0.579,0.153160449117422));
#4121=CARTESIAN_POINT('Ctrl Pts',(0.771758477060152,0.579,0.153160449117422));
#4122=CARTESIAN_POINT('Ctrl Pts',(0.889181489022253,0.579,0.0610210670602042));
#4123=CARTESIAN_POINT('Ctrl Pts',(0.889181489022253,0.579,0.0759319257220582));
#4124=CARTESIAN_POINT('Ctrl Pts',(0.886345184385487,0.579,0.0891004829641848));
#4125=CARTESIAN_POINT('Ctrl Pts',(0.880672575111955,0.579,0.100526738786584));
#4126=CARTESIAN_POINT('Ctrl Pts',(0.874999965838424,0.579,0.111952994608983));
#4127=CARTESIAN_POINT('Ctrl Pts',(0.867463499232161,0.579,0.121393837185646));
#4128=CARTESIAN_POINT('Ctrl Pts',(0.858063175293166,0.579,0.128849266516573));
#4129=CARTESIAN_POINT('',(0.823298184173952,0.579,0.0160453792486334));
#4130=CARTESIAN_POINT('',(0.770786029756118,0.579,0.00826580081636167));
#4131=CARTESIAN_POINT('Ctrl Pts',(0.823298184173952,0.579,0.0160453792486334));
#4132=CARTESIAN_POINT('Ctrl Pts',(0.816977276697731,0.579,0.0128038882351868));
#4133=CARTESIAN_POINT('Ctrl Pts',(0.810089108294157,0.579,0.0106969190764466));
#4134=CARTESIAN_POINT('Ctrl Pts',(0.80263367896323,0.579,0.00972447177241262));
#4135=CARTESIAN_POINT('Ctrl Pts',(0.795178249632303,0.579,0.00875202446837865));
#4136=CARTESIAN_POINT('Ctrl Pts',(0.784562366563266,0.579,0.00826580081636167));
#4137=CARTESIAN_POINT('Ctrl Pts',(0.770786029756118,0.579,0.00826580081636167));
#4138=CARTESIAN_POINT('',(0.847609366774801,0.579,0.0627228498422636));
#4139=CARTESIAN_POINT('Ctrl Pts',(0.847609366774801,0.579,0.0627228498422636));
#4140=CARTESIAN_POINT('Ctrl Pts',(0.847609366774801,0.579,0.0513776312952007));
#4141=CARTESIAN_POINT('Ctrl Pts',(0.845988621268077,0.579,0.0420583446315419));
#4142=CARTESIAN_POINT('Ctrl Pts',(0.842747130254631,0.579,0.0347649898512872));
#4143=CARTESIAN_POINT('Ctrl Pts',(0.839505639241184,0.579,0.0274716350710324));
#4144=CARTESIAN_POINT('Ctrl Pts',(0.833022657214291,0.579,0.0212317648701479));
#4145=CARTESIAN_POINT('Ctrl Pts',(0.823298184173952,0.579,0.0160453792486334));
#4146=CARTESIAN_POINT('',(0.825972414260045,0.579,0.106482978523792));
#4147=CARTESIAN_POINT('Ctrl Pts',(0.825972414260045,0.579,0.106482978523792));
#4148=CARTESIAN_POINT('Ctrl Pts',(0.833427843590972,0.579,0.101134518351605));
#4149=CARTESIAN_POINT('Ctrl Pts',(0.838897859676163,0.579,0.095137759976729));
#4150=CARTESIAN_POINT('Ctrl Pts',(0.842382462515618,0.579,0.0884927033991636));
#4151=CARTESIAN_POINT('Ctrl Pts',(0.845867065355073,0.579,0.0818476468215982));
#4152=CARTESIAN_POINT('Ctrl Pts',(0.847609366774801,0.579,0.0732576956359648));
#4153=CARTESIAN_POINT('Ctrl Pts',(0.847609366774801,0.579,0.0627228498422636));
#4154=CARTESIAN_POINT('',(0.757901102977668,0.579,0.119124793476233));
#4155=CARTESIAN_POINT('Ctrl Pts',(0.757901102977668,0.579,0.119124793476233));
#4156=CARTESIAN_POINT('Ctrl Pts',(0.775405154450279,0.579,0.119124793476233));
#4157=CARTESIAN_POINT('Ctrl Pts',(0.789181491257427,0.579,0.118314420722872));
#4158=CARTESIAN_POINT('Ctrl Pts',(0.799230113399111,0.579,0.116693675216149));
#4159=CARTESIAN_POINT('Ctrl Pts',(0.809278735540795,0.579,0.115072929709425));
#4160=CARTESIAN_POINT('Ctrl Pts',(0.818192835827773,0.579,0.111669364145306));
#4161=CARTESIAN_POINT('Ctrl Pts',(0.825972414260045,0.579,0.106482978523792));
#4162=CARTESIAN_POINT('',(0.725567230118538,0.579,0.119124793476233));
#4163=CARTESIAN_POINT('',(0.362783615059269,0.579,0.119124793476233));
#4164=CARTESIAN_POINT('',(0.725567230118538,0.579,0.00826580081636167));
#4165=CARTESIAN_POINT('',(0.725567230118538,0.579,0.00413290040818083));
#4166=CARTESIAN_POINT('',(0.385393014878059,0.579,0.00826580081636167));
#4167=CARTESIAN_POINT('',(0.818192835827773,0.579,-0.105024310103595));
#4168=CARTESIAN_POINT('',(0.763735786801871,0.579,-0.112803888535867));
#4169=CARTESIAN_POINT('Ctrl Pts',(0.818192835827773,0.579,-0.105024310103595));
#4170=CARTESIAN_POINT('Ctrl Pts',(0.814929774399358,0.579,-0.106818993889223));
#4171=CARTESIAN_POINT('Ctrl Pts',(0.811513707391038,0.579,-0.108252846198132));
#4172=CARTESIAN_POINT('Ctrl Pts',(0.802737042150887,0.579,-0.110930472881568));
#4173=CARTESIAN_POINT('Ctrl Pts',(0.798417438594704,0.579,-0.11140894802761));
#4174=CARTESIAN_POINT('Ctrl Pts',(0.78677114053026,0.579,-0.112609597312604));
#4175=CARTESIAN_POINT('Ctrl Pts',(0.773499910050811,0.579,-0.112803888535867));
#4176=CARTESIAN_POINT('Ctrl Pts',(0.763735786801871,0.579,-0.112803888535867));
#4177=CARTESIAN_POINT('',(0.833508880866308,0.579,-0.0736628845484997));
#4178=CARTESIAN_POINT('Ctrl Pts',(0.833508880866308,0.579,-0.0736628845484997));
#4179=CARTESIAN_POINT('Ctrl Pts',(0.833508880866308,0.579,-0.0786133671935815));
#4180=CARTESIAN_POINT('Ctrl Pts',(0.832923098668891,0.579,-0.0835964644970941));
#4181=CARTESIAN_POINT('Ctrl Pts',(0.82986573865299,0.579,-0.0932102301093911));
#4182=CARTESIAN_POINT('Ctrl Pts',(0.827846924360076,0.579,-0.096182143926227));
#4183=CARTESIAN_POINT('Ctrl Pts',(0.824369054619103,0.579,-0.100717868002027));
#4184=CARTESIAN_POINT('Ctrl Pts',(0.821490242519387,0.579,-0.103125803220545));
#4185=CARTESIAN_POINT('Ctrl Pts',(0.818192835827773,0.579,-0.105024310103595));
#4186=CARTESIAN_POINT('',(0.816734164871722,0.579,-0.0350081042131496));
#4187=CARTESIAN_POINT('Ctrl Pts',(0.816734164871722,0.579,-0.0350081042131497));
#4188=CARTESIAN_POINT('Ctrl Pts',(0.822892997797271,0.579,-0.0388978934292855));
#4189=CARTESIAN_POINT('Ctrl Pts',(0.827228492027756,0.579,-0.0439627231377957));
#4190=CARTESIAN_POINT('Ctrl Pts',(0.829740647563177,0.579,-0.0502025933386803));
#4191=CARTESIAN_POINT('Ctrl Pts',(0.832252803098598,0.579,-0.0564424635395649));
#4192=CARTESIAN_POINT('Ctrl Pts',(0.833508880866308,0.579,-0.0642625606095047));
#4193=CARTESIAN_POINT('Ctrl Pts',(0.833508880866308,0.579,-0.0736628845484997));
#4194=CARTESIAN_POINT('',(0.770786029756118,0.579,-0.0250405193468015));
#4195=CARTESIAN_POINT('Ctrl Pts',(0.770786029756118,0.579,-0.0250405193468015));
#4196=CARTESIAN_POINT('Ctrl Pts',(0.783265770157887,0.579,-0.0250405193468015));
#4197=CARTESIAN_POINT('Ctrl Pts',(0.792463500908541,0.579,-0.0256888175494908));
#4198=CARTESIAN_POINT('Ctrl Pts',(0.798379222008081,0.579,-0.0269854139548695));
#4199=CARTESIAN_POINT('Ctrl Pts',(0.804294943107621,0.579,-0.0282820103602481));
#4200=CARTESIAN_POINT('Ctrl Pts',(0.810413257395502,0.579,-0.0309562404463415));
#4201=CARTESIAN_POINT('Ctrl Pts',(0.816734164871722,0.579,-0.0350081042131497));
#4202=CARTESIAN_POINT('',(0.725567230118538,0.579,-0.0250405193468015));
#4203=CARTESIAN_POINT('',(0.362783615059269,0.579,-0.0250405193468015));
#4204=CARTESIAN_POINT('',(0.725567230118538,0.579,-0.112803888535867));
#4205=CARTESIAN_POINT('',(0.725567230118538,0.579,-0.0564019442679333));
#4206=CARTESIAN_POINT('',(0.381867893400936,0.579,-0.112803888535867));
#4207=CARTESIAN_POINT('Ctrl Pts',(0.816734164871722,3.47275024846598,-0.0350081042131497));
#4208=CARTESIAN_POINT('Ctrl Pts',(0.816734164871722,-2.31275024846598,-0.0350081042131497));
#4209=CARTESIAN_POINT('Ctrl Pts',(0.807252803657391,3.47275024846598,-0.0289303085629374));
#4210=CARTESIAN_POINT('Ctrl Pts',(0.807252803657391,-2.31275024846598,-0.0289303085629374));
#4211=CARTESIAN_POINT('Ctrl Pts',(0.789505640358771,3.47275024846598,-0.0250405193468015));
#4212=CARTESIAN_POINT('Ctrl Pts',(0.789505640358771,-2.31275024846598,-0.0250405193468015));
#4213=CARTESIAN_POINT('Ctrl Pts',(0.770786029756118,3.47275024846598,-0.0250405193468015));
#4214=CARTESIAN_POINT('Ctrl Pts',(0.770786029756118,-2.31275024846598,-0.0250405193468015));
#4215=CARTESIAN_POINT('',(0.770786029756118,0.58,-0.0250405193468015));
#4216=CARTESIAN_POINT('',(0.816734164871722,0.58,-0.0350081042131496));
#4217=CARTESIAN_POINT('Ctrl Pts',(0.770786029756118,0.58,-0.0250405193468015));
#4218=CARTESIAN_POINT('Ctrl Pts',(0.789505640358771,0.58,-0.0250405193468015));
#4219=CARTESIAN_POINT('Ctrl Pts',(0.807252803657391,0.58,-0.0289303085629374));
#4220=CARTESIAN_POINT('Ctrl Pts',(0.816734164871722,0.58,-0.0350081042131497));
#4221=CARTESIAN_POINT('',(0.770786029756118,3.47275024846598,-0.0250405193468015));
#4222=CARTESIAN_POINT('',(0.816734164871722,3.47275024846598,-0.0350081042131496));
#4223=CARTESIAN_POINT('Ctrl Pts',(0.833508880866308,3.47275024846598,-0.0736628845484997));
#4224=CARTESIAN_POINT('Ctrl Pts',(0.833508880866308,-2.31275024846598,-0.0736628845484997));
#4225=CARTESIAN_POINT('Ctrl Pts',(0.833508880866308,3.47275024846598,-0.0595623986400072));
#4226=CARTESIAN_POINT('Ctrl Pts',(0.833508880866308,-2.31275024846598,-0.0595623986400072));
#4227=CARTESIAN_POINT('Ctrl Pts',(0.825972414260045,3.47275024846598,-0.0408427880373534));
#4228=CARTESIAN_POINT('Ctrl Pts',(0.825972414260045,-2.31275024846598,-0.0408427880373534));
#4229=CARTESIAN_POINT('Ctrl Pts',(0.816734164871722,3.47275024846598,-0.0350081042131497));
#4230=CARTESIAN_POINT('Ctrl Pts',(0.816734164871722,-2.31275024846598,-0.0350081042131497));
#4231=CARTESIAN_POINT('',(0.833508880866308,0.58,-0.0736628845484997));
#4232=CARTESIAN_POINT('Ctrl Pts',(0.816734164871722,0.58,-0.0350081042131497));
#4233=CARTESIAN_POINT('Ctrl Pts',(0.825972414260045,0.58,-0.0408427880373534));
#4234=CARTESIAN_POINT('Ctrl Pts',(0.833508880866308,0.58,-0.0595623986400072));
#4235=CARTESIAN_POINT('Ctrl Pts',(0.833508880866308,0.58,-0.0736628845484997));
#4236=CARTESIAN_POINT('',(0.833508880866308,3.47275024846598,-0.0736628845484997));
#4237=CARTESIAN_POINT('Ctrl Pts',(0.818192835827773,3.47275024846598,-0.105024310103595));
#4238=CARTESIAN_POINT('Ctrl Pts',(0.818192835827773,-2.31275024846598,-0.105024310103595));
#4239=CARTESIAN_POINT('Ctrl Pts',(0.826215526086054,3.47275024846598,-0.100405185409434));
#4240=CARTESIAN_POINT('Ctrl Pts',(0.826215526086054,-2.31275024846598,-0.100405185409434));
#4241=CARTESIAN_POINT('Ctrl Pts',(0.833508880866308,3.47275024846598,-0.0843598048928733));
#4242=CARTESIAN_POINT('Ctrl Pts',(0.833508880866308,-2.31275024846598,-0.0843598048928733));
#4243=CARTESIAN_POINT('Ctrl Pts',(0.833508880866308,3.47275024846598,-0.0736628845484997));
#4244=CARTESIAN_POINT('Ctrl Pts',(0.833508880866308,-2.31275024846598,-0.0736628845484997));
#4245=CARTESIAN_POINT('',(0.818192835827773,0.58,-0.105024310103595));
#4246=CARTESIAN_POINT('Ctrl Pts',(0.833508880866308,0.58,-0.0736628845484997));
#4247=CARTESIAN_POINT('Ctrl Pts',(0.833508880866308,0.58,-0.0843598048928733));
#4248=CARTESIAN_POINT('Ctrl Pts',(0.826215526086054,0.58,-0.100405185409434));
#4249=CARTESIAN_POINT('Ctrl Pts',(0.818192835827773,0.58,-0.105024310103595));
#4250=CARTESIAN_POINT('',(0.818192835827773,3.47275024846598,-0.105024310103595));
#4251=CARTESIAN_POINT('Ctrl Pts',(0.763735786801871,3.47275024846598,-0.112803888535867));
#4252=CARTESIAN_POINT('Ctrl Pts',(0.763735786801871,-2.31275024846598,-0.112803888535867));
#4253=CARTESIAN_POINT('Ctrl Pts',(0.78488651566461,3.47275024846598,-0.112803888535867));
#4254=CARTESIAN_POINT('Ctrl Pts',(0.78488651566461,-2.31275024846598,-0.112803888535867));
#4255=CARTESIAN_POINT('Ctrl Pts',(0.808468362787434,3.47275024846598,-0.110372770275782));
#4256=CARTESIAN_POINT('Ctrl Pts',(0.808468362787434,-2.31275024846598,-0.110372770275782));
#4257=CARTESIAN_POINT('Ctrl Pts',(0.818192835827773,3.47275024846598,-0.105024310103595));
#4258=CARTESIAN_POINT('Ctrl Pts',(0.818192835827773,-2.31275024846598,-0.105024310103595));
#4259=CARTESIAN_POINT('',(0.763735786801871,0.58,-0.112803888535867));
#4260=CARTESIAN_POINT('Ctrl Pts',(0.818192835827773,0.58,-0.105024310103595));
#4261=CARTESIAN_POINT('Ctrl Pts',(0.808468362787434,0.58,-0.110372770275782));
#4262=CARTESIAN_POINT('Ctrl Pts',(0.78488651566461,0.58,-0.112803888535867));
#4263=CARTESIAN_POINT('Ctrl Pts',(0.763735786801871,0.58,-0.112803888535867));
#4264=CARTESIAN_POINT('',(0.763735786801871,3.47275024846598,-0.112803888535867));
#4265=CARTESIAN_POINT('Ctrl Pts',(0.825972414260045,3.47275024846598,0.106482978523792));
#4266=CARTESIAN_POINT('Ctrl Pts',(0.825972414260045,-2.31275024846598,0.106482978523792));
#4267=CARTESIAN_POINT('Ctrl Pts',(0.814303046611637,3.47275024846598,0.114262556956064));
#4268=CARTESIAN_POINT('Ctrl Pts',(0.814303046611637,-2.31275024846598,0.114262556956064));
#4269=CARTESIAN_POINT('Ctrl Pts',(0.784157180186585,3.47275024846598,0.119124793476233));
#4270=CARTESIAN_POINT('Ctrl Pts',(0.784157180186585,-2.31275024846598,0.119124793476233));
#4271=CARTESIAN_POINT('Ctrl Pts',(0.757901102977668,3.47275024846598,0.119124793476233));
#4272=CARTESIAN_POINT('Ctrl Pts',(0.757901102977668,-2.31275024846598,0.119124793476233));
#4273=CARTESIAN_POINT('',(0.757901102977668,0.58,0.119124793476233));
#4274=CARTESIAN_POINT('',(0.825972414260045,0.58,0.106482978523792));
#4275=CARTESIAN_POINT('Ctrl Pts',(0.757901102977668,0.58,0.119124793476233));
#4276=CARTESIAN_POINT('Ctrl Pts',(0.784157180186585,0.58,0.119124793476233));
#4277=CARTESIAN_POINT('Ctrl Pts',(0.814303046611637,0.58,0.114262556956064));
#4278=CARTESIAN_POINT('Ctrl Pts',(0.825972414260045,0.58,0.106482978523792));
#4279=CARTESIAN_POINT('',(0.757901102977668,3.47275024846598,0.119124793476233));
#4280=CARTESIAN_POINT('',(0.825972414260045,3.47275024846598,0.106482978523792));
#4281=CARTESIAN_POINT('Ctrl Pts',(0.847609366774801,3.47275024846598,0.0627228498422636));
#4282=CARTESIAN_POINT('Ctrl Pts',(0.847609366774801,-2.31275024846598,0.0627228498422636));
#4283=CARTESIAN_POINT('Ctrl Pts',(0.847609366774801,3.47275024846598,0.0785251185328155));
#4284=CARTESIAN_POINT('Ctrl Pts',(0.847609366774801,-2.31275024846598,0.0785251185328155));
#4285=CARTESIAN_POINT('Ctrl Pts',(0.837155558256436,3.47275024846598,0.0984602882655117));
#4286=CARTESIAN_POINT('Ctrl Pts',(0.837155558256436,-2.31275024846598,0.0984602882655117));
#4287=CARTESIAN_POINT('Ctrl Pts',(0.825972414260045,3.47275024846598,0.106482978523792));
#4288=CARTESIAN_POINT('Ctrl Pts',(0.825972414260045,-2.31275024846598,0.106482978523792));
#4289=CARTESIAN_POINT('',(0.847609366774801,0.58,0.0627228498422636));
#4290=CARTESIAN_POINT('Ctrl Pts',(0.825972414260045,0.58,0.106482978523792));
#4291=CARTESIAN_POINT('Ctrl Pts',(0.837155558256436,0.58,0.0984602882655117));
#4292=CARTESIAN_POINT('Ctrl Pts',(0.847609366774801,0.58,0.0785251185328155));
#4293=CARTESIAN_POINT('Ctrl Pts',(0.847609366774801,0.58,0.0627228498422636));
#4294=CARTESIAN_POINT('',(0.847609366774801,3.47275024846598,0.0627228498422636));
#4295=CARTESIAN_POINT('Ctrl Pts',(0.823298184173952,3.47275024846598,0.0160453792486334));
#4296=CARTESIAN_POINT('Ctrl Pts',(0.823298184173952,-2.31275024846598,0.0160453792486334));
#4297=CARTESIAN_POINT('Ctrl Pts',(0.837884893734461,3.47275024846598,0.0238249576809051));
#4298=CARTESIAN_POINT('Ctrl Pts',(0.837884893734461,-2.31275024846598,0.0238249576809051));
#4299=CARTESIAN_POINT('Ctrl Pts',(0.847609366774801,3.47275024846598,0.0457050220216692));
#4300=CARTESIAN_POINT('Ctrl Pts',(0.847609366774801,-2.31275024846598,0.0457050220216692));
#4301=CARTESIAN_POINT('Ctrl Pts',(0.847609366774801,3.47275024846598,0.0627228498422636));
#4302=CARTESIAN_POINT('Ctrl Pts',(0.847609366774801,-2.31275024846598,0.0627228498422636));
#4303=CARTESIAN_POINT('',(0.823298184173952,0.58,0.0160453792486334));
#4304=CARTESIAN_POINT('Ctrl Pts',(0.847609366774801,0.58,0.0627228498422636));
#4305=CARTESIAN_POINT('Ctrl Pts',(0.847609366774801,0.58,0.0457050220216692));
#4306=CARTESIAN_POINT('Ctrl Pts',(0.837884893734461,0.58,0.0238249576809051));
#4307=CARTESIAN_POINT('Ctrl Pts',(0.823298184173952,0.58,0.0160453792486334));
#4308=CARTESIAN_POINT('',(0.823298184173952,3.47275024846598,0.0160453792486334));
#4309=CARTESIAN_POINT('Ctrl Pts',(0.770786029756118,3.47275024846598,0.00826580081636167));
#4310=CARTESIAN_POINT('Ctrl Pts',(0.770786029756118,-2.31275024846598,0.00826580081636167));
#4311=CARTESIAN_POINT('Ctrl Pts',(0.791450534966839,3.47275024846598,0.00826580081636167));
#4312=CARTESIAN_POINT('Ctrl Pts',(0.791450534966839,-2.31275024846598,0.00826580081636167));
#4313=CARTESIAN_POINT('Ctrl Pts',(0.81381682295962,3.47275024846598,0.0111831427284636));
#4314=CARTESIAN_POINT('Ctrl Pts',(0.81381682295962,-2.31275024846598,0.0111831427284636));
#4315=CARTESIAN_POINT('Ctrl Pts',(0.823298184173952,3.47275024846598,0.0160453792486334));
#4316=CARTESIAN_POINT('Ctrl Pts',(0.823298184173952,-2.31275024846598,0.0160453792486334));
#4317=CARTESIAN_POINT('',(0.770786029756118,0.58,0.00826580081636167));
#4318=CARTESIAN_POINT('Ctrl Pts',(0.823298184173952,0.58,0.0160453792486334));
#4319=CARTESIAN_POINT('Ctrl Pts',(0.81381682295962,0.58,0.0111831427284636));
#4320=CARTESIAN_POINT('Ctrl Pts',(0.791450534966839,0.58,0.00826580081636167));
#4321=CARTESIAN_POINT('Ctrl Pts',(0.770786029756118,0.58,0.00826580081636167));
#4322=CARTESIAN_POINT('',(0.770786029756118,3.47275024846598,0.00826580081636167));
#4323=CARTESIAN_POINT('Ctrl Pts',(0.765194457757922,3.47275024846598,-0.146839544177055));
#4324=CARTESIAN_POINT('Ctrl Pts',(0.765194457757922,-2.31275024846598,-0.146839544177055));
#4325=CARTESIAN_POINT('Ctrl Pts',(0.797285218791043,3.47275024846598,-0.146839544177055));
#4326=CARTESIAN_POINT('Ctrl Pts',(0.797285218791043,-2.31275024846598,-0.146839544177055));
#4327=CARTESIAN_POINT('Ctrl Pts',(0.829375979824164,3.47275024846598,-0.142706643134911));
#4328=CARTESIAN_POINT('Ctrl Pts',(0.829375979824164,-2.31275024846598,-0.142706643134911));
#4329=CARTESIAN_POINT('Ctrl Pts',(0.843962689384673,3.47275024846598,-0.134683952876631));
#4330=CARTESIAN_POINT('Ctrl Pts',(0.843962689384673,-2.31275024846598,-0.134683952876631));
#4331=CARTESIAN_POINT('',(0.765194457757922,0.58,-0.146839544177055));
#4332=CARTESIAN_POINT('',(0.843962689384673,0.58,-0.134683952876631));
#4333=CARTESIAN_POINT('Ctrl Pts',(0.765194457757922,0.58,-0.146839544177055));
#4334=CARTESIAN_POINT('Ctrl Pts',(0.797285218791043,0.58,-0.146839544177055));
#4335=CARTESIAN_POINT('Ctrl Pts',(0.829375979824164,0.58,-0.142706643134911));
#4336=CARTESIAN_POINT('Ctrl Pts',(0.843962689384673,0.58,-0.134683952876631));
#4337=CARTESIAN_POINT('',(0.765194457757922,3.47275024846598,-0.146839544177055));
#4338=CARTESIAN_POINT('',(0.843962689384673,3.47275024846598,-0.134683952876631));
#4339=CARTESIAN_POINT('Ctrl Pts',(0.843962689384673,3.47275024846598,-0.134683952876631));
#4340=CARTESIAN_POINT('Ctrl Pts',(0.843962689384673,-2.31275024846598,-0.134683952876631));
#4341=CARTESIAN_POINT('Ctrl Pts',(0.860251181727242,3.47275024846598,-0.126175038966334));
#4342=CARTESIAN_POINT('Ctrl Pts',(0.860251181727242,-2.31275024846598,-0.126175038966334));
#4343=CARTESIAN_POINT('Ctrl Pts',(0.87508100311376,3.47275024846598,-0.0982171789753572));
#4344=CARTESIAN_POINT('Ctrl Pts',(0.87508100311376,-2.31275024846598,-0.0982171789753572));
#4345=CARTESIAN_POINT('Ctrl Pts',(0.87508100311376,3.47275024846598,-0.079254456546695));
#4346=CARTESIAN_POINT('Ctrl Pts',(0.87508100311376,-2.31275024846598,-0.079254456546695));
#4347=CARTESIAN_POINT('',(0.87508100311376,0.58,-0.079254456546695));
#4348=CARTESIAN_POINT('Ctrl Pts',(0.843962689384673,0.58,-0.134683952876631));
#4349=CARTESIAN_POINT('Ctrl Pts',(0.860251181727242,0.58,-0.126175038966334));
#4350=CARTESIAN_POINT('Ctrl Pts',(0.87508100311376,0.58,-0.0982171789753572));
#4351=CARTESIAN_POINT('Ctrl Pts',(0.87508100311376,0.58,-0.079254456546695));
#4352=CARTESIAN_POINT('',(0.87508100311376,3.47275024846598,-0.079254456546695));
#4353=CARTESIAN_POINT('Ctrl Pts',(0.87508100311376,3.47275024846598,-0.079254456546695));
#4354=CARTESIAN_POINT('Ctrl Pts',(0.87508100311376,-2.31275024846598,-0.079254456546695));
#4355=CARTESIAN_POINT('Ctrl Pts',(0.87508100311376,3.47275024846598,-0.0581037276839563));
#4356=CARTESIAN_POINT('Ctrl Pts',(0.87508100311376,-2.31275024846598,-0.0581037276839563));
#4357=CARTESIAN_POINT('Ctrl Pts',(0.852714715120979,3.47275024846598,-0.0245542956947846));
#4358=CARTESIAN_POINT('Ctrl Pts',(0.852714715120979,-2.31275024846598,-0.0245542956947846));
#4359=CARTESIAN_POINT('Ctrl Pts',(0.833022657214291,3.47275024846598,-0.0150729344804534));
#4360=CARTESIAN_POINT('Ctrl Pts',(0.833022657214291,-2.31275024846598,-0.0150729344804534));
#4361=CARTESIAN_POINT('',(0.833022657214291,0.58,-0.0150729344804534));
#4362=CARTESIAN_POINT('Ctrl Pts',(0.87508100311376,0.58,-0.079254456546695));
#4363=CARTESIAN_POINT('Ctrl Pts',(0.87508100311376,0.58,-0.0581037276839563));
#4364=CARTESIAN_POINT('Ctrl Pts',(0.852714715120979,0.58,-0.0245542956947846));
#4365=CARTESIAN_POINT('Ctrl Pts',(0.833022657214291,0.58,-0.0150729344804534));
#4366=CARTESIAN_POINT('',(0.833022657214291,3.47275024846598,-0.0150729344804534));
#4367=CARTESIAN_POINT('Origin',(0.833022657214291,3.47275024846598,-0.0136142635244025));
#4368=CARTESIAN_POINT('',(0.833022657214291,0.58,-0.0136142635244025));
#4369=CARTESIAN_POINT('',(0.833022657214291,0.58,-0.00680713176220125));
#4370=CARTESIAN_POINT('',(0.833022657214291,3.47275024846598,-0.0136142635244025));
#4371=CARTESIAN_POINT('Ctrl Pts',(0.833022657214291,3.47275024846598,-0.0136142635244025));
#4372=CARTESIAN_POINT('Ctrl Pts',(0.833022657214291,-2.31275024846598,-0.0136142635244025));
#4373=CARTESIAN_POINT('Ctrl Pts',(0.859764958075225,3.47275024846598,-0.00632090874414775));
#4374=CARTESIAN_POINT('Ctrl Pts',(0.859764958075225,-2.31275024846598,-0.00632090874414775));
#4375=CARTESIAN_POINT('Ctrl Pts',(0.889181489022253,3.47275024846598,0.0323338715912022));
#4376=CARTESIAN_POINT('Ctrl Pts',(0.889181489022253,-2.31275024846598,0.0323338715912022));
#4377=CARTESIAN_POINT('Ctrl Pts',(0.889181489022253,3.47275024846598,0.0610210670602042));
#4378=CARTESIAN_POINT('Ctrl Pts',(0.889181489022253,-2.31275024846598,0.0610210670602042));
#4379=CARTESIAN_POINT('',(0.889181489022253,0.58,0.0610210670602042));
#4380=CARTESIAN_POINT('Ctrl Pts',(0.833022657214291,0.58,-0.0136142635244025));
#4381=CARTESIAN_POINT('Ctrl Pts',(0.859764958075225,0.58,-0.00632090874414775));
#4382=CARTESIAN_POINT('Ctrl Pts',(0.889181489022253,0.58,0.0323338715912022));
#4383=CARTESIAN_POINT('Ctrl Pts',(0.889181489022253,0.58,0.0610210670602042));
#4384=CARTESIAN_POINT('',(0.889181489022253,3.47275024846598,0.0610210670602042));
#4385=CARTESIAN_POINT('Origin',(0.763735786801871,3.47275024846598,-0.112803888535867));
#4386=CARTESIAN_POINT('',(0.725567230118538,0.58,-0.112803888535867));
#4387=CARTESIAN_POINT('',(0.381867893400936,0.58,-0.112803888535867));
#4388=CARTESIAN_POINT('',(0.725567230118538,3.47275024846598,-0.112803888535867));
#4389=CARTESIAN_POINT('Origin',(0.725567230118538,3.47275024846598,-0.112803888535867));
#4390=CARTESIAN_POINT('',(0.725567230118538,0.58,-0.0250405193468015));
#4391=CARTESIAN_POINT('',(0.725567230118538,0.58,-0.0564019442679333));
#4392=CARTESIAN_POINT('',(0.725567230118538,3.47275024846598,-0.0250405193468015));
#4393=CARTESIAN_POINT('Origin',(0.725567230118538,3.47275024846598,-0.0250405193468015));
#4394=CARTESIAN_POINT('',(0.362783615059269,0.58,-0.0250405193468015));
#4395=CARTESIAN_POINT('Origin',(0.770786029756118,3.47275024846598,0.00826580081636167));
#4396=CARTESIAN_POINT('',(0.725567230118538,0.58,0.00826580081636167));
#4397=CARTESIAN_POINT('',(0.385393014878059,0.58,0.00826580081636167));
#4398=CARTESIAN_POINT('',(0.725567230118538,3.47275024846598,0.00826580081636167));
#4399=CARTESIAN_POINT('Origin',(0.725567230118538,3.47275024846598,0.00826580081636167));
#4400=CARTESIAN_POINT('',(0.725567230118538,0.58,0.119124793476233));
#4401=CARTESIAN_POINT('',(0.725567230118538,0.58,0.00413290040818083));
#4402=CARTESIAN_POINT('',(0.725567230118538,3.47275024846598,0.119124793476233));
#4403=CARTESIAN_POINT('Origin',(0.725567230118538,3.47275024846598,0.119124793476233));
#4404=CARTESIAN_POINT('',(0.362783615059269,0.58,0.119124793476233));
#4405=CARTESIAN_POINT('Origin',(0.765194457757922,3.47275024846598,-0.146839544177055));
#4406=CARTESIAN_POINT('',(0.685696890653146,0.58,-0.146839544177055));
#4407=CARTESIAN_POINT('',(0.382597228878961,0.58,-0.146839544177055));
#4408=CARTESIAN_POINT('',(0.685696890653146,3.47275024846598,-0.146839544177055));
#4409=CARTESIAN_POINT('Origin',(0.685696890653146,3.47275024846598,-0.146839544177055));
#4410=CARTESIAN_POINT('',(0.685696890653146,0.58,0.153160449117422));
#4411=CARTESIAN_POINT('',(0.685696890653146,0.58,-0.0734197720885277));
#4412=CARTESIAN_POINT('',(0.685696890653146,3.47275024846598,0.153160449117422));
#4413=CARTESIAN_POINT('Origin',(0.685696890653146,3.47275024846598,0.153160449117422));
#4414=CARTESIAN_POINT('',(0.771758477060152,0.58,0.153160449117422));
#4415=CARTESIAN_POINT('',(0.342848445326573,0.58,0.153160449117422));
#4416=CARTESIAN_POINT('',(0.771758477060152,3.47275024846598,0.153160449117422));
#4417=CARTESIAN_POINT('Ctrl Pts',(0.858063175293166,3.47275024846598,0.128849266516573));
#4418=CARTESIAN_POINT('Ctrl Pts',(0.858063175293166,-2.31275024846598,0.128849266516573));
#4419=CARTESIAN_POINT('Ctrl Pts',(0.841045347472571,3.47275024846598,0.141977305121032));
#4420=CARTESIAN_POINT('Ctrl Pts',(0.841045347472571,-2.31275024846598,0.141977305121032));
#4421=CARTESIAN_POINT('Ctrl Pts',(0.802390567137221,3.47275024846598,0.153160449117422));
#4422=CARTESIAN_POINT('Ctrl Pts',(0.802390567137221,-2.31275024846598,0.153160449117422));
#4423=CARTESIAN_POINT('Ctrl Pts',(0.771758477060152,3.47275024846598,0.153160449117422));
#4424=CARTESIAN_POINT('Ctrl Pts',(0.771758477060152,-2.31275024846598,0.153160449117422));
#4425=CARTESIAN_POINT('',(0.858063175293166,0.58,0.128849266516573));
#4426=CARTESIAN_POINT('Ctrl Pts',(0.858063175293166,0.58,0.128849266516573));
#4427=CARTESIAN_POINT('Ctrl Pts',(0.841045347472571,0.58,0.141977305121032));
#4428=CARTESIAN_POINT('Ctrl Pts',(0.802390567137221,0.58,0.153160449117422));
#4429=CARTESIAN_POINT('Ctrl Pts',(0.771758477060152,0.58,0.153160449117422));
#4430=CARTESIAN_POINT('',(0.858063175293166,3.47275024846598,0.128849266516573));
#4431=CARTESIAN_POINT('Ctrl Pts',(0.889181489022253,3.47275024846598,0.0610210670602042));
#4432=CARTESIAN_POINT('Ctrl Pts',(0.889181489022253,-2.31275024846598,0.0610210670602042));
#4433=CARTESIAN_POINT('Ctrl Pts',(0.889181489022253,3.47275024846598,0.0833873550529853));
#4434=CARTESIAN_POINT('Ctrl Pts',(0.889181489022253,-2.31275024846598,0.0833873550529853));
#4435=CARTESIAN_POINT('Ctrl Pts',(0.872163661201658,3.47275024846598,0.117666122520182));
#4436=CARTESIAN_POINT('Ctrl Pts',(0.872163661201658,-2.31275024846598,0.117666122520182));
#4437=CARTESIAN_POINT('Ctrl Pts',(0.858063175293166,3.47275024846598,0.128849266516573));
#4438=CARTESIAN_POINT('Ctrl Pts',(0.858063175293166,-2.31275024846598,0.128849266516573));
#4439=CARTESIAN_POINT('Ctrl Pts',(0.889181489022253,0.58,0.0610210670602042));
#4440=CARTESIAN_POINT('Ctrl Pts',(0.889181489022253,0.58,0.0833873550529853));
#4441=CARTESIAN_POINT('Ctrl Pts',(0.872163661201658,0.58,0.117666122520182));
#4442=CARTESIAN_POINT('Ctrl Pts',(0.858063175293166,0.58,0.128849266516573));
#4443=CARTESIAN_POINT('Ctrl Pts',(-0.631482982660856,3.47275024846598,0.00340356429619186));
#4444=CARTESIAN_POINT('Ctrl Pts',(-0.631482982660856,-2.31275024846598,
0.00340356429619186));
#4445=CARTESIAN_POINT('Ctrl Pts',(-0.631482982660856,3.47275024846598,0.0444894628916268));
#4446=CARTESIAN_POINT('Ctrl Pts',(-0.631482982660856,-2.31275024846598,
0.0444894628916268));
#4447=CARTESIAN_POINT('Ctrl Pts',(-0.66478930282402,3.47275024846598,0.110615879565936));
#4448=CARTESIAN_POINT('Ctrl Pts',(-0.66478930282402,-2.31275024846598,0.110615879565936));
#4449=CARTESIAN_POINT('Ctrl Pts',(-0.692747162814996,3.47275024846598,0.129092378342582));
#4450=CARTESIAN_POINT('Ctrl Pts',(-0.692747162814996,-2.31275024846598,
0.129092378342582));
#4451=CARTESIAN_POINT('',(-0.631482982660856,0.58,0.00340356429619186));
#4452=CARTESIAN_POINT('',(-0.692747162814996,0.58,0.129092378342582));
#4453=CARTESIAN_POINT('Ctrl Pts',(-0.631482982660856,0.58,0.00340356429619186));
#4454=CARTESIAN_POINT('Ctrl Pts',(-0.631482982660856,0.58,0.0444894628916268));
#4455=CARTESIAN_POINT('Ctrl Pts',(-0.66478930282402,0.58,0.110615879565936));
#4456=CARTESIAN_POINT('Ctrl Pts',(-0.692747162814996,0.58,0.129092378342582));
#4457=CARTESIAN_POINT('',(-0.631482982660856,0.579,0.00340356429619186));
#4458=CARTESIAN_POINT('',(-0.631482982660856,3.47275024846598,0.00340356429619186));
#4459=CARTESIAN_POINT('',(-0.692747162814996,0.579,0.129092378342582));
#4460=CARTESIAN_POINT('Ctrl Pts',(-0.631482982660856,0.579,0.00340356429619186));
#4461=CARTESIAN_POINT('Ctrl Pts',(-0.631482982660856,0.579,0.0307941633598151));
#4462=CARTESIAN_POINT('Ctrl Pts',(-0.637034036021384,0.579,0.055510532337345));
#4463=CARTESIAN_POINT('Ctrl Pts',(-0.648136142742438,0.579,0.0775526712287815));
#4464=CARTESIAN_POINT('Ctrl Pts',(-0.659238249463493,0.579,0.099594810120218));
#4465=CARTESIAN_POINT('Ctrl Pts',(-0.674108589487678,0.579,0.116774712491485));
#4466=CARTESIAN_POINT('Ctrl Pts',(-0.692747162814996,0.579,0.129092378342582));
#4467=CARTESIAN_POINT('',(-0.692747162814996,3.47275024846598,0.129092378342582));
#4468=CARTESIAN_POINT('Ctrl Pts',(-0.692747162814996,3.47275024846598,0.129092378342582));
#4469=CARTESIAN_POINT('Ctrl Pts',(-0.692747162814996,-2.31275024846598,
0.129092378342582));
#4470=CARTESIAN_POINT('Ctrl Pts',(-0.715599674459794,3.47275024846598,0.143435976077082));
#4471=CARTESIAN_POINT('Ctrl Pts',(-0.715599674459794,-2.31275024846598,
0.143435976077082));
#4472=CARTESIAN_POINT('Ctrl Pts',(-0.762520256879433,3.47275024846598,0.153160449117422));
#4473=CARTESIAN_POINT('Ctrl Pts',(-0.762520256879433,-2.31275024846598,
0.153160449117422));
#4474=CARTESIAN_POINT('Ctrl Pts',(-0.798987030780707,3.47275024846598,0.153160449117422));
#4475=CARTESIAN_POINT('Ctrl Pts',(-0.798987030780707,-2.31275024846598,
0.153160449117422));
#4476=CARTESIAN_POINT('',(-0.798987030780707,0.58,0.153160449117422));
#4477=CARTESIAN_POINT('Ctrl Pts',(-0.692747162814996,0.58,0.129092378342582));
#4478=CARTESIAN_POINT('Ctrl Pts',(-0.715599674459794,0.58,0.143435976077082));
#4479=CARTESIAN_POINT('Ctrl Pts',(-0.762520256879433,0.58,0.153160449117422));
#4480=CARTESIAN_POINT('Ctrl Pts',(-0.798987030780707,0.58,0.153160449117422));
#4481=CARTESIAN_POINT('',(-0.798987030780707,0.579,0.153160449117422));
#4482=CARTESIAN_POINT('Ctrl Pts',(-0.692747162814996,0.579,0.129092378342582));
#4483=CARTESIAN_POINT('Ctrl Pts',(-0.707982170578195,0.579,0.138654776832249));
#4484=CARTESIAN_POINT('Ctrl Pts',(-0.723419771529734,0.579,0.145056721583806));
#4485=CARTESIAN_POINT('Ctrl Pts',(-0.739059965669614,0.579,0.148298212597252));
#4486=CARTESIAN_POINT('Ctrl Pts',(-0.754700159809493,0.579,0.151539703610699));
#4487=CARTESIAN_POINT('Ctrl Pts',(-0.774675848179857,0.579,0.153160449117422));
#4488=CARTESIAN_POINT('Ctrl Pts',(-0.798987030780707,0.579,0.153160449117422));
#4489=CARTESIAN_POINT('',(-0.798987030780707,3.47275024846598,0.153160449117422));
#4490=CARTESIAN_POINT('Origin',(-0.868030789367118,3.47275024846598,0.153160449117422));
#4491=CARTESIAN_POINT('',(-0.868030789367118,0.58,0.153160449117422));
#4492=CARTESIAN_POINT('',(-0.434015394683559,0.58,0.153160449117422));
#4493=CARTESIAN_POINT('',(-0.868030789367118,0.579,0.153160449117422));
#4494=CARTESIAN_POINT('',(-0.434015394683559,0.579,0.153160449117422));
#4495=CARTESIAN_POINT('',(-0.868030789367118,3.47275024846598,0.153160449117422));
#4496=CARTESIAN_POINT('Origin',(-0.828160449901725,3.47275024846598,0.118638569824216));
#4497=CARTESIAN_POINT('',(-0.828160449901725,0.58,0.118638569824216));
#4498=CARTESIAN_POINT('',(-0.797771471650664,0.58,0.118638569824216));
#4499=CARTESIAN_POINT('',(-0.414080224950863,0.58,0.118638569824216));
#4500=CARTESIAN_POINT('',(-0.828160449901725,0.579,0.118638569824216));
#4501=CARTESIAN_POINT('',(-0.828160449901725,3.47275024846598,0.118638569824216));
#4502=CARTESIAN_POINT('',(-0.797771471650664,0.579,0.118638569824216));
#4503=CARTESIAN_POINT('',(-0.414080224950863,0.579,0.118638569824216));
#4504=CARTESIAN_POINT('',(-0.797771471650664,3.47275024846598,0.118638569824216));
#4505=CARTESIAN_POINT('Origin',(-0.828160449901725,3.47275024846598,-0.11231766488385));
#4506=CARTESIAN_POINT('',(-0.828160449901725,0.58,-0.11231766488385));
#4507=CARTESIAN_POINT('',(-0.828160449901725,0.58,-0.0561588324419248));
#4508=CARTESIAN_POINT('',(-0.828160449901725,0.579,-0.11231766488385));
#4509=CARTESIAN_POINT('',(-0.828160449901725,3.47275024846598,-0.11231766488385));
#4510=CARTESIAN_POINT('',(-0.828160449901725,0.579,-0.0561588324419248));
#4511=CARTESIAN_POINT('Origin',(-0.797771471650664,3.47275024846598,-0.11231766488385));
#4512=CARTESIAN_POINT('',(-0.797771471650664,0.58,-0.11231766488385));
#4513=CARTESIAN_POINT('',(-0.398885735825332,0.58,-0.11231766488385));
#4514=CARTESIAN_POINT('',(-0.797771471650664,0.579,-0.11231766488385));
#4515=CARTESIAN_POINT('',(-0.797771471650664,3.47275024846598,-0.11231766488385));
#4516=CARTESIAN_POINT('',(-0.398885735825332,0.579,-0.11231766488385));
#4517=CARTESIAN_POINT('Ctrl Pts',(-0.692260939162979,3.47275024846598,-0.123014585228223));
#4518=CARTESIAN_POINT('Ctrl Pts',(-0.692260939162979,-2.31275024846598,
-0.123014585228223));
#4519=CARTESIAN_POINT('Ctrl Pts',(-0.663330631867969,3.47275024846598,-0.103808750973552));
#4520=CARTESIAN_POINT('Ctrl Pts',(-0.663330631867969,-2.31275024846598,
-0.103808750973552));
#4521=CARTESIAN_POINT('Ctrl Pts',(-0.631482982660856,3.47275024846598,-0.0403565643853365));
#4522=CARTESIAN_POINT('Ctrl Pts',(-0.631482982660856,-2.31275024846598,
-0.0403565643853365));
#4523=CARTESIAN_POINT('Ctrl Pts',(-0.631482982660856,3.47275024846598,0.00340356429619186));
#4524=CARTESIAN_POINT('Ctrl Pts',(-0.631482982660856,-2.31275024846598,
0.00340356429619186));
#4525=CARTESIAN_POINT('',(-0.692260939162979,0.58,-0.123014585228223));
#4526=CARTESIAN_POINT('Ctrl Pts',(-0.692260939162979,0.58,-0.123014585228223));
#4527=CARTESIAN_POINT('Ctrl Pts',(-0.663330631867969,0.58,-0.103808750973552));
#4528=CARTESIAN_POINT('Ctrl Pts',(-0.631482982660856,0.58,-0.0403565643853365));
#4529=CARTESIAN_POINT('Ctrl Pts',(-0.631482982660856,0.58,0.00340356429619186));
#4530=CARTESIAN_POINT('',(-0.692260939162979,0.579,-0.123014585228223));
#4531=CARTESIAN_POINT('',(-0.692260939162979,3.47275024846598,-0.123014585228223));
#4532=CARTESIAN_POINT('Ctrl Pts',(-0.692260939162979,0.579,-0.123014585228223));
#4533=CARTESIAN_POINT('Ctrl Pts',(-0.672974067632972,0.579,-0.110210695725109));
#4534=CARTESIAN_POINT('Ctrl Pts',(-0.65802269033345,0.579,-0.0932333865421832));
#4535=CARTESIAN_POINT('Ctrl Pts',(-0.647406807264413,0.579,-0.0720826576794445));
#4536=CARTESIAN_POINT('Ctrl Pts',(-0.636790924195375,0.579,-0.0509319288167058));
#4537=CARTESIAN_POINT('Ctrl Pts',(-0.631482982660856,0.579,-0.025769854824827));
#4538=CARTESIAN_POINT('Ctrl Pts',(-0.631482982660856,0.579,0.00340356429619186));
#4539=CARTESIAN_POINT('Ctrl Pts',(-0.799716366258732,3.47275024846598,-0.146839544177055));
#4540=CARTESIAN_POINT('Ctrl Pts',(-0.799716366258732,-2.31275024846598,
-0.146839544177055));
#4541=CARTESIAN_POINT('Ctrl Pts',(-0.757414908533255,3.47275024846598,-0.146839544177055));
#4542=CARTESIAN_POINT('Ctrl Pts',(-0.757414908533255,-2.31275024846598,
-0.146839544177055));
#4543=CARTESIAN_POINT('Ctrl Pts',(-0.709278766983573,3.47275024846598,-0.134197729224614));
#4544=CARTESIAN_POINT('Ctrl Pts',(-0.709278766983573,-2.31275024846598,
-0.134197729224614));
#4545=CARTESIAN_POINT('Ctrl Pts',(-0.692260939162979,3.47275024846598,-0.123014585228223));
#4546=CARTESIAN_POINT('Ctrl Pts',(-0.692260939162979,-2.31275024846598,
-0.123014585228223));
#4547=CARTESIAN_POINT('',(-0.799716366258732,0.58,-0.146839544177055));
#4548=CARTESIAN_POINT('Ctrl Pts',(-0.799716366258732,0.58,-0.146839544177055));
#4549=CARTESIAN_POINT('Ctrl Pts',(-0.757414908533255,0.58,-0.146839544177055));
#4550=CARTESIAN_POINT('Ctrl Pts',(-0.709278766983573,0.58,-0.134197729224614));
#4551=CARTESIAN_POINT('Ctrl Pts',(-0.692260939162979,0.58,-0.123014585228223));
#4552=CARTESIAN_POINT('',(-0.799716366258732,0.579,-0.146839544177055));
#4553=CARTESIAN_POINT('',(-0.799716366258732,3.47275024846598,-0.146839544177055));
#4554=CARTESIAN_POINT('Ctrl Pts',(-0.799716366258732,0.579,-0.146839544177055));
#4555=CARTESIAN_POINT('Ctrl Pts',(-0.771515394441747,0.579,-0.146839544177055));
#4556=CARTESIAN_POINT('Ctrl Pts',(-0.749392218274974,0.579,-0.144732575018315));
#4557=CARTESIAN_POINT('Ctrl Pts',(-0.733346837758414,0.579,-0.140518636700835));
#4558=CARTESIAN_POINT('Ctrl Pts',(-0.717301457241854,0.579,-0.136304698383354));
#4559=CARTESIAN_POINT('Ctrl Pts',(-0.703606157710042,0.579,-0.13047001455915));
#4560=CARTESIAN_POINT('Ctrl Pts',(-0.692260939162979,0.579,-0.123014585228223));
#4561=CARTESIAN_POINT('Origin',(-0.799716366258732,3.47275024846598,-0.146839544177055));
#4562=CARTESIAN_POINT('',(-0.868030789367118,0.58,-0.146839544177055));
#4563=CARTESIAN_POINT('',(-0.399858183129366,0.58,-0.146839544177055));
#4564=CARTESIAN_POINT('',(-0.868030789367118,0.579,-0.146839544177055));
#4565=CARTESIAN_POINT('',(-0.868030789367118,3.47275024846598,-0.146839544177055));
#4566=CARTESIAN_POINT('',(-0.399858183129366,0.579,-0.146839544177055));
#4567=CARTESIAN_POINT('Origin',(-0.868030789367118,3.47275024846598,-0.146839544177055));
#4568=CARTESIAN_POINT('',(-0.868030789367118,0.58,-0.0734197720885277));
#4569=CARTESIAN_POINT('',(-0.868030789367118,0.579,-0.0734197720885277));
#4570=CARTESIAN_POINT('Ctrl Pts',(-0.797771471650664,3.47275024846598,-0.11231766488385));
#4571=CARTESIAN_POINT('Ctrl Pts',(-0.797771471650664,-2.31275024846598,
-0.11231766488385));
#4572=CARTESIAN_POINT('Ctrl Pts',(-0.770786058963722,3.47275024846598,-0.11231766488385));
#4573=CARTESIAN_POINT('Ctrl Pts',(-0.770786058963722,-2.31275024846598,
-0.11231766488385));
#4574=CARTESIAN_POINT('Ctrl Pts',(-0.734562396888456,3.47275024846598,-0.103808750973552));
#4575=CARTESIAN_POINT('Ctrl Pts',(-0.734562396888456,-2.31275024846598,
-0.103808750973552));
#4576=CARTESIAN_POINT('Ctrl Pts',(-0.718517016371896,3.47275024846598,-0.0943273897592214));
#4577=CARTESIAN_POINT('Ctrl Pts',(-0.718517016371896,-2.31275024846598,
-0.0943273897592214));
#4578=CARTESIAN_POINT('',(-0.718517016371896,0.58,-0.0943273897592214));
#4579=CARTESIAN_POINT('Ctrl Pts',(-0.718517016371896,0.58,-0.0943273897592214));
#4580=CARTESIAN_POINT('Ctrl Pts',(-0.734562396888456,0.58,-0.103808750973552));
#4581=CARTESIAN_POINT('Ctrl Pts',(-0.770786058963722,0.58,-0.11231766488385));
#4582=CARTESIAN_POINT('Ctrl Pts',(-0.797771471650664,0.58,-0.11231766488385));
#4583=CARTESIAN_POINT('',(-0.718517016371896,0.579,-0.0943273897592214));
#4584=CARTESIAN_POINT('',(-0.718517016371896,3.47275024846598,-0.0943273897592214));
#4585=CARTESIAN_POINT('Ctrl Pts',(-0.718517016371896,0.579,-0.0943273897592214));
#4586=CARTESIAN_POINT('Ctrl Pts',(-0.72921393671627,0.579,-0.100648297235442));
#4587=CARTESIAN_POINT('Ctrl Pts',(-0.740599673901001,0.579,-0.105226903291935));
#4588=CARTESIAN_POINT('Ctrl Pts',(-0.752674227926089,0.579,-0.108063207928701));
#4589=CARTESIAN_POINT('Ctrl Pts',(-0.764748781951178,0.579,-0.110899512565467));
#4590=CARTESIAN_POINT('Ctrl Pts',(-0.779781196526036,0.579,-0.11231766488385));
#4591=CARTESIAN_POINT('Ctrl Pts',(-0.797771471650664,0.579,-0.11231766488385));
#4592=CARTESIAN_POINT('Ctrl Pts',(-0.718517016371896,3.47275024846598,-0.0943273897592214));
#4593=CARTESIAN_POINT('Ctrl Pts',(-0.718517016371896,-2.31275024846598,
-0.0943273897592214));
#4594=CARTESIAN_POINT('Ctrl Pts',(-0.695907616553106,3.47275024846598,-0.0804700156767374));
#4595=CARTESIAN_POINT('Ctrl Pts',(-0.695907616553106,-2.31275024846598,
-0.0804700156767374));
#4596=CARTESIAN_POINT('Ctrl Pts',(-0.673055104908308,3.47275024846598,-0.0316045386490308));
#4597=CARTESIAN_POINT('Ctrl Pts',(-0.673055104908308,-2.31275024846598,
-0.0316045386490308));
#4598=CARTESIAN_POINT('Ctrl Pts',(-0.673055104908308,3.47275024846598,0.00291734064417489));
#4599=CARTESIAN_POINT('Ctrl Pts',(-0.673055104908308,-2.31275024846598,
0.00291734064417489));
#4600=CARTESIAN_POINT('',(-0.673055104908308,0.58,0.00291734064417489));
#4601=CARTESIAN_POINT('Origin',(-1.51992900127773,0.58,0.706717640490887));
#4602=CARTESIAN_POINT('',(-0.673055104908308,0.579,0.00291734064417489));
#4603=CARTESIAN_POINT('',(-0.673055104908308,3.47275024846598,0.00291734064417489));
#4604=CARTESIAN_POINT('Origin',(-1.54676931496845,0.579,0.731491353976171));
#4605=CARTESIAN_POINT('Ctrl Pts',(-0.673055104908308,3.47275024846598,0.00291734064417489));
#4606=CARTESIAN_POINT('Ctrl Pts',(-0.673055104908308,-2.31275024846598,
0.00291734064417489));
#4607=CARTESIAN_POINT('Ctrl Pts',(-0.673055104908308,3.47275024846598,0.0379254435893975));
#4608=CARTESIAN_POINT('Ctrl Pts',(-0.673055104908308,-2.31275024846598,
0.0379254435893975));
#4609=CARTESIAN_POINT('Ctrl Pts',(-0.693962721945038,3.47275024846598,0.0846029141830277));
#4610=CARTESIAN_POINT('Ctrl Pts',(-0.693962721945038,-2.31275024846598,
0.0846029141830277));
#4611=CARTESIAN_POINT('Ctrl Pts',(-0.714870338981769,3.47275024846598,0.0987034000915202));
#4612=CARTESIAN_POINT('Ctrl Pts',(-0.714870338981769,-2.31275024846598,
0.0987034000915202));
#4613=CARTESIAN_POINT('',(-0.714870338981769,0.58,0.0987034000915202));
#4614=CARTESIAN_POINT('Ctrl Pts',(-0.714870338981769,0.58,0.0987034000915202));
#4615=CARTESIAN_POINT('Ctrl Pts',(-0.693962721945038,0.58,0.0846029141830277));
#4616=CARTESIAN_POINT('Ctrl Pts',(-0.673055104908308,0.58,0.0379254435893975));
#4617=CARTESIAN_POINT('Ctrl Pts',(-0.673055104908308,0.58,0.00291734064417489));
#4618=CARTESIAN_POINT('',(-0.714870338981769,0.579,0.0987034000915202));
#4619=CARTESIAN_POINT('',(-0.714870338981769,3.47275024846598,0.0987034000915202));
#4620=CARTESIAN_POINT('Ctrl Pts',(-0.714870338981769,0.579,0.0987034000915202));
#4621=CARTESIAN_POINT('Ctrl Pts',(-0.700931927623949,0.579,0.0893030761525252));
#4622=CARTESIAN_POINT('Ctrl Pts',(-0.690478119105584,0.579,0.076823335750756));
#4623=CARTESIAN_POINT('Ctrl Pts',(-0.683508913426673,0.579,0.0612641788862126));
#4624=CARTESIAN_POINT('Ctrl Pts',(-0.676539707747763,0.579,0.0457050220216692));
#4625=CARTESIAN_POINT('Ctrl Pts',(-0.673055104908308,0.579,0.02625607594099));
#4626=CARTESIAN_POINT('Ctrl Pts',(-0.673055104908308,0.579,0.00291734064417489));
#4627=CARTESIAN_POINT('Ctrl Pts',(-0.714870338981769,3.47275024846598,0.0987034000915202));
#4628=CARTESIAN_POINT('Ctrl Pts',(-0.714870338981769,-2.31275024846598,
0.0987034000915202));
#4629=CARTESIAN_POINT('Ctrl Pts',(-0.731158831324338,3.47275024846598,0.110129655913919));
#4630=CARTESIAN_POINT('Ctrl Pts',(-0.731158831324338,-2.31275024846598,
0.110129655913919));
#4631=CARTESIAN_POINT('Ctrl Pts',(-0.771272282615739,3.47275024846598,0.118638569824216));
#4632=CARTESIAN_POINT('Ctrl Pts',(-0.771272282615739,-2.31275024846598,
0.118638569824216));
#4633=CARTESIAN_POINT('Ctrl Pts',(-0.797771471650664,3.47275024846598,0.118638569824216));
#4634=CARTESIAN_POINT('Ctrl Pts',(-0.797771471650664,-2.31275024846598,
0.118638569824216));
#4635=CARTESIAN_POINT('Ctrl Pts',(-0.797771471650664,0.58,0.118638569824216));
#4636=CARTESIAN_POINT('Ctrl Pts',(-0.771272282615739,0.58,0.118638569824216));
#4637=CARTESIAN_POINT('Ctrl Pts',(-0.731158831324338,0.58,0.110129655913919));
#4638=CARTESIAN_POINT('Ctrl Pts',(-0.714870338981769,0.58,0.0987034000915202));
#4639=CARTESIAN_POINT('Ctrl Pts',(-0.797771471650664,0.579,0.118638569824216));
#4640=CARTESIAN_POINT('Ctrl Pts',(-0.78010534562738,0.579,0.118638569824216));
#4641=CARTESIAN_POINT('Ctrl Pts',(-0.764586707400505,0.579,0.117220417505834));
#4642=CARTESIAN_POINT('Ctrl Pts',(-0.751215556970038,0.579,0.114384112869068));
#4643=CARTESIAN_POINT('Ctrl Pts',(-0.737844406539571,0.579,0.111547808232302));
#4644=CARTESIAN_POINT('Ctrl Pts',(-0.725729333876815,0.579,0.10632090397312));
#4645=CARTESIAN_POINT('Ctrl Pts',(-0.714870338981769,0.579,0.0987034000915202));
#4646=CARTESIAN_POINT('Origin',(0.,0.579,0.));
#4647=CARTESIAN_POINT('Origin',(0.,0.579,0.));
#4648=CARTESIAN_POINT('',(-0.6625,0.579,0.75));
#4649=CARTESIAN_POINT('Origin',(-0.7625,0.579,0.75));
#4650=CARTESIAN_POINT('Origin',(-0.7625,3.47275024846598,0.75));
#4651=CARTESIAN_POINT('',(-0.6625,0.58,0.75));
#4652=CARTESIAN_POINT('Origin',(-0.7625,0.58,0.75));
#4653=CARTESIAN_POINT('Origin',(-0.548338738165953,3.47275024846598,-0.111345217579816));
#4654=CARTESIAN_POINT('',(-0.408792550037079,0.58,-0.111345217579816));
#4655=CARTESIAN_POINT('',(-0.548338738165953,0.58,-0.111345217579816));
#4656=CARTESIAN_POINT('',(-0.274169369082976,0.58,-0.111345217579816));
#4657=CARTESIAN_POINT('',(-0.408792550037079,0.579,-0.111345217579816));
#4658=CARTESIAN_POINT('',(-0.408792550037079,3.47275024846598,-0.111345217579816));
#4659=CARTESIAN_POINT('',(-0.548338738165953,0.579,-0.111345217579816));
#4660=CARTESIAN_POINT('',(-0.274169369082976,0.579,-0.111345217579816));
#4661=CARTESIAN_POINT('',(-0.548338738165953,3.47275024846598,-0.111345217579816));
#4662=CARTESIAN_POINT('Origin',(-0.548338738165953,3.47275024846598,-0.026742302128861));
#4663=CARTESIAN_POINT('',(-0.548338738165953,0.58,-0.026742302128861));
#4664=CARTESIAN_POINT('',(-0.548338738165953,0.58,-0.0133711510644305));
#4665=CARTESIAN_POINT('',(-0.548338738165953,0.579,-0.026742302128861));
#4666=CARTESIAN_POINT('',(-0.548338738165953,0.579,-0.0133711510644305));
#4667=CARTESIAN_POINT('',(-0.548338738165953,3.47275024846598,-0.026742302128861));
#4668=CARTESIAN_POINT('Origin',(-0.414627233861283,3.47275024846598,-0.026742302128861));
#4669=CARTESIAN_POINT('',(-0.414627233861283,0.58,-0.026742302128861));
#4670=CARTESIAN_POINT('',(-0.207313616930641,0.58,-0.026742302128861));
#4671=CARTESIAN_POINT('',(-0.414627233861283,0.579,-0.026742302128861));
#4672=CARTESIAN_POINT('',(-0.207313616930641,0.579,-0.026742302128861));
#4673=CARTESIAN_POINT('',(-0.414627233861283,3.47275024846598,-0.026742302128861));
#4674=CARTESIAN_POINT('Origin',(-0.414627233861283,3.47275024846598,0.00875202446837866));
#4675=CARTESIAN_POINT('',(-0.414627233861283,0.58,0.00875202446837866));
#4676=CARTESIAN_POINT('',(-0.414627233861283,0.58,0.00437601223418933));
#4677=CARTESIAN_POINT('',(-0.414627233861283,0.579,0.00875202446837866));
#4678=CARTESIAN_POINT('',(-0.414627233861283,0.579,0.00437601223418933));
#4679=CARTESIAN_POINT('',(-0.414627233861283,3.47275024846598,0.00875202446837866));
#4680=CARTESIAN_POINT('Origin',(-0.548338738165953,3.47275024846598,0.00875202446837866));
#4681=CARTESIAN_POINT('',(-0.548338738165953,0.58,0.00875202446837866));
#4682=CARTESIAN_POINT('',(-0.274169369082976,0.58,0.00875202446837866));
#4683=CARTESIAN_POINT('',(-0.548338738165953,0.579,0.00875202446837866));
#4684=CARTESIAN_POINT('',(-0.274169369082976,0.579,0.00875202446837866));
#4685=CARTESIAN_POINT('',(-0.548338738165953,3.47275024846598,0.00875202446837866));
#4686=CARTESIAN_POINT('Origin',(-0.408792550037079,3.47275024846598,-0.111345217579816));
#4687=CARTESIAN_POINT('',(-0.408792550037079,0.58,-0.146839544177055));
#4688=CARTESIAN_POINT('',(-0.408792550037079,0.58,-0.0556726087899079));
#4689=CARTESIAN_POINT('',(-0.408792550037079,0.579,-0.146839544177055));
#4690=CARTESIAN_POINT('',(-0.408792550037079,3.47275024846598,-0.146839544177055));
#4691=CARTESIAN_POINT('',(-0.408792550037079,0.579,-0.0556726087899079));
#4692=CARTESIAN_POINT('Origin',(-0.408792550037079,3.47275024846598,-0.146839544177055));
#4693=CARTESIAN_POINT('',(-0.588209077631345,0.58,-0.146839544177055));
#4694=CARTESIAN_POINT('',(-0.204396275018539,0.58,-0.146839544177055));
#4695=CARTESIAN_POINT('',(-0.588209077631345,0.579,-0.146839544177055));
#4696=CARTESIAN_POINT('',(-0.588209077631345,3.47275024846598,-0.146839544177055));
#4697=CARTESIAN_POINT('',(-0.204396275018539,0.579,-0.146839544177055));
#4698=CARTESIAN_POINT('Origin',(-0.588209077631345,3.47275024846598,-0.146839544177055));
#4699=CARTESIAN_POINT('',(-0.588209077631345,0.58,0.153160449117422));
#4700=CARTESIAN_POINT('',(-0.588209077631345,0.58,-0.0734197720885277));
#4701=CARTESIAN_POINT('',(-0.588209077631345,0.579,0.153160449117422));
#4702=CARTESIAN_POINT('',(-0.588209077631345,3.47275024846598,0.153160449117422));
#4703=CARTESIAN_POINT('',(-0.588209077631345,0.579,-0.0734197720885277));
#4704=CARTESIAN_POINT('Origin',(-0.588209077631345,3.47275024846598,0.153160449117422));
#4705=CARTESIAN_POINT('',(-0.548338738165953,0.58,0.153160449117422));
#4706=CARTESIAN_POINT('',(-0.294104538815673,0.58,0.153160449117422));
#4707=CARTESIAN_POINT('',(-0.548338738165953,0.579,0.153160449117422));
#4708=CARTESIAN_POINT('',(-0.548338738165953,3.47275024846598,0.153160449117422));
#4709=CARTESIAN_POINT('',(-0.294104538815673,0.579,0.153160449117422));
#4710=CARTESIAN_POINT('Origin',(-0.548338738165953,3.47275024846598,0.153160449117422));
#4711=CARTESIAN_POINT('',(-0.548338738165953,0.58,0.0765802245587111));
#4712=CARTESIAN_POINT('',(-0.548338738165953,0.579,0.0765802245587111));
#4713=CARTESIAN_POINT('Origin',(0.,0.579,0.));
#4714=CARTESIAN_POINT('Origin',(0.,0.579,0.));
#4715=CARTESIAN_POINT('',(-0.158387369248334,0.579,-0.146839544177055));
#4716=CARTESIAN_POINT('',(-0.158387369248334,0.579,0.153160449117422));
#4717=CARTESIAN_POINT('',(-0.158387369248334,0.579,0.0765802245587111));
#4718=CARTESIAN_POINT('',(-0.195583478627633,0.579,-0.146839544177055));
#4719=CARTESIAN_POINT('',(-0.0791936846241668,0.579,-0.146839544177055));
#4720=CARTESIAN_POINT('',(-0.195583478627633,0.579,0.09068070983324));
#4721=CARTESIAN_POINT('',(-0.195583478627633,0.579,-0.0734197720885277));
#4722=CARTESIAN_POINT('',(-0.316410056153853,0.579,-0.146839544177055));
#4723=CARTESIAN_POINT('',(-0.193802786764655,0.579,0.0941811845819904));
#4724=CARTESIAN_POINT('',(-0.373055111613831,0.579,-0.146839544177055));
#4725=CARTESIAN_POINT('',(-0.158205028076926,0.579,-0.146839544177055));
#4726=CARTESIAN_POINT('',(-0.373055111613831,0.579,0.153160449117422));
#4727=CARTESIAN_POINT('',(-0.373055111613831,0.579,-0.0734197720885277));
#4728=CARTESIAN_POINT('',(-0.335859002234532,0.579,0.153160449117422));
#4729=CARTESIAN_POINT('',(-0.186527555806915,0.579,0.153160449117422));
#4730=CARTESIAN_POINT('',(-0.335859002234532,0.579,-0.105510533755612));
#4731=CARTESIAN_POINT('',(-0.335859002234532,0.579,0.0765802245587111));
#4732=CARTESIAN_POINT('',(-0.203119945233896,0.579,0.153160449117422));
#4733=CARTESIAN_POINT('',(-0.279426580386488,0.579,0.00446033958929466));
#4734=CARTESIAN_POINT('',(-0.101559972616948,0.579,0.153160449117422));
#4735=CARTESIAN_POINT('Origin',(-0.316410056153853,3.47275024846598,-0.146839544177055));
#4736=CARTESIAN_POINT('',(-0.373055111613831,0.58,-0.146839544177055));
#4737=CARTESIAN_POINT('',(-0.316410056153853,0.58,-0.146839544177055));
#4738=CARTESIAN_POINT('',(-0.158205028076926,0.58,-0.146839544177055));
#4739=CARTESIAN_POINT('',(-0.373055111613831,3.47275024846598,-0.146839544177055));
#4740=CARTESIAN_POINT('',(-0.316410056153853,3.47275024846598,-0.146839544177055));
#4741=CARTESIAN_POINT('Origin',(-0.195583478627633,3.47275024846598,0.09068070983324));
#4742=CARTESIAN_POINT('',(-0.195583478627633,0.58,0.09068070983324));
#4743=CARTESIAN_POINT('',(-0.193802786764655,0.58,0.0941811845819905));
#4744=CARTESIAN_POINT('',(-0.195583478627633,3.47275024846598,0.09068070983324));
#4745=CARTESIAN_POINT('Origin',(-0.195583478627633,3.47275024846598,-0.146839544177055));
#4746=CARTESIAN_POINT('',(-0.195583478627633,0.58,-0.146839544177055));
#4747=CARTESIAN_POINT('',(-0.195583478627633,0.58,-0.0734197720885277));
#4748=CARTESIAN_POINT('',(-0.195583478627633,3.47275024846598,-0.146839544177055));
#4749=CARTESIAN_POINT('Origin',(-0.158387369248334,3.47275024846598,-0.146839544177055));
#4750=CARTESIAN_POINT('',(-0.158387369248334,0.58,-0.146839544177055));
#4751=CARTESIAN_POINT('',(-0.0791936846241668,0.58,-0.146839544177055));
#4752=CARTESIAN_POINT('',(-0.158387369248334,3.47275024846598,-0.146839544177055));
#4753=CARTESIAN_POINT('Origin',(-0.158387369248334,3.47275024846598,0.153160449117422));
#4754=CARTESIAN_POINT('',(-0.158387369248334,0.58,0.153160449117422));
#4755=CARTESIAN_POINT('',(-0.158387369248334,0.58,0.0765802245587111));
#4756=CARTESIAN_POINT('',(-0.158387369248334,3.47275024846598,0.153160449117422));
#4757=CARTESIAN_POINT('Origin',(-0.373055111613831,3.47275024846598,-0.146839544177055));
#4758=CARTESIAN_POINT('',(-0.373055111613831,0.58,0.153160449117422));
#4759=CARTESIAN_POINT('',(-0.373055111613831,0.58,-0.0734197720885277));
#4760=CARTESIAN_POINT('',(-0.373055111613831,3.47275024846598,0.153160449117422));
#4761=CARTESIAN_POINT('Origin',(-0.373055111613831,3.47275024846598,0.153160449117422));
#4762=CARTESIAN_POINT('',(-0.335859002234532,0.58,0.153160449117422));
#4763=CARTESIAN_POINT('',(-0.186527555806915,0.58,0.153160449117422));
#4764=CARTESIAN_POINT('',(-0.335859002234532,3.47275024846598,0.153160449117422));
#4765=CARTESIAN_POINT('Origin',(-0.335859002234532,3.47275024846598,0.153160449117422));
#4766=CARTESIAN_POINT('',(-0.335859002234532,0.58,-0.105510533755612));
#4767=CARTESIAN_POINT('',(-0.335859002234532,0.58,0.0765802245587111));
#4768=CARTESIAN_POINT('',(-0.335859002234532,3.47275024846598,-0.105510533755612));
#4769=CARTESIAN_POINT('Origin',(-0.335859002234532,3.47275024846598,-0.105510533755612));
#4770=CARTESIAN_POINT('',(-0.203119945233896,0.58,0.153160449117422));
#4771=CARTESIAN_POINT('',(-0.279426580386488,0.58,0.00446033958929466));
#4772=CARTESIAN_POINT('',(-0.203119945233896,3.47275024846598,0.153160449117422));
#4773=CARTESIAN_POINT('Origin',(-0.203119945233896,3.47275024846598,0.153160449117422));
#4774=CARTESIAN_POINT('',(-0.101559972616948,0.58,0.153160449117422));
#4775=CARTESIAN_POINT('Origin',(0.0227309411279919,3.47275024846598,0.153160449117422));
#4776=CARTESIAN_POINT('',(0.207739040720453,0.58,0.153160449117422));
#4777=CARTESIAN_POINT('',(0.0227309411279919,0.58,0.153160449117422));
#4778=CARTESIAN_POINT('',(0.0113654705639959,0.58,0.153160449117422));
#4779=CARTESIAN_POINT('',(0.207739040720453,0.579,0.153160449117422));
#4780=CARTESIAN_POINT('',(0.207739040720453,3.47275024846598,0.153160449117422));
#4781=CARTESIAN_POINT('',(0.0227309411279919,0.579,0.153160449117422));
#4782=CARTESIAN_POINT('',(0.0113654705639959,0.579,0.153160449117422));
#4783=CARTESIAN_POINT('',(0.0227309411279919,3.47275024846598,0.153160449117422));
#4784=CARTESIAN_POINT('Origin',(0.0227309411279919,3.47275024846598,0.110615879565936));
#4785=CARTESIAN_POINT('',(0.0227309411279919,0.58,0.110615879565936));
#4786=CARTESIAN_POINT('',(0.0227309411279919,0.58,0.0553079397829681));
#4787=CARTESIAN_POINT('',(0.0227309411279919,0.579,0.110615879565936));
#4788=CARTESIAN_POINT('',(0.0227309411279919,0.579,0.0553079397829681));
#4789=CARTESIAN_POINT('',(0.0227309411279919,3.47275024846598,0.110615879565936));
#4790=CARTESIAN_POINT('Ctrl Pts',(0.0227309411279919,3.47275024846598,0.110615879565936));
#4791=CARTESIAN_POINT('Ctrl Pts',(0.0227309411279919,-2.31275024846598,
0.110615879565936));
#4792=CARTESIAN_POINT('Ctrl Pts',(0.0426661108606881,3.47275024846598,0.0918962689632825));
#4793=CARTESIAN_POINT('Ctrl Pts',(0.0426661108606881,-2.31275024846598,
0.0918962689632825));
#4794=CARTESIAN_POINT('Ctrl Pts',(0.0781604374579278,3.47275024846598,0.0571312778440683));
#4795=CARTESIAN_POINT('Ctrl Pts',(0.0781604374579278,-2.31275024846598,
0.0571312778440683));
#4796=CARTESIAN_POINT('Ctrl Pts',(0.0951782652785221,3.47275024846598,0.0384116672414145));
#4797=CARTESIAN_POINT('Ctrl Pts',(0.0951782652785221,-2.31275024846598,
0.0384116672414145));
#4798=CARTESIAN_POINT('',(0.0951782652785221,0.58,0.0384116672414145));
#4799=CARTESIAN_POINT('Ctrl Pts',(0.0227309411279919,0.58,0.110615879565936));
#4800=CARTESIAN_POINT('Ctrl Pts',(0.0426661108606881,0.58,0.0918962689632825));
#4801=CARTESIAN_POINT('Ctrl Pts',(0.0781604374579278,0.58,0.0571312778440683));
#4802=CARTESIAN_POINT('Ctrl Pts',(0.0951782652785221,0.58,0.0384116672414145));
#4803=CARTESIAN_POINT('',(0.0951782652785221,0.579,0.0384116672414145));
#4804=CARTESIAN_POINT('Ctrl Pts',(0.0227309411279919,0.579,0.110615879565936));
#4805=CARTESIAN_POINT('Ctrl Pts',(0.0360210542831227,0.579,0.0981361391641671));
#4806=CARTESIAN_POINT('Ctrl Pts',(0.0485818319602281,0.579,0.0861021037767468));
#4807=CARTESIAN_POINT('Ctrl Pts',(0.0604132741593079,0.579,0.0745137734036754));
#4808=CARTESIAN_POINT('Ctrl Pts',(0.0722447163583878,0.579,0.062925443030604));
#4809=CARTESIAN_POINT('Ctrl Pts',(0.0838330467314592,0.579,0.0508914076431837));
#4810=CARTESIAN_POINT('Ctrl Pts',(0.0951782652785221,0.579,0.0384116672414145));
#4811=CARTESIAN_POINT('',(0.0951782652785221,3.47275024846598,0.0384116672414145));
#4812=CARTESIAN_POINT('Ctrl Pts',(0.0951782652785221,3.47275024846598,0.0384116672414145));
#4813=CARTESIAN_POINT('Ctrl Pts',(0.0951782652785221,-2.31275024846598,
0.0384116672414145));
#4814=CARTESIAN_POINT('Ctrl Pts',(0.129457032745719,3.47275024846598,0.000729334210098475));
#4815=CARTESIAN_POINT('Ctrl Pts',(0.129457032745719,-2.31275024846598,0.000729334210098475));
#4816=CARTESIAN_POINT('Ctrl Pts',(0.154497550824594,3.47275024846598,-0.0444894654274808));
#4817=CARTESIAN_POINT('Ctrl Pts',(0.154497550824594,-2.31275024846598,-0.0444894654274808));
#4818=CARTESIAN_POINT('Ctrl Pts',(0.154497550824594,3.47275024846598,-0.0685575362023214));
#4819=CARTESIAN_POINT('Ctrl Pts',(0.154497550824594,-2.31275024846598,-0.0685575362023214));
#4820=CARTESIAN_POINT('',(0.154497550824594,0.58,-0.0685575362023214));
#4821=CARTESIAN_POINT('Ctrl Pts',(0.0951782652785221,0.58,0.0384116672414145));
#4822=CARTESIAN_POINT('Ctrl Pts',(0.129457032745719,0.58,0.000729334210098475));
#4823=CARTESIAN_POINT('Ctrl Pts',(0.154497550824594,0.58,-0.0444894654274808));
#4824=CARTESIAN_POINT('Ctrl Pts',(0.154497550824594,0.58,-0.0685575362023214));
#4825=CARTESIAN_POINT('',(0.154497550824594,0.579,-0.0685575362023214));
#4826=CARTESIAN_POINT('Ctrl Pts',(0.0951782652785221,0.579,0.0384116672414145));
#4827=CARTESIAN_POINT('Ctrl Pts',(0.11803077692332,0.579,0.0132901118872038));
#4828=CARTESIAN_POINT('Ctrl Pts',(0.133630452425532,0.579,-0.00680713239616474));
#4829=CARTESIAN_POINT('Ctrl Pts',(0.141977291785157,0.579,-0.0218800656086912));
#4830=CARTESIAN_POINT('Ctrl Pts',(0.150324131144781,0.579,-0.0369529988212176));
#4831=CARTESIAN_POINT('Ctrl Pts',(0.154497550824594,0.579,-0.052512155685761));
#4832=CARTESIAN_POINT('Ctrl Pts',(0.154497550824594,0.579,-0.0685575362023214));
#4833=CARTESIAN_POINT('',(0.154497550824594,3.47275024846598,-0.0685575362023214));
#4834=CARTESIAN_POINT('Ctrl Pts',(0.154497550824594,3.47275024846598,-0.0685575362023214));
#4835=CARTESIAN_POINT('Ctrl Pts',(0.154497550824594,-2.31275024846598,-0.0685575362023214));
#4836=CARTESIAN_POINT('Ctrl Pts',(0.154497550824594,3.47275024846598,-0.0811993511547629));
#4837=CARTESIAN_POINT('Ctrl Pts',(0.154497550824594,-2.31275024846598,-0.0811993511547629));
#4838=CARTESIAN_POINT('Ctrl Pts',(0.146717972392322,3.47275024846598,-0.100162073583425));
#4839=CARTESIAN_POINT('Ctrl Pts',(0.146717972392322,-2.31275024846598,-0.100162073583425));
#4840=CARTESIAN_POINT('Ctrl Pts',(0.139667729438076,3.47275024846598,-0.106239869233637));
#4841=CARTESIAN_POINT('Ctrl Pts',(0.139667729438076,-2.31275024846598,-0.106239869233637));
#4842=CARTESIAN_POINT('',(0.139667729438076,0.58,-0.106239869233637));
#4843=CARTESIAN_POINT('Ctrl Pts',(0.154497550824594,0.58,-0.0685575362023214));
#4844=CARTESIAN_POINT('Ctrl Pts',(0.154497550824594,0.58,-0.0811993511547629));
#4845=CARTESIAN_POINT('Ctrl Pts',(0.146717972392322,0.58,-0.100162073583425));
#4846=CARTESIAN_POINT('Ctrl Pts',(0.139667729438076,0.58,-0.106239869233637));
#4847=CARTESIAN_POINT('',(0.139667729438076,0.579,-0.106239869233637));
#4848=CARTESIAN_POINT('Ctrl Pts',(0.154497550824594,0.579,-0.0685575362023214));
#4849=CARTESIAN_POINT('Ctrl Pts',(0.154497550824594,0.579,-0.0769854128372824));
#4850=CARTESIAN_POINT('Ctrl Pts',(0.153200954419215,0.579,-0.0843598048928733));
#4851=CARTESIAN_POINT('Ctrl Pts',(0.150607761608458,0.579,-0.090680712369094));
#4852=CARTESIAN_POINT('Ctrl Pts',(0.148014568797701,0.579,-0.0970016198453148));
#4853=CARTESIAN_POINT('Ctrl Pts',(0.144367891407573,0.579,-0.102188005466829));
#4854=CARTESIAN_POINT('Ctrl Pts',(0.139667729438076,0.579,-0.106239869233637));
#4855=CARTESIAN_POINT('',(0.139667729438076,3.47275024846598,-0.106239869233637));
#4856=CARTESIAN_POINT('Ctrl Pts',(0.139667729438076,3.47275024846598,-0.106239869233637));
#4857=CARTESIAN_POINT('Ctrl Pts',(0.139667729438076,-2.31275024846598,-0.106239869233637));
#4858=CARTESIAN_POINT('Ctrl Pts',(0.13261748648383,3.47275024846598,-0.11231766488385));
#4859=CARTESIAN_POINT('Ctrl Pts',(0.13261748648383,-2.31275024846598,-0.11231766488385));
#4860=CARTESIAN_POINT('Ctrl Pts',(0.114140987707184,3.47275024846598,-0.118395460534062));
#4861=CARTESIAN_POINT('Ctrl Pts',(0.114140987707184,-2.31275024846598,-0.118395460534062));
#4862=CARTESIAN_POINT('Ctrl Pts',(0.102957843710794,3.47275024846598,-0.118395460534062));
#4863=CARTESIAN_POINT('Ctrl Pts',(0.102957843710794,-2.31275024846598,-0.118395460534062));
#4864=CARTESIAN_POINT('',(0.102957843710794,0.58,-0.118395460534062));
#4865=CARTESIAN_POINT('Origin',(-0.0267119649022881,0.58,0.0970869228958007));
#4866=CARTESIAN_POINT('',(0.102957843710794,0.579,-0.118395460534062));
#4867=CARTESIAN_POINT('Origin',(-0.11926680629786,0.579,0.227108518413769));
#4868=CARTESIAN_POINT('',(0.102957843710794,3.47275024846598,-0.118395460534062));
#4869=CARTESIAN_POINT('Ctrl Pts',(0.102957843710794,3.47275024846598,-0.118395460534062));
#4870=CARTESIAN_POINT('Ctrl Pts',(0.102957843710794,-2.31275024846598,-0.118395460534062));
#4871=CARTESIAN_POINT('Ctrl Pts',(0.0922609233664202,3.47275024846598,-0.118395460534062));
#4872=CARTESIAN_POINT('Ctrl Pts',(0.0922609233664202,-2.31275024846598,
-0.118395460534062));
#4873=CARTESIAN_POINT('Ctrl Pts',(0.0703808590256561,3.47275024846598,-0.113047000361875));
#4874=CARTESIAN_POINT('Ctrl Pts',(0.0703808590256561,-2.31275024846598,
-0.113047000361875));
#4875=CARTESIAN_POINT('Ctrl Pts',(0.0604132741593079,3.47275024846598,-0.108914099319731));
#4876=CARTESIAN_POINT('Ctrl Pts',(0.0604132741593079,-2.31275024846598,
-0.108914099319731));
#4877=CARTESIAN_POINT('',(0.0604132741593079,0.58,-0.108914099319731));
#4878=CARTESIAN_POINT('Ctrl Pts',(0.102957843710794,0.58,-0.118395460534062));
#4879=CARTESIAN_POINT('Ctrl Pts',(0.0922609233664202,0.58,-0.118395460534062));
#4880=CARTESIAN_POINT('Ctrl Pts',(0.0703808590256561,0.58,-0.113047000361875));
#4881=CARTESIAN_POINT('Ctrl Pts',(0.0604132741593079,0.58,-0.108914099319731));
#4882=CARTESIAN_POINT('',(0.0604132741593079,0.579,-0.108914099319731));
#4883=CARTESIAN_POINT('Ctrl Pts',(0.102957843710794,0.579,-0.118395460534062));
#4884=CARTESIAN_POINT('Ctrl Pts',(0.0958265634812114,0.579,-0.118395460534062));
#4885=CARTESIAN_POINT('Ctrl Pts',(0.0886142459762929,0.579,-0.117504050505364));
#4886=CARTESIAN_POINT('Ctrl Pts',(0.0813208911960381,0.579,-0.115721230447969));
#4887=CARTESIAN_POINT('Ctrl Pts',(0.0740275364157834,0.579,-0.113938410390573));
#4888=CARTESIAN_POINT('Ctrl Pts',(0.0670583307368734,0.579,-0.11166936668116));
#4889=CARTESIAN_POINT('Ctrl Pts',(0.0604132741593079,0.579,-0.108914099319731));
#4890=CARTESIAN_POINT('',(0.0604132741593079,3.47275024846598,-0.108914099319731));
#4891=CARTESIAN_POINT('Ctrl Pts',(0.0604132741593079,3.47275024846598,-0.108914099319731));
#4892=CARTESIAN_POINT('Ctrl Pts',(0.0604132741593079,-2.31275024846598,
-0.108914099319731));
#4893=CARTESIAN_POINT('Ctrl Pts',(0.0519043602490108,3.47275024846598,-0.105510533755612));
#4894=CARTESIAN_POINT('Ctrl Pts',(0.0519043602490108,-2.31275024846598,
-0.105510533755612));
#4895=CARTESIAN_POINT('Ctrl Pts',(0.0361020915584589,3.47275024846598,-0.0957860607152723));
#4896=CARTESIAN_POINT('Ctrl Pts',(0.0361020915584589,-2.31275024846598,
-0.0957860607152723));
#4897=CARTESIAN_POINT('Ctrl Pts',(0.0312398550382891,3.47275024846598,-0.0923824951511535));
#4898=CARTESIAN_POINT('Ctrl Pts',(0.0312398550382891,-2.31275024846598,
-0.0923824951511535));
#4899=CARTESIAN_POINT('',(0.0312398550382891,0.58,-0.0923824951511534));
#4900=CARTESIAN_POINT('Ctrl Pts',(0.0604132741593079,0.58,-0.108914099319731));
#4901=CARTESIAN_POINT('Ctrl Pts',(0.0519043602490108,0.58,-0.105510533755612));
#4902=CARTESIAN_POINT('Ctrl Pts',(0.0361020915584589,0.58,-0.0957860607152723));
#4903=CARTESIAN_POINT('Ctrl Pts',(0.0312398550382891,0.58,-0.0923824951511535));
#4904=CARTESIAN_POINT('',(0.0312398550382891,0.579,-0.0923824951511534));
#4905=CARTESIAN_POINT('Ctrl Pts',(0.0604132741593079,0.579,-0.108914099319731));
#4906=CARTESIAN_POINT('Ctrl Pts',(0.0547406648857765,0.579,-0.106645055610318));
#4907=CARTESIAN_POINT('Ctrl Pts',(0.0492706488005855,0.579,-0.103889788248889));
#4908=CARTESIAN_POINT('Ctrl Pts',(0.0440032259037348,0.579,-0.100648297235442));
#4909=CARTESIAN_POINT('Ctrl Pts',(0.0387358030068842,0.579,-0.0974068062219956));
#4910=CARTESIAN_POINT('Ctrl Pts',(0.0344813460517356,0.579,-0.094651538860566));
#4911=CARTESIAN_POINT('Ctrl Pts',(0.0312398550382891,0.579,-0.0923824951511535));
#4912=CARTESIAN_POINT('',(0.0312398550382891,3.47275024846598,-0.0923824951511534));
#4913=CARTESIAN_POINT('Origin',(0.207739040720453,3.47275024846598,0.153160449117422));
#4914=CARTESIAN_POINT('',(0.207739040720453,0.58,0.118395457998208));
#4915=CARTESIAN_POINT('',(0.207739040720453,0.58,0.0765802245587111));
#4916=CARTESIAN_POINT('',(0.207739040720453,0.579,0.118395457998208));
#4917=CARTESIAN_POINT('',(0.207739040720453,3.47275024846598,0.118395457998208));
#4918=CARTESIAN_POINT('',(0.207739040720453,0.579,0.0765802245587111));
#4919=CARTESIAN_POINT('Origin',(0.207739040720453,3.47275024846598,0.118395457998208));
#4920=CARTESIAN_POINT('',(0.0604132741593079,0.58,0.118395457998208));
#4921=CARTESIAN_POINT('',(0.103869520360227,0.58,0.118395457998208));
#4922=CARTESIAN_POINT('',(0.0604132741593079,0.579,0.118395457998208));
#4923=CARTESIAN_POINT('',(0.0604132741593079,3.47275024846598,0.118395457998208));
#4924=CARTESIAN_POINT('',(0.103869520360227,0.579,0.118395457998208));
#4925=CARTESIAN_POINT('Ctrl Pts',(0.139667729438076,3.47275024846598,0.0405996736754909));
#4926=CARTESIAN_POINT('Ctrl Pts',(0.139667729438076,-2.31275024846598,0.0405996736754909));
#4927=CARTESIAN_POINT('Ctrl Pts',(0.120705007009414,3.47275024846598,0.0612641788862126));
#4928=CARTESIAN_POINT('Ctrl Pts',(0.120705007009414,-2.31275024846598,0.0612641788862126));
#4929=CARTESIAN_POINT('Ctrl Pts',(0.0742706482417919,3.47275024846598,0.105510531219758));
#4930=CARTESIAN_POINT('Ctrl Pts',(0.0742706482417919,-2.31275024846598,
0.105510531219758));
#4931=CARTESIAN_POINT('Ctrl Pts',(0.0604132741593079,3.47275024846598,0.118395457998208));
#4932=CARTESIAN_POINT('Ctrl Pts',(0.0604132741593079,-2.31275024846598,
0.118395457998208));
#4933=CARTESIAN_POINT('',(0.139667729438076,0.58,0.0405996736754909));
#4934=CARTESIAN_POINT('Ctrl Pts',(0.139667729438076,0.58,0.0405996736754909));
#4935=CARTESIAN_POINT('Ctrl Pts',(0.120705007009414,0.58,0.0612641788862126));
#4936=CARTESIAN_POINT('Ctrl Pts',(0.0742706482417919,0.58,0.105510531219758));
#4937=CARTESIAN_POINT('Ctrl Pts',(0.0604132741593079,0.58,0.118395457998208));
#4938=CARTESIAN_POINT('',(0.139667729438076,0.579,0.0405996736754909));
#4939=CARTESIAN_POINT('',(0.139667729438076,3.47275024846598,0.0405996736754909));
#4940=CARTESIAN_POINT('Ctrl Pts',(0.139667729438076,0.579,0.0405996736754909));
#4941=CARTESIAN_POINT('Ctrl Pts',(0.127025914485634,0.579,0.0543760104826387));
#4942=CARTESIAN_POINT('Ctrl Pts',(0.11296594721481,0.579,0.0686385709418035));
#4943=CARTESIAN_POINT('Ctrl Pts',(0.0974878276256028,0.579,0.0833873550529853));
#4944=CARTESIAN_POINT('Ctrl Pts',(0.0820097080363955,0.579,0.0981361391641671));
#4945=CARTESIAN_POINT('Ctrl Pts',(0.0696515235476306,0.579,0.109805506812575));
#4946=CARTESIAN_POINT('Ctrl Pts',(0.0604132741593079,0.579,0.118395457998208));
#4947=CARTESIAN_POINT('Ctrl Pts',(0.179781180729477,3.47275024846598,-0.0106969216123006));
#4948=CARTESIAN_POINT('Ctrl Pts',(0.179781180729477,-2.31275024846598,-0.0106969216123006));
#4949=CARTESIAN_POINT('Ctrl Pts',(0.172487825949222,3.47275024846598,0.0024311169921579));
#4950=CARTESIAN_POINT('Ctrl Pts',(0.172487825949222,-2.31275024846598,0.0024311169921579));
#4951=CARTESIAN_POINT('Ctrl Pts',(0.151337097086483,3.47275024846598,0.0282009705490579));
#4952=CARTESIAN_POINT('Ctrl Pts',(0.151337097086483,-2.31275024846598,0.0282009705490579));
#4953=CARTESIAN_POINT('Ctrl Pts',(0.139667729438076,3.47275024846598,0.0405996736754909));
#4954=CARTESIAN_POINT('Ctrl Pts',(0.139667729438076,-2.31275024846598,0.0405996736754909));
#4955=CARTESIAN_POINT('',(0.179781180729477,0.58,-0.0106969216123006));
#4956=CARTESIAN_POINT('Ctrl Pts',(0.179781180729477,0.58,-0.0106969216123006));
#4957=CARTESIAN_POINT('Ctrl Pts',(0.172487825949222,0.58,0.0024311169921579));
#4958=CARTESIAN_POINT('Ctrl Pts',(0.151337097086483,0.58,0.0282009705490579));
#4959=CARTESIAN_POINT('Ctrl Pts',(0.139667729438076,0.58,0.0405996736754909));
#4960=CARTESIAN_POINT('',(0.179781180729477,0.579,-0.0106969216123006));
#4961=CARTESIAN_POINT('',(0.179781180729477,3.47275024846598,-0.0106969216123006));
#4962=CARTESIAN_POINT('Ctrl Pts',(0.179781180729477,0.579,-0.0106969216123006));
#4963=CARTESIAN_POINT('Ctrl Pts',(0.174918944209307,0.579,-0.00194489587599493));
#4964=CARTESIAN_POINT('Ctrl Pts',(0.168962704472099,0.579,0.00672609258497457));
#4965=CARTESIAN_POINT('Ctrl Pts',(0.161912461517853,0.579,0.0153160437706079));
#4966=CARTESIAN_POINT('Ctrl Pts',(0.154862218563607,0.579,0.0239059949562412));
#4967=CARTESIAN_POINT('Ctrl Pts',(0.147447307870348,0.579,0.0323338715912022));
#4968=CARTESIAN_POINT('Ctrl Pts',(0.139667729438076,0.579,0.0405996736754909));
#4969=CARTESIAN_POINT('Ctrl Pts',(0.19534033759402,3.47275024846598,-0.0707455426363978));
#4970=CARTESIAN_POINT('Ctrl Pts',(0.19534033759402,-2.31275024846598,-0.0707455426363978));
#4971=CARTESIAN_POINT('Ctrl Pts',(0.19534033759402,3.47275024846598,-0.052998379337778));
#4972=CARTESIAN_POINT('Ctrl Pts',(0.19534033759402,-2.31275024846598,-0.052998379337778));
#4973=CARTESIAN_POINT('Ctrl Pts',(0.187074535509732,3.47275024846598,-0.0233387365647421));
#4974=CARTESIAN_POINT('Ctrl Pts',(0.187074535509732,-2.31275024846598,-0.0233387365647421));
#4975=CARTESIAN_POINT('Ctrl Pts',(0.179781180729477,3.47275024846598,-0.0106969216123006));
#4976=CARTESIAN_POINT('Ctrl Pts',(0.179781180729477,-2.31275024846598,-0.0106969216123006));
#4977=CARTESIAN_POINT('',(0.19534033759402,0.58,-0.0707455426363978));
#4978=CARTESIAN_POINT('Ctrl Pts',(0.19534033759402,0.58,-0.0707455426363978));
#4979=CARTESIAN_POINT('Ctrl Pts',(0.19534033759402,0.58,-0.052998379337778));
#4980=CARTESIAN_POINT('Ctrl Pts',(0.187074535509732,0.58,-0.0233387365647421));
#4981=CARTESIAN_POINT('Ctrl Pts',(0.179781180729477,0.58,-0.0106969216123006));
#4982=CARTESIAN_POINT('',(0.19534033759402,0.579,-0.0707455426363978));
#4983=CARTESIAN_POINT('',(0.19534033759402,3.47275024846598,-0.0707455426363978));
#4984=CARTESIAN_POINT('Ctrl Pts',(0.19534033759402,0.579,-0.0707455426363978));
#4985=CARTESIAN_POINT('Ctrl Pts',(0.19534033759402,0.579,-0.0589141004373179));
#4986=CARTESIAN_POINT('Ctrl Pts',(0.193962703913305,0.579,-0.048055105542272));
#4987=CARTESIAN_POINT('Ctrl Pts',(0.191207436551876,0.579,-0.03816855795126));
#4988=CARTESIAN_POINT('Ctrl Pts',(0.188452169190446,0.579,-0.0282820103602481));
#4989=CARTESIAN_POINT('Ctrl Pts',(0.184643417249647,0.579,-0.0191247982472616));
#4990=CARTESIAN_POINT('Ctrl Pts',(0.179781180729477,0.579,-0.0106969216123006));
#4991=CARTESIAN_POINT('Ctrl Pts',(0.105875185622896,3.47275024846598,-0.153160451653276));
#4992=CARTESIAN_POINT('Ctrl Pts',(0.105875185622896,-2.31275024846598,-0.153160451653276));
#4993=CARTESIAN_POINT('Ctrl Pts',(0.147933531522365,3.47275024846598,-0.153160451653276));
#4994=CARTESIAN_POINT('Ctrl Pts',(0.147933531522365,-2.31275024846598,-0.153160451653276));
#4995=CARTESIAN_POINT('Ctrl Pts',(0.19534033759402,3.47275024846598,-0.108670987493722));
#4996=CARTESIAN_POINT('Ctrl Pts',(0.19534033759402,-2.31275024846598,-0.108670987493722));
#4997=CARTESIAN_POINT('Ctrl Pts',(0.19534033759402,3.47275024846598,-0.0707455426363978));
#4998=CARTESIAN_POINT('Ctrl Pts',(0.19534033759402,-2.31275024846598,-0.0707455426363978));
#4999=CARTESIAN_POINT('',(0.105875185622896,0.58,-0.153160451653276));
#5000=CARTESIAN_POINT('Ctrl Pts',(0.105875185622896,0.58,-0.153160451653276));
#5001=CARTESIAN_POINT('Ctrl Pts',(0.147933531522365,0.58,-0.153160451653276));
#5002=CARTESIAN_POINT('Ctrl Pts',(0.19534033759402,0.58,-0.108670987493722));
#5003=CARTESIAN_POINT('Ctrl Pts',(0.19534033759402,0.58,-0.0707455426363978));
#5004=CARTESIAN_POINT('',(0.105875185622896,0.579,-0.153160451653276));
#5005=CARTESIAN_POINT('',(0.105875185622896,3.47275024846598,-0.153160451653276));
#5006=CARTESIAN_POINT('Ctrl Pts',(0.105875185622896,0.579,-0.153160451653276));
#5007=CARTESIAN_POINT('Ctrl Pts',(0.133914082889208,0.579,-0.153160451653276));
#5008=CARTESIAN_POINT('Ctrl Pts',(0.155834665867641,0.579,-0.145745540960017));
#5009=CARTESIAN_POINT('Ctrl Pts',(0.171636934558192,0.579,-0.130915719573499));
#5010=CARTESIAN_POINT('Ctrl Pts',(0.187439203248744,0.579,-0.116085898186981));
#5011=CARTESIAN_POINT('Ctrl Pts',(0.19534033759402,0.579,-0.0960291725412808));
#5012=CARTESIAN_POINT('Ctrl Pts',(0.19534033759402,0.579,-0.0707455426363978));
#5013=CARTESIAN_POINT('Ctrl Pts',(0.0290518486042127,3.47275024846598,-0.135170176528648));
#5014=CARTESIAN_POINT('Ctrl Pts',(0.0290518486042127,-2.31275024846598,
-0.135170176528648));
#5015=CARTESIAN_POINT('Ctrl Pts',(0.0414505517306457,3.47275024846598,-0.14124797217886));
#5016=CARTESIAN_POINT('Ctrl Pts',(0.0414505517306457,-2.31275024846598,
-0.14124797217886));
#5017=CARTESIAN_POINT('Ctrl Pts',(0.0859400158901995,3.47275024846598,-0.153160451653276));
#5018=CARTESIAN_POINT('Ctrl Pts',(0.0859400158901995,-2.31275024846598,
-0.153160451653276));
#5019=CARTESIAN_POINT('Ctrl Pts',(0.105875185622896,3.47275024846598,-0.153160451653276));
#5020=CARTESIAN_POINT('Ctrl Pts',(0.105875185622896,-2.31275024846598,-0.153160451653276));
#5021=CARTESIAN_POINT('',(0.0290518486042127,0.58,-0.135170176528648));
#5022=CARTESIAN_POINT('Ctrl Pts',(0.0290518486042127,0.58,-0.135170176528648));
#5023=CARTESIAN_POINT('Ctrl Pts',(0.0414505517306457,0.58,-0.14124797217886));
#5024=CARTESIAN_POINT('Ctrl Pts',(0.0859400158901995,0.58,-0.153160451653276));
#5025=CARTESIAN_POINT('Ctrl Pts',(0.105875185622896,0.58,-0.153160451653276));
#5026=CARTESIAN_POINT('',(0.0290518486042127,0.579,-0.135170176528648));
#5027=CARTESIAN_POINT('',(0.0290518486042127,3.47275024846598,-0.135170176528648));
#5028=CARTESIAN_POINT('Ctrl Pts',(0.0290518486042127,0.579,-0.135170176528648));
#5029=CARTESIAN_POINT('Ctrl Pts',(0.0373176506885013,0.579,-0.139222040295456));
#5030=CARTESIAN_POINT('Ctrl Pts',(0.0488654624239046,0.579,-0.143233385424596));
#5031=CARTESIAN_POINT('Ctrl Pts',(0.0636952838104226,0.579,-0.147204211916068));
#5032=CARTESIAN_POINT('Ctrl Pts',(0.0785251051969405,0.579,-0.15117503840754));
#5033=CARTESIAN_POINT('Ctrl Pts',(0.0925850724677649,0.579,-0.153160451653276));
#5034=CARTESIAN_POINT('Ctrl Pts',(0.105875185622896,0.579,-0.153160451653276));
#5035=CARTESIAN_POINT('Origin',(0.0290518486042127,3.47275024846598,-0.135170176528648));
#5036=CARTESIAN_POINT('',(0.0290518486042127,0.58,-0.0923824951511535));
#5037=CARTESIAN_POINT('',(0.0290518486042127,0.58,-0.0675850882643239));
#5038=CARTESIAN_POINT('',(0.0290518486042127,0.579,-0.0923824951511535));
#5039=CARTESIAN_POINT('',(0.0290518486042127,3.47275024846598,-0.0923824951511535));
#5040=CARTESIAN_POINT('',(0.0290518486042127,0.579,-0.0675850882643239));
#5041=CARTESIAN_POINT('Origin',(0.0290518486042127,3.47275024846598,-0.0923824951511535));
#5042=CARTESIAN_POINT('',(0.0145259243021063,0.58,-0.0923824951511535));
#5043=CARTESIAN_POINT('',(0.0145259243021063,0.579,-0.0923824951511535));
#5044=CARTESIAN_POINT('Origin',(0.,0.579,0.));
#5045=CARTESIAN_POINT('Origin',(0.,0.579,0.));
#5046=CARTESIAN_POINT('',(0.350688794413446,0.579,0.03914100271944));
#5047=CARTESIAN_POINT('',(0.428241466910154,0.579,0.153160449117422));
#5048=CARTESIAN_POINT('',(0.324902609345004,0.579,0.00122965225831332));
#5049=CARTESIAN_POINT('',(0.428241466910154,0.579,-0.0719611017664402));
#5050=CARTESIAN_POINT('',(0.302428355907186,0.579,0.108278997695492));
#5051=CARTESIAN_POINT('',(0.385210673706651,0.579,-0.0719611017664402));
#5052=CARTESIAN_POINT('',(0.214120733455077,0.579,-0.0719611017664402));
#5053=CARTESIAN_POINT('',(0.329538065550707,0.579,0.011912478206489));
#5054=CARTESIAN_POINT('',(0.309725971827247,0.579,0.0417603923313533));
#5055=CARTESIAN_POINT('',(0.275081016524805,0.579,-0.0719611017664402));
#5056=CARTESIAN_POINT('',(0.277955928645873,0.579,-0.0675332237228317));
#5057=CARTESIAN_POINT('',(0.228646657757183,0.579,-0.0719611017664402));
#5058=CARTESIAN_POINT('',(0.137540508262403,0.579,-0.0719611017664402));
#5059=CARTESIAN_POINT('',(0.305956218427884,0.579,0.0415721209795249));
#5060=CARTESIAN_POINT('',(0.209169053085522,0.579,-0.100565005482371));
#5061=CARTESIAN_POINT('',(0.227917322279158,0.579,0.153160449117422));
#5062=CARTESIAN_POINT('',(0.265473179351846,0.579,0.0994590833966628));
#5063=CARTESIAN_POINT('',(0.270948115482661,0.579,0.153160449117422));
#5064=CARTESIAN_POINT('',(0.113958661139579,0.579,0.153160449117422));
#5065=CARTESIAN_POINT('',(0.327106947290622,0.579,0.0685575336664674));
#5066=CARTESIAN_POINT('',(0.264798457366079,0.579,0.162424869137208));
#5067=CARTESIAN_POINT('',(0.381807108142533,0.579,0.153160449117422));
#5068=CARTESIAN_POINT('',(0.2632626225328,0.579,-0.0301883552922978));
#5069=CARTESIAN_POINT('',(0.190903554071266,0.579,0.153160449117422));
#5070=CARTESIAN_POINT('Origin',(0.275081016524805,3.47275024846598,-0.0719611017664402));
#5071=CARTESIAN_POINT('',(0.228646657757183,0.58,-0.0719611017664402));
#5072=CARTESIAN_POINT('',(0.275081016524805,0.58,-0.0719611017664402));
#5073=CARTESIAN_POINT('',(0.137540508262403,0.58,-0.0719611017664402));
#5074=CARTESIAN_POINT('',(0.228646657757183,3.47275024846598,-0.0719611017664402));
#5075=CARTESIAN_POINT('',(0.275081016524805,3.47275024846598,-0.0719611017664402));
#5076=CARTESIAN_POINT('Origin',(0.329538065550707,3.47275024846598,0.011912478206489));
#5077=CARTESIAN_POINT('',(0.329538065550707,0.58,0.011912478206489));
#5078=CARTESIAN_POINT('',(0.277955928645873,0.58,-0.0675332237228317));
#5079=CARTESIAN_POINT('',(0.329538065550707,3.47275024846598,0.011912478206489));
#5080=CARTESIAN_POINT('Origin',(0.385210673706651,3.47275024846598,-0.0719611017664402));
#5081=CARTESIAN_POINT('',(0.385210673706651,0.58,-0.0719611017664402));
#5082=CARTESIAN_POINT('',(0.309725971827247,0.58,0.0417603923313533));
#5083=CARTESIAN_POINT('',(0.385210673706651,3.47275024846598,-0.0719611017664402));
#5084=CARTESIAN_POINT('Origin',(0.428241466910154,3.47275024846598,-0.0719611017664402));
#5085=CARTESIAN_POINT('',(0.428241466910154,0.58,-0.0719611017664402));
#5086=CARTESIAN_POINT('',(0.214120733455077,0.58,-0.0719611017664402));
#5087=CARTESIAN_POINT('',(0.428241466910154,3.47275024846598,-0.0719611017664402));
#5088=CARTESIAN_POINT('Origin',(0.350688794413446,3.47275024846598,0.03914100271944));
#5089=CARTESIAN_POINT('',(0.350688794413446,0.58,0.03914100271944));
#5090=CARTESIAN_POINT('',(0.302428355907186,0.58,0.108278997695492));
#5091=CARTESIAN_POINT('',(0.350688794413446,3.47275024846598,0.03914100271944));
#5092=CARTESIAN_POINT('Origin',(0.428241466910154,3.47275024846598,0.153160449117422));
#5093=CARTESIAN_POINT('',(0.428241466910154,0.58,0.153160449117422));
#5094=CARTESIAN_POINT('',(0.324902609345004,0.58,0.0012296522583133));
#5095=CARTESIAN_POINT('',(0.428241466910154,3.47275024846598,0.153160449117422));
#5096=CARTESIAN_POINT('Origin',(0.228646657757183,3.47275024846598,-0.0719611017664402));
#5097=CARTESIAN_POINT('',(0.305956218427884,0.58,0.0415721209795249));
#5098=CARTESIAN_POINT('',(0.209169053085522,0.58,-0.100565005482371));
#5099=CARTESIAN_POINT('',(0.305956218427884,3.47275024846598,0.0415721209795249));
#5100=CARTESIAN_POINT('Origin',(0.305956218427884,3.47275024846598,0.0415721209795249));
#5101=CARTESIAN_POINT('',(0.227917322279158,0.58,0.153160449117422));
#5102=CARTESIAN_POINT('',(0.265473179351846,0.58,0.0994590833966628));
#5103=CARTESIAN_POINT('',(0.227917322279158,3.47275024846598,0.153160449117422));
#5104=CARTESIAN_POINT('Origin',(0.227917322279158,3.47275024846598,0.153160449117422));
#5105=CARTESIAN_POINT('',(0.270948115482661,0.58,0.153160449117422));
#5106=CARTESIAN_POINT('',(0.113958661139579,0.58,0.153160449117422));
#5107=CARTESIAN_POINT('',(0.270948115482661,3.47275024846598,0.153160449117422));
#5108=CARTESIAN_POINT('Origin',(0.270948115482661,3.47275024846598,0.153160449117422));
#5109=CARTESIAN_POINT('',(0.327106947290622,0.58,0.0685575336664674));
#5110=CARTESIAN_POINT('',(0.264798457366079,0.58,0.162424869137208));
#5111=CARTESIAN_POINT('',(0.327106947290622,3.47275024846598,0.0685575336664674));
#5112=CARTESIAN_POINT('Origin',(0.327106947290622,3.47275024846598,0.0685575336664674));
#5113=CARTESIAN_POINT('',(0.381807108142533,0.58,0.153160449117422));
#5114=CARTESIAN_POINT('',(0.2632626225328,0.58,-0.0301883552922978));
#5115=CARTESIAN_POINT('',(0.381807108142533,3.47275024846598,0.153160449117422));
#5116=CARTESIAN_POINT('Origin',(0.381807108142533,3.47275024846598,0.153160449117422));
#5117=CARTESIAN_POINT('',(0.190903554071266,0.58,0.153160449117422));
#5118=CARTESIAN_POINT('Origin',(0.452066425858986,3.47275024846598,0.153160449117422));
#5119=CARTESIAN_POINT('',(0.637074525451448,0.58,0.153160449117422));
#5120=CARTESIAN_POINT('',(0.452066425858986,0.58,0.153160449117422));
#5121=CARTESIAN_POINT('',(0.226033212929493,0.58,0.153160449117422));
#5122=CARTESIAN_POINT('',(0.637074525451448,0.579,0.153160449117422));
#5123=CARTESIAN_POINT('',(0.637074525451448,3.47275024846598,0.153160449117422));
#5124=CARTESIAN_POINT('',(0.452066425858986,0.579,0.153160449117422));
#5125=CARTESIAN_POINT('',(0.226033212929493,0.579,0.153160449117422));
#5126=CARTESIAN_POINT('',(0.452066425858986,3.47275024846598,0.153160449117422));
#5127=CARTESIAN_POINT('Origin',(0.452066425858986,3.47275024846598,0.110615879565936));
#5128=CARTESIAN_POINT('',(0.452066425858986,0.58,0.110615879565936));
#5129=CARTESIAN_POINT('',(0.452066425858986,0.58,0.0553079397829681));
#5130=CARTESIAN_POINT('',(0.452066425858986,0.579,0.110615879565936));
#5131=CARTESIAN_POINT('',(0.452066425858986,0.579,0.0553079397829681));
#5132=CARTESIAN_POINT('',(0.452066425858986,3.47275024846598,0.110615879565936));
#5133=CARTESIAN_POINT('Ctrl Pts',(0.452066425858986,3.47275024846598,0.110615879565936));
#5134=CARTESIAN_POINT('Ctrl Pts',(0.452066425858986,-2.31275024846598,0.110615879565936));
#5135=CARTESIAN_POINT('Ctrl Pts',(0.472001595591683,3.47275024846598,0.0918962689632825));
#5136=CARTESIAN_POINT('Ctrl Pts',(0.472001595591683,-2.31275024846598,0.0918962689632825));
#5137=CARTESIAN_POINT('Ctrl Pts',(0.507495922188922,3.47275024846598,0.0571312778440683));
#5138=CARTESIAN_POINT('Ctrl Pts',(0.507495922188922,-2.31275024846598,0.0571312778440683));
#5139=CARTESIAN_POINT('Ctrl Pts',(0.524513750009517,3.47275024846598,0.0384116672414145));
#5140=CARTESIAN_POINT('Ctrl Pts',(0.524513750009517,-2.31275024846598,0.0384116672414145));
#5141=CARTESIAN_POINT('',(0.524513750009517,0.58,0.0384116672414145));
#5142=CARTESIAN_POINT('Ctrl Pts',(0.452066425858986,0.58,0.110615879565936));
#5143=CARTESIAN_POINT('Ctrl Pts',(0.472001595591683,0.58,0.0918962689632825));
#5144=CARTESIAN_POINT('Ctrl Pts',(0.507495922188922,0.58,0.0571312778440683));
#5145=CARTESIAN_POINT('Ctrl Pts',(0.524513750009517,0.58,0.0384116672414145));
#5146=CARTESIAN_POINT('',(0.524513750009517,0.579,0.0384116672414145));
#5147=CARTESIAN_POINT('Ctrl Pts',(0.452066425858986,0.579,0.110615879565936));
#5148=CARTESIAN_POINT('Ctrl Pts',(0.465356539014117,0.579,0.0981361391641671));
#5149=CARTESIAN_POINT('Ctrl Pts',(0.477917316691223,0.579,0.0861021037767468));
#5150=CARTESIAN_POINT('Ctrl Pts',(0.489748758890302,0.579,0.0745137734036754));
#5151=CARTESIAN_POINT('Ctrl Pts',(0.501580201089382,0.579,0.062925443030604));
#5152=CARTESIAN_POINT('Ctrl Pts',(0.513168531462454,0.579,0.0508914076431837));
#5153=CARTESIAN_POINT('Ctrl Pts',(0.524513750009517,0.579,0.0384116672414145));
#5154=CARTESIAN_POINT('',(0.524513750009517,3.47275024846598,0.0384116672414145));
#5155=CARTESIAN_POINT('Ctrl Pts',(0.524513750009517,3.47275024846598,0.0384116672414145));
#5156=CARTESIAN_POINT('Ctrl Pts',(0.524513750009517,-2.31275024846598,0.0384116672414145));
#5157=CARTESIAN_POINT('Ctrl Pts',(0.558792517476714,3.47275024846598,0.000729334210098475));
#5158=CARTESIAN_POINT('Ctrl Pts',(0.558792517476714,-2.31275024846598,0.000729334210098475));
#5159=CARTESIAN_POINT('Ctrl Pts',(0.583833035555588,3.47275024846598,-0.0444894654274808));
#5160=CARTESIAN_POINT('Ctrl Pts',(0.583833035555588,-2.31275024846598,-0.0444894654274808));
#5161=CARTESIAN_POINT('Ctrl Pts',(0.583833035555588,3.47275024846598,-0.0685575362023214));
#5162=CARTESIAN_POINT('Ctrl Pts',(0.583833035555588,-2.31275024846598,-0.0685575362023214));
#5163=CARTESIAN_POINT('',(0.583833035555588,0.58,-0.0685575362023214));
#5164=CARTESIAN_POINT('Ctrl Pts',(0.524513750009517,0.58,0.0384116672414145));
#5165=CARTESIAN_POINT('Ctrl Pts',(0.558792517476714,0.58,0.000729334210098475));
#5166=CARTESIAN_POINT('Ctrl Pts',(0.583833035555588,0.58,-0.0444894654274808));
#5167=CARTESIAN_POINT('Ctrl Pts',(0.583833035555588,0.58,-0.0685575362023214));
#5168=CARTESIAN_POINT('',(0.583833035555588,0.579,-0.0685575362023214));
#5169=CARTESIAN_POINT('Ctrl Pts',(0.524513750009517,0.579,0.0384116672414145));
#5170=CARTESIAN_POINT('Ctrl Pts',(0.547366261654315,0.579,0.0132901118872038));
#5171=CARTESIAN_POINT('Ctrl Pts',(0.562965937156526,0.579,-0.00680713239616474));
#5172=CARTESIAN_POINT('Ctrl Pts',(0.571312776516151,0.579,-0.0218800656086912));
#5173=CARTESIAN_POINT('Ctrl Pts',(0.579659615875776,0.579,-0.0369529988212176));
#5174=CARTESIAN_POINT('Ctrl Pts',(0.583833035555588,0.579,-0.052512155685761));
#5175=CARTESIAN_POINT('Ctrl Pts',(0.583833035555588,0.579,-0.0685575362023214));
#5176=CARTESIAN_POINT('',(0.583833035555588,3.47275024846598,-0.0685575362023214));
#5177=CARTESIAN_POINT('Ctrl Pts',(0.583833035555588,3.47275024846598,-0.0685575362023214));
#5178=CARTESIAN_POINT('Ctrl Pts',(0.583833035555588,-2.31275024846598,-0.0685575362023214));
#5179=CARTESIAN_POINT('Ctrl Pts',(0.583833035555588,3.47275024846598,-0.0811993511547629));
#5180=CARTESIAN_POINT('Ctrl Pts',(0.583833035555588,-2.31275024846598,-0.0811993511547629));
#5181=CARTESIAN_POINT('Ctrl Pts',(0.576053457123317,3.47275024846598,-0.100162073583425));
#5182=CARTESIAN_POINT('Ctrl Pts',(0.576053457123317,-2.31275024846598,-0.100162073583425));
#5183=CARTESIAN_POINT('Ctrl Pts',(0.56900321416907,3.47275024846598,-0.106239869233637));
#5184=CARTESIAN_POINT('Ctrl Pts',(0.56900321416907,-2.31275024846598,-0.106239869233637));
#5185=CARTESIAN_POINT('',(0.56900321416907,0.58,-0.106239869233637));
#5186=CARTESIAN_POINT('Ctrl Pts',(0.583833035555588,0.58,-0.0685575362023214));
#5187=CARTESIAN_POINT('Ctrl Pts',(0.583833035555588,0.58,-0.0811993511547629));
#5188=CARTESIAN_POINT('Ctrl Pts',(0.576053457123317,0.58,-0.100162073583425));
#5189=CARTESIAN_POINT('Ctrl Pts',(0.56900321416907,0.58,-0.106239869233637));
#5190=CARTESIAN_POINT('',(0.56900321416907,0.579,-0.106239869233637));
#5191=CARTESIAN_POINT('Ctrl Pts',(0.583833035555588,0.579,-0.0685575362023214));
#5192=CARTESIAN_POINT('Ctrl Pts',(0.583833035555588,0.579,-0.0733250079083307));
#5193=CARTESIAN_POINT('Ctrl Pts',(0.583418134325885,0.579,-0.0781381140645384));
#5194=CARTESIAN_POINT('Ctrl Pts',(0.581262379110613,0.579,-0.0878812602989435));
#5195=CARTESIAN_POINT('Ctrl Pts',(0.579656861953453,0.579,-0.0916790827889465));
#5196=CARTESIAN_POINT('Ctrl Pts',(0.575771758649097,0.579,-0.0990862252866506));
#5197=CARTESIAN_POINT('Ctrl Pts',(0.572779608076989,0.579,-0.102984357244052));
#5198=CARTESIAN_POINT('Ctrl Pts',(0.56900321416907,0.579,-0.106239869233637));
#5199=CARTESIAN_POINT('',(0.56900321416907,3.47275024846598,-0.106239869233637));
#5200=CARTESIAN_POINT('Ctrl Pts',(0.56900321416907,3.47275024846598,-0.106239869233637));
#5201=CARTESIAN_POINT('Ctrl Pts',(0.56900321416907,-2.31275024846598,-0.106239869233637));
#5202=CARTESIAN_POINT('Ctrl Pts',(0.561952971214824,3.47275024846598,-0.11231766488385));
#5203=CARTESIAN_POINT('Ctrl Pts',(0.561952971214824,-2.31275024846598,-0.11231766488385));
#5204=CARTESIAN_POINT('Ctrl Pts',(0.543476472438179,3.47275024846598,-0.118395460534062));
#5205=CARTESIAN_POINT('Ctrl Pts',(0.543476472438179,-2.31275024846598,-0.118395460534062));
#5206=CARTESIAN_POINT('Ctrl Pts',(0.532293328441788,3.47275024846598,-0.118395460534062));
#5207=CARTESIAN_POINT('Ctrl Pts',(0.532293328441788,-2.31275024846598,-0.118395460534062));
#5208=CARTESIAN_POINT('',(0.532293328441788,0.58,-0.118395460534062));
#5209=CARTESIAN_POINT('Origin',(0.402623519828935,0.58,0.0970869228954707));
#5210=CARTESIAN_POINT('',(0.532293328441788,0.579,-0.118395460534062));
#5211=CARTESIAN_POINT('Origin',(0.310068678432317,0.579,0.227108518414903));
#5212=CARTESIAN_POINT('',(0.532293328441788,3.47275024846598,-0.118395460534062));
#5213=CARTESIAN_POINT('Ctrl Pts',(0.532293328441788,3.47275024846598,-0.118395460534062));
#5214=CARTESIAN_POINT('Ctrl Pts',(0.532293328441788,-2.31275024846598,-0.118395460534062));
#5215=CARTESIAN_POINT('Ctrl Pts',(0.521596408097415,3.47275024846598,-0.118395460534062));
#5216=CARTESIAN_POINT('Ctrl Pts',(0.521596408097415,-2.31275024846598,-0.118395460534062));
#5217=CARTESIAN_POINT('Ctrl Pts',(0.499716343756651,3.47275024846598,-0.113047000361875));
#5218=CARTESIAN_POINT('Ctrl Pts',(0.499716343756651,-2.31275024846598,-0.113047000361875));
#5219=CARTESIAN_POINT('Ctrl Pts',(0.489748758890302,3.47275024846598,-0.108914099319731));
#5220=CARTESIAN_POINT('Ctrl Pts',(0.489748758890302,-2.31275024846598,-0.108914099319731));
#5221=CARTESIAN_POINT('',(0.489748758890302,0.58,-0.108914099319731));
#5222=CARTESIAN_POINT('Ctrl Pts',(0.532293328441788,0.58,-0.118395460534062));
#5223=CARTESIAN_POINT('Ctrl Pts',(0.521596408097415,0.58,-0.118395460534062));
#5224=CARTESIAN_POINT('Ctrl Pts',(0.499716343756651,0.58,-0.113047000361875));
#5225=CARTESIAN_POINT('Ctrl Pts',(0.489748758890302,0.58,-0.108914099319731));
#5226=CARTESIAN_POINT('',(0.489748758890302,0.579,-0.108914099319731));
#5227=CARTESIAN_POINT('Ctrl Pts',(0.532293328441788,0.579,-0.118395460534062));
#5228=CARTESIAN_POINT('Ctrl Pts',(0.525162048212206,0.579,-0.118395460534062));
#5229=CARTESIAN_POINT('Ctrl Pts',(0.517949730707287,0.579,-0.117504050505364));
#5230=CARTESIAN_POINT('Ctrl Pts',(0.510656375927033,0.579,-0.115721230447969));
#5231=CARTESIAN_POINT('Ctrl Pts',(0.503363021146778,0.579,-0.113938410390573));
#5232=CARTESIAN_POINT('Ctrl Pts',(0.496393815467868,0.579,-0.11166936668116));
#5233=CARTESIAN_POINT('Ctrl Pts',(0.489748758890302,0.579,-0.108914099319731));
#5234=CARTESIAN_POINT('',(0.489748758890302,3.47275024846598,-0.108914099319731));
#5235=CARTESIAN_POINT('Ctrl Pts',(0.489748758890302,3.47275024846598,-0.108914099319731));
#5236=CARTESIAN_POINT('Ctrl Pts',(0.489748758890302,-2.31275024846598,-0.108914099319731));
#5237=CARTESIAN_POINT('Ctrl Pts',(0.481239844980005,3.47275024846598,-0.105510533755612));
#5238=CARTESIAN_POINT('Ctrl Pts',(0.481239844980005,-2.31275024846598,-0.105510533755612));
#5239=CARTESIAN_POINT('Ctrl Pts',(0.465437576289453,3.47275024846598,-0.0957860607152723));
#5240=CARTESIAN_POINT('Ctrl Pts',(0.465437576289453,-2.31275024846598,-0.0957860607152723));
#5241=CARTESIAN_POINT('Ctrl Pts',(0.460575339769284,3.47275024846598,-0.0923824951511535));
#5242=CARTESIAN_POINT('Ctrl Pts',(0.460575339769284,-2.31275024846598,-0.0923824951511535));
#5243=CARTESIAN_POINT('',(0.460575339769284,0.58,-0.0923824951511534));
#5244=CARTESIAN_POINT('Ctrl Pts',(0.489748758890302,0.58,-0.108914099319731));
#5245=CARTESIAN_POINT('Ctrl Pts',(0.481239844980005,0.58,-0.105510533755612));
#5246=CARTESIAN_POINT('Ctrl Pts',(0.465437576289453,0.58,-0.0957860607152723));
#5247=CARTESIAN_POINT('Ctrl Pts',(0.460575339769284,0.58,-0.0923824951511535));
#5248=CARTESIAN_POINT('',(0.460575339769284,0.579,-0.0923824951511534));
#5249=CARTESIAN_POINT('Ctrl Pts',(0.489748758890302,0.579,-0.108914099319731));
#5250=CARTESIAN_POINT('Ctrl Pts',(0.484076149616771,0.579,-0.106645055610318));
#5251=CARTESIAN_POINT('Ctrl Pts',(0.47860613353158,0.579,-0.103889788248889));
#5252=CARTESIAN_POINT('Ctrl Pts',(0.473338710634729,0.579,-0.100648297235442));
#5253=CARTESIAN_POINT('Ctrl Pts',(0.468071287737879,0.579,-0.0974068062219956));
#5254=CARTESIAN_POINT('Ctrl Pts',(0.46381683078273,0.579,-0.094651538860566));
#5255=CARTESIAN_POINT('Ctrl Pts',(0.460575339769284,0.579,-0.0923824951511535));
#5256=CARTESIAN_POINT('',(0.460575339769284,3.47275024846598,-0.0923824951511534));
#5257=CARTESIAN_POINT('Origin',(0.637074525451448,3.47275024846598,0.153160449117422));
#5258=CARTESIAN_POINT('',(0.637074525451448,0.58,0.118395457998208));
#5259=CARTESIAN_POINT('',(0.637074525451448,0.58,0.0765802245587111));
#5260=CARTESIAN_POINT('',(0.637074525451448,0.579,0.118395457998208));
#5261=CARTESIAN_POINT('',(0.637074525451448,3.47275024846598,0.118395457998208));
#5262=CARTESIAN_POINT('',(0.637074525451448,0.579,0.0765802245587111));
#5263=CARTESIAN_POINT('Origin',(0.637074525451448,3.47275024846598,0.118395457998208));
#5264=CARTESIAN_POINT('',(0.489748758890302,0.58,0.118395457998208));
#5265=CARTESIAN_POINT('',(0.318537262725724,0.58,0.118395457998208));
#5266=CARTESIAN_POINT('',(0.489748758890302,0.579,0.118395457998208));
#5267=CARTESIAN_POINT('',(0.489748758890302,3.47275024846598,0.118395457998208));
#5268=CARTESIAN_POINT('',(0.318537262725724,0.579,0.118395457998208));
#5269=CARTESIAN_POINT('Ctrl Pts',(0.56900321416907,3.47275024846598,0.0405996736754909));
#5270=CARTESIAN_POINT('Ctrl Pts',(0.56900321416907,-2.31275024846598,0.0405996736754909));
#5271=CARTESIAN_POINT('Ctrl Pts',(0.550040491740408,3.47275024846598,0.0612641788862126));
#5272=CARTESIAN_POINT('Ctrl Pts',(0.550040491740408,-2.31275024846598,0.0612641788862126));
#5273=CARTESIAN_POINT('Ctrl Pts',(0.503606132972786,3.47275024846598,0.105510531219758));
#5274=CARTESIAN_POINT('Ctrl Pts',(0.503606132972786,-2.31275024846598,0.105510531219758));
#5275=CARTESIAN_POINT('Ctrl Pts',(0.489748758890302,3.47275024846598,0.118395457998208));
#5276=CARTESIAN_POINT('Ctrl Pts',(0.489748758890302,-2.31275024846598,0.118395457998208));
#5277=CARTESIAN_POINT('',(0.569003214169071,0.58,0.0405996736754909));
#5278=CARTESIAN_POINT('Ctrl Pts',(0.56900321416907,0.58,0.0405996736754909));
#5279=CARTESIAN_POINT('Ctrl Pts',(0.550040491740408,0.58,0.0612641788862126));
#5280=CARTESIAN_POINT('Ctrl Pts',(0.503606132972786,0.58,0.105510531219758));
#5281=CARTESIAN_POINT('Ctrl Pts',(0.489748758890302,0.58,0.118395457998208));
#5282=CARTESIAN_POINT('',(0.569003214169071,0.579,0.0405996736754909));
#5283=CARTESIAN_POINT('',(0.569003214169071,3.47275024846598,0.0405996736754909));
#5284=CARTESIAN_POINT('Ctrl Pts',(0.56900321416907,0.579,0.0405996736754909));
#5285=CARTESIAN_POINT('Ctrl Pts',(0.556361399216629,0.579,0.0543760104826387));
#5286=CARTESIAN_POINT('Ctrl Pts',(0.542301431945804,0.579,0.0686385709418035));
#5287=CARTESIAN_POINT('Ctrl Pts',(0.526823312356597,0.579,0.0833873550529853));
#5288=CARTESIAN_POINT('Ctrl Pts',(0.51134519276739,0.579,0.0981361391641671));
#5289=CARTESIAN_POINT('Ctrl Pts',(0.498987008278625,0.579,0.109805506812575));
#5290=CARTESIAN_POINT('Ctrl Pts',(0.489748758890302,0.579,0.118395457998208));
#5291=CARTESIAN_POINT('Ctrl Pts',(0.609116665460471,3.47275024846598,-0.0106969216123006));
#5292=CARTESIAN_POINT('Ctrl Pts',(0.609116665460471,-2.31275024846598,-0.0106969216123006));
#5293=CARTESIAN_POINT('Ctrl Pts',(0.601823310680217,3.47275024846598,0.0024311169921579));
#5294=CARTESIAN_POINT('Ctrl Pts',(0.601823310680217,-2.31275024846598,0.0024311169921579));
#5295=CARTESIAN_POINT('Ctrl Pts',(0.580672581817478,3.47275024846598,0.0282009705490579));
#5296=CARTESIAN_POINT('Ctrl Pts',(0.580672581817478,-2.31275024846598,0.0282009705490579));
#5297=CARTESIAN_POINT('Ctrl Pts',(0.56900321416907,3.47275024846598,0.0405996736754909));
#5298=CARTESIAN_POINT('Ctrl Pts',(0.56900321416907,-2.31275024846598,0.0405996736754909));
#5299=CARTESIAN_POINT('',(0.609116665460471,0.58,-0.0106969216123006));
#5300=CARTESIAN_POINT('Ctrl Pts',(0.609116665460471,0.58,-0.0106969216123006));
#5301=CARTESIAN_POINT('Ctrl Pts',(0.601823310680217,0.58,0.0024311169921579));
#5302=CARTESIAN_POINT('Ctrl Pts',(0.580672581817478,0.58,0.0282009705490579));
#5303=CARTESIAN_POINT('Ctrl Pts',(0.56900321416907,0.58,0.0405996736754909));
#5304=CARTESIAN_POINT('',(0.609116665460471,0.579,-0.0106969216123006));
#5305=CARTESIAN_POINT('',(0.609116665460471,3.47275024846598,-0.0106969216123006));
#5306=CARTESIAN_POINT('Ctrl Pts',(0.609116665460471,0.579,-0.0106969216123006));
#5307=CARTESIAN_POINT('Ctrl Pts',(0.604254428940302,0.579,-0.00194489587599492));
#5308=CARTESIAN_POINT('Ctrl Pts',(0.598298189203094,0.579,0.00672609258497457));
#5309=CARTESIAN_POINT('Ctrl Pts',(0.591247946248847,0.579,0.0153160437706079));
#5310=CARTESIAN_POINT('Ctrl Pts',(0.584197703294601,0.579,0.0239059949562412));
#5311=CARTESIAN_POINT('Ctrl Pts',(0.576782792601342,0.579,0.0323338715912022));
#5312=CARTESIAN_POINT('Ctrl Pts',(0.56900321416907,0.579,0.0405996736754909));
#5313=CARTESIAN_POINT('Ctrl Pts',(0.624675822325015,3.47275024846598,-0.0707455426363978));
#5314=CARTESIAN_POINT('Ctrl Pts',(0.624675822325015,-2.31275024846598,-0.0707455426363978));
#5315=CARTESIAN_POINT('Ctrl Pts',(0.624675822325015,3.47275024846598,-0.052998379337778));
#5316=CARTESIAN_POINT('Ctrl Pts',(0.624675822325015,-2.31275024846598,-0.052998379337778));
#5317=CARTESIAN_POINT('Ctrl Pts',(0.616410020240726,3.47275024846598,-0.0233387365647421));
#5318=CARTESIAN_POINT('Ctrl Pts',(0.616410020240726,-2.31275024846598,-0.0233387365647421));
#5319=CARTESIAN_POINT('Ctrl Pts',(0.609116665460471,3.47275024846598,-0.0106969216123006));
#5320=CARTESIAN_POINT('Ctrl Pts',(0.609116665460471,-2.31275024846598,-0.0106969216123006));
#5321=CARTESIAN_POINT('',(0.624675822325015,0.58,-0.0707455426363978));
#5322=CARTESIAN_POINT('Ctrl Pts',(0.624675822325015,0.58,-0.0707455426363978));
#5323=CARTESIAN_POINT('Ctrl Pts',(0.624675822325015,0.58,-0.052998379337778));
#5324=CARTESIAN_POINT('Ctrl Pts',(0.616410020240726,0.58,-0.0233387365647421));
#5325=CARTESIAN_POINT('Ctrl Pts',(0.609116665460471,0.58,-0.0106969216123006));
#5326=CARTESIAN_POINT('',(0.624675822325015,0.579,-0.0707455426363978));
#5327=CARTESIAN_POINT('',(0.624675822325015,3.47275024846598,-0.0707455426363978));
#5328=CARTESIAN_POINT('Ctrl Pts',(0.624675822325015,0.579,-0.0707455426363978));
#5329=CARTESIAN_POINT('Ctrl Pts',(0.624675822325015,0.579,-0.0589141004373179));
#5330=CARTESIAN_POINT('Ctrl Pts',(0.6232981886443,0.579,-0.048055105542272));
#5331=CARTESIAN_POINT('Ctrl Pts',(0.62054292128287,0.579,-0.03816855795126));
#5332=CARTESIAN_POINT('Ctrl Pts',(0.617787653921441,0.579,-0.0282820103602481));
#5333=CARTESIAN_POINT('Ctrl Pts',(0.613978901980641,0.579,-0.0191247982472616));
#5334=CARTESIAN_POINT('Ctrl Pts',(0.609116665460471,0.579,-0.0106969216123006));
#5335=CARTESIAN_POINT('Ctrl Pts',(0.53521067035389,3.47275024846598,-0.153160451653276));
#5336=CARTESIAN_POINT('Ctrl Pts',(0.53521067035389,-2.31275024846598,-0.153160451653276));
#5337=CARTESIAN_POINT('Ctrl Pts',(0.577269016253359,3.47275024846598,-0.153160451653276));
#5338=CARTESIAN_POINT('Ctrl Pts',(0.577269016253359,-2.31275024846598,-0.153160451653276));
#5339=CARTESIAN_POINT('Ctrl Pts',(0.624675822325015,3.47275024846598,-0.108670987493722));
#5340=CARTESIAN_POINT('Ctrl Pts',(0.624675822325015,-2.31275024846598,-0.108670987493722));
#5341=CARTESIAN_POINT('Ctrl Pts',(0.624675822325015,3.47275024846598,-0.0707455426363978));
#5342=CARTESIAN_POINT('Ctrl Pts',(0.624675822325015,-2.31275024846598,-0.0707455426363978));
#5343=CARTESIAN_POINT('',(0.53521067035389,0.58,-0.153160451653276));
#5344=CARTESIAN_POINT('Ctrl Pts',(0.53521067035389,0.58,-0.153160451653276));
#5345=CARTESIAN_POINT('Ctrl Pts',(0.577269016253359,0.58,-0.153160451653276));
#5346=CARTESIAN_POINT('Ctrl Pts',(0.624675822325015,0.58,-0.108670987493722));
#5347=CARTESIAN_POINT('Ctrl Pts',(0.624675822325015,0.58,-0.0707455426363978));
#5348=CARTESIAN_POINT('',(0.53521067035389,0.579,-0.153160451653276));
#5349=CARTESIAN_POINT('',(0.53521067035389,3.47275024846598,-0.153160451653276));
#5350=CARTESIAN_POINT('Ctrl Pts',(0.53521067035389,0.579,-0.153160451653276));
#5351=CARTESIAN_POINT('Ctrl Pts',(0.563249567620203,0.579,-0.153160451653276));
#5352=CARTESIAN_POINT('Ctrl Pts',(0.585170150598635,0.579,-0.145745540960017));
#5353=CARTESIAN_POINT('Ctrl Pts',(0.600972419289187,0.579,-0.130915719573499));
#5354=CARTESIAN_POINT('Ctrl Pts',(0.616774687979739,0.579,-0.116085898186981));
#5355=CARTESIAN_POINT('Ctrl Pts',(0.624675822325015,0.579,-0.0960291725412808));
#5356=CARTESIAN_POINT('Ctrl Pts',(0.624675822325015,0.579,-0.0707455426363978));
#5357=CARTESIAN_POINT('Ctrl Pts',(0.458387333335207,3.47275024846598,-0.135170176528648));
#5358=CARTESIAN_POINT('Ctrl Pts',(0.458387333335207,-2.31275024846598,-0.135170176528648));
#5359=CARTESIAN_POINT('Ctrl Pts',(0.47078603646164,3.47275024846598,-0.14124797217886));
#5360=CARTESIAN_POINT('Ctrl Pts',(0.47078603646164,-2.31275024846598,-0.14124797217886));
#5361=CARTESIAN_POINT('Ctrl Pts',(0.515275500621194,3.47275024846598,-0.153160451653276));
#5362=CARTESIAN_POINT('Ctrl Pts',(0.515275500621194,-2.31275024846598,-0.153160451653276));
#5363=CARTESIAN_POINT('Ctrl Pts',(0.53521067035389,3.47275024846598,-0.153160451653276));
#5364=CARTESIAN_POINT('Ctrl Pts',(0.53521067035389,-2.31275024846598,-0.153160451653276));
#5365=CARTESIAN_POINT('',(0.458387333335207,0.58,-0.135170176528648));
#5366=CARTESIAN_POINT('Ctrl Pts',(0.458387333335207,0.58,-0.135170176528648));
#5367=CARTESIAN_POINT('Ctrl Pts',(0.47078603646164,0.58,-0.14124797217886));
#5368=CARTESIAN_POINT('Ctrl Pts',(0.515275500621194,0.58,-0.153160451653276));
#5369=CARTESIAN_POINT('Ctrl Pts',(0.53521067035389,0.58,-0.153160451653276));
#5370=CARTESIAN_POINT('',(0.458387333335207,0.579,-0.135170176528648));
#5371=CARTESIAN_POINT('',(0.458387333335207,3.47275024846598,-0.135170176528648));
#5372=CARTESIAN_POINT('Ctrl Pts',(0.458387333335207,0.579,-0.135170176528648));
#5373=CARTESIAN_POINT('Ctrl Pts',(0.466653135419496,0.579,-0.139222040295456));
#5374=CARTESIAN_POINT('Ctrl Pts',(0.478200947154899,0.579,-0.143233385424596));
#5375=CARTESIAN_POINT('Ctrl Pts',(0.493030768541417,0.579,-0.147204211916068));
#5376=CARTESIAN_POINT('Ctrl Pts',(0.507860589927935,0.579,-0.15117503840754));
#5377=CARTESIAN_POINT('Ctrl Pts',(0.521920557198759,0.579,-0.153160451653276));
#5378=CARTESIAN_POINT('Ctrl Pts',(0.53521067035389,0.579,-0.153160451653276));
#5379=CARTESIAN_POINT('Origin',(0.458387333335207,3.47275024846598,-0.135170176528648));
#5380=CARTESIAN_POINT('',(0.458387333335207,0.58,-0.0923824951511535));
#5381=CARTESIAN_POINT('',(0.458387333335207,0.58,-0.0675850882643239));
#5382=CARTESIAN_POINT('',(0.458387333335207,0.579,-0.0923824951511535));
#5383=CARTESIAN_POINT('',(0.458387333335207,3.47275024846598,-0.0923824951511535));
#5384=CARTESIAN_POINT('',(0.458387333335207,0.579,-0.0675850882643239));
#5385=CARTESIAN_POINT('Origin',(0.458387333335207,3.47275024846598,-0.0923824951511535));
#5386=CARTESIAN_POINT('',(0.229193666667604,0.58,-0.0923824951511535));
#5387=CARTESIAN_POINT('',(0.229193666667604,0.579,-0.0923824951511535));
#5388=CARTESIAN_POINT('Origin',(0.,0.579,0.));
#5389=CARTESIAN_POINT('Origin',(0.,0.58,0.));
#5390=CARTESIAN_POINT('Origin',(0.,0.58,0.));
#5391=CARTESIAN_POINT('',(-1.,0.58,1.));
#5392=CARTESIAN_POINT('',(1.,0.58,1.));
#5393=CARTESIAN_POINT('',(-1.,0.58,1.));
#5394=CARTESIAN_POINT('',(1.,0.58,-1.));
#5395=CARTESIAN_POINT('',(1.,0.58,1.));
#5396=CARTESIAN_POINT('',(-1.,0.58,-1.));
#5397=CARTESIAN_POINT('',(1.,0.58,-1.));
#5398=CARTESIAN_POINT('',(-1.,0.58,-1.));
#5399=CARTESIAN_POINT('Origin',(0.,0.58,0.));
#5400=CARTESIAN_POINT('Origin',(0.67,0.132,-1.0005));
#5401=CARTESIAN_POINT('',(0.82,0.132,-1.));
#5402=CARTESIAN_POINT('',(0.52,0.132,-1.));
#5403=CARTESIAN_POINT('',(0.835,0.132,-1.));
#5404=CARTESIAN_POINT('',(0.82,0.132,-1.001));
#5405=CARTESIAN_POINT('',(0.82,0.132,-1.));
#5406=CARTESIAN_POINT('',(0.52,0.132,-1.001));
#5407=CARTESIAN_POINT('',(0.82,0.132,-1.001));
#5408=CARTESIAN_POINT('',(0.52,0.132,-1.001));
#5409=CARTESIAN_POINT('Origin',(0.67,0.132,1.0005));
#5410=CARTESIAN_POINT('',(0.52,0.132,1.));
#5411=CARTESIAN_POINT('',(0.82,0.132,1.));
#5412=CARTESIAN_POINT('',(-0.165,0.132,1.));
#5413=CARTESIAN_POINT('',(0.52,0.132,1.001));
#5414=CARTESIAN_POINT('',(0.52,0.132,1.));
#5415=CARTESIAN_POINT('',(0.82,0.132,1.001));
#5416=CARTESIAN_POINT('',(0.52,0.132,1.001));
#5417=CARTESIAN_POINT('',(0.82,0.132,1.001));
#5418=CARTESIAN_POINT('Origin',(-0.63,0.132,1.0005));
#5419=CARTESIAN_POINT('',(-0.78,0.132,1.));
#5420=CARTESIAN_POINT('',(-0.48,0.132,1.));
#5421=CARTESIAN_POINT('',(-0.815,0.132,1.));
#5422=CARTESIAN_POINT('',(-0.78,0.132,1.001));
#5423=CARTESIAN_POINT('',(-0.78,0.132,1.));
#5424=CARTESIAN_POINT('',(-0.48,0.132,1.001));
#5425=CARTESIAN_POINT('',(-0.78,0.132,1.001));
#5426=CARTESIAN_POINT('',(-0.48,0.132,1.001));
#5427=CARTESIAN_POINT('Origin',(0.02,0.132,1.0005));
#5428=CARTESIAN_POINT('',(-0.13,0.132,1.));
#5429=CARTESIAN_POINT('',(0.17,0.132,1.));
#5430=CARTESIAN_POINT('',(-0.49,0.132,1.));
#5431=CARTESIAN_POINT('',(-0.13,0.132,1.001));
#5432=CARTESIAN_POINT('',(-0.13,0.132,1.));
#5433=CARTESIAN_POINT('',(0.17,0.132,1.001));
#5434=CARTESIAN_POINT('',(-0.13,0.132,1.001));
#5435=CARTESIAN_POINT('',(0.17,0.132,1.001));
#5436=CARTESIAN_POINT('Origin',(-0.63,0.132,-1.0005));
#5437=CARTESIAN_POINT('',(-0.48,0.132,-1.));
#5438=CARTESIAN_POINT('',(-0.78,0.132,-1.));
#5439=CARTESIAN_POINT('',(0.185,0.132,-1.));
#5440=CARTESIAN_POINT('',(-0.48,0.132,-1.001));
#5441=CARTESIAN_POINT('',(-0.48,0.132,-1.));
#5442=CARTESIAN_POINT('',(-0.78,0.132,-1.001));
#5443=CARTESIAN_POINT('',(-0.48,0.132,-1.001));
#5444=CARTESIAN_POINT('',(-0.78,0.132,-1.001));
#5445=CARTESIAN_POINT('Origin',(0.02,0.132,-1.0005));
#5446=CARTESIAN_POINT('',(0.17,0.132,-1.));
#5447=CARTESIAN_POINT('',(-0.13,0.132,-1.));
#5448=CARTESIAN_POINT('',(0.51,0.132,-1.));
#5449=CARTESIAN_POINT('',(0.17,0.132,-1.001));
#5450=CARTESIAN_POINT('',(0.17,0.132,-1.));
#5451=CARTESIAN_POINT('',(-0.13,0.132,-1.001));
#5452=CARTESIAN_POINT('',(0.17,0.132,-1.001));
#5453=CARTESIAN_POINT('',(-0.13,0.132,-1.001));
#5454=CARTESIAN_POINT('Origin',(-1.,0.,1.));
#5455=CARTESIAN_POINT('',(0.52,0.,1.));
#5456=CARTESIAN_POINT('',(0.52,0.,1.));
#5457=CARTESIAN_POINT('',(0.82,0.,1.));
#5458=CARTESIAN_POINT('',(0.82,0.,1.));
#5459=CARTESIAN_POINT('',(1.,0.,1.));
#5460=CARTESIAN_POINT('',(-1.,0.,1.));
#5461=CARTESIAN_POINT('',(1.,0.,1.));
#5462=CARTESIAN_POINT('',(-1.,0.,1.));
#5463=CARTESIAN_POINT('',(-1.,0.,1.));
#5464=CARTESIAN_POINT('',(-0.78,0.,1.));
#5465=CARTESIAN_POINT('',(-1.,0.,1.));
#5466=CARTESIAN_POINT('',(-0.78,0.,1.));
#5467=CARTESIAN_POINT('',(-0.48,0.,1.));
#5468=CARTESIAN_POINT('',(-0.48,0.,1.));
#5469=CARTESIAN_POINT('',(-0.13,0.,1.));
#5470=CARTESIAN_POINT('',(-1.,0.,1.));
#5471=CARTESIAN_POINT('',(-0.13,0.,1.));
#5472=CARTESIAN_POINT('',(0.17,0.,1.));
#5473=CARTESIAN_POINT('',(0.17,0.,1.));
#5474=CARTESIAN_POINT('',(-1.,0.,1.));
#5475=CARTESIAN_POINT('Origin',(1.,0.,-1.));
#5476=CARTESIAN_POINT('',(0.82,0.,-1.));
#5477=CARTESIAN_POINT('',(0.82,0.,-1.));
#5478=CARTESIAN_POINT('',(0.52,0.,-1.));
#5479=CARTESIAN_POINT('',(0.52,0.,-1.));
#5480=CARTESIAN_POINT('',(0.17,0.,-1.));
#5481=CARTESIAN_POINT('',(1.,0.,-1.));
#5482=CARTESIAN_POINT('',(0.17,0.,-1.));
#5483=CARTESIAN_POINT('',(-0.13,0.,-1.));
#5484=CARTESIAN_POINT('',(-0.13,0.,-1.));
#5485=CARTESIAN_POINT('',(-0.48,0.,-1.));
#5486=CARTESIAN_POINT('',(1.,0.,-1.));
#5487=CARTESIAN_POINT('',(-0.48,0.,-1.));
#5488=CARTESIAN_POINT('',(-0.78,0.,-1.));
#5489=CARTESIAN_POINT('',(-0.78,0.,-1.));
#5490=CARTESIAN_POINT('',(-1.,0.,-1.));
#5491=CARTESIAN_POINT('',(1.,0.,-1.));
#5492=CARTESIAN_POINT('',(-1.,0.,-1.));
#5493=CARTESIAN_POINT('',(1.,0.,-1.));
#5494=CARTESIAN_POINT('',(1.,0.,-1.));
#5495=CARTESIAN_POINT('',(1.,0.,-1.));
#5496=CARTESIAN_POINT('Origin',(0.15,0.,-0.5));
#5497=CARTESIAN_POINT('',(0.15,0.,0.5));
#5498=CARTESIAN_POINT('',(0.15,0.,-0.5));
#5499=CARTESIAN_POINT('',(0.15,0.,-0.25));
#5500=CARTESIAN_POINT('',(0.15,-0.02,0.5));
#5501=CARTESIAN_POINT('',(0.15,0.,0.5));
#5502=CARTESIAN_POINT('',(0.15,-0.02,-0.5));
#5503=CARTESIAN_POINT('',(0.15,-0.02,-0.5));
#5504=CARTESIAN_POINT('',(0.15,0.,-0.5));
#5505=CARTESIAN_POINT('Origin',(-0.8,0.,-0.5));
#5506=CARTESIAN_POINT('',(-0.8,0.,-0.5));
#5507=CARTESIAN_POINT('',(-0.4,0.,-0.5));
#5508=CARTESIAN_POINT('',(-0.8,-0.02,-0.5));
#5509=CARTESIAN_POINT('',(-0.8,-0.02,-0.5));
#5510=CARTESIAN_POINT('',(-0.8,0.,-0.5));
#5511=CARTESIAN_POINT('Origin',(-0.8,0.,0.3));
#5512=CARTESIAN_POINT('',(-0.8,0.,0.3));
#5513=CARTESIAN_POINT('',(-0.8,0.,0.15));
#5514=CARTESIAN_POINT('',(-0.8,-0.02,0.3));
#5515=CARTESIAN_POINT('',(-0.8,-0.02,0.3));
#5516=CARTESIAN_POINT('',(-0.8,0.,0.3));
#5517=CARTESIAN_POINT('Origin',(-0.6,0.,0.5));
#5518=CARTESIAN_POINT('',(-0.6,0.,0.5));
#5519=CARTESIAN_POINT('',(-0.575,0.,0.525));
#5520=CARTESIAN_POINT('',(-0.6,-0.02,0.5));
#5521=CARTESIAN_POINT('',(-0.6,-0.02,0.5));
#5522=CARTESIAN_POINT('',(-0.6,0.,0.5));
#5523=CARTESIAN_POINT('Origin',(0.15,0.,0.5));
#5524=CARTESIAN_POINT('',(0.0749999999999998,0.,0.5));
#5525=CARTESIAN_POINT('',(0.15,-0.02,0.5));
#5526=CARTESIAN_POINT('Origin',(-0.308098958195861,-0.02,-0.0176753093089649));
#5527=CARTESIAN_POINT('Origin',(-0.78,0.,1.001));
#5528=CARTESIAN_POINT('',(-0.78,0.,0.701));
#5529=CARTESIAN_POINT('',(-0.78,0.,0.5005));
#5530=CARTESIAN_POINT('',(-0.78,-0.02,0.701));
#5531=CARTESIAN_POINT('',(-0.78,0.,0.701));
#5532=CARTESIAN_POINT('',(-0.78,-0.02,1.001));
#5533=CARTESIAN_POINT('',(-0.78,-0.02,0.701));
#5534=CARTESIAN_POINT('',(-0.78,0.,1.001));
#5535=CARTESIAN_POINT('Origin',(-0.48,0.,1.001));
#5536=CARTESIAN_POINT('',(-0.48,-0.02,1.001));
#5537=CARTESIAN_POINT('',(-0.78,-0.02,1.001));
#5538=CARTESIAN_POINT('',(-0.48,0.,1.001));
#5539=CARTESIAN_POINT('Origin',(-0.48,0.,0.701));
#5540=CARTESIAN_POINT('',(-0.48,-0.02,0.701));
#5541=CARTESIAN_POINT('',(-0.48,-0.02,1.001));
#5542=CARTESIAN_POINT('',(-0.48,0.,0.701));
#5543=CARTESIAN_POINT('',(-0.48,0.,0.701));
#5544=CARTESIAN_POINT('',(-0.479999999999999,0.,0.3505));
#5545=CARTESIAN_POINT('Origin',(-0.78,0.,0.701));
#5546=CARTESIAN_POINT('',(-0.39,0.,0.701));
#5547=CARTESIAN_POINT('',(-0.48,-0.02,0.701));
#5548=CARTESIAN_POINT('Origin',(-0.63,-0.02,0.851));
#5549=CARTESIAN_POINT('Origin',(0.52,0.,1.001));
#5550=CARTESIAN_POINT('',(0.52,0.,0.701));
#5551=CARTESIAN_POINT('',(0.52,0.,0.5005));
#5552=CARTESIAN_POINT('',(0.52,-0.02,0.701));
#5553=CARTESIAN_POINT('',(0.52,0.,0.701));
#5554=CARTESIAN_POINT('',(0.52,-0.02,1.001));
#5555=CARTESIAN_POINT('',(0.52,-0.02,0.701));
#5556=CARTESIAN_POINT('',(0.52,0.,1.001));
#5557=CARTESIAN_POINT('Origin',(0.82,0.,1.001));
#5558=CARTESIAN_POINT('',(0.82,-0.02,1.001));
#5559=CARTESIAN_POINT('',(0.52,-0.02,1.001));
#5560=CARTESIAN_POINT('',(0.82,0.,1.001));
#5561=CARTESIAN_POINT('Origin',(0.82,0.,0.701));
#5562=CARTESIAN_POINT('',(0.82,-0.02,0.701));
#5563=CARTESIAN_POINT('',(0.82,-0.02,1.001));
#5564=CARTESIAN_POINT('',(0.82,0.,0.701));
#5565=CARTESIAN_POINT('',(0.82,0.,0.701));
#5566=CARTESIAN_POINT('',(0.819999999999999,0.,0.350499999999999));
#5567=CARTESIAN_POINT('Origin',(0.52,0.,0.701));
#5568=CARTESIAN_POINT('',(0.26,0.,0.701));
#5569=CARTESIAN_POINT('',(0.82,-0.02,0.701));
#5570=CARTESIAN_POINT('Origin',(0.67,-0.02,0.851));
#5571=CARTESIAN_POINT('Origin',(-0.13,0.,-0.701));
#5572=CARTESIAN_POINT('',(-0.13,-0.02,-1.001));
#5573=CARTESIAN_POINT('',(-0.13,0.,-1.001));
#5574=CARTESIAN_POINT('',(-0.13,-0.02,-0.701));
#5575=CARTESIAN_POINT('',(-0.13,-0.02,-1.001));
#5576=CARTESIAN_POINT('',(-0.13,0.,-0.701));
#5577=CARTESIAN_POINT('',(-0.13,0.,-0.701));
#5578=CARTESIAN_POINT('',(-0.13,0.,-0.3505));
#5579=CARTESIAN_POINT('Origin',(0.17,0.,-0.701));
#5580=CARTESIAN_POINT('',(0.17,0.,-0.701));
#5581=CARTESIAN_POINT('',(0.085,0.,-0.701));
#5582=CARTESIAN_POINT('',(0.17,-0.02,-0.701));
#5583=CARTESIAN_POINT('',(-0.13,-0.02,-0.701));
#5584=CARTESIAN_POINT('',(0.17,0.,-0.701));
#5585=CARTESIAN_POINT('Origin',(0.17,0.,-1.001));
#5586=CARTESIAN_POINT('',(0.17,0.,-0.5005));
#5587=CARTESIAN_POINT('',(0.17,-0.02,-1.001));
#5588=CARTESIAN_POINT('',(0.17,-0.02,-0.701));
#5589=CARTESIAN_POINT('',(0.17,0.,-1.001));
#5590=CARTESIAN_POINT('Origin',(-0.13,0.,-1.001));
#5591=CARTESIAN_POINT('',(0.17,-0.02,-1.001));
#5592=CARTESIAN_POINT('Origin',(0.02,-0.02,-0.851));
#5593=CARTESIAN_POINT('Origin',(0.52,0.,-0.701));
#5594=CARTESIAN_POINT('',(0.52,-0.02,-1.001));
#5595=CARTESIAN_POINT('',(0.52,0.,-1.001));
#5596=CARTESIAN_POINT('',(0.52,-0.02,-0.701));
#5597=CARTESIAN_POINT('',(0.52,-0.02,-1.001));
#5598=CARTESIAN_POINT('',(0.52,0.,-0.701));
#5599=CARTESIAN_POINT('',(0.52,0.,-0.701));
#5600=CARTESIAN_POINT('',(0.52,0.,-0.3505));
#5601=CARTESIAN_POINT('Origin',(0.82,0.,-0.701));
#5602=CARTESIAN_POINT('',(0.82,0.,-0.701));
#5603=CARTESIAN_POINT('',(0.41,0.,-0.701));
#5604=CARTESIAN_POINT('',(0.82,-0.02,-0.701));
#5605=CARTESIAN_POINT('',(0.52,-0.02,-0.701));
#5606=CARTESIAN_POINT('',(0.82,0.,-0.701));
#5607=CARTESIAN_POINT('Origin',(0.82,0.,-1.001));
#5608=CARTESIAN_POINT('',(0.82,0.,-0.5005));
#5609=CARTESIAN_POINT('',(0.82,-0.02,-1.001));
#5610=CARTESIAN_POINT('',(0.82,-0.02,-0.701));
#5611=CARTESIAN_POINT('',(0.82,0.,-1.001));
#5612=CARTESIAN_POINT('Origin',(0.52,0.,-1.001));
#5613=CARTESIAN_POINT('',(0.82,-0.02,-1.001));
#5614=CARTESIAN_POINT('Origin',(0.67,-0.02,-0.851));
#5615=CARTESIAN_POINT('Origin',(-0.78,0.,-0.701));
#5616=CARTESIAN_POINT('',(-0.78,-0.02,-1.001));
#5617=CARTESIAN_POINT('',(-0.78,0.,-1.001));
#5618=CARTESIAN_POINT('',(-0.78,-0.02,-0.701));
#5619=CARTESIAN_POINT('',(-0.78,-0.02,-1.001));
#5620=CARTESIAN_POINT('',(-0.78,0.,-0.701));
#5621=CARTESIAN_POINT('',(-0.78,0.,-0.701));
#5622=CARTESIAN_POINT('',(-0.78,0.,-0.3505));
#5623=CARTESIAN_POINT('Origin',(-0.48,0.,-0.701));
#5624=CARTESIAN_POINT('',(-0.48,0.,-0.701));
#5625=CARTESIAN_POINT('',(-0.24,0.,-0.701));
#5626=CARTESIAN_POINT('',(-0.48,-0.02,-0.701));
#5627=CARTESIAN_POINT('',(-0.78,-0.02,-0.701));
#5628=CARTESIAN_POINT('',(-0.48,0.,-0.701));
#5629=CARTESIAN_POINT('Origin',(-0.48,0.,-1.001));
#5630=CARTESIAN_POINT('',(-0.48,0.,-0.5005));
#5631=CARTESIAN_POINT('',(-0.48,-0.02,-1.001));
#5632=CARTESIAN_POINT('',(-0.48,-0.02,-0.701));
#5633=CARTESIAN_POINT('',(-0.48,0.,-1.001));
#5634=CARTESIAN_POINT('Origin',(-0.78,0.,-1.001));
#5635=CARTESIAN_POINT('',(-0.48,-0.02,-1.001));
#5636=CARTESIAN_POINT('Origin',(-0.63,-0.02,-0.851));
#5637=CARTESIAN_POINT('Origin',(-0.13,0.,1.001));
#5638=CARTESIAN_POINT('',(-0.13,0.,0.701));
#5639=CARTESIAN_POINT('',(-0.13,0.,0.5005));
#5640=CARTESIAN_POINT('',(-0.13,-0.02,0.701));
#5641=CARTESIAN_POINT('',(-0.13,0.,0.701));
#5642=CARTESIAN_POINT('',(-0.13,-0.02,1.001));
#5643=CARTESIAN_POINT('',(-0.13,-0.02,0.701));
#5644=CARTESIAN_POINT('',(-0.13,0.,1.001));
#5645=CARTESIAN_POINT('Origin',(0.17,0.,1.001));
#5646=CARTESIAN_POINT('',(0.17,-0.02,1.001));
#5647=CARTESIAN_POINT('',(-0.13,-0.02,1.001));
#5648=CARTESIAN_POINT('',(0.17,0.,1.001));
#5649=CARTESIAN_POINT('Origin',(0.17,0.,0.701));
#5650=CARTESIAN_POINT('',(0.17,-0.02,0.701));
#5651=CARTESIAN_POINT('',(0.17,-0.02,1.001));
#5652=CARTESIAN_POINT('',(0.17,0.,0.701));
#5653=CARTESIAN_POINT('',(0.17,0.,0.701));
#5654=CARTESIAN_POINT('',(0.17,0.,0.3505));
#5655=CARTESIAN_POINT('Origin',(-0.13,0.,0.701));
#5656=CARTESIAN_POINT('',(-0.065,0.,0.701));
#5657=CARTESIAN_POINT('',(0.17,-0.02,0.701));
#5658=CARTESIAN_POINT('Origin',(0.02,-0.02,0.851));
#5659=CARTESIAN_POINT('Origin',(0.55,0.,0.369));
#5660=CARTESIAN_POINT('',(0.55,0.,-0.451));
#5661=CARTESIAN_POINT('',(0.55,0.,0.369));
#5662=CARTESIAN_POINT('',(0.55,0.,0.1845));
#5663=CARTESIAN_POINT('',(0.55,-0.02,-0.451));
#5664=CARTESIAN_POINT('',(0.55,0.,-0.451));
#5665=CARTESIAN_POINT('',(0.55,-0.02,0.369));
#5666=CARTESIAN_POINT('',(0.55,-0.02,-0.451));
#5667=CARTESIAN_POINT('',(0.55,0.,0.369));
#5668=CARTESIAN_POINT('Origin',(0.78,0.,0.369));
#5669=CARTESIAN_POINT('',(0.78,0.,0.369));
#5670=CARTESIAN_POINT('',(0.39,0.,0.369));
#5671=CARTESIAN_POINT('',(0.78,-0.02,0.369));
#5672=CARTESIAN_POINT('',(0.55,-0.02,0.369));
#5673=CARTESIAN_POINT('',(0.78,0.,0.369));
#5674=CARTESIAN_POINT('Origin',(0.78,0.,-0.451));
#5675=CARTESIAN_POINT('',(0.78,0.,-0.451));
#5676=CARTESIAN_POINT('',(0.78,0.,-0.2255));
#5677=CARTESIAN_POINT('',(0.78,-0.02,-0.451));
#5678=CARTESIAN_POINT('',(0.78,-0.02,0.369));
#5679=CARTESIAN_POINT('',(0.78,0.,-0.451));
#5680=CARTESIAN_POINT('Origin',(0.55,0.,-0.451));
#5681=CARTESIAN_POINT('',(0.275,0.,-0.451));
#5682=CARTESIAN_POINT('',(0.78,-0.02,-0.451));
#5683=CARTESIAN_POINT('Origin',(0.665,-0.02,-0.0410000000000001));
#5684=CARTESIAN_POINT('Origin',(-1.,0.,-1.));
#5685=CARTESIAN_POINT('',(-1.,0.,-1.));
#5686=CARTESIAN_POINT('Origin',(1.,0.,1.));
#5687=CARTESIAN_POINT('',(1.,0.,1.));
#5688=CARTESIAN_POINT('Origin',(0.,0.58,0.));
#5689=CARTESIAN_POINT('Origin',(0.,0.,0.));
#5690=UNCERTAINTY_MEASURE_WITH_UNIT(LENGTH_MEASURE(0.01),#5694,
'DISTANCE_ACCURACY_VALUE',
'Maximum model space distance between geometric entities at asserted c
onnectivities');
#5691=UNCERTAINTY_MEASURE_WITH_UNIT(LENGTH_MEASURE(1.E-6),#5694,
'DISTANCE_ACCURACY_VALUE',
'Maximum model space distance between geometric entities at asserted c
onnectivities');
#5692=(
GEOMETRIC_REPRESENTATION_CONTEXT(3)
GLOBAL_UNCERTAINTY_ASSIGNED_CONTEXT((#5690))
GLOBAL_UNIT_ASSIGNED_CONTEXT((#5694,#5697,#5695))
REPRESENTATION_CONTEXT('','3D')
);
#5693=(
GEOMETRIC_REPRESENTATION_CONTEXT(3)
GLOBAL_UNCERTAINTY_ASSIGNED_CONTEXT((#5691))
GLOBAL_UNIT_ASSIGNED_CONTEXT((#5694,#5697,#5695))
REPRESENTATION_CONTEXT('','3D')
);
#5694=(
LENGTH_UNIT()
NAMED_UNIT(*)
SI_UNIT(.MILLI.,.METRE.)
);
#5695=(
NAMED_UNIT(*)
SI_UNIT($,.STERADIAN.)
SOLID_ANGLE_UNIT()
);
#5696=DIMENSIONAL_EXPONENTS(0.,0.,0.,0.,0.,0.,0.);
#5697=(
CONVERSION_BASED_UNIT('degree',#5699)
NAMED_UNIT(#5696)
PLANE_ANGLE_UNIT()
);
#5698=(
NAMED_UNIT(*)
PLANE_ANGLE_UNIT()
SI_UNIT($,.RADIAN.)
);
#5699=PLANE_ANGLE_MEASURE_WITH_UNIT(PLANE_ANGLE_MEASURE(0.01745329252),
#5698);
#5700=SHAPE_DEFINITION_REPRESENTATION(#5701,#5702);
#5701=PRODUCT_DEFINITION_SHAPE('',$,#5704);
#5702=SHAPE_REPRESENTATION('',(#3298),#5692);
#5703=PRODUCT_DEFINITION_CONTEXT('part definition',#5708,'design');
#5704=PRODUCT_DEFINITION('Alpha & Omega DFN 2x2B',
'Alpha & Omega DFN 2x2B',#5705,#5703);
#5705=PRODUCT_DEFINITION_FORMATION('',$,#5710);
#5706=PRODUCT_RELATED_PRODUCT_CATEGORY('Alpha & Omega DFN 2x2B',
'Alpha & Omega DFN 2x2B',(#5710));
#5707=APPLICATION_PROTOCOL_DEFINITION('international standard',
'automotive_design',2009,#5708);
#5708=APPLICATION_CONTEXT(
'Core Data for Automotive Mechanical Design Process');
#5709=PRODUCT_CONTEXT('part definition',#5708,'mechanical');
#5710=PRODUCT('Alpha & Omega DFN 2x2B','Alpha & Omega DFN 2x2B',$,(#5709));
#5711=PRESENTATION_STYLE_ASSIGNMENT((#5714));
#5712=PRESENTATION_STYLE_ASSIGNMENT((#5715));
#5713=PRESENTATION_STYLE_ASSIGNMENT((#5716));
#5714=SURFACE_STYLE_USAGE(.BOTH.,#5717);
#5715=SURFACE_STYLE_USAGE(.BOTH.,#5718);
#5716=SURFACE_STYLE_USAGE(.BOTH.,#5719);
#5717=SURFACE_SIDE_STYLE('',(#5720));
#5718=SURFACE_SIDE_STYLE('',(#5721));
#5719=SURFACE_SIDE_STYLE('',(#5722));
#5720=SURFACE_STYLE_FILL_AREA(#5723);
#5721=SURFACE_STYLE_FILL_AREA(#5724);
#5722=SURFACE_STYLE_FILL_AREA(#5725);
#5723=FILL_AREA_STYLE('',(#5726));
#5724=FILL_AREA_STYLE('',(#5727));
#5725=FILL_AREA_STYLE('',(#5728));
#5726=FILL_AREA_STYLE_COLOUR('',#5729);
#5727=FILL_AREA_STYLE_COLOUR('',#5730);
#5728=FILL_AREA_STYLE_COLOUR('',#5731);
#5729=COLOUR_RGB('',0.270588235294118,0.270588235294118,0.270588235294118);
#5730=COLOUR_RGB('',0.6,0.6,0.6);
#5731=COLOUR_RGB('',0.831372549019608,0.831372549019608,0.831372549019608);
ENDSEC;
END-ISO-10303-21;
