ISO-10303-21;
HEADER;
/* Generated by software containing ST-Developer
 * from STEP Tools, Inc. (www.steptools.com) 
 */

FILE_DESCRIPTION(
/* description */ (''),
/* implementation_level */ '2;1');

FILE_NAME(
/* name */ '',
/* time_stamp */ '',
/* author */ (''),
/* organization */ (''),
/* preprocessor_version */ '',
/* originating_system */ '',
/* authorisation */ '');

FILE_SCHEMA (('AUTOMOTIVE_DESIGN { 1 0 10303 214 3 1 1 }'));
ENDSEC;

DATA;
#10=MECHANICAL_DESIGN_GEOMETRIC_PRESENTATION_REPRESENTATION('',(#2734,#2731,
#2732,#2741,#2736,#2733,#2737,#2738,#2739,#2735,#2740,#2725,#2716,#2718,
#2723,#2726,#2712,#2727,#2720,#2719,#2714,#2717,#2721,#2715,#2713,#2722,
#2724,#2729,#2728,#2730,#2765,#2763,#2761,#2764,#2762,#2758,#2760,#2766,
#2759,#2767,#2768,#2744,#2746,#2749,#2751,#2754,#2743,#2753,#2752,#2748,
#2745,#2742,#2747,#2750,#2755,#2756,#2757,#2777,#2772,#2774,#2771,#2769,
#2778,#2776,#2779,#2775,#2773,#2770,#2786,#2782,#2781,#2783,#2780,#2788,
#2787,#2784,#2789,#2790,#2785,#2793,#2795,#2791,#2797,#2794,#2799,#2800,
#2796,#2801,#2792,#2798,#2708,#2707,#2711,#2704,#2705,#2701,#2702,#2703,
#2698,#2699,#2700,#2706,#2697,#2684,#2690,#2691,#2692,#2681,#2685,#2687,
#2688,#2683,#2686,#2689,#2682,#2693,#2694,#2696,#2695,#2655,#2657,#2659,
#2654,#2656,#2653,#2660,#2658,#2650,#2651,#2652,#2668,#2680,#2677,#2662,
#2673,#2672,#2663,#2674,#2675,#2676,#2669,#2664,#2670,#2671,#2665,#2678,
#2679,#2666,#2667,#2661,#2709,#2710),#5047);
#11=SHAPE_REPRESENTATION_RELATIONSHIP('SRR','None',#5056,#12);
#12=ADVANCED_BREP_SHAPE_REPRESENTATION('',(#13),#5046);
#13=MANIFOLD_SOLID_BREP('Solid1',#2953);
#14=CIRCLE('',#2975,0.1);
#15=CIRCLE('',#2976,0.1);
#16=CYLINDRICAL_SURFACE('',#2974,0.1);
#17=B_SPLINE_CURVE_WITH_KNOTS('',2,(#3674,#3675,#3676,#3677),
 .UNSPECIFIED.,.F.,.F.,(3,1,3),(0.,1.,2.),.UNSPECIFIED.);
#18=B_SPLINE_CURVE_WITH_KNOTS('',2,(#3681,#3682,#3683,#3684),
 .UNSPECIFIED.,.F.,.F.,(3,1,3),(0.,1.,2.),.UNSPECIFIED.);
#19=B_SPLINE_CURVE_WITH_KNOTS('',2,(#3695,#3696,#3697,#3698),
 .UNSPECIFIED.,.F.,.F.,(3,1,3),(0.,1.,2.),.UNSPECIFIED.);
#20=B_SPLINE_CURVE_WITH_KNOTS('',2,(#3700,#3701,#3702,#3703),
 .UNSPECIFIED.,.F.,.F.,(3,1,3),(0.,1.,2.),.UNSPECIFIED.);
#21=B_SPLINE_CURVE_WITH_KNOTS('',2,(#3712,#3713,#3714),.UNSPECIFIED.,.F.,
 .F.,(3,3),(0.,1.),.UNSPECIFIED.);
#22=B_SPLINE_CURVE_WITH_KNOTS('',2,(#3716,#3717,#3718),.UNSPECIFIED.,.F.,
 .F.,(3,3),(0.,1.),.UNSPECIFIED.);
#23=B_SPLINE_CURVE_WITH_KNOTS('',2,(#3729,#3730,#3731,#3732),
 .UNSPECIFIED.,.F.,.F.,(3,1,3),(0.,1.,2.),.UNSPECIFIED.);
#24=B_SPLINE_CURVE_WITH_KNOTS('',2,(#3734,#3735,#3736,#3737),
 .UNSPECIFIED.,.F.,.F.,(3,1,3),(0.,1.,2.),.UNSPECIFIED.);
#25=B_SPLINE_CURVE_WITH_KNOTS('',2,(#3747,#3748,#3749,#3750),
 .UNSPECIFIED.,.F.,.F.,(3,1,3),(0.,1.,2.),.UNSPECIFIED.);
#26=B_SPLINE_CURVE_WITH_KNOTS('',2,(#3751,#3752,#3753,#3754),
 .UNSPECIFIED.,.F.,.F.,(3,1,3),(0.,1.,2.),.UNSPECIFIED.);
#27=B_SPLINE_CURVE_WITH_KNOTS('',2,(#3763,#3764,#3765),.UNSPECIFIED.,.F.,
 .F.,(3,3),(0.,1.),.UNSPECIFIED.);
#28=B_SPLINE_CURVE_WITH_KNOTS('',2,(#3769,#3770,#3771),.UNSPECIFIED.,.F.,
 .F.,(3,3),(0.,1.),.UNSPECIFIED.);
#29=B_SPLINE_CURVE_WITH_KNOTS('',2,(#3782,#3783,#3784,#3785),
 .UNSPECIFIED.,.F.,.F.,(3,1,3),(0.,1.,2.),.UNSPECIFIED.);
#30=B_SPLINE_CURVE_WITH_KNOTS('',2,(#3788,#3789,#3790,#3791),
 .UNSPECIFIED.,.F.,.F.,(3,1,3),(0.,1.,2.),.UNSPECIFIED.);
#31=B_SPLINE_CURVE_WITH_KNOTS('',2,(#3799,#3800,#3801),.UNSPECIFIED.,.F.,
 .F.,(3,3),(0.,1.),.UNSPECIFIED.);
#32=B_SPLINE_CURVE_WITH_KNOTS('',2,(#3804,#3805,#3806),.UNSPECIFIED.,.F.,
 .F.,(3,3),(0.,1.),.UNSPECIFIED.);
#33=B_SPLINE_CURVE_WITH_KNOTS('',2,(#3820,#3821,#3822),.UNSPECIFIED.,.F.,
 .F.,(3,3),(0.,1.),.UNSPECIFIED.);
#34=B_SPLINE_CURVE_WITH_KNOTS('',2,(#3825,#3826,#3827),.UNSPECIFIED.,.F.,
 .F.,(3,3),(0.,1.),.UNSPECIFIED.);
#35=B_SPLINE_CURVE_WITH_KNOTS('',2,(#3839,#3840,#3841,#3842,#3843),
 .UNSPECIFIED.,.F.,.F.,(3,1,1,3),(0.,1.,2.,3.),.UNSPECIFIED.);
#36=B_SPLINE_CURVE_WITH_KNOTS('',2,(#3846,#3847,#3848,#3849,#3850),
 .UNSPECIFIED.,.F.,.F.,(3,1,1,3),(0.,1.,2.,3.),.UNSPECIFIED.);
#37=B_SPLINE_CURVE_WITH_KNOTS('',2,(#3862,#3863,#3864,#3865,#3866),
 .UNSPECIFIED.,.F.,.F.,(3,1,1,3),(0.,1.,2.,3.),.UNSPECIFIED.);
#38=B_SPLINE_CURVE_WITH_KNOTS('',2,(#3869,#3870,#3871,#3872,#3873),
 .UNSPECIFIED.,.F.,.F.,(3,1,1,3),(0.,1.,2.,3.),.UNSPECIFIED.);
#39=B_SPLINE_CURVE_WITH_KNOTS('',2,(#3885,#3886,#3887,#3888,#3889),
 .UNSPECIFIED.,.F.,.F.,(3,1,1,3),(0.,1.,2.,3.),.UNSPECIFIED.);
#40=B_SPLINE_CURVE_WITH_KNOTS('',2,(#3892,#3893,#3894,#3895,#3896),
 .UNSPECIFIED.,.F.,.F.,(3,1,1,3),(0.,1.,2.,3.),.UNSPECIFIED.);
#41=B_SPLINE_CURVE_WITH_KNOTS('',2,(#3907,#3908,#3909,#3910,#3911),
 .UNSPECIFIED.,.F.,.F.,(3,1,1,3),(0.,1.,2.,3.),.UNSPECIFIED.);
#42=B_SPLINE_CURVE_WITH_KNOTS('',2,(#3912,#3913,#3914,#3915,#3916),
 .UNSPECIFIED.,.F.,.F.,(3,1,1,3),(0.,1.,2.,3.),.UNSPECIFIED.);
#43=B_SPLINE_CURVE_WITH_KNOTS('',2,(#3928,#3929,#3930,#3931),
 .UNSPECIFIED.,.F.,.F.,(3,1,3),(0.,1.,2.),.UNSPECIFIED.);
#44=B_SPLINE_CURVE_WITH_KNOTS('',2,(#3935,#3936,#3937,#3938),
 .UNSPECIFIED.,.F.,.F.,(3,1,3),(0.,1.,2.),.UNSPECIFIED.);
#45=B_SPLINE_CURVE_WITH_KNOTS('',2,(#3949,#3950,#3951,#3952),
 .UNSPECIFIED.,.F.,.F.,(3,1,3),(0.,1.,2.),.UNSPECIFIED.);
#46=B_SPLINE_CURVE_WITH_KNOTS('',2,(#3954,#3955,#3956,#3957),
 .UNSPECIFIED.,.F.,.F.,(3,1,3),(0.,1.,2.),.UNSPECIFIED.);
#47=B_SPLINE_CURVE_WITH_KNOTS('',2,(#3968,#3969,#3970,#3971),
 .UNSPECIFIED.,.F.,.F.,(3,1,3),(0.,1.,2.),.UNSPECIFIED.);
#48=B_SPLINE_CURVE_WITH_KNOTS('',2,(#3973,#3974,#3975,#3976),
 .UNSPECIFIED.,.F.,.F.,(3,1,3),(0.,1.,2.),.UNSPECIFIED.);
#49=B_SPLINE_CURVE_WITH_KNOTS('',2,(#3988,#3989,#3990,#3991,#3992),
 .UNSPECIFIED.,.F.,.F.,(3,1,1,3),(0.,1.,2.,3.),.UNSPECIFIED.);
#50=B_SPLINE_CURVE_WITH_KNOTS('',2,(#3993,#3994,#3995,#3996,#3997),
 .UNSPECIFIED.,.F.,.F.,(3,1,1,3),(0.,1.,2.,3.),.UNSPECIFIED.);
#51=B_SPLINE_CURVE_WITH_KNOTS('',2,(#4010,#4011,#4012,#4013,#4014),
 .UNSPECIFIED.,.F.,.F.,(3,1,1,3),(0.,1.,2.,3.),.UNSPECIFIED.);
#52=B_SPLINE_CURVE_WITH_KNOTS('',2,(#4018,#4019,#4020,#4021,#4022),
 .UNSPECIFIED.,.F.,.F.,(3,1,1,3),(0.,1.,2.,3.),.UNSPECIFIED.);
#53=B_SPLINE_CURVE_WITH_KNOTS('',2,(#4035,#4036,#4037,#4038,#4039),
 .UNSPECIFIED.,.F.,.F.,(3,1,1,3),(0.,1.,2.,3.),.UNSPECIFIED.);
#54=B_SPLINE_CURVE_WITH_KNOTS('',2,(#4042,#4043,#4044,#4045,#4046),
 .UNSPECIFIED.,.F.,.F.,(3,1,1,3),(0.,1.,2.,3.),.UNSPECIFIED.);
#55=B_SPLINE_CURVE_WITH_KNOTS('',2,(#4058,#4059,#4060,#4061,#4062),
 .UNSPECIFIED.,.F.,.F.,(3,1,1,3),(0.,1.,2.,3.),.UNSPECIFIED.);
#56=B_SPLINE_CURVE_WITH_KNOTS('',2,(#4065,#4066,#4067,#4068,#4069),
 .UNSPECIFIED.,.F.,.F.,(3,1,1,3),(0.,1.,2.,3.),.UNSPECIFIED.);
#57=B_SPLINE_CURVE_WITH_KNOTS('',2,(#4078,#4079,#4080,#4081),
 .UNSPECIFIED.,.F.,.F.,(3,1,3),(0.,1.,2.),.UNSPECIFIED.);
#58=B_SPLINE_CURVE_WITH_KNOTS('',2,(#4082,#4083,#4084,#4085),
 .UNSPECIFIED.,.F.,.F.,(3,1,3),(0.,1.,2.),.UNSPECIFIED.);
#59=B_SPLINE_CURVE_WITH_KNOTS('',2,(#4097,#4098,#4099,#4100),
 .UNSPECIFIED.,.F.,.F.,(3,1,3),(0.,1.,2.),.UNSPECIFIED.);
#60=B_SPLINE_CURVE_WITH_KNOTS('',2,(#4104,#4105,#4106,#4107),
 .UNSPECIFIED.,.F.,.F.,(3,1,3),(0.,1.,2.),.UNSPECIFIED.);
#61=B_SPLINE_CURVE_WITH_KNOTS('',2,(#4118,#4119,#4120,#4121),
 .UNSPECIFIED.,.F.,.F.,(3,1,3),(0.,1.,2.),.UNSPECIFIED.);
#62=B_SPLINE_CURVE_WITH_KNOTS('',2,(#4123,#4124,#4125,#4126),
 .UNSPECIFIED.,.F.,.F.,(3,1,3),(0.,1.,2.),.UNSPECIFIED.);
#63=B_SPLINE_CURVE_WITH_KNOTS('',2,(#4137,#4138,#4139,#4140),
 .UNSPECIFIED.,.F.,.F.,(3,1,3),(0.,1.,2.),.UNSPECIFIED.);
#64=B_SPLINE_CURVE_WITH_KNOTS('',2,(#4142,#4143,#4144,#4145),
 .UNSPECIFIED.,.F.,.F.,(3,1,3),(0.,1.,2.),.UNSPECIFIED.);
#65=B_SPLINE_CURVE_WITH_KNOTS('',2,(#4157,#4158,#4159,#4160,#4161),
 .UNSPECIFIED.,.F.,.F.,(3,1,1,3),(0.,1.,2.,3.),.UNSPECIFIED.);
#66=B_SPLINE_CURVE_WITH_KNOTS('',2,(#4162,#4163,#4164,#4165,#4166),
 .UNSPECIFIED.,.F.,.F.,(3,1,1,3),(0.,1.,2.,3.),.UNSPECIFIED.);
#67=B_SPLINE_CURVE_WITH_KNOTS('',2,(#4179,#4180,#4181,#4182,#4183),
 .UNSPECIFIED.,.F.,.F.,(3,1,1,3),(0.,1.,2.,3.),.UNSPECIFIED.);
#68=B_SPLINE_CURVE_WITH_KNOTS('',2,(#4187,#4188,#4189,#4190,#4191),
 .UNSPECIFIED.,.F.,.F.,(3,1,1,3),(0.,1.,2.,3.),.UNSPECIFIED.);
#69=B_SPLINE_CURVE_WITH_KNOTS('',2,(#4204,#4205,#4206,#4207,#4208),
 .UNSPECIFIED.,.F.,.F.,(3,1,1,3),(0.,1.,2.,3.),.UNSPECIFIED.);
#70=B_SPLINE_CURVE_WITH_KNOTS('',2,(#4211,#4212,#4213,#4214,#4215),
 .UNSPECIFIED.,.F.,.F.,(3,1,1,3),(0.,1.,2.,3.),.UNSPECIFIED.);
#71=B_SPLINE_CURVE_WITH_KNOTS('',2,(#4227,#4228,#4229,#4230,#4231),
 .UNSPECIFIED.,.F.,.F.,(3,1,1,3),(0.,1.,2.,3.),.UNSPECIFIED.);
#72=B_SPLINE_CURVE_WITH_KNOTS('',2,(#4234,#4235,#4236,#4237,#4238),
 .UNSPECIFIED.,.F.,.F.,(3,1,1,3),(0.,1.,2.,3.),.UNSPECIFIED.);
#73=B_SPLINE_CURVE_WITH_KNOTS('',2,(#4247,#4248,#4249,#4250),
 .UNSPECIFIED.,.F.,.F.,(3,1,3),(0.,1.,2.),.UNSPECIFIED.);
#74=B_SPLINE_CURVE_WITH_KNOTS('',2,(#4251,#4252,#4253,#4254),
 .UNSPECIFIED.,.F.,.F.,(3,1,3),(0.,1.,2.),.UNSPECIFIED.);
#75=B_SPLINE_CURVE_WITH_KNOTS('',2,(#4266,#4267,#4268,#4269),
 .UNSPECIFIED.,.F.,.F.,(3,1,3),(0.,1.,2.),.UNSPECIFIED.);
#76=B_SPLINE_CURVE_WITH_KNOTS('',2,(#4273,#4274,#4275,#4276),
 .UNSPECIFIED.,.F.,.F.,(3,1,3),(0.,1.,2.),.UNSPECIFIED.);
#77=B_SPLINE_CURVE_WITH_KNOTS('',2,(#4287,#4288,#4289,#4290),
 .UNSPECIFIED.,.F.,.F.,(3,1,3),(0.,1.,2.),.UNSPECIFIED.);
#78=B_SPLINE_CURVE_WITH_KNOTS('',2,(#4292,#4293,#4294,#4295),
 .UNSPECIFIED.,.F.,.F.,(3,1,3),(0.,1.,2.),.UNSPECIFIED.);
#79=B_SPLINE_CURVE_WITH_KNOTS('',2,(#4306,#4307,#4308,#4309),
 .UNSPECIFIED.,.F.,.F.,(3,1,3),(0.,1.,2.),.UNSPECIFIED.);
#80=B_SPLINE_CURVE_WITH_KNOTS('',2,(#4311,#4312,#4313,#4314),
 .UNSPECIFIED.,.F.,.F.,(3,1,3),(0.,1.,2.),.UNSPECIFIED.);
#81=B_SPLINE_CURVE_WITH_KNOTS('',2,(#4326,#4327,#4328,#4329,#4330),
 .UNSPECIFIED.,.F.,.F.,(3,1,1,3),(0.,1.,2.,3.),.UNSPECIFIED.);
#82=B_SPLINE_CURVE_WITH_KNOTS('',2,(#4331,#4332,#4333,#4334,#4335),
 .UNSPECIFIED.,.F.,.F.,(3,1,1,3),(0.,1.,2.,3.),.UNSPECIFIED.);
#83=B_SPLINE_CURVE_WITH_KNOTS('',2,(#4348,#4349,#4350,#4351,#4352),
 .UNSPECIFIED.,.F.,.F.,(3,1,1,3),(0.,1.,2.,3.),.UNSPECIFIED.);
#84=B_SPLINE_CURVE_WITH_KNOTS('',2,(#4356,#4357,#4358,#4359,#4360),
 .UNSPECIFIED.,.F.,.F.,(3,1,1,3),(0.,1.,2.,3.),.UNSPECIFIED.);
#85=B_SPLINE_CURVE_WITH_KNOTS('',2,(#4373,#4374,#4375,#4376,#4377),
 .UNSPECIFIED.,.F.,.F.,(3,1,1,3),(0.,1.,2.,3.),.UNSPECIFIED.);
#86=B_SPLINE_CURVE_WITH_KNOTS('',2,(#4380,#4381,#4382,#4383,#4384),
 .UNSPECIFIED.,.F.,.F.,(3,1,1,3),(0.,1.,2.,3.),.UNSPECIFIED.);
#87=B_SPLINE_CURVE_WITH_KNOTS('',2,(#4396,#4397,#4398,#4399,#4400),
 .UNSPECIFIED.,.F.,.F.,(3,1,1,3),(0.,1.,2.,3.),.UNSPECIFIED.);
#88=B_SPLINE_CURVE_WITH_KNOTS('',2,(#4403,#4404,#4405,#4406,#4407),
 .UNSPECIFIED.,.F.,.F.,(3,1,1,3),(0.,1.,2.,3.),.UNSPECIFIED.);
#89=B_SPLINE_CURVE_WITH_KNOTS('',2,(#4416,#4417,#4418,#4419),
 .UNSPECIFIED.,.F.,.F.,(3,1,3),(0.,1.,2.),.UNSPECIFIED.);
#90=B_SPLINE_CURVE_WITH_KNOTS('',2,(#4420,#4421,#4422,#4423),
 .UNSPECIFIED.,.F.,.F.,(3,1,3),(0.,1.,2.),.UNSPECIFIED.);
#91=B_SPLINE_CURVE_WITH_KNOTS('',2,(#4441,#4442,#4443,#4444),
 .UNSPECIFIED.,.F.,.F.,(3,1,3),(0.,1.,2.),.UNSPECIFIED.);
#92=B_SPLINE_CURVE_WITH_KNOTS('',2,(#4448,#4449,#4450,#4451),
 .UNSPECIFIED.,.F.,.F.,(3,1,3),(0.,1.,2.),.UNSPECIFIED.);
#93=B_SPLINE_CURVE_WITH_KNOTS('',2,(#4481,#4482,#4483,#4484,#4485),
 .UNSPECIFIED.,.F.,.F.,(3,1,1,3),(0.,1.,2.,3.),.UNSPECIFIED.);
#94=B_SPLINE_CURVE_WITH_KNOTS('',2,(#4486,#4487,#4488,#4489,#4490),
 .UNSPECIFIED.,.F.,.F.,(3,1,1,3),(0.,1.,2.,3.),.UNSPECIFIED.);
#95=B_SPLINE_CURVE_WITH_KNOTS('',2,(#4523,#4524,#4525,#4526,#4527),
 .UNSPECIFIED.,.F.,.F.,(3,1,1,3),(0.,1.,2.,3.),.UNSPECIFIED.);
#96=B_SPLINE_CURVE_WITH_KNOTS('',2,(#4530,#4531,#4532,#4533,#4534),
 .UNSPECIFIED.,.F.,.F.,(3,1,1,3),(0.,1.,2.,3.),.UNSPECIFIED.);
#97=B_SPLINE_CURVE_WITH_KNOTS('',2,(#4543,#4544,#4545,#4546),
 .UNSPECIFIED.,.F.,.F.,(3,1,3),(0.,1.,2.),.UNSPECIFIED.);
#98=B_SPLINE_CURVE_WITH_KNOTS('',2,(#4547,#4548,#4549,#4550),
 .UNSPECIFIED.,.F.,.F.,(3,1,3),(0.,1.,2.),.UNSPECIFIED.);
#99=B_SPLINE_CURVE_WITH_KNOTS('',2,(#4562,#4563,#4564,#4565),
 .UNSPECIFIED.,.F.,.F.,(3,1,3),(0.,1.,2.),.UNSPECIFIED.);
#100=B_SPLINE_CURVE_WITH_KNOTS('',2,(#4569,#4570,#4571,#4572),
 .UNSPECIFIED.,.F.,.F.,(3,1,3),(0.,1.,2.),.UNSPECIFIED.);
#101=B_SPLINE_CURVE_WITH_KNOTS('',2,(#4583,#4584,#4585,#4586),
 .UNSPECIFIED.,.F.,.F.,(3,1,3),(0.,1.,2.),.UNSPECIFIED.);
#102=B_SPLINE_CURVE_WITH_KNOTS('',2,(#4588,#4589,#4590,#4591),
 .UNSPECIFIED.,.F.,.F.,(3,1,3),(0.,1.,2.),.UNSPECIFIED.);
#103=B_SPLINE_CURVE_WITH_KNOTS('',2,(#4628,#4629,#4630,#4631,#4632),
 .UNSPECIFIED.,.F.,.F.,(3,1,1,3),(0.,1.,2.,3.),.UNSPECIFIED.);
#104=B_SPLINE_CURVE_WITH_KNOTS('',2,(#4635,#4636,#4637,#4638,#4639),
 .UNSPECIFIED.,.F.,.F.,(3,1,1,3),(0.,1.,2.,3.),.UNSPECIFIED.);
#105=B_SPLINE_CURVE_WITH_KNOTS('',2,(#4651,#4652,#4653,#4654,#4655),
 .UNSPECIFIED.,.F.,.F.,(3,1,1,3),(0.,1.,2.,3.),.UNSPECIFIED.);
#106=B_SPLINE_CURVE_WITH_KNOTS('',2,(#4658,#4659,#4660,#4661,#4662),
 .UNSPECIFIED.,.F.,.F.,(3,1,1,3),(0.,1.,2.,3.),.UNSPECIFIED.);
#107=B_SPLINE_SURFACE_WITH_KNOTS('',2,1,((#3664,#3665),(#3666,#3667),(#3668,
#3669),(#3670,#3671)),.UNSPECIFIED.,.F.,.F.,.F.,(3,1,3),(2,2),(-2.,-1.,
0.),(0.,0.000100000000000003),.UNSPECIFIED.);
#108=B_SPLINE_SURFACE_WITH_KNOTS('',2,1,((#3686,#3687),(#3688,#3689),(#3690,
#3691),(#3692,#3693)),.UNSPECIFIED.,.F.,.F.,.F.,(3,1,3),(2,2),(-2.,-1.,
0.),(0.,0.000100000000000003),.UNSPECIFIED.);
#109=B_SPLINE_SURFACE_WITH_KNOTS('',2,1,((#3705,#3706),(#3707,#3708),(#3709,
#3710)),.UNSPECIFIED.,.F.,.F.,.F.,(3,3),(2,2),(-1.,0.),(0.,0.000100000000000003),
 .UNSPECIFIED.);
#110=B_SPLINE_SURFACE_WITH_KNOTS('',2,1,((#3720,#3721),(#3722,#3723),(#3724,
#3725),(#3726,#3727)),.UNSPECIFIED.,.F.,.F.,.F.,(3,1,3),(2,2),(-2.,-1.,
0.),(0.,0.000100000000000003),.UNSPECIFIED.);
#111=B_SPLINE_SURFACE_WITH_KNOTS('',2,1,((#3739,#3740),(#3741,#3742),(#3743,
#3744),(#3745,#3746)),.UNSPECIFIED.,.F.,.F.,.F.,(3,1,3),(2,2),(-2.,-1.,
0.),(0.,0.000100000000000003),.UNSPECIFIED.);
#112=B_SPLINE_SURFACE_WITH_KNOTS('',2,1,((#3755,#3756),(#3757,#3758),(#3759,
#3760)),.UNSPECIFIED.,.F.,.F.,.F.,(3,3),(2,2),(0.,1.),(0.,0.000100000000000003),
 .UNSPECIFIED.);
#113=B_SPLINE_SURFACE_WITH_KNOTS('',2,1,((#3773,#3774),(#3775,#3776),(#3777,
#3778),(#3779,#3780)),.UNSPECIFIED.,.F.,.F.,.F.,(3,1,3),(2,2),(0.,1.,2.),
(0.,0.000100000000000003),.UNSPECIFIED.);
#114=B_SPLINE_SURFACE_WITH_KNOTS('',2,1,((#3792,#3793),(#3794,#3795),(#3796,
#3797)),.UNSPECIFIED.,.F.,.F.,.F.,(3,3),(2,2),(0.,1.),(0.,0.000100000000000003),
 .UNSPECIFIED.);
#115=B_SPLINE_SURFACE_WITH_KNOTS('',2,1,((#3813,#3814),(#3815,#3816),(#3817,
#3818)),.UNSPECIFIED.,.F.,.F.,.F.,(3,3),(2,2),(0.,1.),(0.,0.000100000000000003),
 .UNSPECIFIED.);
#116=B_SPLINE_SURFACE_WITH_KNOTS('',2,1,((#3828,#3829),(#3830,#3831),(#3832,
#3833),(#3834,#3835),(#3836,#3837)),.UNSPECIFIED.,.F.,.F.,.F.,(3,1,1,3),
(2,2),(0.,1.,2.,3.),(0.,0.000100000000000003),.UNSPECIFIED.);
#117=B_SPLINE_SURFACE_WITH_KNOTS('',2,1,((#3851,#3852),(#3853,#3854),(#3855,
#3856),(#3857,#3858),(#3859,#3860)),.UNSPECIFIED.,.F.,.F.,.F.,(3,1,1,3),
(2,2),(0.,1.,2.,3.),(0.,0.000100000000000003),.UNSPECIFIED.);
#118=B_SPLINE_SURFACE_WITH_KNOTS('',2,1,((#3874,#3875),(#3876,#3877),(#3878,
#3879),(#3880,#3881),(#3882,#3883)),.UNSPECIFIED.,.F.,.F.,.F.,(3,1,1,3),
(2,2),(0.,1.,2.,3.),(0.,0.000100000000000003),.UNSPECIFIED.);
#119=B_SPLINE_SURFACE_WITH_KNOTS('',2,1,((#3897,#3898),(#3899,#3900),(#3901,
#3902),(#3903,#3904),(#3905,#3906)),.UNSPECIFIED.,.F.,.F.,.F.,(3,1,1,3),
(2,2),(0.,1.,2.,3.),(0.,0.000100000000000003),.UNSPECIFIED.);
#120=B_SPLINE_SURFACE_WITH_KNOTS('',2,1,((#3918,#3919),(#3920,#3921),(#3922,
#3923),(#3924,#3925)),.UNSPECIFIED.,.F.,.F.,.F.,(3,1,3),(2,2),(-2.,-1.,
0.),(0.,0.000100000000000003),.UNSPECIFIED.);
#121=B_SPLINE_SURFACE_WITH_KNOTS('',2,1,((#3940,#3941),(#3942,#3943),(#3944,
#3945),(#3946,#3947)),.UNSPECIFIED.,.F.,.F.,.F.,(3,1,3),(2,2),(-2.,-1.,
0.),(0.,0.000100000000000003),.UNSPECIFIED.);
#122=B_SPLINE_SURFACE_WITH_KNOTS('',2,1,((#3959,#3960),(#3961,#3962),(#3963,
#3964),(#3965,#3966)),.UNSPECIFIED.,.F.,.F.,.F.,(3,1,3),(2,2),(-2.,-1.,
0.),(0.,0.000100000000000003),.UNSPECIFIED.);
#123=B_SPLINE_SURFACE_WITH_KNOTS('',2,1,((#3978,#3979),(#3980,#3981),(#3982,
#3983),(#3984,#3985),(#3986,#3987)),.UNSPECIFIED.,.F.,.F.,.F.,(3,1,1,3),
(2,2),(-3.,-2.,-1.,0.),(0.,0.000100000000000003),.UNSPECIFIED.);
#124=B_SPLINE_SURFACE_WITH_KNOTS('',2,1,((#3998,#3999),(#4000,#4001),(#4002,
#4003),(#4004,#4005),(#4006,#4007)),.UNSPECIFIED.,.F.,.F.,.F.,(3,1,1,3),
(2,2),(0.,1.,2.,3.),(0.,0.000100000000000003),.UNSPECIFIED.);
#125=B_SPLINE_SURFACE_WITH_KNOTS('',2,1,((#4024,#4025),(#4026,#4027),(#4028,
#4029),(#4030,#4031),(#4032,#4033)),.UNSPECIFIED.,.F.,.F.,.F.,(3,1,1,3),
(2,2),(0.,1.,2.,3.),(0.,0.000100000000000003),.UNSPECIFIED.);
#126=B_SPLINE_SURFACE_WITH_KNOTS('',2,1,((#4047,#4048),(#4049,#4050),(#4051,
#4052),(#4053,#4054),(#4055,#4056)),.UNSPECIFIED.,.F.,.F.,.F.,(3,1,1,3),
(2,2),(0.,1.,2.,3.),(0.,0.000100000000000003),.UNSPECIFIED.);
#127=B_SPLINE_SURFACE_WITH_KNOTS('',2,1,((#4070,#4071),(#4072,#4073),(#4074,
#4075),(#4076,#4077)),.UNSPECIFIED.,.F.,.F.,.F.,(3,1,3),(2,2),(0.,1.,2.),
(0.,0.000100000000000003),.UNSPECIFIED.);
#128=B_SPLINE_SURFACE_WITH_KNOTS('',2,1,((#4087,#4088),(#4089,#4090),(#4091,
#4092),(#4093,#4094)),.UNSPECIFIED.,.F.,.F.,.F.,(3,1,3),(2,2),(-2.,-1.,
0.),(0.,0.000100000000000003),.UNSPECIFIED.);
#129=B_SPLINE_SURFACE_WITH_KNOTS('',2,1,((#4109,#4110),(#4111,#4112),(#4113,
#4114),(#4115,#4116)),.UNSPECIFIED.,.F.,.F.,.F.,(3,1,3),(2,2),(-2.,-1.,
0.),(0.,0.000100000000000003),.UNSPECIFIED.);
#130=B_SPLINE_SURFACE_WITH_KNOTS('',2,1,((#4128,#4129),(#4130,#4131),(#4132,
#4133),(#4134,#4135)),.UNSPECIFIED.,.F.,.F.,.F.,(3,1,3),(2,2),(-2.,-1.,
0.),(0.,0.000100000000000003),.UNSPECIFIED.);
#131=B_SPLINE_SURFACE_WITH_KNOTS('',2,1,((#4147,#4148),(#4149,#4150),(#4151,
#4152),(#4153,#4154),(#4155,#4156)),.UNSPECIFIED.,.F.,.F.,.F.,(3,1,1,3),
(2,2),(-3.,-2.,-1.,0.),(0.,0.000100000000000003),.UNSPECIFIED.);
#132=B_SPLINE_SURFACE_WITH_KNOTS('',2,1,((#4167,#4168),(#4169,#4170),(#4171,
#4172),(#4173,#4174),(#4175,#4176)),.UNSPECIFIED.,.F.,.F.,.F.,(3,1,1,3),
(2,2),(0.,1.,2.,3.),(0.,0.000100000000000003),.UNSPECIFIED.);
#133=B_SPLINE_SURFACE_WITH_KNOTS('',2,1,((#4193,#4194),(#4195,#4196),(#4197,
#4198),(#4199,#4200),(#4201,#4202)),.UNSPECIFIED.,.F.,.F.,.F.,(3,1,1,3),
(2,2),(0.,1.,2.,3.),(0.,0.000100000000000003),.UNSPECIFIED.);
#134=B_SPLINE_SURFACE_WITH_KNOTS('',2,1,((#4216,#4217),(#4218,#4219),(#4220,
#4221),(#4222,#4223),(#4224,#4225)),.UNSPECIFIED.,.F.,.F.,.F.,(3,1,1,3),
(2,2),(0.,1.,2.,3.),(0.,0.000100000000000003),.UNSPECIFIED.);
#135=B_SPLINE_SURFACE_WITH_KNOTS('',2,1,((#4239,#4240),(#4241,#4242),(#4243,
#4244),(#4245,#4246)),.UNSPECIFIED.,.F.,.F.,.F.,(3,1,3),(2,2),(0.,1.,2.),
(0.,0.000100000000000003),.UNSPECIFIED.);
#136=B_SPLINE_SURFACE_WITH_KNOTS('',2,1,((#4256,#4257),(#4258,#4259),(#4260,
#4261),(#4262,#4263)),.UNSPECIFIED.,.F.,.F.,.F.,(3,1,3),(2,2),(-2.,-1.,
0.),(0.,0.000100000000000003),.UNSPECIFIED.);
#137=B_SPLINE_SURFACE_WITH_KNOTS('',2,1,((#4278,#4279),(#4280,#4281),(#4282,
#4283),(#4284,#4285)),.UNSPECIFIED.,.F.,.F.,.F.,(3,1,3),(2,2),(-2.,-1.,
0.),(0.,0.000100000000000003),.UNSPECIFIED.);
#138=B_SPLINE_SURFACE_WITH_KNOTS('',2,1,((#4297,#4298),(#4299,#4300),(#4301,
#4302),(#4303,#4304)),.UNSPECIFIED.,.F.,.F.,.F.,(3,1,3),(2,2),(-2.,-1.,
0.),(0.,0.000100000000000003),.UNSPECIFIED.);
#139=B_SPLINE_SURFACE_WITH_KNOTS('',2,1,((#4316,#4317),(#4318,#4319),(#4320,
#4321),(#4322,#4323),(#4324,#4325)),.UNSPECIFIED.,.F.,.F.,.F.,(3,1,1,3),
(2,2),(-3.,-2.,-1.,0.),(0.,0.000100000000000003),.UNSPECIFIED.);
#140=B_SPLINE_SURFACE_WITH_KNOTS('',2,1,((#4336,#4337),(#4338,#4339),(#4340,
#4341),(#4342,#4343),(#4344,#4345)),.UNSPECIFIED.,.F.,.F.,.F.,(3,1,1,3),
(2,2),(0.,1.,2.,3.),(0.,0.000100000000000003),.UNSPECIFIED.);
#141=B_SPLINE_SURFACE_WITH_KNOTS('',2,1,((#4362,#4363),(#4364,#4365),(#4366,
#4367),(#4368,#4369),(#4370,#4371)),.UNSPECIFIED.,.F.,.F.,.F.,(3,1,1,3),
(2,2),(0.,1.,2.,3.),(0.,0.000100000000000003),.UNSPECIFIED.);
#142=B_SPLINE_SURFACE_WITH_KNOTS('',2,1,((#4385,#4386),(#4387,#4388),(#4389,
#4390),(#4391,#4392),(#4393,#4394)),.UNSPECIFIED.,.F.,.F.,.F.,(3,1,1,3),
(2,2),(0.,1.,2.,3.),(0.,0.000100000000000003),.UNSPECIFIED.);
#143=B_SPLINE_SURFACE_WITH_KNOTS('',2,1,((#4408,#4409),(#4410,#4411),(#4412,
#4413),(#4414,#4415)),.UNSPECIFIED.,.F.,.F.,.F.,(3,1,3),(2,2),(0.,1.,2.),
(0.,0.000100000000000003),.UNSPECIFIED.);
#144=B_SPLINE_SURFACE_WITH_KNOTS('',2,1,((#4431,#4432),(#4433,#4434),(#4435,
#4436),(#4437,#4438)),.UNSPECIFIED.,.F.,.F.,.F.,(3,1,3),(2,2),(-2.,-1.,
0.),(0.,0.000100000000000003),.UNSPECIFIED.);
#145=B_SPLINE_SURFACE_WITH_KNOTS('',2,1,((#4471,#4472),(#4473,#4474),(#4475,
#4476),(#4477,#4478),(#4479,#4480)),.UNSPECIFIED.,.F.,.F.,.F.,(3,1,1,3),
(2,2),(-3.,-2.,-1.,0.),(0.,0.000100000000000003),.UNSPECIFIED.);
#146=B_SPLINE_SURFACE_WITH_KNOTS('',2,1,((#4512,#4513),(#4514,#4515),(#4516,
#4517),(#4518,#4519),(#4520,#4521)),.UNSPECIFIED.,.F.,.F.,.F.,(3,1,1,3),
(2,2),(0.,1.,2.,3.),(0.,0.000100000000000003),.UNSPECIFIED.);
#147=B_SPLINE_SURFACE_WITH_KNOTS('',2,1,((#4535,#4536),(#4537,#4538),(#4539,
#4540),(#4541,#4542)),.UNSPECIFIED.,.F.,.F.,.F.,(3,1,3),(2,2),(0.,1.,2.),
(0.,0.000100000000000003),.UNSPECIFIED.);
#148=B_SPLINE_SURFACE_WITH_KNOTS('',2,1,((#4552,#4553),(#4554,#4555),(#4556,
#4557),(#4558,#4559)),.UNSPECIFIED.,.F.,.F.,.F.,(3,1,3),(2,2),(-2.,-1.,
0.),(0.,0.000100000000000003),.UNSPECIFIED.);
#149=B_SPLINE_SURFACE_WITH_KNOTS('',2,1,((#4574,#4575),(#4576,#4577),(#4578,
#4579),(#4580,#4581)),.UNSPECIFIED.,.F.,.F.,.F.,(3,1,3),(2,2),(-2.,-1.,
0.),(0.,0.000100000000000003),.UNSPECIFIED.);
#150=B_SPLINE_SURFACE_WITH_KNOTS('',2,1,((#4617,#4618),(#4619,#4620),(#4621,
#4622),(#4623,#4624),(#4625,#4626)),.UNSPECIFIED.,.F.,.F.,.F.,(3,1,1,3),
(2,2),(0.,1.,2.,3.),(0.,0.000100000000000003),.UNSPECIFIED.);
#151=B_SPLINE_SURFACE_WITH_KNOTS('',2,1,((#4640,#4641),(#4642,#4643),(#4644,
#4645),(#4646,#4647),(#4648,#4649)),.UNSPECIFIED.,.F.,.F.,.F.,(3,1,1,3),
(2,2),(0.,1.,2.,3.),(0.,0.000100000000000003),.UNSPECIFIED.);
#152=FACE_BOUND('',#335,.T.);
#153=FACE_BOUND('',#351,.T.);
#154=FACE_BOUND('',#361,.T.);
#155=FACE_BOUND('',#371,.T.);
#156=FACE_BOUND('',#381,.T.);
#157=FACE_BOUND('',#383,.T.);
#158=FACE_BOUND('',#396,.T.);
#159=FACE_BOUND('',#414,.T.);
#160=FACE_BOUND('',#426,.T.);
#161=FACE_BOUND('',#427,.T.);
#162=FACE_BOUND('',#428,.T.);
#163=FACE_BOUND('',#429,.T.);
#164=FACE_BOUND('',#430,.T.);
#165=FACE_BOUND('',#431,.T.);
#166=FACE_BOUND('',#432,.T.);
#167=FACE_BOUND('',#433,.T.);
#168=FACE_BOUND('',#434,.T.);
#169=FACE_BOUND('',#484,.T.);
#170=FACE_OUTER_BOUND('',#321,.T.);
#171=FACE_OUTER_BOUND('',#322,.T.);
#172=FACE_OUTER_BOUND('',#323,.T.);
#173=FACE_OUTER_BOUND('',#324,.T.);
#174=FACE_OUTER_BOUND('',#325,.T.);
#175=FACE_OUTER_BOUND('',#326,.T.);
#176=FACE_OUTER_BOUND('',#327,.T.);
#177=FACE_OUTER_BOUND('',#328,.T.);
#178=FACE_OUTER_BOUND('',#329,.T.);
#179=FACE_OUTER_BOUND('',#330,.T.);
#180=FACE_OUTER_BOUND('',#331,.T.);
#181=FACE_OUTER_BOUND('',#332,.T.);
#182=FACE_OUTER_BOUND('',#333,.T.);
#183=FACE_OUTER_BOUND('',#334,.T.);
#184=FACE_OUTER_BOUND('',#336,.T.);
#185=FACE_OUTER_BOUND('',#337,.T.);
#186=FACE_OUTER_BOUND('',#338,.T.);
#187=FACE_OUTER_BOUND('',#339,.T.);
#188=FACE_OUTER_BOUND('',#340,.T.);
#189=FACE_OUTER_BOUND('',#341,.T.);
#190=FACE_OUTER_BOUND('',#342,.T.);
#191=FACE_OUTER_BOUND('',#343,.T.);
#192=FACE_OUTER_BOUND('',#344,.T.);
#193=FACE_OUTER_BOUND('',#345,.T.);
#194=FACE_OUTER_BOUND('',#346,.T.);
#195=FACE_OUTER_BOUND('',#347,.T.);
#196=FACE_OUTER_BOUND('',#348,.T.);
#197=FACE_OUTER_BOUND('',#349,.T.);
#198=FACE_OUTER_BOUND('',#350,.T.);
#199=FACE_OUTER_BOUND('',#352,.T.);
#200=FACE_OUTER_BOUND('',#353,.T.);
#201=FACE_OUTER_BOUND('',#354,.T.);
#202=FACE_OUTER_BOUND('',#355,.T.);
#203=FACE_OUTER_BOUND('',#356,.T.);
#204=FACE_OUTER_BOUND('',#357,.T.);
#205=FACE_OUTER_BOUND('',#358,.T.);
#206=FACE_OUTER_BOUND('',#359,.T.);
#207=FACE_OUTER_BOUND('',#360,.T.);
#208=FACE_OUTER_BOUND('',#362,.T.);
#209=FACE_OUTER_BOUND('',#363,.T.);
#210=FACE_OUTER_BOUND('',#364,.T.);
#211=FACE_OUTER_BOUND('',#365,.T.);
#212=FACE_OUTER_BOUND('',#366,.T.);
#213=FACE_OUTER_BOUND('',#367,.T.);
#214=FACE_OUTER_BOUND('',#368,.T.);
#215=FACE_OUTER_BOUND('',#369,.T.);
#216=FACE_OUTER_BOUND('',#370,.T.);
#217=FACE_OUTER_BOUND('',#372,.T.);
#218=FACE_OUTER_BOUND('',#373,.T.);
#219=FACE_OUTER_BOUND('',#374,.T.);
#220=FACE_OUTER_BOUND('',#375,.T.);
#221=FACE_OUTER_BOUND('',#376,.T.);
#222=FACE_OUTER_BOUND('',#377,.T.);
#223=FACE_OUTER_BOUND('',#378,.T.);
#224=FACE_OUTER_BOUND('',#379,.T.);
#225=FACE_OUTER_BOUND('',#380,.T.);
#226=FACE_OUTER_BOUND('',#382,.T.);
#227=FACE_OUTER_BOUND('',#384,.T.);
#228=FACE_OUTER_BOUND('',#385,.T.);
#229=FACE_OUTER_BOUND('',#386,.T.);
#230=FACE_OUTER_BOUND('',#387,.T.);
#231=FACE_OUTER_BOUND('',#388,.T.);
#232=FACE_OUTER_BOUND('',#389,.T.);
#233=FACE_OUTER_BOUND('',#390,.T.);
#234=FACE_OUTER_BOUND('',#391,.T.);
#235=FACE_OUTER_BOUND('',#392,.T.);
#236=FACE_OUTER_BOUND('',#393,.T.);
#237=FACE_OUTER_BOUND('',#394,.T.);
#238=FACE_OUTER_BOUND('',#395,.T.);
#239=FACE_OUTER_BOUND('',#397,.T.);
#240=FACE_OUTER_BOUND('',#398,.T.);
#241=FACE_OUTER_BOUND('',#399,.T.);
#242=FACE_OUTER_BOUND('',#400,.T.);
#243=FACE_OUTER_BOUND('',#401,.T.);
#244=FACE_OUTER_BOUND('',#402,.T.);
#245=FACE_OUTER_BOUND('',#403,.T.);
#246=FACE_OUTER_BOUND('',#404,.T.);
#247=FACE_OUTER_BOUND('',#405,.T.);
#248=FACE_OUTER_BOUND('',#406,.T.);
#249=FACE_OUTER_BOUND('',#407,.T.);
#250=FACE_OUTER_BOUND('',#408,.T.);
#251=FACE_OUTER_BOUND('',#409,.T.);
#252=FACE_OUTER_BOUND('',#410,.T.);
#253=FACE_OUTER_BOUND('',#411,.T.);
#254=FACE_OUTER_BOUND('',#412,.T.);
#255=FACE_OUTER_BOUND('',#413,.T.);
#256=FACE_OUTER_BOUND('',#415,.T.);
#257=FACE_OUTER_BOUND('',#416,.T.);
#258=FACE_OUTER_BOUND('',#417,.T.);
#259=FACE_OUTER_BOUND('',#418,.T.);
#260=FACE_OUTER_BOUND('',#419,.T.);
#261=FACE_OUTER_BOUND('',#420,.T.);
#262=FACE_OUTER_BOUND('',#421,.T.);
#263=FACE_OUTER_BOUND('',#422,.T.);
#264=FACE_OUTER_BOUND('',#423,.T.);
#265=FACE_OUTER_BOUND('',#424,.T.);
#266=FACE_OUTER_BOUND('',#425,.T.);
#267=FACE_OUTER_BOUND('',#435,.T.);
#268=FACE_OUTER_BOUND('',#436,.T.);
#269=FACE_OUTER_BOUND('',#437,.T.);
#270=FACE_OUTER_BOUND('',#438,.T.);
#271=FACE_OUTER_BOUND('',#439,.T.);
#272=FACE_OUTER_BOUND('',#440,.T.);
#273=FACE_OUTER_BOUND('',#441,.T.);
#274=FACE_OUTER_BOUND('',#442,.T.);
#275=FACE_OUTER_BOUND('',#443,.T.);
#276=FACE_OUTER_BOUND('',#444,.T.);
#277=FACE_OUTER_BOUND('',#445,.T.);
#278=FACE_OUTER_BOUND('',#446,.T.);
#279=FACE_OUTER_BOUND('',#447,.T.);
#280=FACE_OUTER_BOUND('',#448,.T.);
#281=FACE_OUTER_BOUND('',#449,.T.);
#282=FACE_OUTER_BOUND('',#450,.T.);
#283=FACE_OUTER_BOUND('',#451,.T.);
#284=FACE_OUTER_BOUND('',#452,.T.);
#285=FACE_OUTER_BOUND('',#453,.T.);
#286=FACE_OUTER_BOUND('',#454,.T.);
#287=FACE_OUTER_BOUND('',#455,.T.);
#288=FACE_OUTER_BOUND('',#456,.T.);
#289=FACE_OUTER_BOUND('',#457,.T.);
#290=FACE_OUTER_BOUND('',#458,.T.);
#291=FACE_OUTER_BOUND('',#459,.T.);
#292=FACE_OUTER_BOUND('',#460,.T.);
#293=FACE_OUTER_BOUND('',#461,.T.);
#294=FACE_OUTER_BOUND('',#462,.T.);
#295=FACE_OUTER_BOUND('',#463,.T.);
#296=FACE_OUTER_BOUND('',#464,.T.);
#297=FACE_OUTER_BOUND('',#465,.T.);
#298=FACE_OUTER_BOUND('',#466,.T.);
#299=FACE_OUTER_BOUND('',#467,.T.);
#300=FACE_OUTER_BOUND('',#468,.T.);
#301=FACE_OUTER_BOUND('',#469,.T.);
#302=FACE_OUTER_BOUND('',#470,.T.);
#303=FACE_OUTER_BOUND('',#471,.T.);
#304=FACE_OUTER_BOUND('',#472,.T.);
#305=FACE_OUTER_BOUND('',#473,.T.);
#306=FACE_OUTER_BOUND('',#474,.T.);
#307=FACE_OUTER_BOUND('',#475,.T.);
#308=FACE_OUTER_BOUND('',#476,.T.);
#309=FACE_OUTER_BOUND('',#477,.T.);
#310=FACE_OUTER_BOUND('',#478,.T.);
#311=FACE_OUTER_BOUND('',#479,.T.);
#312=FACE_OUTER_BOUND('',#480,.T.);
#313=FACE_OUTER_BOUND('',#481,.T.);
#314=FACE_OUTER_BOUND('',#482,.T.);
#315=FACE_OUTER_BOUND('',#483,.T.);
#316=FACE_OUTER_BOUND('',#485,.T.);
#317=FACE_OUTER_BOUND('',#486,.T.);
#318=FACE_OUTER_BOUND('',#487,.T.);
#319=FACE_OUTER_BOUND('',#488,.T.);
#320=FACE_OUTER_BOUND('',#489,.T.);
#321=EDGE_LOOP('',(#1755,#1756,#1757,#1758));
#322=EDGE_LOOP('',(#1759,#1760,#1761,#1762));
#323=EDGE_LOOP('',(#1763,#1764,#1765,#1766));
#324=EDGE_LOOP('',(#1767,#1768,#1769,#1770));
#325=EDGE_LOOP('',(#1771,#1772,#1773,#1774));
#326=EDGE_LOOP('',(#1775,#1776,#1777,#1778));
#327=EDGE_LOOP('',(#1779,#1780,#1781,#1782));
#328=EDGE_LOOP('',(#1783,#1784,#1785,#1786));
#329=EDGE_LOOP('',(#1787,#1788,#1789,#1790));
#330=EDGE_LOOP('',(#1791,#1792,#1793,#1794));
#331=EDGE_LOOP('',(#1795,#1796,#1797,#1798));
#332=EDGE_LOOP('',(#1799,#1800,#1801,#1802));
#333=EDGE_LOOP('',(#1803,#1804,#1805,#1806));
#334=EDGE_LOOP('',(#1807,#1808,#1809,#1810,#1811,#1812,#1813,#1814,#1815,
#1816));
#335=EDGE_LOOP('',(#1817,#1818,#1819));
#336=EDGE_LOOP('',(#1820,#1821,#1822,#1823));
#337=EDGE_LOOP('',(#1824,#1825,#1826,#1827));
#338=EDGE_LOOP('',(#1828,#1829,#1830,#1831));
#339=EDGE_LOOP('',(#1832,#1833,#1834,#1835));
#340=EDGE_LOOP('',(#1836,#1837,#1838,#1839));
#341=EDGE_LOOP('',(#1840,#1841,#1842,#1843));
#342=EDGE_LOOP('',(#1844,#1845,#1846,#1847));
#343=EDGE_LOOP('',(#1848,#1849,#1850,#1851));
#344=EDGE_LOOP('',(#1852,#1853,#1854,#1855));
#345=EDGE_LOOP('',(#1856,#1857,#1858,#1859));
#346=EDGE_LOOP('',(#1860,#1861,#1862,#1863));
#347=EDGE_LOOP('',(#1864,#1865,#1866,#1867));
#348=EDGE_LOOP('',(#1868,#1869,#1870,#1871));
#349=EDGE_LOOP('',(#1872,#1873,#1874,#1875));
#350=EDGE_LOOP('',(#1876,#1877,#1878,#1879,#1880,#1881,#1882,#1883,#1884));
#351=EDGE_LOOP('',(#1885,#1886,#1887,#1888,#1889));
#352=EDGE_LOOP('',(#1890,#1891,#1892,#1893));
#353=EDGE_LOOP('',(#1894,#1895,#1896,#1897));
#354=EDGE_LOOP('',(#1898,#1899,#1900,#1901));
#355=EDGE_LOOP('',(#1902,#1903,#1904,#1905));
#356=EDGE_LOOP('',(#1906,#1907,#1908,#1909));
#357=EDGE_LOOP('',(#1910,#1911,#1912,#1913));
#358=EDGE_LOOP('',(#1914,#1915,#1916,#1917));
#359=EDGE_LOOP('',(#1918,#1919,#1920,#1921));
#360=EDGE_LOOP('',(#1922,#1923,#1924,#1925));
#361=EDGE_LOOP('',(#1926,#1927,#1928,#1929));
#362=EDGE_LOOP('',(#1930,#1931,#1932,#1933));
#363=EDGE_LOOP('',(#1934,#1935,#1936,#1937));
#364=EDGE_LOOP('',(#1938,#1939,#1940,#1941));
#365=EDGE_LOOP('',(#1942,#1943,#1944,#1945));
#366=EDGE_LOOP('',(#1946,#1947,#1948,#1949));
#367=EDGE_LOOP('',(#1950,#1951,#1952,#1953));
#368=EDGE_LOOP('',(#1954,#1955,#1956,#1957));
#369=EDGE_LOOP('',(#1958,#1959,#1960,#1961));
#370=EDGE_LOOP('',(#1962,#1963,#1964,#1965));
#371=EDGE_LOOP('',(#1966,#1967,#1968,#1969));
#372=EDGE_LOOP('',(#1970,#1971,#1972,#1973));
#373=EDGE_LOOP('',(#1974,#1975,#1976,#1977));
#374=EDGE_LOOP('',(#1978,#1979,#1980,#1981));
#375=EDGE_LOOP('',(#1982,#1983,#1984,#1985));
#376=EDGE_LOOP('',(#1986,#1987,#1988,#1989));
#377=EDGE_LOOP('',(#1990,#1991,#1992,#1993));
#378=EDGE_LOOP('',(#1994,#1995,#1996,#1997));
#379=EDGE_LOOP('',(#1998,#1999,#2000,#2001));
#380=EDGE_LOOP('',(#2002,#2003,#2004,#2005));
#381=EDGE_LOOP('',(#2006,#2007,#2008,#2009));
#382=EDGE_LOOP('',(#2010));
#383=EDGE_LOOP('',(#2011));
#384=EDGE_LOOP('',(#2012));
#385=EDGE_LOOP('',(#2013,#2014,#2015,#2016));
#386=EDGE_LOOP('',(#2017,#2018,#2019,#2020));
#387=EDGE_LOOP('',(#2021,#2022,#2023,#2024));
#388=EDGE_LOOP('',(#2025,#2026,#2027,#2028));
#389=EDGE_LOOP('',(#2029,#2030,#2031,#2032));
#390=EDGE_LOOP('',(#2033,#2034,#2035,#2036));
#391=EDGE_LOOP('',(#2037,#2038,#2039,#2040));
#392=EDGE_LOOP('',(#2041,#2042,#2043,#2044));
#393=EDGE_LOOP('',(#2045,#2046,#2047,#2048));
#394=EDGE_LOOP('',(#2049,#2050,#2051,#2052));
#395=EDGE_LOOP('',(#2053,#2054,#2055,#2056,#2057));
#396=EDGE_LOOP('',(#2058,#2059,#2060,#2061,#2062));
#397=EDGE_LOOP('',(#2063,#2064,#2065,#2066));
#398=EDGE_LOOP('',(#2067,#2068,#2069,#2070));
#399=EDGE_LOOP('',(#2071,#2072,#2073,#2074));
#400=EDGE_LOOP('',(#2075,#2076,#2077,#2078));
#401=EDGE_LOOP('',(#2079,#2080,#2081,#2082));
#402=EDGE_LOOP('',(#2083,#2084,#2085,#2086));
#403=EDGE_LOOP('',(#2087,#2088,#2089,#2090));
#404=EDGE_LOOP('',(#2091,#2092,#2093,#2094));
#405=EDGE_LOOP('',(#2095,#2096,#2097,#2098));
#406=EDGE_LOOP('',(#2099,#2100,#2101,#2102));
#407=EDGE_LOOP('',(#2103,#2104,#2105,#2106));
#408=EDGE_LOOP('',(#2107,#2108,#2109,#2110));
#409=EDGE_LOOP('',(#2111,#2112,#2113,#2114));
#410=EDGE_LOOP('',(#2115,#2116,#2117,#2118));
#411=EDGE_LOOP('',(#2119,#2120,#2121,#2122));
#412=EDGE_LOOP('',(#2123,#2124,#2125,#2126));
#413=EDGE_LOOP('',(#2127,#2128,#2129,#2130,#2131,#2132,#2133,#2134,#2135,
#2136,#2137));
#414=EDGE_LOOP('',(#2138,#2139,#2140,#2141,#2142));
#415=EDGE_LOOP('',(#2143,#2144,#2145,#2146));
#416=EDGE_LOOP('',(#2147,#2148,#2149,#2150));
#417=EDGE_LOOP('',(#2151,#2152,#2153,#2154));
#418=EDGE_LOOP('',(#2155,#2156,#2157,#2158));
#419=EDGE_LOOP('',(#2159,#2160,#2161,#2162));
#420=EDGE_LOOP('',(#2163,#2164,#2165,#2166));
#421=EDGE_LOOP('',(#2167,#2168,#2169,#2170));
#422=EDGE_LOOP('',(#2171,#2172,#2173,#2174));
#423=EDGE_LOOP('',(#2175,#2176,#2177,#2178));
#424=EDGE_LOOP('',(#2179,#2180,#2181,#2182,#2183,#2184,#2185,#2186,#2187));
#425=EDGE_LOOP('',(#2188,#2189,#2190,#2191));
#426=EDGE_LOOP('',(#2192,#2193,#2194,#2195,#2196,#2197,#2198,#2199,#2200));
#427=EDGE_LOOP('',(#2201,#2202,#2203,#2204,#2205,#2206,#2207,#2208,#2209,
#2210,#2211));
#428=EDGE_LOOP('',(#2212,#2213,#2214,#2215,#2216));
#429=EDGE_LOOP('',(#2217));
#430=EDGE_LOOP('',(#2218,#2219,#2220,#2221));
#431=EDGE_LOOP('',(#2222,#2223,#2224,#2225));
#432=EDGE_LOOP('',(#2226,#2227,#2228,#2229));
#433=EDGE_LOOP('',(#2230,#2231,#2232,#2233,#2234,#2235,#2236,#2237,#2238));
#434=EDGE_LOOP('',(#2239,#2240,#2241,#2242,#2243,#2244,#2245,#2246,#2247,
#2248));
#435=EDGE_LOOP('',(#2249,#2250,#2251,#2252,#2253));
#436=EDGE_LOOP('',(#2254,#2255,#2256,#2257,#2258));
#437=EDGE_LOOP('',(#2259,#2260,#2261,#2262));
#438=EDGE_LOOP('',(#2263,#2264,#2265,#2266));
#439=EDGE_LOOP('',(#2267,#2268,#2269,#2270));
#440=EDGE_LOOP('',(#2271,#2272,#2273,#2274,#2275));
#441=EDGE_LOOP('',(#2276,#2277,#2278,#2279));
#442=EDGE_LOOP('',(#2280,#2281,#2282,#2283));
#443=EDGE_LOOP('',(#2284,#2285,#2286,#2287));
#444=EDGE_LOOP('',(#2288,#2289,#2290,#2291));
#445=EDGE_LOOP('',(#2292,#2293,#2294,#2295));
#446=EDGE_LOOP('',(#2296,#2297,#2298,#2299,#2300));
#447=EDGE_LOOP('',(#2301,#2302,#2303,#2304));
#448=EDGE_LOOP('',(#2305,#2306,#2307,#2308,#2309,#2310));
#449=EDGE_LOOP('',(#2311,#2312,#2313,#2314));
#450=EDGE_LOOP('',(#2315,#2316,#2317,#2318,#2319,#2320));
#451=EDGE_LOOP('',(#2321,#2322,#2323,#2324));
#452=EDGE_LOOP('',(#2325,#2326,#2327,#2328));
#453=EDGE_LOOP('',(#2329,#2330,#2331,#2332));
#454=EDGE_LOOP('',(#2333,#2334,#2335,#2336,#2337,#2338));
#455=EDGE_LOOP('',(#2339,#2340,#2341,#2342));
#456=EDGE_LOOP('',(#2343,#2344,#2345,#2346,#2347,#2348));
#457=EDGE_LOOP('',(#2349,#2350,#2351,#2352));
#458=EDGE_LOOP('',(#2353,#2354,#2355,#2356));
#459=EDGE_LOOP('',(#2357,#2358,#2359,#2360));
#460=EDGE_LOOP('',(#2361,#2362,#2363,#2364,#2365,#2366));
#461=EDGE_LOOP('',(#2367,#2368,#2369,#2370));
#462=EDGE_LOOP('',(#2371,#2372,#2373,#2374,#2375,#2376));
#463=EDGE_LOOP('',(#2377,#2378,#2379,#2380));
#464=EDGE_LOOP('',(#2381,#2382,#2383,#2384));
#465=EDGE_LOOP('',(#2385,#2386,#2387,#2388));
#466=EDGE_LOOP('',(#2389,#2390,#2391,#2392,#2393,#2394));
#467=EDGE_LOOP('',(#2395,#2396,#2397,#2398));
#468=EDGE_LOOP('',(#2399,#2400,#2401,#2402));
#469=EDGE_LOOP('',(#2403,#2404,#2405,#2406,#2407,#2408));
#470=EDGE_LOOP('',(#2409,#2410,#2411,#2412));
#471=EDGE_LOOP('',(#2413,#2414,#2415,#2416));
#472=EDGE_LOOP('',(#2417,#2418,#2419,#2420,#2421,#2422));
#473=EDGE_LOOP('',(#2423,#2424,#2425,#2426));
#474=EDGE_LOOP('',(#2427,#2428,#2429,#2430));
#475=EDGE_LOOP('',(#2431,#2432,#2433,#2434,#2435,#2436));
#476=EDGE_LOOP('',(#2437,#2438,#2439,#2440));
#477=EDGE_LOOP('',(#2441,#2442,#2443,#2444));
#478=EDGE_LOOP('',(#2445,#2446,#2447,#2448,#2449,#2450));
#479=EDGE_LOOP('',(#2451,#2452,#2453,#2454));
#480=EDGE_LOOP('',(#2455,#2456,#2457,#2458));
#481=EDGE_LOOP('',(#2459,#2460,#2461,#2462,#2463,#2464));
#482=EDGE_LOOP('',(#2465,#2466,#2467,#2468));
#483=EDGE_LOOP('',(#2469,#2470,#2471,#2472,#2473,#2474,#2475,#2476,#2477,
#2478,#2479,#2480,#2481,#2482,#2483,#2484,#2485,#2486,#2487,#2488,#2489,
#2490,#2491,#2492,#2493,#2494,#2495,#2496));
#484=EDGE_LOOP('',(#2497,#2498,#2499,#2500,#2501));
#485=EDGE_LOOP('',(#2502,#2503,#2504,#2505,#2506,#2507,#2508,#2509,#2510,
#2511,#2512,#2513,#2514,#2515,#2516,#2517));
#486=EDGE_LOOP('',(#2518,#2519,#2520,#2521));
#487=EDGE_LOOP('',(#2522,#2523,#2524,#2525,#2526,#2527,#2528,#2529,#2530,
#2531,#2532,#2533,#2534,#2535,#2536,#2537));
#488=EDGE_LOOP('',(#2538,#2539,#2540,#2541));
#489=EDGE_LOOP('',(#2542,#2543,#2544));
#490=LINE('',#3588,#793);
#491=LINE('',#3590,#794);
#492=LINE('',#3592,#795);
#493=LINE('',#3593,#796);
#494=LINE('',#3596,#797);
#495=LINE('',#3598,#798);
#496=LINE('',#3599,#799);
#497=LINE('',#3601,#800);
#498=LINE('',#3602,#801);
#499=LINE('',#3606,#802);
#500=LINE('',#3608,#803);
#501=LINE('',#3610,#804);
#502=LINE('',#3611,#805);
#503=LINE('',#3614,#806);
#504=LINE('',#3616,#807);
#505=LINE('',#3617,#808);
#506=LINE('',#3620,#809);
#507=LINE('',#3622,#810);
#508=LINE('',#3623,#811);
#509=LINE('',#3626,#812);
#510=LINE('',#3628,#813);
#511=LINE('',#3629,#814);
#512=LINE('',#3632,#815);
#513=LINE('',#3634,#816);
#514=LINE('',#3635,#817);
#515=LINE('',#3638,#818);
#516=LINE('',#3640,#819);
#517=LINE('',#3641,#820);
#518=LINE('',#3644,#821);
#519=LINE('',#3646,#822);
#520=LINE('',#3647,#823);
#521=LINE('',#3650,#824);
#522=LINE('',#3652,#825);
#523=LINE('',#3653,#826);
#524=LINE('',#3656,#827);
#525=LINE('',#3658,#828);
#526=LINE('',#3659,#829);
#527=LINE('',#3661,#830);
#528=LINE('',#3662,#831);
#529=LINE('',#3679,#832);
#530=LINE('',#3685,#833);
#531=LINE('',#3704,#834);
#532=LINE('',#3719,#835);
#533=LINE('',#3738,#836);
#534=LINE('',#3767,#837);
#535=LINE('',#3772,#838);
#536=LINE('',#3787,#839);
#537=LINE('',#3803,#840);
#538=LINE('',#3809,#841);
#539=LINE('',#3811,#842);
#540=LINE('',#3812,#843);
#541=LINE('',#3824,#844);
#542=LINE('',#3845,#845);
#543=LINE('',#3868,#846);
#544=LINE('',#3891,#847);
#545=LINE('',#3933,#848);
#546=LINE('',#3939,#849);
#547=LINE('',#3958,#850);
#548=LINE('',#3977,#851);
#549=LINE('',#4016,#852);
#550=LINE('',#4023,#853);
#551=LINE('',#4041,#854);
#552=LINE('',#4064,#855);
#553=LINE('',#4102,#856);
#554=LINE('',#4108,#857);
#555=LINE('',#4127,#858);
#556=LINE('',#4146,#859);
#557=LINE('',#4185,#860);
#558=LINE('',#4192,#861);
#559=LINE('',#4210,#862);
#560=LINE('',#4233,#863);
#561=LINE('',#4271,#864);
#562=LINE('',#4277,#865);
#563=LINE('',#4296,#866);
#564=LINE('',#4315,#867);
#565=LINE('',#4354,#868);
#566=LINE('',#4361,#869);
#567=LINE('',#4379,#870);
#568=LINE('',#4402,#871);
#569=LINE('',#4446,#872);
#570=LINE('',#4452,#873);
#571=LINE('',#4455,#874);
#572=LINE('',#4457,#875);
#573=LINE('',#4458,#876);
#574=LINE('',#4461,#877);
#575=LINE('',#4463,#878);
#576=LINE('',#4464,#879);
#577=LINE('',#4467,#880);
#578=LINE('',#4469,#881);
#579=LINE('',#4470,#882);
#580=LINE('',#4494,#883);
#581=LINE('',#4496,#884);
#582=LINE('',#4498,#885);
#583=LINE('',#4499,#886);
#584=LINE('',#4502,#887);
#585=LINE('',#4504,#888);
#586=LINE('',#4505,#889);
#587=LINE('',#4508,#890);
#588=LINE('',#4510,#891);
#589=LINE('',#4511,#892);
#590=LINE('',#4529,#893);
#591=LINE('',#4567,#894);
#592=LINE('',#4573,#895);
#593=LINE('',#4592,#896);
#594=LINE('',#4595,#897);
#595=LINE('',#4597,#898);
#596=LINE('',#4598,#899);
#597=LINE('',#4601,#900);
#598=LINE('',#4603,#901);
#599=LINE('',#4604,#902);
#600=LINE('',#4606,#903);
#601=LINE('',#4607,#904);
#602=LINE('',#4611,#905);
#603=LINE('',#4613,#906);
#604=LINE('',#4615,#907);
#605=LINE('',#4616,#908);
#606=LINE('',#4634,#909);
#607=LINE('',#4657,#910);
#608=LINE('',#4665,#911);
#609=LINE('',#4667,#912);
#610=LINE('',#4668,#913);
#611=LINE('',#4671,#914);
#612=LINE('',#4673,#915);
#613=LINE('',#4674,#916);
#614=LINE('',#4677,#917);
#615=LINE('',#4679,#918);
#616=LINE('',#4680,#919);
#617=LINE('',#4683,#920);
#618=LINE('',#4685,#921);
#619=LINE('',#4686,#922);
#620=LINE('',#4689,#923);
#621=LINE('',#4691,#924);
#622=LINE('',#4692,#925);
#623=LINE('',#4695,#926);
#624=LINE('',#4697,#927);
#625=LINE('',#4698,#928);
#626=LINE('',#4701,#929);
#627=LINE('',#4703,#930);
#628=LINE('',#4704,#931);
#629=LINE('',#4706,#932);
#630=LINE('',#4707,#933);
#631=LINE('',#4712,#934);
#632=LINE('',#4714,#935);
#633=LINE('',#4716,#936);
#634=LINE('',#4717,#937);
#635=LINE('',#4720,#938);
#636=LINE('',#4722,#939);
#637=LINE('',#4723,#940);
#638=LINE('',#4726,#941);
#639=LINE('',#4728,#942);
#640=LINE('',#4729,#943);
#641=LINE('',#4732,#944);
#642=LINE('',#4734,#945);
#643=LINE('',#4735,#946);
#644=LINE('',#4738,#947);
#645=LINE('',#4740,#948);
#646=LINE('',#4741,#949);
#647=LINE('',#4744,#950);
#648=LINE('',#4746,#951);
#649=LINE('',#4747,#952);
#650=LINE('',#4750,#953);
#651=LINE('',#4752,#954);
#652=LINE('',#4753,#955);
#653=LINE('',#4756,#956);
#654=LINE('',#4758,#957);
#655=LINE('',#4759,#958);
#656=LINE('',#4761,#959);
#657=LINE('',#4762,#960);
#658=LINE('',#4767,#961);
#659=LINE('',#4769,#962);
#660=LINE('',#4771,#963);
#661=LINE('',#4772,#964);
#662=LINE('',#4782,#965);
#663=LINE('',#4784,#966);
#664=LINE('',#4786,#967);
#665=LINE('',#4787,#968);
#666=LINE('',#4790,#969);
#667=LINE('',#4792,#970);
#668=LINE('',#4793,#971);
#669=LINE('',#4797,#972);
#670=LINE('',#4799,#973);
#671=LINE('',#4801,#974);
#672=LINE('',#4802,#975);
#673=LINE('',#4804,#976);
#674=LINE('',#4805,#977);
#675=LINE('',#4807,#978);
#676=LINE('',#4808,#979);
#677=LINE('',#4813,#980);
#678=LINE('',#4815,#981);
#679=LINE('',#4817,#982);
#680=LINE('',#4818,#983);
#681=LINE('',#4821,#984);
#682=LINE('',#4823,#985);
#683=LINE('',#4825,#986);
#684=LINE('',#4827,#987);
#685=LINE('',#4828,#988);
#686=LINE('',#4831,#989);
#687=LINE('',#4832,#990);
#688=LINE('',#4835,#991);
#689=LINE('',#4837,#992);
#690=LINE('',#4839,#993);
#691=LINE('',#4840,#994);
#692=LINE('',#4842,#995);
#693=LINE('',#4843,#996);
#694=LINE('',#4848,#997);
#695=LINE('',#4850,#998);
#696=LINE('',#4852,#999);
#697=LINE('',#4853,#1000);
#698=LINE('',#4856,#1001);
#699=LINE('',#4858,#1002);
#700=LINE('',#4860,#1003);
#701=LINE('',#4862,#1004);
#702=LINE('',#4863,#1005);
#703=LINE('',#4866,#1006);
#704=LINE('',#4867,#1007);
#705=LINE('',#4870,#1008);
#706=LINE('',#4872,#1009);
#707=LINE('',#4874,#1010);
#708=LINE('',#4875,#1011);
#709=LINE('',#4877,#1012);
#710=LINE('',#4878,#1013);
#711=LINE('',#4883,#1014);
#712=LINE('',#4885,#1015);
#713=LINE('',#4887,#1016);
#714=LINE('',#4888,#1017);
#715=LINE('',#4891,#1018);
#716=LINE('',#4893,#1019);
#717=LINE('',#4895,#1020);
#718=LINE('',#4897,#1021);
#719=LINE('',#4898,#1022);
#720=LINE('',#4901,#1023);
#721=LINE('',#4902,#1024);
#722=LINE('',#4905,#1025);
#723=LINE('',#4907,#1026);
#724=LINE('',#4909,#1027);
#725=LINE('',#4910,#1028);
#726=LINE('',#4912,#1029);
#727=LINE('',#4913,#1030);
#728=LINE('',#4918,#1031);
#729=LINE('',#4920,#1032);
#730=LINE('',#4922,#1033);
#731=LINE('',#4923,#1034);
#732=LINE('',#4926,#1035);
#733=LINE('',#4928,#1036);
#734=LINE('',#4930,#1037);
#735=LINE('',#4932,#1038);
#736=LINE('',#4933,#1039);
#737=LINE('',#4936,#1040);
#738=LINE('',#4937,#1041);
#739=LINE('',#4940,#1042);
#740=LINE('',#4942,#1043);
#741=LINE('',#4943,#1044);
#742=LINE('',#4946,#1045);
#743=LINE('',#4947,#1046);
#744=LINE('',#4948,#1047);
#745=LINE('',#4953,#1048);
#746=LINE('',#4955,#1049);
#747=LINE('',#4957,#1050);
#748=LINE('',#4958,#1051);
#749=LINE('',#4961,#1052);
#750=LINE('',#4963,#1053);
#751=LINE('',#4965,#1054);
#752=LINE('',#4967,#1055);
#753=LINE('',#4968,#1056);
#754=LINE('',#4971,#1057);
#755=LINE('',#4972,#1058);
#756=LINE('',#4975,#1059);
#757=LINE('',#4977,#1060);
#758=LINE('',#4978,#1061);
#759=LINE('',#4981,#1062);
#760=LINE('',#4982,#1063);
#761=LINE('',#4983,#1064);
#762=LINE('',#4988,#1065);
#763=LINE('',#4990,#1066);
#764=LINE('',#4992,#1067);
#765=LINE('',#4993,#1068);
#766=LINE('',#4996,#1069);
#767=LINE('',#4998,#1070);
#768=LINE('',#5000,#1071);
#769=LINE('',#5002,#1072);
#770=LINE('',#5003,#1073);
#771=LINE('',#5006,#1074);
#772=LINE('',#5007,#1075);
#773=LINE('',#5010,#1076);
#774=LINE('',#5012,#1077);
#775=LINE('',#5013,#1078);
#776=LINE('',#5016,#1079);
#777=LINE('',#5017,#1080);
#778=LINE('',#5018,#1081);
#779=LINE('',#5021,#1082);
#780=LINE('',#5023,#1083);
#781=LINE('',#5025,#1084);
#782=LINE('',#5026,#1085);
#783=LINE('',#5027,#1086);
#784=LINE('',#5028,#1087);
#785=LINE('',#5030,#1088);
#786=LINE('',#5032,#1089);
#787=LINE('',#5033,#1090);
#788=LINE('',#5034,#1091);
#789=LINE('',#5036,#1092);
#790=LINE('',#5037,#1093);
#791=LINE('',#5039,#1094);
#792=LINE('',#5041,#1095);
#793=VECTOR('',#3067,10.);
#794=VECTOR('',#3068,10.);
#795=VECTOR('',#3069,10.);
#796=VECTOR('',#3070,10.);
#797=VECTOR('',#3073,10.);
#798=VECTOR('',#3074,10.);
#799=VECTOR('',#3075,10.);
#800=VECTOR('',#3078,10.);
#801=VECTOR('',#3079,10.);
#802=VECTOR('',#3082,10.);
#803=VECTOR('',#3083,10.);
#804=VECTOR('',#3084,10.);
#805=VECTOR('',#3085,10.);
#806=VECTOR('',#3088,10.);
#807=VECTOR('',#3089,10.);
#808=VECTOR('',#3090,10.);
#809=VECTOR('',#3093,10.);
#810=VECTOR('',#3094,10.);
#811=VECTOR('',#3095,10.);
#812=VECTOR('',#3098,10.);
#813=VECTOR('',#3099,10.);
#814=VECTOR('',#3100,10.);
#815=VECTOR('',#3103,10.);
#816=VECTOR('',#3104,10.);
#817=VECTOR('',#3105,10.);
#818=VECTOR('',#3108,10.);
#819=VECTOR('',#3109,10.);
#820=VECTOR('',#3110,10.);
#821=VECTOR('',#3113,10.);
#822=VECTOR('',#3114,10.);
#823=VECTOR('',#3115,10.);
#824=VECTOR('',#3118,10.);
#825=VECTOR('',#3119,10.);
#826=VECTOR('',#3120,10.);
#827=VECTOR('',#3123,10.);
#828=VECTOR('',#3124,10.);
#829=VECTOR('',#3125,10.);
#830=VECTOR('',#3128,10.);
#831=VECTOR('',#3129,10.);
#832=VECTOR('',#3132,10.);
#833=VECTOR('',#3133,10.);
#834=VECTOR('',#3134,10.);
#835=VECTOR('',#3135,10.);
#836=VECTOR('',#3136,10.);
#837=VECTOR('',#3137,10.);
#838=VECTOR('',#3138,10.);
#839=VECTOR('',#3139,10.);
#840=VECTOR('',#3140,10.);
#841=VECTOR('',#3143,10.);
#842=VECTOR('',#3144,10.);
#843=VECTOR('',#3145,10.);
#844=VECTOR('',#3146,10.);
#845=VECTOR('',#3147,10.);
#846=VECTOR('',#3148,10.);
#847=VECTOR('',#3149,10.);
#848=VECTOR('',#3152,10.);
#849=VECTOR('',#3153,10.);
#850=VECTOR('',#3154,10.);
#851=VECTOR('',#3155,10.);
#852=VECTOR('',#3156,10.);
#853=VECTOR('',#3157,10.);
#854=VECTOR('',#3158,10.);
#855=VECTOR('',#3159,10.);
#856=VECTOR('',#3162,10.);
#857=VECTOR('',#3163,10.);
#858=VECTOR('',#3164,10.);
#859=VECTOR('',#3165,10.);
#860=VECTOR('',#3166,10.);
#861=VECTOR('',#3167,10.);
#862=VECTOR('',#3168,10.);
#863=VECTOR('',#3169,10.);
#864=VECTOR('',#3172,10.);
#865=VECTOR('',#3173,10.);
#866=VECTOR('',#3174,10.);
#867=VECTOR('',#3175,10.);
#868=VECTOR('',#3176,10.);
#869=VECTOR('',#3177,10.);
#870=VECTOR('',#3178,10.);
#871=VECTOR('',#3179,10.);
#872=VECTOR('',#3190,10.);
#873=VECTOR('',#3191,10.);
#874=VECTOR('',#3194,10.);
#875=VECTOR('',#3195,10.);
#876=VECTOR('',#3196,10.);
#877=VECTOR('',#3199,10.);
#878=VECTOR('',#3200,10.);
#879=VECTOR('',#3201,10.);
#880=VECTOR('',#3204,10.);
#881=VECTOR('',#3205,10.);
#882=VECTOR('',#3206,10.);
#883=VECTOR('',#3209,10.);
#884=VECTOR('',#3210,10.);
#885=VECTOR('',#3211,10.);
#886=VECTOR('',#3212,10.);
#887=VECTOR('',#3215,10.);
#888=VECTOR('',#3216,10.);
#889=VECTOR('',#3217,10.);
#890=VECTOR('',#3220,10.);
#891=VECTOR('',#3221,10.);
#892=VECTOR('',#3222,10.);
#893=VECTOR('',#3223,10.);
#894=VECTOR('',#3226,10.);
#895=VECTOR('',#3227,10.);
#896=VECTOR('',#3228,10.);
#897=VECTOR('',#3231,10.);
#898=VECTOR('',#3232,10.);
#899=VECTOR('',#3233,10.);
#900=VECTOR('',#3236,10.);
#901=VECTOR('',#3237,10.);
#902=VECTOR('',#3238,10.);
#903=VECTOR('',#3241,10.);
#904=VECTOR('',#3242,10.);
#905=VECTOR('',#3245,10.);
#906=VECTOR('',#3246,10.);
#907=VECTOR('',#3247,10.);
#908=VECTOR('',#3248,10.);
#909=VECTOR('',#3249,10.);
#910=VECTOR('',#3250,10.);
#911=VECTOR('',#3253,10.);
#912=VECTOR('',#3254,10.);
#913=VECTOR('',#3255,10.);
#914=VECTOR('',#3258,10.);
#915=VECTOR('',#3259,10.);
#916=VECTOR('',#3260,10.);
#917=VECTOR('',#3263,10.);
#918=VECTOR('',#3264,10.);
#919=VECTOR('',#3265,10.);
#920=VECTOR('',#3268,10.);
#921=VECTOR('',#3269,10.);
#922=VECTOR('',#3270,10.);
#923=VECTOR('',#3273,10.);
#924=VECTOR('',#3274,10.);
#925=VECTOR('',#3275,10.);
#926=VECTOR('',#3278,10.);
#927=VECTOR('',#3279,10.);
#928=VECTOR('',#3280,10.);
#929=VECTOR('',#3283,10.);
#930=VECTOR('',#3284,10.);
#931=VECTOR('',#3285,10.);
#932=VECTOR('',#3288,10.);
#933=VECTOR('',#3289,10.);
#934=VECTOR('',#3294,10.);
#935=VECTOR('',#3295,10.);
#936=VECTOR('',#3296,10.);
#937=VECTOR('',#3297,10.);
#938=VECTOR('',#3300,10.);
#939=VECTOR('',#3301,10.);
#940=VECTOR('',#3302,10.);
#941=VECTOR('',#3305,10.);
#942=VECTOR('',#3306,10.);
#943=VECTOR('',#3307,10.);
#944=VECTOR('',#3310,10.);
#945=VECTOR('',#3311,10.);
#946=VECTOR('',#3312,10.);
#947=VECTOR('',#3315,10.);
#948=VECTOR('',#3316,10.);
#949=VECTOR('',#3317,10.);
#950=VECTOR('',#3320,10.);
#951=VECTOR('',#3321,10.);
#952=VECTOR('',#3322,10.);
#953=VECTOR('',#3325,10.);
#954=VECTOR('',#3326,10.);
#955=VECTOR('',#3327,10.);
#956=VECTOR('',#3330,10.);
#957=VECTOR('',#3331,10.);
#958=VECTOR('',#3332,10.);
#959=VECTOR('',#3335,10.);
#960=VECTOR('',#3336,10.);
#961=VECTOR('',#3341,10.);
#962=VECTOR('',#3342,10.);
#963=VECTOR('',#3343,10.);
#964=VECTOR('',#3344,10.);
#965=VECTOR('',#3359,10.);
#966=VECTOR('',#3360,10.);
#967=VECTOR('',#3361,10.);
#968=VECTOR('',#3362,10.);
#969=VECTOR('',#3365,10.);
#970=VECTOR('',#3366,10.);
#971=VECTOR('',#3367,10.);
#972=VECTOR('',#3370,10.);
#973=VECTOR('',#3371,10.);
#974=VECTOR('',#3372,10.);
#975=VECTOR('',#3373,10.);
#976=VECTOR('',#3376,10.);
#977=VECTOR('',#3377,10.);
#978=VECTOR('',#3380,10.);
#979=VECTOR('',#3381,10.);
#980=VECTOR('',#3386,10.);
#981=VECTOR('',#3387,10.);
#982=VECTOR('',#3388,10.);
#983=VECTOR('',#3389,10.);
#984=VECTOR('',#3392,10.);
#985=VECTOR('',#3393,10.);
#986=VECTOR('',#3394,10.);
#987=VECTOR('',#3395,10.);
#988=VECTOR('',#3396,10.);
#989=VECTOR('',#3399,10.);
#990=VECTOR('',#3400,10.);
#991=VECTOR('',#3403,10.);
#992=VECTOR('',#3404,10.);
#993=VECTOR('',#3405,10.);
#994=VECTOR('',#3406,10.);
#995=VECTOR('',#3409,10.);
#996=VECTOR('',#3410,10.);
#997=VECTOR('',#3415,10.);
#998=VECTOR('',#3416,10.);
#999=VECTOR('',#3417,10.);
#1000=VECTOR('',#3418,10.);
#1001=VECTOR('',#3421,10.);
#1002=VECTOR('',#3422,10.);
#1003=VECTOR('',#3423,10.);
#1004=VECTOR('',#3424,10.);
#1005=VECTOR('',#3425,10.);
#1006=VECTOR('',#3428,10.);
#1007=VECTOR('',#3429,10.);
#1008=VECTOR('',#3432,10.);
#1009=VECTOR('',#3433,10.);
#1010=VECTOR('',#3434,10.);
#1011=VECTOR('',#3435,10.);
#1012=VECTOR('',#3438,10.);
#1013=VECTOR('',#3439,10.);
#1014=VECTOR('',#3444,10.);
#1015=VECTOR('',#3445,10.);
#1016=VECTOR('',#3446,10.);
#1017=VECTOR('',#3447,10.);
#1018=VECTOR('',#3450,10.);
#1019=VECTOR('',#3451,10.);
#1020=VECTOR('',#3452,10.);
#1021=VECTOR('',#3453,10.);
#1022=VECTOR('',#3454,10.);
#1023=VECTOR('',#3457,10.);
#1024=VECTOR('',#3458,10.);
#1025=VECTOR('',#3461,10.);
#1026=VECTOR('',#3462,10.);
#1027=VECTOR('',#3463,10.);
#1028=VECTOR('',#3464,10.);
#1029=VECTOR('',#3467,10.);
#1030=VECTOR('',#3468,10.);
#1031=VECTOR('',#3473,10.);
#1032=VECTOR('',#3474,10.);
#1033=VECTOR('',#3475,10.);
#1034=VECTOR('',#3476,10.);
#1035=VECTOR('',#3479,10.);
#1036=VECTOR('',#3480,10.);
#1037=VECTOR('',#3481,10.);
#1038=VECTOR('',#3482,10.);
#1039=VECTOR('',#3483,10.);
#1040=VECTOR('',#3486,10.);
#1041=VECTOR('',#3487,10.);
#1042=VECTOR('',#3490,10.);
#1043=VECTOR('',#3491,10.);
#1044=VECTOR('',#3492,10.);
#1045=VECTOR('',#3495,10.);
#1046=VECTOR('',#3496,10.);
#1047=VECTOR('',#3497,10.);
#1048=VECTOR('',#3502,10.);
#1049=VECTOR('',#3503,10.);
#1050=VECTOR('',#3504,10.);
#1051=VECTOR('',#3505,10.);
#1052=VECTOR('',#3508,10.);
#1053=VECTOR('',#3509,10.);
#1054=VECTOR('',#3510,10.);
#1055=VECTOR('',#3511,10.);
#1056=VECTOR('',#3512,10.);
#1057=VECTOR('',#3515,10.);
#1058=VECTOR('',#3516,10.);
#1059=VECTOR('',#3519,10.);
#1060=VECTOR('',#3520,10.);
#1061=VECTOR('',#3521,10.);
#1062=VECTOR('',#3524,10.);
#1063=VECTOR('',#3525,10.);
#1064=VECTOR('',#3526,10.);
#1065=VECTOR('',#3531,10.);
#1066=VECTOR('',#3532,10.);
#1067=VECTOR('',#3533,10.);
#1068=VECTOR('',#3534,10.);
#1069=VECTOR('',#3537,10.);
#1070=VECTOR('',#3538,10.);
#1071=VECTOR('',#3539,10.);
#1072=VECTOR('',#3540,10.);
#1073=VECTOR('',#3541,10.);
#1074=VECTOR('',#3544,10.);
#1075=VECTOR('',#3545,10.);
#1076=VECTOR('',#3548,10.);
#1077=VECTOR('',#3549,10.);
#1078=VECTOR('',#3550,10.);
#1079=VECTOR('',#3553,10.);
#1080=VECTOR('',#3554,10.);
#1081=VECTOR('',#3555,10.);
#1082=VECTOR('',#3560,10.);
#1083=VECTOR('',#3561,10.);
#1084=VECTOR('',#3562,10.);
#1085=VECTOR('',#3563,10.);
#1086=VECTOR('',#3564,10.);
#1087=VECTOR('',#3565,10.);
#1088=VECTOR('',#3566,10.);
#1089=VECTOR('',#3567,10.);
#1090=VECTOR('',#3568,10.);
#1091=VECTOR('',#3569,10.);
#1092=VECTOR('',#3572,10.);
#1093=VECTOR('',#3573,10.);
#1094=VECTOR('',#3576,10.);
#1095=VECTOR('',#3579,10.);
#1096=VERTEX_POINT('',#3586);
#1097=VERTEX_POINT('',#3587);
#1098=VERTEX_POINT('',#3589);
#1099=VERTEX_POINT('',#3591);
#1100=VERTEX_POINT('',#3595);
#1101=VERTEX_POINT('',#3597);
#1102=VERTEX_POINT('',#3604);
#1103=VERTEX_POINT('',#3605);
#1104=VERTEX_POINT('',#3607);
#1105=VERTEX_POINT('',#3609);
#1106=VERTEX_POINT('',#3613);
#1107=VERTEX_POINT('',#3615);
#1108=VERTEX_POINT('',#3619);
#1109=VERTEX_POINT('',#3621);
#1110=VERTEX_POINT('',#3625);
#1111=VERTEX_POINT('',#3627);
#1112=VERTEX_POINT('',#3631);
#1113=VERTEX_POINT('',#3633);
#1114=VERTEX_POINT('',#3637);
#1115=VERTEX_POINT('',#3639);
#1116=VERTEX_POINT('',#3643);
#1117=VERTEX_POINT('',#3645);
#1118=VERTEX_POINT('',#3649);
#1119=VERTEX_POINT('',#3651);
#1120=VERTEX_POINT('',#3655);
#1121=VERTEX_POINT('',#3657);
#1122=VERTEX_POINT('',#3672);
#1123=VERTEX_POINT('',#3673);
#1124=VERTEX_POINT('',#3678);
#1125=VERTEX_POINT('',#3680);
#1126=VERTEX_POINT('',#3694);
#1127=VERTEX_POINT('',#3699);
#1128=VERTEX_POINT('',#3711);
#1129=VERTEX_POINT('',#3715);
#1130=VERTEX_POINT('',#3728);
#1131=VERTEX_POINT('',#3733);
#1132=VERTEX_POINT('',#3761);
#1133=VERTEX_POINT('',#3762);
#1134=VERTEX_POINT('',#3766);
#1135=VERTEX_POINT('',#3768);
#1136=VERTEX_POINT('',#3781);
#1137=VERTEX_POINT('',#3786);
#1138=VERTEX_POINT('',#3798);
#1139=VERTEX_POINT('',#3802);
#1140=VERTEX_POINT('',#3808);
#1141=VERTEX_POINT('',#3810);
#1142=VERTEX_POINT('',#3819);
#1143=VERTEX_POINT('',#3823);
#1144=VERTEX_POINT('',#3838);
#1145=VERTEX_POINT('',#3844);
#1146=VERTEX_POINT('',#3861);
#1147=VERTEX_POINT('',#3867);
#1148=VERTEX_POINT('',#3884);
#1149=VERTEX_POINT('',#3890);
#1150=VERTEX_POINT('',#3926);
#1151=VERTEX_POINT('',#3927);
#1152=VERTEX_POINT('',#3932);
#1153=VERTEX_POINT('',#3934);
#1154=VERTEX_POINT('',#3948);
#1155=VERTEX_POINT('',#3953);
#1156=VERTEX_POINT('',#3967);
#1157=VERTEX_POINT('',#3972);
#1158=VERTEX_POINT('',#4008);
#1159=VERTEX_POINT('',#4009);
#1160=VERTEX_POINT('',#4015);
#1161=VERTEX_POINT('',#4017);
#1162=VERTEX_POINT('',#4034);
#1163=VERTEX_POINT('',#4040);
#1164=VERTEX_POINT('',#4057);
#1165=VERTEX_POINT('',#4063);
#1166=VERTEX_POINT('',#4095);
#1167=VERTEX_POINT('',#4096);
#1168=VERTEX_POINT('',#4101);
#1169=VERTEX_POINT('',#4103);
#1170=VERTEX_POINT('',#4117);
#1171=VERTEX_POINT('',#4122);
#1172=VERTEX_POINT('',#4136);
#1173=VERTEX_POINT('',#4141);
#1174=VERTEX_POINT('',#4177);
#1175=VERTEX_POINT('',#4178);
#1176=VERTEX_POINT('',#4184);
#1177=VERTEX_POINT('',#4186);
#1178=VERTEX_POINT('',#4203);
#1179=VERTEX_POINT('',#4209);
#1180=VERTEX_POINT('',#4226);
#1181=VERTEX_POINT('',#4232);
#1182=VERTEX_POINT('',#4264);
#1183=VERTEX_POINT('',#4265);
#1184=VERTEX_POINT('',#4270);
#1185=VERTEX_POINT('',#4272);
#1186=VERTEX_POINT('',#4286);
#1187=VERTEX_POINT('',#4291);
#1188=VERTEX_POINT('',#4305);
#1189=VERTEX_POINT('',#4310);
#1190=VERTEX_POINT('',#4346);
#1191=VERTEX_POINT('',#4347);
#1192=VERTEX_POINT('',#4353);
#1193=VERTEX_POINT('',#4355);
#1194=VERTEX_POINT('',#4372);
#1195=VERTEX_POINT('',#4378);
#1196=VERTEX_POINT('',#4395);
#1197=VERTEX_POINT('',#4401);
#1198=VERTEX_POINT('',#4426);
#1199=VERTEX_POINT('',#4428);
#1200=VERTEX_POINT('',#4439);
#1201=VERTEX_POINT('',#4440);
#1202=VERTEX_POINT('',#4445);
#1203=VERTEX_POINT('',#4447);
#1204=VERTEX_POINT('',#4454);
#1205=VERTEX_POINT('',#4456);
#1206=VERTEX_POINT('',#4460);
#1207=VERTEX_POINT('',#4462);
#1208=VERTEX_POINT('',#4466);
#1209=VERTEX_POINT('',#4468);
#1210=VERTEX_POINT('',#4492);
#1211=VERTEX_POINT('',#4493);
#1212=VERTEX_POINT('',#4495);
#1213=VERTEX_POINT('',#4497);
#1214=VERTEX_POINT('',#4501);
#1215=VERTEX_POINT('',#4503);
#1216=VERTEX_POINT('',#4507);
#1217=VERTEX_POINT('',#4509);
#1218=VERTEX_POINT('',#4522);
#1219=VERTEX_POINT('',#4528);
#1220=VERTEX_POINT('',#4560);
#1221=VERTEX_POINT('',#4561);
#1222=VERTEX_POINT('',#4566);
#1223=VERTEX_POINT('',#4568);
#1224=VERTEX_POINT('',#4582);
#1225=VERTEX_POINT('',#4587);
#1226=VERTEX_POINT('',#4594);
#1227=VERTEX_POINT('',#4596);
#1228=VERTEX_POINT('',#4600);
#1229=VERTEX_POINT('',#4602);
#1230=VERTEX_POINT('',#4609);
#1231=VERTEX_POINT('',#4610);
#1232=VERTEX_POINT('',#4612);
#1233=VERTEX_POINT('',#4614);
#1234=VERTEX_POINT('',#4627);
#1235=VERTEX_POINT('',#4633);
#1236=VERTEX_POINT('',#4650);
#1237=VERTEX_POINT('',#4656);
#1238=VERTEX_POINT('',#4664);
#1239=VERTEX_POINT('',#4666);
#1240=VERTEX_POINT('',#4670);
#1241=VERTEX_POINT('',#4672);
#1242=VERTEX_POINT('',#4676);
#1243=VERTEX_POINT('',#4678);
#1244=VERTEX_POINT('',#4682);
#1245=VERTEX_POINT('',#4684);
#1246=VERTEX_POINT('',#4688);
#1247=VERTEX_POINT('',#4690);
#1248=VERTEX_POINT('',#4694);
#1249=VERTEX_POINT('',#4696);
#1250=VERTEX_POINT('',#4700);
#1251=VERTEX_POINT('',#4702);
#1252=VERTEX_POINT('',#4710);
#1253=VERTEX_POINT('',#4711);
#1254=VERTEX_POINT('',#4713);
#1255=VERTEX_POINT('',#4715);
#1256=VERTEX_POINT('',#4719);
#1257=VERTEX_POINT('',#4721);
#1258=VERTEX_POINT('',#4725);
#1259=VERTEX_POINT('',#4727);
#1260=VERTEX_POINT('',#4731);
#1261=VERTEX_POINT('',#4733);
#1262=VERTEX_POINT('',#4737);
#1263=VERTEX_POINT('',#4739);
#1264=VERTEX_POINT('',#4743);
#1265=VERTEX_POINT('',#4745);
#1266=VERTEX_POINT('',#4749);
#1267=VERTEX_POINT('',#4751);
#1268=VERTEX_POINT('',#4755);
#1269=VERTEX_POINT('',#4757);
#1270=VERTEX_POINT('',#4765);
#1271=VERTEX_POINT('',#4766);
#1272=VERTEX_POINT('',#4768);
#1273=VERTEX_POINT('',#4770);
#1274=VERTEX_POINT('',#4780);
#1275=VERTEX_POINT('',#4781);
#1276=VERTEX_POINT('',#4783);
#1277=VERTEX_POINT('',#4785);
#1278=VERTEX_POINT('',#4789);
#1279=VERTEX_POINT('',#4791);
#1280=VERTEX_POINT('',#4795);
#1281=VERTEX_POINT('',#4796);
#1282=VERTEX_POINT('',#4798);
#1283=VERTEX_POINT('',#4800);
#1284=VERTEX_POINT('',#4811);
#1285=VERTEX_POINT('',#4812);
#1286=VERTEX_POINT('',#4814);
#1287=VERTEX_POINT('',#4816);
#1288=VERTEX_POINT('',#4820);
#1289=VERTEX_POINT('',#4822);
#1290=VERTEX_POINT('',#4824);
#1291=VERTEX_POINT('',#4826);
#1292=VERTEX_POINT('',#4830);
#1293=VERTEX_POINT('',#4834);
#1294=VERTEX_POINT('',#4836);
#1295=VERTEX_POINT('',#4838);
#1296=VERTEX_POINT('',#4846);
#1297=VERTEX_POINT('',#4847);
#1298=VERTEX_POINT('',#4849);
#1299=VERTEX_POINT('',#4851);
#1300=VERTEX_POINT('',#4855);
#1301=VERTEX_POINT('',#4857);
#1302=VERTEX_POINT('',#4859);
#1303=VERTEX_POINT('',#4861);
#1304=VERTEX_POINT('',#4865);
#1305=VERTEX_POINT('',#4869);
#1306=VERTEX_POINT('',#4871);
#1307=VERTEX_POINT('',#4873);
#1308=VERTEX_POINT('',#4881);
#1309=VERTEX_POINT('',#4882);
#1310=VERTEX_POINT('',#4884);
#1311=VERTEX_POINT('',#4886);
#1312=VERTEX_POINT('',#4890);
#1313=VERTEX_POINT('',#4892);
#1314=VERTEX_POINT('',#4894);
#1315=VERTEX_POINT('',#4896);
#1316=VERTEX_POINT('',#4900);
#1317=VERTEX_POINT('',#4904);
#1318=VERTEX_POINT('',#4906);
#1319=VERTEX_POINT('',#4908);
#1320=VERTEX_POINT('',#4916);
#1321=VERTEX_POINT('',#4917);
#1322=VERTEX_POINT('',#4919);
#1323=VERTEX_POINT('',#4921);
#1324=VERTEX_POINT('',#4925);
#1325=VERTEX_POINT('',#4927);
#1326=VERTEX_POINT('',#4929);
#1327=VERTEX_POINT('',#4931);
#1328=VERTEX_POINT('',#4935);
#1329=VERTEX_POINT('',#4939);
#1330=VERTEX_POINT('',#4941);
#1331=VERTEX_POINT('',#4945);
#1332=VERTEX_POINT('',#4951);
#1333=VERTEX_POINT('',#4952);
#1334=VERTEX_POINT('',#4954);
#1335=VERTEX_POINT('',#4956);
#1336=VERTEX_POINT('',#4960);
#1337=VERTEX_POINT('',#4962);
#1338=VERTEX_POINT('',#4964);
#1339=VERTEX_POINT('',#4966);
#1340=VERTEX_POINT('',#4970);
#1341=VERTEX_POINT('',#4974);
#1342=VERTEX_POINT('',#4976);
#1343=VERTEX_POINT('',#4980);
#1344=VERTEX_POINT('',#4986);
#1345=VERTEX_POINT('',#4987);
#1346=VERTEX_POINT('',#4989);
#1347=VERTEX_POINT('',#4991);
#1348=VERTEX_POINT('',#4995);
#1349=VERTEX_POINT('',#4997);
#1350=VERTEX_POINT('',#4999);
#1351=VERTEX_POINT('',#5001);
#1352=VERTEX_POINT('',#5005);
#1353=VERTEX_POINT('',#5009);
#1354=VERTEX_POINT('',#5011);
#1355=VERTEX_POINT('',#5015);
#1356=VERTEX_POINT('',#5022);
#1357=VERTEX_POINT('',#5024);
#1358=VERTEX_POINT('',#5029);
#1359=VERTEX_POINT('',#5031);
#1360=EDGE_CURVE('',#1096,#1097,#490,.T.);
#1361=EDGE_CURVE('',#1096,#1098,#491,.T.);
#1362=EDGE_CURVE('',#1098,#1099,#492,.T.);
#1363=EDGE_CURVE('',#1097,#1099,#493,.T.);
#1364=EDGE_CURVE('',#1097,#1100,#494,.T.);
#1365=EDGE_CURVE('',#1099,#1101,#495,.T.);
#1366=EDGE_CURVE('',#1100,#1101,#496,.T.);
#1367=EDGE_CURVE('',#1100,#1096,#497,.T.);
#1368=EDGE_CURVE('',#1101,#1098,#498,.T.);
#1369=EDGE_CURVE('',#1102,#1103,#499,.T.);
#1370=EDGE_CURVE('',#1102,#1104,#500,.T.);
#1371=EDGE_CURVE('',#1104,#1105,#501,.T.);
#1372=EDGE_CURVE('',#1103,#1105,#502,.T.);
#1373=EDGE_CURVE('',#1106,#1102,#503,.T.);
#1374=EDGE_CURVE('',#1106,#1107,#504,.T.);
#1375=EDGE_CURVE('',#1107,#1104,#505,.T.);
#1376=EDGE_CURVE('',#1108,#1106,#506,.T.);
#1377=EDGE_CURVE('',#1108,#1109,#507,.T.);
#1378=EDGE_CURVE('',#1109,#1107,#508,.T.);
#1379=EDGE_CURVE('',#1110,#1108,#509,.T.);
#1380=EDGE_CURVE('',#1110,#1111,#510,.T.);
#1381=EDGE_CURVE('',#1111,#1109,#511,.T.);
#1382=EDGE_CURVE('',#1112,#1110,#512,.T.);
#1383=EDGE_CURVE('',#1112,#1113,#513,.T.);
#1384=EDGE_CURVE('',#1113,#1111,#514,.T.);
#1385=EDGE_CURVE('',#1114,#1112,#515,.T.);
#1386=EDGE_CURVE('',#1114,#1115,#516,.T.);
#1387=EDGE_CURVE('',#1115,#1113,#517,.T.);
#1388=EDGE_CURVE('',#1116,#1114,#518,.T.);
#1389=EDGE_CURVE('',#1116,#1117,#519,.T.);
#1390=EDGE_CURVE('',#1117,#1115,#520,.T.);
#1391=EDGE_CURVE('',#1118,#1116,#521,.T.);
#1392=EDGE_CURVE('',#1118,#1119,#522,.T.);
#1393=EDGE_CURVE('',#1119,#1117,#523,.T.);
#1394=EDGE_CURVE('',#1120,#1118,#524,.T.);
#1395=EDGE_CURVE('',#1120,#1121,#525,.T.);
#1396=EDGE_CURVE('',#1121,#1119,#526,.T.);
#1397=EDGE_CURVE('',#1103,#1120,#527,.T.);
#1398=EDGE_CURVE('',#1105,#1121,#528,.T.);
#1399=EDGE_CURVE('',#1122,#1123,#17,.T.);
#1400=EDGE_CURVE('',#1122,#1124,#529,.T.);
#1401=EDGE_CURVE('',#1124,#1125,#18,.T.);
#1402=EDGE_CURVE('',#1123,#1125,#530,.T.);
#1403=EDGE_CURVE('',#1123,#1126,#19,.T.);
#1404=EDGE_CURVE('',#1125,#1127,#20,.T.);
#1405=EDGE_CURVE('',#1126,#1127,#531,.T.);
#1406=EDGE_CURVE('',#1126,#1128,#21,.T.);
#1407=EDGE_CURVE('',#1127,#1129,#22,.T.);
#1408=EDGE_CURVE('',#1128,#1129,#532,.T.);
#1409=EDGE_CURVE('',#1128,#1130,#23,.T.);
#1410=EDGE_CURVE('',#1129,#1131,#24,.T.);
#1411=EDGE_CURVE('',#1130,#1131,#533,.T.);
#1412=EDGE_CURVE('',#1130,#1122,#25,.T.);
#1413=EDGE_CURVE('',#1131,#1124,#26,.T.);
#1414=EDGE_CURVE('',#1132,#1133,#27,.T.);
#1415=EDGE_CURVE('',#1132,#1134,#534,.T.);
#1416=EDGE_CURVE('',#1134,#1135,#28,.T.);
#1417=EDGE_CURVE('',#1133,#1135,#535,.T.);
#1418=EDGE_CURVE('',#1136,#1132,#29,.T.);
#1419=EDGE_CURVE('',#1136,#1137,#536,.T.);
#1420=EDGE_CURVE('',#1137,#1134,#30,.T.);
#1421=EDGE_CURVE('',#1138,#1136,#31,.T.);
#1422=EDGE_CURVE('',#1138,#1139,#537,.T.);
#1423=EDGE_CURVE('',#1139,#1137,#32,.T.);
#1424=EDGE_CURVE('',#1140,#1138,#538,.T.);
#1425=EDGE_CURVE('',#1140,#1141,#539,.T.);
#1426=EDGE_CURVE('',#1141,#1139,#540,.T.);
#1427=EDGE_CURVE('',#1142,#1140,#33,.T.);
#1428=EDGE_CURVE('',#1142,#1143,#541,.T.);
#1429=EDGE_CURVE('',#1143,#1141,#34,.T.);
#1430=EDGE_CURVE('',#1144,#1142,#35,.T.);
#1431=EDGE_CURVE('',#1144,#1145,#542,.T.);
#1432=EDGE_CURVE('',#1145,#1143,#36,.T.);
#1433=EDGE_CURVE('',#1146,#1144,#37,.T.);
#1434=EDGE_CURVE('',#1146,#1147,#543,.T.);
#1435=EDGE_CURVE('',#1147,#1145,#38,.T.);
#1436=EDGE_CURVE('',#1148,#1146,#39,.T.);
#1437=EDGE_CURVE('',#1148,#1149,#544,.T.);
#1438=EDGE_CURVE('',#1149,#1147,#40,.T.);
#1439=EDGE_CURVE('',#1133,#1148,#41,.T.);
#1440=EDGE_CURVE('',#1135,#1149,#42,.T.);
#1441=EDGE_CURVE('',#1150,#1151,#43,.T.);
#1442=EDGE_CURVE('',#1150,#1152,#545,.T.);
#1443=EDGE_CURVE('',#1152,#1153,#44,.T.);
#1444=EDGE_CURVE('',#1151,#1153,#546,.T.);
#1445=EDGE_CURVE('',#1151,#1154,#45,.T.);
#1446=EDGE_CURVE('',#1153,#1155,#46,.T.);
#1447=EDGE_CURVE('',#1154,#1155,#547,.T.);
#1448=EDGE_CURVE('',#1154,#1156,#47,.T.);
#1449=EDGE_CURVE('',#1155,#1157,#48,.T.);
#1450=EDGE_CURVE('',#1156,#1157,#548,.T.);
#1451=EDGE_CURVE('',#1156,#1150,#49,.T.);
#1452=EDGE_CURVE('',#1157,#1152,#50,.T.);
#1453=EDGE_CURVE('',#1158,#1159,#51,.T.);
#1454=EDGE_CURVE('',#1158,#1160,#549,.T.);
#1455=EDGE_CURVE('',#1160,#1161,#52,.T.);
#1456=EDGE_CURVE('',#1159,#1161,#550,.T.);
#1457=EDGE_CURVE('',#1162,#1158,#53,.T.);
#1458=EDGE_CURVE('',#1162,#1163,#551,.T.);
#1459=EDGE_CURVE('',#1163,#1160,#54,.T.);
#1460=EDGE_CURVE('',#1164,#1162,#55,.T.);
#1461=EDGE_CURVE('',#1164,#1165,#552,.T.);
#1462=EDGE_CURVE('',#1165,#1163,#56,.T.);
#1463=EDGE_CURVE('',#1159,#1164,#57,.T.);
#1464=EDGE_CURVE('',#1161,#1165,#58,.T.);
#1465=EDGE_CURVE('',#1166,#1167,#59,.T.);
#1466=EDGE_CURVE('',#1166,#1168,#553,.T.);
#1467=EDGE_CURVE('',#1168,#1169,#60,.T.);
#1468=EDGE_CURVE('',#1167,#1169,#554,.T.);
#1469=EDGE_CURVE('',#1167,#1170,#61,.T.);
#1470=EDGE_CURVE('',#1169,#1171,#62,.T.);
#1471=EDGE_CURVE('',#1170,#1171,#555,.T.);
#1472=EDGE_CURVE('',#1170,#1172,#63,.T.);
#1473=EDGE_CURVE('',#1171,#1173,#64,.T.);
#1474=EDGE_CURVE('',#1172,#1173,#556,.T.);
#1475=EDGE_CURVE('',#1172,#1166,#65,.T.);
#1476=EDGE_CURVE('',#1173,#1168,#66,.T.);
#1477=EDGE_CURVE('',#1174,#1175,#67,.T.);
#1478=EDGE_CURVE('',#1174,#1176,#557,.T.);
#1479=EDGE_CURVE('',#1176,#1177,#68,.T.);
#1480=EDGE_CURVE('',#1175,#1177,#558,.T.);
#1481=EDGE_CURVE('',#1178,#1174,#69,.T.);
#1482=EDGE_CURVE('',#1178,#1179,#559,.T.);
#1483=EDGE_CURVE('',#1179,#1176,#70,.T.);
#1484=EDGE_CURVE('',#1180,#1178,#71,.T.);
#1485=EDGE_CURVE('',#1180,#1181,#560,.T.);
#1486=EDGE_CURVE('',#1181,#1179,#72,.T.);
#1487=EDGE_CURVE('',#1175,#1180,#73,.T.);
#1488=EDGE_CURVE('',#1177,#1181,#74,.T.);
#1489=EDGE_CURVE('',#1182,#1183,#75,.T.);
#1490=EDGE_CURVE('',#1182,#1184,#561,.T.);
#1491=EDGE_CURVE('',#1184,#1185,#76,.T.);
#1492=EDGE_CURVE('',#1183,#1185,#562,.T.);
#1493=EDGE_CURVE('',#1183,#1186,#77,.T.);
#1494=EDGE_CURVE('',#1185,#1187,#78,.T.);
#1495=EDGE_CURVE('',#1186,#1187,#563,.T.);
#1496=EDGE_CURVE('',#1186,#1188,#79,.T.);
#1497=EDGE_CURVE('',#1187,#1189,#80,.T.);
#1498=EDGE_CURVE('',#1188,#1189,#564,.T.);
#1499=EDGE_CURVE('',#1188,#1182,#81,.T.);
#1500=EDGE_CURVE('',#1189,#1184,#82,.T.);
#1501=EDGE_CURVE('',#1190,#1191,#83,.T.);
#1502=EDGE_CURVE('',#1190,#1192,#565,.T.);
#1503=EDGE_CURVE('',#1192,#1193,#84,.T.);
#1504=EDGE_CURVE('',#1191,#1193,#566,.T.);
#1505=EDGE_CURVE('',#1194,#1190,#85,.T.);
#1506=EDGE_CURVE('',#1194,#1195,#567,.T.);
#1507=EDGE_CURVE('',#1195,#1192,#86,.T.);
#1508=EDGE_CURVE('',#1196,#1194,#87,.T.);
#1509=EDGE_CURVE('',#1196,#1197,#568,.T.);
#1510=EDGE_CURVE('',#1197,#1195,#88,.T.);
#1511=EDGE_CURVE('',#1191,#1196,#89,.T.);
#1512=EDGE_CURVE('',#1193,#1197,#90,.T.);
#1513=EDGE_CURVE('',#1198,#1198,#14,.T.);
#1514=EDGE_CURVE('',#1199,#1199,#15,.T.);
#1515=EDGE_CURVE('',#1200,#1201,#91,.T.);
#1516=EDGE_CURVE('',#1200,#1202,#569,.T.);
#1517=EDGE_CURVE('',#1202,#1203,#92,.T.);
#1518=EDGE_CURVE('',#1201,#1203,#570,.T.);
#1519=EDGE_CURVE('',#1201,#1204,#571,.T.);
#1520=EDGE_CURVE('',#1203,#1205,#572,.T.);
#1521=EDGE_CURVE('',#1204,#1205,#573,.T.);
#1522=EDGE_CURVE('',#1204,#1206,#574,.T.);
#1523=EDGE_CURVE('',#1205,#1207,#575,.T.);
#1524=EDGE_CURVE('',#1206,#1207,#576,.T.);
#1525=EDGE_CURVE('',#1206,#1208,#577,.T.);
#1526=EDGE_CURVE('',#1207,#1209,#578,.T.);
#1527=EDGE_CURVE('',#1208,#1209,#579,.T.);
#1528=EDGE_CURVE('',#1208,#1200,#93,.T.);
#1529=EDGE_CURVE('',#1209,#1202,#94,.T.);
#1530=EDGE_CURVE('',#1210,#1211,#580,.T.);
#1531=EDGE_CURVE('',#1210,#1212,#581,.T.);
#1532=EDGE_CURVE('',#1212,#1213,#582,.T.);
#1533=EDGE_CURVE('',#1211,#1213,#583,.T.);
#1534=EDGE_CURVE('',#1214,#1210,#584,.T.);
#1535=EDGE_CURVE('',#1214,#1215,#585,.T.);
#1536=EDGE_CURVE('',#1215,#1212,#586,.T.);
#1537=EDGE_CURVE('',#1216,#1214,#587,.T.);
#1538=EDGE_CURVE('',#1216,#1217,#588,.T.);
#1539=EDGE_CURVE('',#1217,#1215,#589,.T.);
#1540=EDGE_CURVE('',#1218,#1216,#95,.T.);
#1541=EDGE_CURVE('',#1218,#1219,#590,.T.);
#1542=EDGE_CURVE('',#1219,#1217,#96,.T.);
#1543=EDGE_CURVE('',#1211,#1218,#97,.T.);
#1544=EDGE_CURVE('',#1213,#1219,#98,.T.);
#1545=EDGE_CURVE('',#1220,#1221,#99,.T.);
#1546=EDGE_CURVE('',#1220,#1222,#591,.T.);
#1547=EDGE_CURVE('',#1222,#1223,#100,.T.);
#1548=EDGE_CURVE('',#1221,#1223,#592,.T.);
#1549=EDGE_CURVE('',#1221,#1224,#101,.T.);
#1550=EDGE_CURVE('',#1223,#1225,#102,.T.);
#1551=EDGE_CURVE('',#1224,#1225,#593,.T.);
#1552=EDGE_CURVE('',#1224,#1226,#594,.T.);
#1553=EDGE_CURVE('',#1225,#1227,#595,.T.);
#1554=EDGE_CURVE('',#1226,#1227,#596,.T.);
#1555=EDGE_CURVE('',#1226,#1228,#597,.T.);
#1556=EDGE_CURVE('',#1227,#1229,#598,.T.);
#1557=EDGE_CURVE('',#1228,#1229,#599,.T.);
#1558=EDGE_CURVE('',#1228,#1220,#600,.T.);
#1559=EDGE_CURVE('',#1229,#1222,#601,.T.);
#1560=EDGE_CURVE('',#1230,#1231,#602,.T.);
#1561=EDGE_CURVE('',#1230,#1232,#603,.T.);
#1562=EDGE_CURVE('',#1232,#1233,#604,.T.);
#1563=EDGE_CURVE('',#1231,#1233,#605,.T.);
#1564=EDGE_CURVE('',#1234,#1230,#103,.T.);
#1565=EDGE_CURVE('',#1234,#1235,#606,.T.);
#1566=EDGE_CURVE('',#1235,#1232,#104,.T.);
#1567=EDGE_CURVE('',#1236,#1234,#105,.T.);
#1568=EDGE_CURVE('',#1236,#1237,#607,.T.);
#1569=EDGE_CURVE('',#1237,#1235,#106,.T.);
#1570=EDGE_CURVE('',#1238,#1236,#608,.T.);
#1571=EDGE_CURVE('',#1238,#1239,#609,.T.);
#1572=EDGE_CURVE('',#1239,#1237,#610,.T.);
#1573=EDGE_CURVE('',#1240,#1238,#611,.T.);
#1574=EDGE_CURVE('',#1240,#1241,#612,.T.);
#1575=EDGE_CURVE('',#1241,#1239,#613,.T.);
#1576=EDGE_CURVE('',#1242,#1240,#614,.T.);
#1577=EDGE_CURVE('',#1242,#1243,#615,.T.);
#1578=EDGE_CURVE('',#1243,#1241,#616,.T.);
#1579=EDGE_CURVE('',#1244,#1242,#617,.T.);
#1580=EDGE_CURVE('',#1244,#1245,#618,.T.);
#1581=EDGE_CURVE('',#1245,#1243,#619,.T.);
#1582=EDGE_CURVE('',#1246,#1244,#620,.T.);
#1583=EDGE_CURVE('',#1246,#1247,#621,.T.);
#1584=EDGE_CURVE('',#1247,#1245,#622,.T.);
#1585=EDGE_CURVE('',#1248,#1246,#623,.T.);
#1586=EDGE_CURVE('',#1248,#1249,#624,.T.);
#1587=EDGE_CURVE('',#1249,#1247,#625,.T.);
#1588=EDGE_CURVE('',#1250,#1248,#626,.T.);
#1589=EDGE_CURVE('',#1250,#1251,#627,.T.);
#1590=EDGE_CURVE('',#1251,#1249,#628,.T.);
#1591=EDGE_CURVE('',#1231,#1250,#629,.T.);
#1592=EDGE_CURVE('',#1233,#1251,#630,.T.);
#1593=EDGE_CURVE('',#1252,#1253,#631,.T.);
#1594=EDGE_CURVE('',#1252,#1254,#632,.T.);
#1595=EDGE_CURVE('',#1254,#1255,#633,.T.);
#1596=EDGE_CURVE('',#1253,#1255,#634,.T.);
#1597=EDGE_CURVE('',#1256,#1252,#635,.T.);
#1598=EDGE_CURVE('',#1256,#1257,#636,.T.);
#1599=EDGE_CURVE('',#1257,#1254,#637,.T.);
#1600=EDGE_CURVE('',#1258,#1256,#638,.T.);
#1601=EDGE_CURVE('',#1258,#1259,#639,.T.);
#1602=EDGE_CURVE('',#1259,#1257,#640,.T.);
#1603=EDGE_CURVE('',#1260,#1258,#641,.T.);
#1604=EDGE_CURVE('',#1260,#1261,#642,.T.);
#1605=EDGE_CURVE('',#1261,#1259,#643,.T.);
#1606=EDGE_CURVE('',#1262,#1260,#644,.T.);
#1607=EDGE_CURVE('',#1262,#1263,#645,.T.);
#1608=EDGE_CURVE('',#1263,#1261,#646,.T.);
#1609=EDGE_CURVE('',#1264,#1262,#647,.T.);
#1610=EDGE_CURVE('',#1264,#1265,#648,.T.);
#1611=EDGE_CURVE('',#1265,#1263,#649,.T.);
#1612=EDGE_CURVE('',#1266,#1264,#650,.T.);
#1613=EDGE_CURVE('',#1266,#1267,#651,.T.);
#1614=EDGE_CURVE('',#1267,#1265,#652,.T.);
#1615=EDGE_CURVE('',#1268,#1266,#653,.T.);
#1616=EDGE_CURVE('',#1268,#1269,#654,.T.);
#1617=EDGE_CURVE('',#1269,#1267,#655,.T.);
#1618=EDGE_CURVE('',#1253,#1268,#656,.T.);
#1619=EDGE_CURVE('',#1255,#1269,#657,.T.);
#1620=EDGE_CURVE('',#1270,#1271,#658,.T.);
#1621=EDGE_CURVE('',#1271,#1272,#659,.T.);
#1622=EDGE_CURVE('',#1272,#1273,#660,.T.);
#1623=EDGE_CURVE('',#1273,#1270,#661,.T.);
#1624=EDGE_CURVE('',#1274,#1275,#662,.T.);
#1625=EDGE_CURVE('',#1275,#1276,#663,.T.);
#1626=EDGE_CURVE('',#1276,#1277,#664,.F.);
#1627=EDGE_CURVE('',#1277,#1274,#665,.T.);
#1628=EDGE_CURVE('',#1278,#1277,#666,.T.);
#1629=EDGE_CURVE('',#1279,#1278,#667,.T.);
#1630=EDGE_CURVE('',#1274,#1279,#668,.T.);
#1631=EDGE_CURVE('',#1280,#1281,#669,.T.);
#1632=EDGE_CURVE('',#1282,#1280,#670,.T.);
#1633=EDGE_CURVE('',#1283,#1282,#671,.T.);
#1634=EDGE_CURVE('',#1283,#1281,#672,.T.);
#1635=EDGE_CURVE('',#1282,#1275,#673,.T.);
#1636=EDGE_CURVE('',#1276,#1280,#674,.T.);
#1637=EDGE_CURVE('',#1281,#1278,#675,.T.);
#1638=EDGE_CURVE('',#1279,#1283,#676,.T.);
#1639=EDGE_CURVE('',#1284,#1285,#677,.T.);
#1640=EDGE_CURVE('',#1286,#1284,#678,.T.);
#1641=EDGE_CURVE('',#1287,#1286,#679,.T.);
#1642=EDGE_CURVE('',#1285,#1287,#680,.T.);
#1643=EDGE_CURVE('',#1288,#1284,#681,.T.);
#1644=EDGE_CURVE('',#1289,#1288,#682,.T.);
#1645=EDGE_CURVE('',#1290,#1289,#683,.T.);
#1646=EDGE_CURVE('',#1291,#1290,#684,.T.);
#1647=EDGE_CURVE('',#1291,#1286,#685,.T.);
#1648=EDGE_CURVE('',#1292,#1291,#686,.T.);
#1649=EDGE_CURVE('',#1292,#1287,#687,.T.);
#1650=EDGE_CURVE('',#1285,#1293,#688,.T.);
#1651=EDGE_CURVE('',#1294,#1292,#689,.T.);
#1652=EDGE_CURVE('',#1294,#1295,#690,.T.);
#1653=EDGE_CURVE('',#1293,#1295,#691,.T.);
#1654=EDGE_CURVE('',#1295,#1289,#692,.T.);
#1655=EDGE_CURVE('',#1290,#1294,#693,.T.);
#1656=EDGE_CURVE('',#1296,#1297,#694,.T.);
#1657=EDGE_CURVE('',#1298,#1296,#695,.T.);
#1658=EDGE_CURVE('',#1299,#1298,#696,.T.);
#1659=EDGE_CURVE('',#1297,#1299,#697,.T.);
#1660=EDGE_CURVE('',#1300,#1296,#698,.T.);
#1661=EDGE_CURVE('',#1301,#1300,#699,.T.);
#1662=EDGE_CURVE('',#1302,#1301,#700,.T.);
#1663=EDGE_CURVE('',#1303,#1302,#701,.T.);
#1664=EDGE_CURVE('',#1303,#1298,#702,.T.);
#1665=EDGE_CURVE('',#1304,#1303,#703,.T.);
#1666=EDGE_CURVE('',#1304,#1299,#704,.T.);
#1667=EDGE_CURVE('',#1297,#1305,#705,.T.);
#1668=EDGE_CURVE('',#1306,#1304,#706,.T.);
#1669=EDGE_CURVE('',#1306,#1307,#707,.T.);
#1670=EDGE_CURVE('',#1305,#1307,#708,.T.);
#1671=EDGE_CURVE('',#1307,#1301,#709,.T.);
#1672=EDGE_CURVE('',#1302,#1306,#710,.T.);
#1673=EDGE_CURVE('',#1308,#1309,#711,.T.);
#1674=EDGE_CURVE('',#1310,#1308,#712,.T.);
#1675=EDGE_CURVE('',#1311,#1310,#713,.T.);
#1676=EDGE_CURVE('',#1309,#1311,#714,.T.);
#1677=EDGE_CURVE('',#1312,#1308,#715,.T.);
#1678=EDGE_CURVE('',#1313,#1312,#716,.T.);
#1679=EDGE_CURVE('',#1314,#1313,#717,.T.);
#1680=EDGE_CURVE('',#1315,#1314,#718,.T.);
#1681=EDGE_CURVE('',#1315,#1310,#719,.T.);
#1682=EDGE_CURVE('',#1316,#1315,#720,.T.);
#1683=EDGE_CURVE('',#1316,#1311,#721,.T.);
#1684=EDGE_CURVE('',#1309,#1317,#722,.T.);
#1685=EDGE_CURVE('',#1318,#1316,#723,.T.);
#1686=EDGE_CURVE('',#1318,#1319,#724,.T.);
#1687=EDGE_CURVE('',#1317,#1319,#725,.T.);
#1688=EDGE_CURVE('',#1319,#1313,#726,.T.);
#1689=EDGE_CURVE('',#1314,#1318,#727,.T.);
#1690=EDGE_CURVE('',#1320,#1321,#728,.T.);
#1691=EDGE_CURVE('',#1320,#1322,#729,.T.);
#1692=EDGE_CURVE('',#1322,#1323,#730,.T.);
#1693=EDGE_CURVE('',#1323,#1321,#731,.T.);
#1694=EDGE_CURVE('',#1324,#1320,#732,.T.);
#1695=EDGE_CURVE('',#1325,#1324,#733,.T.);
#1696=EDGE_CURVE('',#1326,#1325,#734,.T.);
#1697=EDGE_CURVE('',#1326,#1327,#735,.T.);
#1698=EDGE_CURVE('',#1327,#1322,#736,.T.);
#1699=EDGE_CURVE('',#1327,#1328,#737,.T.);
#1700=EDGE_CURVE('',#1328,#1323,#738,.T.);
#1701=EDGE_CURVE('',#1329,#1325,#739,.T.);
#1702=EDGE_CURVE('',#1330,#1329,#740,.T.);
#1703=EDGE_CURVE('',#1330,#1326,#741,.T.);
#1704=EDGE_CURVE('',#1321,#1331,#742,.T.);
#1705=EDGE_CURVE('',#1328,#1330,#743,.T.);
#1706=EDGE_CURVE('',#1331,#1329,#744,.T.);
#1707=EDGE_CURVE('',#1332,#1333,#745,.T.);
#1708=EDGE_CURVE('',#1332,#1334,#746,.T.);
#1709=EDGE_CURVE('',#1334,#1335,#747,.T.);
#1710=EDGE_CURVE('',#1335,#1333,#748,.T.);
#1711=EDGE_CURVE('',#1336,#1332,#749,.T.);
#1712=EDGE_CURVE('',#1337,#1336,#750,.T.);
#1713=EDGE_CURVE('',#1338,#1337,#751,.T.);
#1714=EDGE_CURVE('',#1338,#1339,#752,.T.);
#1715=EDGE_CURVE('',#1339,#1334,#753,.T.);
#1716=EDGE_CURVE('',#1339,#1340,#754,.T.);
#1717=EDGE_CURVE('',#1340,#1335,#755,.T.);
#1718=EDGE_CURVE('',#1341,#1337,#756,.T.);
#1719=EDGE_CURVE('',#1342,#1341,#757,.T.);
#1720=EDGE_CURVE('',#1342,#1338,#758,.T.);
#1721=EDGE_CURVE('',#1333,#1343,#759,.T.);
#1722=EDGE_CURVE('',#1340,#1342,#760,.T.);
#1723=EDGE_CURVE('',#1343,#1341,#761,.T.);
#1724=EDGE_CURVE('',#1344,#1345,#762,.T.);
#1725=EDGE_CURVE('',#1344,#1346,#763,.T.);
#1726=EDGE_CURVE('',#1346,#1347,#764,.T.);
#1727=EDGE_CURVE('',#1347,#1345,#765,.T.);
#1728=EDGE_CURVE('',#1348,#1344,#766,.T.);
#1729=EDGE_CURVE('',#1349,#1348,#767,.T.);
#1730=EDGE_CURVE('',#1350,#1349,#768,.T.);
#1731=EDGE_CURVE('',#1350,#1351,#769,.T.);
#1732=EDGE_CURVE('',#1351,#1346,#770,.T.);
#1733=EDGE_CURVE('',#1351,#1352,#771,.T.);
#1734=EDGE_CURVE('',#1352,#1347,#772,.T.);
#1735=EDGE_CURVE('',#1353,#1349,#773,.T.);
#1736=EDGE_CURVE('',#1354,#1353,#774,.T.);
#1737=EDGE_CURVE('',#1354,#1350,#775,.T.);
#1738=EDGE_CURVE('',#1345,#1355,#776,.T.);
#1739=EDGE_CURVE('',#1352,#1354,#777,.T.);
#1740=EDGE_CURVE('',#1355,#1353,#778,.T.);
#1741=EDGE_CURVE('',#1312,#1305,#779,.T.);
#1742=EDGE_CURVE('',#1300,#1356,#780,.T.);
#1743=EDGE_CURVE('',#1356,#1357,#781,.T.);
#1744=EDGE_CURVE('',#1357,#1343,#782,.T.);
#1745=EDGE_CURVE('',#1336,#1355,#783,.T.);
#1746=EDGE_CURVE('',#1348,#1331,#784,.T.);
#1747=EDGE_CURVE('',#1324,#1358,#785,.T.);
#1748=EDGE_CURVE('',#1358,#1359,#786,.T.);
#1749=EDGE_CURVE('',#1359,#1293,#787,.T.);
#1750=EDGE_CURVE('',#1288,#1317,#788,.T.);
#1751=EDGE_CURVE('',#1272,#1357,#789,.T.);
#1752=EDGE_CURVE('',#1271,#1358,#790,.T.);
#1753=EDGE_CURVE('',#1273,#1356,#791,.T.);
#1754=EDGE_CURVE('',#1270,#1359,#792,.T.);
#1755=ORIENTED_EDGE('',*,*,#1360,.F.);
#1756=ORIENTED_EDGE('',*,*,#1361,.T.);
#1757=ORIENTED_EDGE('',*,*,#1362,.T.);
#1758=ORIENTED_EDGE('',*,*,#1363,.F.);
#1759=ORIENTED_EDGE('',*,*,#1364,.F.);
#1760=ORIENTED_EDGE('',*,*,#1363,.T.);
#1761=ORIENTED_EDGE('',*,*,#1365,.T.);
#1762=ORIENTED_EDGE('',*,*,#1366,.F.);
#1763=ORIENTED_EDGE('',*,*,#1367,.F.);
#1764=ORIENTED_EDGE('',*,*,#1366,.T.);
#1765=ORIENTED_EDGE('',*,*,#1368,.T.);
#1766=ORIENTED_EDGE('',*,*,#1361,.F.);
#1767=ORIENTED_EDGE('',*,*,#1369,.F.);
#1768=ORIENTED_EDGE('',*,*,#1370,.T.);
#1769=ORIENTED_EDGE('',*,*,#1371,.T.);
#1770=ORIENTED_EDGE('',*,*,#1372,.F.);
#1771=ORIENTED_EDGE('',*,*,#1373,.F.);
#1772=ORIENTED_EDGE('',*,*,#1374,.T.);
#1773=ORIENTED_EDGE('',*,*,#1375,.T.);
#1774=ORIENTED_EDGE('',*,*,#1370,.F.);
#1775=ORIENTED_EDGE('',*,*,#1376,.F.);
#1776=ORIENTED_EDGE('',*,*,#1377,.T.);
#1777=ORIENTED_EDGE('',*,*,#1378,.T.);
#1778=ORIENTED_EDGE('',*,*,#1374,.F.);
#1779=ORIENTED_EDGE('',*,*,#1379,.F.);
#1780=ORIENTED_EDGE('',*,*,#1380,.T.);
#1781=ORIENTED_EDGE('',*,*,#1381,.T.);
#1782=ORIENTED_EDGE('',*,*,#1377,.F.);
#1783=ORIENTED_EDGE('',*,*,#1382,.F.);
#1784=ORIENTED_EDGE('',*,*,#1383,.T.);
#1785=ORIENTED_EDGE('',*,*,#1384,.T.);
#1786=ORIENTED_EDGE('',*,*,#1380,.F.);
#1787=ORIENTED_EDGE('',*,*,#1385,.F.);
#1788=ORIENTED_EDGE('',*,*,#1386,.T.);
#1789=ORIENTED_EDGE('',*,*,#1387,.T.);
#1790=ORIENTED_EDGE('',*,*,#1383,.F.);
#1791=ORIENTED_EDGE('',*,*,#1388,.F.);
#1792=ORIENTED_EDGE('',*,*,#1389,.T.);
#1793=ORIENTED_EDGE('',*,*,#1390,.T.);
#1794=ORIENTED_EDGE('',*,*,#1386,.F.);
#1795=ORIENTED_EDGE('',*,*,#1391,.F.);
#1796=ORIENTED_EDGE('',*,*,#1392,.T.);
#1797=ORIENTED_EDGE('',*,*,#1393,.T.);
#1798=ORIENTED_EDGE('',*,*,#1389,.F.);
#1799=ORIENTED_EDGE('',*,*,#1394,.F.);
#1800=ORIENTED_EDGE('',*,*,#1395,.T.);
#1801=ORIENTED_EDGE('',*,*,#1396,.T.);
#1802=ORIENTED_EDGE('',*,*,#1392,.F.);
#1803=ORIENTED_EDGE('',*,*,#1397,.F.);
#1804=ORIENTED_EDGE('',*,*,#1372,.T.);
#1805=ORIENTED_EDGE('',*,*,#1398,.T.);
#1806=ORIENTED_EDGE('',*,*,#1395,.F.);
#1807=ORIENTED_EDGE('',*,*,#1398,.F.);
#1808=ORIENTED_EDGE('',*,*,#1371,.F.);
#1809=ORIENTED_EDGE('',*,*,#1375,.F.);
#1810=ORIENTED_EDGE('',*,*,#1378,.F.);
#1811=ORIENTED_EDGE('',*,*,#1381,.F.);
#1812=ORIENTED_EDGE('',*,*,#1384,.F.);
#1813=ORIENTED_EDGE('',*,*,#1387,.F.);
#1814=ORIENTED_EDGE('',*,*,#1390,.F.);
#1815=ORIENTED_EDGE('',*,*,#1393,.F.);
#1816=ORIENTED_EDGE('',*,*,#1396,.F.);
#1817=ORIENTED_EDGE('',*,*,#1362,.F.);
#1818=ORIENTED_EDGE('',*,*,#1368,.F.);
#1819=ORIENTED_EDGE('',*,*,#1365,.F.);
#1820=ORIENTED_EDGE('',*,*,#1399,.F.);
#1821=ORIENTED_EDGE('',*,*,#1400,.T.);
#1822=ORIENTED_EDGE('',*,*,#1401,.T.);
#1823=ORIENTED_EDGE('',*,*,#1402,.F.);
#1824=ORIENTED_EDGE('',*,*,#1403,.F.);
#1825=ORIENTED_EDGE('',*,*,#1402,.T.);
#1826=ORIENTED_EDGE('',*,*,#1404,.T.);
#1827=ORIENTED_EDGE('',*,*,#1405,.F.);
#1828=ORIENTED_EDGE('',*,*,#1406,.F.);
#1829=ORIENTED_EDGE('',*,*,#1405,.T.);
#1830=ORIENTED_EDGE('',*,*,#1407,.T.);
#1831=ORIENTED_EDGE('',*,*,#1408,.F.);
#1832=ORIENTED_EDGE('',*,*,#1409,.F.);
#1833=ORIENTED_EDGE('',*,*,#1408,.T.);
#1834=ORIENTED_EDGE('',*,*,#1410,.T.);
#1835=ORIENTED_EDGE('',*,*,#1411,.F.);
#1836=ORIENTED_EDGE('',*,*,#1412,.F.);
#1837=ORIENTED_EDGE('',*,*,#1411,.T.);
#1838=ORIENTED_EDGE('',*,*,#1413,.T.);
#1839=ORIENTED_EDGE('',*,*,#1400,.F.);
#1840=ORIENTED_EDGE('',*,*,#1414,.F.);
#1841=ORIENTED_EDGE('',*,*,#1415,.T.);
#1842=ORIENTED_EDGE('',*,*,#1416,.T.);
#1843=ORIENTED_EDGE('',*,*,#1417,.F.);
#1844=ORIENTED_EDGE('',*,*,#1418,.F.);
#1845=ORIENTED_EDGE('',*,*,#1419,.T.);
#1846=ORIENTED_EDGE('',*,*,#1420,.T.);
#1847=ORIENTED_EDGE('',*,*,#1415,.F.);
#1848=ORIENTED_EDGE('',*,*,#1421,.F.);
#1849=ORIENTED_EDGE('',*,*,#1422,.T.);
#1850=ORIENTED_EDGE('',*,*,#1423,.T.);
#1851=ORIENTED_EDGE('',*,*,#1419,.F.);
#1852=ORIENTED_EDGE('',*,*,#1424,.F.);
#1853=ORIENTED_EDGE('',*,*,#1425,.T.);
#1854=ORIENTED_EDGE('',*,*,#1426,.T.);
#1855=ORIENTED_EDGE('',*,*,#1422,.F.);
#1856=ORIENTED_EDGE('',*,*,#1427,.F.);
#1857=ORIENTED_EDGE('',*,*,#1428,.T.);
#1858=ORIENTED_EDGE('',*,*,#1429,.T.);
#1859=ORIENTED_EDGE('',*,*,#1425,.F.);
#1860=ORIENTED_EDGE('',*,*,#1430,.F.);
#1861=ORIENTED_EDGE('',*,*,#1431,.T.);
#1862=ORIENTED_EDGE('',*,*,#1432,.T.);
#1863=ORIENTED_EDGE('',*,*,#1428,.F.);
#1864=ORIENTED_EDGE('',*,*,#1433,.F.);
#1865=ORIENTED_EDGE('',*,*,#1434,.T.);
#1866=ORIENTED_EDGE('',*,*,#1435,.T.);
#1867=ORIENTED_EDGE('',*,*,#1431,.F.);
#1868=ORIENTED_EDGE('',*,*,#1436,.F.);
#1869=ORIENTED_EDGE('',*,*,#1437,.T.);
#1870=ORIENTED_EDGE('',*,*,#1438,.T.);
#1871=ORIENTED_EDGE('',*,*,#1434,.F.);
#1872=ORIENTED_EDGE('',*,*,#1439,.F.);
#1873=ORIENTED_EDGE('',*,*,#1417,.T.);
#1874=ORIENTED_EDGE('',*,*,#1440,.T.);
#1875=ORIENTED_EDGE('',*,*,#1437,.F.);
#1876=ORIENTED_EDGE('',*,*,#1440,.F.);
#1877=ORIENTED_EDGE('',*,*,#1416,.F.);
#1878=ORIENTED_EDGE('',*,*,#1420,.F.);
#1879=ORIENTED_EDGE('',*,*,#1423,.F.);
#1880=ORIENTED_EDGE('',*,*,#1426,.F.);
#1881=ORIENTED_EDGE('',*,*,#1429,.F.);
#1882=ORIENTED_EDGE('',*,*,#1432,.F.);
#1883=ORIENTED_EDGE('',*,*,#1435,.F.);
#1884=ORIENTED_EDGE('',*,*,#1438,.F.);
#1885=ORIENTED_EDGE('',*,*,#1401,.F.);
#1886=ORIENTED_EDGE('',*,*,#1413,.F.);
#1887=ORIENTED_EDGE('',*,*,#1410,.F.);
#1888=ORIENTED_EDGE('',*,*,#1407,.F.);
#1889=ORIENTED_EDGE('',*,*,#1404,.F.);
#1890=ORIENTED_EDGE('',*,*,#1441,.F.);
#1891=ORIENTED_EDGE('',*,*,#1442,.T.);
#1892=ORIENTED_EDGE('',*,*,#1443,.T.);
#1893=ORIENTED_EDGE('',*,*,#1444,.F.);
#1894=ORIENTED_EDGE('',*,*,#1445,.F.);
#1895=ORIENTED_EDGE('',*,*,#1444,.T.);
#1896=ORIENTED_EDGE('',*,*,#1446,.T.);
#1897=ORIENTED_EDGE('',*,*,#1447,.F.);
#1898=ORIENTED_EDGE('',*,*,#1448,.F.);
#1899=ORIENTED_EDGE('',*,*,#1447,.T.);
#1900=ORIENTED_EDGE('',*,*,#1449,.T.);
#1901=ORIENTED_EDGE('',*,*,#1450,.F.);
#1902=ORIENTED_EDGE('',*,*,#1451,.F.);
#1903=ORIENTED_EDGE('',*,*,#1450,.T.);
#1904=ORIENTED_EDGE('',*,*,#1452,.T.);
#1905=ORIENTED_EDGE('',*,*,#1442,.F.);
#1906=ORIENTED_EDGE('',*,*,#1453,.F.);
#1907=ORIENTED_EDGE('',*,*,#1454,.T.);
#1908=ORIENTED_EDGE('',*,*,#1455,.T.);
#1909=ORIENTED_EDGE('',*,*,#1456,.F.);
#1910=ORIENTED_EDGE('',*,*,#1457,.F.);
#1911=ORIENTED_EDGE('',*,*,#1458,.T.);
#1912=ORIENTED_EDGE('',*,*,#1459,.T.);
#1913=ORIENTED_EDGE('',*,*,#1454,.F.);
#1914=ORIENTED_EDGE('',*,*,#1460,.F.);
#1915=ORIENTED_EDGE('',*,*,#1461,.T.);
#1916=ORIENTED_EDGE('',*,*,#1462,.T.);
#1917=ORIENTED_EDGE('',*,*,#1458,.F.);
#1918=ORIENTED_EDGE('',*,*,#1463,.F.);
#1919=ORIENTED_EDGE('',*,*,#1456,.T.);
#1920=ORIENTED_EDGE('',*,*,#1464,.T.);
#1921=ORIENTED_EDGE('',*,*,#1461,.F.);
#1922=ORIENTED_EDGE('',*,*,#1464,.F.);
#1923=ORIENTED_EDGE('',*,*,#1455,.F.);
#1924=ORIENTED_EDGE('',*,*,#1459,.F.);
#1925=ORIENTED_EDGE('',*,*,#1462,.F.);
#1926=ORIENTED_EDGE('',*,*,#1443,.F.);
#1927=ORIENTED_EDGE('',*,*,#1452,.F.);
#1928=ORIENTED_EDGE('',*,*,#1449,.F.);
#1929=ORIENTED_EDGE('',*,*,#1446,.F.);
#1930=ORIENTED_EDGE('',*,*,#1465,.F.);
#1931=ORIENTED_EDGE('',*,*,#1466,.T.);
#1932=ORIENTED_EDGE('',*,*,#1467,.T.);
#1933=ORIENTED_EDGE('',*,*,#1468,.F.);
#1934=ORIENTED_EDGE('',*,*,#1469,.F.);
#1935=ORIENTED_EDGE('',*,*,#1468,.T.);
#1936=ORIENTED_EDGE('',*,*,#1470,.T.);
#1937=ORIENTED_EDGE('',*,*,#1471,.F.);
#1938=ORIENTED_EDGE('',*,*,#1472,.F.);
#1939=ORIENTED_EDGE('',*,*,#1471,.T.);
#1940=ORIENTED_EDGE('',*,*,#1473,.T.);
#1941=ORIENTED_EDGE('',*,*,#1474,.F.);
#1942=ORIENTED_EDGE('',*,*,#1475,.F.);
#1943=ORIENTED_EDGE('',*,*,#1474,.T.);
#1944=ORIENTED_EDGE('',*,*,#1476,.T.);
#1945=ORIENTED_EDGE('',*,*,#1466,.F.);
#1946=ORIENTED_EDGE('',*,*,#1477,.F.);
#1947=ORIENTED_EDGE('',*,*,#1478,.T.);
#1948=ORIENTED_EDGE('',*,*,#1479,.T.);
#1949=ORIENTED_EDGE('',*,*,#1480,.F.);
#1950=ORIENTED_EDGE('',*,*,#1481,.F.);
#1951=ORIENTED_EDGE('',*,*,#1482,.T.);
#1952=ORIENTED_EDGE('',*,*,#1483,.T.);
#1953=ORIENTED_EDGE('',*,*,#1478,.F.);
#1954=ORIENTED_EDGE('',*,*,#1484,.F.);
#1955=ORIENTED_EDGE('',*,*,#1485,.T.);
#1956=ORIENTED_EDGE('',*,*,#1486,.T.);
#1957=ORIENTED_EDGE('',*,*,#1482,.F.);
#1958=ORIENTED_EDGE('',*,*,#1487,.F.);
#1959=ORIENTED_EDGE('',*,*,#1480,.T.);
#1960=ORIENTED_EDGE('',*,*,#1488,.T.);
#1961=ORIENTED_EDGE('',*,*,#1485,.F.);
#1962=ORIENTED_EDGE('',*,*,#1488,.F.);
#1963=ORIENTED_EDGE('',*,*,#1479,.F.);
#1964=ORIENTED_EDGE('',*,*,#1483,.F.);
#1965=ORIENTED_EDGE('',*,*,#1486,.F.);
#1966=ORIENTED_EDGE('',*,*,#1467,.F.);
#1967=ORIENTED_EDGE('',*,*,#1476,.F.);
#1968=ORIENTED_EDGE('',*,*,#1473,.F.);
#1969=ORIENTED_EDGE('',*,*,#1470,.F.);
#1970=ORIENTED_EDGE('',*,*,#1489,.F.);
#1971=ORIENTED_EDGE('',*,*,#1490,.T.);
#1972=ORIENTED_EDGE('',*,*,#1491,.T.);
#1973=ORIENTED_EDGE('',*,*,#1492,.F.);
#1974=ORIENTED_EDGE('',*,*,#1493,.F.);
#1975=ORIENTED_EDGE('',*,*,#1492,.T.);
#1976=ORIENTED_EDGE('',*,*,#1494,.T.);
#1977=ORIENTED_EDGE('',*,*,#1495,.F.);
#1978=ORIENTED_EDGE('',*,*,#1496,.F.);
#1979=ORIENTED_EDGE('',*,*,#1495,.T.);
#1980=ORIENTED_EDGE('',*,*,#1497,.T.);
#1981=ORIENTED_EDGE('',*,*,#1498,.F.);
#1982=ORIENTED_EDGE('',*,*,#1499,.F.);
#1983=ORIENTED_EDGE('',*,*,#1498,.T.);
#1984=ORIENTED_EDGE('',*,*,#1500,.T.);
#1985=ORIENTED_EDGE('',*,*,#1490,.F.);
#1986=ORIENTED_EDGE('',*,*,#1501,.F.);
#1987=ORIENTED_EDGE('',*,*,#1502,.T.);
#1988=ORIENTED_EDGE('',*,*,#1503,.T.);
#1989=ORIENTED_EDGE('',*,*,#1504,.F.);
#1990=ORIENTED_EDGE('',*,*,#1505,.F.);
#1991=ORIENTED_EDGE('',*,*,#1506,.T.);
#1992=ORIENTED_EDGE('',*,*,#1507,.T.);
#1993=ORIENTED_EDGE('',*,*,#1502,.F.);
#1994=ORIENTED_EDGE('',*,*,#1508,.F.);
#1995=ORIENTED_EDGE('',*,*,#1509,.T.);
#1996=ORIENTED_EDGE('',*,*,#1510,.T.);
#1997=ORIENTED_EDGE('',*,*,#1506,.F.);
#1998=ORIENTED_EDGE('',*,*,#1511,.F.);
#1999=ORIENTED_EDGE('',*,*,#1504,.T.);
#2000=ORIENTED_EDGE('',*,*,#1512,.T.);
#2001=ORIENTED_EDGE('',*,*,#1509,.F.);
#2002=ORIENTED_EDGE('',*,*,#1512,.F.);
#2003=ORIENTED_EDGE('',*,*,#1503,.F.);
#2004=ORIENTED_EDGE('',*,*,#1507,.F.);
#2005=ORIENTED_EDGE('',*,*,#1510,.F.);
#2006=ORIENTED_EDGE('',*,*,#1491,.F.);
#2007=ORIENTED_EDGE('',*,*,#1500,.F.);
#2008=ORIENTED_EDGE('',*,*,#1497,.F.);
#2009=ORIENTED_EDGE('',*,*,#1494,.F.);
#2010=ORIENTED_EDGE('',*,*,#1513,.T.);
#2011=ORIENTED_EDGE('',*,*,#1514,.F.);
#2012=ORIENTED_EDGE('',*,*,#1513,.F.);
#2013=ORIENTED_EDGE('',*,*,#1515,.F.);
#2014=ORIENTED_EDGE('',*,*,#1516,.T.);
#2015=ORIENTED_EDGE('',*,*,#1517,.T.);
#2016=ORIENTED_EDGE('',*,*,#1518,.F.);
#2017=ORIENTED_EDGE('',*,*,#1519,.F.);
#2018=ORIENTED_EDGE('',*,*,#1518,.T.);
#2019=ORIENTED_EDGE('',*,*,#1520,.T.);
#2020=ORIENTED_EDGE('',*,*,#1521,.F.);
#2021=ORIENTED_EDGE('',*,*,#1522,.F.);
#2022=ORIENTED_EDGE('',*,*,#1521,.T.);
#2023=ORIENTED_EDGE('',*,*,#1523,.T.);
#2024=ORIENTED_EDGE('',*,*,#1524,.F.);
#2025=ORIENTED_EDGE('',*,*,#1525,.F.);
#2026=ORIENTED_EDGE('',*,*,#1524,.T.);
#2027=ORIENTED_EDGE('',*,*,#1526,.T.);
#2028=ORIENTED_EDGE('',*,*,#1527,.F.);
#2029=ORIENTED_EDGE('',*,*,#1528,.F.);
#2030=ORIENTED_EDGE('',*,*,#1527,.T.);
#2031=ORIENTED_EDGE('',*,*,#1529,.T.);
#2032=ORIENTED_EDGE('',*,*,#1516,.F.);
#2033=ORIENTED_EDGE('',*,*,#1530,.F.);
#2034=ORIENTED_EDGE('',*,*,#1531,.T.);
#2035=ORIENTED_EDGE('',*,*,#1532,.T.);
#2036=ORIENTED_EDGE('',*,*,#1533,.F.);
#2037=ORIENTED_EDGE('',*,*,#1534,.F.);
#2038=ORIENTED_EDGE('',*,*,#1535,.T.);
#2039=ORIENTED_EDGE('',*,*,#1536,.T.);
#2040=ORIENTED_EDGE('',*,*,#1531,.F.);
#2041=ORIENTED_EDGE('',*,*,#1537,.F.);
#2042=ORIENTED_EDGE('',*,*,#1538,.T.);
#2043=ORIENTED_EDGE('',*,*,#1539,.T.);
#2044=ORIENTED_EDGE('',*,*,#1535,.F.);
#2045=ORIENTED_EDGE('',*,*,#1540,.F.);
#2046=ORIENTED_EDGE('',*,*,#1541,.T.);
#2047=ORIENTED_EDGE('',*,*,#1542,.T.);
#2048=ORIENTED_EDGE('',*,*,#1538,.F.);
#2049=ORIENTED_EDGE('',*,*,#1543,.F.);
#2050=ORIENTED_EDGE('',*,*,#1533,.T.);
#2051=ORIENTED_EDGE('',*,*,#1544,.T.);
#2052=ORIENTED_EDGE('',*,*,#1541,.F.);
#2053=ORIENTED_EDGE('',*,*,#1544,.F.);
#2054=ORIENTED_EDGE('',*,*,#1532,.F.);
#2055=ORIENTED_EDGE('',*,*,#1536,.F.);
#2056=ORIENTED_EDGE('',*,*,#1539,.F.);
#2057=ORIENTED_EDGE('',*,*,#1542,.F.);
#2058=ORIENTED_EDGE('',*,*,#1517,.F.);
#2059=ORIENTED_EDGE('',*,*,#1529,.F.);
#2060=ORIENTED_EDGE('',*,*,#1526,.F.);
#2061=ORIENTED_EDGE('',*,*,#1523,.F.);
#2062=ORIENTED_EDGE('',*,*,#1520,.F.);
#2063=ORIENTED_EDGE('',*,*,#1545,.F.);
#2064=ORIENTED_EDGE('',*,*,#1546,.T.);
#2065=ORIENTED_EDGE('',*,*,#1547,.T.);
#2066=ORIENTED_EDGE('',*,*,#1548,.F.);
#2067=ORIENTED_EDGE('',*,*,#1549,.F.);
#2068=ORIENTED_EDGE('',*,*,#1548,.T.);
#2069=ORIENTED_EDGE('',*,*,#1550,.T.);
#2070=ORIENTED_EDGE('',*,*,#1551,.F.);
#2071=ORIENTED_EDGE('',*,*,#1552,.F.);
#2072=ORIENTED_EDGE('',*,*,#1551,.T.);
#2073=ORIENTED_EDGE('',*,*,#1553,.T.);
#2074=ORIENTED_EDGE('',*,*,#1554,.F.);
#2075=ORIENTED_EDGE('',*,*,#1555,.F.);
#2076=ORIENTED_EDGE('',*,*,#1554,.T.);
#2077=ORIENTED_EDGE('',*,*,#1556,.T.);
#2078=ORIENTED_EDGE('',*,*,#1557,.F.);
#2079=ORIENTED_EDGE('',*,*,#1558,.F.);
#2080=ORIENTED_EDGE('',*,*,#1557,.T.);
#2081=ORIENTED_EDGE('',*,*,#1559,.T.);
#2082=ORIENTED_EDGE('',*,*,#1546,.F.);
#2083=ORIENTED_EDGE('',*,*,#1560,.F.);
#2084=ORIENTED_EDGE('',*,*,#1561,.T.);
#2085=ORIENTED_EDGE('',*,*,#1562,.T.);
#2086=ORIENTED_EDGE('',*,*,#1563,.F.);
#2087=ORIENTED_EDGE('',*,*,#1564,.F.);
#2088=ORIENTED_EDGE('',*,*,#1565,.T.);
#2089=ORIENTED_EDGE('',*,*,#1566,.T.);
#2090=ORIENTED_EDGE('',*,*,#1561,.F.);
#2091=ORIENTED_EDGE('',*,*,#1567,.F.);
#2092=ORIENTED_EDGE('',*,*,#1568,.T.);
#2093=ORIENTED_EDGE('',*,*,#1569,.T.);
#2094=ORIENTED_EDGE('',*,*,#1565,.F.);
#2095=ORIENTED_EDGE('',*,*,#1570,.F.);
#2096=ORIENTED_EDGE('',*,*,#1571,.T.);
#2097=ORIENTED_EDGE('',*,*,#1572,.T.);
#2098=ORIENTED_EDGE('',*,*,#1568,.F.);
#2099=ORIENTED_EDGE('',*,*,#1573,.F.);
#2100=ORIENTED_EDGE('',*,*,#1574,.T.);
#2101=ORIENTED_EDGE('',*,*,#1575,.T.);
#2102=ORIENTED_EDGE('',*,*,#1571,.F.);
#2103=ORIENTED_EDGE('',*,*,#1576,.F.);
#2104=ORIENTED_EDGE('',*,*,#1577,.T.);
#2105=ORIENTED_EDGE('',*,*,#1578,.T.);
#2106=ORIENTED_EDGE('',*,*,#1574,.F.);
#2107=ORIENTED_EDGE('',*,*,#1579,.F.);
#2108=ORIENTED_EDGE('',*,*,#1580,.T.);
#2109=ORIENTED_EDGE('',*,*,#1581,.T.);
#2110=ORIENTED_EDGE('',*,*,#1577,.F.);
#2111=ORIENTED_EDGE('',*,*,#1582,.F.);
#2112=ORIENTED_EDGE('',*,*,#1583,.T.);
#2113=ORIENTED_EDGE('',*,*,#1584,.T.);
#2114=ORIENTED_EDGE('',*,*,#1580,.F.);
#2115=ORIENTED_EDGE('',*,*,#1585,.F.);
#2116=ORIENTED_EDGE('',*,*,#1586,.T.);
#2117=ORIENTED_EDGE('',*,*,#1587,.T.);
#2118=ORIENTED_EDGE('',*,*,#1583,.F.);
#2119=ORIENTED_EDGE('',*,*,#1588,.F.);
#2120=ORIENTED_EDGE('',*,*,#1589,.T.);
#2121=ORIENTED_EDGE('',*,*,#1590,.T.);
#2122=ORIENTED_EDGE('',*,*,#1586,.F.);
#2123=ORIENTED_EDGE('',*,*,#1591,.F.);
#2124=ORIENTED_EDGE('',*,*,#1563,.T.);
#2125=ORIENTED_EDGE('',*,*,#1592,.T.);
#2126=ORIENTED_EDGE('',*,*,#1589,.F.);
#2127=ORIENTED_EDGE('',*,*,#1592,.F.);
#2128=ORIENTED_EDGE('',*,*,#1562,.F.);
#2129=ORIENTED_EDGE('',*,*,#1566,.F.);
#2130=ORIENTED_EDGE('',*,*,#1569,.F.);
#2131=ORIENTED_EDGE('',*,*,#1572,.F.);
#2132=ORIENTED_EDGE('',*,*,#1575,.F.);
#2133=ORIENTED_EDGE('',*,*,#1578,.F.);
#2134=ORIENTED_EDGE('',*,*,#1581,.F.);
#2135=ORIENTED_EDGE('',*,*,#1584,.F.);
#2136=ORIENTED_EDGE('',*,*,#1587,.F.);
#2137=ORIENTED_EDGE('',*,*,#1590,.F.);
#2138=ORIENTED_EDGE('',*,*,#1547,.F.);
#2139=ORIENTED_EDGE('',*,*,#1559,.F.);
#2140=ORIENTED_EDGE('',*,*,#1556,.F.);
#2141=ORIENTED_EDGE('',*,*,#1553,.F.);
#2142=ORIENTED_EDGE('',*,*,#1550,.F.);
#2143=ORIENTED_EDGE('',*,*,#1593,.F.);
#2144=ORIENTED_EDGE('',*,*,#1594,.T.);
#2145=ORIENTED_EDGE('',*,*,#1595,.T.);
#2146=ORIENTED_EDGE('',*,*,#1596,.F.);
#2147=ORIENTED_EDGE('',*,*,#1597,.F.);
#2148=ORIENTED_EDGE('',*,*,#1598,.T.);
#2149=ORIENTED_EDGE('',*,*,#1599,.T.);
#2150=ORIENTED_EDGE('',*,*,#1594,.F.);
#2151=ORIENTED_EDGE('',*,*,#1600,.F.);
#2152=ORIENTED_EDGE('',*,*,#1601,.T.);
#2153=ORIENTED_EDGE('',*,*,#1602,.T.);
#2154=ORIENTED_EDGE('',*,*,#1598,.F.);
#2155=ORIENTED_EDGE('',*,*,#1603,.F.);
#2156=ORIENTED_EDGE('',*,*,#1604,.T.);
#2157=ORIENTED_EDGE('',*,*,#1605,.T.);
#2158=ORIENTED_EDGE('',*,*,#1601,.F.);
#2159=ORIENTED_EDGE('',*,*,#1606,.F.);
#2160=ORIENTED_EDGE('',*,*,#1607,.T.);
#2161=ORIENTED_EDGE('',*,*,#1608,.T.);
#2162=ORIENTED_EDGE('',*,*,#1604,.F.);
#2163=ORIENTED_EDGE('',*,*,#1609,.F.);
#2164=ORIENTED_EDGE('',*,*,#1610,.T.);
#2165=ORIENTED_EDGE('',*,*,#1611,.T.);
#2166=ORIENTED_EDGE('',*,*,#1607,.F.);
#2167=ORIENTED_EDGE('',*,*,#1612,.F.);
#2168=ORIENTED_EDGE('',*,*,#1613,.T.);
#2169=ORIENTED_EDGE('',*,*,#1614,.T.);
#2170=ORIENTED_EDGE('',*,*,#1610,.F.);
#2171=ORIENTED_EDGE('',*,*,#1615,.F.);
#2172=ORIENTED_EDGE('',*,*,#1616,.T.);
#2173=ORIENTED_EDGE('',*,*,#1617,.T.);
#2174=ORIENTED_EDGE('',*,*,#1613,.F.);
#2175=ORIENTED_EDGE('',*,*,#1618,.F.);
#2176=ORIENTED_EDGE('',*,*,#1596,.T.);
#2177=ORIENTED_EDGE('',*,*,#1619,.T.);
#2178=ORIENTED_EDGE('',*,*,#1616,.F.);
#2179=ORIENTED_EDGE('',*,*,#1619,.F.);
#2180=ORIENTED_EDGE('',*,*,#1595,.F.);
#2181=ORIENTED_EDGE('',*,*,#1599,.F.);
#2182=ORIENTED_EDGE('',*,*,#1602,.F.);
#2183=ORIENTED_EDGE('',*,*,#1605,.F.);
#2184=ORIENTED_EDGE('',*,*,#1608,.F.);
#2185=ORIENTED_EDGE('',*,*,#1611,.F.);
#2186=ORIENTED_EDGE('',*,*,#1614,.F.);
#2187=ORIENTED_EDGE('',*,*,#1617,.F.);
#2188=ORIENTED_EDGE('',*,*,#1620,.T.);
#2189=ORIENTED_EDGE('',*,*,#1621,.T.);
#2190=ORIENTED_EDGE('',*,*,#1622,.T.);
#2191=ORIENTED_EDGE('',*,*,#1623,.T.);
#2192=ORIENTED_EDGE('',*,*,#1593,.T.);
#2193=ORIENTED_EDGE('',*,*,#1618,.T.);
#2194=ORIENTED_EDGE('',*,*,#1615,.T.);
#2195=ORIENTED_EDGE('',*,*,#1612,.T.);
#2196=ORIENTED_EDGE('',*,*,#1609,.T.);
#2197=ORIENTED_EDGE('',*,*,#1606,.T.);
#2198=ORIENTED_EDGE('',*,*,#1603,.T.);
#2199=ORIENTED_EDGE('',*,*,#1600,.T.);
#2200=ORIENTED_EDGE('',*,*,#1597,.T.);
#2201=ORIENTED_EDGE('',*,*,#1560,.T.);
#2202=ORIENTED_EDGE('',*,*,#1591,.T.);
#2203=ORIENTED_EDGE('',*,*,#1588,.T.);
#2204=ORIENTED_EDGE('',*,*,#1585,.T.);
#2205=ORIENTED_EDGE('',*,*,#1582,.T.);
#2206=ORIENTED_EDGE('',*,*,#1579,.T.);
#2207=ORIENTED_EDGE('',*,*,#1576,.T.);
#2208=ORIENTED_EDGE('',*,*,#1573,.T.);
#2209=ORIENTED_EDGE('',*,*,#1570,.T.);
#2210=ORIENTED_EDGE('',*,*,#1567,.T.);
#2211=ORIENTED_EDGE('',*,*,#1564,.T.);
#2212=ORIENTED_EDGE('',*,*,#1530,.T.);
#2213=ORIENTED_EDGE('',*,*,#1543,.T.);
#2214=ORIENTED_EDGE('',*,*,#1540,.T.);
#2215=ORIENTED_EDGE('',*,*,#1537,.T.);
#2216=ORIENTED_EDGE('',*,*,#1534,.T.);
#2217=ORIENTED_EDGE('',*,*,#1514,.T.);
#2218=ORIENTED_EDGE('',*,*,#1501,.T.);
#2219=ORIENTED_EDGE('',*,*,#1511,.T.);
#2220=ORIENTED_EDGE('',*,*,#1508,.T.);
#2221=ORIENTED_EDGE('',*,*,#1505,.T.);
#2222=ORIENTED_EDGE('',*,*,#1477,.T.);
#2223=ORIENTED_EDGE('',*,*,#1487,.T.);
#2224=ORIENTED_EDGE('',*,*,#1484,.T.);
#2225=ORIENTED_EDGE('',*,*,#1481,.T.);
#2226=ORIENTED_EDGE('',*,*,#1453,.T.);
#2227=ORIENTED_EDGE('',*,*,#1463,.T.);
#2228=ORIENTED_EDGE('',*,*,#1460,.T.);
#2229=ORIENTED_EDGE('',*,*,#1457,.T.);
#2230=ORIENTED_EDGE('',*,*,#1414,.T.);
#2231=ORIENTED_EDGE('',*,*,#1439,.T.);
#2232=ORIENTED_EDGE('',*,*,#1436,.T.);
#2233=ORIENTED_EDGE('',*,*,#1433,.T.);
#2234=ORIENTED_EDGE('',*,*,#1430,.T.);
#2235=ORIENTED_EDGE('',*,*,#1427,.T.);
#2236=ORIENTED_EDGE('',*,*,#1424,.T.);
#2237=ORIENTED_EDGE('',*,*,#1421,.T.);
#2238=ORIENTED_EDGE('',*,*,#1418,.T.);
#2239=ORIENTED_EDGE('',*,*,#1369,.T.);
#2240=ORIENTED_EDGE('',*,*,#1397,.T.);
#2241=ORIENTED_EDGE('',*,*,#1394,.T.);
#2242=ORIENTED_EDGE('',*,*,#1391,.T.);
#2243=ORIENTED_EDGE('',*,*,#1388,.T.);
#2244=ORIENTED_EDGE('',*,*,#1385,.T.);
#2245=ORIENTED_EDGE('',*,*,#1382,.T.);
#2246=ORIENTED_EDGE('',*,*,#1379,.T.);
#2247=ORIENTED_EDGE('',*,*,#1376,.T.);
#2248=ORIENTED_EDGE('',*,*,#1373,.T.);
#2249=ORIENTED_EDGE('',*,*,#1545,.T.);
#2250=ORIENTED_EDGE('',*,*,#1549,.T.);
#2251=ORIENTED_EDGE('',*,*,#1552,.T.);
#2252=ORIENTED_EDGE('',*,*,#1555,.T.);
#2253=ORIENTED_EDGE('',*,*,#1558,.T.);
#2254=ORIENTED_EDGE('',*,*,#1515,.T.);
#2255=ORIENTED_EDGE('',*,*,#1519,.T.);
#2256=ORIENTED_EDGE('',*,*,#1522,.T.);
#2257=ORIENTED_EDGE('',*,*,#1525,.T.);
#2258=ORIENTED_EDGE('',*,*,#1528,.T.);
#2259=ORIENTED_EDGE('',*,*,#1489,.T.);
#2260=ORIENTED_EDGE('',*,*,#1493,.T.);
#2261=ORIENTED_EDGE('',*,*,#1496,.T.);
#2262=ORIENTED_EDGE('',*,*,#1499,.T.);
#2263=ORIENTED_EDGE('',*,*,#1465,.T.);
#2264=ORIENTED_EDGE('',*,*,#1469,.T.);
#2265=ORIENTED_EDGE('',*,*,#1472,.T.);
#2266=ORIENTED_EDGE('',*,*,#1475,.T.);
#2267=ORIENTED_EDGE('',*,*,#1441,.T.);
#2268=ORIENTED_EDGE('',*,*,#1445,.T.);
#2269=ORIENTED_EDGE('',*,*,#1448,.T.);
#2270=ORIENTED_EDGE('',*,*,#1451,.T.);
#2271=ORIENTED_EDGE('',*,*,#1399,.T.);
#2272=ORIENTED_EDGE('',*,*,#1403,.T.);
#2273=ORIENTED_EDGE('',*,*,#1406,.T.);
#2274=ORIENTED_EDGE('',*,*,#1409,.T.);
#2275=ORIENTED_EDGE('',*,*,#1412,.T.);
#2276=ORIENTED_EDGE('',*,*,#1624,.T.);
#2277=ORIENTED_EDGE('',*,*,#1625,.T.);
#2278=ORIENTED_EDGE('',*,*,#1626,.T.);
#2279=ORIENTED_EDGE('',*,*,#1627,.T.);
#2280=ORIENTED_EDGE('',*,*,#1627,.F.);
#2281=ORIENTED_EDGE('',*,*,#1628,.F.);
#2282=ORIENTED_EDGE('',*,*,#1629,.F.);
#2283=ORIENTED_EDGE('',*,*,#1630,.F.);
#2284=ORIENTED_EDGE('',*,*,#1631,.F.);
#2285=ORIENTED_EDGE('',*,*,#1632,.F.);
#2286=ORIENTED_EDGE('',*,*,#1633,.F.);
#2287=ORIENTED_EDGE('',*,*,#1634,.T.);
#2288=ORIENTED_EDGE('',*,*,#1625,.F.);
#2289=ORIENTED_EDGE('',*,*,#1635,.F.);
#2290=ORIENTED_EDGE('',*,*,#1632,.T.);
#2291=ORIENTED_EDGE('',*,*,#1636,.F.);
#2292=ORIENTED_EDGE('',*,*,#1637,.F.);
#2293=ORIENTED_EDGE('',*,*,#1634,.F.);
#2294=ORIENTED_EDGE('',*,*,#1638,.F.);
#2295=ORIENTED_EDGE('',*,*,#1629,.T.);
#2296=ORIENTED_EDGE('',*,*,#1624,.F.);
#2297=ORIENTED_EDGE('',*,*,#1630,.T.);
#2298=ORIENTED_EDGE('',*,*,#1638,.T.);
#2299=ORIENTED_EDGE('',*,*,#1633,.T.);
#2300=ORIENTED_EDGE('',*,*,#1635,.T.);
#2301=ORIENTED_EDGE('',*,*,#1639,.F.);
#2302=ORIENTED_EDGE('',*,*,#1640,.F.);
#2303=ORIENTED_EDGE('',*,*,#1641,.F.);
#2304=ORIENTED_EDGE('',*,*,#1642,.F.);
#2305=ORIENTED_EDGE('',*,*,#1643,.F.);
#2306=ORIENTED_EDGE('',*,*,#1644,.F.);
#2307=ORIENTED_EDGE('',*,*,#1645,.F.);
#2308=ORIENTED_EDGE('',*,*,#1646,.F.);
#2309=ORIENTED_EDGE('',*,*,#1647,.T.);
#2310=ORIENTED_EDGE('',*,*,#1640,.T.);
#2311=ORIENTED_EDGE('',*,*,#1648,.F.);
#2312=ORIENTED_EDGE('',*,*,#1649,.T.);
#2313=ORIENTED_EDGE('',*,*,#1641,.T.);
#2314=ORIENTED_EDGE('',*,*,#1647,.F.);
#2315=ORIENTED_EDGE('',*,*,#1650,.F.);
#2316=ORIENTED_EDGE('',*,*,#1642,.T.);
#2317=ORIENTED_EDGE('',*,*,#1649,.F.);
#2318=ORIENTED_EDGE('',*,*,#1651,.F.);
#2319=ORIENTED_EDGE('',*,*,#1652,.T.);
#2320=ORIENTED_EDGE('',*,*,#1653,.F.);
#2321=ORIENTED_EDGE('',*,*,#1654,.F.);
#2322=ORIENTED_EDGE('',*,*,#1652,.F.);
#2323=ORIENTED_EDGE('',*,*,#1655,.F.);
#2324=ORIENTED_EDGE('',*,*,#1645,.T.);
#2325=ORIENTED_EDGE('',*,*,#1646,.T.);
#2326=ORIENTED_EDGE('',*,*,#1655,.T.);
#2327=ORIENTED_EDGE('',*,*,#1651,.T.);
#2328=ORIENTED_EDGE('',*,*,#1648,.T.);
#2329=ORIENTED_EDGE('',*,*,#1656,.F.);
#2330=ORIENTED_EDGE('',*,*,#1657,.F.);
#2331=ORIENTED_EDGE('',*,*,#1658,.F.);
#2332=ORIENTED_EDGE('',*,*,#1659,.F.);
#2333=ORIENTED_EDGE('',*,*,#1660,.F.);
#2334=ORIENTED_EDGE('',*,*,#1661,.F.);
#2335=ORIENTED_EDGE('',*,*,#1662,.F.);
#2336=ORIENTED_EDGE('',*,*,#1663,.F.);
#2337=ORIENTED_EDGE('',*,*,#1664,.T.);
#2338=ORIENTED_EDGE('',*,*,#1657,.T.);
#2339=ORIENTED_EDGE('',*,*,#1665,.F.);
#2340=ORIENTED_EDGE('',*,*,#1666,.T.);
#2341=ORIENTED_EDGE('',*,*,#1658,.T.);
#2342=ORIENTED_EDGE('',*,*,#1664,.F.);
#2343=ORIENTED_EDGE('',*,*,#1667,.F.);
#2344=ORIENTED_EDGE('',*,*,#1659,.T.);
#2345=ORIENTED_EDGE('',*,*,#1666,.F.);
#2346=ORIENTED_EDGE('',*,*,#1668,.F.);
#2347=ORIENTED_EDGE('',*,*,#1669,.T.);
#2348=ORIENTED_EDGE('',*,*,#1670,.F.);
#2349=ORIENTED_EDGE('',*,*,#1671,.F.);
#2350=ORIENTED_EDGE('',*,*,#1669,.F.);
#2351=ORIENTED_EDGE('',*,*,#1672,.F.);
#2352=ORIENTED_EDGE('',*,*,#1662,.T.);
#2353=ORIENTED_EDGE('',*,*,#1663,.T.);
#2354=ORIENTED_EDGE('',*,*,#1672,.T.);
#2355=ORIENTED_EDGE('',*,*,#1668,.T.);
#2356=ORIENTED_EDGE('',*,*,#1665,.T.);
#2357=ORIENTED_EDGE('',*,*,#1673,.F.);
#2358=ORIENTED_EDGE('',*,*,#1674,.F.);
#2359=ORIENTED_EDGE('',*,*,#1675,.F.);
#2360=ORIENTED_EDGE('',*,*,#1676,.F.);
#2361=ORIENTED_EDGE('',*,*,#1677,.F.);
#2362=ORIENTED_EDGE('',*,*,#1678,.F.);
#2363=ORIENTED_EDGE('',*,*,#1679,.F.);
#2364=ORIENTED_EDGE('',*,*,#1680,.F.);
#2365=ORIENTED_EDGE('',*,*,#1681,.T.);
#2366=ORIENTED_EDGE('',*,*,#1674,.T.);
#2367=ORIENTED_EDGE('',*,*,#1682,.F.);
#2368=ORIENTED_EDGE('',*,*,#1683,.T.);
#2369=ORIENTED_EDGE('',*,*,#1675,.T.);
#2370=ORIENTED_EDGE('',*,*,#1681,.F.);
#2371=ORIENTED_EDGE('',*,*,#1684,.F.);
#2372=ORIENTED_EDGE('',*,*,#1676,.T.);
#2373=ORIENTED_EDGE('',*,*,#1683,.F.);
#2374=ORIENTED_EDGE('',*,*,#1685,.F.);
#2375=ORIENTED_EDGE('',*,*,#1686,.T.);
#2376=ORIENTED_EDGE('',*,*,#1687,.F.);
#2377=ORIENTED_EDGE('',*,*,#1688,.F.);
#2378=ORIENTED_EDGE('',*,*,#1686,.F.);
#2379=ORIENTED_EDGE('',*,*,#1689,.F.);
#2380=ORIENTED_EDGE('',*,*,#1679,.T.);
#2381=ORIENTED_EDGE('',*,*,#1680,.T.);
#2382=ORIENTED_EDGE('',*,*,#1689,.T.);
#2383=ORIENTED_EDGE('',*,*,#1685,.T.);
#2384=ORIENTED_EDGE('',*,*,#1682,.T.);
#2385=ORIENTED_EDGE('',*,*,#1690,.F.);
#2386=ORIENTED_EDGE('',*,*,#1691,.T.);
#2387=ORIENTED_EDGE('',*,*,#1692,.T.);
#2388=ORIENTED_EDGE('',*,*,#1693,.T.);
#2389=ORIENTED_EDGE('',*,*,#1694,.F.);
#2390=ORIENTED_EDGE('',*,*,#1695,.F.);
#2391=ORIENTED_EDGE('',*,*,#1696,.F.);
#2392=ORIENTED_EDGE('',*,*,#1697,.T.);
#2393=ORIENTED_EDGE('',*,*,#1698,.T.);
#2394=ORIENTED_EDGE('',*,*,#1691,.F.);
#2395=ORIENTED_EDGE('',*,*,#1699,.T.);
#2396=ORIENTED_EDGE('',*,*,#1700,.T.);
#2397=ORIENTED_EDGE('',*,*,#1692,.F.);
#2398=ORIENTED_EDGE('',*,*,#1698,.F.);
#2399=ORIENTED_EDGE('',*,*,#1701,.F.);
#2400=ORIENTED_EDGE('',*,*,#1702,.F.);
#2401=ORIENTED_EDGE('',*,*,#1703,.T.);
#2402=ORIENTED_EDGE('',*,*,#1696,.T.);
#2403=ORIENTED_EDGE('',*,*,#1704,.F.);
#2404=ORIENTED_EDGE('',*,*,#1693,.F.);
#2405=ORIENTED_EDGE('',*,*,#1700,.F.);
#2406=ORIENTED_EDGE('',*,*,#1705,.T.);
#2407=ORIENTED_EDGE('',*,*,#1702,.T.);
#2408=ORIENTED_EDGE('',*,*,#1706,.F.);
#2409=ORIENTED_EDGE('',*,*,#1705,.F.);
#2410=ORIENTED_EDGE('',*,*,#1699,.F.);
#2411=ORIENTED_EDGE('',*,*,#1697,.F.);
#2412=ORIENTED_EDGE('',*,*,#1703,.F.);
#2413=ORIENTED_EDGE('',*,*,#1707,.F.);
#2414=ORIENTED_EDGE('',*,*,#1708,.T.);
#2415=ORIENTED_EDGE('',*,*,#1709,.T.);
#2416=ORIENTED_EDGE('',*,*,#1710,.T.);
#2417=ORIENTED_EDGE('',*,*,#1711,.F.);
#2418=ORIENTED_EDGE('',*,*,#1712,.F.);
#2419=ORIENTED_EDGE('',*,*,#1713,.F.);
#2420=ORIENTED_EDGE('',*,*,#1714,.T.);
#2421=ORIENTED_EDGE('',*,*,#1715,.T.);
#2422=ORIENTED_EDGE('',*,*,#1708,.F.);
#2423=ORIENTED_EDGE('',*,*,#1716,.T.);
#2424=ORIENTED_EDGE('',*,*,#1717,.T.);
#2425=ORIENTED_EDGE('',*,*,#1709,.F.);
#2426=ORIENTED_EDGE('',*,*,#1715,.F.);
#2427=ORIENTED_EDGE('',*,*,#1718,.F.);
#2428=ORIENTED_EDGE('',*,*,#1719,.F.);
#2429=ORIENTED_EDGE('',*,*,#1720,.T.);
#2430=ORIENTED_EDGE('',*,*,#1713,.T.);
#2431=ORIENTED_EDGE('',*,*,#1721,.F.);
#2432=ORIENTED_EDGE('',*,*,#1710,.F.);
#2433=ORIENTED_EDGE('',*,*,#1717,.F.);
#2434=ORIENTED_EDGE('',*,*,#1722,.T.);
#2435=ORIENTED_EDGE('',*,*,#1719,.T.);
#2436=ORIENTED_EDGE('',*,*,#1723,.F.);
#2437=ORIENTED_EDGE('',*,*,#1722,.F.);
#2438=ORIENTED_EDGE('',*,*,#1716,.F.);
#2439=ORIENTED_EDGE('',*,*,#1714,.F.);
#2440=ORIENTED_EDGE('',*,*,#1720,.F.);
#2441=ORIENTED_EDGE('',*,*,#1724,.F.);
#2442=ORIENTED_EDGE('',*,*,#1725,.T.);
#2443=ORIENTED_EDGE('',*,*,#1726,.T.);
#2444=ORIENTED_EDGE('',*,*,#1727,.T.);
#2445=ORIENTED_EDGE('',*,*,#1728,.F.);
#2446=ORIENTED_EDGE('',*,*,#1729,.F.);
#2447=ORIENTED_EDGE('',*,*,#1730,.F.);
#2448=ORIENTED_EDGE('',*,*,#1731,.T.);
#2449=ORIENTED_EDGE('',*,*,#1732,.T.);
#2450=ORIENTED_EDGE('',*,*,#1725,.F.);
#2451=ORIENTED_EDGE('',*,*,#1733,.T.);
#2452=ORIENTED_EDGE('',*,*,#1734,.T.);
#2453=ORIENTED_EDGE('',*,*,#1726,.F.);
#2454=ORIENTED_EDGE('',*,*,#1732,.F.);
#2455=ORIENTED_EDGE('',*,*,#1735,.F.);
#2456=ORIENTED_EDGE('',*,*,#1736,.F.);
#2457=ORIENTED_EDGE('',*,*,#1737,.T.);
#2458=ORIENTED_EDGE('',*,*,#1730,.T.);
#2459=ORIENTED_EDGE('',*,*,#1738,.F.);
#2460=ORIENTED_EDGE('',*,*,#1727,.F.);
#2461=ORIENTED_EDGE('',*,*,#1734,.F.);
#2462=ORIENTED_EDGE('',*,*,#1739,.T.);
#2463=ORIENTED_EDGE('',*,*,#1736,.T.);
#2464=ORIENTED_EDGE('',*,*,#1740,.F.);
#2465=ORIENTED_EDGE('',*,*,#1739,.F.);
#2466=ORIENTED_EDGE('',*,*,#1733,.F.);
#2467=ORIENTED_EDGE('',*,*,#1731,.F.);
#2468=ORIENTED_EDGE('',*,*,#1737,.F.);
#2469=ORIENTED_EDGE('',*,*,#1687,.T.);
#2470=ORIENTED_EDGE('',*,*,#1688,.T.);
#2471=ORIENTED_EDGE('',*,*,#1678,.T.);
#2472=ORIENTED_EDGE('',*,*,#1741,.T.);
#2473=ORIENTED_EDGE('',*,*,#1670,.T.);
#2474=ORIENTED_EDGE('',*,*,#1671,.T.);
#2475=ORIENTED_EDGE('',*,*,#1661,.T.);
#2476=ORIENTED_EDGE('',*,*,#1742,.T.);
#2477=ORIENTED_EDGE('',*,*,#1743,.T.);
#2478=ORIENTED_EDGE('',*,*,#1744,.T.);
#2479=ORIENTED_EDGE('',*,*,#1723,.T.);
#2480=ORIENTED_EDGE('',*,*,#1718,.T.);
#2481=ORIENTED_EDGE('',*,*,#1712,.T.);
#2482=ORIENTED_EDGE('',*,*,#1745,.T.);
#2483=ORIENTED_EDGE('',*,*,#1740,.T.);
#2484=ORIENTED_EDGE('',*,*,#1735,.T.);
#2485=ORIENTED_EDGE('',*,*,#1729,.T.);
#2486=ORIENTED_EDGE('',*,*,#1746,.T.);
#2487=ORIENTED_EDGE('',*,*,#1706,.T.);
#2488=ORIENTED_EDGE('',*,*,#1701,.T.);
#2489=ORIENTED_EDGE('',*,*,#1695,.T.);
#2490=ORIENTED_EDGE('',*,*,#1747,.T.);
#2491=ORIENTED_EDGE('',*,*,#1748,.T.);
#2492=ORIENTED_EDGE('',*,*,#1749,.T.);
#2493=ORIENTED_EDGE('',*,*,#1653,.T.);
#2494=ORIENTED_EDGE('',*,*,#1654,.T.);
#2495=ORIENTED_EDGE('',*,*,#1644,.T.);
#2496=ORIENTED_EDGE('',*,*,#1750,.T.);
#2497=ORIENTED_EDGE('',*,*,#1636,.T.);
#2498=ORIENTED_EDGE('',*,*,#1631,.T.);
#2499=ORIENTED_EDGE('',*,*,#1637,.T.);
#2500=ORIENTED_EDGE('',*,*,#1628,.T.);
#2501=ORIENTED_EDGE('',*,*,#1626,.F.);
#2502=ORIENTED_EDGE('',*,*,#1728,.T.);
#2503=ORIENTED_EDGE('',*,*,#1724,.T.);
#2504=ORIENTED_EDGE('',*,*,#1738,.T.);
#2505=ORIENTED_EDGE('',*,*,#1745,.F.);
#2506=ORIENTED_EDGE('',*,*,#1711,.T.);
#2507=ORIENTED_EDGE('',*,*,#1707,.T.);
#2508=ORIENTED_EDGE('',*,*,#1721,.T.);
#2509=ORIENTED_EDGE('',*,*,#1744,.F.);
#2510=ORIENTED_EDGE('',*,*,#1751,.F.);
#2511=ORIENTED_EDGE('',*,*,#1621,.F.);
#2512=ORIENTED_EDGE('',*,*,#1752,.T.);
#2513=ORIENTED_EDGE('',*,*,#1747,.F.);
#2514=ORIENTED_EDGE('',*,*,#1694,.T.);
#2515=ORIENTED_EDGE('',*,*,#1690,.T.);
#2516=ORIENTED_EDGE('',*,*,#1704,.T.);
#2517=ORIENTED_EDGE('',*,*,#1746,.F.);
#2518=ORIENTED_EDGE('',*,*,#1622,.F.);
#2519=ORIENTED_EDGE('',*,*,#1751,.T.);
#2520=ORIENTED_EDGE('',*,*,#1743,.F.);
#2521=ORIENTED_EDGE('',*,*,#1753,.F.);
#2522=ORIENTED_EDGE('',*,*,#1684,.T.);
#2523=ORIENTED_EDGE('',*,*,#1750,.F.);
#2524=ORIENTED_EDGE('',*,*,#1643,.T.);
#2525=ORIENTED_EDGE('',*,*,#1639,.T.);
#2526=ORIENTED_EDGE('',*,*,#1650,.T.);
#2527=ORIENTED_EDGE('',*,*,#1749,.F.);
#2528=ORIENTED_EDGE('',*,*,#1754,.F.);
#2529=ORIENTED_EDGE('',*,*,#1623,.F.);
#2530=ORIENTED_EDGE('',*,*,#1753,.T.);
#2531=ORIENTED_EDGE('',*,*,#1742,.F.);
#2532=ORIENTED_EDGE('',*,*,#1660,.T.);
#2533=ORIENTED_EDGE('',*,*,#1656,.T.);
#2534=ORIENTED_EDGE('',*,*,#1667,.T.);
#2535=ORIENTED_EDGE('',*,*,#1741,.F.);
#2536=ORIENTED_EDGE('',*,*,#1677,.T.);
#2537=ORIENTED_EDGE('',*,*,#1673,.T.);
#2538=ORIENTED_EDGE('',*,*,#1620,.F.);
#2539=ORIENTED_EDGE('',*,*,#1754,.T.);
#2540=ORIENTED_EDGE('',*,*,#1748,.F.);
#2541=ORIENTED_EDGE('',*,*,#1752,.F.);
#2542=ORIENTED_EDGE('',*,*,#1360,.T.);
#2543=ORIENTED_EDGE('',*,*,#1364,.T.);
#2544=ORIENTED_EDGE('',*,*,#1367,.T.);
#2545=PLANE('',#2955);
#2546=PLANE('',#2956);
#2547=PLANE('',#2957);
#2548=PLANE('',#2958);
#2549=PLANE('',#2959);
#2550=PLANE('',#2960);
#2551=PLANE('',#2961);
#2552=PLANE('',#2962);
#2553=PLANE('',#2963);
#2554=PLANE('',#2964);
#2555=PLANE('',#2965);
#2556=PLANE('',#2966);
#2557=PLANE('',#2967);
#2558=PLANE('',#2968);
#2559=PLANE('',#2969);
#2560=PLANE('',#2970);
#2561=PLANE('',#2971);
#2562=PLANE('',#2972);
#2563=PLANE('',#2973);
#2564=PLANE('',#2977);
#2565=PLANE('',#2978);
#2566=PLANE('',#2979);
#2567=PLANE('',#2980);
#2568=PLANE('',#2981);
#2569=PLANE('',#2982);
#2570=PLANE('',#2983);
#2571=PLANE('',#2984);
#2572=PLANE('',#2985);
#2573=PLANE('',#2986);
#2574=PLANE('',#2987);
#2575=PLANE('',#2988);
#2576=PLANE('',#2989);
#2577=PLANE('',#2990);
#2578=PLANE('',#2991);
#2579=PLANE('',#2992);
#2580=PLANE('',#2993);
#2581=PLANE('',#2994);
#2582=PLANE('',#2995);
#2583=PLANE('',#2996);
#2584=PLANE('',#2997);
#2585=PLANE('',#2998);
#2586=PLANE('',#2999);
#2587=PLANE('',#3000);
#2588=PLANE('',#3001);
#2589=PLANE('',#3002);
#2590=PLANE('',#3003);
#2591=PLANE('',#3004);
#2592=PLANE('',#3005);
#2593=PLANE('',#3006);
#2594=PLANE('',#3007);
#2595=PLANE('',#3008);
#2596=PLANE('',#3009);
#2597=PLANE('',#3010);
#2598=PLANE('',#3011);
#2599=PLANE('',#3012);
#2600=PLANE('',#3013);
#2601=PLANE('',#3014);
#2602=PLANE('',#3015);
#2603=PLANE('',#3016);
#2604=PLANE('',#3017);
#2605=PLANE('',#3018);
#2606=PLANE('',#3019);
#2607=PLANE('',#3020);
#2608=PLANE('',#3021);
#2609=PLANE('',#3022);
#2610=PLANE('',#3023);
#2611=PLANE('',#3024);
#2612=PLANE('',#3025);
#2613=PLANE('',#3026);
#2614=PLANE('',#3027);
#2615=PLANE('',#3028);
#2616=PLANE('',#3029);
#2617=PLANE('',#3030);
#2618=PLANE('',#3031);
#2619=PLANE('',#3032);
#2620=PLANE('',#3033);
#2621=PLANE('',#3034);
#2622=PLANE('',#3035);
#2623=PLANE('',#3036);
#2624=PLANE('',#3037);
#2625=PLANE('',#3038);
#2626=PLANE('',#3039);
#2627=PLANE('',#3040);
#2628=PLANE('',#3041);
#2629=PLANE('',#3042);
#2630=PLANE('',#3043);
#2631=PLANE('',#3044);
#2632=PLANE('',#3045);
#2633=PLANE('',#3046);
#2634=PLANE('',#3047);
#2635=PLANE('',#3048);
#2636=PLANE('',#3049);
#2637=PLANE('',#3050);
#2638=PLANE('',#3051);
#2639=PLANE('',#3052);
#2640=PLANE('',#3053);
#2641=PLANE('',#3054);
#2642=PLANE('',#3055);
#2643=PLANE('',#3056);
#2644=PLANE('',#3057);
#2645=PLANE('',#3058);
#2646=PLANE('',#3059);
#2647=PLANE('',#3060);
#2648=PLANE('',#3061);
#2649=PLANE('',#3062);
#2650=STYLED_ITEM('',(#5066),#2802);
#2651=STYLED_ITEM('',(#5066),#2803);
#2652=STYLED_ITEM('',(#5066),#2804);
#2653=STYLED_ITEM('',(#5066),#2805);
#2654=STYLED_ITEM('',(#5066),#2806);
#2655=STYLED_ITEM('',(#5066),#2807);
#2656=STYLED_ITEM('',(#5066),#2808);
#2657=STYLED_ITEM('',(#5066),#2809);
#2658=STYLED_ITEM('',(#5066),#2810);
#2659=STYLED_ITEM('',(#5066),#2811);
#2660=STYLED_ITEM('',(#5066),#2812);
#2661=STYLED_ITEM('',(#5066),#2813);
#2662=STYLED_ITEM('',(#5066),#2814);
#2663=STYLED_ITEM('',(#5066),#2815);
#2664=STYLED_ITEM('',(#5066),#2816);
#2665=STYLED_ITEM('',(#5066),#2817);
#2666=STYLED_ITEM('',(#5066),#2818);
#2667=STYLED_ITEM('',(#5066),#2819);
#2668=STYLED_ITEM('',(#5066),#2820);
#2669=STYLED_ITEM('',(#5066),#2821);
#2670=STYLED_ITEM('',(#5066),#2822);
#2671=STYLED_ITEM('',(#5066),#2823);
#2672=STYLED_ITEM('',(#5066),#2824);
#2673=STYLED_ITEM('',(#5066),#2825);
#2674=STYLED_ITEM('',(#5066),#2826);
#2675=STYLED_ITEM('',(#5066),#2827);
#2676=STYLED_ITEM('',(#5066),#2828);
#2677=STYLED_ITEM('',(#5066),#2829);
#2678=STYLED_ITEM('',(#5066),#2830);
#2679=STYLED_ITEM('',(#5066),#2831);
#2680=STYLED_ITEM('',(#5066),#2832);
#2681=STYLED_ITEM('',(#5066),#2833);
#2682=STYLED_ITEM('',(#5066),#2834);
#2683=STYLED_ITEM('',(#5066),#2835);
#2684=STYLED_ITEM('',(#5066),#2836);
#2685=STYLED_ITEM('',(#5066),#2837);
#2686=STYLED_ITEM('',(#5066),#2838);
#2687=STYLED_ITEM('',(#5066),#2839);
#2688=STYLED_ITEM('',(#5066),#2840);
#2689=STYLED_ITEM('',(#5066),#2841);
#2690=STYLED_ITEM('',(#5066),#2842);
#2691=STYLED_ITEM('',(#5066),#2843);
#2692=STYLED_ITEM('',(#5066),#2844);
#2693=STYLED_ITEM('',(#5066),#2845);
#2694=STYLED_ITEM('',(#5066),#2846);
#2695=STYLED_ITEM('',(#5066),#2847);
#2696=STYLED_ITEM('',(#5066),#2848);
#2697=STYLED_ITEM('',(#5066),#2849);
#2698=STYLED_ITEM('',(#5066),#2850);
#2699=STYLED_ITEM('',(#5066),#2851);
#2700=STYLED_ITEM('',(#5066),#2852);
#2701=STYLED_ITEM('',(#5066),#2853);
#2702=STYLED_ITEM('',(#5066),#2854);
#2703=STYLED_ITEM('',(#5066),#2855);
#2704=STYLED_ITEM('',(#5066),#2856);
#2705=STYLED_ITEM('',(#5066),#2857);
#2706=STYLED_ITEM('',(#5066),#2858);
#2707=STYLED_ITEM('',(#5066),#2859);
#2708=STYLED_ITEM('',(#5066),#2860);
#2709=STYLED_ITEM('',(#5066),#2861);
#2710=STYLED_ITEM('',(#5066),#2862);
#2711=STYLED_ITEM('',(#5066),#2863);
#2712=STYLED_ITEM('',(#5066),#2864);
#2713=STYLED_ITEM('',(#5066),#2865);
#2714=STYLED_ITEM('',(#5066),#2866);
#2715=STYLED_ITEM('',(#5066),#2867);
#2716=STYLED_ITEM('',(#5066),#2868);
#2717=STYLED_ITEM('',(#5066),#2869);
#2718=STYLED_ITEM('',(#5066),#2870);
#2719=STYLED_ITEM('',(#5066),#2871);
#2720=STYLED_ITEM('',(#5066),#2872);
#2721=STYLED_ITEM('',(#5066),#2873);
#2722=STYLED_ITEM('',(#5066),#2874);
#2723=STYLED_ITEM('',(#5066),#2875);
#2724=STYLED_ITEM('',(#5066),#2876);
#2725=STYLED_ITEM('',(#5066),#2877);
#2726=STYLED_ITEM('',(#5066),#2878);
#2727=STYLED_ITEM('',(#5066),#2879);
#2728=STYLED_ITEM('',(#5066),#2880);
#2729=STYLED_ITEM('',(#5066),#2881);
#2730=STYLED_ITEM('',(#5066),#2882);
#2731=STYLED_ITEM('',(#5066),#2883);
#2732=STYLED_ITEM('',(#5066),#2884);
#2733=STYLED_ITEM('',(#5066),#2885);
#2734=STYLED_ITEM('',(#5066),#2886);
#2735=STYLED_ITEM('',(#5066),#2887);
#2736=STYLED_ITEM('',(#5066),#2888);
#2737=STYLED_ITEM('',(#5066),#2889);
#2738=STYLED_ITEM('',(#5066),#2890);
#2739=STYLED_ITEM('',(#5066),#2891);
#2740=STYLED_ITEM('',(#5066),#2892);
#2741=STYLED_ITEM('',(#5066),#2893);
#2742=STYLED_ITEM('',(#5066),#2894);
#2743=STYLED_ITEM('',(#5066),#2895);
#2744=STYLED_ITEM('',(#5066),#2896);
#2745=STYLED_ITEM('',(#5066),#2897);
#2746=STYLED_ITEM('',(#5067),#2898);
#2747=STYLED_ITEM('',(#5067),#2899);
#2748=STYLED_ITEM('',(#5067),#2900);
#2749=STYLED_ITEM('',(#5067),#2901);
#2750=STYLED_ITEM('',(#5067),#2902);
#2751=STYLED_ITEM('',(#5067),#2903);
#2752=STYLED_ITEM('',(#5067),#2904);
#2753=STYLED_ITEM('',(#5068),#2905);
#2754=STYLED_ITEM('',(#5068),#2906);
#2755=STYLED_ITEM('',(#5068),#2907);
#2756=STYLED_ITEM('',(#5068),#2908);
#2757=STYLED_ITEM('',(#5068),#2909);
#2758=STYLED_ITEM('',(#5068),#2910);
#2759=STYLED_ITEM('',(#5068),#2911);
#2760=STYLED_ITEM('',(#5068),#2912);
#2761=STYLED_ITEM('',(#5068),#2913);
#2762=STYLED_ITEM('',(#5068),#2914);
#2763=STYLED_ITEM('',(#5068),#2915);
#2764=STYLED_ITEM('',(#5068),#2916);
#2765=STYLED_ITEM('',(#5068),#2917);
#2766=STYLED_ITEM('',(#5068),#2918);
#2767=STYLED_ITEM('',(#5068),#2919);
#2768=STYLED_ITEM('',(#5068),#2920);
#2769=STYLED_ITEM('',(#5068),#2921);
#2770=STYLED_ITEM('',(#5068),#2922);
#2771=STYLED_ITEM('',(#5068),#2923);
#2772=STYLED_ITEM('',(#5068),#2924);
#2773=STYLED_ITEM('',(#5068),#2925);
#2774=STYLED_ITEM('',(#5068),#2926);
#2775=STYLED_ITEM('',(#5068),#2927);
#2776=STYLED_ITEM('',(#5068),#2928);
#2777=STYLED_ITEM('',(#5068),#2929);
#2778=STYLED_ITEM('',(#5068),#2930);
#2779=STYLED_ITEM('',(#5068),#2931);
#2780=STYLED_ITEM('',(#5068),#2932);
#2781=STYLED_ITEM('',(#5068),#2933);
#2782=STYLED_ITEM('',(#5068),#2934);
#2783=STYLED_ITEM('',(#5068),#2935);
#2784=STYLED_ITEM('',(#5068),#2936);
#2785=STYLED_ITEM('',(#5068),#2937);
#2786=STYLED_ITEM('',(#5068),#2938);
#2787=STYLED_ITEM('',(#5068),#2939);
#2788=STYLED_ITEM('',(#5068),#2940);
#2789=STYLED_ITEM('',(#5068),#2941);
#2790=STYLED_ITEM('',(#5068),#2942);
#2791=STYLED_ITEM('',(#5068),#2943);
#2792=STYLED_ITEM('',(#5068),#2944);
#2793=STYLED_ITEM('',(#5068),#2945);
#2794=STYLED_ITEM('',(#5068),#2946);
#2795=STYLED_ITEM('',(#5067),#2947);
#2796=STYLED_ITEM('',(#5067),#2948);
#2797=STYLED_ITEM('',(#5067),#2949);
#2798=STYLED_ITEM('',(#5067),#2950);
#2799=STYLED_ITEM('',(#5067),#2951);
#2800=STYLED_ITEM('',(#5067),#2952);
#2801=STYLED_ITEM('',(#5065),#13);
#2802=ADVANCED_FACE('',(#170),#2545,.T.);
#2803=ADVANCED_FACE('',(#171),#2546,.T.);
#2804=ADVANCED_FACE('',(#172),#2547,.T.);
#2805=ADVANCED_FACE('',(#173),#2548,.F.);
#2806=ADVANCED_FACE('',(#174),#2549,.F.);
#2807=ADVANCED_FACE('',(#175),#2550,.F.);
#2808=ADVANCED_FACE('',(#176),#2551,.F.);
#2809=ADVANCED_FACE('',(#177),#2552,.F.);
#2810=ADVANCED_FACE('',(#178),#2553,.F.);
#2811=ADVANCED_FACE('',(#179),#2554,.F.);
#2812=ADVANCED_FACE('',(#180),#2555,.F.);
#2813=ADVANCED_FACE('',(#181),#2556,.F.);
#2814=ADVANCED_FACE('',(#182),#2557,.F.);
#2815=ADVANCED_FACE('',(#183,#152),#2558,.F.);
#2816=ADVANCED_FACE('',(#184),#107,.T.);
#2817=ADVANCED_FACE('',(#185),#108,.T.);
#2818=ADVANCED_FACE('',(#186),#109,.T.);
#2819=ADVANCED_FACE('',(#187),#110,.T.);
#2820=ADVANCED_FACE('',(#188),#111,.T.);
#2821=ADVANCED_FACE('',(#189),#112,.F.);
#2822=ADVANCED_FACE('',(#190),#113,.F.);
#2823=ADVANCED_FACE('',(#191),#114,.F.);
#2824=ADVANCED_FACE('',(#192),#2559,.F.);
#2825=ADVANCED_FACE('',(#193),#115,.F.);
#2826=ADVANCED_FACE('',(#194),#116,.F.);
#2827=ADVANCED_FACE('',(#195),#117,.F.);
#2828=ADVANCED_FACE('',(#196),#118,.F.);
#2829=ADVANCED_FACE('',(#197),#119,.F.);
#2830=ADVANCED_FACE('',(#198,#153),#2560,.F.);
#2831=ADVANCED_FACE('',(#199),#120,.T.);
#2832=ADVANCED_FACE('',(#200),#121,.T.);
#2833=ADVANCED_FACE('',(#201),#122,.T.);
#2834=ADVANCED_FACE('',(#202),#123,.T.);
#2835=ADVANCED_FACE('',(#203),#124,.F.);
#2836=ADVANCED_FACE('',(#204),#125,.F.);
#2837=ADVANCED_FACE('',(#205),#126,.F.);
#2838=ADVANCED_FACE('',(#206),#127,.F.);
#2839=ADVANCED_FACE('',(#207,#154),#2561,.T.);
#2840=ADVANCED_FACE('',(#208),#128,.T.);
#2841=ADVANCED_FACE('',(#209),#129,.T.);
#2842=ADVANCED_FACE('',(#210),#130,.T.);
#2843=ADVANCED_FACE('',(#211),#131,.T.);
#2844=ADVANCED_FACE('',(#212),#132,.F.);
#2845=ADVANCED_FACE('',(#213),#133,.F.);
#2846=ADVANCED_FACE('',(#214),#134,.F.);
#2847=ADVANCED_FACE('',(#215),#135,.F.);
#2848=ADVANCED_FACE('',(#216,#155),#2562,.T.);
#2849=ADVANCED_FACE('',(#217),#136,.T.);
#2850=ADVANCED_FACE('',(#218),#137,.T.);
#2851=ADVANCED_FACE('',(#219),#138,.T.);
#2852=ADVANCED_FACE('',(#220),#139,.T.);
#2853=ADVANCED_FACE('',(#221),#140,.F.);
#2854=ADVANCED_FACE('',(#222),#141,.F.);
#2855=ADVANCED_FACE('',(#223),#142,.F.);
#2856=ADVANCED_FACE('',(#224),#143,.F.);
#2857=ADVANCED_FACE('',(#225,#156),#2563,.T.);
#2858=ADVANCED_FACE('',(#226,#157),#16,.F.);
#2859=ADVANCED_FACE('',(#227),#2564,.T.);
#2860=ADVANCED_FACE('',(#228),#144,.T.);
#2861=ADVANCED_FACE('',(#229),#2565,.T.);
#2862=ADVANCED_FACE('',(#230),#2566,.T.);
#2863=ADVANCED_FACE('',(#231),#2567,.T.);
#2864=ADVANCED_FACE('',(#232),#145,.T.);
#2865=ADVANCED_FACE('',(#233),#2568,.F.);
#2866=ADVANCED_FACE('',(#234),#2569,.F.);
#2867=ADVANCED_FACE('',(#235),#2570,.F.);
#2868=ADVANCED_FACE('',(#236),#146,.F.);
#2869=ADVANCED_FACE('',(#237),#147,.F.);
#2870=ADVANCED_FACE('',(#238,#158),#2571,.F.);
#2871=ADVANCED_FACE('',(#239),#148,.T.);
#2872=ADVANCED_FACE('',(#240),#149,.T.);
#2873=ADVANCED_FACE('',(#241),#2572,.T.);
#2874=ADVANCED_FACE('',(#242),#2573,.T.);
#2875=ADVANCED_FACE('',(#243),#2574,.T.);
#2876=ADVANCED_FACE('',(#244),#2575,.F.);
#2877=ADVANCED_FACE('',(#245),#150,.F.);
#2878=ADVANCED_FACE('',(#246),#151,.F.);
#2879=ADVANCED_FACE('',(#247),#2576,.F.);
#2880=ADVANCED_FACE('',(#248),#2577,.F.);
#2881=ADVANCED_FACE('',(#249),#2578,.F.);
#2882=ADVANCED_FACE('',(#250),#2579,.F.);
#2883=ADVANCED_FACE('',(#251),#2580,.F.);
#2884=ADVANCED_FACE('',(#252),#2581,.F.);
#2885=ADVANCED_FACE('',(#253),#2582,.F.);
#2886=ADVANCED_FACE('',(#254),#2583,.F.);
#2887=ADVANCED_FACE('',(#255,#159),#2584,.T.);
#2888=ADVANCED_FACE('',(#256),#2585,.F.);
#2889=ADVANCED_FACE('',(#257),#2586,.F.);
#2890=ADVANCED_FACE('',(#258),#2587,.F.);
#2891=ADVANCED_FACE('',(#259),#2588,.F.);
#2892=ADVANCED_FACE('',(#260),#2589,.F.);
#2893=ADVANCED_FACE('',(#261),#2590,.F.);
#2894=ADVANCED_FACE('',(#262),#2591,.F.);
#2895=ADVANCED_FACE('',(#263),#2592,.F.);
#2896=ADVANCED_FACE('',(#264),#2593,.F.);
#2897=ADVANCED_FACE('',(#265),#2594,.F.);
#2898=ADVANCED_FACE('',(#266,#160,#161,#162,#163,#164,#165,#166,#167,#168),
#2595,.T.);
#2899=ADVANCED_FACE('',(#267),#2596,.T.);
#2900=ADVANCED_FACE('',(#268),#2597,.T.);
#2901=ADVANCED_FACE('',(#269),#2598,.T.);
#2902=ADVANCED_FACE('',(#270),#2599,.T.);
#2903=ADVANCED_FACE('',(#271),#2600,.T.);
#2904=ADVANCED_FACE('',(#272),#2601,.T.);
#2905=ADVANCED_FACE('',(#273),#2602,.T.);
#2906=ADVANCED_FACE('',(#274),#2603,.T.);
#2907=ADVANCED_FACE('',(#275),#2604,.T.);
#2908=ADVANCED_FACE('',(#276),#2605,.T.);
#2909=ADVANCED_FACE('',(#277),#2606,.T.);
#2910=ADVANCED_FACE('',(#278),#2607,.T.);
#2911=ADVANCED_FACE('',(#279),#2608,.F.);
#2912=ADVANCED_FACE('',(#280),#2609,.F.);
#2913=ADVANCED_FACE('',(#281),#2610,.F.);
#2914=ADVANCED_FACE('',(#282),#2611,.F.);
#2915=ADVANCED_FACE('',(#283),#2612,.F.);
#2916=ADVANCED_FACE('',(#284),#2613,.F.);
#2917=ADVANCED_FACE('',(#285),#2614,.F.);
#2918=ADVANCED_FACE('',(#286),#2615,.F.);
#2919=ADVANCED_FACE('',(#287),#2616,.F.);
#2920=ADVANCED_FACE('',(#288),#2617,.F.);
#2921=ADVANCED_FACE('',(#289),#2618,.F.);
#2922=ADVANCED_FACE('',(#290),#2619,.T.);
#2923=ADVANCED_FACE('',(#291),#2620,.F.);
#2924=ADVANCED_FACE('',(#292),#2621,.F.);
#2925=ADVANCED_FACE('',(#293),#2622,.F.);
#2926=ADVANCED_FACE('',(#294),#2623,.F.);
#2927=ADVANCED_FACE('',(#295),#2624,.F.);
#2928=ADVANCED_FACE('',(#296),#2625,.F.);
#2929=ADVANCED_FACE('',(#297),#2626,.T.);
#2930=ADVANCED_FACE('',(#298),#2627,.T.);
#2931=ADVANCED_FACE('',(#299),#2628,.T.);
#2932=ADVANCED_FACE('',(#300),#2629,.T.);
#2933=ADVANCED_FACE('',(#301),#2630,.T.);
#2934=ADVANCED_FACE('',(#302),#2631,.T.);
#2935=ADVANCED_FACE('',(#303),#2632,.T.);
#2936=ADVANCED_FACE('',(#304),#2633,.T.);
#2937=ADVANCED_FACE('',(#305),#2634,.T.);
#2938=ADVANCED_FACE('',(#306),#2635,.T.);
#2939=ADVANCED_FACE('',(#307),#2636,.T.);
#2940=ADVANCED_FACE('',(#308),#2637,.F.);
#2941=ADVANCED_FACE('',(#309),#2638,.T.);
#2942=ADVANCED_FACE('',(#310),#2639,.T.);
#2943=ADVANCED_FACE('',(#311),#2640,.T.);
#2944=ADVANCED_FACE('',(#312),#2641,.T.);
#2945=ADVANCED_FACE('',(#313),#2642,.T.);
#2946=ADVANCED_FACE('',(#314),#2643,.T.);
#2947=ADVANCED_FACE('',(#315,#169),#2644,.T.);
#2948=ADVANCED_FACE('',(#316),#2645,.T.);
#2949=ADVANCED_FACE('',(#317),#2646,.T.);
#2950=ADVANCED_FACE('',(#318),#2647,.T.);
#2951=ADVANCED_FACE('',(#319),#2648,.T.);
#2952=ADVANCED_FACE('',(#320),#2649,.T.);
#2953=CLOSED_SHELL('',(#2802,#2803,#2804,#2805,#2806,#2807,#2808,#2809,
#2810,#2811,#2812,#2813,#2814,#2815,#2816,#2817,#2818,#2819,#2820,#2821,
#2822,#2823,#2824,#2825,#2826,#2827,#2828,#2829,#2830,#2831,#2832,#2833,
#2834,#2835,#2836,#2837,#2838,#2839,#2840,#2841,#2842,#2843,#2844,#2845,
#2846,#2847,#2848,#2849,#2850,#2851,#2852,#2853,#2854,#2855,#2856,#2857,
#2858,#2859,#2860,#2861,#2862,#2863,#2864,#2865,#2866,#2867,#2868,#2869,
#2870,#2871,#2872,#2873,#2874,#2875,#2876,#2877,#2878,#2879,#2880,#2881,
#2882,#2883,#2884,#2885,#2886,#2887,#2888,#2889,#2890,#2891,#2892,#2893,
#2894,#2895,#2896,#2897,#2898,#2899,#2900,#2901,#2902,#2903,#2904,#2905,
#2906,#2907,#2908,#2909,#2910,#2911,#2912,#2913,#2914,#2915,#2916,#2917,
#2918,#2919,#2920,#2921,#2922,#2923,#2924,#2925,#2926,#2927,#2928,#2929,
#2930,#2931,#2932,#2933,#2934,#2935,#2936,#2937,#2938,#2939,#2940,#2941,
#2942,#2943,#2944,#2945,#2946,#2947,#2948,#2949,#2950,#2951,#2952));
#2954=AXIS2_PLACEMENT_3D('placement',#3584,#3063,#3064);
#2955=AXIS2_PLACEMENT_3D('',#3585,#3065,#3066);
#2956=AXIS2_PLACEMENT_3D('',#3594,#3071,#3072);
#2957=AXIS2_PLACEMENT_3D('',#3600,#3076,#3077);
#2958=AXIS2_PLACEMENT_3D('',#3603,#3080,#3081);
#2959=AXIS2_PLACEMENT_3D('',#3612,#3086,#3087);
#2960=AXIS2_PLACEMENT_3D('',#3618,#3091,#3092);
#2961=AXIS2_PLACEMENT_3D('',#3624,#3096,#3097);
#2962=AXIS2_PLACEMENT_3D('',#3630,#3101,#3102);
#2963=AXIS2_PLACEMENT_3D('',#3636,#3106,#3107);
#2964=AXIS2_PLACEMENT_3D('',#3642,#3111,#3112);
#2965=AXIS2_PLACEMENT_3D('',#3648,#3116,#3117);
#2966=AXIS2_PLACEMENT_3D('',#3654,#3121,#3122);
#2967=AXIS2_PLACEMENT_3D('',#3660,#3126,#3127);
#2968=AXIS2_PLACEMENT_3D('',#3663,#3130,#3131);
#2969=AXIS2_PLACEMENT_3D('',#3807,#3141,#3142);
#2970=AXIS2_PLACEMENT_3D('',#3917,#3150,#3151);
#2971=AXIS2_PLACEMENT_3D('',#4086,#3160,#3161);
#2972=AXIS2_PLACEMENT_3D('',#4255,#3170,#3171);
#2973=AXIS2_PLACEMENT_3D('',#4424,#3180,#3181);
#2974=AXIS2_PLACEMENT_3D('',#4425,#3182,#3183);
#2975=AXIS2_PLACEMENT_3D('',#4427,#3184,#3185);
#2976=AXIS2_PLACEMENT_3D('',#4429,#3186,#3187);
#2977=AXIS2_PLACEMENT_3D('',#4430,#3188,#3189);
#2978=AXIS2_PLACEMENT_3D('',#4453,#3192,#3193);
#2979=AXIS2_PLACEMENT_3D('',#4459,#3197,#3198);
#2980=AXIS2_PLACEMENT_3D('',#4465,#3202,#3203);
#2981=AXIS2_PLACEMENT_3D('',#4491,#3207,#3208);
#2982=AXIS2_PLACEMENT_3D('',#4500,#3213,#3214);
#2983=AXIS2_PLACEMENT_3D('',#4506,#3218,#3219);
#2984=AXIS2_PLACEMENT_3D('',#4551,#3224,#3225);
#2985=AXIS2_PLACEMENT_3D('',#4593,#3229,#3230);
#2986=AXIS2_PLACEMENT_3D('',#4599,#3234,#3235);
#2987=AXIS2_PLACEMENT_3D('',#4605,#3239,#3240);
#2988=AXIS2_PLACEMENT_3D('',#4608,#3243,#3244);
#2989=AXIS2_PLACEMENT_3D('',#4663,#3251,#3252);
#2990=AXIS2_PLACEMENT_3D('',#4669,#3256,#3257);
#2991=AXIS2_PLACEMENT_3D('',#4675,#3261,#3262);
#2992=AXIS2_PLACEMENT_3D('',#4681,#3266,#3267);
#2993=AXIS2_PLACEMENT_3D('',#4687,#3271,#3272);
#2994=AXIS2_PLACEMENT_3D('',#4693,#3276,#3277);
#2995=AXIS2_PLACEMENT_3D('',#4699,#3281,#3282);
#2996=AXIS2_PLACEMENT_3D('',#4705,#3286,#3287);
#2997=AXIS2_PLACEMENT_3D('',#4708,#3290,#3291);
#2998=AXIS2_PLACEMENT_3D('',#4709,#3292,#3293);
#2999=AXIS2_PLACEMENT_3D('',#4718,#3298,#3299);
#3000=AXIS2_PLACEMENT_3D('',#4724,#3303,#3304);
#3001=AXIS2_PLACEMENT_3D('',#4730,#3308,#3309);
#3002=AXIS2_PLACEMENT_3D('',#4736,#3313,#3314);
#3003=AXIS2_PLACEMENT_3D('',#4742,#3318,#3319);
#3004=AXIS2_PLACEMENT_3D('',#4748,#3323,#3324);
#3005=AXIS2_PLACEMENT_3D('',#4754,#3328,#3329);
#3006=AXIS2_PLACEMENT_3D('',#4760,#3333,#3334);
#3007=AXIS2_PLACEMENT_3D('',#4763,#3337,#3338);
#3008=AXIS2_PLACEMENT_3D('',#4764,#3339,#3340);
#3009=AXIS2_PLACEMENT_3D('',#4773,#3345,#3346);
#3010=AXIS2_PLACEMENT_3D('',#4774,#3347,#3348);
#3011=AXIS2_PLACEMENT_3D('',#4775,#3349,#3350);
#3012=AXIS2_PLACEMENT_3D('',#4776,#3351,#3352);
#3013=AXIS2_PLACEMENT_3D('',#4777,#3353,#3354);
#3014=AXIS2_PLACEMENT_3D('',#4778,#3355,#3356);
#3015=AXIS2_PLACEMENT_3D('',#4779,#3357,#3358);
#3016=AXIS2_PLACEMENT_3D('',#4788,#3363,#3364);
#3017=AXIS2_PLACEMENT_3D('',#4794,#3368,#3369);
#3018=AXIS2_PLACEMENT_3D('',#4803,#3374,#3375);
#3019=AXIS2_PLACEMENT_3D('',#4806,#3378,#3379);
#3020=AXIS2_PLACEMENT_3D('',#4809,#3382,#3383);
#3021=AXIS2_PLACEMENT_3D('',#4810,#3384,#3385);
#3022=AXIS2_PLACEMENT_3D('',#4819,#3390,#3391);
#3023=AXIS2_PLACEMENT_3D('',#4829,#3397,#3398);
#3024=AXIS2_PLACEMENT_3D('',#4833,#3401,#3402);
#3025=AXIS2_PLACEMENT_3D('',#4841,#3407,#3408);
#3026=AXIS2_PLACEMENT_3D('',#4844,#3411,#3412);
#3027=AXIS2_PLACEMENT_3D('',#4845,#3413,#3414);
#3028=AXIS2_PLACEMENT_3D('',#4854,#3419,#3420);
#3029=AXIS2_PLACEMENT_3D('',#4864,#3426,#3427);
#3030=AXIS2_PLACEMENT_3D('',#4868,#3430,#3431);
#3031=AXIS2_PLACEMENT_3D('',#4876,#3436,#3437);
#3032=AXIS2_PLACEMENT_3D('',#4879,#3440,#3441);
#3033=AXIS2_PLACEMENT_3D('',#4880,#3442,#3443);
#3034=AXIS2_PLACEMENT_3D('',#4889,#3448,#3449);
#3035=AXIS2_PLACEMENT_3D('',#4899,#3455,#3456);
#3036=AXIS2_PLACEMENT_3D('',#4903,#3459,#3460);
#3037=AXIS2_PLACEMENT_3D('',#4911,#3465,#3466);
#3038=AXIS2_PLACEMENT_3D('',#4914,#3469,#3470);
#3039=AXIS2_PLACEMENT_3D('',#4915,#3471,#3472);
#3040=AXIS2_PLACEMENT_3D('',#4924,#3477,#3478);
#3041=AXIS2_PLACEMENT_3D('',#4934,#3484,#3485);
#3042=AXIS2_PLACEMENT_3D('',#4938,#3488,#3489);
#3043=AXIS2_PLACEMENT_3D('',#4944,#3493,#3494);
#3044=AXIS2_PLACEMENT_3D('',#4949,#3498,#3499);
#3045=AXIS2_PLACEMENT_3D('',#4950,#3500,#3501);
#3046=AXIS2_PLACEMENT_3D('',#4959,#3506,#3507);
#3047=AXIS2_PLACEMENT_3D('',#4969,#3513,#3514);
#3048=AXIS2_PLACEMENT_3D('',#4973,#3517,#3518);
#3049=AXIS2_PLACEMENT_3D('',#4979,#3522,#3523);
#3050=AXIS2_PLACEMENT_3D('',#4984,#3527,#3528);
#3051=AXIS2_PLACEMENT_3D('',#4985,#3529,#3530);
#3052=AXIS2_PLACEMENT_3D('',#4994,#3535,#3536);
#3053=AXIS2_PLACEMENT_3D('',#5004,#3542,#3543);
#3054=AXIS2_PLACEMENT_3D('',#5008,#3546,#3547);
#3055=AXIS2_PLACEMENT_3D('',#5014,#3551,#3552);
#3056=AXIS2_PLACEMENT_3D('',#5019,#3556,#3557);
#3057=AXIS2_PLACEMENT_3D('',#5020,#3558,#3559);
#3058=AXIS2_PLACEMENT_3D('',#5035,#3570,#3571);
#3059=AXIS2_PLACEMENT_3D('',#5038,#3574,#3575);
#3060=AXIS2_PLACEMENT_3D('',#5040,#3577,#3578);
#3061=AXIS2_PLACEMENT_3D('',#5042,#3580,#3581);
#3062=AXIS2_PLACEMENT_3D('',#5043,#3582,#3583);
#3063=DIRECTION('axis',(0.,0.,1.));
#3064=DIRECTION('refdir',(1.,0.,0.));
#3065=DIRECTION('center_axis',(0.343192952923541,0.,0.939264923790738));
#3066=DIRECTION('ref_axis',(-0.939264923790738,0.,0.343192952923541));
#3067=DIRECTION('',(0.939264923790738,0.,-0.343192952923541));
#3068=DIRECTION('',(0.,-1.,0.));
#3069=DIRECTION('',(0.939264923790738,0.,-0.343192952923541));
#3070=DIRECTION('',(0.,-1.,0.));
#3071=DIRECTION('center_axis',(0.345466401072617,0.,-0.938431119331586));
#3072=DIRECTION('ref_axis',(0.938431119331586,0.,0.345466401072617));
#3073=DIRECTION('',(-0.938431119331586,0.,-0.345466401072617));
#3074=DIRECTION('',(-0.938431119331586,0.,-0.345466401072617));
#3075=DIRECTION('',(0.,-1.,0.));
#3076=DIRECTION('center_axis',(-1.,0.,0.));
#3077=DIRECTION('ref_axis',(0.,0.,-1.));
#3078=DIRECTION('',(0.,0.,1.));
#3079=DIRECTION('',(0.,0.,1.));
#3080=DIRECTION('center_axis',(1.,0.,0.));
#3081=DIRECTION('ref_axis',(0.,0.,1.));
#3082=DIRECTION('',(0.,0.,1.));
#3083=DIRECTION('',(0.,-1.,0.));
#3084=DIRECTION('',(0.,0.,1.));
#3085=DIRECTION('',(0.,-1.,0.));
#3086=DIRECTION('center_axis',(0.353096923994141,0.,-0.935586747589915));
#3087=DIRECTION('ref_axis',(0.935586747589915,0.,0.353096923994141));
#3088=DIRECTION('',(0.935586747589915,0.,0.353096923994141));
#3089=DIRECTION('',(0.,-1.,0.));
#3090=DIRECTION('',(0.935586747589915,0.,0.353096923994141));
#3091=DIRECTION('center_axis',(0.,0.,-1.));
#3092=DIRECTION('ref_axis',(1.,0.,0.));
#3093=DIRECTION('',(1.,0.,0.));
#3094=DIRECTION('',(0.,-1.,0.));
#3095=DIRECTION('',(1.,0.,0.));
#3096=DIRECTION('center_axis',(-1.,0.,0.));
#3097=DIRECTION('ref_axis',(0.,0.,-1.));
#3098=DIRECTION('',(0.,0.,-1.));
#3099=DIRECTION('',(0.,-1.,0.));
#3100=DIRECTION('',(0.,0.,-1.));
#3101=DIRECTION('center_axis',(-0.338719468272742,0.,0.940887411868727));
#3102=DIRECTION('ref_axis',(-0.940887411868727,0.,-0.338719468272742));
#3103=DIRECTION('',(-0.940887411868727,0.,-0.338719468272742));
#3104=DIRECTION('',(0.,-1.,0.));
#3105=DIRECTION('',(-0.940887411868727,0.,-0.338719468272742));
#3106=DIRECTION('center_axis',(-1.,0.,0.));
#3107=DIRECTION('ref_axis',(0.,0.,-1.));
#3108=DIRECTION('',(0.,0.,-1.));
#3109=DIRECTION('',(0.,-1.,0.));
#3110=DIRECTION('',(0.,0.,-1.));
#3111=DIRECTION('center_axis',(-0.346091796984629,0.,-0.938200654476403));
#3112=DIRECTION('ref_axis',(0.938200654476403,0.,-0.346091796984629));
#3113=DIRECTION('',(0.938200654476403,0.,-0.346091796984629));
#3114=DIRECTION('',(0.,-1.,0.));
#3115=DIRECTION('',(0.938200654476403,0.,-0.346091796984629));
#3116=DIRECTION('center_axis',(-1.,0.,0.));
#3117=DIRECTION('ref_axis',(0.,0.,-1.));
#3118=DIRECTION('',(0.,0.,-1.));
#3119=DIRECTION('',(0.,-1.,0.));
#3120=DIRECTION('',(0.,0.,-1.));
#3121=DIRECTION('center_axis',(0.,0.,1.));
#3122=DIRECTION('ref_axis',(-1.,0.,0.));
#3123=DIRECTION('',(-1.,0.,0.));
#3124=DIRECTION('',(0.,-1.,0.));
#3125=DIRECTION('',(-1.,0.,0.));
#3126=DIRECTION('center_axis',(0.35519678903554,0.,0.934791549522589));
#3127=DIRECTION('ref_axis',(-0.934791549522589,0.,0.35519678903554));
#3128=DIRECTION('',(-0.934791549522589,0.,0.35519678903554));
#3129=DIRECTION('',(-0.934791549522589,0.,0.35519678903554));
#3130=DIRECTION('center_axis',(0.,-1.,0.));
#3131=DIRECTION('ref_axis',(0.,0.,-1.));
#3132=DIRECTION('',(0.,-1.,0.));
#3133=DIRECTION('',(0.,-1.,0.));
#3134=DIRECTION('',(0.,-1.,0.));
#3135=DIRECTION('',(0.,-1.,0.));
#3136=DIRECTION('',(0.,-1.,0.));
#3137=DIRECTION('',(0.,-1.,0.));
#3138=DIRECTION('',(0.,-1.,0.));
#3139=DIRECTION('',(0.,-1.,0.));
#3140=DIRECTION('',(0.,-1.,0.));
#3141=DIRECTION('center_axis',(-0.24783324998263,0.,0.968802704477567));
#3142=DIRECTION('ref_axis',(-0.968802704477567,0.,-0.24783324998263));
#3143=DIRECTION('',(-0.968802704477567,0.,-0.24783324998263));
#3144=DIRECTION('',(0.,-1.,0.));
#3145=DIRECTION('',(-0.968802704477567,0.,-0.24783324998263));
#3146=DIRECTION('',(0.,-1.,0.));
#3147=DIRECTION('',(0.,-1.,0.));
#3148=DIRECTION('',(0.,-1.,0.));
#3149=DIRECTION('',(0.,-1.,0.));
#3150=DIRECTION('center_axis',(7.71521732651669E-17,-1.,5.82741209722747E-16));
#3151=DIRECTION('ref_axis',(0.,-5.77315972805081E-16,-1.));
#3152=DIRECTION('',(0.,-1.,0.));
#3153=DIRECTION('',(0.,-1.,0.));
#3154=DIRECTION('',(0.,-1.,0.));
#3155=DIRECTION('',(0.,-1.,0.));
#3156=DIRECTION('',(0.,-1.,0.));
#3157=DIRECTION('',(0.,-1.,0.));
#3158=DIRECTION('',(0.,-1.,0.));
#3159=DIRECTION('',(0.,-1.,0.));
#3160=DIRECTION('center_axis',(-4.15939078050968E-16,1.,1.40272743431554E-17));
#3161=DIRECTION('ref_axis',(0.,-1.11022302462516E-17,1.));
#3162=DIRECTION('',(0.,-1.,0.));
#3163=DIRECTION('',(0.,-1.,0.));
#3164=DIRECTION('',(0.,-1.,0.));
#3165=DIRECTION('',(0.,-1.,0.));
#3166=DIRECTION('',(0.,-1.,0.));
#3167=DIRECTION('',(0.,-1.,0.));
#3168=DIRECTION('',(0.,-1.,0.));
#3169=DIRECTION('',(0.,-1.,0.));
#3170=DIRECTION('center_axis',(-5.52121984494333E-16,1.,1.65776878600935E-17));
#3171=DIRECTION('ref_axis',(0.,-1.11022302462516E-17,1.));
#3172=DIRECTION('',(0.,-1.,0.));
#3173=DIRECTION('',(0.,-1.,0.));
#3174=DIRECTION('',(0.,-1.,0.));
#3175=DIRECTION('',(0.,-1.,0.));
#3176=DIRECTION('',(0.,-1.,0.));
#3177=DIRECTION('',(0.,-1.,0.));
#3178=DIRECTION('',(0.,-1.,0.));
#3179=DIRECTION('',(0.,-1.,0.));
#3180=DIRECTION('center_axis',(-1.93729785415834E-16,1.,1.09670233264543E-16));
#3181=DIRECTION('ref_axis',(0.,-1.11022302462516E-16,1.));
#3182=DIRECTION('center_axis',(0.,-1.,0.));
#3183=DIRECTION('ref_axis',(-1.,0.,0.));
#3184=DIRECTION('center_axis',(0.,-1.,0.));
#3185=DIRECTION('ref_axis',(-1.,0.,0.));
#3186=DIRECTION('center_axis',(0.,-1.,0.));
#3187=DIRECTION('ref_axis',(-1.,0.,0.));
#3188=DIRECTION('center_axis',(0.,1.,0.));
#3189=DIRECTION('ref_axis',(0.,0.,1.));
#3190=DIRECTION('',(0.,-1.,0.));
#3191=DIRECTION('',(0.,-1.,0.));
#3192=DIRECTION('center_axis',(1.,0.,0.));
#3193=DIRECTION('ref_axis',(0.,0.,1.));
#3194=DIRECTION('',(0.,0.,-1.));
#3195=DIRECTION('',(0.,-8.81270783096885E-17,-1.));
#3196=DIRECTION('',(0.,-1.,0.));
#3197=DIRECTION('center_axis',(9.15095760130341E-16,0.,-1.));
#3198=DIRECTION('ref_axis',(1.,0.,9.10382880192628E-16));
#3199=DIRECTION('',(-1.,0.,-9.15095760130341E-16));
#3200=DIRECTION('',(-1.,-3.67802867970825E-17,-9.15095760130341E-16));
#3201=DIRECTION('',(0.,-1.,0.));
#3202=DIRECTION('center_axis',(-1.,0.,0.));
#3203=DIRECTION('ref_axis',(0.,0.,-1.));
#3204=DIRECTION('',(0.,0.,1.));
#3205=DIRECTION('',(0.,8.81270783096885E-17,1.));
#3206=DIRECTION('',(0.,-1.,0.));
#3207=DIRECTION('center_axis',(1.,0.,0.));
#3208=DIRECTION('ref_axis',(0.,0.,1.));
#3209=DIRECTION('',(0.,0.,1.));
#3210=DIRECTION('',(0.,-1.,0.));
#3211=DIRECTION('',(0.,0.,1.));
#3212=DIRECTION('',(0.,-1.,0.));
#3213=DIRECTION('center_axis',(6.9388940590036E-16,0.,-1.));
#3214=DIRECTION('ref_axis',(1.,0.,6.99440505513849E-16));
#3215=DIRECTION('',(1.,0.,6.9388940590036E-16));
#3216=DIRECTION('',(0.,-1.,0.));
#3217=DIRECTION('',(1.,0.,6.9388940590036E-16));
#3218=DIRECTION('center_axis',(-1.,0.,0.));
#3219=DIRECTION('ref_axis',(0.,0.,-1.));
#3220=DIRECTION('',(0.,0.,-1.));
#3221=DIRECTION('',(0.,-1.,0.));
#3222=DIRECTION('',(0.,0.,-1.));
#3223=DIRECTION('',(0.,-1.,0.));
#3224=DIRECTION('center_axis',(3.67802867970825E-17,-1.,8.81270783096885E-17));
#3225=DIRECTION('ref_axis',(0.,-8.88178419700125E-17,-1.));
#3226=DIRECTION('',(0.,-1.,0.));
#3227=DIRECTION('',(0.,-1.,0.));
#3228=DIRECTION('',(0.,-1.,0.));
#3229=DIRECTION('center_axis',(1.,0.,0.));
#3230=DIRECTION('ref_axis',(0.,0.,1.));
#3231=DIRECTION('',(0.,0.,-1.));
#3232=DIRECTION('',(0.,-2.16118080247093E-16,-1.));
#3233=DIRECTION('',(0.,-1.,0.));
#3234=DIRECTION('center_axis',(9.33899097667265E-16,0.,-1.));
#3235=DIRECTION('ref_axis',(1.,0.,9.32587340685132E-16));
#3236=DIRECTION('',(-1.,0.,-9.33899097667265E-16));
#3237=DIRECTION('',(-1.,2.84970367664624E-16,-9.33899097667265E-16));
#3238=DIRECTION('',(0.,-1.,0.));
#3239=DIRECTION('center_axis',(-1.,0.,0.));
#3240=DIRECTION('ref_axis',(0.,0.,-1.));
#3241=DIRECTION('',(0.,0.,1.));
#3242=DIRECTION('',(0.,2.16118080247093E-16,1.));
#3243=DIRECTION('center_axis',(0.599999999999999,0.,0.8));
#3244=DIRECTION('ref_axis',(-0.8,0.,0.599999999999999));
#3245=DIRECTION('',(-0.8,0.,0.599999999999999));
#3246=DIRECTION('',(0.,-1.,0.));
#3247=DIRECTION('',(-0.8,0.,0.599999999999999));
#3248=DIRECTION('',(0.,-1.,0.));
#3249=DIRECTION('',(0.,-1.,0.));
#3250=DIRECTION('',(0.,-1.,0.));
#3251=DIRECTION('center_axis',(1.,0.,0.));
#3252=DIRECTION('ref_axis',(0.,0.,1.));
#3253=DIRECTION('',(0.,0.,1.));
#3254=DIRECTION('',(0.,-1.,0.));
#3255=DIRECTION('',(0.,0.,1.));
#3256=DIRECTION('center_axis',(3.4694470295018E-16,0.,-1.));
#3257=DIRECTION('ref_axis',(1.,0.,3.49720252756924E-16));
#3258=DIRECTION('',(1.,0.,3.4694470295018E-16));
#3259=DIRECTION('',(0.,-1.,0.));
#3260=DIRECTION('',(1.,0.,3.4694470295018E-16));
#3261=DIRECTION('center_axis',(-1.,0.,0.));
#3262=DIRECTION('ref_axis',(0.,0.,-1.));
#3263=DIRECTION('',(0.,0.,-1.));
#3264=DIRECTION('',(0.,-1.,0.));
#3265=DIRECTION('',(0.,0.,-1.));
#3266=DIRECTION('center_axis',(0.,0.,1.));
#3267=DIRECTION('ref_axis',(-1.,0.,0.));
#3268=DIRECTION('',(-1.,0.,0.));
#3269=DIRECTION('',(0.,-1.,0.));
#3270=DIRECTION('',(-1.,0.,0.));
#3271=DIRECTION('center_axis',(-1.,0.,0.));
#3272=DIRECTION('ref_axis',(0.,0.,-1.));
#3273=DIRECTION('',(0.,0.,-1.));
#3274=DIRECTION('',(0.,-1.,0.));
#3275=DIRECTION('',(0.,0.,-1.));
#3276=DIRECTION('center_axis',(-0.594538336119806,0.,-0.804067265148813));
#3277=DIRECTION('ref_axis',(0.804067265148813,0.,-0.594538336119806));
#3278=DIRECTION('',(0.804067265148813,0.,-0.594538336119806));
#3279=DIRECTION('',(0.,-1.,0.));
#3280=DIRECTION('',(0.804067265148813,0.,-0.594538336119806));
#3281=DIRECTION('center_axis',(-1.,0.,0.));
#3282=DIRECTION('ref_axis',(0.,0.,-1.));
#3283=DIRECTION('',(0.,0.,-1.));
#3284=DIRECTION('',(0.,-1.,0.));
#3285=DIRECTION('',(0.,0.,-1.));
#3286=DIRECTION('center_axis',(0.,0.,1.));
#3287=DIRECTION('ref_axis',(-1.,0.,0.));
#3288=DIRECTION('',(-1.,0.,0.));
#3289=DIRECTION('',(-1.,0.,0.));
#3290=DIRECTION('center_axis',(2.84970367664624E-16,1.,-2.16118080247093E-16));
#3291=DIRECTION('ref_axis',(0.,2.1094237467878E-16,1.));
#3292=DIRECTION('center_axis',(0.335721152416163,0.,-0.941961415250308));
#3293=DIRECTION('ref_axis',(0.941961415250308,0.,0.335721152416163));
#3294=DIRECTION('',(0.941961415250308,0.,0.335721152416163));
#3295=DIRECTION('',(0.,-1.,0.));
#3296=DIRECTION('',(0.941961415250308,0.,0.335721152416163));
#3297=DIRECTION('',(0.,-1.,0.));
#3298=DIRECTION('center_axis',(0.338179547102209,0.,0.941081608534427));
#3299=DIRECTION('ref_axis',(-0.941081608534427,0.,0.338179547102209));
#3300=DIRECTION('',(-0.941081608534427,0.,0.338179547102209));
#3301=DIRECTION('',(0.,-1.,0.));
#3302=DIRECTION('',(-0.941081608534427,0.,0.338179547102209));
#3303=DIRECTION('center_axis',(1.,0.,4.70169890549726E-15));
#3304=DIRECTION('ref_axis',(-4.70179450928754E-15,0.,1.));
#3305=DIRECTION('',(-4.70169890549726E-15,0.,1.));
#3306=DIRECTION('',(0.,-1.,0.));
#3307=DIRECTION('',(-4.70169890549726E-15,0.,1.));
#3308=DIRECTION('center_axis',(0.,0.,-1.));
#3309=DIRECTION('ref_axis',(1.,0.,0.));
#3310=DIRECTION('',(1.,0.,0.));
#3311=DIRECTION('',(0.,-1.,0.));
#3312=DIRECTION('',(1.,0.,0.));
#3313=DIRECTION('center_axis',(-0.347823886623154,0.,-0.937559888164144));
#3314=DIRECTION('ref_axis',(0.937559888164144,0.,-0.347823886623154));
#3315=DIRECTION('',(0.937559888164144,0.,-0.347823886623154));
#3316=DIRECTION('',(0.,-1.,0.));
#3317=DIRECTION('',(0.937559888164144,0.,-0.347823886623154));
#3318=DIRECTION('center_axis',(-1.,0.,0.));
#3319=DIRECTION('ref_axis',(0.,0.,-1.));
#3320=DIRECTION('',(0.,0.,-1.));
#3321=DIRECTION('',(0.,-1.,0.));
#3322=DIRECTION('',(0.,0.,-1.));
#3323=DIRECTION('center_axis',(-0.348881158502278,0.,0.937166974045772));
#3324=DIRECTION('ref_axis',(-0.937166974045772,0.,-0.348881158502278));
#3325=DIRECTION('',(-0.937166974045772,0.,-0.348881158502278));
#3326=DIRECTION('',(0.,-1.,0.));
#3327=DIRECTION('',(-0.937166974045772,0.,-0.348881158502278));
#3328=DIRECTION('center_axis',(0.,0.,1.));
#3329=DIRECTION('ref_axis',(-1.,0.,0.));
#3330=DIRECTION('',(-1.,0.,0.));
#3331=DIRECTION('',(0.,-1.,0.));
#3332=DIRECTION('',(-1.,0.,0.));
#3333=DIRECTION('center_axis',(1.,0.,0.));
#3334=DIRECTION('ref_axis',(0.,0.,1.));
#3335=DIRECTION('',(0.,0.,1.));
#3336=DIRECTION('',(0.,0.,1.));
#3337=DIRECTION('center_axis',(0.,-1.,0.));
#3338=DIRECTION('ref_axis',(0.,0.,-1.));
#3339=DIRECTION('center_axis',(0.,1.,0.));
#3340=DIRECTION('ref_axis',(0.,0.,1.));
#3341=DIRECTION('',(1.,0.,-1.38777878078145E-16));
#3342=DIRECTION('',(6.93889390390723E-17,0.,-1.));
#3343=DIRECTION('',(-1.,0.,4.16333634234434E-16));
#3344=DIRECTION('',(1.38777878078145E-16,0.,1.));
#3345=DIRECTION('center_axis',(0.,1.,0.));
#3346=DIRECTION('ref_axis',(0.,0.,1.));
#3347=DIRECTION('center_axis',(0.,1.,0.));
#3348=DIRECTION('ref_axis',(0.,0.,1.));
#3349=DIRECTION('center_axis',(0.,1.,0.));
#3350=DIRECTION('ref_axis',(0.,0.,1.));
#3351=DIRECTION('center_axis',(0.,1.,0.));
#3352=DIRECTION('ref_axis',(0.,0.,1.));
#3353=DIRECTION('center_axis',(0.,1.,0.));
#3354=DIRECTION('ref_axis',(0.,0.,1.));
#3355=DIRECTION('center_axis',(0.,1.,0.));
#3356=DIRECTION('ref_axis',(0.,0.,1.));
#3357=DIRECTION('center_axis',(-0.707106781186547,0.,-0.707106781186548));
#3358=DIRECTION('ref_axis',(-0.707106781186548,0.,0.707106781186547));
#3359=DIRECTION('',(-0.707106781186548,0.,0.707106781186547));
#3360=DIRECTION('',(0.,1.,0.));
#3361=DIRECTION('',(-0.707106781186548,0.,0.707106781186547));
#3362=DIRECTION('',(0.,-1.,0.));
#3363=DIRECTION('center_axis',(4.16333634234434E-16,0.,-1.));
#3364=DIRECTION('ref_axis',(-1.,0.,-4.21884749357559E-16));
#3365=DIRECTION('',(-1.,0.,-4.16333634234434E-16));
#3366=DIRECTION('',(0.,1.,0.));
#3367=DIRECTION('',(1.,0.,4.16333634234434E-16));
#3368=DIRECTION('center_axis',(2.77555756156289E-16,0.,1.));
#3369=DIRECTION('ref_axis',(1.,0.,-2.77555756156289E-16));
#3370=DIRECTION('',(1.,0.,-2.77555756156289E-16));
#3371=DIRECTION('',(0.,1.,0.));
#3372=DIRECTION('',(-1.,0.,2.77555756156289E-16));
#3373=DIRECTION('',(0.,1.,0.));
#3374=DIRECTION('center_axis',(-1.,0.,-8.67361737988403E-17));
#3375=DIRECTION('ref_axis',(-8.88178419700125E-17,0.,1.));
#3376=DIRECTION('',(8.67361737988403E-17,0.,-1.));
#3377=DIRECTION('',(-8.67361737988403E-17,0.,1.));
#3378=DIRECTION('center_axis',(1.,0.,-2.60208521396521E-16));
#3379=DIRECTION('ref_axis',(-2.60902410786912E-16,0.,-1.));
#3380=DIRECTION('',(-2.60208521396521E-16,0.,-1.));
#3381=DIRECTION('',(2.60208521396521E-16,0.,1.));
#3382=DIRECTION('center_axis',(0.,-1.,0.));
#3383=DIRECTION('ref_axis',(0.,0.,-1.));
#3384=DIRECTION('center_axis',(0.,-1.,0.));
#3385=DIRECTION('ref_axis',(0.,0.,1.));
#3386=DIRECTION('',(1.38777878078145E-16,0.,1.));
#3387=DIRECTION('',(1.,0.,0.));
#3388=DIRECTION('',(6.93196194190158E-17,0.,-1.));
#3389=DIRECTION('',(-1.,0.,0.));
#3390=DIRECTION('center_axis',(0.,0.,1.));
#3391=DIRECTION('ref_axis',(1.,0.,0.));
#3392=DIRECTION('',(0.,1.,0.));
#3393=DIRECTION('',(-1.,0.,0.));
#3394=DIRECTION('',(0.,1.,0.));
#3395=DIRECTION('',(1.,0.,0.));
#3396=DIRECTION('',(0.,1.,0.));
#3397=DIRECTION('center_axis',(1.,0.,6.93196194190158E-17));
#3398=DIRECTION('ref_axis',(6.66133814775094E-17,0.,-1.));
#3399=DIRECTION('',(6.93196194190158E-17,0.,-1.));
#3400=DIRECTION('',(0.,1.,0.));
#3401=DIRECTION('center_axis',(0.,0.,-1.));
#3402=DIRECTION('ref_axis',(-1.,0.,0.));
#3403=DIRECTION('',(0.,-1.,0.));
#3404=DIRECTION('',(-1.,0.,0.));
#3405=DIRECTION('',(0.,1.,0.));
#3406=DIRECTION('',(1.,0.,0.));
#3407=DIRECTION('center_axis',(-1.,0.,-2.77555756156288E-15));
#3408=DIRECTION('ref_axis',(-2.77555756156289E-15,0.,1.));
#3409=DIRECTION('',(2.77555756156288E-15,0.,-1.));
#3410=DIRECTION('',(-2.77555756156288E-15,0.,1.));
#3411=DIRECTION('center_axis',(0.,1.,0.));
#3412=DIRECTION('ref_axis',(0.,0.,-1.));
#3413=DIRECTION('center_axis',(0.,-1.,0.));
#3414=DIRECTION('ref_axis',(0.,0.,1.));
#3415=DIRECTION('',(1.38777878078145E-16,0.,1.));
#3416=DIRECTION('',(1.,0.,0.));
#3417=DIRECTION('',(6.93196194190158E-17,0.,-1.));
#3418=DIRECTION('',(-1.,0.,0.));
#3419=DIRECTION('center_axis',(0.,0.,1.));
#3420=DIRECTION('ref_axis',(1.,0.,0.));
#3421=DIRECTION('',(0.,1.,0.));
#3422=DIRECTION('',(-1.,0.,-5.55111512312578E-16));
#3423=DIRECTION('',(0.,1.,0.));
#3424=DIRECTION('',(1.,0.,0.));
#3425=DIRECTION('',(0.,1.,0.));
#3426=DIRECTION('center_axis',(1.,0.,6.93196194190158E-17));
#3427=DIRECTION('ref_axis',(6.66133814775094E-17,0.,-1.));
#3428=DIRECTION('',(6.93196194190158E-17,0.,-1.));
#3429=DIRECTION('',(0.,1.,0.));
#3430=DIRECTION('center_axis',(0.,0.,-1.));
#3431=DIRECTION('ref_axis',(-1.,0.,0.));
#3432=DIRECTION('',(0.,-1.,0.));
#3433=DIRECTION('',(-1.,0.,0.));
#3434=DIRECTION('',(0.,1.,0.));
#3435=DIRECTION('',(1.,0.,0.));
#3436=DIRECTION('center_axis',(-1.,0.,1.85037170770859E-15));
#3437=DIRECTION('ref_axis',(1.85407245112401E-15,0.,1.));
#3438=DIRECTION('',(-1.85037170770859E-15,0.,-1.));
#3439=DIRECTION('',(1.85037170770859E-15,0.,1.));
#3440=DIRECTION('center_axis',(0.,-1.,0.));
#3441=DIRECTION('ref_axis',(0.,0.,1.));
#3442=DIRECTION('center_axis',(0.,-1.,0.));
#3443=DIRECTION('ref_axis',(0.,0.,1.));
#3444=DIRECTION('',(1.38777878078145E-16,0.,1.));
#3445=DIRECTION('',(1.,0.,0.));
#3446=DIRECTION('',(6.93196194190158E-17,0.,-1.));
#3447=DIRECTION('',(-1.,0.,0.));
#3448=DIRECTION('center_axis',(0.,0.,1.));
#3449=DIRECTION('ref_axis',(1.,0.,0.));
#3450=DIRECTION('',(0.,1.,0.));
#3451=DIRECTION('',(-1.,0.,6.10622663543837E-15));
#3452=DIRECTION('',(0.,1.,0.));
#3453=DIRECTION('',(1.,0.,0.));
#3454=DIRECTION('',(0.,1.,0.));
#3455=DIRECTION('center_axis',(1.,0.,6.93196194190158E-17));
#3456=DIRECTION('ref_axis',(6.66133814775094E-17,0.,-1.));
#3457=DIRECTION('',(6.93196194190158E-17,0.,-1.));
#3458=DIRECTION('',(0.,1.,0.));
#3459=DIRECTION('center_axis',(0.,0.,-1.));
#3460=DIRECTION('ref_axis',(-1.,0.,0.));
#3461=DIRECTION('',(0.,-1.,0.));
#3462=DIRECTION('',(-1.,0.,0.));
#3463=DIRECTION('',(0.,1.,0.));
#3464=DIRECTION('',(1.,0.,0.));
#3465=DIRECTION('center_axis',(-1.,0.,0.));
#3466=DIRECTION('ref_axis',(0.,0.,1.));
#3467=DIRECTION('',(0.,0.,-1.));
#3468=DIRECTION('',(0.,0.,1.));
#3469=DIRECTION('center_axis',(0.,1.,0.));
#3470=DIRECTION('ref_axis',(0.,0.,-1.));
#3471=DIRECTION('center_axis',(0.,1.,0.));
#3472=DIRECTION('ref_axis',(0.,0.,1.));
#3473=DIRECTION('',(6.93889390390723E-17,0.,-1.));
#3474=DIRECTION('',(1.,0.,0.));
#3475=DIRECTION('',(-6.93196194190158E-17,0.,-1.));
#3476=DIRECTION('',(-1.,0.,0.));
#3477=DIRECTION('center_axis',(0.,0.,1.));
#3478=DIRECTION('ref_axis',(1.,0.,0.));
#3479=DIRECTION('',(0.,1.,0.));
#3480=DIRECTION('',(1.,0.,0.));
#3481=DIRECTION('',(0.,1.,0.));
#3482=DIRECTION('',(1.,0.,0.));
#3483=DIRECTION('',(0.,1.,0.));
#3484=DIRECTION('center_axis',(1.,0.,-6.93196194190158E-17));
#3485=DIRECTION('ref_axis',(-6.66133814775094E-17,0.,-1.));
#3486=DIRECTION('',(-6.93196194190158E-17,0.,-1.));
#3487=DIRECTION('',(0.,1.,0.));
#3488=DIRECTION('center_axis',(-1.,0.,2.77555756156288E-15));
#3489=DIRECTION('ref_axis',(2.77555756156289E-15,0.,1.));
#3490=DIRECTION('',(2.77555756156288E-15,0.,1.));
#3491=DIRECTION('',(0.,1.,0.));
#3492=DIRECTION('',(2.77555756156288E-15,0.,1.));
#3493=DIRECTION('center_axis',(0.,0.,-1.));
#3494=DIRECTION('ref_axis',(-1.,0.,0.));
#3495=DIRECTION('',(0.,-1.,0.));
#3496=DIRECTION('',(-1.,0.,0.));
#3497=DIRECTION('',(-1.,0.,0.));
#3498=DIRECTION('center_axis',(0.,-1.,0.));
#3499=DIRECTION('ref_axis',(0.,0.,-1.));
#3500=DIRECTION('center_axis',(0.,1.,0.));
#3501=DIRECTION('ref_axis',(0.,0.,1.));
#3502=DIRECTION('',(6.93889390390723E-17,0.,-1.));
#3503=DIRECTION('',(1.,0.,0.));
#3504=DIRECTION('',(-6.93196194190158E-17,0.,-1.));
#3505=DIRECTION('',(-1.,0.,0.));
#3506=DIRECTION('center_axis',(0.,0.,1.));
#3507=DIRECTION('ref_axis',(1.,0.,0.));
#3508=DIRECTION('',(0.,1.,0.));
#3509=DIRECTION('',(1.,0.,0.));
#3510=DIRECTION('',(0.,1.,0.));
#3511=DIRECTION('',(1.,0.,0.));
#3512=DIRECTION('',(0.,1.,0.));
#3513=DIRECTION('center_axis',(1.,0.,-6.93196194190158E-17));
#3514=DIRECTION('ref_axis',(-6.66133814775094E-17,0.,-1.));
#3515=DIRECTION('',(-6.93196194190158E-17,0.,-1.));
#3516=DIRECTION('',(0.,1.,0.));
#3517=DIRECTION('center_axis',(-1.,0.,-1.85037170770859E-15));
#3518=DIRECTION('ref_axis',(-1.85407245112401E-15,0.,1.));
#3519=DIRECTION('',(-1.85037170770859E-15,0.,1.));
#3520=DIRECTION('',(0.,1.,0.));
#3521=DIRECTION('',(-1.85037170770859E-15,0.,1.));
#3522=DIRECTION('center_axis',(0.,0.,-1.));
#3523=DIRECTION('ref_axis',(-1.,0.,0.));
#3524=DIRECTION('',(0.,-1.,0.));
#3525=DIRECTION('',(-1.,0.,0.));
#3526=DIRECTION('',(-1.,0.,5.55111512312578E-16));
#3527=DIRECTION('center_axis',(0.,1.,0.));
#3528=DIRECTION('ref_axis',(0.,0.,1.));
#3529=DIRECTION('center_axis',(0.,1.,0.));
#3530=DIRECTION('ref_axis',(0.,0.,1.));
#3531=DIRECTION('',(6.93889390390723E-17,0.,-1.));
#3532=DIRECTION('',(1.,0.,0.));
#3533=DIRECTION('',(-6.93196194190158E-17,0.,-1.));
#3534=DIRECTION('',(-1.,0.,0.));
#3535=DIRECTION('center_axis',(0.,0.,1.));
#3536=DIRECTION('ref_axis',(1.,0.,0.));
#3537=DIRECTION('',(0.,1.,0.));
#3538=DIRECTION('',(1.,0.,0.));
#3539=DIRECTION('',(0.,1.,0.));
#3540=DIRECTION('',(1.,0.,0.));
#3541=DIRECTION('',(0.,1.,0.));
#3542=DIRECTION('center_axis',(1.,0.,-6.93196194190158E-17));
#3543=DIRECTION('ref_axis',(-6.66133814775094E-17,0.,-1.));
#3544=DIRECTION('',(-6.93196194190158E-17,0.,-1.));
#3545=DIRECTION('',(0.,1.,0.));
#3546=DIRECTION('center_axis',(-1.,0.,0.));
#3547=DIRECTION('ref_axis',(0.,0.,1.));
#3548=DIRECTION('',(0.,0.,1.));
#3549=DIRECTION('',(0.,1.,0.));
#3550=DIRECTION('',(0.,0.,1.));
#3551=DIRECTION('center_axis',(0.,0.,-1.));
#3552=DIRECTION('ref_axis',(-1.,0.,0.));
#3553=DIRECTION('',(0.,-1.,0.));
#3554=DIRECTION('',(-1.,0.,0.));
#3555=DIRECTION('',(-1.,0.,-6.10622663543837E-15));
#3556=DIRECTION('center_axis',(0.,-1.,0.));
#3557=DIRECTION('ref_axis',(0.,0.,-1.));
#3558=DIRECTION('center_axis',(0.,-1.,0.));
#3559=DIRECTION('ref_axis',(0.,0.,-1.));
#3560=DIRECTION('',(-1.38777878078145E-16,0.,-1.));
#3561=DIRECTION('',(-1.38777878078145E-16,0.,-1.));
#3562=DIRECTION('',(1.,0.,-4.16333634234434E-16));
#3563=DIRECTION('',(-6.93889390390723E-17,0.,1.));
#3564=DIRECTION('',(-6.93889390390723E-17,0.,1.));
#3565=DIRECTION('',(-6.93889390390723E-17,0.,1.));
#3566=DIRECTION('',(-6.93889390390723E-17,0.,1.));
#3567=DIRECTION('',(-1.,0.,1.38777878078145E-16));
#3568=DIRECTION('',(-1.38777878078145E-16,0.,-1.));
#3569=DIRECTION('',(-1.38777878078145E-16,0.,-1.));
#3570=DIRECTION('center_axis',(1.,0.,6.93889390390723E-17));
#3571=DIRECTION('ref_axis',(-6.66133814775094E-17,0.,1.));
#3572=DIRECTION('',(0.,-1.,0.));
#3573=DIRECTION('',(0.,-1.,0.));
#3574=DIRECTION('center_axis',(-4.16333634234434E-16,0.,-1.));
#3575=DIRECTION('ref_axis',(1.,0.,-4.21884749357559E-16));
#3576=DIRECTION('',(0.,-1.,0.));
#3577=DIRECTION('center_axis',(-1.,0.,1.38777878078145E-16));
#3578=DIRECTION('ref_axis',(-1.33226762955019E-16,0.,-1.));
#3579=DIRECTION('',(0.,-1.,0.));
#3580=DIRECTION('center_axis',(1.38777878078145E-16,0.,1.));
#3581=DIRECTION('ref_axis',(-1.,0.,1.33226762955019E-16));
#3582=DIRECTION('center_axis',(0.,1.,0.));
#3583=DIRECTION('ref_axis',(0.,0.,1.));
#3584=CARTESIAN_POINT('',(0.,0.,0.));
#3585=CARTESIAN_POINT('Origin',(0.0732824462032716,0.8,0.620610706422847));
#3586=CARTESIAN_POINT('',(-0.0193384168664397,0.8,0.654452944852165));
#3587=CARTESIAN_POINT('',(0.0732824462032716,0.8,0.620610706422847));
#3588=CARTESIAN_POINT('',(0.14098352995729,0.8,0.595873771974264));
#3589=CARTESIAN_POINT('',(-0.0193384168664397,0.799,0.654452944852165));
#3590=CARTESIAN_POINT('',(-0.0193384168664397,0.8,0.654452944852165));
#3591=CARTESIAN_POINT('',(0.0732824462032716,0.799,0.620610706422847));
#3592=CARTESIAN_POINT('',(0.0319836080224504,0.799,0.635700666527378));
#3593=CARTESIAN_POINT('',(0.0732824462032716,0.8,0.620610706422847));
#3594=CARTESIAN_POINT('Origin',(-0.0193384168664397,0.8,0.586514015073009));
#3595=CARTESIAN_POINT('',(-0.0193384168664397,0.8,0.586514015073009));
#3596=CARTESIAN_POINT('',(-0.105896072191943,0.8,0.554649383716917));
#3597=CARTESIAN_POINT('',(-0.0193384168664397,0.799,0.586514015073009));
#3598=CARTESIAN_POINT('',(-0.0140655307292548,0.799,0.588455132497137));
#3599=CARTESIAN_POINT('',(-0.0193384168664397,0.8,0.586514015073009));
#3600=CARTESIAN_POINT('Origin',(-0.0193384168664397,0.8,0.654452944852165));
#3601=CARTESIAN_POINT('',(-0.0193384168664397,0.8,0.327226472426083));
#3602=CARTESIAN_POINT('',(-0.0193384168664397,0.799,0.637822861897295));
#3603=CARTESIAN_POINT('Origin',(0.100000002857996,0.8,0.603816813668449));
#3604=CARTESIAN_POINT('',(0.100000002857996,0.8,0.603816813668449));
#3605=CARTESIAN_POINT('',(0.100000002857996,0.8,0.638422410859331));
#3606=CARTESIAN_POINT('',(0.100000002857996,0.8,0.301908406834225));
#3607=CARTESIAN_POINT('',(0.100000002857996,0.799,0.603816813668449));
#3608=CARTESIAN_POINT('',(0.100000002857996,0.8,0.603816813668449));
#3609=CARTESIAN_POINT('',(0.100000002857996,0.799,0.638422410859331));
#3610=CARTESIAN_POINT('',(0.100000002857996,0.799,0.603816813668449));
#3611=CARTESIAN_POINT('',(0.100000002857996,0.8,0.638422410859331));
#3612=CARTESIAN_POINT('Origin',(-0.0982188222280073,0.8,0.529007655035221));
#3613=CARTESIAN_POINT('',(-0.0982188222280073,0.8,0.529007655035221));
#3614=CARTESIAN_POINT('',(-0.142611827406623,0.8,0.512253427150095));
#3615=CARTESIAN_POINT('',(-0.0982188222280073,0.799,0.529007655035221));
#3616=CARTESIAN_POINT('',(-0.0982188222280073,0.8,0.529007655035221));
#3617=CARTESIAN_POINT('',(-0.0982188222280073,0.799,0.529007655035221));
#3618=CARTESIAN_POINT('Origin',(-0.0999999926716555,0.8,0.529007655035221));
#3619=CARTESIAN_POINT('',(-0.0999999926716555,0.8,0.529007655035221));
#3620=CARTESIAN_POINT('',(-0.0499999963358276,0.8,0.529007655035221));
#3621=CARTESIAN_POINT('',(-0.0999999926716555,0.799,0.529007655035221));
#3622=CARTESIAN_POINT('',(-0.0999999926716555,0.8,0.529007655035221));
#3623=CARTESIAN_POINT('',(-0.0999999926716555,0.799,0.529007655035221));
#3624=CARTESIAN_POINT('Origin',(-0.0999999926716555,0.8,0.557251929213072));
#3625=CARTESIAN_POINT('',(-0.0999999926716555,0.8,0.557251929213072));
#3626=CARTESIAN_POINT('',(-0.0999999926716555,0.8,0.278625964606536));
#3627=CARTESIAN_POINT('',(-0.0999999926716555,0.799,0.557251929213072));
#3628=CARTESIAN_POINT('',(-0.0999999926716555,0.8,0.557251929213072));
#3629=CARTESIAN_POINT('',(-0.0999999926716555,0.799,0.557251929213072));
#3630=CARTESIAN_POINT('Origin',(-0.0427480855543888,0.8,0.577862615775288));
#3631=CARTESIAN_POINT('',(-0.0427480855543888,0.8,0.577862615775288));
#3632=CARTESIAN_POINT('',(-0.115907812946702,0.8,0.551525113914055));
#3633=CARTESIAN_POINT('',(-0.0427480855543888,0.799,0.577862615775288));
#3634=CARTESIAN_POINT('',(-0.0427480855543888,0.8,0.577862615775288));
#3635=CARTESIAN_POINT('',(-0.0427480855543888,0.799,0.577862615775288));
#3636=CARTESIAN_POINT('Origin',(-0.0427480855543888,0.8,0.663104344149886));
#3637=CARTESIAN_POINT('',(-0.0427480855543888,0.8,0.663104344149886));
#3638=CARTESIAN_POINT('',(-0.0427480855543888,0.8,0.331552172074943));
#3639=CARTESIAN_POINT('',(-0.0427480855543888,0.799,0.663104344149886));
#3640=CARTESIAN_POINT('',(-0.0427480855543888,0.8,0.663104344149886));
#3641=CARTESIAN_POINT('',(-0.0427480855543888,0.799,0.663104344149886));
#3642=CARTESIAN_POINT('Origin',(-0.0999999926716555,0.8,0.684223936553144));
#3643=CARTESIAN_POINT('',(-0.0999999926716555,0.8,0.684223936553144));
#3644=CARTESIAN_POINT('',(0.0550959982534458,0.8,0.627010748789662));
#3645=CARTESIAN_POINT('',(-0.0999999926716555,0.799,0.684223936553144));
#3646=CARTESIAN_POINT('',(-0.0999999926716555,0.8,0.684223936553144));
#3647=CARTESIAN_POINT('',(-0.0999999926716555,0.799,0.684223936553144));
#3648=CARTESIAN_POINT('Origin',(-0.0999999926716555,0.8,0.713740475333601));
#3649=CARTESIAN_POINT('',(-0.0999999926716555,0.8,0.713740475333601));
#3650=CARTESIAN_POINT('',(-0.0999999926716555,0.8,0.356870237666801));
#3651=CARTESIAN_POINT('',(-0.0999999926716555,0.799,0.713740475333601));
#3652=CARTESIAN_POINT('',(-0.0999999926716555,0.8,0.713740475333601));
#3653=CARTESIAN_POINT('',(-0.0999999926716555,0.799,0.713740475333601));
#3654=CARTESIAN_POINT('Origin',(-0.0982188222280073,0.8,0.713740475333601));
#3655=CARTESIAN_POINT('',(-0.0982188222280073,0.8,0.713740475333601));
#3656=CARTESIAN_POINT('',(-0.0491094111140035,0.8,0.713740475333601));
#3657=CARTESIAN_POINT('',(-0.0982188222280073,0.799,0.713740475333601));
#3658=CARTESIAN_POINT('',(-0.0982188222280073,0.8,0.713740475333601));
#3659=CARTESIAN_POINT('',(-0.0982188222280073,0.799,0.713740475333601));
#3660=CARTESIAN_POINT('Origin',(0.100000002857996,0.8,0.638422410859331));
#3661=CARTESIAN_POINT('',(0.162297518363808,0.8,0.614750954389857));
#3662=CARTESIAN_POINT('',(0.100000002857996,0.799,0.638422410859331));
#3663=CARTESIAN_POINT('Origin',(-0.0201298283526059,0.799,0.621192778942424));
#3664=CARTESIAN_POINT('Ctrl Pts',(0.00458015766255163,0.8,0.442239209137497));
#3665=CARTESIAN_POINT('Ctrl Pts',(0.00458015766255163,0.799,0.442239209137497));
#3666=CARTESIAN_POINT('Ctrl Pts',(0.00458015766255163,0.8,0.46437661322284));
#3667=CARTESIAN_POINT('Ctrl Pts',(0.00458015766255163,0.799,0.46437661322284));
#3668=CARTESIAN_POINT('Ctrl Pts',(-0.0160305288996643,0.8,0.483206129341407));
#3669=CARTESIAN_POINT('Ctrl Pts',(-0.0160305288996643,0.799,0.483206129341407));
#3670=CARTESIAN_POINT('Ctrl Pts',(-0.0386768388260499,0.8,0.483206129341407));
#3671=CARTESIAN_POINT('Ctrl Pts',(-0.0386768388260499,0.799,0.483206129341407));
#3672=CARTESIAN_POINT('',(-0.0386768388260499,0.8,0.483206129341407));
#3673=CARTESIAN_POINT('',(0.00458015766255162,0.8,0.442239209137497));
#3674=CARTESIAN_POINT('Ctrl Pts',(-0.0386768388260499,0.8,0.483206129341407));
#3675=CARTESIAN_POINT('Ctrl Pts',(-0.0160305288996643,0.8,0.483206129341407));
#3676=CARTESIAN_POINT('Ctrl Pts',(0.00458015766255163,0.8,0.46437661322284));
#3677=CARTESIAN_POINT('Ctrl Pts',(0.00458015766255163,0.8,0.442239209137497));
#3678=CARTESIAN_POINT('',(-0.0386768388260499,0.799,0.483206129341407));
#3679=CARTESIAN_POINT('',(-0.0386768388260499,0.8,0.483206129341407));
#3680=CARTESIAN_POINT('',(0.00458015766255163,0.799,0.442239209137497));
#3681=CARTESIAN_POINT('Ctrl Pts',(-0.0386768388260499,0.799,0.483206129341407));
#3682=CARTESIAN_POINT('Ctrl Pts',(-0.0160305288996643,0.799,0.483206129341407));
#3683=CARTESIAN_POINT('Ctrl Pts',(0.00458015766255163,0.799,0.46437661322284));
#3684=CARTESIAN_POINT('Ctrl Pts',(0.00458015766255163,0.799,0.442239209137497));
#3685=CARTESIAN_POINT('',(0.00458015766255162,0.8,0.442239209137497));
#3686=CARTESIAN_POINT('Ctrl Pts',(-0.00966920588663475,0.8,0.401017836013065));
#3687=CARTESIAN_POINT('Ctrl Pts',(-0.00966920588663475,0.799,0.401017836013065));
#3688=CARTESIAN_POINT('Ctrl Pts',(-0.00305342995308391,0.8,0.410941499913391));
#3689=CARTESIAN_POINT('Ctrl Pts',(-0.00305342995308391,0.799,0.410941499913391));
#3690=CARTESIAN_POINT('Ctrl Pts',(0.00458015766255163,0.8,0.43231554523717));
#3691=CARTESIAN_POINT('Ctrl Pts',(0.00458015766255163,0.799,0.43231554523717));
#3692=CARTESIAN_POINT('Ctrl Pts',(0.00458015766255163,0.8,0.442239209137497));
#3693=CARTESIAN_POINT('Ctrl Pts',(0.00458015766255163,0.799,0.442239209137497));
#3694=CARTESIAN_POINT('',(-0.00966920588663475,0.8,0.401017836013065));
#3695=CARTESIAN_POINT('Ctrl Pts',(0.00458015766255163,0.8,0.442239209137497));
#3696=CARTESIAN_POINT('Ctrl Pts',(0.00458015766255163,0.8,0.43231554523717));
#3697=CARTESIAN_POINT('Ctrl Pts',(-0.00305342995308391,0.8,0.410941499913391));
#3698=CARTESIAN_POINT('Ctrl Pts',(-0.00966920588663475,0.8,0.401017836013065));
#3699=CARTESIAN_POINT('',(-0.00966920588663475,0.799,0.401017836013065));
#3700=CARTESIAN_POINT('Ctrl Pts',(0.00458015766255163,0.799,0.442239209137497));
#3701=CARTESIAN_POINT('Ctrl Pts',(0.00458015766255163,0.799,0.43231554523717));
#3702=CARTESIAN_POINT('Ctrl Pts',(-0.00305342995308391,0.799,0.410941499913391));
#3703=CARTESIAN_POINT('Ctrl Pts',(-0.00966920588663475,0.799,0.401017836013065));
#3704=CARTESIAN_POINT('',(-0.00966920588663475,0.8,0.401017836013065));
#3705=CARTESIAN_POINT('Ctrl Pts',(-0.0213740402306092,0.8,0.400763383092543));
#3706=CARTESIAN_POINT('Ctrl Pts',(-0.0213740402306092,0.799,0.400763383092543));
#3707=CARTESIAN_POINT('Ctrl Pts',(-0.0132315467739313,0.8,0.400763383092543));
#3708=CARTESIAN_POINT('Ctrl Pts',(-0.0132315467739313,0.799,0.400763383092543));
#3709=CARTESIAN_POINT('Ctrl Pts',(-0.00966920588663475,0.8,0.401017836013065));
#3710=CARTESIAN_POINT('Ctrl Pts',(-0.00966920588663475,0.799,0.401017836013065));
#3711=CARTESIAN_POINT('',(-0.0213740402306092,0.8,0.400763383092543));
#3712=CARTESIAN_POINT('Ctrl Pts',(-0.00966920588663475,0.8,0.401017836013065));
#3713=CARTESIAN_POINT('Ctrl Pts',(-0.0132315467739313,0.8,0.400763383092543));
#3714=CARTESIAN_POINT('Ctrl Pts',(-0.0213740402306092,0.8,0.400763383092543));
#3715=CARTESIAN_POINT('',(-0.0213740402306092,0.799,0.400763383092543));
#3716=CARTESIAN_POINT('Ctrl Pts',(-0.00966920588663475,0.799,0.401017836013065));
#3717=CARTESIAN_POINT('Ctrl Pts',(-0.0132315467739313,0.799,0.400763383092543));
#3718=CARTESIAN_POINT('Ctrl Pts',(-0.0213740402306092,0.799,0.400763383092543));
#3719=CARTESIAN_POINT('',(-0.0213740402306092,0.8,0.400763383092543));
#3720=CARTESIAN_POINT('Ctrl Pts',(-0.0806615707120455,0.8,0.441984756216975));
#3721=CARTESIAN_POINT('Ctrl Pts',(-0.0806615707120455,0.799,0.441984756216975));
#3722=CARTESIAN_POINT('Ctrl Pts',(-0.0806615707120455,0.8,0.421882975495802));
#3723=CARTESIAN_POINT('Ctrl Pts',(-0.0806615707120455,0.799,0.421882975495802));
#3724=CARTESIAN_POINT('Ctrl Pts',(-0.0503816731700243,0.8,0.400763383092543));
#3725=CARTESIAN_POINT('Ctrl Pts',(-0.0503816731700243,0.799,0.400763383092543));
#3726=CARTESIAN_POINT('Ctrl Pts',(-0.0213740402306092,0.8,0.400763383092543));
#3727=CARTESIAN_POINT('Ctrl Pts',(-0.0213740402306092,0.799,0.400763383092543));
#3728=CARTESIAN_POINT('',(-0.0806615707120455,0.8,0.441984756216975));
#3729=CARTESIAN_POINT('Ctrl Pts',(-0.0213740402306092,0.8,0.400763383092543));
#3730=CARTESIAN_POINT('Ctrl Pts',(-0.0503816731700243,0.8,0.400763383092543));
#3731=CARTESIAN_POINT('Ctrl Pts',(-0.0806615707120455,0.8,0.421882975495802));
#3732=CARTESIAN_POINT('Ctrl Pts',(-0.0806615707120455,0.8,0.441984756216975));
#3733=CARTESIAN_POINT('',(-0.0806615707120455,0.799,0.441984756216975));
#3734=CARTESIAN_POINT('Ctrl Pts',(-0.0213740402306092,0.799,0.400763383092543));
#3735=CARTESIAN_POINT('Ctrl Pts',(-0.0503816731700243,0.799,0.400763383092543));
#3736=CARTESIAN_POINT('Ctrl Pts',(-0.0806615707120455,0.799,0.421882975495802));
#3737=CARTESIAN_POINT('Ctrl Pts',(-0.0806615707120455,0.799,0.441984756216975));
#3738=CARTESIAN_POINT('',(-0.0806615707120455,0.8,0.441984756216975));
#3739=CARTESIAN_POINT('Ctrl Pts',(-0.0386768388260499,0.8,0.483206129341407));
#3740=CARTESIAN_POINT('Ctrl Pts',(-0.0386768388260499,0.799,0.483206129341407));
#3741=CARTESIAN_POINT('Ctrl Pts',(-0.0580152607856599,0.8,0.483206129341407));
#3742=CARTESIAN_POINT('Ctrl Pts',(-0.0580152607856599,0.799,0.483206129341407));
#3743=CARTESIAN_POINT('Ctrl Pts',(-0.0806615707120455,0.8,0.461577631097107));
#3744=CARTESIAN_POINT('Ctrl Pts',(-0.0806615707120455,0.799,0.461577631097107));
#3745=CARTESIAN_POINT('Ctrl Pts',(-0.0806615707120455,0.8,0.441984756216975));
#3746=CARTESIAN_POINT('Ctrl Pts',(-0.0806615707120455,0.799,0.441984756216975));
#3747=CARTESIAN_POINT('Ctrl Pts',(-0.0806615707120455,0.8,0.441984756216975));
#3748=CARTESIAN_POINT('Ctrl Pts',(-0.0806615707120455,0.8,0.461577631097107));
#3749=CARTESIAN_POINT('Ctrl Pts',(-0.0580152607856599,0.8,0.483206129341407));
#3750=CARTESIAN_POINT('Ctrl Pts',(-0.0386768388260499,0.8,0.483206129341407));
#3751=CARTESIAN_POINT('Ctrl Pts',(-0.0806615707120455,0.799,0.441984756216975));
#3752=CARTESIAN_POINT('Ctrl Pts',(-0.0806615707120455,0.799,0.461577631097107));
#3753=CARTESIAN_POINT('Ctrl Pts',(-0.0580152607856599,0.799,0.483206129341407));
#3754=CARTESIAN_POINT('Ctrl Pts',(-0.0386768388260499,0.799,0.483206129341407));
#3755=CARTESIAN_POINT('Ctrl Pts',(0.0117048394371448,0.8,0.402544553536192));
#3756=CARTESIAN_POINT('Ctrl Pts',(0.0117048394371448,0.799,0.402544553536192));
#3757=CARTESIAN_POINT('Ctrl Pts',(0.0274809205094584,0.8,0.426972033906226));
#3758=CARTESIAN_POINT('Ctrl Pts',(0.0274809205094584,0.799,0.426972033906226));
#3759=CARTESIAN_POINT('Ctrl Pts',(0.0274809205094584,0.8,0.450127249673653));
#3760=CARTESIAN_POINT('Ctrl Pts',(0.0274809205094584,0.799,0.450127249673653));
#3761=CARTESIAN_POINT('',(0.0117048394371448,0.8,0.402544553536192));
#3762=CARTESIAN_POINT('',(0.0274809205094584,0.8,0.450127249673653));
#3763=CARTESIAN_POINT('Ctrl Pts',(0.0117048394371448,0.8,0.402544553536192));
#3764=CARTESIAN_POINT('Ctrl Pts',(0.0274809205094584,0.8,0.426972033906226));
#3765=CARTESIAN_POINT('Ctrl Pts',(0.0274809205094584,0.8,0.450127249673653));
#3766=CARTESIAN_POINT('',(0.0117048394371448,0.799,0.402544553536192));
#3767=CARTESIAN_POINT('',(0.0117048394371448,0.8,0.402544553536192));
#3768=CARTESIAN_POINT('',(0.0274809205094584,0.799,0.450127249673653));
#3769=CARTESIAN_POINT('Ctrl Pts',(0.0117048394371448,0.799,0.402544553536192));
#3770=CARTESIAN_POINT('Ctrl Pts',(0.0274809205094584,0.799,0.426972033906226));
#3771=CARTESIAN_POINT('Ctrl Pts',(0.0274809205094584,0.799,0.450127249673653));
#3772=CARTESIAN_POINT('',(0.0274809205094584,0.8,0.450127249673653));
#3773=CARTESIAN_POINT('Ctrl Pts',(0.0809160338189073,0.8,0.456997478527725));
#3774=CARTESIAN_POINT('Ctrl Pts',(0.0809160338189073,0.799,0.456997478527725));
#3775=CARTESIAN_POINT('Ctrl Pts',(0.0809160338189073,0.8,0.432824451078213));
#3776=CARTESIAN_POINT('Ctrl Pts',(0.0809160338189073,0.799,0.432824451078213));
#3777=CARTESIAN_POINT('Ctrl Pts',(0.043511454502293,0.8,0.406615800264531));
#3778=CARTESIAN_POINT('Ctrl Pts',(0.043511454502293,0.799,0.406615800264531));
#3779=CARTESIAN_POINT('Ctrl Pts',(0.0117048394371448,0.8,0.402544553536192));
#3780=CARTESIAN_POINT('Ctrl Pts',(0.0117048394371448,0.799,0.402544553536192));
#3781=CARTESIAN_POINT('',(0.0809160338189073,0.8,0.456997478527725));
#3782=CARTESIAN_POINT('Ctrl Pts',(0.0809160338189073,0.8,0.456997478527725));
#3783=CARTESIAN_POINT('Ctrl Pts',(0.0809160338189073,0.8,0.432824451078213));
#3784=CARTESIAN_POINT('Ctrl Pts',(0.043511454502293,0.8,0.406615800264531));
#3785=CARTESIAN_POINT('Ctrl Pts',(0.0117048394371448,0.8,0.402544553536192));
#3786=CARTESIAN_POINT('',(0.0809160338189073,0.799,0.456997478527725));
#3787=CARTESIAN_POINT('',(0.0809160338189073,0.8,0.456997478527725));
#3788=CARTESIAN_POINT('Ctrl Pts',(0.0809160338189073,0.799,0.456997478527725));
#3789=CARTESIAN_POINT('Ctrl Pts',(0.0809160338189073,0.799,0.432824451078213));
#3790=CARTESIAN_POINT('Ctrl Pts',(0.043511454502293,0.799,0.406615800264531));
#3791=CARTESIAN_POINT('Ctrl Pts',(0.0117048394371448,0.799,0.402544553536192));
#3792=CARTESIAN_POINT('Ctrl Pts',(0.07506361664692,0.8,0.490839716957043));
#3793=CARTESIAN_POINT('Ctrl Pts',(0.07506361664692,0.799,0.490839716957043));
#3794=CARTESIAN_POINT('Ctrl Pts',(0.0809160338189073,0.8,0.474554730043687));
#3795=CARTESIAN_POINT('Ctrl Pts',(0.0809160338189073,0.799,0.474554730043687));
#3796=CARTESIAN_POINT('Ctrl Pts',(0.0809160338189073,0.8,0.456997478527725));
#3797=CARTESIAN_POINT('Ctrl Pts',(0.0809160338189073,0.799,0.456997478527725));
#3798=CARTESIAN_POINT('',(0.07506361664692,0.8,0.490839716957043));
#3799=CARTESIAN_POINT('Ctrl Pts',(0.07506361664692,0.8,0.490839716957043));
#3800=CARTESIAN_POINT('Ctrl Pts',(0.0809160338189073,0.8,0.474554730043687));
#3801=CARTESIAN_POINT('Ctrl Pts',(0.0809160338189073,0.8,0.456997478527725));
#3802=CARTESIAN_POINT('',(0.07506361664692,0.799,0.490839716957043));
#3803=CARTESIAN_POINT('',(0.07506361664692,0.8,0.490839716957043));
#3804=CARTESIAN_POINT('Ctrl Pts',(0.07506361664692,0.799,0.490839716957043));
#3805=CARTESIAN_POINT('Ctrl Pts',(0.0809160338189073,0.799,0.474554730043687));
#3806=CARTESIAN_POINT('Ctrl Pts',(0.0809160338189073,0.799,0.456997478527725));
#3807=CARTESIAN_POINT('Origin',(0.0969465678117419,0.8,0.496437681208509));
#3808=CARTESIAN_POINT('',(0.0969465678117419,0.8,0.496437681208509));
#3809=CARTESIAN_POINT('',(-0.0081471446490532,0.8,0.469553243137143));
#3810=CARTESIAN_POINT('',(0.0969465678117419,0.799,0.496437681208509));
#3811=CARTESIAN_POINT('',(0.0969465678117419,0.8,0.496437681208509));
#3812=CARTESIAN_POINT('',(0.0969465678117419,0.799,0.496437681208509));
#3813=CARTESIAN_POINT('Ctrl Pts',(0.103816796665814,0.8,0.45801529020981));
#3814=CARTESIAN_POINT('Ctrl Pts',(0.103816796665814,0.799,0.45801529020981));
#3815=CARTESIAN_POINT('Ctrl Pts',(0.103816796665814,0.8,0.476335900487335));
#3816=CARTESIAN_POINT('Ctrl Pts',(0.103816796665814,0.799,0.476335900487335));
#3817=CARTESIAN_POINT('Ctrl Pts',(0.0969465678117419,0.8,0.496437681208509));
#3818=CARTESIAN_POINT('Ctrl Pts',(0.0969465678117419,0.799,0.496437681208509));
#3819=CARTESIAN_POINT('',(0.103816796665814,0.8,0.45801529020981));
#3820=CARTESIAN_POINT('Ctrl Pts',(0.103816796665814,0.8,0.45801529020981));
#3821=CARTESIAN_POINT('Ctrl Pts',(0.103816796665814,0.8,0.476335900487335));
#3822=CARTESIAN_POINT('Ctrl Pts',(0.0969465678117419,0.8,0.496437681208509));
#3823=CARTESIAN_POINT('',(0.103816796665814,0.799,0.45801529020981));
#3824=CARTESIAN_POINT('',(0.103816796665814,0.8,0.45801529020981));
#3825=CARTESIAN_POINT('Ctrl Pts',(0.103816796665814,0.799,0.45801529020981));
#3826=CARTESIAN_POINT('Ctrl Pts',(0.103816796665814,0.799,0.476335900487335));
#3827=CARTESIAN_POINT('Ctrl Pts',(0.0969465678117419,0.799,0.496437681208509));
#3828=CARTESIAN_POINT('Ctrl Pts',(-0.0213740402306092,0.8,0.373282467676255));
#3829=CARTESIAN_POINT('Ctrl Pts',(-0.0213740402306092,0.799,0.373282467676255));
#3830=CARTESIAN_POINT('Ctrl Pts',(0.018829521211738,0.8,0.373282467676255));
#3831=CARTESIAN_POINT('Ctrl Pts',(0.018829521211738,0.799,0.373282467676255));
#3832=CARTESIAN_POINT('Ctrl Pts',(0.07506361664692,0.8,0.395165418841077));
#3833=CARTESIAN_POINT('Ctrl Pts',(0.07506361664692,0.799,0.395165418841077));
#3834=CARTESIAN_POINT('Ctrl Pts',(0.103816796665814,0.8,0.433587809839776));
#3835=CARTESIAN_POINT('Ctrl Pts',(0.103816796665814,0.799,0.433587809839776));
#3836=CARTESIAN_POINT('Ctrl Pts',(0.103816796665814,0.8,0.45801529020981));
#3837=CARTESIAN_POINT('Ctrl Pts',(0.103816796665814,0.799,0.45801529020981));
#3838=CARTESIAN_POINT('',(-0.0213740402306092,0.8,0.373282467676255));
#3839=CARTESIAN_POINT('Ctrl Pts',(-0.0213740402306092,0.8,0.373282467676255));
#3840=CARTESIAN_POINT('Ctrl Pts',(0.018829521211738,0.8,0.373282467676255));
#3841=CARTESIAN_POINT('Ctrl Pts',(0.07506361664692,0.8,0.395165418841077));
#3842=CARTESIAN_POINT('Ctrl Pts',(0.103816796665814,0.8,0.433587809839776));
#3843=CARTESIAN_POINT('Ctrl Pts',(0.103816796665814,0.8,0.45801529020981));
#3844=CARTESIAN_POINT('',(-0.0213740402306092,0.799,0.373282467676255));
#3845=CARTESIAN_POINT('',(-0.0213740402306092,0.8,0.373282467676255));
#3846=CARTESIAN_POINT('Ctrl Pts',(-0.0213740402306092,0.799,0.373282467676255));
#3847=CARTESIAN_POINT('Ctrl Pts',(0.018829521211738,0.799,0.373282467676255));
#3848=CARTESIAN_POINT('Ctrl Pts',(0.07506361664692,0.799,0.395165418841077));
#3849=CARTESIAN_POINT('Ctrl Pts',(0.103816796665814,0.799,0.433587809839776));
#3850=CARTESIAN_POINT('Ctrl Pts',(0.103816796665814,0.799,0.45801529020981));
#3851=CARTESIAN_POINT('Ctrl Pts',(-0.103816786479473,0.8,0.44071249161437));
#3852=CARTESIAN_POINT('Ctrl Pts',(-0.103816786479473,0.799,0.44071249161437));
#3853=CARTESIAN_POINT('Ctrl Pts',(-0.103816786479473,0.8,0.418575087529026));
#3854=CARTESIAN_POINT('Ctrl Pts',(-0.103816786479473,0.799,0.418575087529026));
#3855=CARTESIAN_POINT('Ctrl Pts',(-0.0834605528377784,0.8,0.388295189987005));
#3856=CARTESIAN_POINT('Ctrl Pts',(-0.0834605528377784,0.799,0.388295189987005));
#3857=CARTESIAN_POINT('Ctrl Pts',(-0.0463104264416854,0.8,0.373282467676255));
#3858=CARTESIAN_POINT('Ctrl Pts',(-0.0463104264416854,0.799,0.373282467676255));
#3859=CARTESIAN_POINT('Ctrl Pts',(-0.0213740402306092,0.8,0.373282467676255));
#3860=CARTESIAN_POINT('Ctrl Pts',(-0.0213740402306092,0.799,0.373282467676255));
#3861=CARTESIAN_POINT('',(-0.103816786479473,0.8,0.44071249161437));
#3862=CARTESIAN_POINT('Ctrl Pts',(-0.103816786479473,0.8,0.44071249161437));
#3863=CARTESIAN_POINT('Ctrl Pts',(-0.103816786479473,0.8,0.418575087529026));
#3864=CARTESIAN_POINT('Ctrl Pts',(-0.0834605528377784,0.8,0.388295189987005));
#3865=CARTESIAN_POINT('Ctrl Pts',(-0.0463104264416854,0.8,0.373282467676255));
#3866=CARTESIAN_POINT('Ctrl Pts',(-0.0213740402306092,0.8,0.373282467676255));
#3867=CARTESIAN_POINT('',(-0.103816786479473,0.799,0.44071249161437));
#3868=CARTESIAN_POINT('',(-0.103816786479473,0.8,0.44071249161437));
#3869=CARTESIAN_POINT('Ctrl Pts',(-0.103816786479473,0.799,0.44071249161437));
#3870=CARTESIAN_POINT('Ctrl Pts',(-0.103816786479473,0.799,0.418575087529026));
#3871=CARTESIAN_POINT('Ctrl Pts',(-0.0834605528377784,0.799,0.388295189987005));
#3872=CARTESIAN_POINT('Ctrl Pts',(-0.0463104264416854,0.799,0.373282467676255));
#3873=CARTESIAN_POINT('Ctrl Pts',(-0.0213740402306092,0.799,0.373282467676255));
#3874=CARTESIAN_POINT('Ctrl Pts',(-0.036132309620838,0.8,0.510432591837174));
#3875=CARTESIAN_POINT('Ctrl Pts',(-0.036132309620838,0.799,0.510432591837174));
#3876=CARTESIAN_POINT('Ctrl Pts',(-0.0600508841498294,0.8,0.510432591837174));
#3877=CARTESIAN_POINT('Ctrl Pts',(-0.0600508841498294,0.799,0.510432591837174));
#3878=CARTESIAN_POINT('Ctrl Pts',(-0.0905852346123716,0.8,0.490330811116001));
#3879=CARTESIAN_POINT('Ctrl Pts',(-0.0905852346123716,0.799,0.490330811116001));
#3880=CARTESIAN_POINT('Ctrl Pts',(-0.103816786479473,0.8,0.458778648971374));
#3881=CARTESIAN_POINT('Ctrl Pts',(-0.103816786479473,0.799,0.458778648971374));
#3882=CARTESIAN_POINT('Ctrl Pts',(-0.103816786479473,0.8,0.44071249161437));
#3883=CARTESIAN_POINT('Ctrl Pts',(-0.103816786479473,0.799,0.44071249161437));
#3884=CARTESIAN_POINT('',(-0.036132309620838,0.8,0.510432591837174));
#3885=CARTESIAN_POINT('Ctrl Pts',(-0.036132309620838,0.8,0.510432591837174));
#3886=CARTESIAN_POINT('Ctrl Pts',(-0.0600508841498294,0.8,0.510432591837174));
#3887=CARTESIAN_POINT('Ctrl Pts',(-0.0905852346123716,0.8,0.490330811116001));
#3888=CARTESIAN_POINT('Ctrl Pts',(-0.103816786479473,0.8,0.458778648971374));
#3889=CARTESIAN_POINT('Ctrl Pts',(-0.103816786479473,0.8,0.44071249161437));
#3890=CARTESIAN_POINT('',(-0.036132309620838,0.799,0.510432591837174));
#3891=CARTESIAN_POINT('',(-0.036132309620838,0.8,0.510432591837174));
#3892=CARTESIAN_POINT('Ctrl Pts',(-0.036132309620838,0.799,0.510432591837174));
#3893=CARTESIAN_POINT('Ctrl Pts',(-0.0600508841498294,0.799,0.510432591837174));
#3894=CARTESIAN_POINT('Ctrl Pts',(-0.0905852346123716,0.799,0.490330811116001));
#3895=CARTESIAN_POINT('Ctrl Pts',(-0.103816786479473,0.799,0.458778648971374));
#3896=CARTESIAN_POINT('Ctrl Pts',(-0.103816786479473,0.799,0.44071249161437));
#3897=CARTESIAN_POINT('Ctrl Pts',(0.0274809205094584,0.8,0.450127249673653));
#3898=CARTESIAN_POINT('Ctrl Pts',(0.0274809205094584,0.799,0.450127249673653));
#3899=CARTESIAN_POINT('Ctrl Pts',(0.0274809205094584,0.8,0.46666668950753));
#3900=CARTESIAN_POINT('Ctrl Pts',(0.0274809205094584,0.799,0.46666668950753));
#3901=CARTESIAN_POINT('Ctrl Pts',(0.0139949157218355,0.8,0.493638699082776));
#3902=CARTESIAN_POINT('Ctrl Pts',(0.0139949157218355,0.799,0.493638699082776));
#3903=CARTESIAN_POINT('Ctrl Pts',(-0.0147582642970584,0.8,0.510432591837174));
#3904=CARTESIAN_POINT('Ctrl Pts',(-0.0147582642970584,0.799,0.510432591837174));
#3905=CARTESIAN_POINT('Ctrl Pts',(-0.036132309620838,0.8,0.510432591837174));
#3906=CARTESIAN_POINT('Ctrl Pts',(-0.036132309620838,0.799,0.510432591837174));
#3907=CARTESIAN_POINT('Ctrl Pts',(0.0274809205094584,0.8,0.450127249673653));
#3908=CARTESIAN_POINT('Ctrl Pts',(0.0274809205094584,0.8,0.46666668950753));
#3909=CARTESIAN_POINT('Ctrl Pts',(0.0139949157218355,0.8,0.493638699082776));
#3910=CARTESIAN_POINT('Ctrl Pts',(-0.0147582642970584,0.8,0.510432591837174));
#3911=CARTESIAN_POINT('Ctrl Pts',(-0.036132309620838,0.8,0.510432591837174));
#3912=CARTESIAN_POINT('Ctrl Pts',(0.0274809205094584,0.799,0.450127249673653));
#3913=CARTESIAN_POINT('Ctrl Pts',(0.0274809205094584,0.799,0.46666668950753));
#3914=CARTESIAN_POINT('Ctrl Pts',(0.0139949157218355,0.799,0.493638699082776));
#3915=CARTESIAN_POINT('Ctrl Pts',(-0.0147582642970584,0.799,0.510432591837174));
#3916=CARTESIAN_POINT('Ctrl Pts',(-0.036132309620838,0.799,0.510432591837174));
#3917=CARTESIAN_POINT('Origin',(0.0102138234277848,0.799,0.43920138233677));
#3918=CARTESIAN_POINT('Ctrl Pts',(0.080407127977865,0.8,0.274554734514035));
#3919=CARTESIAN_POINT('Ctrl Pts',(0.080407127977865,0.799,0.274554734514035));
#3920=CARTESIAN_POINT('Ctrl Pts',(0.080407127977865,0.8,0.295928779837815));
#3921=CARTESIAN_POINT('Ctrl Pts',(0.080407127977865,0.799,0.295928779837815));
#3922=CARTESIAN_POINT('Ctrl Pts',(0.0402035665355177,0.8,0.318066183923158));
#3923=CARTESIAN_POINT('Ctrl Pts',(0.0402035665355177,0.799,0.318066183923158));
#3924=CARTESIAN_POINT('Ctrl Pts',(-0.000254447827350707,0.8,0.318066183923158));
#3925=CARTESIAN_POINT('Ctrl Pts',(-0.000254447827350707,0.799,0.318066183923158));
#3926=CARTESIAN_POINT('',(-0.000254447827350705,0.8,0.318066183923158));
#3927=CARTESIAN_POINT('',(0.0804071279778649,0.8,0.274554734514035));
#3928=CARTESIAN_POINT('Ctrl Pts',(-0.000254447827350707,0.8,0.318066183923158));
#3929=CARTESIAN_POINT('Ctrl Pts',(0.0402035665355177,0.8,0.318066183923158));
#3930=CARTESIAN_POINT('Ctrl Pts',(0.080407127977865,0.8,0.295928779837815));
#3931=CARTESIAN_POINT('Ctrl Pts',(0.080407127977865,0.8,0.274554734514035));
#3932=CARTESIAN_POINT('',(-0.000254447827350707,0.799,0.318066183923158));
#3933=CARTESIAN_POINT('',(-0.000254447827350705,0.8,0.318066183923158));
#3934=CARTESIAN_POINT('',(0.080407127977865,0.799,0.274554734514035));
#3935=CARTESIAN_POINT('Ctrl Pts',(-0.000254447827350707,0.799,0.318066183923158));
#3936=CARTESIAN_POINT('Ctrl Pts',(0.0402035665355177,0.799,0.318066183923158));
#3937=CARTESIAN_POINT('Ctrl Pts',(0.080407127977865,0.799,0.295928779837815));
#3938=CARTESIAN_POINT('Ctrl Pts',(0.080407127977865,0.799,0.274554734514035));
#3939=CARTESIAN_POINT('',(0.0804071279778649,0.8,0.274554734514035));
#3940=CARTESIAN_POINT('Ctrl Pts',(-0.000254447827350707,0.8,0.229262114661264));
#3941=CARTESIAN_POINT('Ctrl Pts',(-0.000254447827350707,0.799,0.229262114661264));
#3942=CARTESIAN_POINT('Ctrl Pts',(0.0407124723765601,0.8,0.229262114661264));
#3943=CARTESIAN_POINT('Ctrl Pts',(0.0407124723765601,0.799,0.229262114661264));
#3944=CARTESIAN_POINT('Ctrl Pts',(0.080407127977865,0.8,0.252162877508171));
#3945=CARTESIAN_POINT('Ctrl Pts',(0.080407127977865,0.799,0.252162877508171));
#3946=CARTESIAN_POINT('Ctrl Pts',(0.080407127977865,0.8,0.274554734514035));
#3947=CARTESIAN_POINT('Ctrl Pts',(0.080407127977865,0.799,0.274554734514035));
#3948=CARTESIAN_POINT('',(-0.000254447827350704,0.8,0.229262114661264));
#3949=CARTESIAN_POINT('Ctrl Pts',(0.080407127977865,0.8,0.274554734514035));
#3950=CARTESIAN_POINT('Ctrl Pts',(0.080407127977865,0.8,0.252162877508171));
#3951=CARTESIAN_POINT('Ctrl Pts',(0.0407124723765601,0.8,0.229262114661264));
#3952=CARTESIAN_POINT('Ctrl Pts',(-0.000254447827350707,0.8,0.229262114661264));
#3953=CARTESIAN_POINT('',(-0.000254447827350707,0.799,0.229262114661264));
#3954=CARTESIAN_POINT('Ctrl Pts',(0.080407127977865,0.799,0.274554734514035));
#3955=CARTESIAN_POINT('Ctrl Pts',(0.080407127977865,0.799,0.252162877508171));
#3956=CARTESIAN_POINT('Ctrl Pts',(0.0407124723765601,0.799,0.229262114661264));
#3957=CARTESIAN_POINT('Ctrl Pts',(-0.000254447827350707,0.799,0.229262114661264));
#3958=CARTESIAN_POINT('',(-0.000254447827350704,0.8,0.229262114661264));
#3959=CARTESIAN_POINT('Ctrl Pts',(-0.080407117791524,0.8,0.273282469911429));
#3960=CARTESIAN_POINT('Ctrl Pts',(-0.080407117791524,0.799,0.273282469911429));
#3961=CARTESIAN_POINT('Ctrl Pts',(-0.080407117791524,0.8,0.251399518746608));
#3962=CARTESIAN_POINT('Ctrl Pts',(-0.080407117791524,0.799,0.251399518746608));
#3963=CARTESIAN_POINT('Ctrl Pts',(-0.0414758209517828,0.8,0.229262114661264));
#3964=CARTESIAN_POINT('Ctrl Pts',(-0.0414758209517828,0.799,0.229262114661264));
#3965=CARTESIAN_POINT('Ctrl Pts',(-0.000254447827350707,0.8,0.229262114661264));
#3966=CARTESIAN_POINT('Ctrl Pts',(-0.000254447827350707,0.799,0.229262114661264));
#3967=CARTESIAN_POINT('',(-0.080407117791524,0.8,0.273282469911429));
#3968=CARTESIAN_POINT('Ctrl Pts',(-0.000254447827350707,0.8,0.229262114661264));
#3969=CARTESIAN_POINT('Ctrl Pts',(-0.0414758209517828,0.8,0.229262114661264));
#3970=CARTESIAN_POINT('Ctrl Pts',(-0.080407117791524,0.8,0.251399518746608));
#3971=CARTESIAN_POINT('Ctrl Pts',(-0.080407117791524,0.8,0.273282469911429));
#3972=CARTESIAN_POINT('',(-0.080407117791524,0.799,0.273282469911429));
#3973=CARTESIAN_POINT('Ctrl Pts',(-0.000254447827350707,0.799,0.229262114661264));
#3974=CARTESIAN_POINT('Ctrl Pts',(-0.0414758209517828,0.799,0.229262114661264));
#3975=CARTESIAN_POINT('Ctrl Pts',(-0.080407117791524,0.799,0.251399518746608));
#3976=CARTESIAN_POINT('Ctrl Pts',(-0.080407117791524,0.799,0.273282469911429));
#3977=CARTESIAN_POINT('',(-0.080407117791524,0.8,0.273282469911429));
#3978=CARTESIAN_POINT('Ctrl Pts',(-0.000254447827350707,0.8,0.318066183923158));
#3979=CARTESIAN_POINT('Ctrl Pts',(-0.000254447827350707,0.799,0.318066183923158));
#3980=CARTESIAN_POINT('Ctrl Pts',(-0.0284987220052023,0.8,0.318066183923158));
#3981=CARTESIAN_POINT('Ctrl Pts',(-0.0284987220052023,0.799,0.318066183923158));
#3982=CARTESIAN_POINT('Ctrl Pts',(-0.0636132250371259,0.8,0.308396972943353));
#3983=CARTESIAN_POINT('Ctrl Pts',(-0.0636132250371259,0.799,0.308396972943353));
#3984=CARTESIAN_POINT('Ctrl Pts',(-0.080407117791524,0.8,0.288804098063222));
#3985=CARTESIAN_POINT('Ctrl Pts',(-0.080407117791524,0.799,0.288804098063222));
#3986=CARTESIAN_POINT('Ctrl Pts',(-0.080407117791524,0.8,0.273282469911429));
#3987=CARTESIAN_POINT('Ctrl Pts',(-0.080407117791524,0.799,0.273282469911429));
#3988=CARTESIAN_POINT('Ctrl Pts',(-0.080407117791524,0.8,0.273282469911429));
#3989=CARTESIAN_POINT('Ctrl Pts',(-0.080407117791524,0.8,0.288804098063222));
#3990=CARTESIAN_POINT('Ctrl Pts',(-0.0636132250371259,0.8,0.308396972943353));
#3991=CARTESIAN_POINT('Ctrl Pts',(-0.0284987220052023,0.8,0.318066183923158));
#3992=CARTESIAN_POINT('Ctrl Pts',(-0.000254447827350707,0.8,0.318066183923158));
#3993=CARTESIAN_POINT('Ctrl Pts',(-0.080407117791524,0.799,0.273282469911429));
#3994=CARTESIAN_POINT('Ctrl Pts',(-0.080407117791524,0.799,0.288804098063222));
#3995=CARTESIAN_POINT('Ctrl Pts',(-0.0636132250371259,0.799,0.308396972943353));
#3996=CARTESIAN_POINT('Ctrl Pts',(-0.0284987220052023,0.799,0.318066183923158));
#3997=CARTESIAN_POINT('Ctrl Pts',(-0.000254447827350707,0.799,0.318066183923158));
#3998=CARTESIAN_POINT('Ctrl Pts',(-0.000508900747872021,0.8,0.347073816862573));
#3999=CARTESIAN_POINT('Ctrl Pts',(-0.000508900747872021,0.799,0.347073816862573));
#4000=CARTESIAN_POINT('Ctrl Pts',(-0.0391857446670922,0.8,0.347073816862573));
#4001=CARTESIAN_POINT('Ctrl Pts',(-0.0391857446670922,0.799,0.347073816862573));
#4002=CARTESIAN_POINT('Ctrl Pts',(-0.0852417232814268,0.8,0.325699771538794));
#4003=CARTESIAN_POINT('Ctrl Pts',(-0.0852417232814268,0.799,0.325699771538794));
#4004=CARTESIAN_POINT('Ctrl Pts',(-0.103816786479473,0.8,0.292366438950518));
#4005=CARTESIAN_POINT('Ctrl Pts',(-0.103816786479473,0.799,0.292366438950518));
#4006=CARTESIAN_POINT('Ctrl Pts',(-0.103816786479473,0.8,0.271755752388302));
#4007=CARTESIAN_POINT('Ctrl Pts',(-0.103816786479473,0.799,0.271755752388302));
#4008=CARTESIAN_POINT('',(-0.000508900747872024,0.8,0.347073816862573));
#4009=CARTESIAN_POINT('',(-0.103816786479473,0.8,0.271755752388302));
#4010=CARTESIAN_POINT('Ctrl Pts',(-0.000508900747872021,0.8,0.347073816862573));
#4011=CARTESIAN_POINT('Ctrl Pts',(-0.0391857446670922,0.8,0.347073816862573));
#4012=CARTESIAN_POINT('Ctrl Pts',(-0.0852417232814268,0.8,0.325699771538794));
#4013=CARTESIAN_POINT('Ctrl Pts',(-0.103816786479473,0.8,0.292366438950518));
#4014=CARTESIAN_POINT('Ctrl Pts',(-0.103816786479473,0.8,0.271755752388302));
#4015=CARTESIAN_POINT('',(-0.000508900747872021,0.799,0.347073816862573));
#4016=CARTESIAN_POINT('',(-0.000508900747872024,0.8,0.347073816862573));
#4017=CARTESIAN_POINT('',(-0.103816786479473,0.799,0.271755752388302));
#4018=CARTESIAN_POINT('Ctrl Pts',(-0.000508900747872021,0.799,0.347073816862573));
#4019=CARTESIAN_POINT('Ctrl Pts',(-0.0391857446670922,0.799,0.347073816862573));
#4020=CARTESIAN_POINT('Ctrl Pts',(-0.0852417232814268,0.799,0.325699771538794));
#4021=CARTESIAN_POINT('Ctrl Pts',(-0.103816786479473,0.799,0.292366438950518));
#4022=CARTESIAN_POINT('Ctrl Pts',(-0.103816786479473,0.799,0.271755752388302));
#4023=CARTESIAN_POINT('',(-0.103816786479473,0.8,0.271755752388302));
#4024=CARTESIAN_POINT('Ctrl Pts',(0.103816796665814,0.8,0.275826999116641));
#4025=CARTESIAN_POINT('Ctrl Pts',(0.103816796665814,0.799,0.275826999116641));
#4026=CARTESIAN_POINT('Ctrl Pts',(0.103816796665814,0.8,0.298727761963548));
#4027=CARTESIAN_POINT('Ctrl Pts',(0.103816796665814,0.799,0.298727761963548));
#4028=CARTESIAN_POINT('Ctrl Pts',(0.0793893162957801,0.8,0.330534377028696));
#4029=CARTESIAN_POINT('Ctrl Pts',(0.0793893162957801,0.799,0.330534377028696));
#4030=CARTESIAN_POINT('Ctrl Pts',(0.0328244318404032,0.8,0.347073816862573));
#4031=CARTESIAN_POINT('Ctrl Pts',(0.0328244318404032,0.799,0.347073816862573));
#4032=CARTESIAN_POINT('Ctrl Pts',(-0.000508900747872021,0.8,0.347073816862573));
#4033=CARTESIAN_POINT('Ctrl Pts',(-0.000508900747872021,0.799,0.347073816862573));
#4034=CARTESIAN_POINT('',(0.103816796665814,0.8,0.275826999116641));
#4035=CARTESIAN_POINT('Ctrl Pts',(0.103816796665814,0.8,0.275826999116641));
#4036=CARTESIAN_POINT('Ctrl Pts',(0.103816796665814,0.8,0.298727761963548));
#4037=CARTESIAN_POINT('Ctrl Pts',(0.0793893162957801,0.8,0.330534377028696));
#4038=CARTESIAN_POINT('Ctrl Pts',(0.0328244318404032,0.8,0.347073816862573));
#4039=CARTESIAN_POINT('Ctrl Pts',(-0.000508900747872021,0.8,0.347073816862573));
#4040=CARTESIAN_POINT('',(0.103816796665814,0.799,0.275826999116641));
#4041=CARTESIAN_POINT('',(0.103816796665814,0.8,0.275826999116641));
#4042=CARTESIAN_POINT('Ctrl Pts',(0.103816796665814,0.799,0.275826999116641));
#4043=CARTESIAN_POINT('Ctrl Pts',(0.103816796665814,0.799,0.298727761963548));
#4044=CARTESIAN_POINT('Ctrl Pts',(0.0793893162957801,0.799,0.330534377028696));
#4045=CARTESIAN_POINT('Ctrl Pts',(0.0328244318404032,0.799,0.347073816862573));
#4046=CARTESIAN_POINT('Ctrl Pts',(-0.000508900747872021,0.799,0.347073816862573));
#4047=CARTESIAN_POINT('Ctrl Pts',(-0.000254447827350707,0.8,0.200254481721849));
#4048=CARTESIAN_POINT('Ctrl Pts',(-0.000254447827350707,0.799,0.200254481721849));
#4049=CARTESIAN_POINT('Ctrl Pts',(0.037659037330306,0.8,0.200254481721849));
#4050=CARTESIAN_POINT('Ctrl Pts',(0.037659037330306,0.799,0.200254481721849));
#4051=CARTESIAN_POINT('Ctrl Pts',(0.084478374706204,0.8,0.222137432886671));
#4052=CARTESIAN_POINT('Ctrl Pts',(0.084478374706204,0.799,0.222137432886671));
#4053=CARTESIAN_POINT('Ctrl Pts',(0.103816796665814,0.8,0.255979671315989));
#4054=CARTESIAN_POINT('Ctrl Pts',(0.103816796665814,0.799,0.255979671315989));
#4055=CARTESIAN_POINT('Ctrl Pts',(0.103816796665814,0.8,0.275826999116641));
#4056=CARTESIAN_POINT('Ctrl Pts',(0.103816796665814,0.799,0.275826999116641));
#4057=CARTESIAN_POINT('',(-0.000254447827350706,0.8,0.200254481721849));
#4058=CARTESIAN_POINT('Ctrl Pts',(-0.000254447827350707,0.8,0.200254481721849));
#4059=CARTESIAN_POINT('Ctrl Pts',(0.037659037330306,0.8,0.200254481721849));
#4060=CARTESIAN_POINT('Ctrl Pts',(0.084478374706204,0.8,0.222137432886671));
#4061=CARTESIAN_POINT('Ctrl Pts',(0.103816796665814,0.8,0.255979671315989));
#4062=CARTESIAN_POINT('Ctrl Pts',(0.103816796665814,0.8,0.275826999116641));
#4063=CARTESIAN_POINT('',(-0.000254447827350707,0.799,0.200254481721849));
#4064=CARTESIAN_POINT('',(-0.000254447827350706,0.8,0.200254481721849));
#4065=CARTESIAN_POINT('Ctrl Pts',(-0.000254447827350707,0.799,0.200254481721849));
#4066=CARTESIAN_POINT('Ctrl Pts',(0.037659037330306,0.799,0.200254481721849));
#4067=CARTESIAN_POINT('Ctrl Pts',(0.084478374706204,0.799,0.222137432886671));
#4068=CARTESIAN_POINT('Ctrl Pts',(0.103816796665814,0.799,0.255979671315989));
#4069=CARTESIAN_POINT('Ctrl Pts',(0.103816796665814,0.799,0.275826999116641));
#4070=CARTESIAN_POINT('Ctrl Pts',(-0.103816786479473,0.8,0.271755752388302));
#4071=CARTESIAN_POINT('Ctrl Pts',(-0.103816786479473,0.799,0.271755752388302));
#4072=CARTESIAN_POINT('Ctrl Pts',(-0.103816786479473,0.8,0.236641249356379));
#4073=CARTESIAN_POINT('Ctrl Pts',(-0.103816786479473,0.799,0.236641249356379));
#4074=CARTESIAN_POINT('Ctrl Pts',(-0.0508905790110666,0.8,0.200254481721849));
#4075=CARTESIAN_POINT('Ctrl Pts',(-0.0508905790110666,0.799,0.200254481721849));
#4076=CARTESIAN_POINT('Ctrl Pts',(-0.000254447827350707,0.8,0.200254481721849));
#4077=CARTESIAN_POINT('Ctrl Pts',(-0.000254447827350707,0.799,0.200254481721849));
#4078=CARTESIAN_POINT('Ctrl Pts',(-0.103816786479473,0.8,0.271755752388302));
#4079=CARTESIAN_POINT('Ctrl Pts',(-0.103816786479473,0.8,0.236641249356379));
#4080=CARTESIAN_POINT('Ctrl Pts',(-0.0508905790110666,0.8,0.200254481721849));
#4081=CARTESIAN_POINT('Ctrl Pts',(-0.000254447827350707,0.8,0.200254481721849));
#4082=CARTESIAN_POINT('Ctrl Pts',(-0.103816786479473,0.799,0.271755752388302));
#4083=CARTESIAN_POINT('Ctrl Pts',(-0.103816786479473,0.799,0.236641249356379));
#4084=CARTESIAN_POINT('Ctrl Pts',(-0.0508905790110666,0.799,0.200254481721849));
#4085=CARTESIAN_POINT('Ctrl Pts',(-0.000254447827350707,0.799,0.200254481721849));
#4086=CARTESIAN_POINT('Origin',(-0.000293328217760599,0.799,0.273707064816948));
#4087=CARTESIAN_POINT('Ctrl Pts',(0.080407127977865,0.8,0.107888071572659));
#4088=CARTESIAN_POINT('Ctrl Pts',(0.080407127977865,0.799,0.107888071572659));
#4089=CARTESIAN_POINT('Ctrl Pts',(0.080407127977865,0.8,0.129262116896439));
#4090=CARTESIAN_POINT('Ctrl Pts',(0.080407127977865,0.799,0.129262116896439));
#4091=CARTESIAN_POINT('Ctrl Pts',(0.0402035665355177,0.8,0.151399520981782));
#4092=CARTESIAN_POINT('Ctrl Pts',(0.0402035665355177,0.799,0.151399520981782));
#4093=CARTESIAN_POINT('Ctrl Pts',(-0.000254447827350707,0.8,0.151399520981782));
#4094=CARTESIAN_POINT('Ctrl Pts',(-0.000254447827350707,0.799,0.151399520981782));
#4095=CARTESIAN_POINT('',(-0.000254447827350705,0.8,0.151399520981782));
#4096=CARTESIAN_POINT('',(0.0804071279778649,0.8,0.107888071572659));
#4097=CARTESIAN_POINT('Ctrl Pts',(-0.000254447827350707,0.8,0.151399520981782));
#4098=CARTESIAN_POINT('Ctrl Pts',(0.0402035665355177,0.8,0.151399520981782));
#4099=CARTESIAN_POINT('Ctrl Pts',(0.080407127977865,0.8,0.129262116896439));
#4100=CARTESIAN_POINT('Ctrl Pts',(0.080407127977865,0.8,0.107888071572659));
#4101=CARTESIAN_POINT('',(-0.000254447827350707,0.799,0.151399520981782));
#4102=CARTESIAN_POINT('',(-0.000254447827350705,0.8,0.151399520981782));
#4103=CARTESIAN_POINT('',(0.080407127977865,0.799,0.107888071572659));
#4104=CARTESIAN_POINT('Ctrl Pts',(-0.000254447827350707,0.799,0.151399520981782));
#4105=CARTESIAN_POINT('Ctrl Pts',(0.0402035665355177,0.799,0.151399520981782));
#4106=CARTESIAN_POINT('Ctrl Pts',(0.080407127977865,0.799,0.129262116896439));
#4107=CARTESIAN_POINT('Ctrl Pts',(0.080407127977865,0.799,0.107888071572659));
#4108=CARTESIAN_POINT('',(0.0804071279778649,0.8,0.107888071572659));
#4109=CARTESIAN_POINT('Ctrl Pts',(-0.000254447827350707,0.8,0.062595451719888));
#4110=CARTESIAN_POINT('Ctrl Pts',(-0.000254447827350707,0.799,0.062595451719888));
#4111=CARTESIAN_POINT('Ctrl Pts',(0.0407124723765601,0.8,0.062595451719888));
#4112=CARTESIAN_POINT('Ctrl Pts',(0.0407124723765601,0.799,0.062595451719888));
#4113=CARTESIAN_POINT('Ctrl Pts',(0.080407127977865,0.8,0.0854962145667947));
#4114=CARTESIAN_POINT('Ctrl Pts',(0.080407127977865,0.799,0.0854962145667947));
#4115=CARTESIAN_POINT('Ctrl Pts',(0.080407127977865,0.8,0.107888071572659));
#4116=CARTESIAN_POINT('Ctrl Pts',(0.080407127977865,0.799,0.107888071572659));
#4117=CARTESIAN_POINT('',(-0.000254447827350704,0.8,0.062595451719888));
#4118=CARTESIAN_POINT('Ctrl Pts',(0.080407127977865,0.8,0.107888071572659));
#4119=CARTESIAN_POINT('Ctrl Pts',(0.080407127977865,0.8,0.0854962145667947));
#4120=CARTESIAN_POINT('Ctrl Pts',(0.0407124723765601,0.8,0.062595451719888));
#4121=CARTESIAN_POINT('Ctrl Pts',(-0.000254447827350707,0.8,0.062595451719888));
#4122=CARTESIAN_POINT('',(-0.000254447827350707,0.799,0.062595451719888));
#4123=CARTESIAN_POINT('Ctrl Pts',(0.080407127977865,0.799,0.107888071572659));
#4124=CARTESIAN_POINT('Ctrl Pts',(0.080407127977865,0.799,0.0854962145667947));
#4125=CARTESIAN_POINT('Ctrl Pts',(0.0407124723765601,0.799,0.062595451719888));
#4126=CARTESIAN_POINT('Ctrl Pts',(-0.000254447827350707,0.799,0.062595451719888));
#4127=CARTESIAN_POINT('',(-0.000254447827350704,0.8,0.062595451719888));
#4128=CARTESIAN_POINT('Ctrl Pts',(-0.080407117791524,0.8,0.106615806970053));
#4129=CARTESIAN_POINT('Ctrl Pts',(-0.080407117791524,0.799,0.106615806970053));
#4130=CARTESIAN_POINT('Ctrl Pts',(-0.080407117791524,0.8,0.0847328558052311));
#4131=CARTESIAN_POINT('Ctrl Pts',(-0.080407117791524,0.799,0.0847328558052311));
#4132=CARTESIAN_POINT('Ctrl Pts',(-0.0414758209517828,0.8,0.062595451719888));
#4133=CARTESIAN_POINT('Ctrl Pts',(-0.0414758209517828,0.799,0.062595451719888));
#4134=CARTESIAN_POINT('Ctrl Pts',(-0.000254447827350707,0.8,0.062595451719888));
#4135=CARTESIAN_POINT('Ctrl Pts',(-0.000254447827350707,0.799,0.062595451719888));
#4136=CARTESIAN_POINT('',(-0.080407117791524,0.8,0.106615806970053));
#4137=CARTESIAN_POINT('Ctrl Pts',(-0.000254447827350707,0.8,0.062595451719888));
#4138=CARTESIAN_POINT('Ctrl Pts',(-0.0414758209517828,0.8,0.062595451719888));
#4139=CARTESIAN_POINT('Ctrl Pts',(-0.080407117791524,0.8,0.0847328558052311));
#4140=CARTESIAN_POINT('Ctrl Pts',(-0.080407117791524,0.8,0.106615806970053));
#4141=CARTESIAN_POINT('',(-0.080407117791524,0.799,0.106615806970053));
#4142=CARTESIAN_POINT('Ctrl Pts',(-0.000254447827350707,0.799,0.062595451719888));
#4143=CARTESIAN_POINT('Ctrl Pts',(-0.0414758209517828,0.799,0.062595451719888));
#4144=CARTESIAN_POINT('Ctrl Pts',(-0.080407117791524,0.799,0.0847328558052311));
#4145=CARTESIAN_POINT('Ctrl Pts',(-0.080407117791524,0.799,0.106615806970053));
#4146=CARTESIAN_POINT('',(-0.080407117791524,0.8,0.106615806970053));
#4147=CARTESIAN_POINT('Ctrl Pts',(-0.000254447827350707,0.8,0.151399520981782));
#4148=CARTESIAN_POINT('Ctrl Pts',(-0.000254447827350707,0.799,0.151399520981782));
#4149=CARTESIAN_POINT('Ctrl Pts',(-0.0284987220052023,0.8,0.151399520981782));
#4150=CARTESIAN_POINT('Ctrl Pts',(-0.0284987220052023,0.799,0.151399520981782));
#4151=CARTESIAN_POINT('Ctrl Pts',(-0.0636132250371259,0.8,0.141730310001977));
#4152=CARTESIAN_POINT('Ctrl Pts',(-0.0636132250371259,0.799,0.141730310001977));
#4153=CARTESIAN_POINT('Ctrl Pts',(-0.080407117791524,0.8,0.122137435121845));
#4154=CARTESIAN_POINT('Ctrl Pts',(-0.080407117791524,0.799,0.122137435121845));
#4155=CARTESIAN_POINT('Ctrl Pts',(-0.080407117791524,0.8,0.106615806970053));
#4156=CARTESIAN_POINT('Ctrl Pts',(-0.080407117791524,0.799,0.106615806970053));
#4157=CARTESIAN_POINT('Ctrl Pts',(-0.080407117791524,0.8,0.106615806970053));
#4158=CARTESIAN_POINT('Ctrl Pts',(-0.080407117791524,0.8,0.122137435121845));
#4159=CARTESIAN_POINT('Ctrl Pts',(-0.0636132250371259,0.8,0.141730310001977));
#4160=CARTESIAN_POINT('Ctrl Pts',(-0.0284987220052023,0.8,0.151399520981782));
#4161=CARTESIAN_POINT('Ctrl Pts',(-0.000254447827350707,0.8,0.151399520981782));
#4162=CARTESIAN_POINT('Ctrl Pts',(-0.080407117791524,0.799,0.106615806970053));
#4163=CARTESIAN_POINT('Ctrl Pts',(-0.080407117791524,0.799,0.122137435121845));
#4164=CARTESIAN_POINT('Ctrl Pts',(-0.0636132250371259,0.799,0.141730310001977));
#4165=CARTESIAN_POINT('Ctrl Pts',(-0.0284987220052023,0.799,0.151399520981782));
#4166=CARTESIAN_POINT('Ctrl Pts',(-0.000254447827350707,0.799,0.151399520981782));
#4167=CARTESIAN_POINT('Ctrl Pts',(-0.000508900747871882,0.8,0.180407153921197));
#4168=CARTESIAN_POINT('Ctrl Pts',(-0.000508900747871882,0.799,0.180407153921197));
#4169=CARTESIAN_POINT('Ctrl Pts',(-0.0391857446670921,0.8,0.180407153921197));
#4170=CARTESIAN_POINT('Ctrl Pts',(-0.0391857446670921,0.799,0.180407153921197));
#4171=CARTESIAN_POINT('Ctrl Pts',(-0.0852417232814266,0.8,0.159033108597417));
#4172=CARTESIAN_POINT('Ctrl Pts',(-0.0852417232814266,0.799,0.159033108597417));
#4173=CARTESIAN_POINT('Ctrl Pts',(-0.103816786479473,0.8,0.125699776009142));
#4174=CARTESIAN_POINT('Ctrl Pts',(-0.103816786479473,0.799,0.125699776009142));
#4175=CARTESIAN_POINT('Ctrl Pts',(-0.103816786479473,0.8,0.105089089446926));
#4176=CARTESIAN_POINT('Ctrl Pts',(-0.103816786479473,0.799,0.105089089446926));
#4177=CARTESIAN_POINT('',(-0.000508900747871885,0.8,0.180407153921197));
#4178=CARTESIAN_POINT('',(-0.103816786479473,0.8,0.105089089446926));
#4179=CARTESIAN_POINT('Ctrl Pts',(-0.000508900747871882,0.8,0.180407153921197));
#4180=CARTESIAN_POINT('Ctrl Pts',(-0.0391857446670921,0.8,0.180407153921197));
#4181=CARTESIAN_POINT('Ctrl Pts',(-0.0852417232814266,0.8,0.159033108597417));
#4182=CARTESIAN_POINT('Ctrl Pts',(-0.103816786479473,0.8,0.125699776009142));
#4183=CARTESIAN_POINT('Ctrl Pts',(-0.103816786479473,0.8,0.105089089446926));
#4184=CARTESIAN_POINT('',(-0.000508900747871882,0.799,0.180407153921197));
#4185=CARTESIAN_POINT('',(-0.000508900747871885,0.8,0.180407153921197));
#4186=CARTESIAN_POINT('',(-0.103816786479473,0.799,0.105089089446926));
#4187=CARTESIAN_POINT('Ctrl Pts',(-0.000508900747871882,0.799,0.180407153921197));
#4188=CARTESIAN_POINT('Ctrl Pts',(-0.0391857446670921,0.799,0.180407153921197));
#4189=CARTESIAN_POINT('Ctrl Pts',(-0.0852417232814266,0.799,0.159033108597417));
#4190=CARTESIAN_POINT('Ctrl Pts',(-0.103816786479473,0.799,0.125699776009142));
#4191=CARTESIAN_POINT('Ctrl Pts',(-0.103816786479473,0.799,0.105089089446926));
#4192=CARTESIAN_POINT('',(-0.103816786479473,0.8,0.105089089446926));
#4193=CARTESIAN_POINT('Ctrl Pts',(0.103816796665814,0.8,0.109160336175265));
#4194=CARTESIAN_POINT('Ctrl Pts',(0.103816796665814,0.799,0.109160336175265));
#4195=CARTESIAN_POINT('Ctrl Pts',(0.103816796665814,0.8,0.132061099022172));
#4196=CARTESIAN_POINT('Ctrl Pts',(0.103816796665814,0.799,0.132061099022172));
#4197=CARTESIAN_POINT('Ctrl Pts',(0.0793893162957802,0.8,0.16386771408732));
#4198=CARTESIAN_POINT('Ctrl Pts',(0.0793893162957802,0.799,0.16386771408732));
#4199=CARTESIAN_POINT('Ctrl Pts',(0.0328244318404033,0.8,0.180407153921197));
#4200=CARTESIAN_POINT('Ctrl Pts',(0.0328244318404033,0.799,0.180407153921197));
#4201=CARTESIAN_POINT('Ctrl Pts',(-0.000508900747871882,0.8,0.180407153921197));
#4202=CARTESIAN_POINT('Ctrl Pts',(-0.000508900747871882,0.799,0.180407153921197));
#4203=CARTESIAN_POINT('',(0.103816796665814,0.8,0.109160336175265));
#4204=CARTESIAN_POINT('Ctrl Pts',(0.103816796665814,0.8,0.109160336175265));
#4205=CARTESIAN_POINT('Ctrl Pts',(0.103816796665814,0.8,0.132061099022172));
#4206=CARTESIAN_POINT('Ctrl Pts',(0.0793893162957802,0.8,0.16386771408732));
#4207=CARTESIAN_POINT('Ctrl Pts',(0.0328244318404033,0.8,0.180407153921197));
#4208=CARTESIAN_POINT('Ctrl Pts',(-0.000508900747871882,0.8,0.180407153921197));
#4209=CARTESIAN_POINT('',(0.103816796665814,0.799,0.109160336175265));
#4210=CARTESIAN_POINT('',(0.103816796665814,0.8,0.109160336175265));
#4211=CARTESIAN_POINT('Ctrl Pts',(0.103816796665814,0.799,0.109160336175265));
#4212=CARTESIAN_POINT('Ctrl Pts',(0.103816796665814,0.799,0.132061099022172));
#4213=CARTESIAN_POINT('Ctrl Pts',(0.0793893162957802,0.799,0.16386771408732));
#4214=CARTESIAN_POINT('Ctrl Pts',(0.0328244318404033,0.799,0.180407153921197));
#4215=CARTESIAN_POINT('Ctrl Pts',(-0.000508900747871882,0.799,0.180407153921197));
#4216=CARTESIAN_POINT('Ctrl Pts',(-0.000254447827350707,0.8,0.0335878187804729));
#4217=CARTESIAN_POINT('Ctrl Pts',(-0.000254447827350707,0.799,0.0335878187804729));
#4218=CARTESIAN_POINT('Ctrl Pts',(0.037659037330306,0.8,0.0335878187804729));
#4219=CARTESIAN_POINT('Ctrl Pts',(0.037659037330306,0.799,0.0335878187804729));
#4220=CARTESIAN_POINT('Ctrl Pts',(0.084478374706204,0.8,0.0554707699452948));
#4221=CARTESIAN_POINT('Ctrl Pts',(0.084478374706204,0.799,0.0554707699452948));
#4222=CARTESIAN_POINT('Ctrl Pts',(0.103816796665814,0.8,0.0893130083746124));
#4223=CARTESIAN_POINT('Ctrl Pts',(0.103816796665814,0.799,0.0893130083746124));
#4224=CARTESIAN_POINT('Ctrl Pts',(0.103816796665814,0.8,0.109160336175265));
#4225=CARTESIAN_POINT('Ctrl Pts',(0.103816796665814,0.799,0.109160336175265));
#4226=CARTESIAN_POINT('',(-0.000254447827350706,0.8,0.0335878187804729));
#4227=CARTESIAN_POINT('Ctrl Pts',(-0.000254447827350707,0.8,0.0335878187804729));
#4228=CARTESIAN_POINT('Ctrl Pts',(0.037659037330306,0.8,0.0335878187804729));
#4229=CARTESIAN_POINT('Ctrl Pts',(0.084478374706204,0.8,0.0554707699452948));
#4230=CARTESIAN_POINT('Ctrl Pts',(0.103816796665814,0.8,0.0893130083746124));
#4231=CARTESIAN_POINT('Ctrl Pts',(0.103816796665814,0.8,0.109160336175265));
#4232=CARTESIAN_POINT('',(-0.000254447827350707,0.799,0.0335878187804729));
#4233=CARTESIAN_POINT('',(-0.000254447827350706,0.8,0.0335878187804729));
#4234=CARTESIAN_POINT('Ctrl Pts',(-0.000254447827350707,0.799,0.0335878187804729));
#4235=CARTESIAN_POINT('Ctrl Pts',(0.037659037330306,0.799,0.0335878187804729));
#4236=CARTESIAN_POINT('Ctrl Pts',(0.084478374706204,0.799,0.0554707699452948));
#4237=CARTESIAN_POINT('Ctrl Pts',(0.103816796665814,0.799,0.0893130083746124));
#4238=CARTESIAN_POINT('Ctrl Pts',(0.103816796665814,0.799,0.109160336175265));
#4239=CARTESIAN_POINT('Ctrl Pts',(-0.103816786479473,0.8,0.105089089446926));
#4240=CARTESIAN_POINT('Ctrl Pts',(-0.103816786479473,0.799,0.105089089446926));
#4241=CARTESIAN_POINT('Ctrl Pts',(-0.103816786479473,0.8,0.0699745864150024));
#4242=CARTESIAN_POINT('Ctrl Pts',(-0.103816786479473,0.799,0.0699745864150024));
#4243=CARTESIAN_POINT('Ctrl Pts',(-0.0508905790110666,0.8,0.0335878187804729));
#4244=CARTESIAN_POINT('Ctrl Pts',(-0.0508905790110666,0.799,0.0335878187804729));
#4245=CARTESIAN_POINT('Ctrl Pts',(-0.000254447827350707,0.8,0.0335878187804729));
#4246=CARTESIAN_POINT('Ctrl Pts',(-0.000254447827350707,0.799,0.0335878187804729));
#4247=CARTESIAN_POINT('Ctrl Pts',(-0.103816786479473,0.8,0.105089089446926));
#4248=CARTESIAN_POINT('Ctrl Pts',(-0.103816786479473,0.8,0.0699745864150024));
#4249=CARTESIAN_POINT('Ctrl Pts',(-0.0508905790110666,0.8,0.0335878187804729));
#4250=CARTESIAN_POINT('Ctrl Pts',(-0.000254447827350707,0.8,0.0335878187804729));
#4251=CARTESIAN_POINT('Ctrl Pts',(-0.103816786479473,0.799,0.105089089446926));
#4252=CARTESIAN_POINT('Ctrl Pts',(-0.103816786479473,0.799,0.0699745864150024));
#4253=CARTESIAN_POINT('Ctrl Pts',(-0.0508905790110666,0.799,0.0335878187804729));
#4254=CARTESIAN_POINT('Ctrl Pts',(-0.000254447827350707,0.799,0.0335878187804729));
#4255=CARTESIAN_POINT('Origin',(-0.00029332821776058,0.799,0.107040401875571));
#4256=CARTESIAN_POINT('Ctrl Pts',(0.080407127977865,0.8,-0.0587785913687173));
#4257=CARTESIAN_POINT('Ctrl Pts',(0.080407127977865,0.799,-0.0587785913687173));
#4258=CARTESIAN_POINT('Ctrl Pts',(0.080407127977865,0.8,-0.0374045460449377));
#4259=CARTESIAN_POINT('Ctrl Pts',(0.080407127977865,0.799,-0.0374045460449377));
#4260=CARTESIAN_POINT('Ctrl Pts',(0.0402035665355177,0.8,-0.0152671419595946));
#4261=CARTESIAN_POINT('Ctrl Pts',(0.0402035665355177,0.799,-0.0152671419595946));
#4262=CARTESIAN_POINT('Ctrl Pts',(-0.000254447827350707,0.8,-0.0152671419595946));
#4263=CARTESIAN_POINT('Ctrl Pts',(-0.000254447827350707,0.799,-0.0152671419595946));
#4264=CARTESIAN_POINT('',(-0.000254447827350705,0.8,-0.0152671419595946));
#4265=CARTESIAN_POINT('',(0.0804071279778649,0.8,-0.0587785913687173));
#4266=CARTESIAN_POINT('Ctrl Pts',(-0.000254447827350707,0.8,-0.0152671419595946));
#4267=CARTESIAN_POINT('Ctrl Pts',(0.0402035665355177,0.8,-0.0152671419595946));
#4268=CARTESIAN_POINT('Ctrl Pts',(0.080407127977865,0.8,-0.0374045460449377));
#4269=CARTESIAN_POINT('Ctrl Pts',(0.080407127977865,0.8,-0.0587785913687173));
#4270=CARTESIAN_POINT('',(-0.000254447827350707,0.799,-0.0152671419595946));
#4271=CARTESIAN_POINT('',(-0.000254447827350705,0.8,-0.0152671419595946));
#4272=CARTESIAN_POINT('',(0.080407127977865,0.799,-0.0587785913687173));
#4273=CARTESIAN_POINT('Ctrl Pts',(-0.000254447827350707,0.799,-0.0152671419595946));
#4274=CARTESIAN_POINT('Ctrl Pts',(0.0402035665355177,0.799,-0.0152671419595946));
#4275=CARTESIAN_POINT('Ctrl Pts',(0.080407127977865,0.799,-0.0374045460449377));
#4276=CARTESIAN_POINT('Ctrl Pts',(0.080407127977865,0.799,-0.0587785913687173));
#4277=CARTESIAN_POINT('',(0.0804071279778649,0.8,-0.0587785913687173));
#4278=CARTESIAN_POINT('Ctrl Pts',(-0.000254447827350707,0.8,-0.104071211221488));
#4279=CARTESIAN_POINT('Ctrl Pts',(-0.000254447827350707,0.799,-0.104071211221488));
#4280=CARTESIAN_POINT('Ctrl Pts',(0.0407124723765601,0.8,-0.104071211221488));
#4281=CARTESIAN_POINT('Ctrl Pts',(0.0407124723765601,0.799,-0.104071211221488));
#4282=CARTESIAN_POINT('Ctrl Pts',(0.080407127977865,0.8,-0.0811704483745816));
#4283=CARTESIAN_POINT('Ctrl Pts',(0.080407127977865,0.799,-0.0811704483745816));
#4284=CARTESIAN_POINT('Ctrl Pts',(0.080407127977865,0.8,-0.0587785913687173));
#4285=CARTESIAN_POINT('Ctrl Pts',(0.080407127977865,0.799,-0.0587785913687173));
#4286=CARTESIAN_POINT('',(-0.000254447827350704,0.8,-0.104071211221488));
#4287=CARTESIAN_POINT('Ctrl Pts',(0.080407127977865,0.8,-0.0587785913687173));
#4288=CARTESIAN_POINT('Ctrl Pts',(0.080407127977865,0.8,-0.0811704483745816));
#4289=CARTESIAN_POINT('Ctrl Pts',(0.0407124723765601,0.8,-0.104071211221488));
#4290=CARTESIAN_POINT('Ctrl Pts',(-0.000254447827350707,0.8,-0.104071211221488));
#4291=CARTESIAN_POINT('',(-0.000254447827350707,0.799,-0.104071211221488));
#4292=CARTESIAN_POINT('Ctrl Pts',(0.080407127977865,0.799,-0.0587785913687173));
#4293=CARTESIAN_POINT('Ctrl Pts',(0.080407127977865,0.799,-0.0811704483745816));
#4294=CARTESIAN_POINT('Ctrl Pts',(0.0407124723765601,0.799,-0.104071211221488));
#4295=CARTESIAN_POINT('Ctrl Pts',(-0.000254447827350707,0.799,-0.104071211221488));
#4296=CARTESIAN_POINT('',(-0.000254447827350704,0.8,-0.104071211221488));
#4297=CARTESIAN_POINT('Ctrl Pts',(-0.080407117791524,0.8,-0.0600508559713232));
#4298=CARTESIAN_POINT('Ctrl Pts',(-0.080407117791524,0.799,-0.0600508559713232));
#4299=CARTESIAN_POINT('Ctrl Pts',(-0.080407117791524,0.8,-0.0819338071361452));
#4300=CARTESIAN_POINT('Ctrl Pts',(-0.080407117791524,0.799,-0.0819338071361452));
#4301=CARTESIAN_POINT('Ctrl Pts',(-0.0414758209517828,0.8,-0.104071211221488));
#4302=CARTESIAN_POINT('Ctrl Pts',(-0.0414758209517828,0.799,-0.104071211221488));
#4303=CARTESIAN_POINT('Ctrl Pts',(-0.000254447827350707,0.8,-0.104071211221488));
#4304=CARTESIAN_POINT('Ctrl Pts',(-0.000254447827350707,0.799,-0.104071211221488));
#4305=CARTESIAN_POINT('',(-0.080407117791524,0.8,-0.0600508559713232));
#4306=CARTESIAN_POINT('Ctrl Pts',(-0.000254447827350707,0.8,-0.104071211221488));
#4307=CARTESIAN_POINT('Ctrl Pts',(-0.0414758209517828,0.8,-0.104071211221488));
#4308=CARTESIAN_POINT('Ctrl Pts',(-0.080407117791524,0.8,-0.0819338071361452));
#4309=CARTESIAN_POINT('Ctrl Pts',(-0.080407117791524,0.8,-0.0600508559713232));
#4310=CARTESIAN_POINT('',(-0.080407117791524,0.799,-0.0600508559713232));
#4311=CARTESIAN_POINT('Ctrl Pts',(-0.000254447827350707,0.799,-0.104071211221488));
#4312=CARTESIAN_POINT('Ctrl Pts',(-0.0414758209517828,0.799,-0.104071211221488));
#4313=CARTESIAN_POINT('Ctrl Pts',(-0.080407117791524,0.799,-0.0819338071361452));
#4314=CARTESIAN_POINT('Ctrl Pts',(-0.080407117791524,0.799,-0.0600508559713232));
#4315=CARTESIAN_POINT('',(-0.080407117791524,0.8,-0.0600508559713232));
#4316=CARTESIAN_POINT('Ctrl Pts',(-0.000254447827350707,0.8,-0.0152671419595946));
#4317=CARTESIAN_POINT('Ctrl Pts',(-0.000254447827350707,0.799,-0.0152671419595946));
#4318=CARTESIAN_POINT('Ctrl Pts',(-0.0284987220052023,0.8,-0.0152671419595946));
#4319=CARTESIAN_POINT('Ctrl Pts',(-0.0284987220052023,0.799,-0.0152671419595946));
#4320=CARTESIAN_POINT('Ctrl Pts',(-0.0636132250371259,0.8,-0.0249363529393997));
#4321=CARTESIAN_POINT('Ctrl Pts',(-0.0636132250371259,0.799,-0.0249363529393997));
#4322=CARTESIAN_POINT('Ctrl Pts',(-0.080407117791524,0.8,-0.044529227819531));
#4323=CARTESIAN_POINT('Ctrl Pts',(-0.080407117791524,0.799,-0.044529227819531));
#4324=CARTESIAN_POINT('Ctrl Pts',(-0.080407117791524,0.8,-0.0600508559713232));
#4325=CARTESIAN_POINT('Ctrl Pts',(-0.080407117791524,0.799,-0.0600508559713232));
#4326=CARTESIAN_POINT('Ctrl Pts',(-0.080407117791524,0.8,-0.0600508559713232));
#4327=CARTESIAN_POINT('Ctrl Pts',(-0.080407117791524,0.8,-0.044529227819531));
#4328=CARTESIAN_POINT('Ctrl Pts',(-0.0636132250371259,0.8,-0.0249363529393997));
#4329=CARTESIAN_POINT('Ctrl Pts',(-0.0284987220052023,0.8,-0.0152671419595946));
#4330=CARTESIAN_POINT('Ctrl Pts',(-0.000254447827350707,0.8,-0.0152671419595946));
#4331=CARTESIAN_POINT('Ctrl Pts',(-0.080407117791524,0.799,-0.0600508559713232));
#4332=CARTESIAN_POINT('Ctrl Pts',(-0.080407117791524,0.799,-0.044529227819531));
#4333=CARTESIAN_POINT('Ctrl Pts',(-0.0636132250371259,0.799,-0.0249363529393997));
#4334=CARTESIAN_POINT('Ctrl Pts',(-0.0284987220052023,0.799,-0.0152671419595946));
#4335=CARTESIAN_POINT('Ctrl Pts',(-0.000254447827350707,0.799,-0.0152671419595946));
#4336=CARTESIAN_POINT('Ctrl Pts',(-0.000508900747871882,0.8,0.0137404909798206));
#4337=CARTESIAN_POINT('Ctrl Pts',(-0.000508900747871882,0.799,0.0137404909798206));
#4338=CARTESIAN_POINT('Ctrl Pts',(-0.0391857446670921,0.8,0.0137404909798206));
#4339=CARTESIAN_POINT('Ctrl Pts',(-0.0391857446670921,0.799,0.0137404909798206));
#4340=CARTESIAN_POINT('Ctrl Pts',(-0.0852417232814266,0.8,-0.00763355434395908));
#4341=CARTESIAN_POINT('Ctrl Pts',(-0.0852417232814266,0.799,-0.00763355434395908));
#4342=CARTESIAN_POINT('Ctrl Pts',(-0.103816786479473,0.8,-0.0409668869322344));
#4343=CARTESIAN_POINT('Ctrl Pts',(-0.103816786479473,0.799,-0.0409668869322344));
#4344=CARTESIAN_POINT('Ctrl Pts',(-0.103816786479473,0.8,-0.0615775734944504));
#4345=CARTESIAN_POINT('Ctrl Pts',(-0.103816786479473,0.799,-0.0615775734944504));
#4346=CARTESIAN_POINT('',(-0.000508900747871885,0.8,0.0137404909798206));
#4347=CARTESIAN_POINT('',(-0.103816786479473,0.8,-0.0615775734944504));
#4348=CARTESIAN_POINT('Ctrl Pts',(-0.000508900747871882,0.8,0.0137404909798206));
#4349=CARTESIAN_POINT('Ctrl Pts',(-0.0391857446670921,0.8,0.0137404909798206));
#4350=CARTESIAN_POINT('Ctrl Pts',(-0.0852417232814266,0.8,-0.00763355434395908));
#4351=CARTESIAN_POINT('Ctrl Pts',(-0.103816786479473,0.8,-0.0409668869322344));
#4352=CARTESIAN_POINT('Ctrl Pts',(-0.103816786479473,0.8,-0.0615775734944504));
#4353=CARTESIAN_POINT('',(-0.000508900747871882,0.799,0.0137404909798206));
#4354=CARTESIAN_POINT('',(-0.000508900747871885,0.8,0.0137404909798206));
#4355=CARTESIAN_POINT('',(-0.103816786479473,0.799,-0.0615775734944504));
#4356=CARTESIAN_POINT('Ctrl Pts',(-0.000508900747871882,0.799,0.0137404909798206));
#4357=CARTESIAN_POINT('Ctrl Pts',(-0.0391857446670921,0.799,0.0137404909798206));
#4358=CARTESIAN_POINT('Ctrl Pts',(-0.0852417232814266,0.799,-0.00763355434395908));
#4359=CARTESIAN_POINT('Ctrl Pts',(-0.103816786479473,0.799,-0.0409668869322344));
#4360=CARTESIAN_POINT('Ctrl Pts',(-0.103816786479473,0.799,-0.0615775734944504));
#4361=CARTESIAN_POINT('',(-0.103816786479473,0.8,-0.0615775734944504));
#4362=CARTESIAN_POINT('Ctrl Pts',(0.103816796665814,0.8,-0.0575063267661113));
#4363=CARTESIAN_POINT('Ctrl Pts',(0.103816796665814,0.799,-0.0575063267661113));
#4364=CARTESIAN_POINT('Ctrl Pts',(0.103816796665814,0.8,-0.0346055639192046));
#4365=CARTESIAN_POINT('Ctrl Pts',(0.103816796665814,0.799,-0.0346055639192046));
#4366=CARTESIAN_POINT('Ctrl Pts',(0.0793893162957802,0.8,-0.00279894885405647));
#4367=CARTESIAN_POINT('Ctrl Pts',(0.0793893162957802,0.799,-0.00279894885405647));
#4368=CARTESIAN_POINT('Ctrl Pts',(0.0328244318404033,0.8,0.0137404909798206));
#4369=CARTESIAN_POINT('Ctrl Pts',(0.0328244318404033,0.799,0.0137404909798206));
#4370=CARTESIAN_POINT('Ctrl Pts',(-0.000508900747871882,0.8,0.0137404909798206));
#4371=CARTESIAN_POINT('Ctrl Pts',(-0.000508900747871882,0.799,0.0137404909798206));
#4372=CARTESIAN_POINT('',(0.103816796665814,0.8,-0.0575063267661113));
#4373=CARTESIAN_POINT('Ctrl Pts',(0.103816796665814,0.8,-0.0575063267661113));
#4374=CARTESIAN_POINT('Ctrl Pts',(0.103816796665814,0.8,-0.0346055639192046));
#4375=CARTESIAN_POINT('Ctrl Pts',(0.0793893162957802,0.8,-0.00279894885405647));
#4376=CARTESIAN_POINT('Ctrl Pts',(0.0328244318404033,0.8,0.0137404909798206));
#4377=CARTESIAN_POINT('Ctrl Pts',(-0.000508900747871882,0.8,0.0137404909798206));
#4378=CARTESIAN_POINT('',(0.103816796665814,0.799,-0.0575063267661113));
#4379=CARTESIAN_POINT('',(0.103816796665814,0.8,-0.0575063267661113));
#4380=CARTESIAN_POINT('Ctrl Pts',(0.103816796665814,0.799,-0.0575063267661113));
#4381=CARTESIAN_POINT('Ctrl Pts',(0.103816796665814,0.799,-0.0346055639192046));
#4382=CARTESIAN_POINT('Ctrl Pts',(0.0793893162957802,0.799,-0.00279894885405647));
#4383=CARTESIAN_POINT('Ctrl Pts',(0.0328244318404033,0.799,0.0137404909798206));
#4384=CARTESIAN_POINT('Ctrl Pts',(-0.000508900747871882,0.799,0.0137404909798206));
#4385=CARTESIAN_POINT('Ctrl Pts',(-0.000254447827350707,0.8,-0.133078844160903));
#4386=CARTESIAN_POINT('Ctrl Pts',(-0.000254447827350707,0.799,-0.133078844160903));
#4387=CARTESIAN_POINT('Ctrl Pts',(0.037659037330306,0.8,-0.133078844160903));
#4388=CARTESIAN_POINT('Ctrl Pts',(0.037659037330306,0.799,-0.133078844160903));
#4389=CARTESIAN_POINT('Ctrl Pts',(0.084478374706204,0.8,-0.111195892996081));
#4390=CARTESIAN_POINT('Ctrl Pts',(0.084478374706204,0.799,-0.111195892996081));
#4391=CARTESIAN_POINT('Ctrl Pts',(0.103816796665814,0.8,-0.0773536545667638));
#4392=CARTESIAN_POINT('Ctrl Pts',(0.103816796665814,0.799,-0.0773536545667638));
#4393=CARTESIAN_POINT('Ctrl Pts',(0.103816796665814,0.8,-0.0575063267661113));
#4394=CARTESIAN_POINT('Ctrl Pts',(0.103816796665814,0.799,-0.0575063267661113));
#4395=CARTESIAN_POINT('',(-0.000254447827350706,0.8,-0.133078844160903));
#4396=CARTESIAN_POINT('Ctrl Pts',(-0.000254447827350707,0.8,-0.133078844160903));
#4397=CARTESIAN_POINT('Ctrl Pts',(0.037659037330306,0.8,-0.133078844160903));
#4398=CARTESIAN_POINT('Ctrl Pts',(0.084478374706204,0.8,-0.111195892996081));
#4399=CARTESIAN_POINT('Ctrl Pts',(0.103816796665814,0.8,-0.0773536545667638));
#4400=CARTESIAN_POINT('Ctrl Pts',(0.103816796665814,0.8,-0.0575063267661113));
#4401=CARTESIAN_POINT('',(-0.000254447827350707,0.799,-0.133078844160903));
#4402=CARTESIAN_POINT('',(-0.000254447827350706,0.8,-0.133078844160903));
#4403=CARTESIAN_POINT('Ctrl Pts',(-0.000254447827350707,0.799,-0.133078844160903));
#4404=CARTESIAN_POINT('Ctrl Pts',(0.037659037330306,0.799,-0.133078844160903));
#4405=CARTESIAN_POINT('Ctrl Pts',(0.084478374706204,0.799,-0.111195892996081));
#4406=CARTESIAN_POINT('Ctrl Pts',(0.103816796665814,0.799,-0.0773536545667638));
#4407=CARTESIAN_POINT('Ctrl Pts',(0.103816796665814,0.799,-0.0575063267661113));
#4408=CARTESIAN_POINT('Ctrl Pts',(-0.103816786479473,0.8,-0.0615775734944504));
#4409=CARTESIAN_POINT('Ctrl Pts',(-0.103816786479473,0.799,-0.0615775734944504));
#4410=CARTESIAN_POINT('Ctrl Pts',(-0.103816786479473,0.8,-0.0966920765263739));
#4411=CARTESIAN_POINT('Ctrl Pts',(-0.103816786479473,0.799,-0.0966920765263739));
#4412=CARTESIAN_POINT('Ctrl Pts',(-0.0508905790110666,0.8,-0.133078844160903));
#4413=CARTESIAN_POINT('Ctrl Pts',(-0.0508905790110666,0.799,-0.133078844160903));
#4414=CARTESIAN_POINT('Ctrl Pts',(-0.000254447827350707,0.8,-0.133078844160903));
#4415=CARTESIAN_POINT('Ctrl Pts',(-0.000254447827350707,0.799,-0.133078844160903));
#4416=CARTESIAN_POINT('Ctrl Pts',(-0.103816786479473,0.8,-0.0615775734944504));
#4417=CARTESIAN_POINT('Ctrl Pts',(-0.103816786479473,0.8,-0.0966920765263739));
#4418=CARTESIAN_POINT('Ctrl Pts',(-0.0508905790110666,0.8,-0.133078844160903));
#4419=CARTESIAN_POINT('Ctrl Pts',(-0.000254447827350707,0.8,-0.133078844160903));
#4420=CARTESIAN_POINT('Ctrl Pts',(-0.103816786479473,0.799,-0.0615775734944504));
#4421=CARTESIAN_POINT('Ctrl Pts',(-0.103816786479473,0.799,-0.0966920765263739));
#4422=CARTESIAN_POINT('Ctrl Pts',(-0.0508905790110666,0.799,-0.133078844160903));
#4423=CARTESIAN_POINT('Ctrl Pts',(-0.000254447827350707,0.799,-0.133078844160903));
#4424=CARTESIAN_POINT('Origin',(-0.000293325296746527,0.799,-0.0596262556917573));
#4425=CARTESIAN_POINT('Origin',(-0.8,0.8,-0.800000000000001));
#4426=CARTESIAN_POINT('',(-0.7,0.799,-0.800000000000001));
#4427=CARTESIAN_POINT('Origin',(-0.8,0.799,-0.800000000000001));
#4428=CARTESIAN_POINT('',(-0.7,0.8,-0.800000000000001));
#4429=CARTESIAN_POINT('Origin',(-0.8,0.8,-0.800000000000001));
#4430=CARTESIAN_POINT('Origin',(-0.8,0.799,-0.800000000000001));
#4431=CARTESIAN_POINT('Ctrl Pts',(0.0758269754084838,0.8,-0.633078832985032));
#4432=CARTESIAN_POINT('Ctrl Pts',(0.0758269754084838,0.799,-0.633078832985032));
#4433=CARTESIAN_POINT('Ctrl Pts',(0.0758269754084838,0.8,-0.594910894906855));
#4434=CARTESIAN_POINT('Ctrl Pts',(0.0758269754084838,0.799,-0.594910894906855));
#4435=CARTESIAN_POINT('Ctrl Pts',(0.0391857548534331,0.8,-0.558269674351804));
#4436=CARTESIAN_POINT('Ctrl Pts',(0.0391857548534331,0.799,-0.558269674351804));
#4437=CARTESIAN_POINT('Ctrl Pts',(5.09317060748415E-9,0.8,-0.558269674351804));
#4438=CARTESIAN_POINT('Ctrl Pts',(5.09317060748415E-9,0.799,-0.558269674351804));
#4439=CARTESIAN_POINT('',(5.09317060784253E-9,0.8,-0.558269674351804));
#4440=CARTESIAN_POINT('',(0.0758269754084838,0.8,-0.633078832985033));
#4441=CARTESIAN_POINT('Ctrl Pts',(5.09317060748415E-9,0.8,-0.558269674351804));
#4442=CARTESIAN_POINT('Ctrl Pts',(0.0391857548534331,0.8,-0.558269674351804));
#4443=CARTESIAN_POINT('Ctrl Pts',(0.0758269754084838,0.8,-0.594910894906855));
#4444=CARTESIAN_POINT('Ctrl Pts',(0.0758269754084838,0.8,-0.633078832985032));
#4445=CARTESIAN_POINT('',(5.09317060748415E-9,0.799,-0.558269674351804));
#4446=CARTESIAN_POINT('',(5.09317060784253E-9,0.8,-0.558269674351804));
#4447=CARTESIAN_POINT('',(0.0758269754084838,0.799,-0.633078832985033));
#4448=CARTESIAN_POINT('Ctrl Pts',(5.09317060748415E-9,0.799,-0.558269674351804));
#4449=CARTESIAN_POINT('Ctrl Pts',(0.0391857548534331,0.799,-0.558269674351804));
#4450=CARTESIAN_POINT('Ctrl Pts',(0.0758269754084838,0.799,-0.594910894906855));
#4451=CARTESIAN_POINT('Ctrl Pts',(0.0758269754084838,0.799,-0.633078832985032));
#4452=CARTESIAN_POINT('',(0.0758269754084838,0.8,-0.633078832985033));
#4453=CARTESIAN_POINT('Origin',(0.0758269754084838,0.8,-0.665394353891223));
#4454=CARTESIAN_POINT('',(0.0758269754084838,0.8,-0.665394353891223));
#4455=CARTESIAN_POINT('',(0.0758269754084838,0.8,-0.332697176945612));
#4456=CARTESIAN_POINT('',(0.0758269754084838,0.799,-0.665394353891223));
#4457=CARTESIAN_POINT('',(0.0758269754084838,0.799,-0.64842132596852));
#4458=CARTESIAN_POINT('',(0.0758269754084838,0.8,-0.665394353891223));
#4459=CARTESIAN_POINT('Origin',(-0.0758269652221426,0.8,-0.665394353891223));
#4460=CARTESIAN_POINT('',(-0.0758269652221426,0.8,-0.665394353891223));
#4461=CARTESIAN_POINT('',(-0.0379134826110708,0.8,-0.665394353891223));
#4462=CARTESIAN_POINT('',(-0.0758269652221426,0.799,-0.665394353891223));
#4463=CARTESIAN_POINT('',(-0.0375670760365542,0.799,-0.665394353891223));
#4464=CARTESIAN_POINT('',(-0.0758269652221426,0.8,-0.665394353891223));
#4465=CARTESIAN_POINT('Origin',(-0.0758269652221426,0.8,-0.642239138123795));
#4466=CARTESIAN_POINT('',(-0.0758269652221426,0.8,-0.642239138123795));
#4467=CARTESIAN_POINT('',(-0.0758269652221426,0.8,-0.321119569061898));
#4468=CARTESIAN_POINT('',(-0.0758269652221426,0.799,-0.642239138123795));
#4469=CARTESIAN_POINT('',(-0.0758269652221426,0.799,-0.636843718084806));
#4470=CARTESIAN_POINT('',(-0.0758269652221426,0.8,-0.642239138123795));
#4471=CARTESIAN_POINT('Ctrl Pts',(5.09317060748415E-9,0.8,-0.558269674351804));
#4472=CARTESIAN_POINT('Ctrl Pts',(5.09317060748415E-9,0.799,-0.558269674351804));
#4473=CARTESIAN_POINT('Ctrl Pts',(-0.0295165336872869,0.8,-0.558269674351804));
#4474=CARTESIAN_POINT('Ctrl Pts',(-0.0295165336872869,0.799,-0.558269674351804));
#4475=CARTESIAN_POINT('Ctrl Pts',(-0.0628498662755622,0.8,-0.57888036091402));
#4476=CARTESIAN_POINT('Ctrl Pts',(-0.0628498662755622,0.799,-0.57888036091402));
#4477=CARTESIAN_POINT('Ctrl Pts',(-0.0758269652221426,0.8,-0.61526712854855));
#4478=CARTESIAN_POINT('Ctrl Pts',(-0.0758269652221426,0.799,-0.61526712854855));
#4479=CARTESIAN_POINT('Ctrl Pts',(-0.0758269652221426,0.8,-0.642239138123795));
#4480=CARTESIAN_POINT('Ctrl Pts',(-0.0758269652221426,0.799,-0.642239138123795));
#4481=CARTESIAN_POINT('Ctrl Pts',(-0.0758269652221426,0.8,-0.642239138123795));
#4482=CARTESIAN_POINT('Ctrl Pts',(-0.0758269652221426,0.8,-0.61526712854855));
#4483=CARTESIAN_POINT('Ctrl Pts',(-0.0628498662755622,0.8,-0.57888036091402));
#4484=CARTESIAN_POINT('Ctrl Pts',(-0.0295165336872869,0.8,-0.558269674351804));
#4485=CARTESIAN_POINT('Ctrl Pts',(5.09317060748415E-9,0.8,-0.558269674351804));
#4486=CARTESIAN_POINT('Ctrl Pts',(-0.0758269652221426,0.799,-0.642239138123795));
#4487=CARTESIAN_POINT('Ctrl Pts',(-0.0758269652221426,0.799,-0.61526712854855));
#4488=CARTESIAN_POINT('Ctrl Pts',(-0.0628498662755622,0.799,-0.57888036091402));
#4489=CARTESIAN_POINT('Ctrl Pts',(-0.0295165336872869,0.799,-0.558269674351804));
#4490=CARTESIAN_POINT('Ctrl Pts',(5.09317060748415E-9,0.799,-0.558269674351804));
#4491=CARTESIAN_POINT('Origin',(0.100000002857996,0.8,-0.693893080989596));
#4492=CARTESIAN_POINT('',(0.100000002857996,0.8,-0.693893080989596));
#4493=CARTESIAN_POINT('',(0.100000002857996,0.8,-0.633587738826075));
#4494=CARTESIAN_POINT('',(0.100000002857996,0.8,-0.346946540494798));
#4495=CARTESIAN_POINT('',(0.100000002857996,0.799,-0.693893080989596));
#4496=CARTESIAN_POINT('',(0.100000002857996,0.8,-0.693893080989596));
#4497=CARTESIAN_POINT('',(0.100000002857996,0.799,-0.633587738826075));
#4498=CARTESIAN_POINT('',(0.100000002857996,0.799,-0.693893080989596));
#4499=CARTESIAN_POINT('',(0.100000002857996,0.8,-0.633587738826075));
#4500=CARTESIAN_POINT('Origin',(-0.0999999926716552,0.8,-0.693893080989596));
#4501=CARTESIAN_POINT('',(-0.0999999926716552,0.8,-0.693893080989596));
#4502=CARTESIAN_POINT('',(-0.0499999963358272,0.8,-0.693893080989596));
#4503=CARTESIAN_POINT('',(-0.0999999926716552,0.799,-0.693893080989596));
#4504=CARTESIAN_POINT('',(-0.0999999926716552,0.8,-0.693893080989596));
#4505=CARTESIAN_POINT('',(-0.0999999926716552,0.799,-0.693893080989596));
#4506=CARTESIAN_POINT('Origin',(-0.0999999926716552,0.8,-0.63893125015702));
#4507=CARTESIAN_POINT('',(-0.0999999926716552,0.8,-0.63893125015702));
#4508=CARTESIAN_POINT('',(-0.0999999926716552,0.8,-0.31946562507851));
#4509=CARTESIAN_POINT('',(-0.0999999926716552,0.799,-0.63893125015702));
#4510=CARTESIAN_POINT('',(-0.0999999926716552,0.8,-0.63893125015702));
#4511=CARTESIAN_POINT('',(-0.0999999926716552,0.799,-0.63893125015702));
#4512=CARTESIAN_POINT('Ctrl Pts',(5.09317060748415E-9,0.8,-0.528753135571347));
#4513=CARTESIAN_POINT('Ctrl Pts',(5.09317060748415E-9,0.799,-0.528753135571347));
#4514=CARTESIAN_POINT('Ctrl Pts',(-0.0335877804156258,0.8,-0.528753135571347));
#4515=CARTESIAN_POINT('Ctrl Pts',(-0.0335877804156258,0.799,-0.528753135571347));
#4516=CARTESIAN_POINT('Ctrl Pts',(-0.0783714944273545,0.8,-0.556234050987635));
#4517=CARTESIAN_POINT('Ctrl Pts',(-0.0783714944273545,0.799,-0.556234050987635));
#4518=CARTESIAN_POINT('Ctrl Pts',(-0.0999999926716552,0.8,-0.605597917568744));
#4519=CARTESIAN_POINT('Ctrl Pts',(-0.0999999926716552,0.799,-0.605597917568744));
#4520=CARTESIAN_POINT('Ctrl Pts',(-0.0999999926716552,0.8,-0.63893125015702));
#4521=CARTESIAN_POINT('Ctrl Pts',(-0.0999999926716552,0.799,-0.63893125015702));
#4522=CARTESIAN_POINT('',(5.0931706122138E-9,0.8,-0.528753135571347));
#4523=CARTESIAN_POINT('Ctrl Pts',(5.09317060748415E-9,0.8,-0.528753135571347));
#4524=CARTESIAN_POINT('Ctrl Pts',(-0.0335877804156258,0.8,-0.528753135571347));
#4525=CARTESIAN_POINT('Ctrl Pts',(-0.0783714944273545,0.8,-0.556234050987635));
#4526=CARTESIAN_POINT('Ctrl Pts',(-0.0999999926716552,0.8,-0.605597917568744));
#4527=CARTESIAN_POINT('Ctrl Pts',(-0.0999999926716552,0.8,-0.63893125015702));
#4528=CARTESIAN_POINT('',(5.09317060748415E-9,0.799,-0.528753135571347));
#4529=CARTESIAN_POINT('',(5.0931706122138E-9,0.8,-0.528753135571347));
#4530=CARTESIAN_POINT('Ctrl Pts',(5.09317060748415E-9,0.799,-0.528753135571347));
#4531=CARTESIAN_POINT('Ctrl Pts',(-0.0335877804156258,0.799,-0.528753135571347));
#4532=CARTESIAN_POINT('Ctrl Pts',(-0.0783714944273545,0.799,-0.556234050987635));
#4533=CARTESIAN_POINT('Ctrl Pts',(-0.0999999926716552,0.799,-0.605597917568744));
#4534=CARTESIAN_POINT('Ctrl Pts',(-0.0999999926716552,0.799,-0.63893125015702));
#4535=CARTESIAN_POINT('Ctrl Pts',(0.100000002857996,0.8,-0.633587738826075));
#4536=CARTESIAN_POINT('Ctrl Pts',(0.100000002857996,0.799,-0.633587738826075));
#4537=CARTESIAN_POINT('Ctrl Pts',(0.100000002857996,0.8,-0.582697154721838));
#4538=CARTESIAN_POINT('Ctrl Pts',(0.100000002857996,0.799,-0.582697154721838));
#4539=CARTESIAN_POINT('Ctrl Pts',(0.0524173067205348,0.8,-0.528753135571347));
#4540=CARTESIAN_POINT('Ctrl Pts',(0.0524173067205348,0.799,-0.528753135571347));
#4541=CARTESIAN_POINT('Ctrl Pts',(5.09317060748415E-9,0.8,-0.528753135571347));
#4542=CARTESIAN_POINT('Ctrl Pts',(5.09317060748415E-9,0.799,-0.528753135571347));
#4543=CARTESIAN_POINT('Ctrl Pts',(0.100000002857996,0.8,-0.633587738826075));
#4544=CARTESIAN_POINT('Ctrl Pts',(0.100000002857996,0.8,-0.582697154721838));
#4545=CARTESIAN_POINT('Ctrl Pts',(0.0524173067205348,0.8,-0.528753135571347));
#4546=CARTESIAN_POINT('Ctrl Pts',(5.09317060748415E-9,0.8,-0.528753135571347));
#4547=CARTESIAN_POINT('Ctrl Pts',(0.100000002857996,0.799,-0.633587738826075));
#4548=CARTESIAN_POINT('Ctrl Pts',(0.100000002857996,0.799,-0.582697154721838));
#4549=CARTESIAN_POINT('Ctrl Pts',(0.0524173067205348,0.799,-0.528753135571347));
#4550=CARTESIAN_POINT('Ctrl Pts',(5.09317060748415E-9,0.799,-0.528753135571347));
#4551=CARTESIAN_POINT('Origin',(0.000692813149034126,0.799,-0.631448298045816));
#4552=CARTESIAN_POINT('Ctrl Pts',(0.0396946606944755,0.8,-0.381679347510101));
#4553=CARTESIAN_POINT('Ctrl Pts',(0.0396946606944755,0.799,-0.381679347510101));
#4554=CARTESIAN_POINT('Ctrl Pts',(0.0216285033374713,0.8,-0.381679347510101));
#4555=CARTESIAN_POINT('Ctrl Pts',(0.0216285033374713,0.799,-0.381679347510101));
#4556=CARTESIAN_POINT('Ctrl Pts',(0.00152672261629766,0.8,-0.405597922039093));
#4557=CARTESIAN_POINT('Ctrl Pts',(0.00152672261629766,0.799,-0.405597922039093));
#4558=CARTESIAN_POINT('Ctrl Pts',(0.00152672261629766,0.8,-0.428753137806521));
#4559=CARTESIAN_POINT('Ctrl Pts',(0.00152672261629766,0.799,-0.428753137806521));
#4560=CARTESIAN_POINT('',(0.00152672261629766,0.8,-0.428753137806521));
#4561=CARTESIAN_POINT('',(0.0396946606944755,0.8,-0.381679347510101));
#4562=CARTESIAN_POINT('Ctrl Pts',(0.00152672261629766,0.8,-0.428753137806521));
#4563=CARTESIAN_POINT('Ctrl Pts',(0.00152672261629766,0.8,-0.405597922039093));
#4564=CARTESIAN_POINT('Ctrl Pts',(0.0216285033374713,0.8,-0.381679347510101));
#4565=CARTESIAN_POINT('Ctrl Pts',(0.0396946606944755,0.8,-0.381679347510101));
#4566=CARTESIAN_POINT('',(0.00152672261629766,0.799,-0.428753137806521));
#4567=CARTESIAN_POINT('',(0.00152672261629766,0.8,-0.428753137806521));
#4568=CARTESIAN_POINT('',(0.0396946606944755,0.799,-0.381679347510101));
#4569=CARTESIAN_POINT('Ctrl Pts',(0.00152672261629766,0.799,-0.428753137806521));
#4570=CARTESIAN_POINT('Ctrl Pts',(0.00152672261629766,0.799,-0.405597922039093));
#4571=CARTESIAN_POINT('Ctrl Pts',(0.0216285033374713,0.799,-0.381679347510101));
#4572=CARTESIAN_POINT('Ctrl Pts',(0.0396946606944755,0.799,-0.381679347510101));
#4573=CARTESIAN_POINT('',(0.0396946606944755,0.8,-0.381679347510101));
#4574=CARTESIAN_POINT('Ctrl Pts',(0.0758269754084838,0.8,-0.424936343998703));
#4575=CARTESIAN_POINT('Ctrl Pts',(0.0758269754084838,0.799,-0.424936343998703));
#4576=CARTESIAN_POINT('Ctrl Pts',(0.0758269754084838,0.8,-0.403816751595445));
#4577=CARTESIAN_POINT('Ctrl Pts',(0.0758269754084838,0.799,-0.403816751595445));
#4578=CARTESIAN_POINT('Ctrl Pts',(0.0575063651309585,0.8,-0.381679347510101));
#4579=CARTESIAN_POINT('Ctrl Pts',(0.0575063651309585,0.799,-0.381679347510101));
#4580=CARTESIAN_POINT('Ctrl Pts',(0.0396946606944755,0.8,-0.381679347510101));
#4581=CARTESIAN_POINT('Ctrl Pts',(0.0396946606944755,0.799,-0.381679347510101));
#4582=CARTESIAN_POINT('',(0.0758269754084838,0.8,-0.424936343998703));
#4583=CARTESIAN_POINT('Ctrl Pts',(0.0396946606944755,0.8,-0.381679347510101));
#4584=CARTESIAN_POINT('Ctrl Pts',(0.0575063651309585,0.8,-0.381679347510101));
#4585=CARTESIAN_POINT('Ctrl Pts',(0.0758269754084838,0.8,-0.403816751595445));
#4586=CARTESIAN_POINT('Ctrl Pts',(0.0758269754084838,0.8,-0.424936343998703));
#4587=CARTESIAN_POINT('',(0.0758269754084838,0.799,-0.424936343998703));
#4588=CARTESIAN_POINT('Ctrl Pts',(0.0396946606944755,0.799,-0.381679347510101));
#4589=CARTESIAN_POINT('Ctrl Pts',(0.0575063651309585,0.799,-0.381679347510101));
#4590=CARTESIAN_POINT('Ctrl Pts',(0.0758269754084838,0.799,-0.403816751595445));
#4591=CARTESIAN_POINT('Ctrl Pts',(0.0758269754084838,0.799,-0.424936343998703));
#4592=CARTESIAN_POINT('',(0.0758269754084838,0.8,-0.424936343998703));
#4593=CARTESIAN_POINT('Origin',(0.0758269754084838,0.8,-0.461068658712711));
#4594=CARTESIAN_POINT('',(0.0758269754084838,0.8,-0.461068658712711));
#4595=CARTESIAN_POINT('',(0.0758269754084838,0.8,-0.230534329356356));
#4596=CARTESIAN_POINT('',(0.0758269754084838,0.799,-0.461068658712711));
#4597=CARTESIAN_POINT('',(0.0758269754084838,0.799,-0.444851012065171));
#4598=CARTESIAN_POINT('',(0.0758269754084838,0.8,-0.461068658712711));
#4599=CARTESIAN_POINT('Origin',(0.00152672261629766,0.8,-0.461068658712711));
#4600=CARTESIAN_POINT('',(0.00152672261629766,0.8,-0.461068658712711));
#4601=CARTESIAN_POINT('',(0.000763361308149208,0.8,-0.461068658712711));
#4602=CARTESIAN_POINT('',(0.00152672261629766,0.799,-0.461068658712711));
#4603=CARTESIAN_POINT('',(-0.00582414290443252,0.799,-0.461068658712711));
#4604=CARTESIAN_POINT('',(0.00152672261629766,0.8,-0.461068658712711));
#4605=CARTESIAN_POINT('Origin',(0.00152672261629766,0.8,-0.428753137806521));
#4606=CARTESIAN_POINT('',(0.00152672261629766,0.8,-0.21437656890326));
#4607=CARTESIAN_POINT('',(0.00152672261629766,0.799,-0.428693251612076));
#4608=CARTESIAN_POINT('Origin',(-0.0188295110253971,0.8,-0.400508863628669));
#4609=CARTESIAN_POINT('',(-0.0188295110253971,0.8,-0.400508863628669));
#4610=CARTESIAN_POINT('',(-0.098218822228007,0.8,-0.340966880226712));
#4611=CARTESIAN_POINT('',(-0.10892619476815,0.8,-0.332936350821604));
#4612=CARTESIAN_POINT('',(-0.0188295110253971,0.799,-0.400508863628669));
#4613=CARTESIAN_POINT('',(-0.0188295110253971,0.8,-0.400508863628669));
#4614=CARTESIAN_POINT('',(-0.098218822228007,0.799,-0.340966880226712));
#4615=CARTESIAN_POINT('',(-0.0188295110253971,0.799,-0.400508863628669));
#4616=CARTESIAN_POINT('',(-0.098218822228007,0.8,-0.340966880226712));
#4617=CARTESIAN_POINT('Ctrl Pts',(0.0409669252970815,0.8,-0.352162808729644));
#4618=CARTESIAN_POINT('Ctrl Pts',(0.0409669252970815,0.799,-0.352162808729644));
#4619=CARTESIAN_POINT('Ctrl Pts',(0.0267175617478951,0.8,-0.352162808729644));
#4620=CARTESIAN_POINT('Ctrl Pts',(0.0267175617478951,0.799,-0.352162808729644));
#4621=CARTESIAN_POINT('Ctrl Pts',(0.00279898721890368,0.8,-0.362849831391534));
#4622=CARTESIAN_POINT('Ctrl Pts',(0.00279898721890368,0.799,-0.362849831391534));
#4623=CARTESIAN_POINT('Ctrl Pts',(-0.0147582642970581,0.8,-0.384478329635835));
#4624=CARTESIAN_POINT('Ctrl Pts',(-0.0147582642970581,0.799,-0.384478329635835));
#4625=CARTESIAN_POINT('Ctrl Pts',(-0.0188295110253971,0.8,-0.400508863628669));
#4626=CARTESIAN_POINT('Ctrl Pts',(-0.0188295110253971,0.799,-0.400508863628669));
#4627=CARTESIAN_POINT('',(0.0409669252970815,0.8,-0.352162808729644));
#4628=CARTESIAN_POINT('Ctrl Pts',(0.0409669252970815,0.8,-0.352162808729644));
#4629=CARTESIAN_POINT('Ctrl Pts',(0.0267175617478951,0.8,-0.352162808729644));
#4630=CARTESIAN_POINT('Ctrl Pts',(0.00279898721890368,0.8,-0.362849831391534));
#4631=CARTESIAN_POINT('Ctrl Pts',(-0.0147582642970581,0.8,-0.384478329635835));
#4632=CARTESIAN_POINT('Ctrl Pts',(-0.0188295110253971,0.8,-0.400508863628669));
#4633=CARTESIAN_POINT('',(0.0409669252970815,0.799,-0.352162808729644));
#4634=CARTESIAN_POINT('',(0.0409669252970815,0.8,-0.352162808729644));
#4635=CARTESIAN_POINT('Ctrl Pts',(0.0409669252970815,0.799,-0.352162808729644));
#4636=CARTESIAN_POINT('Ctrl Pts',(0.0267175617478951,0.799,-0.352162808729644));
#4637=CARTESIAN_POINT('Ctrl Pts',(0.00279898721890368,0.799,-0.362849831391534));
#4638=CARTESIAN_POINT('Ctrl Pts',(-0.0147582642970581,0.799,-0.384478329635835));
#4639=CARTESIAN_POINT('Ctrl Pts',(-0.0188295110253971,0.799,-0.400508863628669));
#4640=CARTESIAN_POINT('Ctrl Pts',(0.100000002857996,0.8,-0.424427438157661));
#4641=CARTESIAN_POINT('Ctrl Pts',(0.100000002857996,0.799,-0.424427438157661));
#4642=CARTESIAN_POINT('Ctrl Pts',(0.100000002857996,0.8,-0.401017769469712));
#4643=CARTESIAN_POINT('Ctrl Pts',(0.100000002857996,0.799,-0.401017769469712));
#4644=CARTESIAN_POINT('Ctrl Pts',(0.0852417334677677,0.8,-0.368447795643));
#4645=CARTESIAN_POINT('Ctrl Pts',(0.0852417334677677,0.799,-0.368447795643));
#4646=CARTESIAN_POINT('Ctrl Pts',(0.0585241768130432,0.8,-0.352162808729644));
#4647=CARTESIAN_POINT('Ctrl Pts',(0.0585241768130432,0.799,-0.352162808729644));
#4648=CARTESIAN_POINT('Ctrl Pts',(0.0409669252970815,0.8,-0.352162808729644));
#4649=CARTESIAN_POINT('Ctrl Pts',(0.0409669252970815,0.799,-0.352162808729644));
#4650=CARTESIAN_POINT('',(0.100000002857996,0.8,-0.424427438157661));
#4651=CARTESIAN_POINT('Ctrl Pts',(0.100000002857996,0.8,-0.424427438157661));
#4652=CARTESIAN_POINT('Ctrl Pts',(0.100000002857996,0.8,-0.401017769469712));
#4653=CARTESIAN_POINT('Ctrl Pts',(0.0852417334677677,0.8,-0.368447795643));
#4654=CARTESIAN_POINT('Ctrl Pts',(0.0585241768130432,0.8,-0.352162808729644));
#4655=CARTESIAN_POINT('Ctrl Pts',(0.0409669252970815,0.8,-0.352162808729644));
#4656=CARTESIAN_POINT('',(0.100000002857996,0.799,-0.424427438157661));
#4657=CARTESIAN_POINT('',(0.100000002857996,0.8,-0.424427438157661));
#4658=CARTESIAN_POINT('Ctrl Pts',(0.100000002857996,0.799,-0.424427438157661));
#4659=CARTESIAN_POINT('Ctrl Pts',(0.100000002857996,0.799,-0.401017769469712));
#4660=CARTESIAN_POINT('Ctrl Pts',(0.0852417334677677,0.799,-0.368447795643));
#4661=CARTESIAN_POINT('Ctrl Pts',(0.0585241768130432,0.799,-0.352162808729644));
#4662=CARTESIAN_POINT('Ctrl Pts',(0.0409669252970815,0.799,-0.352162808729644));
#4663=CARTESIAN_POINT('Origin',(0.100000002857996,0.8,-0.489567385811084));
#4664=CARTESIAN_POINT('',(0.100000002857996,0.8,-0.489567385811084));
#4665=CARTESIAN_POINT('',(0.100000002857996,0.8,-0.244783692905542));
#4666=CARTESIAN_POINT('',(0.100000002857996,0.799,-0.489567385811084));
#4667=CARTESIAN_POINT('',(0.100000002857996,0.8,-0.489567385811084));
#4668=CARTESIAN_POINT('',(0.100000002857996,0.799,-0.489567385811084));
#4669=CARTESIAN_POINT('Origin',(-0.0999999926716552,0.8,-0.489567385811084));
#4670=CARTESIAN_POINT('',(-0.0999999926716552,0.8,-0.489567385811084));
#4671=CARTESIAN_POINT('',(-0.0499999963358274,0.8,-0.489567385811084));
#4672=CARTESIAN_POINT('',(-0.0999999926716552,0.799,-0.489567385811084));
#4673=CARTESIAN_POINT('',(-0.0999999926716552,0.8,-0.489567385811084));
#4674=CARTESIAN_POINT('',(-0.0999999926716552,0.799,-0.489567385811084));
#4675=CARTESIAN_POINT('Origin',(-0.0999999926716552,0.8,-0.461068658712711));
#4676=CARTESIAN_POINT('',(-0.0999999926716552,0.8,-0.461068658712711));
#4677=CARTESIAN_POINT('',(-0.0999999926716552,0.8,-0.230534329356356));
#4678=CARTESIAN_POINT('',(-0.0999999926716552,0.799,-0.461068658712711));
#4679=CARTESIAN_POINT('',(-0.0999999926716552,0.8,-0.461068658712711));
#4680=CARTESIAN_POINT('',(-0.0999999926716552,0.799,-0.461068658712711));
#4681=CARTESIAN_POINT('Origin',(-0.0218829460716513,0.8,-0.461068658712711));
#4682=CARTESIAN_POINT('',(-0.0218829460716513,0.8,-0.461068658712711));
#4683=CARTESIAN_POINT('',(-0.0109414730358255,0.8,-0.461068658712711));
#4684=CARTESIAN_POINT('',(-0.0218829460716513,0.799,-0.461068658712711));
#4685=CARTESIAN_POINT('',(-0.0218829460716513,0.8,-0.461068658712711));
#4686=CARTESIAN_POINT('',(-0.0218829460716513,0.799,-0.461068658712711));
#4687=CARTESIAN_POINT('Origin',(-0.0218829460716513,0.8,-0.431552119932254));
#4688=CARTESIAN_POINT('',(-0.0218829460716513,0.8,-0.431552119932254));
#4689=CARTESIAN_POINT('',(-0.0218829460716513,0.8,-0.215776059966127));
#4690=CARTESIAN_POINT('',(-0.0218829460716513,0.799,-0.431552119932254));
#4691=CARTESIAN_POINT('',(-0.0218829460716513,0.8,-0.431552119932254));
#4692=CARTESIAN_POINT('',(-0.0218829460716513,0.799,-0.431552119932254));
#4693=CARTESIAN_POINT('Origin',(-0.0999999926716552,0.8,-0.373791306973945));
#4694=CARTESIAN_POINT('',(-0.0999999926716552,0.8,-0.373791306973945));
#4695=CARTESIAN_POINT('',(-0.15701903217829,0.8,-0.331630649097704));
#4696=CARTESIAN_POINT('',(-0.0999999926716552,0.799,-0.373791306973945));
#4697=CARTESIAN_POINT('',(-0.0999999926716552,0.8,-0.373791306973945));
#4698=CARTESIAN_POINT('',(-0.0999999926716552,0.799,-0.373791306973945));
#4699=CARTESIAN_POINT('Origin',(-0.0999999926716552,0.8,-0.340966880226712));
#4700=CARTESIAN_POINT('',(-0.0999999926716552,0.8,-0.340966880226712));
#4701=CARTESIAN_POINT('',(-0.0999999926716552,0.8,-0.170483440113356));
#4702=CARTESIAN_POINT('',(-0.0999999926716552,0.799,-0.340966880226712));
#4703=CARTESIAN_POINT('',(-0.0999999926716552,0.8,-0.340966880226712));
#4704=CARTESIAN_POINT('',(-0.0999999926716552,0.799,-0.340966880226712));
#4705=CARTESIAN_POINT('Origin',(-0.098218822228007,0.8,-0.340966880226712));
#4706=CARTESIAN_POINT('',(-0.0491094111140033,0.8,-0.340966880226712));
#4707=CARTESIAN_POINT('',(-0.098218822228007,0.799,-0.340966880226712));
#4708=CARTESIAN_POINT('Origin',(-0.0131750084251627,0.799,-0.428633365417631));
#4709=CARTESIAN_POINT('Origin',(-0.0727735301758885,0.8,-0.238422353256674));
#4710=CARTESIAN_POINT('',(-0.0727735301758885,0.8,-0.238422353256674));
#4711=CARTESIAN_POINT('',(0.100000002857996,0.8,-0.176844746490547));
#4712=CARTESIAN_POINT('',(-0.00278895981161932,0.8,-0.213479398870587));
#4713=CARTESIAN_POINT('',(-0.0727735301758885,0.799,-0.238422353256674));
#4714=CARTESIAN_POINT('',(-0.0727735301758885,0.8,-0.238422353256674));
#4715=CARTESIAN_POINT('',(0.100000002857996,0.799,-0.176844746490547));
#4716=CARTESIAN_POINT('',(-0.0727735301758885,0.799,-0.238422353256674));
#4717=CARTESIAN_POINT('',(0.100000002857996,0.8,-0.176844746490547));
#4718=CARTESIAN_POINT('Origin',(0.100000002857996,0.8,-0.300508865863843));
#4719=CARTESIAN_POINT('',(0.100000002857996,0.8,-0.300508865863843));
#4720=CARTESIAN_POINT('',(0.00789911463347683,0.8,-0.267412228563721));
#4721=CARTESIAN_POINT('',(0.100000002857996,0.799,-0.300508865863843));
#4722=CARTESIAN_POINT('',(0.100000002857996,0.8,-0.300508865863843));
#4723=CARTESIAN_POINT('',(0.100000002857996,0.799,-0.300508865863843));
#4724=CARTESIAN_POINT('Origin',(0.100000002857996,0.8,-0.330025404644301));
#4725=CARTESIAN_POINT('',(0.100000002857996,0.8,-0.330025404644301));
#4726=CARTESIAN_POINT('',(0.100000002857996,0.8,-0.16501270232215));
#4727=CARTESIAN_POINT('',(0.100000002857996,0.799,-0.330025404644301));
#4728=CARTESIAN_POINT('',(0.100000002857996,0.8,-0.330025404644301));
#4729=CARTESIAN_POINT('',(0.100000002857996,0.799,-0.330025404644301));
#4730=CARTESIAN_POINT('Origin',(0.0982188324143482,0.8,-0.330025404644301));
#4731=CARTESIAN_POINT('',(0.0982188324143482,0.8,-0.330025404644301));
#4732=CARTESIAN_POINT('',(0.0491094162071743,0.8,-0.330025404644301));
#4733=CARTESIAN_POINT('',(0.0982188324143482,0.799,-0.330025404644301));
#4734=CARTESIAN_POINT('',(0.0982188324143482,0.8,-0.330025404644301));
#4735=CARTESIAN_POINT('',(0.0982188324143482,0.799,-0.330025404644301));
#4736=CARTESIAN_POINT('Origin',(-0.0999999926716554,0.8,-0.256488510613678));
#4737=CARTESIAN_POINT('',(-0.0999999926716554,0.8,-0.256488510613678));
#4738=CARTESIAN_POINT('',(-0.0978702544546819,0.8,-0.257278618886728));
#4739=CARTESIAN_POINT('',(-0.0999999926716554,0.799,-0.256488510613678));
#4740=CARTESIAN_POINT('',(-0.0999999926716554,0.8,-0.256488510613678));
#4741=CARTESIAN_POINT('',(-0.0999999926716554,0.799,-0.256488510613678));
#4742=CARTESIAN_POINT('Origin',(-0.0999999926716554,0.8,-0.222137366343318));
#4743=CARTESIAN_POINT('',(-0.0999999926716554,0.8,-0.222137366343318));
#4744=CARTESIAN_POINT('',(-0.0999999926716554,0.8,-0.111068683171659));
#4745=CARTESIAN_POINT('',(-0.0999999926716554,0.799,-0.222137366343318));
#4746=CARTESIAN_POINT('',(-0.0999999926716554,0.8,-0.222137366343318));
#4747=CARTESIAN_POINT('',(-0.0999999926716554,0.799,-0.222137366343318));
#4748=CARTESIAN_POINT('Origin',(0.0982188324143481,0.8,-0.148346019392175));
#4749=CARTESIAN_POINT('',(0.0982188324143481,0.8,-0.148346019392175));
#4750=CARTESIAN_POINT('',(0.0793385190154695,0.8,-0.155374634136301));
#4751=CARTESIAN_POINT('',(0.0982188324143481,0.799,-0.148346019392175));
#4752=CARTESIAN_POINT('',(0.0982188324143481,0.8,-0.148346019392175));
#4753=CARTESIAN_POINT('',(0.0982188324143481,0.799,-0.148346019392175));
#4754=CARTESIAN_POINT('Origin',(0.100000002857996,0.8,-0.148346019392175));
#4755=CARTESIAN_POINT('',(0.100000002857996,0.8,-0.148346019392175));
#4756=CARTESIAN_POINT('',(0.0500000014289983,0.8,-0.148346019392175));
#4757=CARTESIAN_POINT('',(0.100000002857996,0.799,-0.148346019392175));
#4758=CARTESIAN_POINT('',(0.100000002857996,0.8,-0.148346019392175));
#4759=CARTESIAN_POINT('',(0.100000002857996,0.799,-0.148346019392175));
#4760=CARTESIAN_POINT('Origin',(0.100000002857996,0.8,-0.176844746490547));
#4761=CARTESIAN_POINT('',(0.100000002857996,0.8,-0.0884223732452738));
#4762=CARTESIAN_POINT('',(0.100000002857996,0.799,-0.176844746490547));
#4763=CARTESIAN_POINT('Origin',(0.00828455153087382,0.799,-0.239029091706386));
#4764=CARTESIAN_POINT('Origin',(3.25260651745651E-16,0.8,-2.92734586571086E-16));
#4765=CARTESIAN_POINT('',(-1.,0.8,1.));
#4766=CARTESIAN_POINT('',(1.,0.8,1.));
#4767=CARTESIAN_POINT('',(-1.,0.8,1.));
#4768=CARTESIAN_POINT('',(1.,0.8,-1.));
#4769=CARTESIAN_POINT('',(1.,0.8,1.));
#4770=CARTESIAN_POINT('',(-1.,0.8,-1.));
#4771=CARTESIAN_POINT('',(1.,0.8,-1.));
#4772=CARTESIAN_POINT('',(-1.,0.8,-1.));
#4773=CARTESIAN_POINT('Origin',(3.25260651745651E-16,0.8,-2.92734586571086E-16));
#4774=CARTESIAN_POINT('Origin',(3.25260651745651E-16,0.8,-2.92734586571086E-16));
#4775=CARTESIAN_POINT('Origin',(3.25260651745651E-16,0.8,-2.92734586571086E-16));
#4776=CARTESIAN_POINT('Origin',(3.25260651745651E-16,0.8,-2.92734586571086E-16));
#4777=CARTESIAN_POINT('Origin',(3.25260651745651E-16,0.8,-2.92734586571086E-16));
#4778=CARTESIAN_POINT('Origin',(3.25260651745651E-16,0.8,-2.92734586571086E-16));
#4779=CARTESIAN_POINT('Origin',(-0.35,0.,-0.65));
#4780=CARTESIAN_POINT('',(-0.2,0.,-0.8));
#4781=CARTESIAN_POINT('',(-0.5,0.,-0.5));
#4782=CARTESIAN_POINT('',(-0.425,0.,-0.575));
#4783=CARTESIAN_POINT('',(-0.5,0.02,-0.5));
#4784=CARTESIAN_POINT('',(-0.5,0.,-0.5));
#4785=CARTESIAN_POINT('',(-0.2,0.02,-0.8));
#4786=CARTESIAN_POINT('',(-0.425,0.02,-0.575));
#4787=CARTESIAN_POINT('',(-0.2,0.,-0.8));
#4788=CARTESIAN_POINT('Origin',(0.5,0.,-0.8));
#4789=CARTESIAN_POINT('',(0.5,0.02,-0.8));
#4790=CARTESIAN_POINT('',(0.25,0.02,-0.8));
#4791=CARTESIAN_POINT('',(0.5,0.,-0.8));
#4792=CARTESIAN_POINT('',(0.5,0.,-0.8));
#4793=CARTESIAN_POINT('',(-0.5,0.,-0.8));
#4794=CARTESIAN_POINT('Origin',(-0.5,0.,0.8));
#4795=CARTESIAN_POINT('',(-0.5,0.02,0.8));
#4796=CARTESIAN_POINT('',(0.5,0.02,0.8));
#4797=CARTESIAN_POINT('',(-0.25,0.02,0.8));
#4798=CARTESIAN_POINT('',(-0.5,0.,0.8));
#4799=CARTESIAN_POINT('',(-0.5,0.,0.8));
#4800=CARTESIAN_POINT('',(0.5,0.,0.8));
#4801=CARTESIAN_POINT('',(0.5,0.,0.8));
#4802=CARTESIAN_POINT('',(0.5,0.,0.8));
#4803=CARTESIAN_POINT('Origin',(-0.5,0.,-0.8));
#4804=CARTESIAN_POINT('',(-0.5,0.,0.8));
#4805=CARTESIAN_POINT('',(-0.5,0.02,-0.4));
#4806=CARTESIAN_POINT('Origin',(0.5,0.,0.8));
#4807=CARTESIAN_POINT('',(0.5,0.02,0.4));
#4808=CARTESIAN_POINT('',(0.5,0.,-0.8));
#4809=CARTESIAN_POINT('Origin',(0.,0.,3.1058222233354E-16));
#4810=CARTESIAN_POINT('Origin',(-0.875500000004599,0.2,0.649999999999998));
#4811=CARTESIAN_POINT('',(-1.,0.2,0.499999999999998));
#4812=CARTESIAN_POINT('',(-1.,0.2,0.799999999999998));
#4813=CARTESIAN_POINT('',(-1.,0.2,0.824999999999999));
#4814=CARTESIAN_POINT('',(-1.0010000000092,0.2,0.499999999999998));
#4815=CARTESIAN_POINT('',(-1.0010000000092,0.2,0.499999999999998));
#4816=CARTESIAN_POINT('',(-1.0010000000092,0.2,0.799999999999998));
#4817=CARTESIAN_POINT('',(-1.0010000000092,0.2,1.0010000000092));
#4818=CARTESIAN_POINT('',(-0.750000000000001,0.2,0.799999999999998));
#4819=CARTESIAN_POINT('Origin',(-1.0010000000092,0.,0.499999999999998));
#4820=CARTESIAN_POINT('',(-1.,0.02,0.499999999999998));
#4821=CARTESIAN_POINT('',(-1.,0.4,0.499999999999998));
#4822=CARTESIAN_POINT('',(-0.75,0.02,0.499999999999998));
#4823=CARTESIAN_POINT('',(-0.5,0.02,0.499999999999998));
#4824=CARTESIAN_POINT('',(-0.75,0.,0.499999999999998));
#4825=CARTESIAN_POINT('',(-0.75,0.,0.499999999999998));
#4826=CARTESIAN_POINT('',(-1.0010000000092,0.,0.499999999999998));
#4827=CARTESIAN_POINT('',(-1.0010000000092,0.,0.499999999999998));
#4828=CARTESIAN_POINT('',(-1.0010000000092,0.,0.499999999999998));
#4829=CARTESIAN_POINT('Origin',(-1.0010000000092,0.,0.799999999999998));
#4830=CARTESIAN_POINT('',(-1.0010000000092,0.,0.799999999999998));
#4831=CARTESIAN_POINT('',(-1.0010000000092,0.,1.0010000000092));
#4832=CARTESIAN_POINT('',(-1.0010000000092,0.,0.799999999999998));
#4833=CARTESIAN_POINT('Origin',(-0.750000000000001,0.,0.799999999999998));
#4834=CARTESIAN_POINT('',(-1.,0.02,0.799999999999998));
#4835=CARTESIAN_POINT('',(-1.,0.4,0.799999999999998));
#4836=CARTESIAN_POINT('',(-0.750000000000001,0.,0.799999999999998));
#4837=CARTESIAN_POINT('',(-0.750000000000001,0.,0.799999999999998));
#4838=CARTESIAN_POINT('',(-0.750000000000001,0.02,0.799999999999998));
#4839=CARTESIAN_POINT('',(-0.750000000000001,0.,0.799999999999998));
#4840=CARTESIAN_POINT('',(-0.375,0.02,0.799999999999998));
#4841=CARTESIAN_POINT('Origin',(-0.75,0.,0.499999999999998));
#4842=CARTESIAN_POINT('',(-0.749999999999999,0.02,0.249999999999998));
#4843=CARTESIAN_POINT('',(-0.75,0.,0.499999999999998));
#4844=CARTESIAN_POINT('Origin',(-0.875500000004599,0.,0.649999999999998));
#4845=CARTESIAN_POINT('Origin',(-0.875500000004598,0.2,-0.65));
#4846=CARTESIAN_POINT('',(-1.,0.2,-0.8));
#4847=CARTESIAN_POINT('',(-1.,0.2,-0.5));
#4848=CARTESIAN_POINT('',(-1.,0.2,0.175));
#4849=CARTESIAN_POINT('',(-1.0010000000092,0.2,-0.8));
#4850=CARTESIAN_POINT('',(-1.0010000000092,0.2,-0.8));
#4851=CARTESIAN_POINT('',(-1.0010000000092,0.2,-0.5));
#4852=CARTESIAN_POINT('',(-1.0010000000092,0.2,1.0010000000092));
#4853=CARTESIAN_POINT('',(-0.75,0.2,-0.5));
#4854=CARTESIAN_POINT('Origin',(-1.0010000000092,0.,-0.8));
#4855=CARTESIAN_POINT('',(-1.,0.02,-0.8));
#4856=CARTESIAN_POINT('',(-1.,0.4,-0.8));
#4857=CARTESIAN_POINT('',(-0.75,0.02,-0.8));
#4858=CARTESIAN_POINT('',(-0.5,0.02,-0.8));
#4859=CARTESIAN_POINT('',(-0.75,0.,-0.8));
#4860=CARTESIAN_POINT('',(-0.75,0.,-0.8));
#4861=CARTESIAN_POINT('',(-1.0010000000092,0.,-0.8));
#4862=CARTESIAN_POINT('',(-1.0010000000092,0.,-0.8));
#4863=CARTESIAN_POINT('',(-1.0010000000092,0.,-0.8));
#4864=CARTESIAN_POINT('Origin',(-1.0010000000092,0.,-0.5));
#4865=CARTESIAN_POINT('',(-1.0010000000092,0.,-0.5));
#4866=CARTESIAN_POINT('',(-1.0010000000092,0.,1.0010000000092));
#4867=CARTESIAN_POINT('',(-1.0010000000092,0.,-0.5));
#4868=CARTESIAN_POINT('Origin',(-0.75,0.,-0.5));
#4869=CARTESIAN_POINT('',(-1.,0.02,-0.5));
#4870=CARTESIAN_POINT('',(-1.,0.4,-0.5));
#4871=CARTESIAN_POINT('',(-0.75,0.,-0.5));
#4872=CARTESIAN_POINT('',(-0.75,0.,-0.5));
#4873=CARTESIAN_POINT('',(-0.75,0.02,-0.5));
#4874=CARTESIAN_POINT('',(-0.75,0.,-0.5));
#4875=CARTESIAN_POINT('',(-0.375,0.02,-0.5));
#4876=CARTESIAN_POINT('Origin',(-0.75,0.,-0.8));
#4877=CARTESIAN_POINT('',(-0.749999999999999,0.02,-0.4));
#4878=CARTESIAN_POINT('',(-0.75,0.,-0.8));
#4879=CARTESIAN_POINT('Origin',(-0.875500000004598,0.,-0.65));
#4880=CARTESIAN_POINT('Origin',(-0.875500000004598,0.2,-1.28369537222284E-15));
#4881=CARTESIAN_POINT('',(-1.,0.2,-0.15));
#4882=CARTESIAN_POINT('',(-1.,0.2,0.149999999999999));
#4883=CARTESIAN_POINT('',(-1.,0.2,0.499999999999999));
#4884=CARTESIAN_POINT('',(-1.0010000000092,0.2,-0.15));
#4885=CARTESIAN_POINT('',(-1.0010000000092,0.2,-0.15));
#4886=CARTESIAN_POINT('',(-1.0010000000092,0.2,0.149999999999999));
#4887=CARTESIAN_POINT('',(-1.0010000000092,0.2,1.0010000000092));
#4888=CARTESIAN_POINT('',(-0.75,0.2,0.149999999999999));
#4889=CARTESIAN_POINT('Origin',(-1.0010000000092,0.,-0.15));
#4890=CARTESIAN_POINT('',(-1.,0.02,-0.15));
#4891=CARTESIAN_POINT('',(-1.,0.4,-0.15));
#4892=CARTESIAN_POINT('',(-0.75,0.02,-0.150000000000002));
#4893=CARTESIAN_POINT('',(-0.5,0.02,-0.150000000000003));
#4894=CARTESIAN_POINT('',(-0.75,0.,-0.150000000000002));
#4895=CARTESIAN_POINT('',(-0.75,0.,-0.150000000000002));
#4896=CARTESIAN_POINT('',(-1.0010000000092,0.,-0.15));
#4897=CARTESIAN_POINT('',(-1.0010000000092,0.,-0.15));
#4898=CARTESIAN_POINT('',(-1.0010000000092,0.,-0.15));
#4899=CARTESIAN_POINT('Origin',(-1.0010000000092,0.,0.149999999999999));
#4900=CARTESIAN_POINT('',(-1.0010000000092,0.,0.149999999999999));
#4901=CARTESIAN_POINT('',(-1.0010000000092,0.,1.0010000000092));
#4902=CARTESIAN_POINT('',(-1.0010000000092,0.,0.149999999999999));
#4903=CARTESIAN_POINT('Origin',(-0.75,0.,0.149999999999999));
#4904=CARTESIAN_POINT('',(-1.,0.02,0.149999999999999));
#4905=CARTESIAN_POINT('',(-1.,0.4,0.149999999999999));
#4906=CARTESIAN_POINT('',(-0.75,0.,0.149999999999999));
#4907=CARTESIAN_POINT('',(-0.75,0.,0.149999999999999));
#4908=CARTESIAN_POINT('',(-0.75,0.02,0.149999999999999));
#4909=CARTESIAN_POINT('',(-0.75,0.,0.149999999999999));
#4910=CARTESIAN_POINT('',(-0.375,0.02,0.149999999999999));
#4911=CARTESIAN_POINT('Origin',(-0.75,0.,-0.150000000000002));
#4912=CARTESIAN_POINT('',(-0.75,0.02,-0.0750000000000011));
#4913=CARTESIAN_POINT('',(-0.75,0.,-0.150000000000002));
#4914=CARTESIAN_POINT('Origin',(-0.875500000004598,0.,-1.28281910047621E-15));
#4915=CARTESIAN_POINT('Origin',(0.875500000004599,0.2,0.649999999999998));
#4916=CARTESIAN_POINT('',(1.,0.2,0.799999999999998));
#4917=CARTESIAN_POINT('',(1.,0.2,0.499999999999998));
#4918=CARTESIAN_POINT('',(1.,0.2,-0.175000000000001));
#4919=CARTESIAN_POINT('',(1.0010000000092,0.2,0.799999999999998));
#4920=CARTESIAN_POINT('',(0.750000000000001,0.2,0.799999999999998));
#4921=CARTESIAN_POINT('',(1.0010000000092,0.2,0.499999999999998));
#4922=CARTESIAN_POINT('',(1.0010000000092,0.2,1.0010000000092));
#4923=CARTESIAN_POINT('',(1.0010000000092,0.2,0.499999999999998));
#4924=CARTESIAN_POINT('Origin',(0.750000000000001,0.,0.799999999999998));
#4925=CARTESIAN_POINT('',(1.,0.02,0.799999999999998));
#4926=CARTESIAN_POINT('',(1.,0.4,0.799999999999998));
#4927=CARTESIAN_POINT('',(0.750000000000001,0.02,0.799999999999998));
#4928=CARTESIAN_POINT('',(0.375000000000001,0.02,0.799999999999998));
#4929=CARTESIAN_POINT('',(0.750000000000001,0.,0.799999999999998));
#4930=CARTESIAN_POINT('',(0.750000000000001,0.,0.799999999999998));
#4931=CARTESIAN_POINT('',(1.0010000000092,0.,0.799999999999998));
#4932=CARTESIAN_POINT('',(0.750000000000001,0.,0.799999999999998));
#4933=CARTESIAN_POINT('',(1.0010000000092,0.,0.799999999999998));
#4934=CARTESIAN_POINT('Origin',(1.0010000000092,0.,0.799999999999998));
#4935=CARTESIAN_POINT('',(1.0010000000092,0.,0.499999999999998));
#4936=CARTESIAN_POINT('',(1.0010000000092,0.,1.0010000000092));
#4937=CARTESIAN_POINT('',(1.0010000000092,0.,0.499999999999998));
#4938=CARTESIAN_POINT('Origin',(0.75,0.,0.499999999999998));
#4939=CARTESIAN_POINT('',(0.75,0.02,0.499999999999998));
#4940=CARTESIAN_POINT('',(0.749999999999999,0.02,0.249999999999998));
#4941=CARTESIAN_POINT('',(0.75,0.,0.499999999999998));
#4942=CARTESIAN_POINT('',(0.75,0.,0.499999999999998));
#4943=CARTESIAN_POINT('',(0.75,0.,0.499999999999998));
#4944=CARTESIAN_POINT('Origin',(1.0010000000092,0.,0.499999999999998));
#4945=CARTESIAN_POINT('',(1.,0.02,0.499999999999998));
#4946=CARTESIAN_POINT('',(1.,0.4,0.499999999999998));
#4947=CARTESIAN_POINT('',(1.0010000000092,0.,0.499999999999998));
#4948=CARTESIAN_POINT('',(0.5,0.02,0.499999999999998));
#4949=CARTESIAN_POINT('Origin',(0.875500000004599,0.,0.649999999999998));
#4950=CARTESIAN_POINT('Origin',(0.875500000004598,0.2,-0.65));
#4951=CARTESIAN_POINT('',(1.,0.2,-0.5));
#4952=CARTESIAN_POINT('',(1.,0.2,-0.8));
#4953=CARTESIAN_POINT('',(1.,0.2,-0.825));
#4954=CARTESIAN_POINT('',(1.0010000000092,0.2,-0.5));
#4955=CARTESIAN_POINT('',(0.75,0.2,-0.5));
#4956=CARTESIAN_POINT('',(1.0010000000092,0.2,-0.8));
#4957=CARTESIAN_POINT('',(1.0010000000092,0.2,1.0010000000092));
#4958=CARTESIAN_POINT('',(1.0010000000092,0.2,-0.8));
#4959=CARTESIAN_POINT('Origin',(0.75,0.,-0.5));
#4960=CARTESIAN_POINT('',(1.,0.02,-0.5));
#4961=CARTESIAN_POINT('',(1.,0.4,-0.5));
#4962=CARTESIAN_POINT('',(0.75,0.02,-0.5));
#4963=CARTESIAN_POINT('',(0.375,0.02,-0.5));
#4964=CARTESIAN_POINT('',(0.75,0.,-0.5));
#4965=CARTESIAN_POINT('',(0.75,0.,-0.5));
#4966=CARTESIAN_POINT('',(1.0010000000092,0.,-0.5));
#4967=CARTESIAN_POINT('',(0.75,0.,-0.5));
#4968=CARTESIAN_POINT('',(1.0010000000092,0.,-0.5));
#4969=CARTESIAN_POINT('Origin',(1.0010000000092,0.,-0.5));
#4970=CARTESIAN_POINT('',(1.0010000000092,0.,-0.8));
#4971=CARTESIAN_POINT('',(1.0010000000092,0.,1.0010000000092));
#4972=CARTESIAN_POINT('',(1.0010000000092,0.,-0.8));
#4973=CARTESIAN_POINT('Origin',(0.75,0.,-0.8));
#4974=CARTESIAN_POINT('',(0.75,0.02,-0.8));
#4975=CARTESIAN_POINT('',(0.749999999999999,0.02,-0.4));
#4976=CARTESIAN_POINT('',(0.75,0.,-0.8));
#4977=CARTESIAN_POINT('',(0.75,0.,-0.8));
#4978=CARTESIAN_POINT('',(0.75,0.,-0.8));
#4979=CARTESIAN_POINT('Origin',(1.0010000000092,0.,-0.8));
#4980=CARTESIAN_POINT('',(1.,0.02,-0.8));
#4981=CARTESIAN_POINT('',(1.,0.4,-0.8));
#4982=CARTESIAN_POINT('',(1.0010000000092,0.,-0.8));
#4983=CARTESIAN_POINT('',(0.5,0.02,-0.8));
#4984=CARTESIAN_POINT('Origin',(0.875500000004598,0.,-0.65));
#4985=CARTESIAN_POINT('Origin',(0.875500000004598,0.2,-1.28369537222284E-15));
#4986=CARTESIAN_POINT('',(1.,0.2,0.149999999999999));
#4987=CARTESIAN_POINT('',(1.,0.2,-0.15));
#4988=CARTESIAN_POINT('',(1.,0.2,-0.500000000000001));
#4989=CARTESIAN_POINT('',(1.0010000000092,0.2,0.149999999999999));
#4990=CARTESIAN_POINT('',(0.75,0.2,0.149999999999999));
#4991=CARTESIAN_POINT('',(1.0010000000092,0.2,-0.15));
#4992=CARTESIAN_POINT('',(1.0010000000092,0.2,1.0010000000092));
#4993=CARTESIAN_POINT('',(1.0010000000092,0.2,-0.15));
#4994=CARTESIAN_POINT('Origin',(0.75,0.,0.149999999999999));
#4995=CARTESIAN_POINT('',(1.,0.02,0.149999999999999));
#4996=CARTESIAN_POINT('',(1.,0.4,0.149999999999999));
#4997=CARTESIAN_POINT('',(0.75,0.02,0.149999999999999));
#4998=CARTESIAN_POINT('',(0.375,0.02,0.149999999999999));
#4999=CARTESIAN_POINT('',(0.75,0.,0.149999999999999));
#5000=CARTESIAN_POINT('',(0.75,0.,0.149999999999999));
#5001=CARTESIAN_POINT('',(1.0010000000092,0.,0.149999999999999));
#5002=CARTESIAN_POINT('',(0.75,0.,0.149999999999999));
#5003=CARTESIAN_POINT('',(1.0010000000092,0.,0.149999999999999));
#5004=CARTESIAN_POINT('Origin',(1.0010000000092,0.,0.149999999999999));
#5005=CARTESIAN_POINT('',(1.0010000000092,0.,-0.15));
#5006=CARTESIAN_POINT('',(1.0010000000092,0.,1.0010000000092));
#5007=CARTESIAN_POINT('',(1.0010000000092,0.,-0.15));
#5008=CARTESIAN_POINT('Origin',(0.75,0.,-0.150000000000002));
#5009=CARTESIAN_POINT('',(0.75,0.02,-0.150000000000002));
#5010=CARTESIAN_POINT('',(0.75,0.02,-0.0750000000000011));
#5011=CARTESIAN_POINT('',(0.75,0.,-0.150000000000002));
#5012=CARTESIAN_POINT('',(0.75,0.,-0.150000000000002));
#5013=CARTESIAN_POINT('',(0.75,0.,-0.150000000000002));
#5014=CARTESIAN_POINT('Origin',(1.0010000000092,0.,-0.15));
#5015=CARTESIAN_POINT('',(1.,0.02,-0.15));
#5016=CARTESIAN_POINT('',(1.,0.4,-0.15));
#5017=CARTESIAN_POINT('',(1.0010000000092,0.,-0.15));
#5018=CARTESIAN_POINT('',(0.500000000000001,0.02,-0.150000000000003));
#5019=CARTESIAN_POINT('Origin',(0.875500000004598,0.,-1.28281910047621E-15));
#5020=CARTESIAN_POINT('Origin',(2.77555756156289E-16,0.02,-2.77555756156289E-16));
#5021=CARTESIAN_POINT('',(-1.,0.02,-1.));
#5022=CARTESIAN_POINT('',(-1.,0.02,-1.));
#5023=CARTESIAN_POINT('',(-1.,0.02,-1.));
#5024=CARTESIAN_POINT('',(1.,0.02,-1.));
#5025=CARTESIAN_POINT('',(1.,0.02,-1.));
#5026=CARTESIAN_POINT('',(1.,0.02,1.));
#5027=CARTESIAN_POINT('',(1.,0.02,1.));
#5028=CARTESIAN_POINT('',(1.,0.02,1.));
#5029=CARTESIAN_POINT('',(1.,0.02,1.));
#5030=CARTESIAN_POINT('',(1.,0.02,1.));
#5031=CARTESIAN_POINT('',(-1.,0.02,1.));
#5032=CARTESIAN_POINT('',(-1.,0.02,1.));
#5033=CARTESIAN_POINT('',(-1.,0.02,-1.));
#5034=CARTESIAN_POINT('',(-1.,0.02,-1.));
#5035=CARTESIAN_POINT('Origin',(1.,0.8,-1.));
#5036=CARTESIAN_POINT('',(1.,0.8,-1.));
#5037=CARTESIAN_POINT('',(1.,0.8,1.));
#5038=CARTESIAN_POINT('Origin',(-1.,0.8,-1.));
#5039=CARTESIAN_POINT('',(-1.,0.8,-1.));
#5040=CARTESIAN_POINT('Origin',(-1.,0.8,1.));
#5041=CARTESIAN_POINT('',(-1.,0.8,1.));
#5042=CARTESIAN_POINT('Origin',(1.,0.8,1.));
#5043=CARTESIAN_POINT('Origin',(3.25260651745651E-16,0.8,-2.92734586571086E-16));
#5044=UNCERTAINTY_MEASURE_WITH_UNIT(LENGTH_MEASURE(0.01),#5048,
'DISTANCE_ACCURACY_VALUE',
'Maximum model space distance between geometric entities at asserted c
onnectivities');
#5045=UNCERTAINTY_MEASURE_WITH_UNIT(LENGTH_MEASURE(1.E-6),#5048,
'DISTANCE_ACCURACY_VALUE',
'Maximum model space distance between geometric entities at asserted c
onnectivities');
#5046=(
GEOMETRIC_REPRESENTATION_CONTEXT(3)
GLOBAL_UNCERTAINTY_ASSIGNED_CONTEXT((#5044))
GLOBAL_UNIT_ASSIGNED_CONTEXT((#5048,#5051,#5049))
REPRESENTATION_CONTEXT('','3D')
);
#5047=(
GEOMETRIC_REPRESENTATION_CONTEXT(3)
GLOBAL_UNCERTAINTY_ASSIGNED_CONTEXT((#5045))
GLOBAL_UNIT_ASSIGNED_CONTEXT((#5048,#5051,#5049))
REPRESENTATION_CONTEXT('','3D')
);
#5048=(
LENGTH_UNIT()
NAMED_UNIT(*)
SI_UNIT(.MILLI.,.METRE.)
);
#5049=(
NAMED_UNIT(*)
SI_UNIT($,.STERADIAN.)
SOLID_ANGLE_UNIT()
);
#5050=DIMENSIONAL_EXPONENTS(0.,0.,0.,0.,0.,0.,0.);
#5051=(
CONVERSION_BASED_UNIT('degree',#5053)
NAMED_UNIT(#5050)
PLANE_ANGLE_UNIT()
);
#5052=(
NAMED_UNIT(*)
PLANE_ANGLE_UNIT()
SI_UNIT($,.RADIAN.)
);
#5053=PLANE_ANGLE_MEASURE_WITH_UNIT(PLANE_ANGLE_MEASURE(0.01745329252),
#5052);
#5054=SHAPE_DEFINITION_REPRESENTATION(#5055,#5056);
#5055=PRODUCT_DEFINITION_SHAPE('',$,#5058);
#5056=SHAPE_REPRESENTATION('',(#2954),#5046);
#5057=PRODUCT_DEFINITION_CONTEXT('part definition',#5062,'design');
#5058=PRODUCT_DEFINITION('TI DRV0006A','TI DRV0006A',#5059,#5057);
#5059=PRODUCT_DEFINITION_FORMATION('',$,#5064);
#5060=PRODUCT_RELATED_PRODUCT_CATEGORY('TI DRV0006A','TI DRV0006A',(#5064));
#5061=APPLICATION_PROTOCOL_DEFINITION('international standard',
'automotive_design',2009,#5062);
#5062=APPLICATION_CONTEXT(
'Core Data for Automotive Mechanical Design Process');
#5063=PRODUCT_CONTEXT('part definition',#5062,'mechanical');
#5064=PRODUCT('TI DRV0006A','TI DRV0006A',$,(#5063));
#5065=PRESENTATION_STYLE_ASSIGNMENT((#5069));
#5066=PRESENTATION_STYLE_ASSIGNMENT((#5070));
#5067=PRESENTATION_STYLE_ASSIGNMENT((#5071));
#5068=PRESENTATION_STYLE_ASSIGNMENT((#5072));
#5069=SURFACE_STYLE_USAGE(.BOTH.,#5073);
#5070=SURFACE_STYLE_USAGE(.BOTH.,#5074);
#5071=SURFACE_STYLE_USAGE(.BOTH.,#5075);
#5072=SURFACE_STYLE_USAGE(.BOTH.,#5076);
#5073=SURFACE_SIDE_STYLE('',(#5077));
#5074=SURFACE_SIDE_STYLE('',(#5078));
#5075=SURFACE_SIDE_STYLE('',(#5079));
#5076=SURFACE_SIDE_STYLE('',(#5080));
#5077=SURFACE_STYLE_FILL_AREA(#5081);
#5078=SURFACE_STYLE_FILL_AREA(#5082);
#5079=SURFACE_STYLE_FILL_AREA(#5083);
#5080=SURFACE_STYLE_FILL_AREA(#5084);
#5081=FILL_AREA_STYLE('',(#5085));
#5082=FILL_AREA_STYLE('',(#5086));
#5083=FILL_AREA_STYLE('',(#5087));
#5084=FILL_AREA_STYLE('',(#5088));
#5085=FILL_AREA_STYLE_COLOUR('',#5089);
#5086=FILL_AREA_STYLE_COLOUR('',#5090);
#5087=FILL_AREA_STYLE_COLOUR('',#5091);
#5088=FILL_AREA_STYLE_COLOUR('',#5092);
#5089=COLOUR_RGB('',0.749019607843137,0.749019607843137,0.749019607843137);
#5090=COLOUR_RGB('',0.411764705882353,0.411764705882353,0.411764705882353);
#5091=COLOUR_RGB('',0.270588235294118,0.270588235294118,0.270588235294118);
#5092=COLOUR_RGB('',0.745098039215686,0.737254901960784,0.729411764705882);
ENDSEC;
END-ISO-10303-21;
